asset,entry_time,exit_time,side,entry_px,exit_px,raw_log_ret,holding_days,funding_cost,fee_cost,net_log_ret
btcusdt,2024-01-09 21:13:00,2024-01-10 21:53:00,1,47697.4,45721.1,-0.04231699094144211,1.0277777777777777,0.0,0.0012000000000000001,-0.04351699094144211
btcusdt,2024-01-26 20:51:00,2024-01-30 16:02:00,1,41853.7,43317.1,0.0343672721978855,3.7993055555555557,0.0,0.0012000000000000001,0.0331672721978855
btcusdt,2024-02-05 11:37:00,2024-02-08 14:17:00,1,43155.0,45121.4,0.044558349405606934,3.111111111111111,0.00024030222222222222,0.0012000000000000001,0.04311804718338471
btcusdt,2024-02-08 14:31:00,2024-02-10 10:51:00,1,44876.5,46902.0,0.044146046032603796,1.8472222222222223,0.00013787050925925928,0.0012000000000000001,0.04280817552334454
btcusdt,2024-02-11 03:20:00,2024-02-13 02:55:00,1,48051.4,49951.9,0.03878927110098828,1.9826388888888888,0.00019826388888888888,0.0012000000000000001,0.03739100721209939
btcusdt,2024-02-13 14:21:00,2024-02-15 03:36:00,1,48890.0,52289.4,0.06722079707434712,1.5520833333333333,0.0001670196875,0.0012000000000000001,0.06585377738684711
btcusdt,2024-02-15 07:57:00,2024-02-17 13:43:00,1,51797.9,51300.0,-0.009658855726383038,2.2402777777777776,0.00026913950462962964,0.0012000000000000001,-0.011127995231012667
btcusdt,2024-02-20 23:08:00,2024-02-23 09:47:00,-1,52388.3,51025.0,0.026367575257104075,2.44375,-0.000340945890625,0.0012000000000000001,0.025508521147729075
btcusdt,2024-02-24 17:14:00,2024-02-27 02:06:00,-1,51327.9,56437.1,-0.09489227967814325,2.3694444444444445,-0.00044577543055555554,0.0012000000000000001,-0.0956465042475877
btcusdt,2024-02-27 02:07:00,2024-02-28 08:47:00,1,56867.1,59010.1,0.03699164917110837,1.2777777777777777,0.0004887691666666666,0.0012000000000000001,0.035302880004441706
btcusdt,2024-02-28 09:01:00,2024-02-28 17:42:00,1,59278.5,60972.9,0.02818282614053418,0.36180555555555555,0.00019370345833333332,0.0012000000000000001,0.026789122682200846
btcusdt,2024-03-04 00:50:00,2024-03-04 21:02:00,1,62945.4,67451.5,0.06914113714963688,0.8416666666666667,0.0005354683333333333,0.0012000000000000001,0.06740566881630354
btcusdt,2024-03-04 21:12:00,2024-03-05 15:26:00,-1,67213.9,67808.7,-0.008810433920623069,0.7597222222222222,-0.0005765076111111111,0.0012000000000000001,-0.009433926309511956
btcusdt,2024-03-05 15:28:00,2024-03-05 21:27:00,-1,67478.4,63837.3,0.0554698876534721,0.24930555555555556,-0.00021975786111111113,0.0012000000000000001,0.05448964551458321
btcusdt,2024-03-05 21:32:00,2024-03-06 16:05:00,-1,63808.4,66666.6,-0.04381923475328354,0.7729166666666667,-0.0005313879375000001,0.0012000000000000001,-0.044487846815783536
btcusdt,2024-03-06 16:20:00,2024-03-08 13:46:00,1,66935.4,67770.8,0.01240344854484702,1.8930555555555555,0.0010505448703703702,0.0012000000000000001,0.01015290367447665
btcusdt,2024-03-10 04:11:00,2024-03-11 12:01:00,1,69504.0,71634.1,0.0301869127040632,1.3263888888888888,0.0008016362847222221,0.0012000000000000001,0.028185276419340977
btcusdt,2024-03-11 12:16:00,2024-03-12 16:24:00,-1,71598.8,70932.6,0.009348183649543021,1.1722222222222223,-0.0006701066944444445,0.0012000000000000001,0.008818290343987466
btcusdt,2024-03-13 07:30:00,2024-03-14 15:28:00,1,73110.1,70958.0,-0.02987837139500643,1.3319444444444444,0.0005571523611111111,0.0012000000000000001,-0.03163552375611754
btcusdt,2024-03-15 04:52:00,2024-03-16 00:05:00,-1,67597.6,69698.8,-0.030610621515421807,0.8006944444444445,-0.0001446014131944445,0.0012000000000000001,-0.03166602010222736
btcusdt,2024-03-19 10:35:00,2024-03-20 05:25:00,-1,63363.4,60938.9,0.039014684829465254,0.7847222222222222,-0.0001334734027777778,0.0012000000000000001,0.03794815823224303
btcusdt,2024-03-20 10:40:00,2024-03-21 08:51:00,-1,63035.0,67518.6,-0.06871298779234795,0.9243055555555556,-0.00013638128472222223,0.0012000000000000001,-0.06977660650762574
btcusdt,2024-03-25 14:05:00,2024-03-26 15:24:00,1,67841.7,69925.1,0.03024761905874229,1.054861111111111,0.0002931406284722222,0.0012000000000000001,0.028754478430270066
btcusdt,2024-03-27 13:11:00,2024-03-28 16:27:00,1,71344.0,70938.3,-0.005702762739950245,1.136111111111111,0.00041502706944444444,0.0012000000000000001,-0.00731778980939469
btcusdt,2024-03-28 16:55:00,2024-04-01 03:01:00,-1,70661.7,70939.8,-0.003927929542532073,3.4208333333333334,-0.00110650275,0.0012000000000000001,-0.004021426792532073
btcusdt,2024-04-01 14:58:00,2024-04-02 15:53:00,-1,68972.7,65122.0,0.057448340378996314,1.0381944444444444,-0.0002280134548611111,0.0012000000000000001,0.05647635383385743
btcusdt,2024-04-02 23:38:00,2024-04-04 18:01:00,-1,65526.9,69244.0,-0.05517575335920929,1.7659722222222223,-0.00021460094444444446,0.0012000000000000001,-0.056161152414764846
btcusdt,2024-04-04 18:04:00,2024-04-06 15:02:00,1,69061.1,68027.8,-0.015075174853440978,1.8736111111111111,0.00018736111111111113,0.0012000000000000001,-0.016462535964552088
btcusdt,2024-04-06 15:19:00,2024-04-08 14:58:00,-1,68155.3,71800.5,-0.052102515073765884,1.9854166666666666,-0.00036524386805555556,0.0012000000000000001,-0.05293727120571033
btcusdt,2024-04-08 15:17:00,2024-04-10 10:17:00,1,71874.5,68740.4,-0.04458445213859917,1.7916666666666667,0.0003837152777777778,0.0012000000000000001,-0.04616816741637695
btcusdt,2024-04-10 13:22:00,2024-04-12 03:46:00,-1,67759.2,70911.7,-0.04547519718148665,1.6,-0.0002238773333333333,0.0012000000000000001,-0.046451319848153316
btcusdt,2024-05-06 11:07:00,2024-05-08 13:26:00,1,64244.0,62021.9,-0.03520078571865621,2.0965277777777778,0.0001821603101851852,0.0012000000000000001,-0.03658294602884139
btcusdt,2024-05-20 16:03:00,2024-05-21 19:45:00,1,67655.1,69428.8,0.02587902721896095,1.1541666666666666,7.24355e-05,0.0012000000000000001,0.02460659171896095
btcusdt,2024-05-26 07:37:00,2024-05-29 02:35:00,1,69376.5,68810.3,-0.008194750418171989,2.790277777777778,0.0002968716041666667,0.0012000000000000001,-0.009691622022338656
btcusdt,2024-06-04 19:39:00,2024-06-07 12:28:00,1,70183.6,71877.1,0.02384305057684227,2.7006944444444443,0.00030492190625,0.0012000000000000001,0.02233812867059227
btcusdt,2024-06-09 16:18:00,2024-06-12 04:03:00,-1,69588.3,67429.0,0.0315212573188832,2.4895833333333335,-0.00024895833333333334,0.0012000000000000001,0.030570215652216536
btcusdt,2024-06-13 11:09:00,2024-06-16 09:26:00,-1,67786.2,66329.3,0.021726904218657108,2.928472222222222,-0.00029284722222222223,0.0012000000000000001,0.02081975144087933
btcusdt,2024-06-26 07:27:00,2024-06-29 11:34:00,-1,61590.0,61107.4,0.007866547925357395,3.171527777777778,-0.0003171527777777778,0.0012000000000000001,0.006983700703135172
btcusdt,2024-07-04 13:55:00,2024-07-05 15:04:00,-1,57421.0,56007.9,0.024917337861843747,1.0479166666666666,-6.162797916666666e-05,0.0012000000000000001,0.023778965841010413
btcusdt,2024-07-06 15:21:00,2024-07-08 13:49:00,-1,57144.0,56832.9,0.005459014459708267,1.9361111111111111,-0.0001500486111111111,0.0012000000000000001,0.004409063070819378
btcusdt,2024-07-08 14:15:00,2024-07-10 12:34:00,1,57040.0,57947.7,0.015788103504672753,1.929861111111111,0.0001639417013888889,0.0012000000000000001,0.014424161803283864
btcusdt,2024-07-14 03:08:00,2024-07-15 23:42:00,-1,59463.5,64760.7,-0.08533625895362948,1.8569444444444445,-7.268080555555557e-05,0.0012000000000000001,-0.08646357814807393
btcusdt,2024-07-16 00:02:00,2024-07-17 12:04:00,1,64733.7,64663.7,-0.0010819383825091625,1.5013888888888889,3.648375e-05,0.0012000000000000001,-0.0023184221325091626
btcusdt,2024-07-19 15:04:00,2024-07-22 01:54:00,1,65688.8,67772.9,0.031233970911374392,2.451388888888889,5.909685763888889e-05,0.0012000000000000001,0.029974874053735504
btcusdt,2024-07-22 02:37:00,2024-07-24 08:48:00,1,68145.0,66312.0,-0.027266911590251172,2.2576388888888888,0.00013102583564814814,0.0012000000000000001,-0.02859793742589932
btcusdt,2024-07-27 14:27:00,2024-07-29 13:04:00,1,68819.7,69886.1,0.015376732795592925,1.9423611111111112,0.0001418765300925926,0.0012000000000000001,0.014034856265500334
btcusdt,2024-07-29 13:07:00,2024-07-31 00:56:00,1,69775.4,66369.4,-0.05004540523029204,1.492361111111111,0.00010703711342592593,0.0012000000000000001,-0.05135244234371796
btcusdt,2024-07-31 02:06:00,2024-08-01 18:01:00,-1,66237.8,63200.0,0.04694699581225679,1.6631944444444444,-0.00011497663194444446,0.0012000000000000001,0.04586197244420123
btcusdt,2024-08-02 13:38:00,2024-08-03 21:49:00,-1,65066.7,60722.4,0.06910023960787856,1.3409722222222222,-9.552415625e-05,0.0012000000000000001,0.06799576376412855
btcusdt,2024-08-04 22:50:00,2024-08-05 08:43:00,-1,58712.3,52422.9,0.11330572615661068,0.41180555555555554,-3.287649652777778e-05,0.0012000000000000001,0.11213860265313845
btcusdt,2024-08-16 12:41:00,2024-08-19 17:53:00,-1,57573.1,58912.7,-0.02300124238134671,3.216666666666667,4.676229166666667e-05,0.0012000000000000001,-0.024248004673013374
btcusdt,2024-09-23 03:22:00,2024-09-25 13:55:00,1,64460.0,63627.5,-0.012999109557699283,2.439583333333333,5.251609722222221e-05,0.0012000000000000001,-0.014251625654921505
btcusdt,2024-09-27 14:37:00,2024-09-30 18:20:00,1,66378.7,63134.8,-0.05010409881731671,3.154861111111111,0.0001651727534722222,0.0012000000000000001,-0.05146927157078893
btcusdt,2024-09-30 22:32:00,2024-10-02 09:56:00,-1,63619.9,61252.5,0.03792164956860239,1.475,-0.00013860575000000002,0.0012000000000000001,0.03686025531860239
btcusdt,2024-10-02 12:08:00,2024-10-04 04:56:00,-1,61068.8,60963.0,0.0017339746936256785,1.7,-7.606933333333333e-05,0.0012000000000000001,0.0006100440269590118
btcusdt,2024-10-12 11:19:00,2024-10-14 22:57:00,1,63170.0,66252.5,0.04764369509279986,2.484722222222222,0.00010310768981481481,0.0012000000000000001,0.046340587402985044
btcusdt,2024-10-15 13:58:00,2024-10-16 16:12:00,1,67674.5,67690.8,0.0002408298150085332,1.0930555555555554,0.00010930555555555555,0.0012000000000000001,-0.0010684757405470225
btcusdt,2024-10-16 16:36:00,2024-10-18 19:48:00,-1,67470.1,68574.6,-0.0162376669986789,2.1333333333333333,-0.00021333333333333333,0.0012000000000000001,-0.017224333665345568
btcusdt,2024-10-19 05:05:00,2024-10-22 09:15:00,1,68350.2,67100.1,-0.018458954991767605,3.173611111111111,0.00031736111111111114,0.0012000000000000001,-0.019976316102878717
btcusdt,2024-10-23 06:53:00,2024-10-25 08:24:00,-1,67012.5,67554.6,-0.008056990639411715,2.0631944444444446,-0.00020631944444444446,0.0012000000000000001,-0.00905067119496727
btcusdt,2024-10-27 12:19:00,2024-10-29 13:35:00,-1,67185.3,71027.1,-0.05560702075717645,2.0527777777777776,-0.00019806568518518516,0.0012000000000000001,-0.05660895507199126
btcusdt,2024-10-29 13:41:00,2024-10-30 21:36:00,1,71363.0,72138.0,0.010801423473999826,1.3298611111111112,0.00013298611111111112,0.0012000000000000001,0.009468437362888715
btcusdt,2024-10-30 22:30:00,2024-11-01 15:03:00,1,72513.5,71157.6,-0.0188756160067719,1.6895833333333334,0.00016895833333333335,0.0012000000000000001,-0.020244574340105233
btcusdt,2024-11-01 23:14:00,2024-11-04 17:36:00,-1,69570.4,67829.5,0.02534198596251661,2.765277777777778,-0.00027652777777777783,0.0012000000000000001,0.024418513740294388
btcusdt,2024-11-05 14:25:00,2024-11-06 05:52:00,1,69292.0,74740.8,0.07569666835643851,0.64375,6.4375e-05,0.0012000000000000001,0.0744322933564385
btcusdt,2024-11-06 06:02:00,2024-11-07 04:44:00,1,74890.4,74678.0,-0.002840174031126789,0.9458333333333333,9.458333333333333e-05,0.0012000000000000001,-0.004134757364460123
btcusdt,2024-11-07 05:22:00,2024-11-08 20:14:00,-1,74867.5,76727.6,-0.02454160271767166,1.6194444444444445,-0.00016194444444444446,0.0012000000000000001,-0.025579658273227217
btcusdt,2024-11-10 04:53:00,2024-11-11 05:53:00,1,79438.1,80631.5,0.01491128999240779,1.0416666666666667,0.00012558854166666667,0.0012000000000000001,0.013585701450741124
btcusdt,2024-11-11 09:47:00,2024-11-11 21:21:00,-1,81610.1,87898.5,-0.07422971087867615,0.48194444444444445,-4.819444444444445e-05,0.0012000000000000001,-0.07538151643423172
btcusdt,2024-11-11 21:25:00,2024-11-12 10:24:00,1,88029.6,87666.0,-0.004138982639002068,0.5409722222222222,0.00013187279861111108,0.0012000000000000001,-0.0054708554376131785
btcusdt,2024-11-12 10:34:00,2024-11-13 00:07:00,-1,87344.8,88116.4,-0.008795163533747033,0.5645833333333333,-0.00017109697916666664,0.0012000000000000001,-0.009824066554580365
btcusdt,2024-11-13 00:29:00,2024-11-13 17:32:00,-1,88267.3,92040.3,-0.04185681401867731,0.7104166666666667,-0.00015526866666666666,0.0012000000000000001,-0.04290154535201064
btcusdt,2024-11-13 17:43:00,2024-11-14 14:51:00,1,92059.1,89396.9,-0.029344756145373317,0.8805555555555555,0.0001402548888888889,0.0012000000000000001,-0.030685011034262206
btcusdt,2024-11-18 20:32:00,2024-11-20 02:05:00,-1,91681.8,91849.0,-0.0018220380040427444,1.23125,-0.00020224102083333333,0.0012000000000000001,-0.0028197969832094113
btcusdt,2024-11-20 16:28:00,2024-11-21 14:42:00,1,93600.6,97024.4,0.03592569954323515,0.9263888888888889,9.26388888888889e-05,0.0012000000000000001,0.03463306065434626
btcusdt,2024-11-21 14:48:00,2024-11-22 15:32:00,1,97528.8,98230.0,0.0071639486850385145,1.0305555555555554,0.00010305555555555555,0.0012000000000000001,0.005860893129482958
btcusdt,2024-11-25 22:38:00,2024-11-26 21:04:00,-1,92918.1,91379.0,0.01670276723459628,0.9347222222222222,-0.0002562634444444444,0.0012000000000000001,0.015759030679040727
btcusdt,2024-12-01 13:22:00,2024-12-03 07:37:00,1,97348.1,95465.7,-0.01952619375299611,1.7604166666666667,0.0002073712152777778,0.0012000000000000001,-0.020933564968273886
btcusdt,2024-12-03 10:59:00,2024-12-04 20:00:00,-1,94743.1,97359.9,-0.027245403471086498,1.3756944444444446,-0.00024202592361111114,0.0012000000000000001,-0.028203377547475386
btcusdt,2024-12-05 02:36:00,2024-12-05 18:57:00,1,100226.9,100395.0,0.0016757895258612382,0.68125,0.00032058943749999996,0.0012000000000000001,0.00015520008836123812
btcusdt,2024-12-08 07:56:00,2024-12-09 20:46:00,-1,99782.4,96666.7,0.03172283592010389,1.5347222222222223,-0.00022019427083333335,0.0012000000000000001,0.030743030190937222
btcusdt,2024-12-11 17:53:00,2024-12-13 12:03:00,1,100256.1,100405.6,0.0014900703787654448,1.7569444444444444,0.00017569444444444444,0.0012000000000000001,0.00011437593432100024
btcusdt,2024-12-15 23:22:00,2024-12-17 03:05:00,1,104365.6,106363.2,0.018959533185767492,1.1548611111111111,0.00011233334027777777,0.0012000000000000001,0.017647199845489715
btcusdt,2024-12-17 15:56:00,2024-12-18 20:18:00,1,106230.3,101293.9,-0.04758318658412634,1.1819444444444445,0.00011819444444444445,0.0012000000000000001,-0.04890138102857078
btcusdt,2024-12-19 17:54:00,2024-12-20 12:09:00,-1,97787.8,92443.8,0.05619893257642228,0.7604166666666666,-7.604166666666667e-05,0.0012000000000000001,0.055074974243088944
btcusdt,2024-12-20 12:15:00,2024-12-21 20:43:00,-1,92501.6,97503.7,-0.052664384335635375,1.3527777777777779,-0.00013527777777777778,0.0012000000000000001,-0.0537291065578576
btcusdt,2025-01-14 13:35:00,2025-01-16 03:10:00,1,96477.8,99750.0,0.03335412570448169,1.5659722222222223,0.00010407451388888889,0.0012000000000000001,0.0320500511905928
btcusdt,2025-01-17 18:54:00,2025-01-19 13:09:00,1,104836.7,105244.4,0.0038813630719998064,1.7604166666666667,0.00013750027777777778,0.0012000000000000001,0.0025438627942220285
btcusdt,2025-01-20 03:00:00,2025-01-20 17:12:00,1,101740.0,104893.1,0.03052119691382552,0.5916666666666667,5.916666666666667e-05,0.0012000000000000001,0.029262030247158854
btcusdt,2025-02-25 14:31:00,2025-02-26 15:37:00,-1,88618.7,88021.3,0.006764065644411262,1.0458333333333334,-5.9534062500000004e-05,0.0012000000000000001,0.005623599706911262
btcusdt,2025-03-02 18:50:00,2025-03-03 18:35:00,1,92900.7,87991.6,-0.05428982539858158,0.9895833333333334,1.1889843749999999e-05,0.0012000000000000001,-0.05550171524233158
btcusdt,2025-03-16 16:08:00,2025-03-18 16:34:00,1,84772.5,81952.5,-0.03383138661998571,2.0180555555555557,3.780490740740741e-05,0.0012000000000000001,-0.035069191527393115
btcusdt,2025-03-20 15:36:00,2025-03-24 00:57:00,1,84800.0,86003.5,0.014092450301941145,3.3895833333333334,6.3005575e-05,0.0012000000000000001,0.012829444726941145
btcusdt,2025-03-24 16:34:00,2025-03-26 19:21:00,1,87815.9,86204.0,-0.01852599733439357,2.115972222222222,-7.250731481481482e-05,0.0012000000000000001,-0.019653490019578754
btcusdt,2025-04-02 20:29:00,2025-04-04 10:06:00,1,85837.5,84330.5,-0.017712371289715326,1.5673611111111112,7.97003125e-05,0.0012000000000000001,-0.018992071602215325
btcusdt,2025-04-06 23:20:00,2025-04-07 14:14:00,-1,77498.3,79529.5,-0.025872021378689426,0.6208333333333333,-1.36428125e-05,0.0012000000000000001,-0.027058378566189426
btcusdt,2025-04-11 11:26:00,2025-04-13 09:16:00,1,82388.9,84509.1,0.025408501768895288,1.9097222222222223,0.00011662037037037038,0.0012000000000000001,0.024091881398524917
btcusdt,2025-04-15 14:19:00,2025-04-17 17:54:00,1,85092.6,85130.0,0.0004394246193138011,2.1493055555555554,5.2199467592592595e-05,0.0012000000000000001,-0.0008127748482787917
btcusdt,2025-04-21 00:26:00,2025-04-22 13:12:00,1,85918.1,89435.0,0.040117587523204636,1.5319444444444446,-4.2067194444444455e-05,0.0012000000000000001,0.03895965471764908
btcusdt,2025-04-22 15:02:00,2025-04-23 19:13:00,1,90966.4,93359.7,0.025969567040373565,1.1743055555555555,-1.443221527777778e-05,0.0012000000000000001,0.02478399925565134
btcusdt,2025-04-27 19:15:00,2025-04-29 22:53:00,1,94249.9,94233.8,-0.00017083705422955375,2.151388888888889,-3.540468981481482e-05,0.0012000000000000001,-0.001335432364414739
btcusdt,2025-04-29 23:12:00,2025-05-01 19:42:00,1,93741.9,96459.6,0.028579006717803206,1.8541666666666667,-6.501944444444445e-05,0.0012000000000000001,0.027444026162247653
btcusdt,2025-05-02 14:15:00,2025-05-05 16:26:00,1,96759.8,94139.8,-0.027450707294560936,3.0909722222222222,-6.70277326388889e-05,0.0012000000000000001,-0.028583679561922048
btcusdt,2025-05-05 17:11:00,2025-05-07 17:59:00,-1,94094.6,96277.4,-0.022932948795358715,2.033333333333333,1.1522222222222213e-06,0.0012000000000000001,-0.024134101017580935
btcusdt,2025-05-07 20:56:00,2025-05-09 00:13:00,-1,96563.7,103037.1,-0.06488622335073051,1.1368055555555556,-4.329713425925926e-05,0.0012000000000000001,-0.06604292621647126
btcusdt,2025-05-09 00:35:00,2025-05-11 07:51:00,1,102632.5,103438.3,0.00782065297038957,2.3027777777777776,0.00014304087962962962,0.0012000000000000001,0.00647761209075994
btcusdt,2025-05-12 14:13:00,2025-05-14 08:58:00,-1,104030.3,103320.4,0.006847363174738106,1.78125,-7.559625e-05,0.0012000000000000001,0.0057229594247381055
btcusdt,2025-05-18 18:03:00,2025-05-19 20:29:00,1,104560.5,105673.7,0.010590193260332304,1.101388888888889,6.668909722222223e-05,0.0012000000000000001,0.009323504163110083
btcusdt,2025-05-19 21:15:00,2025-05-21 07:46:00,-1,105392.8,106495.0,-0.010403713112063584,1.4381944444444446,-4.0724872685185196e-05,0.0012000000000000001,-0.011562988239378399
btcusdt,2025-05-21 15:00:00,2025-05-22 03:48:00,1,108609.0,111422.8,0.025577697420888175,0.5333333333333333,4.0317333333333334e-05,0.0012000000000000001,0.02433738008755484
btcusdt,2025-05-22 03:51:00,2025-05-23 12:13:00,1,111702.9,107969.7,-0.033992035931829784,1.3486111111111112,0.0001255152361111111,0.0012000000000000001,-0.03531755116794089
btcusdt,2025-05-24 14:39:00,2025-05-26 13:25:00,-1,108845.3,109651.1,-0.007375898671257813,1.948611111111111,-0.0001381565277777778,0.0012000000000000001,-0.008437742143480035
btcusdt,2025-05-27 02:49:00,2025-05-28 16:12:00,-1,108330.9,107201.3,0.010482056442058593,1.5576388888888888,-6.109059722222222e-05,0.0012000000000000001,0.009343147039280816
btcusdt,2025-05-29 01:00:00,2025-05-30 11:26:00,-1,108184.3,105704.7,0.023186896864591508,1.4347222222222222,-0.00011313502083333332,0.0012000000000000001,0.02210003188542484
btcusdt,2025-05-30 11:54:00,2025-06-01 23:15:00,-1,105854.3,105731.6,0.001159812764029304,2.472916666666667,-0.0001335045277777778,0.0012000000000000001,9.331729180708185e-05
btcusdt,2025-06-06 06:09:00,2025-06-09 07:47:00,-1,102928.3,105532.6,-0.024987280600138332,3.0680555555555555,2.4897270833333332e-05,0.0012000000000000001,-0.026212177870971666
btcusdt,2025-06-10 13:18:00,2025-06-12 13:46:00,1,109772.0,107011.7,-0.025467313169127908,2.0194444444444444,9.69467962962963e-05,0.0012000000000000001,-0.026764259965424204
btcusdt,2025-06-13 11:53:00,2025-06-16 10:52:00,-1,104869.5,106720.4,-0.01749561025904064,2.957638888888889,-0.00011205014930555554,0.0012000000000000001,-0.018583560109735085
btcusdt,2025-06-17 09:38:00,2025-06-18 19:24:00,1,106200.0,103944.2,-0.021469892116270435,1.4069444444444446,6.263013194444445e-05,0.0012000000000000001,-0.02273252224821488
btcusdt,2025-06-22 05:09:00,2025-06-23 13:42:00,-1,102705.9,101818.4,0.008678729819005854,1.35625,-6.12618125e-05,0.0012000000000000001,0.007539991631505854
btcusdt,2025-06-23 22:25:00,2025-06-25 18:01:00,1,105790.7,107337.1,0.01451173556895498,1.8166666666666667,3.8137888888888884e-05,0.0012000000000000001,0.013273597680066092
btcusdt,2025-06-30 15:45:00,2025-07-02 18:54:00,1,107421.8,109399.0,0.018238608185241045,2.13125,7.219254166666667e-05,0.0012000000000000001,0.01696641564357438
btcusdt,2025-07-03 12:34:00,2025-07-06 20:46:00,1,109241.3,108740.0,-0.004599485219703311,3.341666666666667,9.906370833333334e-05,0.0012000000000000001,-0.005898548928036644
btcusdt,2025-07-17 21:16:00,2025-07-20 14:10:00,1,120430.8,118500.0,-0.016162353538212954,2.7041666666666666,0.0002704166666666667,0.0012000000000000001,-0.01763277020487962
btcusdt,2025-07-22 14:43:00,2025-07-24 12:29:00,-1,118718.1,118533.3,0.0015578414911254382,1.9069444444444446,-0.00019069444444444448,0.0012000000000000001,0.0005485359355698826
btcusdt,2025-07-24 14:23:00,2025-07-25 18:21:00,-1,117860.9,116369.6,0.012733782757072697,1.1652777777777779,-0.00011652777777777779,0.0012000000000000001,0.011650310534850475
btcusdt,2025-07-25 19:08:00,2025-07-29 02:57:00,-1,116556.3,117928.8,-0.011706634447299556,3.3256944444444443,-0.00033256944444444447,0.0012000000000000001,-0.01257406500285511
btcusdt,2025-08-11 01:59:00,2025-08-12 14:10:00,1,120050.1,118928.1,-0.009390046825705886,1.507638888888889,0.00013978073958333334,0.0012000000000000001,-0.010729827565289219
btcusdt,2025-08-13 19:20:00,2025-08-14 18:57:00,-1,122166.6,118167.5,0.03328257749047186,0.9840277777777777,-9.840277777777778e-05,0.0012000000000000001,0.032180980268249636
btcusdt,2025-08-14 19:27:00,2025-08-18 02:50:00,-1,118296.0,115366.6,0.025075073965832657,3.307638888888889,-0.00019781665138888892,0.0012000000000000001,0.024072890617221544
btcusdt,2025-08-19 14:29:00,2025-08-21 21:18:00,-1,114083.3,112255.0,0.0161558142561513,2.2840277777777778,-0.0001181375300925926,0.0012000000000000001,0.015073951786243892
btcusdt,2025-09-07 07:45:00,2025-09-10 04:17:00,1,110835.6,111519.9,0.006155027965170869,2.8555555555555556,0.0002447211111111111,0.0012000000000000001,0.004710306854059758
btcusdt,2025-09-11 03:55:00,2025-09-14 05:35:00,-1,114241.4,115792.8,-0.013488633621929601,3.0694444444444446,-0.0001263767013888889,0.0012000000000000001,-0.014562256920540712
btcusdt,2025-09-14 14:13:00,2025-09-17 10:14:00,1,115550.0,116431.4,0.007598921648581131,2.8340277777777776,0.00017060138715277776,0.0012000000000000001,0.006228320261428354
btcusdt,2025-09-18 04:35:00,2025-09-22 06:04:00,1,117298.8,112439.6,-0.04230833684893333,4.061805555555556,0.00013847507500000002,0.0012000000000000001,-0.043646811923933326
btcusdt,2025-09-22 16:27:00,2025-09-25 08:41:00,-1,112792.9,111830.7,0.008567273299002162,2.676388888888889,-0.0001790637986111111,0.0012000000000000001,0.0075463370976132736
btcusdt,2025-10-01 08:53:00,2025-10-03 05:52:00,1,116018.0,119741.5,0.031589901078719285,1.8743055555555554,0.0001845753634259259,0.0012000000000000001,0.030205325715293357
btcusdt,2025-10-03 15:56:00,2025-10-05 10:21:00,1,122010.1,123039.2,0.008399175593753519,1.7673611111111112,0.00016423497685185185,0.0012000000000000001,0.007034940616901667
btcusdt,2025-10-06 12:10:00,2025-10-07 23:33:00,1,124442.3,121529.3,-0.023686768690144196,1.4743055555555555,8.864262152777777e-05,0.0012000000000000001,-0.024975411311671972
btcusdt,2025-10-09 02:05:00,2025-10-10 16:40:00,-1,122165.4,119107.2,0.025351936321070134,1.6076388888888888,-1.983826388888889e-05,0.0012000000000000001,0.024171774584959022
btcusdt,2025-10-10 21:18:00,2025-10-12 02:14:00,-1,108889.6,110089.8,-0.010961871465911759,1.2055555555555555,3.7914722222222216e-05,0.0012000000000000001,-0.012199786188133981
btcusdt,2025-10-30 23:10:00,2025-11-03 05:24:00,-1,107583.2,107815.5,-0.002156931216964503,3.2597222222222224,-0.0002236691,0.0012000000000000001,-0.0031332621169645036
btcusdt,2025-11-14 14:33:00,2025-11-17 01:04:00,-1,95070.9,95259.9,-0.0019860165787368,2.4381944444444446,-0.00017840878298611113,0.0012000000000000001,-0.003007607795750689
btcusdt,2025-12-03 18:57:00,2025-12-06 02:50:00,1,92467.8,89216.5,-0.0357944757483829,2.328472222222222,9.383743055555558e-06,0.0012000000000000001,-0.03700385949143846
btcusdt,2026-01-08 12:32:00,2026-01-12 09:36:00,1,89872.3,90762.4,0.00985532906381169,3.8777777777777778,0.0001489532,0.0012000000000000001,0.00850637586381169
btcusdt,2026-01-13 21:43:00,2026-01-15 19:11:00,1,94112.1,95809.9,0.01787939499507638,1.8944444444444444,5.713012962962963e-05,0.0012000000000000001,0.01662226486544675
btcusdt,2026-01-31 16:49:00,2026-02-02 05:46:00,-1,80423.8,75343.4,0.06525382228488036,1.5395833333333333,-1.3312263888888887e-05,0.0012000000000000001,0.06406713454876924
btcusdt,2026-02-06 05:51:00,2026-02-07 07:54:00,-1,66494.9,68172.6,-0.0249174716001178,1.0854166666666667,8.892276041666667e-05,0.0012000000000000001,-0.026206394360534464
btcusdt,2026-02-07 08:09:00,2026-02-09 16:47:00,1,67969.7,70278.1,0.033398210598307616,2.359722222222222,-9.482150462962962e-05,0.0012000000000000001,0.03229303210293725
btcusdt,2026-02-16 13:28:00,2026-02-19 15:42:00,1,68568.4,66438.8,-0.03155056403138555,3.0930555555555554,0.0,0.0012000000000000001,-0.03275056403138555
ethusdt,2024-01-10 16:56:00,2024-01-11 14:31:00,1,2413.61,2620.25,0.08214618102542032,0.8993055555555556,0.0,0.0012000000000000001,0.08094618102542031
ethusdt,2024-01-13 08:27:00,2024-01-16 12:36:00,-1,2559.35,2543.33,0.006279073990414325,3.1729166666666666,0.0,0.0012000000000000001,0.005079073990414325
ethusdt,2024-01-23 22:26:00,2024-01-27 09:21:00,-1,2220.11,2261.02,-0.018259294694031532,3.454861111111111,0.0,0.0012000000000000001,-0.019459294694031532
ethusdt,2024-02-03 22:13:00,2024-02-07 20:00:00,-1,2296.27,2420.27,-0.05259303683074264,3.907638888888889,-0.00030311554861111114,0.0012000000000000001,-0.05348992128213152
ethusdt,2024-02-07 20:17:00,2024-02-11 01:03:00,1,2430.5,2504.62,0.030040028919574576,3.198611111111111,0.00024883915000000004,0.0012000000000000001,0.028591189769574577
ethusdt,2024-02-12 15:10:00,2024-02-14 09:12:00,1,2529.4,2719.59,0.07249901318834313,1.7513888888888889,0.00019313149074074075,0.0012000000000000001,0.07110588169760239
ethusdt,2024-02-14 09:21:00,2024-02-16 05:14:00,1,2723.4,2838.25,0.04130656535416812,1.8284722222222223,0.00023461736574074076,0.0012000000000000001,0.03987194798842738
ethusdt,2024-02-21 13:00:00,2024-02-22 20:31:00,-1,2921.23,3034.49,-0.0380386103892807,1.3131944444444446,-0.00013131944444444446,0.0012000000000000001,-0.039107290944836254
ethusdt,2024-02-22 20:57:00,2024-02-25 11:18:00,1,3011.88,3031.48,0.0064864806073184084,2.597916666666667,0.0003319488020833334,0.0012000000000000001,0.004954531805235075
ethusdt,2024-02-25 20:18:00,2024-02-27 03:57:00,1,3120.86,3221.15,0.03162983378810626,1.31875,0.00031187558333333333,0.0012000000000000001,0.03011795820477292
ethusdt,2024-02-28 15:05:00,2024-02-29 07:04:00,1,3341.23,3468.5,0.03738322117390567,0.6659722222222222,0.00039727906944444445,0.0012000000000000001,0.035785942104461226
ethusdt,2024-03-05 21:17:00,2024-03-06 15:01:00,-1,3484.17,3789.74,-0.08406756286908823,0.7388888888888889,-0.00045412111111111113,0.0012000000000000001,-0.08481344175797713
ethusdt,2024-03-13 02:22:00,2024-03-14 14:58:00,-1,4019.56,3892.55,0.03210797404554875,1.525,-0.0006058748749999999,0.0012000000000000001,0.03151384892054875
ethusdt,2024-03-14 16:20:00,2024-03-15 09:13:00,-1,3858.7,3584.53,0.07370297554242441,0.7034722222222223,-0.00024190299305555554,0.0012000000000000001,0.07274487853547996
ethusdt,2024-03-15 11:00:00,2024-03-16 21:42:00,-1,3670.28,3553.73,0.03227019732480825,1.4458333333333333,-0.0004516132708333333,0.0012000000000000001,0.03152181059564158
ethusdt,2024-03-21 03:27:00,2024-03-22 13:31:00,-1,3535.81,3411.42,0.035813783396934265,1.4194444444444445,-0.00024013451388888888,0.0012000000000000001,0.03485391791082315
ethusdt,2024-03-22 15:46:00,2024-03-24 19:17:00,-1,3344.85,3390.16,-0.013455268393318405,2.1465277777777776,-0.00033749856249999996,0.0012000000000000001,-0.014317769830818405
ethusdt,2024-03-24 20:13:00,2024-03-26 14:54:00,-1,3400.0,3599.83,-0.057111190502722065,1.7784722222222222,-0.00039346326620370376,0.0012000000000000001,-0.05791772723651836
ethusdt,2024-03-28 03:56:00,2024-03-30 21:27:00,-1,3496.48,3506.6,-0.0028901589141856346,2.729861111111111,-0.0010865757175925925,0.0012000000000000001,-0.003003583196593042
ethusdt,2024-04-02 02:25:00,2024-04-03 10:31:00,-1,3473.43,3331.02,0.041864014967423806,1.3375,-0.000151418375,0.0012000000000000001,0.0408154333424238
ethusdt,2024-04-05 07:37:00,2024-04-08 07:36:00,-1,3290.25,3465.88,-0.052003018919061055,2.9993055555555554,-0.00046411254166666663,0.0012000000000000001,-0.05273890637739439
ethusdt,2024-04-09 03:45:00,2024-04-10 12:43:00,1,3694.79,3436.69,-0.07241492036377047,1.3736111111111111,0.0001955678819444444,0.0012000000000000001,-0.07381048824571491
ethusdt,2024-04-10 12:52:00,2024-04-12 13:46:00,-1,3446.89,3456.81,-0.002873823262112618,2.0375,-0.00022584329166666666,0.0012000000000000001,-0.003847979970445951
ethusdt,2024-04-13 04:45:00,2024-04-14 03:44:00,-1,3248.41,2961.43,0.09249338607507014,0.9576388888888889,-9.57638888888889e-05,0.0012000000000000001,0.09138914996395903
ethusdt,2024-04-29 02:56:00,2024-04-30 14:23:00,1,3221.23,3002.98,-0.07015814522292055,1.4770833333333333,7.287929166666667e-05,0.0012000000000000001,-0.07143102451458722
ethusdt,2024-04-30 14:43:00,2024-05-01 19:35:00,-1,3011.65,2917.32,0.03182271470929905,1.2027777777777777,-6.756002777777777e-05,0.0012000000000000001,0.030690274737076827
ethusdt,2024-05-06 10:41:00,2024-05-08 15:21:00,1,3152.92,2990.57,-0.0528650028946031,2.1944444444444446,0.00019020712962962967,0.0012000000000000001,-0.05425521002423273
ethusdt,2024-05-08 22:15:00,2024-05-12 07:45:00,-1,2958.6,2905.9,0.017973030482283475,3.3958333333333335,-0.00027114370833333334,0.0012000000000000001,0.01704417419061681
ethusdt,2024-05-17 19:27:00,2024-05-20 19:28:00,1,3082.71,3317.0,0.07325167970837777,3.0006944444444446,0.0001921644722222222,0.0012000000000000001,0.07185951523615554
ethusdt,2024-05-20 19:36:00,2024-05-21 11:15:00,1,3434.39,3741.64,0.08568469177880982,0.6520833333333333,4.7742281250000006e-05,0.0012000000000000001,0.08443694949755981
ethusdt,2024-05-21 11:56:00,2024-05-22 11:41:00,1,3776.0,3728.76,-0.012589509576133705,0.9895833333333334,9.895833333333334e-05,0.0012000000000000001,-0.013888467909467038
ethusdt,2024-05-22 11:52:00,2024-05-23 12:12:00,-1,3720.01,3932.87,-0.05564308280128909,1.0138888888888888,-0.00010138888888888889,0.0012000000000000001,-0.0567416939124002
ethusdt,2024-05-23 12:21:00,2024-05-23 21:18:00,1,3937.5,3792.47,-0.03752848229186197,0.3729166666666667,3.729166666666667e-05,0.0012000000000000001,-0.038765773958528635
ethusdt,2024-05-23 21:23:00,2024-05-25 10:08:00,-1,3792.15,3759.29,0.008703030788464542,1.53125,-0.000153125,0.0012000000000000001,0.007656155788464543
ethusdt,2024-05-25 10:58:00,2024-05-27 14:53:00,-1,3770.44,3949.79,-0.04647070741771671,2.1631944444444446,-0.00021631944444444446,0.0012000000000000001,-0.04745438797327226
ethusdt,2024-05-28 02:18:00,2024-05-29 16:44:00,1,3855.83,3766.3,-0.023493201460406354,1.601388888888889,0.00023932756944444446,0.0012000000000000001,-0.024932529029850797
ethusdt,2024-06-01 09:29:00,2024-06-04 06:09:00,1,3793.93,3758.01,-0.009512859180492413,2.861111111111111,0.0003231052777777778,0.0012000000000000001,-0.01103596445827019
ethusdt,2024-06-07 15:33:00,2024-06-11 02:12:00,-1,3803.36,3614.99,0.05079579721963636,3.44375,-0.0003927872375,0.0012000000000000001,0.04998858445713636
ethusdt,2024-06-12 18:08:00,2024-06-14 17:05:00,-1,3572.63,3387.73,0.05314193866318294,1.95625,-0.00019562500000000003,0.0012000000000000001,0.05213756366318294
ethusdt,2024-06-15 19:16:00,2024-06-18 00:36:00,-1,3553.44,3494.68,0.016674336257331755,2.2222222222222223,-0.00019637777777777778,0.0012000000000000001,0.015670714035109532
ethusdt,2024-06-19 17:34:00,2024-06-21 14:28:00,1,3561.27,3504.91,-0.015952380266372926,1.8708333333333333,0.00012016986111111112,0.0012000000000000001,-0.01727255012748404
ethusdt,2024-07-04 10:14:00,2024-07-05 09:50:00,-1,3145.92,2873.19,0.09068346442389723,0.9833333333333333,-7.337141666666666e-05,0.0012000000000000001,0.08955683584056388
ethusdt,2024-07-21 23:07:00,2024-07-23 15:35:00,1,3541.23,3437.6,-0.029700570944731032,1.6861111111111111,0.00010428035185185186,0.0012000000000000001,-0.031004851296582883
ethusdt,2024-07-23 16:28:00,2024-07-25 04:02:00,-1,3454.46,3159.01,0.08940746240629027,1.4819444444444445,-9.602506018518521e-05,0.0012000000000000001,0.08830348746647546
ethusdt,2024-07-25 05:06:00,2024-07-27 02:31:00,-1,3179.9,3249.57,-0.02167293013915158,1.8923611111111112,-5.993107638888889e-05,0.0012000000000000001,-0.02281299906276269
ethusdt,2024-08-09 13:42:00,2024-08-12 08:14:00,1,2597.59,2584.77,-0.004947562944703841,2.772222222222222,3.902595833333333e-05,0.0012000000000000001,-0.006186588903037174
ethusdt,2024-08-24 21:54:00,2024-08-27 21:46:00,1,2755.51,2530.91,-0.08502362157680733,2.9944444444444445,0.0001267248888888889,0.0012000000000000001,-0.08635034646569623
ethusdt,2024-10-01 18:46:00,2024-10-03 14:43:00,-1,2500.1,2325.36,0.07245586531145493,1.83125,-0.00014050570833333334,0.0012000000000000001,0.07139637101978825
ethusdt,2024-10-08 17:07:00,2024-10-11 08:38:00,-1,2435.2,2405.68,0.012196280809392564,2.6465277777777776,-0.00022729703819444446,0.0012000000000000001,0.011223577847587008
ethusdt,2024-10-14 03:35:00,2024-10-15 15:28:00,1,2491.7,2569.75,0.030843409465316253,1.4951388888888888,0.0001495138888888889,0.0012000000000000001,0.029493895576427363
ethusdt,2024-10-15 15:34:00,2024-10-18 12:28:00,1,2585.0,2618.31,0.012803563518050516,2.870833333333333,0.0002870833333333333,0.0012000000000000001,0.011316480184717183
ethusdt,2024-10-22 09:06:00,2024-10-24 20:28:00,-1,2624.0,2528.85,0.036935217134059777,2.473611111111111,-0.0002473611111111111,0.0012000000000000001,0.035982578245170885
ethusdt,2024-10-28 18:52:00,2024-10-30 14:30:00,-1,2495.63,2710.54,-0.08260667469471798,1.8180555555555555,-0.00018180555555555555,0.0012000000000000001,-0.08362486913916244
ethusdt,2024-10-30 14:54:00,2024-11-01 13:58:00,1,2706.88,2570.03,-0.05187910814276391,1.961111111111111,0.00019611111111111112,0.0012000000000000001,-0.053275219253875024
ethusdt,2024-11-01 14:08:00,2024-11-04 10:50:00,-1,2573.1,2465.79,0.04259915471720871,2.8625,-0.00028625,0.0012000000000000001,0.04168540471720871
ethusdt,2024-11-04 15:03:00,2024-11-06 06:21:00,-1,2447.23,2607.95,-0.06360769941392759,1.6375,-0.00016375,0.0012000000000000001,-0.06464394941392759
ethusdt,2024-11-06 06:26:00,2024-11-07 06:54:00,1,2618.54,2801.49,0.06753450795844212,1.0194444444444444,0.00010194444444444445,0.0012000000000000001,0.06623256351399767
ethusdt,2024-11-07 07:09:00,2024-11-08 16:57:00,1,2811.25,2911.01,0.03487087571181745,1.4083333333333334,0.00014083333333333336,0.0012000000000000001,0.033530042378484115
ethusdt,2024-11-09 18:03:00,2024-11-10 19:43:00,-1,3036.0,3213.23,-0.056735802227543285,1.0694444444444444,-0.0001962858333333333,0.0012000000000000001,-0.057739516394209954
ethusdt,2024-11-10 19:48:00,2024-11-11 16:22:00,-1,3161.99,3281.6,-0.03712953210904438,0.8569444444444444,-0.00018855348611111113,0.0012000000000000001,-0.038140978622933266
ethusdt,2024-11-11 20:33:00,2024-11-12 10:56:00,-1,3342.47,3290.22,0.015755622793266588,0.5993055555555555,-0.00018967721180555556,0.0012000000000000001,0.014745300005072143
ethusdt,2024-11-12 13:54:00,2024-11-13 14:20:00,-1,3240.41,3236.2,0.0013000630246273873,1.0180555555555555,-0.0002997919097222222,0.0012000000000000001,0.00039985493434960945
ethusdt,2024-11-14 23:11:00,2024-11-16 12:40:00,-1,3065.44,3172.71,-0.03439499690357196,1.5618055555555554,-0.00016321388657407408,0.0012000000000000001,-0.035431783016997884
ethusdt,2024-11-18 16:29:00,2024-11-20 05:26:00,-1,3179.2,3116.25,0.019999236959784696,1.5395833333333333,-0.00025010018055555554,0.0012000000000000001,0.019049337140340253
ethusdt,2024-11-20 14:07:00,2024-11-21 13:25:00,-1,3143.33,3344.49,-0.06203146805699336,0.9708333333333333,-0.0001639009375,0.0012000000000000001,-0.06306756711949336
ethusdt,2024-11-21 18:13:00,2024-11-23 00:44:00,1,3346.15,3353.8,0.002283600123718378,1.2715277777777778,0.0003360012152777778,0.0012000000000000001,0.0007475989084406002
ethusdt,2024-11-24 19:58:00,2024-11-25 16:21:00,-1,3330.38,3533.42,-0.05917982885503839,0.8493055555555555,-0.00025080417708333333,0.0012000000000000001,-0.060129024677955056
ethusdt,2024-11-25 16:29:00,2024-11-26 14:40:00,1,3506.39,3343.8,-0.04747913336908363,0.9243055555555556,0.0002310163090277778,0.0012000000000000001,-0.04891014967811141
ethusdt,2024-11-26 14:44:00,2024-11-27 15:51:00,-1,3341.07,3561.76,-0.06396368975391353,1.0465277777777777,-0.00017736552777777777,0.0012000000000000001,-0.06498632422613576
ethusdt,2024-11-28 14:19:00,2024-11-30 05:47:00,-1,3576.44,3676.0,-0.027457312245688273,1.6444444444444444,-0.00017773703703703703,0.0012000000000000001,-0.028479575208651235
ethusdt,2024-12-03 00:07:00,2024-12-04 03:23:00,-1,3642.06,3662.29,-0.005539179181053682,1.136111111111111,-0.0001939284861111111,0.0012000000000000001,-0.006545250694942571
ethusdt,2024-12-04 14:57:00,2024-12-05 03:56:00,-1,3794.12,3833.97,-0.010448319966347543,0.5409722222222222,-0.00013799930902777776,0.0012000000000000001,-0.011510320657319766
ethusdt,2024-12-06 08:51:00,2024-12-07 08:04:00,-1,3894.23,3991.41,-0.02464858150090776,0.9673611111111111,-0.00023917519791666667,0.0012000000000000001,-0.025609406302991092
ethusdt,2024-12-09 22:14:00,2024-12-10 15:42:00,-1,3659.94,3571.63,0.02442467961381075,0.7277777777777777,-8.522641666666666e-05,0.0012000000000000001,0.023309906030477417
ethusdt,2024-12-12 11:22:00,2024-12-13 15:50:00,1,3914.01,3904.51,-0.002430128636930495,1.1861111111111111,0.00011861111111111112,0.0012000000000000001,-0.003748739748041606
ethusdt,2024-12-15 01:54:00,2024-12-16 15:55:00,-1,3892.22,3942.79,-0.012908905603470985,1.5840277777777778,-0.00015368237499999998,0.0012000000000000001,-0.013955223228470984
ethusdt,2024-12-16 16:07:00,2024-12-17 15:51:00,1,3959.39,3935.02,-0.006174008548334943,0.9888888888888889,9.888888888888889e-05,0.0012000000000000001,-0.007472897437223833
ethusdt,2024-12-17 18:49:00,2024-12-18 20:35:00,-1,3941.69,3702.25,0.0626688224186238,1.073611111111111,-0.0001073611111111111,0.0012000000000000001,0.06157618352973491
ethusdt,2024-12-18 20:40:00,2024-12-19 17:42:00,-1,3694.17,3514.71,0.04979888298920283,0.8763888888888889,-7.612752083333334e-05,0.0012000000000000001,0.048675010510036164
ethusdt,2024-12-19 19:37:00,2024-12-20 10:19:00,-1,3455.92,3216.72,0.07172649566952478,0.6125,-5.320481250000001e-05,0.0012000000000000001,0.07057970048202478
ethusdt,2025-01-04 14:43:00,2025-01-06 18:20:00,1,3635.0,3681.62,0.012743761719412747,2.1506944444444445,0.00021506944444444446,0.0012000000000000001,0.011328692274968303
ethusdt,2025-01-13 17:00:00,2025-01-15 13:32:00,-1,3010.49,3277.45,-0.08496282479973048,1.8555555555555556,-0.00010197514814814815,0.0012000000000000001,-0.08606084965158234
ethusdt,2025-01-18 14:38:00,2025-01-19 14:46:00,-1,3295.92,3357.64,-0.018553006329666877,1.0055555555555555,-0.00010055555555555555,0.0012000000000000001,-0.019652450774111322
ethusdt,2025-01-19 15:03:00,2025-01-20 06:57:00,-1,3401.3,3413.5,-0.003580446391164378,0.6625,-6.625e-05,0.0012000000000000001,-0.004714196391164378
ethusdt,2025-02-03 00:34:00,2025-02-03 09:08:00,-1,2834.64,2610.74,0.082281238936338,0.35694444444444445,8.96680138888889e-05,0.0012000000000000001,0.0809915709224491
ethusdt,2025-03-25 03:21:00,2025-03-27 13:17:00,1,2049.24,2015.1,-0.016800170746219343,2.4138888888888888,3.3553055555555518e-06,0.0012000000000000001,-0.0180035260517749
ethusdt,2025-03-28 16:14:00,2025-03-30 22:57:00,-1,1867.48,1803.69,0.034755361943383405,2.279861111111111,-2.698595601851852e-05,0.0012000000000000001,0.033582347899401926
ethusdt,2025-04-03 00:02:00,2025-04-04 14:10:00,1,1793.57,1788.49,-0.0028363586348003943,1.5888888888888888,2.5144166666666662e-05,0.0012000000000000001,-0.004061502801467061
ethusdt,2025-04-21 10:12:00,2025-04-22 14:56:00,1,1637.16,1667.21,0.018188537258890462,1.1972222222222222,9.650808333333334e-05,0.0012000000000000001,0.01689202917555713
ethusdt,2025-04-22 14:59:00,2025-04-23 12:49:00,-1,1674.63,1809.59,-0.07750805492770536,0.9097222222222222,-8.235260416666666e-05,0.0012000000000000001,-0.0786257023235387
ethusdt,2025-04-27 02:13:00,2025-04-29 01:08:00,-1,1813.53,1802.07,0.0063392180425400155,1.9548611111111112,9.07642013888889e-05,0.0012000000000000001,0.005048453841151126
ethusdt,2025-04-29 10:02:00,2025-05-01 00:59:00,1,1833.6,1796.88,-0.020229419929880886,1.6229166666666666,-3.647234722222222e-05,0.0012000000000000001,-0.021392947582658663
ethusdt,2025-05-02 12:33:00,2025-05-05 02:27:00,1,1831.09,1795.63,-0.01955548265912058,2.5791666666666666,1.8054166666666494e-07,0.0012000000000000001,-0.020755663200787245
ethusdt,2025-05-05 02:52:00,2025-05-06 23:23:00,-1,1800.72,1812.19,-0.006349473712423148,1.854861111111111,2.221196180555556e-05,0.0012000000000000001,-0.007571685674228704
ethusdt,2025-05-06 23:39:00,2025-05-08 16:06:00,-1,1812.24,2050.69,-0.12361267270288082,1.6854166666666666,-2.516888888888889e-05,0.0012000000000000001,-0.12478750381399194
ethusdt,2025-05-08 16:13:00,2025-05-09 06:31:00,1,2054.64,2254.2,0.09269449270563823,0.5958333333333333,5.5761062500000005e-05,0.0012000000000000001,0.09143873164313822
ethusdt,2025-05-09 06:34:00,2025-05-09 13:39:00,1,2250.84,2357.29,0.04620917426722073,0.2951388888888889,2.951388888888889e-05,0.0012000000000000001,0.04497966037833184
ethusdt,2025-05-09 13:45:00,2025-05-10 10:53:00,-1,2372.08,2412.67,-0.01696681069005384,0.8805555555555555,-8.372322222222222e-05,0.0012000000000000001,-0.01808308746783162
ethusdt,2025-05-10 13:47:00,2025-05-11 02:47:00,1,2427.61,2545.0,0.047223415736630484,0.5416666666666666,3.102125e-05,0.0012000000000000001,0.045992394486630485
ethusdt,2025-05-11 03:52:00,2025-05-12 03:26:00,1,2539.03,2525.92,-0.005176765526920025,0.9819444444444444,4.003878472222222e-05,0.0012000000000000001,-0.006416804311642247
ethusdt,2025-05-12 23:21:00,2025-05-13 18:56:00,-1,2496.52,2654.66,-0.06141882408769366,0.8159722222222222,-6.412317708333333e-05,0.0012000000000000001,-0.06255470091061033
ethusdt,2025-05-13 19:51:00,2025-05-14 14:03:00,1,2698.0,2597.28,-0.038046014205166324,0.7583333333333333,5.587779166666667e-05,0.0012000000000000001,-0.03930189199683299
ethusdt,2025-05-14 14:12:00,2025-05-15 13:47:00,-1,2590.91,2529.31,0.02406262708351,0.9826388888888888,-5.126918402777778e-05,0.0012000000000000001,0.02291389626753778
ethusdt,2025-05-15 16:45:00,2025-05-16 15:58:00,-1,2571.65,2592.55,-0.008094231094037351,0.9673611111111111,-6.239479166666667e-05,0.0012000000000000001,-0.009231836302370684
ethusdt,2025-05-16 16:14:00,2025-05-18 00:34:00,-1,2587.0,2473.13,0.04501434831474742,1.3472222222222223,-4.342995370370371e-05,0.0012000000000000001,0.04385777826845112
ethusdt,2025-05-18 01:25:00,2025-05-18 21:59:00,-1,2480.92,2406.01,0.030659685307479347,0.8569444444444444,-1.1140277777777775e-06,0.0012000000000000001,0.029460799335257123
ethusdt,2025-05-19 03:05:00,2025-05-19 20:21:00,-1,2394.09,2516.76,-0.04996915958375919,0.7194444444444444,-6.605219444444444e-05,0.0012000000000000001,-0.05110310738931475
ethusdt,2025-05-19 20:34:00,2025-05-20 19:22:00,1,2519.1,2471.39,-0.01912094948527591,0.95,4.918625e-05,0.0012000000000000001,-0.02037013573527591
ethusdt,2025-05-20 19:30:00,2025-05-21 16:11:00,-1,2483.56,2562.08,-0.031126413866210467,0.8618055555555556,-7.846739583333334e-06,0.0012000000000000001,-0.03231856712662713
ethusdt,2025-05-21 16:18:00,2025-05-22 03:50:00,-1,2580.25,2640.31,-0.023010041043056782,0.48055555555555557,-2.5582375000000003e-05,0.0012000000000000001,-0.024184458668056782
ethusdt,2025-05-22 06:12:00,2025-05-23 03:12:00,1,2611.31,2705.32,0.035368193621232176,0.875,4.0573750000000004e-05,0.0012000000000000001,0.034127619871232175
ethusdt,2025-05-23 13:18:00,2025-05-25 01:38:00,-1,2554.65,2498.1,0.02238478504307141,1.5138888888888888,-4.983217592592592e-05,0.0012000000000000001,0.021234617218997335
ethusdt,2025-05-27 08:07:00,2025-05-28 10:01:00,1,2622.21,2623.24,0.0003927213158976038,1.0791666666666666,0.00010791666666666667,0.0012000000000000001,-0.0009151953507690629
ethusdt,2025-05-29 02:26:00,2025-05-29 21:46:00,1,2735.93,2651.39,-0.03138738385455244,0.8055555555555556,6.703027777777778e-05,0.0012000000000000001,-0.032654414132330216
ethusdt,2025-05-29 22:03:00,2025-05-30 19:55:00,-1,2661.05,2578.04,0.03169136144719534,0.9111111111111111,-6.386888888888888e-05,0.0012000000000000001,0.030555230336084226
ethusdt,2025-05-30 20:19:00,2025-06-01 15:19:00,-1,2571.54,2510.99,0.023827843544905938,1.7916666666666667,-7.052000000000001e-05,0.0012000000000000001,0.02269836354490594
ethusdt,2025-06-02 21:46:00,2025-06-04 01:34:00,1,2550.73,2610.52,0.02316984249526597,1.1583333333333334,8.448883333333335e-05,0.0012000000000000001,0.021885353661932637
ethusdt,2025-06-05 17:14:00,2025-06-06 12:15:00,-1,2569.99,2475.71,0.03737478428040652,0.7923611111111111,-3.597319444444445e-05,0.0012000000000000001,0.03621075747485096
ethusdt,2025-06-06 12:29:00,2025-06-08 13:18:00,-1,2477.4,2506.8,-0.011797416230420969,2.0340277777777778,-9.581626851851852e-05,0.0012000000000000001,-0.01290159996190245
ethusdt,2025-06-09 16:29:00,2025-06-10 11:49:00,1,2566.34,2767.86,0.07559369907723416,0.8055555555555556,7.508986111111113e-05,0.0012000000000000001,0.07431860921612304
ethusdt,2025-06-10 11:54:00,2025-06-11 04:24:00,1,2769.11,2792.67,0.008472158525842701,0.6875,6.875e-05,0.0012000000000000001,0.007203408525842702
ethusdt,2025-06-11 04:47:00,2025-06-11 20:06:00,-1,2796.94,2795.61,0.00047563277040823805,0.6381944444444444,-6.381944444444444e-05,0.0012000000000000001,-0.0006605477851473176
ethusdt,2025-06-12 04:37:00,2025-06-12 22:00:00,-1,2749.39,2637.75,0.0414527878513057,0.7243055555555555,-3.8627215277777776e-05,0.0012000000000000001,0.04029141506658348
ethusdt,2025-06-13 02:24:00,2025-06-13 17:45:00,-1,2469.22,2529.23,-0.024012597295937032,0.6395833333333333,-1.3322520833333334e-05,0.0012000000000000001,-0.025199274775103697
ethusdt,2025-06-13 17:54:00,2025-06-15 13:50:00,1,2535.79,2540.29,0.0017730221662592995,1.8305555555555555,5.890727777777777e-05,0.0012000000000000001,0.0005141148884815216
ethusdt,2025-06-15 22:05:00,2025-06-16 22:44:00,1,2525.92,2553.52,0.010867446660528687,1.0270833333333333,5.6956906250000006e-05,0.0012000000000000001,0.009610489754278686
ethusdt,2025-06-16 22:45:00,2025-06-17 16:29:00,1,2568.54,2485.31,-0.032940243836635776,0.7388888888888889,3.516372222222222e-05,0.0012000000000000001,-0.034175407558858
ethusdt,2025-06-17 16:50:00,2025-06-18 15:15:00,-1,2470.08,2496.31,-0.01056310273375575,0.9340277777777778,-3.687541666666666e-05,0.0012000000000000001,-0.011726227317089083
ethusdt,2025-06-23 19:55:00,2025-06-24 14:20:00,1,2314.14,2437.15,0.051791195598469716,0.7673611111111112,2.2099999999999996e-06,0.0012000000000000001,0.050588985598469714
ethusdt,2025-06-30 18:09:00,2025-07-02 06:23:00,1,2486.07,2442.12,-0.01783663584480393,1.5097222222222222,2.1141143518518518e-05,0.0012000000000000001,-0.01905777698832245
ethusdt,2025-07-02 19:54:00,2025-07-03 23:49:00,1,2585.37,2588.96,0.0013876194893026538,1.1631944444444444,5.6031076388888886e-05,0.0012000000000000001,0.00013158841291376479
ethusdt,2025-07-06 04:52:00,2025-07-07 16:01:00,-1,2511.03,2534.0,-0.009106054363567005,1.4645833333333333,-3.762514583333333e-05,0.0012000000000000001,-0.010268429217733672
ethusdt,2025-07-07 23:59:00,2025-07-09 10:37:00,-1,2541.37,2614.78,-0.028476658257209523,1.4430555555555555,-4.6769430555555556e-05,0.0012000000000000001,-0.029629888826653968
ethusdt,2025-07-09 11:39:00,2025-07-10 06:05:00,1,2619.19,2780.57,0.05979083298900426,0.7680555555555556,3.630982638888889e-05,0.0012000000000000001,0.05855452316261538
ethusdt,2025-07-10 07:18:00,2025-07-10 21:56:00,1,2818.52,2994.65,0.060615438815505324,0.6097222222222223,1.9431847222222225e-05,0.0012000000000000001,0.0593960069682831
ethusdt,2025-07-10 21:58:00,2025-07-11 12:01:00,1,2978.01,2984.89,0.002307603029739644,0.5854166666666667,3.8599447916666676e-05,0.0012000000000000001,0.0010690035818229772
ethusdt,2025-07-11 13:23:00,2025-07-12 14:54:00,-1,2990.25,2924.42,0.02226082552408773,1.0631944444444446,-8.568815625000002e-05,0.0012000000000000001,0.02114651368033773
ethusdt,2025-07-15 23:00:00,2025-07-16 15:28:00,1,3119.87,3249.46,0.040697494403768214,0.6861111111111111,6.861111111111111e-05,0.0012000000000000001,0.039428883292657105
ethusdt,2025-07-16 16:34:00,2025-07-17 03:31:00,1,3258.01,3323.9,0.020022212761948387,0.45625,4.5625e-05,0.0012000000000000001,0.018776587761948387
ethusdt,2025-07-17 06:21:00,2025-07-17 17:46:00,1,3393.13,3408.25,0.004446163839732875,0.4756944444444444,4.756944444444444e-05,0.0012000000000000001,0.00319859439528843
ethusdt,2025-07-17 17:51:00,2025-07-18 05:00:00,-1,3419.64,3618.3,-0.056469019899105966,0.46458333333333335,-4.6458333333333335e-05,0.0012000000000000001,-0.05762256156577263
ethusdt,2025-07-18 05:31:00,2025-07-18 15:49:00,1,3643.79,3556.68,-0.024196823290938176,0.42916666666666664,4.291666666666667e-05,0.0012000000000000001,-0.025439739957604842
ethusdt,2025-07-19 08:10:00,2025-07-20 09:06:00,-1,3567.6,3707.22,-0.03838916877871455,1.038888888888889,-0.0001038888888888889,0.0012000000000000001,-0.03948527988982566
ethusdt,2025-07-20 11:47:00,2025-07-21 00:25:00,1,3742.48,3724.71,-0.004759496824112855,0.5263888888888889,5.263888888888889e-05,0.0012000000000000001,-0.0060121357130017445
ethusdt,2025-07-21 00:34:00,2025-07-21 16:04:00,-1,3719.76,3812.82,-0.02470992276269475,0.6458333333333334,-6.458333333333334e-05,0.0012000000000000001,-0.025845339429361416
ethusdt,2025-07-21 19:02:00,2025-07-22 09:18:00,-1,3742.72,3625.38,0.03185350942024024,0.5944444444444444,-5.9444444444444445e-05,0.0012000000000000001,0.030712953864684686
ethusdt,2025-07-22 14:13:00,2025-07-23 08:45:00,-1,3660.97,3674.84,-0.0037814546799110273,0.7722222222222223,-7.722222222222223e-05,0.0012000000000000001,-0.004904232457688805
ethusdt,2025-07-23 08:59:00,2025-07-23 21:17:00,-1,3691.07,3566.12,0.03443821889364019,0.5125,-5.125e-05,0.0012000000000000001,0.03328946889364019
ethusdt,2025-07-24 01:20:00,2025-07-24 14:40:00,-1,3644.0,3689.72,-0.012468595016825814,0.5555555555555556,-5.555555555555556e-05,0.0012000000000000001,-0.013613039461270258
ethusdt,2025-07-24 14:49:00,2025-07-25 03:33:00,1,3711.42,3578.74,-0.03640376956111039,0.5305555555555556,5.305555555555556e-05,0.0012000000000000001,-0.037656825116665946
ethusdt,2025-07-25 03:35:00,2025-07-25 15:15:00,-1,3582.27,3636.0,-0.014887498632984773,0.4861111111111111,-4.8611111111111115e-05,0.0012000000000000001,-0.016038887521873664
ethusdt,2025-07-25 15:23:00,2025-07-26 21:42:00,-1,3643.37,3747.67,-0.028225236027825777,1.2631944444444445,-0.00012631944444444444,0.0012000000000000001,-0.029298916583381334
ethusdt,2025-07-26 22:01:00,2025-07-27 22:48:00,1,3757.07,3874.7,0.030828842148034084,1.0326388888888889,0.00010326388888888889,0.0012000000000000001,0.029525578259145195
ethusdt,2025-07-28 02:25:00,2025-07-28 15:50:00,1,3866.72,3793.73,-0.019056898469423867,0.5590277777777778,5.590277777777778e-05,0.0012000000000000001,-0.020312801247201643
ethusdt,2025-07-28 17:06:00,2025-07-29 11:57:00,-1,3803.88,3822.3,-0.004830737229066238,0.7854166666666667,-7.854166666666667e-05,0.0012000000000000001,-0.005952195562399572
ethusdt,2025-07-30 01:52:00,2025-07-30 19:17:00,-1,3794.47,3715.23,0.02110415622634527,0.7256944444444444,-1.1175694444444443e-05,0.0012000000000000001,0.019915331920789717
ethusdt,2025-08-01 08:21:00,2025-08-01 19:52:00,-1,3619.05,3521.71,0.02726489335328765,0.4798611111111111,-2.3316451388888888e-05,0.0012000000000000001,0.026088209804676542
ethusdt,2025-08-08 14:45:00,2025-08-09 06:04:00,1,3972.85,4161.25,0.046331788632573104,0.6381944444444444,6.381944444444444e-05,0.0012000000000000001,0.04506796918812866
ethusdt,2025-08-09 15:05:00,2025-08-10 05:43:00,1,4207.77,4232.59,0.005881282680488832,0.6097222222222223,6.097222222222223e-05,0.0012000000000000001,0.004620310458266609
ethusdt,2025-08-10 06:26:00,2025-08-11 02:24:00,-1,4209.8,4311.5,-0.02387073078263714,0.8319444444444445,-8.319444444444445e-05,0.0012000000000000001,-0.024987536338192694
ethusdt,2025-08-11 02:30:00,2025-08-11 15:07:00,-1,4300.04,4263.4,0.008557360964874756,0.5256944444444445,-5.256944444444445e-05,0.0012000000000000001,0.0074099304093192
ethusdt,2025-08-11 19:23:00,2025-08-12 12:45:00,-1,4303.65,4396.52,-0.021349819049444475,0.7236111111111111,-7.236111111111111e-05,0.0012000000000000001,-0.022477457938333365
ethusdt,2025-08-12 14:54:00,2025-08-12 23:45:00,-1,4415.0,4604.0,-0.04191765680371278,0.36875,-3.6875e-05,0.0012000000000000001,-0.04308078180371278
ethusdt,2025-08-13 01:17:00,2025-08-13 13:38:00,-1,4578.9,4720.01,-0.030352123632238565,0.5145833333333333,-5.145833333333333e-05,0.0012000000000000001,-0.03150066529890523
ethusdt,2025-08-13 14:13:00,2025-08-13 23:45:00,1,4661.71,4762.35,0.021358910277270757,0.3972222222222222,3.972222222222222e-05,0.0012000000000000001,0.020119188055048535
ethusdt,2025-08-14 18:38:00,2025-08-15 12:38:00,-1,4542.73,4617.08,-0.016234317725746905,0.75,-6.17775e-05,0.0012000000000000001,-0.017372540225746906
ethusdt,2025-08-15 20:09:00,2025-08-16 20:14:00,-1,4399.81,4418.74,-0.004293229403061693,1.0034722222222223,-4.23565625e-05,0.0012000000000000001,-0.005450872840561694
ethusdt,2025-08-18 04:21:00,2025-08-18 14:14:00,-1,4312.5,4312.08,9.739604718885172e-05,0.41180555555555554,-3.689365972222222e-05,0.0012000000000000001,-0.001065710293088926
ethusdt,2025-08-18 14:26:00,2025-08-19 05:25:00,-1,4314.64,4240.6,0.017309122492898114,0.6243055555555556,-5.918104513888889e-05,0.0012000000000000001,0.016168303538037002
ethusdt,2025-08-20 07:55:00,2025-08-20 16:21:00,-1,4187.61,4322.3,-0.03165750252200144,0.35138888888888886,-3.187097222222222e-05,0.0012000000000000001,-0.032825631549779216
ethusdt,2025-08-20 18:39:00,2025-08-21 14:13:00,1,4288.9,4296.71,0.0018193237648155345,0.8152777777777778,4.793425694444444e-05,0.0012000000000000001,0.0005713895078710901
ethusdt,2025-08-23 04:23:00,2025-08-24 07:19:00,-1,4700.54,4757.4,-0.012023904791003048,1.1222222222222222,-0.00011222222222222223,0.0012000000000000001,-0.013111682568780826
ethusdt,2025-08-24 20:22:00,2025-08-25 08:06:00,1,4794.49,4557.9,-0.05060535075050582,0.4888888888888889,2.8678222222222224e-05,0.0012000000000000001,-0.05183402897272804
ethusdt,2025-08-25 10:44:00,2025-08-25 19:55:00,-1,4541.65,4446.22,0.02123608515085489,0.38263888888888886,-6.627305555555555e-06,0.0012000000000000001,0.020042712456410445
ethusdt,2025-08-25 21:17:00,2025-08-26 12:37:00,-1,4363.27,4498.66,-0.030557798402401404,0.6388888888888888,-8.81986111111111e-06,0.0012000000000000001,-0.031748978541290294
ethusdt,2025-08-26 15:25:00,2025-08-27 08:27:00,1,4543.63,4562.88,0.0042277510643863505,0.7097222222222223,1.8385354166666668e-05,0.0012000000000000001,0.003009365710219684
ethusdt,2025-09-05 11:12:00,2025-09-05 20:39:00,-1,4405.29,4338.18,0.015351186180616535,0.39375,-1.1284875e-05,0.0012000000000000001,0.014162471055616535
ethusdt,2025-09-11 04:20:00,2025-09-12 00:43:00,-1,4407.84,4474.84,-0.015085823346493558,0.8493055555555555,-7.856501041666667e-05,0.0012000000000000001,-0.01620725833607689
ethusdt,2025-09-13 05:18:00,2025-09-14 13:21:00,1,4724.5,4616.56,-0.02311189623536399,1.3354166666666667,0.00010384867708333333,0.0012000000000000001,-0.024415744912447322
ethusdt,2025-11-04 15:00:00,2025-11-04 21:33:00,1,3558.33,3124.42,-0.13004266771543652,0.27291666666666664,1.3304687499999999e-05,0.0012000000000000001,-0.13125597240293652
ethusdt,2025-11-04 21:56:00,2025-11-05 15:48:00,-1,3205.99,3388.27,-0.055298531617819516,0.7444444444444445,-3.428911111111111e-05,0.0012000000000000001,-0.0564642425067084
ethusdt,2025-11-17 05:01:00,2025-11-17 20:53:00,-1,3185.78,3004.0,0.058752423098811964,0.6611111111111111,-3.961377777777778e-05,0.0012000000000000001,0.057592036876589744
ethusdt,2025-12-04 01:18:00,2025-12-05 04:34:00,1,3205.9,3161.62,-0.013908307722653845,1.136111111111111,8.243622222222221e-05,0.0012000000000000001,-0.015190743944876066
ethusdt,2025-12-16 17:54:00,2025-12-17 18:44:00,-1,2924.17,2824.43,0.03470410540376588,1.0347222222222223,9.229722222222224e-06,0.0012000000000000001,0.03349487568154366
ethusdt,2025-12-24 14:41:00,2025-12-26 15:24:00,1,2910.25,2915.15,0.0016822883083125754,2.029861111111111,9.506516203703703e-05,0.0012000000000000001,0.00038722314627553825
ethusdt,2026-01-02 17:14:00,2026-01-05 04:29:00,1,3137.01,3164.06,0.008585896100687409,2.46875,0.000157672890625,0.0012000000000000001,0.007228223210062409
ethusdt,2026-01-07 15:01:00,2026-01-08 16:01:00,-1,3176.5,3107.0,0.022122331313540584,1.0416666666666667,-2.0578125e-05,0.0012000000000000001,0.020942909438540585
ethusdt,2026-01-09 02:05:00,2026-01-11 22:02:00,1,3112.38,3115.12,0.0008799679411668535,2.83125,0.0001577478125,0.0012000000000000001,-0.0004777798713331466
ethusdt,2026-01-13 22:09:00,2026-01-14 19:08:00,1,3293.82,3341.77,0.014452621286069986,0.8743055555555556,4.809992013888889e-05,0.0012000000000000001,0.013204521365931098
ethusdt,2026-01-14 22:32:00,2026-01-16 06:40:00,-1,3357.65,3312.01,0.013686068673469191,1.3388888888888888,-9.291888888888887e-05,0.0012000000000000001,0.01257898756235808
ethusdt,2026-01-18 23:22:00,2026-01-20 07:28:00,1,3313.25,3122.95,-0.0591515128524328,1.3375,2.2902458333333335e-05,0.0012000000000000001,-0.060374415310766136
ethusdt,2026-01-20 07:55:00,2026-01-21 08:55:00,-1,3128.17,2960.16,0.05520484810320674,1.0416666666666667,-1.2213541666666668e-05,0.0012000000000000001,0.05401706164487341
ethusdt,2026-01-21 09:41:00,2026-01-22 01:53:00,-1,2969.77,3027.68,-0.019312140935151108,0.675,6.1425e-06,0.0012000000000000001,-0.020518283435151108
ethusdt,2026-01-22 02:52:00,2026-01-23 16:47:00,-1,3018.33,2968.0,0.01681537299929239,1.5798611111111112,-1.6683333333333333e-05,0.0012000000000000001,0.015632056332625724
ethusdt,2026-01-26 09:01:00,2026-01-27 17:24:00,1,2907.58,2937.86,0.010360305073295951,1.3493055555555555,7.295695138888889e-05,0.0012000000000000001,0.009087348121907063
ethusdt,2026-01-31 16:46:00,2026-02-01 11:00:00,-1,2512.61,2383.28,0.05284436335631108,0.7597222222222222,6.159827777777778e-05,0.0012000000000000001,0.05158276507853331
ethusdt,2026-02-03 23:51:00,2026-02-04 17:59:00,-1,2228.56,2125.26,0.04746148914885445,0.7555555555555555,3.785333333333333e-05,0.0012000000000000001,0.04622363581552112
suiusdt,2024-01-12 13:32:00,2024-01-13 04:50:00,1,1.1544,1.2199,0.05518815969503068,0.6375,0.0,0.0012000000000000001,0.05398815969503068
suiusdt,2024-01-13 05:01:00,2024-01-13 16:48:00,-1,1.2309,1.2838,-0.04207882076142769,0.4909722222222222,0.0,0.0012000000000000001,-0.04327882076142769
suiusdt,2024-01-13 17:00:00,2024-01-15 00:23:00,1,1.2892,1.2681,-0.016502153700428762,1.3076388888888888,0.0,0.0012000000000000001,-0.017702153700428762
suiusdt,2024-01-17 19:36:00,2024-01-19 14:31:00,-1,1.3104,1.1461,0.13396755959615161,1.7881944444444444,0.0,0.0012000000000000001,0.1327675595961516
suiusdt,2024-01-20 02:50:00,2024-01-22 20:35:00,-1,1.1337,1.1188,0.013229937695748255,2.7395833333333335,0.0,0.0012000000000000001,0.012029937695748255
suiusdt,2024-01-24 07:32:00,2024-01-25 15:59:00,-1,1.2087,1.1908,0.014920051723789985,1.3520833333333333,0.0,0.0012000000000000001,0.013720051723789985
suiusdt,2024-01-26 00:39:00,2024-01-27 03:41:00,-1,1.1757,1.4259,-0.19293947841437795,1.1263888888888889,0.0,0.0012000000000000001,-0.19413947841437795
suiusdt,2024-01-27 08:53:00,2024-01-29 01:04:00,1,1.4019,1.3555,-0.033658069435769926,1.6743055555555555,0.0,0.0012000000000000001,-0.034858069435769926
suiusdt,2024-01-29 01:31:00,2024-01-30 01:35:00,-1,1.3654,1.5842,-0.14863212204599938,1.0027777777777778,0.0,0.0012000000000000001,-0.14983212204599938
suiusdt,2024-01-31 00:09:00,2024-01-31 21:31:00,1,1.5109,1.5526,0.0272254452257848,0.8902777777777777,0.0,0.0012000000000000001,0.026025445225784802
suiusdt,2024-02-04 09:34:00,2024-02-05 20:03:00,-1,1.5159,1.5882,-0.04659197749513797,1.4368055555555554,-0.00014368055555555556,0.0012000000000000001,-0.04764829693958242
suiusdt,2024-02-06 00:08:00,2024-02-08 01:01:00,1,1.576,1.584,0.0050633019565466345,2.0368055555555555,0.0001808887013888889,0.0012000000000000001,0.003682413255157746
suiusdt,2024-02-10 11:54:00,2024-02-12 14:54:00,1,1.7145,1.749,0.01992270311562712,2.125,0.00021250000000000002,0.0012000000000000001,0.01851020311562712
suiusdt,2024-08-09 13:07:00,2024-08-11 12:19:00,1,0.8557,0.8835,0.03197144433574192,1.9666666666666666,-0.0006140261111111111,0.0012000000000000001,0.03138547044685303
suiusdt,2024-08-11 13:03:00,2024-08-12 12:07:00,1,0.8818,1.0579,0.1820758170688916,0.9611111111111111,-0.0003962613055555556,0.0012000000000000001,0.18127207837444714
suiusdt,2024-08-12 12:11:00,2024-08-13 08:01:00,1,1.0607,0.979,-0.08015270398091413,0.8263888888888888,-0.00021373309027777776,0.0012000000000000001,-0.08113897089063636
suiusdt,2024-08-13 08:33:00,2024-08-15 06:06:00,1,0.9767,0.8985,-0.08345283622981765,1.8979166666666667,3.586429861111111e-05,0.0012000000000000001,-0.08468870052842876
suiusdt,2024-08-15 09:27:00,2024-08-17 16:53:00,-1,0.8844,0.8489,0.04096805523936907,2.3097222222222222,5.103716203703703e-05,0.0012000000000000001,0.03971701807733203
suiusdt,2024-09-08 11:24:00,2024-09-10 12:50:00,1,0.9603,0.9189,-0.04406843313708775,2.0597222222222222,8.677609722222221e-05,0.0012000000000000001,-0.04535520923430997
suiusdt,2024-09-12 04:49:00,2024-09-13 14:07:00,1,1.0226,1.0101,-0.012299067810760341,1.3875,-9.941437499999995e-06,0.0012000000000000001,-0.013489126373260342
suiusdt,2024-09-15 20:24:00,2024-09-17 07:21:00,1,1.1085,1.0899,-0.016921801161100154,1.45625,-8.553041666666676e-06,0.0012000000000000001,-0.018113248119433486
suiusdt,2024-09-17 07:36:00,2024-09-18 11:21:00,-1,1.1072,1.1727,-0.057474476603613885,1.15625,-4.008140625e-05,0.0012000000000000001,-0.05863439519736388
suiusdt,2024-09-20 16:22:00,2024-09-22 05:23:00,1,1.4815,1.4295,-0.03573035525125343,1.542361111111111,7.726200925925926e-05,0.0012000000000000001,-0.037007617260512694
suiusdt,2024-09-22 12:34:00,2024-09-23 01:10:00,-1,1.5115,1.5636,-0.033888319699286934,0.525,1.0862250000000001e-05,0.0012000000000000001,-0.035099181949286934
suiusdt,2024-09-23 02:07:00,2024-09-24 04:45:00,-1,1.5734,1.5177,0.0360428519291419,1.1097222222222223,-6.011365277777779e-05,0.0012000000000000001,0.03490296558191968
suiusdt,2024-09-24 04:52:00,2024-09-24 22:55:00,-1,1.5075,1.7569,-0.15309824276966794,0.7520833333333333,-7.520833333333334e-05,0.0012000000000000001,-0.15422303443633462
suiusdt,2024-09-24 23:04:00,2024-09-26 03:16:00,1,1.7553,1.7247,-0.01758666016494528,1.175,0.00011340708333333335,0.0012000000000000001,-0.018900067248278613
suiusdt,2024-09-26 05:13:00,2024-09-27 06:56:00,1,1.7031,1.7184,0.008943505469755334,1.0715277777777779,0.00010715277777777779,0.0012000000000000001,0.007636352691977558
suiusdt,2024-09-27 07:16:00,2024-09-29 02:39:00,-1,1.7199,1.6664,0.03160053863568441,1.8076388888888888,-0.00015543886805555553,0.0012000000000000001,0.03055597750373997
suiusdt,2024-09-29 03:16:00,2024-09-30 01:07:00,-1,1.6702,1.7406,-0.04128650163628426,0.9104166666666667,-3.5228572916666665e-05,0.0012000000000000001,-0.042451273063367594
suiusdt,2024-09-30 01:10:00,2024-10-01 01:51:00,1,1.7246,1.8529,0.07175683977014478,1.0284722222222222,4.582872222222222e-05,0.0012000000000000001,0.07051101104792255
suiusdt,2024-10-01 04:42:00,2024-10-01 16:22:00,1,1.8985,1.7799,-0.06450691773914981,0.4861111111111111,3.388194444444445e-05,0.0012000000000000001,-0.06574079968359425
suiusdt,2024-10-01 16:28:00,2024-10-02 06:07:00,-1,1.768,1.8526,-0.046741093622338435,0.56875,4.232921875e-05,0.0012000000000000001,-0.04798342284108843
suiusdt,2024-10-02 06:19:00,2024-10-02 17:33:00,-1,1.8468,1.8445,0.001246173596103479,0.46805555555555556,0.00010229354166666667,0.0012000000000000001,-5.6119945563187735e-05
suiusdt,2024-10-03 00:22:00,2024-10-03 11:28:00,-1,1.8656,1.8857,-0.010716387576703623,0.4625,9.5316625e-05,0.0012000000000000001,-0.012011704201703622
suiusdt,2024-10-03 11:39:00,2024-10-03 18:20:00,1,1.8892,1.7147,-0.09691532083715641,0.27847222222222223,-5.739034027777778e-05,0.0012000000000000001,-0.09805793049687864
suiusdt,2024-10-03 19:36:00,2024-10-04 12:06:00,-1,1.7375,1.7454,-0.004536457290263728,0.6875,0.0002442653125,0.0012000000000000001,-0.005980722602763729
suiusdt,2024-10-06 14:37:00,2024-10-07 09:20:00,-1,1.7518,1.9532,-0.10882522245851654,0.7798611111111111,5.386890625000001e-05,0.0012000000000000001,-0.11007909136476655
suiusdt,2024-10-07 12:00:00,2024-10-07 21:03:00,1,1.9586,2.0672,0.05396510230158874,0.3770833333333333,1.2820833333333333e-05,0.0012000000000000001,0.052752281468255405
suiusdt,2024-10-07 21:38:00,2024-10-08 11:30:00,1,2.0923,2.0221,-0.034127364003521475,0.5777777777777777,3.174888888888888e-06,0.0012000000000000001,-0.03533053889241036
suiusdt,2024-10-08 11:37:00,2024-10-09 07:15:00,1,2.0313,1.9231,-0.054737514842907675,0.8180555555555555,-1.4066465277777778e-05,0.0012000000000000001,-0.0559234483776299
suiusdt,2024-10-09 07:19:00,2024-10-10 07:53:00,-1,1.9234,1.863,0.03190636167679297,1.023611111111111,-4.535620833333333e-05,0.0012000000000000001,0.030751717885126303
suiusdt,2024-10-10 16:50:00,2024-10-11 14:18:00,-1,1.7975,2.0503,-0.1315893132937993,0.8944444444444445,8.694e-05,0.0012000000000000001,-0.13287625329379932
suiusdt,2024-10-11 14:22:00,2024-10-12 11:53:00,1,2.0529,2.1309,0.03729099804531227,0.8965277777777778,-8.714250000000001e-05,0.0012000000000000001,0.036178140545312265
suiusdt,2024-10-12 12:03:00,2024-10-13 01:53:00,1,2.1265,2.2433,0.05347056032557154,0.5763888888888888,5.7638888888888886e-05,0.0012000000000000001,0.05221292143668265
suiusdt,2024-10-13 08:05:00,2024-10-13 23:33:00,-1,2.2351,2.3647,-0.05636519420956355,0.6444444444444445,-6.444444444444446e-05,0.0012000000000000001,-0.057500749765119104
suiusdt,2024-10-13 23:37:00,2024-10-14 17:38:00,1,2.3528,2.244,-0.0473461205971982,0.7506944444444444,6.831319444444444e-05,0.0012000000000000001,-0.048614433791642646
suiusdt,2024-10-14 18:14:00,2024-10-15 13:42:00,-1,2.2569,2.1498,0.04861737569532241,0.8111111111111111,-7.381111111111112e-05,0.0012000000000000001,0.04749118680643352
suiusdt,2024-10-15 15:15:00,2024-10-16 12:00:00,-1,2.0997,2.0489,0.02449141361045002,0.8645833333333334,-1.4170520833333337e-05,0.0012000000000000001,0.023305584131283353
suiusdt,2024-10-19 21:14:00,2024-10-21 13:20:00,-1,2.0605,2.0303,0.014765106410676573,1.6708333333333334,-0.00016708333333333335,0.0012000000000000001,0.013732189744009906
suiusdt,2024-10-22 00:58:00,2024-10-23 15:50:00,-1,2.0134,1.9259,0.04443144436515644,1.6194444444444445,-0.00016194444444444446,0.0012000000000000001,0.043393388809600884
suiusdt,2024-10-23 16:04:00,2024-10-25 10:06:00,-1,1.9213,1.9223,-0.000520345521158794,1.7513888888888889,-0.0001751388888888889,0.0012000000000000001,-0.0015452066322699052
suiusdt,2024-10-26 03:23:00,2024-10-28 08:10:00,-1,1.7456,1.7374,0.004708593252986207,2.1993055555555556,-0.00011347683564814817,0.0012000000000000001,0.0036220700886343553
suiusdt,2024-11-04 01:35:00,2024-11-05 06:30:00,1,1.9544,1.9367,-0.00909774720984443,1.2048611111111112,2.086819444444445e-05,0.0012000000000000001,-0.010318615404288875
suiusdt,2024-11-06 02:55:00,2024-11-06 12:41:00,1,2.2211,2.2977,0.033906053939194415,0.40694444444444444,4.0694444444444444e-05,0.0012000000000000001,0.03266535949474997
suiusdt,2024-11-07 16:04:00,2024-11-08 17:15:00,1,2.339,2.211,-0.05627858572673283,1.0493055555555555,0.00010493055555555555,0.0012000000000000001,-0.05758351628228839
suiusdt,2024-11-09 19:00:00,2024-11-10 04:07:00,1,2.4453,2.8352,0.1479446666422403,0.3798611111111111,0.00010487015624999999,0.0012000000000000001,0.1466397964859903
suiusdt,2024-11-10 04:22:00,2024-11-10 11:35:00,1,2.8332,3.0389,0.0700887929348857,0.30069444444444443,0.00013595899305555553,0.0012000000000000001,0.06875283394183013
suiusdt,2024-11-10 11:43:00,2024-11-10 21:32:00,1,3.043,2.9396,-0.034570353242254964,0.40902777777777777,0.0001849419097222222,0.0012000000000000001,-0.035955295151977186
suiusdt,2024-11-10 21:38:00,2024-11-11 07:48:00,-1,2.9373,3.1536,-0.07105386537032037,0.4236111111111111,-0.00011694843749999999,0.0012000000000000001,-0.07213691693282037
suiusdt,2024-11-11 07:57:00,2024-11-11 19:14:00,-1,3.1696,3.1625,0.002242542908510793,0.4701388888888889,-4.701388888888889e-05,0.0012000000000000001,0.0010895567973996816
suiusdt,2024-11-12 16:44:00,2024-11-13 06:44:00,-1,3.102,2.9246,0.058889345558705425,0.5833333333333334,-0.00015658416666666664,0.0012000000000000001,0.05784592972537209
suiusdt,2024-11-13 15:57:00,2024-11-14 05:22:00,1,3.4121,3.4129,0.00023443223550596883,0.5590277777777778,8.44271701388889e-05,0.0012000000000000001,-0.0010499949346329202
suiusdt,2024-11-16 07:09:00,2024-11-17 01:33:00,1,3.7287,3.7485,0.005296112523541184,0.7666666666666667,0.0001255455,0.0012000000000000001,0.003970567023541184
suiusdt,2024-11-17 01:42:00,2024-11-17 17:51:00,-1,3.7567,3.9093,-0.03981741737816037,0.6729166666666667,-0.00015309527083333334,0.0012000000000000001,-0.04086432210732704
suiusdt,2024-11-21 02:41:00,2024-11-21 16:38:00,-1,3.4535,3.5672,-0.03239276478423936,0.58125,-5.812500000000001e-05,0.0012000000000000001,-0.03353463978423936
suiusdt,2024-11-21 20:53:00,2024-11-22 23:04:00,-1,3.5825,3.4939,0.025042289910171663,1.0909722222222222,-0.00016503682291666666,0.0012000000000000001,0.02400732673308833
suiusdt,2024-11-24 15:36:00,2024-11-25 17:09:00,-1,3.2934,3.2246,0.021111554254259108,1.0645833333333334,-0.00010645833333333335,0.0012000000000000001,0.02001801258759244
suiusdt,2024-11-26 21:59:00,2024-11-28 02:08:00,-1,3.411,3.5536,-0.040955670721517186,1.1729166666666666,-0.00011729166666666667,0.0012000000000000001,-0.04203837905485052
suiusdt,2024-12-05 15:27:00,2024-12-06 00:52:00,-1,4.3382,4.275,0.014675413148674984,0.3923611111111111,-6.843758680555556e-05,0.0012000000000000001,0.013543850735480539
suiusdt,2024-12-06 05:03:00,2024-12-06 18:41:00,1,4.343,4.2369,-0.024733483791693982,0.5680555555555555,0.00014136062499999998,0.0012000000000000001,-0.02607484441669398
suiusdt,2024-12-06 19:22:00,2024-12-07 22:24:00,-1,4.2326,4.3467,-0.02660047506843303,1.1263888888888889,-0.00032491813888888894,0.0012000000000000001,-0.027475556929544138
suiusdt,2024-12-08 02:18:00,2024-12-09 09:00:00,-1,4.3696,4.0083,0.08630426045648248,1.2791666666666666,-0.00012791666666666667,0.0012000000000000001,0.08523217712314915
suiusdt,2024-12-13 15:12:00,2024-12-14 18:27:00,1,4.8438,4.4979,-0.07408891546005768,1.1354166666666667,6.3151875e-05,0.0012000000000000001,-0.07535206733505768
suiusdt,2024-12-16 08:58:00,2024-12-17 10:46:00,-1,4.803,4.7541,0.010233319047952045,1.075,-4.2650625e-05,0.0012000000000000001,0.009075969672952044
suiusdt,2024-12-21 14:05:00,2024-12-22 04:15:00,1,4.7138,4.5028,-0.04579495130163849,0.5902777777777778,-0.00012235868055555555,0.0012000000000000001,-0.04687259262108294
suiusdt,2024-12-22 04:28:00,2024-12-22 19:14:00,-1,4.5252,4.3447,0.04070506361569825,0.6152777777777778,0.00031660963888888887,0.0012000000000000001,0.03918845397680936
suiusdt,2024-12-22 19:54:00,2024-12-23 15:06:00,-1,4.2812,4.1272,0.036634133179780384,0.8,0.000341768,0.0012000000000000001,0.035092365179780385
suiusdt,2024-12-24 02:48:00,2024-12-25 02:57:00,1,4.6268,4.5719,-0.011936611011713397,1.00625,-0.00021367215625000004,0.0012000000000000001,-0.012922938855463396
suiusdt,2024-12-25 04:05:00,2024-12-26 12:32:00,-1,4.548,4.2611,0.06516023297657308,1.3520833333333333,0.00022732577083333334,0.0012000000000000001,0.06373290720573975
suiusdt,2024-12-27 16:59:00,2024-12-29 08:22:00,-1,4.1107,4.2521,-0.033819648239786594,1.6409722222222223,0.0002383621550925926,0.0012000000000000001,-0.035258010394879184
suiusdt,2024-12-29 11:48:00,2024-12-30 20:14:00,-1,4.2211,4.3321,-0.02595665530996617,1.351388888888889,-9.665809027777779e-05,0.0012000000000000001,-0.02705999721968839
suiusdt,2025-01-04 00:46:00,2025-01-04 13:41:00,1,4.865,5.2126,0.0690120559552065,0.5381944444444444,5.3819444444444444e-05,0.0012000000000000001,0.06775823651076204
suiusdt,2025-01-04 13:56:00,2025-01-05 02:21:00,1,5.2273,5.2238,-0.0006697859805849021,0.5173611111111112,5.1736111111111117e-05,0.0012000000000000001,-0.0019215220916960134
suiusdt,2025-01-05 05:59:00,2025-01-06 09:48:00,1,5.211,5.1453,-0.012688099303069784,1.1590277777777778,0.00011590277777777779,0.0012000000000000001,-0.014004002080847561
suiusdt,2025-01-07 16:10:00,2025-01-08 08:24:00,-1,4.8866,4.6498,0.04967255721094506,0.6763888888888889,-4.22404861111111e-06,0.0012000000000000001,0.04847678125955617
suiusdt,2025-01-08 08:33:00,2025-01-09 00:19:00,-1,4.636,4.8642,-0.04805033676207428,0.6569444444444444,-1.3171736111111101e-06,0.0012000000000000001,-0.049249019588463165
suiusdt,2025-01-09 02:15:00,2025-01-09 18:12:00,1,4.8245,4.7578,-0.013921725949272549,0.6645833333333333,6.082266666666667e-05,0.0012000000000000001,-0.015182548615939215
suiusdt,2025-01-10 01:58:00,2025-01-10 15:08:00,1,4.8135,4.9019,0.01819841482515581,0.5486111111111112,2.886791666666667e-05,0.0012000000000000001,0.016969546908489144
suiusdt,2025-01-10 15:12:00,2025-01-11 12:11:00,-1,4.875,5.0113,-0.027575258025505044,0.8743055555555556,3.956232638888889e-05,0.0012000000000000001,-0.028814820351893932
suiusdt,2025-01-11 20:44:00,2025-01-13 03:32:00,-1,4.9791,4.6297,0.07275708063019261,1.2833333333333334,1.4826777777777772e-05,0.0012000000000000001,0.07154225385241482
suiusdt,2025-01-13 14:42:00,2025-01-14 08:17:00,-1,4.4336,4.5997,-0.03677918885042145,0.7326388888888888,-1.1989635416666668e-05,0.0012000000000000001,-0.037967199215004785
suiusdt,2025-01-14 09:29:00,2025-01-15 10:40:00,-1,4.7043,4.5001,0.04437736532137215,1.0493055555555555,-1.717188541666667e-05,0.0012000000000000001,0.04319453720678882
suiusdt,2025-01-16 01:26:00,2025-01-16 19:48:00,-1,4.72,4.987,-0.055025726966521624,0.7652777777777777,-5.53755e-05,0.0012000000000000001,-0.05617035146652162
suiusdt,2025-01-17 15:24:00,2025-01-18 11:36:00,-1,4.9138,4.6702,0.05084567591378025,0.8416666666666667,-7.2783125e-05,0.0012000000000000001,0.049718459038780256
suiusdt,2025-01-19 11:07:00,2025-01-20 00:02:00,-1,4.8036,4.4075,0.0860580015145031,0.5381944444444444,-5.3819444444444444e-05,0.0012000000000000001,0.08491182095894755
suiusdt,2025-01-24 03:28:00,2025-01-25 15:26:00,-1,4.2491,4.1862,0.014913794614022927,1.4986111111111111,-0.0001498611111111111,0.0012000000000000001,0.013863655725134039
suiusdt,2025-01-27 08:04:00,2025-01-28 05:33:00,-1,3.5457,3.9856,-0.11695226382161124,0.8951388888888889,3.760030902777778e-05,0.0012000000000000001,-0.11818986413063902
suiusdt,2025-02-25 05:15:00,2025-02-25 20:22:00,-1,2.8293,2.9049,-0.0263696350676464,0.6298611111111111,5.322326388888889e-06,0.0012000000000000001,-0.02757495739403529
suiusdt,2025-03-27 14:01:00,2025-03-28 11:08:00,1,2.753,2.5399,-0.08056651598378721,0.8798611111111111,3.900864236111111e-05,0.0012000000000000001,-0.08180552462614833
suiusdt,2025-03-28 12:35:00,2025-03-29 17:27:00,-1,2.528,2.2758,0.10509683734383982,1.2027777777777777,6.855833333333334e-05,0.0012000000000000001,0.10382827901050648
suiusdt,2025-03-29 17:35:00,2025-03-31 06:25:00,-1,2.2998,2.2741,0.011237792897180852,1.5347222222222223,0.0001377464351851852,0.0012000000000000001,0.009900046461995667
suiusdt,2025-03-31 07:00:00,2025-04-01 14:30:00,-1,2.2767,2.3939,-0.0501968090731024,1.3125,0.00010345124999999999,0.0012000000000000001,-0.0515002603231024
suiusdt,2025-04-22 23:54:00,2025-04-23 13:30:00,1,2.6674,2.9574,0.10320628875109272,0.5666666666666667,4.5322e-05,0.0012000000000000001,0.10196096675109272
suiusdt,2025-04-23 14:28:00,2025-04-24 02:22:00,1,3.0139,3.0533,0.012988051774217023,0.49583333333333335,-1.0933125000000017e-06,0.0012000000000000001,0.011789145086717023
suiusdt,2025-04-24 02:30:00,2025-04-24 14:14:00,-1,3.0334,3.0715,-0.01248193898668552,0.4888888888888889,5.1044888888888894e-05,0.0012000000000000001,-0.013732983875574409
suiusdt,2025-04-24 15:34:00,2025-04-25 01:28:00,1,3.2615,3.3389,0.02345419917246823,0.4125,-8.0227125e-05,0.0012000000000000001,0.022334426297468228
suiusdt,2025-04-25 06:10:00,2025-04-25 12:06:00,1,3.5423,3.7192,0.04873235770947684,0.24722222222222223,-7.035202777777778e-05,0.0012000000000000001,0.04760270973725462
suiusdt,2025-04-25 12:08:00,2025-04-25 18:31:00,1,3.74,3.6095,-0.035516352829361934,0.2659722222222222,-7.568771527777777e-05,0.0012000000000000001,-0.036640665114084155
suiusdt,2025-04-25 18:36:00,2025-04-26 11:49:00,-1,3.6156,3.442,0.04920511915277116,0.7173611111111111,6.620167013888889e-05,0.0012000000000000001,0.04793891748263227
suiusdt,2025-04-26 12:38:00,2025-04-27 06:29:00,-1,3.4236,3.5914,-0.04784946960034295,0.74375,-2.8846343750000003e-05,0.0012000000000000001,-0.04902062325659295
suiusdt,2025-04-27 06:47:00,2025-04-28 02:03:00,-1,3.5701,3.4352,0.03851845846134348,0.8027777777777778,3.1356500000000004e-05,0.0012000000000000001,0.03728710196134348
suiusdt,2025-04-28 08:18:00,2025-04-28 15:35:00,-1,3.686,3.5633,0.03385477745949178,0.3034722222222222,1.6900368055555557e-05,0.0012000000000000001,0.03263787709143622
suiusdt,2025-04-28 17:47:00,2025-04-29 11:56:00,1,3.5951,3.5644,-0.008576070441396032,0.75625,-0.000178550625,0.0012000000000000001,-0.009597519816396033
suiusdt,2025-04-29 12:36:00,2025-04-30 12:32:00,-1,3.5038,3.4695,0.00983760246211809,0.9972222222222222,0.000208803375,0.0012000000000000001,0.00842879908711809
suiusdt,2025-04-30 12:36:00,2025-05-01 05:57:00,-1,3.4525,3.5197,-0.019277152403917946,0.7229166666666667,-1.4527010416666665e-05,0.0012000000000000001,-0.02046262539350128
suiusdt,2025-05-01 09:52:00,2025-05-02 00:00:00,-1,3.5557,3.5589,-0.000899558714695992,0.5888888888888889,2.453016666666667e-05,0.0012000000000000001,-0.0021240888813626587
suiusdt,2025-05-02 00:07:00,2025-05-02 23:29:00,-1,3.5521,3.4126,0.040064513775756705,0.9736111111111111,0.00012244133333333334,0.0012000000000000001,0.03874207244242337
suiusdt,2025-05-03 00:08:00,2025-05-04 03:17:00,-1,3.41,3.2399,0.05116982616502746,1.13125,-1.7805875000000003e-05,0.0012000000000000001,0.04998763204002746
suiusdt,2025-05-04 06:17:00,2025-05-05 07:23:00,-1,3.1729,3.3841,-0.0644419959458988,1.0458333333333334,-1.6461416666666668e-05,0.0012000000000000001,-0.06562553452923214
suiusdt,2025-05-05 07:44:00,2025-05-05 22:38:00,1,3.4126,3.446,0.009739673994710471,0.6208333333333333,6.208333333333334e-05,0.0012000000000000001,0.008477590661377137
suiusdt,2025-05-06 00:12:00,2025-05-06 16:44:00,-1,3.3984,3.1976,0.060904204210451215,0.6888888888888889,-5.978177777777778e-05,0.0012000000000000001,0.05976398598822899
suiusdt,2025-05-08 03:43:00,2025-05-08 15:25:00,1,3.6088,3.8172,0.056141862448912686,0.4875,4.875e-05,0.0012000000000000001,0.054893112448912686
suiusdt,2025-05-08 15:43:00,2025-05-09 03:13:00,1,3.8964,3.9706,0.0188641668661779,0.4791666666666667,4.791666666666667e-05,0.0012000000000000001,0.01761625019951123
suiusdt,2025-05-09 05:28:00,2025-05-09 15:25:00,1,3.9033,3.8708,-0.008361145170752579,0.41458333333333336,4.1458333333333336e-05,0.0012000000000000001,-0.009602603504085911
suiusdt,2025-05-09 15:27:00,2025-05-10 12:01:00,-1,3.8799,3.8711,0.0022706757272720497,0.8569444444444444,-8.569444444444445e-05,0.0012000000000000001,0.0011563701717164942
suiusdt,2025-05-10 13:04:00,2025-05-11 01:13:00,-1,3.9526,4.2029,-0.06140117298659007,0.50625,-9.454218750000003e-06,0.0012000000000000001,-0.06259171876784007
suiusdt,2025-05-11 01:18:00,2025-05-11 21:08:00,1,4.1957,4.0103,-0.04519413982684515,0.8263888888888888,-5.177326388888888e-05,0.0012000000000000001,-0.04634236656295626
suiusdt,2025-05-11 21:49:00,2025-05-12 09:07:00,-1,4.0169,4.2179,-0.04882691298947318,0.4708333333333333,-8.792812500000002e-06,0.0012000000000000001,-0.05001812017697318
suiusdt,2025-05-12 11:07:00,2025-05-12 23:20:00,-1,4.1859,3.9845,0.049309900728467866,0.5090277777777777,-5.090277777777778e-05,0.0012000000000000001,0.048160803506245645
suiusdt,2025-05-13 08:44:00,2025-05-14 05:14:00,-1,3.9518,4.0009,-0.012348164493606794,0.8541666666666666,-1.2906458333333336e-05,0.0012000000000000001,-0.013535258035273461
suiusdt,2025-05-15 13:37:00,2025-05-16 08:53:00,-1,3.7466,3.8467,-0.026366875840742134,0.8027777777777778,-3.9227736111111115e-05,0.0012000000000000001,-0.02752764810463102
suiusdt,2025-05-18 19:31:00,2025-05-19 15:32:00,1,3.7711,3.7662,-0.0013002005201587351,0.8340277777777778,7.923263888888912e-07,0.0012000000000000001,-0.002500992846547624
suiusdt,2025-05-22 13:42:00,2025-05-23 01:39:00,-1,3.819,3.8741,-0.014324769521333687,0.4979166666666667,-3.2528895833333334e-05,0.0012000000000000001,-0.015492240625500354
suiusdt,2025-07-18 17:35:00,2025-07-19 20:37:00,-1,3.9156,3.8401,0.019470166477914278,1.1263888888888889,-0.00011263888888888889,0.0012000000000000001,0.018382805366803166
suiusdt,2025-07-19 20:52:00,2025-07-20 23:23:00,-1,3.8468,3.879,-0.008335754601640433,1.104861111111111,-0.00011048611111111111,0.0012000000000000001,-0.00942526849052932
suiusdt,2025-07-21 11:37:00,2025-07-22 05:00:00,-1,4.0473,3.8408,0.052369313896150405,0.7243055555555555,-8.562015972222222e-05,0.0012000000000000001,0.05125493405587263
suiusdt,2025-07-22 09:37:00,2025-07-23 10:47:00,-1,3.8413,3.9072,-0.01701015396024612,1.0486111111111112,-0.00010486111111111113,0.0012000000000000001,-0.018105292849135007
suiusdt,2025-07-24 02:21:00,2025-07-24 22:09:00,-1,3.7621,3.7576,0.0011968564004347386,0.825,-8.25e-05,0.0012000000000000001,7.935640043473836e-05
suiusdt,2025-07-26 15:18:00,2025-07-27 08:41:00,1,4.1527,4.229,0.018206833388102132,0.7243055555555555,7.243055555555556e-05,0.0012000000000000001,0.016934402832546578
suiusdt,2025-07-27 13:45:00,2025-07-28 06:30:00,-1,4.3156,4.2768,0.009031298292530484,0.6979166666666666,-6.979166666666666e-05,0.0012000000000000001,0.00790108995919715
suiusdt,2025-07-28 21:05:00,2025-07-29 16:31:00,-1,3.9556,3.7673,0.048773731904806425,0.8097222222222222,-7.112195138888889e-05,0.0012000000000000001,0.04764485385619532
suiusdt,2025-07-29 16:36:00,2025-07-30 19:47:00,-1,3.7588,3.7752,-0.004353603903267895,1.132638888888889,-6.232345486111112e-05,0.0012000000000000001,-0.005491280448406783
suiusdt,2025-07-31 02:44:00,2025-08-01 01:12:00,-1,3.818,3.5496,0.0728918042209932,0.9361111111111111,-9.782361111111113e-07,0.0012000000000000001,0.07169278245710431
suiusdt,2025-08-01 06:45:00,2025-08-01 22:42:00,-1,3.5151,3.3829,0.03833464456092213,0.6645833333333333,6.0277708333333325e-06,0.0012000000000000001,0.037128616790088796
suiusdt,2025-08-11 21:30:00,2025-08-13 00:24:00,-1,3.6619,3.8865,-0.059526871290924405,1.1208333333333333,-5.763698611111111e-05,0.0012000000000000001,-0.060669234304813295
suiusdt,2025-08-13 01:07:00,2025-08-13 18:01:00,-1,3.856,3.9979,-0.03613884651083804,0.7041666666666667,-7.041666666666668e-05,0.0012000000000000001,-0.03726842984417137
suiusdt,2025-09-26 08:04:00,2025-09-28 13:07:00,-1,3.1669,3.1108,0.017873263595712636,2.2104166666666667,-4.189476388888888e-05,0.0012000000000000001,0.016715158359601526
suiusdt,2025-11-21 13:34:00,2025-11-24 10:39:00,-1,1.3773,1.3673,0.00728706860825014,2.8784722222222223,-4.4472395833333325e-05,0.0012000000000000001,0.006131541004083474
suiusdt,2025-11-26 06:04:00,2025-11-28 22:01:00,1,1.5281,1.5223,-0.0038027845460030956,2.6645833333333333,-4.983659027777777e-05,0.0012000000000000001,-0.0049529479557253175
suiusdt,2025-12-04 02:34:00,2025-12-06 17:36:00,-1,1.6911,1.5456,0.08996702029738542,2.626388888888889,-4.6425800925925927e-05,0.0012000000000000001,0.08881344609831134
suiusdt,2025-12-06 18:39:00,2025-12-09 07:10:00,-1,1.5558,1.5891,-0.02117793544591694,2.5215277777777776,-1.5759548611111098e-06,0.0012000000000000001,-0.02237635949105583
suiusdt,2025-12-18 17:09:00,2025-12-22 04:37:00,-1,1.3737,1.4586,-0.059969242218973116,3.477777777777778,-0.00015755028888888892,0.0012000000000000001,-0.061011691930084225
suiusdt,2026-01-04 13:25:00,2026-01-06 05:52:00,1,1.6895,1.9765,0.1568949765823956,1.6854166666666666,6.247277777777777e-06,0.0012000000000000001,0.1556887293046178
suiusdt,2026-01-06 06:12:00,2026-01-07 08:28:00,-1,1.9718,1.9378,0.0173935221900372,1.0944444444444446,-4.352058333333334e-05,0.0012000000000000001,0.016237042773370534
suiusdt,2026-01-08 03:57:00,2026-01-10 22:12:00,-1,1.7971,1.7942,0.0016150144127932533,2.7604166666666665,-7.110833333333333e-05,0.0012000000000000001,0.0004861227461265866
suiusdt,2026-01-10 23:12:00,2026-01-13 23:05:00,-1,1.7861,1.9035,-0.06365982491211407,2.995138888888889,-9.7379453125e-05,0.0012000000000000001,-0.06476244545898907
suiusdt,2026-01-14 05:02:00,2026-01-16 17:39:00,-1,1.8554,1.7432,0.062377801588760974,2.5256944444444445,0.00012112388657407406,0.0012000000000000001,0.0610566777021869
suiusdt,2026-01-17 22:09:00,2026-01-21 05:56:00,-1,1.7869,1.5157,0.16460489644700427,3.3243055555555556,-7.744967083333335e-05,0.0012000000000000001,0.1634823461178376
avaxusdt,2024-01-03 18:17:00,2024-01-04 20:37:00,-1,36.601,39.246,-0.0697739657686887,1.0972222222222223,0.0,0.0012000000000000001,-0.07097396576868871
avaxusdt,2024-01-11 15:49:00,2024-01-12 16:53:00,-1,39.381,36.622,0.07263431376985802,1.0444444444444445,0.0,0.0012000000000000001,0.07143431376985801
avaxusdt,2024-01-28 06:13:00,2024-01-29 00:30:00,-1,35.976,34.884,0.03082377810366711,0.7618055555555555,0.0,0.0012000000000000001,0.02962377810366711
avaxusdt,2024-01-29 06:07:00,2024-01-30 08:30:00,-1,35.04,36.52,-0.041369789658577225,1.0993055555555555,0.0,0.0012000000000000001,-0.042569789658577224
avaxusdt,2024-01-30 11:38:00,2024-01-31 18:00:00,1,36.969,35.454,-0.041843642032503195,1.2652777777777777,0.0,0.0012000000000000001,-0.043043642032503195
avaxusdt,2024-02-02 02:59:00,2024-02-03 02:52:00,-1,34.424,36.201,-0.05033274722327503,0.9951388888888889,-9.95138888888889e-05,0.0012000000000000001,-0.05143323333438614
avaxusdt,2024-02-03 03:16:00,2024-02-05 06:03:00,1,36.309,34.938,-0.03849058234153843,2.115972222222222,0.00021159722222222223,0.0012000000000000001,-0.03990217956376065
avaxusdt,2024-02-05 07:08:00,2024-02-07 13:53:00,-1,35.195,34.327,0.02497181053393517,2.28125,-0.000228125,0.0012000000000000001,0.02399993553393517
avaxusdt,2024-02-09 08:39:00,2024-02-11 10:44:00,-1,36.299,40.367,-0.10622242681317828,2.0868055555555554,-0.00020868055555555554,0.0012000000000000001,-0.10721374625762274
avaxusdt,2024-02-12 15:14:00,2024-02-13 13:37:00,-1,39.699,39.974,-0.006903244313327926,0.9326388888888889,-9.326388888888889e-05,0.0012000000000000001,-0.008009980424439038
avaxusdt,2024-02-13 19:30:00,2024-02-14 20:43:00,-1,39.748,41.901,-0.05275016762262712,1.0506944444444444,-0.00019137348611111108,0.0012000000000000001,-0.053758794136516005
avaxusdt,2024-02-14 20:59:00,2024-02-15 17:36:00,1,41.977,42.21,0.005535310556732546,0.8590277777777777,0.0002396730451388889,0.0012000000000000001,0.004095637511593657
avaxusdt,2024-02-15 17:55:00,2024-02-17 04:31:00,-1,41.98,40.256,0.041934253314511546,1.4416666666666667,-0.0002421663611111111,0.0012000000000000001,0.040976419675622655
avaxusdt,2024-02-18 18:54:00,2024-02-20 06:19:00,-1,40.353,39.592,0.019038663744969285,1.4756944444444444,-0.00019814641203703704,0.0012000000000000001,0.01803681015700632
avaxusdt,2024-02-28 07:41:00,2024-02-28 19:11:00,-1,39.514,38.639,0.02239291039897121,0.4791666666666667,-0.000301860625,0.0012000000000000001,0.02149477102397121
avaxusdt,2024-02-28 19:37:00,2024-02-29 12:10:00,-1,38.747,42.84,-0.10041891213206383,0.6895833333333333,-0.0005321169791666667,0.0012000000000000001,-0.10108679515289717
avaxusdt,2024-02-29 20:59:00,2024-03-01 22:07:00,-1,42.166,42.206,-0.0009481819323195969,1.0472222222222223,-0.0007618175138888889,0.0012000000000000001,-0.0013863644184307082
avaxusdt,2024-03-01 22:57:00,2024-03-03 02:23:00,-1,42.528,43.609,-0.025100868540409067,1.1430555555555555,-0.0007502711851851851,0.0012000000000000001,-0.025550597355223883
avaxusdt,2024-03-05 21:06:00,2024-03-06 17:48:00,-1,38.228,41.006,-0.07015016605692181,0.8625,-0.0006707188125000001,0.0012000000000000001,-0.07067944724442182
avaxusdt,2024-03-11 12:38:00,2024-03-11 22:23:00,1,46.738,48.398,0.034900952261131366,0.40625,0.00034100625,0.0012000000000000001,0.03335994601113137
avaxusdt,2024-03-11 22:38:00,2024-03-12 09:14:00,-1,48.712,47.556,0.024017442309974858,0.44166666666666665,-0.0003031047916666667,0.0012000000000000001,0.023120547101641527
avaxusdt,2024-03-12 12:32:00,2024-03-12 16:05:00,-1,48.385,54.629,-0.12137502894653836,0.14791666666666667,-7.886177083333334e-05,0.0012000000000000001,-0.12249616717570504
avaxusdt,2024-03-12 16:18:00,2024-03-12 20:10:00,-1,53.603,56.821,-0.058300939048251864,0.16111111111111112,-8.58963888888889e-05,0.0012000000000000001,-0.059415042659362975
avaxusdt,2024-03-14 17:27:00,2024-03-15 03:05:00,-1,53.513,54.188,-0.012534866679771097,0.4013888888888889,-0.0002056114583333333,0.0012000000000000001,-0.013529255221437764
avaxusdt,2024-03-15 23:56:00,2024-03-16 07:43:00,-1,58.565,60.84,-0.038110218869254135,0.32430555555555557,-8.349246527777778e-05,0.0012000000000000001,-0.039226726403976356
avaxusdt,2024-03-18 07:24:00,2024-03-18 13:33:00,1,60.583,63.343,0.04455007775720074,0.25625,8.8314e-05,0.0012000000000000001,0.04326176375720074
avaxusdt,2024-03-18 13:38:00,2024-03-18 17:32:00,-1,63.361,63.448,-0.0013721425711129035,0.1625,-5.6004e-05,0.0012000000000000001,-0.0025161385711129037
avaxusdt,2024-03-18 18:02:00,2024-03-19 00:50:00,-1,62.957,59.63,0.054293150537725626,0.2833333333333333,-6.510291666666666e-05,0.0012000000000000001,0.05315825345439229
avaxusdt,2024-03-19 00:53:00,2024-03-19 07:09:00,-1,59.643,56.394,0.05601402057608985,0.2611111111111111,-3.000427777777778e-05,0.0012000000000000001,0.05484402485386763
avaxusdt,2024-03-20 00:00:00,2024-03-20 07:50:00,-1,53.742,53.612,0.002421895104862932,0.3263888888888889,-3.263888888888889e-05,0.0012000000000000001,0.0012545339937518208
avaxusdt,2024-04-13 03:31:00,2024-04-13 20:31:00,-1,38.351,30.639,0.2245068958285265,0.7083333333333334,-7.083333333333334e-05,0.0012000000000000001,0.22337772916185983
avaxusdt,2024-06-23 19:54:00,2024-06-25 11:35:00,-1,25.178,25.181,-0.00011914454232807075,1.6534722222222222,-7.756438194444445e-05,0.0012000000000000001,-0.0012415801603836265
avaxusdt,2024-07-02 18:24:00,2024-07-04 19:19:00,1,28.803,25.495,-0.12199719387647738,2.0381944444444446,0.00016234898148148152,0.0012000000000000001,-0.12335954285795887
avaxusdt,2024-07-15 17:59:00,2024-07-17 11:05:00,-1,26.88,28.348,-0.053173965293060746,1.7125,0.00012818062500000003,0.0012000000000000001,-0.05450214591806075
avaxusdt,2024-07-18 03:49:00,2024-07-21 03:19:00,-1,27.726,29.252,-0.053577346292520436,2.9791666666666665,-6.270401041666666e-05,0.0012000000000000001,-0.05471464228210377
avaxusdt,2024-07-21 16:06:00,2024-07-22 10:33:00,1,31.387,32.349,0.030189314119626946,0.76875,7.687500000000001e-05,0.0012000000000000001,0.028912439119626945
avaxusdt,2024-07-22 10:53:00,2024-07-23 19:45:00,-1,32.327,29.819,0.08075702012662735,1.3694444444444445,-4.519166666666667e-05,0.0012000000000000001,0.079602211793294
avaxusdt,2024-07-24 04:06:00,2024-07-25 14:42:00,-1,28.858,27.313,0.05502447155066399,1.4416666666666667,2.2302583333333322e-05,0.0012000000000000001,0.05380216896733066
avaxusdt,2024-07-25 15:03:00,2024-07-27 20:48:00,-1,27.346,27.979,-0.022883962897609748,2.2395833333333335,0.00018790850694444446,0.0012000000000000001,-0.024271871404554193
avaxusdt,2024-08-22 13:30:00,2024-08-23 19:56:00,1,25.172,26.648,0.0569818352266914,1.2680555555555555,-1.9363208333333333e-05,0.0012000000000000001,0.055801198435024735
avaxusdt,2024-08-23 20:09:00,2024-08-25 23:35:00,-1,26.751,27.301,-0.02035147573582846,2.1430555555555557,2.6873916666666667e-05,0.0012000000000000001,-0.021578349652495128
avaxusdt,2024-08-26 02:24:00,2024-08-28 08:24:00,-1,26.505,23.843,0.10584272123349937,2.25,-3.8639999999999996e-05,0.0012000000000000001,0.10468136123349937
avaxusdt,2024-09-16 10:14:00,2024-09-19 02:37:00,-1,23.94,25.942,-0.08031257678865415,2.682638888888889,0.00012268378298611112,0.0012000000000000001,-0.08163526057164026
avaxusdt,2024-09-27 08:35:00,2024-09-30 05:48:00,-1,29.832,28.652,0.04035839412431488,2.884027777777778,-0.00012526053645833335,0.0012000000000000001,0.03928365466077321
avaxusdt,2024-09-30 14:14:00,2024-10-02 12:17:00,-1,28.166,25.799,0.08777984528938548,1.91875,2.2276687500000002e-05,0.0012000000000000001,0.08655756860188547
avaxusdt,2024-10-13 01:09:00,2024-10-15 13:25:00,1,28.548,28.63,0.0028682380012026694,2.511111111111111,4.453037037037038e-05,0.0012000000000000001,0.001623707630832299
avaxusdt,2024-10-15 14:45:00,2024-10-18 06:41:00,-1,28.258,27.662,0.021316973141099843,2.6638888888888888,3.9172486111111105e-05,0.0012000000000000001,0.020077800654988733
avaxusdt,2024-10-18 07:40:00,2024-10-22 11:05:00,-1,27.662,27.718,-0.002022391444094674,4.142361111111111,-0.0002364873958333333,0.0012000000000000001,-0.002985904048261341
avaxusdt,2024-10-23 09:00:00,2024-10-26 12:43:00,-1,26.861,25.657,0.04585898161542104,3.154861111111111,0.00010145244618055555,0.0012000000000000001,0.04455752916924049
avaxusdt,2024-10-26 21:16:00,2024-10-31 04:46:00,-1,25.446,26.013,-0.02203785334262438,4.3125,0.00010086937499999998,0.0012000000000000001,-0.02333872271762438
avaxusdt,2024-11-01 04:22:00,2024-11-05 00:55:00,-1,24.864,22.767,0.08810885509535155,3.85625,0.00033689742500000005,0.0012000000000000001,0.08657195767035154
avaxusdt,2024-11-05 02:06:00,2024-11-07 10:02:00,-1,22.882,26.85,-0.1599152456761216,2.3305555555555557,-0.0001516026388888889,0.0012000000000000001,-0.1609636430372327
avaxusdt,2024-11-08 08:11:00,2024-11-10 04:07:00,-1,27.402,30.606,-0.11058006473792752,1.8305555555555555,-0.0002277089074074074,0.0012000000000000001,-0.11155235583052012
avaxusdt,2024-11-10 13:03:00,2024-11-11 14:44:00,-1,32.32,31.911,0.012735455715257119,1.070138888888889,-0.00014617027083333334,0.0012000000000000001,0.011681625986090453
avaxusdt,2024-11-11 15:01:00,2024-11-12 06:54:00,-1,32.204,37.324,-0.14754588293404117,0.6618055555555555,-0.0001956661215277778,0.0012000000000000001,-0.1485502168125134
avaxusdt,2024-11-12 07:30:00,2024-11-12 20:23:00,-1,36.743,34.096,0.07476765596921489,0.5368055555555555,-0.0002637379375,0.0012000000000000001,0.07383139390671488
avaxusdt,2024-11-12 21:08:00,2024-11-13 16:32:00,-1,33.964,34.401,-0.012784493587160236,0.8083333333333333,-0.0002389877916666667,0.0012000000000000001,-0.013745505795493568
avaxusdt,2024-11-18 06:32:00,2024-11-19 17:39:00,-1,35.86,34.726,0.03213378225504079,1.4631944444444445,-0.00014631944444444444,0.0012000000000000001,0.031080101699485232
avaxusdt,2024-11-20 16:21:00,2024-11-22 00:31:00,-1,34.349,35.729,-0.03938977779515781,1.3402777777777777,-0.00020738564814814814,0.0012000000000000001,-0.04038239214700966
avaxusdt,2024-11-22 15:48:00,2024-11-23 02:25:00,1,39.414,43.687,0.10292949186882826,0.4423611111111111,0.00014739251041666666,0.0012000000000000001,0.10158209935841159
avaxusdt,2024-11-23 03:41:00,2024-11-23 17:50:00,-1,43.562,42.248,0.03062819528840417,0.5895833333333333,-0.00023712452083333332,0.0012000000000000001,0.029665319809237502
avaxusdt,2024-11-23 19:27:00,2024-11-24 14:37:00,-1,42.132,39.832,0.05613693763441382,0.7986111111111112,-0.00023730329861111109,0.0012000000000000001,0.05517424093302493
avaxusdt,2024-11-24 14:52:00,2024-11-25 09:09:00,-1,39.721,47.087,-0.1701169393387577,0.7618055555555555,-0.00016712490277777777,0.0012000000000000001,-0.17114981443597993
avaxusdt,2024-11-25 09:11:00,2024-11-25 18:01:00,-1,47.537,41.796,0.1287077140151032,0.3680555555555556,-9.078458333333334e-05,0.0012000000000000001,0.12759849859843653
avaxusdt,2024-11-25 20:58:00,2024-11-26 13:24:00,-1,42.872,41.689,0.027981627155048053,0.6847222222222222,-0.00011868290277777777,0.0012000000000000001,0.02690031005782583
avaxusdt,2024-11-26 13:32:00,2024-11-27 10:13:00,-1,41.428,43.658,-0.052429560825538395,0.8618055555555556,-8.618055555555557e-05,0.0012000000000000001,-0.053543380269982836
avaxusdt,2024-11-27 17:02:00,2024-11-29 00:50:00,-1,42.826,43.049,-0.005193607016205372,1.325,-0.00016192825000000002,0.0012000000000000001,-0.006231678766205373
avaxusdt,2024-12-02 03:49:00,2024-12-02 11:03:00,-1,48.364,45.492,0.06121924898980217,0.3013888888888889,-7.712843055555555e-05,0.0012000000000000001,0.06009637742035772
avaxusdt,2024-12-02 11:17:00,2024-12-02 20:10:00,-1,45.865,48.716,-0.06030521926324525,0.3701388888888889,-9.472224305555556e-05,0.0012000000000000001,-0.0614104970201897
avaxusdt,2024-12-02 21:36:00,2024-12-03 07:11:00,-1,49.675,50.982,-0.02597084081157876,0.3993055555555556,-9.523437500000001e-05,0.0012000000000000001,-0.02707560643657876
avaxusdt,2024-12-03 07:15:00,2024-12-03 15:05:00,-1,50.792,50.105,0.013618058357856727,0.3263888888888889,-7.216131944444445e-05,0.0012000000000000001,0.012490219677301172
avaxusdt,2024-12-03 15:41:00,2024-12-04 06:41:00,-1,50.156,54.203,-0.07759810913902943,0.625,-0.0001996375,0.0012000000000000001,-0.07859847163902943
avaxusdt,2024-12-04 18:11:00,2024-12-05 09:58:00,-1,54.288,52.439,0.034652618740860834,0.6576388888888889,-0.0002975783090277778,0.0012000000000000001,0.03375019704988861
avaxusdt,2024-12-05 12:34:00,2024-12-06 05:28:00,-1,53.006,52.248,0.014403502091444885,0.7041666666666667,-0.00022086539583333336,0.0012000000000000001,0.013424367487278219
avaxusdt,2024-12-06 13:44:00,2024-12-07 20:42:00,-1,50.971,52.35,-0.026695093773101922,1.2902777777777779,-0.00033862695138888897,0.0012000000000000001,-0.027556466821713033
avaxusdt,2024-12-08 23:40:00,2024-12-09 15:55:00,-1,54.1,48.929,0.10046391811974248,0.6770833333333334,-0.00012172265625,0.0012000000000000001,0.09938564077599248
avaxusdt,2024-12-09 16:00:00,2024-12-09 23:11:00,-1,49.03,44.907,0.08783867106193365,0.29930555555555555,-2.9930555555555555e-05,0.0012000000000000001,0.0866686016174892
avaxusdt,2024-12-10 01:17:00,2024-12-10 16:19:00,-1,45.558,42.503,0.06941157778471867,0.6263888888888889,-6.263888888888889e-05,0.0012000000000000001,0.06827421667360754
avaxusdt,2024-12-12 14:41:00,2024-12-13 00:25:00,-1,52.229,53.705,-0.02786821086971715,0.40555555555555556,-4.055555555555556e-05,0.0012000000000000001,-0.029027655314161595
avaxusdt,2024-12-13 00:59:00,2024-12-13 22:55:00,1,53.123,52.267,-0.01624478269820727,0.9138888888888889,9.138888888888889e-05,0.0012000000000000001,-0.017536171587096156
avaxusdt,2024-12-13 23:06:00,2024-12-15 02:41:00,-1,52.361,50.081,0.04452034476423205,1.1493055555555556,-0.00010350262731481483,0.0012000000000000001,0.043423847391546866
avaxusdt,2024-12-15 03:59:00,2024-12-16 04:23:00,-1,49.527,50.204,-0.013576729384358702,1.0166666666666666,-8.650308333333333e-05,0.0012000000000000001,-0.014690226301025368
avaxusdt,2024-12-16 07:15:00,2024-12-17 08:47:00,-1,50.074,49.225,0.017100286782356075,1.0638888888888889,-0.0001063888888888889,0.0012000000000000001,0.016006675671244964
avaxusdt,2024-12-17 15:47:00,2024-12-18 18:58:00,-1,49.018,47.256,0.03660794758910049,1.132638888888889,-0.0001132638888888889,0.0012000000000000001,0.03552121147798938
avaxusdt,2024-12-18 19:10:00,2024-12-19 10:19:00,-1,46.258,42.833,0.07692558843759073,0.63125,-2.791071875e-05,0.0012000000000000001,0.07575349915634072
avaxusdt,2025-01-08 17:12:00,2025-01-10 12:48:00,-1,36.845,37.461,-0.01658046758215514,1.8166666666666667,-0.00014742249999999998,0.0012000000000000001,-0.01763304508215514
avaxusdt,2025-03-15 08:10:00,2025-03-17 05:59:00,1,18.506,18.472,-0.001838931774644229,1.9090277777777778,-0.0005039960601851852,0.0012000000000000001,-0.002534935714459044
avaxusdt,2025-03-17 06:33:00,2025-03-19 11:41:00,-1,18.273,19.622,-0.07122682521874177,2.213888888888889,0.00020331617592592594,0.0012000000000000001,-0.0726301413946677
avaxusdt,2025-03-25 15:42:00,2025-03-27 15:04:00,1,22.581,22.123,-0.020491053392654966,1.9736111111111112,2.418331481481482e-05,0.0012000000000000001,-0.02171523670746978
avaxusdt,2025-04-15 09:48:00,2025-04-18 10:47:00,-1,20.048,19.04,0.051587368790493235,3.0409722222222224,0.0004825490746527778,0.0012000000000000001,0.04990481971584046
avaxusdt,2025-04-22 09:16:00,2025-04-23 17:59:00,-1,20.135,22.352,-0.1044562082111885,1.3631944444444444,-0.00013631944444444444,0.0012000000000000001,-0.10551988876674406
avaxusdt,2025-04-23 18:19:00,2025-04-26 03:32:00,1,22.582,22.609,0.0011949283358488457,2.384027777777778,4.715010937500001e-05,0.0012000000000000001,-5.222177352615445e-05
avaxusdt,2025-04-28 17:43:00,2025-05-01 10:09:00,-1,21.63,21.346,0.013216871473194171,2.6847222222222222,9.740843402777775e-05,0.0012000000000000001,0.011919463039166394
avaxusdt,2025-05-01 13:36:00,2025-05-04 09:12:00,-1,21.306,20.065,0.06001171947012572,2.816666666666667,0.00028872945833333336,0.0012000000000000001,0.05852299001179239
avaxusdt,2025-05-06 11:29:00,2025-05-08 12:17:00,-1,19.425,20.971,-0.07657963469527107,2.033333333333333,1.1935666666666658e-05,0.0012000000000000001,-0.07779157036193775
avaxusdt,2025-05-08 17:51:00,2025-05-09 22:19:00,-1,21.267,23.116,-0.08336844291454144,1.1861111111111111,-0.00011861111111111112,0.0012000000000000001,-0.08444983180343034
avaxusdt,2025-05-09 23:26:00,2025-05-11 07:49:00,1,23.197,24.484,0.053996883022690324,1.3493055555555555,0.00013493055555555556,0.0012000000000000001,0.052661952467134766
avaxusdt,2025-05-12 14:50:00,2025-05-14 02:57:00,-1,25.068,26.162,-0.04271584390360624,1.5048611111111112,-0.00015048611111111114,0.0012000000000000001,-0.04376535779249513
avaxusdt,2025-05-14 08:01:00,2025-05-15 17:24:00,-1,26.048,24.178,0.07449786104032954,1.3909722222222223,-9.526768750000001e-05,0.0012000000000000001,0.07339312872782953
avaxusdt,2025-05-15 20:33:00,2025-05-18 04:14:00,-1,23.53,22.273,0.05490102016992371,2.3201388888888888,-4.513830208333334e-05,0.0012000000000000001,0.05374615847200704
avaxusdt,2025-05-18 05:01:00,2025-05-19 22:44:00,-1,22.484,22.071,0.018539415521591437,1.7381944444444444,6.305300347222222e-05,0.0012000000000000001,0.017276362518119214
avaxusdt,2025-05-19 23:59:00,2025-05-21 20:08:00,-1,22.244,22.846,-0.02670373798643772,1.8395833333333333,-4.5848548611111115e-05,0.0012000000000000001,-0.02785788943782661
avaxusdt,2025-05-30 12:04:00,2025-06-02 03:01:00,-1,21.803,20.633,0.05515583920281824,2.622916666666667,0.00011511981249999999,0.0012000000000000001,0.05384071939031824
avaxusdt,2025-06-13 06:38:00,2025-06-16 05:19:00,-1,18.839,19.437,-0.03124927695269271,2.9451388888888888,3.5724534722222215e-05,0.0012000000000000001,-0.03248500148741493
avaxusdt,2025-06-21 12:20:00,2025-06-23 04:24:00,-1,17.522,16.607,0.05363294101955593,1.6694444444444445,-1.628264814814815e-05,0.0012000000000000001,0.052449223667704076
avaxusdt,2025-07-17 12:04:00,2025-07-18 09:07:00,-1,22.901,24.277,-0.05834882234392992,0.8770833333333333,-8.770833333333334e-05,0.0012000000000000001,-0.05946111401059659
avaxusdt,2025-07-18 10:33:00,2025-07-19 19:47:00,1,24.32,24.971,0.026416094449482685,1.3847222222222222,0.00013847222222222223,0.0012000000000000001,0.02507762222726046
avaxusdt,2025-07-19 19:54:00,2025-07-21 01:03:00,-1,24.834,25.093,-0.010375240785433214,1.2145833333333333,-0.00012145833333333334,0.0012000000000000001,-0.011453782452099881
avaxusdt,2025-07-22 00:28:00,2025-07-22 15:19:00,-1,25.585,25.288,0.011676267343738509,0.61875,-6.1875e-05,0.0012000000000000001,0.010538142343738508
avaxusdt,2025-07-22 18:42:00,2025-07-23 18:18:00,-1,25.128,23.799,0.05433919924836993,0.9833333333333333,-9.833333333333333e-05,0.0012000000000000001,0.05323753258170326
avaxusdt,2025-07-26 18:51:00,2025-07-28 07:41:00,1,25.489,26.418,0.0357986094542145,1.5347222222222223,0.00015347222222222224,0.0012000000000000001,0.03444513723199228
avaxusdt,2025-07-28 11:49:00,2025-07-29 09:01:00,1,27.121,25.207,-0.07318660182668736,0.8833333333333333,6.212483333333333e-05,0.0012000000000000001,-0.0744487266600207
avaxusdt,2025-07-29 10:40:00,2025-07-30 18:16:00,-1,24.719,23.46,0.052275335471479306,1.3166666666666667,-5.554358333333334e-05,0.0012000000000000001,0.05113087905481264
avaxusdt,2025-07-30 18:35:00,2025-08-01 03:15:00,-1,23.481,22.324,0.05052925056462367,1.3611111111111112,-2.115166666666667e-05,0.0012000000000000001,0.049350402231290336
avaxusdt,2025-08-01 08:37:00,2025-08-03 01:26:00,-1,21.818,21.047,0.03597728501853018,1.7006944444444445,-8.099273842592591e-05,0.0012000000000000001,0.03485827775695611
avaxusdt,2025-08-11 00:54:00,2025-08-12 12:04:00,-1,23.781,22.983,0.034132130320334894,1.4652777777777777,-9.073e-05,0.0012000000000000001,0.03302286032033489
avaxusdt,2025-08-12 12:29:00,2025-08-13 13:59:00,-1,23.113,25.154,-0.08462169983041182,1.0625,-0.00010625000000000001,0.0012000000000000001,-0.08571544983041182
avaxusdt,2025-08-13 14:16:00,2025-08-14 12:39:00,1,24.912,23.858,-0.04323002423188836,0.9326388888888889,9.326388888888889e-05,0.0012000000000000001,-0.04452328812077725
avaxusdt,2025-08-14 12:52:00,2025-08-15 06:36:00,-1,24.003,25.482,-0.05979349802309249,0.7388888888888889,-7.38888888888889e-05,0.0012000000000000001,-0.0609196091342036
avaxusdt,2025-08-15 08:04:00,2025-08-16 08:35:00,-1,25.322,23.975,0.05466196232855946,1.0215277777777778,-8.791778819444445e-05,0.0012000000000000001,0.053549880116753906
avaxusdt,2025-08-18 07:29:00,2025-08-19 11:29:00,-1,23.521,23.335,0.00793925973162765,1.1666666666666667,3.553666666666666e-05,0.0012000000000000001,0.006703723064960983
avaxusdt,2025-08-23 13:03:00,2025-08-24 09:31:00,-1,26.201,25.497,0.027236779793006333,0.8527777777777777,-8.527777777777777e-05,0.0012000000000000001,0.02612205757078411
avaxusdt,2025-08-24 10:00:00,2025-08-24 23:45:00,-1,25.457,25.859,-0.01566794854239764,0.5729166666666666,-5.7291666666666666e-05,0.0012000000000000001,-0.016810656875730974
avaxusdt,2025-08-25 00:14:00,2025-08-25 20:04:00,-1,25.788,23.63,0.08739217624955727,0.8263888888888888,5.9971041666666664e-05,0.0012000000000000001,0.0861322052078906
avaxusdt,2025-08-28 00:35:00,2025-08-29 02:18:00,-1,24.263,24.857,-0.024186846799421343,1.0715277777777779,-5.307277083333334e-05,0.0012000000000000001,-0.02533377402858801
avaxusdt,2025-08-29 12:29:00,2025-08-30 18:09:00,-1,23.86,23.693,0.007023770805430141,1.2361111111111112,-4.626145833333334e-05,0.0012000000000000001,0.005870032263763475
avaxusdt,2025-09-02 10:33:00,2025-09-03 08:02:00,1,24.243,24.842,0.024407853202581833,0.8951388888888889,8.95138888888889e-05,0.0012000000000000001,0.023118339313692945
avaxusdt,2025-09-03 08:15:00,2025-09-04 11:12:00,1,25.119,24.75,-0.014799042875705238,1.1229166666666666,0.00011229166666666667,0.0012000000000000001,-0.016111334542371906
avaxusdt,2025-09-04 11:31:00,2025-09-05 14:21:00,-1,24.661,24.554,0.004348274655765778,1.1180555555555556,-0.00011180555555555556,0.0012000000000000001,0.0032600802113213335
avaxusdt,2025-09-05 14:31:00,2025-09-07 22:01:00,-1,24.491,24.518,-0.0011018385493117354,2.3125,-0.00023125,0.0012000000000000001,-0.0020705885493117354
avaxusdt,2025-09-07 23:31:00,2025-09-09 07:24:00,1,24.874,25.952,0.04242559670145326,1.3284722222222223,0.00013284722222222224,0.0012000000000000001,0.041092749479231035
avaxusdt,2025-09-09 14:39:00,2025-09-10 12:33:00,1,25.795,27.439,0.06178468434831539,0.9125,9.125e-05,0.0012000000000000001,0.06049343434831539
avaxusdt,2025-09-10 12:36:00,2025-09-10 22:17:00,1,27.546,29.099,0.054846474830673744,0.40347222222222223,4.0347222222222223e-05,0.0012000000000000001,0.05360612760845152
avaxusdt,2025-09-11 00:11:00,2025-09-11 15:42:00,-1,29.396,28.856,0.018540667065386894,0.6465277777777778,-6.387047916666667e-05,0.0012000000000000001,0.01740453754455356
avaxusdt,2025-09-11 23:29:00,2025-09-13 00:45:00,-1,29.165,29.03,0.004639582169062344,1.0527777777777778,-6.471775925925928e-05,0.0012000000000000001,0.003504299928321603
avaxusdt,2025-09-13 02:48:00,2025-09-13 14:06:00,-1,29.363,29.85,-0.01644946147578806,0.4708333333333333,-4.708333333333334e-05,0.0012000000000000001,-0.017602378142454727
avaxusdt,2025-09-13 15:27:00,2025-09-14 13:30:00,-1,29.956,29.316,0.02159619632351698,0.91875,-6.517153125e-05,0.0012000000000000001,0.02046136785476698
avaxusdt,2025-09-14 14:36:00,2025-09-15 08:19:00,-1,29.177,28.69,0.01683209767210685,0.7381944444444445,-4.990194444444445e-06,0.0012000000000000001,0.015637087866551293
avaxusdt,2025-09-15 08:40:00,2025-09-16 00:35:00,1,28.492,29.564,0.03693405880653299,0.6631944444444444,2.3758940972222225e-05,0.0012000000000000001,0.03571029986556077
avaxusdt,2025-09-16 01:20:00,2025-09-16 16:45:00,1,29.674,29.99,0.010592751232315895,0.6423611111111112,6.423611111111112e-05,0.0012000000000000001,0.009328515121204785
avaxusdt,2025-09-16 17:04:00,2025-09-17 18:04:00,1,30.118,30.262,0.004769800364751407,1.0416666666666667,4.689583333333333e-05,0.0012000000000000001,0.0035229045314180735
avaxusdt,2025-09-17 18:05:00,2025-09-18 04:05:00,-1,30.27,33.2,-0.09239275288881578,0.4166666666666667,-1.8758333333333333e-05,0.0012000000000000001,-0.09357399455548246
avaxusdt,2025-09-18 04:58:00,2025-09-18 17:53:00,1,32.805,34.342,0.04578815209476998,0.5381944444444444,5.3819444444444444e-05,0.0012000000000000001,0.04453433265032554
avaxusdt,2025-09-18 17:56:00,2025-09-19 02:05:00,-1,34.328,35.456,-0.03233114343559502,0.33958333333333335,-3.3958333333333337e-05,0.0012000000000000001,-0.033497185102261684
avaxusdt,2025-09-19 02:47:00,2025-09-19 14:46:00,1,35.573,33.915,-0.04772952874241685,0.49930555555555556,4.993055555555556e-05,0.0012000000000000001,-0.04897945929797241
avaxusdt,2025-09-19 15:22:00,2025-09-20 14:43:00,-1,33.695,33.347,0.010381645105231992,0.9729166666666667,-2.732922916666667e-05,0.0012000000000000001,0.009208974334398658
avaxusdt,2025-09-20 14:57:00,2025-09-21 16:47:00,1,33.637,32.719,-0.027670702659538006,1.0763888888888888,1.4719618055555556e-05,0.0012000000000000001,-0.02888542227759356
avaxusdt,2025-09-21 17:04:00,2025-09-22 08:41:00,-1,32.685,30.858,0.057520221043858746,0.6506944444444445,-5.568968402777778e-05,0.0012000000000000001,0.05637591072788652
avaxusdt,2025-09-22 08:51:00,2025-09-22 21:06:00,-1,30.962,32.5,-0.04847944321741804,0.5104166666666666,-5.104166666666666e-05,0.0012000000000000001,-0.04962840155075137
avaxusdt,2025-09-22 21:07:00,2025-09-23 03:54:00,1,32.42,35.094,0.07925465938141366,0.2826388888888889,2.826388888888889e-05,0.0012000000000000001,0.07802639549252476
avaxusdt,2025-09-23 04:50:00,2025-09-23 14:44:00,1,34.121,35.123,0.028943156013453708,0.4125,4.125e-05,0.0012000000000000001,0.02770190601345371
avaxusdt,2025-09-23 14:48:00,2025-09-24 01:00:00,-1,35.183,34.404,0.02239017470925469,0.425,-3.768475e-05,0.0012000000000000001,0.021227859459254688
avaxusdt,2025-09-24 01:11:00,2025-09-24 15:56:00,-1,34.349,34.484,-0.0039225421845990715,0.6145833333333334,-4.7531875e-05,0.0012000000000000001,-0.005075010309599072
avaxusdt,2025-09-24 16:14:00,2025-09-25 04:22:00,-1,34.541,31.321,0.09785822514610938,0.5055555555555555,-4.2954527777777776e-05,0.0012000000000000001,0.09670117967388715
avaxusdt,2025-09-25 12:24:00,2025-09-25 23:39:00,-1,30.382,28.58,0.061143155283749695,0.46875,-4.3401562499999995e-05,0.0012000000000000001,0.0599865568462497
avaxusdt,2025-09-26 00:44:00,2025-09-26 14:45:00,-1,28.572,27.155,0.05086602580591733,0.5840277777777778,-1.5027034722222224e-05,0.0012000000000000001,0.04968105284063955
avaxusdt,2025-09-26 14:54:00,2025-09-27 07:07:00,-1,27.111,28.728,-0.057932707335853366,0.6756944444444445,-1.1088145833333334e-05,0.0012000000000000001,-0.059121619190020035
avaxusdt,2025-09-27 14:57:00,2025-09-28 23:27:00,-1,28.691,30.032,-0.045679995108016916,1.3541666666666667,-7.250885416666667e-05,0.0012000000000000001,-0.04680748625385025
avaxusdt,2025-09-29 02:33:00,2025-09-29 19:47:00,1,29.728,30.431,0.023372463044431944,0.7180555555555556,4.118048611111111e-05,0.0012000000000000001,0.022131282558320833
avaxusdt,2025-10-02 13:16:00,2025-10-03 07:41:00,1,30.422,30.143,-0.009213307143535762,0.7673611111111112,-5.41373263888889e-05,0.0012000000000000001,-0.010359169817146872
avaxusdt,2025-10-06 11:59:00,2025-10-07 12:59:00,-1,30.495,29.945,0.018200370031993904,1.0416666666666667,3.145833333333333e-05,0.0012000000000000001,0.01696891169866057
avaxusdt,2025-10-07 19:04:00,2025-10-08 19:02:00,-1,28.385,29.258,-0.03029220393320475,0.9986111111111111,8.599040277777777e-05,0.0012000000000000001,-0.03157819433598253
avaxusdt,2025-10-08 19:14:00,2025-10-10 08:31:00,1,29.153,28.358,-0.027648646137624456,1.5534722222222221,7.904066666666667e-05,0.0012000000000000001,-0.02892768680429112
avaxusdt,2025-11-25 23:22:00,2025-11-28 11:23:00,1,14.326,15.015,0.046973633243034094,2.5006944444444446,-0.00054161290625,0.0012000000000000001,0.046315246149284096
avaxusdt,2025-12-29 03:39:00,2026-01-01 16:48:00,1,12.989,12.562,-0.033426461392958046,3.5479166666666666,4.1111484375e-05,0.0012000000000000001,-0.03466757287733305
avaxusdt,2026-01-08 03:08:00,2026-01-12 02:49:00,-1,14.177,14.037,0.009924232583305414,3.9868055555555557,7.312598750000001e-05,0.0012000000000000001,0.008651106595805414
linkusdt,2024-01-14 18:20:00,2024-01-15 15:22:00,-1,15.187,15.418,-0.015095859288937492,0.8763888888888889,0.0,0.0012000000000000001,-0.01629585928893749
linkusdt,2024-01-15 17:24:00,2024-01-17 06:10:00,1,15.508,15.858,0.022318085041524573,1.5319444444444446,0.0,0.0012000000000000001,0.021118085041524574
linkusdt,2024-01-17 23:59:00,2024-01-19 04:31:00,1,15.761,14.842,-0.060077534645462075,1.1888888888888889,0.0,0.0012000000000000001,-0.061277534645462074
linkusdt,2024-01-19 04:46:00,2024-01-19 22:50:00,-1,14.795,15.791,-0.0651508716323332,0.7527777777777778,0.0,0.0012000000000000001,-0.0663508716323332
linkusdt,2024-01-19 22:59:00,2024-01-20 15:07:00,1,15.848,15.87,0.0013872251420678455,0.6722222222222223,0.0,0.0012000000000000001,0.0001872251420678454
linkusdt,2024-01-20 17:41:00,2024-01-22 07:29:00,-1,15.862,15.66,0.012816621098470777,1.575,0.0,0.0012000000000000001,0.011616621098470777
linkusdt,2024-01-28 07:48:00,2024-01-30 04:17:00,-1,14.526,14.99,-0.03144316493052994,1.8534722222222222,0.0,0.0012000000000000001,-0.03264316493052994
linkusdt,2024-01-30 08:33:00,2024-01-31 09:41:00,-1,15.058,15.699,-0.04168760463024989,1.0472222222222223,0.0,0.0012000000000000001,-0.04288760463024989
linkusdt,2024-01-31 09:58:00,2024-02-01 07:44:00,1,15.613,15.719,0.0067662711867176465,0.9069444444444444,0.0,0.0012000000000000001,0.005566271186717646
linkusdt,2024-02-01 14:41:00,2024-02-01 21:49:00,1,16.193,17.282,0.06508644732787368,0.2972222222222222,0.0,0.0012000000000000001,0.06388644732787367
linkusdt,2024-02-01 22:32:00,2024-02-02 06:38:00,-1,17.122,18.063,-0.05350146083012648,0.3375,-3.375000000000001e-05,0.0012000000000000001,-0.05466771083012648
linkusdt,2024-02-02 06:42:00,2024-02-02 15:14:00,1,18.042,18.331,0.01589124250278064,0.35555555555555557,3.555555555555556e-05,0.0012000000000000001,0.014655686947225084
linkusdt,2024-02-02 15:15:00,2024-02-03 00:08:00,1,18.423,17.796,-0.03462617107157646,0.3701388888888889,3.701388888888889e-05,0.0012000000000000001,-0.035863184960465345
linkusdt,2024-02-03 00:31:00,2024-02-03 19:55:00,1,17.88,17.768,-0.006283683153241726,0.8083333333333333,8.083333333333334e-05,0.0012000000000000001,-0.007564516486575058
linkusdt,2024-02-04 17:55:00,2024-02-05 07:26:00,1,18.497,18.682,0.009951936678245022,0.5631944444444444,5.6319444444444444e-05,0.0012000000000000001,0.008695617233800579
linkusdt,2024-02-05 07:30:00,2024-02-05 15:20:00,-1,18.713,19.306,-0.031197458930771926,0.3263888888888889,-3.263888888888889e-05,0.0012000000000000001,-0.03236482004188304
linkusdt,2024-02-05 15:48:00,2024-02-06 09:40:00,-1,19.226,19.223,0.00015605087290119677,0.7444444444444445,-7.444444444444444e-05,0.0012000000000000001,-0.0009695046826543589
linkusdt,2024-02-06 10:46:00,2024-02-07 07:44:00,1,18.739,18.32,-0.022613554347544577,0.8736111111111111,8.736111111111112e-05,0.0012000000000000001,-0.023900915458655688
linkusdt,2024-02-07 07:52:00,2024-02-08 07:34:00,1,18.402,19.189,0.04187784382743586,0.9875,9.875000000000002e-05,0.0012000000000000001,0.04057909382743586
linkusdt,2024-02-09 12:05:00,2024-02-10 17:36:00,-1,18.413,18.388,0.0013586589411014442,1.229861111111111,-9.111426041666667e-05,0.0012000000000000001,0.0002497732015181108
linkusdt,2024-02-10 19:42:00,2024-02-11 09:20:00,-1,18.639,20.477,-0.09404614531675673,0.5680555555555555,-5.6805555555555555e-05,0.0012000000000000001,-0.09518933976120118
linkusdt,2024-02-12 16:11:00,2024-02-13 13:59:00,-1,20.337,19.974,0.018010459295995287,0.9083333333333333,-9.083333333333334e-05,0.0012000000000000001,0.01690129262932862
linkusdt,2024-02-19 16:41:00,2024-02-20 17:20:00,-1,20.134,18.77,0.0701500777088142,1.0270833333333333,-0.00014776647916666665,0.0012000000000000001,0.06909784418798087
linkusdt,2024-03-11 00:27:00,2024-03-11 16:16:00,-1,21.952,21.11,0.03911138968324561,0.6590277777777778,-0.00040238259027777773,0.0012000000000000001,0.03831377227352339
linkusdt,2024-04-13 01:24:00,2024-04-13 21:00:00,-1,15.062,12.265,0.20542533796870724,0.8166666666666667,-8.166666666666667e-05,0.0012000000000000001,0.2043070046353739
linkusdt,2024-05-17 00:32:00,2024-05-17 11:39:00,1,15.563,16.516,0.05943330580097064,0.46319444444444446,4.631944444444445e-05,0.0012000000000000001,0.0581869863565262
linkusdt,2024-05-17 11:44:00,2024-05-18 06:51:00,1,16.623,16.258,-0.022202183228941783,0.7965277777777777,7.965277777777777e-05,0.0012000000000000001,-0.02348183600671956
linkusdt,2024-05-18 07:21:00,2024-05-19 14:18:00,-1,16.278,16.532,-0.015483393744636422,1.2895833333333333,-0.00012895833333333333,0.0012000000000000001,-0.016554435411303088
linkusdt,2024-05-23 02:41:00,2024-05-24 06:26:00,-1,16.297,17.157,-0.05142521180743697,1.15625,-0.000115625,0.0012000000000000001,-0.05250958680743697
linkusdt,2024-05-24 14:14:00,2024-05-26 17:33:00,1,17.317,17.115,-0.0117334059878653,2.1381944444444443,0.00021381944444444443,0.0012000000000000001,-0.013147225432309746
linkusdt,2024-06-07 19:54:00,2024-06-11 13:05:00,-1,16.302,15.324,0.061867572833863176,3.7159722222222222,-0.00044584234722222233,0.0012000000000000001,0.0611134151810854
linkusdt,2024-08-25 00:54:00,2024-08-27 22:45:00,-1,12.169,10.971,0.10363630651930913,2.910416666666667,-0.00024051683333333333,0.0012000000000000001,0.10267682335264246
linkusdt,2024-08-27 23:11:00,2024-09-01 09:23:00,-1,11.087,10.859,0.02077902155545112,4.425,-9.9835375e-05,0.0012000000000000001,0.01967885693045112
linkusdt,2024-09-08 18:12:00,2024-09-12 23:31:00,-1,10.241,10.748,-0.04832041965994411,4.221527777777778,-0.0001368028291666667,0.0012000000000000001,-0.049383616830777445
linkusdt,2024-10-01 22:01:00,2024-10-05 20:01:00,-1,11.059,11.15,-0.008194921812904921,3.9166666666666665,-0.0001602465,0.0012000000000000001,-0.00923467531290492
linkusdt,2024-10-25 23:12:00,2024-10-29 04:38:00,-1,11.256,11.513,-0.02257551187943948,3.2263888888888888,-0.0003124886694444444,0.0012000000000000001,-0.023463023209995035
linkusdt,2024-10-29 05:43:00,2024-10-31 19:59:00,-1,11.487,11.408,0.006901097491327061,2.5944444444444446,-0.00025944444444444447,0.0012000000000000001,0.005960541935771505
linkusdt,2024-11-09 09:29:00,2024-11-10 21:54:00,-1,13.458,14.275,-0.05893603077594771,1.5173611111111112,-0.0003010899652777778,0.0012000000000000001,-0.05983494081066993
linkusdt,2024-11-10 23:47:00,2024-11-12 08:29:00,-1,14.291,14.952,-0.04521510165360403,1.3625,-0.00040306383333333333,0.0012000000000000001,-0.0460120378202707
linkusdt,2024-11-12 08:53:00,2024-11-13 12:26:00,-1,15.088,13.439,0.11573879832617455,1.1479166666666667,-0.00040738988541666666,0.0012000000000000001,0.11494618821159121
linkusdt,2024-11-20 10:28:00,2024-11-21 19:13:00,-1,14.889,15.127,-0.015858541306648977,1.3645833333333333,-0.00013645833333333332,0.0012000000000000001,-0.016922082973315645
linkusdt,2024-11-23 19:12:00,2024-11-24 18:02:00,-1,17.676,16.77,0.052616211433375984,0.9513888888888888,-0.00028750972222222216,0.0012000000000000001,0.05170372115559821
linkusdt,2024-11-24 18:17:00,2024-11-25 15:15:00,-1,16.859,17.926,-0.06136753410150557,0.8736111111111111,-0.0002317559236111111,0.0012000000000000001,-0.06233577817789446
linkusdt,2024-11-25 18:46:00,2024-11-26 19:12:00,-1,17.864,17.017,0.04857467014855727,1.0180555555555555,-0.0001498883194444444,0.0012000000000000001,0.047524558468001715
linkusdt,2024-11-26 19:26:00,2024-11-27 23:15:00,-1,16.889,18.753,-0.10469121718200088,1.1590277777777778,-0.00011604186111111112,0.0012000000000000001,-0.10577517532088977
linkusdt,2024-11-28 14:26:00,2024-11-30 13:34:00,-1,17.752,18.496,-0.04105630685967407,1.9638888888888888,-0.0004641782314814815,0.0012000000000000001,-0.041792128628192586
linkusdt,2024-12-01 01:52:00,2024-12-02 07:05:00,-1,18.758,19.73,-0.050519991947777294,1.2173611111111111,-0.0002614282986111111,0.0012000000000000001,-0.051458563649166185
linkusdt,2024-12-02 07:44:00,2024-12-02 13:30:00,-1,19.929,21.072,-0.05576918764971148,0.24027777777777778,-7.716280555555555e-05,0.0012000000000000001,-0.05689202484415592
linkusdt,2024-12-02 13:41:00,2024-12-02 18:37:00,-1,21.024,23.317,-0.10351806596465594,0.20555555555555555,-6.60121111111111e-05,0.0012000000000000001,-0.10465205385354484
linkusdt,2024-12-02 18:39:00,2024-12-02 22:10:00,1,23.063,24.51,0.060851595757485645,0.14652777777777778,4.7055930555555554e-05,0.0012000000000000001,0.05960453982693009
linkusdt,2024-12-02 22:18:00,2024-12-03 06:34:00,1,24.773,25.054,0.011279145003360568,0.34444444444444444,0.00010501594444444443,0.0012000000000000001,0.009974129058916124
linkusdt,2024-12-03 06:43:00,2024-12-03 12:13:00,-1,24.909,24.662,0.009965586499664506,0.22916666666666666,-6.6144375e-05,0.0012000000000000001,0.008831730874664507
linkusdt,2024-12-03 15:20:00,2024-12-04 03:55:00,-1,23.562,24.036,-0.01991746164775401,0.5243055555555556,-0.00019184078125,0.0012000000000000001,-0.02092562086650401
linkusdt,2024-12-04 14:16:00,2024-12-04 23:00:00,-1,24.736,24.173,0.023023364581047746,0.3638888888888889,-0.000161261,0.0012000000000000001,0.021984625581047745
linkusdt,2024-12-04 23:21:00,2024-12-05 15:32:00,-1,24.004,24.323,-0.013201921626222754,0.6743055555555556,-0.00032083121180555556,0.0012000000000000001,-0.014081090414417198
linkusdt,2024-12-07 17:00:00,2024-12-08 12:30:00,-1,24.801,26.884,-0.08064733916907121,0.8125,-0.00028273375,0.0012000000000000001,-0.08156460541907122
linkusdt,2024-12-08 13:04:00,2024-12-09 02:32:00,-1,26.916,26.468,0.016784449176258497,0.5611111111111111,-0.00014429252777777777,0.0012000000000000001,0.015728741704036275
linkusdt,2024-12-09 02:36:00,2024-12-09 10:03:00,-1,26.691,25.439,0.04804300040750578,0.3104166666666667,-3.104166666666667e-05,0.0012000000000000001,0.04687404207417245
linkusdt,2024-12-09 12:45:00,2024-12-09 21:12:00,-1,24.808,21.68,0.13477600522670233,0.35208333333333336,-3.520833333333334e-05,0.0012000000000000001,0.13361121356003566
linkusdt,2024-12-09 21:26:00,2024-12-10 05:03:00,-1,22.445,22.506,-0.002714068093909735,0.3173611111111111,-3.173611111111111e-05,0.0012000000000000001,-0.003882331982798624
linkusdt,2024-12-10 05:06:00,2024-12-10 15:57:00,-1,22.878,21.443,0.06477749831638802,0.45208333333333334,-4.520833333333334e-05,0.0012000000000000001,0.06362270664972135
linkusdt,2024-12-12 04:01:00,2024-12-12 08:26:00,1,27.312,29.034,0.06114139098715157,0.1840277777777778,1.8402777777777778e-05,0.0012000000000000001,0.05992298820937379
linkusdt,2024-12-12 08:31:00,2024-12-12 15:36:00,1,29.157,28.187,-0.03383414244307437,0.2951388888888889,2.951388888888889e-05,0.0012000000000000001,-0.03506365633196326
linkusdt,2024-12-12 15:42:00,2024-12-12 22:34:00,1,28.328,28.518,0.006684752050324925,0.2861111111111111,2.861111111111111e-05,0.0012000000000000001,0.005456140939213814
linkusdt,2024-12-12 23:02:00,2024-12-13 03:07:00,1,28.742,30.214,0.049945925469477875,0.1701388888888889,1.701388888888889e-05,0.0012000000000000001,0.048728911580588986
linkusdt,2024-12-13 03:08:00,2024-12-13 11:07:00,1,30.061,28.821,-0.04212436247552342,0.3326388888888889,3.326388888888889e-05,0.0012000000000000001,-0.04335762636441231
linkusdt,2024-12-13 11:10:00,2024-12-13 23:47:00,-1,28.871,28.851,0.0006929767090661924,0.5256944444444445,-5.256944444444445e-05,0.0012000000000000001,-0.00045445384648936326
linkusdt,2024-12-13 23:49:00,2024-12-14 09:44:00,-1,29.054,30.149,-0.03699558767659505,0.4131944444444444,-4.1319444444444445e-05,0.0012000000000000001,-0.0381542682321506
linkusdt,2024-12-14 09:47:00,2024-12-14 15:43:00,-1,30.195,30.506,-0.01024703781787687,0.24722222222222223,-2.4722222222222223e-05,0.0012000000000000001,-0.011422315595654646
linkusdt,2024-12-14 16:03:00,2024-12-15 00:25:00,-1,30.388,29.018,0.04613146654748178,0.3486111111111111,-3.486111111111111e-05,0.0012000000000000001,0.04496632765859289
linkusdt,2024-12-15 01:24:00,2024-12-15 13:24:00,-1,29.034,28.472,0.019546408831344907,0.5,-5e-05,0.0012000000000000001,0.01839640883134491
linkusdt,2024-12-16 09:10:00,2024-12-16 14:36:00,-1,29.423,29.72,-0.010043538427007158,0.2263888888888889,-2.263888888888889e-05,0.0012000000000000001,-0.011220899538118268
linkusdt,2024-12-16 14:44:00,2024-12-16 22:51:00,-1,29.873,29.082,0.02683563631272911,0.33819444444444446,-3.3819444444444446e-05,0.0012000000000000001,0.025669455757173554
linkusdt,2024-12-17 04:31:00,2024-12-17 18:58:00,-1,28.357,27.66,0.024886587039254622,0.6020833333333333,-6.020833333333333e-05,0.0012000000000000001,0.023746795372587955
linkusdt,2024-12-18 00:17:00,2024-12-18 14:38:00,-1,27.945,27.031,0.03325393718719016,0.5979166666666667,-5.9791666666666665e-05,0.0012000000000000001,0.032113728853856834
linkusdt,2024-12-21 14:30:00,2024-12-22 14:32:00,-1,22.903,21.802,0.04926619764051668,1.0013888888888889,-8.76015e-05,0.0012000000000000001,0.04815379914051668
linkusdt,2024-12-24 03:51:00,2024-12-24 22:10:00,1,24.022,25.868,0.07403660645204779,0.7631944444444444,7.631944444444445e-05,0.0012000000000000001,0.07276028700760334
linkusdt,2025-01-07 23:33:00,2025-01-08 21:50:00,-1,21.532,20.228,0.0624724174809742,0.9284722222222223,-6.432919791666668e-05,0.0012000000000000001,0.061336746678890865
linkusdt,2025-01-17 01:17:00,2025-01-18 00:30:00,1,23.462,25.393,0.07909145440772675,0.9673611111111111,9.673611111111112e-05,0.0012000000000000001,0.07779471829661563
linkusdt,2025-01-18 19:20:00,2025-01-19 14:20:00,-1,23.874,24.363,-0.02027558729553704,0.7916666666666666,-7.916666666666666e-05,0.0012000000000000001,-0.021396420628870372
linkusdt,2025-01-21 18:12:00,2025-01-22 15:34:00,1,26.512,25.454,-0.04072455911435174,0.8902777777777777,8.902777777777777e-05,0.0012000000000000001,-0.042013586892129515
linkusdt,2025-01-23 16:27:00,2025-01-24 13:42:00,-1,26.014,25.945,0.0026559418218460645,0.8854166666666666,-7.043932291666667e-05,0.0012000000000000001,0.0015263811447627311
linkusdt,2025-03-15 00:29:00,2025-03-17 00:39:00,-1,13.766,13.488,0.020401382716672824,2.0069444444444446,0.00010418048611111113,0.0012000000000000001,0.019097202230561713
linkusdt,2025-04-26 09:17:00,2025-04-28 15:29:00,-1,14.998,14.496,0.034044109578574094,2.2583333333333333,-0.0001363506388888889,0.0012000000000000001,0.03298046021746298
linkusdt,2025-05-06 15:15:00,2025-05-08 12:54:00,-1,13.379,14.875,-0.10599563794021126,1.9020833333333333,-9.624541666666676e-06,0.0012000000000000001,-0.1071860133985446
linkusdt,2025-05-09 08:40:00,2025-05-10 11:55:00,1,16.367,16.065,-0.018624119955925025,1.1354166666666667,0.00011354166666666668,0.0012000000000000001,-0.019937661622591692
linkusdt,2025-05-11 15:43:00,2025-05-12 16:04:00,-1,16.66,16.782,-0.007296246709181143,1.0145833333333334,-8.804554166666668e-05,0.0012000000000000001,-0.008408201167514477
linkusdt,2025-05-15 07:17:00,2025-05-16 15:29:00,-1,16.406,16.189,0.01331512232118934,1.3416666666666666,1.992375000000005e-06,0.0012000000000000001,0.012113129946189339
linkusdt,2025-05-16 19:59:00,2025-05-18 17:50:00,-1,16.051,15.995,0.0034949795295992746,1.9104166666666667,-4.159613888888889e-05,0.0012000000000000001,0.0023365756684881633
linkusdt,2025-05-18 18:09:00,2025-05-20 01:35:00,-1,15.653,15.974,-0.020299808589111217,1.3097222222222222,4.802314814814843e-08,0.0012000000000000001,-0.021499856612259366
linkusdt,2025-05-20 02:36:00,2025-05-21 13:44:00,-1,16.305,15.83,0.02956493534836166,1.4638888888888888,-1.855479166666667e-05,0.0012000000000000001,0.028383490140028327
linkusdt,2025-05-23 12:14:00,2025-05-25 12:06:00,-1,16.049,15.136,0.058570530029496734,1.9944444444444445,-3.2296703703703704e-05,0.0012000000000000001,0.057402826733200435
linkusdt,2025-05-30 08:53:00,2025-06-01 07:46:00,-1,14.502,13.864,0.04499101853609594,1.9534722222222223,-7.982538657407408e-05,0.0012000000000000001,0.043870843922670016
linkusdt,2025-06-06 14:44:00,2025-06-09 13:55:00,-1,13.437,13.759,-0.023681059552406757,2.9659722222222222,-9.285717534722221e-05,0.0012000000000000001,-0.024788202377059535
linkusdt,2025-06-10 11:24:00,2025-06-11 12:29:00,1,14.75,15.102,0.023584102595404922,1.0451388888888888,0.0001045138888888889,0.0012000000000000001,0.022279588706516033
linkusdt,2025-06-11 12:33:00,2025-06-12 20:16:00,-1,15.304,14.166,0.07726950480652091,1.3215277777777779,-4.66301076388889e-05,0.0012000000000000001,0.07611613491415979
linkusdt,2025-06-13 00:16:00,2025-06-14 18:40:00,-1,13.626,12.875,0.05669228580167655,1.7666666666666666,0.00014722516666666667,0.0012000000000000001,0.05534506063500988
linkusdt,2025-06-16 21:16:00,2025-06-18 15:14:00,-1,14.058,12.81,0.09296551284507062,1.7486111111111111,-2.452135648148147e-05,0.0012000000000000001,0.0917900342015521
linkusdt,2025-07-01 18:48:00,2025-07-03 16:08:00,-1,12.866,13.611,-0.05629011636112801,1.8888888888888888,-0.00010206925925925927,0.0012000000000000001,-0.057388047101868754
linkusdt,2025-07-04 07:48:00,2025-07-07 10:07:00,1,13.407,13.539,0.009797450893549667,3.0965277777777778,0.00016303992881944445,0.0012000000000000001,0.008434410964730223
linkusdt,2025-07-07 11:29:00,2025-07-09 12:45:00,-1,13.587,14.138,-0.03975275450657575,2.0527777777777776,-0.00015898763888888887,0.0012000000000000001,-0.04079376686768686
linkusdt,2025-07-09 23:11:00,2025-07-11 08:40:00,1,14.3,15.258,0.06484441840217592,1.395138888888889,0.00013215685648148147,0.0012000000000000001,0.06351226154569443
linkusdt,2025-07-11 09:14:00,2025-07-12 19:23:00,-1,15.344,15.016,0.02160821885687463,1.4229166666666666,-0.00014229166666666668,0.0012000000000000001,0.020550510523541295
linkusdt,2025-07-12 20:40:00,2025-07-14 13:35:00,-1,14.95,16.174,-0.07869371483693505,1.7048611111111112,-0.00017048611111111114,0.0012000000000000001,-0.07972322872582394
linkusdt,2025-07-15 00:03:00,2025-07-16 08:34:00,-1,15.707,16.411,-0.04384536883659553,1.354861111111111,-0.00013548611111111113,0.0012000000000000001,-0.04490988272548442
linkusdt,2025-07-17 22:39:00,2025-07-18 12:13:00,1,17.604,18.418,0.04520229835033041,0.5652777777777778,5.652777777777778e-05,0.0012000000000000001,0.04394577057255263
linkusdt,2025-07-18 12:30:00,2025-07-19 16:00:00,-1,18.434,17.934,0.02749843304161672,1.1458333333333333,-0.00011458333333333333,0.0012000000000000001,0.026413016374950055
linkusdt,2025-07-19 16:22:00,2025-07-20 16:18:00,-1,17.965,19.624,-0.0883278863907061,0.9972222222222222,-9.972222222222222e-05,0.0012000000000000001,-0.08942816416848388
linkusdt,2025-07-20 17:48:00,2025-07-21 14:14:00,-1,19.427,20.024,-0.03026770307282956,0.8513888888888889,-8.51388888888889e-05,0.0012000000000000001,-0.03138256418394067
linkusdt,2025-07-21 14:41:00,2025-07-22 09:28:00,-1,20.15,18.825,0.06801851470673473,0.7826388888888889,-7.826388888888889e-05,0.0012000000000000001,0.06689677859562361
linkusdt,2025-07-31 13:31:00,2025-08-01 14:35:00,-1,17.653,16.693,0.05591627073389488,1.0444444444444445,-3.927111111111111e-05,0.0012000000000000001,0.054755541845005994
linkusdt,2025-08-07 16:45:00,2025-08-08 06:34:00,1,17.808,19.037,0.06673665939046253,0.5756944444444444,5.603234027777778e-05,0.0012000000000000001,0.06548062705018474
linkusdt,2025-08-08 06:52:00,2025-08-08 23:45:00,1,19.06,19.874,0.04182044658311566,0.7034722222222223,7.034722222222223e-05,0.0012000000000000001,0.04055009936089343
linkusdt,2025-08-09 00:15:00,2025-08-09 12:01:00,-1,19.864,20.858,-0.04882851949315564,0.49027777777777776,-4.902777777777778e-05,0.0012000000000000001,-0.04997949171537786
linkusdt,2025-08-09 12:11:00,2025-08-10 02:36:00,1,21.017,21.405,0.018292905551634295,0.6006944444444444,6.006944444444445e-05,0.0012000000000000001,0.01703283610718985
linkusdt,2025-08-10 15:55:00,2025-08-11 08:57:00,-1,22.495,21.954,0.02434370702801082,0.7097222222222223,-7.097222222222223e-05,0.0012000000000000001,0.02321467925023304
linkusdt,2025-08-11 09:10:00,2025-08-11 22:06:00,-1,21.864,20.987,0.04093825021048277,0.5388888888888889,-5.388888888888889e-05,0.0012000000000000001,0.03979213909937166
linkusdt,2025-08-12 02:29:00,2025-08-12 14:26:00,-1,21.627,23.048,-0.06363646369167607,0.4979166666666667,-4.979166666666667e-05,0.0012000000000000001,-0.06478667202500941
linkusdt,2025-08-12 14:39:00,2025-08-12 23:12:00,1,23.311,23.268,-0.0018463261218701682,0.35625,3.5625000000000005e-05,0.0012000000000000001,-0.0030819511218701683
linkusdt,2025-08-12 23:25:00,2025-08-13 08:04:00,-1,23.325,23.465,-0.005984202512973499,0.36041666666666666,-3.604166666666667e-05,0.0012000000000000001,-0.0071481608463068325
linkusdt,2025-08-13 09:07:00,2025-08-13 17:54:00,1,23.537,23.701,0.006943590283947957,0.3659722222222222,3.659722222222222e-05,0.0012000000000000001,0.005706993061725734
linkusdt,2025-08-13 21:39:00,2025-08-14 11:05:00,-1,23.879,23.334,0.023087887199008828,0.5597222222222222,-5.5972222222222224e-05,0.0012000000000000001,0.02194385942123105
linkusdt,2025-08-14 13:00:00,2025-08-15 02:00:00,-1,22.26,22.34,-0.003587447793655719,0.5416666666666666,-5.4166666666666664e-05,0.0012000000000000001,-0.004733281126989052
linkusdt,2025-08-15 02:20:00,2025-08-15 18:44:00,-1,22.427,21.563,0.03928670721562327,0.6833333333333333,-6.833333333333333e-05,0.0012000000000000001,0.038155040548956604
linkusdt,2025-08-17 08:52:00,2025-08-17 15:50:00,1,24.548,26.233,0.06638777566736445,0.2902777777777778,2.9027777777777782e-05,0.0012000000000000001,0.06515874788958667
linkusdt,2025-08-17 16:34:00,2025-08-18 01:02:00,1,26.247,26.053,-0.007418772075834752,0.3527777777777778,1.946451388888889e-05,0.0012000000000000001,-0.008638236589723642
linkusdt,2025-08-18 01:05:00,2025-08-18 05:29:00,1,26.064,24.729,-0.052578407860489174,0.18333333333333332,1.8974999999999996e-06,0.0012000000000000001,-0.053780305360489174
linkusdt,2025-08-18 05:35:00,2025-08-18 12:52:00,-1,24.64,25.394,-0.030141786982280504,0.3034722222222222,-3.1409374999999995e-06,0.0012000000000000001,-0.031338646044780503
linkusdt,2025-08-18 12:53:00,2025-08-18 17:44:00,1,25.345,25.423,0.0030728041827058987,0.20208333333333334,2.0915625e-06,0.0012000000000000001,0.0018707126202058984
linkusdt,2025-08-18 17:47:00,2025-08-19 01:08:00,-1,25.348,25.493,-0.005704073214475512,0.30625,-1.689734375e-05,0.0012000000000000001,-0.006887175870725511
linkusdt,2025-08-19 01:13:00,2025-08-19 08:51:00,1,25.455,24.267,-0.04779478465037401,0.31805555555555554,3.180555555555556e-05,0.0012000000000000001,-0.04902659020592957
linkusdt,2025-08-19 08:53:00,2025-08-19 15:40:00,-1,24.269,24.426,-0.006448322990697104,0.2826388888888889,-2.826388888888889e-05,0.0012000000000000001,-0.007620059101808215
linkusdt,2025-08-19 22:01:00,2025-08-20 08:45:00,-1,23.897,24.949,-0.04308081318773594,0.44722222222222224,-4.472222222222223e-05,0.0012000000000000001,-0.044236090965513716
linkusdt,2025-08-20 17:36:00,2025-08-21 01:52:00,1,25.921,26.436,0.0196732666214174,0.34444444444444444,9.158777777777778e-06,0.0012000000000000001,0.01846410784363962
linkusdt,2025-08-21 01:57:00,2025-08-21 10:47:00,-1,26.353,26.041,0.01190990143836478,0.3680555555555556,1.7232361111111113e-05,0.0012000000000000001,0.01069266907725367
linkusdt,2025-08-21 10:57:00,2025-08-21 16:54:00,-1,25.973,24.984,0.03882191692747544,0.24791666666666667,1.1607458333333333e-05,0.0012000000000000001,0.03761030946914211
linkusdt,2025-08-21 18:52:00,2025-08-22 09:11:00,-1,24.983,24.947,0.001442019076237115,0.5965277777777778,-1.586167361111111e-05,0.0012000000000000001,0.0002578807498482261
linkusdt,2025-08-22 19:58:00,2025-08-23 08:03:00,1,27.243,25.98,-0.04746959613334748,0.5034722222222222,2.2726736111111114e-05,0.0012000000000000001,-0.04869232286945859
linkusdt,2025-08-23 08:08:00,2025-08-24 00:10:00,-1,25.923,26.253,-0.01264966269443187,0.6680555555555555,-3.015602777777778e-05,0.0012000000000000001,-0.013819506666654092
linkusdt,2025-08-25 04:01:00,2025-08-25 13:39:00,-1,25.993,24.369,0.06451543826621478,0.4013888888888889,-1.5329041666666667e-05,0.0012000000000000001,0.06333076730788144
linkusdt,2025-08-28 21:05:00,2025-08-29 08:50:00,-1,24.606,23.394,0.05051073640946203,0.4895833333333333,-1.237666666666667e-05,0.0012000000000000001,0.049323113076128695
linkusdt,2025-10-21 10:00:00,2025-10-22 03:24:00,-1,17.865,17.573,0.016479858262663932,0.725,6.7718625e-05,0.0012000000000000001,0.015212139637663932
linkusdt,2025-12-05 04:07:00,2025-12-07 14:24:00,1,14.27,13.406,-0.06245706355297902,2.428472222222222,1.0660993055555559e-05,0.0012000000000000001,-0.06366772454603457
linkusdt,2025-12-11 00:20:00,2025-12-13 00:45:00,1,14.092,13.624,-0.03377431711860404,2.017361111111111,8.850835648148149e-05,0.0012000000000000001,-0.035062825475085525
linkusdt,2026-01-03 09:03:00,2026-01-05 21:02:00,1,13.064,14.059,0.07340240442960634,2.4993055555555554,0.00024993055555555554,0.0012000000000000001,0.07195247387405078
linkusdt,2026-01-05 21:24:00,2026-01-07 15:30:00,-1,13.987,13.366,0.04541415770828856,1.7541666666666667,-7.199684722222222e-05,0.0012000000000000001,0.044286154555510784
linkusdt,2026-01-07 19:21:00,2026-01-11 07:20:00,-1,13.328,13.215,0.00851453736823434,3.4993055555555554,-0.0002208551708333333,0.0012000000000000001,0.007535392539067673
linkusdt,2026-01-19 08:27:00,2026-01-21 21:02:00,-1,12.843,12.538,0.024034882979141893,2.5243055555555554,-6.541317129629629e-05,0.0012000000000000001,0.02290029615043819
linkusdt,2026-01-27 18:58:00,2026-01-30 08:07:00,1,12.021,10.821,-0.10516642973260563,2.5479166666666666,-5.933460937500001e-05,0.0012000000000000001,-0.10630709512323064
linkusdt,2026-01-30 09:51:00,2026-02-01 04:10:00,-1,10.731,10.046,0.06596220361713748,1.7631944444444445,-9.678174305555557e-05,0.0012000000000000001,0.06485898536019302
linkusdt,2026-02-16 19:24:00,2026-02-21 04:33:00,-1,8.775,8.865,-0.010204170174241668,4.38125,0.0,0.0012000000000000001,-0.011404170174241668
