asset,entry_time_utc,exit_time_utc,side,entry_px,exit_px,holding_days,ecdf,signed_vpin,d25,vpin
arbusdt,2024-01-02T07:02:00,2024-01-02T12:54:00,-1,1.7148,1.7701,0.24444444444444444,0.841726618705036,-0.03438863783431107,-0.0016959085392770357,0.14420753026886377
arbusdt,2024-01-02T14:01:00,2024-01-02T21:43:00,-1,1.7806,1.7473,0.32083333333333336,0.8714859437751004,-0.021919132411131283,-0.0014560529266478828,0.14999438972541373
arbusdt,2024-01-03T04:34:00,2024-01-03T09:22:00,-1,1.88,1.9643,0.2,0.878099173553719,-0.02389970018943693,-0.0037342692057914517,0.15365815753351028
arbusdt,2024-01-03T10:39:00,2024-01-03T12:45:00,-1,1.9609,1.8688,0.0875,0.9634340222575517,-0.007272856478847145,-0.000588032466702082,0.17329438547330994
avaxusdt,2024-01-03T18:17:00,2024-01-04T20:37:00,-1,36.601,39.246,1.0972222222222223,0.8796296296296297,-0.08336167100878945,-0.00018790158845595484,0.10569957209566926
arbusdt,2024-01-04T02:34:00,2024-01-04T10:00:00,-1,1.879,1.8774,0.30972222222222223,0.8609388839681134,-0.039092348352393134,-0.0018137977239121583,0.16890535524736916
arbusdt,2024-01-04T14:24:00,2024-01-04T17:30:00,-1,1.8995,2.0663,0.12916666666666668,0.9315910837817064,-0.003691124608539735,-9.916939567652938e-05,0.17350127057238007
arbusdt,2024-01-06T06:49:00,2024-01-06T18:18:00,-1,1.7139,1.762,0.47847222222222224,0.8516992790937178,-0.05653852106935259,-0.0010356421454379983,0.16477813620985413
arbusdt,2024-01-10T12:06:00,2024-01-10T15:38:00,-1,1.9945,2.0222,0.14722222222222223,0.8214285714285714,-0.0031413567439462415,-0.0006420641800497506,0.15440674754866218
arbusdt,2024-01-11T11:25:00,2024-01-11T15:31:00,-1,2.3334,2.2524,0.17083333333333334,0.9724249797242498,-0.026701526636674355,-0.0003647495738829387,0.1736534053948019
avaxusdt,2024-01-11T15:49:00,2024-01-12T16:53:00,-1,39.381,36.622,1.0444444444444445,0.815311004784689,-0.013243698910254382,-0.0022244863548449567,0.09539271901267156
arbusdt,2024-01-11T16:14:00,2024-01-12T00:01:00,-1,2.1524,2.2699,0.32430555555555557,0.862483660130719,-0.047757515764973224,-0.00026459428592928713,0.159761796641344
suiusdt,2024-01-12T13:32:00,2024-01-13T04:50:00,1,1.1544,1.2199,0.6375,0.8,0.014179599955702038,0.007693972665279242,0.0721814492417856
arbusdt,2024-01-12T14:43:00,2024-01-12T17:22:00,-1,2.3564,2.1846,0.11041666666666666,0.8981259010091303,-0.016886474435395083,-0.0005723653521047256,0.16419860387762142
suiusdt,2024-01-13T05:01:00,2024-01-13T16:48:00,-1,1.2309,1.2838,0.4909722222222222,0.8416289592760181,-0.0060193012797723315,-0.002910256745250042,0.0765794628347462
suiusdt,2024-01-13T17:00:00,2024-01-15T00:23:00,1,1.2892,1.2681,1.3076388888888888,0.9686924493554327,0.008934738713635927,0.0026166339463607885,0.08385582247495296
linkusdt,2024-01-14T18:20:00,2024-01-15T15:22:00,-1,15.187,15.418,0.8763888888888889,0.8005148005148005,-0.008534273606741553,-0.00046401353917772947,0.08144483526340768
linkusdt,2024-01-15T17:24:00,2024-01-17T06:10:00,1,15.508,15.858,1.5319444444444446,0.8757062146892656,0.0005695086324721632,0.0029945355761464426,0.09482987383546218
arbusdt,2024-01-17T16:35:00,2024-01-18T10:08:00,-1,2.0256,1.9633,0.73125,0.8845931909982689,-0.07471740221799142,-0.0006160118448140517,0.16109142481801764
suiusdt,2024-01-17T19:36:00,2024-01-19T14:31:00,-1,1.3104,1.1461,1.7881944444444444,0.9695906432748538,-0.03488829435585216,-2.5378913589058083e-05,0.0891835689110608
linkusdt,2024-01-17T23:59:00,2024-01-19T04:31:00,1,15.761,14.842,1.1888888888888889,0.8142329020332717,0.007756329845866088,0.008484712776658673,0.09219998625150877
linkusdt,2024-01-19T04:46:00,2024-01-19T22:50:00,-1,14.795,15.791,0.7527777777777778,0.8081149619611158,-0.02657969546830695,-0.010991560788778582,0.09507450298053305
linkusdt,2024-01-19T22:59:00,2024-01-20T15:07:00,1,15.848,15.87,0.6722222222222223,0.8520249221183801,0.002621946016457574,0.006606471389281901,0.09697570749648826
suiusdt,2024-01-20T02:50:00,2024-01-22T20:35:00,-1,1.1337,1.1188,2.7395833333333335,0.9918450560652395,-0.03174954670486292,-0.0001457053157591509,0.10385286816273229
linkusdt,2024-01-20T17:41:00,2024-01-22T07:29:00,-1,15.862,15.66,1.575,0.9928263988522238,-0.02332670080366725,-0.00016796278799016684,0.11572283486319103
arbusdt,2024-01-21T21:21:00,2024-01-22T12:38:00,-1,1.8356,1.7224,0.6368055555555555,0.8987645847632121,-0.05697542703534117,-0.0014813782344381132,0.16155538576734457
suiusdt,2024-01-24T07:32:00,2024-01-25T15:59:00,-1,1.2087,1.1908,1.3520833333333333,0.8650858544562551,-0.00982316494349911,-0.0004258154480200893,0.08905586932560387
suiusdt,2024-01-26T00:39:00,2024-01-27T03:41:00,-1,1.1757,1.4259,1.1263888888888889,0.8385650224215246,-0.013058911383764873,-0.0003001966442416626,0.09109628127594245
suiusdt,2024-01-27T08:53:00,2024-01-29T01:04:00,1,1.4019,1.3555,1.6743055555555555,0.8251028806584362,0.000827777887198532,0.010971610061596693,0.08983736570197234
avaxusdt,2024-01-28T06:13:00,2024-01-29T00:30:00,-1,35.976,34.884,0.7618055555555555,0.871953921134249,-0.010532884862033975,-0.0021720222823674307,0.09465463671276692
linkusdt,2024-01-28T07:48:00,2024-01-30T04:17:00,-1,14.526,14.99,1.8534722222222222,0.8871405317417255,-0.014855913874654979,-0.002885969426995913,0.10304675116816514
suiusdt,2024-01-29T01:31:00,2024-01-30T01:35:00,-1,1.3654,1.5842,1.0027777777777778,0.8396407953816549,-0.0029452180995946553,-0.0044402401934056646,0.0927816154871861
avaxusdt,2024-01-29T06:07:00,2024-01-30T08:30:00,-1,35.04,36.52,1.0993055555555555,0.8066414459857083,-0.017774678647790795,-0.0006062347557836967,0.09146743714742207
linkusdt,2024-01-30T08:33:00,2024-01-31T09:41:00,-1,15.058,15.699,1.0472222222222223,0.9209851205746536,-0.008938646469751342,-0.0020336354522396544,0.10669115917800923
avaxusdt,2024-01-30T11:38:00,2024-01-31T18:00:00,1,36.969,35.454,1.2652777777777777,0.8632170076213398,0.00030111820498690794,0.014416368729177537,0.09506354953962559
suiusdt,2024-01-31T00:09:00,2024-01-31T21:31:00,1,1.5109,1.5526,0.8902777777777777,0.808461978273299,0.01006244555870065,0.009014780761095437,0.09177726345290242
linkusdt,2024-01-31T09:58:00,2024-02-01T07:44:00,1,15.613,15.719,0.9069444444444444,0.9253658536585366,0.024235984541815705,0.009353232563918748,0.10699368539207682
linkusdt,2024-02-01T14:41:00,2024-02-01T21:49:00,1,16.193,17.282,0.2972222222222222,0.8101323596531265,0.009673406099046064,0.004127279968142647,0.10276986356635687
linkusdt,2024-02-01T22:32:00,2024-02-02T06:38:00,-1,17.122,18.063,0.3375,0.8404347826086956,-0.0007286388638570569,-0.012630256934640469,0.10582944703372239
avaxusdt,2024-02-02T02:59:00,2024-02-03T02:52:00,-1,34.424,36.201,0.9951388888888889,0.8302940081875698,-0.027089283702181475,-0.0006427060456223044,0.09484273119628979
linkusdt,2024-02-02T06:42:00,2024-02-02T15:14:00,1,18.042,18.331,0.35555555555555557,0.9983340274885465,0.013592121739287666,0.007442366815053447,0.1336115667791945
linkusdt,2024-02-02T15:15:00,2024-02-03T00:08:00,1,18.423,17.796,0.3701388888888889,0.960431654676259,0.004913077812959791,0.002992904952191025,0.12131145373165982
linkusdt,2024-02-03T00:31:00,2024-02-03T19:55:00,1,17.88,17.768,0.8083333333333333,0.9930875576036866,0.00014513416789787987,0.0026945039774257107,0.14327296614887297
avaxusdt,2024-02-03T03:16:00,2024-02-05T06:03:00,1,36.309,34.938,2.115972222222222,0.9856527977044476,0.0005001024092711818,0.007294294822997496,0.10473110254395955
suiusdt,2024-02-04T09:34:00,2024-02-05T20:03:00,-1,1.5159,1.5882,1.4368055555555554,0.854483096521313,-0.006315479710032137,-0.0002958491884956088,0.09391037657404841
linkusdt,2024-02-04T17:55:00,2024-02-05T07:26:00,1,18.497,18.682,0.5631944444444444,0.9060042887776983,0.0012772527483250733,0.01778022490711488,0.12039192946006678
avaxusdt,2024-02-05T07:08:00,2024-02-07T13:53:00,-1,35.195,34.327,2.28125,0.9581459702525078,-0.028535811503774777,-0.0006458638010718859,0.1061571152420963
linkusdt,2024-02-05T07:30:00,2024-02-05T15:20:00,-1,18.713,19.306,0.3263888888888889,0.9354949982752674,-0.014079434087489238,-0.003914931953582501,0.1316461969056589
linkusdt,2024-02-05T15:48:00,2024-02-06T09:40:00,-1,19.226,19.223,0.7444444444444445,0.9770535417359495,-0.005196494491323546,-0.0005281523830531765,0.14218787764108942
suiusdt,2024-02-06T00:08:00,2024-02-08T01:01:00,1,1.576,1.584,2.0368055555555555,0.8106095858538855,0.0028835196657369176,0.00012899529346101224,0.09351930688730578
linkusdt,2024-02-06T10:46:00,2024-02-07T07:44:00,1,18.739,18.32,0.8736111111111111,0.8120590121872996,0.008478318030688495,0.007536171115359688,0.11857247468775575
fetusdt,2024-02-06T12:41:00,2024-02-12T11:00:00,-1,0.5304,0.6285,5.929861111111111,0.9011725293132329,-0.051968501666605,-0.0005155957302765968,0.08963096787839961
linkusdt,2024-02-07T07:52:00,2024-02-08T07:34:00,1,18.402,19.189,0.9875,0.8676607642124884,0.002783264119964829,0.005873129675937339,0.12702657398980685
avaxusdt,2024-02-09T08:39:00,2024-02-11T10:44:00,-1,36.299,40.367,2.0868055555555554,0.8158833063209077,-0.03120461935317001,-0.0011327849674259288,0.09623433786849316
linkusdt,2024-02-09T12:05:00,2024-02-10T17:36:00,-1,18.413,18.388,1.229861111111111,0.9126016260162602,-0.03236762037005521,-0.001540008445549912,0.13248263631914323
suiusdt,2024-02-10T11:54:00,2024-02-12T14:54:00,1,1.7145,1.749,2.125,0.8124477861319966,0.00830266205701533,0.0105980539814345,0.09315579653701109
linkusdt,2024-02-10T19:42:00,2024-02-11T09:20:00,-1,18.639,20.477,0.5680555555555555,0.8048986486486487,-0.037117274210084074,-0.002301822944854065,0.1217468251205413
avaxusdt,2024-02-12T15:14:00,2024-02-13T13:37:00,-1,39.699,39.974,0.9326388888888889,0.9571472298745026,-0.021612852676088038,-0.0007765439980723515,0.10698928818708758
linkusdt,2024-02-12T16:11:00,2024-02-13T13:59:00,-1,20.337,19.974,0.9083333333333333,0.9379885356956749,-0.025217368936911722,-0.00018085835673972706,0.13531750020212438
fetusdt,2024-02-13T08:16:00,2024-02-16T15:25:00,-1,0.6795,0.695,3.2979166666666666,0.8565459610027855,-0.02890182154856131,-0.0008820908338990213,0.09056271547663133
arbusdt,2024-02-13T15:50:00,2024-02-14T15:08:00,-1,2.0402,2.0969,0.9708333333333333,0.8615510013972986,-0.04159090116879667,-0.002985060915464993,0.15255065327102452
avaxusdt,2024-02-13T19:30:00,2024-02-14T20:43:00,-1,39.748,41.901,1.0506944444444444,0.9590935844614479,-0.034497063773508474,-0.0016241420806919205,0.1087645949566346
avaxusdt,2024-02-14T20:59:00,2024-02-15T17:36:00,1,41.977,42.21,0.8590277777777777,0.8142326378965419,0.0013383666765647102,0.001881215618660656,0.0979883811609773
arbusdt,2024-02-15T00:32:00,2024-02-15T15:52:00,-1,2.1512,2.105,0.6388888888888888,0.8203572246393405,-0.02119950876515386,-0.00014192275127947185,0.14840526611869437
avaxusdt,2024-02-15T17:55:00,2024-02-17T04:31:00,-1,41.98,40.256,1.4416666666666667,0.9233333333333333,-0.025480993016236943,-0.00046836795724247704,0.1057524672177761
fetusdt,2024-02-17T04:19:00,2024-02-18T14:54:00,-1,0.7044,0.8276,1.4409722222222223,0.9654761904761905,-0.05013200044468708,-0.0022528991857303227,0.09704682256550085
avaxusdt,2024-02-18T18:54:00,2024-02-20T06:19:00,-1,40.353,39.592,1.4756944444444444,0.8083927157561361,-0.025621337963754966,-0.0013190423476652502,0.09948527108156824
linkusdt,2024-02-19T16:41:00,2024-02-20T17:20:00,-1,20.134,18.77,1.0270833333333333,0.8960216998191681,-0.019828616904980438,-0.0009526955480867738,0.13084429552973817
fetusdt,2024-02-20T00:19:00,2024-02-20T19:59:00,-1,1.0071,0.9356,0.8194444444444444,0.9514472455648926,-0.008547034370043803,-0.0003066380548619879,0.10045039406507972
arbusdt,2024-02-20T08:25:00,2024-02-20T15:53:00,-1,1.9868,1.9585,0.3111111111111111,0.808106942647693,-0.07626026050835386,-0.002061953471893363,0.14722669632186722
arbusdt,2024-02-20T15:59:00,2024-02-21T08:58:00,-1,1.9593,1.9013,0.7076388888888889,0.9039138317159006,-0.032006611721556555,-0.00821041561358804,0.15752399655119778
fetusdt,2024-02-20T21:00:00,2024-02-21T15:57:00,-1,0.9886,0.9937,0.7895833333333333,0.9727891156462585,-0.032550607244474866,-0.0008940867727179613,0.12117022107156712
arbusdt,2024-02-21T14:39:00,2024-02-22T09:13:00,-1,1.8417,1.8777,0.7736111111111111,0.8742257217847769,-0.08003310119913136,-0.0018202628563794565,0.15388176586680072
fetusdt,2024-02-21T21:19:00,2024-02-22T11:24:00,-1,0.9989,1.1017,0.5868055555555556,0.8428792569659442,-0.03346739010314914,-0.0005349716607378485,0.10611146123034983
fetusdt,2024-02-22T14:06:00,2024-02-23T12:19:00,-1,1.1194,1.1355,0.9256944444444445,0.864575908766928,-0.008188586627292292,-0.0007221557716968613,0.11172349330665911
fetusdt,2024-02-24T17:33:00,2024-02-26T10:27:00,-1,1.0627,1.0755,1.7041666666666666,0.9283088235294118,-0.033290938938110484,-0.002688984980188089,0.11536676912279496
avaxusdt,2024-02-28T07:41:00,2024-02-28T19:11:00,-1,39.514,38.639,0.4791666666666667,0.839835728952772,-0.043906465726114216,-0.002690106428360428,0.10026057735094394
avaxusdt,2024-02-28T19:37:00,2024-02-29T12:10:00,-1,38.747,42.84,0.6895833333333333,0.8800445930880714,-0.022889335352846624,-0.00036426964275884655,0.10229739493186202
avaxusdt,2024-02-29T20:59:00,2024-03-01T22:07:00,-1,42.166,42.206,1.0472222222222223,0.8183581124757595,-0.024079545384010966,-0.0025133224329821208,0.09997853810346218
avaxusdt,2024-03-01T22:57:00,2024-03-03T02:23:00,-1,42.528,43.609,1.1430555555555555,0.8575342465753425,-0.03801713269137838,-0.0001170113045753235,0.10166970004059911
fetusdt,2024-03-02T20:59:00,2024-03-03T11:46:00,-1,1.8625,1.8296,0.6159722222222223,0.8413034278459586,-0.025935677338790257,-0.0010993555933151294,0.10667080872040902
arbusdt,2024-03-03T07:48:00,2024-03-03T18:27:00,-1,2.0322,2.0828,0.44375,0.9986441290789116,-0.08192753421259763,-0.0008466190441427379,0.18265108999090165
arbusdt,2024-03-03T23:37:00,2024-03-04T13:13:00,-1,2.0361,2.0129,0.5666666666666667,0.8392202450147546,-0.03641135033147652,-0.00032242244899521877,0.14959919288895532
arbusdt,2024-03-04T14:11:00,2024-03-05T02:29:00,-1,1.9908,1.9359,0.5125,0.8207330028328612,-0.0607008529080758,-0.002410314020226706,0.14818311641034587
arbusdt,2024-03-05T16:32:00,2024-03-05T20:38:00,-1,2.0913,1.8571,0.17083333333333334,0.8406579285530712,-0.05142177535905297,-0.00245205226079101,0.14964903865407872
fetusdt,2024-03-05T19:39:00,2024-03-06T06:42:00,-1,1.6376,2.004,0.46041666666666664,0.8121546961325967,-0.04332679000901709,-0.0009299395038244035,0.10438257188812015
avaxusdt,2024-03-05T21:06:00,2024-03-06T17:48:00,-1,38.228,41.006,0.8625,0.8917417129718337,-0.04580353084894746,-0.0028267350790067425,0.10337583796098201
fetusdt,2024-03-06T06:43:00,2024-03-06T15:26:00,-1,2.0311,2.2199,0.36319444444444443,0.9382102272727273,-0.039869606234413865,-0.0007693670478245984,0.11667971611212229
fetusdt,2024-03-07T10:05:00,2024-03-07T16:29:00,-1,2.7188,2.5936,0.26666666666666666,0.825254708243285,-0.013212704266289592,-0.0034704745122428604,0.10611166192203493
fetusdt,2024-03-07T16:31:00,2024-03-08T05:38:00,-1,2.5732,2.5495,0.5465277777777777,0.9679640718562874,-0.007790029426220258,-0.0022997061679151803,0.12068333585229903
arbusdt,2024-03-08T03:58:00,2024-03-08T15:34:00,-1,2.167,2.143,0.48333333333333334,0.8029809415214204,-0.0013265308720351785,-0.0017650040793486255,0.14660843296182458
fetusdt,2024-03-08T17:44:00,2024-03-09T05:58:00,-1,2.9117,2.9448,0.5097222222222222,0.9827490261547023,-0.016734464674402566,-0.0011196219718553058,0.12296999786578969
fetusdt,2024-03-09T06:03:00,2024-03-09T15:33:00,-1,2.9443,3.07,0.3958333333333333,0.9185385656292286,-0.03504460542478964,-0.0011980417653633668,0.1191236521435426
arbusdt,2024-03-10T15:00:00,2024-03-11T08:46:00,-1,2.0444,2.0903,0.7402777777777778,0.9505020953585831,-0.022037437519562622,-0.0014351397512625541,0.16357602462748552
linkusdt,2024-03-11T00:27:00,2024-03-11T16:16:00,-1,21.952,21.11,0.6590277777777778,0.8194719471947195,-0.007601863170531576,-0.00016443869333360173,0.11982059749735242
fetusdt,2024-03-11T02:00:00,2024-03-11T22:39:00,-1,2.7476,2.6837,0.8604166666666667,0.9817271589486859,-0.04384537701818174,-0.0017677943053568679,0.13110842373548434
avaxusdt,2024-03-11T12:38:00,2024-03-11T22:23:00,1,46.738,48.398,0.40625,0.8257997218358831,7.681842621882928e-05,0.010042445703346878,0.10042516974620769
avaxusdt,2024-03-11T22:38:00,2024-03-12T09:14:00,-1,48.712,47.556,0.44166666666666665,0.9748846745258841,-0.004627027183466987,-0.011634119000202475,0.11115802863936634
arbusdt,2024-03-12T03:24:00,2024-03-12T15:11:00,-1,2.0641,2.0067,0.4909722222222222,0.8676562014299036,-0.020513409863278275,-0.0005829367906462213,0.15185373547460532
avaxusdt,2024-03-12T12:32:00,2024-03-12T16:05:00,-1,48.385,54.629,0.14791666666666667,0.9829145728643216,-0.04563261947499531,-0.0009223723542933632,0.11632047678590694
avaxusdt,2024-03-12T16:18:00,2024-03-12T20:10:00,-1,53.603,56.821,0.16111111111111112,0.8265876933201711,-0.00810069546119364,-0.0006497896874197717,0.10191778338537563
arbusdt,2024-03-13T13:52:00,2024-03-14T00:13:00,-1,2.1268,2.1008,0.43125,0.998638529611981,-0.07463082609694639,-0.0027395485816621434,0.1928673853203088
fetusdt,2024-03-14T07:21:00,2024-03-14T19:19:00,-1,2.5588,2.7484,0.4986111111111111,0.8160183066361556,-0.03842007130409479,-6.378006181807783e-05,0.11031946131132676
avaxusdt,2024-03-14T17:27:00,2024-03-15T03:05:00,-1,53.513,54.188,0.4013888888888889,0.8184718213580434,-0.04261705793532672,-0.0018953564248578442,0.10121303184018134
fetusdt,2024-03-14T19:42:00,2024-03-15T03:30:00,-1,2.7144,2.6085,0.325,0.8617686467172845,-0.047255064134058375,-9.060717831535503e-06,0.11444568605225003
fetusdt,2024-03-15T05:31:00,2024-03-15T13:39:00,-1,2.604,2.7774,0.3388888888888889,0.9471509351892127,-0.07936372406423126,-0.0008255213665044614,0.12263615378434892
avaxusdt,2024-03-15T23:56:00,2024-03-16T07:43:00,-1,58.565,60.84,0.32430555555555557,0.9408571428571428,-0.01620141839055927,-0.0017641862154830906,0.10856354035714949
fetusdt,2024-03-17T07:14:00,2024-03-17T15:43:00,-1,2.3969,2.9739,0.35347222222222224,0.888212619192534,-0.0389620729231566,-0.0012650634381281417,0.117279441466666
arbusdt,2024-03-17T12:43:00,2024-03-18T04:51:00,-1,1.7016,1.704,0.6722222222222223,0.8871628301087418,-0.036940649469608185,-0.0009816376270040672,0.1551989201772759
fetusdt,2024-03-18T04:12:00,2024-03-18T17:19:00,-1,2.7394,2.5046,0.5465277777777777,0.9953225492106802,-0.05852162062947826,-0.00024545318038265984,0.1520171278594729
avaxusdt,2024-03-18T07:24:00,2024-03-18T13:33:00,1,60.583,63.343,0.25625,0.834319526627219,0.0026669340883170045,0.00812029418673639,0.10161489128041992
avaxusdt,2024-03-18T13:38:00,2024-03-18T17:32:00,-1,63.361,63.448,0.1625,0.9487412405917467,-0.0010470814305425832,-0.0017325348949877861,0.10973190573495989
fetusdt,2024-03-18T17:45:00,2024-03-19T07:27:00,-1,2.4824,2.2853,0.5708333333333333,0.9293083683607184,-0.05113014589253065,-0.0008322820698630357,0.12363456522163445
avaxusdt,2024-03-18T18:02:00,2024-03-19T00:50:00,-1,62.957,59.63,0.2833333333333333,0.986056031725726,-0.026424288610926473,-0.0044150281140748066,0.11818251548096988
avaxusdt,2024-03-19T00:53:00,2024-03-19T07:09:00,-1,59.643,56.394,0.2611111111111111,0.8465521596362718,-0.014488218675040172,-0.0035471897711518152,0.10404757028764974
arbusdt,2024-03-19T05:05:00,2024-03-19T11:50:00,-1,1.5723,1.5434,0.28125,0.8553710466478329,-0.06234907274431522,-0.00026239518510132176,0.15146966230868575
fetusdt,2024-03-19T08:52:00,2024-03-19T16:58:00,-1,2.2311,2.5784,0.3375,0.8877875444174304,-0.056105807635976696,-0.0009471412953092201,0.12139226833926213
avaxusdt,2024-03-20T00:00:00,2024-03-20T07:50:00,-1,53.742,53.612,0.3263888888888889,0.9471847930702598,-0.01147531071790348,-0.0026980480591616285,0.11043061553889666
arbusdt,2024-03-21T06:39:00,2024-03-21T18:16:00,-1,1.7371,1.6866,0.4840277777777778,0.8675089297526127,-0.008482500203569204,-0.000903781211930077,0.1521197429246721
arbusdt,2024-03-26T00:54:00,2024-03-26T19:52:00,-1,1.727,1.6844,0.7902777777777777,0.8625039821599235,-0.0076376611827727306,-0.0007963225460808077,0.1517285499959801
fetusdt,2024-03-26T20:20:00,2024-03-27T09:13:00,-1,2.883,3.1677,0.5368055555555555,0.8302280758111147,-0.04002241033628386,-0.00015613512246974437,0.11476801944671836
arbusdt,2024-03-26T22:27:00,2024-03-27T14:59:00,-1,1.7022,1.6753,0.6888888888888889,0.8191482629880402,-0.020722477487049966,-0.007016190786021725,0.14820060577847233
fetusdt,2024-03-27T12:43:00,2024-03-27T19:42:00,-1,3.2586,2.9619,0.29097222222222224,0.8007818608287725,-0.009861175919539793,-0.0008236309046276841,0.11252318551851355
fetusdt,2024-03-27T20:03:00,2024-03-28T09:05:00,-1,2.9472,3.3009,0.5430555555555555,0.967523472371864,-0.05472345610180519,-0.0018474191163529996,0.13163784799453762
fetusdt,2024-03-29T21:14:00,2024-03-30T23:49:00,-1,3.1349,3.2126,1.1076388888888888,0.8100542283453026,-0.03236290208889669,-0.0010140141823601484,0.11404058488660278
fetusdt,2024-03-31T01:13:00,2024-04-01T06:15:00,-1,3.2581,2.9616,1.2097222222222221,0.9463435742102986,-0.017872436963663366,-0.004795660478646602,0.1284888353583055
fetusdt,2024-04-01T08:21:00,2024-04-02T08:51:00,-1,2.9347,2.6248,1.0208333333333333,0.8934810396250532,-0.04982574350630324,-0.0002617933977706044,0.12221805688873558
arbusdt,2024-04-12T18:54:00,2024-04-13T05:03:00,-1,1.1112,1.1674,0.42291666666666666,0.8814722395508422,-0.08853868720637605,-0.00023104828538014766,0.1485404365367023
linkusdt,2024-04-13T01:24:00,2024-04-13T21:00:00,-1,15.062,12.265,0.8166666666666667,0.8573663624511082,-0.09762829725404412,-0.000925802461218303,0.12103111027702049
avaxusdt,2024-04-13T03:31:00,2024-04-13T20:31:00,-1,38.351,30.639,0.7083333333333334,0.9720760390935452,-0.08657673267209849,-0.0009012958256416348,0.11418382135170989
fetusdt,2024-04-13T06:11:00,2024-04-13T20:53:00,-1,2.1437,1.7327,0.6125,0.8010766806722689,-0.07348139662354723,-0.000637797051836031,0.11411994523568701
arbusdt,2024-04-13T06:59:00,2024-04-13T19:56:00,-1,1.1744,0.9816,0.5395833333333333,0.9107240065323897,-0.1081541573389184,-0.0018165444272385256,0.15234525373461505
fetusdt,2024-04-25T08:34:00,2024-04-27T01:16:00,-1,2.2539,2.0971,1.6958333333333333,0.8842636022514071,-0.04719674859990331,-0.0003203718777086556,0.1198883287221694
fetusdt,2024-05-06T19:34:00,2024-05-08T01:30:00,-1,2.3684,2.3654,1.2472222222222222,0.844167310451385,-0.04273520828506237,-0.0006536211357082156,0.11548706719082957
linkusdt,2024-05-17T00:32:00,2024-05-17T11:39:00,1,15.563,16.516,0.46319444444444446,0.8859192825112108,0.0010529162230269737,0.007954027833019975,0.10979779293493692
linkusdt,2024-05-17T11:44:00,2024-05-18T06:51:00,1,16.623,16.258,0.7965277777777777,0.896801555045061,0.0013004857267164788,0.00694902002321518,0.11128320380979613
linkusdt,2024-05-18T07:21:00,2024-05-19T14:18:00,-1,16.278,16.532,1.2895833333333333,0.8293497363796134,-0.0050302110533924985,-0.007741955380719076,0.10639232850132817
arbusdt,2024-05-20T15:20:00,2024-05-21T00:42:00,-1,0.978,1.1594,0.3902777777777778,0.817720141470935,-0.05584143923925261,-0.0016907981223264756,0.1421764223988881
arbusdt,2024-05-21T13:19:00,2024-05-22T04:47:00,-1,1.2115,1.1665,0.6444444444444445,0.8675024803824298,-0.0140850145836295,-0.0007463559668778041,0.14546620399565321
fetusdt,2024-05-23T02:32:00,2024-05-24T12:31:00,-1,2.5164,2.2992,1.4159722222222222,0.8307409807733852,-0.04594080880781155,-0.0004110248615028095,0.11352711117655945
linkusdt,2024-05-23T02:41:00,2024-05-24T06:26:00,-1,16.297,17.157,1.15625,0.8470343392299687,-0.027195889117905034,-0.001666545234118244,0.10475807960868201
fetusdt,2024-05-24T13:14:00,2024-05-27T19:36:00,-1,2.2958,2.311,3.265277777777778,0.8239123359010524,-0.05412501475962946,-0.003731940790641805,0.11381754493796123
linkusdt,2024-05-24T14:14:00,2024-05-26T17:33:00,1,17.317,17.115,2.1381944444444443,0.829754337742656,0.0013906553856994769,0.008556830633444382,0.10388005386079964
linkusdt,2024-06-07T19:54:00,2024-06-11T13:05:00,-1,16.302,15.324,3.7159722222222222,0.876294483148183,-0.05655302227247238,-0.0025259443170583817,0.108057595078869
arbusdt,2024-06-08T05:03:00,2024-06-10T12:35:00,-1,0.9855,0.9614,2.313888888888889,0.8840808591282375,-0.09941755640312805,-0.00012775952199770013,0.14468620026303328
fetusdt,2024-06-08T07:27:00,2024-06-11T04:29:00,-1,1.8335,1.6332,2.876388888888889,0.9720447284345048,-0.08726450238534575,-0.0001522764242126995,0.13487805929793398
arbusdt,2024-06-18T05:17:00,2024-06-20T07:31:00,-1,0.7981,0.8418,2.0930555555555554,0.831242725979568,-0.06906063404455405,-0.0006388515090137714,0.1311329322485331
avaxusdt,2024-06-23T19:54:00,2024-06-25T11:35:00,-1,25.178,25.181,1.6534722222222222,0.850303157014426,-0.027926578050309736,-0.0016736663292795662,0.08737846852935226
avaxusdt,2024-07-02T18:24:00,2024-07-04T19:19:00,1,28.803,25.495,2.0381944444444446,0.8229696835583094,0.0028821939530254115,0.004790119658002995,0.08264397732879022
fetusdt,2024-07-04T05:20:00,2024-07-05T12:02:00,-1,1.2206,1.1559,1.2791666666666666,0.8326352530541012,-0.04715641687306597,-0.002190591494464142,0.0996719020188719
avaxusdt,2024-07-15T17:59:00,2024-07-17T11:05:00,-1,26.88,28.348,1.7125,0.8362953692115144,-0.018542315443434425,-0.00024286968472138348,0.0815153447860814
avaxusdt,2024-07-18T03:49:00,2024-07-21T03:19:00,-1,27.726,29.252,2.9791666666666665,0.8913981223039837,-0.017566085848193486,-0.0001970660556162157,0.08495328535872326
avaxusdt,2024-07-21T16:06:00,2024-07-22T10:33:00,1,31.387,32.349,0.76875,0.8133848133848134,0.0024378186845799214,0.00541508592136819,0.08173830553467182
avaxusdt,2024-07-22T10:53:00,2024-07-23T19:45:00,-1,32.327,29.819,1.3694444444444445,0.9868554095045501,-0.026011233663661287,-0.007330802825732452,0.10321005982602866
avaxusdt,2024-07-24T04:06:00,2024-07-25T14:42:00,-1,28.858,27.313,1.4416666666666667,0.9658033693738999,-0.012431431034758302,-9.012219369122776e-06,0.09754215158821011
avaxusdt,2024-07-25T15:03:00,2024-07-27T20:48:00,-1,27.346,27.979,2.2395833333333335,0.9827758362456316,-0.04755204424734453,-0.0009025322197537683,0.10787731207752906
suiusdt,2024-08-09T13:07:00,2024-08-11T12:19:00,1,0.8557,0.8835,1.9666666666666666,0.8495049504950495,0.025832041126231577,0.0063228292053130394,0.06139335069182576
arbusdt,2024-08-11T10:44:00,2024-08-14T08:28:00,-1,0.5901,0.5787,2.9055555555555554,0.8780832996360696,-0.0006306691408428165,-0.0060154818715732195,0.1279632164238719
suiusdt,2024-08-11T13:03:00,2024-08-12T12:07:00,1,0.8818,1.0579,0.9611111111111111,0.9889400921658986,0.011253762099669913,0.004079685705126568,0.07780946011118395
suiusdt,2024-08-12T12:11:00,2024-08-13T08:01:00,1,1.0607,0.979,0.8263888888888888,0.96160409556314,0.03316316671632209,0.0004925391455790212,0.0914936140248407
suiusdt,2024-08-13T08:33:00,2024-08-15T06:06:00,1,0.9767,0.8985,1.8979166666666667,0.9968228752978554,0.003991292072388049,0.004619472240546721,0.10825418183327754
suiusdt,2024-08-15T09:27:00,2024-08-17T16:53:00,-1,0.8844,0.8489,2.3097222222222222,0.8026013771996939,-0.007887622798960181,-0.001935865101767395,0.08412431309619242
avaxusdt,2024-08-22T13:30:00,2024-08-23T19:56:00,1,25.172,26.648,1.2680555555555555,0.8464785017145872,0.009403107391847586,0.009822990363016246,0.0858570112010213
fetusdt,2024-08-23T18:07:00,2024-08-25T07:28:00,-1,1.1555,1.1912,1.55625,0.8013868251609708,-0.013102698536875831,-0.0011037050497186285,0.0941412792802267
avaxusdt,2024-08-23T20:09:00,2024-08-25T23:35:00,-1,26.751,27.301,2.1430555555555557,0.8242612752721618,-0.01424020954646901,-0.0027719772689734357,0.08568024755825725
linkusdt,2024-08-25T00:54:00,2024-08-27T22:45:00,-1,12.169,10.971,2.910416666666667,0.9747872675701229,-0.005157123866077195,-0.0001630135348137246,0.10065782016286208
fetusdt,2024-08-25T23:30:00,2024-08-26T21:01:00,-1,1.3809,1.3547,0.8965277777777778,0.8785024154589371,-0.014374600328523305,-4.188993339526714e-05,0.09674509202314413
avaxusdt,2024-08-26T02:24:00,2024-08-28T08:24:00,-1,26.505,23.843,2.25,0.8046714579055442,-0.026924284009617976,-0.002194707012177846,0.08488836911449525
linkusdt,2024-08-27T23:11:00,2024-09-01T09:23:00,-1,11.087,10.859,4.425,0.8435151911140151,-0.032496813885697556,-0.0013426559971479735,0.08953640944201993
fetusdt,2024-08-28T07:46:00,2024-08-28T20:38:00,-1,1.1981,1.1937,0.5361111111111111,0.9711316397228638,-0.026857598047364636,-0.001046847262355391,0.10564595980430952
fetusdt,2024-08-28T21:59:00,2024-08-29T23:29:00,-1,1.1881,1.1213,1.0625,0.955712014535544,-0.00011269818271616549,-0.0008867370494732574,0.10655797275392746
fetusdt,2024-08-31T12:58:00,2024-09-01T19:20:00,-1,1.176,1.1847,1.2652777777777777,0.8193406593406594,-0.030510618545700533,-0.00023502512914268248,0.09580594441893955
fetusdt,2024-09-01T19:56:00,2024-09-02T22:10:00,-1,1.2021,1.2125,1.0930555555555554,0.8117263843648208,-0.004532731470680908,-0.01073214023962768,0.09624426891693309
fetusdt,2024-09-04T13:58:00,2024-09-06T12:05:00,-1,1.0965,1.0668,1.9215277777777777,0.8430957919221823,-0.019202554379697888,-0.000989130011736311,0.09790691473227524
suiusdt,2024-09-08T11:24:00,2024-09-10T12:50:00,1,0.9603,0.9189,2.0597222222222222,0.828786999419617,0.005984127798905714,0.010494625047060849,0.09064636519962598
linkusdt,2024-09-08T18:12:00,2024-09-12T23:31:00,-1,10.241,10.748,4.221527777777778,0.9388105878308697,-0.004460901738072155,-0.002587680429652975,0.09150705902083707
fetusdt,2024-09-11T17:00:00,2024-09-12T11:51:00,-1,1.3231,1.4104,0.7854166666666667,0.8806404657933042,-0.014262750069508716,-0.001095150896279276,0.09897679841759353
suiusdt,2024-09-12T04:49:00,2024-09-13T14:07:00,1,1.0226,1.0101,1.3875,0.8018358531317494,0.00613893771707252,0.00597258322388193,0.09093370174543237
fetusdt,2024-09-12T23:52:00,2024-09-14T04:03:00,-1,1.3783,1.3549,1.1743055555555555,0.9857549857549858,-0.018561512255701806,-0.0008195072148113047,0.11037949058594947
fetusdt,2024-09-14T14:26:00,2024-09-16T02:39:00,-1,1.3682,1.2897,1.5090277777777779,0.9966040751098681,-0.011904191545375722,-0.0008486621757873292,0.1201565269759576
suiusdt,2024-09-15T20:24:00,2024-09-17T07:21:00,1,1.1085,1.0899,1.45625,0.8173404773502192,0.012754742295603312,0.00919507536985291,0.09199080090523727
fetusdt,2024-09-16T02:53:00,2024-09-17T14:53:00,-1,1.2887,1.3316,1.5,0.9513459621136591,-0.02894859422828695,-0.002625485093514804,0.11131423372919459
avaxusdt,2024-09-16T10:14:00,2024-09-19T02:37:00,-1,23.94,25.942,2.682638888888889,0.8787012987012986,-0.02230374051389735,-0.0007668070407382405,0.09076135694257374
suiusdt,2024-09-17T07:36:00,2024-09-18T11:21:00,-1,1.1072,1.1727,1.15625,0.9047395588925388,-0.010635547917266501,-0.0026428838218169326,0.09714604364248894
fetusdt,2024-09-20T04:12:00,2024-09-21T00:54:00,-1,1.5662,1.6205,0.8625,0.8313741386299148,-0.024748804483252767,-0.0009797279511989665,0.10008549572610838
suiusdt,2024-09-20T16:22:00,2024-09-22T05:23:00,1,1.4815,1.4295,1.542361111111111,0.8451797385620915,0.002682330538370505,0.00853557571341751,0.09387640843803773
fetusdt,2024-09-21T01:13:00,2024-09-22T14:25:00,-1,1.6054,1.5741,1.55,0.9077942948975493,-0.023766168590086543,-0.002408815646468762,0.10812965357768356
suiusdt,2024-09-22T12:34:00,2024-09-23T01:10:00,-1,1.5115,1.5636,0.525,0.8021201413427562,-0.010181322204946736,-9.865088316209081e-05,0.09296656936525402
arbusdt,2024-09-22T21:57:00,2024-09-25T23:38:00,-1,0.5911,0.5993,3.0701388888888888,0.9374603174603174,-0.02201127086559243,-0.001645040836919659,0.11839929737017744
suiusdt,2024-09-23T02:07:00,2024-09-24T04:45:00,-1,1.5734,1.5177,1.1097222222222223,0.9341408024224073,-0.012589539056104347,-0.0018873990760985282,0.10237730357605762
fetusdt,2024-09-23T04:11:00,2024-09-24T00:49:00,-1,1.6667,1.6233,0.8597222222222223,0.981280193236715,-0.029959351647094574,-0.0019907458027621644,0.11862215591226714
suiusdt,2024-09-24T04:52:00,2024-09-24T22:55:00,-1,1.5075,1.7569,0.7520833333333333,0.9517543859649122,-0.00817911239503731,-0.004024626942606843,0.10493637864390307
fetusdt,2024-09-24T08:02:00,2024-09-25T06:19:00,-1,1.6862,1.6778,0.9284722222222223,0.8894009216589862,-0.03298125970395575,-0.002912825860987525,0.109379564869428
suiusdt,2024-09-24T23:04:00,2024-09-26T03:16:00,1,1.7553,1.7247,1.175,0.9975273754856941,0.014850335429922172,0.012026751575800701,0.13303419205638145
fetusdt,2024-09-25T06:29:00,2024-09-26T07:38:00,-1,1.6787,1.682,1.0479166666666666,0.9061306532663317,-0.008227798387337521,-0.009611642013801033,0.11264740489427223
suiusdt,2024-09-26T05:13:00,2024-09-27T06:56:00,1,1.7031,1.7184,1.0715277777777779,0.8176229508196722,0.002468977694593568,0.00015378438775841274,0.09864607783415423
fetusdt,2024-09-26T11:28:00,2024-09-27T09:22:00,-1,1.6668,1.6556,0.9125,0.9901448109412712,-0.045621404725314084,-0.0006416261417168112,0.12560868304854086
suiusdt,2024-09-27T07:16:00,2024-09-29T02:39:00,-1,1.7199,1.6664,1.8076388888888888,0.8745863666446062,-0.009888168994524936,-0.007595289736875288,0.10261382526792884
avaxusdt,2024-09-27T08:35:00,2024-09-30T05:48:00,-1,29.832,28.652,2.884027777777778,0.8522970085470085,-0.018567173836578462,-0.0009578086613387243,0.08856127917485647
fetusdt,2024-09-27T16:30:00,2024-09-28T18:53:00,-1,1.7141,1.5949,1.0993055555555555,0.9980217606330366,-0.041182267531234905,-0.0010255792520996732,0.13320037775717586
arbusdt,2024-09-28T02:03:00,2024-10-01T06:59:00,-1,0.665,0.6281,3.2055555555555557,0.8472135253600501,-0.03207478833880642,-0.0014118061187481518,0.11251030872746949
fetusdt,2024-09-28T19:19:00,2024-09-30T03:08:00,-1,1.598,1.5311,1.3256944444444445,0.9898099157358416,-0.059004629460819344,-0.005450940397147386,0.13603894326164753
suiusdt,2024-09-29T03:16:00,2024-09-30T01:07:00,-1,1.6702,1.7406,0.9104166666666667,0.863884430176565,-0.029659556074445304,-0.0008119693147484175,0.10354529333350732
suiusdt,2024-09-30T01:10:00,2024-10-01T01:51:00,1,1.7246,1.8529,1.0284722222222222,0.9788293897882939,0.0042820361201167875,0.012289588493289386,0.11985940046902563
avaxusdt,2024-09-30T14:14:00,2024-10-02T12:17:00,-1,28.166,25.799,1.91875,0.9163538873994638,-0.05304678545619908,-0.000788556582159386,0.0962769341655796
fetusdt,2024-09-30T14:34:00,2024-10-01T15:02:00,-1,1.5781,1.5314,1.0194444444444444,0.9209761766414875,-0.058235213605568666,-0.0006338973784342922,0.12085041441715302
suiusdt,2024-10-01T04:42:00,2024-10-01T16:22:00,1,1.8985,1.7799,0.4861111111111111,0.9386466165413534,0.012601847785820124,0.0025868139951443214,0.11468739840487122
arbusdt,2024-10-01T12:14:00,2024-10-03T11:30:00,-1,0.6225,0.5287,1.9694444444444446,0.8442085544801748,-0.051978741553372246,-0.0003606307014230037,0.11306247854671861
suiusdt,2024-10-01T16:28:00,2024-10-02T06:07:00,-1,1.768,1.8526,0.56875,0.9801285797779077,-0.011353967264954188,-0.002612546430817625,0.12970660358244715
fetusdt,2024-10-01T16:38:00,2024-10-02T10:55:00,-1,1.536,1.4659,0.7618055555555555,0.9333460293277471,-0.030617749497730013,-0.002949367192355279,0.12264029419840028
linkusdt,2024-10-01T22:01:00,2024-10-05T20:01:00,-1,11.059,11.15,3.9166666666666665,0.8126582278481013,-0.03079214727951598,-0.00032936992464581427,0.08261530462675669
suiusdt,2024-10-02T06:19:00,2024-10-02T17:33:00,-1,1.8468,1.8445,0.46805555555555556,0.8893943702018766,-0.0011548582054896261,-0.0017343929324951796,0.1143001246093243
suiusdt,2024-10-03T00:22:00,2024-10-03T11:28:00,-1,1.8656,1.8857,0.4625,0.9084699453551912,-0.0075033924495353874,-0.0013938764691371897,0.11600691655443822
fetusdt,2024-10-03T02:42:00,2024-10-04T09:53:00,-1,1.4422,1.3863,1.2993055555555555,0.845592363840539,-0.04639693027087313,-0.0014718187810066619,0.11634542346891384
suiusdt,2024-10-03T11:39:00,2024-10-03T18:20:00,1,1.8892,1.7147,0.27847222222222223,0.9858515750133475,0.004822874209907405,0.0018199118152720795,0.13503646455198684
suiusdt,2024-10-03T19:36:00,2024-10-04T12:06:00,-1,1.7375,1.7454,0.6875,0.9846872566831041,-0.02599459582756457,-0.003180250788893363,0.13806088457781412
suiusdt,2024-10-06T14:37:00,2024-10-07T09:20:00,-1,1.7518,1.9532,0.7798611111111111,0.8038882138517619,-0.014805867508355643,-0.00038497921352063924,0.1112495024630257
suiusdt,2024-10-07T12:00:00,2024-10-07T21:03:00,1,1.9586,2.0672,0.3770833333333333,0.8125295508274232,0.00209050624663451,0.006576823489091235,0.11169815307880473
suiusdt,2024-10-07T21:38:00,2024-10-08T11:30:00,1,2.0923,2.0221,0.5777777777777777,0.8122977346278317,0.013541853073833652,0.0035329491754955145,0.11118477865017516
suiusdt,2024-10-08T11:37:00,2024-10-09T07:15:00,1,2.0313,1.9231,0.8180555555555555,0.9776018099547511,0.004196298890670146,0.002375421293976665,0.13791784305775662
fetusdt,2024-10-08T14:14:00,2024-10-10T13:09:00,-1,1.4347,1.3263,1.9548611111111112,0.9145267791636097,-0.04757671929689372,-8.775918733203159e-05,0.12182096535569738
suiusdt,2024-10-09T07:19:00,2024-10-10T07:53:00,-1,1.9234,1.863,1.023611111111111,0.8261351052048727,-0.012230304711520234,-0.007448068104316891,0.11551100138959608
suiusdt,2024-10-10T16:50:00,2024-10-11T14:18:00,-1,1.7975,2.0503,0.8944444444444445,0.8315065549108103,-0.016181945935457815,-0.0009166762113570343,0.11661534897128205
suiusdt,2024-10-11T14:22:00,2024-10-12T11:53:00,1,2.0529,2.1309,0.8965277777777778,0.9343157894736842,0.009557554388452865,0.006324735663768566,0.13178731868743856
suiusdt,2024-10-12T12:03:00,2024-10-13T01:53:00,1,2.1265,2.2433,0.5763888888888888,0.8876961189099918,0.00626670957696491,0.0069392564787653516,0.12704904771435999
avaxusdt,2024-10-13T01:09:00,2024-10-15T13:25:00,1,28.548,28.63,2.511111111111111,0.8097199341021417,0.003896538753287715,0.007100509364561455,0.08912154374710152
suiusdt,2024-10-13T08:05:00,2024-10-13T23:33:00,-1,2.2351,2.3647,0.6444444444444445,0.8399193548387097,-0.0011566891328631845,-0.01152013905041549,0.12406728556644647
suiusdt,2024-10-13T23:37:00,2024-10-14T17:38:00,1,2.3528,2.244,0.7506944444444444,0.9936696340257171,0.01636344969007998,0.0034601683985983067,0.14333373951251352
suiusdt,2024-10-14T18:14:00,2024-10-15T13:42:00,-1,2.2569,2.1498,0.8111111111111111,0.8082378084320964,-0.004169096924769779,-0.0005340392072115674,0.12391294334807598
fetusdt,2024-10-15T05:15:00,2024-10-16T08:14:00,-1,1.4728,1.437,1.1243055555555554,0.8017503125558135,-0.03312834338225846,-0.00018494032898737356,0.1145495938704687
avaxusdt,2024-10-15T14:45:00,2024-10-18T06:41:00,-1,28.258,27.662,2.6638888888888888,0.9922544951590595,-0.03228604353992846,-0.0016262162283517678,0.11389743973547384
suiusdt,2024-10-15T15:15:00,2024-10-16T12:00:00,-1,2.0997,2.0489,0.8645833333333334,0.9325374265681259,-0.02411384837634722,-0.001159322662411616,0.13441523664367983
fetusdt,2024-10-16T08:42:00,2024-10-18T14:54:00,-1,1.4505,1.3955,2.2583333333333333,0.8259173905335934,-0.04640793237185384,-0.01717419323938875,0.11653385024993111
arbusdt,2024-10-17T09:12:00,2024-10-20T22:34:00,-1,0.5505,0.6118,3.5569444444444445,0.8756868131868132,-0.04510456509270571,-0.0007070999800062872,0.11388277023888094
avaxusdt,2024-10-18T07:40:00,2024-10-22T11:05:00,-1,27.662,27.718,4.142361111111111,0.805133866961082,-0.03646861159098964,-0.01643253605120458,0.09242913533709135
suiusdt,2024-10-19T21:14:00,2024-10-21T13:20:00,-1,2.0605,2.0303,1.6708333333333334,0.8130674737404309,-0.011113875681174773,-0.0003001276970042155,0.12517563439966137
suiusdt,2024-10-22T00:58:00,2024-10-23T15:50:00,-1,2.0134,1.9259,1.6194444444444445,0.952721563154222,-0.0301867768876815,-0.0017830979145668502,0.1372565506595314
arbusdt,2024-10-23T05:57:00,2024-10-25T23:44:00,-1,0.5776,0.5008,2.740972222222222,0.8042135851798039,-0.02392131448836283,-0.0016024512935518542,0.11019932930861685
avaxusdt,2024-10-23T09:00:00,2024-10-26T12:43:00,-1,26.861,25.657,3.154861111111111,0.9585798816568047,-0.030887352074752607,-0.0003323784460329271,0.11058319705200219
fetusdt,2024-10-23T10:00:00,2024-10-25T18:47:00,-1,1.3299,1.2758,2.365972222222222,0.9240329074041659,-0.06058681914719595,-0.002487009049025532,0.12390104083559679
suiusdt,2024-10-23T16:04:00,2024-10-25T10:06:00,-1,1.9213,1.9223,1.7513888888888889,0.9592993302421432,-0.03877454802344174,-0.005534582428440821,0.14042149023614445
linkusdt,2024-10-25T23:12:00,2024-10-29T04:38:00,-1,11.256,11.513,3.2263888888888888,0.8229777256740914,-0.032615978561549006,-0.002551985462533421,0.08251087559803398
suiusdt,2024-10-26T03:23:00,2024-10-28T08:10:00,-1,1.7456,1.7374,2.1993055555555556,0.9203080529047379,-0.05177306624778777,-0.00503353688285435,0.13575001577136092
fetusdt,2024-10-26T04:58:00,2024-10-29T07:12:00,-1,1.2131,1.3137,3.0930555555555554,0.9709141274238227,-0.07222357537055797,-0.004567843050101883,0.1320208595781737
arbusdt,2024-10-26T08:53:00,2024-10-30T07:41:00,-1,0.5136,0.5507,3.95,0.8627805937726285,-0.047104579390822826,-0.00304868070774246,0.11331416342926977
avaxusdt,2024-10-26T21:16:00,2024-10-31T04:46:00,-1,25.446,26.013,4.3125,0.9449596171103799,-0.04512759324723161,-0.0019449754978792255,0.113408847853611
linkusdt,2024-10-29T05:43:00,2024-10-31T19:59:00,-1,11.487,11.408,2.5944444444444446,0.8405572755417957,-0.03886088829792355,-0.000204462783146786,0.08488273212991554
avaxusdt,2024-11-01T04:22:00,2024-11-05T00:55:00,-1,24.864,22.767,3.85625,0.8411330049261084,-0.03233361245634734,-0.0008102806753113589,0.0954006774769515
arbusdt,2024-11-01T11:44:00,2024-11-04T20:38:00,-1,0.5322,0.4754,3.370833333333333,0.896865889212828,-0.06853437455543261,-0.0026155571755290125,0.11773743040998143
fetusdt,2024-11-01T17:07:00,2024-11-04T14:31:00,-1,1.2661,1.1404,2.8916666666666666,0.8688302907369845,-0.027868347714540637,-0.00048713791092185044,0.12160706385238114
suiusdt,2024-11-04T01:35:00,2024-11-05T06:30:00,1,1.9544,1.9367,1.2048611111111112,0.8474677854360204,0.000294124750849581,0.015920637070930374,0.1297908276626869
avaxusdt,2024-11-05T02:06:00,2024-11-07T10:02:00,-1,22.882,26.85,2.3305555555555557,0.8113879003558719,-0.0409859265602711,-0.004384074476495747,0.09564040248606377
arbusdt,2024-11-05T17:16:00,2024-11-07T11:52:00,-1,0.4945,0.573,1.775,0.9641604986365407,-0.04545763778310555,-0.0010138289763320651,0.12677775877164388
suiusdt,2024-11-06T02:55:00,2024-11-06T12:41:00,1,2.2211,2.2977,0.40694444444444444,0.8292718517437618,0.010785110647272842,0.021788344974856336,0.12888958686813834
suiusdt,2024-11-07T16:04:00,2024-11-08T17:15:00,1,2.339,2.211,1.0493055555555555,0.858389357745673,0.011612049129306894,0.011407941358823226,0.131046137728371
arbusdt,2024-11-07T19:39:00,2024-11-09T17:17:00,-1,0.5799,0.5853,1.9013888888888888,0.9822325222093472,-0.027946777243618336,-0.0012864113857000703,0.13214453606267904
avaxusdt,2024-11-08T08:11:00,2024-11-10T04:07:00,-1,27.402,30.606,1.8305555555555555,0.8318896374719281,-0.027078279370789767,-0.0011326129534362794,0.09838809840782357
linkusdt,2024-11-09T09:29:00,2024-11-10T21:54:00,-1,13.458,14.275,1.5173611111111112,0.8585209003215434,-0.01435680234233249,-0.0008705804029903313,0.08634475870011009
suiusdt,2024-11-09T19:00:00,2024-11-10T04:07:00,1,2.4453,2.8352,0.3798611111111111,0.8076923076923077,0.005699220080402755,0.016094269312146026,0.12775712382835167
suiusdt,2024-11-10T04:22:00,2024-11-10T11:35:00,1,2.8332,3.0389,0.30069444444444443,0.9970584115422328,0.02908632133742795,0.002708050992189154,0.15972930698735469
fetusdt,2024-11-10T04:32:00,2024-11-11T02:40:00,-1,1.4762,1.5316,0.9222222222222223,0.9357705852758679,-0.052754994080461054,-0.000552623667331692,0.1272916282436397
suiusdt,2024-11-10T11:43:00,2024-11-10T21:32:00,1,3.043,2.9396,0.40902777777777777,1.0,0.014799226796372876,0.00897368951239172,0.177659830041994
avaxusdt,2024-11-10T13:03:00,2024-11-11T14:44:00,-1,32.32,31.911,1.070138888888889,0.8867334167709637,-0.018877205380624592,-0.0004662975674137454,0.10423223853881536
arbusdt,2024-11-10T19:42:00,2024-11-11T23:46:00,-1,0.6402,0.6704,1.1694444444444445,0.9912746585735963,-0.0634291940928282,-0.0009925689475068777,0.15066417834151005
suiusdt,2024-11-10T21:38:00,2024-11-11T07:48:00,-1,2.9373,3.1536,0.4236111111111111,0.9812941665511986,-0.044685922110919075,-0.006325392281822051,0.16367729947745432
linkusdt,2024-11-10T23:47:00,2024-11-12T08:29:00,-1,14.291,14.952,1.3625,0.9756001574183393,-0.006452471797655611,-0.004374801976275128,0.10390834090807559
fetusdt,2024-11-11T02:47:00,2024-11-11T22:47:00,-1,1.5283,1.5267,0.8333333333333334,0.9561898440092931,-0.03389091542375621,-0.0007249930543342664,0.13099962276534782
suiusdt,2024-11-11T07:57:00,2024-11-11T19:14:00,-1,3.1696,3.1625,0.4701388888888889,0.8877914951989027,-0.02263831153866767,-0.0073352569850451965,0.13728772245241996
avaxusdt,2024-11-11T15:01:00,2024-11-12T06:54:00,-1,32.204,37.324,0.6618055555555555,0.8875612745098039,-0.03616551541999246,-0.0023420677971135867,0.10545041054547079
fetusdt,2024-11-11T23:15:00,2024-11-12T12:14:00,-1,1.5493,1.4564,0.5409722222222222,0.9461714659685864,-0.058067072702823366,-0.0012258693406376475,0.13079008247287113
avaxusdt,2024-11-12T07:30:00,2024-11-12T20:23:00,-1,36.743,34.096,0.5368055555555555,0.8622540250447227,-0.023600102548136954,-0.0013397185662185063,0.10392779187294252
linkusdt,2024-11-12T08:53:00,2024-11-13T12:26:00,-1,15.088,13.439,1.1479166666666667,0.81118345461509,-0.01239243636679044,-0.001503928032862492,0.08716427578375505
fetusdt,2024-11-12T13:04:00,2024-11-13T04:25:00,-1,1.402,1.2908,0.6395833333333333,0.9600322320709106,-0.061791987583796004,-0.0013300985540755927,0.1322578474749894
suiusdt,2024-11-12T16:44:00,2024-11-13T06:44:00,-1,3.102,2.9246,0.5833333333333334,0.935144493274737,-0.0617385485238139,-0.0010567752763273874,0.1436560675636656
avaxusdt,2024-11-12T21:08:00,2024-11-13T16:32:00,-1,33.964,34.401,0.8083333333333333,0.8222286878091358,-0.030161093194049967,-0.00385295588978532,0.10246108280009217
fetusdt,2024-11-13T08:41:00,2024-11-13T20:04:00,-1,1.2947,1.2109,0.47430555555555554,0.9987335760645876,-0.08708933598874051,-0.0006481856215861392,0.17244870958280623
suiusdt,2024-11-13T15:57:00,2024-11-14T05:22:00,1,3.4121,3.4129,0.5590277777777778,0.8263816475495308,0.01518826667988629,0.005658807927543558,0.13266225438208334
fetusdt,2024-11-13T23:23:00,2024-11-14T19:26:00,-1,1.2744,1.2854,0.8354166666666667,0.9822263797942001,-0.044694723517316556,-0.0027304186757172444,0.15583256655431243
fetusdt,2024-11-15T01:40:00,2024-11-16T11:52:00,-1,1.2348,1.3217,1.425,0.9382013835511145,-0.0768120399185645,-0.0002100910193458816,0.1362892008270699
suiusdt,2024-11-16T07:09:00,2024-11-17T01:33:00,1,3.7287,3.7485,0.7666666666666667,0.8141836862548553,0.007320453390185502,0.01728542276860985,0.1315154018105338
fetusdt,2024-11-16T15:05:00,2024-11-17T23:00:00,-1,1.2896,1.2384,1.3298611111111112,0.8400303260045489,-0.06629913483920373,-0.0002830197491832387,0.12756009794299258
arbusdt,2024-11-17T01:09:00,2024-11-18T05:01:00,-1,0.7161,0.6829,1.1611111111111112,0.9960629921259843,-0.01466464768126509,-0.0017505209224867868,0.17124196169242406
suiusdt,2024-11-17T01:42:00,2024-11-17T17:51:00,-1,3.7567,3.9093,0.6729166666666667,0.9048623170429174,-0.007851761944946934,-0.01036735098182029,0.13995949505879088
fetusdt,2024-11-17T23:26:00,2024-11-18T20:27:00,-1,1.249,1.3611,0.8756944444444444,0.8846443074146488,-0.06343914384924272,-0.002219144619901886,0.13152636350570737
arbusdt,2024-11-18T06:07:00,2024-11-19T04:31:00,-1,0.7017,0.7081,0.9333333333333333,0.9629392971246007,-0.05236275755603013,-0.0009836427069216946,0.16412715447014375
avaxusdt,2024-11-18T06:32:00,2024-11-19T17:39:00,-1,35.86,34.726,1.4631944444444445,0.8874101676869843,-0.025518232768918184,-0.0036999061296337926,0.10742896521821864
arbusdt,2024-11-19T05:04:00,2024-11-20T16:09:00,-1,0.705,0.6934,1.4618055555555556,0.9315281668222845,-0.05861424658779607,-0.0024621510443399997,0.1549213676735819
fetusdt,2024-11-19T07:15:00,2024-11-20T18:00:00,-1,1.319,1.2414,1.4479166666666667,0.827688651218063,-0.03545218105575699,-0.0028902413561890106,0.1279555340646713
linkusdt,2024-11-20T10:28:00,2024-11-21T19:13:00,-1,14.889,15.127,1.3645833333333333,0.9768392370572208,-0.03623100580477621,-0.0019741048376382686,0.11021482212572144
avaxusdt,2024-11-20T16:21:00,2024-11-22T00:31:00,-1,34.349,35.729,1.3402777777777777,0.8010512483574245,-0.04035473501612456,-0.0023214092110286633,0.10167196055085702
arbusdt,2024-11-21T00:45:00,2024-11-21T14:04:00,-1,0.6791,0.8062,0.5548611111111111,0.8774271844660194,-0.0585091926071608,-0.004334306148047917,0.1421484076714031
suiusdt,2024-11-21T02:41:00,2024-11-21T16:38:00,-1,3.4535,3.5672,0.58125,0.9683349146110057,-0.05943311647727178,-0.0004970304964347916,0.15323401180720467
fetusdt,2024-11-21T13:19:00,2024-11-22T23:53:00,-1,1.2907,1.2834,1.4402777777777778,0.9482606132075472,-0.0624063260549387,-0.0008077684038347577,0.1404505392560431
arbusdt,2024-11-21T16:50:00,2024-11-22T12:30:00,-1,0.7958,0.8237,0.8194444444444444,0.8865289496654059,-0.0004902026693995309,-7.916531610069333e-05,0.1454014844715709
suiusdt,2024-11-21T20:53:00,2024-11-22T23:04:00,-1,3.5825,3.4939,1.0909722222222222,0.8142924306535025,-0.020017043268357654,-0.0015991272819634583,0.1329285097415659
arbusdt,2024-11-22T12:33:00,2024-11-23T02:39:00,-1,0.8322,0.8115,0.5875,0.808316718883509,-0.02430408066954895,-0.001507957971194851,0.13431395874802335
avaxusdt,2024-11-22T15:48:00,2024-11-23T02:25:00,1,39.414,43.687,0.4423611111111111,1.0,4.3668610320183324e-05,0.011647077512071377,0.1336753018236538
avaxusdt,2024-11-23T03:41:00,2024-11-23T17:50:00,-1,43.562,42.248,0.5895833333333333,0.9903919089759797,-0.026904981550980974,-0.0025048810363291485,0.14913880272090513
linkusdt,2024-11-23T19:12:00,2024-11-24T18:02:00,-1,17.676,16.77,0.9513888888888888,0.9888853604318831,-0.012818117394516264,-0.0013845898060274447,0.12174114171524067
avaxusdt,2024-11-23T19:27:00,2024-11-24T14:37:00,-1,42.132,39.832,0.7986111111111112,0.9588599752168525,-0.023478787716737372,-0.0024676209967846308,0.13736237261382972
fetusdt,2024-11-24T04:19:00,2024-11-24T14:30:00,-1,1.4752,1.4499,0.42430555555555555,0.8074506939371804,-0.05906923908563466,-0.001235173362245573,0.1277162459436847
avaxusdt,2024-11-24T14:52:00,2024-11-25T09:09:00,-1,39.721,47.087,0.7618055555555555,0.9236771519141673,-0.05607115324488035,-0.005544663974768244,0.1275490737205051
suiusdt,2024-11-24T15:36:00,2024-11-25T17:09:00,-1,3.2934,3.2246,1.0645833333333334,0.8900080119033993,-0.05984741254795128,-0.00023564191715760852,0.1390002248651615
fetusdt,2024-11-24T15:56:00,2024-11-25T10:34:00,-1,1.4286,1.5304,0.7763888888888889,0.8196055684454756,-0.045037604168229946,-0.0016277260667550697,0.1287625292801624
linkusdt,2024-11-24T18:17:00,2024-11-25T15:15:00,-1,16.859,17.926,0.8736111111111111,0.864216754905014,-0.050976676025941095,-0.019934963467814065,0.0988336195766117
avaxusdt,2024-11-25T09:11:00,2024-11-25T18:01:00,-1,47.537,41.796,0.3680555555555556,0.8044572250179727,-0.011043964293618013,-0.006010509564589775,0.10906380792561715
linkusdt,2024-11-25T18:46:00,2024-11-26T19:12:00,-1,17.864,17.017,1.0180555555555555,0.918534221683828,-0.018100288898293238,-0.00017895662911757149,0.10724233770063468
arbusdt,2024-11-25T19:04:00,2024-11-26T09:55:00,-1,0.9092,0.885,0.61875,0.8764527539161192,-0.04054623399754785,-0.00017152277976817398,0.1442331346041539
avaxusdt,2024-11-25T20:58:00,2024-11-26T13:24:00,-1,42.872,41.689,0.6847222222222222,0.9601780276411338,-0.03408691355204652,-0.001256803784076499,0.14169220330160306
fetusdt,2024-11-25T21:19:00,2024-11-26T18:39:00,-1,1.4672,1.3218,0.8888888888888888,0.806231884057971,-0.05390811033899686,-0.0006233077781734042,0.12862939399577017
avaxusdt,2024-11-26T13:32:00,2024-11-27T10:13:00,-1,41.428,43.658,0.8618055555555556,0.8570768875548372,-0.05151944227672489,-0.0001973923799055144,0.12044314712480837
linkusdt,2024-11-26T19:26:00,2024-11-27T23:15:00,-1,16.889,18.753,1.1590277777777778,0.8157189639773742,-0.03595482998400709,-0.0003084549128885422,0.09754751823473402
fetusdt,2024-11-26T20:47:00,2024-11-28T01:30:00,-1,1.3686,1.49,1.1965277777777779,0.9357476635514018,-0.09117095791748658,-0.00012913175053105852,0.14153325569769984
suiusdt,2024-11-26T21:59:00,2024-11-28T02:08:00,-1,3.411,3.5536,1.1729166666666666,0.8312415956969968,-0.01922649954778026,-0.00014288990737137963,0.13403426087013504
avaxusdt,2024-11-27T17:02:00,2024-11-29T00:50:00,-1,42.826,43.049,1.325,0.8021209386281588,-0.03890307551766123,-5.540026769834672e-05,0.11335565285573176
fetusdt,2024-11-28T14:07:00,2024-11-28T20:51:00,-1,1.4833,1.6974,0.28055555555555556,0.8188321167883211,-0.047761854351635276,-0.0023859620392286673,0.1307770142369099
linkusdt,2024-11-28T14:26:00,2024-11-30T13:34:00,-1,17.752,18.496,1.9638888888888888,0.8473988439306358,-0.013390021508223899,-0.0009352323971172777,0.10113096768871667
fetusdt,2024-11-29T03:50:00,2024-11-29T21:54:00,-1,1.6077,1.6467,0.7527777777777778,0.9711248383852895,-0.028073792836088098,-0.001432290797807212,0.15354400108063004
fetusdt,2024-11-29T22:01:00,2024-11-30T11:01:00,-1,1.6598,1.8052,0.5416666666666666,0.9592476489028213,-0.06515560960181528,-0.0018391889406345618,0.15290957758245935
arbusdt,2024-11-30T16:14:00,2024-12-01T20:11:00,-1,0.9617,0.9521,1.1645833333333333,0.8745446265938069,-0.033021570806376896,-0.0007540641528855918,0.1431760492988485
linkusdt,2024-12-01T01:52:00,2024-12-02T07:05:00,-1,18.758,19.73,1.2173611111111111,0.9448663853727145,-0.03227141332205977,-0.0009318322970858217,0.1114255916362724
fetusdt,2024-12-01T10:33:00,2024-12-02T04:45:00,-1,1.8419,1.8244,0.7583333333333333,0.8344788890447468,-0.052013310518450415,-0.0007763768679341643,0.1328244181223792
avaxusdt,2024-12-02T03:49:00,2024-12-02T11:03:00,-1,48.364,45.492,0.3013888888888889,0.8907291890729189,-0.04008033777415653,-0.0007896607241662523,0.12502687855651884
linkusdt,2024-12-02T07:44:00,2024-12-02T13:30:00,-1,19.929,21.072,0.24027777777777778,0.9530348805273277,-0.01242822179627201,-6.420340197982322e-05,0.11407725244193959
fetusdt,2024-12-02T08:06:00,2024-12-02T22:40:00,-1,1.8202,1.883,0.6069444444444444,0.9851037171098427,-0.059504689624520275,-0.0009001255349996851,0.16352901622359187
avaxusdt,2024-12-02T11:17:00,2024-12-02T20:10:00,-1,45.865,48.716,0.3701388888888889,0.9367888748419722,-0.061987277961726095,-0.0003176679290154971,0.13730464366719589
linkusdt,2024-12-02T13:41:00,2024-12-02T18:37:00,-1,21.024,23.317,0.20555555555555555,0.9748730286019781,-0.014845548020455441,-0.0004545394493078031,0.1243112818469275
linkusdt,2024-12-02T18:39:00,2024-12-02T22:10:00,1,23.063,24.51,0.14652777777777778,0.9830464267083986,0.020029133439044947,3.937480169532992e-05,0.13099654324551202
avaxusdt,2024-12-02T21:36:00,2024-12-03T07:11:00,-1,49.675,50.982,0.3993055555555556,0.9756550443573344,-0.014740856084425573,-0.00048202351321793846,0.1464857914795879
linkusdt,2024-12-02T22:18:00,2024-12-03T06:34:00,1,24.773,25.054,0.34444444444444444,0.9460834181078331,0.00031317701378417106,0.0026404722491489424,0.1254221227602947
linkusdt,2024-12-03T06:43:00,2024-12-03T12:13:00,-1,24.909,24.662,0.22916666666666666,0.9542402387465805,-0.02636119475091331,-0.012536271343252497,0.1289974792667334
avaxusdt,2024-12-03T07:15:00,2024-12-03T15:05:00,-1,50.792,50.105,0.3263888888888889,0.8479627001824448,-0.026251480828267594,-0.007783433126244077,0.12842387947399664
fetusdt,2024-12-03T09:07:00,2024-12-03T19:49:00,-1,1.9041,1.8768,0.44583333333333336,0.9047619047619048,-0.05308617634682404,-0.00010946282463217272,0.14323134635582307
arbusdt,2024-12-03T09:38:00,2024-12-03T23:26:00,-1,1.0588,1.0509,0.575,0.8053248136315229,-0.011555914760594976,-0.0005057138822309182,0.13588682020016585
linkusdt,2024-12-03T15:20:00,2024-12-04T03:55:00,-1,23.562,24.036,0.5243055555555556,0.9923408329344183,-0.04314209982927166,-0.0007488434775806962,0.1697456623554923
avaxusdt,2024-12-03T15:41:00,2024-12-04T06:41:00,-1,50.156,54.203,0.625,0.8119284294234592,-0.037069110473893406,-0.0005057563838530427,0.12159369675206663
arbusdt,2024-12-04T13:47:00,2024-12-04T23:18:00,-1,1.1006,1.1346,0.39652777777777776,0.8610197368421053,-0.023026441167986064,-0.0016293192841579651,0.14165522940448766
linkusdt,2024-12-04T14:16:00,2024-12-04T23:00:00,-1,24.736,24.173,0.3638888888888889,0.8107795512375665,-0.027976564616083957,-0.0012027606762804316,0.11484350436678327
avaxusdt,2024-12-04T18:11:00,2024-12-05T09:58:00,-1,54.288,52.439,0.6576388888888889,0.8555512869765655,-0.04982348909738962,-0.0006556509123309684,0.12959212189241057
linkusdt,2024-12-04T23:21:00,2024-12-05T15:32:00,-1,24.004,24.323,0.6743055555555556,0.8841366825073546,-0.0426755177906445,-0.0001821111414737342,0.1262182126653178
arbusdt,2024-12-05T01:44:00,2024-12-05T19:56:00,-1,1.1021,1.1138,0.7583333333333333,0.8702029334940727,-0.06837766048862016,-0.001860415557074252,0.14351411768957
fetusdt,2024-12-05T03:48:00,2024-12-05T18:19:00,-1,1.8491,2.0472,0.6048611111111111,0.9276914836636315,-0.056776690697717624,-8.034232431708421e-05,0.1471938922971625
avaxusdt,2024-12-05T12:34:00,2024-12-06T05:28:00,-1,53.006,52.248,0.7041666666666667,0.8234183191690274,-0.05274216659389907,-0.0001506815362150582,0.12640716286758827
suiusdt,2024-12-05T15:27:00,2024-12-06T00:52:00,-1,4.3382,4.275,0.3923611111111111,0.8604432364624712,-0.004629990105780768,-0.0016152377929011252,0.1355613110800611
fetusdt,2024-12-06T00:31:00,2024-12-06T13:44:00,-1,1.9478,2.0936,0.5506944444444445,0.9779246530072703,-0.05028565318188964,-0.0009531376682158088,0.16212442395714816
suiusdt,2024-12-06T05:03:00,2024-12-06T18:41:00,1,4.343,4.2369,0.5680555555555555,0.8323328503415441,0.01948860158732312,0.005948072693957002,0.1336649112984203
avaxusdt,2024-12-06T13:44:00,2024-12-07T20:42:00,-1,50.971,52.35,1.2902777777777779,0.8099296035568729,-0.05190549339320036,-0.0015483702423341045,0.1248392219661525
fetusdt,2024-12-06T18:26:00,2024-12-08T02:24:00,-1,2.1694,2.0701,1.3319444444444444,0.9810315707418474,-0.05367464241557939,-0.002513176163382924,0.16373165645678525
suiusdt,2024-12-06T19:22:00,2024-12-07T22:24:00,-1,4.2326,4.3467,1.1263888888888889,0.894580168343256,-0.001506644193080286,-0.014570367293113923,0.13969279113721403
arbusdt,2024-12-07T00:02:00,2024-12-08T13:51:00,-1,1.1714,1.1651,1.5756944444444445,0.9676300578034682,-0.007182596763150841,-0.0003325526994773509,0.16078408246520315
linkusdt,2024-12-07T17:00:00,2024-12-08T12:30:00,-1,24.801,26.884,0.8125,0.9277542372881356,-0.02146899969817356,-0.0002473829947899908,0.12998874110081793
suiusdt,2024-12-08T02:18:00,2024-12-09T09:00:00,-1,4.3696,4.0083,1.2791666666666666,0.9270364306180925,-0.015789826787136453,-0.00018209979643785124,0.14407977955222293
fetusdt,2024-12-08T10:37:00,2024-12-09T14:00:00,-1,2.0366,1.8883,1.1409722222222223,0.9378138277327154,-0.06343091046258252,-0.0028647682329354385,0.1563757943470466
linkusdt,2024-12-08T13:04:00,2024-12-09T02:32:00,-1,26.916,26.468,0.5611111111111111,0.9571636514867956,-0.014874173681984945,-0.0016936578402193536,0.14426929926837687
arbusdt,2024-12-08T17:51:00,2024-12-09T15:19:00,-1,1.1495,1.0737,0.8944444444444445,0.8668566001899335,-0.06296951643687411,-0.0008678081086469502,0.1449895399533896
avaxusdt,2024-12-08T23:40:00,2024-12-09T15:55:00,-1,54.1,48.929,0.6770833333333334,0.9018181818181819,-0.04716887041960978,-9.887108101228059e-05,0.13655896380378818
linkusdt,2024-12-09T02:36:00,2024-12-09T10:03:00,-1,26.691,25.439,0.3104166666666667,0.9176542705353494,-0.046817077572330945,-0.027402625324052965,0.13508210168604085
linkusdt,2024-12-09T12:45:00,2024-12-09T21:12:00,-1,24.808,21.68,0.35208333333333336,0.939297124600639,-0.039636163314130744,-0.0005164749869836505,0.14474328309905624
fetusdt,2024-12-09T14:07:00,2024-12-09T22:32:00,-1,1.8912,1.6591,0.3506944444444444,0.8156137647663071,-0.07255976174584985,-0.011936183365962805,0.13852676424791657
arbusdt,2024-12-09T15:27:00,2024-12-09T23:12:00,-1,1.0763,0.9627,0.3229166666666667,0.8360747663551402,-0.04048639553209827,-0.021924733676544433,0.143491384400706
avaxusdt,2024-12-09T16:00:00,2024-12-09T23:11:00,-1,49.03,44.907,0.29930555555555555,0.8265543809353163,-0.09089953206033481,-0.004981257219631219,0.12965940242841476
linkusdt,2024-12-09T21:26:00,2024-12-10T05:03:00,-1,22.445,22.506,0.3173611111111111,0.9766986489132563,-0.10426862022420721,-0.001124004358202646,0.16397775313222288
fetusdt,2024-12-09T23:04:00,2024-12-10T15:01:00,-1,1.6894,1.6928,0.6645833333333333,0.958078491335372,-0.11707543111077857,-0.0002853276332762389,0.16056659433423232
arbusdt,2024-12-10T00:28:00,2024-12-10T14:44:00,-1,0.9697,0.9727,0.5944444444444444,0.9282437144430171,-0.09781509335253061,-0.0005930595598144517,0.1557291092614232
avaxusdt,2024-12-10T01:17:00,2024-12-10T16:19:00,-1,45.558,42.503,0.6263888888888889,0.9949033391915642,-0.09753725872531108,-0.0007537886969006258,0.16686081380679074
linkusdt,2024-12-10T05:06:00,2024-12-10T15:57:00,-1,22.878,21.443,0.45208333333333334,0.9071689409955794,-0.05960526919723483,-0.0006208119244891785,0.14240346546119365
arbusdt,2024-12-10T15:01:00,2024-12-11T08:26:00,-1,0.9628,0.934,0.7256944444444444,0.8202673410404624,-0.04083518478407942,-0.0037243210167620666,0.14444137987438674
linkusdt,2024-12-12T04:01:00,2024-12-12T08:26:00,1,27.312,29.034,0.1840277777777778,0.8025454545454546,0.011258430269749754,0.0038479587014848965,0.12664396014775353
linkusdt,2024-12-12T08:31:00,2024-12-12T15:36:00,1,29.157,28.187,0.2951388888888889,0.9155206286836935,0.024922094582741236,0.0024276660138638217,0.14319990666854787
arbusdt,2024-12-12T12:11:00,2024-12-13T04:09:00,-1,1.0487,1.0477,0.6652777777777777,0.9238826815642458,-0.02926059919443976,-0.0008842394991244729,0.15532663607507036
avaxusdt,2024-12-12T14:41:00,2024-12-13T00:25:00,-1,52.229,53.705,0.40555555555555556,0.843475321162948,-0.011202922133885535,-0.0001232663845704418,0.13393442315368986
linkusdt,2024-12-12T15:42:00,2024-12-12T22:34:00,1,28.328,28.518,0.2861111111111111,0.9346945960218271,0.0011871179360785269,0.0023608650811672016,0.1503761470713123
linkusdt,2024-12-12T23:02:00,2024-12-13T03:07:00,1,28.742,30.214,0.1701388888888889,0.9951531936991518,0.00185008484713511,0.002432229887100318,0.17531385388659676
avaxusdt,2024-12-13T00:59:00,2024-12-13T22:55:00,1,53.123,52.267,0.9138888888888889,0.804,0.00950866453367195,0.008330870381403996,0.1302781849738355
linkusdt,2024-12-13T03:08:00,2024-12-13T11:07:00,1,30.061,28.821,0.3326388888888889,0.9800851063829787,0.005573917557057257,0.006407060823545502,0.17230357521510534
linkusdt,2024-12-13T11:10:00,2024-12-13T23:47:00,-1,28.871,28.851,0.5256944444444445,0.9711892797319933,-0.03897412828040997,-0.0011688549445294238,0.17227452717436414
arbusdt,2024-12-13T11:25:00,2024-12-14T13:20:00,-1,1.0536,0.9784,1.0798611111111112,0.9040369483407458,-0.0565788584323698,-4.295005570723043e-05,0.15337685675497895
suiusdt,2024-12-13T15:12:00,2024-12-14T18:27:00,1,4.8438,4.4979,1.1354166666666667,0.8006443424777897,0.002091181934026845,0.006125933352718105,0.13234650834078177
avaxusdt,2024-12-13T23:06:00,2024-12-15T02:41:00,-1,52.361,50.081,1.1493055555555556,0.8084265964450297,-0.04140321391257009,-0.0025433417914746403,0.13213013036457777
linkusdt,2024-12-13T23:49:00,2024-12-14T09:44:00,-1,29.054,30.149,0.4131944444444444,0.8985650667986146,-0.017384030938464204,-0.007792796178073963,0.15417562965439022
linkusdt,2024-12-14T09:47:00,2024-12-14T15:43:00,-1,30.195,30.506,0.24722222222222223,0.8709415584415584,-0.027939546232998037,-0.0038216618333791474,0.15140690738500742
linkusdt,2024-12-14T16:03:00,2024-12-15T00:25:00,-1,30.388,29.018,0.3486111111111111,0.9148698291007826,-0.0062089906376030105,-0.0004693896472990622,0.16057431665316266
linkusdt,2024-12-15T01:24:00,2024-12-15T13:24:00,-1,29.034,28.472,0.5,0.8839805062097155,-0.010124853803536775,-0.0014090270195630805,0.15717472239199698
avaxusdt,2024-12-15T03:59:00,2024-12-16T04:23:00,-1,49.527,50.204,1.0166666666666666,0.9136807817589576,-0.05001229143549136,-0.0039501533464093574,0.14092297579430602
avaxusdt,2024-12-16T07:15:00,2024-12-17T08:47:00,-1,50.074,49.225,1.0638888888888889,0.9851947215963952,-0.0468505994212625,-0.0019146626807237666,0.16360642815027218
suiusdt,2024-12-16T08:58:00,2024-12-17T10:46:00,-1,4.803,4.7541,1.075,0.9336630782659295,-0.020613673629384675,-0.0005012379481320328,0.14488012604819422
linkusdt,2024-12-16T09:10:00,2024-12-16T14:36:00,-1,29.423,29.72,0.2263888888888889,0.8293349529304586,-0.026929478871412293,-0.001188119075468258,0.14885458242650082
linkusdt,2024-12-16T14:44:00,2024-12-16T22:51:00,-1,29.873,29.082,0.33819444444444446,0.970667464830889,-0.001302716645927722,-0.00022388280355889467,0.17395863690515198
linkusdt,2024-12-17T04:31:00,2024-12-17T18:58:00,-1,28.357,27.66,0.6020833333333333,0.8126284875183554,-0.028726630881454773,-9.412574663245077e-05,0.14874376174720746
avaxusdt,2024-12-17T15:47:00,2024-12-18T18:58:00,-1,49.018,47.256,1.132638888888889,0.8040861577446944,-0.032191942557021284,-0.00023600309532936792,0.13462443963567972
linkusdt,2024-12-18T00:17:00,2024-12-18T14:38:00,-1,27.945,27.031,0.5979166666666667,0.8418846654140771,-0.05961272635695857,-0.001138638377454232,0.15203824358728224
avaxusdt,2024-12-18T19:10:00,2024-12-19T10:19:00,-1,46.258,42.833,0.63125,0.8377697275161443,-0.06007294964883153,-0.009911127556604948,0.1372900374548629
suiusdt,2024-12-21T14:05:00,2024-12-22T04:15:00,1,4.7138,4.5028,0.5902777777777778,0.9831671995486176,0.0010460623338348397,0.01883444223628311,0.16069840048962683
linkusdt,2024-12-21T14:30:00,2024-12-22T14:32:00,-1,22.903,21.802,1.0013888888888889,0.9130778348478862,-0.03366826872923443,-0.0003767647647049399,0.16189030443791314
suiusdt,2024-12-22T04:28:00,2024-12-22T19:14:00,-1,4.5252,4.3447,0.6152777777777778,0.8515558898185579,-0.03391192366409447,-0.014621980082463404,0.13761700321295006
suiusdt,2024-12-22T19:54:00,2024-12-23T15:06:00,-1,4.2812,4.1272,0.8,0.9014137253066192,-0.014973228112961477,-0.0010804958509949558,0.14283488227338104
suiusdt,2024-12-24T02:48:00,2024-12-25T02:57:00,1,4.6268,4.5719,1.00625,0.8057057617005408,0.003619535904112915,0.008441830558864688,0.13470958252415466
linkusdt,2024-12-24T03:51:00,2024-12-24T22:10:00,1,24.022,25.868,0.7631944444444444,0.8893144389122941,0.0009043553691011479,0.010929924184323592,0.15808396369775773
suiusdt,2024-12-25T04:05:00,2024-12-26T12:32:00,-1,4.548,4.2611,1.3520833333333333,0.8780714817572599,-0.010677020528681412,-0.00020037265606745458,0.14101146542932788
suiusdt,2024-12-27T16:59:00,2024-12-29T08:22:00,-1,4.1107,4.2521,1.6409722222222223,0.8181395781061239,-0.039081028721305595,-0.0009723899381937628,0.13630260854935045
suiusdt,2024-12-29T11:48:00,2024-12-30T20:14:00,-1,4.2211,4.3321,1.351388888888889,0.811151583076492,-0.018831487212019483,-0.002603893764788756,0.13633515335468221
suiusdt,2025-01-04T00:46:00,2025-01-04T13:41:00,1,4.865,5.2126,0.5381944444444444,0.803921568627451,0.015631848085781316,0.022837542823716195,0.13590933774754602
suiusdt,2025-01-04T13:56:00,2025-01-05T02:21:00,1,5.2273,5.2238,0.5173611111111112,0.9748782862706913,0.030236684827981412,0.002408994092193223,0.15761737976989307
suiusdt,2025-01-05T05:59:00,2025-01-06T09:48:00,1,5.211,5.1453,1.1590277777777778,0.8278807882729832,0.011330475658367622,0.0007906930231688092,0.13889468631416
suiusdt,2025-01-07T16:10:00,2025-01-08T08:24:00,-1,4.8866,4.6498,0.6763888888888889,0.8181460342452274,-0.0465587100829091,-0.0008437093918833571,0.13853698565295733
linkusdt,2025-01-07T23:33:00,2025-01-08T21:50:00,-1,21.532,20.228,0.9284722222222223,0.804681194511703,-0.04515610592568305,-0.0009060404358796625,0.14777485262454226
fetusdt,2025-01-08T02:49:00,2025-01-09T10:25:00,-1,1.4037,1.314,1.3166666666666667,0.8295549958018472,-0.05816179440296185,-2.2805909630690957e-05,0.14334846521614364
suiusdt,2025-01-08T08:33:00,2025-01-09T00:19:00,-1,4.636,4.8642,0.6569444444444444,0.808016464131713,-0.05669627982422901,-0.0016721604531292067,0.13844833282079141
avaxusdt,2025-01-08T17:12:00,2025-01-10T12:48:00,-1,36.845,37.461,1.8166666666666667,0.8467695826186392,-0.04012542439369338,-0.0016044988018075468,0.13720729730229494
arbusdt,2025-01-08T17:29:00,2025-01-10T14:23:00,-1,0.7575,0.755,1.8708333333333333,0.9212713223501968,-0.059745487038346985,-0.0006258719774984711,0.1541525475013349
suiusdt,2025-01-09T02:15:00,2025-01-09T18:12:00,1,4.8245,4.7578,0.6645833333333333,0.8010553058432676,0.0008109641129208678,0.010222929021771576,0.13792308846629986
suiusdt,2025-01-10T01:58:00,2025-01-10T15:08:00,1,4.8135,4.9019,0.5486111111111112,0.81669921875,0.002677042610793967,0.0028597645234437474,0.13913125999707923
suiusdt,2025-01-10T15:12:00,2025-01-11T12:11:00,-1,4.875,5.0113,0.8743055555555556,0.8996782684995612,-0.01176738153073525,-0.004934529045141106,0.14587449483336115
suiusdt,2025-01-11T20:44:00,2025-01-13T03:32:00,-1,4.9791,4.6297,1.2833333333333334,0.9739853300733496,-0.029570984909747057,-0.0011962336559289966,0.15888558940885603
suiusdt,2025-01-13T14:42:00,2025-01-14T08:17:00,-1,4.4336,4.5997,0.7326388888888888,0.9910406616126809,-0.05440386772262871,-5.364658206147288e-05,0.17341683798619686
suiusdt,2025-01-14T09:29:00,2025-01-15T10:40:00,-1,4.7043,4.5001,1.0493055555555555,0.8038366945400885,-0.0006497288260895383,-0.005006865784733194,0.1405640657516856
suiusdt,2025-01-16T01:26:00,2025-01-16T19:48:00,-1,4.72,4.987,0.7652777777777777,0.9119897959183674,-0.005900295015552196,-0.001530702400260514,0.15029758298795673
linkusdt,2025-01-17T01:17:00,2025-01-18T00:30:00,1,23.462,25.393,0.9673611111111111,0.8527460576400218,0.000403755540615041,0.010150928184457036,0.15122474463044897
suiusdt,2025-01-17T15:24:00,2025-01-18T11:36:00,-1,4.9138,4.6702,0.8416666666666667,0.9626032054395337,-0.015265527122013088,-0.0016214090948793725,0.1602512308277769
linkusdt,2025-01-18T19:20:00,2025-01-19T14:20:00,-1,23.874,24.363,0.7916666666666666,0.9041884258765853,-0.04487704987075691,-0.0017189849208542607,0.15871309876400336
suiusdt,2025-01-19T11:07:00,2025-01-20T00:02:00,-1,4.8036,4.4075,0.5381944444444444,0.8753592642268634,-0.044394419387969446,-0.0007516963105267394,0.14756807000164782
linkusdt,2025-01-21T18:12:00,2025-01-22T15:34:00,1,26.512,25.454,0.8902777777777777,0.8237179487179487,0.007253143348562754,0.004218736811160556,0.1483724829988986
linkusdt,2025-01-23T16:27:00,2025-01-24T13:42:00,-1,26.014,25.945,0.8854166666666666,0.8717316230883079,-0.025026172227663044,-0.0004109198957634175,0.15264800018287053
suiusdt,2025-01-24T03:28:00,2025-01-25T15:26:00,-1,4.2491,4.1862,1.4986111111111111,0.835475096144827,-0.01809987046096695,-0.002119042056654169,0.14361853008325004
suiusdt,2025-01-27T08:04:00,2025-01-28T05:33:00,-1,3.5457,3.9856,0.8951388888888889,0.9869122183789848,-0.10954553796025071,-0.00196475799556331,0.17117631529634764
arbusdt,2025-02-02T08:58:00,2025-02-03T02:08:00,-1,0.5752,0.3683,0.7152777777777778,0.984530535377993,-0.05490268923835458,-0.0013102309908067378,0.16865496409472108
suiusdt,2025-02-25T05:15:00,2025-02-25T20:22:00,-1,2.8293,2.9049,0.6298611111111111,0.8038081211866189,-0.044500876918033706,-0.0019172804271315735,0.14006405116138496
linkusdt,2025-03-15T00:29:00,2025-03-17T00:39:00,-1,13.766,13.488,2.0069444444444446,0.969726456914261,-0.026985498941559972,-0.0013267410781102051,0.1574374320224191
avaxusdt,2025-03-15T08:10:00,2025-03-17T05:59:00,1,18.506,18.472,1.9090277777777778,0.8373437791456818,0.0029794015544675717,0.03898077936695811,0.120142142729828
avaxusdt,2025-03-17T06:33:00,2025-03-19T11:41:00,-1,18.273,19.622,2.213888888888889,0.9207883267007769,-0.02231510397934236,-0.02940966528773009,0.12697221684489204
avaxusdt,2025-03-25T15:42:00,2025-03-27T15:04:00,1,22.581,22.123,1.9736111111111112,0.8143336127409891,0.01960099722303008,0.014684944001581657,0.11232098018688236
suiusdt,2025-03-27T14:01:00,2025-03-28T11:08:00,1,2.753,2.5399,0.8798611111111111,0.9065948165255324,0.006132368094793175,0.013781482621539526,0.14885723191606287
suiusdt,2025-03-28T12:35:00,2025-03-29T17:27:00,-1,2.528,2.2758,1.2027777777777777,0.9859514687100894,-0.03247105894088467,-0.000511634194845012,0.16840396666437404
suiusdt,2025-03-29T17:35:00,2025-03-31T06:25:00,-1,2.2998,2.2741,1.5347222222222223,0.8254674977738201,-0.026904461134962965,-0.0018906980383580074,0.14134472738919646
suiusdt,2025-03-31T07:00:00,2025-04-01T14:30:00,-1,2.2767,2.3939,1.3125,0.8795871559633027,-0.008202857677173015,-0.01152428082938961,0.14916128589501998
avaxusdt,2025-04-15T09:48:00,2025-04-18T10:47:00,-1,20.048,19.04,3.0409722222222224,0.9792713567839196,-0.016828956015436138,-0.0010595833273374655,0.13731041827857488
avaxusdt,2025-04-22T09:16:00,2025-04-23T17:59:00,-1,20.135,22.352,1.3631944444444444,0.9595778127105322,-0.020027889715997175,-0.0013172807218715388,0.13036082288770057
fetusdt,2025-04-22T12:35:00,2025-04-24T14:50:00,-1,0.5957,0.7174,2.09375,0.9234992679355783,-0.01985406344036392,-2.0872048318437697e-06,0.10808087660753256
suiusdt,2025-04-22T23:54:00,2025-04-23T13:30:00,1,2.6674,2.9574,0.5666666666666667,0.8020954598370198,0.022235061990188237,0.014645102318599043,0.1235861907377387
suiusdt,2025-04-23T14:28:00,2025-04-24T02:22:00,1,3.0139,3.0533,0.49583333333333335,0.8037047673750718,0.010757688067024844,0.004409592996257677,0.12457292410402657
avaxusdt,2025-04-23T18:19:00,2025-04-26T03:32:00,1,22.582,22.609,2.384027777777778,0.8303232998885173,0.015948215123239934,0.002414761274933952,0.10617337861258518
suiusdt,2025-04-24T02:30:00,2025-04-24T14:14:00,-1,3.0334,3.0715,0.4888888888888889,0.94,-0.008992811928824588,-0.003641352496302319,0.14542931380906224
fetusdt,2025-04-24T14:56:00,2025-04-26T07:08:00,-1,0.7092,0.786,1.675,0.9036277024551118,-0.029732390669869456,-0.0070147218966141595,0.11124179364399549
suiusdt,2025-04-24T15:34:00,2025-04-25T01:28:00,1,3.2615,3.3389,0.4125,0.8666102650874224,0.002425162619039741,0.017272760157268627,0.13049049103922744
suiusdt,2025-04-25T06:10:00,2025-04-25T12:06:00,1,3.5423,3.7192,0.24722222222222223,0.8055285456313377,0.0020085174252436554,0.004773726596260491,0.12474730619653938
suiusdt,2025-04-25T12:08:00,2025-04-25T18:31:00,1,3.74,3.6095,0.2659722222222222,0.8073809850459597,0.00921549462668013,0.000535190157621393,0.12528909398906538
suiusdt,2025-04-25T18:36:00,2025-04-26T11:49:00,-1,3.6156,3.442,0.7173611111111111,0.8475403171161404,-0.01588353152076312,-0.003457579467081834,0.12829462848256254
linkusdt,2025-04-26T09:17:00,2025-04-28T15:29:00,-1,14.998,14.496,2.2583333333333333,0.8058841843088418,-0.02654975632618452,-0.0005277609478965967,0.11154240223673441
suiusdt,2025-04-26T12:38:00,2025-04-27T06:29:00,-1,3.4236,3.5914,0.74375,0.9237265415549598,-0.040108890067278954,-0.0007511486932431644,0.13936353107224114
fetusdt,2025-04-27T06:26:00,2025-04-29T14:13:00,-1,0.7866,0.7233,2.3243055555555556,0.8375179340028694,-0.013511656490034408,-0.0025523050827054306,0.10104463291395029
suiusdt,2025-04-27T06:47:00,2025-04-28T02:03:00,-1,3.5701,3.4352,0.8027777777777778,0.9037046943961482,-0.00900243940706852,-0.001866552537412275,0.13630893231056146
suiusdt,2025-04-28T08:18:00,2025-04-28T15:35:00,-1,3.686,3.5633,0.3034722222222222,0.9594720703906146,-0.012560695779875031,-0.0012643916384882103,0.14795533713763473
avaxusdt,2025-04-28T17:43:00,2025-05-01T10:09:00,-1,21.63,21.346,2.6847222222222222,0.875140860942078,-0.04491948788908135,-0.00045017393250768034,0.10993474355234792
suiusdt,2025-04-28T17:47:00,2025-04-29T11:56:00,1,3.5951,3.5644,0.75625,0.9988143854564616,0.0017042893022637695,0.007777359616782276,0.17887191309299694
suiusdt,2025-04-29T12:36:00,2025-04-30T12:32:00,-1,3.5038,3.4695,0.9972222222222222,0.952971913781842,-0.050971086733037275,-0.007142830766363822,0.15421831011405465
fetusdt,2025-04-30T08:13:00,2025-05-03T12:09:00,-1,0.7146,0.6874,3.1638888888888888,0.9778343023255814,-0.02974377580103284,-0.003801581541393928,0.13386091689240145
suiusdt,2025-04-30T12:36:00,2025-05-01T05:57:00,-1,3.4525,3.5197,0.7229166666666667,0.8245063423564797,-0.028690007159859435,-0.0030164694690367477,0.13119995485091035
suiusdt,2025-05-01T09:52:00,2025-05-02T00:00:00,-1,3.5557,3.5589,0.5888888888888889,0.9317206398751463,-0.014950505256429974,-0.004861170856657798,0.14923737166746712
avaxusdt,2025-05-01T13:36:00,2025-05-04T09:12:00,-1,21.306,20.065,2.816666666666667,0.8,-0.02690907912164182,-0.004497494802997312,0.10421124064318554
suiusdt,2025-05-02T00:07:00,2025-05-02T23:29:00,-1,3.5521,3.4126,0.9736111111111111,0.9443152454780361,-0.008450448858741374,-0.0008362512627423102,0.15378699076219274
arbusdt,2025-05-02T08:35:00,2025-05-08T00:01:00,-1,0.3363,0.3106,5.643055555555556,0.8016147635524798,-0.012994676974425776,-0.00042352442147206015,0.10933584971367685
suiusdt,2025-05-03T00:08:00,2025-05-04T03:17:00,-1,3.41,3.2399,1.13125,0.8498907595424753,-0.018993554451632488,-0.010628295237802593,0.13901805878112297
fetusdt,2025-05-03T12:58:00,2025-05-07T06:06:00,-1,0.694,0.6852,3.713888888888889,0.8486288848263254,-0.03539318482385079,-0.00011748369902180034,0.10631036838841966
suiusdt,2025-05-04T06:17:00,2025-05-05T07:23:00,-1,3.1729,3.3841,1.0458333333333334,0.9302295252999478,-0.06940167359935343,-0.0021846722498561344,0.15321840267918616
suiusdt,2025-05-05T07:44:00,2025-05-05T22:38:00,1,3.4126,3.446,0.6208333333333333,0.8173064239546234,0.03758718923318857,0.0037297921403373346,0.13688496710852546
suiusdt,2025-05-06T00:12:00,2025-05-06T16:44:00,-1,3.3984,3.1976,0.6888888888888889,0.9232601217253241,-0.013391924128848924,-0.00035105101201604594,0.15314917418967564
avaxusdt,2025-05-06T11:29:00,2025-05-08T12:17:00,-1,19.425,20.971,2.033333333333333,0.9120513429997623,-0.0397880660347879,-0.0014264846185031016,0.1136757461817473
linkusdt,2025-05-06T15:15:00,2025-05-08T12:54:00,-1,13.379,14.875,1.9020833333333333,0.8075396825396826,-0.04021793569614843,-0.0007417871204495607,0.10723385725277927
suiusdt,2025-05-08T03:43:00,2025-05-08T15:25:00,1,3.6088,3.8172,0.4875,0.8315032679738562,0.01675418986329999,0.02219086670768239,0.1413465944436801
suiusdt,2025-05-08T15:43:00,2025-05-09T03:13:00,1,3.8964,3.9706,0.4791666666666667,0.9636835278858625,0.039017101508914596,0.000625012989961482,0.16206976247741844
avaxusdt,2025-05-08T17:51:00,2025-05-09T22:19:00,-1,21.267,23.116,1.1861111111111111,0.9214523018509729,-0.01133663580038926,-0.0001768228310071729,0.11744270859445549
suiusdt,2025-05-09T05:28:00,2025-05-09T15:25:00,1,3.9033,3.8708,0.41458333333333336,0.8302687411598303,0.0014696443306752543,0.023143443938396333,0.14351996368455033
linkusdt,2025-05-09T08:40:00,2025-05-10T11:55:00,1,16.367,16.065,1.1354166666666667,0.8093942691331157,0.01883113906766512,0.009263904073323587,0.1076962050337451
fetusdt,2025-05-09T10:58:00,2025-05-11T09:30:00,-1,0.852,0.857,1.9388888888888889,0.8049713193116634,-0.0162815005521123,-0.005055573749209216,0.09897999450247016
suiusdt,2025-05-09T15:27:00,2025-05-10T12:01:00,-1,3.8799,3.8711,0.8569444444444444,0.9667473563511275,-0.021930817379926127,-0.006786531313261762,0.16448000760720652
avaxusdt,2025-05-09T23:26:00,2025-05-11T07:49:00,1,23.197,24.484,1.3493055555555555,0.8726591760299626,0.025909176466486182,0.0031221533697525505,0.11350700671677266
arbusdt,2025-05-10T03:38:00,2025-05-11T00:22:00,-1,0.3803,0.4722,0.8638888888888889,0.982426060865838,-0.003709226257750592,-0.0011735783235635455,0.12135934626280757
suiusdt,2025-05-10T13:04:00,2025-05-11T01:13:00,-1,3.9526,4.2029,0.50625,0.8144447255249178,-0.0018056418236188166,-0.004454080049299147,0.1442457521980216
suiusdt,2025-05-11T01:18:00,2025-05-11T21:08:00,1,4.1957,4.0103,0.8263888888888888,0.8937319432232131,0.007224442136418732,0.004190395543052172,0.1533251113582237
linkusdt,2025-05-11T15:43:00,2025-05-12T16:04:00,-1,16.66,16.782,1.0145833333333334,0.8179533213644524,-0.03448394025443732,-0.0006642543523304317,0.10801473285293282
arbusdt,2025-05-11T18:18:00,2025-05-13T03:31:00,-1,0.4544,0.4108,1.3840277777777779,0.8269854132901134,-0.002922573704874461,-0.003309213386923457,0.11047169573678169
suiusdt,2025-05-11T21:49:00,2025-05-12T09:07:00,-1,4.0169,4.2179,0.4708333333333333,0.9427174730508899,-0.041813956319700196,-0.01021115116615176,0.1603262297016176
fetusdt,2025-05-12T00:34:00,2025-05-14T00:33:00,-1,0.8655,0.8839,1.9993055555555554,0.8476297968397292,-0.03230796087844357,-0.00048570860699932716,0.1059923546168573
suiusdt,2025-05-12T11:07:00,2025-05-12T23:20:00,-1,4.1859,3.9845,0.5090277777777777,0.958934793429567,-0.0382987568282049,-0.001483268645489838,0.1651105183180141
avaxusdt,2025-05-12T14:50:00,2025-05-14T02:57:00,-1,25.068,26.162,1.5048611111111112,0.9237832874196511,-0.02769927622938825,-0.0008642177462729467,0.11814196453858294
suiusdt,2025-05-13T08:44:00,2025-05-14T05:14:00,-1,3.9518,4.0009,0.8541666666666666,0.8912506178942166,-0.05520303716403562,-0.0011497184481799594,0.1558420079341311
arbusdt,2025-05-13T16:10:00,2025-05-15T14:45:00,-1,0.4353,0.3975,1.9409722222222223,0.9889546351084813,-0.025463958513155558,-0.0023801839732334185,0.13353661484570833
avaxusdt,2025-05-14T08:01:00,2025-05-15T17:24:00,-1,26.048,24.178,1.3909722222222223,0.8867924528301887,-0.01662410489788379,-0.0014556666315651418,0.1164607685282909
linkusdt,2025-05-15T07:17:00,2025-05-16T15:29:00,-1,16.406,16.189,1.3416666666666666,0.8726950354609929,-0.032978307922056846,-0.0012572390798924887,0.1107172012104139
fetusdt,2025-05-15T13:36:00,2025-05-18T14:05:00,-1,0.7804,0.775,3.020138888888889,0.90169992609017,-0.046564073647083315,-4.3946357714041984e-05,0.11046844993229059
suiusdt,2025-05-15T13:37:00,2025-05-16T08:53:00,-1,3.7466,3.8467,0.8027777777777778,0.9490649606299213,-0.10073801272089494,-0.0004152768801407858,0.16386479883354618
avaxusdt,2025-05-15T20:33:00,2025-05-18T04:14:00,-1,23.53,22.273,2.3201388888888888,0.9849573417153121,-0.05763076915162274,-4.5533434927857996e-05,0.15209699450255973
arbusdt,2025-05-15T21:30:00,2025-05-18T18:00:00,-1,0.3904,0.3874,2.8541666666666665,0.8208092485549133,-0.032905671349291066,-0.0004901969118057126,0.11270281226850003
linkusdt,2025-05-16T19:59:00,2025-05-18T17:50:00,-1,16.051,15.995,1.9104166666666667,0.9406255522177063,-0.04745220255364371,-0.00048393834414083015,0.12088613932126085
avaxusdt,2025-05-18T05:01:00,2025-05-19T22:44:00,-1,22.484,22.071,1.7381944444444444,0.9083833666889037,-0.05076387874145216,-0.008267445939330376,0.12660936687955324
linkusdt,2025-05-18T18:09:00,2025-05-20T01:35:00,-1,15.653,15.974,1.3097222222222222,0.903886925795053,-0.03965359946294869,-0.0018611675787120335,0.11555561150698748
suiusdt,2025-05-18T19:31:00,2025-05-19T15:32:00,1,3.7711,3.7662,0.8340277777777778,0.8034849951597289,0.0006583817726526803,0.02269767148748597,0.1493601397798416
avaxusdt,2025-05-19T23:59:00,2025-05-21T20:08:00,-1,22.244,22.846,1.8395833333333333,0.8003541389995573,-0.02802330963407478,-0.006814673604117569,0.11501154356634326
linkusdt,2025-05-20T02:36:00,2025-05-21T13:44:00,-1,16.305,15.83,1.4638888888888888,0.8064914446992415,-0.0016196104597206507,-0.005842839997750968,0.10984082285347832
fetusdt,2025-05-21T17:31:00,2025-05-23T05:44:00,-1,0.7867,0.918,1.5090277777777779,0.8850574712643678,-0.03190699523819105,-0.0026935731349250064,0.11076292908720722
suiusdt,2025-05-22T13:42:00,2025-05-23T01:39:00,-1,3.819,3.8741,0.4979166666666667,0.9961322081575246,-0.02979560346285905,-0.0006414080196807947,0.18515515951627554
linkusdt,2025-05-23T12:14:00,2025-05-25T12:06:00,-1,16.049,15.136,1.9944444444444445,0.8319386331938633,-0.01708501264784082,-9.328482905700264e-05,0.1112463660718863
fetusdt,2025-05-23T16:10:00,2025-05-25T19:55:00,-1,0.9168,0.8095,2.15625,0.9786280592899,-0.021449224205167473,-0.0004167828564769216,0.13456375371040288
arbusdt,2025-05-23T20:53:00,2025-05-28T04:50:00,-1,0.4009,0.4053,4.33125,0.8687850467289719,-0.015783279582165573,-0.000979465676672106,0.11450072505007554
fetusdt,2025-05-26T08:16:00,2025-05-27T23:16:00,-1,0.9216,0.8914,1.625,0.8214769647696477,-0.03684838798518638,-0.002613505743661898,0.10982610902153571
fetusdt,2025-05-28T01:55:00,2025-05-30T01:39:00,-1,0.8861,0.8291,1.988888888888889,0.905224380442063,-0.017709654500897443,-0.0010790676216656109,0.12245850145563388
linkusdt,2025-05-30T08:53:00,2025-06-01T07:46:00,-1,14.502,13.864,1.9534722222222223,0.8899641577060932,-0.04361445061408746,-0.001643357403516052,0.11403532550672388
arbusdt,2025-05-30T09:14:00,2025-06-02T10:17:00,-1,0.3695,0.3345,3.04375,0.9901515151515151,-0.0069644655965365385,-0.002035656619930659,0.14096621944767931
avaxusdt,2025-05-30T12:04:00,2025-06-02T03:01:00,-1,21.803,20.633,2.622916666666667,0.8811664108748082,-0.04578160237775821,-0.002242069478468875,0.12213649910020782
fetusdt,2025-05-30T14:34:00,2025-06-02T14:07:00,-1,0.8114,0.7381,2.98125,0.8880474152123806,-0.039060581023041066,-0.003576217277562327,0.12142920682117386
arbusdt,2025-06-02T17:21:00,2025-06-05T18:18:00,-1,0.3447,0.3448,3.0395833333333333,0.8202764976958525,-0.0536785512489698,-0.0011948840548024336,0.11535836232709581
linkusdt,2025-06-06T14:44:00,2025-06-09T13:55:00,-1,13.437,13.759,2.9659722222222222,0.8259770561928835,-0.027944743976319825,-0.0004980062344098618,0.11055710390901076
linkusdt,2025-06-10T11:24:00,2025-06-11T12:29:00,1,14.75,15.102,1.0451388888888888,0.9562161076521389,0.0031221537739742167,0.011198425632749684,0.12504564779624427
linkusdt,2025-06-11T12:33:00,2025-06-12T20:16:00,-1,15.304,14.166,1.3215277777777779,0.9530844479936115,-0.006999350949592902,-0.013989115487335252,0.12924722298069036
arbusdt,2025-06-11T17:20:00,2025-06-13T13:29:00,-1,0.4152,0.3362,1.8395833333333333,0.9357336430507163,-0.04099760839379062,-0.00015586961477243033,0.13012643452841183
fetusdt,2025-06-11T18:03:00,2025-06-13T17:47:00,-1,0.8036,0.6658,1.988888888888889,0.8015794669299111,-0.016486414374732514,-0.0011665337839515677,0.11562167550308297
linkusdt,2025-06-13T00:16:00,2025-06-14T18:40:00,-1,13.626,12.875,1.7666666666666666,0.9790068631408962,-0.03925534949045373,-0.0013670936833108938,0.14027513076727746
avaxusdt,2025-06-13T06:38:00,2025-06-16T05:19:00,-1,18.839,19.437,2.9451388888888888,0.8803106441297396,-0.06489905641058062,-0.00024536355126711373,0.12355215371563981
fetusdt,2025-06-13T18:20:00,2025-06-17T09:33:00,-1,0.6596,0.6765,3.634027777777778,0.8924071082390953,-0.06292174922492628,-0.00315065792007449,0.1242502042895984
linkusdt,2025-06-16T21:16:00,2025-06-18T15:14:00,-1,14.058,12.81,1.7486111111111111,0.8214213403522981,-0.0065761876605226165,-3.5868707855393756e-05,0.11159435380133081
avaxusdt,2025-06-21T12:20:00,2025-06-23T04:24:00,-1,17.522,16.607,1.6694444444444445,0.831267217630854,-0.0501672658951717,-0.0006254106770260115,0.11785996628918045
arbusdt,2025-06-25T19:21:00,2025-06-28T20:48:00,-1,0.3147,0.306,3.060416666666667,0.8756371049949032,-0.022583207944313625,-0.0021108692920320526,0.12202294311788174
arbusdt,2025-06-30T00:32:00,2025-06-30T15:02:00,-1,0.3647,0.3572,0.6041666666666666,0.913860103626943,-0.000281015039463246,-0.00379653178530856,0.12690965838909396
arbusdt,2025-06-30T15:31:00,2025-07-01T13:15:00,-1,0.3448,0.325,0.9055555555555556,0.9946675031367629,-0.021735959211102968,-0.001276226502504807,0.14881283288403618
arbusdt,2025-07-01T14:40:00,2025-07-02T16:49:00,-1,0.3268,0.3565,1.0895833333333333,0.9905401281660055,-0.00746688700111017,-0.002950452071733861,0.17483065759788485
linkusdt,2025-07-01T18:48:00,2025-07-03T16:08:00,-1,12.866,13.611,1.8888888888888888,0.8185814185814185,-0.03877008843741529,-0.0020995460297458246,0.11165948098098426
linkusdt,2025-07-04T07:48:00,2025-07-07T10:07:00,1,13.407,13.539,3.0965277777777778,0.8128019323671497,0.014689429139699506,0.007146428503470442,0.11147193183337369
arbusdt,2025-07-04T18:50:00,2025-07-07T18:24:00,-1,0.3191,0.3274,2.9819444444444443,0.9680881926312735,-0.05631333432451619,-0.00013946123447136638,0.1637054382920486
linkusdt,2025-07-07T11:29:00,2025-07-09T12:45:00,-1,13.587,14.138,2.0527777777777776,0.8637494815429283,-0.04627685408598849,-0.0005039285437726804,0.11424298997807882
linkusdt,2025-07-09T23:11:00,2025-07-11T08:40:00,1,14.3,15.258,1.395138888888889,0.8108563012833999,0.0326995805179217,0.009247369828306942,0.11190758424574584
linkusdt,2025-07-11T09:14:00,2025-07-12T19:23:00,-1,15.344,15.016,1.4229166666666666,0.9601917465610671,-0.0017939598431644499,-9.001449552903384e-06,0.13118460530670836
linkusdt,2025-07-12T20:40:00,2025-07-14T13:35:00,-1,14.95,16.174,1.7048611111111112,0.9231884057971015,-0.038626282818165325,-0.0030383953128751973,0.12678567977953842
linkusdt,2025-07-15T00:03:00,2025-07-16T08:34:00,-1,15.707,16.411,1.354861111111111,0.8119851729818781,-0.024769504735718116,-0.0007301433919577605,0.1141420793395689
arbusdt,2025-07-16T22:41:00,2025-07-17T23:33:00,-1,0.4456,0.4527,1.0361111111111112,0.8078715691351631,-0.0276831617311144,-0.0007297420079796224,0.1262262428267446
avaxusdt,2025-07-17T12:04:00,2025-07-18T09:07:00,-1,22.901,24.277,0.8770833333333333,0.9435332708528584,-0.04536624799944205,-0.0014927537913754785,0.1281063011200772
linkusdt,2025-07-17T22:39:00,2025-07-18T12:13:00,1,17.604,18.418,0.5652777777777778,0.934626149540184,0.0006847361601341492,0.013310107718934636,0.1285315598619754
avaxusdt,2025-07-18T10:33:00,2025-07-19T19:47:00,1,24.32,24.971,1.3847222222222222,0.8042279411764706,0.0005917487446683484,0.00490107198214465,0.11670193473213844
linkusdt,2025-07-18T12:30:00,2025-07-19T16:00:00,-1,18.434,17.934,1.1458333333333333,0.8889544025157232,-0.03079056466384829,-0.010841990234084886,0.12462502641126388
fetusdt,2025-07-18T16:48:00,2025-07-21T08:05:00,-1,0.7761,0.8121,2.6368055555555556,0.8245319921765857,-0.01990113002049795,-0.0003630598318679623,0.117762555649682
suiusdt,2025-07-18T17:35:00,2025-07-19T20:37:00,-1,3.9156,3.8401,1.1263888888888889,0.9949815991970559,-0.08450891031774832,-0.0002940481301442477,0.1866185208445768
arbusdt,2025-07-19T07:31:00,2025-07-20T16:13:00,-1,0.458,0.5003,1.3625,0.9032651072124757,-0.057732082268596586,-0.0001407432631304606,0.1403985147697444
linkusdt,2025-07-19T16:22:00,2025-07-20T16:18:00,-1,17.965,19.624,0.9972222222222222,0.9798136645962733,-0.025266324525527958,-0.009819272482444324,0.1459584663091251
avaxusdt,2025-07-19T19:54:00,2025-07-21T01:03:00,-1,24.834,25.093,1.2145833333333333,0.9021960606746661,-0.029955200699185953,-0.0031225162589406663,0.12436815048605002
suiusdt,2025-07-19T20:52:00,2025-07-20T23:23:00,-1,3.8468,3.879,1.104861111111111,0.9150891176796192,-0.029896096859944564,-0.0056045511074950816,0.16144952308735705
linkusdt,2025-07-20T17:48:00,2025-07-21T14:14:00,-1,19.427,20.024,0.8513888888888889,0.8017274472168906,-0.004922371143504097,-0.00014779207518848814,0.11665861345552811
suiusdt,2025-07-21T11:37:00,2025-07-22T05:00:00,-1,4.0473,3.8408,0.7243055555555555,0.9390002202158115,-0.04698125725432695,-7.784017982381819e-05,0.16523942488034904
linkusdt,2025-07-21T14:41:00,2025-07-22T09:28:00,-1,20.15,18.825,0.7826388888888889,0.9770616113744076,-0.03534336656421713,-0.0016388028911474561,0.14652014265284388
avaxusdt,2025-07-22T00:28:00,2025-07-22T15:19:00,-1,25.585,25.288,0.61875,0.8332961392546306,-0.03629668207305959,-0.0004738443017893862,0.11831789841905316
suiusdt,2025-07-22T09:37:00,2025-07-23T10:47:00,-1,3.8413,3.9072,1.0486111111111112,0.9442909251685642,-0.061165036396814615,-0.004554559206545128,0.16674210635640932
arbusdt,2025-07-22T14:56:00,2025-07-23T15:20:00,-1,0.4783,0.4401,1.0166666666666666,0.9550045913682277,-0.06036518852616634,-8.815917995952383e-06,0.15665264976439183
avaxusdt,2025-07-22T18:42:00,2025-07-23T18:18:00,-1,25.128,23.799,0.9833333333333333,0.8800616197183099,-0.07383970719357238,-4.937047736401634e-05,0.12318507669725742
fetusdt,2025-07-22T23:59:00,2025-07-24T16:32:00,-1,0.824,0.7329,1.6895833333333334,0.9645647321428571,-0.07051769209676621,-0.0012587725111303794,0.13346663135459813
arbusdt,2025-07-23T22:03:00,2025-07-25T00:15:00,-1,0.428,0.4252,1.0916666666666666,0.8795694101816551,-0.04967758199876962,-0.0010237936973079842,0.1398718712632625
suiusdt,2025-07-24T02:21:00,2025-07-24T22:09:00,-1,3.7621,3.7576,0.825,0.9381000790692421,-0.05512189501457932,-0.0002233647118522475,0.16656094613685166
suiusdt,2025-07-26T15:18:00,2025-07-27T08:41:00,1,4.1527,4.229,0.7243055555555555,0.8174336385765619,0.026403718677938864,0.019178263161173992,0.1547162602917761
avaxusdt,2025-07-26T18:51:00,2025-07-28T07:41:00,1,25.489,26.418,1.5347222222222223,0.8104073363190446,0.020050597833171854,0.02598059539401429,0.1184059913286513
suiusdt,2025-07-27T13:45:00,2025-07-28T06:30:00,-1,4.3156,4.2768,0.6979166666666666,0.8100707738716788,-0.014362202233557777,-0.0007661546663635943,0.15428366145472966
avaxusdt,2025-07-28T11:49:00,2025-07-29T09:01:00,1,27.121,25.207,0.8833333333333333,0.8003802281368821,0.028037620296856365,0.004165109376963461,0.11869712301798545
suiusdt,2025-07-28T21:05:00,2025-07-29T16:31:00,-1,3.9556,3.7673,0.8097222222222222,0.9938522213200325,-0.13312456027735592,-0.002501390897568345,0.189131320069014
avaxusdt,2025-07-29T10:40:00,2025-07-30T18:16:00,-1,24.719,23.46,1.3166666666666667,0.9758735440931781,-0.09222772710237265,-0.00018554011791546698,0.1443805869123218
arbusdt,2025-07-29T12:35:00,2025-07-31T02:12:00,-1,0.4392,0.4203,1.5673611111111112,0.9121365360303414,-0.03919916840782893,-0.0006954537823131435,0.1447111324409429
suiusdt,2025-07-29T16:36:00,2025-07-30T19:47:00,-1,3.7588,3.7752,1.132638888888889,0.9044578592988158,-0.03010473447688577,-0.004382618987875092,0.16351947064761746
fetusdt,2025-07-30T13:37:00,2025-08-02T17:50:00,-1,0.6728,0.6119,3.1756944444444444,0.8227453204764605,-0.0675334671235552,-0.0005765440165400731,0.11773710246115351
avaxusdt,2025-07-30T18:35:00,2025-08-01T03:15:00,-1,23.481,22.324,1.3611111111111112,0.8508970921839555,-0.04781183346489171,-0.00908909675809795,0.12362622823274962
suiusdt,2025-07-31T02:44:00,2025-08-01T01:12:00,-1,3.818,3.5496,0.9361111111111111,0.8268646247369652,-0.03287826073966469,-0.0018467571643096259,0.1566037085579936
arbusdt,2025-07-31T03:54:00,2025-08-01T13:48:00,-1,0.4245,0.3816,1.4125,0.8669296242474569,-0.047232299852887794,-0.0002518035083625414,0.14110365968376037
linkusdt,2025-07-31T13:31:00,2025-08-01T14:35:00,-1,17.653,16.693,1.0444444444444445,0.8064118372379778,-0.03762934964244007,-0.0018227825676774556,0.11870860645134947
suiusdt,2025-08-01T06:45:00,2025-08-01T22:42:00,-1,3.5151,3.3829,0.6645833333333333,0.9171431905706617,-0.07896824754076398,-0.002195587423064971,0.16520108302364342
avaxusdt,2025-08-01T08:37:00,2025-08-03T01:26:00,-1,21.818,21.047,1.7006944444444445,0.8124745209947004,-0.04443806172789527,-0.0003359668279545175,0.12198507459586212
arbusdt,2025-08-01T17:13:00,2025-08-04T03:18:00,-1,0.3801,0.3895,2.420138888888889,0.8422339991846718,-0.0517898379792979,-0.001281794214588683,0.14014931805658956
linkusdt,2025-08-07T16:45:00,2025-08-08T06:34:00,1,17.808,19.037,0.5756944444444444,0.8192561696211331,0.007090620828266349,0.01661765681254239,0.12086083173341464
linkusdt,2025-08-08T06:52:00,2025-08-08T23:45:00,1,19.06,19.874,0.7034722222222223,0.9245834049132452,0.008277307163046456,0.003485819437028387,0.13300846130724167
linkusdt,2025-08-09T00:15:00,2025-08-09T12:01:00,-1,19.864,20.858,0.49027777777777776,0.9612429571452962,-0.004064114339645788,-0.019519425941860014,0.14442524611813584
linkusdt,2025-08-09T12:11:00,2025-08-10T02:36:00,1,21.017,21.405,0.6006944444444444,1.0,0.02770078130452809,0.0188940939597885,0.17641069312520188
arbusdt,2025-08-10T01:40:00,2025-08-11T11:27:00,-1,0.479,0.45,1.4076388888888889,0.8098974049487024,-0.006203702787711453,-0.0014539548014535497,0.1368967600900879
linkusdt,2025-08-10T15:55:00,2025-08-11T08:57:00,-1,22.495,21.954,0.7097222222222223,0.9878978779840849,-0.03555301635139016,-6.732053809652139e-05,0.17229207243460035
avaxusdt,2025-08-11T00:54:00,2025-08-12T12:04:00,-1,23.781,22.983,1.4652777777777777,0.9329918032786885,-0.06270432291689519,-0.0005195565488367304,0.13284853841375
linkusdt,2025-08-11T09:10:00,2025-08-11T22:06:00,-1,21.864,20.987,0.5388888888888889,0.9099291947966409,-0.03300495538241363,-0.01277216810863574,0.1432341704034298
arbusdt,2025-08-11T13:53:00,2025-08-12T19:38:00,-1,0.452,0.4693,1.2395833333333333,0.9049147442326981,-0.032128638164643626,-0.0017505070817130097,0.14773204576512142
suiusdt,2025-08-11T21:30:00,2025-08-13T00:24:00,-1,3.6619,3.8865,1.1208333333333333,0.8257738471257107,-0.07721927644825406,-0.00553117894530647,0.1517045583348256
linkusdt,2025-08-12T02:29:00,2025-08-12T14:26:00,-1,21.627,23.048,0.4979166666666667,0.9469301110385369,-0.03031497199994688,-0.004679449999441809,0.15587114425326454
avaxusdt,2025-08-12T12:29:00,2025-08-13T13:59:00,-1,23.113,25.154,1.0625,0.9321582291453167,-0.06956228808871853,-0.005160261039199948,0.13513821160928077
linkusdt,2025-08-12T14:39:00,2025-08-12T23:12:00,1,23.311,23.268,0.35625,0.8978338182993857,0.014770203751974052,0.002060497166718106,0.14619301254390643
linkusdt,2025-08-12T23:25:00,2025-08-13T08:04:00,-1,23.325,23.465,0.36041666666666666,0.8774533269506941,-0.0012792443125387504,-0.003692434364865188,0.14502633812867552
suiusdt,2025-08-13T01:07:00,2025-08-13T18:01:00,-1,3.856,3.9979,0.7041666666666667,0.8538772417277091,-0.012998943186889078,-0.0010464778788721596,0.1557699913201385
linkusdt,2025-08-13T09:07:00,2025-08-13T17:54:00,1,23.537,23.701,0.3659722222222222,0.9847195967233774,7.54486256681336e-05,0.012446989779501427,0.1707848156902628
avaxusdt,2025-08-13T14:16:00,2025-08-14T12:39:00,1,24.912,23.858,0.9326388888888889,0.800977795885109,0.02834594815972703,0.015395383171902935,0.12266245137759052
arbusdt,2025-08-13T15:53:00,2025-08-13T22:59:00,-1,0.5362,0.5777,0.29583333333333334,0.8190494740942734,-0.009010789673894754,-0.0009656890522930228,0.1405683035493756
linkusdt,2025-08-13T21:39:00,2025-08-14T11:05:00,-1,23.879,23.334,0.5597222222222222,0.9842654619099548,-0.06984266471459488,-0.0015145891988572469,0.1758315779437232
arbusdt,2025-08-14T12:48:00,2025-08-14T21:30:00,-1,0.5176,0.5069,0.3625,0.9542213883677299,-0.05457909241367639,-0.002301410332195525,0.1588539698627823
avaxusdt,2025-08-14T12:52:00,2025-08-15T06:36:00,-1,24.003,25.482,0.7388888888888889,0.8776702942361951,-0.059427866129779294,-0.0008166098640027819,0.12790109369397734
linkusdt,2025-08-14T13:00:00,2025-08-15T02:00:00,-1,22.26,22.34,0.5416666666666666,0.886688162137264,-0.06445223353377327,-0.0013059740621691462,0.15150531135477666
linkusdt,2025-08-15T02:20:00,2025-08-15T18:44:00,-1,22.427,21.563,0.6833333333333333,0.807873537011704,-0.011634532495339585,-0.0015348160510638142,0.14320462925526864
avaxusdt,2025-08-15T08:04:00,2025-08-16T08:35:00,-1,25.322,23.975,1.0215277777777778,0.8449920508744038,-0.01587672320348224,-0.0009715412147006663,0.1258174768904717
arbusdt,2025-08-15T11:03:00,2025-08-15T23:57:00,-1,0.5138,0.4809,0.5375,0.8764845605700713,-0.04118395529417598,-0.0001675864743708455,0.14687024635539708
arbusdt,2025-08-16T09:33:00,2025-08-17T08:44:00,-1,0.4837,0.5281,0.9659722222222222,0.985632183908046,-0.03857925702987737,-0.001993111301088535,0.1719227938679943
linkusdt,2025-08-17T08:52:00,2025-08-17T15:50:00,1,24.548,26.233,0.2902777777777778,0.9031347496657257,0.0036995662730438927,0.0253548000098322,0.15326390095850778
linkusdt,2025-08-17T16:34:00,2025-08-18T01:02:00,1,26.247,26.053,0.3527777777777778,0.9714703730797366,0.01569066293461546,0.0014083603888598861,0.1725351938336595
linkusdt,2025-08-18T01:05:00,2025-08-18T05:29:00,1,26.064,24.729,0.18333333333333332,0.9794470979881315,0.012769220650878665,0.003362489310570649,0.17560782082082302
arbusdt,2025-08-18T01:08:00,2025-08-18T11:23:00,-1,0.5385,0.511,0.4270833333333333,0.9657522278525249,-0.0010004518349559417,-0.0008452328345429916,0.16552129610039049
linkusdt,2025-08-18T05:35:00,2025-08-18T12:52:00,-1,24.64,25.394,0.3034722222222222,0.9862739490992279,-0.02154302057951171,-0.017651389276485907,0.18744868727591382
avaxusdt,2025-08-18T07:29:00,2025-08-19T11:29:00,-1,23.521,23.335,1.1666666666666667,0.8076997861170523,-0.033831542912755315,-0.001162912013943529,0.12391629664373313
arbusdt,2025-08-18T11:51:00,2025-08-19T01:45:00,-1,0.5092,0.5092,0.5791666666666667,0.9609294320137693,-0.014431304372008442,-0.0021520231160434833,0.1689306839094503
linkusdt,2025-08-18T12:53:00,2025-08-18T17:44:00,1,25.345,25.423,0.20208333333333334,0.8791860958033065,0.003797453414255426,0.006579103070470826,0.1567850395307234
linkusdt,2025-08-18T17:47:00,2025-08-19T01:08:00,-1,25.348,25.493,0.30625,0.8996510816468947,-0.014048790782727263,-0.0068757599066528174,0.1637215746520295
linkusdt,2025-08-19T01:13:00,2025-08-19T08:51:00,1,25.455,24.267,0.31805555555555554,0.9421909492273731,0.023709095980022153,0.014959370494925378,0.1712732599019205
linkusdt,2025-08-19T08:53:00,2025-08-19T15:40:00,-1,24.269,24.426,0.2826388888888889,0.9780204778156997,-0.0378418757086112,-0.009289755433218,0.19122875791028904
arbusdt,2025-08-19T13:46:00,2025-08-20T08:15:00,-1,0.4934,0.4836,0.7701388888888889,0.9058605591108118,-0.05456554336296313,-0.0006407090723646869,0.1570659323557937
linkusdt,2025-08-19T22:01:00,2025-08-20T08:45:00,-1,23.897,24.949,0.44722222222222224,0.8855989232839838,-0.05837461633267488,-0.0025614568331444876,0.16448335169750597
linkusdt,2025-08-20T17:36:00,2025-08-21T01:52:00,1,25.921,26.436,0.34444444444444444,0.8468868293956403,3.7359041857691066e-05,0.010964576031696288,0.15705649339548802
linkusdt,2025-08-21T01:57:00,2025-08-21T10:47:00,-1,26.353,26.041,0.3680555555555556,0.8735958683021304,-0.010722618510009335,-0.0003850062982269642,0.16355556880641248
linkusdt,2025-08-21T10:57:00,2025-08-21T16:54:00,-1,25.973,24.984,0.24791666666666667,0.9006393861892583,-0.03673817075955836,-0.006956023713050735,0.16801996862172427
linkusdt,2025-08-21T18:52:00,2025-08-22T09:11:00,-1,24.983,24.947,0.5965277777777778,0.8233430490432138,-0.03780582997092365,-0.0007923602302035981,0.15872165409042002
linkusdt,2025-08-22T19:58:00,2025-08-23T08:03:00,1,27.243,25.98,0.5034722222222222,0.8540235525024534,0.0025481557713649865,0.006980146099053869,0.16209587518158464
linkusdt,2025-08-23T08:08:00,2025-08-24T00:10:00,-1,25.923,26.253,0.6680555555555555,0.8229508196721311,-0.017286297164135746,-0.01028733117054026,0.15928370403232042
avaxusdt,2025-08-23T13:03:00,2025-08-24T09:31:00,-1,26.201,25.497,0.8527777777777777,0.9722898333645384,-0.00194045603787317,-0.000903498341864456,0.13761701684766928
arbusdt,2025-08-23T13:32:00,2025-08-24T05:45:00,-1,0.5912,0.5873,0.6756944444444445,0.9915900950007787,-0.007075520440415135,-0.0004454790268461628,0.18075774788495116
avaxusdt,2025-08-24T10:00:00,2025-08-24T23:45:00,-1,25.457,25.859,0.5729166666666666,0.8682213585045345,-0.0034118251378682176,-0.004529102009975999,0.12864471561852805
arbusdt,2025-08-24T18:39:00,2025-08-25T07:42:00,-1,0.6049,0.5531,0.54375,0.9948304698190664,-0.058888788705739506,-0.0028674167083533597,0.2038580185202079
avaxusdt,2025-08-25T00:14:00,2025-08-25T20:04:00,-1,25.788,23.63,0.8263888888888888,0.9916089018606348,-0.009960032425758082,-0.0002902658914538392,0.1438063638260379
linkusdt,2025-08-25T04:01:00,2025-08-25T13:39:00,-1,25.993,24.369,0.4013888888888889,0.8028982092365693,-0.055386873511344074,-0.0016484727622683992,0.15720553287580105
arbusdt,2025-08-25T15:21:00,2025-08-26T06:25:00,-1,0.5461,0.527,0.6277777777777778,0.9690952523141236,-0.052463182293447534,-0.00011775842998859587,0.1796058291982397
arbusdt,2025-08-26T08:37:00,2025-08-27T05:13:00,-1,0.5262,0.5312,0.8583333333333333,0.8984823928097834,-0.03517436618670731,-0.0023025839564631556,0.1667754123242956
arbusdt,2025-08-27T17:08:00,2025-08-28T14:18:00,-1,0.5168,0.534,0.8819444444444444,0.8373177842565598,-0.024339786292496172,-0.00015679002870877534,0.15660058503189472
avaxusdt,2025-08-28T00:35:00,2025-08-29T02:18:00,-1,24.263,24.857,1.0715277777777779,0.8534345753134381,-0.032395505888859,-0.0002938716073515868,0.12931690394523676
linkusdt,2025-08-28T21:05:00,2025-08-29T08:50:00,-1,24.606,23.394,0.4895833333333333,0.9473567549595479,-0.04044369901692143,-0.000702194670842371,0.17420218221091804
avaxusdt,2025-08-29T12:29:00,2025-08-30T18:09:00,-1,23.86,23.693,1.2361111111111112,0.9071066876200454,-0.04006483079555254,-0.003011159411311387,0.13367759530360096
arbusdt,2025-08-29T12:31:00,2025-08-30T18:02:00,-1,0.5073,0.4952,1.229861111111111,0.897071490094746,-0.030886259468697812,-0.0016259451952016502,0.16672293993896836
avaxusdt,2025-09-02T10:33:00,2025-09-03T08:02:00,1,24.243,24.842,0.8951388888888889,0.8034115858807633,0.002406821023048917,0.00700013630584409,0.12615961931862152
avaxusdt,2025-09-03T08:15:00,2025-09-04T11:12:00,1,25.119,24.75,1.1229166666666666,0.919392523364486,0.009717450850170591,0.0027845851947701783,0.1342698072916641
avaxusdt,2025-09-04T11:31:00,2025-09-05T14:21:00,-1,24.661,24.554,1.1180555555555556,0.819131299734748,-0.012289091022762051,-0.006179269045373331,0.1283990918579663
avaxusdt,2025-09-05T14:31:00,2025-09-07T22:01:00,-1,24.491,24.518,2.3125,0.992931119513398,-0.049707257848704674,-0.00110248245892261,0.14658959917854672
avaxusdt,2025-09-07T23:31:00,2025-09-09T07:24:00,1,24.874,25.952,1.3284722222222223,0.9067587567834238,0.0007276749415432422,0.004366089155785957,0.1357905045996894
avaxusdt,2025-09-09T14:39:00,2025-09-10T12:33:00,1,25.795,27.439,0.9125,0.9614505063704671,0.014973543155371614,0.002403641790679617,0.1430451467746682
avaxusdt,2025-09-10T12:36:00,2025-09-10T22:17:00,1,27.546,29.099,0.40347222222222223,0.9189495866428918,0.004133367808682173,0.0027650362981533894,0.1386343031957581
avaxusdt,2025-09-11T00:11:00,2025-09-11T15:42:00,-1,29.396,28.856,0.6465277777777778,0.9558329332693231,-0.004514790985137295,-0.0011911046109122359,0.14531700148146856
avaxusdt,2025-09-11T23:29:00,2025-09-13T00:45:00,-1,29.165,29.03,1.0527777777777778,0.9960355217253409,-0.03679151591896814,-0.0018776060117229876,0.1814861125189327
avaxusdt,2025-09-13T02:48:00,2025-09-13T14:06:00,-1,29.363,29.85,0.4708333333333333,0.9675853429376762,-0.01338942284473664,-0.0036584352000362252,0.1581601853312199
avaxusdt,2025-09-13T15:27:00,2025-09-14T13:30:00,-1,29.956,29.316,0.91875,0.8778567016676961,-0.03110581488507678,-0.0010617599808162848,0.140140735627872
avaxusdt,2025-09-14T14:36:00,2025-09-15T08:19:00,-1,29.177,28.69,0.7381944444444445,0.9812185066422354,-0.04939850650960242,-0.0035084490849807137,0.17485183648010236
avaxusdt,2025-09-15T08:40:00,2025-09-16T00:35:00,1,28.492,29.564,0.6631944444444444,0.9906301949523953,0.00035236005644016186,0.006070660941611045,0.18643198430903182
avaxusdt,2025-09-16T01:20:00,2025-09-16T16:45:00,1,29.674,29.99,0.6423611111111112,0.9135377711293942,0.008762890481821608,0.0013550373816215988,0.15059439700038563
avaxusdt,2025-09-16T17:04:00,2025-09-17T18:04:00,1,30.118,30.262,1.0416666666666667,0.9288461538461539,0.010109591519491201,0.004086090496411399,0.1567717838503071
arbusdt,2025-09-16T19:46:00,2025-09-18T05:27:00,-1,0.4963,0.5215,1.4034722222222222,0.8059144798188358,-0.06196757649641082,-0.006474960441625793,0.1529803662247392
fetusdt,2025-09-17T13:01:00,2025-09-22T08:09:00,-1,0.634,0.5879,4.7972222222222225,0.8734423676012462,-0.07238604922022454,-0.0004644839386882399,0.1152861569238664
avaxusdt,2025-09-17T18:05:00,2025-09-18T04:05:00,-1,30.27,33.2,0.4166666666666667,0.8830005871990605,-0.022152769160955474,-0.0015688316884466258,0.14854490731116182
avaxusdt,2025-09-18T04:58:00,2025-09-18T17:53:00,1,32.805,34.342,0.5381944444444444,0.8019113814074718,0.03958656589634471,0.0016952955930116254,0.14023639961593262
avaxusdt,2025-09-18T17:56:00,2025-09-19T02:05:00,-1,34.328,35.456,0.33958333333333335,0.899641577060932,-0.03588607990498753,-0.00398167266039115,0.15153315823448762
avaxusdt,2025-09-19T02:47:00,2025-09-19T14:46:00,1,35.573,33.915,0.49930555555555556,0.8118811881188119,0.012824382439002002,0.0016084020920569542,0.14268339492144969
avaxusdt,2025-09-19T15:22:00,2025-09-20T14:43:00,-1,33.695,33.347,0.9729166666666667,0.9937220982142857,-0.07437111214258371,-0.0023407957854362227,0.19469653735168907
avaxusdt,2025-09-20T14:57:00,2025-09-21T16:47:00,1,33.637,32.719,1.0763888888888888,0.9524007771301694,0.018210666645794838,0.0004400644814614718,0.17733300874146715
avaxusdt,2025-09-21T17:04:00,2025-09-22T08:41:00,-1,32.685,30.858,0.6506944444444445,0.9779310344827586,-0.010193026653450225,-0.007196158837921074,0.19230515977603083
arbusdt,2025-09-22T05:58:00,2025-09-23T09:36:00,-1,0.4553,0.4336,1.1513888888888888,0.8526246719160105,-0.09538565696473614,-4.082690331022598e-05,0.1588277655920229
avaxusdt,2025-09-22T08:51:00,2025-09-22T21:06:00,-1,30.962,32.5,0.5104166666666666,0.8981101068200493,-0.035711214059175565,-0.008413076938776881,0.16320983901077382
avaxusdt,2025-09-22T21:07:00,2025-09-23T03:54:00,1,32.42,35.094,0.2826388888888889,0.8945656593034287,0.06858459199826367,0.014570882635918408,0.16196170276703975
avaxusdt,2025-09-23T04:50:00,2025-09-23T14:44:00,1,34.121,35.123,0.4125,0.987720234917245,0.010357391423686803,0.000622464294150582,0.19638903751707734
avaxusdt,2025-09-23T14:48:00,2025-09-24T01:00:00,-1,35.183,34.404,0.425,0.9087668339054661,-0.01315744435153046,-0.004242614817284163,0.17596787906142783
avaxusdt,2025-09-24T01:11:00,2025-09-24T15:56:00,-1,34.349,34.484,0.6145833333333334,0.974288697468024,-0.01657842466131212,-0.0005812337038399173,0.19477730500982623
fetusdt,2025-09-24T04:10:00,2025-09-30T17:37:00,-1,0.5814,0.5468,6.560416666666667,0.9293785310734464,-0.06657172894679565,-0.0017706603633917961,0.12227387909937067
avaxusdt,2025-09-24T16:14:00,2025-09-25T04:22:00,-1,34.541,31.321,0.5055555555555555,0.8613515958134126,-0.016629990713019648,-0.00037105753051885904,0.16586845390010765
avaxusdt,2025-09-25T12:24:00,2025-09-25T23:39:00,-1,30.382,28.58,0.46875,0.9972067039106145,-0.06486083794093632,-0.0001607881307810477,0.2106393699868147
avaxusdt,2025-09-26T00:44:00,2025-09-26T14:45:00,-1,28.572,27.155,0.5840277777777778,0.8455549974886991,-0.0489230518502554,-0.00021788194644162262,0.16678111607237633
suiusdt,2025-09-26T08:04:00,2025-09-28T13:07:00,-1,3.1669,3.1108,2.2104166666666667,0.8077184400054355,-0.0680317105292141,-0.003913780185090032,0.14779468457699507
avaxusdt,2025-09-26T14:54:00,2025-09-27T07:07:00,-1,27.111,28.728,0.6756944444444445,0.8106765983860956,-0.03944642461316232,-0.016759848490434298,0.16201171883686905
avaxusdt,2025-09-27T14:57:00,2025-09-28T23:27:00,-1,28.691,30.032,1.3541666666666667,0.8944464876792939,-0.061779373764359276,-3.215099163203505e-05,0.18049027414576954
avaxusdt,2025-09-29T02:33:00,2025-09-29T19:47:00,1,29.728,30.431,0.7180555555555556,0.801095556908095,0.019663340760752598,0.014020810374188564,0.16181068978653934
avaxusdt,2025-10-02T13:16:00,2025-10-03T07:41:00,1,30.422,30.143,0.7673611111111112,0.8070404172099087,0.01975865427974761,0.00991340978673172,0.16220908232185965
avaxusdt,2025-10-06T11:59:00,2025-10-07T12:59:00,-1,30.495,29.945,1.0416666666666667,0.8222273196467484,-0.016816782991786884,-0.001880299242251554,0.1647158912655735
avaxusdt,2025-10-07T19:04:00,2025-10-08T19:02:00,-1,28.385,29.258,0.9986111111111111,0.8412464589235128,-0.08221948854221972,-0.0004905364402948142,0.1677370569176897
avaxusdt,2025-10-08T19:14:00,2025-10-10T08:31:00,1,29.153,28.358,1.5534722222222221,0.9361894024802706,0.05101457360517706,0.015461220058244546,0.18729243399269585
fetusdt,2025-10-10T03:44:00,2025-10-11T12:22:00,-1,0.4995,0.4267,1.3597222222222223,0.9488372093023256,-0.07040653002125598,-0.0015997392180594483,0.12684187700161043
linkusdt,2025-10-21T10:00:00,2025-10-22T03:24:00,-1,17.865,17.573,0.725,0.8650323037436941,-0.039089863802818196,-0.001597592303260592,0.16042424600881805
fetusdt,2025-11-08T07:29:00,2025-11-09T05:13:00,-1,0.3747,0.3034,0.9055555555555556,0.8567807351077313,-0.019823685471365794,-0.002399087169615177,0.11465523593968767
fetusdt,2025-11-14T16:01:00,2025-11-18T13:24:00,-1,0.2828,0.2766,3.890972222222222,0.80546875,-0.049775234187260396,-0.00010869061711504813,0.10944003953626485
suiusdt,2025-11-21T13:34:00,2025-11-24T10:39:00,-1,1.3773,1.3673,2.8784722222222223,0.8513538748832866,-0.03883752642312384,-2.56769107647159e-05,0.12205615146614392
avaxusdt,2025-11-25T23:22:00,2025-11-28T11:23:00,1,14.326,15.015,2.5006944444444446,0.8132346027268453,0.02777320102509084,0.0118260436919361,0.16733235225671375
suiusdt,2025-11-26T06:04:00,2025-11-28T22:01:00,1,1.5281,1.5223,2.6645833333333333,0.8688209271013656,0.0004177790731444583,0.02100134122260945,0.12270002454671569
suiusdt,2025-12-04T02:34:00,2025-12-06T17:36:00,-1,1.6911,1.5456,2.626388888888889,0.8109540636042403,-0.01761118017666914,-0.0007713103560363088,0.11976633323177045
linkusdt,2025-12-05T04:07:00,2025-12-07T14:24:00,1,14.27,13.406,2.428472222222222,0.8047830176004299,0.002591202870190952,0.002559027184901891,0.11940008251973123
suiusdt,2025-12-06T18:39:00,2025-12-09T07:10:00,-1,1.5558,1.5891,2.5215277777777776,0.8901142181961402,-0.04391933238440906,-0.0033226208617429254,0.12502428109670782
linkusdt,2025-12-11T00:20:00,2025-12-13T00:45:00,1,14.092,13.624,2.017361111111111,0.8003339362738278,0.0020337637498463496,0.011232075219426416,0.11852713968224463
suiusdt,2025-12-18T17:09:00,2025-12-22T04:37:00,-1,1.3737,1.4586,3.477777777777778,0.8039545645771982,-0.030416880097236552,-0.00047701658163143423,0.11636589881247156
avaxusdt,2025-12-29T03:39:00,2026-01-01T16:48:00,1,12.989,12.562,3.5479166666666666,0.8200563976031019,0.0017473443631459062,0.02206100987368756,0.1495829549446261
linkusdt,2026-01-03T09:03:00,2026-01-05T21:02:00,1,13.064,14.059,2.4993055555555554,0.8088012139605463,0.016672403176785266,0.003080773094124245,0.1148459018527828
suiusdt,2026-01-04T13:25:00,2026-01-06T05:52:00,1,1.6895,1.9765,1.6854166666666666,0.8020292590844738,0.01942547721283157,0.008035859797314762,0.11039265118061996
linkusdt,2026-01-05T21:24:00,2026-01-07T15:30:00,-1,13.987,13.366,1.7541666666666667,0.8746273890934596,-0.010767328328018745,-0.002397926405213982,0.11633124701570913
suiusdt,2026-01-06T06:12:00,2026-01-07T08:28:00,-1,1.9718,1.9378,1.0944444444444446,0.814622641509434,-0.001229620000916213,-0.0014078753201273303,0.11086009939956633
linkusdt,2026-01-07T19:21:00,2026-01-11T07:20:00,-1,13.328,13.215,3.4993055555555554,0.9348828956706884,-0.06200821993930844,-0.003825381705750572,0.12467274139185132
avaxusdt,2026-01-08T03:08:00,2026-01-12T02:49:00,-1,14.177,14.037,3.9868055555555557,0.9288102261553589,-0.046571042941925815,-0.0006861166213737724,0.15328551699582246
suiusdt,2026-01-08T03:57:00,2026-01-10T22:12:00,-1,1.7971,1.7942,2.7604166666666665,0.9944055944055944,-0.02009986645121789,-0.0009378977012656775,0.16166770329241692
suiusdt,2026-01-10T23:12:00,2026-01-13T23:05:00,-1,1.7861,1.9035,2.995138888888889,0.8971244422409519,-0.018959447572221667,-0.007969689834843405,0.12137639217014538
suiusdt,2026-01-14T05:02:00,2026-01-16T17:39:00,-1,1.8554,1.7432,2.5256944444444445,0.8275507581598561,-0.018249917094786853,-0.0001172824123106403,0.11305384842712368
suiusdt,2026-01-17T22:09:00,2026-01-21T05:56:00,-1,1.7869,1.5157,3.3243055555555556,0.8750332358415315,-0.05223343059648513,-0.003769495886363064,0.12086641278286886
arbusdt,2026-01-18T23:29:00,2026-01-21T18:55:00,-1,0.2132,0.1832,2.8097222222222222,0.9368913128165174,-0.02972917124302458,-0.0010884483575624576,0.09879028481967392
linkusdt,2026-01-19T08:27:00,2026-01-21T21:02:00,-1,12.843,12.538,2.5243055555555554,0.8568686006825939,-0.02112568729297689,-0.0006549975692648202,0.1136327953835192
linkusdt,2026-01-27T18:58:00,2026-01-30T08:07:00,1,12.021,10.821,2.5479166666666666,0.8459403192227619,0.0008203954263834404,0.0013077419331016804,0.1118166091829861
linkusdt,2026-01-30T09:51:00,2026-02-01T04:10:00,-1,10.731,10.046,1.7631944444444445,0.8012363290537328,-0.05748336759216339,-0.004768347551472721,0.11010807316987678
linkusdt,2026-02-16T19:24:00,2026-02-21T04:33:00,-1,8.775,8.865,4.38125,0.8012439156300704,-0.016551178355808435,-7.859801633811059e-05,0.11137405885777446
