asset,entry_time_utc,exit_time_utc,side,entry_px,exit_px,holding_days,ecdf,signed_vpin,d25,vpin
arbusdt,2024-01-02T13:47:00,2024-01-02T21:04:00,-1,1.7779,1.7215,0.3034722222222222,0.8622047244094488,-0.023678644762414203,-0.001992826111772872,0.15523991522839972
arbusdt,2024-01-03T07:19:00,2024-01-03T11:06:00,-1,1.9354,1.9328,0.15763888888888888,0.8729874776386404,-0.0003781362131836774,-0.0006813020690736582,0.15564693307008642
arbusdt,2024-01-03T11:35:00,2024-01-03T13:26:00,-1,1.9176,1.8457,0.07708333333333334,0.9734904270986745,-0.02496852818352764,-0.0010390713905450433,0.16855173392150033
avaxusdt,2024-01-03T18:55:00,2024-01-04T20:42:00,-1,36.015,39.384,1.0743055555555556,0.9004524886877828,-0.08077183300273524,-0.00045843071745145514,0.10740844799947336
arbusdt,2024-01-04T04:28:00,2024-01-04T11:01:00,-1,1.9443,1.8329,0.27291666666666664,0.951530612244898,-0.027384393960717172,-0.00041459860114897995,0.17244618964438885
linkusdt,2024-01-04T13:04:00,2024-01-05T21:57:00,-1,14.357,13.989,1.3701388888888888,0.8125,-0.07140915861143676,-9.697408344187808e-05,0.10344508450833988
arbusdt,2024-01-04T14:49:00,2024-01-04T17:46:00,-1,1.9466,2.0252,0.12291666666666666,0.8917102315160568,-0.0011866832238072447,-0.0023112968204793416,0.16843942908842685
arbusdt,2024-01-06T10:11:00,2024-01-06T23:15:00,-1,1.7548,1.7191,0.5444444444444444,0.9117063492063492,-0.002617697539873229,-0.003219290643664302,0.16766135422323306
arbusdt,2024-01-10T12:01:00,2024-01-10T15:27:00,-1,1.9966,1.9943,0.14305555555555555,0.8780869021569241,-0.009430794540408254,-0.0012177423131693732,0.15913564798271992
arbusdt,2024-01-11T12:01:00,2024-01-11T15:45:00,-1,2.3413,2.1944,0.15555555555555556,0.9926062846580407,-0.008988169038020723,-0.001941382314895379,0.1792698671729217
avaxusdt,2024-01-11T15:49:00,2024-01-12T16:51:00,-1,39.381,37.243,1.0430555555555556,0.8611898016997167,-0.013947888553015209,-0.0022470487105589187,0.09802778253944926
arbusdt,2024-01-11T16:18:00,2024-01-12T00:09:00,-1,2.1629,2.2565,0.32708333333333334,0.9460358056265985,-0.05094684961832849,-0.0008656920067754148,0.1697056891000403
suiusdt,2024-01-12T11:41:00,2024-01-13T03:44:00,1,1.1986,1.1771,0.66875,0.8250825082508251,0.011808346787644896,0.005896544088190472,0.06847852937171056
arbusdt,2024-01-12T14:39:00,2024-01-12T17:19:00,-1,2.3428,2.1945,0.1111111111111111,0.9124087591240876,-0.0008454312679860188,-0.0041380458756511695,0.1660126350195657
suiusdt,2024-01-13T05:37:00,2024-01-13T19:44:00,-1,1.2532,1.3108,0.5881944444444445,0.9544364508393285,-0.0030984799256486895,-0.0009402569826670731,0.0739880411310739
suiusdt,2024-01-14T02:38:00,2024-01-15T07:30:00,-1,1.249,1.42,1.2027777777777777,0.8491620111731844,-0.0019681204471380625,-0.0031282482067868517,0.08150965554683409
fetusdt,2024-01-14T12:19:00,2024-01-19T19:26:00,-1,0.6703,0.6147,5.2965277777777775,0.8144329896907216,-0.038949209102383794,-1.0725513037684875e-05,0.08780057394074534
linkusdt,2024-01-15T01:37:00,2024-01-16T01:50:00,1,15.177,15.18,1.0090277777777779,0.8581997533908755,0.0006583538666980152,0.006981203789726206,0.08724559457619047
linkusdt,2024-01-16T09:23:00,2024-01-17T12:28:00,-1,15.228,15.799,1.1284722222222223,0.9274891774891775,-0.020156631651378532,-0.0010414158347882563,0.10175554930664057
arbusdt,2024-01-17T18:21:00,2024-01-18T11:57:00,-1,2.0174,1.9559,0.7333333333333333,0.8030018761726079,-0.07245982200977955,-0.00024075983172333615,0.1543826404790792
suiusdt,2024-01-17T21:57:00,2024-01-19T17:36:00,-1,1.317,1.1264,1.81875,0.9763681592039801,-0.035266845564895566,-0.000264413867804944,0.08828506345588412
linkusdt,2024-01-18T02:04:00,2024-01-19T05:59:00,1,15.444,14.883,1.1631944444444444,0.8574040219378428,0.00011346126582210875,0.013565193793866212,0.09754007699832147
linkusdt,2024-01-19T23:16:00,2024-01-20T15:59:00,1,16.121,15.739,0.6965277777777777,0.8171296296296297,0.006119002812102914,0.009936960094004715,0.0965336351219234
suiusdt,2024-01-20T01:54:00,2024-01-22T23:15:00,-1,1.1486,1.0764,2.8895833333333334,0.955288985823337,-0.025840175845355407,-0.00028664435940169153,0.10306291415078911
linkusdt,2024-01-20T20:37:00,2024-01-22T08:37:00,-1,15.849,15.549,1.5,0.9822569198012775,-0.01857820311128003,-0.0002180834677352611,0.11150897287969597
arbusdt,2024-01-21T22:12:00,2024-01-22T12:46:00,-1,1.84,1.722,0.6069444444444444,0.9644295302013423,-0.0563696838309566,-0.0007547301915688531,0.17091057626304842
suiusdt,2024-01-24T17:26:00,2024-01-26T16:17:00,-1,1.3021,1.3156,1.9520833333333334,0.8306655433866892,-0.009963916348172397,-0.000862765617390987,0.08674643756268853
suiusdt,2024-01-27T08:50:00,2024-01-29T02:46:00,1,1.4013,1.4046,1.7472222222222222,0.84491587417703,0.0007608346711003769,0.0087295762181267,0.08694168152520476
linkusdt,2024-01-27T23:44:00,2024-01-29T19:35:00,-1,14.335,15.01,1.8270833333333334,0.8093427485062467,-0.026524878516274705,-0.00010916449037816356,0.0988571805819626
avaxusdt,2024-01-28T07:59:00,2024-01-29T03:00:00,-1,35.673,35.249,0.7923611111111111,0.8022598870056498,-0.014404562745325129,-0.004868244945273617,0.09035537708081227
suiusdt,2024-01-29T03:19:00,2024-01-30T02:59:00,-1,1.4073,1.6182,0.9861111111111112,0.8583106267029973,-0.0013899447710334417,-0.0020221467817257283,0.0890343954421657
avaxusdt,2024-01-29T08:09:00,2024-01-30T10:34:00,-1,34.811,36.788,1.1006944444444444,0.9586947542337877,-0.01925263272510193,-0.0006934496180881905,0.10225000601605513
linkusdt,2024-01-30T08:51:00,2024-01-31T09:36:00,-1,15.043,15.654,1.03125,0.9159021406727829,-0.011130926874752835,-0.00442090261378579,0.10459644169071312
avaxusdt,2024-01-30T22:54:00,2024-02-01T04:07:00,-1,35.704,32.987,1.2173611111111111,0.8153486560186989,-0.02630834287130025,-0.0016944774672784657,0.09309425565061519
suiusdt,2024-01-31T00:09:00,2024-01-31T23:34:00,1,1.5109,1.5359,0.9756944444444444,0.8213414634146341,0.010233095034884027,0.010854303360907647,0.08812704412180772
linkusdt,2024-01-31T09:57:00,2024-02-01T07:35:00,1,15.639,15.792,0.9013888888888889,0.9970916141541445,0.02203131679618876,0.006562798835798564,0.11660803027780167
arbusdt,2024-02-01T01:53:00,2024-02-02T00:15:00,-1,1.694,1.7892,0.9319444444444445,0.8042032455440277,-0.0373597160376191,-0.0011562216607054476,0.1506940936452271
avaxusdt,2024-02-01T04:58:00,2024-02-02T14:09:00,-1,33.022,35.869,1.382638888888889,0.8104158860996628,-0.025314453463443104,-0.0002504137204963619,0.09352026692406476
linkusdt,2024-02-01T14:53:00,2024-02-01T22:09:00,1,16.396,17.248,0.30277777777777776,0.8013574660633485,0.0167197474045643,0.006580633360090876,0.10169668219316097
linkusdt,2024-02-01T22:15:00,2024-02-02T06:13:00,-1,17.251,17.882,0.33194444444444443,0.8879273041973171,-0.002739323555900301,-0.009405029408560334,0.109800318461711
linkusdt,2024-02-02T06:27:00,2024-02-02T15:06:00,1,17.892,18.451,0.36041666666666666,0.9995854063018242,0.007639129503049493,0.005182940199067385,0.13000380055192826
linkusdt,2024-02-02T15:07:00,2024-02-02T22:59:00,1,18.432,17.787,0.3277777777777778,0.9212097095105451,0.005602561202117887,0.0009552406594438984,0.11756508600317683
suiusdt,2024-02-02T20:38:00,2024-02-05T06:22:00,1,1.4781,1.513,2.4055555555555554,0.8106508875739645,0.0016320479365281206,0.008657329756851725,0.08866217528886812
avaxusdt,2024-02-03T00:27:00,2024-02-04T23:18:00,1,37.212,34.955,1.9520833333333334,0.9637268847795164,0.011811591732557667,0.0018243871336875717,0.10232121955707531
linkusdt,2024-02-03T01:52:00,2024-02-03T23:20:00,-1,17.798,17.608,0.8944444444444445,0.9885974914481186,-0.012895789521972423,-0.0034749177842620105,0.13748315285799506
linkusdt,2024-02-04T17:13:00,2024-02-05T06:33:00,1,18.327,18.602,0.5555555555555556,0.8805970149253731,0.0015220626429847887,0.003937020479869158,0.11854914839095984
avaxusdt,2024-02-04T23:52:00,2024-02-07T03:17:00,-1,34.876,34.166,2.142361111111111,0.9481634054239616,-0.04088402760356072,-0.0010492186472657872,0.10451540531241774
suiusdt,2024-02-05T07:00:00,2024-02-06T18:27:00,-1,1.5172,1.5293,1.4770833333333333,0.8438775510204082,-0.011576446150820614,-0.0031211337935247024,0.09080000844134145
linkusdt,2024-02-05T07:26:00,2024-02-05T15:11:00,-1,18.682,19.44,0.3229166666666667,0.8265935572309802,-0.010506281870120955,-0.0016875721999884408,0.11725335240568917
linkusdt,2024-02-05T15:24:00,2024-02-06T08:14:00,-1,19.312,19.088,0.7013888888888888,0.9553275976174719,-0.0122239968076521,-0.00016259300443213776,0.13459396645906074
linkusdt,2024-02-06T10:23:00,2024-02-07T06:13:00,1,19.012,18.325,0.8263888888888888,0.8146730462519937,0.00959493551804917,0.008587279468986492,0.11843672582547798
linkusdt,2024-02-07T07:35:00,2024-02-08T07:15:00,1,18.444,19.091,0.9861111111111112,0.8836060512503859,0.0009939638727895774,0.00278664944291028,0.12460351248079238
linkusdt,2024-02-09T12:07:00,2024-02-10T17:15:00,-1,18.401,18.348,1.2138888888888888,0.9160899653979239,-0.02854105494361474,-0.0012825880748464913,0.12909566873935266
avaxusdt,2024-02-09T14:51:00,2024-02-11T20:45:00,-1,36.849,39.772,2.245833333333333,0.8982244768547876,-0.01254675833149674,-9.875801783164329e-05,0.10002313538993617
suiusdt,2024-02-10T06:00:00,2024-02-12T14:01:00,1,1.7405,1.8066,2.3340277777777776,0.8473589973142346,0.002021985368336119,0.006303394456998734,0.09108783638454365
fetusdt,2024-02-10T08:35:00,2024-02-14T18:14:00,-1,0.6138,0.6669,4.402083333333334,0.8778735632183908,-0.04008718257611249,-0.0011334981034547692,0.08821619244880566
linkusdt,2024-02-11T03:49:00,2024-02-11T15:07:00,-1,19.635,20.072,0.4708333333333333,0.8146206896551724,-0.015351764629444343,-0.0010001195374365057,0.1213398062728851
linkusdt,2024-02-12T07:16:00,2024-02-12T21:46:00,1,20.37,20.757,0.6041666666666666,0.8474085766903446,0.00015762258387474134,0.007347940003037845,0.12288184330446636
avaxusdt,2024-02-12T17:37:00,2024-02-13T16:16:00,-1,40.733,39.186,0.94375,0.9819819819819819,-0.01290911391103758,-0.0011406384244472823,0.11134391333078235
linkusdt,2024-02-12T21:53:00,2024-02-13T20:40:00,-1,20.58,19.819,0.9493055555555555,0.9664274730907227,-0.013699782382111659,-0.005262072943040125,0.1384017227664265
arbusdt,2024-02-13T15:00:00,2024-02-14T13:22:00,-1,2.0195,2.1133,0.9319444444444445,0.9432284541723667,-0.03701681221905888,-0.00148547105850938,0.1649592008286165
avaxusdt,2024-02-13T21:27:00,2024-02-14T21:36:00,-1,40.01,41.931,1.00625,0.9642960812772133,-0.035144351791989485,-0.0021805181845064997,0.10903077413799186
fetusdt,2024-02-14T20:02:00,2024-02-17T11:50:00,-1,0.6711,0.6946,2.658333333333333,0.917189460476788,-0.04258765965782556,-0.0007298295056924059,0.09435072252200452
avaxusdt,2024-02-14T23:10:00,2024-02-15T19:32:00,1,42.402,41.572,0.8486111111111111,0.8126760563380282,0.00468224107484546,0.004254640751437708,0.09799174621314594
arbusdt,2024-02-15T12:22:00,2024-02-16T06:21:00,-1,2.1089,2.0749,0.7493055555555556,0.8049132947976878,-0.01939368311932181,-0.0013944664621886593,0.1490492494027396
avaxusdt,2024-02-15T20:18:00,2024-02-17T08:52:00,-1,41.521,39.869,1.523611111111111,0.9501779359430605,-0.02824263322543915,-0.0004787756522802028,0.10751864815541362
fetusdt,2024-02-17T21:49:00,2024-02-19T04:05:00,-1,0.7694,0.8737,1.261111111111111,0.9657754010695188,-0.03519310918383534,-0.0016029257435179467,0.10548545229561782
avaxusdt,2024-02-19T06:14:00,2024-02-20T13:32:00,-1,40.232,39.048,1.3041666666666667,0.9414659414659414,-0.028439445755814634,-9.27546252602468e-05,0.10700542770853222
linkusdt,2024-02-19T16:40:00,2024-02-20T16:53:00,-1,20.112,18.861,1.0090277777777779,0.8971941638608305,-0.02006623070288617,-0.0014180349013756255,0.12837386664866293
fetusdt,2024-02-20T05:03:00,2024-02-20T23:37:00,-1,0.9606,1.0632,0.7736111111111111,0.9545844044558698,-0.014667199510670453,-0.0009201435102948186,0.10558619407436001
arbusdt,2024-02-20T15:12:00,2024-02-21T05:48:00,-1,1.9766,1.9249,0.6083333333333333,0.8711733361195277,-0.033025743981818005,-0.0010527146774916285,0.15441495855631118
fetusdt,2024-02-21T02:11:00,2024-02-21T22:30:00,-1,1.0421,1.1148,0.8465277777777778,0.8543613707165109,-0.024254654405534603,-0.0010226563415055845,0.10302627225663201
arbusdt,2024-02-21T14:35:00,2024-02-22T08:44:00,-1,1.8282,1.8823,0.75625,0.9327446349727898,-0.0832679241072759,-0.002802787349439617,0.16254516860198187
fetusdt,2024-02-21T23:09:00,2024-02-22T15:10:00,-1,1.1241,1.1547,0.6673611111111111,0.9410919540229885,-0.00690765294720888,-0.0013978603314433458,0.11243385273822439
arbusdt,2024-02-22T12:39:00,2024-02-23T09:15:00,-1,1.8534,1.776,0.8583333333333333,0.8897901247085065,-0.03970148981884101,-0.0026546154559875523,0.1575221618459966
fetusdt,2024-02-22T15:13:00,2024-02-23T13:32:00,-1,1.1782,1.1773,0.9298611111111111,0.8499665103817816,-0.012807723691108976,-0.0026592368831157703,0.10783453715332675
fetusdt,2024-02-24T16:08:00,2024-02-26T06:10:00,-1,1.0874,1.0939,1.5847222222222221,0.9889148191365228,-0.033459826422960935,-0.0008347311186644724,0.1197577250915913
avaxusdt,2024-02-28T06:59:00,2024-02-28T18:53:00,-1,39.317,38.517,0.49583333333333335,0.8367899008115419,-0.045663880510370944,-0.003143591098964116,0.10013215720881866
avaxusdt,2024-02-28T20:09:00,2024-02-29T12:18:00,-1,38.31,43.0,0.6729166666666667,0.8674884437596302,-0.019338890334108218,-0.004481565884856306,0.10330194012240224
linkusdt,2024-02-28T21:18:00,2024-02-29T18:50:00,-1,19.01,19.545,0.8972222222222223,0.8037949921752738,-0.03799250060557667,-0.0010265163194881355,0.1210353613326116
avaxusdt,2024-02-29T20:34:00,2024-03-01T21:12:00,-1,42.236,42.06,1.0263888888888888,0.9156908665105387,-0.025998495765385737,-0.0021233867533418938,0.10623956480960749
avaxusdt,2024-03-01T23:10:00,2024-03-03T02:17:00,-1,42.522,43.714,1.1298611111111112,0.8765611990008326,-0.03589043872935068,-0.0009141628967500037,0.10485005522294756
arbusdt,2024-03-03T07:41:00,2024-03-03T17:10:00,-1,2.0318,2.0927,0.3951388888888889,0.9944287230279448,-0.0837669224710167,-0.0061723864431793285,0.18035676348469173
fetusdt,2024-03-05T02:19:00,2024-03-05T18:21:00,-1,1.7142,1.7562,0.6680555555555555,0.8221574344023324,-0.030589386213667105,-0.0003378522941620554,0.10427355854366192
arbusdt,2024-03-05T16:29:00,2024-03-05T20:31:00,-1,2.1175,1.8904,0.16805555555555557,0.8477914676053977,-0.05811043413820061,-0.0013947780321094394,0.1517896208802917
avaxusdt,2024-03-05T20:55:00,2024-03-06T17:18:00,-1,37.83,40.293,0.8493055555555555,0.9538053767512306,-0.05326103103516053,-0.0015485175142008895,0.10938226309497066
fetusdt,2024-03-05T21:42:00,2024-03-06T09:52:00,-1,1.752,1.917,0.5069444444444444,0.9906542056074766,-0.06369829054097806,-0.00012145417136365244,0.12319933081986159
fetusdt,2024-03-06T12:10:00,2024-03-06T17:09:00,-1,1.9931,2.278,0.2076388888888889,0.8541458541458542,-0.017201682744161687,-0.00012761886485153362,0.10732853474745666
fetusdt,2024-03-06T17:23:00,2024-03-07T00:29:00,-1,2.2244,2.5822,0.29583333333333334,0.8278081750885098,-0.0014603725403816291,-0.00012861551585340025,0.10633826388782089
fetusdt,2024-03-07T02:51:00,2024-03-07T08:15:00,-1,2.6062,2.7157,0.225,0.8762224938875306,-0.003112476849426672,-0.00048213882916879613,0.11089092076346418
fetusdt,2024-03-07T13:26:00,2024-03-07T20:21:00,-1,2.6388,2.5793,0.2881944444444444,0.9307647740440325,-0.00916245881568325,-0.0002825672904050308,0.11490547932630203
fetusdt,2024-03-07T20:36:00,2024-03-08T11:34:00,-1,2.5707,2.5321,0.6236111111111111,0.9833989870568374,-0.015523686626706619,-0.0004992894626191791,0.12893819316503058
arbusdt,2024-03-08T04:52:00,2024-03-08T15:38:00,-1,2.1711,2.1138,0.4486111111111111,0.8740445859872611,-0.007894399141668309,-0.0010894377581927295,0.15401389874909485
arbusdt,2024-03-08T15:41:00,2024-03-09T08:56:00,-1,2.1373,2.1423,0.71875,0.8478123519191281,-0.030989516318937378,-0.002300769696228,0.15174296634092
fetusdt,2024-03-08T17:28:00,2024-03-09T04:48:00,-1,2.8875,2.8598,0.4722222222222222,0.9477037430315901,-0.02494751314378495,-0.004514743866906076,0.12135178856718039
fetusdt,2024-03-09T04:59:00,2024-03-09T13:56:00,-1,2.9024,3.0299,0.3729166666666667,0.927371413802016,-0.03645155558253972,-0.0009529496093716033,0.12161477842459562
arbusdt,2024-03-10T15:03:00,2024-03-11T08:30:00,-1,2.0527,2.0835,0.7270833333333333,0.9407670893906588,-0.03151523926614701,-0.0009265908908188403,0.16329370495347026
fetusdt,2024-03-11T01:44:00,2024-03-11T19:47:00,-1,2.7832,2.7013,0.7520833333333333,0.9241412213740458,-0.04036946387499846,-0.0020635319574421745,0.12155738397427918
linkusdt,2024-03-11T07:56:00,2024-03-12T08:18:00,-1,21.355,20.39,1.0152777777777777,0.8578614311212072,-0.021883804166043342,-0.001523325121443278,0.12295738299799933
avaxusdt,2024-03-11T12:43:00,2024-03-11T22:37:00,1,46.554,48.776,0.4125,0.8008933172994331,0.003659997338890967,0.01080830696000852,0.10019642317204294
avaxusdt,2024-03-11T22:50:00,2024-03-12T09:13:00,-1,48.784,47.443,0.4326388888888889,0.8821344140493077,-0.0014824852636193065,-0.011909195118276247,0.105927339790739
arbusdt,2024-03-12T03:21:00,2024-03-12T14:59:00,-1,2.0676,1.9928,0.4847222222222222,0.821374277896017,-0.015311422150238048,-0.0007606876043320943,0.15005254951642877
avaxusdt,2024-03-12T12:30:00,2024-03-12T16:04:00,-1,47.841,54.626,0.1486111111111111,0.8272606823451474,-0.048476397660807094,-0.0002273321685019314,0.1027172387516361
linkusdt,2024-03-12T14:29:00,2024-03-13T17:31:00,-1,20.568,20.388,1.1263888888888889,0.8792308914667091,-0.055488726579995935,-2.2418741557450605e-05,0.1248806483794538
avaxusdt,2024-03-12T16:06:00,2024-03-12T19:26:00,1,54.675,56.26,0.1388888888888889,0.8916761687571265,0.0031073336139828423,0.0035499502743581296,0.10667512358376446
arbusdt,2024-03-13T10:10:00,2024-03-13T16:23:00,-1,2.2132,2.1616,0.2590277777777778,0.9932402317634824,-0.0006348275811134829,-0.0002526461176903527,0.17931029241065327
arbusdt,2024-03-13T16:31:00,2024-03-14T05:13:00,-1,2.1595,2.05,0.5291666666666667,0.9329794293297943,-0.0699883291450566,-0.008901889073076097,0.164383023975199
fetusdt,2024-03-14T15:34:00,2024-03-14T22:02:00,-1,2.6181,2.8595,0.26944444444444443,0.9070967741935484,-0.058400146185840766,-0.0009548363171452134,0.1185729789835143
avaxusdt,2024-03-14T20:46:00,2024-03-15T04:24:00,-1,53.242,53.121,0.31805555555555554,0.9367618478098371,-0.04199175688895171,-0.0035016171372508204,0.10908173964824316
fetusdt,2024-03-15T05:11:00,2024-03-15T13:02:00,-1,2.6009,2.7786,0.32708333333333334,0.9622876087857439,-0.08433881259231979,-0.0013329087251385263,0.12769554113611267
fetusdt,2024-03-15T13:06:00,2024-03-16T04:37:00,-1,2.8027,2.6292,0.6465277777777778,0.8031256342601989,-0.039879665113505075,-0.0043788388495448055,0.11281287169822017
avaxusdt,2024-03-15T23:50:00,2024-03-16T07:37:00,-1,58.72,60.731,0.32430555555555557,0.9465724381625442,-0.01449038503184264,-0.002729581980561044,0.11004682547552154
fetusdt,2024-03-17T04:14:00,2024-03-17T14:53:00,-1,2.5149,2.8538,0.44375,0.9058869093725794,-0.028004154956661594,-0.000900703444573811,0.12068545883764066
arbusdt,2024-03-17T14:46:00,2024-03-18T07:22:00,-1,1.7173,1.6968,0.6916666666666667,0.904167241617221,-0.022616284418022166,-0.0008940336255657821,0.1590422805074867
fetusdt,2024-03-18T02:28:00,2024-03-18T16:12:00,-1,2.8123,2.5822,0.5722222222222222,0.996096654275093,-0.055847502811809016,-0.0021963476031696683,0.15209854999231745
avaxusdt,2024-03-18T08:22:00,2024-03-18T13:56:00,1,59.854,61.954,0.23194444444444445,0.813717848791894,0.0022132123039650506,0.011928160734733864,0.10179678753062436
avaxusdt,2024-03-18T14:11:00,2024-03-18T18:17:00,1,61.593,62.976,0.17083333333333334,0.8748077908764736,0.0027171381919287286,4.222984927924889e-05,0.10602466617214817
fetusdt,2024-03-18T17:26:00,2024-03-19T07:07:00,-1,2.4843,2.2677,0.5701388888888889,0.8651010376843256,-0.05611987283189037,-0.0012568602776689974,0.11952461682090984
avaxusdt,2024-03-18T18:21:00,2024-03-19T01:05:00,-1,62.59,59.21,0.28055555555555556,0.9891208096141683,-0.021840418278245854,-0.004399181949680975,0.1176038288954011
avaxusdt,2024-03-19T01:06:00,2024-03-19T07:15:00,-1,59.169,55.794,0.25625,0.874344241818636,-0.013739693958074981,-0.002134124414970226,0.10690353460451597
arbusdt,2024-03-19T05:32:00,2024-03-19T11:57:00,-1,1.5552,1.5545,0.2673611111111111,0.8628983359159199,-0.07570097349926719,-6.262021705158438e-05,0.15426261229157773
fetusdt,2024-03-19T07:10:00,2024-03-19T14:50:00,-1,2.2438,2.475,0.3194444444444444,0.9458348230246693,-0.040194592074961066,-0.0009534178326472964,0.1286679845904172
avaxusdt,2024-03-20T00:18:00,2024-03-20T08:11:00,-1,54.174,54.02,0.3284722222222222,0.9726450999048525,-0.012708387458157335,-0.00016368483861001204,0.11352605331040051
arbusdt,2024-03-21T05:55:00,2024-03-21T17:41:00,-1,1.7262,1.7128,0.49027777777777776,0.8538889607868513,-0.012707165935338289,-0.0009538225430323899,0.15305138960024364
arbusdt,2024-03-26T01:48:00,2024-03-26T19:38:00,-1,1.729,1.6888,0.7430555555555556,0.8029529030650386,-0.004690909094116677,-0.0010624869428079442,0.14871174740745075
arbusdt,2024-03-26T22:35:00,2024-03-27T14:45:00,-1,1.7029,1.6757,0.6736111111111112,0.8041084024254423,-0.02081305117012967,-0.003961685209346283,0.14886953202254166
fetusdt,2024-03-27T18:54:00,2024-03-28T07:43:00,-1,2.9979,3.2476,0.5340277777777778,0.9638766519823788,-0.04549859282508918,-0.0006402835470226131,0.1306435719027671
fetusdt,2024-03-28T20:05:00,2024-03-29T16:02:00,-1,3.3796,3.1336,0.83125,0.8001704303366,-0.03179576063059837,-0.0002982723080766636,0.11389275270476115
fetusdt,2024-03-29T19:36:00,2024-03-30T22:44:00,-1,3.1756,3.1385,1.1305555555555555,0.8368031298029901,-0.029650679266331425,-0.0009707357623540552,0.11661297757232424
fetusdt,2024-03-30T22:59:00,2024-04-01T00:31:00,-1,3.1685,3.0803,1.0638888888888889,0.9637641223477542,-0.025345296338747866,-0.0032151151040962223,0.13210530465535722
fetusdt,2024-04-01T10:19:00,2024-04-02T08:59:00,-1,2.9179,2.6098,0.9444444444444444,0.9068667207353339,-0.05035285839117672,-0.0032212147144893566,0.12539708239547137
avaxusdt,2024-04-02T05:26:00,2024-04-03T06:39:00,-1,47.556,47.645,1.0506944444444444,0.8121434392828036,-0.05617043454656971,-4.927572357449339e-05,0.10218648887277336
arbusdt,2024-04-10T01:30:00,2024-04-11T06:19:00,-1,1.4818,1.4662,1.2006944444444445,0.8071340891039064,-0.03143235826174987,-0.00239838610970014,0.14628075676826677
arbusdt,2024-04-13T00:08:00,2024-04-13T17:29:00,-1,1.1675,1.0756,0.7229166666666667,0.8431372549019608,-0.11422643264484002,-0.0016477640522531978,0.14691416759347573
linkusdt,2024-04-13T00:59:00,2024-04-13T20:49:00,-1,15.212,12.148,0.8263888888888888,0.9090203183641775,-0.10135776710262874,-0.0012416686959317025,0.12590354253103617
avaxusdt,2024-04-13T04:26:00,2024-04-13T20:37:00,-1,38.393,31.215,0.6743055555555556,0.9459143555413877,-0.0801841790580207,-0.00040852025419818583,0.11118032779932119
fetusdt,2024-04-13T06:25:00,2024-04-13T20:45:00,-1,2.1374,1.7891,0.5972222222222222,0.8425334835398673,-0.07250714533891134,-6.217505248970467e-05,0.11814843761849922
fetusdt,2024-04-25T07:07:00,2024-04-26T22:43:00,-1,2.2657,2.1425,1.65,0.8775441735629613,-0.053344003755646234,-0.004407305523403626,0.12041645882660106
fetusdt,2024-05-06T20:24:00,2024-05-08T01:02:00,-1,2.4178,2.3736,1.1930555555555555,0.899105733824303,-0.03816941575543771,-0.0022104764812262145,0.1222214317937248
linkusdt,2024-05-17T00:16:00,2024-05-17T11:13:00,1,15.682,16.419,0.45625,0.8550311665182547,0.0007493878643492245,0.011170415849466722,0.11155505063300465
linkusdt,2024-05-17T11:44:00,2024-05-18T06:36:00,1,16.623,16.327,0.7861111111111111,0.973868817958611,0.002046671743798965,0.0028072162126626665,0.12678830131901286
linkusdt,2024-05-18T06:56:00,2024-05-19T14:01:00,-1,16.31,16.637,1.2951388888888888,0.8092082316009767,-0.0014788685623623346,-0.008277858908480151,0.10963410365142372
linkusdt,2024-05-19T21:53:00,2024-05-20T19:27:00,1,16.6,16.803,0.8986111111111111,0.8003117422930378,0.004553057511813753,0.004673023968458964,0.10613512559152212
arbusdt,2024-05-20T16:00:00,2024-05-21T00:48:00,-1,0.9845,1.1601,0.36666666666666664,0.8003370587191768,-0.058649399408303694,-0.0024887551757632187,0.14194679902899016
fetusdt,2024-05-23T15:45:00,2024-05-25T21:53:00,-1,2.3641,2.2906,2.2555555555555555,0.9002581311306144,-0.05483394555478553,-0.000364569229340167,0.12252750921846976
linkusdt,2024-05-24T14:34:00,2024-05-26T19:23:00,1,17.395,17.081,2.2006944444444443,0.8236698499317872,0.0018590032610366746,0.012303515663243045,0.10666578715588376
linkusdt,2024-06-07T19:32:00,2024-06-11T12:15:00,-1,16.373,15.473,3.696527777777778,0.867564534231201,-0.056211589627894035,-0.0005639799877744378,0.10965144037597298
arbusdt,2024-06-08T02:31:00,2024-06-10T07:58:00,-1,1.0003,0.9504,2.2270833333333333,0.827405427631579,-0.0847582306935723,-0.0005452886483712782,0.13916480249089447
fetusdt,2024-06-08T02:59:00,2024-06-10T23:53:00,-1,1.8383,1.6598,2.870833333333333,0.9797391414461187,-0.08489066498981948,-0.0037467811357723146,0.13815472009135255
avaxusdt,2024-06-23T21:14:00,2024-06-25T14:36:00,-1,24.933,25.669,1.7236111111111112,0.9373319544984489,-0.029390194973327365,-0.00027842063574726184,0.09413148369878895
fetusdt,2024-06-27T14:06:00,2024-06-28T16:23:00,-1,1.5893,1.4633,1.0951388888888889,0.8269720101781171,-0.0012919197948488487,-0.0017597894050692675,0.1052121043858935
fetusdt,2024-07-04T01:56:00,2024-07-05T09:47:00,-1,1.202,1.106,1.3270833333333334,0.8074049477004814,-0.05202988604721355,-0.0014143085893091045,0.10248750705117773
avaxusdt,2024-07-15T22:37:00,2024-07-17T15:49:00,-1,27.639,28.102,1.7166666666666666,0.828996282527881,-0.016315694581855486,-0.0003041531154262256,0.08254327654310158
avaxusdt,2024-07-19T08:32:00,2024-07-21T16:10:00,-1,26.942,31.297,2.3180555555555555,0.9655434507220674,-0.020227212396047918,-0.00019591910556797376,0.09275082170289012
avaxusdt,2024-07-21T16:15:00,2024-07-22T10:50:00,1,31.396,32.324,0.7743055555555556,0.8741401273885351,0.001381836533657333,0.008094585276732735,0.08648186096852245
avaxusdt,2024-07-22T11:18:00,2024-07-23T19:38:00,-1,32.187,29.831,1.3472222222222223,0.978973717146433,-0.025007371031149604,-0.009212518112304724,0.09997089663699532
avaxusdt,2024-07-24T00:09:00,2024-07-25T09:34:00,-1,29.82,27.438,1.3923611111111112,0.9431846498878644,-0.00939079119300026,-0.00037684222245479293,0.09488766974454682
avaxusdt,2024-07-25T11:43:00,2024-07-27T17:53:00,-1,27.306,28.498,2.2569444444444446,0.9891250617894216,-0.04759576666776405,-0.0006283974962303651,0.10791570675701154
avaxusdt,2024-07-30T09:37:00,2024-08-01T18:31:00,-1,27.073,24.325,2.370833333333333,0.8477775018624286,-0.027040523141612233,-0.00036507318384747245,0.09002316543877951
suiusdt,2024-08-09T07:30:00,2024-08-11T08:46:00,1,0.8448,0.8845,2.0527777777777776,0.865323435843054,0.017649665234185454,0.014049314450242052,0.05823723513406131
arbusdt,2024-08-11T09:19:00,2024-08-14T02:10:00,-1,0.5926,0.5758,2.7020833333333334,0.8920252664824319,-0.001207315665539879,-0.0042752061662716945,0.12955011115296475
suiusdt,2024-08-11T13:46:00,2024-08-12T12:32:00,1,0.902,1.0798,0.9486111111111111,0.9706457925636007,0.017434068038614473,0.00015711657303264792,0.07199191320440493
suiusdt,2024-08-12T12:34:00,2024-08-13T13:26:00,1,1.0776,0.9694,1.0361111111111112,0.9927927927927928,0.03332828065805781,0.004213104647157434,0.08953630417449317
suiusdt,2024-08-13T13:43:00,2024-08-15T14:24:00,-1,0.9593,0.9034,2.0284722222222222,0.9639261744966443,-0.0010412922703317317,-0.0020360109988211694,0.09483474467444078
suiusdt,2024-08-17T00:16:00,2024-08-20T09:54:00,-1,0.8093,0.901,3.401388888888889,0.98046875,-0.020562822711439218,-0.001043123241632471,0.10095968770672924
avaxusdt,2024-08-23T14:22:00,2024-08-25T08:04:00,1,26.598,26.154,1.7375,0.8083955704352305,0.001535305196900158,0.0007446011562486365,0.08485132208867546
linkusdt,2024-08-24T22:00:00,2024-08-27T22:13:00,-1,12.245,11.094,3.009027777777778,0.9802631578947368,-0.009191030266183784,-0.0007915829623952458,0.10355067183937289
avaxusdt,2024-08-25T13:01:00,2024-08-27T21:17:00,-1,26.596,25.079,2.3444444444444446,0.806443429731101,-0.018442022861975785,-0.0001287486002330418,0.08542555929520496
fetusdt,2024-08-25T21:30:00,2024-08-26T17:39:00,-1,1.3703,1.3424,0.8395833333333333,0.8071428571428572,-0.012020759369372554,-0.0010077301137410566,0.09709436916973291
suiusdt,2024-08-26T10:22:00,2024-08-30T03:17:00,1,0.9843,0.8002,3.704861111111111,0.8068916008614501,0.0002794304706718473,0.004714188169156516,0.08502372750629603
linkusdt,2024-08-27T23:11:00,2024-09-01T07:52:00,-1,11.087,10.885,4.361805555555556,0.9116883116883117,-0.03370514583857153,-0.0009141270966261661,0.09362578145475255
fetusdt,2024-08-28T04:27:00,2024-08-28T17:40:00,-1,1.2729,1.2326,0.5506944444444445,0.8340312982146793,-0.004389910060969749,-0.0009597041698964359,0.09759298848076031
fetusdt,2024-08-28T21:07:00,2024-08-29T19:44:00,-1,1.1879,1.142,0.9423611111111111,0.956060606060606,-0.001962054704429585,-0.0032654351671828757,0.11373699739025017
fetusdt,2024-08-30T04:50:00,2024-08-31T08:13:00,-1,1.1121,1.1763,1.1409722222222223,0.8044311887515978,-0.029531443676317676,-0.00024104086912804523,0.09751209611271236
fetusdt,2024-09-01T08:26:00,2024-09-02T07:26:00,-1,1.2006,1.1129,0.9583333333333334,0.9173433270872371,-0.01532620617400823,-0.00021536923157847165,0.10525630459103892
fetusdt,2024-09-04T15:23:00,2024-09-06T12:59:00,-1,1.1395,1.1067,1.9,0.9173869346733668,-0.022586927385552933,-2.8806779057630183e-05,0.10573030703979289
linkusdt,2024-09-08T09:07:00,2024-09-12T14:22:00,1,10.325,10.691,4.21875,0.9471170249061753,0.0014100140135518897,0.014280037453774791,0.09272135405601858
suiusdt,2024-09-08T09:42:00,2024-09-10T12:53:00,1,0.9648,0.9223,2.1326388888888888,0.8164400494437577,0.006458075313971311,0.009628332777404824,0.08541880296760204
suiusdt,2024-09-10T13:29:00,2024-09-12T13:33:00,1,0.9159,1.0295,2.0027777777777778,0.8681253696037847,0.0020346096820493278,0.0001298945932261958,0.09195387385839839
fetusdt,2024-09-11T13:25:00,2024-09-12T06:25:00,-1,1.3157,1.4191,0.7083333333333334,0.8110204893574696,-0.004966174860040164,-0.0003059023556609558,0.09705539362494188
fetusdt,2024-09-12T08:31:00,2024-09-13T01:23:00,-1,1.4339,1.3651,0.7027777777777777,0.8439091265178221,-0.010957824746155944,-0.0006557336559948473,0.09956949268159442
suiusdt,2024-09-12T14:17:00,2024-09-14T12:29:00,1,1.0493,1.0137,1.925,0.8761958356781092,0.013931507633662634,7.307855243592065e-05,0.09250738096319157
linkusdt,2024-09-12T14:56:00,2024-09-17T00:41:00,-1,10.6,10.527,4.40625,0.8485376044568245,-0.02560986190520187,-0.01811721513601057,0.08484882305261575
fetusdt,2024-09-13T02:05:00,2024-09-14T05:15:00,-1,1.366,1.3528,1.1319444444444444,0.9914827719705769,-0.018217025528392987,-0.0024543453730107856,0.11930942304093436
fetusdt,2024-09-14T12:24:00,2024-09-15T23:59:00,-1,1.3475,1.3356,1.4826388888888888,0.9543205177007994,-0.012071479405810855,-0.0005896121592024878,0.11430637646290961
suiusdt,2024-09-15T18:54:00,2024-09-17T06:50:00,1,1.1294,1.0945,1.4972222222222222,0.8546209761163032,0.01855650473038546,0.00958011061262283,0.09190110132831351
fetusdt,2024-09-16T00:07:00,2024-09-17T11:06:00,-1,1.3243,1.305,1.457638888888889,0.9121608802883703,-0.025749346515719092,-0.006262742805394739,0.10893344015947781
avaxusdt,2024-09-16T09:09:00,2024-09-19T01:39:00,-1,24.092,25.775,2.6875,0.8548677112766504,-0.02297782248095703,-0.0014138968107182265,0.08859714948875715
suiusdt,2024-09-17T12:07:00,2024-09-18T19:05:00,1,1.1733,1.2316,1.2902777777777779,0.8073891625615763,0.008501666875786152,0.0034377289550075046,0.0916358843592178
fetusdt,2024-09-20T14:39:00,2024-09-21T20:19:00,-1,1.5997,1.6323,1.2361111111111112,0.9233128834355828,-0.03098979682830076,-0.001501559924410839,0.11164897936137116
avaxusdt,2024-09-20T14:55:00,2024-09-23T11:29:00,1,27.501,27.299,2.8569444444444443,0.8004628439187452,0.0035760418428187847,0.010602832855707914,0.08464130802232805
suiusdt,2024-09-20T16:50:00,2024-09-22T10:06:00,1,1.4818,1.4651,1.7194444444444446,0.8236568457538995,0.0026639348476565038,0.008439068761359261,0.09152753697281157
suiusdt,2024-09-22T13:17:00,2024-09-23T03:38:00,1,1.5589,1.6187,0.5979166666666667,0.9464285714285714,0.004619029752741964,0.010712588486813404,0.09647633949251022
arbusdt,2024-09-22T19:44:00,2024-09-25T18:30:00,-1,0.5967,0.6089,2.948611111111111,0.9650695517774344,-0.024051662051297617,-0.002744867618196492,0.12206942469431423
suiusdt,2024-09-23T03:49:00,2024-09-24T11:17:00,-1,1.6256,1.557,1.3111111111111111,0.9560175929628149,-0.011909742343713796,-0.014208383778160472,0.10021173074009328
fetusdt,2024-09-23T08:24:00,2024-09-24T08:05:00,-1,1.6796,1.6855,0.9868055555555556,0.997895542376124,-0.005555823778202905,-0.0003898948379760514,0.13558931736292568
fetusdt,2024-09-24T08:16:00,2024-09-25T05:24:00,-1,1.6882,1.6966,0.8805555555555555,0.8653185806943915,-0.028744541601661632,-0.006220054131544847,0.1094226744935245
suiusdt,2024-09-24T18:43:00,2024-09-25T21:04:00,-1,1.6609,1.6905,1.0979166666666667,0.9871309613928841,-0.009900804791806585,-0.0009627059825580708,0.11198846015189078
fetusdt,2024-09-25T05:42:00,2024-09-26T05:27:00,-1,1.6925,1.6518,0.9895833333333334,0.9329887038100708,-0.0032344089464951286,-0.009370430645335687,0.11716954474068725
fetusdt,2024-09-26T08:06:00,2024-09-27T04:48:00,-1,1.682,1.6641,0.8625,0.9944401840490797,-0.04748865518106232,-0.003970694456968682,0.1392228159716313
suiusdt,2024-09-26T23:24:00,2024-09-28T17:44:00,1,1.6877,1.6386,1.7638888888888888,0.9139213602550478,0.00564389634583598,0.01114643346324437,0.10021577219920777
linkusdt,2024-09-27T04:18:00,2024-10-01T03:08:00,1,12.788,12.062,3.951388888888889,0.802801724137931,0.001963818652102337,0.009583208482436864,0.08167567491987776
avaxusdt,2024-09-27T06:35:00,2024-09-30T02:37:00,-1,29.698,28.323,2.834722222222222,0.8597093791281374,-0.012541247777587536,-0.0002133686356230874,0.08769843286947027
fetusdt,2024-09-27T10:22:00,2024-09-28T06:38:00,-1,1.6238,1.6241,0.8444444444444444,0.955374097987087,-0.06499389211619577,-0.00197600953259211,0.12718641137121306
arbusdt,2024-09-27T22:06:00,2024-09-30T20:39:00,-1,0.6638,0.6214,2.939583333333333,0.8745793820740287,-0.03154266906478158,-0.00020715335125344458,0.11336979111595555
fetusdt,2024-09-28T16:26:00,2024-09-30T01:27:00,-1,1.5823,1.6221,1.3756944444444446,0.9983180713885255,-0.05816729635786973,-0.0008763167679422257,0.15700092668374208
suiusdt,2024-09-28T18:42:00,2024-09-29T21:21:00,-1,1.6419,1.8097,1.1104166666666666,0.8124785738772712,-0.030557712508652086,-0.016425377720066636,0.09578810077865399
suiusdt,2024-09-29T21:46:00,2024-10-01T00:35:00,1,1.7985,1.7869,1.117361111111111,0.9482243611018918,0.00445519418621949,0.005246201076155851,0.1084889178599025
fetusdt,2024-09-30T01:41:00,2024-10-01T00:32:00,-1,1.6273,1.5337,0.9520833333333333,0.8032725920416511,-0.04276717734020333,-0.008545630283688141,0.1132227346467269
avaxusdt,2024-09-30T13:53:00,2024-10-02T11:12:00,-1,28.396,25.92,1.8881944444444445,0.8934252386002121,-0.04932057540765747,-0.0007053698488446308,0.09254897374981613
suiusdt,2024-10-01T00:48:00,2024-10-01T15:18:00,1,1.8071,1.7703,0.6041666666666666,0.9633322611772274,0.00592275372651712,0.002058096528608319,0.11357552403398782
fetusdt,2024-10-01T01:48:00,2024-10-01T16:59:00,-1,1.5716,1.5305,0.6326388888888889,0.8442035642109131,-0.05244644895326355,-0.0003300020709355589,0.11775429365825887
suiusdt,2024-10-01T15:21:00,2024-10-02T04:46:00,1,1.7789,1.8093,0.5590277777777778,0.9987519500780031,0.006550948486087648,0.005485479239225682,0.12688388157101554
fetusdt,2024-10-01T17:14:00,2024-10-02T11:24:00,-1,1.4882,1.4495,0.7569444444444444,0.9619358346927678,-0.02968390153668621,-0.0003775344111426604,0.1330484930131693
arbusdt,2024-10-02T01:30:00,2024-10-05T17:33:00,-1,0.557,0.5521,3.66875,0.9716183574879227,-0.07954689453838228,-0.00019705206267797704,0.12803023084038648
suiusdt,2024-10-02T04:54:00,2024-10-02T16:15:00,-1,1.8363,1.8768,0.47291666666666665,0.9251741896395032,-0.008599255224790143,-0.007363349031334815,0.11461538693494694
fetusdt,2024-10-02T11:36:00,2024-10-03T10:59:00,-1,1.4675,1.3989,0.9743055555555555,0.8247090420769919,-0.03234949029024408,-0.0018939436831008766,0.11797774941211113
avaxusdt,2024-10-02T11:45:00,2024-10-04T16:43:00,-1,25.976,26.298,2.2069444444444444,0.8473544973544973,-0.03967704724163336,-0.008689929228198875,0.09046526127486873
suiusdt,2024-10-02T18:11:00,2024-10-03T07:30:00,-1,1.8047,1.8832,0.5548611111111111,0.8086854460093896,-0.012859901971245695,-0.005018311550040802,0.1018084595564886
suiusdt,2024-10-03T08:15:00,2024-10-03T16:31:00,-1,1.8294,1.6118,0.34444444444444444,0.959177847559235,-0.0006172800509059304,-0.008817623025753035,0.122695586582389
fetusdt,2024-10-03T13:15:00,2024-10-04T16:18:00,-1,1.346,1.4384,1.1270833333333334,0.8148015731140508,-0.0636021377148993,-8.893595492634465e-05,0.11758353710977984
suiusdt,2024-10-03T16:44:00,2024-10-04T08:39:00,-1,1.6247,1.7462,0.6631944444444444,0.9836156623160234,-0.043537909922843385,-0.002070135262703693,0.1321143502384766
suiusdt,2024-10-04T09:03:00,2024-10-05T02:59:00,1,1.7615,1.7161,0.7472222222222222,0.8189189189189189,0.0206497259735055,0.0017512702901326116,0.11035008961513691
suiusdt,2024-10-06T15:07:00,2024-10-07T10:58:00,-1,1.7651,1.9397,0.8270833333333333,0.8134981968057702,-0.014803186209608531,-0.0004573664078084544,0.10962626402991345
suiusdt,2024-10-07T23:13:00,2024-10-08T13:40:00,1,2.0627,2.0312,0.6020833333333333,0.8079843252510409,0.010581319576379745,0.008783525121277752,0.10821701780764925
suiusdt,2024-10-08T15:17:00,2024-10-09T15:23:00,1,1.9789,1.9404,1.0041666666666667,0.9358454567135702,0.012464312080807586,2.7157432235830337e-05,0.12568830927744354
suiusdt,2024-10-10T17:31:00,2024-10-11T15:14:00,-1,1.7784,2.0492,0.9048611111111111,0.8638850889192886,-0.01768926262002905,-0.0012032472466770583,0.11539502214213578
fetusdt,2024-10-11T13:35:00,2024-10-13T12:56:00,-1,1.3881,1.4343,1.9729166666666667,0.8542168674698796,-0.05049318739097891,-0.0023345237582419465,0.12020560510699879
suiusdt,2024-10-11T15:21:00,2024-10-12T13:12:00,1,2.0357,2.24,0.9104166666666667,0.9388802141423154,0.01266996171199363,0.010634845271317209,0.12682091268798804
suiusdt,2024-10-12T13:17:00,2024-10-13T08:38:00,1,2.2251,2.2173,0.80625,0.9519440803844473,0.025905885299472384,0.0006230367678506932,0.12865571252283986
avaxusdt,2024-10-13T08:06:00,2024-10-15T14:16:00,1,29.062,29.333,2.2569444444444446,0.8002174503941288,0.009764667571330137,0.0052740169395013164,0.08754060556290416
suiusdt,2024-10-13T10:05:00,2024-10-14T01:25:00,1,2.2146,2.2871,0.6388888888888888,0.8407779440051293,0.006065593183304313,0.0010668208327106882,0.11846600695198763
suiusdt,2024-10-14T03:39:00,2024-10-15T03:22:00,1,2.2678,2.2133,0.9881944444444445,0.9995823762789726,0.02312597412799473,0.0010634476858651098,0.14843421300266335
fetusdt,2024-10-15T04:26:00,2024-10-16T04:27:00,-1,1.481,1.4576,1.0006944444444446,0.8608888132130087,-0.0310647493026546,-0.0015637924154496136,0.12092198300480003
avaxusdt,2024-10-15T14:44:00,2024-10-18T04:51:00,-1,28.392,27.471,2.5881944444444445,0.9691003554826361,-0.025638466856865133,-0.0011134046084225885,0.10541558578648175
suiusdt,2024-10-15T16:17:00,2024-10-16T14:59:00,-1,2.0895,2.0321,0.9458333333333333,0.9314985938127762,-0.02405490149156234,-0.00011039852349425949,0.12937535270689213
fetusdt,2024-10-16T04:46:00,2024-10-18T05:36:00,-1,1.445,1.3866,2.0347222222222223,0.9298631063038703,-0.056148888850764654,-0.014200514276347775,0.13093841171718784
avaxusdt,2024-10-18T06:19:00,2024-10-22T09:37:00,-1,27.678,27.373,4.1375,0.8583901773533424,-0.03805359646375024,-0.00885418232660408,0.095181517178544
suiusdt,2024-10-20T05:19:00,2024-10-21T18:01:00,-1,2.0546,2.0332,1.5291666666666666,0.8050575580298169,-0.01171006593020484,-0.000646865552310319,0.11892942836800492
suiusdt,2024-10-22T05:15:00,2024-10-23T18:43:00,-1,2.0185,1.9323,1.5611111111111111,0.9811285846438483,-0.02603896585986211,-0.0011176362657360772,0.1415382354582579
avaxusdt,2024-10-23T07:54:00,2024-10-26T05:02:00,-1,27.074,25.342,2.8805555555555555,0.9607957870099474,-0.024846170116172253,-0.0007178252792002238,0.10507289934595333
fetusdt,2024-10-23T13:25:00,2024-10-25T18:29:00,-1,1.3254,1.2794,2.2111111111111112,0.9130942452043369,-0.06378181182271236,-0.000629443973455962,0.12922226019790556
suiusdt,2024-10-23T18:53:00,2024-10-25T16:54:00,-1,1.9336,1.8536,1.917361111111111,0.9439592430858806,-0.03545771930032489,-0.00941257556485059,0.1341502513610103
linkusdt,2024-10-25T16:34:00,2024-10-28T17:10:00,-1,11.716,10.82,3.025,0.8214007782101167,-0.030406113733237955,-0.00012181422006445064,0.08376086459025035
fetusdt,2024-10-26T03:05:00,2024-10-29T02:32:00,-1,1.2105,1.328,2.9770833333333333,0.9384488448844884,-0.06621885880850224,-0.0019445072176902944,0.13241543898700073
suiusdt,2024-10-26T03:11:00,2024-10-28T10:56:00,-1,1.7398,1.7098,2.3229166666666665,0.8430780167051715,-0.046635987366535445,-0.00330893445284694,0.1250581049015742
arbusdt,2024-10-26T12:57:00,2024-10-30T07:56:00,-1,0.5136,0.5491,3.7909722222222224,0.9222614840989399,-0.05281055270570795,-0.0015380396210625397,0.12068114214087641
avaxusdt,2024-10-26T20:46:00,2024-10-31T01:49:00,-1,25.479,26.107,4.210416666666666,0.9852202187407626,-0.04776384232275894,-0.0036020328312676986,0.11813503524516636
suiusdt,2024-10-30T00:27:00,2024-10-31T02:43:00,-1,2.1137,2.062,1.0944444444444446,0.8027118644067797,-0.00039214256689483517,-0.0009463376143001023,0.12227418514512499
arbusdt,2024-11-01T11:32:00,2024-11-04T17:05:00,-1,0.5331,0.4736,3.23125,0.9306543385490754,-0.06774952436742607,-0.003234582868319749,0.12479067173284576
avaxusdt,2024-11-01T13:48:00,2024-11-05T14:25:00,-1,25.51,23.619,4.0256944444444445,0.8837492391965917,-0.038304356331039915,-0.0028614450266857827,0.10034277754279226
fetusdt,2024-11-01T13:54:00,2024-11-04T00:42:00,-1,1.2903,1.1265,2.45,0.8180938558297048,-0.030552598779733053,-0.0017805063911724567,0.12204539982490725
suiusdt,2024-11-04T01:31:00,2024-11-05T08:22:00,1,1.956,1.9279,1.2854166666666667,0.8779634049323787,0.0013365061802591194,0.014305958574527919,0.12656004978521807
arbusdt,2024-11-04T20:48:00,2024-11-07T02:58:00,-1,0.4739,0.5899,2.2569444444444446,0.9855896852483883,-0.05895566666767189,-0.0001648493110058269,0.13455921407825
avaxusdt,2024-11-05T15:06:00,2024-11-07T16:30:00,-1,23.979,27.427,2.058333333333333,0.806865575874238,-0.033150651658028864,-0.0016908561888092782,0.09502322878640794
suiusdt,2024-11-06T02:57:00,2024-11-06T13:54:00,1,2.2237,2.2985,0.45625,0.8399690162664601,0.012543940964553382,0.013889888351424809,0.12456381860598696
suiusdt,2024-11-07T16:03:00,2024-11-08T18:48:00,1,2.3659,2.255,1.1145833333333333,0.8048298906439855,0.008456667135517591,0.010946466068577701,0.12247519934723783
arbusdt,2024-11-07T19:51:00,2024-11-09T16:47:00,-1,0.5814,0.5953,1.8722222222222222,0.9178288729739917,-0.026609704042696594,-0.0005299899293212673,0.12946494737539457
avaxusdt,2024-11-08T23:30:00,2024-11-10T13:24:00,-1,28.557,32.418,1.5791666666666666,0.8502202643171806,-0.03228223906052412,-0.00033578430308445206,0.09992575618665
linkusdt,2024-11-09T09:19:00,2024-11-10T21:34:00,-1,13.491,14.12,1.5104166666666667,0.8589128697042366,-0.014316102733442377,-0.0019889072440472944,0.08625265052437134
suiusdt,2024-11-09T18:17:00,2024-11-10T04:30:00,1,2.4464,2.8195,0.42569444444444443,0.9170922198858517,0.0003747976463976724,0.020667859257901516,0.12928284477367452
arbusdt,2024-11-10T05:47:00,2024-11-11T10:11:00,-1,0.6332,0.6266,1.1833333333333333,0.9735370853522176,-0.025382009631538548,-0.000416130386271113,0.13362401276670766
suiusdt,2024-11-10T08:58:00,2024-11-10T17:08:00,1,2.9766,3.0215,0.3402777777777778,0.9866745632217945,0.016916424388320646,0.0006085650382953445,0.15587248247387625
avaxusdt,2024-11-10T14:08:00,2024-11-11T15:32:00,-1,32.704,32.75,1.0583333333333333,0.9013300340241261,-0.019364002497176264,-0.0028704096086581005,0.10586620610451934
suiusdt,2024-11-10T17:29:00,2024-11-11T03:37:00,-1,3.0288,3.2543,0.4222222222222222,0.985224586288416,-0.02069195244532858,-0.016480327700104297,0.16233497373700823
fetusdt,2024-11-10T19:54:00,2024-11-11T17:07:00,-1,1.4852,1.517,0.8840277777777777,0.8186437986342703,-0.02283562021696273,-0.0014946821603263882,0.12233954060746101
linkusdt,2024-11-10T23:17:00,2024-11-12T08:14:00,-1,14.287,14.943,1.3729166666666666,0.9632093933463797,-0.004829243787427323,-0.0010693498801156304,0.10352708750665653
suiusdt,2024-11-11T03:46:00,2024-11-11T15:29:00,-1,3.2663,3.2726,0.48819444444444443,0.9401871892366189,-0.015516519264067535,-0.0025620002396850305,0.1445576075527088
arbusdt,2024-11-11T12:20:00,2024-11-12T10:14:00,-1,0.6277,0.6512,0.9125,0.805403431909456,-0.055158216293735254,-0.002875203737786214,0.12307882132206277
avaxusdt,2024-11-11T15:42:00,2024-11-12T07:18:00,-1,32.519,37.166,0.65,0.8677360774818402,-0.03470034213965744,-0.004795959913693026,0.10463222969126709
fetusdt,2024-11-11T17:24:00,2024-11-12T08:56:00,-1,1.5837,1.565,0.6472222222222223,0.8625607271587525,-0.05240410753270702,-0.0030895847566193846,0.1262356001720047
linkusdt,2024-11-12T08:55:00,2024-11-13T12:40:00,-1,15.093,13.508,1.15625,0.8061690784463061,-0.01348433202639063,-0.003428247904443099,0.08692669353678166
fetusdt,2024-11-12T09:01:00,2024-11-12T21:21:00,-1,1.569,1.3723,0.5138888888888888,0.8635872084041403,-0.05114550344252968,-0.003452654294945817,0.1272945330943803
suiusdt,2024-11-12T11:18:00,2024-11-13T00:52:00,-1,2.9774,3.1413,0.5652777777777778,0.9140625,-0.04567442534121516,-0.0010807546786187616,0.13687915140883936
avaxusdt,2024-11-12T13:15:00,2024-11-13T08:16:00,-1,33.77,32.057,0.7923611111111111,0.8657367044463818,-0.04532203138695151,-0.003699158872573452,0.10470230809099425
fetusdt,2024-11-13T11:03:00,2024-11-13T20:41:00,-1,1.324,1.2634,0.4013888888888889,0.9947273275082856,-0.07512431850471758,-0.001125024912384337,0.17197592233192327
fetusdt,2024-11-13T22:22:00,2024-11-14T17:23:00,-1,1.2727,1.3088,0.7923611111111111,0.9846953937592868,-0.04158090521630963,-0.00046704165575606194,0.15808065058948395
fetusdt,2024-11-15T00:15:00,2024-11-16T08:31:00,-1,1.2423,1.3077,1.3444444444444446,0.9428403927890957,-0.07101121598833536,-0.0012096810389968238,0.14366175376390136
suiusdt,2024-11-16T01:38:00,2024-11-16T17:32:00,1,3.7279,3.6953,0.6625,0.8141864814320064,0.01023882435934133,0.005496952949610015,0.12609074819806507
fetusdt,2024-11-16T15:10:00,2024-11-17T21:51:00,-1,1.2843,1.2488,1.2784722222222222,0.8439982666474072,-0.06361292138561647,-0.0028964948439861027,0.130384815941039
suiusdt,2024-11-16T19:33:00,2024-11-17T15:30:00,-1,3.7988,3.773,0.83125,0.9412618796198522,-0.015706793057636895,-0.0005163810665495261,0.1457847524910489
arbusdt,2024-11-16T23:15:00,2024-11-18T00:01:00,-1,0.7376,0.6723,1.0319444444444446,0.9926092544987146,-0.023474587884571553,-0.0015897134692549886,0.16118130421299984
arbusdt,2024-11-18T00:30:00,2024-11-18T23:54:00,-1,0.6805,0.7339,0.975,0.9715090795241077,-0.05736326187182317,-0.003662658576530281,0.16502278849251956
fetusdt,2024-11-18T04:23:00,2024-11-18T22:37:00,-1,1.3021,1.3668,0.7597222222222222,0.838372259636051,-0.06492625324708948,-6.184712361959055e-05,0.13043603871646917
fetusdt,2024-11-19T06:14:00,2024-11-20T16:42:00,-1,1.3192,1.2787,1.4361111111111111,0.9028878822197055,-0.04004969761433084,-0.0009037393699541096,0.13620656512130563
arbusdt,2024-11-19T12:11:00,2024-11-20T19:21:00,-1,0.7116,0.6516,1.2986111111111112,0.9422611850060459,-0.02174296362431467,-0.00022602980562055897,0.1533550499913352
linkusdt,2024-11-20T10:19:00,2024-11-21T18:59:00,-1,14.936,15.108,1.3611111111111112,0.9911924119241192,-0.03637824770108265,-0.003097807293131971,0.11293683684216312
arbusdt,2024-11-20T19:31:00,2024-11-21T13:46:00,-1,0.6531,0.8096,0.7604166666666666,0.9261127596439169,-0.07405713010419954,-0.00031339431593357947,0.15314004297174863
suiusdt,2024-11-21T02:17:00,2024-11-21T17:20:00,-1,3.5226,3.5567,0.6270833333333333,0.921875,-0.05048384277967858,-0.0009330943475414077,0.14247175703362686
fetusdt,2024-11-21T06:05:00,2024-11-22T13:26:00,-1,1.2384,1.2365,1.30625,0.9058939372626248,-0.058209616107633935,-0.0006623830631978245,0.137639128185996
suiusdt,2024-11-21T17:38:00,2024-11-22T20:05:00,-1,3.5923,3.442,1.1020833333333333,0.8107669248063952,-0.018172575515509874,-0.002945240804817506,0.12731580185635838
arbusdt,2024-11-21T17:58:00,2024-11-22T12:36:00,-1,0.7903,0.8361,0.7763888888888889,0.8642290249433107,-0.021776131519268667,-0.0035500208839351344,0.1409028528625481
arbusdt,2024-11-22T12:44:00,2024-11-23T03:27:00,-1,0.8174,0.8122,0.6131944444444445,0.800332778702163,-0.022872945423525488,-0.004432840351540096,0.1335699431909165
avaxusdt,2024-11-22T15:53:00,2024-11-23T02:29:00,1,39.352,43.807,0.44166666666666665,0.9994888832098134,0.00020261560117610923,0.009015236978840463,0.13761653627780135
avaxusdt,2024-11-23T02:42:00,2024-11-23T16:52:00,-1,43.474,42.294,0.5902777777777778,0.9736908043096968,-0.018687847905813914,-0.0003714104096637916,0.12984558446883354
linkusdt,2024-11-23T09:03:00,2024-11-24T03:30:00,-1,16.939,18.06,0.76875,0.9726775956284153,-0.007650960520717146,-0.0008362621546562643,0.10964633375038536
avaxusdt,2024-11-23T19:28:00,2024-11-24T14:36:00,-1,42.054,39.867,0.7972222222222223,0.9441039470458445,-0.02324073660235426,-0.0033355422748092,0.12768757782904006
linkusdt,2024-11-24T03:48:00,2024-11-25T02:33:00,-1,18.154,17.568,0.9479166666666666,0.936150234741784,-0.014296370158910625,-0.0029454922201640893,0.10879517940094219
fetusdt,2024-11-24T06:48:00,2024-11-24T15:59:00,-1,1.5427,1.4265,0.38263888888888886,0.8364141765114663,-0.056759101391902725,-0.0007898912876395381,0.13194096202243497
avaxusdt,2024-11-24T14:50:00,2024-11-25T09:06:00,-1,39.628,46.938,0.7611111111111111,0.8875753920386007,-0.05720665218617877,-0.0009961144708454939,0.1141316474753218
fetusdt,2024-11-24T18:53:00,2024-11-25T14:25:00,-1,1.4767,1.4798,0.8138888888888889,0.9526766004415012,-0.051309819163003235,-0.0017236142864225645,0.14786112068358093
suiusdt,2024-11-24T19:51:00,2024-11-25T22:37:00,-1,3.3719,3.1248,1.1152777777777778,0.814032532168002,-0.04340757518483415,-0.00012266586467185592,0.12738063139309455
linkusdt,2024-11-25T08:10:00,2024-11-26T04:54:00,-1,18.355,17.461,0.8638888888888889,0.8203794369645043,-0.036513269854186896,-0.0010618945939143004,0.09530737851252191
arbusdt,2024-11-25T19:46:00,2024-11-26T10:19:00,-1,0.9369,0.8672,0.60625,0.8921447919231716,-0.026403149948583796,-0.00029767181133849574,0.14483042602176377
avaxusdt,2024-11-26T00:00:00,2024-11-26T16:39:00,-1,41.299,42.17,0.69375,0.9942143022448507,-0.03463532908759028,-3.681358236057308e-05,0.14529911516956318
fetusdt,2024-11-26T06:05:00,2024-11-27T02:56:00,-1,1.4685,1.3873,0.86875,0.8929807559185934,-0.052135689943598275,-0.0020998564520482432,0.13850510173398212
suiusdt,2024-11-26T16:00:00,2024-11-27T15:12:00,-1,3.36,3.3835,0.9666666666666667,0.8143726871194938,-0.03848783472179969,-0.0006448315690895379,0.1272823691832879
avaxusdt,2024-11-26T16:49:00,2024-11-27T13:13:00,-1,42.04,43.119,0.85,0.8214774281805746,-0.046813079443889814,-0.01375948293297008,0.11186461974849302
linkusdt,2024-11-26T19:31:00,2024-11-27T23:13:00,-1,16.874,18.732,1.1541666666666666,0.8264218009478673,-0.03367876569323599,-0.0015359168598206435,0.09635601920836379
fetusdt,2024-11-27T03:20:00,2024-11-28T04:40:00,-1,1.3802,1.5022,1.0555555555555556,0.849198606271777,-0.0861062543739803,-0.007545467626431268,0.13553785007876118
avaxusdt,2024-11-27T17:42:00,2024-11-29T01:37:00,-1,43.437,42.781,1.3298611111111112,0.8703703703703703,-0.04500699484334229,-0.0031158054539921903,0.11870060048922965
linkusdt,2024-11-28T08:50:00,2024-11-30T07:51:00,-1,18.02,18.642,1.9590277777777778,0.8735234802650533,-0.009639326409773663,-1.5606456050532014e-06,0.10051748103333345
fetusdt,2024-11-28T15:24:00,2024-11-28T21:08:00,-1,1.5016,1.6951,0.2388888888888889,0.8089278264497288,-0.05099784353262294,-0.000342559522592073,0.13264223755654617
arbusdt,2024-11-29T00:34:00,2024-11-30T06:05:00,-1,0.9081,0.9727,1.229861111111111,0.8338285714285715,-0.04438132890084115,-4.59726834682872e-05,0.13782914081904268
fetusdt,2024-11-29T03:36:00,2024-11-29T19:35:00,-1,1.6156,1.6438,0.6659722222222222,0.9828884325804244,-0.031497635348903055,-0.004875265748020496,0.1600784744697181
fetusdt,2024-11-29T19:58:00,2024-11-30T10:15:00,-1,1.6416,1.8503,0.5951388888888889,0.9485473798533804,-0.06928318785947857,-0.0034195366430548324,0.15354314142054645
arbusdt,2024-11-30T22:28:00,2024-12-02T00:03:00,-1,0.9827,0.9697,1.0659722222222223,0.8003987594151528,-0.029966790521962425,-0.0005014553361447627,0.13411858028237225
linkusdt,2024-12-01T03:03:00,2024-12-02T07:28:00,-1,18.592,19.566,1.1840277777777777,0.9686800894854586,-0.0317715695887559,-0.0013344155523094953,0.11408131821731765
fetusdt,2024-12-02T00:15:00,2024-12-02T15:13:00,-1,1.8282,1.769,0.6236111111111111,0.9636290967226219,-0.06585412881163137,-0.000814231228035811,0.1571730186651605
avaxusdt,2024-12-02T03:38:00,2024-12-02T10:43:00,-1,48.977,45.868,0.2951388888888889,0.8377687885884607,-0.044741229033761515,-0.00261939793782702,0.11532664827559733
linkusdt,2024-12-02T07:37:00,2024-12-02T13:27:00,-1,19.51,20.857,0.24305555555555555,0.9811320754716981,-0.018484898786806786,-0.0013258569898358802,0.11867723503997754
arbusdt,2024-12-02T08:18:00,2024-12-02T20:36:00,-1,0.9424,1.0098,0.5125,0.8096468561584841,-0.05760109270145384,-0.0004052898475277178,0.13468177813133458
avaxusdt,2024-12-02T11:20:00,2024-12-02T19:49:00,-1,46.212,48.679,0.35347222222222224,0.9593665346947281,-0.06061902212439303,-0.0026812604633185133,0.1369893974910986
linkusdt,2024-12-02T13:35:00,2024-12-02T18:26:00,-1,20.898,23.282,0.20208333333333334,0.9850984566258648,-0.02963405093910822,-0.00045643322588137525,0.13231115424719342
fetusdt,2024-12-02T15:20:00,2024-12-03T06:48:00,-1,1.7832,1.929,0.6444444444444445,0.8703532213255721,-0.05458687975595877,-0.011454790880010862,0.1406810414432734
linkusdt,2024-12-02T18:28:00,2024-12-02T21:58:00,1,23.222,25.022,0.14583333333333334,0.9792261750194755,0.014578968055512447,0.0014665991956863134,0.13556041915837092
avaxusdt,2024-12-02T21:28:00,2024-12-03T06:58:00,1,50.022,51.168,0.3958333333333333,0.9946895424836601,0.0008508898001973508,0.003954800914289153,0.1455923507345584
linkusdt,2024-12-03T00:16:00,2024-12-03T07:59:00,-1,24.629,25.134,0.3215277777777778,0.9454910826425521,-0.023898770287472466,-8.664417536405344e-05,0.13171022065499405
avaxusdt,2024-12-03T07:00:00,2024-12-03T14:39:00,-1,51.25,49.473,0.31875,0.8826008428657435,-0.024736202477438116,-0.004889565023512149,0.1302826194524915
linkusdt,2024-12-03T08:03:00,2024-12-03T13:53:00,-1,25.055,23.331,0.24305555555555555,0.9142506142506143,-0.0359608038864637,-0.002303970469235306,0.12969174053951743
arbusdt,2024-12-03T09:38:00,2024-12-03T22:31:00,-1,1.0588,1.0375,0.5368055555555555,0.9397214716275203,-0.008984561512445075,-0.0013607160460396839,0.15342152053574526
fetusdt,2024-12-03T09:45:00,2024-12-03T19:24:00,-1,1.879,1.8595,0.40208333333333335,0.9240755310778914,-0.05712957469054232,-0.0009315656110604476,0.1507495803061784
avaxusdt,2024-12-03T14:51:00,2024-12-04T05:26:00,-1,50.21,52.835,0.6076388888888888,0.8367467506892478,-0.03590838377947148,-0.0011926307454896562,0.12190722446582467
linkusdt,2024-12-03T15:51:00,2024-12-04T05:13:00,-1,23.91,24.265,0.5569444444444445,0.9883555133079848,-0.03843417526984641,-0.001303043506503232,0.1469151641707974
arbusdt,2024-12-04T13:48:00,2024-12-04T23:03:00,-1,1.1014,1.1475,0.3854166666666667,0.9055165496489468,-0.01815664562946447,-0.004579112073255398,0.14839952898894007
avaxusdt,2024-12-04T16:01:00,2024-12-05T04:15:00,-1,55.65,51.304,0.5097222222222222,0.8032036613272311,-0.01894827030956264,-2.6103285428097367e-05,0.11917643093113246
linkusdt,2024-12-04T17:54:00,2024-12-05T10:17:00,-1,24.751,23.827,0.6826388888888889,0.8952855847688124,-0.03614767912083378,-0.0008121055765692997,0.1311917996362601
arbusdt,2024-12-05T01:54:00,2024-12-05T19:45:00,-1,1.0936,1.125,0.74375,0.8614268914151313,-0.07571512953232219,-0.0018837682441592285,0.1439052746187467
suiusdt,2024-12-05T03:08:00,2024-12-05T14:33:00,-1,3.991,4.23,0.4756944444444444,0.8013230182755914,-0.0230513181649894,-0.00048285257371216694,0.12628270801363856
fetusdt,2024-12-05T03:23:00,2024-12-05T17:39:00,-1,1.8867,2.0513,0.5944444444444444,0.8745849297573436,-0.05359596831587032,-0.00046842482323247725,0.14213816811515861
avaxusdt,2024-12-05T04:27:00,2024-12-05T22:28:00,-1,51.636,49.536,0.7506944444444444,0.8878890138732658,-0.04925797925785635,-0.004322526293431078,0.13097869055269915
suiusdt,2024-12-05T15:30:00,2024-12-06T01:43:00,-1,4.3195,4.3018,0.42569444444444443,0.8892341842397337,-0.013830638522098298,-0.003240772947301629,0.13366987479298456
arbusdt,2024-12-05T23:38:00,2024-12-06T15:45:00,-1,1.103,1.2171,0.6715277777777777,0.8015031798034303,-0.03516001856486001,-0.0023478637182753614,0.13885690940743856
fetusdt,2024-12-06T00:55:00,2024-12-06T13:39:00,-1,1.9948,2.0733,0.5305555555555556,0.9683839274467817,-0.05054670903705328,-0.00028059038985661644,0.16201730590235866
suiusdt,2024-12-06T01:52:00,2024-12-06T16:02:00,1,4.3387,4.1097,0.5902777777777778,0.8161805173362686,0.006471443950894528,0.004267285714910127,0.1273762985923405
avaxusdt,2024-12-06T13:46:00,2024-12-07T20:23:00,-1,51.083,52.338,1.2756944444444445,0.8516483516483516,-0.04837638741220102,-0.0007551305298261757,0.12651092054326435
suiusdt,2024-12-06T16:15:00,2024-12-07T19:11:00,-1,4.1321,4.2927,1.1222222222222222,0.9625790966615754,-0.0013340004817914708,-0.00381847639618349,0.15315724058311353
fetusdt,2024-12-06T18:09:00,2024-12-07T23:59:00,-1,2.1697,2.0662,1.2430555555555556,0.9737461300309598,-0.05289727266623838,-0.0007287837586301138,0.16553761099645123
arbusdt,2024-12-07T00:15:00,2024-12-08T13:34:00,-1,1.1747,1.1577,1.554861111111111,0.9356901090635578,-0.002919621642218852,-0.0023488707040446866,0.15281958771760806
linkusdt,2024-12-07T16:37:00,2024-12-08T12:29:00,-1,24.828,27.054,0.8277777777777777,0.9044009265108444,-0.022497110004931084,-0.0007185679352873509,0.13212917039899966
suiusdt,2024-12-08T03:38:00,2024-12-09T11:23:00,-1,4.3607,3.9584,1.3229166666666667,0.8843397046046916,-0.021540125669571912,-0.0008559680692332428,0.13586666377642134
fetusdt,2024-12-08T11:41:00,2024-12-09T13:29:00,-1,2.0361,1.884,1.075,0.8848938520063812,-0.06045675253472854,-0.0010269518848831094,0.14747805423365332
linkusdt,2024-12-08T14:01:00,2024-12-09T03:18:00,-1,26.819,27.305,0.5534722222222223,0.9995877138734282,-0.018167292966857568,-0.00017287371195565115,0.15846704008811024
avaxusdt,2024-12-08T18:44:00,2024-12-09T12:22:00,-1,52.524,49.737,0.7347222222222223,0.9033886085075703,-0.06129773772639284,-0.0021891556652361144,0.13346670017593149
arbusdt,2024-12-08T20:00:00,2024-12-09T15:18:00,-1,1.1512,1.0752,0.8041666666666667,0.9178869323447637,-0.07884950816574968,-0.0008768376455118021,0.15207939699397102
linkusdt,2024-12-09T03:20:00,2024-12-09T11:38:00,-1,27.185,24.777,0.3458333333333333,0.8630470016207455,-0.03235371034485099,-0.0169488630862063,0.132170837280323
linkusdt,2024-12-09T12:21:00,2024-12-09T21:09:00,-1,24.812,21.39,0.36666666666666664,0.9191979352789359,-0.03322710505836186,-0.0006985476508125366,0.137516247830167
avaxusdt,2024-12-09T12:36:00,2024-12-09T22:09:00,-1,49.532,43.852,0.39791666666666664,0.8380732314255244,-0.07167409279776044,-0.00018145507197006583,0.1268497061140097
fetusdt,2024-12-09T13:47:00,2024-12-09T22:25:00,-1,1.8917,1.635,0.3597222222222222,0.805875152998776,-0.0777488498241411,-0.00830608367130245,0.1402309265383094
arbusdt,2024-12-09T15:24:00,2024-12-09T23:06:00,-1,1.0765,0.9495,0.32083333333333336,0.9686303118730621,-0.03650083637902464,-0.005000522835016119,0.16473911714192352
linkusdt,2024-12-09T22:12:00,2024-12-10T06:52:00,-1,21.546,23.219,0.3611111111111111,0.9860329776915616,-0.10733271018903047,-0.00027441815634651756,0.16235510905410458
fetusdt,2024-12-09T22:32:00,2024-12-10T13:19:00,-1,1.6591,1.7134,0.6159722222222223,0.9562256809338522,-0.11421419392898292,-0.00025452099324330124,0.1617936103415678
avaxusdt,2024-12-09T23:56:00,2024-12-10T15:31:00,-1,45.202,43.817,0.6493055555555556,0.9984323288625675,-0.11593693987386876,-0.001763822304479079,0.16291429934159157
arbusdt,2024-12-10T00:27:00,2024-12-10T14:31:00,-1,0.9677,0.9718,0.5861111111111111,0.9487638839125762,-0.10105036267083496,-0.0009079670291336217,0.16201385257791728
linkusdt,2024-12-10T07:01:00,2024-12-10T16:52:00,-1,23.183,21.388,0.41041666666666665,0.8329205562964375,-0.04038606278328923,-0.0024577888810354276,0.13251651131433106
arbusdt,2024-12-10T15:30:00,2024-12-11T09:18:00,-1,0.9281,0.9434,0.7416666666666667,0.8097586753567024,-0.044262419174349095,-0.003385096615878158,0.14512088080671487
linkusdt,2024-12-12T04:00:00,2024-12-12T08:21:00,1,27.244,28.854,0.18125,0.8051337671728127,0.009745507046118809,0.003830456276688071,0.12976053493522122
linkusdt,2024-12-12T08:35:00,2024-12-12T15:38:00,1,29.009,28.235,0.29375,0.8208451704545454,0.016183878700178848,0.0015268815573807049,0.1324382620468829
arbusdt,2024-12-12T13:40:00,2024-12-13T06:00:00,-1,1.07,1.0549,0.6805555555555556,0.8942356742050671,-0.021039560572845596,-9.086287607831811e-05,0.1537085884385105
avaxusdt,2024-12-12T14:58:00,2024-12-13T00:46:00,-1,52.478,53.395,0.4083333333333333,0.804144385026738,-0.014613144007520545,-0.0002566298542739376,0.1260609754836166
linkusdt,2024-12-12T15:44:00,2024-12-12T22:32:00,1,28.398,28.563,0.2833333333333333,0.9740987049352468,0.003990279480417579,0.004841305802436885,0.15387064646976276
linkusdt,2024-12-12T22:39:00,2024-12-13T02:59:00,-1,28.706,30.105,0.18055555555555555,0.9924203273040483,-0.006788564856138599,-0.003936905932421381,0.1701681846103634
avaxusdt,2024-12-13T00:52:00,2024-12-13T22:27:00,1,53.196,51.684,0.8993055555555556,0.9297725024727992,0.0014631249825202814,0.012456066031514584,0.13792330200354636
linkusdt,2024-12-13T03:00:00,2024-12-13T10:24:00,1,29.87,28.221,0.30833333333333335,0.9778078942910384,0.004831548272443169,0.007428195679736932,0.16751533303761662
linkusdt,2024-12-13T10:32:00,2024-12-13T22:54:00,-1,28.279,28.473,0.5152777777777777,0.9886647774629105,-0.04212169453399256,-0.0007738760057857397,0.17473728927778415
arbusdt,2024-12-13T13:34:00,2024-12-14T13:39:00,-1,1.0459,0.984,1.0034722222222223,0.940086782376502,-0.04901871148208817,-0.001807102335734917,0.1612454862912759
suiusdt,2024-12-13T21:27:00,2024-12-15T08:31:00,-1,4.8026,4.3964,1.461111111111111,0.8371396093830733,-0.010831079011918978,-0.00014194989381077772,0.129847261926967
avaxusdt,2024-12-13T22:45:00,2024-12-15T02:05:00,-1,52.251,50.244,1.1388888888888888,0.8918918918918919,-0.03886783479317272,-0.0032919210002120003,0.13544281616217096
linkusdt,2024-12-13T22:59:00,2024-12-14T08:33:00,-1,28.357,29.958,0.39861111111111114,0.9308929743926461,-0.024786441419882888,-0.0027210966529971348,0.16050718358903807
linkusdt,2024-12-14T08:49:00,2024-12-14T15:30:00,-1,29.917,30.514,0.27847222222222223,0.9021001615508886,-0.02683131675380517,-0.0029125921324994475,0.1541365265272102
linkusdt,2024-12-14T16:27:00,2024-12-15T01:03:00,-1,30.028,28.753,0.35833333333333334,0.9651070578905631,-0.020455635403475725,-0.0019874269040778825,0.16856125662936383
linkusdt,2024-12-15T01:16:00,2024-12-15T13:03:00,-1,28.876,28.447,0.4909722222222222,0.8930581613508443,-0.01880662721281525,-0.004032494946675763,0.15870352560082635
avaxusdt,2024-12-15T02:12:00,2024-12-16T02:30:00,-1,50.779,50.097,1.0125,0.8709521507974867,-0.040904727890592574,-0.0074875532583849325,0.13365558873365377
suiusdt,2024-12-15T12:47:00,2024-12-16T09:03:00,-1,4.4839,4.806,0.8444444444444444,0.8450879007238883,-0.025277223022176883,-0.00021794856184850775,0.13078221826939773
linkusdt,2024-12-15T13:17:00,2024-12-16T01:28:00,-1,28.288,29.296,0.5076388888888889,0.8046561825470243,-0.012352812084774442,-0.010821763140315438,0.14255697803095382
avaxusdt,2024-12-16T06:44:00,2024-12-17T07:35:00,-1,50.287,49.122,1.0354166666666667,0.9961795606494747,-0.04438427661760022,-0.0013713769875171034,0.16713599830092854
linkusdt,2024-12-16T06:47:00,2024-12-16T13:08:00,-1,29.076,29.669,0.26458333333333334,0.8345944309927361,-0.016050504821382917,-0.0007350240779501194,0.14736940379877922
arbusdt,2024-12-16T09:53:00,2024-12-17T10:04:00,-1,0.9908,0.9993,1.007638888888889,0.8360523340332741,-0.04401825660762704,-0.002789907777728362,0.148579059642288
suiusdt,2024-12-16T10:28:00,2024-12-17T13:47:00,-1,4.7212,4.7984,1.1381944444444445,0.9045510708401977,-0.01691624894198481,-0.002132258670504983,0.1407093879563635
linkusdt,2024-12-16T13:25:00,2024-12-16T20:55:00,-1,29.951,29.555,0.3125,0.9794306155909972,-0.008547683458550236,-0.0025946641283604854,0.1745148530930157
linkusdt,2024-12-17T02:47:00,2024-12-17T16:59:00,-1,28.611,27.967,0.5916666666666667,0.8242946937582225,-0.026359487861132496,-0.0005361389956318185,0.14863288941340438
avaxusdt,2024-12-18T13:20:00,2024-12-19T02:25:00,-1,46.725,40.591,0.5451388888888888,0.9211676553231346,-0.056789233187174215,-7.989864299615124e-05,0.14038271513036515
linkusdt,2024-12-18T17:54:00,2024-12-19T01:53:00,-1,27.721,24.638,0.3326388888888889,0.8017533936651584,-0.03032386617588637,-0.00452185646460565,0.14668908667273667
linkusdt,2024-12-21T14:22:00,2024-12-22T14:25:00,-1,22.876,21.955,1.0020833333333334,0.8680282796543598,-0.03447997248390226,-0.00034948326455305767,0.15293188287575954
suiusdt,2024-12-21T17:07:00,2024-12-22T08:56:00,-1,4.5659,4.4831,0.6590277777777778,0.9309587947720244,-0.02052435123850991,-0.000898892002471785,0.1447059114056867
suiusdt,2024-12-22T12:37:00,2024-12-23T04:39:00,-1,4.4872,4.3664,0.6680555555555555,0.8833665338645418,-0.010661547414087189,-0.0017727552248421319,0.13866774788777847
suiusdt,2024-12-23T04:53:00,2024-12-23T23:02:00,-1,4.3503,4.696,0.75625,0.8649559100366591,-0.02082508945070678,-0.0053568410935280475,0.1368045829065209
linkusdt,2024-12-24T04:30:00,2024-12-24T22:23:00,1,24.201,25.886,0.7451388888888889,0.866133739373176,0.0013107398817494317,0.010920778213295429,0.15274593384967486
suiusdt,2024-12-24T13:24:00,2024-12-25T16:59:00,1,4.5718,4.5375,1.1493055555555556,0.8118694362017804,0.0023193831551415484,0.006066701545104497,0.13085635489722267
linkusdt,2024-12-25T00:27:00,2024-12-26T05:05:00,-1,25.193,23.782,1.1930555555555555,0.8089195979899497,-0.002637759662236765,-0.003966274576108181,0.14711004573391542
linkusdt,2024-12-27T07:05:00,2024-12-28T08:19:00,-1,22.973,21.133,1.051388888888889,0.8910756281718034,-0.04740975338330525,-0.001485340486318626,0.15670068124674663
suiusdt,2024-12-27T16:08:00,2024-12-29T09:36:00,-1,4.0998,4.2364,1.7277777777777779,0.8373767258382643,-0.03945721005890344,-0.0020766669240127877,0.1336567808809883
suiusdt,2024-12-29T11:03:00,2024-12-30T21:20:00,-1,4.1956,4.2631,1.4284722222222221,0.8042810425131305,-0.017932296738347085,-0.00426891842461094,0.13154543000061725
linkusdt,2025-01-02T16:33:00,2025-01-03T20:48:00,-1,22.317,23.567,1.1770833333333333,0.8039519104868468,-0.025740866679316108,-0.0014380010844029234,0.14656590490176583
suiusdt,2025-01-04T02:37:00,2025-01-04T14:25:00,1,4.8969,5.2837,0.49166666666666664,0.8023292086929396,0.004494114836661716,0.020010698201088223,0.13124706137188583
suiusdt,2025-01-04T15:43:00,2025-01-05T11:34:00,1,5.1443,5.1764,0.8270833333333333,0.94202599546111,0.002938202331428935,0.0007902714179213732,0.1501239301743316
arbusdt,2025-01-05T03:25:00,2025-01-06T11:38:00,-1,0.8836,0.9498,1.3423611111111111,0.805965784471414,-0.031602731889333456,-0.0032086413270652203,0.14520035426874614
suiusdt,2025-01-07T16:00:00,2025-01-08T09:31:00,-1,4.8613,4.6058,0.7298611111111111,0.871671713480213,-0.03655387622375354,-0.0018274020447586192,0.1419518855410309
fetusdt,2025-01-08T01:00:00,2025-01-09T08:25:00,-1,1.4228,1.2906,1.3090277777777777,0.8510808646917534,-0.06225272662954692,-0.0008601111808789474,0.14552420675040706
suiusdt,2025-01-08T09:51:00,2025-01-09T02:15:00,-1,4.5724,4.8245,0.6833333333333333,0.8243861839367458,-0.05628170342995501,-0.0016157148787328823,0.13791960416229807
arbusdt,2025-01-08T17:51:00,2025-01-10T14:25:00,-1,0.7743,0.7586,1.8569444444444445,0.8938078291814947,-0.053374033944729025,-0.0028003428234187056,0.15299409801369443
suiusdt,2025-01-09T03:21:00,2025-01-09T20:21:00,1,4.7972,4.6327,0.7083333333333334,0.8178897180762852,0.0006482877839257958,0.008217696459700441,0.13694421873767357
suiusdt,2025-01-10T03:04:00,2025-01-10T16:24:00,1,4.8284,4.9647,0.5555555555555556,0.8259608411892676,0.004199887069246956,0.0014576689225224981,0.1384875154222947
suiusdt,2025-01-10T17:18:00,2025-01-11T20:38:00,-1,4.9417,4.9644,1.1388888888888888,0.8092084842214174,-0.005115171193392435,-0.0038530030230035373,0.13769391393120523
suiusdt,2025-01-11T20:50:00,2025-01-13T05:26:00,1,5.0102,4.5751,1.3583333333333334,0.9680332122470161,0.0013555288472497052,0.012253598848510794,0.1569314999131597
suiusdt,2025-01-13T05:39:00,2025-01-13T16:49:00,-1,4.5657,4.5194,0.4652777777777778,0.870900355128473,-0.03547823623046217,-0.0024085934939361564,0.1435716318131276
suiusdt,2025-01-13T18:35:00,2025-01-14T16:45:00,-1,4.4612,4.561,0.9236111111111112,0.9798433420365535,-0.014593148052467888,-0.0002429409414697603,0.1612022261794829
suiusdt,2025-01-16T03:36:00,2025-01-16T21:22:00,-1,4.6922,4.8864,0.7402777777777778,0.8156825991877539,-0.00602680651530266,-0.0029612608183824662,0.14116890787257166
avaxusdt,2025-01-16T13:16:00,2025-01-18T04:04:00,1,39.744,40.742,1.6166666666666667,0.8117957991375713,0.012997251924665117,0.016449286927722684,0.13061545246875006
linkusdt,2025-01-16T17:26:00,2025-01-17T15:57:00,1,23.617,24.371,0.9381944444444444,0.8133810453263934,0.000493929347920604,0.004729466951037126,0.14604664212199597
suiusdt,2025-01-17T15:12:00,2025-01-18T12:28:00,-1,4.9417,4.67,0.8861111111111111,0.8711074448339864,-0.0023201631530850404,-0.0012772314198556123,0.14546698599786134
linkusdt,2025-01-18T19:59:00,2025-01-19T14:23:00,-1,23.968,24.274,0.7666666666666667,0.9175760144083059,-0.044047884785279816,-0.0009153627403199194,0.15982492542125487
suiusdt,2025-01-19T09:32:00,2025-01-19T23:39:00,-1,4.7448,4.4213,0.5881944444444445,0.8081188320276732,-0.034068962066386,-0.0015400089814396056,0.14107070460702478
linkusdt,2025-01-20T14:19:00,2025-01-20T23:47:00,-1,26.255,25.095,0.39444444444444443,0.8971724979658259,-0.03781067770606051,-0.001005377076738312,0.15522052016980492
linkusdt,2025-01-21T01:28:00,2025-01-21T13:38:00,-1,24.228,25.804,0.5069444444444444,0.8209000302023558,-0.04135269153924859,-0.0005002238210933541,0.14748453655445362
linkusdt,2025-01-21T18:34:00,2025-01-22T16:02:00,1,26.876,25.352,0.8944444444444445,0.8155484770057735,0.01051241571620946,0.00516004685527871,0.1470488592654022
linkusdt,2025-01-23T20:27:00,2025-01-24T22:34:00,-1,25.573,25.375,1.0881944444444445,0.8246524378304289,-0.024236289609443094,-0.00034450553642503823,0.147778523222578
suiusdt,2025-01-24T04:34:00,2025-01-25T21:33:00,-1,4.2733,4.1359,1.707638888888889,0.8476162038419429,-0.02437082120869682,-2.9409793252249683e-05,0.14291684629015258
suiusdt,2025-01-25T21:53:00,2025-01-27T06:54:00,-1,4.1489,3.637,1.3756944444444446,0.8063268544228481,-0.03449395703888494,-0.008511518345472091,0.14090801322625227
suiusdt,2025-01-27T09:36:00,2025-01-28T12:20:00,-1,3.5497,3.8449,1.113888888888889,0.99147332936744,-0.09377086053620966,-0.003015633339660956,0.17051215178846252
linkusdt,2025-01-27T11:41:00,2025-01-28T07:53:00,-1,22.502,24.122,0.8416666666666667,0.8123079877112135,-0.02412642830339537,-0.0017135950930645683,0.14695497715214592
arbusdt,2025-02-02T07:13:00,2025-02-03T01:57:00,-1,0.5731,0.4073,0.7805555555555556,0.9166995138615163,-0.0548314156958283,-0.0005412564918379215,0.15486974011848328
linkusdt,2025-03-15T00:24:00,2025-03-17T00:05:00,-1,13.719,13.387,1.9868055555555555,0.9864661654135338,-0.03229463435752315,-0.0002685685092898571,0.16296733854457432
avaxusdt,2025-03-15T08:44:00,2025-03-17T10:15:00,1,18.57,18.533,2.0631944444444446,0.9447412046417388,0.0036958648428437814,0.0448306799890537,0.13074584340986045
suiusdt,2025-03-27T16:42:00,2025-03-28T15:17:00,1,2.7474,2.5614,0.9409722222222222,0.8077080212447229,0.014863070558786974,0.009969801271031753,0.13760869391905062
suiusdt,2025-03-28T16:26:00,2025-03-30T03:45:00,-1,2.5336,2.3952,1.4715277777777778,0.9937694704049844,-0.0334230502432539,-0.001000367441532507,0.16804282749936317
suiusdt,2025-03-30T03:55:00,2025-03-31T14:29:00,-1,2.3859,2.2578,1.4402777777777778,0.8001079039654707,-0.02799154962662347,-0.000990211761516091,0.13849672250809714
avaxusdt,2025-04-15T03:11:00,2025-04-17T20:47:00,-1,19.946,19.148,2.7333333333333334,0.9762052555348645,-0.012614254960762636,-0.0005645959251623089,0.13633134092975327
avaxusdt,2025-04-17T22:22:00,2025-04-21T13:04:00,-1,19.108,20.431,3.6125,0.9013490725126475,-0.016892340962492335,-0.0029619848479618544,0.11780709110251149
fetusdt,2025-04-21T17:37:00,2025-04-23T16:17:00,-1,0.5968,0.6166,1.9444444444444444,0.800138552130239,-0.011585813482486683,-0.0023933869127806956,0.09966562125134386
avaxusdt,2025-04-22T12:41:00,2025-04-23T21:42:00,-1,20.422,22.256,1.3756944444444446,0.9520745506989128,-0.024966803618449274,-0.0002861279240871095,0.13318822628537988
suiusdt,2025-04-23T00:24:00,2025-04-23T13:56:00,1,2.7371,2.9616,0.5638888888888889,0.8243284964495214,0.021769117706235817,0.01835784732464095,0.12408277802378208
suiusdt,2025-04-23T14:20:00,2025-04-24T02:47:00,1,2.9707,3.0135,0.51875,0.8032336790726052,0.014297035083178998,0.004385652709946855,0.1225970549606747
fetusdt,2025-04-23T21:25:00,2025-04-25T12:42:00,-1,0.6201,0.703,1.6368055555555556,0.9309740714786265,-0.025396971429472247,-0.00016033304368943957,0.11480771857858342
avaxusdt,2025-04-24T00:23:00,2025-04-26T08:44:00,1,22.313,22.573,2.347916666666667,0.8066298342541437,0.016540015639716552,0.0077274032506146895,0.10633435796162019
suiusdt,2025-04-24T02:54:00,2025-04-24T14:46:00,-1,2.9999,3.1456,0.49444444444444446,0.9373768006065201,-0.007237486225959188,-0.005577762461024427,0.144544800910578
suiusdt,2025-04-24T15:16:00,2025-04-25T01:11:00,1,3.2945,3.4056,0.4131944444444444,0.8107014388489209,0.01176196720788874,0.007094189738203346,0.12339044586927081
suiusdt,2025-04-25T05:26:00,2025-04-25T11:50:00,1,3.4342,3.703,0.26666666666666666,0.8305510415127788,0.001244321680790369,0.0012252986926568205,0.12520605850934902
suiusdt,2025-04-25T11:54:00,2025-04-25T18:26:00,1,3.708,3.5981,0.2722222222222222,0.8947368421052632,0.013504191010068724,0.008821083214524461,0.13052878614421737
suiusdt,2025-04-25T18:32:00,2025-04-26T12:33:00,-1,3.6182,3.4246,0.7506944444444444,0.9041588717801122,-0.016421876545007732,-0.0034973015881623604,0.13259516362523294
linkusdt,2025-04-26T03:40:00,2025-04-28T11:08:00,-1,15.104,14.962,2.311111111111111,0.8055340856392024,-0.013737201388291442,-0.0010222189633733725,0.11483527851225142
fetusdt,2025-04-26T07:21:00,2025-04-28T09:10:00,-1,0.7751,0.7267,2.0756944444444443,0.8051948051948052,-0.006067260820642496,-4.655219506194408e-05,0.10157078942539818
suiusdt,2025-04-26T13:40:00,2025-04-27T08:31:00,-1,3.4339,3.6373,0.7854166666666667,0.8904694167852063,-0.03810266080788585,-0.0011097073294824011,0.1309839754584022
suiusdt,2025-04-27T10:07:00,2025-04-28T06:09:00,-1,3.5863,3.6059,0.8347222222222223,0.8127133105802048,-0.00032885853993603107,-0.012693367340977507,0.1251343547176026
suiusdt,2025-04-28T09:24:00,2025-04-28T17:28:00,1,3.7602,3.5456,0.33611111111111114,0.9548861547164474,0.0008933857369578504,0.0009321500216012968,0.1420280997313508
suiusdt,2025-04-28T17:45:00,2025-04-29T12:47:00,1,3.5886,3.5105,0.7930555555555555,0.9988804925832634,0.00015131050428562054,0.01113327914240067,0.17984181015771467
arbusdt,2025-04-28T22:39:00,2025-05-04T22:29:00,-1,0.3362,0.3116,5.993055555555555,0.8266860043509789,-0.03720104101038607,-0.0007021146830786529,0.10993536761676519
fetusdt,2025-04-29T00:03:00,2025-05-01T14:53:00,-1,0.7148,0.7565,2.6180555555555554,0.9910897875257025,-0.027040679784825872,-0.0016920569936184071,0.12913888716826513
suiusdt,2025-04-29T13:01:00,2025-04-30T13:08:00,-1,3.5099,3.4168,1.0048611111111112,0.9504716981132075,-0.043835553391380525,-0.011355122148696467,0.15003642520219623
avaxusdt,2025-04-30T14:38:00,2025-05-03T02:53:00,-1,20.773,21.1,2.5104166666666665,0.8357174787662047,-0.03453237916247129,-0.00011561304763670066,0.1081952280798517
suiusdt,2025-04-30T20:15:00,2025-05-01T15:26:00,-1,3.4838,3.7237,0.7993055555555556,0.8893034825870647,-0.015983084377501643,-0.0002722416388313831,0.13537349321118072
fetusdt,2025-05-01T15:23:00,2025-05-05T15:05:00,-1,0.757,0.655,3.9875,0.8522099447513812,-0.04126476622623766,-0.006499293042358842,0.10542572712998673
suiusdt,2025-05-01T19:07:00,2025-05-02T18:19:00,-1,3.6627,3.4517,0.9666666666666667,0.9282967032967033,-0.017646877830842015,-0.0023197525388988227,0.1446138395574526
suiusdt,2025-05-02T19:01:00,2025-05-04T01:46:00,-1,3.4467,3.2494,1.28125,0.8856909016505252,-0.011593084444201419,-0.006744052166544473,0.13896264837990538
suiusdt,2025-05-04T06:26:00,2025-05-05T08:29:00,-1,3.1582,3.4316,1.0854166666666667,0.8943652222068392,-0.05617150074326847,-0.0029334278553804494,0.1412166386102923
arbusdt,2025-05-05T06:29:00,2025-05-09T00:48:00,-1,0.3166,0.3647,3.7631944444444443,0.8287474332648871,-0.03180947698294908,-0.0004897250386904639,0.1080169908939402
suiusdt,2025-05-05T08:34:00,2025-05-06T01:05:00,1,3.4416,3.3699,0.6881944444444444,0.8332633347333054,0.03748211671591291,0.0075522442703244985,0.13449567270966956
fetusdt,2025-05-05T15:44:00,2025-05-08T14:20:00,-1,0.6458,0.7264,2.941666666666667,0.8897058823529411,-0.040338636980797996,-0.0026116338212169576,0.10795779247863882
suiusdt,2025-05-06T01:42:00,2025-05-06T20:33:00,-1,3.3598,3.1952,0.7854166666666667,0.950976260710774,-0.016206921139521286,-0.0009108098887496696,0.1514319747250718
linkusdt,2025-05-06T17:49:00,2025-05-08T14:18:00,-1,13.416,14.828,1.8534722222222222,0.9184772849703717,-0.04125323490336439,-0.0005801174438969103,0.11688647588878912
suiusdt,2025-05-06T20:34:00,2025-05-07T16:07:00,-1,3.1705,3.2919,0.8145833333333333,0.8376677852348994,-0.036108195471778896,-0.008653381217551659,0.1380231028774539
avaxusdt,2025-05-07T01:30:00,2025-05-08T21:33:00,1,20.188,22.066,1.8354166666666667,0.9351656095842142,0.00024839719313264033,0.003171531135132216,0.1253691129030689
suiusdt,2025-05-08T03:01:00,2025-05-08T15:24:00,1,3.5256,3.8056,0.5159722222222223,0.8001666435217331,0.010656954591186065,0.014617973333368756,0.13417401980553428
suiusdt,2025-05-08T20:58:00,2025-05-09T08:39:00,1,3.9749,3.9803,0.48680555555555555,0.8492586490939045,0.009074465018099715,0.001908300537971891,0.1411380670219042
avaxusdt,2025-05-08T22:11:00,2025-05-10T05:13:00,-1,21.665,23.536,1.2930555555555556,0.8693101830126702,-0.0029420283984370223,-0.001368744520485951,0.11428580182634411
linkusdt,2025-05-09T01:17:00,2025-05-10T00:54:00,1,15.9,15.912,0.9840277777777777,0.801953336950624,0.025574943681146718,0.015000982416069661,0.10868679153606152
suiusdt,2025-05-09T08:46:00,2025-05-10T00:49:00,-1,3.958,3.9061,0.66875,0.904107725788901,-0.016942751826058786,-0.0021898486111004423,0.14830422071363963
suiusdt,2025-05-10T01:01:00,2025-05-10T18:37:00,1,3.9065,3.9678,0.7333333333333333,0.9193635382955772,0.0004030977237435959,0.000578252115890826,0.1509855346029371
arbusdt,2025-05-10T04:06:00,2025-05-11T00:15:00,-1,0.3788,0.4765,0.8395833333333333,0.9694688414889168,-0.001306770127994714,-0.003637650466954384,0.11760140914524263
avaxusdt,2025-05-10T12:22:00,2025-05-12T01:57:00,1,24.329,24.693,1.5659722222222223,0.804147465437788,0.004139815185603116,0.005163478662388699,0.10876912109707484
suiusdt,2025-05-10T18:55:00,2025-05-11T08:30:00,-1,3.9922,3.9487,0.5659722222222222,0.8156275086968157,-0.013815905300954827,-0.004187462122366342,0.1402849016141062
arbusdt,2025-05-11T00:17:00,2025-05-12T04:47:00,-1,0.4709,0.4586,1.1875,0.9425566343042071,-0.005220088515907845,-2.419753283565418e-05,0.11619474194402592
fetusdt,2025-05-11T00:28:00,2025-05-13T03:27:00,-1,0.8829,0.7949,2.1243055555555554,0.8167802079598422,-0.038926083763478815,-0.0022416041048796687,0.10269216566249527
suiusdt,2025-05-11T09:12:00,2025-05-12T05:33:00,-1,3.9666,4.085,0.8479166666666667,0.9685710480756425,-0.02167004866135277,-0.00019904630525102718,0.16033038708453154
linkusdt,2025-05-12T04:06:00,2025-05-13T01:17:00,-1,17.088,16.444,0.8826388888888889,0.8106519415746348,-0.05166369007497302,-0.0010990796161601535,0.10950684516836583
avaxusdt,2025-05-12T04:28:00,2025-05-13T08:06:00,-1,25.034,24.434,1.1513888888888888,0.8017832647462277,-0.02130482855279026,-0.0028512420142370876,0.10932626064786302
suiusdt,2025-05-12T05:37:00,2025-05-12T15:17:00,-1,4.0965,3.9411,0.4027777777777778,0.8739395546129375,-0.04196294367420381,-0.006795718778928872,0.14888889099366012
arbusdt,2025-05-12T08:02:00,2025-05-13T18:36:00,-1,0.4615,0.4475,1.4402777777777778,0.9874804381846636,-0.0012149820124197196,-0.0005727954108521727,0.1265278933864025
suiusdt,2025-05-12T15:21:00,2025-05-13T12:09:00,-1,3.9623,3.9487,0.8666666666666667,0.8673160458075556,-0.032183771536223045,-0.0015356906120162495,0.14936602904576024
fetusdt,2025-05-13T07:44:00,2025-05-15T09:55:00,-1,0.8118,0.7824,2.0909722222222222,0.8014209591474245,-0.03528170978251671,-0.00319030483355226,0.10347411552066528
suiusdt,2025-05-13T17:10:00,2025-05-14T17:24:00,-1,4.0046,3.879,1.0097222222222222,0.8065362908518178,-0.014057314475768657,-0.0006601036547766725,0.14367232094902746
avaxusdt,2025-05-13T17:20:00,2025-05-15T06:32:00,-1,25.291,24.21,1.55,0.9200180750112968,-0.031607775997709885,-0.0022115895516222617,0.12299559089421369
arbusdt,2025-05-13T18:55:00,2025-05-15T18:20:00,-1,0.4492,0.4104,1.9756944444444444,0.9727551803530314,-0.021125382496875802,-0.005540970838852716,0.12823947453590187
fetusdt,2025-05-15T13:34:00,2025-05-18T09:42:00,-1,0.7848,0.7676,2.838888888888889,0.9352796341892368,-0.0433708913182131,-0.0005889046347691551,0.11453612078649521
suiusdt,2025-05-15T13:51:00,2025-05-16T11:40:00,-1,3.6923,3.9188,0.9090277777777778,0.9746736292428199,-0.1018261955785373,-0.002172367794420843,0.1650365770909085
linkusdt,2025-05-15T14:40:00,2025-05-17T02:23:00,-1,15.918,15.345,1.4881944444444444,0.9118423367939469,-0.020406977976046403,-0.0005001007405522756,0.11731806440512099
avaxusdt,2025-05-16T01:02:00,2025-05-18T09:03:00,-1,23.407,23.268,2.3340277777777776,0.9933422103861518,-0.061822623311896835,-0.0022659414155670743,0.1564422299879383
linkusdt,2025-05-17T13:40:00,2025-05-19T01:11:00,-1,15.175,15.375,1.479861111111111,0.9570702645873489,-0.0558389312009647,-0.0015586238991757984,0.1267647912260674
avaxusdt,2025-05-18T09:40:00,2025-05-20T03:55:00,-1,23.08,22.366,1.7604166666666667,0.9098504837291117,-0.04284363229796048,-0.00679483450864668,0.12831199672810525
suiusdt,2025-05-18T18:54:00,2025-05-19T16:08:00,1,3.7996,3.7274,0.8847222222222222,0.8056518946692357,0.0038050974156759666,0.027996452202587285,0.1447643292004516
linkusdt,2025-05-19T02:00:00,2025-05-20T13:47:00,-1,15.404,15.437,1.4909722222222221,0.8274111675126904,-0.027568562510665896,-0.0005205838566248455,0.11307585336142523
suiusdt,2025-05-19T16:20:00,2025-05-20T18:46:00,-1,3.7457,3.838,1.101388888888889,0.8336952356622812,-0.0696245264283331,-0.0013287329335969211,0.14828456302844648
suiusdt,2025-05-21T04:55:00,2025-05-21T22:55:00,1,3.8793,3.91,0.75,0.8093543467208948,0.0017297779575463806,0.003019100491740312,0.14673721183121954
fetusdt,2025-05-21T10:48:00,2025-05-22T21:12:00,-1,0.7723,0.8761,1.4333333333333333,0.9106836138783923,-0.03410636118960041,-0.0008742461563376741,0.11171966317257125
suiusdt,2025-05-22T13:37:00,2025-05-23T02:19:00,-1,3.8111,3.9092,0.5291666666666667,0.9902960935556109,-0.03697056311909505,-0.00022441803137679406,0.1770756310865483
fetusdt,2025-05-23T12:06:00,2025-05-24T20:31:00,-1,0.8958,0.8638,1.3506944444444444,0.9598806366047745,-0.026858797189148922,-0.0004705258790221739,0.12452667883376894
fetusdt,2025-05-24T21:09:00,2025-05-26T15:59:00,-1,0.8532,0.9186,1.7847222222222223,0.9245466321243523,-0.03460641478785334,-0.0028719564121408026,0.12232113880424539
fetusdt,2025-05-27T03:24:00,2025-05-28T22:36:00,-1,0.8846,0.8974,1.8,0.9881637875879719,-0.01693090642530631,-0.0028708939347184548,0.13529185738161797
fetusdt,2025-05-28T23:05:00,2025-05-31T00:05:00,-1,0.9071,0.7422,2.0416666666666665,0.9073957016434893,-0.027878550852884557,-0.0037330667214396374,0.1265560012014909
arbusdt,2025-05-29T17:45:00,2025-05-31T14:14:00,-1,0.4087,0.3399,1.8534722222222222,0.8922044013427826,-0.009698757166473053,-0.0011235708533964411,0.1191806519826643
linkusdt,2025-05-30T09:30:00,2025-06-01T08:33:00,-1,14.422,13.822,1.9604166666666667,0.8760904397365141,-0.051068662515772745,-0.0003833088295854131,0.11650583744815286
avaxusdt,2025-05-30T12:23:00,2025-06-02T03:17:00,-1,21.44,20.495,2.620833333333333,0.8206462806332683,-0.0430196059665211,-0.00151976391817496,0.11677413815837862
fetusdt,2025-05-31T14:27:00,2025-06-03T15:09:00,-1,0.757,0.8157,3.029166666666667,0.938642702200186,-0.06813647069251774,-0.0006249330769558803,0.13179532081238843
arbusdt,2025-05-31T14:51:00,2025-06-04T03:01:00,-1,0.3402,0.3629,3.5069444444444446,0.9599271402550091,-0.06584760444066212,-0.0036708228678715427,0.132209726897758
linkusdt,2025-06-10T11:27:00,2025-06-11T12:31:00,1,14.914,15.276,1.0444444444444445,0.8864724660814046,0.0007992722221557759,0.0061045324835580644,0.1163791195292116
arbusdt,2025-06-10T22:08:00,2025-06-12T20:00:00,-1,0.4102,0.3744,1.9111111111111112,0.807868601986249,-0.02938059737672981,-0.000952383376612409,0.11652460515774105
linkusdt,2025-06-11T12:39:00,2025-06-12T20:14:00,-1,15.287,14.109,1.3159722222222223,0.9599365331217771,-0.006480335933383947,-0.004867288578668527,0.13699253380853016
arbusdt,2025-06-12T20:56:00,2025-06-15T02:14:00,-1,0.3659,0.3345,2.220833333333333,0.8614637789395071,-0.036473449264043147,-0.000846003221822475,0.1227245607931505
linkusdt,2025-06-13T00:01:00,2025-06-14T16:32:00,-1,13.921,12.937,1.6881944444444446,0.9578482537133681,-0.029313913733493915,-2.9331323684406163e-05,0.1305844584660089
fetusdt,2025-06-13T04:19:00,2025-06-16T11:07:00,-1,0.6605,0.7242,3.283333333333333,0.9302684356680037,-0.06289833971556073,-0.0022244397743410305,0.1317722206234451
avaxusdt,2025-06-13T08:37:00,2025-06-16T07:13:00,-1,19.303,19.763,2.941666666666667,0.8795016987542469,-0.06519210168036897,-4.2321218091626034e-05,0.1246360774596397
linkusdt,2025-06-16T23:50:00,2025-06-18T19:05:00,-1,13.609,12.778,1.8020833333333333,0.8089594214543994,-0.008407938477035732,-0.0007474411075200499,0.11341793119699999
avaxusdt,2025-06-21T21:32:00,2025-06-23T15:54:00,-1,16.486,16.746,1.7652777777777777,0.8155273879583522,-0.03962764282279746,-0.00021510229441513984,0.11655275345339187
arbusdt,2025-06-25T13:24:00,2025-06-27T19:04:00,-1,0.3176,0.3042,2.236111111111111,0.8795341098169717,-0.004416813653319445,-0.0006746058434969893,0.12312739887063978
arbusdt,2025-06-30T00:13:00,2025-06-30T14:47:00,-1,0.3644,0.35,0.6069444444444444,0.9604805564337654,-0.0023661368724385936,-0.00033102096523607294,0.13280748110991294
arbusdt,2025-06-30T15:28:00,2025-07-01T13:04:00,-1,0.3452,0.3277,0.9,0.988671157379057,-0.025822678602648953,-0.003730178768817871,0.15659582864909882
arbusdt,2025-07-01T13:37:00,2025-07-02T15:49:00,-1,0.3267,0.3435,1.0916666666666666,0.9913484486873508,-0.0056934267592143395,-0.0007240833962478821,0.1745838280810039
linkusdt,2025-07-04T09:44:00,2025-07-07T12:19:00,1,13.32,13.491,3.107638888888889,0.802,0.010829501114748157,0.006355171639618129,0.1128344921739836
arbusdt,2025-07-04T14:51:00,2025-07-07T09:48:00,-1,0.3251,0.3349,2.7895833333333333,0.9292010235996588,-0.05317833035722339,-0.0017415683033470963,0.14463153261610626
linkusdt,2025-07-07T17:07:00,2025-07-09T18:07:00,-1,13.394,13.997,2.0416666666666665,0.8147459727385378,-0.03809945656308331,-0.0014686895151949236,0.11413806404006528
linkusdt,2025-07-09T19:46:00,2025-07-11T04:44:00,1,14.223,15.376,1.3736111111111111,0.8483134297087785,0.01865246155256101,0.01506616199479796,0.1152283667564247
linkusdt,2025-07-11T05:05:00,2025-07-12T13:28:00,-1,15.464,14.97,1.3493055555555555,0.9394065158746628,-0.0020142196037777915,-0.012571277163959865,0.12672497538056596
linkusdt,2025-07-12T15:04:00,2025-07-14T11:00:00,-1,14.923,16.262,1.8305555555555555,0.9282778462803124,-0.03731255595524187,-0.0003753016863816405,0.126774826231219
linkusdt,2025-07-15T11:23:00,2025-07-16T15:29:00,-1,15.313,16.662,1.1708333333333334,0.8323805634953042,-0.025638530413539248,-0.0002684492625987661,0.11651741682208965
arbusdt,2025-07-16T14:56:00,2025-07-17T13:31:00,-1,0.4501,0.4487,0.9409722222222222,0.8982402448355011,-0.007965685156724614,-0.00019546284691471238,0.13844099428604562
linkusdt,2025-07-17T05:19:00,2025-07-18T00:06:00,-1,16.542,18.021,0.7826388888888889,0.8748490945674045,-0.03151954767870417,-0.0005402152905661789,0.11982664357652226
avaxusdt,2025-07-17T11:29:00,2025-07-18T08:58:00,-1,22.947,24.377,0.8951388888888889,0.8923683600092785,-0.04616019064904941,-0.001579870538348918,0.12107103137494932
linkusdt,2025-07-18T00:10:00,2025-07-18T14:47:00,1,17.94,18.208,0.6090277777777777,0.9750544446644229,0.00013060905752473442,0.00440772431237596,0.138083064599282
suiusdt,2025-07-18T04:59:00,2025-07-18T16:43:00,1,4.1968,3.8897,0.4888888888888889,0.8241206030150754,0.0001382722144690715,0.020153755990465344,0.1469797816354608
avaxusdt,2025-07-18T12:46:00,2025-07-19T20:18:00,-1,24.326,25.024,1.3138888888888889,0.8045898659395592,-0.00316218661182284,-0.0011066421194555337,0.11574166174766382
suiusdt,2025-07-18T16:59:00,2025-07-19T21:31:00,-1,3.8787,3.7941,1.1888888888888889,0.9759706439393939,-0.08852718229422939,-0.006341797546434019,0.16873824234029008
arbusdt,2025-07-18T19:02:00,2025-07-20T01:53:00,-1,0.4595,0.4612,1.2854166666666667,0.814227349194905,-0.036963934485522446,-0.0005202174895416467,0.12790866675025944
linkusdt,2025-07-18T19:37:00,2025-07-20T05:03:00,-1,17.819,18.646,1.3930555555555555,0.9417927823050058,-0.04780392867867523,-0.0010191099748602384,0.1328376840845489
fetusdt,2025-07-19T00:59:00,2025-07-21T13:32:00,-1,0.7439,0.8488,2.5229166666666667,0.8011137629276054,-0.02962816667095902,-0.002234894555237593,0.11928030487022175
suiusdt,2025-07-19T22:09:00,2025-07-21T02:15:00,-1,3.8065,3.9324,1.1708333333333334,0.8981677237491191,-0.03487270904646861,-0.009705507279578446,0.1543455967809684
arbusdt,2025-07-20T02:28:00,2025-07-21T03:02:00,-1,0.4587,0.4872,1.023611111111111,0.8154607588970069,-0.038812913676844696,-0.007419142415411861,0.13004648879192132
avaxusdt,2025-07-20T03:33:00,2025-07-21T09:58:00,-1,24.663,25.668,1.2673611111111112,0.8976993522448068,-0.02253183426308604,-0.00010646503109176808,0.12334433656425732
linkusdt,2025-07-20T19:45:00,2025-07-21T15:27:00,-1,19.468,20.032,0.8208333333333333,0.801829268292683,-0.007827307730136384,-0.0006453514686868694,0.11846500616063026
arbusdt,2025-07-21T12:43:00,2025-07-22T06:58:00,-1,0.4935,0.4639,0.7604166666666666,0.8174712643678161,-0.03406866245250937,-8.529494910383684e-05,0.130411239705359
suiusdt,2025-07-21T14:31:00,2025-07-22T09:55:00,-1,4.0389,3.8563,0.8083333333333333,0.9369959088252484,-0.05948787450102051,-0.00026663796451290023,0.16064976322293067
linkusdt,2025-07-21T15:35:00,2025-07-22T11:04:00,-1,19.914,19.225,0.8118055555555556,0.9334966088922382,-0.04203025829352927,-0.00466888356759923,0.13494455964214572
avaxusdt,2025-07-22T02:31:00,2025-07-22T17:12:00,-1,25.941,24.76,0.6118055555555556,0.9203969128996692,-0.037164894662492294,-0.00014473576029942758,0.12395039056976738
suiusdt,2025-07-22T10:15:00,2025-07-23T12:58:00,-1,3.8425,3.837,1.1131944444444444,0.9126658058457565,-0.049396467525734344,-0.006041093208206061,0.15677414511774618
arbusdt,2025-07-22T14:41:00,2025-07-23T14:24:00,-1,0.4751,0.4424,0.9881944444444445,0.9538220130015691,-0.06032428374973369,-0.0016974352898485867,0.15462361452833984
avaxusdt,2025-07-22T17:23:00,2025-07-23T17:08:00,-1,24.84,23.591,0.9895833333333334,0.8546524297232513,-0.08005341728401712,-0.004222997338037965,0.12042496773105045
fetusdt,2025-07-22T23:15:00,2025-07-24T14:37:00,-1,0.822,0.7402,1.6402777777777777,0.9798194370685077,-0.07712254157135408,-0.0013199270226848525,0.13837146983954063
linkusdt,2025-07-23T17:44:00,2025-07-24T14:15:00,-1,17.895,17.866,0.8548611111111111,0.8064218490496402,-0.032689113415315524,-0.00019070384784979078,0.12082265420158574
suiusdt,2025-07-24T01:35:00,2025-07-24T23:26:00,-1,3.7481,3.722,0.9104166666666667,0.8971592952175477,-0.05496113739274744,-0.002143367599329843,0.1560772657183822
arbusdt,2025-07-24T04:38:00,2025-07-25T04:10:00,-1,0.4336,0.4199,0.9805555555555555,0.8995852433966383,-0.04306114179001009,-0.00178010764022421,0.14171280343236523
suiusdt,2025-07-26T15:35:00,2025-07-27T10:49:00,1,4.1896,4.2129,0.8013888888888889,0.8348499754058042,0.029708704471061317,0.01736021468981319,0.1517803165413032
avaxusdt,2025-07-26T18:47:00,2025-07-28T07:01:00,1,25.418,26.767,1.5097222222222222,0.8024482904178979,0.015190132605701233,0.019507547781338203,0.11664914469014472
suiusdt,2025-07-27T10:56:00,2025-07-27T23:10:00,1,4.2229,4.3207,0.5097222222222222,0.9418432725480532,0.011798852552317994,0.006932034182812852,0.16281686622340572
avaxusdt,2025-07-28T12:22:00,2025-07-29T10:03:00,1,27.365,24.894,0.9034722222222222,0.8001670494884109,0.029575210280900387,0.010211472551592243,0.11755291918029608
suiusdt,2025-07-28T22:23:00,2025-07-29T19:30:00,-1,3.939,3.8199,0.8798611111111111,0.9983998030526834,-0.12382452933595546,-0.001011534458369906,0.18833165909802946
arbusdt,2025-07-29T10:08:00,2025-07-30T20:36:00,-1,0.4404,0.4134,1.4361111111111111,0.8919308357348703,-0.049503723147469085,-0.0014558627150849102,0.1416988845949107
avaxusdt,2025-07-29T10:11:00,2025-07-30T17:11:00,-1,24.764,23.324,1.2916666666666667,0.9728283244133388,-0.09702666998327164,-0.006893998593706874,0.14067156878975626
suiusdt,2025-07-29T20:17:00,2025-07-31T03:10:00,-1,3.8052,3.8282,1.2868055555555555,0.8121533341550597,-0.026663208358450666,-0.014003406214238123,0.15144744207708224
avaxusdt,2025-07-31T04:35:00,2025-08-01T13:25:00,-1,23.739,22.131,1.3680555555555556,0.9246128769356153,-0.04165316303124033,-0.0001411607916483315,0.12897431642944862
arbusdt,2025-07-31T07:20:00,2025-08-01T14:02:00,-1,0.429,0.3796,1.2791666666666666,0.890666126746305,-0.04573566601630597,-0.002512451473769689,0.14251348511672024
linkusdt,2025-07-31T13:26:00,2025-08-01T14:26:00,-1,17.67,16.68,1.0416666666666667,0.8119747899159664,-0.039023932828558816,-0.0022007392628175942,0.12062511397010159
suiusdt,2025-07-31T16:10:00,2025-08-01T12:50:00,-1,3.7593,3.4939,0.8611111111111112,0.8711641197664306,-0.030809564259926963,-0.0043513368724084345,0.15561318050201567
arbusdt,2025-08-01T14:09:00,2025-08-03T17:39:00,-1,0.385,0.3821,2.1458333333333335,0.9026284348864994,-0.05403286175937598,-0.001274142895887287,0.14596370765213312
avaxusdt,2025-08-01T19:11:00,2025-08-04T01:46:00,-1,21.802,21.742,2.2743055555555554,0.8822820409803134,-0.035522716365173415,-0.0009914580222759872,0.12534608089871702
linkusdt,2025-08-07T16:41:00,2025-08-08T06:25:00,1,17.941,19.107,0.5722222222222222,0.8436420179682101,0.013783483636036525,0.017586178382331855,0.12406256831251654
linkusdt,2025-08-08T06:27:00,2025-08-08T23:15:00,1,19.149,19.84,0.7,0.9030054644808743,0.002423884041178286,0.0005303466870453521,0.1321001232454343
linkusdt,2025-08-09T00:08:00,2025-08-09T11:56:00,-1,19.81,20.927,0.49166666666666664,0.989818428644154,-0.0007440554390034923,-0.019289092348697606,0.15146141429924317
linkusdt,2025-08-09T12:07:00,2025-08-10T02:25:00,1,20.931,21.44,0.5958333333333333,1.0,0.027622924187354538,0.01902769126669901,0.18160320965983975
linkusdt,2025-08-10T06:17:00,2025-08-10T16:35:00,1,21.771,22.494,0.42916666666666664,0.871684350132626,0.0026160572658734133,0.006720849068641205,0.13318950550340955
arbusdt,2025-08-10T16:23:00,2025-08-11T19:54:00,-1,0.4614,0.4444,1.1465277777777778,0.983284169124877,-0.034766960886454534,-0.001099850916530809,0.17036492624769067
linkusdt,2025-08-10T16:37:00,2025-08-11T10:04:00,-1,22.539,21.679,0.7270833333333333,0.985836627140975,-0.021288358079470243,-0.005147973737312017,0.17723542538325013
avaxusdt,2025-08-11T00:53:00,2025-08-12T11:24:00,-1,23.797,22.843,1.4381944444444446,0.9197080291970803,-0.06359887707867279,-0.000621488183478236,0.12915228881092053
linkusdt,2025-08-11T10:16:00,2025-08-11T23:19:00,-1,21.682,21.216,0.54375,0.9116492146596858,-0.044169465670400206,-0.004503564842549462,0.14216627717101277
suiusdt,2025-08-11T20:00:00,2025-08-13T00:40:00,-1,3.6924,3.9041,1.1944444444444444,0.8148297130598016,-0.06704634505946248,-0.0019482855005674427,0.14875053951697115
linkusdt,2025-08-12T02:27:00,2025-08-12T14:25:00,-1,21.601,23.075,0.4986111111111111,0.9373274882286086,-0.03277833471763596,-0.0014306310555497748,0.14995986579800438
arbusdt,2025-08-12T10:21:00,2025-08-13T09:53:00,-1,0.4375,0.4914,0.9805555555555555,0.9696376101860921,-0.07048568944362833,-0.00352662460898831,0.16608930826399973
avaxusdt,2025-08-12T11:53:00,2025-08-13T13:44:00,-1,22.955,25.029,1.0770833333333334,0.9647201946472019,-0.07154389080686985,-0.002641175772223281,0.13871876200971212
linkusdt,2025-08-12T14:28:00,2025-08-12T21:53:00,1,23.195,23.321,0.3090277777777778,0.917658411064651,0.016841581604649568,0.00037809869144450614,0.14701301539053824
linkusdt,2025-08-12T22:36:00,2025-08-13T07:37:00,-1,23.19,23.441,0.37569444444444444,0.8779946057432968,-0.004335659666202263,-0.0010421063315141366,0.14283401228945095
linkusdt,2025-08-13T07:47:00,2025-08-13T16:42:00,1,23.445,23.546,0.3715277777777778,0.9827613226766965,0.001784230458875045,0.022071505779612977,0.17448231887544718
avaxusdt,2025-08-13T13:50:00,2025-08-14T12:34:00,1,25.277,23.649,0.9472222222222222,0.8796856106408706,0.04013062119822863,0.01816811614223121,0.12686331252120678
arbusdt,2025-08-13T15:54:00,2025-08-13T22:58:00,-1,0.5374,0.5805,0.29444444444444445,0.8526615969581749,-0.005911494744041611,-8.535354165370435e-05,0.14518979623764655
linkusdt,2025-08-13T16:44:00,2025-08-14T07:12:00,-1,23.546,23.615,0.6027777777777777,0.9728598014888338,-0.05375211156220109,-0.009327510560511648,0.17386930004874285
linkusdt,2025-08-14T07:55:00,2025-08-14T15:52:00,-1,23.543,22.802,0.33125,0.8681825165155937,-0.06708224560327464,-0.0016828995516778578,0.14628499183689164
avaxusdt,2025-08-14T12:35:00,2025-08-15T05:23:00,-1,23.787,24.77,0.7,0.975833832634312,-0.07448595446394826,-0.005362849021992744,0.1409058293131304
arbusdt,2025-08-14T12:44:00,2025-08-14T20:44:00,-1,0.5223,0.514,0.3333333333333333,0.9671920821114369,-0.05838892113493782,-0.000673610608402514,0.16448921438519928
linkusdt,2025-08-14T16:00:00,2025-08-15T12:29:00,-1,22.754,22.186,0.8534722222222222,0.8180024286581664,-0.007849976441288351,-0.005379989519614464,0.1423741477904367
arbusdt,2025-08-15T06:16:00,2025-08-15T17:25:00,-1,0.5239,0.4753,0.46458333333333335,0.8667621776504298,-0.03442280020587471,-0.0003266097473377805,0.14816888068376322
avaxusdt,2025-08-15T23:00:00,2025-08-17T16:12:00,-1,24.104,25.336,1.7166666666666666,0.8105795410346169,-0.03153716810245481,-0.002166530641924569,0.12313745425545233
arbusdt,2025-08-16T01:14:00,2025-08-17T06:42:00,-1,0.4849,0.5107,1.2277777777777779,0.9931494818197787,-0.035414223469055546,-0.0009317630034695323,0.17604611227316042
linkusdt,2025-08-17T08:50:00,2025-08-17T15:49:00,1,24.489,26.214,0.29097222222222224,0.8784163096469197,0.002167380635815555,0.021680973549938615,0.14842121078881207
linkusdt,2025-08-17T16:40:00,2025-08-18T01:09:00,1,25.999,26.127,0.35347222222222224,0.9137705394794242,0.01357959684601443,0.0011754423051064666,0.15848602767361009
arbusdt,2025-08-17T21:47:00,2025-08-18T08:45:00,-1,0.5354,0.5136,0.45694444444444443,0.9829001367989056,-0.006549173650928375,-0.0007099650159252957,0.17494448293691323
linkusdt,2025-08-18T01:13:00,2025-08-18T05:46:00,1,26.076,24.533,0.18958333333333333,0.9653337169159953,0.017419540746591952,0.00544539879818981,0.17349632207098697
linkusdt,2025-08-18T05:47:00,2025-08-18T12:59:00,-1,24.397,25.626,0.3,0.977263038226517,-0.03432392039210023,-0.012780014316460475,0.1805140316113375
avaxusdt,2025-08-18T08:07:00,2025-08-19T11:54:00,-1,23.52,23.278,1.1576388888888889,0.8046529513555085,-0.030254798413128312,-0.0008630142423924625,0.1222828462575243
arbusdt,2025-08-18T08:53:00,2025-08-18T22:29:00,-1,0.5139,0.5248,0.5666666666666667,0.8928029664587899,-0.007185890618296149,-0.004448289860377902,0.15677507092607898
linkusdt,2025-08-18T13:00:00,2025-08-18T18:18:00,1,25.522,25.003,0.22083333333333333,0.8820224719101124,0.012040100472616605,0.0008942240783819944,0.1590319208616009
linkusdt,2025-08-18T19:08:00,2025-08-19T02:17:00,-1,25.923,24.948,0.29791666666666666,0.9334627113945106,-0.01798627384104104,-0.0006737587811229129,0.1707929842242333
linkusdt,2025-08-19T02:32:00,2025-08-19T09:51:00,1,24.971,24.192,0.30486111111111114,0.9865753424657534,0.0043515554243124845,0.007982541922556124,0.1841342089237966
arbusdt,2025-08-19T07:30:00,2025-08-20T01:09:00,-1,0.4886,0.478,0.7354166666666667,0.8857142857142857,-0.037764376300357144,-0.0020570620474444634,0.15648257352361233
linkusdt,2025-08-19T10:00:00,2025-08-19T16:37:00,-1,24.304,24.166,0.27569444444444446,0.8869459129727532,-0.014228936651630915,-0.02476072591093581,0.1659199735230133
linkusdt,2025-08-19T21:34:00,2025-08-20T08:43:00,-1,23.909,24.897,0.46458333333333335,0.8891566265060241,-0.057913471022553765,-0.0016134440445234322,0.16678123433449976
linkusdt,2025-08-20T17:36:00,2025-08-21T01:49:00,1,25.921,26.297,0.3423611111111111,0.8933160285528877,0.0007061742509057138,0.011873230179679256,0.16695849844725616
linkusdt,2025-08-21T02:02:00,2025-08-21T11:00:00,-1,26.437,26.015,0.3736111111111111,0.802439024390244,-0.01982453597257628,-0.005208292329051428,0.1542492511204563
linkusdt,2025-08-21T11:04:00,2025-08-21T16:56:00,-1,26.041,24.923,0.24444444444444444,0.8064844246662428,-0.03232204050307707,-0.011419021428803994,0.15599943288714224
linkusdt,2025-08-21T19:13:00,2025-08-22T09:35:00,-1,25.052,24.765,0.5986111111111111,0.8545866935483871,-0.019025815826718428,-0.001386029363720509,0.16248972763885183
arbusdt,2025-08-22T03:14:00,2025-08-22T14:34:00,-1,0.5051,0.5392,0.4722222222222222,0.8159323116219668,-0.033829366863942716,-0.0019679170804394464,0.14876913159764896
avaxusdt,2025-08-22T19:21:00,2025-08-23T13:40:00,1,25.011,26.212,0.7631944444444444,0.8061434725604045,0.014092248733611777,0.01572180536003058,0.12213102642784651
linkusdt,2025-08-22T19:29:00,2025-08-23T07:29:00,1,27.142,25.824,0.5,0.8304029304029305,0.001051263794533285,0.007247882847750464,0.1590635985789758
arbusdt,2025-08-23T07:21:00,2025-08-23T23:51:00,-1,0.5882,0.6134,0.6875,0.970970206264324,-0.0030429049443913623,-0.0004828662890049018,0.17253448414018943
linkusdt,2025-08-23T08:24:00,2025-08-24T00:36:00,-1,25.671,26.274,0.675,0.8367149758454107,-0.024425665354438214,-0.00014333660487564348,0.15969539480653178
avaxusdt,2025-08-23T13:44:00,2025-08-24T11:25:00,1,26.243,25.013,0.9034722222222222,0.9826343986698688,0.01476385195483354,0.0006471535046244092,0.142066754394358
linkusdt,2025-08-24T01:11:00,2025-08-24T17:36:00,1,25.926,25.959,0.6840277777777778,0.8201628352490421,0.004978422421351839,0.006576119550060988,0.1587866472605006
avaxusdt,2025-08-24T11:50:00,2025-08-25T02:12:00,-1,25.052,25.724,0.5986111111111111,0.9377055169894044,-0.033528219711221795,-0.005562394406584015,0.13623554411711958
arbusdt,2025-08-24T15:41:00,2025-08-25T03:14:00,-1,0.5875,0.5835,0.48125,0.9955330553901132,-0.05750196549468244,-0.00018666229775698984,0.20244378508039176
linkusdt,2025-08-24T20:07:00,2025-08-25T07:09:00,-1,25.632,25.472,0.4597222222222222,0.8195870206489676,-0.029016122669808794,-0.0009598278984902786,0.15867500128350046
avaxusdt,2025-08-25T02:23:00,2025-08-25T20:37:00,-1,25.84,23.351,0.7597222222222222,0.9338500360490267,-0.009812817795335254,-0.011884627535090259,0.13785903879743247
arbusdt,2025-08-25T03:30:00,2025-08-25T19:54:00,-1,0.5803,0.525,0.6833333333333333,0.8216279753158977,-0.03229751443698469,-0.013291512723023285,0.15427388504087658
arbusdt,2025-08-25T21:02:00,2025-08-26T15:44:00,-1,0.5124,0.5322,0.7791666666666667,0.9802984209763871,-0.06984464897318236,-0.00022534647560334964,0.18231990677401108
avaxusdt,2025-08-28T00:33:00,2025-08-29T01:59:00,-1,24.324,24.739,1.0597222222222222,0.8483312947754674,-0.030589050010556004,-0.000829450624541761,0.12902885452496476
linkusdt,2025-08-28T21:05:00,2025-08-29T08:36:00,-1,24.606,23.426,0.4798611111111111,0.940683572216097,-0.03857588023269805,-0.0035658020622603703,0.17387910305059676
arbusdt,2025-08-29T02:46:00,2025-08-30T01:16:00,-1,0.5127,0.4869,0.9375,0.8806138251443052,-0.02155472738345925,-0.0005059905182075997,0.16385828188365173
linkusdt,2025-08-29T09:02:00,2025-08-30T00:04:00,-1,23.3,23.374,0.6263888888888889,0.8332057311604506,-0.0650916404623323,-0.0007301630082791888,0.1601511457085901
avaxusdt,2025-08-29T12:30:00,2025-08-30T17:44:00,-1,24.328,23.636,1.2180555555555554,0.8305992056639613,-0.037895409688973564,-0.00300064463647684,0.12801196730205372
avaxusdt,2025-09-02T14:22:00,2025-09-03T10:12:00,1,24.161,25.014,0.8263888888888888,0.8214047936085219,0.014250254662489194,0.005281075019037712,0.12684842546540348
avaxusdt,2025-09-03T10:21:00,2025-09-04T17:13:00,1,25.102,24.599,1.2861111111111112,0.9972039473684211,0.015792317831559183,0.004641391206276463,0.15095175832630203
avaxusdt,2025-09-05T20:24:00,2025-09-08T04:58:00,-1,24.409,24.789,2.3569444444444443,0.9797209604153148,-0.03723590046454357,-0.0018791839507255048,0.14669726084113727
avaxusdt,2025-09-08T08:34:00,2025-09-09T13:53:00,1,25.104,26.264,1.2215277777777778,0.9977254264825345,0.0022908536963690924,0.01487934060654117,0.15371264939129536
avaxusdt,2025-09-10T07:37:00,2025-09-10T17:09:00,1,26.865,29.073,0.3972222222222222,0.80218895863512,0.016287093381636503,0.00939482295585957,0.13032952392076644
avaxusdt,2025-09-10T17:15:00,2025-09-11T09:29:00,-1,29.005,28.85,0.6763888888888889,0.8705321683876092,-0.010126589695480994,-0.01605419112482076,0.13719033668641586
avaxusdt,2025-09-11T09:43:00,2025-09-12T07:31:00,1,28.994,28.793,0.9083333333333333,0.9998421717171717,0.0021924308403235377,0.013020316962266743,0.1659151130662108
avaxusdt,2025-09-12T07:48:00,2025-09-13T04:09:00,-1,28.671,30.196,0.8479166666666667,0.99578125,-0.06962393153416774,-0.0015824992430196472,0.17642989941672574
avaxusdt,2025-09-13T09:43:00,2025-09-14T05:43:00,1,30.734,30.465,0.8333333333333334,0.8078870646002762,0.004837157198688399,0.0029219874652365863,0.13531250385810295
avaxusdt,2025-09-14T14:28:00,2025-09-15T08:11:00,-1,29.249,28.784,0.7381944444444445,0.9954682779456193,-0.05052241199921179,-0.0004483515639863711,0.18070855567614244
avaxusdt,2025-09-15T08:17:00,2025-09-15T23:09:00,-1,28.718,29.777,0.6194444444444445,0.967379919197965,-0.003329936419381001,-0.004505886657124675,0.17223453223537055
avaxusdt,2025-09-15T23:25:00,2025-09-16T15:10:00,1,29.866,29.827,0.65625,0.8964597837357429,0.006619036658958235,0.0014740167743174104,0.14804937055033862
avaxusdt,2025-09-16T15:35:00,2025-09-17T17:38:00,-1,29.896,29.926,1.0854166666666667,0.9422879742200088,-0.0004428132606759014,-0.00030437612179912144,0.1646639575750364
arbusdt,2025-09-16T17:45:00,2025-09-18T03:17:00,-1,0.4967,0.5258,1.3972222222222221,0.8014046039797112,-0.054100427212655504,-0.0005330661068847775,0.154742930738436
avaxusdt,2025-09-17T17:40:00,2025-09-18T02:56:00,1,30.065,32.769,0.3861111111111111,0.9552130289370365,0.00045250617626155844,0.008505649052277992,0.1689247918430965
avaxusdt,2025-09-18T04:29:00,2025-09-18T17:43:00,1,32.767,34.012,0.5513888888888889,0.8115235774688262,0.03217858867912744,0.0044302918176009065,0.1420588199626796
avaxusdt,2025-09-18T17:46:00,2025-09-19T01:33:00,-1,34.045,35.652,0.32430555555555557,0.8555208629009367,-0.03211008496550499,-0.006754827110294015,0.14866106999844486
fetusdt,2025-09-19T08:50:00,2025-09-24T12:45:00,-1,0.6674,0.5975,5.163194444444445,0.9509293680297398,-0.046108390987108845,-0.0011222864932560472,0.12606618589281943
avaxusdt,2025-09-19T18:10:00,2025-09-20T16:38:00,-1,33.843,33.669,0.9361111111111111,0.9965550502962657,-0.034778372042145914,-0.002066341113740683,0.19207498270315587
avaxusdt,2025-09-20T16:42:00,2025-09-21T21:14:00,1,33.723,33.106,1.1888888888888889,0.9764157411216234,0.019291609279767502,0.001758271522351612,0.18243157871078836
avaxusdt,2025-09-21T21:34:00,2025-09-22T10:22:00,-1,33.093,31.388,0.5333333333333333,0.9956290124299959,-0.01611543232633068,-0.00560882913943922,0.19994078014145017
arbusdt,2025-09-22T06:00:00,2025-09-23T09:18:00,-1,0.4445,0.434,1.1375,0.819136672217241,-0.09513310483358589,-0.00041046115204823597,0.15688820586313595
avaxusdt,2025-09-22T10:27:00,2025-09-22T22:27:00,-1,31.377,32.774,0.5,0.8838971583220568,-0.03147981025224911,-0.016840089010486475,0.16213953266474582
suiusdt,2025-09-22T12:50:00,2025-09-24T06:18:00,-1,3.3665,3.3544,1.7277777777777779,0.8034447821681864,-0.06530232807585835,-0.00019040927124072682,0.14292772607192425
avaxusdt,2025-09-22T22:48:00,2025-09-23T04:11:00,1,32.854,34.592,0.22430555555555556,0.9162983795366278,0.0726506038195316,0.018051198266667623,0.17159996954031967
avaxusdt,2025-09-23T04:26:00,2025-09-23T14:30:00,1,34.267,35.111,0.41944444444444445,0.9996035416941985,0.023119565670217276,0.0018324522222667727,0.20883405486479223
avaxusdt,2025-09-23T14:33:00,2025-09-24T00:36:00,-1,35.082,33.969,0.41875,0.9130605307883384,-0.021434412129401052,-0.005965286208165138,0.1755871376811308
avaxusdt,2025-09-24T01:30:00,2025-09-24T15:51:00,-1,34.261,34.526,0.5979166666666667,0.9750935604594141,-0.023953166025929104,-0.0001941149976990575,0.19422995235616697
fetusdt,2025-09-24T14:14:00,2025-09-30T18:25:00,-1,0.5964,0.5484,6.174305555555556,0.8884186225471336,-0.06938043249534974,-0.004695039720476968,0.1210464318659712
avaxusdt,2025-09-24T16:00:00,2025-09-25T04:10:00,-1,34.467,31.568,0.5069444444444444,0.8920127795527156,-0.019804229221822643,-0.0039450508741106505,0.1758754472759045
avaxusdt,2025-09-25T08:37:00,2025-09-25T19:21:00,-1,30.667,29.8,0.44722222222222224,0.9958464443045941,-0.06118144358126142,-0.0005982942665705981,0.2087298961312546
suiusdt,2025-09-25T16:45:00,2025-09-27T02:38:00,-1,3.1861,3.2029,1.4118055555555555,0.8386117136659436,-0.061409915687335934,-0.0014103911431606886,0.14727645343192644
avaxusdt,2025-09-26T06:50:00,2025-09-26T17:48:00,-1,28.185,29.451,0.45694444444444443,0.8705533596837944,-0.04295745688406778,-0.006055268359012322,0.1746371584897506
avaxusdt,2025-09-27T12:30:00,2025-09-28T22:19:00,-1,28.329,29.41,1.4090277777777778,0.8401261523532266,-0.06948504248039172,-5.305508702330153e-05,0.17011467754359283
avaxusdt,2025-09-29T01:58:00,2025-09-29T18:37:00,1,29.607,30.295,0.69375,0.8046226074395089,0.03250763354351338,0.020781521106909062,0.16395883061171176
avaxusdt,2025-10-02T12:50:00,2025-10-03T06:51:00,1,30.548,30.278,0.7506944444444444,0.8028350515463918,0.018324979488897546,0.006557975414135997,0.16359005581322925
avaxusdt,2025-10-06T09:51:00,2025-10-07T11:47:00,-1,30.502,29.921,1.0805555555555555,0.8298764592542219,-0.017216216255089224,-0.0018792318641276395,0.1675845155083101
avaxusdt,2025-10-08T00:14:00,2025-10-09T02:41:00,-1,27.891,28.167,1.1020833333333333,0.8385941347660623,-0.05052637722646746,-0.0035702440547324132,0.16904022662546506
avaxusdt,2025-10-09T08:47:00,2025-10-10T15:30:00,-1,28.131,26.948,1.2798611111111111,0.927599286033021,-0.031872702530513865,-0.0013134995459636312,0.18548496072588044
fetusdt,2025-10-10T04:33:00,2025-10-11T10:43:00,-1,0.4923,0.4064,1.2569444444444444,0.9287152637937979,-0.06852856522758585,-0.00033538280225411943,0.12693705560727755
avaxusdt,2025-10-10T23:55:00,2025-10-11T16:41:00,-1,20.353,22.712,0.6986111111111111,0.8164876123657093,-0.13811305374876848,-0.0008065772868492138,0.16794933584092306
fetusdt,2025-11-08T08:21:00,2025-11-09T05:26:00,-1,0.3743,0.3013,0.8784722222222222,0.8616935483870968,-0.018645944084203052,-0.000425797853809029,0.11728158038159561
fetusdt,2025-11-09T13:10:00,2025-11-11T01:31:00,-1,0.3164,0.3672,1.5145833333333334,0.8,-0.03927901588338522,-0.00039975516500290187,0.11174256213519003
avaxusdt,2025-11-25T02:05:00,2025-11-27T05:45:00,1,13.873,14.888,2.1527777777777777,0.8146909594095941,0.023264371392545544,0.016709954317425002,0.1689570499127456
suiusdt,2025-11-27T08:09:00,2025-12-01T00:34:00,-1,1.5364,1.4158,3.6840277777777777,0.9439099283520983,-0.022051034385019323,-0.0004637063152391485,0.13035772442099952
linkusdt,2025-12-05T01:30:00,2025-12-07T14:02:00,-1,14.311,13.716,2.522222222222222,0.8388518024032042,-0.0016841384258305125,-0.00029655149361391964,0.12230968172928983
suiusdt,2025-12-05T15:02:00,2025-12-08T05:17:00,-1,1.6373,1.6123,2.59375,0.8967539267015707,-0.04555302870452318,-0.0012615875455326692,0.12478572354150717
linkusdt,2025-12-12T15:39:00,2025-12-15T17:24:00,-1,13.754,12.725,3.0729166666666665,0.8033684210526316,-0.024902914060746347,-0.0016615538132908891,0.11888456051750718
suiusdt,2025-12-17T11:38:00,2025-12-19T15:21:00,-1,1.4752,1.445,2.154861111111111,0.8033149171270718,-0.03162453339880751,-0.004223595223957641,0.11422349561371886
avaxusdt,2025-12-29T03:34:00,2026-01-01T15:56:00,1,12.905,12.507,3.515277777777778,0.8311552535284893,0.0003369922536054565,0.01837879960722777,0.15230375373210436
avaxusdt,2026-01-01T17:51:00,2026-01-03T11:32:00,-1,12.681,13.932,1.7368055555555555,0.801328168234643,-0.01421480111427492,-0.006954384856495882,0.14702546062588506
linkusdt,2026-01-02T08:56:00,2026-01-04T20:37:00,1,12.907,13.416,2.4868055555555557,0.8682015348682015,7.612294011473424e-05,0.012583270082759238,0.12127997455516498
suiusdt,2026-01-04T15:57:00,2026-01-06T07:58:00,1,1.7014,1.9532,1.667361111111111,0.8020597839738759,0.019257150178771134,0.011907906772434473,0.10723056574753581
suiusdt,2026-01-06T08:08:00,2026-01-07T13:06:00,-1,1.9775,1.888,1.2069444444444444,0.8915873810716074,-0.007650813331820185,-0.003127420713205986,0.11356494420974819
linkusdt,2026-01-07T01:52:00,2026-01-09T15:54:00,-1,13.704,13.243,2.584722222222222,0.9447745543516253,-0.0455685281435504,-0.004060852606122045,0.12516418135425694
suiusdt,2026-01-08T07:43:00,2026-01-11T16:26:00,-1,1.7974,1.8011,3.3631944444444444,0.9955434513493439,-0.01985151345727225,-0.0009078073718475077,0.15306789644709767
avaxusdt,2026-01-08T08:13:00,2026-01-12T07:21:00,-1,13.899,13.88,3.963888888888889,0.9924094978590892,-0.06013808456440827,-0.0027273774246921456,0.17597582281765375
suiusdt,2026-01-11T16:51:00,2026-01-14T11:18:00,-1,1.8035,1.8239,2.76875,0.8889185580774366,-0.01220978414066574,-0.014158084539732094,0.11591390359490365
suiusdt,2026-01-14T15:29:00,2026-01-18T10:38:00,-1,1.8426,1.7704,3.7979166666666666,0.857377948436643,-0.012037363917144843,-0.002076913890040763,0.11409408344522017
avaxusdt,2026-01-15T15:47:00,2026-01-19T08:33:00,1,13.876,12.791,3.698611111111111,0.810631987223363,0.00021324603608645189,0.012499888963114797,0.13882563445512816
arbusdt,2026-01-18T12:43:00,2026-01-21T15:03:00,-1,0.2163,0.1871,3.0972222222222223,0.8549734244495064,-0.025906087701924124,-0.0005232306472167519,0.09366162953522342
suiusdt,2026-01-18T13:32:00,2026-01-21T14:17:00,-1,1.7641,1.5058,3.03125,0.8853485064011379,-0.0510411697566924,-0.006684927972393298,0.11880912933431935
linkusdt,2026-01-19T14:22:00,2026-01-22T01:07:00,-1,12.83,12.456,2.4479166666666665,0.8262810971720178,-0.024060030676886043,-0.001381080286935621,0.11315878864962807
suiusdt,2026-01-22T05:21:00,2026-01-27T22:34:00,-1,1.5194,1.4406,5.717361111111111,0.8560254924681344,-0.015230417881852502,-0.0024611275865180776,0.11834107441502358
arbusdt,2026-01-24T09:42:00,2026-01-29T15:11:00,-1,0.1771,0.1569,5.228472222222222,0.8032786885245902,-0.029714422834783708,-0.0017228783865345931,0.0930169851184885
linkusdt,2026-01-27T06:42:00,2026-01-30T00:20:00,-1,11.95,11.119,2.734722222222222,0.850352513077098,-0.01958179382684985,-0.0002988633184849987,0.11236451288218965
arbusdt,2026-01-31T19:52:00,2026-02-04T03:37:00,-1,0.135,0.134,3.3229166666666665,0.8935917721518988,-0.04963947103043182,-0.0004899170243541223,0.0952183149574016
linkusdt,2026-02-16T14:14:00,2026-02-20T19:18:00,-1,8.769,8.862,4.211111111111111,0.8103771061781225,-0.013874751516407064,-0.00021084506754724675,0.1110932678826715
avaxusdt,2026-02-23T21:33:00,2026-02-26T12:30:00,-1,8.386,9.291,2.622916666666667,0.8028034405861739,-0.047020330876175985,-0.00120010919595126,0.1461813529312579
linkusdt,2026-02-26T16:51:00,2026-03-02T00:42:00,1,8.889,8.695,3.3270833333333334,0.8381452318460193,0.018729229559936108,0.011333754574750027,0.11337655522209018
arbusdt,2026-02-28T20:47:00,2026-03-05T13:33:00,-1,0.0987,0.1033,4.698611111111111,0.9889349930843707,-0.016536272533624753,-0.00020732332732428804,0.10757768107107772
linkusdt,2026-03-02T01:11:00,2026-03-05T09:37:00,-1,8.852,9.305,3.3513888888888888,0.8879741252572773,-0.02012898716870699,-0.011502727134668045,0.11840435201776611
avaxusdt,2026-03-11T07:33:00,2026-03-15T06:19:00,1,9.542,9.693,3.948611111111111,0.810719131614654,0.006990776524390588,0.008220971965448937,0.13362238073395197
linkusdt,2026-03-13T22:02:00,2026-03-17T13:52:00,1,9.08,9.749,3.6597222222222223,0.8732943469785575,0.00419800567840593,0.026764134196731695,0.11510256249656084
avaxusdt,2026-03-21T00:05:00,2026-03-25T08:30:00,-1,9.573,9.689,4.350694444444445,0.8163553048995418,-0.04198662941948663,-0.00018728764732964254,0.13453826206979477
linkusdt,2026-03-21T23:50:00,2026-03-25T12:05:00,-1,8.98,9.432,3.5104166666666665,0.8062563067608476,-0.03886235710117763,-0.001574493862844445,0.11350503147607455
fetusdt,2026-03-22T00:31:00,2026-03-25T11:12:00,-1,0.2175,0.2574,3.4451388888888888,0.8236590742101396,-0.019047028472248907,-0.0003722881021572533,0.0829611818960579
fetusdt,2026-03-29T02:18:00,2026-04-02T02:28:00,-1,0.2394,0.2295,4.006944444444445,0.9812080536912752,-0.0068943181477644985,-0.0002674631946110728,0.10253421472331281
linkusdt,2026-03-30T18:24:00,2026-04-04T14:33:00,-1,8.661,8.633,4.839583333333334,0.9535677705701605,-0.014978323208787116,-0.0009965571250211969,0.12634182619742312
fetusdt,2026-04-02T03:02:00,2026-04-07T10:32:00,-1,0.229,0.2347,5.3125,0.946313065976714,-0.032040646224481814,-0.0014296230877732102,0.10171797159273309
