timestamp,open,high,low,close,volume
2024-02-05 23:00:00,34.3278,34.5972,34.2995,34.542,4670.434
2024-02-06 00:00:00,34.542,34.5435,34.4,34.4588,2471.828
2024-02-06 01:00:00,34.4588,34.5798,34.3292,34.4439,5616.025
2024-02-06 02:00:00,34.4439,34.7454,34.3389,34.6449,11364.461
2024-02-06 03:00:00,34.6449,34.7071,34.3877,34.4764,5969.654
2024-02-06 04:00:00,34.4764,34.553,34.2367,34.2509,3714.522
2024-02-06 05:00:00,34.2509,34.2594,34.0453,34.1973,8166.355
2024-02-06 06:00:00,34.1973,34.2406,34.0865,34.1736,7755.001
2024-02-06 07:00:00,34.1736,34.3184,34.0568,34.2987,5732.312
2024-02-06 08:00:00,34.2987,34.539,34.2574,34.4642,10126.786
2024-02-06 09:00:00,34.4642,34.4835,34.1329,34.2604,12101.337
2024-02-06 10:00:00,34.2604,34.3184,33.714,33.986,19689.887
2024-02-06 11:00:00,33.986,34.0568,33.787,33.9998,11944.071
2024-02-06 12:00:00,33.9998,34.1483,33.7497,34.0263,22037.137
2024-02-06 13:00:00,34.0263,34.2217,33.8485,34.0129,9626.909
2024-02-06 14:00:00,34.0129,34.2167,33.9056,33.9406,7632.989
2024-02-06 15:00:00,33.9406,34.2552,33.8827,34.2533,8026.604
2024-02-06 16:00:00,34.2533,34.423,34.1368,34.1451,10327.938
2024-02-06 17:00:00,34.1451,34.2439,34.0613,34.1632,6877.302
2024-02-06 18:00:00,34.1632,34.2642,33.988,34.2173,5053.607
2024-02-06 19:00:00,34.2173,34.2789,34.0851,34.2397,16102.04
2024-02-06 20:00:00,34.2397,34.4542,34.1001,34.1455,8593.285
2024-02-06 21:00:00,34.1455,34.2718,34.0786,34.2086,6492.189
2024-02-06 22:00:00,34.2086,34.3877,34.1894,34.3391,4549.069
2024-02-06 23:00:00,34.3391,34.3638,34.1169,34.153,7779.957
2024-02-07 00:00:00,34.153,34.3341,34.0358,34.1593,10059.744
2024-02-07 01:00:00,34.1593,34.4,34.1492,34.2177,4920.752
2024-02-07 02:00:00,34.2177,34.3392,34.1557,34.1766,2480.523
2024-02-07 03:00:00,34.1766,34.2109,33.8863,33.8978,9589.389
2024-02-07 04:00:00,33.8978,34.012,33.74,33.8729,10163.247
2024-02-07 05:00:00,33.8729,34.29,33.6573,34.2141,9180.057
2024-02-07 06:00:00,34.2141,34.2141,33.9925,34.1397,7924.306
2024-02-07 07:00:00,34.1397,34.2135,33.96,34.0278,5160.344
2024-02-07 08:00:00,34.0278,34.2095,33.9365,34.1078,12359.384
2024-02-07 09:00:00,34.1078,34.4685,34.045,34.3706,18793.79
2024-02-07 10:00:00,34.3706,34.4412,34.111,34.1507,15105.533
2024-02-07 11:00:00,34.1507,34.4556,34.1507,34.1665,13012.438
2024-02-07 12:00:00,34.1665,34.4068,34.1388,34.3549,10246.612
2024-02-07 13:00:00,34.3549,34.4585,34.2523,34.2948,10969.189
2024-02-07 14:00:00,34.2948,34.6725,34.2707,34.3775,22429.076
2024-02-07 15:00:00,34.3775,34.5788,34.2113,34.4218,10620.137
2024-02-07 16:00:00,34.4218,35.0464,34.3699,35.0229,37975.214
2024-02-07 17:00:00,35.0229,35.4905,34.9878,35.1308,40013.371
2024-02-07 18:00:00,35.1308,35.28,35.0236,35.24,19532.059
2024-02-07 19:00:00,35.24,35.3135,35.0417,35.0709,18556.355
2024-02-07 20:00:00,35.0709,35.4886,35.0651,35.3915,43900.302
2024-02-07 21:00:00,35.3915,35.5289,35.2345,35.4403,29545.537
2024-02-07 22:00:00,35.4403,35.4759,35.2477,35.2779,15626.794
2024-02-07 23:00:00,35.2779,35.4351,35.2448,35.3012,13167.448
2024-02-08 00:00:00,35.3012,35.5514,35.2777,35.5095,20868.772
2024-02-08 01:00:00,35.5095,35.5332,35.2584,35.4329,5584.041
2024-02-08 02:00:00,35.4329,35.4832,35.3278,35.4495,6623.132
2024-02-08 03:00:00,35.4495,35.5898,35.413,35.4897,11398.3
2024-02-08 04:00:00,35.4897,35.7421,35.192,35.2406,25072.997
2024-02-08 05:00:00,35.2406,35.3027,35.1826,35.1983,4904.709
2024-02-08 06:00:00,35.1983,35.3397,35.126,35.161,13141.908
2024-02-08 07:00:00,35.161,35.4215,35.0744,35.2395,35349.203
2024-02-08 08:00:00,35.2395,35.54,35.225,35.54,10624.791
2024-02-08 09:00:00,35.54,35.6438,35.4142,35.5385,9722.979
2024-02-08 10:00:00,35.5385,35.5855,35.433,35.4742,8280.342
2024-02-08 11:00:00,35.4742,35.4801,35.2861,35.3354,7107.676
2024-02-08 12:00:00,35.3354,35.4555,35.1721,35.2741,10333.152
2024-02-08 13:00:00,35.2741,35.6594,35.2053,35.6504,11608.763
2024-02-08 14:00:00,35.6504,35.9796,35.5445,35.8111,22894.95
2024-02-08 15:00:00,35.8111,36.148,35.7452,36.0352,19508.258
2024-02-08 16:00:00,36.0352,36.1063,35.2217,35.4559,22196.216
2024-02-08 17:00:00,35.4559,35.585,35.2351,35.3445,14375.729
2024-02-08 18:00:00,35.3445,35.6074,35.2693,35.6074,8853.477
2024-02-08 19:00:00,35.6074,35.6979,35.478,35.5064,6854.606
2024-02-08 20:00:00,35.5064,35.7707,35.4925,35.6251,9218.279
2024-02-08 21:00:00,35.6251,35.7032,35.5066,35.5441,4869.938
2024-02-08 22:00:00,35.5441,35.6717,35.4199,35.4483,5510.162
2024-02-08 23:00:00,35.4483,35.5559,35.3206,35.4221,12422.082
2024-02-09 00:00:00,35.4221,35.7125,35.4185,35.6358,7354.34
2024-02-09 01:00:00,35.6358,35.7566,35.596,35.749,17263.86
2024-02-09 02:00:00,35.749,36.288,35.701,36.2568,23604.637
2024-02-09 03:00:00,36.2568,36.2751,35.888,35.9078,11395.883
2024-02-09 04:00:00,35.9078,35.9912,35.724,35.8359,21574.483
2024-02-09 05:00:00,35.8359,35.9966,35.7934,35.9668,8642.197
2024-02-09 06:00:00,35.9668,36.0422,35.8729,35.9665,7430.157
2024-02-09 07:00:00,35.9665,36.1473,35.9611,36.0963,11868.678
2024-02-09 08:00:00,36.0963,36.3193,36.0658,36.2903,15154.53
2024-02-09 09:00:00,36.2903,36.3462,36.0805,36.1869,15459.817
2024-02-09 10:00:00,36.1869,36.2795,36.0481,36.1343,13256.355
2024-02-09 11:00:00,36.1343,36.45,36.036,36.4442,17409.364
2024-02-09 12:00:00,36.4442,36.7878,36.4263,36.7202,31448.651
2024-02-09 13:00:00,36.7202,37.49,36.6462,37.2022,44843.271
2024-02-09 14:00:00,37.2022,37.3868,36.5579,37.0482,31732.547
2024-02-09 15:00:00,37.0482,37.8221,36.7077,37.5901,54815.676
2024-02-09 16:00:00,37.5901,37.6659,37.1403,37.3573,24386.305
2024-02-09 17:00:00,37.3573,37.88,37.272,37.825,35679.851
2024-02-09 18:00:00,37.825,38.1573,37.7654,37.9275,54900.335
2024-02-09 19:00:00,37.9275,38.1097,37.6358,38.1068,24988.469
2024-02-09 20:00:00,38.1068,38.4893,37.9768,38.0543,36530.421
2024-02-09 21:00:00,38.0543,38.5425,37.9483,38.5174,31402.961
2024-02-09 22:00:00,38.5174,38.6183,38.0448,38.2315,15528.226
2024-02-09 23:00:00,38.2315,38.3407,37.9633,37.9931,8326.339
2024-02-10 00:00:00,37.9931,38.7237,37.9931,38.6445,15211.853
2024-02-10 01:00:00,38.6445,39.0406,38.5462,38.8984,18451.256
2024-02-10 02:00:00,38.8984,39.0698,38.8128,38.9803,17707.484
2024-02-10 03:00:00,38.9803,39.4751,38.9417,39.4493,18430.949
2024-02-10 04:00:00,39.4493,39.805,39.1731,39.7808,27070.763
2024-02-10 05:00:00,39.7808,39.7965,39.3591,39.3851,13309.283
2024-02-10 06:00:00,39.3851,39.4877,39.0103,39.1186,26746.086
2024-02-10 07:00:00,39.1186,39.2,39.0169,39.0613,10049.136
2024-02-10 08:00:00,39.0613,39.3402,38.6918,38.7254,22236.687
2024-02-10 09:00:00,38.7254,38.9502,38.6707,38.7001,21302.152
2024-02-10 10:00:00,38.7001,38.8952,38.1709,38.4159,25719.376
2024-02-10 11:00:00,38.4159,38.8246,38.4081,38.7801,13178.812
2024-02-10 12:00:00,38.7801,38.81,38.3904,38.4896,13255.236
2024-02-10 13:00:00,38.4896,38.7058,38.2654,38.6661,12460.878
2024-02-10 14:00:00,38.6661,38.8711,38.6377,38.8711,10398.852
2024-02-10 15:00:00,38.8711,39.5713,38.8603,39.3524,25156.58
2024-02-10 16:00:00,39.3524,39.3898,39.011,39.171,12921.391
2024-02-10 17:00:00,39.171,39.2945,38.9681,39.0241,13961.823
2024-02-10 18:00:00,39.0241,39.482,38.9701,39.4317,23691.607
2024-02-10 19:00:00,39.4317,39.6676,39.3363,39.3775,19910.908
2024-02-10 20:00:00,39.3775,40.4607,39.1491,40.0224,42707.097
2024-02-10 21:00:00,40.0224,41.2445,40.0224,40.796,71279.903
2024-02-10 22:00:00,40.796,41.0836,40.4656,40.7323,21748.972
2024-02-10 23:00:00,40.7323,40.8425,40.0412,40.2182,27074.527
2024-02-11 00:00:00,40.2182,40.57,40.2016,40.5236,9420.728
2024-02-11 01:00:00,40.5236,40.557,40.237,40.3927,13519.769
2024-02-11 02:00:00,40.3927,40.4548,40.1,40.2264,6765.728
2024-02-11 03:00:00,40.2264,40.6477,40.1313,40.3809,12574.718
2024-02-11 04:00:00,40.3809,40.525,40.1828,40.297,16722.474
2024-02-11 05:00:00,40.297,40.4994,40.2311,40.3963,15979.34
2024-02-11 06:00:00,40.3963,40.6029,40.2615,40.4496,5657.505
2024-02-11 07:00:00,40.4496,40.8766,40.4449,40.8479,17769.872
2024-02-11 08:00:00,40.8479,41.0354,40.6267,40.9355,9982.368
2024-02-11 09:00:00,40.9355,41.2,40.5549,40.5942,17544.71
2024-02-11 10:00:00,40.5942,40.7763,40.2243,40.3863,19330.634
2024-02-11 11:00:00,40.3863,40.619,40.3863,40.5348,11396.902
2024-02-11 12:00:00,40.5348,40.7051,40.4222,40.5096,12505.514
2024-02-11 13:00:00,40.5096,40.5115,39.7518,39.8871,28344.322
2024-02-11 14:00:00,39.8871,40.0439,39.6561,40.0176,21671.218
2024-02-11 15:00:00,40.0176,40.0225,39.7261,39.8842,13366.413
2024-02-11 16:00:00,39.8842,39.9472,39.5427,39.8956,10389.814
2024-02-11 17:00:00,39.8956,40.0938,39.828,39.9985,20937.836
2024-02-11 18:00:00,39.9985,40.154,39.6918,39.9701,9140.519
2024-02-11 19:00:00,39.9701,40.0435,39.7829,39.8011,11330.699
2024-02-11 20:00:00,39.8011,40.0737,39.3616,39.4228,17164.087
2024-02-11 21:00:00,39.4228,39.6815,39.3643,39.5376,11686.702
2024-02-11 22:00:00,39.5376,39.6658,39.4658,39.6165,8693.555
2024-02-11 23:00:00,39.6165,39.7596,39.5475,39.7214,5210.714
2024-02-12 00:00:00,39.7214,40.1199,39.6172,39.9516,37872.69
2024-02-12 01:00:00,39.9516,39.9516,39.156,39.2751,36866.195
2024-02-12 02:00:00,39.2751,39.4223,38.5495,38.8411,33553.208
2024-02-12 03:00:00,38.8411,38.9053,38.7039,38.7249,12449.264
2024-02-12 04:00:00,38.7249,38.8159,38.5974,38.6485,11796.433
2024-02-12 05:00:00,38.6485,38.9453,38.6485,38.725,19963.384
2024-02-12 06:00:00,38.725,38.8067,38.3584,38.6022,15366.927
2024-02-12 07:00:00,38.6022,39.02,38.6022,38.888,12432.119
2024-02-12 08:00:00,38.888,39.1171,38.7873,38.9782,20983.71
2024-02-12 09:00:00,38.9782,39.0103,38.5796,38.7384,12137.644
2024-02-12 10:00:00,38.7384,38.9893,38.6887,38.7517,6759.55
2024-02-12 11:00:00,38.7517,38.791,38.4034,38.6256,12039.347
2024-02-12 12:00:00,38.6256,38.8567,38.5166,38.8567,11818.467
2024-02-12 13:00:00,38.8567,38.8567,38.5627,38.5826,5327.591
2024-02-12 14:00:00,38.5826,39.4755,38.5631,39.403,23540.213
2024-02-12 15:00:00,39.403,40.2252,39.2536,40.1924,62029.816
2024-02-12 16:00:00,40.1924,40.5854,39.824,40.021,50666.749
2024-02-12 17:00:00,40.021,40.9812,39.9729,40.6806,58883.717
2024-02-12 18:00:00,40.6806,41.1315,40.6532,40.6927,38299.355
2024-02-12 19:00:00,40.6927,41.0,40.269,40.2948,33833.348
2024-02-12 20:00:00,40.2948,40.5773,40.0381,40.5391,20157.008
2024-02-12 21:00:00,40.5391,41.0532,40.4353,40.5989,19718.619
2024-02-12 22:00:00,40.5989,41.1452,40.4657,41.0604,13915.923
2024-02-12 23:00:00,41.0604,41.1904,40.7805,40.9809,13798.928
2024-02-13 00:00:00,40.9809,41.6657,40.9175,41.5822,37705.352
2024-02-13 01:00:00,41.5822,41.7004,41.2348,41.4249,18214.627
2024-02-13 02:00:00,41.4249,41.5007,41.113,41.2084,12009.91
2024-02-13 03:00:00,41.2084,41.3627,40.5166,40.528,23216.165
2024-02-13 04:00:00,40.528,41.2077,40.528,41.0959,9875.813
2024-02-13 05:00:00,41.0959,41.1733,40.8718,41.1116,20632.105
2024-02-13 06:00:00,41.1116,41.1488,40.9269,41.058,25169.279
2024-02-13 07:00:00,41.058,41.1943,40.7844,41.0873,18994.106
2024-02-13 08:00:00,41.0873,41.568,40.998,41.4891,22610.67
2024-02-13 09:00:00,41.4891,41.5226,41.1902,41.4061,11608.469
2024-02-13 10:00:00,41.4061,41.4061,40.9193,40.9838,13583.412
2024-02-13 11:00:00,40.9838,41.1024,40.7592,41.0235,24410.1
2024-02-13 12:00:00,41.0235,41.032,40.7068,40.7604,13519.649
2024-02-13 13:00:00,40.7604,40.8424,39.6346,40.1277,33681.731
2024-02-13 14:00:00,40.1277,40.2911,38.9058,39.3429,46633.657
2024-02-13 15:00:00,39.3429,39.7264,39.1594,39.4297,17752.783
2024-02-13 16:00:00,39.4297,39.5729,38.8943,38.9117,22896.841
2024-02-13 17:00:00,38.9117,39.4718,38.8797,39.4418,14925.688
2024-02-13 18:00:00,39.4418,39.923,39.3462,39.6684,11142.672
2024-02-13 19:00:00,39.6684,39.8267,39.5125,39.5575,14899.352
2024-02-13 20:00:00,39.5575,39.991,39.5175,39.8694,8710.977
2024-02-13 21:00:00,39.8694,40.126,39.7177,39.7346,15288.093
2024-02-13 22:00:00,39.7346,39.8585,39.5244,39.6362,7681.891
2024-02-13 23:00:00,39.6362,39.7798,39.3984,39.7337,11334.241
2024-02-14 00:00:00,39.7337,39.7573,39.1525,39.2982,11914.314
2024-02-14 01:00:00,39.2982,39.4358,39.1152,39.2976,5033.119
2024-02-14 02:00:00,39.2976,39.4695,39.2004,39.3987,3923.305
2024-02-14 03:00:00,39.3987,39.6116,39.381,39.4831,7137.509
2024-02-14 04:00:00,39.4831,39.6379,39.264,39.3814,5274.628
2024-02-14 05:00:00,39.3814,39.732,39.359,39.6843,3582.431
2024-02-14 06:00:00,39.6843,39.7235,39.5957,39.681,4582.78
2024-02-14 07:00:00,39.681,39.9494,39.6777,39.9088,7387.341
2024-02-14 08:00:00,39.9088,40.5843,39.7601,40.5843,12797.124
2024-02-14 09:00:00,40.5843,41.9094,40.4019,41.7671,65281.651
2024-02-14 10:00:00,41.7671,41.8609,41.3503,41.4024,34042.439
2024-02-14 11:00:00,41.4024,41.5791,41.16,41.4885,68347.396
2024-02-14 12:00:00,41.4885,41.6981,41.273,41.3993,30965.624
2024-02-14 13:00:00,41.3993,41.7174,41.2475,41.615,27442.586
2024-02-14 14:00:00,41.615,42.3092,41.3654,41.8577,56499.722
2024-02-14 15:00:00,41.8577,41.9999,41.0787,41.6796,49943.43
2024-02-14 16:00:00,41.6796,41.7455,40.996,41.3386,49405.063
2024-02-14 17:00:00,41.3386,41.5465,41.2234,41.4586,19170.171
2024-02-14 18:00:00,41.4586,41.6434,41.1879,41.5255,22391.708
2024-02-14 19:00:00,41.5255,41.9245,41.342,41.8494,26529.419
2024-02-14 20:00:00,41.8494,42.0176,41.7104,41.9313,26033.971
2024-02-14 21:00:00,41.9313,42.1642,41.6796,42.1076,26115.361
2024-02-14 22:00:00,42.1076,42.3929,41.9276,42.265,27224.109
2024-02-14 23:00:00,42.265,42.4272,42.0719,42.2162,18586.534
2024-02-15 00:00:00,42.2162,42.7459,42.2015,42.6939,33117.313
2024-02-15 01:00:00,42.6939,42.7285,41.8213,42.234,43431.236
2024-02-15 02:00:00,42.234,42.6483,42.0049,42.0683,38466.28
2024-02-15 03:00:00,42.0683,42.4088,42.0271,42.3793,10291.872
2024-02-15 04:00:00,42.3793,42.4026,41.9235,42.0138,12018.174
2024-02-15 05:00:00,42.0138,42.0479,41.3903,41.6018,31897.473
2024-02-15 06:00:00,41.6018,41.8791,41.54,41.7393,30532.073
2024-02-15 07:00:00,41.7393,42.9495,41.7099,42.9249,29002.329
2024-02-15 08:00:00,42.9249,42.9429,42.2871,42.5627,41714.639
2024-02-15 09:00:00,42.5627,43.2139,42.4184,42.9116,47809.966
2024-02-15 10:00:00,42.9116,43.6124,42.8286,43.1878,50080.045
2024-02-15 11:00:00,43.1878,43.303,42.6856,42.8706,34443.585
2024-02-15 12:00:00,42.8706,43.036,42.2281,42.4751,32247.301
2024-02-15 13:00:00,42.4751,42.6708,42.2769,42.5567,12816.909
2024-02-15 14:00:00,42.5567,43.1894,42.3904,42.9969,23943.44
2024-02-15 15:00:00,42.9969,43.1465,41.4846,41.8703,67561.149
2024-02-15 16:00:00,41.8703,42.272,41.2633,41.8857,44368.674
2024-02-15 17:00:00,41.8857,42.2408,41.7519,41.8962,25643.085
2024-02-15 18:00:00,41.8962,42.1061,41.7266,41.7949,19275.114
2024-02-15 19:00:00,41.7949,41.8426,41.4562,41.678,35787.002
2024-02-15 20:00:00,41.678,41.8753,41.4114,41.5021,15512.756
2024-02-15 21:00:00,41.5021,41.7644,40.8451,40.9831,23887.311
2024-02-15 22:00:00,40.9831,41.496,40.9729,41.3311,12752.272
2024-02-15 23:00:00,41.3311,41.6455,41.2886,41.5401,7794.758
2024-02-16 00:00:00,41.5401,41.5652,41.1424,41.4537,19940.03
2024-02-16 01:00:00,41.4537,41.7397,41.351,41.7093,12511.029
2024-02-16 02:00:00,41.7093,41.7867,41.5253,41.7596,7505.613
2024-02-16 03:00:00,41.7596,41.7743,41.5177,41.7068,11747.376
2024-02-16 04:00:00,41.7068,41.7644,41.5402,41.5591,9147.898
2024-02-16 05:00:00,41.5591,41.7838,41.429,41.5522,15729.031
2024-02-16 06:00:00,41.5522,41.7375,41.1245,41.2212,11434.948
2024-02-16 07:00:00,41.2212,41.292,40.6696,40.7681,13992.906
2024-02-16 08:00:00,40.7681,40.9534,40.5803,40.7065,16782.741
2024-02-16 09:00:00,40.7065,40.7191,40.2276,40.3824,23335.827
2024-02-16 10:00:00,40.3824,40.979,40.1486,40.9759,19740.121
2024-02-16 11:00:00,40.9759,41.2025,40.9073,40.9723,17974.713
2024-02-16 12:00:00,40.9723,41.3375,40.8387,41.297,12281.877
2024-02-16 13:00:00,41.297,41.335,40.8164,40.9728,21038.16
2024-02-16 14:00:00,40.9728,41.0599,39.7354,40.1151,38290.07
2024-02-16 15:00:00,40.1151,40.137,39.4306,40.0786,32239.313
2024-02-16 16:00:00,40.0786,40.4929,39.9156,40.0213,17994.678
2024-02-16 17:00:00,40.0213,40.2,39.8721,40.1065,10243.958
2024-02-16 18:00:00,40.1065,40.2389,39.873,40.1397,8945.938
2024-02-16 19:00:00,40.1397,40.2404,39.7624,39.8413,10298.44
2024-02-16 20:00:00,39.8413,40.0773,39.7475,39.9997,10639.948
2024-02-16 21:00:00,39.9997,40.2463,39.9062,40.1672,5095.869
2024-02-16 22:00:00,40.1672,40.1711,39.8753,40.0158,4021.437
2024-02-16 23:00:00,40.0158,40.4157,40.0017,40.2557,5784.308
2024-02-17 00:00:00,40.2557,40.3558,40.1088,40.1215,4125.985
2024-02-17 01:00:00,40.1215,40.1571,39.5492,39.7273,10797.667
2024-02-17 02:00:00,39.7273,40.1099,39.6748,40.0674,4821.175
2024-02-17 03:00:00,40.0674,40.2185,40.0042,40.2128,5578.78
2024-02-17 04:00:00,40.2128,40.3176,40.0586,40.2932,8350.693
2024-02-17 05:00:00,40.2932,40.3951,40.0825,40.3886,4945.158
2024-02-17 06:00:00,40.3886,40.4739,40.2606,40.3513,17479.015
2024-02-17 07:00:00,40.3513,40.412,40.1929,40.2261,7343.538
2024-02-17 08:00:00,40.2261,40.2349,39.7195,39.8196,16219.714
2024-02-17 09:00:00,39.8196,39.9215,39.5032,39.5032,8834.144
2024-02-17 10:00:00,39.5032,39.5712,39.268,39.5626,16143.339
2024-02-17 11:00:00,39.5626,39.7512,39.5238,39.7084,6814.374
2024-02-17 12:00:00,39.7084,39.8444,39.6053,39.7363,10748.941
2024-02-17 13:00:00,39.7363,39.7398,38.8805,38.9422,20588.433
2024-02-17 14:00:00,38.9422,39.1428,38.3764,38.7018,36429.954
2024-02-17 15:00:00,38.7018,39.1403,38.4954,39.1087,8613.816
2024-02-17 16:00:00,39.1087,39.369,38.8326,39.2824,12987.187
2024-02-17 17:00:00,39.2824,39.5353,39.2749,39.4836,8436.189
2024-02-17 18:00:00,39.4836,39.5375,39.3536,39.5211,7703.219
2024-02-17 19:00:00,39.5211,39.7068,39.4356,39.6033,10564.532
2024-02-17 20:00:00,39.6033,39.7288,39.523,39.7048,5699.497
2024-02-17 21:00:00,39.7048,40.0622,39.5756,39.9375,13114.944
2024-02-17 22:00:00,39.9375,39.9881,39.7357,39.8344,8331.345
2024-02-17 23:00:00,39.8344,39.8344,39.6151,39.7439,4616.142
2024-02-18 00:00:00,39.7439,39.979,39.6298,39.6995,9296.858
2024-02-18 01:00:00,39.6995,39.8229,39.1375,39.226,8767.857
2024-02-18 02:00:00,39.226,39.3399,38.9801,39.1392,6441.904
2024-02-18 03:00:00,39.1392,39.3513,38.9901,39.3355,5831.758
2024-02-18 04:00:00,39.3355,39.7835,39.3355,39.769,6844.076
2024-02-18 05:00:00,39.769,40.2464,39.7128,40.1978,9770.834
2024-02-18 06:00:00,40.1978,40.2281,39.5887,39.7279,9122.739
2024-02-18 07:00:00,39.7279,40.0628,39.5432,39.9853,6262.763
2024-02-18 08:00:00,39.9853,39.9882,39.8012,39.9609,11842.622
2024-02-18 09:00:00,39.9609,40.4177,39.9607,40.4011,13834.342
2024-02-18 10:00:00,40.4011,40.6221,40.2705,40.3822,15583.951
2024-02-18 11:00:00,40.3822,40.477,40.2852,40.3384,8283.347
2024-02-18 12:00:00,40.3384,40.4846,39.9573,39.985,15783.2
2024-02-18 13:00:00,39.985,40.1381,39.8585,39.9371,10499.154
2024-02-18 14:00:00,39.9371,40.4312,39.9371,40.2877,10561.044
2024-02-18 15:00:00,40.2877,40.3126,40.12,40.2465,5627.749
2024-02-18 16:00:00,40.2465,40.3811,40.0113,40.3339,7467.05
2024-02-18 17:00:00,40.3339,40.6182,40.2656,40.315,22024.291
2024-02-18 18:00:00,40.315,40.3532,40.0038,40.3048,7718.158
2024-02-18 19:00:00,40.3048,40.3618,40.0448,40.1424,4765.63
2024-02-18 20:00:00,40.1424,40.2267,39.8699,40.0835,3631.711
2024-02-18 21:00:00,40.0835,40.38,40.0523,40.2256,10064.369
2024-02-18 22:00:00,40.2256,40.7348,40.1771,40.6748,11955.709
2024-02-18 23:00:00,40.6748,40.7559,40.1424,40.2799,16404.888
2024-02-19 00:00:00,40.2799,40.646,40.2001,40.5589,20445.905
2024-02-19 01:00:00,40.5589,40.5662,40.0233,40.2067,13664.462
2024-02-19 02:00:00,40.2067,40.371,40.1275,40.2877,4168.975
2024-02-19 03:00:00,40.2877,40.3515,39.908,40.0677,7290.385
2024-02-19 04:00:00,40.0677,40.2132,39.8168,40.0009,6663.452
2024-02-19 05:00:00,40.0009,40.0144,39.7,39.9554,13644.713
2024-02-19 06:00:00,39.9554,40.4272,39.9063,40.1427,18156.3
2024-02-19 07:00:00,40.1427,40.5722,40.0692,40.4848,11339.446
2024-02-19 08:00:00,40.4848,40.5342,39.8001,39.8367,14237.79
2024-02-19 09:00:00,39.8367,40.2502,39.7891,39.9739,15307.535
2024-02-19 10:00:00,39.9739,40.0893,39.5824,39.9195,17301.313
2024-02-19 11:00:00,39.9195,40.173,39.8569,39.9887,10122.237
2024-02-19 12:00:00,39.9887,40.1753,39.7904,39.9151,11364.502
2024-02-19 13:00:00,39.9151,40.3548,39.8144,39.8253,19677.704
2024-02-19 14:00:00,39.8253,39.932,39.4328,39.6016,23256.582
2024-02-19 15:00:00,39.6016,40.0235,39.4841,39.6091,22960.509
2024-02-19 16:00:00,39.6091,39.7765,39.1945,39.2893,13427.04
2024-02-19 17:00:00,39.2893,39.6819,39.08,39.5849,18604.217
2024-02-19 18:00:00,39.5849,39.6938,39.3167,39.3378,11999.817
2024-02-19 19:00:00,39.3378,39.4707,39.212,39.3824,10459.634
2024-02-19 20:00:00,39.3824,39.4977,39.2536,39.3381,5104.871
2024-02-19 21:00:00,39.3381,39.6883,39.3076,39.6819,8254.918
2024-02-19 22:00:00,39.6819,39.9118,39.648,39.8427,11496.703
2024-02-19 23:00:00,39.8427,39.8427,39.3494,39.5,9823.956
2024-02-20 00:00:00,39.5,39.6314,39.0017,39.0645,18397.869
2024-02-20 01:00:00,39.0645,39.2956,38.5667,38.9887,20834.388
2024-02-20 02:00:00,38.9887,39.2354,38.915,39.2308,6075.669
2024-02-20 03:00:00,39.2308,39.3184,38.9106,38.9291,7964.687
2024-02-20 04:00:00,38.9291,39.3888,38.8,39.2639,6102.299
2024-02-20 05:00:00,39.2639,39.5476,39.2211,39.4759,11473.533
2024-02-20 06:00:00,39.4759,39.5855,39.3876,39.4779,7810.273
2024-02-20 07:00:00,39.4779,39.5702,39.1975,39.2829,10521.945
2024-02-20 08:00:00,39.2829,39.3393,38.82,39.0276,8710.311
2024-02-20 09:00:00,39.0276,39.1246,38.0436,38.4816,42375.848
2024-02-20 10:00:00,38.4816,39.0125,38.4485,38.9478,22474.039
2024-02-20 11:00:00,38.9478,39.2399,38.9478,39.2297,10853.066
2024-02-20 12:00:00,39.2297,39.4136,38.8749,38.8837,12535.458
2024-02-20 13:00:00,38.8837,39.7127,38.7649,39.6797,24972.852
2024-02-20 14:00:00,39.6797,39.714,37.8975,38.307,38061.224
2024-02-20 15:00:00,38.307,38.3517,36.8179,37.6941,52252.169
2024-02-20 16:00:00,37.6941,37.9603,37.2605,37.2932,21273.775
2024-02-20 17:00:00,37.2932,37.541,36.9019,37.541,16325.584
2024-02-20 18:00:00,37.541,37.8811,37.4557,37.7974,9699.238
2024-02-20 19:00:00,37.7974,38.3926,37.6579,38.3375,16199.421
2024-02-20 20:00:00,38.3375,38.3713,38.1296,38.2785,9998.954
2024-02-20 21:00:00,38.2785,38.3866,38.1127,38.1741,5012.111
2024-02-20 22:00:00,38.1741,38.5758,38.1729,38.55,4488.357
2024-02-20 23:00:00,38.55,38.79,38.4786,38.4963,9695.511
2024-02-21 00:00:00,38.4963,38.5436,38.2592,38.2826,4117.555
2024-02-21 01:00:00,38.2826,38.439,38.0897,38.1436,4687.532
2024-02-21 02:00:00,38.1436,38.2339,37.9882,38.0141,4307.34
2024-02-21 03:00:00,38.0141,38.1719,37.9022,38.0041,5683.196
2024-02-21 04:00:00,38.0041,38.0921,37.5872,37.8823,9426.735
2024-02-21 05:00:00,37.8823,38.0438,37.5914,37.6294,5691.109
2024-02-21 06:00:00,37.6294,37.7006,37.3428,37.4573,6836.921
2024-02-21 07:00:00,37.4573,37.4573,37.1136,37.3455,9198.673
2024-02-21 08:00:00,37.3455,37.5502,37.2279,37.416,7841.923
2024-02-21 09:00:00,37.416,37.4198,36.45,36.6108,18496.251
2024-02-21 10:00:00,36.6108,37.0702,36.4128,36.949,20382.544
2024-02-21 11:00:00,36.949,37.1662,36.612,36.7732,13830.646
2024-02-21 12:00:00,36.7732,37.2145,36.4216,37.1494,21186.987
2024-02-21 13:00:00,37.1494,37.3051,36.7337,36.976,14201.132
2024-02-21 14:00:00,36.976,36.9999,36.2498,36.5491,21768.917
2024-02-21 15:00:00,36.5491,37.0,36.3754,36.689,22338.485
2024-02-21 16:00:00,36.689,36.88,36.4163,36.8,17293.918
2024-02-21 17:00:00,36.8,36.9169,36.236,36.2793,14346.843
2024-02-21 18:00:00,36.2793,36.4312,35.8902,36.2356,19722.211
2024-02-21 19:00:00,36.2356,37.0,36.133,36.7868,20827.828
2024-02-21 20:00:00,36.7868,36.8862,36.6266,36.7297,12891.257
2024-02-21 21:00:00,36.7297,37.25,36.6876,37.2207,33168.368
2024-02-21 22:00:00,37.2207,37.3914,37.0485,37.3783,8642.079
2024-02-21 23:00:00,37.3783,37.7263,37.3356,37.6154,6596.357
2024-02-22 00:00:00,37.6154,37.6719,37.3834,37.483,9608.295
2024-02-22 01:00:00,37.483,37.531,36.5829,36.7124,19112.475
2024-02-22 02:00:00,36.7124,37.1284,36.7118,36.9244,6706.802
2024-02-22 03:00:00,36.9244,37.0463,36.8364,36.9771,6204.03
2024-02-22 04:00:00,36.9771,37.0259,36.7059,36.805,5216.561
2024-02-22 05:00:00,36.805,37.1346,36.7805,37.0056,4605.96
2024-02-22 06:00:00,37.0056,37.45,36.9743,37.4147,9874.124
2024-02-22 07:00:00,37.4147,37.7737,37.2236,37.73,16061.883
2024-02-22 08:00:00,37.73,38.1288,37.6675,38.0127,18585.328
2024-02-22 09:00:00,38.0127,38.2186,37.8806,38.0805,14092.86
2024-02-22 10:00:00,38.0805,38.0805,37.4734,37.6314,13460.968
2024-02-22 11:00:00,37.6314,37.6343,37.3807,37.498,6974.105
2024-02-22 12:00:00,37.498,37.6312,37.1576,37.2643,7357.715
2024-02-22 13:00:00,37.2643,37.296,36.5134,36.8259,16966.322
2024-02-22 14:00:00,36.8259,37.3903,36.7775,37.2965,11845.315
2024-02-22 15:00:00,37.2965,37.5528,37.1882,37.4876,12604.86
2024-02-22 16:00:00,37.4876,37.5046,36.9305,37.0548,11430.152
2024-02-22 17:00:00,37.0548,37.3379,37.0389,37.3379,9123.512
2024-02-22 18:00:00,37.3379,37.682,37.1841,37.4822,10922.779
2024-02-22 19:00:00,37.4822,37.5127,37.2032,37.2895,13067.901
2024-02-22 20:00:00,37.2895,37.7652,37.2338,37.6395,19420.856
2024-02-22 21:00:00,37.6395,37.6528,36.9497,37.129,11482.037
2024-02-22 22:00:00,37.129,37.2393,36.7093,37.09,13068.138
2024-02-22 23:00:00,37.09,37.1479,36.6037,36.7702,12109.576
2024-02-23 00:00:00,36.7702,36.9516,36.6731,36.8384,14216.15
2024-02-23 01:00:00,36.8384,36.9252,36.6072,36.6181,7196.61
2024-02-23 02:00:00,36.6181,36.8281,36.1531,36.264,10286.256
2024-02-23 03:00:00,36.264,36.511,36.0359,36.5,14421.879
2024-02-23 04:00:00,36.5,36.5825,36.266,36.5097,10864.136
2024-02-23 05:00:00,36.5097,36.6029,36.4641,36.5852,4025.251
2024-02-23 06:00:00,36.5852,36.7487,36.5346,36.7253,5371.767
2024-02-23 07:00:00,36.7253,36.7343,36.3249,36.4042,6006.095
2024-02-23 08:00:00,36.4042,36.6356,36.1051,36.2334,6738.922
2024-02-23 09:00:00,36.2334,36.5693,36.1493,36.5476,6153.358
2024-02-23 10:00:00,36.5476,36.8308,36.4981,36.8169,9419.064
2024-02-23 11:00:00,36.8169,36.8628,36.6942,36.7839,5756.342
2024-02-23 12:00:00,36.7839,36.7907,36.1934,36.21,11920.289
2024-02-23 13:00:00,36.21,36.56,36.1199,36.505,13474.132
2024-02-23 14:00:00,36.505,36.7105,36.028,36.537,14286.316
2024-02-23 15:00:00,36.537,36.537,35.51,35.7376,29472.747
2024-02-23 16:00:00,35.7376,36.0924,35.1352,36.0332,28180.567
2024-02-23 17:00:00,36.0332,36.3724,35.9425,36.3531,12286.952
2024-02-23 18:00:00,36.3531,36.4255,36.1063,36.3404,8970.874
2024-02-23 19:00:00,36.3404,36.4486,36.22,36.3995,11968.638
2024-02-23 20:00:00,36.3995,36.5278,36.2404,36.4467,9600.263
2024-02-23 21:00:00,36.4467,36.5027,36.2353,36.2494,7304.566
2024-02-23 22:00:00,36.2494,36.3515,35.7873,35.872,6987.557
2024-02-23 23:00:00,35.872,36.0189,35.4175,35.9211,12188.115
2024-02-24 00:00:00,35.9211,36.0704,35.6962,36.0619,10875.997
2024-02-24 01:00:00,36.0619,36.136,35.22,35.2402,9317.822
2024-02-24 02:00:00,35.2402,35.6898,35.201,35.6662,6166.514
2024-02-24 03:00:00,35.6662,35.8791,35.4573,35.8496,6792.061
2024-02-24 04:00:00,35.8496,36.1877,35.7922,36.1449,10739.493
2024-02-24 05:00:00,36.1449,36.2395,36.0195,36.2088,8638.182
2024-02-24 06:00:00,36.2088,36.26,36.0476,36.1072,8451.621
2024-02-24 07:00:00,36.1072,36.4298,35.9964,36.369,12792.757
2024-02-24 08:00:00,36.369,36.4241,36.1025,36.1485,8961.165
2024-02-24 09:00:00,36.1485,36.4918,36.1285,36.4673,9801.629
2024-02-24 10:00:00,36.4673,36.6028,36.4022,36.5119,8246.454
2024-02-24 11:00:00,36.5119,36.7031,36.4021,36.628,7597.044
2024-02-24 12:00:00,36.628,36.7902,36.522,36.6083,13591.224
2024-02-24 13:00:00,36.6083,36.7157,36.4752,36.5128,12551.177
2024-02-24 14:00:00,36.5128,36.5666,36.2461,36.3696,9727.806
2024-02-24 15:00:00,36.3696,36.4316,36.2523,36.3443,9607.451
2024-02-24 16:00:00,36.3443,36.5924,36.3284,36.5278,7423.626
2024-02-24 17:00:00,36.5278,36.826,36.5241,36.7709,11216.265
2024-02-24 18:00:00,36.7709,36.9511,36.6388,36.6798,7013.181
2024-02-24 19:00:00,36.6798,36.7715,36.6604,36.7592,4193.021
2024-02-24 20:00:00,36.7592,36.7785,36.6147,36.6474,8081.011
2024-02-24 21:00:00,36.6474,36.7823,36.5477,36.7038,10774.238
2024-02-24 22:00:00,36.7038,36.779,36.6604,36.7114,6491.464
2024-02-24 23:00:00,36.7114,36.864,36.7006,36.761,7850.072
2024-02-25 00:00:00,36.761,36.8777,36.6253,36.8128,9288.921
2024-02-25 01:00:00,36.8128,36.8978,36.6447,36.8476,4116.327
2024-02-25 02:00:00,36.8476,37.0386,36.7781,36.8441,12121.263
2024-02-25 03:00:00,36.8441,36.865,36.4307,36.7942,7834.923
2024-02-25 04:00:00,36.7942,36.8824,36.4793,36.6329,6623.867
2024-02-25 05:00:00,36.6329,36.8118,36.4964,36.7975,4599.82
2024-02-25 06:00:00,36.7975,37.2712,36.7479,37.0076,8329.287
2024-02-25 07:00:00,37.0076,37.0569,36.7772,36.9103,4717.12
2024-02-25 08:00:00,36.9103,36.9103,36.6467,36.6541,9466.417
2024-02-25 09:00:00,36.6541,36.8116,36.5903,36.8013,7941.985
2024-02-25 10:00:00,36.8013,36.888,36.5723,36.6161,2511.037
2024-02-25 11:00:00,36.6161,36.7903,36.5614,36.7826,2392.133
2024-02-25 12:00:00,36.7826,36.9565,36.683,36.947,4165.17
2024-02-25 13:00:00,36.947,37.0107,36.7255,36.7756,3993.527
2024-02-25 14:00:00,36.7756,37.2345,36.7273,37.2114,6732.334
2024-02-25 15:00:00,37.2114,37.2551,36.7636,36.8294,8705.819
2024-02-25 16:00:00,36.8294,36.9157,36.6664,36.6987,7475.543
2024-02-25 17:00:00,36.6987,36.9187,36.6368,36.8827,7645.303
2024-02-25 18:00:00,36.8827,36.9227,36.7187,36.8396,4016.227
2024-02-25 19:00:00,36.8396,37.1222,36.7043,37.0509,10481.315
2024-02-25 20:00:00,37.0509,37.3303,37.0407,37.0797,18188.035
2024-02-25 21:00:00,37.0797,37.1579,36.9523,36.9799,11050.35
2024-02-25 22:00:00,36.9799,37.4583,36.9067,37.3523,14186.893
2024-02-25 23:00:00,37.3523,37.4917,37.2551,37.4549,8294.431
2024-02-26 00:00:00,37.4549,37.5264,37.2096,37.4016,8857.37
2024-02-26 01:00:00,37.4016,37.5505,37.2564,37.3218,4878.048
2024-02-26 02:00:00,37.3218,37.3645,37.1037,37.1037,7365.18
2024-02-26 03:00:00,37.1037,37.1133,36.8321,37.0037,8210.061
2024-02-26 04:00:00,37.0037,37.1214,36.9398,37.0415,3965.816
2024-02-26 05:00:00,37.0415,37.2253,36.8846,37.202,3424.47
2024-02-26 06:00:00,37.202,37.3248,37.1183,37.3175,5190.086
2024-02-26 07:00:00,37.3175,37.3408,36.7623,36.8305,15377.688
2024-02-26 08:00:00,36.8305,37.0107,36.7918,36.922,7300.039
2024-02-26 09:00:00,36.922,37.0621,36.263,36.3663,17353.662
2024-02-26 10:00:00,36.3663,36.8168,36.35,36.6812,9347.077
2024-02-26 11:00:00,36.6812,36.7455,36.4926,36.6946,5902.112
2024-02-26 12:00:00,36.6946,36.7993,36.4884,36.7955,8893.164
2024-02-26 13:00:00,36.7955,37.1368,36.7575,36.9741,14006.449
2024-02-26 14:00:00,36.9741,37.7548,36.9741,37.7378,23851.152
2024-02-26 15:00:00,37.7378,38.3499,37.6445,38.262,40077.548
2024-02-26 16:00:00,38.262,39.0134,38.2046,38.9129,34538.94
2024-02-26 17:00:00,38.9129,39.2083,38.7103,39.1674,29861.524
2024-02-26 18:00:00,39.1674,39.2164,38.6588,38.7576,14734.555
2024-02-26 19:00:00,38.7576,39.0249,38.3879,38.9942,23100.084
2024-02-26 20:00:00,38.9942,39.2,38.8052,38.9583,22595.704
2024-02-26 21:00:00,38.9583,39.2197,38.7984,39.1922,10743.949
2024-02-26 22:00:00,39.1922,39.3352,39.05,39.2435,11514.201
2024-02-26 23:00:00,39.2435,39.352,39.0657,39.2949,9741.129
2024-02-27 00:00:00,39.2949,39.4273,38.9622,39.1961,8825.371
2024-02-27 01:00:00,39.1961,39.6662,39.1717,39.5713,15559.813
2024-02-27 02:00:00,39.5713,39.9348,39.4088,39.7483,29061.578
2024-02-27 03:00:00,39.7483,39.8628,39.0735,39.1761,33947.571
2024-02-27 04:00:00,39.1761,39.3985,39.0808,39.2536,8496.048
2024-02-27 05:00:00,39.2536,39.4465,39.2017,39.3599,7688.579
2024-02-27 06:00:00,39.3599,39.564,39.3349,39.406,6174.612
2024-02-27 07:00:00,39.406,39.4183,39.0331,39.0884,9932.739
2024-02-27 08:00:00,39.0884,39.3906,39.0725,39.2476,11594.104
2024-02-27 09:00:00,39.2476,39.5723,39.1739,39.4599,12284.054
2024-02-27 10:00:00,39.4599,39.5895,39.3,39.582,12229.911
2024-02-27 11:00:00,39.582,39.6,39.3618,39.5541,8980.456
2024-02-27 12:00:00,39.5541,39.8451,39.3569,39.3759,13303.552
2024-02-27 13:00:00,39.3759,39.507,39.0001,39.3297,14463.012
2024-02-27 14:00:00,39.3297,39.523,39.0347,39.2026,14487.379
2024-02-27 15:00:00,39.2026,39.3939,38.4133,38.6217,25820.738
2024-02-27 16:00:00,38.6217,38.9854,38.3002,38.8343,24340.297
2024-02-27 17:00:00,38.8343,38.9835,38.6525,38.8371,7200.392
2024-02-27 18:00:00,38.8371,39.1732,38.7831,38.9907,7095.367
2024-02-27 19:00:00,38.9907,39.2701,38.916,39.0775,16372.132
2024-02-27 20:00:00,39.0775,39.2243,38.9038,39.1957,8269.79
2024-02-27 21:00:00,39.1957,39.3235,39.0512,39.2912,6392.561
2024-02-27 22:00:00,39.2912,39.405,39.1911,39.2032,5424.31
2024-02-27 23:00:00,39.2032,39.3017,39.1796,39.2521,4141.408
2024-02-28 00:00:00,39.2521,39.5498,39.1641,39.3873,5541.835
2024-02-28 01:00:00,39.3873,39.4319,39.0807,39.1987,5294.232
2024-02-28 02:00:00,39.1987,39.4328,39.1016,39.3881,4945.448
2024-02-28 03:00:00,39.3881,39.4002,39.0143,39.1579,4601.487
2024-02-28 04:00:00,39.1579,39.5385,39.1425,39.4726,5831.228
2024-02-28 05:00:00,39.4726,39.4885,39.26,39.2685,2802.072
2024-02-28 06:00:00,39.2685,39.304,39.1292,39.2817,4659.067
2024-02-28 07:00:00,39.2817,39.7609,39.1656,39.7609,9819.378
2024-02-28 08:00:00,39.7609,39.9259,39.6001,39.8476,23950.029
2024-02-28 09:00:00,39.8476,40.3951,39.4683,40.2878,25945.728
2024-02-28 10:00:00,40.2878,40.571,39.9847,40.551,18311.642
2024-02-28 11:00:00,40.551,40.6193,39.2014,39.5639,26916.562
2024-02-28 12:00:00,39.5639,39.914,39.472,39.5944,17064.811
2024-02-28 13:00:00,39.5944,40.3566,39.5488,40.2214,25002.215
2024-02-28 14:00:00,40.2214,40.3693,39.166,39.6631,31186.676
2024-02-28 15:00:00,39.6631,39.9919,39.4389,39.8528,26634.143
2024-02-28 16:00:00,39.8528,41.0366,39.8181,40.834,58364.747
2024-02-28 17:00:00,40.834,41.3394,37.1828,39.3441,191631.236
2024-02-28 18:00:00,39.3441,39.47,37.2832,38.7408,62592.167
2024-02-28 19:00:00,38.7408,39.0,38.3928,38.51,27683.839
2024-02-28 20:00:00,38.51,39.0565,38.1372,38.9584,17460.436
2024-02-28 21:00:00,38.9584,40.1838,38.7049,40.0718,33341.245
2024-02-28 22:00:00,40.0718,40.76,39.8259,39.9032,34768.418
2024-02-28 23:00:00,39.9032,40.3591,39.7614,40.3386,21837.939
2024-02-29 00:00:00,40.3386,41.4639,40.1454,41.4367,39403.937
2024-02-29 01:00:00,41.4367,41.6668,41.065,41.6316,26203.376
2024-02-29 02:00:00,41.6316,41.8029,41.2737,41.4481,18675.628
2024-02-29 03:00:00,41.4481,41.5125,40.9088,41.3168,14167.975
2024-02-29 04:00:00,41.3168,41.566,41.0562,41.2132,18977.509
2024-02-29 05:00:00,41.2132,41.7611,41.1616,41.49,23925.365
2024-02-29 06:00:00,41.49,41.8271,41.2682,41.5887,20287.829
2024-02-29 07:00:00,41.5887,41.6309,40.9788,41.6023,12633.195
2024-02-29 08:00:00,41.6023,43.9736,41.4965,43.9111,77535.691
2024-02-29 09:00:00,43.9111,44.6771,43.4015,43.7568,75074.132
2024-02-29 10:00:00,43.7568,43.9014,43.2682,43.4517,28059.411
2024-02-29 11:00:00,43.4517,43.6084,42.8502,42.9437,21905.647
2024-02-29 12:00:00,42.9437,43.0364,42.4692,42.4814,34162.74
2024-02-29 13:00:00,42.4814,43.6107,42.3209,43.2008,34511.695
2024-02-29 14:00:00,43.2008,43.6963,42.7645,43.0489,39369.207
2024-02-29 15:00:00,43.0489,43.7164,42.9231,43.5077,18535.784
2024-02-29 16:00:00,43.5077,43.6349,41.9278,42.7512,37834.167
2024-02-29 17:00:00,42.7512,43.0207,41.6628,42.058,42744.468
2024-02-29 18:00:00,42.058,42.4827,41.6302,41.9225,21462.765
2024-02-29 19:00:00,41.9225,42.4879,41.6866,42.4546,12673.951
2024-02-29 20:00:00,42.4546,42.478,42.0576,42.1005,15404.634
2024-02-29 21:00:00,42.1005,42.1501,40.6062,41.2693,47420.37
2024-02-29 22:00:00,41.2693,41.342,39.6276,40.1451,25196.432
2024-02-29 23:00:00,40.1451,41.0,40.1433,40.9631,11881.503
2024-03-01 00:00:00,40.9631,41.9231,40.9631,41.9231,17023.109
2024-03-01 01:00:00,41.9231,42.7071,41.4963,42.4577,26246.799
2024-03-01 02:00:00,42.4577,42.653,41.9872,42.5809,17013.459
2024-03-01 03:00:00,42.5809,42.925,42.28,42.6701,21944.043
2024-03-01 04:00:00,42.6701,43.3738,42.6583,43.2573,21201.671
2024-03-01 05:00:00,43.2573,43.3245,42.5235,42.6338,18205.141
2024-03-01 06:00:00,42.6338,43.0116,42.2838,42.5188,11974.675
2024-03-01 07:00:00,42.5188,42.5537,41.8196,41.8489,12935.364
2024-03-01 08:00:00,41.8489,42.6048,41.773,42.3474,18381.525
2024-03-01 09:00:00,42.3474,42.7345,42.0895,42.6922,19551.134
2024-03-01 10:00:00,42.6922,42.8879,42.5613,42.6532,18875.246
2024-03-01 11:00:00,42.6532,42.8368,42.4149,42.5132,11467.036
2024-03-01 12:00:00,42.5132,42.6836,42.0962,42.1804,14919.72
2024-03-01 13:00:00,42.1804,42.5425,42.0814,42.36,14458.141
2024-03-01 14:00:00,42.36,42.4398,41.6164,41.945,21531.804
2024-03-01 15:00:00,41.945,42.1061,41.3837,41.5658,17261.565
2024-03-01 16:00:00,41.5658,41.7577,41.3421,41.3421,14558.565
2024-03-01 17:00:00,41.3421,42.0374,41.3393,41.9227,14668.167
2024-03-01 18:00:00,41.9227,42.0375,41.6129,41.9902,13154.478
2024-03-01 19:00:00,41.9902,42.0808,41.7814,42.0132,13408.931
2024-03-01 20:00:00,42.0132,42.255,41.8499,42.1803,7655.097
2024-03-01 21:00:00,42.1803,42.296,41.8198,42.2705,11090.287
2024-03-01 22:00:00,42.2705,42.7371,42.0994,42.4896,18378.724
2024-03-01 23:00:00,42.4896,42.8592,42.44,42.6909,17613.72
2024-03-02 00:00:00,42.6909,43.1997,42.6,43.0051,18714.651
2024-03-02 01:00:00,43.0051,43.3179,41.9553,43.1412,29053.982
2024-03-02 02:00:00,43.1412,43.5298,43.1163,43.2286,21247.268
2024-03-02 03:00:00,43.2286,43.4513,42.8778,43.368,20243.811
2024-03-02 04:00:00,43.368,43.7082,43.3418,43.3889,16851.281
2024-03-02 05:00:00,43.3889,43.4049,42.6574,42.9757,18890.81
2024-03-02 06:00:00,42.9757,43.2141,42.8592,42.8819,9248.668
2024-03-02 07:00:00,42.8819,42.9201,42.3501,42.5775,16842.051
2024-03-02 08:00:00,42.5775,42.9962,42.1482,42.8484,13759.246
2024-03-02 09:00:00,42.8484,42.9406,41.9679,42.3047,12495.354
2024-03-02 10:00:00,42.3047,42.5796,42.1759,42.2998,5278.411
2024-03-02 11:00:00,42.2998,42.5199,42.2139,42.2865,11410.606
2024-03-02 12:00:00,42.2865,42.8802,42.2085,42.8189,18698.278
2024-03-02 13:00:00,42.8189,43.1576,42.648,42.9396,15148.895
2024-03-02 14:00:00,42.9396,42.9611,42.0814,42.6657,22268.761
2024-03-02 15:00:00,42.6657,42.899,42.1601,42.1988,14824.73
2024-03-02 16:00:00,42.1988,42.7823,42.1605,42.7783,11781.674
2024-03-02 17:00:00,42.7783,42.8914,42.4071,42.4432,8087.55
2024-03-02 18:00:00,42.4432,42.9657,42.4302,42.9323,7193.988
2024-03-02 19:00:00,42.9323,43.0341,42.7765,43.0213,8363.711
2024-03-02 20:00:00,43.0213,43.086,42.5038,42.7647,8935.935
2024-03-02 21:00:00,42.7647,43.039,42.7138,43.0184,6897.515
2024-03-02 22:00:00,43.0184,43.6928,42.8623,43.4366,21017.201
2024-03-02 23:00:00,43.4366,44.5909,43.4366,44.3642,24084.111
2024-03-03 00:00:00,44.3642,44.8922,44.0375,44.0875,27646.642
2024-03-03 01:00:00,44.0875,44.2628,43.7487,43.9689,14121.455
2024-03-03 02:00:00,43.9689,43.9807,43.2654,43.3571,11361.158
2024-03-03 03:00:00,43.3571,43.927,43.2487,43.8594,9876.915
2024-03-03 04:00:00,43.8594,43.999,43.6386,43.8983,9017.518
2024-03-03 05:00:00,43.8983,43.9438,43.4616,43.5211,9477.492
2024-03-03 06:00:00,43.5211,43.5778,43.0122,43.1173,15950.937
2024-03-03 07:00:00,43.1173,43.1773,39.9377,41.8558,77719.13
2024-03-03 08:00:00,41.8558,42.4643,41.3038,42.3676,38714.258
2024-03-03 09:00:00,42.3676,42.914,42.2589,42.6278,20631.27
2024-03-03 10:00:00,42.6278,42.7439,42.2702,42.5148,10656.564
2024-03-03 11:00:00,42.5148,42.7571,42.3631,42.6148,7887.415
2024-03-03 12:00:00,42.6148,43.0,42.5374,42.6219,18258.172
2024-03-03 13:00:00,42.6219,42.8458,42.544,42.8142,9072.655
2024-03-03 14:00:00,42.8142,43.0,42.589,42.6864,12241.116
2024-03-03 15:00:00,42.6864,42.8731,42.5402,42.5698,7659.263
2024-03-03 16:00:00,42.5698,42.9867,42.3598,42.9622,13046.661
2024-03-03 17:00:00,42.9622,42.9824,42.6616,42.6955,9506.588
2024-03-03 18:00:00,42.6955,42.7596,42.4262,42.6186,6118.521
2024-03-03 19:00:00,42.6186,42.746,42.4767,42.5768,5461.189
2024-03-03 20:00:00,42.5768,42.6652,42.4,42.4655,9421.404
2024-03-03 21:00:00,42.4655,42.6123,42.4343,42.5222,4781.988
2024-03-03 22:00:00,42.5222,42.877,42.4404,42.7305,8961.529
2024-03-03 23:00:00,42.7305,42.7855,42.3988,42.5893,8451.041
2024-03-04 00:00:00,42.5893,43.4173,42.06,42.9183,43826.782
2024-03-04 01:00:00,42.9183,43.2542,42.5592,42.8049,15803.406
2024-03-04 02:00:00,42.8049,42.8049,42.3253,42.7189,7398.865
2024-03-04 03:00:00,42.7189,42.7563,42.2016,42.2706,6114.868
2024-03-04 04:00:00,42.2706,42.5294,41.9922,42.4583,14903.986
2024-03-04 05:00:00,42.4583,42.597,42.0117,42.1279,10351.953
2024-03-04 06:00:00,42.1279,42.552,42.1099,42.552,9386.207
2024-03-04 07:00:00,42.552,43.0728,42.4626,42.9657,12333.224
2024-03-04 08:00:00,42.9657,43.7113,42.9657,43.4201,30744.087
2024-03-04 09:00:00,43.4201,43.803,42.964,43.771,41031.592
2024-03-04 10:00:00,43.771,44.0118,42.8547,43.0362,38029.81
2024-03-04 11:00:00,43.0362,43.6765,42.7221,43.5926,18276.495
2024-03-04 12:00:00,43.5926,43.807,43.3062,43.7233,24123.862
2024-03-04 13:00:00,43.7233,43.8563,42.7538,42.8798,16417.406
2024-03-04 14:00:00,42.8798,43.9429,42.46,43.561,39062.249
2024-03-04 15:00:00,43.561,43.7,43.2789,43.5,18351.422
2024-03-04 16:00:00,43.5,43.6141,42.6635,42.748,37724.29
2024-03-04 17:00:00,42.748,43.0357,41.7933,41.8251,38429.443
2024-03-04 18:00:00,41.8251,42.4643,41.4135,42.44,29964.742
2024-03-04 19:00:00,42.44,42.6702,42.0452,42.5602,14104.349
2024-03-04 20:00:00,42.5602,42.6497,42.0916,42.2468,12918.706
2024-03-04 21:00:00,42.2468,42.4709,41.8625,42.432,15539.477
2024-03-04 22:00:00,42.432,42.9052,42.1911,42.8228,15789.561
2024-03-04 23:00:00,42.8228,43.1017,42.577,43.0868,19939.701
2024-03-05 00:00:00,43.0868,43.1473,42.2011,42.2336,21027.316
2024-03-05 01:00:00,42.2336,42.5359,42.0682,42.5146,28679.301
2024-03-05 02:00:00,42.5146,42.5511,41.7643,42.0544,14290.995
2024-03-05 03:00:00,42.0544,42.1506,41.7234,42.0424,12239.642
2024-03-05 04:00:00,42.0424,43.0255,41.7944,42.2193,31258.399
2024-03-05 05:00:00,42.2193,43.1056,41.222,43.1056,42638.006
2024-03-05 06:00:00,43.1056,43.317,42.6553,43.2909,35157.406
2024-03-05 07:00:00,43.2909,43.3513,42.4854,42.4904,25245.082
2024-03-05 08:00:00,42.4904,43.4072,42.07,43.2022,29409.618
2024-03-05 09:00:00,43.2022,43.3167,42.8691,43.26,21250.166
2024-03-05 10:00:00,43.26,43.3292,42.8819,42.9867,34738.629
2024-03-05 11:00:00,42.9867,43.1118,42.6936,42.7371,21611.33
2024-03-05 12:00:00,42.7371,43.0856,42.7371,42.917,17326.948
2024-03-05 13:00:00,42.917,43.0999,42.7097,42.9398,19607.995
2024-03-05 14:00:00,42.9398,43.6323,42.2332,43.1548,46965.375
2024-03-05 15:00:00,43.1548,45.2322,41.8912,44.1131,132844.627
2024-03-05 16:00:00,44.1131,44.5044,41.2365,42.4083,137061.934
2024-03-05 17:00:00,42.4083,42.6515,40.8993,42.5798,60956.135
2024-03-05 18:00:00,42.5798,42.5798,41.2665,41.3939,31965.716
2024-03-05 19:00:00,41.3939,41.6975,33.9616,37.53,146788.2
2024-03-05 20:00:00,37.53,38.4074,36.5452,37.5112,117677.617
2024-03-05 21:00:00,37.5112,38.9583,37.469,38.6829,72324.043
2024-03-05 22:00:00,38.6829,38.8122,38.0088,38.8122,36183.234
2024-03-05 23:00:00,38.8122,39.7058,38.6834,39.4647,34312.399
2024-03-06 00:00:00,39.4647,39.544,38.8776,38.912,46292.259
2024-03-06 01:00:00,38.912,39.2812,38.5225,38.6086,24359.711
2024-03-06 02:00:00,38.6086,38.6192,37.9048,37.9369,36006.258
2024-03-06 03:00:00,37.9369,38.6731,37.9339,38.5875,33565.093
2024-03-06 04:00:00,38.5875,39.7903,38.5875,39.7749,22631.069
2024-03-06 05:00:00,39.7749,40.4283,39.5093,40.3623,37571.853
2024-03-06 06:00:00,40.3623,40.7068,40.3225,40.6306,22238.414
2024-03-06 07:00:00,40.6306,41.1912,40.4083,41.1895,19218.528
2024-03-06 08:00:00,41.1895,41.6924,40.9706,41.0799,47941.267
2024-03-06 09:00:00,41.0799,41.1825,40.5024,40.525,18411.65
2024-03-06 10:00:00,40.525,40.9719,40.525,40.7832,9101.462
2024-03-06 11:00:00,40.7832,41.1239,40.6365,40.9096,12833.495
2024-03-06 12:00:00,40.9096,41.0169,39.1192,40.028,32954.069
2024-03-06 13:00:00,40.028,40.2557,39.5174,39.9999,21364.942
2024-03-06 14:00:00,39.9999,40.1856,39.3737,39.4768,19145.861
2024-03-06 15:00:00,39.4768,39.8691,38.79,39.8147,21222.617
2024-03-06 16:00:00,39.8147,40.3061,39.7403,40.2652,14929.207
2024-03-06 17:00:00,40.2652,41.094,40.0299,40.9477,22981.753
2024-03-06 18:00:00,40.9477,40.9898,40.4916,40.8727,17204.789
2024-03-06 19:00:00,40.8727,41.1104,40.5581,40.7976,14355.405
2024-03-06 20:00:00,40.7976,41.0903,40.7136,41.0447,10280.6
2024-03-06 21:00:00,41.0447,42.1357,40.9637,42.0075,27802.141
2024-03-06 22:00:00,42.0075,42.0456,41.3494,41.3717,11981.654
2024-03-06 23:00:00,41.3717,41.6754,41.32,41.5427,9869.226
2024-03-07 00:00:00,41.5427,42.8999,41.5427,42.8865,27921.63
2024-03-07 01:00:00,42.8865,43.5523,42.4021,43.5154,32474.799
2024-03-07 02:00:00,43.5154,43.8777,42.9787,43.6427,35180.175
2024-03-07 03:00:00,43.6427,43.7164,42.7804,42.92,27787.19
2024-03-07 04:00:00,42.92,43.0929,42.3261,42.4879,27661.72
2024-03-07 05:00:00,42.4879,42.7641,41.6717,41.9,26923.752
2024-03-07 06:00:00,41.9,42.4596,41.7849,42.3798,14757.847
2024-03-07 07:00:00,42.3798,42.7124,42.2333,42.6782,14342.48
2024-03-07 08:00:00,42.6782,42.9051,42.412,42.6671,14834.635
2024-03-07 09:00:00,42.6671,43.0303,42.6194,42.7406,15016.328
2024-03-07 10:00:00,42.7406,43.036,42.6396,42.861,15678.202
2024-03-07 11:00:00,42.861,43.4967,42.519,42.829,25605.902
2024-03-07 12:00:00,42.829,43.0585,42.5816,42.7424,15162.804
2024-03-07 13:00:00,42.7424,43.55,42.4839,43.4753,33701.875
2024-03-07 14:00:00,43.4753,44.55,43.0758,44.2842,69786.745
2024-03-07 15:00:00,44.2842,44.3639,43.1323,43.7806,46515.688
2024-03-07 16:00:00,43.7806,44.0248,43.5106,43.6559,12325.231
2024-03-07 17:00:00,43.6559,43.9447,43.56,43.7799,9935.456
2024-03-07 18:00:00,43.7799,44.2569,43.6893,44.1518,15155.298
2024-03-07 19:00:00,44.1518,45.0,43.6963,43.8365,33204.142
2024-03-07 20:00:00,43.8365,44.08,43.684,43.7677,8384.793
2024-03-07 21:00:00,43.7677,43.8328,43.3096,43.55,27284.055
2024-03-07 22:00:00,43.55,43.7044,43.229,43.2939,14219.39
2024-03-07 23:00:00,43.2939,43.5759,43.1227,43.1978,12934.116
2024-03-08 00:00:00,43.1978,43.7164,43.1978,43.7071,6917.076
2024-03-08 01:00:00,43.7071,43.8594,43.1092,43.2411,7348.408
2024-03-08 02:00:00,43.2411,43.4181,42.9138,43.0868,7184.913
2024-03-08 03:00:00,43.0868,43.1128,42.8584,42.9408,4843.284
2024-03-08 04:00:00,42.9408,43.0856,42.7327,42.884,6428.118
2024-03-08 05:00:00,42.884,42.9562,42.6555,42.8528,3242.051
2024-03-08 06:00:00,42.8528,43.4108,42.7328,43.3656,6031.034
2024-03-08 07:00:00,43.3656,43.4322,43.0777,43.1033,8125.604
2024-03-08 08:00:00,43.1033,43.5456,43.0327,43.4288,4284.428
2024-03-08 09:00:00,43.4288,43.5796,43.2656,43.3142,7799.12
2024-03-08 10:00:00,43.3142,43.6298,43.3067,43.4864,10032.542
2024-03-08 11:00:00,43.4864,43.5565,43.1992,43.5468,8514.894
2024-03-08 12:00:00,43.5468,43.666,43.3199,43.4163,4366.926
2024-03-08 13:00:00,43.4163,43.5223,43.0579,43.5001,17794.14
2024-03-08 14:00:00,43.5001,43.9689,43.3872,43.7172,15842.548
2024-03-08 15:00:00,43.7172,43.8897,41.3295,42.3574,79075.852
2024-03-08 16:00:00,42.3574,42.6207,41.0822,42.4797,62576.31
2024-03-08 17:00:00,42.4797,43.0295,42.2395,42.7004,41011.197
2024-03-08 18:00:00,42.7004,42.7287,42.3332,42.495,11416.084
2024-03-08 19:00:00,42.495,42.5858,42.1448,42.5434,10195.767
2024-03-08 20:00:00,42.5434,42.832,42.4656,42.6025,10970.975
2024-03-08 21:00:00,42.6025,42.7304,42.1758,42.3271,10069.951
2024-03-08 22:00:00,42.3271,42.661,42.2121,42.4709,8017.242
2024-03-08 23:00:00,42.4709,42.7829,42.4473,42.6165,7007.177
2024-03-09 00:00:00,42.6165,42.9566,42.533,42.863,17510.356
2024-03-09 01:00:00,42.863,42.863,42.4728,42.5633,20808.443
2024-03-09 02:00:00,42.5633,42.6466,42.3327,42.5034,19602.178
2024-03-09 03:00:00,42.5034,42.6369,42.3903,42.5875,4777.878
2024-03-09 04:00:00,42.5875,42.9028,42.5637,42.8303,9446.273
2024-03-09 05:00:00,42.8303,42.9234,42.6341,42.7814,6580.772
2024-03-09 06:00:00,42.7814,43.1293,42.7526,43.0506,10744.702
2024-03-09 07:00:00,43.0506,43.1576,43.0,43.0431,4539.173
2024-03-09 08:00:00,43.0431,43.118,42.7638,42.8189,7719.796
2024-03-09 09:00:00,42.8189,43.1684,42.8189,43.0375,15296.384
2024-03-09 10:00:00,43.0375,43.0697,42.3791,42.8446,13631.723
2024-03-09 11:00:00,42.8446,43.1243,42.8416,43.08,6045.354
2024-03-09 12:00:00,43.08,43.33,43.0183,43.24,9262.404
2024-03-09 13:00:00,43.24,43.2695,43.0295,43.0665,6302.22
2024-03-09 14:00:00,43.0665,43.3487,42.9215,43.0069,12739.168
2024-03-09 15:00:00,43.0069,43.28,42.9488,43.0954,7792.529
2024-03-09 16:00:00,43.0954,43.1863,42.7434,42.8333,8804.47
2024-03-09 17:00:00,42.8333,43.244,42.5242,43.1611,12244.831
2024-03-09 18:00:00,43.1611,43.55,42.9687,43.0404,8768.575
2024-03-09 19:00:00,43.0404,43.1039,42.8529,42.897,4161.938
2024-03-09 20:00:00,42.897,43.0683,42.7835,42.87,5246.645
2024-03-09 21:00:00,42.87,43.0697,42.7632,43.0697,7786.879
2024-03-09 22:00:00,43.0697,43.2704,42.9571,43.0705,3468.166
2024-03-09 23:00:00,43.0705,43.1893,42.8249,42.9114,3692.579
2024-03-10 00:00:00,42.9114,43.0833,42.7122,42.8969,6647.496
2024-03-10 01:00:00,42.8969,43.0929,42.769,42.957,5583.024
2024-03-10 02:00:00,42.957,43.3324,42.8485,43.175,5772.919
2024-03-10 03:00:00,43.175,43.195,42.8674,42.9325,4893.383
2024-03-10 04:00:00,42.9325,43.1717,42.8661,43.1282,6674.176
2024-03-10 05:00:00,43.1282,43.3857,43.0442,43.3611,6184.437
2024-03-10 06:00:00,43.3611,43.4001,43.2208,43.2208,5811.428
2024-03-10 07:00:00,43.2208,43.8541,43.1698,43.778,15128.903
2024-03-10 08:00:00,43.778,43.9175,43.44,43.6309,10532.012
2024-03-10 09:00:00,43.6309,43.6309,42.8011,42.9639,32331.66
2024-03-10 10:00:00,42.9639,43.2562,42.6927,42.9826,15120.461
2024-03-10 11:00:00,42.9826,42.9826,42.4521,42.6782,13566.037
2024-03-10 12:00:00,42.6782,42.8738,42.0824,42.4637,12554.655
2024-03-10 13:00:00,42.4637,42.5474,41.8462,42.0988,15765.208
2024-03-10 14:00:00,42.0988,42.4745,41.2918,41.9623,32709.615
2024-03-10 15:00:00,41.9623,42.0058,41.666,41.7786,7719.837
2024-03-10 16:00:00,41.7786,42.5459,41.7115,42.1715,18664.429
2024-03-10 17:00:00,42.1715,42.2707,42.0409,42.0487,14185.821
2024-03-10 18:00:00,42.0487,42.1813,41.9114,41.9931,7499.286
2024-03-10 19:00:00,41.9931,42.2672,41.904,42.2158,4849.043
2024-03-10 20:00:00,42.2158,42.2284,41.8972,42.0273,11092.316
2024-03-10 21:00:00,42.0273,42.0675,41.7908,41.83,4529.284
2024-03-10 22:00:00,41.83,41.8753,40.8749,41.2608,22173.775
2024-03-10 23:00:00,41.2608,42.0479,41.2112,42.0478,5961.194
2024-03-11 00:00:00,42.0478,42.1803,39.9035,41.0355,30604.323
2024-03-11 01:00:00,41.0355,41.3499,40.4335,41.0179,12228.468
2024-03-11 02:00:00,41.0179,41.2889,40.7654,41.1919,7551.494
2024-03-11 03:00:00,41.1919,41.6536,41.1034,41.5608,36740.407
2024-03-11 04:00:00,41.5608,41.7351,41.4393,41.5301,5408.007
2024-03-11 05:00:00,41.5301,41.8558,41.5175,41.6203,6989.925
2024-03-11 06:00:00,41.6203,41.9542,41.3112,41.9542,5426.532
2024-03-11 07:00:00,41.9542,42.9749,41.9292,42.8109,47188.561
2024-03-11 08:00:00,42.8109,44.4913,42.8062,44.1262,72581.772
2024-03-11 09:00:00,44.1262,44.9923,43.8315,44.9567,57349.665
2024-03-11 10:00:00,44.9567,47.0519,44.8417,45.8366,106602.981
2024-03-11 11:00:00,45.8366,46.9874,45.7177,46.1712,62418.407
2024-03-11 12:00:00,46.1712,47.1926,46.0755,46.4256,38276.866
2024-03-11 13:00:00,46.4256,47.4174,46.0654,46.3264,54756.378
2024-03-11 14:00:00,46.3264,48.7243,46.3127,47.588,97319.935
2024-03-11 15:00:00,47.588,47.8143,46.6651,46.6651,40190.716
2024-03-11 16:00:00,46.6651,47.1124,46.2078,46.7389,52202.304
2024-03-11 17:00:00,46.7389,47.108,46.7371,47.0131,28646.022
2024-03-11 18:00:00,47.0131,48.2064,46.9525,48.0372,68258.254
2024-03-11 19:00:00,48.0372,48.0585,47.3135,47.5022,62828.423
2024-03-11 20:00:00,47.5022,48.9999,47.4001,48.9624,97585.513
2024-03-11 21:00:00,48.9624,50.95,48.18,48.5052,93601.644
2024-03-11 22:00:00,48.5052,48.9449,48.275,48.9449,19964.637
2024-03-11 23:00:00,48.9449,49.1594,48.537,49.0854,23013.964
2024-03-12 00:00:00,49.0854,49.4055,48.036,48.058,35939.871
2024-03-12 01:00:00,48.058,49.8406,47.9543,48.6394,39899.514
2024-03-12 02:00:00,48.6394,50.9468,48.5669,50.5435,83592.849
2024-03-12 03:00:00,50.5435,50.655,47.8915,47.9674,52361.17
2024-03-12 04:00:00,47.9674,48.5633,47.627,48.528,56076.086
2024-03-12 05:00:00,48.528,48.9804,48.2722,48.9114,18531.868
2024-03-12 06:00:00,48.9114,48.9488,47.4413,48.0886,32849.57
2024-03-12 07:00:00,48.0886,48.0886,47.3008,47.6446,30207.171
2024-03-12 08:00:00,47.6446,47.9547,46.3906,47.1349,51709.338
2024-03-12 09:00:00,47.1349,47.7447,47.0814,47.4885,18425.421
2024-03-12 10:00:00,47.4885,47.9777,47.2494,47.9443,14976.417
2024-03-12 11:00:00,47.9443,48.1663,47.6643,47.7967,25536.406
2024-03-12 12:00:00,47.7967,49.0822,47.092,48.884,45314.217
2024-03-12 13:00:00,48.884,51.3794,48.678,50.6568,101632.3
2024-03-12 14:00:00,50.6568,51.1391,49.1973,49.3544,87797.199
2024-03-12 15:00:00,49.3544,54.13,49.0132,53.7403,188219.574
2024-03-12 16:00:00,53.7403,54.9328,52.2129,52.7559,116737.284
2024-03-12 17:00:00,52.7559,55.215,51.1421,54.6626,180402.339
2024-03-12 18:00:00,54.6626,56.9567,54.0141,56.7376,104214.86
2024-03-12 19:00:00,56.7376,57.37,56.1173,56.7594,56668.003
2024-03-12 20:00:00,56.7594,56.9812,55.0719,55.852,51209.281
2024-03-12 21:00:00,55.852,55.907,54.9269,55.2672,22924.108
2024-03-12 22:00:00,55.2672,55.6939,54.6518,54.9392,20308.681
2024-03-12 23:00:00,54.9392,55.6999,54.6634,55.4971,14244.893
2024-03-13 00:00:00,55.4971,55.5306,54.2576,54.9278,27144.706
2024-03-13 01:00:00,54.9278,55.2002,53.7983,54.3109,38121.593
2024-03-13 02:00:00,54.3109,54.5799,53.8,53.8251,20814.111
2024-03-13 03:00:00,53.8251,53.8799,53.2203,53.2897,23861.175
2024-03-13 04:00:00,53.2897,53.6761,52.9306,53.4668,18339.253
2024-03-13 05:00:00,53.4668,54.2269,52.87,53.0537,40598.803
2024-03-13 06:00:00,53.0537,54.3543,53.0466,54.1727,39806.473
2024-03-13 07:00:00,54.1727,54.4665,53.6087,53.8811,27644.269
2024-03-13 08:00:00,53.8811,54.6354,53.8248,54.1718,31102.907
2024-03-13 09:00:00,54.1718,54.5678,53.7734,53.8343,16965.809
2024-03-13 10:00:00,53.8343,53.9789,53.2311,53.8985,23415.878
2024-03-13 11:00:00,53.8985,54.0742,53.42,53.8464,21829.301
2024-03-13 12:00:00,53.8464,54.9554,53.571,54.2563,29716.457
2024-03-13 13:00:00,54.2563,54.7939,53.3111,54.0516,30594.569
2024-03-13 14:00:00,54.0516,54.232,52.2304,52.7995,39733.967
2024-03-13 15:00:00,52.7995,54.355,52.5371,53.5254,35496.732
2024-03-13 16:00:00,53.5254,53.9445,52.9126,53.8715,28076.096
2024-03-13 17:00:00,53.8715,54.3887,53.672,54.0188,25693.906
2024-03-13 18:00:00,54.0188,54.8248,53.5953,54.7465,23147.863
2024-03-13 19:00:00,54.7465,54.8268,53.5861,54.1251,28512.986
2024-03-13 20:00:00,54.1251,54.5218,53.2319,53.4838,28182.602
2024-03-13 21:00:00,53.4838,55.4735,53.3475,55.2384,35049.17
2024-03-13 22:00:00,55.2384,55.3012,53.9529,54.1947,25373.559
2024-03-13 23:00:00,54.1947,55.2,54.1399,54.8,18292.242
2024-03-14 00:00:00,54.8,58.348,54.4882,56.2614,190745.708
2024-03-14 01:00:00,56.2614,58.2025,55.4961,57.5934,60217.982
2024-03-14 02:00:00,57.5934,59.2686,57.2311,58.6322,42917.123
2024-03-14 03:00:00,58.6322,58.7049,56.6755,57.6945,41887.963
2024-03-14 04:00:00,57.6945,57.733,54.5565,56.1402,108022.965
2024-03-14 05:00:00,56.1402,56.2289,55.4117,55.8171,27017.871
2024-03-14 06:00:00,55.8171,56.1501,55.3745,55.4873,19761.577
2024-03-14 07:00:00,55.4873,56.1309,55.3383,55.8894,13603.581
2024-03-14 08:00:00,55.8894,56.4878,55.884,56.4875,15597.585
2024-03-14 09:00:00,56.4875,58.1552,56.3929,57.0662,65174.859
2024-03-14 10:00:00,57.0662,57.8119,56.5644,57.342,32009.572
2024-03-14 11:00:00,57.342,57.4748,55.7234,56.4981,36133.539
2024-03-14 12:00:00,56.4981,56.7814,55.3,56.213,25639.809
2024-03-14 13:00:00,56.213,56.3973,53.5866,54.3806,60197.652
2024-03-14 14:00:00,54.3806,55.0177,53.63,54.2228,45124.184
2024-03-14 15:00:00,54.2228,54.7647,52.7272,53.1375,58720.869
2024-03-14 16:00:00,53.1375,54.0507,52.3951,53.9673,30122.364
2024-03-14 17:00:00,53.9673,54.2225,53.0312,53.5472,27176.366
2024-03-14 18:00:00,53.5472,53.5507,51.7572,52.4401,29450.125
2024-03-14 19:00:00,52.4401,52.4505,50.4747,51.6123,66254.007
2024-03-14 20:00:00,51.6123,53.3496,51.5024,53.023,29125.93
2024-03-14 21:00:00,53.023,53.5404,52.5322,53.5404,10174.241
2024-03-14 22:00:00,53.5404,54.3211,53.5275,53.9615,22674.919
2024-03-14 23:00:00,53.9615,54.5444,53.7997,53.9845,15152.621
2024-03-15 00:00:00,53.9845,54.9316,53.9668,54.55,14513.804
2024-03-15 01:00:00,54.55,57.0239,54.198,56.3904,40628.222
2024-03-15 02:00:00,56.3904,56.7436,52.536,53.9783,68427.013
2024-03-15 03:00:00,53.9783,55.2326,50.5002,54.1636,87005.921
2024-03-15 04:00:00,54.1636,54.4,50.8316,51.7143,50354.972
2024-03-15 05:00:00,51.7143,53.1566,51.4527,51.8288,29807.967
2024-03-15 06:00:00,51.8288,54.5115,51.8288,54.3536,34534.208
2024-03-15 07:00:00,54.3536,54.445,53.5915,53.7567,17485.825
2024-03-15 08:00:00,53.7567,53.9403,50.0235,50.1403,52234.969
2024-03-15 09:00:00,50.1403,51.5397,48.253,51.1149,89598.059
2024-03-15 10:00:00,51.1149,51.9617,50.4,50.7931,45199.363
2024-03-15 11:00:00,50.7931,51.7199,49.2205,51.5038,65500.627
2024-03-15 12:00:00,51.5038,51.913,50.5857,51.0079,32537.217
2024-03-15 13:00:00,51.0079,54.3522,50.9466,54.1958,69894.5
2024-03-15 14:00:00,54.1958,54.9404,53.3,54.6786,76219.525
2024-03-15 15:00:00,54.6786,57.2473,54.2882,55.4458,122718.827
2024-03-15 16:00:00,55.4458,56.636,54.3655,55.9229,71747.652
2024-03-15 17:00:00,55.9229,56.7369,54.9687,56.306,67336.481
2024-03-15 18:00:00,56.306,57.5625,56.23,57.307,74340.895
2024-03-15 19:00:00,57.307,59.0239,55.7885,56.3236,124199.729
2024-03-15 20:00:00,56.3236,56.4544,54.647,54.9725,70629.583
2024-03-15 21:00:00,54.9725,55.6387,54.6389,55.4341,28165.234
2024-03-15 22:00:00,55.4341,56.9091,55.0221,56.8137,27033.811
2024-03-15 23:00:00,56.8137,58.6894,56.5076,58.3949,61766.854
2024-03-16 00:00:00,58.3949,58.7155,57.2251,57.4022,49919.553
2024-03-16 01:00:00,57.4022,58.306,56.5914,58.0639,39442.831
2024-03-16 02:00:00,58.0639,58.2931,56.6652,56.8016,27556.702
2024-03-16 03:00:00,56.8016,57.833,56.2624,56.9359,27954.311
2024-03-16 04:00:00,56.9359,58.1361,56.3897,56.7588,37730.832
2024-03-16 05:00:00,56.7588,57.0,55.1836,56.9056,57862.329
2024-03-16 06:00:00,56.9056,59.4778,56.4661,59.3427,85003.608
2024-03-16 07:00:00,59.3427,61.2123,59.1439,60.6552,112974.59
2024-03-16 08:00:00,60.6552,60.8333,59.7728,60.3877,42866.276
2024-03-16 09:00:00,60.3877,60.6709,59.7917,60.0447,34429.874
2024-03-16 10:00:00,60.0447,61.47,59.7647,60.673,54732.567
2024-03-16 11:00:00,60.673,60.959,58.7138,59.1659,58040.176
2024-03-16 12:00:00,59.1659,59.2687,57.8062,57.9984,52644.283
2024-03-16 13:00:00,57.9984,58.8193,56.8109,56.9177,47220.147
2024-03-16 14:00:00,56.9177,57.6782,56.7094,57.2514,39159.536
2024-03-16 15:00:00,57.2514,58.4993,56.1417,58.0693,44657.399
2024-03-16 16:00:00,58.0693,58.0693,56.72,56.9615,19240.146
2024-03-16 17:00:00,56.9615,57.166,54.6225,55.1171,74991.201
2024-03-16 18:00:00,55.1171,55.3495,52.3657,53.2812,132275.671
2024-03-16 19:00:00,53.2812,54.4801,52.677,52.7523,51702.855
2024-03-16 20:00:00,52.7523,54.4139,52.2539,53.7683,25474.693
2024-03-16 21:00:00,53.7683,54.1837,52.5772,53.2965,21017.509
2024-03-16 22:00:00,53.2965,53.9917,52.7161,53.2404,27326.52
2024-03-16 23:00:00,53.2404,53.8492,51.96,53.4468,54182.548
2024-03-17 00:00:00,53.4468,54.6583,52.379,52.4577,35511.731
2024-03-17 01:00:00,52.4577,53.5289,52.4577,53.4074,22444.16
2024-03-17 02:00:00,53.4074,54.1563,53.0139,53.6474,23190.546
2024-03-17 03:00:00,53.6474,53.6809,52.855,53.5231,12596.305
2024-03-17 04:00:00,53.5231,53.5907,52.4908,52.7364,12767.494
2024-03-17 05:00:00,52.7364,53.0166,52.2002,52.4664,17051.775
2024-03-17 06:00:00,52.4664,52.648,51.1639,51.1839,37604.765
2024-03-17 07:00:00,51.1839,51.6447,50.0449,51.4256,55906.871
2024-03-17 08:00:00,51.4256,55.2903,51.242,54.9576,46546.013
2024-03-17 09:00:00,54.9576,56.2374,54.4932,54.9965,62238.984
2024-03-17 10:00:00,54.9965,56.2997,54.9965,55.9955,47229.746
2024-03-17 11:00:00,55.9955,56.4097,55.442,55.5913,44166.543
2024-03-17 12:00:00,55.5913,56.7547,54.7075,55.0488,34203.521
2024-03-17 13:00:00,55.0488,56.2493,55.0383,55.4884,29871.185
2024-03-17 14:00:00,55.4884,55.5584,54.09,54.6662,27361.784
2024-03-17 15:00:00,54.6662,56.1056,54.3072,55.6454,34628.962
2024-03-17 16:00:00,55.6454,56.3462,54.8673,55.2727,38074.429
2024-03-17 17:00:00,55.2727,56.1091,55.0219,56.0098,22891.843
2024-03-17 18:00:00,56.0098,56.1916,55.4467,56.1916,22042.116
2024-03-17 19:00:00,56.1916,58.6876,55.8168,57.8354,60642.298
2024-03-17 20:00:00,57.8354,57.859,56.0484,56.4303,33661.619
2024-03-17 21:00:00,56.4303,56.8239,56.0032,56.5046,18300.287
2024-03-17 22:00:00,56.5046,58.0544,56.3783,57.1384,23448.76
2024-03-17 23:00:00,57.1384,58.4628,57.1372,58.4564,29886.735
2024-03-18 00:00:00,58.4564,58.4594,55.7193,55.8355,33121.344
2024-03-18 01:00:00,55.8355,57.85,55.2501,57.5572,25865.719
2024-03-18 02:00:00,57.5572,60.85,57.2544,60.6084,106176.611
2024-03-18 03:00:00,60.6084,61.6882,60.4407,60.5172,82222.518
2024-03-18 04:00:00,60.5172,61.7175,59.401,61.2772,47531.419
2024-03-18 05:00:00,61.2772,62.3943,60.8208,61.6137,54755.757
2024-03-18 06:00:00,61.6137,61.8446,60.6191,60.7301,33083.249
2024-03-18 07:00:00,60.7301,61.499,60.1938,61.2549,54519.046
2024-03-18 08:00:00,61.2549,61.4,59.4935,60.6011,36248.491
2024-03-18 09:00:00,60.6011,61.0,59.5341,60.529,49055.05
2024-03-18 10:00:00,60.529,63.0256,60.4839,62.9248,77134.569
2024-03-18 11:00:00,62.9248,64.5249,62.5155,63.7979,75929.806
2024-03-18 12:00:00,63.7979,64.4949,63.248,63.81,48426.302
2024-03-18 13:00:00,63.81,64.0986,61.5097,61.8066,58012.834
2024-03-18 14:00:00,61.8066,62.0376,59.5,61.0316,75026.381
2024-03-18 15:00:00,61.0316,61.9258,59.8215,61.7643,51035.499
2024-03-18 16:00:00,61.7643,65.5,61.3579,63.2534,122988.661
2024-03-18 17:00:00,63.2534,63.6466,61.4048,62.9692,105808.844
2024-03-18 18:00:00,62.9692,63.4,61.7509,61.9246,46597.931
2024-03-18 19:00:00,61.9246,63.996,61.301,62.3403,61541.256
2024-03-18 20:00:00,62.3403,63.625,61.7477,62.4417,51228.385
2024-03-18 21:00:00,62.4417,64.6997,62.1526,62.6798,41017.014
2024-03-18 22:00:00,62.6798,62.9095,60.7258,60.9881,41735.497
2024-03-18 23:00:00,60.9881,62.5375,60.115,60.6885,45406.268
2024-03-19 00:00:00,60.6885,61.943,59.419,60.0,83389.659
2024-03-19 01:00:00,60.0,60.0271,57.4838,58.0066,51652.76
2024-03-19 02:00:00,58.0066,59.4952,57.6352,57.9786,45411.718
2024-03-19 03:00:00,57.9786,59.431,56.8752,59.1274,71646.005
2024-03-19 04:00:00,59.1274,60.354,58.1662,58.67,56830.267
2024-03-19 05:00:00,58.67,59.476,56.7117,57.666,43787.47
2024-03-19 06:00:00,57.666,58.0184,56.1408,57.1669,43876.135
2024-03-19 07:00:00,57.1669,60.3491,55.1399,60.1677,101579.942
2024-03-19 08:00:00,60.1677,60.1745,55.9323,56.5491,85459.986
2024-03-19 09:00:00,56.5491,57.6585,55.0805,57.6125,72614.377
2024-03-19 10:00:00,57.6125,57.6125,55.5367,56.4915,34498.205
2024-03-19 11:00:00,56.4915,58.2276,55.0907,58.0143,44680.11
2024-03-19 12:00:00,58.0143,61.2132,57.5262,59.8476,81819.302
2024-03-19 13:00:00,59.8476,60.151,56.681,57.6345,52755.833
2024-03-19 14:00:00,57.6345,58.2035,56.5039,57.6131,32842.754
2024-03-19 15:00:00,57.6131,60.7441,56.9993,59.8094,58672.821
2024-03-19 16:00:00,59.8094,60.5939,58.6591,59.8176,46321.48
2024-03-19 17:00:00,59.8176,61.86,59.2907,60.6884,71663.666
2024-03-19 18:00:00,60.6884,60.6884,59.3,59.3209,35877.594
2024-03-19 19:00:00,59.3209,60.1873,58.4754,58.569,29435.969
2024-03-19 20:00:00,58.569,58.6991,56.5505,56.7222,45055.912
2024-03-19 21:00:00,56.7222,56.8935,55.6066,55.8687,25839.136
2024-03-19 22:00:00,55.8687,56.1573,53.5023,54.0659,50919.657
2024-03-19 23:00:00,54.0659,54.436,53.1589,53.6284,52159.391
2024-03-20 00:00:00,53.6284,54.6229,53.05,54.3648,50703.888
2024-03-20 01:00:00,54.3648,54.3648,51.5562,51.7555,54943.646
2024-03-20 02:00:00,51.7555,52.8228,51.5157,52.4032,34059.341
2024-03-20 03:00:00,52.4032,53.4203,51.1799,51.4463,39407.719
2024-03-20 04:00:00,51.4463,52.0,50.6714,51.233,43864.039
2024-03-20 05:00:00,51.233,51.8568,50.3726,50.993,48152.649
2024-03-20 06:00:00,50.993,51.8001,50.6877,51.4569,39512.011
2024-03-20 07:00:00,51.4569,54.2991,51.3696,53.8389,70005.421
2024-03-20 08:00:00,53.8389,54.0024,52.5231,52.5914,42204.061
2024-03-20 09:00:00,52.5914,53.4427,52.554,53.1379,17869.945
2024-03-20 10:00:00,53.1379,53.3576,52.5981,52.9554,27047.502
2024-03-20 11:00:00,52.9554,54.1839,52.8073,53.4085,36775.767
2024-03-20 12:00:00,53.4085,54.8,53.0194,54.0383,77341.373
2024-03-20 13:00:00,54.0383,54.0542,52.7096,52.8834,42301.505
2024-03-20 14:00:00,52.8834,53.925,52.5,53.6779,29180.394
2024-03-20 15:00:00,53.6779,53.9958,52.2224,52.5931,39513.499
2024-03-20 16:00:00,52.5931,52.988,50.4918,51.5097,59218.15
2024-03-20 17:00:00,51.5097,53.1549,51.0916,52.685,48160.538
2024-03-20 18:00:00,52.685,55.8631,52.6834,55.8491,86589.907
2024-03-20 19:00:00,55.8491,56.295,54.6689,55.3695,84620.277
2024-03-20 20:00:00,55.3695,56.9799,54.9207,55.8042,87078.325
2024-03-20 21:00:00,55.8042,57.1143,55.6661,57.0975,41712.433
2024-03-20 22:00:00,57.0975,58.1476,56.6891,57.2322,39940.207
2024-03-20 23:00:00,57.2322,57.4085,56.6,57.054,35933.408
2024-03-21 00:00:00,57.054,57.8669,56.4204,57.0926,41263.459
2024-03-21 01:00:00,57.0926,57.7302,56.4736,57.1136,24086.665
2024-03-21 02:00:00,57.1136,57.1817,56.0584,56.2802,26813.1
2024-03-21 03:00:00,56.2802,57.3162,55.676,55.7882,45289.376
2024-03-21 04:00:00,55.7882,56.2264,54.873,55.0282,83047.574
2024-03-21 05:00:00,55.0282,55.0386,53.72,54.818,35008.919
2024-03-21 06:00:00,54.818,55.4605,54.366,54.6703,18741.074
2024-03-21 07:00:00,54.6703,55.2484,54.3325,54.4384,14199.602
2024-03-21 08:00:00,54.4384,55.3328,54.3471,54.8127,22158.416
2024-03-21 09:00:00,54.8127,55.1893,54.1994,54.7252,19286.058
2024-03-21 10:00:00,54.7252,55.1201,54.4484,54.8486,26700.566
2024-03-21 11:00:00,54.8486,55.25,54.5543,54.9624,21119.119
2024-03-21 12:00:00,54.9624,55.7651,54.6976,54.8633,22057.692
2024-03-21 13:00:00,54.8633,55.5856,54.2617,54.3489,28908.809
2024-03-21 14:00:00,54.3489,55.2048,53.9968,55.0861,28400.393
2024-03-21 15:00:00,55.0861,55.1287,53.9661,54.6582,30688.404
2024-03-21 16:00:00,54.6582,56.1905,54.1839,56.1263,32159.123
2024-03-21 17:00:00,56.1263,56.4032,53.6751,54.0632,62635.334
2024-03-21 18:00:00,54.0632,54.2616,52.7644,53.2835,29206.071
2024-03-21 19:00:00,53.2835,54.04,53.0837,53.7051,28358.097
2024-03-21 20:00:00,53.7051,54.8291,53.107,54.1043,31953.213
2024-03-21 21:00:00,54.1043,54.125,53.3141,54.0101,11617.25
2024-03-21 22:00:00,54.0101,54.3501,53.5,53.6513,14851.107
2024-03-21 23:00:00,53.6513,54.3492,53.3675,53.8127,24244.81
2024-03-22 00:00:00,53.8127,54.404,53.24,54.2682,23001.332
2024-03-22 01:00:00,54.2682,54.7303,53.2125,53.2452,32660.325
2024-03-22 02:00:00,53.2452,53.6663,52.6739,53.4927,24718.857
2024-03-22 03:00:00,53.4927,55.322,53.4927,55.1756,29444.702
2024-03-22 04:00:00,55.1756,56.2291,54.9254,55.889,30095.205
2024-03-22 05:00:00,55.889,56.1031,55.2437,55.797,25525.602
2024-03-22 06:00:00,55.797,56.008,55.5161,55.8989,17645.62
2024-03-22 07:00:00,55.8989,56.4,55.7221,55.8148,24606.108
2024-03-22 08:00:00,55.8148,56.5934,55.2773,55.9169,37032.916
2024-03-22 09:00:00,55.9169,56.1572,55.2461,55.577,21092.307
2024-03-22 10:00:00,55.577,55.833,54.6048,54.6537,26767.813
2024-03-22 11:00:00,54.6537,55.4081,54.3716,54.7469,41339.618
2024-03-22 12:00:00,54.7469,57.7853,54.4385,56.4159,85871.668
2024-03-22 13:00:00,56.4159,56.923,54.4453,54.7994,69283.85
2024-03-22 14:00:00,54.7994,55.1913,52.905,53.046,64408.223
2024-03-22 15:00:00,53.046,54.4233,52.9869,53.625,37239.054
2024-03-22 16:00:00,53.625,53.6387,52.4383,52.9016,39932.239
2024-03-22 17:00:00,52.9016,53.7055,52.8846,53.479,36605.257
2024-03-22 18:00:00,53.479,54.0433,53.2001,53.6177,21368.202
2024-03-22 19:00:00,53.6177,54.1411,53.2034,53.8582,20511.695
2024-03-22 20:00:00,53.8582,53.9238,52.8409,53.0296,28197.456
2024-03-22 21:00:00,53.0296,53.0296,51.8426,52.367,22070.819
2024-03-22 22:00:00,52.367,52.4773,51.6343,52.1962,13920.603
2024-03-22 23:00:00,52.1962,53.552,52.1041,53.4557,26500.048
2024-03-23 00:00:00,53.4557,53.4697,52.7776,52.8112,23124.523
2024-03-23 01:00:00,52.8112,54.3007,52.8112,54.1813,19011.741
2024-03-23 02:00:00,54.1813,54.4778,53.6111,54.1488,23117.832
2024-03-23 03:00:00,54.1488,54.201,52.6082,53.314,25493.448
2024-03-23 04:00:00,53.314,53.5087,52.7919,52.9201,17346.479
2024-03-23 05:00:00,52.9201,53.2615,52.6399,53.1627,12071.346
2024-03-23 06:00:00,53.1627,54.0,52.9091,53.7542,36879.64
2024-03-23 07:00:00,53.7542,55.2275,53.6643,55.0184,45359.118
2024-03-23 08:00:00,55.0184,55.3186,54.4313,54.6591,36193.831
2024-03-23 09:00:00,54.6591,54.7908,54.1029,54.5957,19248.03
2024-03-23 10:00:00,54.5957,54.888,54.2941,54.3893,15399.773
2024-03-23 11:00:00,54.3893,54.6804,54.2715,54.6034,16089.078
2024-03-23 12:00:00,54.6034,55.3188,54.5421,55.0404,21513.208
2024-03-23 13:00:00,55.0404,55.9298,54.7474,55.7789,30170.791
2024-03-23 14:00:00,55.7789,55.9778,54.986,55.0756,39676.394
2024-03-23 15:00:00,55.0756,55.1665,54.4305,54.8082,14165.365
2024-03-23 16:00:00,54.8082,55.3012,54.3716,55.0118,17888.633
2024-03-23 17:00:00,55.0118,55.322,54.7334,55.0904,15537.661
2024-03-23 18:00:00,55.0904,55.1697,54.8332,54.9568,11907.982
2024-03-23 19:00:00,54.9568,55.1112,54.6782,54.7631,8601.984
2024-03-23 20:00:00,54.7631,54.8059,54.1977,54.2299,8176.091
2024-03-23 21:00:00,54.2299,54.2299,53.7997,53.9334,7223.332
2024-03-23 22:00:00,53.9334,54.2715,53.8186,53.9724,17218.635
2024-03-23 23:00:00,53.9724,54.0116,53.2622,53.4537,13619.361
2024-03-24 00:00:00,53.4537,54.3329,53.3086,54.2011,13413.754
2024-03-24 01:00:00,54.2011,54.2866,53.7207,53.9403,5979.478
2024-03-24 02:00:00,53.9403,54.0518,53.6252,53.9941,7811.031
2024-03-24 03:00:00,53.9941,54.0413,53.2,53.2115,9129.343
2024-03-24 04:00:00,53.2115,53.5132,53.0664,53.4076,7858.578
2024-03-24 05:00:00,53.4076,53.542,53.146,53.201,6984.22
2024-03-24 06:00:00,53.201,53.2434,52.8432,53.076,11033.92
2024-03-24 07:00:00,53.076,53.4275,52.9387,53.4194,8272.013
2024-03-24 08:00:00,53.4194,54.1291,53.2611,54.0852,15276.416
2024-03-24 09:00:00,54.0852,54.1115,53.4185,53.6743,11879.108
2024-03-24 10:00:00,53.6743,53.8359,53.4657,53.6633,8848.73
2024-03-24 11:00:00,53.6633,53.8624,53.4228,53.8185,5625.754
2024-03-24 12:00:00,53.8185,54.2177,53.5512,54.0195,14449.393
2024-03-24 13:00:00,54.0195,54.2128,53.1467,53.3396,20873.241
2024-03-24 14:00:00,53.3396,53.9476,53.1322,53.734,17174.159
2024-03-24 15:00:00,53.734,53.8342,53.333,53.5883,8494.368
2024-03-24 16:00:00,53.5883,53.8102,53.0383,53.1109,8968.815
2024-03-24 17:00:00,53.1109,53.2459,52.4225,52.8154,25147.07
2024-03-24 18:00:00,52.8154,53.8106,52.7969,53.7841,16308.708
2024-03-24 19:00:00,53.7841,54.0272,53.6933,53.8317,10149.438
2024-03-24 20:00:00,53.8317,54.7527,53.6515,54.6477,19449.226
2024-03-24 21:00:00,54.6477,55.3365,54.5838,54.9729,31494.136
2024-03-24 22:00:00,54.9729,55.4608,54.7443,55.3305,21496.965
2024-03-24 23:00:00,55.3305,55.8231,55.2919,55.6824,21760.174
2024-03-25 00:00:00,55.6824,55.7678,54.9519,55.2249,11787.44
2024-03-25 01:00:00,55.2249,56.1238,55.115,55.8851,23815.335
2024-03-25 02:00:00,55.8851,56.2931,55.7652,56.1883,14634.047
2024-03-25 03:00:00,56.1883,56.6,55.9252,56.4698,12116.814
2024-03-25 04:00:00,56.4698,56.6362,56.1091,56.4789,14404.916
2024-03-25 05:00:00,56.4789,56.6336,56.072,56.3222,14705.641
2024-03-25 06:00:00,56.3222,56.3979,55.9547,56.0504,13574.158
2024-03-25 07:00:00,56.0504,56.9958,55.9111,56.0806,19660.584
2024-03-25 08:00:00,56.0806,56.4889,55.9585,56.4762,11233.056
2024-03-25 09:00:00,56.4762,57.4655,56.2762,57.398,23231.649
2024-03-25 10:00:00,57.398,58.2985,57.1601,57.9831,36512.597
2024-03-25 11:00:00,57.9831,58.1075,56.7797,57.0723,33236.653
2024-03-25 12:00:00,57.0723,58.1652,57.0723,57.7308,25867.806
2024-03-25 13:00:00,57.7308,58.2397,57.4105,58.2209,23843.504
2024-03-25 14:00:00,58.2209,59.1956,57.7749,57.9602,71443.182
2024-03-25 15:00:00,57.9602,58.58,57.7408,58.3413,32624.057
2024-03-25 16:00:00,58.3413,58.5393,57.7457,58.2099,19911.04
2024-03-25 17:00:00,58.2099,58.5502,57.8904,58.0342,25972.164
2024-03-25 18:00:00,58.0342,58.1691,57.5692,57.9326,14873.78
2024-03-25 19:00:00,57.9326,58.2284,57.5886,58.1187,13426.465
2024-03-25 20:00:00,58.1187,58.5132,58.0897,58.4842,12110.887
2024-03-25 21:00:00,58.4842,58.5089,57.306,57.794,16406.763
2024-03-25 22:00:00,57.794,58.4036,57.794,58.1683,12279.382
2024-03-25 23:00:00,58.1683,58.3033,57.399,57.7659,14291.281
2024-03-26 00:00:00,57.7659,58.6573,57.6183,58.3194,11600.754
2024-03-26 01:00:00,58.3194,58.6832,58.1813,58.4295,7185.498
2024-03-26 02:00:00,58.4295,58.8998,58.1899,58.8018,8777.428
2024-03-26 03:00:00,58.8018,58.8205,58.2224,58.278,9529.193
2024-03-26 04:00:00,58.278,58.5444,58.165,58.4475,16790.642
2024-03-26 05:00:00,58.4475,58.9929,58.2749,58.6653,11965.347
2024-03-26 06:00:00,58.6653,58.8177,58.3337,58.8026,11417.436
2024-03-26 07:00:00,58.8026,59.3953,58.175,58.2299,21560.777
2024-03-26 08:00:00,58.2299,58.5142,57.8766,58.1839,19187.877
2024-03-26 09:00:00,58.1839,58.5952,58.0342,58.3351,19738.039
2024-03-26 10:00:00,58.3351,58.6457,56.0,58.3678,86835.582
2024-03-26 11:00:00,58.3678,58.4385,57.879,57.8938,16750.172
2024-03-26 12:00:00,57.8938,58.1105,57.0007,57.9398,24044.035
2024-03-26 13:00:00,57.9398,58.6857,57.1553,57.3566,41178.614
2024-03-26 14:00:00,57.3566,57.386,56.0105,57.0803,38707.448
2024-03-26 15:00:00,57.0803,57.1163,56.2223,56.6867,19056.321
2024-03-26 16:00:00,56.6867,57.0567,55.4794,55.6992,29932.822
2024-03-26 17:00:00,55.6992,56.22,55.3353,55.964,46203.798
2024-03-26 18:00:00,55.964,56.3615,55.8293,55.9857,7995.737
2024-03-26 19:00:00,55.9857,56.1238,55.5507,55.6192,9419.906
2024-03-26 20:00:00,55.6192,55.8801,55.4422,55.6993,11007.14
2024-03-26 21:00:00,55.6993,56.1858,55.6741,55.9461,10586.345
2024-03-26 22:00:00,55.9461,56.1966,55.3655,56.0887,13198.486
2024-03-26 23:00:00,56.0887,56.23,55.7534,55.779,29513.932
2024-03-27 00:00:00,55.779,56.4301,55.5422,56.4202,14311.06
2024-03-27 01:00:00,56.4202,56.7335,56.1807,56.2268,12076.21
2024-03-27 02:00:00,56.2268,56.3636,56.0068,56.3534,6321.281
2024-03-27 03:00:00,56.3534,56.3534,56.0014,56.1233,8223.42
2024-03-27 04:00:00,56.1233,56.3597,55.7071,55.8568,5333.991
2024-03-27 05:00:00,55.8568,56.1038,55.7758,56.082,5543.808
2024-03-27 06:00:00,56.082,56.2821,55.7495,55.9748,3651.09
2024-03-27 07:00:00,55.9748,56.015,54.8219,54.9663,20304.872
2024-03-27 08:00:00,54.9663,55.1722,54.3066,54.4169,15682.5
2024-03-27 09:00:00,54.4169,55.166,54.0424,55.1581,12708.75
2024-03-27 10:00:00,55.1581,55.2301,54.7943,55.1829,8263.076
2024-03-27 11:00:00,55.1829,55.4621,54.8,54.9911,12950.006
2024-03-27 12:00:00,54.9911,55.2214,54.2,54.3565,32203.504
2024-03-27 13:00:00,54.3565,55.4555,53.8266,54.1075,58398.377
2024-03-27 14:00:00,54.1075,54.8806,52.9773,54.2184,50041.685
2024-03-27 15:00:00,54.2184,54.2688,53.2693,53.3232,29518.828
2024-03-27 16:00:00,53.3232,54.0141,53.142,53.973,20541.535
2024-03-27 17:00:00,53.973,54.065,53.6401,53.7997,11050.455
2024-03-27 18:00:00,53.7997,53.8971,53.2295,53.2599,14681.421
2024-03-27 19:00:00,53.2599,54.1087,53.2599,53.8515,19310.269
2024-03-27 20:00:00,53.8515,54.2407,53.8223,54.2222,12056.875
2024-03-27 21:00:00,54.2222,54.453,54.0355,54.079,7054.246
2024-03-27 22:00:00,54.079,54.3779,54.079,54.2978,3759.505
2024-03-27 23:00:00,54.2978,54.306,53.879,54.1103,8187.773
2024-03-28 00:00:00,54.1103,54.4992,53.6195,54.048,18443.291
2024-03-28 01:00:00,54.048,54.048,53.284,53.5343,6271.043
2024-03-28 02:00:00,53.5343,53.846,53.1835,53.4824,8260.074
2024-03-28 03:00:00,53.4824,53.8112,53.1984,53.745,5668.94
2024-03-28 04:00:00,53.745,54.1175,53.6747,54.0126,6117.215
2024-03-28 05:00:00,54.0126,54.2785,53.8393,54.141,5936.496
2024-03-28 06:00:00,54.141,54.6923,53.9187,54.663,16325.714
2024-03-28 07:00:00,54.663,54.9483,54.503,54.9383,10480.488
2024-03-28 08:00:00,54.9383,55.0719,54.6744,54.7972,21257.492
2024-03-28 09:00:00,54.7972,55.0109,54.464,54.6051,9824.81
2024-03-28 10:00:00,54.6051,54.6535,54.076,54.2674,8688.934
2024-03-28 11:00:00,54.2674,54.5776,54.0321,54.346,11211.584
2024-03-28 12:00:00,54.346,54.4377,53.7195,54.1332,9116.855
2024-03-28 13:00:00,54.1332,54.4222,53.7219,54.3856,11183.779
2024-03-28 14:00:00,54.3856,54.9695,53.9346,54.9354,25379.535
2024-03-28 15:00:00,54.9354,54.9698,54.3462,54.6977,18081.846
2024-03-28 16:00:00,54.6977,54.8726,54.3431,54.5,14558.344
2024-03-28 17:00:00,54.5,54.549,54.2572,54.4935,7236.382
2024-03-28 18:00:00,54.4935,54.691,54.3048,54.5243,7706.782
2024-03-28 19:00:00,54.5243,54.8052,54.4147,54.6257,10666.619
2024-03-28 20:00:00,54.6257,54.8562,54.5372,54.6769,8070.277
2024-03-28 21:00:00,54.6769,54.8775,54.4605,54.5079,3123.191
2024-03-28 22:00:00,54.5079,54.7401,54.1315,54.7122,7879.911
2024-03-28 23:00:00,54.7122,55.0,54.4937,54.6334,9635.711
2024-03-29 00:00:00,54.6334,54.6376,54.0577,54.3572,8672.902
2024-03-29 01:00:00,54.3572,54.6627,54.1176,54.2414,8500.102
2024-03-29 02:00:00,54.2414,54.2597,53.7667,54.182,6929.799
2024-03-29 03:00:00,54.182,54.5216,54.018,54.2939,10497.085
2024-03-29 04:00:00,54.2939,54.4912,53.856,53.962,6129.348
2024-03-29 05:00:00,53.962,54.2502,53.7432,53.9406,5840.854
2024-03-29 06:00:00,53.9406,54.0645,53.6135,54.0062,11442.403
2024-03-29 07:00:00,54.0062,54.0843,53.0253,53.1365,13643.639
2024-03-29 08:00:00,53.1365,53.7968,53.0747,53.6626,17130.148
2024-03-29 09:00:00,53.6626,53.7826,53.2166,53.2928,12213.778
2024-03-29 10:00:00,53.2928,53.7579,53.1148,53.7501,8601.666
2024-03-29 11:00:00,53.7501,54.028,53.6449,53.8372,11040.41
2024-03-29 12:00:00,53.8372,53.9832,53.3523,53.5183,17696.901
2024-03-29 13:00:00,53.5183,53.8618,53.2368,53.808,7211.907
2024-03-29 14:00:00,53.808,54.214,53.7331,53.8069,17505.855
2024-03-29 15:00:00,53.8069,53.976,52.6,53.0886,28524.907
2024-03-29 16:00:00,53.0886,53.586,52.8807,52.9593,18258.7
2024-03-29 17:00:00,52.9593,53.2284,52.793,53.0335,16625.27
2024-03-29 18:00:00,53.0335,53.1901,52.88,53.0949,8898.405
2024-03-29 19:00:00,53.0949,53.0949,52.7768,53.0721,17287.125
2024-03-29 20:00:00,53.0721,53.116,52.8656,52.9761,8294.388
2024-03-29 21:00:00,52.9761,53.0314,52.5013,52.6066,9031.393
2024-03-29 22:00:00,52.6066,53.54,52.6066,53.5394,8888.812
2024-03-29 23:00:00,53.5394,53.5839,53.3285,53.3396,7584.459
2024-03-30 00:00:00,53.3396,53.6759,53.1976,53.6025,7172.042
2024-03-30 01:00:00,53.6025,53.857,53.5245,53.6234,7705.795
2024-03-30 02:00:00,53.6234,53.6439,53.4071,53.468,4785.857
2024-03-30 03:00:00,53.468,53.6149,53.2543,53.2892,5625.423
2024-03-30 04:00:00,53.2892,54.3605,53.2138,54.2048,18674.045
2024-03-30 05:00:00,54.2048,54.65,54.0406,54.5263,33700.317
2024-03-30 06:00:00,54.5263,54.5883,53.9879,54.3416,17806.387
2024-03-30 07:00:00,54.3416,54.4465,53.7989,53.8608,12438.322
2024-03-30 08:00:00,53.8608,54.0592,53.4793,53.7972,14199.341
2024-03-30 09:00:00,53.7972,54.1425,53.6201,54.0516,20193.236
2024-03-30 10:00:00,54.0516,54.2358,53.9758,54.0399,9059.384
2024-03-30 11:00:00,54.0399,54.3734,53.9704,54.3173,9434.413
2024-03-30 12:00:00,54.3173,54.3868,54.0189,54.1535,16297.962
2024-03-30 13:00:00,54.1535,54.1535,53.78,54.0478,8417.338
2024-03-30 14:00:00,54.0478,54.1201,53.4671,53.7425,13202.205
2024-03-30 15:00:00,53.7425,53.9693,53.6176,53.7192,8407.797
2024-03-30 16:00:00,53.7192,54.0141,53.4631,53.882,16014.462
2024-03-30 17:00:00,53.882,53.882,53.6176,53.8336,5167.488
2024-03-30 18:00:00,53.8336,53.8852,53.5771,53.5798,5293.001
2024-03-30 19:00:00,53.5798,53.5953,52.9992,53.429,11404.66
2024-03-30 20:00:00,53.429,53.5981,53.2608,53.2608,4417.654
2024-03-30 21:00:00,53.2608,53.3454,52.825,53.1081,8607.712
2024-03-30 22:00:00,53.1081,53.25,52.8901,53.0258,10231.197
2024-03-30 23:00:00,53.0258,53.163,52.7615,52.9351,7384.868
2024-03-31 00:00:00,52.9351,53.2453,52.8713,53.1003,11877.392
2024-03-31 01:00:00,53.1003,53.3887,52.948,53.3062,7965.629
2024-03-31 02:00:00,53.3062,53.5391,53.2125,53.4868,6441.111
2024-03-31 03:00:00,53.4868,53.5376,53.056,53.1632,3965.133
2024-03-31 04:00:00,53.1632,53.5692,53.075,53.5122,3460.593
2024-03-31 05:00:00,53.5122,54.1077,53.4716,54.1024,8800.378
2024-03-31 06:00:00,54.1024,54.1592,53.6954,53.9629,6328.075
2024-03-31 07:00:00,53.9629,54.0922,53.872,54.0127,5919.777
2024-03-31 08:00:00,54.0127,54.2552,53.8258,53.9425,10856.138
2024-03-31 09:00:00,53.9425,53.9591,53.7059,53.8029,4497.698
2024-03-31 10:00:00,53.8029,53.8526,53.6044,53.6329,3712.566
2024-03-31 11:00:00,53.6329,53.9085,53.6329,53.7096,6159.847
2024-03-31 12:00:00,53.7096,53.8525,53.5405,53.5775,4767.084
2024-03-31 13:00:00,53.5775,53.7408,53.4641,53.5107,5886.893
2024-03-31 14:00:00,53.5107,53.5479,53.1683,53.242,7479.073
2024-03-31 15:00:00,53.242,53.3366,53.15,53.2041,11015.34
2024-03-31 16:00:00,53.2041,53.4761,53.1578,53.2023,12143.489
2024-03-31 17:00:00,53.2023,53.3078,53.1703,53.1983,9995.537
2024-03-31 18:00:00,53.1983,54.04,53.1889,53.7479,20880.871
2024-03-31 19:00:00,53.7479,54.1753,53.4771,54.1479,12490.42
2024-03-31 20:00:00,54.1479,54.277,53.7434,54.0384,14241.267
2024-03-31 21:00:00,54.0384,54.0964,53.484,53.6863,10756.432
2024-03-31 22:00:00,53.6863,54.1277,53.6742,53.9011,18908.016
2024-03-31 23:00:00,53.9011,54.2094,53.6788,54.0744,16723.061
2024-04-01 00:00:00,54.0744,54.0948,53.2729,53.4573,25663.777
2024-04-01 01:00:00,53.4573,53.704,53.304,53.5372,19723.556
2024-04-01 02:00:00,53.5372,54.1337,53.479,53.8506,14947.296
2024-04-01 03:00:00,53.8506,54.07,53.7699,53.8281,13517.9
2024-04-01 04:00:00,53.8281,54.0481,53.3761,53.396,11685.441
2024-04-01 05:00:00,53.396,53.62,50.5287,51.2701,99656.349
2024-04-01 06:00:00,51.2701,52.2357,50.9893,52.1117,40665.0
2024-04-01 07:00:00,52.1117,52.4459,52.0164,52.2414,18164.392
2024-04-01 08:00:00,52.2414,52.2414,51.3414,51.7391,29386.222
2024-04-01 09:00:00,51.7391,52.0744,51.6976,51.8,15184.094
2024-04-01 10:00:00,51.8,51.9641,51.4717,51.9447,17970.807
2024-04-01 11:00:00,51.9447,53.0654,51.8753,52.42,43902.953
2024-04-01 12:00:00,52.42,52.8907,52.1878,52.805,17543.356
2024-04-01 13:00:00,52.805,53.3568,52.5233,52.893,25676.963
2024-04-01 14:00:00,52.893,53.0576,51.591,51.7749,32266.364
2024-04-01 15:00:00,51.7749,51.9919,50.8069,51.2876,51980.108
2024-04-01 16:00:00,51.2876,51.6501,50.666,50.7986,32047.78
2024-04-01 17:00:00,50.7986,51.0673,50.2709,51.0128,34889.872
2024-04-01 18:00:00,51.0128,51.0173,50.2598,50.9895,51674.123
2024-04-01 19:00:00,50.9895,51.5456,50.8998,51.4837,23202.25
2024-04-01 20:00:00,51.4837,51.7821,51.246,51.7363,17304.99
2024-04-01 21:00:00,51.7363,51.7585,51.2934,51.3541,31458.519
2024-04-01 22:00:00,51.3541,51.6736,51.3291,51.5187,10252.318
2024-04-01 23:00:00,51.5187,51.5769,51.3679,51.3839,7810.832
2024-04-02 00:00:00,51.3839,51.3857,50.5,50.704,21591.198
2024-04-02 01:00:00,50.704,50.915,50.3253,50.4509,15895.884
2024-04-02 02:00:00,50.4509,50.4593,46.9259,48.2169,120123.191
2024-04-02 03:00:00,48.2169,48.5526,47.6078,47.9173,40609.981
2024-04-02 04:00:00,47.9173,48.2462,47.7274,48.0364,33437.636
2024-04-02 05:00:00,48.0364,48.1058,47.4197,48.0043,30761.076
2024-04-02 06:00:00,48.0043,48.7371,47.9303,48.4339,19324.594
2024-04-02 07:00:00,48.4339,48.5501,48.025,48.0741,14307.147
2024-04-02 08:00:00,48.0741,48.2325,47.1326,47.194,25842.715
2024-04-02 09:00:00,47.194,47.7873,46.7826,47.4181,37936.138
2024-04-02 10:00:00,47.4181,47.4181,46.7197,47.1379,26593.577
2024-04-02 11:00:00,47.1379,47.2513,46.4068,47.113,35213.42
2024-04-02 12:00:00,47.113,47.661,46.9135,47.1582,19093.024
2024-04-02 13:00:00,47.1582,47.1582,46.2974,46.91,29414.35
2024-04-02 14:00:00,46.91,47.9398,46.8491,47.7013,29800.388
2024-04-02 15:00:00,47.7013,48.0613,46.665,46.8151,21479.787
2024-04-02 16:00:00,46.8151,47.4836,46.6023,47.2252,34533.522
2024-04-02 17:00:00,47.2252,47.4289,46.8989,47.2919,18097.044
2024-04-02 18:00:00,47.2919,47.4723,47.021,47.2576,20799.105
2024-04-02 19:00:00,47.2576,47.6481,47.219,47.4415,14205.103
2024-04-02 20:00:00,47.4415,47.6636,47.0931,47.2281,15651.114
2024-04-02 21:00:00,47.2281,47.3289,46.649,46.8346,8759.958
2024-04-02 22:00:00,46.8346,47.5225,46.7339,47.4594,9935.557
2024-04-02 23:00:00,47.4594,47.4893,46.7255,46.8702,12477.581
2024-04-03 00:00:00,46.8702,46.9574,45.1079,46.4729,71103.625
2024-04-03 01:00:00,46.4729,47.7136,45.9495,47.485,29311.692
2024-04-03 02:00:00,47.485,47.7904,47.3337,47.5502,13406.389
2024-04-03 03:00:00,47.5502,47.7556,47.2549,47.6674,8620.501
2024-04-03 04:00:00,47.6674,47.769,47.497,47.6343,26234.104
2024-04-03 05:00:00,47.6343,47.7025,47.1635,47.4719,12776.461
2024-04-03 06:00:00,47.4719,48.1727,47.4079,47.7931,20474.576
2024-04-03 07:00:00,47.7931,48.0908,47.7103,47.8182,12116.21
2024-04-03 08:00:00,47.8182,48.2291,47.4486,48.0459,16355.747
2024-04-03 09:00:00,48.0459,48.3071,47.8668,48.154,14180.201
2024-04-03 10:00:00,48.154,48.174,47.3559,47.6205,22732.553
2024-04-03 11:00:00,47.6205,47.6542,47.0849,47.2897,14450.573
2024-04-03 12:00:00,47.2897,47.4005,46.6452,46.7752,23381.729
2024-04-03 13:00:00,46.7752,47.0683,46.4374,46.5893,21051.171
2024-04-03 14:00:00,46.5893,47.4991,46.5893,47.2142,37578.042
2024-04-03 15:00:00,47.2142,47.2286,46.1375,46.2688,24465.682
2024-04-03 16:00:00,46.2688,46.9697,46.1632,46.3718,33538.885
2024-04-03 17:00:00,46.3718,46.5249,45.785,45.8211,20339.636
2024-04-03 18:00:00,45.8211,46.1095,45.3395,45.9869,27796.731
2024-04-03 19:00:00,45.9869,46.0679,45.6637,45.8284,12322.918
2024-04-03 20:00:00,45.8284,45.8421,45.1605,45.2893,11606.284
2024-04-03 21:00:00,45.2893,45.8654,44.9641,45.8289,15326.711
2024-04-03 22:00:00,45.8289,46.1659,45.6633,45.9676,25195.703
2024-04-03 23:00:00,45.9676,46.2136,45.8553,45.8874,9574.383
2024-04-04 00:00:00,45.8874,46.932,45.7091,46.7835,26412.841
2024-04-04 01:00:00,46.7835,46.9726,46.2,46.4707,15467.01
2024-04-04 02:00:00,46.4707,46.5275,45.6902,46.2679,19189.318
2024-04-04 03:00:00,46.2679,46.2995,45.8554,46.065,16347.312
2024-04-04 04:00:00,46.065,46.3694,45.4261,46.2773,28491.485
2024-04-04 05:00:00,46.2773,46.5614,46.1713,46.4618,20222.553
2024-04-04 06:00:00,46.4618,46.8565,46.4205,46.6559,11581.045
2024-04-04 07:00:00,46.6559,47.1692,46.6294,46.921,26054.197
2024-04-04 08:00:00,46.921,47.1911,46.7298,47.1335,15582.201
2024-04-04 09:00:00,47.1335,47.2813,46.9913,47.1213,7775.277
2024-04-04 10:00:00,47.1213,47.1717,46.7742,46.9805,14460.204
2024-04-04 11:00:00,46.9805,47.0334,46.7787,46.9698,14205.04
2024-04-04 12:00:00,46.9698,47.3421,46.9153,47.2134,18145.706
2024-04-04 13:00:00,47.2134,47.8785,47.1882,47.553,39925.676
2024-04-04 14:00:00,47.553,47.7701,47.3304,47.6929,13356.705
2024-04-04 15:00:00,47.6929,47.6978,47.2795,47.4361,12664.544
2024-04-04 16:00:00,47.4361,47.89,47.3372,47.5205,16232.376
2024-04-04 17:00:00,47.5205,48.0426,47.3817,47.9716,21903.359
2024-04-04 18:00:00,47.9716,48.162,47.2903,47.39,27982.939
2024-04-04 19:00:00,47.39,47.4806,46.9909,47.0603,10786.939
2024-04-04 20:00:00,47.0603,47.1128,46.0126,46.6028,29859.554
2024-04-04 21:00:00,46.6028,46.7439,46.0116,46.2095,10652.506
2024-04-04 22:00:00,46.2095,46.5053,46.0053,46.3528,7547.638
2024-04-04 23:00:00,46.3528,46.5537,46.2413,46.4951,8724.762
2024-04-05 00:00:00,46.4951,46.5968,46.0178,46.567,6747.644
2024-04-05 01:00:00,46.567,46.567,45.8509,46.0635,8883.082
2024-04-05 02:00:00,46.0635,46.113,45.037,45.2691,16685.789
2024-04-05 03:00:00,45.2691,46.0163,45.2186,46.0163,8722.538
2024-04-05 04:00:00,46.0163,46.0735,45.2605,45.6118,10877.231
2024-04-05 05:00:00,45.6118,45.7175,44.6786,45.4879,25691.609
2024-04-05 06:00:00,45.4879,45.7775,45.3923,45.5487,11829.113
2024-04-05 07:00:00,45.5487,45.5523,45.101,45.3941,9998.325
2024-04-05 08:00:00,45.3941,45.944,45.1486,45.2962,19849.797
2024-04-05 09:00:00,45.2962,45.2962,44.4835,44.9255,22674.144
2024-04-05 10:00:00,44.9255,45.028,44.35,44.8308,12424.718
2024-04-05 11:00:00,44.8308,44.8308,44.16,44.2351,11885.428
2024-04-05 12:00:00,44.2351,44.8832,43.9838,44.8571,64665.152
2024-04-05 13:00:00,44.8571,45.2874,44.4315,45.1498,16728.191
2024-04-05 14:00:00,45.1498,45.6742,44.8993,45.5396,17011.202
2024-04-05 15:00:00,45.5396,45.6561,45.14,45.5393,18691.677
2024-04-05 16:00:00,45.5393,45.7483,45.2099,45.3869,18012.91
2024-04-05 17:00:00,45.3869,45.4969,45.1064,45.1273,8253.191
2024-04-05 18:00:00,45.1273,45.464,44.9741,45.4561,15201.356
2024-04-05 19:00:00,45.4561,45.77,45.3093,45.3287,14783.48
2024-04-05 20:00:00,45.3287,45.6215,45.2793,45.3824,8140.195
2024-04-05 21:00:00,45.3824,45.52,45.17,45.1948,4468.331
2024-04-05 22:00:00,45.1948,45.3921,45.1486,45.2293,4383.47
2024-04-05 23:00:00,45.2293,45.4259,45.2293,45.2986,4233.103
2024-04-06 00:00:00,45.2986,46.138,45.0522,45.8167,33170.096
2024-04-06 01:00:00,45.8167,46.1444,45.6348,45.8783,12668.751
2024-04-06 02:00:00,45.8783,46.0041,45.5668,45.918,10899.635
2024-04-06 03:00:00,45.918,46.6537,45.913,46.6484,21455.922
2024-04-06 04:00:00,46.6484,47.0765,46.2177,46.4803,19064.098
2024-04-06 05:00:00,46.4803,47.1255,46.3877,46.7694,15112.113
2024-04-06 06:00:00,46.7694,47.3416,46.7084,47.2304,20567.835
2024-04-06 07:00:00,47.2304,47.3414,46.9414,47.1027,13725.96
2024-04-06 08:00:00,47.1027,47.592,47.0543,47.5871,18713.182
2024-04-06 09:00:00,47.5871,47.5982,46.9662,46.9776,25537.637
2024-04-06 10:00:00,46.9776,47.1908,46.7836,46.9464,15442.682
2024-04-06 11:00:00,46.9464,47.0238,46.643,46.8958,13889.864
2024-04-06 12:00:00,46.8958,46.9922,46.5415,46.877,7617.443
2024-04-06 13:00:00,46.877,46.877,46.5415,46.6565,12017.458
2024-04-06 14:00:00,46.6565,47.3964,46.5953,47.1487,26187.188
2024-04-06 15:00:00,47.1487,48.3845,47.1052,48.1113,65138.405
2024-04-06 16:00:00,48.1113,48.387,47.6903,48.1989,34126.937
2024-04-06 17:00:00,48.1989,48.4515,47.8056,47.9923,24140.36
2024-04-06 18:00:00,47.9923,48.2157,47.8496,48.0212,19711.837
2024-04-06 19:00:00,48.0212,48.3239,47.7778,47.9703,28323.331
2024-04-06 20:00:00,47.9703,48.1425,47.8796,48.1144,6740.569
2024-04-06 21:00:00,48.1144,48.2227,47.8643,47.8844,7466.791
2024-04-06 22:00:00,47.8844,48.4359,47.884,48.3793,13929.508
2024-04-06 23:00:00,48.3793,48.8825,48.0843,48.184,32573.608
2024-04-07 00:00:00,48.184,48.483,48.092,48.3046,12721.538
2024-04-07 01:00:00,48.3046,48.9232,48.3009,48.8998,15387.552
2024-04-07 02:00:00,48.8998,49.0426,48.7285,48.9472,12062.203
2024-04-07 03:00:00,48.9472,49.0761,48.7492,48.7545,11489.84
2024-04-07 04:00:00,48.7545,48.8478,48.5744,48.7822,7201.49
2024-04-07 05:00:00,48.7822,49.0239,48.6993,48.8273,8078.541
2024-04-07 06:00:00,48.8273,48.8665,48.3,48.4739,10384.01
2024-04-07 07:00:00,48.4739,48.5757,48.3551,48.4315,7794.501
2024-04-07 08:00:00,48.4315,48.7354,48.3949,48.6897,6419.229
2024-04-07 09:00:00,48.6897,48.7238,48.2616,48.456,6379.932
2024-04-07 10:00:00,48.456,48.62,48.3628,48.5876,4590.068
2024-04-07 11:00:00,48.5876,48.7007,48.5316,48.5787,4491.205
2024-04-07 12:00:00,48.5787,48.7605,48.4507,48.6387,5091.265
2024-04-07 13:00:00,48.6387,48.8901,48.5047,48.6001,12546.714
2024-04-07 14:00:00,48.6001,48.6732,48.359,48.6195,8491.044
2024-04-07 15:00:00,48.6195,48.7408,48.1667,48.234,11566.158
2024-04-07 16:00:00,48.234,49.0512,48.234,48.7679,18672.005
2024-04-07 17:00:00,48.7679,48.7679,48.3925,48.513,7172.838
2024-04-07 18:00:00,48.513,48.5934,48.152,48.4955,11259.252
2024-04-07 19:00:00,48.4955,48.4955,48.0019,48.1264,8968.904
2024-04-07 20:00:00,48.1264,48.6021,48.0657,48.4132,10294.93
2024-04-07 21:00:00,48.4132,48.5434,48.0913,48.1226,5462.723
2024-04-07 22:00:00,48.1226,48.2861,47.874,48.1909,8139.927
2024-04-07 23:00:00,48.1909,49.5113,48.1774,49.3213,25907.78
2024-04-08 00:00:00,49.3213,49.3285,48.3038,48.6643,12072.398
2024-04-08 01:00:00,48.6643,49.2855,48.481,48.7538,10060.245
2024-04-08 02:00:00,48.7538,48.8555,48.4612,48.6663,7485.343
2024-04-08 03:00:00,48.6663,48.9553,48.2544,48.721,7531.47
2024-04-08 04:00:00,48.721,48.7478,48.4137,48.4593,5844.879
2024-04-08 05:00:00,48.4593,49.1292,48.4593,49.1292,7602.96
2024-04-08 06:00:00,49.1292,49.3955,48.8364,49.1087,17545.56
2024-04-08 07:00:00,49.1087,49.6793,48.3179,49.4666,31902.805
2024-04-08 08:00:00,49.4666,50.2579,49.381,50.0453,35537.946
2024-04-08 09:00:00,50.0453,50.4581,50.0307,50.3776,30537.868
2024-04-08 10:00:00,50.3776,50.7707,50.1701,50.69,21819.077
2024-04-08 11:00:00,50.69,50.8158,50.3025,50.4214,17222.178
2024-04-08 12:00:00,50.4214,50.6075,49.8155,49.8155,23529.005
2024-04-08 13:00:00,49.8155,50.2605,49.7411,50.1125,29943.786
2024-04-08 14:00:00,50.1125,50.1717,49.3744,49.8155,18554.395
2024-04-08 15:00:00,49.8155,50.013,49.5639,49.6204,10778.127
2024-04-08 16:00:00,49.6204,50.0807,49.5581,49.9325,15071.245
2024-04-08 17:00:00,49.9325,49.9539,49.5858,49.8609,10107.111
2024-04-08 18:00:00,49.8609,50.1601,49.8534,49.9779,11847.995
2024-04-08 19:00:00,49.9779,50.1178,49.8817,49.971,8617.967
2024-04-08 20:00:00,49.971,50.1824,49.8298,50.114,10726.092
2024-04-08 21:00:00,50.114,50.2588,50.0282,50.2,5382.835
2024-04-08 22:00:00,50.2,50.2095,49.9447,50.1907,6108.424
2024-04-08 23:00:00,50.1907,50.1968,49.82,49.8556,5231.01
2024-04-09 00:00:00,49.8556,49.9559,49.5698,49.639,7749.786
2024-04-09 01:00:00,49.639,49.6866,49.165,49.4007,16829.503
2024-04-09 02:00:00,49.4007,49.6807,49.2674,49.3576,4481.325
2024-04-09 03:00:00,49.3576,49.4735,48.8328,49.0456,11399.895
2024-04-09 04:00:00,49.0456,49.1754,48.698,49.0773,11177.259
2024-04-09 05:00:00,49.0773,49.3685,48.9487,49.1476,11660.042
2024-04-09 06:00:00,49.1476,49.2188,48.4187,48.6408,26173.049
2024-04-09 07:00:00,48.6408,48.8412,48.3277,48.4644,23896.318
2024-04-09 08:00:00,48.4644,48.4644,47.5701,48.2733,27455.37
2024-04-09 09:00:00,48.2733,48.5217,48.0464,48.1415,9965.016
2024-04-09 10:00:00,48.1415,48.4832,48.0,48.4105,7816.425
2024-04-09 11:00:00,48.4105,48.6464,48.4102,48.6053,5561.288
2024-04-09 12:00:00,48.6053,48.675,48.2687,48.4682,8026.221
2024-04-09 13:00:00,48.4682,48.6006,47.854,47.8655,13042.282
2024-04-09 14:00:00,47.8655,48.2872,46.84,47.3461,31503.918
2024-04-09 15:00:00,47.3461,47.5668,46.6774,47.562,18047.268
2024-04-09 16:00:00,47.562,47.562,47.0,47.0877,11559.756
2024-04-09 17:00:00,47.0877,47.4169,46.7139,47.2175,11476.304
2024-04-09 18:00:00,47.2175,47.3861,47.1214,47.212,5494.945
2024-04-09 19:00:00,47.212,47.3993,47.0838,47.2782,3640.337
2024-04-09 20:00:00,47.2782,47.4986,47.2518,47.3533,3771.661
2024-04-09 21:00:00,47.3533,47.3593,46.8861,47.1026,6089.82
2024-04-09 22:00:00,47.1026,47.1456,46.9087,47.0723,3325.06
2024-04-09 23:00:00,47.0723,47.0723,46.3287,46.4765,15250.055
2024-04-10 00:00:00,46.4765,46.9375,46.32,46.6993,11239.039
2024-04-10 01:00:00,46.6993,46.7997,46.1027,46.751,16174.84
2024-04-10 02:00:00,46.751,47.026,45.6752,45.7858,15896.881
2024-04-10 03:00:00,45.7858,46.6271,45.7355,46.6271,10870.422
2024-04-10 04:00:00,46.6271,47.2413,46.5028,47.0929,7634.469
2024-04-10 05:00:00,47.0929,47.6299,47.0679,47.4754,10977.317
2024-04-10 06:00:00,47.4754,47.9223,47.3232,47.4687,13803.852
2024-04-10 07:00:00,47.4687,47.6825,47.3515,47.5058,10316.865
2024-04-10 08:00:00,47.5058,47.6398,46.965,47.2669,12363.512
2024-04-10 09:00:00,47.2669,47.3982,46.8614,47.1994,10445.598
2024-04-10 10:00:00,47.1994,47.4318,46.6813,47.1682,26876.115
2024-04-10 11:00:00,47.1682,47.5743,47.0642,47.4425,16752.206
2024-04-10 12:00:00,47.4425,47.6443,44.9459,46.0728,66986.998
2024-04-10 13:00:00,46.0728,46.1113,45.5655,46.06,13296.108
2024-04-10 14:00:00,46.06,46.9067,45.7695,46.7157,12442.434
2024-04-10 15:00:00,46.7157,46.7701,46.3071,46.6087,12997.86
2024-04-10 16:00:00,46.6087,47.6949,46.4728,47.617,16541.954
2024-04-10 17:00:00,47.617,47.8301,47.1818,47.2088,13751.578
2024-04-10 18:00:00,47.2088,47.2307,46.5518,46.7619,10148.621
2024-04-10 19:00:00,46.7619,47.417,46.6141,47.417,12511.818
2024-04-10 20:00:00,47.417,47.5579,47.0106,47.1583,12717.745
2024-04-10 21:00:00,47.1583,47.4658,46.9128,47.3584,6331.173
2024-04-10 22:00:00,47.3584,48.0169,47.3298,47.526,13265.591
2024-04-10 23:00:00,47.526,47.6804,47.2521,47.3046,6512.871
2024-04-11 00:00:00,47.3046,47.3046,46.8417,46.937,9299.097
2024-04-11 01:00:00,46.937,47.0891,46.7142,46.7518,8858.143
2024-04-11 02:00:00,46.7518,46.9995,46.6109,46.8517,10911.685
2024-04-11 03:00:00,46.8517,46.8837,46.6405,46.8387,4136.601
2024-04-11 04:00:00,46.8387,46.9144,46.4278,46.7362,11709.622
2024-04-11 05:00:00,46.7362,46.8022,46.5443,46.674,8515.386
2024-04-11 06:00:00,46.674,47.1098,46.674,47.0319,6485.988
2024-04-11 07:00:00,47.0319,47.5134,47.0319,47.2143,9569.394
2024-04-11 08:00:00,47.2143,47.4642,47.1429,47.2487,10227.765
2024-04-11 09:00:00,47.2487,47.2791,46.6561,46.6718,18648.56
2024-04-11 10:00:00,46.6718,46.8036,46.2837,46.304,9090.158
2024-04-11 11:00:00,46.304,46.4376,45.8923,46.0156,11841.562
2024-04-11 12:00:00,46.0156,46.5857,45.7928,46.276,20731.868
2024-04-11 13:00:00,46.276,46.727,45.7444,46.1842,25506.95
2024-04-11 14:00:00,46.1842,46.5295,45.7239,46.169,17645.783
2024-04-11 15:00:00,46.169,46.3812,45.8,46.0894,12131.804
2024-04-11 16:00:00,46.0894,46.1649,45.5951,46.0612,14696.369
2024-04-11 17:00:00,46.0612,46.364,45.9628,46.2696,10996.396
2024-04-11 18:00:00,46.2696,46.4088,45.9275,46.1454,8300.852
2024-04-11 19:00:00,46.1454,46.3047,46.0143,46.1887,5702.166
2024-04-11 20:00:00,46.1887,46.556,46.1124,46.3375,12084.75
2024-04-11 21:00:00,46.3375,46.3692,45.93,45.9969,11271.673
2024-04-11 22:00:00,45.9969,46.2678,45.9832,46.1408,5273.76
2024-04-11 23:00:00,46.1408,46.203,45.8134,46.0309,4431.09
2024-04-12 00:00:00,46.0309,46.4492,45.9756,46.3325,7979.069
2024-04-12 01:00:00,46.3325,46.4379,46.2095,46.3374,6281.794
2024-04-12 02:00:00,46.3374,46.6662,46.2509,46.4157,7926.659
2024-04-12 03:00:00,46.4157,46.7734,46.4157,46.687,5377.587
2024-04-12 04:00:00,46.687,46.9056,46.5886,46.7507,5910.638
2024-04-12 05:00:00,46.7507,46.8655,46.6734,46.7934,4406.351
2024-04-12 06:00:00,46.7934,46.8638,46.4046,46.4778,5878.742
2024-04-12 07:00:00,46.4778,46.6136,46.1654,46.3183,3573.928
2024-04-12 08:00:00,46.3183,46.4946,46.2702,46.3922,7100.216
2024-04-12 09:00:00,46.3922,46.4896,46.1892,46.2569,9663.334
2024-04-12 10:00:00,46.2569,46.2795,46.0557,46.1927,6713.844
2024-04-12 11:00:00,46.1927,46.3252,46.1457,46.1638,6610.272
2024-04-12 12:00:00,46.1638,46.1638,45.1783,45.2549,35756.499
2024-04-12 13:00:00,45.2549,45.2549,44.1585,44.4504,27592.555
2024-04-12 14:00:00,44.4504,44.6167,44.1493,44.2441,18011.284
2024-04-12 15:00:00,44.2441,44.4638,44.0628,44.1922,14152.83
2024-04-12 16:00:00,44.1922,44.3725,43.4101,43.7467,33017.962
2024-04-12 17:00:00,43.7467,43.7847,39.8453,41.5762,147722.999
2024-04-12 18:00:00,41.5762,41.811,33.3161,37.8648,313158.161
2024-04-12 19:00:00,37.8648,39.0156,37.6371,38.4339,188548.462
2024-04-12 20:00:00,38.4339,39.2251,38.3002,38.9954,79572.979
2024-04-12 21:00:00,38.9954,39.3119,38.6811,39.1973,92268.613
2024-04-12 22:00:00,39.1973,39.3354,38.5994,39.0503,22458.556
2024-04-12 23:00:00,39.0503,39.5558,38.7959,39.322,32141.653
2024-04-13 00:00:00,39.322,39.322,38.8059,38.9247,27786.304
2024-04-13 01:00:00,38.9247,38.9357,37.3979,37.6556,31216.151
2024-04-13 02:00:00,37.6556,38.2551,37.6069,38.0706,27778.805
2024-04-13 03:00:00,38.0706,38.5258,37.8605,38.1963,27561.198
2024-04-13 04:00:00,38.1963,38.9437,37.9472,38.6937,23173.298
2024-04-13 05:00:00,38.6937,38.9838,38.5078,38.5132,25962.908
2024-04-13 06:00:00,38.5132,38.7601,38.3844,38.7093,19789.892
2024-04-13 07:00:00,38.7093,38.7735,38.0376,38.1293,19488.819
2024-04-13 08:00:00,38.1293,38.1689,37.6808,37.7175,21463.576
2024-04-13 09:00:00,37.7175,38.3856,37.6434,38.0,25077.514
2024-04-13 10:00:00,38.0,38.6598,37.8824,38.5848,21413.338
2024-04-13 11:00:00,38.5848,38.9708,38.4219,38.4578,25435.832
2024-04-13 12:00:00,38.4578,38.9544,38.24,38.6994,24367.988
2024-04-13 13:00:00,38.6994,39.0688,38.5384,38.58,21098.137
2024-04-13 14:00:00,38.58,38.6174,38.0853,38.3349,14589.209
2024-04-13 15:00:00,38.3349,39.019,38.1645,38.2146,27264.301
2024-04-13 16:00:00,38.2146,38.3777,36.9496,37.1281,58817.695
2024-04-13 17:00:00,37.1281,37.1281,35.125,35.4976,117726.478
2024-04-13 18:00:00,35.4976,36.6019,34.8229,36.4455,66979.472
2024-04-13 19:00:00,36.4455,36.5687,31.8503,33.264,139515.649
2024-04-13 20:00:00,33.264,33.5799,28.7866,30.3221,382691.876
2024-04-13 21:00:00,30.3221,32.0632,29.5803,32.0498,159081.801
2024-04-13 22:00:00,32.0498,34.2473,31.4119,33.9402,224504.571
2024-04-13 23:00:00,33.9402,34.7264,33.6501,33.8817,135534.576
2024-04-14 00:00:00,33.8817,34.2202,32.8264,33.4844,101624.738
2024-04-14 01:00:00,33.4844,34.1,32.9467,33.7864,49727.737
2024-04-14 02:00:00,33.7864,34.0663,33.1615,33.4501,48622.797
2024-04-14 03:00:00,33.4501,33.8376,32.6434,33.6676,41814.344
2024-04-14 04:00:00,33.6676,35.1423,33.4996,34.987,59544.409
2024-04-14 05:00:00,34.987,35.7509,34.8235,35.5224,44397.896
2024-04-14 06:00:00,35.5224,36.1,35.2542,35.9723,33553.384
2024-04-14 07:00:00,35.9723,36.3332,35.5775,36.2578,35356.476
2024-04-14 08:00:00,36.2578,36.8181,36.087,36.4053,32243.511
2024-04-14 09:00:00,36.4053,37.0014,36.3915,36.7884,45269.484
2024-04-14 10:00:00,36.7884,37.2151,36.6749,36.7893,40672.496
2024-04-14 11:00:00,36.7893,36.8638,35.7681,36.0015,50481.702
2024-04-14 12:00:00,36.0015,36.4375,35.7675,35.9761,30482.299
2024-04-14 13:00:00,35.9761,36.3636,35.383,35.3953,33003.429
2024-04-14 14:00:00,35.3953,36.0,34.9561,35.3769,46431.847
2024-04-14 15:00:00,35.3769,36.0415,35.2145,35.4579,31829.31
2024-04-14 16:00:00,35.4579,36.2616,35.3204,35.7075,39202.947
2024-04-14 17:00:00,35.7075,36.0416,34.2013,35.0873,88886.843
2024-04-14 18:00:00,35.0873,36.3734,34.937,36.3117,48462.872
2024-04-14 19:00:00,36.3117,36.4531,35.6367,35.6872,21821.213
2024-04-14 20:00:00,35.6872,36.0293,35.0712,35.2425,37235.481
2024-04-14 21:00:00,35.2425,35.5723,35.1,35.4793,12078.897
2024-04-14 22:00:00,35.4793,37.8324,35.4793,37.6889,44175.104
2024-04-14 23:00:00,37.6889,37.915,37.1823,37.2871,37501.488
2024-04-15 00:00:00,37.2871,37.2871,36.5169,36.7394,43023.204
2024-04-15 01:00:00,36.7394,36.7767,36.2848,36.65,17873.095
2024-04-15 02:00:00,36.65,36.65,35.7431,35.8736,18292.93
2024-04-15 03:00:00,35.8736,36.3402,35.7904,35.8815,40865.129
2024-04-15 04:00:00,35.8815,35.9825,35.5,35.8758,14793.796
2024-04-15 05:00:00,35.8758,36.7056,35.8216,36.6686,18654.103
2024-04-15 06:00:00,36.6686,38.5273,36.4953,38.1246,52526.376
2024-04-15 07:00:00,38.1246,38.3064,37.6902,37.7744,33048.649
2024-04-15 08:00:00,37.7744,38.0494,37.552,37.644,22758.766
2024-04-15 09:00:00,37.644,38.1933,37.4025,37.8799,24016.403
2024-04-15 10:00:00,37.8799,38.1761,37.7735,38.0532,14291.629
2024-04-15 11:00:00,38.0532,38.2142,37.4414,37.4632,14446.694
2024-04-15 12:00:00,37.4632,38.0937,37.4531,38.0779,22776.828
2024-04-15 13:00:00,38.0779,38.6037,37.7854,37.8915,34608.142
2024-04-15 14:00:00,37.8915,38.3,36.6117,36.7228,69581.729
2024-04-15 15:00:00,36.7228,37.2118,36.2047,36.8516,58704.156
2024-04-15 16:00:00,36.8516,37.0632,35.8753,35.9931,42215.658
2024-04-15 17:00:00,35.9931,36.6458,35.2862,35.664,63226.69
2024-04-15 18:00:00,35.664,35.8173,34.5567,34.5789,64013.756
2024-04-15 19:00:00,34.5789,35.6511,34.0873,35.3481,87547.94
2024-04-15 20:00:00,35.3481,35.6715,34.7315,34.8584,28105.815
2024-04-15 21:00:00,34.8584,35.3519,34.5824,35.3144,16936.909
2024-04-15 22:00:00,35.3144,35.5742,34.9145,35.5742,12517.738
2024-04-15 23:00:00,35.5742,35.5742,35.0454,35.1541,11519.328
2024-04-16 00:00:00,35.1541,35.1557,34.3259,34.5517,20246.992
2024-04-16 01:00:00,34.5517,35.4745,34.3904,34.7474,14283.741
2024-04-16 02:00:00,34.7474,36.1092,34.4902,35.0537,28571.954
2024-04-16 03:00:00,35.0537,36.1216,34.3467,34.6453,57473.476
2024-04-16 04:00:00,34.6453,34.918,33.6573,34.0944,31080.116
2024-04-16 05:00:00,34.0944,34.803,33.9189,34.5922,16576.005
2024-04-16 06:00:00,34.5922,35.2312,34.559,35.0854,21524.287
2024-04-16 07:00:00,35.0854,35.9144,35.057,35.6794,23531.426
2024-04-16 08:00:00,35.6794,35.6901,35.2778,35.4045,15739.292
2024-04-16 09:00:00,35.4045,35.6677,35.0683,35.1469,15137.23
2024-04-16 10:00:00,35.1469,35.237,33.77,34.6526,53637.423
2024-04-16 11:00:00,34.6526,35.2434,34.4423,35.1254,22270.4
2024-04-16 12:00:00,35.1254,35.1459,34.3366,34.4244,16550.376
2024-04-16 13:00:00,34.4244,34.6135,33.5094,34.0293,41641.723
2024-04-16 14:00:00,34.0293,34.6081,33.735,33.8383,35381.972
2024-04-16 15:00:00,33.8383,34.0563,32.9326,32.9352,37963.329
2024-04-16 16:00:00,32.9352,34.054,32.7,34.0314,48692.311
2024-04-16 17:00:00,34.0314,34.6248,33.7783,33.9366,41949.827
2024-04-16 18:00:00,33.9366,34.4503,33.7679,34.3552,24538.922
2024-04-16 19:00:00,34.3552,34.5089,33.8454,34.0248,13827.159
2024-04-16 20:00:00,34.0248,34.4001,33.9247,34.3361,13933.481
2024-04-16 21:00:00,34.3361,35.1202,34.2922,34.9392,21060.757
2024-04-16 22:00:00,34.9392,35.0147,34.6902,34.941,11373.818
2024-04-16 23:00:00,34.941,35.048,34.6902,34.7665,6226.802
2024-04-17 00:00:00,34.7665,35.069,34.3515,34.7761,14096.82
2024-04-17 01:00:00,34.7761,35.0635,34.1203,34.7841,30981.561
2024-04-17 02:00:00,34.7841,34.9126,34.1858,34.5786,9251.848
2024-04-17 03:00:00,34.5786,34.9009,34.4797,34.7324,9568.204
2024-04-17 04:00:00,34.7324,35.3736,34.5027,35.2054,14100.765
2024-04-17 05:00:00,35.2054,35.3494,34.635,34.7208,19178.148
2024-04-17 06:00:00,34.7208,35.015,34.5823,34.8692,10777.386
2024-04-17 07:00:00,34.8692,35.2062,34.4688,34.9486,27829.669
2024-04-17 08:00:00,34.9486,35.213,34.716,34.8571,18932.891
2024-04-17 09:00:00,34.8571,35.1257,34.7131,34.7917,16703.173
2024-04-17 10:00:00,34.7917,34.838,34.2498,34.3294,19266.735
2024-04-17 11:00:00,34.3294,34.4993,33.8454,33.8659,19381.178
2024-04-17 12:00:00,33.8659,34.0071,33.2877,33.6087,16880.732
2024-04-17 13:00:00,33.6087,34.2234,33.5895,33.8595,23600.267
2024-04-17 14:00:00,33.8595,33.868,32.74,33.4211,49141.728
2024-04-17 15:00:00,33.4211,33.4996,32.4723,32.6402,52319.719
2024-04-17 16:00:00,32.6402,33.3197,32.225,32.7888,43947.372
2024-04-17 17:00:00,32.7888,33.8686,32.7446,33.8009,23027.418
2024-04-17 18:00:00,33.8009,35.2142,33.7284,34.5463,53855.03
2024-04-17 19:00:00,34.5463,34.5643,33.9561,34.1986,28274.408
2024-04-17 20:00:00,34.1986,34.3814,33.724,33.7681,23296.263
2024-04-17 21:00:00,33.7681,34.5833,33.7681,34.1595,25849.918
2024-04-17 22:00:00,34.1595,34.1923,33.7735,33.9243,12859.144
2024-04-17 23:00:00,33.9243,34.0999,33.4556,33.5799,11797.346
2024-04-18 00:00:00,33.5799,33.8371,32.7902,33.5048,28310.279
2024-04-18 01:00:00,33.5048,34.1139,33.4539,33.9621,24770.189
2024-04-18 02:00:00,33.9621,34.2534,33.6122,34.0526,14281.074
2024-04-18 03:00:00,34.0526,34.6664,34.0526,34.3268,14619.319
2024-04-18 04:00:00,34.3268,34.6203,34.1936,34.2642,6131.392
2024-04-18 05:00:00,34.2642,34.7965,34.1371,34.2145,16450.988
2024-04-18 06:00:00,34.2145,34.2981,33.3573,33.6085,16024.61
2024-04-18 07:00:00,33.6085,33.8466,33.1394,33.3284,23284.384
2024-04-18 08:00:00,33.3284,34.0229,32.943,33.7814,23898.787
2024-04-18 09:00:00,33.7814,34.1665,33.686,34.116,12669.518
2024-04-18 10:00:00,34.116,34.6081,33.989,34.5683,11140.61
2024-04-18 11:00:00,34.5683,35.4414,34.5683,34.922,40643.244
2024-04-18 12:00:00,34.922,35.0431,34.016,34.2516,17860.85
2024-04-18 13:00:00,34.2516,34.5117,33.7492,34.3433,33515.19
2024-04-18 14:00:00,34.3433,35.401,34.1192,35.0631,26870.64
2024-04-18 15:00:00,35.0631,35.6198,34.7876,35.0283,21339.113
2024-04-18 16:00:00,35.0283,35.2374,34.581,34.6863,16431.095
2024-04-18 17:00:00,34.6863,34.746,34.335,34.39,21514.304
2024-04-18 18:00:00,34.39,34.6496,34.0889,34.5885,15863.299
2024-04-18 19:00:00,34.5885,34.9629,34.5094,34.8943,12114.475
2024-04-18 20:00:00,34.8943,34.9865,34.6806,34.9477,10263.02
2024-04-18 21:00:00,34.9477,35.1647,34.8404,35.0027,12814.706
2024-04-18 22:00:00,35.0027,35.1032,34.7007,34.9528,15942.08
2024-04-18 23:00:00,34.9528,35.0663,34.733,34.8494,8463.299
2024-04-19 00:00:00,34.8494,34.8494,34.3134,34.3134,16189.699
2024-04-19 01:00:00,34.3134,34.349,32.7127,32.8709,36294.897
2024-04-19 02:00:00,32.8709,33.0519,31.9062,32.856,47072.43
2024-04-19 03:00:00,32.856,33.8351,32.7601,33.5933,42383.251
2024-04-19 04:00:00,33.5933,34.3505,33.5532,34.0674,14375.41
2024-04-19 05:00:00,34.0674,34.1785,33.5555,33.7551,22002.333
2024-04-19 06:00:00,33.7551,35.6773,33.5408,35.6373,42248.623
2024-04-19 07:00:00,35.6373,36.1395,35.0469,35.1794,40430.936
2024-04-19 08:00:00,35.1794,35.6054,35.0248,35.4052,30177.303
2024-04-19 09:00:00,35.4052,35.5162,35.1211,35.391,12204.075
2024-04-19 10:00:00,35.391,35.6001,35.1,35.4429,11165.979
2024-04-19 11:00:00,35.4429,35.7531,35.3017,35.4207,16836.773
2024-04-19 12:00:00,35.4207,35.6028,35.1925,35.313,11586.553
2024-04-19 13:00:00,35.313,35.531,35.0153,35.364,13620.164
2024-04-19 14:00:00,35.364,35.6455,34.759,35.3193,15695.786
2024-04-19 15:00:00,35.3193,35.5,35.1372,35.3335,11640.417
2024-04-19 16:00:00,35.3335,35.4503,34.7719,35.1898,19405.587
2024-04-19 17:00:00,35.1898,35.4543,34.9824,35.3447,11771.566
2024-04-19 18:00:00,35.3447,35.3447,35.0183,35.085,12090.979
2024-04-19 19:00:00,35.085,35.3699,35.0398,35.3083,9815.711
2024-04-19 20:00:00,35.3083,35.3083,34.8245,34.9686,11177.9
2024-04-19 21:00:00,34.9686,35.2343,34.9686,35.2051,13296.421
2024-04-19 22:00:00,35.2051,35.3951,34.9308,34.9308,12703.666
2024-04-19 23:00:00,34.9308,34.9781,34.132,34.6661,33258.757
2024-04-20 00:00:00,34.6661,34.9077,34.3067,34.3569,13135.255
2024-04-20 01:00:00,34.3569,35.0,34.1408,34.9101,14355.728
2024-04-20 02:00:00,34.9101,35.3253,34.8,34.9477,9857.594
2024-04-20 03:00:00,34.9477,35.1848,34.7642,35.1848,12813.459
2024-04-20 04:00:00,35.1848,35.9412,35.0939,35.6649,16696.823
2024-04-20 05:00:00,35.6649,35.6788,35.3451,35.5726,8756.484
2024-04-20 06:00:00,35.5726,35.8637,35.3914,35.7251,13196.335
2024-04-20 07:00:00,35.7251,35.9914,35.7093,35.8493,7903.742
2024-04-20 08:00:00,35.8493,35.8919,35.5688,35.6462,11251.706
2024-04-20 09:00:00,35.6462,35.6913,35.1906,35.4198,12890.366
2024-04-20 10:00:00,35.4198,35.5876,35.1881,35.3316,7603.936
2024-04-20 11:00:00,35.3316,35.4202,34.9421,35.0262,24741.597
2024-04-20 12:00:00,35.0262,35.3035,34.8839,35.1339,9286.422
2024-04-20 13:00:00,35.1339,35.4401,35.1096,35.2732,9376.706
2024-04-20 14:00:00,35.2732,35.5878,35.1732,35.4614,9945.673
2024-04-20 15:00:00,35.4614,36.6561,35.2423,36.6069,25763.086
2024-04-20 16:00:00,36.6069,36.875,36.3423,36.622,20752.1
2024-04-20 17:00:00,36.622,37.5823,36.622,37.5537,30690.248
2024-04-20 18:00:00,37.5537,37.739,37.2064,37.3751,22778.28
2024-04-20 19:00:00,37.3751,37.5921,37.1,37.5263,25946.391
2024-04-20 20:00:00,37.5263,37.9923,37.5263,37.981,11484.795
2024-04-20 21:00:00,37.981,38.2849,37.87,38.1086,11598.553
2024-04-20 22:00:00,38.1086,38.3087,37.9573,38.0607,12611.888
2024-04-20 23:00:00,38.0607,38.4949,38.0607,38.3192,13426.332
2024-04-21 00:00:00,38.3192,38.3253,37.636,37.7317,12172.405
2024-04-21 01:00:00,37.7317,38.2291,37.7317,37.9629,6776.519
2024-04-21 02:00:00,37.9629,38.5,37.9187,38.4574,8841.746
2024-04-21 03:00:00,38.4574,38.7857,38.0142,38.1964,10800.872
2024-04-21 04:00:00,38.1964,38.2594,37.9237,38.1332,8129.343
2024-04-21 05:00:00,38.1332,38.3297,37.9722,38.0562,3104.144
2024-04-21 06:00:00,38.0562,38.2919,37.9406,38.0299,6116.015
2024-04-21 07:00:00,38.0299,38.1312,37.7943,38.0292,14170.403
2024-04-21 08:00:00,38.0292,38.1407,37.6277,37.6925,17589.509
2024-04-21 09:00:00,37.6925,37.7836,37.5232,37.6049,15254.273
2024-04-21 10:00:00,37.6049,37.6811,37.3824,37.5224,5191.865
2024-04-21 11:00:00,37.5224,37.8003,37.357,37.4836,8352.963
2024-04-21 12:00:00,37.4836,37.557,37.1929,37.2284,5263.475
2024-04-21 13:00:00,37.2284,37.4005,36.8107,36.9154,12718.471
2024-04-21 14:00:00,36.9154,37.1149,36.8541,36.9161,6967.231
2024-04-21 15:00:00,36.9161,37.3635,36.8944,37.2302,7842.273
2024-04-21 16:00:00,37.2302,37.2708,36.3569,36.7767,19454.672
2024-04-21 17:00:00,36.7767,37.0195,36.5477,36.9369,8569.587
2024-04-21 18:00:00,36.9369,37.019,36.7156,37.0043,5550.057
2024-04-21 19:00:00,37.0043,37.1505,36.8333,36.963,4926.518
2024-04-21 20:00:00,36.963,37.2275,36.785,37.1936,9868.666
2024-04-21 21:00:00,37.1936,37.6321,37.0554,37.067,9021.347
2024-04-21 22:00:00,37.067,37.4979,37.0241,37.1764,5182.563
2024-04-21 23:00:00,37.1764,37.1826,36.9815,37.1465,1800.472
2024-04-22 00:00:00,37.1465,37.6095,36.9,37.1189,7194.124
2024-04-22 01:00:00,37.1189,37.731,36.9305,37.0111,14384.525
2024-04-22 02:00:00,37.0111,37.2043,36.7436,37.1824,8431.573
2024-04-22 03:00:00,37.1824,38.2408,37.1333,38.0552,12133.981
2024-04-22 04:00:00,38.0552,38.3918,37.9764,38.2795,24088.369
2024-04-22 05:00:00,38.2795,38.8087,38.2533,38.7985,9163.527
2024-04-22 06:00:00,38.7985,39.1964,38.6884,38.8914,13969.985
2024-04-22 07:00:00,38.8914,39.1205,38.469,38.4734,8868.583
2024-04-22 08:00:00,38.4734,38.8079,38.1883,38.7305,20114.151
2024-04-22 09:00:00,38.7305,39.1965,38.7051,38.9435,18391.867
2024-04-22 10:00:00,38.9435,39.678,38.9037,39.4288,24048.573
2024-04-22 11:00:00,39.4288,39.5283,38.8913,38.9508,23639.421
2024-04-22 12:00:00,38.9508,39.3674,38.8633,39.0799,13268.102
2024-04-22 13:00:00,39.0799,39.324,38.6214,38.9542,15350.215
2024-04-22 14:00:00,38.9542,39.1734,38.7212,38.7699,10158.447
2024-04-22 15:00:00,38.7699,39.0284,38.3788,38.9755,17271.399
2024-04-22 16:00:00,38.9755,39.4104,38.6658,38.8358,26259.649
2024-04-22 17:00:00,38.8358,39.4028,38.7953,39.1167,17663.799
2024-04-22 18:00:00,39.1167,39.2754,38.968,39.0268,15762.441
2024-04-22 19:00:00,39.0268,39.3133,38.8946,39.281,11423.869
2024-04-22 20:00:00,39.281,39.5151,39.1287,39.3423,11104.764
2024-04-22 21:00:00,39.3423,39.4064,39.1716,39.3079,7697.173
2024-04-22 22:00:00,39.3079,39.6556,39.2302,39.5898,17840.218
2024-04-22 23:00:00,39.5898,39.7161,39.1404,39.1817,9547.892
2024-04-23 00:00:00,39.1817,39.9161,39.1289,39.692,11049.405
2024-04-23 01:00:00,39.692,39.8139,39.2713,39.2713,4466.64
2024-04-23 02:00:00,39.2713,39.4756,38.9616,39.0427,7984.363
2024-04-23 03:00:00,39.0427,39.1264,38.7499,38.8788,8754.968
2024-04-23 04:00:00,38.8788,39.017,38.5518,38.6583,6935.315
2024-04-23 05:00:00,38.6583,38.9779,38.5726,38.9568,7582.081
2024-04-23 06:00:00,38.9568,39.0085,38.4606,38.5526,6184.751
2024-04-23 07:00:00,38.5526,38.6522,38.1333,38.2757,13177.416
2024-04-23 08:00:00,38.2757,38.4165,38.0781,38.3519,13973.113
2024-04-23 09:00:00,38.3519,38.4409,38.1553,38.2432,9522.895
2024-04-23 10:00:00,38.2432,38.5334,38.2408,38.3395,5164.633
2024-04-23 11:00:00,38.3395,38.3651,37.981,38.0814,10832.75
2024-04-23 12:00:00,38.0814,38.3697,37.9826,38.3697,9179.115
2024-04-23 13:00:00,38.3697,38.7819,38.1253,38.7323,24391.004
2024-04-23 14:00:00,38.7323,39.3265,38.64,39.1056,36728.59
2024-04-23 15:00:00,39.1056,39.3272,38.8595,38.9702,11219.862
2024-04-23 16:00:00,38.9702,39.2408,38.8544,39.0651,8671.426
2024-04-23 17:00:00,39.0651,39.331,38.7693,39.041,18137.595
2024-04-23 18:00:00,39.041,39.0775,38.6611,38.8969,8417.403
2024-04-23 19:00:00,38.8969,38.9066,38.618,38.7158,13729.694
2024-04-23 20:00:00,38.7158,38.7695,38.041,38.5518,29766.601
2024-04-23 21:00:00,38.5518,38.5707,38.3204,38.449,5054.17
2024-04-23 22:00:00,38.449,38.5351,38.1662,38.2386,4985.281
2024-04-23 23:00:00,38.2386,38.3153,38.039,38.3007,11810.631
2024-04-24 00:00:00,38.3007,38.8776,38.2777,38.682,23122.294
2024-04-24 01:00:00,38.682,39.4711,38.6604,39.0423,43694.043
2024-04-24 02:00:00,39.0423,39.1686,38.5979,38.7617,15710.818
2024-04-24 03:00:00,38.7617,39.2274,38.6895,38.9718,23651.671
2024-04-24 04:00:00,38.9718,39.8476,38.9441,39.675,21461.968
2024-04-24 05:00:00,39.675,39.8181,39.3127,39.492,11046.156
2024-04-24 06:00:00,39.492,39.4962,39.0478,39.2929,17180.495
2024-04-24 07:00:00,39.2929,39.4096,39.0722,39.1353,4028.844
2024-04-24 08:00:00,39.1353,39.3526,38.9774,39.079,13546.28
2024-04-24 09:00:00,39.079,39.1423,38.839,39.0796,10479.041
2024-04-24 10:00:00,39.0796,39.2263,38.9444,39.0179,9895.221
2024-04-24 11:00:00,39.0179,39.35,38.9726,39.1636,12612.67
2024-04-24 12:00:00,39.1636,39.3521,38.8202,38.8662,16171.806
2024-04-24 13:00:00,38.8662,38.8662,38.1215,38.2331,28521.317
2024-04-24 14:00:00,38.2331,38.4116,37.1294,37.5761,73095.331
2024-04-24 15:00:00,37.5761,37.5761,36.7244,36.8905,46069.581
2024-04-24 16:00:00,36.8905,37.1037,36.6071,36.9503,37093.13
2024-04-24 17:00:00,36.9503,37.55,36.9104,37.2261,18004.964
2024-04-24 18:00:00,37.2261,37.2706,36.7079,36.7916,13659.097
2024-04-24 19:00:00,36.7916,37.2261,36.5011,37.026,17820.705
2024-04-24 20:00:00,37.026,37.1431,36.6643,36.7943,17808.778
2024-04-24 21:00:00,36.7943,37.0212,36.5694,36.9748,11274.039
2024-04-24 22:00:00,36.9748,37.0019,36.1559,36.3818,23510.419
2024-04-24 23:00:00,36.3818,36.4599,36.0249,36.3764,17306.169
2024-04-25 00:00:00,36.3764,36.7595,36.2734,36.5748,10284.336
2024-04-25 01:00:00,36.5748,36.7515,35.9761,35.9761,13260.761
2024-04-25 02:00:00,35.9761,36.3164,35.6652,36.1949,28094.018
2024-04-25 03:00:00,36.1949,36.3269,35.7154,35.8728,9799.991
2024-04-25 04:00:00,35.8728,36.2555,35.4244,36.1928,13403.662
2024-04-25 05:00:00,36.1928,36.226,35.2606,35.6875,37868.831
2024-04-25 06:00:00,35.6875,35.7814,35.5047,35.6019,7683.597
2024-04-25 07:00:00,35.6019,35.7093,35.2402,35.4253,13324.68
2024-04-25 08:00:00,35.4253,35.562,35.134,35.338,11345.449
2024-04-25 09:00:00,35.338,35.5779,35.1785,35.266,5170.24
2024-04-25 10:00:00,35.266,35.267,34.7567,34.9114,27588.51
2024-04-25 11:00:00,34.9114,35.2831,34.8485,35.145,13784.076
2024-04-25 12:00:00,35.145,35.5109,34.7923,34.8939,22939.389
2024-04-25 13:00:00,34.8939,35.2401,34.714,35.1464,26935.723
2024-04-25 14:00:00,35.1464,35.6312,35.0322,35.167,20752.644
2024-04-25 15:00:00,35.167,35.7142,35.1151,35.6374,17447.144
2024-04-25 16:00:00,35.6374,35.7794,35.3975,35.6614,17144.173
2024-04-25 17:00:00,35.6614,35.9289,35.5637,35.8927,12829.606
2024-04-25 18:00:00,35.8927,36.0047,35.7302,36.0047,9665.497
2024-04-25 19:00:00,36.0047,36.0308,35.727,35.882,8714.325
2024-04-25 20:00:00,35.882,36.0878,35.75,35.9458,7121.622
2024-04-25 21:00:00,35.9458,36.4791,35.9046,36.0714,14039.789
2024-04-25 22:00:00,36.0714,36.0714,35.5199,35.5292,6180.412
2024-04-25 23:00:00,35.5292,35.6546,35.4178,35.5849,4603.689
2024-04-26 00:00:00,35.5849,35.6869,35.0631,35.3084,13951.913
2024-04-26 01:00:00,35.3084,35.5877,34.6906,35.4045,19736.711
2024-04-26 02:00:00,35.4045,35.7887,35.3402,35.5555,6696.225
2024-04-26 03:00:00,35.5555,35.7067,35.3876,35.4723,8958.118
2024-04-26 04:00:00,35.4723,35.7078,35.2706,35.4429,14588.926
2024-04-26 05:00:00,35.4429,35.7542,35.3997,35.7457,13325.054
2024-04-26 06:00:00,35.7457,35.7647,35.3525,35.43,5112.826
2024-04-26 07:00:00,35.43,35.6136,35.2111,35.3545,12257.806
2024-04-26 08:00:00,35.3545,35.6739,35.3,35.4566,29269.737
2024-04-26 09:00:00,35.4566,35.5823,35.3244,35.4531,7711.008
2024-04-26 10:00:00,35.4531,35.5358,34.9914,35.105,23810.295
2024-04-26 11:00:00,35.105,35.2474,35.0556,35.2113,5362.287
2024-04-26 12:00:00,35.2113,35.4635,34.8973,35.0804,16391.847
2024-04-26 13:00:00,35.0804,35.6949,34.7,35.5959,26907.542
2024-04-26 14:00:00,35.5959,35.8733,35.1244,35.2006,17977.671
2024-04-26 15:00:00,35.2006,35.3056,34.8344,35.1424,19932.803
2024-04-26 16:00:00,35.1424,35.3113,34.877,35.0017,9240.936
2024-04-26 17:00:00,35.0017,35.151,34.9045,35.0831,8551.113
2024-04-26 18:00:00,35.0831,35.1422,34.9543,35.0542,6999.266
2024-04-26 19:00:00,35.0542,35.0705,34.8383,34.8829,7650.893
2024-04-26 20:00:00,34.8829,35.1732,34.8755,34.9375,10888.766
2024-04-26 21:00:00,34.9375,35.0421,34.8319,35.0108,4073.772
2024-04-26 22:00:00,35.0108,35.0166,34.2643,34.3485,19941.786
2024-04-26 23:00:00,34.3485,34.5536,34.3485,34.407,7613.76
2024-04-27 00:00:00,34.407,34.6521,33.8997,34.2393,24633.02
2024-04-27 01:00:00,34.2393,34.2537,33.0689,33.4138,64632.072
2024-04-27 02:00:00,33.4138,34.202,33.3394,33.9028,18405.286
2024-04-27 03:00:00,33.9028,34.2882,33.828,34.1363,8371.776
2024-04-27 04:00:00,34.1363,34.459,34.1074,34.4482,11867.42
2024-04-27 05:00:00,34.4482,34.5003,34.0501,34.1565,15500.759
2024-04-27 06:00:00,34.1565,34.3187,34.066,34.1811,9841.613
2024-04-27 07:00:00,34.1811,34.3269,34.0646,34.0729,5149.628
2024-04-27 08:00:00,34.0729,34.1191,33.9149,34.0438,5935.63
2024-04-27 09:00:00,34.0438,34.3658,34.0021,34.1471,5232.072
2024-04-27 10:00:00,34.1471,34.2027,33.7675,33.8391,9643.04
2024-04-27 11:00:00,33.8391,34.0401,33.6012,33.9154,10538.188
2024-04-27 12:00:00,33.9154,34.2198,33.8674,34.1439,5026.807
2024-04-27 13:00:00,34.1439,34.3465,34.0667,34.2977,11538.136
2024-04-27 14:00:00,34.2977,34.5217,34.118,34.2014,14277.722
2024-04-27 15:00:00,34.2014,34.3333,33.9712,34.0866,4795.588
2024-04-27 16:00:00,34.0866,34.2,33.9479,34.0681,14157.336
2024-04-27 17:00:00,34.0681,34.9836,33.9624,34.8485,39161.322
2024-04-27 18:00:00,34.8485,35.15,34.292,34.5148,31934.337
2024-04-27 19:00:00,34.5148,34.5437,34.2569,34.4979,12343.106
2024-04-27 20:00:00,34.4979,34.673,34.2743,34.3611,17448.413
2024-04-27 21:00:00,34.3611,34.4004,34.17,34.3421,9062.578
2024-04-27 22:00:00,34.3421,34.4323,34.1835,34.1992,6627.736
2024-04-27 23:00:00,34.1992,34.5426,34.1898,34.461,6457.504
2024-04-28 00:00:00,34.461,34.7385,34.3746,34.6696,10493.925
2024-04-28 01:00:00,34.6696,34.8954,34.625,34.8151,15839.171
2024-04-28 02:00:00,34.8151,35.2416,34.7558,35.1588,15442.689
2024-04-28 03:00:00,35.1588,35.2738,34.971,34.9793,11492.015
2024-04-28 04:00:00,34.9793,35.059,34.7994,34.8274,6124.008
2024-04-28 05:00:00,34.8274,35.0,34.8134,34.9359,6382.131
2024-04-28 06:00:00,34.9359,34.9679,34.7931,34.923,7364.361
2024-04-28 07:00:00,34.923,35.2507,34.8548,35.011,12711.971
2024-04-28 08:00:00,35.011,35.1148,34.7038,34.787,13687.141
2024-04-28 09:00:00,34.787,34.8832,34.5882,34.6838,11191.353
2024-04-28 10:00:00,34.6838,34.7861,34.4493,34.636,5452.265
2024-04-28 11:00:00,34.636,34.6438,34.3357,34.407,5332.975
2024-04-28 12:00:00,34.407,34.5496,34.3603,34.5193,4572.299
2024-04-28 13:00:00,34.5193,34.8568,34.4536,34.7215,9928.178
2024-04-28 14:00:00,34.7215,34.722,34.454,34.6788,6942.422
2024-04-28 15:00:00,34.6788,34.9448,34.6159,34.6779,13702.855
2024-04-28 16:00:00,34.6779,35.035,34.625,34.8123,23315.957
2024-04-28 17:00:00,34.8123,35.0954,34.8006,35.0835,5343.147
2024-04-28 18:00:00,35.0835,35.3899,34.969,35.2896,15171.135
2024-04-28 19:00:00,35.2896,35.3194,35.0041,35.0265,6465.764
2024-04-28 20:00:00,35.0265,35.0598,34.9129,35.0582,5001.196
2024-04-28 21:00:00,35.0582,35.0869,34.7669,34.8111,4944.075
2024-04-28 22:00:00,34.8111,34.8913,34.0861,34.1558,30354.125
2024-04-28 23:00:00,34.1558,34.1558,33.7953,33.9578,15883.245
2024-04-29 00:00:00,33.9578,34.1963,33.876,34.1618,8260.053
2024-04-29 01:00:00,34.1618,34.322,34.0159,34.198,9596.511
2024-04-29 02:00:00,34.198,34.2818,33.5706,33.724,17367.382
2024-04-29 03:00:00,33.724,33.8089,33.2935,33.3251,22019.533
2024-04-29 04:00:00,33.3251,33.7339,33.218,33.6744,8470.543
2024-04-29 05:00:00,33.6744,33.6893,33.4462,33.6689,4561.264
2024-04-29 06:00:00,33.6689,33.6711,32.9346,33.1554,19575.852
2024-04-29 07:00:00,33.1554,33.2949,33.0175,33.2218,12630.458
2024-04-29 08:00:00,33.2218,33.2843,32.8374,33.0739,14775.176
2024-04-29 09:00:00,33.0739,33.406,32.9496,33.2908,6101.663
2024-04-29 10:00:00,33.2908,33.6789,33.1472,33.2891,13489.343
2024-04-29 11:00:00,33.2891,33.3205,33.1034,33.2309,7470.188
2024-04-29 12:00:00,33.2309,33.5699,33.0225,33.5058,15277.202
2024-04-29 13:00:00,33.5058,34.1069,33.4549,33.8622,66428.192
2024-04-29 14:00:00,33.8622,35.1408,33.683,34.8028,40633.747
2024-04-29 15:00:00,34.8028,35.115,34.6419,34.9566,26862.111
2024-04-29 16:00:00,34.9566,35.0328,34.562,34.6658,18879.765
2024-04-29 17:00:00,34.6658,35.0927,34.6341,35.047,13162.755
2024-04-29 18:00:00,35.047,35.1251,34.8236,34.9861,14992.56
2024-04-29 19:00:00,34.9861,35.0155,34.4179,34.6471,14850.194
2024-04-29 20:00:00,34.6471,34.899,34.448,34.5178,13467.496
2024-04-29 21:00:00,34.5178,34.5178,34.132,34.3147,9560.976
2024-04-29 22:00:00,34.3147,35.3256,34.284,35.0371,27877.399
2024-04-29 23:00:00,35.0371,35.9,35.0369,35.2749,47012.481
2024-04-30 00:00:00,35.2749,35.7289,34.9426,35.4953,37750.026
2024-04-30 01:00:00,35.4953,35.6798,34.7005,34.7386,14313.352
2024-04-30 02:00:00,34.7386,35.075,34.3601,34.9653,20039.711
2024-04-30 03:00:00,34.9653,35.1269,34.7526,34.8557,7348.259
2024-04-30 04:00:00,34.8557,34.9083,34.6098,34.669,11267.857
2024-04-30 05:00:00,34.669,34.7687,34.3784,34.6659,8944.711
2024-04-30 06:00:00,34.6659,34.8885,34.6216,34.8749,4607.791
2024-04-30 07:00:00,34.8749,35.0276,34.7018,34.7293,8545.782
2024-04-30 08:00:00,34.7293,34.8118,33.5133,33.651,43127.986
2024-04-30 09:00:00,33.651,33.9659,33.5445,33.6605,23172.698
2024-04-30 10:00:00,33.6605,33.7306,33.2935,33.4929,27561.615
2024-04-30 11:00:00,33.4929,33.5273,33.1365,33.2841,32147.785
2024-04-30 12:00:00,33.2841,33.384,32.5099,32.9146,32029.046
2024-04-30 13:00:00,32.9146,32.9862,32.5236,32.6137,13787.814
2024-04-30 14:00:00,32.6137,33.3406,32.5862,33.1599,22067.016
2024-04-30 15:00:00,33.1599,33.3387,32.6587,32.8453,11780.752
2024-04-30 16:00:00,32.8453,32.8453,31.9023,32.5,75835.095
2024-04-30 17:00:00,32.5,32.6453,32.3434,32.4558,13375.195
2024-04-30 18:00:00,32.4558,32.5602,32.2811,32.4648,10423.888
2024-04-30 19:00:00,32.4648,32.6505,31.9019,32.003,42655.568
2024-04-30 20:00:00,32.003,32.7564,32.0,32.4087,25121.963
2024-04-30 21:00:00,32.4087,32.5867,32.3851,32.4845,6537.379
2024-04-30 22:00:00,32.4845,33.0713,32.4299,32.7883,20683.428
2024-04-30 23:00:00,32.7883,32.88,32.5693,32.7123,8086.784
2024-05-01 00:00:00,32.7123,32.8398,32.2933,32.4157,13465.536
2024-05-01 01:00:00,32.4157,32.759,32.2246,32.647,9066.404
2024-05-01 02:00:00,32.647,32.6778,32.2181,32.5087,10058.024
2024-05-01 03:00:00,32.5087,32.6923,32.431,32.6479,5811.671
2024-05-01 04:00:00,32.6479,32.7583,32.5958,32.6637,5701.766
2024-05-01 05:00:00,32.6637,32.7772,32.4091,32.4782,4624.338
2024-05-01 06:00:00,32.4782,32.4908,31.9754,32.024,63120.435
2024-05-01 07:00:00,32.024,32.0515,30.9118,31.2645,122301.626
2024-05-01 08:00:00,31.2645,31.3025,30.5816,31.0224,31127.084
2024-05-01 09:00:00,31.0224,31.3866,30.9685,31.2788,16575.816
2024-05-01 10:00:00,31.2788,31.5306,31.1692,31.5053,20477.76
2024-05-01 11:00:00,31.5053,31.9178,31.4507,31.9016,27256.086
2024-05-01 12:00:00,31.9016,32.3448,31.7579,32.1736,29986.406
2024-05-01 13:00:00,32.1736,32.6734,32.0486,32.3909,34116.993
2024-05-01 14:00:00,32.3909,32.9615,32.2173,32.8808,43574.159
2024-05-01 15:00:00,32.8808,32.8937,32.2253,32.48,24139.183
2024-05-01 16:00:00,32.48,32.5758,31.8749,31.9856,30855.505
2024-05-01 17:00:00,31.9856,32.4484,31.7959,32.2859,17858.024
2024-05-01 18:00:00,32.2859,33.9799,32.2565,33.6227,61803.233
2024-05-01 19:00:00,33.6227,33.8,32.1675,32.4047,58569.245
2024-05-01 20:00:00,32.4047,32.8869,32.1558,32.6986,22305.421
2024-05-01 21:00:00,32.6986,33.1794,32.6357,33.0604,10525.756
2024-05-01 22:00:00,33.0604,33.1948,32.9837,33.0472,13432.241
2024-05-01 23:00:00,33.0472,33.4285,32.9795,33.3271,17657.163
2024-05-02 00:00:00,33.3271,33.7596,32.9722,33.0383,31203.611
2024-05-02 01:00:00,33.0383,33.1181,32.3642,32.7639,27073.885
2024-05-02 02:00:00,32.7639,32.8805,32.6285,32.7433,14610.242
2024-05-02 03:00:00,32.7433,32.9869,32.7132,32.7988,7662.307
2024-05-02 04:00:00,32.7988,32.9767,32.6149,32.6769,17606.538
2024-05-02 05:00:00,32.6769,32.7166,32.2948,32.6529,9204.386
2024-05-02 06:00:00,32.6529,32.7877,32.5398,32.5517,6812.416
2024-05-02 07:00:00,32.5517,32.9486,32.5517,32.6664,20994.733
2024-05-02 08:00:00,32.6664,32.9998,32.5965,32.8723,13038.801
2024-05-02 09:00:00,32.8723,32.9844,32.7231,32.9073,10664.003
2024-05-02 10:00:00,32.9073,33.071,32.6862,33.0163,12948.404
2024-05-02 11:00:00,33.0163,33.7936,32.9888,33.7713,42457.933
2024-05-02 12:00:00,33.7713,34.056,33.6,33.6765,40491.271
2024-05-02 13:00:00,33.6765,33.8347,33.2208,33.3347,23050.266
2024-05-02 14:00:00,33.3347,33.9388,33.1589,33.8661,26948.16
2024-05-02 15:00:00,33.8661,34.1431,33.7845,33.8104,20074.425
2024-05-02 16:00:00,33.8104,33.8548,33.5233,33.5874,14520.554
2024-05-02 17:00:00,33.5874,33.85,33.5435,33.7893,12040.139
2024-05-02 18:00:00,33.7893,33.9779,33.609,33.7383,16038.705
2024-05-02 19:00:00,33.7383,33.7767,33.5746,33.7705,10824.424
2024-05-02 20:00:00,33.7705,33.8382,33.3161,33.493,11171.858
2024-05-02 21:00:00,33.493,33.8567,33.48,33.686,5319.009
2024-05-02 22:00:00,33.686,33.9691,33.6847,33.8165,9120.017
2024-05-02 23:00:00,33.8165,33.8435,33.5782,33.5782,4583.256
2024-05-03 00:00:00,33.5782,33.7505,33.4367,33.6639,6265.433
2024-05-03 01:00:00,33.6639,34.24,33.6453,33.9775,20284.95
2024-05-03 02:00:00,33.9775,34.309,33.9118,34.0588,18159.271
2024-05-03 03:00:00,34.0588,34.3571,34.0588,34.1654,11091.737
2024-05-03 04:00:00,34.1654,34.2133,33.9009,33.969,16435.116
2024-05-03 05:00:00,33.969,34.14,33.8504,33.9497,11463.963
2024-05-03 06:00:00,33.9497,33.9939,33.701,33.7277,6587.952
2024-05-03 07:00:00,33.7277,33.8758,33.4384,33.5396,10299.107
2024-05-03 08:00:00,33.5396,33.7563,33.5294,33.6107,3881.832
2024-05-03 09:00:00,33.6107,33.9197,33.5971,33.8183,6618.95
2024-05-03 10:00:00,33.8183,33.8221,33.3023,33.5231,9429.29
2024-05-03 11:00:00,33.5231,33.6425,33.3871,33.576,8441.449
2024-05-03 12:00:00,33.576,34.7113,33.5195,34.6492,31941.248
2024-05-03 13:00:00,34.6492,34.9141,34.4671,34.8139,27809.325
2024-05-03 14:00:00,34.8139,34.9837,34.5841,34.7658,17141.445
2024-05-03 15:00:00,34.7658,35.1696,34.718,35.0745,10036.922
2024-05-03 16:00:00,35.0745,35.401,35.0634,35.2298,20745.795
2024-05-03 17:00:00,35.2298,35.4593,35.1457,35.3428,13682.915
2024-05-03 18:00:00,35.3428,35.4485,35.2174,35.2174,10955.303
2024-05-03 19:00:00,35.2174,35.2823,35.0641,35.2816,7754.7
2024-05-03 20:00:00,35.2816,36.015,35.2317,35.6186,28318.063
2024-05-03 21:00:00,35.6186,35.7427,35.4738,35.5795,13642.476
2024-05-03 22:00:00,35.5795,35.6187,35.4922,35.5427,5401.928
2024-05-03 23:00:00,35.5427,35.9442,35.5272,35.5449,21746.931
2024-05-04 00:00:00,35.5449,35.8013,35.5106,35.6739,9493.428
2024-05-04 01:00:00,35.6739,35.7346,35.4189,35.4199,5800.101
2024-05-04 02:00:00,35.4199,35.4419,35.1785,35.4086,7534.173
2024-05-04 03:00:00,35.4086,35.5524,35.3906,35.5275,5265.738
2024-05-04 04:00:00,35.5275,35.8042,35.5109,35.7051,10956.626
2024-05-04 05:00:00,35.7051,35.75,35.4672,35.7442,8121.191
2024-05-04 06:00:00,35.7442,35.7442,35.4735,35.5073,7413.674
2024-05-04 07:00:00,35.5073,35.5978,35.4065,35.4286,9810.604
2024-05-04 08:00:00,35.4286,35.6817,35.4102,35.6402,7289.452
2024-05-04 09:00:00,35.6402,35.7381,35.3313,35.4768,20986.645
2024-05-04 10:00:00,35.4768,36.3427,35.3975,36.2935,28482.663
2024-05-04 11:00:00,36.2935,36.3876,35.6889,35.7925,37868.981
2024-05-04 12:00:00,35.7925,36.1165,35.7518,36.0703,17449.115
2024-05-04 13:00:00,36.0703,36.2578,35.6094,36.1314,22627.097
2024-05-04 14:00:00,36.1314,36.274,35.916,36.1481,17182.846
2024-05-04 15:00:00,36.1481,36.252,35.9915,36.226,13383.267
2024-05-04 16:00:00,36.226,36.6121,36.062,36.586,16340.097
2024-05-04 17:00:00,36.586,36.8263,36.15,36.5426,59014.293
2024-05-04 18:00:00,36.5426,37.5105,36.4722,37.2427,32640.349
2024-05-04 19:00:00,37.2427,37.4086,36.963,37.3257,25447.568
2024-05-04 20:00:00,37.3257,37.7066,37.2787,37.3722,39415.428
2024-05-04 21:00:00,37.3722,37.6314,36.8885,37.1704,30164.39
2024-05-04 22:00:00,37.1704,37.1919,36.8805,37.1085,12112.22
2024-05-04 23:00:00,37.1085,37.3966,37.1085,37.3562,8229.538
2024-05-05 00:00:00,37.3562,37.7777,37.212,37.5247,35116.446
2024-05-05 01:00:00,37.5247,37.6313,36.7909,37.4243,41961.788
2024-05-05 02:00:00,37.4243,37.6205,37.3242,37.3973,17980.489
2024-05-05 03:00:00,37.3973,37.9939,37.3973,37.5746,23609.84
2024-05-05 04:00:00,37.5746,37.6483,37.1021,37.1413,14424.434
2024-05-05 05:00:00,37.1413,37.3287,36.9732,37.0233,15064.964
2024-05-05 06:00:00,37.0233,37.2486,36.9809,37.0026,13711.353
2024-05-05 07:00:00,37.0026,37.1419,36.7807,36.9794,17902.015
2024-05-05 08:00:00,36.9794,37.229,36.8621,36.9821,13530.602
2024-05-05 09:00:00,36.9821,37.2137,36.8199,37.1968,8289.087
2024-05-05 10:00:00,37.1968,37.259,36.6504,36.8622,22009.892
2024-05-05 11:00:00,36.8622,37.0406,36.7,37.0241,17639.332
2024-05-05 12:00:00,37.0241,37.2432,36.7375,36.7682,16331.61
2024-05-05 13:00:00,36.7682,37.4924,36.6763,37.328,27432.129
2024-05-05 14:00:00,37.328,37.3494,37.0576,37.2267,9634.634
2024-05-05 15:00:00,37.2267,37.5409,37.1222,37.4265,11703.884
2024-05-05 16:00:00,37.4265,37.6784,37.3474,37.4905,21886.544
2024-05-05 17:00:00,37.4905,37.6858,37.2887,37.3361,4785.722
2024-05-05 18:00:00,37.3361,37.3361,37.075,37.1998,7216.737
2024-05-05 19:00:00,37.1998,37.2608,37.0878,37.2335,6429.9
2024-05-05 20:00:00,37.2335,37.25,37.0862,37.172,7107.829
2024-05-05 21:00:00,37.172,37.3884,36.9543,37.3771,13584.85
2024-05-05 22:00:00,37.3771,37.4132,37.232,37.382,14161.556
2024-05-05 23:00:00,37.382,37.4841,37.3346,37.3549,8552.929
2024-05-06 00:00:00,37.3549,37.4984,37.1192,37.4984,17999.718
2024-05-06 01:00:00,37.4984,37.6418,37.238,37.254,12082.126
2024-05-06 02:00:00,37.254,37.6,37.1929,37.1929,23900.379
2024-05-06 03:00:00,37.1929,37.2815,36.99,37.2332,7913.458
2024-05-06 04:00:00,37.2332,37.7478,37.0664,37.5023,10719.692
2024-05-06 05:00:00,37.5023,37.9439,37.4132,37.7025,18763.879
2024-05-06 06:00:00,37.7025,37.9768,37.6845,37.9433,16804.155
2024-05-06 07:00:00,37.9433,38.3567,37.8239,38.2585,16875.978
2024-05-06 08:00:00,38.2585,39.8722,38.2413,39.4174,91915.34
2024-05-06 09:00:00,39.4174,39.6207,39.2279,39.5125,41496.822
2024-05-06 10:00:00,39.5125,39.8912,38.3416,38.5214,65403.981
2024-05-06 11:00:00,38.5214,38.8748,38.4363,38.5591,16311.211
2024-05-06 12:00:00,38.5591,38.6655,37.2477,37.6295,64561.622
2024-05-06 13:00:00,37.6295,38.1057,37.4716,37.9532,34034.562
2024-05-06 14:00:00,37.9532,38.2064,37.1441,37.2756,30917.535
2024-05-06 15:00:00,37.2756,38.0351,37.0759,37.788,28902.6
2024-05-06 16:00:00,37.788,38.0635,37.2413,37.3497,33987.589
2024-05-06 17:00:00,37.3497,37.625,36.863,37.0867,33224.175
2024-05-06 18:00:00,37.0867,37.3746,36.9916,37.1929,25383.441
2024-05-06 19:00:00,37.1929,37.2344,36.762,37.2059,32929.25
2024-05-06 20:00:00,37.2059,37.777,37.1336,37.5784,16687.83
2024-05-06 21:00:00,37.5784,37.7229,37.4724,37.6583,7042.194
2024-05-06 22:00:00,37.6583,37.6587,37.3561,37.4118,16715.26
2024-05-06 23:00:00,37.4118,37.4118,37.0658,37.1124,19573.487
2024-05-07 00:00:00,37.1124,37.2285,36.7589,37.0724,46971.895
2024-05-07 01:00:00,37.0724,37.4894,37.0194,37.4201,18215.993
2024-05-07 02:00:00,37.4201,37.6,37.3333,37.3874,13033.733
2024-05-07 03:00:00,37.3874,37.4649,36.385,36.8099,38692.664
2024-05-07 04:00:00,36.8099,37.1111,36.7858,36.9837,12047.609
2024-05-07 05:00:00,36.9837,37.0241,36.6347,36.8392,10890.2
2024-05-07 06:00:00,36.8392,36.9428,36.498,36.6376,9770.704
2024-05-07 07:00:00,36.6376,36.9172,36.5434,36.6207,19770.822
2024-05-07 08:00:00,36.6207,37.4147,36.506,37.3509,32525.563
2024-05-07 09:00:00,37.3509,37.5,37.1302,37.1988,14884.366
2024-05-07 10:00:00,37.1988,37.2233,36.8424,36.9988,16409.471
2024-05-07 11:00:00,36.9988,37.0851,36.4381,36.4528,20548.005
2024-05-07 12:00:00,36.4528,36.7896,36.425,36.6867,19261.55
2024-05-07 13:00:00,36.6867,36.8471,36.2803,36.4234,20307.433
2024-05-07 14:00:00,36.4234,37.1445,36.3127,37.1133,18591.555
2024-05-07 15:00:00,37.1133,37.3399,36.73,36.88,44408.144
2024-05-07 16:00:00,36.88,37.0824,36.7908,36.9835,10778.38
2024-05-07 17:00:00,36.9835,36.9897,36.6835,36.7466,7735.938
2024-05-07 18:00:00,36.7466,36.7466,36.0605,36.3842,33947.938
2024-05-07 19:00:00,36.3842,36.4295,36.1235,36.1751,6303.459
2024-05-07 20:00:00,36.1751,36.3564,36.0692,36.0908,8073.903
2024-05-07 21:00:00,36.0908,36.2643,35.72,35.9649,15846.28
2024-05-07 22:00:00,35.9649,35.968,35.5379,35.6317,21569.631
2024-05-07 23:00:00,35.6317,35.6529,35.2652,35.3262,34608.091
2024-05-08 00:00:00,35.3262,35.438,34.9041,35.3068,27784.457
2024-05-08 01:00:00,35.3068,35.4584,35.1305,35.1587,10192.413
2024-05-08 02:00:00,35.1587,35.501,35.1417,35.4294,10425.463
2024-05-08 03:00:00,35.4294,35.4868,35.2467,35.3045,9550.345
2024-05-08 04:00:00,35.3045,35.4212,34.8112,34.8419,26395.765
2024-05-08 05:00:00,34.8419,34.9536,34.6768,34.7704,21181.384
2024-05-08 06:00:00,34.7704,34.9655,34.458,34.7667,21842.651
2024-05-08 07:00:00,34.7667,34.8781,34.4633,34.5646,19898.014
2024-05-08 08:00:00,34.5646,34.6881,34.3074,34.62,27904.305
2024-05-08 09:00:00,34.62,34.651,34.3159,34.5997,23017.439
2024-05-08 10:00:00,34.5997,34.7429,34.4883,34.7104,17097.362
2024-05-08 11:00:00,34.7104,34.7203,34.3136,34.4123,12526.792
2024-05-08 12:00:00,34.4123,34.5887,34.0964,34.3554,17630.405
2024-05-08 13:00:00,34.3554,34.776,34.2324,34.6973,36833.573
2024-05-08 14:00:00,34.6973,34.9828,34.4326,34.7683,34122.568
2024-05-08 15:00:00,34.7683,34.8756,34.1711,34.4891,23897.207
2024-05-08 16:00:00,34.4891,34.5827,34.2184,34.5615,23019.993
2024-05-08 17:00:00,34.5615,35.0258,34.5094,34.7397,34411.186
2024-05-08 18:00:00,34.7397,35.0162,34.6505,34.6793,14854.849
2024-05-08 19:00:00,34.6793,34.8483,34.2585,34.4126,43102.999
2024-05-08 20:00:00,34.4126,34.5409,33.6515,33.7883,42179.208
2024-05-08 21:00:00,33.7883,34.0691,33.6492,33.9321,13075.843
2024-05-08 22:00:00,33.9321,34.0336,33.7191,33.8686,11013.445
2024-05-08 23:00:00,33.8686,34.148,33.8029,34.0139,25950.156
2024-05-09 00:00:00,34.0139,34.2762,33.9695,34.2447,14274.191
2024-05-09 01:00:00,34.2447,34.44,34.2194,34.3725,9549.721
2024-05-09 02:00:00,34.3725,34.4401,34.125,34.3497,9842.295
2024-05-09 03:00:00,34.3497,34.4053,34.1265,34.3209,6237.325
2024-05-09 04:00:00,34.3209,34.5861,34.1475,34.2538,46245.708
2024-05-09 05:00:00,34.2538,34.4778,34.2327,34.3893,10599.899
2024-05-09 06:00:00,34.3893,34.6463,34.3893,34.5322,17210.488
2024-05-09 07:00:00,34.5322,34.5753,34.1905,34.2627,12753.969
2024-05-09 08:00:00,34.2627,34.377,34.148,34.2816,10555.252
2024-05-09 09:00:00,34.2816,34.3382,33.873,34.1267,13956.557
2024-05-09 10:00:00,34.1267,34.1502,33.7484,33.7574,11585.401
2024-05-09 11:00:00,33.7574,34.1574,33.726,34.071,14287.737
2024-05-09 12:00:00,34.071,34.4369,34.0429,34.2471,16968.349
2024-05-09 13:00:00,34.2471,34.2471,33.7472,33.9534,12166.442
2024-05-09 14:00:00,33.9534,34.1806,33.8641,34.1429,16431.71
2024-05-09 15:00:00,34.1429,34.5787,34.0375,34.3564,29536.46
2024-05-09 16:00:00,34.3564,34.6609,34.148,34.1883,15005.855
2024-05-09 17:00:00,34.1883,34.3939,34.0619,34.2836,11927.803
2024-05-09 18:00:00,34.2836,34.463,34.2334,34.4247,5819.491
2024-05-09 19:00:00,34.4247,34.7098,34.3708,34.6844,14892.796
2024-05-09 20:00:00,34.6844,34.7444,34.4479,34.5565,8301.533
2024-05-09 21:00:00,34.5565,34.759,34.4927,34.6283,11866.508
2024-05-09 22:00:00,34.6283,35.3876,34.5869,35.2824,32218.047
2024-05-09 23:00:00,35.2824,35.3071,34.839,35.0689,20807.792
2024-05-10 00:00:00,35.0689,35.1925,34.9013,35.0427,13079.29
2024-05-10 01:00:00,35.0427,35.421,34.9161,35.3951,27832.006
2024-05-10 02:00:00,35.3951,35.5833,35.288,35.5564,9065.536
2024-05-10 03:00:00,35.5564,35.6142,35.3995,35.5598,8837.541
2024-05-10 04:00:00,35.5598,35.7704,35.5351,35.7646,15085.443
2024-05-10 05:00:00,35.7646,35.8515,35.4498,35.4951,9196.963
2024-05-10 06:00:00,35.4951,35.8769,35.4744,35.7711,6551.111
2024-05-10 07:00:00,35.7711,36.1214,35.6935,36.0377,21903.622
2024-05-10 08:00:00,36.0377,36.093,35.7416,35.869,10080.852
2024-05-10 09:00:00,35.869,35.8864,35.6442,35.7277,10482.339
2024-05-10 10:00:00,35.7277,35.7618,35.5793,35.6232,9743.415
2024-05-10 11:00:00,35.6232,35.8155,35.4407,35.8136,12889.632
2024-05-10 12:00:00,35.8136,35.8857,35.5831,35.6595,13864.883
2024-05-10 13:00:00,35.6595,35.8609,35.4663,35.7045,12443.209
2024-05-10 14:00:00,35.7045,35.7818,34.0531,34.3257,77439.155
2024-05-10 15:00:00,34.3257,34.7206,34.1166,34.6333,31867.144
2024-05-10 16:00:00,34.6333,34.7496,34.0552,34.5572,33574.359
2024-05-10 17:00:00,34.5572,34.6079,33.9331,34.1617,30688.51
2024-05-10 18:00:00,34.1617,34.3385,33.9406,34.3015,23728.169
2024-05-10 19:00:00,34.3015,34.3301,33.8748,33.9387,15499.027
2024-05-10 20:00:00,33.9387,34.1978,33.725,33.8718,23233.378
2024-05-10 21:00:00,33.8718,33.9649,33.6915,33.7606,15625.846
2024-05-10 22:00:00,33.7606,33.8193,33.2672,33.2788,27051.618
2024-05-10 23:00:00,33.2788,33.7624,33.2412,33.7185,17189.832
2024-05-11 00:00:00,33.7185,33.9206,33.6001,33.8164,15648.907
2024-05-11 01:00:00,33.8164,34.0509,33.6162,33.7009,31431.888
2024-05-11 02:00:00,33.7009,33.7617,33.4192,33.6716,15056.469
2024-05-11 03:00:00,33.6716,33.6906,33.4518,33.5279,8788.31
2024-05-11 04:00:00,33.5279,33.5752,33.2,33.4464,16889.525
2024-05-11 05:00:00,33.4464,33.7376,33.4292,33.6072,10266.887
2024-05-11 06:00:00,33.6072,33.7217,33.5547,33.6122,3793.074
2024-05-11 07:00:00,33.6122,33.7247,33.5472,33.6468,10531.584
2024-05-11 08:00:00,33.6468,33.6737,33.306,33.344,15016.2
2024-05-11 09:00:00,33.344,33.4799,33.331,33.4449,6380.636
2024-05-11 10:00:00,33.4449,33.5465,33.3135,33.4138,9748.786
2024-05-11 11:00:00,33.4138,33.4321,33.0574,33.3913,16823.106
2024-05-11 12:00:00,33.3913,33.6237,33.2573,33.4016,27955.462
2024-05-11 13:00:00,33.4016,33.6449,33.3732,33.6286,16980.917
2024-05-11 14:00:00,33.6286,33.6614,33.438,33.4821,6332.899
2024-05-11 15:00:00,33.4821,34.0017,33.4821,33.799,24626.476
2024-05-11 16:00:00,33.799,33.92,33.7252,33.8091,11823.354
2024-05-11 17:00:00,33.8091,33.8804,33.6142,33.7286,6008.231
2024-05-11 18:00:00,33.7286,33.9043,33.6892,33.8151,6734.998
2024-05-11 19:00:00,33.8151,33.8706,33.7377,33.7971,4768.692
2024-05-11 20:00:00,33.7971,33.8136,33.5557,33.7196,16169.969
2024-05-11 21:00:00,33.7196,33.7196,33.5585,33.5785,12895.666
2024-05-11 22:00:00,33.5785,33.6603,33.5025,33.5552,5617.037
2024-05-11 23:00:00,33.5552,33.5836,33.4337,33.4972,2965.094
2024-05-12 00:00:00,33.4972,33.7046,33.4645,33.5591,7329.515
2024-05-12 01:00:00,33.5591,33.6651,33.5168,33.5274,2244.738
2024-05-12 02:00:00,33.5274,33.6702,33.4767,33.6181,3317.642
2024-05-12 03:00:00,33.6181,33.6254,33.5308,33.5573,3473.479
2024-05-12 04:00:00,33.5573,33.7379,33.5345,33.7187,4334.758
2024-05-12 05:00:00,33.7187,33.7504,33.6745,33.7356,3167.17
2024-05-12 06:00:00,33.7356,33.7673,33.5234,33.5676,2472.652
2024-05-12 07:00:00,33.5676,33.6234,33.1898,33.2508,14718.204
2024-05-12 08:00:00,33.2508,33.5084,33.2176,33.4533,7029.928
2024-05-12 09:00:00,33.4533,33.4952,33.322,33.487,4043.177
2024-05-12 10:00:00,33.487,34.0066,33.4682,33.7549,31894.911
2024-05-12 11:00:00,33.7549,33.8452,33.6869,33.7889,3727.035
2024-05-12 12:00:00,33.7889,33.8657,33.6812,33.7327,9890.733
2024-05-12 13:00:00,33.7327,33.8579,33.6762,33.8422,7119.137
2024-05-12 14:00:00,33.8422,33.8844,33.5494,33.5931,7100.599
2024-05-12 15:00:00,33.5931,33.756,33.495,33.6782,12037.774
2024-05-12 16:00:00,33.6782,33.9117,33.64,33.64,11120.536
2024-05-12 17:00:00,33.64,33.814,33.5425,33.713,8900.01
2024-05-12 18:00:00,33.713,33.713,33.4543,33.486,2854.703
2024-05-12 19:00:00,33.486,33.4879,33.3287,33.4583,4303.148
2024-05-12 20:00:00,33.4583,33.486,33.3512,33.3895,3224.354
2024-05-12 21:00:00,33.3895,33.411,32.7425,33.2267,17006.156
2024-05-12 22:00:00,33.2267,33.2885,33.1487,33.1964,6632.438
2024-05-12 23:00:00,33.1964,33.2868,33.1285,33.1333,6112.549
2024-05-13 00:00:00,33.1333,33.4294,33.1302,33.2504,6505.298
2024-05-13 01:00:00,33.2504,33.2707,32.521,32.8361,28948.445
2024-05-13 02:00:00,32.8361,32.94,32.1274,32.349,32819.557
2024-05-13 03:00:00,32.349,32.349,31.9247,32.3222,24086.525
2024-05-13 04:00:00,32.3222,32.3222,32.0605,32.1995,13930.976
2024-05-13 05:00:00,32.1995,32.38,32.0627,32.09,10507.613
2024-05-13 06:00:00,32.09,32.8752,32.0771,32.792,27392.251
2024-05-13 07:00:00,32.792,33.4983,32.7167,33.473,42613.17
2024-05-13 08:00:00,33.473,33.7958,33.473,33.548,39360.149
2024-05-13 09:00:00,33.548,33.8165,33.4725,33.6445,16585.721
2024-05-13 10:00:00,33.6445,33.6839,33.2704,33.4473,21616.622
2024-05-13 11:00:00,33.4473,33.5306,33.2644,33.398,11206.672
2024-05-13 12:00:00,33.398,33.409,33.1527,33.3345,17059.217
2024-05-13 13:00:00,33.3345,33.3914,32.9536,33.0573,19081.881
2024-05-13 14:00:00,33.0573,33.495,32.9485,32.9782,30290.012
2024-05-13 15:00:00,32.9782,33.4192,32.934,33.2859,23007.408
2024-05-13 16:00:00,33.2859,33.4611,33.1413,33.3628,49142.026
2024-05-13 17:00:00,33.3628,33.405,32.682,32.8076,43535.702
2024-05-13 18:00:00,32.8076,32.8349,32.4529,32.631,22919.397
2024-05-13 19:00:00,32.631,32.9322,32.5534,32.8426,17897.787
2024-05-13 20:00:00,32.8426,32.901,32.7292,32.8685,8852.132
2024-05-13 21:00:00,32.8685,32.8958,32.592,32.6487,5488.994
2024-05-13 22:00:00,32.6487,32.7319,32.3557,32.4163,16214.585
2024-05-13 23:00:00,32.4163,32.5878,32.3917,32.4637,16048.087
2024-05-14 00:00:00,32.4637,32.6274,32.2303,32.3107,28961.202
2024-05-14 01:00:00,32.3107,32.4835,32.0827,32.1553,17533.464
2024-05-14 02:00:00,32.1553,32.2376,31.1167,32.2166,25799.338
2024-05-14 03:00:00,32.2166,32.3563,32.1138,32.1865,8699.475
2024-05-14 04:00:00,32.1865,32.4247,32.139,32.3346,8535.737
2024-05-14 05:00:00,32.3346,32.6028,32.2735,32.4703,8899.352
2024-05-14 06:00:00,32.4703,32.4739,31.5979,32.2957,33120.423
2024-05-14 07:00:00,32.2957,32.6739,32.276,32.6634,16247.403
2024-05-14 08:00:00,32.6634,33.3514,32.515,32.9623,46656.202
2024-05-14 09:00:00,32.9623,33.2283,32.6907,32.7339,24074.948
2024-05-14 10:00:00,32.7339,32.975,32.6598,32.8643,24681.187
2024-05-14 11:00:00,32.8643,32.9211,32.7047,32.7348,9920.825
2024-05-14 12:00:00,32.7348,33.0337,32.4603,32.7005,41428.37
2024-05-14 13:00:00,32.7005,32.7797,32.4741,32.4835,21468.5
2024-05-14 14:00:00,32.4835,32.5359,31.7542,31.9735,62516.953
2024-05-14 15:00:00,31.9735,32.3468,31.8759,32.0965,23381.95
2024-05-14 16:00:00,32.0965,32.1001,31.7797,31.9537,29305.471
2024-05-14 17:00:00,31.9537,31.9693,31.6395,31.7773,18684.307
2024-05-14 18:00:00,31.7773,32.0443,31.7347,32.0083,10382.492
2024-05-14 19:00:00,32.0083,32.1351,31.9285,31.9285,8705.026
2024-05-14 20:00:00,31.9285,31.96,31.8117,31.8155,7000.943
2024-05-14 21:00:00,31.8155,31.8631,31.6245,31.7875,4654.771
2024-05-14 22:00:00,31.7875,31.7971,31.5118,31.6261,6113.981
2024-05-14 23:00:00,31.6261,31.6561,31.4881,31.5866,7265.414
2024-05-15 00:00:00,31.5866,31.8511,31.3539,31.4197,17455.128
2024-05-15 01:00:00,31.4197,31.8019,31.4149,31.7689,8048.175
2024-05-15 02:00:00,31.7689,31.9381,31.7569,31.9159,8468.317
2024-05-15 03:00:00,31.9159,32.4661,31.9159,32.3179,11729.592
2024-05-15 04:00:00,32.3179,32.4157,32.0887,32.1307,14474.464
2024-05-15 05:00:00,32.1307,32.2765,32.0863,32.2393,10561.035
2024-05-15 06:00:00,32.2393,32.522,32.2201,32.5145,10660.261
2024-05-15 07:00:00,32.5145,32.714,32.4271,32.6746,15072.161
2024-05-15 08:00:00,32.6746,32.7873,32.4548,32.5927,15005.872
2024-05-15 09:00:00,32.5927,33.0862,32.3641,32.9063,18481.521
2024-05-15 10:00:00,32.9063,33.28,32.7853,32.9482,19583.056
2024-05-15 11:00:00,32.9482,32.9854,32.6144,32.7418,14404.404
2024-05-15 12:00:00,32.7418,33.8613,32.6326,33.796,57788.212
2024-05-15 13:00:00,33.796,34.4776,33.695,33.9976,52046.94
2024-05-15 14:00:00,33.9976,34.4806,33.9444,34.3049,22100.06
2024-05-15 15:00:00,34.3049,34.4173,34.041,34.0828,34182.981
2024-05-15 16:00:00,34.0828,34.3105,33.7731,33.9234,37627.908
2024-05-15 17:00:00,33.9234,34.0726,33.8163,33.9605,18748.523
2024-05-15 18:00:00,33.9605,34.1418,33.7925,34.0606,21180.962
2024-05-15 19:00:00,34.0606,34.3581,33.8366,34.3294,27934.412
2024-05-15 20:00:00,34.3294,35.3236,34.2524,34.5811,44206.209
2024-05-15 21:00:00,34.5811,34.5996,34.4197,34.4974,8152.444
2024-05-15 22:00:00,34.4974,34.7239,34.4512,34.5506,26623.332
2024-05-15 23:00:00,34.5506,34.8066,34.4841,34.6759,21000.428
2024-05-16 00:00:00,34.6759,34.8404,34.4491,34.678,22237.848
2024-05-16 01:00:00,34.678,34.8775,34.6199,34.8674,17324.822
2024-05-16 02:00:00,34.8674,34.9243,34.6717,34.7788,11368.01
2024-05-16 03:00:00,34.7788,35.0168,34.6906,34.9699,16539.103
2024-05-16 04:00:00,34.9699,35.0104,34.6973,34.7823,12094.203
2024-05-16 05:00:00,34.7823,34.7914,34.545,34.6717,9849.448
2024-05-16 06:00:00,34.6717,34.818,34.6234,34.6969,8336.863
2024-05-16 07:00:00,34.6969,34.8698,34.6794,34.7648,8916.111
2024-05-16 08:00:00,34.7648,34.9077,34.5626,34.5787,13836.917
2024-05-16 09:00:00,34.5787,34.9887,34.4798,34.9328,16197.066
2024-05-16 10:00:00,34.9328,34.9384,34.4715,34.5429,13246.746
2024-05-16 11:00:00,34.5429,34.6486,34.4297,34.6136,9802.58
2024-05-16 12:00:00,34.6136,34.6269,34.0317,34.3735,48640.79
2024-05-16 13:00:00,34.3735,34.8852,34.1464,34.6444,42316.634
2024-05-16 14:00:00,34.6444,34.6577,33.8268,33.915,37321.74
2024-05-16 15:00:00,33.915,34.3791,33.8311,34.2195,18718.748
2024-05-16 16:00:00,34.2195,34.2733,33.871,34.1236,16202.542
2024-05-16 17:00:00,34.1236,34.232,33.664,34.0284,23200.618
2024-05-16 18:00:00,34.0284,34.1824,33.9856,34.0508,19011.485
2024-05-16 19:00:00,34.0508,34.4435,34.0326,34.3567,13002.834
2024-05-16 20:00:00,34.3567,34.4209,34.1586,34.2867,17366.771
2024-05-16 21:00:00,34.2867,34.3798,34.1463,34.3532,6556.743
2024-05-16 22:00:00,34.3532,34.4203,34.1096,34.4029,12320.599
2024-05-16 23:00:00,34.4029,34.6073,34.3497,34.4591,15003.954
2024-05-17 00:00:00,34.4591,34.6219,34.4591,34.5688,18825.542
2024-05-17 01:00:00,34.5688,34.6606,34.2566,34.4988,10823.407
2024-05-17 02:00:00,34.4988,34.6346,34.4071,34.5443,7297.635
2024-05-17 03:00:00,34.5443,34.9261,34.4554,34.7837,11388.249
2024-05-17 04:00:00,34.7837,34.8859,34.6724,34.7668,10675.239
2024-05-17 05:00:00,34.7668,34.9544,34.7109,34.9363,12348.269
2024-05-17 06:00:00,34.9363,35.9342,34.9027,35.896,43062.751
2024-05-17 07:00:00,35.896,37.325,35.8887,37.2855,84799.571
2024-05-17 08:00:00,37.2855,37.5892,36.6268,36.7003,53609.169
2024-05-17 09:00:00,36.7003,36.7027,36.236,36.5309,29769.524
2024-05-17 10:00:00,36.5309,36.9416,36.4035,36.8942,34995.396
2024-05-17 11:00:00,36.8942,36.9827,36.5435,36.5568,24521.698
2024-05-17 12:00:00,36.5568,37.0242,36.505,36.8844,19848.367
2024-05-17 13:00:00,36.8844,36.9684,36.3945,36.5309,19141.285
2024-05-17 14:00:00,36.5309,36.848,36.5176,36.7661,24083.198
2024-05-17 15:00:00,36.7661,37.2408,36.6289,37.1211,36523.177
2024-05-17 16:00:00,37.1211,37.1892,36.7822,36.8446,30357.539
2024-05-17 17:00:00,36.8446,36.9299,36.6193,36.6499,21931.323
2024-05-17 18:00:00,36.6499,36.6655,36.2257,36.4952,22600.805
2024-05-17 19:00:00,36.4952,36.5854,36.3853,36.5654,8594.331
2024-05-17 20:00:00,36.5654,36.5654,36.3783,36.3968,7150.221
2024-05-17 21:00:00,36.3968,36.454,36.323,36.4409,11539.118
2024-05-17 22:00:00,36.4409,36.5288,36.3764,36.5022,5799.371
2024-05-17 23:00:00,36.5022,36.5022,36.309,36.4224,10766.026
2024-05-18 00:00:00,36.4224,36.7929,36.3487,36.7101,22695.584
2024-05-18 01:00:00,36.7101,36.9327,36.5407,36.9327,10673.551
2024-05-18 02:00:00,36.9327,37.3345,36.9124,37.3058,17575.927
2024-05-18 03:00:00,37.3058,37.6635,37.1393,37.5956,28493.92
2024-05-18 04:00:00,37.5956,37.6297,37.2197,37.4303,15287.278
2024-05-18 05:00:00,37.4303,37.5196,37.1135,37.2799,8435.17
2024-05-18 06:00:00,37.2799,37.554,37.1763,37.4472,8680.971
2024-05-18 07:00:00,37.4472,37.4647,37.1594,37.2036,13421.566
2024-05-18 08:00:00,37.2036,37.4157,37.1623,37.2441,6028.447
2024-05-18 09:00:00,37.2441,37.4692,37.1952,37.3968,8448.818
2024-05-18 10:00:00,37.3968,37.471,37.1835,37.4689,14303.201
2024-05-18 11:00:00,37.4689,37.5548,37.3576,37.4822,14337.772
2024-05-18 12:00:00,37.4822,37.5356,36.991,37.1063,30286.111
2024-05-18 13:00:00,37.1063,37.3286,36.964,37.0426,12290.082
2024-05-18 14:00:00,37.0426,37.2218,36.8565,37.1651,23189.024
2024-05-18 15:00:00,37.1651,37.5183,37.1447,37.3275,13769.495
2024-05-18 16:00:00,37.3275,37.3527,37.0475,37.0476,10005.523
2024-05-18 17:00:00,37.0476,37.2876,37.0307,37.163,4547.674
2024-05-18 18:00:00,37.163,37.2085,36.9507,36.9733,6070.569
2024-05-18 19:00:00,36.9733,37.0909,36.9034,37.0598,17315.182
2024-05-18 20:00:00,37.0598,37.2914,36.9422,37.1803,10742.647
2024-05-18 21:00:00,37.1803,37.282,37.0468,37.1553,3827.474
2024-05-18 22:00:00,37.1553,37.2232,37.0832,37.1196,3792.759
2024-05-18 23:00:00,37.1196,37.2771,37.0629,37.2299,6644.083
2024-05-19 00:00:00,37.2299,37.3901,37.1315,37.2295,16615.472
2024-05-19 01:00:00,37.2295,37.571,37.2269,37.4325,8972.194
2024-05-19 02:00:00,37.4325,37.746,37.3795,37.7132,12819.528
2024-05-19 03:00:00,37.7132,37.7569,37.3723,37.4724,9770.373
2024-05-19 04:00:00,37.4724,37.4808,37.1128,37.233,7844.417
2024-05-19 05:00:00,37.233,37.2666,37.0,37.0139,5226.555
2024-05-19 06:00:00,37.0139,37.0839,36.6543,36.8558,27909.69
2024-05-19 07:00:00,36.8558,36.9558,36.7179,36.8864,8874.4
2024-05-19 08:00:00,36.8864,36.8956,36.6758,36.7479,4635.406
2024-05-19 09:00:00,36.7479,36.7801,36.5351,36.6765,5644.61
2024-05-19 10:00:00,36.6765,36.922,36.5743,36.6492,13160.025
2024-05-19 11:00:00,36.6492,36.6741,36.3602,36.631,17030.13
2024-05-19 12:00:00,36.631,36.716,36.1621,36.3384,26398.454
2024-05-19 13:00:00,36.3384,36.3901,35.9638,36.1872,11172.969
2024-05-19 14:00:00,36.1872,36.2574,36.0095,36.1095,6986.46
2024-05-19 15:00:00,36.1095,36.1173,35.7872,35.9681,14375.883
2024-05-19 16:00:00,35.9681,35.9681,35.4186,35.4466,18188.6
2024-05-19 17:00:00,35.4466,35.9049,35.3759,35.6762,14946.22
2024-05-19 18:00:00,35.6762,35.7529,35.5152,35.5459,10461.464
2024-05-19 19:00:00,35.5459,35.8434,35.47,35.5705,15393.238
2024-05-19 20:00:00,35.5705,35.9674,35.5453,35.9128,6432.402
2024-05-19 21:00:00,35.9128,35.9842,35.441,35.6262,9510.752
2024-05-19 22:00:00,35.6262,35.8673,35.5755,35.8491,6538.44
2024-05-19 23:00:00,35.8491,35.8749,35.5505,35.6027,5707.834
2024-05-20 00:00:00,35.6027,35.8169,35.4382,35.6384,10042.624
2024-05-20 01:00:00,35.6384,35.6986,35.147,35.6125,15239.917
2024-05-20 02:00:00,35.6125,36.1604,35.5873,36.0178,11234.885
2024-05-20 03:00:00,36.0178,36.0906,35.4364,35.6622,16371.687
2024-05-20 04:00:00,35.6622,36.2706,35.5957,36.1649,12269.087
2024-05-20 05:00:00,36.1649,36.6349,36.1641,36.4987,18415.85
2024-05-20 06:00:00,36.4987,36.5316,35.371,35.5654,24836.348
2024-05-20 07:00:00,35.5654,36.1291,35.4674,36.0596,15264.857
2024-05-20 08:00:00,36.0596,36.2991,36.0439,36.1802,9286.876
2024-05-20 09:00:00,36.1802,36.3107,35.9583,35.967,4639.512
2024-05-20 10:00:00,35.967,36.1503,35.8835,36.0042,6112.925
2024-05-20 11:00:00,36.0042,36.309,35.8857,36.0107,10885.186
2024-05-20 12:00:00,36.0107,36.1589,35.78,35.8246,20473.48
2024-05-20 13:00:00,35.8246,35.9801,35.6905,35.9408,18826.709
2024-05-20 14:00:00,35.9408,35.9658,35.6944,35.8748,11977.057
2024-05-20 15:00:00,35.8748,36.7029,35.8153,36.6553,33332.034
2024-05-20 16:00:00,36.6553,37.1,36.4965,36.8293,28153.174
2024-05-20 17:00:00,36.8293,37.0702,36.6117,36.9165,15817.305
2024-05-20 18:00:00,36.9165,37.2547,36.8521,37.0826,16094.886
2024-05-20 19:00:00,37.0826,38.875,36.9157,38.6929,69397.013
2024-05-20 20:00:00,38.6929,38.9224,38.0871,38.4611,43375.428
2024-05-20 21:00:00,38.4611,38.949,38.0512,38.949,17708.785
2024-05-20 22:00:00,38.949,39.4977,38.8336,39.3995,50990.112
2024-05-20 23:00:00,39.3995,40.2966,39.1816,40.1288,41423.724
2024-05-21 00:00:00,40.1288,41.0297,40.1207,40.5052,65455.458
2024-05-21 01:00:00,40.5052,40.5271,39.6751,39.9521,32208.115
2024-05-21 02:00:00,39.9521,40.1092,39.7194,39.7982,17497.955
2024-05-21 03:00:00,39.7982,40.0,39.7128,39.7606,13517.941
2024-05-21 04:00:00,39.7606,40.7443,39.7606,40.2085,40144.368
2024-05-21 05:00:00,40.2085,41.1755,40.2085,40.9777,72271.647
2024-05-21 06:00:00,40.9777,41.079,40.5407,40.7285,32870.663
2024-05-21 07:00:00,40.7285,40.7635,40.4062,40.7108,18346.995
2024-05-21 08:00:00,40.7108,40.7575,40.3525,40.4393,23887.14
2024-05-21 09:00:00,40.4393,40.6401,40.272,40.5989,17494.315
2024-05-21 10:00:00,40.5989,40.7856,40.4109,40.5687,16346.891
2024-05-21 11:00:00,40.5687,40.7894,40.3659,40.4205,24904.201
2024-05-21 12:00:00,40.4205,40.9341,40.1644,40.7077,49186.672
2024-05-21 13:00:00,40.7077,41.4218,40.5026,40.5577,49362.91
2024-05-21 14:00:00,40.5577,41.0848,40.4478,40.5262,24299.736
2024-05-21 15:00:00,40.5262,40.9449,40.0174,40.1893,43230.794
2024-05-21 16:00:00,40.1893,40.9991,40.0249,40.8759,27220.757
2024-05-21 17:00:00,40.8759,41.2812,40.73,41.1491,36425.94
2024-05-21 18:00:00,41.1491,41.3545,40.8211,40.913,16989.176
2024-05-21 19:00:00,40.913,41.0207,40.1866,40.4247,35533.114
2024-05-21 20:00:00,40.4247,41.0077,40.4085,40.8603,14043.758
2024-05-21 21:00:00,40.8603,40.8649,40.4913,40.83,15037.356
2024-05-21 22:00:00,40.83,41.3198,40.83,41.2818,37636.329
2024-05-21 23:00:00,41.2818,41.286,40.9912,41.2125,12565.406
2024-05-22 00:00:00,41.2125,41.3658,40.964,41.0329,10743.138
2024-05-22 01:00:00,41.0329,41.4471,40.9465,41.2206,16338.027
2024-05-22 02:00:00,41.2206,41.2488,40.9242,40.9757,10170.194
2024-05-22 03:00:00,40.9757,40.9845,40.5688,40.7587,11868.418
2024-05-22 04:00:00,40.7587,40.879,40.1191,40.7263,21603.711
2024-05-22 05:00:00,40.7263,41.5519,40.6943,41.4353,25343.443
2024-05-22 06:00:00,41.4353,41.8283,41.2308,41.3821,30758.65
2024-05-22 07:00:00,41.3821,41.5114,40.8869,41.0073,24613.608
2024-05-22 08:00:00,41.0073,41.3261,40.8081,41.2419,21193.006
2024-05-22 09:00:00,41.2419,41.421,40.8817,40.9841,19408.747
2024-05-22 10:00:00,40.9841,41.1245,40.8745,40.9401,20489.813
2024-05-22 11:00:00,40.9401,40.9857,40.3185,40.3185,28889.162
2024-05-22 12:00:00,40.3185,40.5641,39.1937,39.3202,58740.282
2024-05-22 13:00:00,39.3202,39.9841,39.2866,39.9246,45165.155
2024-05-22 14:00:00,39.9246,40.2351,39.7041,39.9985,29309.775
2024-05-22 15:00:00,39.9985,40.8331,39.8346,40.3833,34378.615
2024-05-22 16:00:00,40.3833,40.5095,40.0569,40.1974,29178.879
2024-05-22 17:00:00,40.1974,40.4937,39.7628,39.9308,27749.266
2024-05-22 18:00:00,39.9308,40.0173,39.417,39.7377,32258.896
2024-05-22 19:00:00,39.7377,40.0097,39.6945,40.0073,20458.775
2024-05-22 20:00:00,40.0073,40.3817,39.7137,39.8097,32202.611
2024-05-22 21:00:00,39.8097,40.3201,39.537,40.3176,14172.955
2024-05-22 22:00:00,40.3176,40.3233,39.9817,40.0441,9429.656
2024-05-22 23:00:00,40.0441,40.0441,39.8912,40.0048,4839.932
2024-05-23 00:00:00,40.0048,40.3329,39.9921,40.1337,6566.601
2024-05-23 01:00:00,40.1337,40.2779,39.7641,40.1237,25583.938
2024-05-23 02:00:00,40.1237,40.2128,40.0024,40.1485,10335.597
2024-05-23 03:00:00,40.1485,40.294,39.8789,40.1006,21414.469
2024-05-23 04:00:00,40.1006,40.111,39.8236,39.9158,9869.522
2024-05-23 05:00:00,39.9158,39.9983,39.6062,39.7072,12666.212
2024-05-23 06:00:00,39.7072,40.0304,39.5114,39.9339,11428.494
2024-05-23 07:00:00,39.9339,40.2159,39.753,39.9763,12313.282
2024-05-23 08:00:00,39.9763,40.0027,39.7047,39.7919,6998.264
2024-05-23 09:00:00,39.7919,40.3567,39.537,40.1386,24433.023
2024-05-23 10:00:00,40.1386,40.1998,39.6209,39.6577,11447.335
2024-05-23 11:00:00,39.6577,40.3045,39.6561,40.2033,27913.96
2024-05-23 12:00:00,40.2033,40.4729,38.6864,39.479,52659.029
2024-05-23 13:00:00,39.479,39.6279,37.674,38.2281,87996.156
2024-05-23 14:00:00,38.2281,38.7067,37.8776,37.9953,24160.725
2024-05-23 15:00:00,37.9953,38.5689,37.9513,38.3641,13203.868
2024-05-23 16:00:00,38.3641,38.4185,37.8367,38.1025,30964.804
2024-05-23 17:00:00,38.1025,38.3002,37.8457,37.8683,17480.715
2024-05-23 18:00:00,37.8683,37.9641,37.2862,37.7177,41323.805
2024-05-23 19:00:00,37.7177,38.1576,37.3986,37.5249,24634.844
2024-05-23 20:00:00,37.5249,37.6233,36.2804,37.5225,106560.959
2024-05-23 21:00:00,37.5225,38.7593,37.4905,38.7521,81348.929
2024-05-23 22:00:00,38.7521,38.8046,38.2318,38.3233,14005.591
2024-05-23 23:00:00,38.3233,38.6961,38.2083,38.5121,11681.978
2024-05-24 00:00:00,38.5121,38.7785,38.3115,38.6257,10949.978
2024-05-24 01:00:00,38.6257,38.7601,38.4228,38.6984,5526.41
2024-05-24 02:00:00,38.6984,38.9435,38.4889,38.8545,9647.327
2024-05-24 03:00:00,38.8545,38.9906,38.6845,38.9041,10534.078
2024-05-24 04:00:00,38.9041,38.9915,38.6648,38.6761,8051.659
2024-05-24 05:00:00,38.6761,38.7177,37.8465,38.1614,21687.668
2024-05-24 06:00:00,38.1614,38.2746,37.498,37.5006,20007.888
2024-05-24 07:00:00,37.5006,37.7643,37.1034,37.6649,24336.433
2024-05-24 08:00:00,37.6649,37.6761,36.9045,37.4469,16235.293
2024-05-24 09:00:00,37.4469,37.6326,37.1745,37.5561,12834.715
2024-05-24 10:00:00,37.5561,37.7131,37.4051,37.5697,9706.238
2024-05-24 11:00:00,37.5697,37.9471,37.5321,37.8825,9164.41
2024-05-24 12:00:00,37.8825,38.0801,37.7081,37.8289,9750.817
2024-05-24 13:00:00,37.8289,37.9107,37.5345,37.5825,10852.428
2024-05-24 14:00:00,37.5825,38.3248,37.5193,38.1753,17855.53
2024-05-24 15:00:00,38.1753,38.5945,38.0241,38.1729,14237.122
2024-05-24 16:00:00,38.1729,38.1729,37.6829,37.7745,13773.323
2024-05-24 17:00:00,37.7745,38.2121,37.7514,38.2001,9471.964
2024-05-24 18:00:00,38.2001,38.7375,38.1041,38.1633,13474.509
2024-05-24 19:00:00,38.1633,38.3977,38.0873,38.3795,6271.805
2024-05-24 20:00:00,38.3795,38.5321,38.1185,38.1185,5899.287
2024-05-24 21:00:00,38.1185,38.2274,37.8761,37.9785,5843.079
2024-05-24 22:00:00,37.9785,38.0713,37.8827,37.9708,3705.002
2024-05-24 23:00:00,37.9708,38.0721,37.8833,38.0049,3848.551
2024-05-25 00:00:00,38.0049,38.0604,37.8033,37.8033,7597.769
2024-05-25 01:00:00,37.8033,38.1659,37.7903,38.0385,3802.782
2024-05-25 02:00:00,38.0385,38.2017,38.0049,38.1785,4088.293
2024-05-25 03:00:00,38.1785,38.2681,38.0954,38.2585,4688.785
2024-05-25 04:00:00,38.2585,38.5769,38.2353,38.4769,6512.815
2024-05-25 05:00:00,38.4769,38.5881,38.2898,38.3929,3766.559
2024-05-25 06:00:00,38.3929,38.3929,38.1282,38.1793,4413.862
2024-05-25 07:00:00,38.1793,38.4113,38.1617,38.3597,4463.174
2024-05-25 08:00:00,38.3597,38.3913,38.2015,38.2329,3663.357
2024-05-25 09:00:00,38.2329,38.5057,38.1977,38.4689,4041.806
2024-05-25 10:00:00,38.4689,38.553,38.3474,38.5073,9061.683
2024-05-25 11:00:00,38.5073,38.7073,38.3377,38.3409,10198.805
2024-05-25 12:00:00,38.3409,38.3425,38.0184,38.0785,13339.555
2024-05-25 13:00:00,38.0785,38.1665,37.7105,37.7785,9081.383
2024-05-25 14:00:00,37.7785,38.13,37.7538,38.1105,5153.372
2024-05-25 15:00:00,38.1105,38.3017,38.0411,38.0553,4681.856
2024-05-25 16:00:00,38.0553,38.0937,37.8177,37.8813,5499.938
2024-05-25 17:00:00,37.8813,38.0425,37.8561,37.9809,5263.463
2024-05-25 18:00:00,37.9809,38.1129,37.9193,38.0961,2787.75
2024-05-25 19:00:00,38.0961,38.1409,38.0337,38.0337,1742.063
2024-05-25 20:00:00,38.0337,38.0897,37.8511,37.9321,4108.203
2024-05-25 21:00:00,37.9321,38.0872,37.9137,38.0849,2422.065
2024-05-25 22:00:00,38.0849,38.2153,38.0215,38.2081,2932.988
2024-05-25 23:00:00,38.2081,38.3,38.2,38.28,5306.687
2024-05-26 00:00:00,38.28,38.3,38.0483,38.0593,4088.954
2024-05-26 01:00:00,38.0593,38.2617,38.0553,38.0905,3045.552
2024-05-26 02:00:00,38.0905,38.0969,37.6242,37.7937,8617.873
2024-05-26 03:00:00,37.7937,37.9273,37.5961,37.8513,11254.453
2024-05-26 04:00:00,37.8513,37.8513,37.5953,37.6545,3570.668
2024-05-26 05:00:00,37.6545,37.7681,37.5633,37.7577,3181.174
2024-05-26 06:00:00,37.7577,37.8201,37.6323,37.6865,2075.721
2024-05-26 07:00:00,37.6865,37.9009,37.5456,37.6257,6464.266
2024-05-26 08:00:00,37.6257,37.6641,37.274,37.3839,23095.746
2024-05-26 09:00:00,37.3839,37.5017,37.071,37.2233,8881.208
2024-05-26 10:00:00,37.2233,37.3731,37.2068,37.2908,3199.717
2024-05-26 11:00:00,37.2908,37.3881,37.218,37.3552,4116.508
2024-05-26 12:00:00,37.3552,37.3552,37.0729,37.1529,4115.81
2024-05-26 13:00:00,37.1529,37.1914,36.9095,37.1011,5126.994
2024-05-26 14:00:00,37.1011,37.3408,36.9184,37.3104,8180.291
2024-05-26 15:00:00,37.3104,37.4231,36.7012,36.8743,14467.679
2024-05-26 16:00:00,36.8743,37.0424,36.7291,36.8351,6502.472
2024-05-26 17:00:00,36.8351,36.8813,36.7049,36.8197,5470.142
2024-05-26 18:00:00,36.8197,36.9111,36.7217,36.8715,5127.887
2024-05-26 19:00:00,36.8715,37.0346,36.8645,36.9646,4801.846
2024-05-26 20:00:00,36.9646,36.9702,36.8,36.8071,1978.246
2024-05-26 21:00:00,36.8071,36.931,36.4725,36.931,9336.651
2024-05-26 22:00:00,36.931,37.0333,36.8232,36.9254,4574.496
2024-05-26 23:00:00,36.9254,36.9394,36.6814,36.7525,3597.564
2024-05-27 00:00:00,36.7525,36.9667,36.6678,36.945,5570.958
2024-05-27 01:00:00,36.945,37.2915,36.9114,37.1627,5124.413
2024-05-27 02:00:00,37.1627,37.2642,37.0171,37.1235,6457.819
2024-05-27 03:00:00,37.1235,37.3426,37.0934,37.2362,3222.752
2024-05-27 04:00:00,37.2362,37.4314,37.1697,37.2257,4513.218
2024-05-27 05:00:00,37.2257,37.2782,36.6468,36.945,14959.887
2024-05-27 06:00:00,36.945,36.9804,36.6937,36.7469,4791.314
2024-05-27 07:00:00,36.7469,37.0164,36.658,36.9905,6034.884
2024-05-27 08:00:00,36.9905,37.2796,36.9766,37.2089,8714.172
2024-05-27 09:00:00,37.2089,37.396,37.1036,37.3069,8086.528
2024-05-27 10:00:00,37.3069,37.3566,37.1999,37.3398,6131.551
2024-05-27 11:00:00,37.3398,37.5512,37.2657,37.4021,7037.789
2024-05-27 12:00:00,37.4021,37.479,37.3013,37.3748,9126.48
2024-05-27 13:00:00,37.3748,37.7417,37.3664,37.6553,13804.776
2024-05-27 14:00:00,37.6553,37.9073,37.5441,37.8305,17006.391
2024-05-27 15:00:00,37.8305,38.4876,37.8161,38.4289,35055.35
2024-05-27 16:00:00,38.4289,38.9561,38.4234,38.6377,44832.434
2024-05-27 17:00:00,38.6377,38.8878,38.5809,38.6433,26118.675
2024-05-27 18:00:00,38.6433,38.75,38.3513,38.3753,15568.427
2024-05-27 19:00:00,38.3753,38.4821,37.6858,37.9625,34079.819
2024-05-27 20:00:00,37.9625,38.429,37.9261,38.3489,17321.295
2024-05-27 21:00:00,38.3489,38.3999,38.1131,38.2052,6964.492
2024-05-27 22:00:00,38.2052,38.3773,38.098,38.2545,7047.508
2024-05-27 23:00:00,38.2545,38.3109,38.1111,38.2624,3667.72
2024-05-28 00:00:00,38.2624,38.275,37.8496,37.9743,22440.433
2024-05-28 01:00:00,37.9743,38.4071,37.5053,37.5841,31854.018
2024-05-28 02:00:00,37.5841,37.7877,37.2758,37.6875,43245.468
2024-05-28 03:00:00,37.6875,37.7987,37.0539,37.1897,27365.574
2024-05-28 04:00:00,37.1897,37.2316,36.5487,36.749,26563.322
2024-05-28 05:00:00,36.749,36.9897,36.5325,36.9897,16391.315
2024-05-28 06:00:00,36.9897,37.0287,36.7333,36.842,11089.711
2024-05-28 07:00:00,36.842,36.9458,36.7038,36.8053,13948.84
2024-05-28 08:00:00,36.8053,37.0836,36.6973,36.9949,13532.598
2024-05-28 09:00:00,36.9949,37.1834,36.921,37.1085,10763.678
2024-05-28 10:00:00,37.1085,37.4748,37.0463,37.1879,16256.678
2024-05-28 11:00:00,37.1879,37.396,37.1201,37.2706,11421.29
2024-05-28 12:00:00,37.2706,37.4079,37.0405,37.2185,16862.349
2024-05-28 13:00:00,37.2185,37.3903,36.7202,36.881,34167.953
2024-05-28 14:00:00,36.881,37.1653,36.5896,36.8588,25356.95
2024-05-28 15:00:00,36.8588,37.1434,36.7057,37.0955,24853.809
2024-05-28 16:00:00,37.0955,37.1652,36.6555,36.8236,15984.052
2024-05-28 17:00:00,36.8236,37.1777,36.7787,36.9696,25023.155
2024-05-28 18:00:00,36.9696,37.1319,36.5247,36.7792,25942.82
2024-05-28 19:00:00,36.7792,37.2553,36.7792,37.1898,18984.179
2024-05-28 20:00:00,37.1898,37.3,37.0853,37.1509,7500.044
2024-05-28 21:00:00,37.1509,37.2579,37.0516,37.0871,4670.218
2024-05-28 22:00:00,37.0871,37.217,37.0542,37.1039,5934.836
2024-05-28 23:00:00,37.1039,37.1815,36.9303,37.0164,7976.961
2024-05-29 00:00:00,37.0164,37.0556,36.7903,36.847,6132.758
2024-05-29 01:00:00,36.847,37.0241,36.6846,36.8666,22531.81
2024-05-29 02:00:00,36.8666,37.0469,36.7217,36.9373,22897.763
2024-05-29 03:00:00,36.9373,37.3953,36.9366,37.2418,19621.776
2024-05-29 04:00:00,37.2418,37.4301,37.2167,37.3321,11923.758
2024-05-29 05:00:00,37.3321,37.343,37.1586,37.1824,12438.338
2024-05-29 06:00:00,37.1824,37.5129,37.1792,37.2306,23355.518
2024-05-29 07:00:00,37.2306,37.246,36.7994,36.8351,22619.206
2024-05-29 08:00:00,36.8351,36.952,36.343,36.8498,28278.754
2024-05-29 09:00:00,36.8498,37.0362,36.6769,36.9083,24969.964
2024-05-29 10:00:00,36.9083,37.1993,36.8477,37.169,13694.29
2024-05-29 11:00:00,37.169,37.1881,36.8982,36.9478,24239.643
2024-05-29 12:00:00,36.9478,37.1834,36.7021,36.987,25051.647
2024-05-29 13:00:00,36.987,37.2425,36.6685,36.8967,44875.001
2024-05-29 14:00:00,36.8967,37.0265,36.7052,36.9016,33958.933
2024-05-29 15:00:00,36.9016,36.9933,36.5915,36.6314,36767.317
2024-05-29 16:00:00,36.6314,36.9237,36.2458,36.882,28612.743
2024-05-29 17:00:00,36.882,36.9058,36.5586,36.7847,17934.777
2024-05-29 18:00:00,36.7847,36.8295,36.521,36.581,12761.907
2024-05-29 19:00:00,36.581,36.8208,36.362,36.3801,8177.461
2024-05-29 20:00:00,36.3801,36.483,36.2532,36.4064,11542.023
2024-05-29 21:00:00,36.4064,36.6847,36.2458,36.6206,4750.19
2024-05-29 22:00:00,36.6206,36.6556,36.4566,36.5215,3125.044
2024-05-29 23:00:00,36.5215,36.5755,36.1439,36.1847,8307.4
2024-05-30 00:00:00,36.1847,36.4651,36.0098,36.0588,8528.426
2024-05-30 01:00:00,36.0588,36.2875,35.9735,36.2027,9743.551
2024-05-30 02:00:00,36.2027,36.8337,36.1895,36.6182,10019.48
2024-05-30 03:00:00,36.6182,36.8366,36.5705,36.7949,14886.077
2024-05-30 04:00:00,36.7949,37.056,36.7047,36.7853,8794.879
2024-05-30 05:00:00,36.7853,36.8029,36.5833,36.7068,4085.592
2024-05-30 06:00:00,36.7068,36.7073,35.921,35.9492,18078.744
2024-05-30 07:00:00,35.9492,36.0679,35.4113,35.559,37849.338
2024-05-30 08:00:00,35.559,36.1437,35.3048,36.1239,16695.501
2024-05-30 09:00:00,36.1239,36.1868,35.9064,36.1501,8933.556
2024-05-30 10:00:00,36.1501,36.7427,36.0937,36.411,25677.144
2024-05-30 11:00:00,36.411,36.7459,36.3202,36.5618,15342.965
2024-05-30 12:00:00,36.5618,37.0063,36.4977,36.7292,30748.976
2024-05-30 13:00:00,36.7292,37.0544,36.6071,36.7857,16727.895
2024-05-30 14:00:00,36.7857,37.0189,36.3988,36.4615,15117.511
2024-05-30 15:00:00,36.4615,36.7899,36.3423,36.7206,11931.158
2024-05-30 16:00:00,36.7206,36.9662,36.627,36.9269,8769.901
2024-05-30 17:00:00,36.9269,37.0995,36.8272,36.9993,25060.546
2024-05-30 18:00:00,36.9993,37.0674,36.7848,36.9351,8317.468
2024-05-30 19:00:00,36.9351,36.9351,36.4529,36.5942,10294.199
2024-05-30 20:00:00,36.5942,36.5942,36.0261,36.2524,11654.642
2024-05-30 21:00:00,36.2524,36.2708,36.023,36.0765,10986.433
2024-05-30 22:00:00,36.0765,36.0892,35.9339,36.0497,5577.997
2024-05-30 23:00:00,36.0497,36.1,35.9402,35.981,7644.149
2024-05-31 00:00:00,35.981,36.182,35.7824,36.1588,15655.566
2024-05-31 01:00:00,36.1588,36.2773,35.9303,35.9738,9731.355
2024-05-31 02:00:00,35.9738,36.3193,35.9649,36.087,7688.905
2024-05-31 03:00:00,36.087,36.2169,36.0383,36.1235,4573.547
2024-05-31 04:00:00,36.1235,36.2413,36.0993,36.1287,5541.055
2024-05-31 05:00:00,36.1287,36.1438,35.6932,35.946,14209.469
2024-05-31 06:00:00,35.946,36.2991,35.9168,36.1041,10620.705
2024-05-31 07:00:00,36.1041,36.2753,36.0563,36.181,10124.939
2024-05-31 08:00:00,36.181,36.2623,35.9111,35.9776,13847.247
2024-05-31 09:00:00,35.9776,36.0598,35.8157,35.9984,11734.373
2024-05-31 10:00:00,35.9984,36.2243,35.9716,36.0844,7684.337
2024-05-31 11:00:00,36.0844,36.3251,36.0669,36.3249,11110.621
2024-05-31 12:00:00,36.3249,36.7975,36.2318,36.5363,20855.384
2024-05-31 13:00:00,36.5363,36.6578,36.0667,36.1012,27475.694
2024-05-31 14:00:00,36.1012,36.155,35.8043,35.9614,21943.457
2024-05-31 15:00:00,35.9614,36.0002,35.5235,35.5398,12159.636
2024-05-31 16:00:00,35.5398,35.759,35.2077,35.7477,26891.843
2024-05-31 17:00:00,35.7477,35.8856,35.662,35.8669,5516.115
2024-05-31 18:00:00,35.8669,35.8887,35.7141,35.8295,6281.361
2024-05-31 19:00:00,35.8295,36.2093,35.7851,36.1327,8747.203
2024-05-31 20:00:00,36.1327,36.4102,36.059,36.3179,10167.327
2024-05-31 21:00:00,36.3179,36.4864,36.255,36.3413,6695.217
2024-05-31 22:00:00,36.3413,36.4059,36.1469,36.1619,7483.252
2024-05-31 23:00:00,36.1619,36.2222,35.9438,36.024,11758.419
2024-06-01 00:00:00,36.024,36.1556,35.9771,36.0713,7447.444
2024-06-01 01:00:00,36.0713,36.1244,35.9258,36.0019,6456.297
2024-06-01 02:00:00,36.0019,36.1126,35.9428,36.0939,4556.669
2024-06-01 03:00:00,36.0939,36.1452,35.9839,35.9978,5487.112
2024-06-01 04:00:00,35.9978,36.1185,35.9182,36.0758,3421.817
2024-06-01 05:00:00,36.0758,36.0943,35.9199,35.9661,4191.374
2024-06-01 06:00:00,35.9661,36.0132,35.9021,35.9896,4971.924
2024-06-01 07:00:00,35.9896,36.0467,35.919,36.0273,6975.338
2024-06-01 08:00:00,36.0273,36.1593,35.9878,36.1418,2856.091
2024-06-01 09:00:00,36.1418,36.1747,36.038,36.0726,3621.709
2024-06-01 10:00:00,36.0726,36.1088,35.9364,35.9465,3074.043
2024-06-01 11:00:00,35.9465,36.0976,35.9344,36.0377,3234.13
2024-06-01 12:00:00,36.0377,36.1336,35.9608,36.0268,3384.243
2024-06-01 13:00:00,36.0268,36.1435,36.0138,36.0749,5361.804
2024-06-01 14:00:00,36.0749,36.2371,36.0384,36.1542,10909.293
2024-06-01 15:00:00,36.1542,36.2082,35.9567,35.9717,20577.727
2024-06-01 16:00:00,35.9717,36.0198,35.8607,35.8956,5871.244
2024-06-01 17:00:00,35.8956,35.988,35.787,35.9692,8945.431
2024-06-01 18:00:00,35.9692,36.0355,35.8662,35.9231,3307.12
2024-06-01 19:00:00,35.9231,36.0076,35.902,35.9845,1927.944
2024-06-01 20:00:00,35.9845,36.0179,35.9468,35.9863,2410.965
2024-06-01 21:00:00,35.9863,36.1086,35.9567,36.0276,3830.689
2024-06-01 22:00:00,36.0276,36.0969,35.9195,35.9195,2894.402
2024-06-01 23:00:00,35.9195,35.9391,35.6864,35.7641,9086.05
2024-06-02 00:00:00,35.7641,35.9959,35.6972,35.9505,5787.94
2024-06-02 01:00:00,35.9505,36.0441,35.8232,35.9632,7672.403
2024-06-02 02:00:00,35.9632,36.0594,35.7572,35.8706,7334.352
2024-06-02 03:00:00,35.8706,36.1235,35.8279,36.029,9296.971
2024-06-02 04:00:00,36.029,36.1515,35.9156,36.1298,4234.239
2024-06-02 05:00:00,36.1298,36.1868,35.9347,35.9682,6848.338
2024-06-02 06:00:00,35.9682,36.1584,35.9463,36.0977,8184.261
2024-06-02 07:00:00,36.0977,36.1165,35.7019,35.7131,14058.754
2024-06-02 08:00:00,35.7131,35.9126,35.6659,35.8216,7844.375
2024-06-02 09:00:00,35.8216,35.8455,35.4909,35.5623,13807.303
2024-06-02 10:00:00,35.5623,35.582,35.3776,35.5307,12177.316
2024-06-02 11:00:00,35.5307,36.015,35.4235,35.9538,6917.173
2024-06-02 12:00:00,35.9538,36.0939,35.6269,35.6944,13122.213
2024-06-02 13:00:00,35.6944,35.8775,35.5816,35.8098,4394.716
2024-06-02 14:00:00,35.8098,36.0062,35.7409,35.9939,8287.045
2024-06-02 15:00:00,35.9939,36.0261,35.7636,35.8481,18364.941
2024-06-02 16:00:00,35.8481,35.8508,35.5385,35.5996,11889.827
2024-06-02 17:00:00,35.5996,35.6123,35.1233,35.1389,20753.279
2024-06-02 18:00:00,35.1389,35.1989,34.8506,35.1083,17054.857
2024-06-02 19:00:00,35.1083,35.1551,34.8575,35.0921,9542.335
2024-06-02 20:00:00,35.0921,35.1515,34.7674,35.1425,9940.425
2024-06-02 21:00:00,35.1425,35.1785,34.9697,34.985,4376.853
2024-06-02 22:00:00,34.985,35.1134,34.9201,35.0014,4924.768
2024-06-02 23:00:00,35.0014,35.0676,34.8972,34.9072,2847.164
2024-06-03 00:00:00,34.9072,35.0404,34.5667,34.8082,7802.346
2024-06-03 01:00:00,34.8082,35.3084,34.7513,35.1887,8643.384
2024-06-03 02:00:00,35.1887,35.3875,35.141,35.1871,7196.826
2024-06-03 03:00:00,35.1871,35.2053,34.9897,35.0733,5034.479
2024-06-03 04:00:00,35.0733,35.2413,34.889,35.1333,7112.568
2024-06-03 05:00:00,35.1333,35.5157,35.1333,35.4603,14053.614
2024-06-03 06:00:00,35.4603,36.0305,35.4081,36.0135,13286.97
2024-06-03 07:00:00,36.0135,36.1884,35.7802,35.8629,9231.494
2024-06-03 08:00:00,35.8629,36.2675,35.8536,36.111,12535.287
2024-06-03 09:00:00,36.111,36.1775,35.9147,35.9579,7625.838
2024-06-03 10:00:00,35.9579,36.1052,35.869,35.8697,4942.987
2024-06-03 11:00:00,35.8697,36.0821,35.77,35.8463,18304.116
2024-06-03 12:00:00,35.8463,36.1996,35.8427,36.1901,20633.219
2024-06-03 13:00:00,36.1901,36.2735,35.9156,35.9435,23204.822
2024-06-03 14:00:00,35.9435,36.1685,35.1437,35.2721,41121.349
2024-06-03 15:00:00,35.2721,35.686,35.2487,35.6429,34102.722
2024-06-03 16:00:00,35.6429,35.6663,35.2415,35.3639,10837.023
2024-06-03 17:00:00,35.3639,35.7455,35.2433,35.5871,28648.067
2024-06-03 18:00:00,35.5871,35.7419,35.4899,35.6826,10128.589
2024-06-03 19:00:00,35.6826,35.8247,35.6033,35.8229,10693.758
2024-06-03 20:00:00,35.8229,36.0788,35.7443,35.7498,29356.891
2024-06-03 21:00:00,35.7498,35.8679,35.5027,35.6411,7017.117
2024-06-03 22:00:00,35.6411,35.6555,35.2075,35.3441,19174.34
2024-06-03 23:00:00,35.3441,35.3441,34.9519,35.0291,9117.64
2024-06-04 00:00:00,35.0291,35.1425,34.7055,34.8956,15749.96
2024-06-04 01:00:00,34.8956,35.1317,34.7878,35.0489,13312.64
2024-06-04 02:00:00,35.0489,35.0705,34.8592,34.9221,7940.387
2024-06-04 03:00:00,34.9221,34.9901,34.7691,34.9578,6935.161
2024-06-04 04:00:00,34.9578,35.1892,34.8485,34.9221,8095.257
2024-06-04 05:00:00,34.9221,35.0105,34.7963,34.8116,7215.605
2024-06-04 06:00:00,34.8116,34.9087,34.6433,34.7338,8182.303
2024-06-04 07:00:00,34.7338,34.8779,34.6892,34.8116,6283.155
2024-06-04 08:00:00,34.8116,34.9493,34.6586,34.7215,8932.797
2024-06-04 09:00:00,34.7215,34.8076,34.4359,34.5838,13111.092
2024-06-04 10:00:00,34.5838,34.929,34.5478,34.8881,13983.954
2024-06-04 11:00:00,34.8881,34.9566,34.7164,34.8796,7331.94
2024-06-04 12:00:00,34.8796,35.0124,34.7837,34.8694,12838.778
2024-06-04 13:00:00,34.8694,35.0489,34.8355,34.9731,15570.017
2024-06-04 14:00:00,34.9731,35.2666,34.9731,35.2073,19197.118
2024-06-04 15:00:00,35.2073,35.8767,35.1753,35.8199,22435.269
2024-06-04 16:00:00,35.8199,35.9363,35.5812,35.9363,18691.361
2024-06-04 17:00:00,35.9363,35.9999,35.7329,35.9363,11945.161
2024-06-04 18:00:00,35.9363,36.2765,35.9165,35.9579,18703.518
2024-06-04 19:00:00,35.9579,35.9883,35.458,35.6789,13069.837
2024-06-04 20:00:00,35.6789,35.8661,35.5439,35.7419,9096.964
2024-06-04 21:00:00,35.7419,35.9111,35.6249,35.8877,4961.806
2024-06-04 22:00:00,35.8877,35.9723,35.8121,35.8823,4084.412
2024-06-04 23:00:00,35.8823,36.1082,35.8409,36.0641,4391.897
2024-06-05 00:00:00,36.0641,36.2387,36.0011,36.1701,11263.829
2024-06-05 01:00:00,36.1701,36.4439,36.012,36.3845,15885.326
2024-06-05 02:00:00,36.3845,36.5375,36.1379,36.2099,16744.336
2024-06-05 03:00:00,36.2099,36.3466,36.1109,36.3053,13256.286
2024-06-05 04:00:00,36.3053,36.4511,36.1829,36.2621,7198.784
2024-06-05 05:00:00,36.2621,36.2927,36.0479,36.2549,10555.65
2024-06-05 06:00:00,36.2549,36.5555,36.1962,36.4925,10920.974
2024-06-05 07:00:00,36.4925,36.5447,36.3055,36.3272,14716.549
2024-06-05 08:00:00,36.3272,36.4199,36.2088,36.3624,7940.476
2024-06-05 09:00:00,36.3624,36.473,36.2245,36.2822,5321.465
2024-06-05 10:00:00,36.2822,36.516,36.1692,36.3785,12458.73
2024-06-05 11:00:00,36.3785,36.4907,36.3375,36.3719,10606.28
2024-06-05 12:00:00,36.3719,36.5058,36.1505,36.2801,10375.763
2024-06-05 13:00:00,36.2801,36.3501,36.0934,36.1847,6789.729
2024-06-05 14:00:00,36.1847,36.1865,35.9273,36.0677,14222.026
2024-06-05 15:00:00,36.0677,36.5447,36.0049,36.451,18490.77
2024-06-05 16:00:00,36.451,36.8057,36.4116,36.5609,21496.655
2024-06-05 17:00:00,36.5609,36.8057,36.5321,36.7469,8412.376
2024-06-05 18:00:00,36.7469,36.9094,36.5302,36.6743,20802.923
2024-06-05 19:00:00,36.6743,36.7521,36.4794,36.7211,8173.128
2024-06-05 20:00:00,36.7211,36.8156,36.6202,36.6454,13624.013
2024-06-05 21:00:00,36.6454,36.6868,36.5015,36.5015,6373.435
2024-06-05 22:00:00,36.5015,36.5591,36.336,36.336,4756.971
2024-06-05 23:00:00,36.336,36.573,36.3151,36.5717,7989.585
2024-06-06 00:00:00,36.5717,36.6311,36.4871,36.4961,4552.374
2024-06-06 01:00:00,36.4961,36.6455,36.4062,36.5251,3496.61
2024-06-06 02:00:00,36.5251,36.6167,36.4674,36.5141,4512.0
2024-06-06 03:00:00,36.5141,36.5466,36.3395,36.3543,5954.373
2024-06-06 04:00:00,36.3543,36.4024,36.2596,36.3287,7726.698
2024-06-06 05:00:00,36.3287,36.3395,36.15,36.1775,5931.938
2024-06-06 06:00:00,36.1775,36.2243,36.051,36.1739,6473.345
2024-06-06 07:00:00,36.1739,36.3557,36.0984,36.3301,7697.172
2024-06-06 08:00:00,36.3301,36.7084,36.2477,36.7073,14448.177
2024-06-06 09:00:00,36.7073,36.9521,36.5645,36.7229,14966.22
2024-06-06 10:00:00,36.7229,36.8127,36.5317,36.7445,13547.741
2024-06-06 11:00:00,36.7445,36.9137,36.6401,36.7913,8785.968
2024-06-06 12:00:00,36.7913,36.85,36.5789,36.7157,10216.928
2024-06-06 13:00:00,36.7157,36.8885,36.5388,36.6754,28748.79
2024-06-06 14:00:00,36.6754,36.9634,36.5898,36.8867,14057.037
2024-06-06 15:00:00,36.8867,37.2129,36.8108,36.8867,19774.239
2024-06-06 16:00:00,36.8867,36.9533,36.5951,36.6185,13818.512
2024-06-06 17:00:00,36.6185,36.775,36.5231,36.5897,6667.537
2024-06-06 18:00:00,36.5897,36.6365,36.4745,36.5123,4470.063
2024-06-06 19:00:00,36.5123,36.5159,35.9696,36.0569,24748.667
2024-06-06 20:00:00,36.0569,36.2261,35.7084,36.1991,21297.699
2024-06-06 21:00:00,36.1991,36.2189,36.0101,36.0659,4008.947
2024-06-06 22:00:00,36.0659,36.1425,36.0047,36.0497,3804.998
2024-06-06 23:00:00,36.0497,36.0767,35.89,35.9019,4544.445
2024-06-07 00:00:00,35.9019,36.0187,35.841,35.9325,5410.379
2024-06-07 01:00:00,35.9325,35.9777,35.7995,35.9093,5294.094
2024-06-07 02:00:00,35.9093,35.9273,35.5683,35.6987,6747.082
2024-06-07 03:00:00,35.6987,35.8643,35.6087,35.8569,5991.47
2024-06-07 04:00:00,35.8569,35.9848,35.5008,35.9708,22904.607
2024-06-07 05:00:00,35.9708,36.1052,35.9415,36.0119,8417.785
2024-06-07 06:00:00,36.0119,36.0677,35.9273,36.0209,7586.333
2024-06-07 07:00:00,36.0209,36.0766,35.9255,35.9874,11690.497
2024-06-07 08:00:00,35.9874,36.0587,35.9616,35.9962,6752.135
2024-06-07 09:00:00,35.9962,36.0047,35.8679,35.9993,5251.036
2024-06-07 10:00:00,35.9993,36.0731,35.8085,36.0675,6913.822
2024-06-07 11:00:00,36.0675,36.3467,35.9831,36.3233,10807.497
2024-06-07 12:00:00,36.3233,36.7242,35.6879,36.1413,62956.394
2024-06-07 13:00:00,36.1413,36.6023,35.9957,36.5861,15130.816
2024-06-07 14:00:00,36.5861,36.9011,36.5091,36.6689,26301.097
2024-06-07 15:00:00,36.6689,36.6815,36.1019,36.2801,18799.058
2024-06-07 16:00:00,36.2801,36.3523,35.8139,35.8876,14859.534
2024-06-07 17:00:00,35.8876,35.8877,35.0742,35.0742,24307.758
2024-06-07 18:00:00,35.0742,35.1568,30.7526,33.258,360603.643
2024-06-07 19:00:00,33.258,33.7014,32.8092,33.4244,69682.728
2024-06-07 20:00:00,33.4244,33.676,33.1038,33.5282,32935.324
2024-06-07 21:00:00,33.5282,33.6624,33.4125,33.6012,9867.932
2024-06-07 22:00:00,33.6012,33.7457,33.534,33.639,12415.702
2024-06-07 23:00:00,33.639,33.6811,33.4936,33.5094,14517.255
2024-06-08 00:00:00,33.5094,33.5144,33.3,33.3904,19454.192
2024-06-08 01:00:00,33.3904,33.7066,33.3717,33.6679,8673.048
2024-06-08 02:00:00,33.6679,33.6811,33.387,33.5272,6083.13
2024-06-08 03:00:00,33.5272,33.7236,33.5043,33.6077,7003.553
2024-06-08 04:00:00,33.6077,33.7201,33.5604,33.6024,11079.525
2024-06-08 05:00:00,33.6024,33.6946,33.5583,33.6045,8958.197
2024-06-08 06:00:00,33.6045,33.6316,33.4618,33.4873,6792.654
2024-06-08 07:00:00,33.4873,33.6217,33.4669,33.6182,6449.813
2024-06-08 08:00:00,33.6182,33.6182,33.3496,33.3824,14704.738
2024-06-08 09:00:00,33.3824,33.3972,33.2564,33.2747,6414.842
2024-06-08 10:00:00,33.2747,33.2832,32.9866,33.1013,12886.414
2024-06-08 11:00:00,33.1013,33.1541,32.5755,32.6779,20344.494
2024-06-08 12:00:00,32.6779,32.7595,32.3323,32.4827,24333.572
2024-06-08 13:00:00,32.4827,32.6077,32.102,32.5888,33225.552
2024-06-08 14:00:00,32.5888,32.6986,32.2764,32.6669,12184.195
2024-06-08 15:00:00,32.6669,32.6923,32.4299,32.4587,7125.69
2024-06-08 16:00:00,32.4587,32.5211,32.2171,32.3979,12690.808
2024-06-08 17:00:00,32.3979,32.5996,32.1212,32.4411,14796.423
2024-06-08 18:00:00,32.4411,32.6715,32.3803,32.4763,10176.406
2024-06-08 19:00:00,32.4763,32.5675,32.2506,32.2603,10016.634
2024-06-08 20:00:00,32.2603,32.2987,32.0491,32.2053,12150.887
2024-06-08 21:00:00,32.2053,32.3476,32.0988,32.2796,3992.247
2024-06-08 22:00:00,32.2796,32.3546,31.9252,32.1995,12278.172
2024-06-08 23:00:00,32.1995,32.323,32.0971,32.2715,6800.428
2024-06-09 00:00:00,32.2715,32.3277,32.2139,32.2283,8401.617
2024-06-09 01:00:00,32.2283,32.5019,32.1819,32.489,6651.598
2024-06-09 02:00:00,32.489,32.489,32.0731,32.0731,9256.52
2024-06-09 03:00:00,32.0731,32.3275,32.0299,32.2587,7612.56
2024-06-09 04:00:00,32.2587,32.3888,32.2432,32.2939,4539.989
2024-06-09 05:00:00,32.2939,32.457,32.0859,32.386,7663.739
2024-06-09 06:00:00,32.386,32.5148,32.3275,32.3723,10412.492
2024-06-09 07:00:00,32.3723,32.4971,32.3723,32.4402,8602.876
2024-06-09 08:00:00,32.4402,32.5691,32.4012,32.4955,8295.295
2024-06-09 09:00:00,32.4955,32.5611,32.4489,32.5291,5513.358
2024-06-09 10:00:00,32.5291,32.5307,32.3812,32.3915,6136.072
2024-06-09 11:00:00,32.3915,32.4314,32.2907,32.3179,7488.33
2024-06-09 12:00:00,32.3179,32.6443,32.2156,32.5771,11130.977
2024-06-09 13:00:00,32.5771,32.6247,32.2278,32.3483,16814.241
2024-06-09 14:00:00,32.3483,32.513,32.3164,32.5079,5606.712
2024-06-09 15:00:00,32.5079,32.5531,32.4139,32.4555,5859.731
2024-06-09 16:00:00,32.4555,32.6235,32.4363,32.6115,4095.578
2024-06-09 17:00:00,32.6115,32.6512,32.5157,32.6348,2978.123
2024-06-09 18:00:00,32.6348,32.921,32.6187,32.9067,8655.033
2024-06-09 19:00:00,32.9067,33.014,32.8591,32.9211,6621.708
2024-06-09 20:00:00,32.9211,32.9739,32.7489,32.8107,4174.291
2024-06-09 21:00:00,32.8107,32.9195,32.7484,32.9075,4633.165
2024-06-09 22:00:00,32.9075,32.9825,32.8131,32.8667,7128.621
2024-06-09 23:00:00,32.8667,33.001,32.8188,32.9835,2889.214
2024-06-10 00:00:00,32.9835,32.9995,32.7835,32.9819,10173.354
2024-06-10 01:00:00,32.9819,33.2631,32.8859,33.251,13298.148
2024-06-10 02:00:00,33.251,33.4601,33.1813,33.2716,10886.364
2024-06-10 03:00:00,33.2716,33.2782,32.915,32.9866,10222.061
2024-06-10 04:00:00,32.9866,33.0147,32.8331,32.8699,9508.21
2024-06-10 05:00:00,32.8699,32.8954,32.6091,32.7019,18052.755
2024-06-10 06:00:00,32.7019,32.7465,32.3979,32.4251,24553.72
2024-06-10 07:00:00,32.4251,32.4679,32.0249,32.0555,30755.853
2024-06-10 08:00:00,32.0555,32.6396,32.0332,32.5631,27491.208
2024-06-10 09:00:00,32.5631,32.7563,32.4027,32.7437,20406.139
2024-06-10 10:00:00,32.7437,32.9019,32.6588,32.6747,10014.903
2024-06-10 11:00:00,32.6747,32.7834,32.5569,32.6779,11230.86
2024-06-10 12:00:00,32.6779,32.6987,32.4268,32.4763,12887.535
2024-06-10 13:00:00,32.4763,32.6339,32.1104,32.5227,45706.377
2024-06-10 14:00:00,32.5227,32.7634,32.3734,32.6459,24637.338
2024-06-10 15:00:00,32.6459,33.1287,32.6027,32.9787,24897.283
2024-06-10 16:00:00,32.9787,33.0317,32.6379,32.8652,24655.379
2024-06-10 17:00:00,32.8652,32.891,32.6876,32.8564,12367.089
2024-06-10 18:00:00,32.8564,32.9275,32.6344,32.7955,20516.786
2024-06-10 19:00:00,32.7955,32.8369,32.534,32.6043,22737.897
2024-06-10 20:00:00,32.6043,32.6043,32.3067,32.4651,20165.519
2024-06-10 21:00:00,32.4651,32.5171,32.3115,32.3755,5696.4
2024-06-10 22:00:00,32.3755,32.4939,32.1643,32.4395,10363.839
2024-06-10 23:00:00,32.4395,32.4907,32.1611,32.2776,8028.181
2024-06-11 00:00:00,32.2776,32.3642,32.1175,32.1947,5699.141
2024-06-11 01:00:00,32.1947,32.3498,31.5132,31.8051,47793.789
2024-06-11 02:00:00,31.8051,32.0954,31.5259,32.0715,39609.942
2024-06-11 03:00:00,32.0715,32.3307,32.0434,32.2107,26204.594
2024-06-11 04:00:00,32.2107,32.2891,31.8523,32.1947,29042.281
2024-06-11 05:00:00,32.1947,32.2667,31.9848,32.2667,12641.313
2024-06-11 06:00:00,32.2667,32.3449,31.8521,32.0219,20117.517
2024-06-11 07:00:00,32.0219,32.3254,31.9259,32.2027,17972.22
2024-06-11 08:00:00,32.2027,32.3819,32.1579,32.1643,25756.501
2024-06-11 09:00:00,32.1643,32.2077,31.7884,32.1179,21080.662
2024-06-11 10:00:00,32.1179,32.2891,31.9387,32.0059,11308.17
2024-06-11 11:00:00,32.0059,32.1643,31.8715,31.9689,16358.081
2024-06-11 12:00:00,31.9689,32.0811,31.74,31.8187,16415.997
2024-06-11 13:00:00,31.8187,32.0091,31.2923,31.4235,44295.403
2024-06-11 14:00:00,31.4235,31.7373,31.3243,31.6123,24495.118
2024-06-11 15:00:00,31.6123,31.7243,30.76,31.1179,69886.201
2024-06-11 16:00:00,31.1179,31.4491,31.0447,31.1243,21846.213
2024-06-11 17:00:00,31.1243,31.1787,30.5901,31.0475,35528.155
2024-06-11 18:00:00,31.0475,31.5323,30.9876,31.4171,17335.196
2024-06-11 19:00:00,31.4171,31.6443,31.2764,31.5835,19283.868
2024-06-11 20:00:00,31.5835,31.7184,31.4603,31.4891,11647.817
2024-06-11 21:00:00,31.4891,31.5611,31.3675,31.5275,4839.883
2024-06-11 22:00:00,31.5275,31.6373,31.4118,31.5195,6332.321
2024-06-11 23:00:00,31.5195,31.5931,31.4204,31.5467,8012.341
2024-06-12 00:00:00,31.5467,31.6181,31.2907,31.3451,10548.802
2024-06-12 01:00:00,31.3451,31.3742,30.7896,31.1058,22583.04
2024-06-12 02:00:00,31.1058,31.5161,31.0235,31.4989,22047.259
2024-06-12 03:00:00,31.4989,31.8012,31.4779,31.7707,16757.742
2024-06-12 04:00:00,31.7707,32.0641,31.7163,31.8811,19752.861
2024-06-12 05:00:00,31.8811,31.8971,31.7323,31.7662,8337.848
2024-06-12 06:00:00,31.7662,32.0945,31.7516,31.9835,10210.433
2024-06-12 07:00:00,31.9835,32.2187,31.9708,32.2011,10988.251
2024-06-12 08:00:00,32.2011,32.2662,32.0521,32.0907,10646.093
2024-06-12 09:00:00,32.0907,32.2578,32.0203,32.2123,9865.828
2024-06-12 10:00:00,32.2123,32.4245,32.1179,32.1419,16837.39
2024-06-12 11:00:00,32.1419,32.1515,31.8943,31.8987,12366.677
2024-06-12 12:00:00,31.8987,33.4143,31.8827,33.2289,74454.009
2024-06-12 13:00:00,33.2289,33.5995,32.9892,33.1609,29065.222
2024-06-12 14:00:00,33.1609,33.6212,33.1609,33.5903,20887.887
2024-06-12 15:00:00,33.5903,33.6471,33.2749,33.4924,12498.059
2024-06-12 16:00:00,33.4924,33.6607,33.4074,33.659,18497.941
2024-06-12 17:00:00,33.659,33.9871,33.5791,33.9327,20243.686
2024-06-12 18:00:00,33.9327,33.9514,33.105,33.2493,88372.558
2024-06-12 19:00:00,33.2493,33.7695,32.4203,32.6779,66822.515
2024-06-12 20:00:00,32.6779,33.2952,32.5083,33.1494,19543.475
2024-06-12 21:00:00,33.1494,33.2561,33.1105,33.2125,7606.448
2024-06-12 22:00:00,33.2125,33.343,33.1473,33.343,5955.05
2024-06-12 23:00:00,33.343,33.3564,33.2061,33.2765,8400.694
2024-06-13 00:00:00,33.2765,33.4407,33.0419,33.3394,14282.918
2024-06-13 01:00:00,33.3394,33.4037,32.8678,32.9003,9496.269
2024-06-13 02:00:00,32.9003,33.0895,32.6459,32.6779,23967.448
2024-06-13 03:00:00,32.6779,32.6908,32.1681,32.4971,35123.534
2024-06-13 04:00:00,32.4971,32.8778,32.4427,32.7067,15204.935
2024-06-13 05:00:00,32.7067,32.865,32.5771,32.5963,9397.258
2024-06-13 06:00:00,32.5963,32.6267,32.2395,32.2491,12031.362
2024-06-13 07:00:00,32.2491,32.4632,32.1275,32.4139,10179.896
2024-06-13 08:00:00,32.4139,32.4186,32.1519,32.1883,18939.65
2024-06-13 09:00:00,32.1883,32.235,31.9248,32.1163,17311.957
2024-06-13 10:00:00,32.1163,32.2203,31.9275,32.1163,9437.988
2024-06-13 11:00:00,32.1163,32.1336,31.7723,31.8475,14956.179
2024-06-13 12:00:00,31.8475,32.369,31.7323,31.8955,35629.984
2024-06-13 13:00:00,31.8955,32.2665,31.7003,32.0362,16168.46
2024-06-13 14:00:00,32.0362,32.2267,31.7932,31.9883,30555.447
2024-06-13 15:00:00,31.9883,32.031,31.2436,31.2987,42132.783
2024-06-13 16:00:00,31.2987,31.7291,31.1356,31.7115,24992.163
2024-06-13 17:00:00,31.7115,31.8763,31.5874,31.8593,16544.677
2024-06-13 18:00:00,31.8593,31.9312,31.7702,31.8587,11040.185
2024-06-13 19:00:00,31.8587,31.8763,31.4683,31.4827,9010.803
2024-06-13 20:00:00,31.4827,31.5611,31.2465,31.2757,10670.329
2024-06-13 21:00:00,31.2757,31.3947,31.024,31.3787,22636.014
2024-06-13 22:00:00,31.3787,31.3787,31.142,31.1659,7977.07
2024-06-13 23:00:00,31.1659,31.1659,30.9126,30.9998,7462.062
2024-06-14 00:00:00,30.9998,31.2109,30.9163,31.0651,22696.274
2024-06-14 01:00:00,31.0651,31.3322,30.8716,31.2955,29323.317
2024-06-14 02:00:00,31.2955,31.3979,31.1835,31.2923,22947.49
2024-06-14 03:00:00,31.2923,31.3818,31.0667,31.1467,22095.976
2024-06-14 04:00:00,31.1467,31.3864,31.1467,31.3357,11577.91
2024-06-14 05:00:00,31.3357,31.8,31.3339,31.7227,30966.577
2024-06-14 06:00:00,31.7227,31.8539,31.5352,31.669,19462.464
2024-06-14 07:00:00,31.669,31.7067,31.5414,31.5995,10309.214
2024-06-14 08:00:00,31.5995,32.2243,31.5451,31.9243,39053.791
2024-06-14 09:00:00,31.9243,32.1275,31.8907,31.9083,9614.045
2024-06-14 10:00:00,31.9083,32.0283,31.8431,32.0123,11224.197
2024-06-14 11:00:00,32.0123,32.087,31.8417,31.8618,9316.764
2024-06-14 12:00:00,31.8618,31.9642,31.3746,31.5515,34339.267
2024-06-14 13:00:00,31.5515,31.6536,31.465,31.4859,13287.409
2024-06-14 14:00:00,31.4859,31.5131,30.7371,31.078,38395.607
2024-06-14 15:00:00,31.078,31.2155,30.5751,30.6921,32134.558
2024-06-14 16:00:00,30.6921,30.7572,29.4779,29.7633,97078.915
2024-06-14 17:00:00,29.7633,29.9395,29.4909,29.8031,12177.73
2024-06-14 18:00:00,29.8031,29.8333,29.35,29.5219,18585.517
2024-06-14 19:00:00,29.5219,29.612,29.2898,29.3935,17446.721
2024-06-14 20:00:00,29.3935,29.7517,29.3668,29.5639,15361.383
2024-06-14 21:00:00,29.5639,30.6891,29.5522,30.4971,29904.079
2024-06-14 22:00:00,30.4971,30.4986,30.102,30.3636,33364.451
2024-06-14 23:00:00,30.3636,30.4626,30.2526,30.2826,19756.16
2024-06-15 00:00:00,30.2826,30.5076,30.1431,30.3276,13958.41
2024-06-15 01:00:00,30.3276,30.4416,30.1062,30.1116,6671.606
2024-06-15 02:00:00,30.1116,30.3776,30.0897,30.3096,7497.107
2024-06-15 03:00:00,30.3096,30.4116,30.288,30.3846,10525.818
2024-06-15 04:00:00,30.3846,30.4011,30.2436,30.2841,6273.119
2024-06-15 05:00:00,30.2841,30.4596,30.2676,30.4401,9921.022
2024-06-15 06:00:00,30.4401,30.647,30.3906,30.4356,11580.065
2024-06-15 07:00:00,30.4356,30.5271,30.3651,30.3741,8996.679
2024-06-15 08:00:00,30.3741,30.4591,30.3532,30.3756,43941.876
2024-06-15 09:00:00,30.3756,30.4249,30.2076,30.2136,21115.2
2024-06-15 10:00:00,30.2136,30.2942,29.9796,30.2616,16055.561
2024-06-15 11:00:00,30.2616,30.3216,30.2181,30.2841,5579.337
2024-06-15 12:00:00,30.2841,30.2841,30.0391,30.2061,18859.312
2024-06-15 13:00:00,30.2061,30.2661,30.0441,30.2466,14932.423
2024-06-15 14:00:00,30.2466,30.3471,30.1251,30.2391,6280.658
2024-06-15 15:00:00,30.2391,30.5331,30.2107,30.3111,15785.638
2024-06-15 16:00:00,30.3111,30.3936,30.1654,30.1866,5836.317
2024-06-15 17:00:00,30.1866,30.2481,30.0636,30.2038,4935.312
2024-06-15 18:00:00,30.2038,30.2211,30.0771,30.093,6698.224
2024-06-15 19:00:00,30.093,30.173,29.9601,30.1191,12159.863
2024-06-15 20:00:00,30.1191,30.1686,29.9082,30.0081,4335.701
2024-06-15 21:00:00,30.0081,30.0976,29.9231,30.0786,4132.065
2024-06-15 22:00:00,30.0786,30.08,29.9407,30.0291,4344.168
2024-06-15 23:00:00,30.0291,30.0336,29.9341,30.0036,2860.766
2024-06-16 00:00:00,30.0036,30.286,30.0036,30.0066,20785.004
2024-06-16 01:00:00,30.0066,30.1986,29.8515,30.0576,20662.411
2024-06-16 02:00:00,30.0576,30.1761,30.0005,30.0546,7558.702
2024-06-16 03:00:00,30.0546,30.0921,29.9064,29.9727,3600.583
2024-06-16 04:00:00,29.9727,30.0525,29.816,29.9637,10163.65
2024-06-16 05:00:00,29.9637,30.4255,29.9448,30.3681,8077.461
2024-06-16 06:00:00,30.3681,30.4776,30.3081,30.4251,6283.244
2024-06-16 07:00:00,30.4251,30.4386,30.3021,30.3591,2622.02
2024-06-16 08:00:00,30.3591,30.3804,30.0066,30.0626,9748.558
2024-06-16 09:00:00,30.0626,30.2421,29.9172,29.9878,23027.725
2024-06-16 10:00:00,29.9878,30.1731,29.9622,30.1386,8996.969
2024-06-16 11:00:00,30.1386,30.1786,29.9983,30.0035,4951.0
2024-06-16 12:00:00,30.0035,30.0943,29.9175,30.0546,14427.882
2024-06-16 13:00:00,30.0546,30.1821,30.0,30.0996,13752.56
2024-06-16 14:00:00,30.0996,30.2226,29.9688,30.0276,12426.0
2024-06-16 15:00:00,30.0276,30.2218,29.9673,30.2016,6209.162
2024-06-16 16:00:00,30.2016,30.2196,30.0051,30.0695,9167.057
2024-06-16 17:00:00,30.0695,30.1227,29.9724,29.9955,7890.159
2024-06-16 18:00:00,29.9955,29.9955,29.7201,29.7366,16596.613
2024-06-16 19:00:00,29.7366,29.9388,29.6732,29.857,8569.857
2024-06-16 20:00:00,29.857,29.8839,29.7566,29.8602,6950.886
2024-06-16 21:00:00,29.8602,29.9513,29.7939,29.8231,4328.781
2024-06-16 22:00:00,29.8231,30.1674,29.82,30.0336,17276.168
2024-06-16 23:00:00,30.0336,30.1191,29.9407,30.0756,6294.599
2024-06-17 00:00:00,30.0756,30.3432,29.964,30.1296,27350.921
2024-06-17 01:00:00,30.1296,30.1296,29.6825,29.7998,16420.47
2024-06-17 02:00:00,29.7998,29.8009,29.4659,29.5541,15520.766
2024-06-17 03:00:00,29.5541,29.61,29.3271,29.4128,11791.512
2024-06-17 04:00:00,29.4128,29.6785,29.3096,29.6273,8437.218
2024-06-17 05:00:00,29.6273,29.7164,29.4317,29.5181,5229.213
2024-06-17 06:00:00,29.5181,29.5218,29.1689,29.2405,11688.728
2024-06-17 07:00:00,29.2405,29.4,28.9388,29.1375,17361.783
2024-06-17 08:00:00,29.1375,29.2527,28.763,28.9973,17386.877
2024-06-17 09:00:00,28.9973,29.1294,28.598,28.7063,20562.935
2024-06-17 10:00:00,28.7063,28.8143,28.3404,28.7223,26251.894
2024-06-17 11:00:00,28.7223,28.7777,28.5958,28.6648,7601.233
2024-06-17 12:00:00,28.6648,28.8135,28.533,28.5468,9932.75
2024-06-17 13:00:00,28.5468,28.6273,28.1591,28.2416,24474.11
2024-06-17 14:00:00,28.2416,28.5693,28.2328,28.3703,10231.607
2024-06-17 15:00:00,28.3703,28.4803,27.9848,28.0573,17060.683
2024-06-17 16:00:00,28.0573,28.3561,27.269,28.1697,53529.15
2024-06-17 17:00:00,28.1697,28.66,28.1697,28.643,13322.722
2024-06-17 18:00:00,28.643,29.3852,28.6408,29.3852,24991.008
2024-06-17 19:00:00,29.3852,29.4444,28.96,29.0251,12586.403
2024-06-17 20:00:00,29.0251,29.0469,28.5076,28.6157,10839.271
2024-06-17 21:00:00,28.6157,28.7585,28.3808,28.6103,7699.622
2024-06-17 22:00:00,28.6103,28.766,28.5752,28.6635,3941.875
2024-06-17 23:00:00,28.6635,28.7435,28.4285,28.4653,6663.914
2024-06-18 00:00:00,28.4653,28.5413,27.7868,28.1898,20836.554
2024-06-18 01:00:00,28.1898,28.3634,24.723,26.0291,251713.964
2024-06-18 02:00:00,26.0291,26.531,25.6726,26.3602,73453.296
2024-06-18 03:00:00,26.3602,26.5412,26.2106,26.4871,33628.572
2024-06-18 04:00:00,26.4871,26.58,26.3676,26.5051,19192.528
2024-06-18 05:00:00,26.5051,26.7529,26.4898,26.6193,25758.424
2024-06-18 06:00:00,26.6193,26.7769,26.5144,26.5356,12013.784
2024-06-18 07:00:00,26.5356,26.7568,26.494,26.6225,17180.711
2024-06-18 08:00:00,26.6225,26.6874,26.3019,26.6386,22641.567
2024-06-18 09:00:00,26.6386,26.6386,26.3746,26.3782,20615.112
2024-06-18 10:00:00,26.3782,26.4438,26.1575,26.2346,35755.4
2024-06-18 11:00:00,26.2346,26.2807,25.655,25.9998,59554.813
2024-06-18 12:00:00,25.9998,26.0767,25.5524,25.9901,60574.989
2024-06-18 13:00:00,25.9901,26.1541,25.6973,25.7775,48280.608
2024-06-18 14:00:00,25.7775,26.5816,25.5619,26.1383,62599.239
2024-06-18 15:00:00,26.1383,26.4737,25.9376,26.2763,36024.335
2024-06-18 16:00:00,26.2763,26.2898,25.7209,26.067,34529.557
2024-06-18 17:00:00,26.067,26.2472,25.8197,25.8206,18978.117
2024-06-18 18:00:00,25.8206,26.0984,25.5938,25.8283,26833.93
2024-06-18 19:00:00,25.8283,26.2421,25.5677,26.2276,31798.809
2024-06-18 20:00:00,26.2276,26.5472,26.0693,26.5472,45403.883
2024-06-18 21:00:00,26.5472,26.6483,26.4015,26.5823,12484.576
2024-06-18 22:00:00,26.5823,26.6067,26.3443,26.5929,12991.302
2024-06-18 23:00:00,26.5929,26.6481,26.5312,26.6108,12825.73
2024-06-19 00:00:00,26.6108,26.728,26.3934,26.7193,6964.424
2024-06-19 01:00:00,26.7193,27.1036,26.5672,26.79,19095.377
2024-06-19 02:00:00,26.79,27.1725,26.7866,26.899,20526.64
2024-06-19 03:00:00,26.899,27.1654,26.8506,26.9996,26594.665
2024-06-19 04:00:00,26.9996,27.2345,26.9458,27.1558,7885.224
2024-06-19 05:00:00,27.1558,27.2838,27.0,27.1598,5495.541
2024-06-19 06:00:00,27.1598,27.3702,27.126,27.3702,7255.2
2024-06-19 07:00:00,27.3702,27.4098,27.1876,27.3411,12495.907
2024-06-19 08:00:00,27.3411,27.3892,27.0197,27.0991,22235.23
2024-06-19 09:00:00,27.0991,27.2438,26.9912,27.148,12637.956
2024-06-19 10:00:00,27.148,27.4923,27.1256,27.4923,5865.416
2024-06-19 11:00:00,27.4923,27.5194,27.0,27.173,12965.436
2024-06-19 12:00:00,27.173,27.4761,27.1262,27.3323,12341.981
2024-06-19 13:00:00,27.3323,27.4704,27.2809,27.3181,14645.486
2024-06-19 14:00:00,27.3181,27.3357,26.9633,27.1125,10558.466
2024-06-19 15:00:00,27.1125,27.255,26.975,27.1501,7259.343
2024-06-19 16:00:00,27.1501,27.32,27.034,27.1572,18754.485
2024-06-19 17:00:00,27.1572,27.6655,27.1412,27.2947,19787.442
2024-06-19 18:00:00,27.2947,27.4593,27.2056,27.2597,15293.268
2024-06-19 19:00:00,27.2597,27.289,26.9973,27.1063,7568.826
2024-06-19 20:00:00,27.1063,27.1346,26.8706,27.0582,9228.509
2024-06-19 21:00:00,27.0582,27.2663,26.9612,27.1279,4164.722
2024-06-19 22:00:00,27.1279,27.1646,26.9177,26.9201,2546.764
2024-06-19 23:00:00,26.9201,27.01,26.777,26.94,45813.901
2024-06-20 00:00:00,26.94,27.0721,26.8103,26.9703,47876.811
2024-06-20 01:00:00,26.9703,27.491,26.8759,27.075,33821.885
2024-06-20 02:00:00,27.075,27.075,26.8429,26.9358,9705.72
2024-06-20 03:00:00,26.9358,26.9957,26.6688,26.909,16377.38
2024-06-20 04:00:00,26.909,27.3148,26.7223,27.3036,21985.302
2024-06-20 05:00:00,27.3036,27.7501,27.2504,27.6965,18531.208
2024-06-20 06:00:00,27.6965,27.9674,27.5795,27.6624,18066.092
2024-06-20 07:00:00,27.6624,28.2436,27.6455,28.1605,45806.665
2024-06-20 08:00:00,28.1605,28.245,27.9321,28.134,19819.712
2024-06-20 09:00:00,28.134,28.1891,28.0278,28.0478,8848.524
2024-06-20 10:00:00,28.0478,28.6434,28.0478,28.5653,37436.133
2024-06-20 11:00:00,28.5653,28.8805,28.3403,28.3886,24880.958
2024-06-20 12:00:00,28.3886,28.414,28.0493,28.0665,16355.152
2024-06-20 13:00:00,28.0665,28.0847,27.4084,27.4938,20640.241
2024-06-20 14:00:00,27.4938,27.5686,26.8998,27.3112,32221.037
2024-06-20 15:00:00,27.3112,27.5015,27.1517,27.316,18579.954
2024-06-20 16:00:00,27.316,27.4861,26.9812,27.4718,12495.481
2024-06-20 17:00:00,27.4718,27.7096,27.3578,27.6819,8764.921
2024-06-20 18:00:00,27.6819,27.8535,27.6533,27.7028,12177.854
2024-06-20 19:00:00,27.7028,27.8051,27.5323,27.8029,6370.345
2024-06-20 20:00:00,27.8029,27.8909,27.6599,27.6731,5551.137
2024-06-20 21:00:00,27.6731,27.6775,27.5955,27.639,2253.28
2024-06-20 22:00:00,27.639,27.8248,27.5835,27.6258,6312.11
2024-06-20 23:00:00,27.6258,27.6874,27.4912,27.5818,16071.053
2024-06-21 00:00:00,27.5818,27.6204,27.2422,27.3585,12288.756
2024-06-21 01:00:00,27.3585,27.8062,27.312,27.7446,8966.259
2024-06-21 02:00:00,27.7446,27.8612,27.5642,27.7347,6656.452
2024-06-21 03:00:00,27.7347,27.8172,27.5994,27.7688,7074.59
2024-06-21 04:00:00,27.7688,27.9899,27.6544,27.9833,16355.216
2024-06-21 05:00:00,27.9833,28.0306,27.8106,27.8469,7171.991
2024-06-21 06:00:00,27.8469,27.9119,27.6291,27.7325,4182.631
2024-06-21 07:00:00,27.7325,27.8865,27.4982,27.6258,8756.06
2024-06-21 08:00:00,27.6258,27.8414,27.2386,27.3676,23008.928
2024-06-21 09:00:00,27.3676,28.0,27.2771,27.7457,16540.107
2024-06-21 10:00:00,27.7457,27.9261,27.6621,27.749,17183.356
2024-06-21 11:00:00,27.749,27.9548,27.7281,27.8117,8062.652
2024-06-21 12:00:00,27.8117,27.9063,27.4729,27.5697,12964.316
2024-06-21 13:00:00,27.5697,27.5829,26.9603,27.1154,25869.214
2024-06-21 14:00:00,27.1154,27.7952,27.0219,27.705,39317.98
2024-06-21 15:00:00,27.705,27.8686,27.2177,27.4278,28224.723
2024-06-21 16:00:00,27.4278,27.5422,27.2639,27.2991,14456.33
2024-06-21 17:00:00,27.2991,27.4113,26.9394,27.0934,10319.938
2024-06-21 18:00:00,27.0934,27.6371,27.0061,27.6181,20535.892
2024-06-21 19:00:00,27.6181,27.7609,27.5284,27.5741,9181.525
2024-06-21 20:00:00,27.5741,27.8293,27.5521,27.5994,8191.826
2024-06-21 21:00:00,27.5994,27.6643,27.2005,27.5304,9128.039
2024-06-21 22:00:00,27.5304,27.5816,27.4043,27.4959,3581.35
2024-06-21 23:00:00,27.4959,27.5279,27.386,27.4828,3574.68
2024-06-22 00:00:00,27.4828,27.5182,27.1165,27.1726,4470.135
2024-06-22 01:00:00,27.1726,27.3398,27.1539,27.2816,2479.487
2024-06-22 02:00:00,27.2816,27.4751,27.2253,27.2354,4167.173
2024-06-22 03:00:00,27.2354,27.2553,26.0143,26.3663,60805.972
2024-06-22 04:00:00,26.3663,26.4972,26.141,26.2117,27718.671
2024-06-22 05:00:00,26.2117,26.2862,24.5271,24.9908,226165.955
2024-06-22 06:00:00,24.9908,25.4273,24.9108,25.0739,120122.565
2024-06-22 07:00:00,25.0739,25.445,24.9276,25.3288,81795.486
2024-06-22 08:00:00,25.3288,25.3461,24.7968,25.2028,66600.811
2024-06-22 09:00:00,25.2028,25.2974,25.0388,25.1618,27978.282
2024-06-22 10:00:00,25.1618,25.2888,25.0838,25.2448,18061.721
2024-06-22 11:00:00,25.2448,25.5386,25.1328,25.5027,26408.719
2024-06-22 12:00:00,25.5027,25.9818,25.4458,25.8498,45109.765
2024-06-22 13:00:00,25.8498,25.9941,25.6278,25.7658,45165.042
2024-06-22 14:00:00,25.7658,26.1728,25.7129,26.0658,67895.255
2024-06-22 15:00:00,26.0658,26.3414,25.9448,26.1218,57019.987
2024-06-22 16:00:00,26.1218,26.1218,25.9908,26.0188,10591.102
2024-06-22 17:00:00,26.0188,26.0778,25.8102,25.8378,30131.478
2024-06-22 18:00:00,25.8378,25.9083,25.7548,25.7831,20050.041
2024-06-22 19:00:00,25.7831,25.8595,25.6808,25.8048,26979.453
2024-06-22 20:00:00,25.8048,25.8278,25.6548,25.6667,15573.375
2024-06-22 21:00:00,25.6667,25.7768,25.6016,25.6458,9599.075
2024-06-22 22:00:00,25.6458,25.7058,25.5743,25.6549,4498.666
2024-06-22 23:00:00,25.6549,25.7018,25.5251,25.6248,5205.979
2024-06-23 00:00:00,25.6248,25.8028,25.5568,25.7288,7101.115
2024-06-23 01:00:00,25.7288,25.9708,25.7058,25.8818,7670.525
2024-06-23 02:00:00,25.8818,25.9088,25.7248,25.8318,14015.544
2024-06-23 03:00:00,25.8318,26.0168,25.7628,25.9888,10762.387
2024-06-23 04:00:00,25.9888,25.9948,25.8247,25.8388,2647.829
2024-06-23 05:00:00,25.8388,25.9223,25.7267,25.7498,3867.913
2024-06-23 06:00:00,25.7498,25.8426,25.691,25.7398,8976.428
2024-06-23 07:00:00,25.7398,25.8237,25.7253,25.8048,3395.948
2024-06-23 08:00:00,25.8048,25.8778,25.7418,25.8218,3935.276
2024-06-23 09:00:00,25.8218,25.8778,25.6769,25.7288,5690.002
2024-06-23 10:00:00,25.7288,25.7498,25.3718,25.3808,22175.775
2024-06-23 11:00:00,25.3808,25.4051,25.2381,25.3958,10305.153
2024-06-23 12:00:00,25.3958,25.3968,25.2429,25.3308,5055.977
2024-06-23 13:00:00,25.3308,25.3613,24.5638,24.6598,52202.349
2024-06-23 14:00:00,24.6598,24.6598,24.2723,24.4008,59768.049
2024-06-23 15:00:00,24.4008,24.536,24.1153,24.4042,59287.093
2024-06-23 16:00:00,24.4042,24.4678,24.1178,24.2258,48193.027
2024-06-23 17:00:00,24.2258,24.6374,24.1788,24.5228,35600.683
2024-06-23 18:00:00,24.5228,25.33,24.5078,25.0568,123796.748
2024-06-23 19:00:00,25.0568,25.2398,25.0074,25.2018,30989.299
2024-06-23 20:00:00,25.2018,25.2605,24.5578,25.1278,37636.745
2024-06-23 21:00:00,25.1278,25.2051,24.8283,25.1698,19251.001
2024-06-23 22:00:00,25.1698,25.6131,25.1208,25.1538,57936.938
2024-06-23 23:00:00,25.1538,25.1848,24.9868,25.0808,10109.854
2024-06-24 00:00:00,25.0808,25.1958,24.9929,25.0738,8053.683
2024-06-24 01:00:00,25.0738,25.2508,24.8238,24.9783,15074.706
2024-06-24 02:00:00,24.9783,25.0398,24.5374,24.7608,16388.65
2024-06-24 03:00:00,24.7608,25.0989,24.7518,24.8567,14211.3
2024-06-24 04:00:00,24.8567,24.9188,24.7178,24.8288,10592.202
2024-06-24 05:00:00,24.8288,24.8608,24.0935,24.1848,34979.853
2024-06-24 06:00:00,24.1848,24.5169,24.1748,24.5128,18715.468
2024-06-24 07:00:00,24.5128,24.519,24.2168,24.2748,21401.183
2024-06-24 08:00:00,24.2748,24.88,24.0867,24.725,34416.072
2024-06-24 09:00:00,24.725,24.8148,23.5366,24.5258,100262.844
2024-06-24 10:00:00,24.5258,24.9799,24.4888,24.6258,40809.161
2024-06-24 11:00:00,24.6258,24.7098,24.1709,24.4938,19556.458
2024-06-24 12:00:00,24.4938,24.987,24.4208,24.8589,28662.561
2024-06-24 13:00:00,24.8589,25.0618,24.4558,24.8928,34531.472
2024-06-24 14:00:00,24.8928,24.9778,24.3419,24.4778,29580.449
2024-06-24 15:00:00,24.4778,24.5028,23.7555,23.9148,48373.49
2024-06-24 16:00:00,23.9148,24.3098,23.8208,24.1928,51037.842
2024-06-24 17:00:00,24.1928,24.5,23.971,24.1668,46054.348
2024-06-24 18:00:00,24.1668,24.3151,23.8759,24.2638,20504.415
2024-06-24 19:00:00,24.2638,24.3043,23.6951,23.8608,30436.892
2024-06-24 20:00:00,23.8608,24.2278,23.5013,24.2008,64720.679
2024-06-24 21:00:00,24.2008,24.7241,24.1938,24.7238,33928.177
2024-06-24 22:00:00,24.7238,24.7688,24.5569,24.6208,16696.13
2024-06-24 23:00:00,24.6208,25.0,24.6208,24.7858,33552.434
2024-06-25 00:00:00,24.7858,24.9018,24.6038,24.7688,19050.336
2024-06-25 01:00:00,24.7688,24.8958,24.6838,24.8728,25002.565
2024-06-25 02:00:00,24.8728,25.0363,24.7318,24.9698,10679.941
2024-06-25 03:00:00,24.9698,25.4125,24.9398,25.1708,22460.744
2024-06-25 04:00:00,25.1708,25.3348,25.0542,25.3028,11712.004
2024-06-25 05:00:00,25.3028,25.3592,25.0518,25.0838,13663.325
2024-06-25 06:00:00,25.0838,25.2398,25.0183,25.2218,5446.443
2024-06-25 07:00:00,25.2218,25.3558,25.0627,25.1108,8611.252
2024-06-25 08:00:00,25.1108,25.1448,24.8472,24.9198,26851.355
2024-06-25 09:00:00,24.9198,25.3838,24.8664,25.2948,19733.685
2024-06-25 10:00:00,25.2948,25.3458,25.1891,25.2688,12038.672
2024-06-25 11:00:00,25.2688,25.304,25.1098,25.2128,12259.462
2024-06-25 12:00:00,25.2128,25.3158,25.0798,25.2198,11246.95
2024-06-25 13:00:00,25.2198,25.3778,25.1168,25.2478,27327.671
2024-06-25 14:00:00,25.2478,25.7828,25.2189,25.5508,31113.27
2024-06-25 15:00:00,25.5508,25.7398,25.3748,25.6298,19827.219
2024-06-25 16:00:00,25.6298,25.6558,25.2863,25.3278,11599.243
2024-06-25 17:00:00,25.3278,25.4158,25.2405,25.2678,7881.16
2024-06-25 18:00:00,25.2678,25.6318,25.2353,25.5738,15322.088
2024-06-25 19:00:00,25.5738,25.6658,25.4409,25.5251,17226.089
2024-06-25 20:00:00,25.5251,25.5758,25.4298,25.4558,5447.28
2024-06-25 21:00:00,25.4558,25.498,25.4004,25.4258,9477.782
2024-06-25 22:00:00,25.4258,25.5898,25.4224,25.5041,7484.917
2024-06-25 23:00:00,25.5041,25.5078,25.3178,25.3998,4703.919
2024-06-26 00:00:00,25.3998,25.4578,25.2802,25.3098,5070.333
2024-06-26 01:00:00,25.3098,25.8331,25.2768,25.7328,20029.712
2024-06-26 02:00:00,25.7328,25.8275,25.5378,25.5528,17642.314
2024-06-26 03:00:00,25.5528,25.6108,25.3528,25.4368,12923.191
2024-06-26 04:00:00,25.4368,25.5028,25.3074,25.3074,12231.706
2024-06-26 05:00:00,25.3074,25.7498,25.3025,25.5478,28104.285
2024-06-26 06:00:00,25.5478,25.8068,25.536,25.7878,14000.067
2024-06-26 07:00:00,25.7878,26.0281,25.7228,26.0231,30338.279
2024-06-26 08:00:00,26.0231,26.0578,25.6048,25.8208,15536.706
2024-06-26 09:00:00,25.8208,26.1008,25.7278,25.9708,44247.405
2024-06-26 10:00:00,25.9708,26.0788,25.8018,26.0718,28613.27
2024-06-26 11:00:00,26.0718,26.2329,25.9843,26.0578,37789.566
2024-06-26 12:00:00,26.0578,26.2148,25.805,25.9859,74504.342
2024-06-26 13:00:00,25.9859,26.2225,25.826,26.1058,37014.934
2024-06-26 14:00:00,26.1058,26.2028,25.8698,26.0004,23671.401
2024-06-26 15:00:00,26.0004,26.0248,25.77,25.9638,19845.013
2024-06-26 16:00:00,25.9638,26.0498,25.7558,25.8248,16093.342
2024-06-26 17:00:00,25.8248,26.0888,25.5601,26.0719,47293.68
2024-06-26 18:00:00,26.0719,26.0795,25.8828,26.0198,13941.794
2024-06-26 19:00:00,26.0198,26.5786,25.9528,26.5229,51313.464
2024-06-26 20:00:00,26.5229,26.6537,26.2138,26.3036,17555.452
2024-06-26 21:00:00,26.3036,26.3685,26.1689,26.2128,6519.568
2024-06-26 22:00:00,26.2128,26.2205,25.9678,26.0228,21459.182
2024-06-26 23:00:00,26.0228,26.0638,25.7943,25.8159,4980.118
2024-06-27 00:00:00,25.8159,25.8818,25.6478,25.7029,7897.163
2024-06-27 01:00:00,25.7029,25.7029,25.4198,25.4288,7340.345
2024-06-27 02:00:00,25.4288,25.5488,25.3488,25.4458,5471.262
2024-06-27 03:00:00,25.4458,25.7348,25.3678,25.6428,11554.83
2024-06-27 04:00:00,25.6428,25.8726,25.6358,25.7698,12560.962
2024-06-27 05:00:00,25.7698,25.8218,25.5368,25.5558,11061.496
2024-06-27 06:00:00,25.5558,25.9799,25.4909,25.9458,13055.212
2024-06-27 07:00:00,25.9458,26.1666,25.8208,26.0578,25039.09
2024-06-27 08:00:00,26.0578,26.0977,25.9228,25.9928,18027.771
2024-06-27 09:00:00,25.9928,26.7811,25.9888,26.6985,65727.538
2024-06-27 10:00:00,26.6985,26.8499,26.6215,26.6369,23008.931
2024-06-27 11:00:00,26.6369,26.7183,26.5312,26.5918,15662.59
2024-06-27 12:00:00,26.5918,26.9938,26.5599,26.7579,42719.892
2024-06-27 13:00:00,26.7579,27.5225,26.7348,27.4641,69448.316
2024-06-27 14:00:00,27.4641,27.8624,27.408,27.5664,38877.867
2024-06-27 15:00:00,27.5664,27.9351,27.5037,27.8271,32910.704
2024-06-27 16:00:00,27.8271,27.9998,27.7543,27.8381,29888.079
2024-06-27 17:00:00,27.8381,28.1725,27.8249,28.057,30699.365
2024-06-27 18:00:00,28.057,28.3782,27.9613,28.1219,35261.759
2024-06-27 19:00:00,28.1219,28.134,27.8553,28.0867,30986.322
2024-06-27 20:00:00,28.0867,28.1615,27.947,28.0416,11940.854
2024-06-27 21:00:00,28.0416,28.0911,27.8854,27.9283,10756.457
2024-06-27 22:00:00,27.9283,28.0592,27.9107,28.0042,8276.728
2024-06-27 23:00:00,28.0042,28.046,27.8377,27.9162,7428.404
2024-06-28 00:00:00,27.9162,28.032,27.771,27.7864,8787.668
2024-06-28 01:00:00,27.7864,28.1593,27.6661,27.9778,16541.295
2024-06-28 02:00:00,27.9778,28.0812,27.8301,27.9481,11492.747
2024-06-28 03:00:00,27.9481,28.0691,27.8601,27.98,4575.07
2024-06-28 04:00:00,27.98,28.0966,27.8645,28.0768,6216.125
2024-06-28 05:00:00,28.0768,28.1076,27.9167,27.9954,5689.841
2024-06-28 06:00:00,27.9954,28.2253,27.9536,28.1791,10626.861
2024-06-28 07:00:00,28.1791,28.2693,27.9734,28.1384,14136.641
2024-06-28 08:00:00,28.1384,28.1695,27.8747,28.0218,11518.214
2024-06-28 09:00:00,28.0218,28.4783,27.9284,28.3529,24007.538
2024-06-28 10:00:00,28.3529,28.6466,28.2264,28.5707,38393.192
2024-06-28 11:00:00,28.5707,28.6741,28.3793,28.5949,18983.252
2024-06-28 12:00:00,28.5949,28.9814,28.5872,28.7071,49713.329
2024-06-28 13:00:00,28.7071,29.0896,28.3947,28.4607,37477.317
2024-06-28 14:00:00,28.4607,28.6722,28.0945,28.2176,36068.127
2024-06-28 15:00:00,28.2176,28.6087,28.1494,28.3474,40242.356
2024-06-28 16:00:00,28.3474,28.66,28.1241,28.3925,46757.234
2024-06-28 17:00:00,28.3925,28.4,28.0603,28.1901,20678.341
2024-06-28 18:00:00,28.1901,28.2091,27.9397,28.1219,18667.711
2024-06-28 19:00:00,28.1219,28.2319,27.8664,28.112,25666.599
2024-06-28 20:00:00,28.112,28.3225,28.0889,28.1043,13357.087
2024-06-28 21:00:00,28.1043,28.1076,27.8207,28.0317,12635.371
2024-06-28 22:00:00,28.0317,28.1212,27.8711,28.0647,6428.39
2024-06-28 23:00:00,28.0647,28.0812,27.8982,27.9547,12051.446
2024-06-29 00:00:00,27.9547,28.3474,27.9547,28.2737,24938.94
2024-06-29 01:00:00,28.2737,28.3485,28.2176,28.321,15710.02
2024-06-29 02:00:00,28.321,28.3971,28.2007,28.3144,16495.622
2024-06-29 03:00:00,28.3144,28.5,28.2365,28.3925,23101.579
2024-06-29 04:00:00,28.3925,28.4354,28.2726,28.4057,9747.844
2024-06-29 05:00:00,28.4057,28.6411,28.3287,28.5751,28008.668
2024-06-29 06:00:00,28.5751,28.6742,28.4261,28.4948,23614.865
2024-06-29 07:00:00,28.4948,28.5586,28.389,28.4112,13899.26
2024-06-29 08:00:00,28.4112,28.4233,28.2506,28.2715,8804.43
2024-06-29 09:00:00,28.2715,28.3004,28.1681,28.2341,5556.22
2024-06-29 10:00:00,28.2341,28.2495,28.02,28.0756,10919.423
2024-06-29 11:00:00,28.0756,28.145,28.0119,28.1175,11075.693
2024-06-29 12:00:00,28.1175,28.1351,27.7677,27.8139,9091.768
2024-06-29 13:00:00,27.8139,27.9488,27.77,27.7853,18247.177
2024-06-29 14:00:00,27.7853,27.8172,27.5711,27.6478,11401.901
2024-06-29 15:00:00,27.6478,27.9092,27.6192,27.771,25614.94
2024-06-29 16:00:00,27.771,27.8645,27.7358,27.8579,5698.705
2024-06-29 17:00:00,27.8579,27.9481,27.7534,27.9184,15538.369
2024-06-29 18:00:00,27.9184,27.936,27.8226,27.8392,3096.327
2024-06-29 19:00:00,27.8392,27.9294,27.7226,27.9052,6590.154
2024-06-29 20:00:00,27.9052,27.9802,27.7787,27.8271,5483.08
2024-06-29 21:00:00,27.8271,27.951,27.8216,27.859,4862.331
2024-06-29 22:00:00,27.859,27.8854,27.6963,27.7369,7034.683
2024-06-29 23:00:00,27.7369,27.8854,27.727,27.7677,4666.253
2024-06-30 00:00:00,27.7677,27.9293,27.6635,27.7589,6474.23
2024-06-30 01:00:00,27.7589,27.8029,27.5272,27.6137,11405.921
2024-06-30 02:00:00,27.6137,27.6761,27.408,27.5129,18430.808
2024-06-30 03:00:00,27.5129,27.7842,27.5021,27.705,5765.228
2024-06-30 04:00:00,27.705,27.81,27.628,27.8018,5391.738
2024-06-30 05:00:00,27.8018,27.9206,27.7387,27.8645,4967.784
2024-06-30 06:00:00,27.8645,28.2055,27.8546,28.1758,12811.416
2024-06-30 07:00:00,28.1758,28.7892,28.1593,28.2836,29550.257
2024-06-30 08:00:00,28.2836,28.3815,28.1032,28.3521,15077.57
2024-06-30 09:00:00,28.3521,28.5239,28.3056,28.3573,12414.324
2024-06-30 10:00:00,28.3573,28.552,28.2979,28.3333,6986.211
2024-06-30 11:00:00,28.3333,28.4771,28.2884,28.4079,8394.68
2024-06-30 12:00:00,28.4079,28.4485,28.0977,28.1978,21518.608
2024-06-30 13:00:00,28.1978,28.3738,28.1461,28.2825,5945.002
2024-06-30 14:00:00,28.2825,28.3155,27.9234,27.9305,14451.938
2024-06-30 15:00:00,27.9305,28.1234,27.8854,28.0614,17439.255
2024-06-30 16:00:00,28.0614,28.1394,27.9188,27.9602,6529.398
2024-06-30 17:00:00,27.9602,28.167,27.914,27.9734,9856.667
2024-06-30 18:00:00,27.9734,28.309,27.9415,28.3012,17124.482
2024-06-30 19:00:00,28.3012,28.5481,28.1933,28.5058,14882.078
2024-06-30 20:00:00,28.5058,29.155,28.5058,28.6125,47827.459
2024-06-30 21:00:00,28.6125,28.7004,28.3232,28.4497,14793.693
2024-06-30 22:00:00,28.4497,29.4436,28.4497,29.4256,32620.493
2024-06-30 23:00:00,29.4256,29.5938,29.2891,29.3656,27453.97
2024-07-01 00:00:00,29.3656,29.74,29.2048,29.6668,29958.936
2024-07-01 01:00:00,29.6668,29.8636,29.5972,29.7856,24483.678
2024-07-01 02:00:00,29.7856,29.848,29.5612,29.68,14063.546
2024-07-01 03:00:00,29.68,29.9856,29.6642,29.9676,13226.801
2024-07-01 04:00:00,29.9676,29.9824,29.7425,29.7628,7538.865
2024-07-01 05:00:00,29.7628,29.92,29.7484,29.7963,6943.751
2024-07-01 06:00:00,29.7963,29.8195,29.5781,29.764,10378.857
2024-07-01 07:00:00,29.764,29.9183,29.7352,29.7424,7939.46
2024-07-01 08:00:00,29.7424,29.9488,29.6908,29.9344,13806.308
2024-07-01 09:00:00,29.9344,30.12,29.8276,29.9356,18128.016
2024-07-01 10:00:00,29.9356,30.0376,29.8084,30.0232,14590.274
2024-07-01 11:00:00,30.0232,30.1132,29.6416,29.6884,29702.459
2024-07-01 12:00:00,29.6884,29.854,29.6024,29.6968,11324.9
2024-07-01 13:00:00,29.6968,30.0437,29.4422,29.533,32155.955
2024-07-01 14:00:00,29.533,29.8664,29.3554,29.7605,34971.07
2024-07-01 15:00:00,29.7605,30.0085,29.6781,29.8394,26480.368
2024-07-01 16:00:00,29.8394,29.952,29.6272,29.7076,22399.858
2024-07-01 17:00:00,29.7076,29.8693,29.6464,29.8219,10936.637
2024-07-01 18:00:00,29.8219,29.9603,29.6608,29.6692,34245.811
2024-07-01 19:00:00,29.6692,29.772,29.4,29.5204,23566.098
2024-07-01 20:00:00,29.5204,29.5756,29.4232,29.4347,8469.687
2024-07-01 21:00:00,29.4347,29.4916,29.2089,29.272,25598.566
2024-07-01 22:00:00,29.272,29.272,28.872,28.9348,59080.116
2024-07-01 23:00:00,28.9348,29.0634,28.804,28.8148,45767.915
2024-07-02 00:00:00,28.8148,28.9084,28.6708,28.7346,44371.543
2024-07-02 01:00:00,28.7346,28.7759,28.5828,28.6774,12098.622
2024-07-02 02:00:00,28.6774,28.7258,28.4867,28.6169,10768.793
2024-07-02 03:00:00,28.6169,28.7302,28.5216,28.6191,11129.497
2024-07-02 04:00:00,28.6191,28.7115,28.5443,28.5597,8567.672
2024-07-02 05:00:00,28.5597,28.6235,28.4563,28.5069,5411.779
2024-07-02 06:00:00,28.5069,28.5322,28.2308,28.3023,13220.128
2024-07-02 07:00:00,28.3023,28.3175,28.091,28.1934,15031.841
2024-07-02 08:00:00,28.1934,28.3111,28.1241,28.2528,9275.53
2024-07-02 09:00:00,28.2528,28.4251,28.2418,28.299,6129.095
2024-07-02 10:00:00,28.299,28.4464,28.2429,28.3496,9814.794
2024-07-02 11:00:00,28.3496,28.422,28.2381,28.2715,12018.094
2024-07-02 12:00:00,28.2715,28.4497,28.1649,28.318,27791.687
2024-07-02 13:00:00,28.318,28.5575,28.2,28.301,29220.187
2024-07-02 14:00:00,28.301,28.4442,28.1337,28.2702,23514.214
2024-07-02 15:00:00,28.2702,28.4839,28.2462,28.3265,9297.093
2024-07-02 16:00:00,28.3265,28.344,28.1153,28.233,9800.197
2024-07-02 17:00:00,28.233,28.4288,28.1701,28.4266,8072.483
2024-07-02 18:00:00,28.4266,28.8532,28.4266,28.6675,33252.611
2024-07-02 19:00:00,28.6675,28.8208,28.662,28.7291,11952.349
2024-07-02 20:00:00,28.7291,28.8037,28.6037,28.6411,4367.658
2024-07-02 21:00:00,28.6411,28.6774,28.453,28.4629,8182.077
2024-07-02 22:00:00,28.4629,28.7776,28.3102,28.7291,17999.279
2024-07-02 23:00:00,28.7291,28.8064,28.6136,28.7192,9420.764
2024-07-03 00:00:00,28.7192,28.9732,28.7159,28.7896,12553.178
2024-07-03 01:00:00,28.7896,28.9084,28.4547,28.4882,25554.307
2024-07-03 02:00:00,28.4882,28.58,28.258,28.464,20122.118
2024-07-03 03:00:00,28.464,28.4935,27.8559,28.1518,34158.407
2024-07-03 04:00:00,28.1518,28.2143,27.8861,27.98,19203.026
2024-07-03 05:00:00,27.98,28.1179,27.9294,28.1065,6733.646
2024-07-03 06:00:00,28.1065,28.1527,27.9954,28.0614,7407.259
2024-07-03 07:00:00,28.0614,28.0614,27.8282,27.8436,10736.041
2024-07-03 08:00:00,27.8436,27.9052,27.551,27.6214,24387.904
2024-07-03 09:00:00,27.6214,27.771,27.5554,27.6477,12234.245
2024-07-03 10:00:00,27.6477,27.6477,27.047,27.2804,46113.666
2024-07-03 11:00:00,27.2804,27.3904,27.1374,27.3376,12789.713
2024-07-03 12:00:00,27.3376,27.3385,26.88,26.946,30818.47
2024-07-03 13:00:00,26.946,27.3065,26.8696,27.2357,26137.722
2024-07-03 14:00:00,27.2357,27.29,26.8358,26.87,14014.568
2024-07-03 15:00:00,26.87,27.0373,26.6043,26.9163,30666.907
2024-07-03 16:00:00,26.9163,27.0725,26.8558,26.9746,29113.552
2024-07-03 17:00:00,26.9746,26.9867,26.7325,26.816,10898.884
2024-07-03 18:00:00,26.816,27.0633,26.7418,26.9922,16252.093
2024-07-03 19:00:00,26.9922,27.0288,26.1885,26.5159,36885.57
2024-07-03 20:00:00,26.5159,26.7029,26.4917,26.5126,7654.45
2024-07-03 21:00:00,26.5126,26.8557,26.4427,26.7898,8162.846
2024-07-03 22:00:00,26.7898,26.8514,26.5819,26.6347,6054.045
2024-07-03 23:00:00,26.6347,26.6501,26.4808,26.5093,6637.665
2024-07-04 00:00:00,26.5093,26.7029,26.4805,26.5588,8140.932
2024-07-04 01:00:00,26.5588,26.616,25.5258,25.7358,50791.782
2024-07-04 02:00:00,25.7358,26.2727,25.4119,26.1808,34204.666
2024-07-04 03:00:00,26.1808,26.2619,26.0118,26.2188,3793.584
2024-07-04 04:00:00,26.2188,26.2198,25.9823,26.0218,13902.174
2024-07-04 05:00:00,26.0218,26.0488,25.9708,26.0028,4336.881
2024-07-04 06:00:00,26.0028,26.0028,25.6988,25.8148,10566.577
2024-07-04 07:00:00,25.8148,25.8588,25.5077,25.5858,10695.486
2024-07-04 08:00:00,25.5858,26.0908,23.28,25.9358,47182.924
2024-07-04 09:00:00,25.9358,25.9828,25.6728,25.9258,12484.162
2024-07-04 10:00:00,25.9258,25.966,25.747,25.9529,12235.31
2024-07-04 11:00:00,25.9529,25.9838,25.8298,25.8758,3383.306
2024-07-04 12:00:00,25.8758,25.9008,25.1048,25.1258,25726.918
2024-07-04 13:00:00,25.1258,25.5885,24.8408,25.4778,45712.221
2024-07-04 14:00:00,25.4778,25.6068,25.1557,25.3348,27264.542
2024-07-04 15:00:00,25.3348,25.6828,25.2078,25.6158,9046.092
2024-07-04 16:00:00,25.6158,25.6689,25.3279,25.5691,28927.65
2024-07-04 17:00:00,25.5691,25.6628,25.5068,25.5818,14736.717
2024-07-04 18:00:00,25.5818,25.6028,25.3715,25.4508,9174.167
2024-07-04 19:00:00,25.4508,25.7098,25.4318,25.4568,4991.27
2024-07-04 20:00:00,25.4568,25.5058,25.3614,25.4638,4910.188
2024-07-04 21:00:00,25.4638,25.6091,25.3628,25.4418,5943.653
2024-07-04 22:00:00,25.4418,25.4489,24.9768,24.9768,12852.828
2024-07-04 23:00:00,24.9768,24.9888,24.2891,24.4428,48713.961
2024-07-05 00:00:00,24.4428,24.469,23.3379,24.1498,121047.553
2024-07-05 01:00:00,24.1498,24.2481,23.3782,23.9248,16363.118
2024-07-05 02:00:00,23.9248,23.9248,21.95,22.2855,86344.408
2024-07-05 03:00:00,22.2855,22.649,21.8,22.268,152679.05
2024-07-05 04:00:00,22.268,23.0575,21.8187,22.7727,82474.752
2024-07-05 05:00:00,22.7727,23.016,22.6818,22.9599,31754.057
2024-07-05 06:00:00,22.9599,23.1052,22.7839,22.9963,30639.079
2024-07-05 07:00:00,22.9963,23.35,22.9476,23.2094,45396.168
2024-07-05 08:00:00,23.2094,23.2448,22.6763,22.7308,50810.937
2024-07-05 09:00:00,22.7308,23.4478,22.6295,23.3622,36163.744
2024-07-05 10:00:00,23.3622,23.9341,23.2793,23.8221,22874.842
2024-07-05 11:00:00,23.8221,24.3938,23.8177,24.366,20466.829
2024-07-05 12:00:00,24.366,24.9976,24.1709,24.1793,46864.101
2024-07-05 13:00:00,24.1793,25.076,24.151,24.8372,37139.309
2024-07-05 14:00:00,24.8372,24.8972,24.4232,24.7196,11971.871
2024-07-05 15:00:00,24.7196,25.1463,24.6281,24.9786,36452.99
2024-07-05 16:00:00,24.9786,25.19,24.7129,24.7947,21594.586
2024-07-05 17:00:00,24.7947,24.9958,24.6305,24.9504,54015.179
2024-07-05 18:00:00,24.9504,25.1305,24.7555,25.1019,15391.317
2024-07-05 19:00:00,25.1019,25.1676,24.9696,25.0401,7690.076
2024-07-05 20:00:00,25.0401,25.1369,24.9582,25.1361,10671.252
2024-07-05 21:00:00,25.1361,25.3593,25.0661,25.1826,25450.475
2024-07-05 22:00:00,25.1826,25.432,25.0492,25.1218,17245.102
2024-07-05 23:00:00,25.1218,25.3092,25.0727,25.1176,6321.246
2024-07-06 00:00:00,25.1176,25.7524,24.9781,25.2198,21573.698
2024-07-06 01:00:00,25.2198,25.2406,24.8593,25.0738,8478.796
2024-07-06 02:00:00,25.0738,25.2084,24.9205,25.1565,12391.964
2024-07-06 03:00:00,25.1565,25.1841,25.0229,25.0857,5921.889
2024-07-06 04:00:00,25.0857,25.2836,25.0608,25.1578,4183.934
2024-07-06 05:00:00,25.1578,25.42,25.1225,25.3287,7176.715
2024-07-06 06:00:00,25.3287,25.9315,25.2792,25.5988,23817.249
2024-07-06 07:00:00,25.5988,25.8549,25.548,25.5753,8485.275
2024-07-06 08:00:00,25.5753,25.5753,25.3614,25.4362,3764.665
2024-07-06 09:00:00,25.4362,25.6677,25.3115,25.6671,6605.299
2024-07-06 10:00:00,25.6671,25.9423,25.6075,25.7771,6746.362
2024-07-06 11:00:00,25.7771,25.8704,25.674,25.7514,6149.848
2024-07-06 12:00:00,25.7514,25.8806,25.6359,25.7854,5146.602
2024-07-06 13:00:00,25.7854,26.1448,25.6903,25.9331,14314.74
2024-07-06 14:00:00,25.9331,26.0546,25.5695,25.7755,18140.34
2024-07-06 15:00:00,25.7755,26.3234,25.7214,26.0038,25026.406
2024-07-06 16:00:00,26.0038,26.5805,25.8673,26.5345,11808.616
2024-07-06 17:00:00,26.5345,26.9979,26.5078,26.9122,25530.608
2024-07-06 18:00:00,26.9122,27.0543,26.7895,26.9214,6642.382
2024-07-06 19:00:00,26.9214,27.1378,26.9214,27.057,5094.599
2024-07-06 20:00:00,27.057,27.3158,27.0481,27.2761,6157.223
2024-07-06 21:00:00,27.2761,27.6221,27.2364,27.2429,11198.388
2024-07-06 22:00:00,27.2429,27.494,27.1938,27.4582,9749.551
2024-07-06 23:00:00,27.4582,27.5213,27.3434,27.4098,6965.687
2024-07-07 00:00:00,27.4098,27.4828,27.0604,27.0604,8050.941
2024-07-07 01:00:00,27.0604,27.0913,26.5534,26.7988,22887.837
2024-07-07 02:00:00,26.7988,26.9999,26.6968,26.8722,12054.59
2024-07-07 03:00:00,26.8722,26.8727,26.6259,26.7628,5160.226
2024-07-07 04:00:00,26.7628,26.8783,26.4635,26.6021,16150.917
2024-07-07 05:00:00,26.6021,26.8176,26.4412,26.7163,4591.443
2024-07-07 06:00:00,26.7163,26.8929,26.5874,26.6889,10937.557
2024-07-07 07:00:00,26.6889,26.7793,26.243,26.4047,12259.173
2024-07-07 08:00:00,26.4047,26.4936,26.2675,26.4269,5471.364
2024-07-07 09:00:00,26.4269,26.6646,26.3876,26.6313,3456.283
2024-07-07 10:00:00,26.6313,26.7413,26.4164,26.4164,2884.24
2024-07-07 11:00:00,26.4164,26.4511,26.2868,26.3436,7608.415
2024-07-07 12:00:00,26.3436,26.4427,26.1081,26.2283,4492.238
2024-07-07 13:00:00,26.2283,26.2283,25.674,25.7658,22171.249
2024-07-07 14:00:00,25.7658,25.77,25.4699,25.7028,10423.45
2024-07-07 15:00:00,25.7028,25.9806,25.6503,25.8737,5206.775
2024-07-07 16:00:00,25.8737,26.1541,25.7936,26.1155,4515.812
2024-07-07 17:00:00,26.1155,26.3254,25.9694,26.2389,12019.146
2024-07-07 18:00:00,26.2389,26.428,26.1162,26.1645,4239.578
2024-07-07 19:00:00,26.1645,26.1678,25.7751,26.0904,13894.327
2024-07-07 20:00:00,26.0904,26.2,25.92,26.0175,6409.09
2024-07-07 21:00:00,26.0175,26.0175,25.464,25.8824,10992.717
2024-07-07 22:00:00,25.8824,26.0088,25.7033,25.7203,7879.653
2024-07-07 23:00:00,25.7203,25.9263,25.5573,25.7393,14177.414
2024-07-08 00:00:00,25.7393,25.8953,24.9193,25.0272,37621.626
2024-07-08 01:00:00,25.0272,25.102,24.3681,25.0226,58607.041
2024-07-08 02:00:00,25.0226,25.5717,24.8931,25.5068,22417.948
2024-07-08 03:00:00,25.5068,25.625,25.0383,25.18,14857.335
2024-07-08 04:00:00,25.18,25.77,25.0956,25.7337,9776.381
2024-07-08 05:00:00,25.7337,25.9143,25.4811,25.6329,10753.576
2024-07-08 06:00:00,25.6329,25.981,25.5276,25.7542,8274.762
2024-07-08 07:00:00,25.7542,25.7542,25.4779,25.6354,11446.002
2024-07-08 08:00:00,25.6354,27.0052,25.5838,26.96,31393.248
2024-07-08 09:00:00,26.96,27.2219,26.5694,26.6519,23151.811
2024-07-08 10:00:00,26.6519,26.9912,26.4918,26.5705,10076.776
2024-07-08 11:00:00,26.5705,27.122,26.5675,26.9436,12027.279
2024-07-08 12:00:00,26.9436,27.0731,26.6844,26.817,13040.682
2024-07-08 13:00:00,26.817,26.9775,26.5283,26.8244,15657.045
2024-07-08 14:00:00,26.8244,26.9654,25.5,26.2023,46699.922
2024-07-08 15:00:00,26.2023,26.5337,25.8705,25.8988,14490.42
2024-07-08 16:00:00,25.8988,26.1074,25.5692,25.8485,9095.091
2024-07-08 17:00:00,25.8485,26.0191,25.69,25.9089,9928.857
2024-07-08 18:00:00,25.9089,25.9222,25.5742,25.7122,10591.008
2024-07-08 19:00:00,25.7122,25.7528,25.3549,25.4007,15123.817
2024-07-08 20:00:00,25.4007,25.5484,25.2204,25.3734,11736.54
2024-07-08 21:00:00,25.3734,25.5198,25.2312,25.2881,9471.762
2024-07-08 22:00:00,25.2881,25.4795,25.2404,25.3488,11531.148
2024-07-08 23:00:00,25.3488,25.4687,25.1996,25.2127,8660.645
2024-07-09 00:00:00,25.2127,25.2127,24.8426,24.977,23028.497
2024-07-09 01:00:00,24.977,25.4687,24.7679,24.9079,31148.395
2024-07-09 02:00:00,24.9079,25.3065,24.707,25.2984,17037.178
2024-07-09 03:00:00,25.2984,25.3483,25.0463,25.2242,6290.493
2024-07-09 04:00:00,25.2242,25.5533,25.2,25.4503,11932.746
2024-07-09 05:00:00,25.4503,25.5864,25.3407,25.5709,10182.549
2024-07-09 06:00:00,25.5709,25.9597,25.4366,25.9043,18254.111
2024-07-09 07:00:00,25.9043,26.0776,25.5506,25.6358,16896.349
2024-07-09 08:00:00,25.6358,26.0501,25.4598,25.7761,17815.594
2024-07-09 09:00:00,25.7761,25.8335,25.6335,25.6346,6681.049
2024-07-09 10:00:00,25.6346,25.7898,25.5089,25.5349,11051.737
2024-07-09 11:00:00,25.5349,25.7151,25.434,25.6672,7831.358
2024-07-09 12:00:00,25.6672,25.7171,25.4676,25.5452,3800.754
2024-07-09 13:00:00,25.5452,25.6448,25.2979,25.4276,8214.57
2024-07-09 14:00:00,25.4276,25.9618,25.3106,25.3568,27436.412
2024-07-09 15:00:00,25.3568,25.5374,25.1526,25.5252,11666.272
2024-07-09 16:00:00,25.5252,25.7654,25.4645,25.6649,10492.727
2024-07-09 17:00:00,25.6649,25.77,25.4411,25.5278,3869.647
2024-07-09 18:00:00,25.5278,25.94,25.4595,25.8911,6949.028
2024-07-09 19:00:00,25.8911,26.1398,25.8911,26.1173,16015.625
2024-07-09 20:00:00,26.1173,26.3563,26.0969,26.1722,9947.484
2024-07-09 21:00:00,26.1722,26.5105,26.003,26.3426,17546.325
2024-07-09 22:00:00,26.3426,26.3768,26.1512,26.1835,6464.827
2024-07-09 23:00:00,26.1835,26.4707,26.1307,26.4359,7082.522
2024-07-10 00:00:00,26.4359,26.4421,26.0708,26.0898,9897.939
2024-07-10 01:00:00,26.0898,26.5332,26.0414,26.3065,9405.093
2024-07-10 02:00:00,26.3065,26.556,26.1522,26.4928,10010.15
2024-07-10 03:00:00,26.4928,26.8707,26.4928,26.8627,6732.31
2024-07-10 04:00:00,26.8627,27.4278,26.8627,27.267,31718.026
2024-07-10 05:00:00,27.267,27.4,27.0594,27.063,14249.053
2024-07-10 06:00:00,27.063,27.2708,27.0057,27.228,8489.4
2024-07-10 07:00:00,27.228,27.2412,26.7855,26.8569,8828.163
2024-07-10 08:00:00,26.8569,26.9147,26.6104,26.7649,6389.895
2024-07-10 09:00:00,26.7649,26.8686,26.5791,26.8142,11249.58
2024-07-10 10:00:00,26.8142,26.995,26.6881,26.8972,8960.138
2024-07-10 11:00:00,26.8972,26.9851,26.7526,26.8994,6633.868
2024-07-10 12:00:00,26.8994,26.9428,26.5049,26.7314,15630.352
2024-07-10 13:00:00,26.7314,26.7717,26.1559,26.3302,14175.154
2024-07-10 14:00:00,26.3302,26.4212,26.1019,26.189,6794.446
2024-07-10 15:00:00,26.189,26.5566,26.0852,26.307,10985.322
2024-07-10 16:00:00,26.307,26.65,26.2219,26.322,6651.558
2024-07-10 17:00:00,26.322,26.39,26.158,26.1962,4902.839
2024-07-10 18:00:00,26.1962,26.3088,26.0932,26.154,5462.496
2024-07-10 19:00:00,26.154,26.1737,26.0663,26.1317,5304.099
2024-07-10 20:00:00,26.1317,26.1836,25.9437,26.0021,6278.557
2024-07-10 21:00:00,26.0021,26.0021,25.7213,25.7578,3261.83
2024-07-10 22:00:00,25.7578,25.8019,25.6315,25.721,6722.873
2024-07-10 23:00:00,25.721,25.8448,25.6395,25.7553,6512.081
2024-07-11 00:00:00,25.7553,25.764,25.4795,25.6499,6132.876
2024-07-11 01:00:00,25.6499,25.8852,25.323,25.8482,12057.186
2024-07-11 02:00:00,25.8482,25.8868,25.5503,25.5547,9645.827
2024-07-11 03:00:00,25.5547,25.5803,25.1506,25.3345,11840.227
2024-07-11 04:00:00,25.3345,25.4576,25.2902,25.3737,2271.093
2024-07-11 05:00:00,25.3737,25.7599,25.3645,25.7334,5316.133
2024-07-11 06:00:00,25.7334,25.7919,25.5885,25.6276,1697.735
2024-07-11 07:00:00,25.6276,25.8704,25.6017,25.8429,3683.16
2024-07-11 08:00:00,25.8429,25.8956,25.5996,25.6169,6028.628
2024-07-11 09:00:00,25.6169,25.7856,25.6024,25.6995,3586.472
2024-07-11 10:00:00,25.6995,25.7754,25.5793,25.6929,7965.405
2024-07-11 11:00:00,25.6929,25.9648,25.6181,25.868,10134.584
2024-07-11 12:00:00,25.868,26.3708,25.7101,26.0479,40173.49
2024-07-11 13:00:00,26.0479,26.1263,25.6904,25.9201,15557.988
2024-07-11 14:00:00,25.9201,26.0329,25.4434,25.7176,11201.53
2024-07-11 15:00:00,25.7176,25.8098,23.5654,25.1325,43126.864
2024-07-11 16:00:00,25.1325,26.1662,25.0174,25.4564,56750.612
2024-07-11 17:00:00,25.4564,25.5913,25.3986,25.559,18927.471
2024-07-11 18:00:00,25.559,25.6947,25.5062,25.5534,9878.004
2024-07-11 19:00:00,25.5534,25.5534,25.2483,25.2516,4575.271
2024-07-11 20:00:00,25.2516,25.3929,25.1085,25.3352,8139.77
2024-07-11 21:00:00,25.3352,25.3359,25.0872,25.1912,4943.431
2024-07-11 22:00:00,25.1912,25.3719,25.0881,25.3016,10642.894
2024-07-11 23:00:00,25.3016,25.3297,25.116,25.1964,4904.5
2024-07-12 00:00:00,25.1964,25.4418,25.1313,25.2039,6365.488
2024-07-12 01:00:00,25.2039,25.3757,24.7827,25.3457,23167.035
2024-07-12 02:00:00,25.3457,25.6595,25.2526,25.5947,14982.807
2024-07-12 03:00:00,25.5947,25.6202,25.3993,25.4239,8196.328
2024-07-12 04:00:00,25.4239,25.4421,25.1104,25.2972,14663.202
2024-07-12 05:00:00,25.2972,25.3975,25.1989,25.2391,3287.886
2024-07-12 06:00:00,25.2391,25.4848,25.2154,25.391,6067.634
2024-07-12 07:00:00,25.391,25.4572,25.0787,25.2284,7320.943
2024-07-12 08:00:00,25.2284,25.2833,25.1478,25.2461,7753.711
2024-07-12 09:00:00,25.2461,25.2751,24.9261,25.0012,9166.524
2024-07-12 10:00:00,25.0012,25.0801,24.8408,25.0251,7624.911
2024-07-12 11:00:00,25.0251,25.1159,24.9551,25.0355,4048.309
2024-07-12 12:00:00,25.0355,25.2415,25.0092,25.1796,17832.773
2024-07-12 13:00:00,25.1796,25.6125,25.1715,25.5711,15192.578
2024-07-12 14:00:00,25.5711,25.6311,25.3392,25.4212,12126.953
2024-07-12 15:00:00,25.4212,26.4415,25.3681,25.6137,49485.655
2024-07-12 16:00:00,25.6137,25.7744,25.4667,25.7067,9077.185
2024-07-12 17:00:00,25.7067,25.8581,25.5537,25.5607,7539.359
2024-07-12 18:00:00,25.5607,25.9551,25.4057,25.7867,29124.379
2024-07-12 19:00:00,25.7867,25.8287,25.3714,25.4047,9376.851
2024-07-12 20:00:00,25.4047,25.7447,25.0997,25.6917,41508.956
2024-07-12 21:00:00,25.6917,25.7747,25.5547,25.6677,5133.22
2024-07-12 22:00:00,25.6677,26.1197,25.6107,25.9877,32481.018
2024-07-12 23:00:00,25.9877,26.0052,25.8487,25.9717,9245.504
2024-07-13 00:00:00,25.9717,26.0107,25.8267,25.9327,8144.357
2024-07-13 01:00:00,25.9327,25.9928,25.8666,25.9397,5208.594
2024-07-13 02:00:00,25.9397,25.9397,25.7507,25.913,9619.708
2024-07-13 03:00:00,25.913,26.0157,25.8577,25.9007,13368.939
2024-07-13 04:00:00,25.9007,25.9412,25.5981,25.6324,7113.704
2024-07-13 05:00:00,25.6324,25.7837,25.5997,25.7407,7778.118
2024-07-13 06:00:00,25.7407,25.8176,25.6237,25.6945,9750.772
2024-07-13 07:00:00,25.6945,25.8846,25.6577,25.8137,6767.318
2024-07-13 08:00:00,25.8137,26.1907,25.8117,25.8897,39572.913
2024-07-13 09:00:00,25.8897,26.2655,25.8717,26.2606,22012.586
2024-07-13 10:00:00,26.2606,26.3552,25.7607,25.8187,45726.287
2024-07-13 11:00:00,25.8187,25.8316,25.6897,25.7947,10344.938
2024-07-13 12:00:00,25.7947,26.0087,25.7107,25.9567,22063.395
2024-07-13 13:00:00,25.9567,25.9962,25.7317,25.8487,10150.879
2024-07-13 14:00:00,25.8487,25.8487,25.6827,25.7737,7893.504
2024-07-13 15:00:00,25.7737,26.3189,25.7387,26.1987,44896.262
2024-07-13 16:00:00,26.1987,26.2935,25.9254,25.9607,13051.847
2024-07-13 17:00:00,25.9607,26.0001,25.7473,25.8357,15562.127
2024-07-13 18:00:00,25.8357,25.8818,25.6942,25.8437,21222.472
2024-07-13 19:00:00,25.8437,26.0,25.8265,25.8357,15231.485
2024-07-13 20:00:00,25.8357,25.9521,25.7063,25.7207,11886.347
2024-07-13 21:00:00,25.7207,25.8117,25.6847,25.7667,21362.5
2024-07-13 22:00:00,25.7667,26.0787,25.5327,26.0447,20492.003
2024-07-13 23:00:00,26.0447,26.2017,25.7965,25.8537,22063.535
2024-07-14 00:00:00,25.8537,25.9957,25.6467,25.9497,40045.997
2024-07-14 01:00:00,25.9497,26.2,25.9359,26.0657,29790.967
2024-07-14 02:00:00,26.0657,26.1047,25.7587,25.9057,7550.921
2024-07-14 03:00:00,25.9057,26.0597,25.8757,25.9167,5430.195
2024-07-14 04:00:00,25.9167,26.2153,25.8907,25.9997,13828.276
2024-07-14 05:00:00,25.9997,26.2477,25.9097,26.2237,18775.593
2024-07-14 06:00:00,26.2237,26.2551,25.9577,26.0437,21155.44
2024-07-14 07:00:00,26.0437,26.0957,25.9677,26.0377,5917.52
2024-07-14 08:00:00,26.0377,26.2071,26.0377,26.1297,18394.18
2024-07-14 09:00:00,26.1297,26.4223,26.0975,26.2573,18506.291
2024-07-14 10:00:00,26.2573,26.3254,25.9787,25.9787,9414.248
2024-07-14 11:00:00,25.9787,25.9956,25.8662,25.9007,5617.176
2024-07-14 12:00:00,25.9007,26.0165,25.6002,25.7407,37926.712
2024-07-14 13:00:00,25.7407,26.0427,25.7097,25.9547,11752.058
2024-07-14 14:00:00,25.9547,26.046,25.7406,25.9467,32626.341
2024-07-14 15:00:00,25.9467,25.9966,25.7727,25.9157,6175.333
2024-07-14 16:00:00,25.9157,25.9617,25.8187,25.8837,4970.51
2024-07-14 17:00:00,25.8837,25.9037,25.7473,25.7942,3555.589
2024-07-14 18:00:00,25.7942,25.8347,25.7468,25.8027,2603.601
2024-07-14 19:00:00,25.8027,25.8027,25.6746,25.7087,4769.821
2024-07-14 20:00:00,25.7087,25.9137,25.6847,25.7877,13937.683
2024-07-14 21:00:00,25.7877,26.3607,25.7587,26.3552,18831.553
2024-07-14 22:00:00,26.3552,26.4828,26.2069,26.4267,22228.121
2024-07-14 23:00:00,26.4267,26.6742,26.2705,26.3477,53083.343
2024-07-15 00:00:00,26.3477,26.7423,26.2639,26.6082,17890.012
2024-07-15 01:00:00,26.6082,26.9228,26.5576,26.6203,32632.841
2024-07-15 02:00:00,26.6203,27.1171,26.5957,27.002,26712.232
2024-07-15 03:00:00,27.002,27.15,26.8535,26.9965,14407.467
2024-07-15 04:00:00,26.9965,27.0259,26.7216,26.8264,16136.255
2024-07-15 05:00:00,26.8264,26.8535,26.6749,26.782,12298.192
2024-07-15 06:00:00,26.782,27.031,26.7798,27.0042,12440.937
2024-07-15 07:00:00,27.0042,27.22,26.903,27.1329,26400.325
2024-07-15 08:00:00,27.1329,27.3419,26.9822,27.013,19095.076
2024-07-15 09:00:00,27.013,27.0218,26.7739,26.8682,13871.361
2024-07-15 10:00:00,26.8682,26.9503,26.6613,26.76,9539.659
2024-07-15 11:00:00,26.76,26.8183,26.5985,26.7743,8979.721
2024-07-15 12:00:00,26.7743,26.9954,26.7556,26.8491,7708.632
2024-07-15 13:00:00,26.8491,27.0229,26.7496,26.8799,13076.737
2024-07-15 14:00:00,26.8799,27.2122,26.8117,27.1912,24588.908
2024-07-15 15:00:00,27.1912,27.2814,26.8326,26.9327,33313.231
2024-07-15 16:00:00,26.9327,27.2484,26.8355,27.0592,32693.977
2024-07-15 17:00:00,27.0592,27.1417,26.8656,26.8881,13675.456
2024-07-15 18:00:00,26.8881,27.2011,26.8403,27.0878,12208.197
2024-07-15 19:00:00,27.0878,27.3705,26.9856,27.0713,24133.311
2024-07-15 20:00:00,27.0713,27.3232,27.0439,27.2418,10099.243
2024-07-15 21:00:00,27.2418,27.5102,27.2187,27.288,27663.858
2024-07-15 22:00:00,27.288,27.8931,27.2695,27.7346,50069.305
2024-07-15 23:00:00,27.7346,27.8699,27.5681,27.8292,37697.97
2024-07-16 00:00:00,27.8292,28.0283,27.5949,27.827,30633.579
2024-07-16 01:00:00,27.827,27.8759,27.5828,27.838,11943.284
2024-07-16 02:00:00,27.838,27.9715,27.7143,27.9513,17351.519
2024-07-16 03:00:00,27.9513,28.1053,27.8446,28.0547,26555.026
2024-07-16 04:00:00,28.0547,28.1119,27.7797,27.7806,13257.633
2024-07-16 05:00:00,27.7806,27.8149,26.9624,27.1387,23772.127
2024-07-16 06:00:00,27.1387,27.3313,26.6478,26.7567,22080.479
2024-07-16 07:00:00,26.7567,27.0757,26.6742,26.8546,16593.13
2024-07-16 08:00:00,26.8546,26.9991,26.4564,26.9635,27848.828
2024-07-16 09:00:00,26.9635,27.2176,26.8953,27.1725,13381.419
2024-07-16 10:00:00,27.1725,27.2957,27.09,27.1516,11971.152
2024-07-16 11:00:00,27.1516,27.3177,27.0295,27.2594,10872.953
2024-07-16 12:00:00,27.2594,27.3389,27.0295,27.0988,18550.262
2024-07-16 13:00:00,27.0988,27.7105,27.0207,27.3111,32346.26
2024-07-16 14:00:00,27.3111,27.7038,27.1725,27.6565,13249.742
2024-07-16 15:00:00,27.6565,28.5145,27.6345,28.4529,52738.357
2024-07-16 16:00:00,28.4529,29.192,28.1692,29.0786,63948.51
2024-07-16 17:00:00,29.0786,29.2529,28.8722,29.0474,31175.813
2024-07-16 18:00:00,29.0474,29.1435,28.69,28.8565,20343.135
2024-07-16 19:00:00,28.8565,28.9383,28.046,28.2263,53357.08
2024-07-16 20:00:00,28.2263,28.2903,28.0525,28.2197,15315.019
2024-07-16 21:00:00,28.2197,28.3671,28.1161,28.1999,7645.41
2024-07-16 22:00:00,28.1999,28.2362,27.8487,27.9315,13759.504
2024-07-16 23:00:00,27.9315,28.1383,27.8677,28.0086,8651.915
2024-07-17 00:00:00,28.0086,28.641,27.9539,28.4232,20510.105
2024-07-17 01:00:00,28.4232,28.9186,28.3918,28.6267,30443.533
2024-07-17 02:00:00,28.6267,28.8542,28.5213,28.6575,28181.628
2024-07-17 03:00:00,28.6575,28.805,28.3925,28.7978,18501.856
2024-07-17 04:00:00,28.7978,29.0229,28.5695,28.8962,17078.333
2024-07-17 05:00:00,28.8962,28.9334,28.6,28.6575,9740.988
2024-07-17 06:00:00,28.6575,28.8422,28.6487,28.6839,6932.856
2024-07-17 07:00:00,28.6839,28.7582,28.5959,28.6718,9649.718
2024-07-17 08:00:00,28.6718,28.8554,28.2683,28.6795,31701.03
2024-07-17 09:00:00,28.6795,28.9538,28.5904,28.8434,16944.235
2024-07-17 10:00:00,28.8434,28.8458,28.4073,28.4177,15305.446
2024-07-17 11:00:00,28.4177,28.4283,28.0707,28.1368,32856.486
2024-07-17 12:00:00,28.1368,28.2879,28.0551,28.1976,21903.103
2024-07-17 13:00:00,28.1976,28.619,27.9742,28.4859,19421.246
2024-07-17 14:00:00,28.4859,28.5662,28.1165,28.3033,14339.435
2024-07-17 15:00:00,28.3033,28.4839,27.9887,28.0129,35130.168
2024-07-17 16:00:00,28.0129,28.0305,27.4497,27.7962,49201.748
2024-07-17 17:00:00,27.7962,27.9338,27.6466,27.7929,24975.591
2024-07-17 18:00:00,27.7929,28.0064,27.7665,27.9502,7176.208
2024-07-17 19:00:00,27.9502,28.0316,27.8696,27.8842,7790.908
2024-07-17 20:00:00,27.8842,27.9524,27.7547,27.7676,13254.774
2024-07-17 21:00:00,27.7676,27.7742,27.5389,27.6037,18659.369
2024-07-17 22:00:00,27.6037,27.6575,27.3187,27.3331,24810.41
2024-07-17 23:00:00,27.3331,27.4563,27.212,27.2385,14014.877
2024-07-18 00:00:00,27.2385,27.672,27.238,27.5861,18506.747
2024-07-18 01:00:00,27.5861,27.6851,27.541,27.6543,13143.3
2024-07-18 02:00:00,27.6543,27.7775,27.4068,27.587,23391.541
2024-07-18 03:00:00,27.587,27.7859,27.564,27.7533,8044.076
2024-07-18 04:00:00,27.7533,27.7863,27.5905,27.6147,7579.336
2024-07-18 05:00:00,27.6147,27.7562,27.4486,27.651,9888.929
2024-07-18 06:00:00,27.651,27.9326,27.5784,27.794,16064.665
2024-07-18 07:00:00,27.794,27.8413,27.5443,27.5773,13941.247
2024-07-18 08:00:00,27.5773,27.7709,27.4599,27.6994,18833.236
2024-07-18 09:00:00,27.6994,27.74,27.5553,27.6356,10329.45
2024-07-18 10:00:00,27.6356,27.6378,27.3309,27.5652,8044.903
2024-07-18 11:00:00,27.5652,27.5696,27.4278,27.5394,8760.222
2024-07-18 12:00:00,27.5394,27.7808,27.5234,27.6268,19165.148
2024-07-18 13:00:00,27.6268,27.75,27.4748,27.5872,15984.486
2024-07-18 14:00:00,27.5872,27.6754,26.9775,27.3023,26746.346
2024-07-18 15:00:00,27.3023,27.31,26.6879,26.8854,34333.67
2024-07-18 16:00:00,26.8854,27.1527,26.5829,27.1527,18145.812
2024-07-18 17:00:00,27.1527,27.367,26.7984,26.9822,25226.76
2024-07-18 18:00:00,26.9822,27.0118,26.798,26.936,8541.703
2024-07-18 19:00:00,26.936,26.9756,26.7039,26.8755,9426.479
2024-07-18 20:00:00,26.8755,27.1719,26.7971,27.1461,8296.57
2024-07-18 21:00:00,27.1461,27.1527,26.9985,27.1351,4821.122
2024-07-18 22:00:00,27.1351,27.321,27.0831,27.3012,9368.846
2024-07-18 23:00:00,27.3012,27.3155,27.1131,27.1395,6031.589
2024-07-19 00:00:00,27.1395,27.2167,27.0211,27.0457,7679.082
2024-07-19 01:00:00,27.0457,27.1103,26.6795,27.0174,17779.146
2024-07-19 02:00:00,27.0174,27.145,26.9,26.9965,5361.998
2024-07-19 03:00:00,26.9965,27.3518,26.9719,27.2869,12445.263
2024-07-19 04:00:00,27.2869,27.3441,27.0647,27.0812,11922.135
2024-07-19 05:00:00,27.0812,27.134,26.9676,27.0768,7893.341
2024-07-19 06:00:00,27.0768,27.5177,27.0538,27.2891,22657.132
2024-07-19 07:00:00,27.2891,27.3001,26.7561,26.9052,22878.824
2024-07-19 08:00:00,26.9052,27.0173,26.6588,26.8876,14876.242
2024-07-19 09:00:00,26.8876,27.0691,26.6583,26.7072,19300.108
2024-07-19 10:00:00,26.7072,26.9107,26.6468,26.8117,14907.75
2024-07-19 11:00:00,26.8117,26.9019,26.7435,26.8513,9595.901
2024-07-19 12:00:00,26.8513,26.9949,26.7667,26.9349,15218.456
2024-07-19 13:00:00,26.9349,27.3232,26.7457,27.2462,34024.991
2024-07-19 14:00:00,27.2462,27.6158,27.2121,27.6029,27018.352
2024-07-19 15:00:00,27.6029,27.6928,27.3518,27.6246,29168.95
2024-07-19 16:00:00,27.6246,27.9605,27.6235,27.9018,46314.451
2024-07-19 17:00:00,27.9018,28.1413,27.7995,28.0734,29985.884
2024-07-19 18:00:00,28.0734,28.1053,27.849,28.0272,11855.024
2024-07-19 19:00:00,28.0272,28.3968,28.0195,28.3275,48886.078
2024-07-19 20:00:00,28.3275,28.3693,28.1204,28.2649,21664.692
2024-07-19 21:00:00,28.2649,28.4089,28.113,28.1295,19932.546
2024-07-19 22:00:00,28.1295,28.2417,28.046,28.0987,11435.361
2024-07-19 23:00:00,28.0987,28.2197,28.0745,28.1647,7016.415
2024-07-20 00:00:00,28.1647,28.2415,27.9414,28.0778,12689.925
2024-07-20 01:00:00,28.0778,28.2504,28.025,28.1019,20667.507
2024-07-20 02:00:00,28.1019,28.2472,28.0217,28.1779,6532.764
2024-07-20 03:00:00,28.1779,28.3099,28.1592,28.2582,4757.25
2024-07-20 04:00:00,28.2582,28.4749,28.1835,28.4672,8594.671
2024-07-20 05:00:00,28.4672,28.4912,28.234,28.3209,6050.95
2024-07-20 06:00:00,28.3209,28.4089,28.2945,28.3032,3418.967
2024-07-20 07:00:00,28.3032,28.3231,28.1571,28.1702,7833.021
2024-07-20 08:00:00,28.1702,28.2483,28.0647,28.1251,3829.241
2024-07-20 09:00:00,28.1251,28.2175,28.0569,28.1009,3180.024
2024-07-20 10:00:00,28.1009,28.201,28.0477,28.1394,7069.655
2024-07-20 11:00:00,28.1394,28.1606,27.9869,27.9997,4321.926
2024-07-20 12:00:00,27.9997,28.0734,27.9458,27.9887,3741.276
2024-07-20 13:00:00,27.9887,28.0426,27.7737,28.0074,18777.521
2024-07-20 14:00:00,28.0074,28.222,27.9799,28.1163,7284.276
2024-07-20 15:00:00,28.1163,28.4023,28.113,28.4023,9421.201
2024-07-20 16:00:00,28.4023,28.4826,28.1449,28.267,14942.244
2024-07-20 17:00:00,28.267,28.8759,28.2131,28.7882,34906.663
2024-07-20 18:00:00,28.7882,28.9778,28.6399,28.9684,15925.945
2024-07-20 19:00:00,28.9684,28.985,28.6201,28.6478,13537.876
2024-07-20 20:00:00,28.6478,28.9587,28.6399,28.94,9156.266
2024-07-20 21:00:00,28.94,28.9636,28.6421,28.8375,22267.593
2024-07-20 22:00:00,28.8375,29.14,28.8375,29.0102,33978.021
2024-07-20 23:00:00,29.0102,29.1806,28.9929,29.1086,16763.1
2024-07-21 00:00:00,29.1086,29.2158,28.9118,28.9754,11846.599
2024-07-21 01:00:00,28.9754,29.4026,28.8986,29.1602,9354.447
2024-07-21 02:00:00,29.1602,29.4218,29.099,29.2598,16857.089
2024-07-21 03:00:00,29.2598,29.381,29.1674,29.1974,17456.58
2024-07-21 04:00:00,29.1974,29.2064,29.0318,29.0414,10082.189
2024-07-21 05:00:00,29.0414,29.0749,28.836,29.009,22898.285
2024-07-21 06:00:00,29.009,29.027,28.6732,28.7059,17784.829
2024-07-21 07:00:00,28.7059,28.8854,28.537,28.7558,15574.116
2024-07-21 08:00:00,28.7558,29.0162,28.7499,28.9814,6404.295
2024-07-21 09:00:00,28.9814,29.237,28.9352,29.2262,18468.379
2024-07-21 10:00:00,29.2262,29.3,29.1482,29.1482,10664.578
2024-07-21 11:00:00,29.1482,29.5589,29.1386,29.3079,30272.095
2024-07-21 12:00:00,29.3079,29.54,29.2034,29.2106,20959.736
2024-07-21 13:00:00,29.2106,29.5633,29.0606,29.1916,29616.279
2024-07-21 14:00:00,29.1916,30.6042,29.0403,30.593,124123.114
2024-07-21 15:00:00,30.593,31.04,30.5052,30.995,80146.195
2024-07-21 16:00:00,30.995,31.6456,30.9854,31.4261,113183.841
2024-07-21 17:00:00,31.4261,31.5065,30.6212,30.6902,74064.804
2024-07-21 18:00:00,30.6902,31.05,29.7497,30.6854,109414.024
2024-07-21 19:00:00,30.6854,32.0026,30.5739,31.7602,89748.607
2024-07-21 20:00:00,31.7602,32.6441,31.69,32.2633,83552.679
2024-07-21 21:00:00,32.2633,32.7565,32.2633,32.7287,30134.394
2024-07-21 22:00:00,32.7287,33.0137,32.3777,32.6936,40794.816
2024-07-21 23:00:00,32.6936,32.8081,32.5155,32.6469,22258.368
2024-07-22 00:00:00,32.6469,32.9664,32.5207,32.5298,37817.47
2024-07-22 01:00:00,32.5298,32.6598,32.2895,32.2975,26163.567
2024-07-22 02:00:00,32.2975,32.4947,32.1041,32.4648,17508.008
2024-07-22 03:00:00,32.4648,32.6585,32.1702,32.2314,20983.47
2024-07-22 04:00:00,32.2314,32.8476,32.2295,32.6982,32538.797
2024-07-22 05:00:00,32.6982,32.7222,31.9572,32.1976,32693.528
2024-07-22 06:00:00,32.1976,32.4,31.9669,32.2867,27476.515
2024-07-22 07:00:00,32.2867,32.2906,31.825,31.9253,22905.509
2024-07-22 08:00:00,31.9253,32.0579,31.7357,31.7485,16614.64
2024-07-22 09:00:00,31.7485,32.2074,31.6559,32.2022,26742.216
2024-07-22 10:00:00,32.2022,32.6218,32.0761,32.3686,38034.475
2024-07-22 11:00:00,32.3686,32.4362,32.1479,32.2347,21666.933
2024-07-22 12:00:00,32.2347,32.5,32.1424,32.3179,25922.316
2024-07-22 13:00:00,32.3179,32.3646,31.5405,31.5678,33395.156
2024-07-22 14:00:00,31.5678,31.8733,31.3158,31.49,38803.592
2024-07-22 15:00:00,31.49,32.0618,31.4248,31.9331,21615.233
2024-07-22 16:00:00,31.9331,32.1125,31.7575,31.8759,27687.625
2024-07-22 17:00:00,31.8759,32.16,31.8383,32.084,17649.666
2024-07-22 18:00:00,32.084,32.241,31.8645,31.9109,15631.324
2024-07-22 19:00:00,31.9109,32.3309,31.8525,32.3246,10930.611
2024-07-22 20:00:00,32.3246,32.4426,32.1359,32.3153,11172.752
2024-07-22 21:00:00,32.3153,32.331,31.8893,32.04,7524.016
2024-07-22 22:00:00,32.04,32.0826,31.7849,32.002,23401.249
2024-07-22 23:00:00,32.002,32.0215,31.5381,31.8707,26780.809
2024-07-23 00:00:00,31.8707,32.3101,31.8487,32.19,21952.931
2024-07-23 01:00:00,32.19,32.2087,31.8746,31.9747,26325.541
2024-07-23 02:00:00,31.9747,32.626,31.8214,32.3949,33645.979
2024-07-23 03:00:00,32.3949,32.4726,32.0722,32.0863,17629.396
2024-07-23 04:00:00,32.0863,32.1671,31.4136,31.4573,62176.839
2024-07-23 05:00:00,31.4573,31.5196,30.6206,30.9122,63449.059
2024-07-23 06:00:00,30.9122,31.151,30.7874,30.8846,27538.479
2024-07-23 07:00:00,30.8846,30.9566,30.3412,30.4034,57251.529
2024-07-23 08:00:00,30.4034,30.7382,30.12,30.7,43094.068
2024-07-23 09:00:00,30.7,30.8232,30.509,30.5581,21787.811
2024-07-23 10:00:00,30.5581,30.7454,30.4274,30.4898,12935.246
2024-07-23 11:00:00,30.4898,30.6104,30.179,30.5823,32979.843
2024-07-23 12:00:00,30.5823,30.6181,30.2661,30.3878,21787.351
2024-07-23 13:00:00,30.3878,30.4545,29.8708,30.0431,44975.458
2024-07-23 14:00:00,30.0431,30.8032,29.9006,30.707,35722.101
2024-07-23 15:00:00,30.707,30.7099,30.095,30.2978,32824.265
2024-07-23 16:00:00,30.2978,30.3626,29.5239,29.5466,47212.815
2024-07-23 17:00:00,29.5466,29.9114,29.43,29.9042,34118.744
2024-07-23 18:00:00,29.9042,30.0884,29.825,29.8634,13344.976
2024-07-23 19:00:00,29.8634,30.0458,29.7758,29.8874,8010.814
2024-07-23 20:00:00,29.8874,30.1454,29.8754,30.0482,14030.954
2024-07-23 21:00:00,30.0482,30.2618,29.8514,29.8514,5127.515
2024-07-23 22:00:00,29.8514,29.9966,29.68,29.9078,9784.664
2024-07-23 23:00:00,29.9078,29.9906,29.717,29.8107,7560.421
2024-07-24 00:00:00,29.8107,29.9571,29.2298,29.2635,15054.501
2024-07-24 01:00:00,29.2635,29.5322,28.8266,28.829,28527.115
2024-07-24 02:00:00,28.829,28.8902,28.6561,28.7213,13300.689
2024-07-24 03:00:00,28.7213,29.1257,28.618,28.9718,21234.188
2024-07-24 04:00:00,28.9718,29.0161,28.5833,28.6003,18478.138
2024-07-24 05:00:00,28.6003,28.7514,28.3709,28.674,21118.851
2024-07-24 06:00:00,28.674,28.9669,28.6124,28.8698,27601.329
2024-07-24 07:00:00,28.8698,29.316,28.81,29.2694,48255.805
2024-07-24 08:00:00,29.2694,30.0682,29.2418,30.0446,69295.59
2024-07-24 09:00:00,30.0446,30.5486,29.8991,30.0578,70728.783
2024-07-24 10:00:00,30.0578,30.4833,30.0368,30.3326,26941.357
2024-07-24 11:00:00,30.3326,30.3362,30.137,30.1802,15772.496
2024-07-24 12:00:00,30.1802,30.25,29.9023,29.9114,42553.314
2024-07-24 13:00:00,29.9114,30.3087,29.8563,29.8778,28641.857
2024-07-24 14:00:00,29.8778,30.2511,29.7634,29.9822,50885.785
2024-07-24 15:00:00,29.9822,30.0638,29.1974,29.207,70471.791
2024-07-24 16:00:00,29.207,29.2622,28.955,29.1386,41821.734
2024-07-24 17:00:00,29.1386,29.4902,29.0068,29.1878,35069.81
2024-07-24 18:00:00,29.1878,29.2202,28.7467,28.8074,20942.879
2024-07-24 19:00:00,28.8074,29.0762,28.6807,28.8434,18499.68
2024-07-24 20:00:00,28.8434,29.018,28.823,28.9766,20528.662
2024-07-24 21:00:00,28.9766,28.991,28.4199,28.7546,15483.201
2024-07-24 22:00:00,28.7546,28.7846,28.5233,28.5486,9733.981
2024-07-24 23:00:00,28.5486,28.5508,28.2373,28.3726,16439.825
2024-07-25 00:00:00,28.3726,28.5783,28.2927,28.4209,11381.86
2024-07-25 01:00:00,28.4209,28.4287,27.3,27.7775,111708.184
2024-07-25 02:00:00,27.7775,27.7775,27.1,27.4728,34485.485
2024-07-25 03:00:00,27.4728,27.5146,27.3187,27.3463,16758.458
2024-07-25 04:00:00,27.3463,27.5751,27.1434,27.5674,27916.951
2024-07-25 05:00:00,27.5674,27.7081,27.2814,27.409,37049.959
2024-07-25 06:00:00,27.409,27.6135,27.2726,27.5157,19696.114
2024-07-25 07:00:00,27.5157,27.5696,27.2935,27.3056,10331.094
2024-07-25 08:00:00,27.3056,27.464,27.1816,27.4475,15676.03
2024-07-25 09:00:00,27.4475,27.5146,27.3431,27.3881,8208.902
2024-07-25 10:00:00,27.3881,27.3903,27.0647,27.2506,16173.31
2024-07-25 11:00:00,27.2506,27.3969,27.2089,27.3301,8538.883
2024-07-25 12:00:00,27.3301,27.43,26.88,27.0273,29871.861
2024-07-25 13:00:00,27.0273,27.1943,26.8529,26.98,26699.681
2024-07-25 14:00:00,26.98,27.4541,26.65,27.4195,38342.684
2024-07-25 15:00:00,27.4195,27.4365,26.875,27.024,25812.627
2024-07-25 16:00:00,27.024,27.2967,26.7721,27.0724,39913.063
2024-07-25 17:00:00,27.0724,27.2572,27.02,27.1681,22050.281
2024-07-25 18:00:00,27.1681,27.2187,26.4208,26.5664,26562.351
2024-07-25 19:00:00,26.5664,26.837,26.254,26.76,42019.581
2024-07-25 20:00:00,26.76,27.0845,26.3277,27.0768,28832.641
2024-07-25 21:00:00,27.0768,27.5014,27.0427,27.4112,32000.531
2024-07-25 22:00:00,27.4112,27.6194,27.1681,27.1791,24846.553
2024-07-25 23:00:00,27.1791,27.2902,27.16,27.2385,10147.192
2024-07-26 00:00:00,27.2385,27.4365,27.1736,27.3485,20569.242
2024-07-26 01:00:00,27.3485,27.4838,27.22,27.2659,13696.083
2024-07-26 02:00:00,27.2659,27.7686,27.2547,27.7104,47655.833
2024-07-26 03:00:00,27.7104,28.0533,27.6697,27.7368,21496.199
2024-07-26 04:00:00,27.7368,27.9406,27.6938,27.9062,18081.397
2024-07-26 05:00:00,27.9062,28.3996,27.8072,28.0965,26371.931
2024-07-26 06:00:00,28.0965,28.2516,28.0153,28.2043,14221.484
2024-07-26 07:00:00,28.2043,28.2593,27.9832,27.9964,9945.598
2024-07-26 08:00:00,27.9964,28.25,27.9941,28.2297,19835.926
2024-07-26 09:00:00,28.2297,28.42,28.1372,28.1372,31467.575
2024-07-26 10:00:00,28.1372,28.2,27.7666,27.8996,35393.426
2024-07-26 11:00:00,27.8996,28.0,27.8017,27.9744,20386.498
2024-07-26 12:00:00,27.9744,28.0052,27.7467,27.8545,7941.765
2024-07-26 13:00:00,27.8545,28.2735,27.6327,28.2362,35173.389
2024-07-26 14:00:00,28.2362,28.32,27.74,27.9557,38186.123
2024-07-26 15:00:00,27.9557,28.5817,27.9238,28.5661,47627.881
2024-07-26 16:00:00,28.5661,28.8049,28.4614,28.5827,33560.668
2024-07-26 17:00:00,28.5827,28.6212,28.3528,28.4336,19640.837
2024-07-26 18:00:00,28.4336,28.5684,28.3814,28.5277,7261.677
2024-07-26 19:00:00,28.5277,28.7336,28.5035,28.5871,12192.01
2024-07-26 20:00:00,28.5871,28.6113,28.3171,28.3577,10849.38
2024-07-26 21:00:00,28.3577,28.7509,28.3216,28.5474,13356.346
2024-07-26 22:00:00,28.5474,28.6454,28.4375,28.5354,6728.795
2024-07-26 23:00:00,28.5354,28.8506,28.493,28.7148,26716.505
2024-07-27 00:00:00,28.7148,28.7761,28.5675,28.6553,15372.754
2024-07-27 01:00:00,28.6553,28.6927,28.5387,28.5508,6952.422
2024-07-27 02:00:00,28.5508,28.8605,28.5043,28.8446,18177.226
2024-07-27 03:00:00,28.8446,28.8554,28.5673,28.6025,10439.336
2024-07-27 04:00:00,28.6025,28.6729,28.53,28.6219,6626.709
2024-07-27 05:00:00,28.6219,28.6878,28.4371,28.4496,11631.317
2024-07-27 06:00:00,28.4496,28.7025,28.4409,28.6641,8605.567
2024-07-27 07:00:00,28.6641,28.8458,28.5681,28.6476,10767.959
2024-07-27 08:00:00,28.6476,28.763,28.4695,28.5882,11568.778
2024-07-27 09:00:00,28.5882,28.7279,28.4958,28.6938,5059.761
2024-07-27 10:00:00,28.6938,28.6949,28.5024,28.6179,6103.549
2024-07-27 11:00:00,28.6179,28.7236,28.5556,28.7236,3849.122
2024-07-27 12:00:00,28.7236,29.0234,28.718,28.94,28018.393
2024-07-27 13:00:00,28.94,29.4087,28.9163,29.3738,48634.645
2024-07-27 14:00:00,29.3738,29.9,29.063,29.3056,50383.148
2024-07-27 15:00:00,29.3056,29.4506,28.67,28.8518,35780.533
2024-07-27 16:00:00,28.8518,28.99,28.5104,28.6113,15859.185
2024-07-27 17:00:00,28.6113,28.7356,28.3737,28.443,25499.238
2024-07-27 18:00:00,28.443,28.6168,28.2727,28.3033,29505.546
2024-07-27 19:00:00,28.3033,28.3259,27.95,28.2345,63263.838
2024-07-27 20:00:00,28.2345,28.2527,27.5819,28.1394,57729.692
2024-07-27 21:00:00,28.1394,28.6156,28.0294,28.4573,22323.331
2024-07-27 22:00:00,28.4573,28.4793,28.2912,28.3572,9498.648
2024-07-27 23:00:00,28.3572,28.3616,28.0206,28.047,9663.33
2024-07-28 00:00:00,28.047,28.0536,27.783,28.0305,14889.664
2024-07-28 01:00:00,28.0305,28.1746,28.0074,28.0382,6527.502
2024-07-28 02:00:00,28.0382,28.08,27.9678,28.0007,3842.235
2024-07-28 03:00:00,28.0007,28.014,27.7544,27.765,5068.718
2024-07-28 04:00:00,27.765,27.7808,27.3816,27.3914,20771.814
2024-07-28 05:00:00,27.3914,27.6018,27.2758,27.5861,11527.143
2024-07-28 06:00:00,27.5861,27.7258,27.5597,27.6653,8146.925
2024-07-28 07:00:00,27.6653,27.8001,27.6048,27.7709,5396.269
2024-07-28 08:00:00,27.7709,27.7962,27.5784,27.6697,7496.243
2024-07-28 09:00:00,27.6697,27.7236,27.5069,27.6444,9185.904
2024-07-28 10:00:00,27.6444,27.7412,27.5916,27.6631,4739.791
2024-07-28 11:00:00,27.6631,27.8303,27.6354,27.6488,7924.776
2024-07-28 12:00:00,27.6488,27.67,27.4196,27.5245,21340.194
2024-07-28 13:00:00,27.5245,27.6543,27.4761,27.5983,10277.897
2024-07-28 14:00:00,27.5983,27.6103,27.3612,27.4196,27270.681
2024-07-28 15:00:00,27.4196,27.4475,27.21,27.2572,37052.705
2024-07-28 16:00:00,27.2572,27.4574,27.2385,27.3254,6803.901
2024-07-28 17:00:00,27.3254,27.4761,27.31,27.4618,4557.509
2024-07-28 18:00:00,27.4618,27.6337,27.39,27.5388,8803.462
2024-07-28 19:00:00,27.5388,27.7137,27.4838,27.5377,11180.641
2024-07-28 20:00:00,27.5377,27.5541,27.4181,27.4596,7626.508
2024-07-28 21:00:00,27.4596,27.4596,27.0909,27.3331,13116.561
2024-07-28 22:00:00,27.3331,27.3628,27.0864,27.24,12633.903
2024-07-28 23:00:00,27.24,27.4189,27.2286,27.3958,4285.307
2024-07-29 00:00:00,27.3958,27.8,27.3111,27.6312,24405.894
2024-07-29 01:00:00,27.6312,27.8039,27.5762,27.5927,16592.683
2024-07-29 02:00:00,27.5927,28.3185,27.5421,28.2747,35251.536
2024-07-29 03:00:00,28.2747,28.4353,28.1724,28.2263,23948.281
2024-07-29 04:00:00,28.2263,28.3605,28.0987,28.2272,10984.69
2024-07-29 05:00:00,28.2272,28.5955,28.2098,28.5409,19084.77
2024-07-29 06:00:00,28.5409,28.8373,28.4342,28.6916,29411.856
2024-07-29 07:00:00,28.6916,28.8002,28.59,28.6949,16944.124
2024-07-29 08:00:00,28.6949,28.8534,28.5781,28.5926,22480.147
2024-07-29 09:00:00,28.5926,28.8394,28.5717,28.7942,15840.488
2024-07-29 10:00:00,28.7942,28.8391,28.6158,28.6883,12106.017
2024-07-29 11:00:00,28.6883,28.7659,28.553,28.5585,28532.06
2024-07-29 12:00:00,28.5585,28.7341,28.4826,28.6575,22160.2
2024-07-29 13:00:00,28.6575,28.7224,28.3566,28.3906,26505.862
2024-07-29 14:00:00,28.3906,28.4408,27.6728,27.7489,63001.479
2024-07-29 15:00:00,27.7489,27.827,27.3617,27.5465,38354.279
2024-07-29 16:00:00,27.5465,27.564,27.12,27.2803,34203.088
2024-07-29 17:00:00,27.2803,27.5626,27.1747,27.3364,36420.406
2024-07-29 18:00:00,27.3364,27.5332,27.288,27.4937,22473.487
2024-07-29 19:00:00,27.4937,27.5201,27.3969,27.4596,8559.004
2024-07-29 20:00:00,27.4596,27.4959,27.36,27.4134,10236.47
2024-07-29 21:00:00,27.4134,27.4178,27.2261,27.3617,8872.493
2024-07-29 22:00:00,27.3617,27.5113,27.2222,27.266,15029.29
2024-07-29 23:00:00,27.266,27.2935,26.9389,26.9965,14768.331
2024-07-30 00:00:00,26.9965,27.2,26.7468,27.1879,20057.364
2024-07-30 01:00:00,27.1879,27.2935,26.8326,26.9019,11601.208
2024-07-30 02:00:00,26.9019,27.0537,26.8008,27.02,8764.123
2024-07-30 03:00:00,27.02,27.2044,26.9965,27.16,5549.553
2024-07-30 04:00:00,27.16,27.2736,27.0988,27.2385,11447.947
2024-07-30 05:00:00,27.2385,27.2528,27.0386,27.0885,12393.47
2024-07-30 06:00:00,27.0885,27.2241,27.079,27.1723,9933.224
2024-07-30 07:00:00,27.1723,27.3089,27.1538,27.2316,9691.257
2024-07-30 08:00:00,27.2316,27.2825,27.0791,27.0823,10372.265
2024-07-30 09:00:00,27.0823,27.1802,27.0,27.0467,6688.097
2024-07-30 10:00:00,27.0467,27.1629,26.83,26.9945,14787.186
2024-07-30 11:00:00,26.9945,27.0592,26.9107,27.0086,5600.126
2024-07-30 12:00:00,27.0086,27.0449,26.793,26.8832,12706.029
2024-07-30 13:00:00,26.8832,27.057,26.6422,26.6665,18723.698
2024-07-30 14:00:00,26.6665,26.8758,26.5213,26.5378,26475.983
2024-07-30 15:00:00,26.5378,26.7735,26.4268,26.7072,12959.012
2024-07-30 16:00:00,26.7072,26.9162,26.4891,26.7248,28205.205
2024-07-30 17:00:00,26.7248,26.7424,26.4863,26.6038,22002.702
2024-07-30 18:00:00,26.6038,26.6907,26.4483,26.5875,19790.57
2024-07-30 19:00:00,26.5875,26.5972,26.234,26.4465,26198.0
2024-07-30 20:00:00,26.4465,26.5587,26.0267,26.5128,17905.644
2024-07-30 21:00:00,26.5128,26.5128,26.2548,26.3739,4108.529
2024-07-30 22:00:00,26.3739,26.4245,26.2771,26.4025,5128.393
2024-07-30 23:00:00,26.4025,26.4652,26.2958,26.3277,4707.235
2024-07-31 00:00:00,26.3277,26.4935,26.1937,26.4509,9078.126
2024-07-31 01:00:00,26.4509,26.5587,26.3442,26.5136,13772.397
2024-07-31 02:00:00,26.5136,26.6324,26.408,26.4487,7934.289
2024-07-31 03:00:00,26.4487,26.5477,26.3751,26.53,5706.444
2024-07-31 04:00:00,26.53,26.5554,25.8354,26.0047,40800.23
2024-07-31 05:00:00,26.0047,26.3662,25.8314,26.3079,15827.13
2024-07-31 06:00:00,26.3079,26.52,26.2771,26.4476,21962.506
2024-07-31 07:00:00,26.4476,26.4575,26.2802,26.2837,10348.944
2024-07-31 08:00:00,26.2837,26.3277,26.1267,26.192,17200.317
2024-07-31 09:00:00,26.192,26.2595,26.0597,26.1337,10518.233
2024-07-31 10:00:00,26.1337,26.1777,26.0617,26.0947,12256.186
2024-07-31 11:00:00,26.0947,26.2638,26.0619,26.2257,9590.337
2024-07-31 12:00:00,26.2257,26.3864,26.2117,26.2969,7981.1
2024-07-31 13:00:00,26.2969,26.8798,26.2898,26.6753,33021.523
2024-07-31 14:00:00,26.6753,26.8315,26.4575,26.59,33315.027
2024-07-31 15:00:00,26.59,26.7537,26.507,26.5862,18875.622
2024-07-31 16:00:00,26.5862,26.8062,26.5012,26.5444,11458.523
2024-07-31 17:00:00,26.5444,26.8454,26.499,26.705,16897.871
2024-07-31 18:00:00,26.705,26.8063,26.4322,26.78,31154.127
2024-07-31 19:00:00,26.78,26.8614,25.68,26.0177,57827.093
2024-07-31 20:00:00,26.0177,26.0557,25.4737,25.6067,35001.255
2024-07-31 21:00:00,25.6067,25.8421,25.4262,25.8207,16377.468
2024-07-31 22:00:00,25.8207,25.9087,25.5947,25.8797,12620.017
2024-07-31 23:00:00,25.8797,25.8996,25.6597,25.7057,11762.406
2024-08-01 00:00:00,25.7057,25.9056,25.6747,25.8751,27641.792
2024-08-01 01:00:00,25.8751,25.9277,25.56,25.7527,16442.574
2024-08-01 02:00:00,25.7527,25.7657,25.3425,25.5567,20254.832
2024-08-01 03:00:00,25.5567,25.5643,25.3297,25.4087,11817.793
2024-08-01 04:00:00,25.4087,25.4987,24.9757,25.0927,27424.459
2024-08-01 05:00:00,25.0927,25.4437,24.9287,25.4197,15600.438
2024-08-01 06:00:00,25.4197,25.4975,25.2327,25.2327,8930.039
2024-08-01 07:00:00,25.2327,25.4277,25.2307,25.3357,8652.62
2024-08-01 08:00:00,25.3357,25.4302,25.2727,25.4227,12974.949
2024-08-01 09:00:00,25.4227,25.5207,25.3447,25.3467,6691.135
2024-08-01 10:00:00,25.3467,25.3707,25.25,25.3596,6148.138
2024-08-01 11:00:00,25.3596,25.3997,25.2317,25.3827,4995.36
2024-08-01 12:00:00,25.3827,25.7034,25.3757,25.6477,19968.579
2024-08-01 13:00:00,25.6477,25.6957,25.36,25.5067,7258.551
2024-08-01 14:00:00,25.5067,25.5688,24.9297,24.9397,20872.872
2024-08-01 15:00:00,24.9397,24.9484,24.4609,24.5967,60979.904
2024-08-01 16:00:00,24.5967,24.6307,24.1242,24.5307,49890.939
2024-08-01 17:00:00,24.5307,24.6142,24.3517,24.6034,19563.174
2024-08-01 18:00:00,24.6034,24.6034,24.0,24.3447,40952.801
2024-08-01 19:00:00,24.3447,24.9,24.3108,24.8147,16356.101
2024-08-01 20:00:00,24.8147,25.2677,24.7007,25.2627,28191.056
2024-08-01 21:00:00,25.2627,25.6706,25.2611,25.4747,37204.014
2024-08-01 22:00:00,25.4747,25.7938,25.4244,25.6317,23660.281
2024-08-01 23:00:00,25.6317,25.7647,25.5326,25.7017,15504.234
2024-08-02 00:00:00,25.7017,25.9047,25.5725,25.5725,21923.675
2024-08-02 01:00:00,25.5725,25.6096,25.3767,25.4777,15371.161
2024-08-02 02:00:00,25.4777,25.5707,25.0577,25.2657,28298.123
2024-08-02 03:00:00,25.2657,25.4244,25.1907,25.3337,13335.582
2024-08-02 04:00:00,25.3337,25.4176,25.2227,25.3207,7295.155
2024-08-02 05:00:00,25.3207,25.3247,24.9617,24.9977,10674.922
2024-08-02 06:00:00,24.9977,25.0357,24.6077,24.9107,18405.7
2024-08-02 07:00:00,24.9107,25.0957,24.7307,25.0047,14269.85
2024-08-02 08:00:00,25.0047,25.2107,24.7742,25.2087,10347.931
2024-08-02 09:00:00,25.2087,25.3017,25.0458,25.0956,28588.866
2024-08-02 10:00:00,25.0956,25.1227,24.9016,25.0627,19982.801
2024-08-02 11:00:00,25.0627,25.1327,24.9345,24.9717,18541.919
2024-08-02 12:00:00,24.9717,25.0527,24.6627,24.9738,24862.009
2024-08-02 13:00:00,24.9738,25.333,24.7917,25.1697,31417.299
2024-08-02 14:00:00,25.1697,25.2357,23.8957,23.9417,72029.204
2024-08-02 15:00:00,23.9417,24.2097,23.3002,24.1237,103904.235
2024-08-02 16:00:00,24.1237,24.2177,23.9437,24.0987,33090.023
2024-08-02 17:00:00,24.0987,24.2737,24.0082,24.0617,16145.799
2024-08-02 18:00:00,24.0617,24.1009,23.8837,23.9327,14174.361
2024-08-02 19:00:00,23.9327,24.0327,23.7255,23.8397,16941.526
2024-08-02 20:00:00,23.8397,24.0117,23.5545,23.8187,27735.099
2024-08-02 21:00:00,23.8187,23.8187,23.357,23.7318,19169.962
2024-08-02 22:00:00,23.7318,23.7797,23.5239,23.5725,14652.706
2024-08-02 23:00:00,23.5725,23.7273,23.4294,23.6004,19895.136
2024-08-03 00:00:00,23.6004,23.7489,23.3439,23.4852,22272.11
2024-08-03 01:00:00,23.4852,23.6409,22.9844,23.5509,55810.009
2024-08-03 02:00:00,23.5509,23.7408,23.4177,23.4886,11013.174
2024-08-03 03:00:00,23.4886,23.73,23.442,23.7264,15469.636
2024-08-03 04:00:00,23.7264,23.7379,23.6151,23.7048,10730.786
2024-08-03 05:00:00,23.7048,23.7857,23.632,23.7354,7948.431
2024-08-03 06:00:00,23.7354,23.8489,23.7021,23.7737,15723.739
2024-08-03 07:00:00,23.7737,23.8471,23.6919,23.7327,7992.216
2024-08-03 08:00:00,23.7327,23.7336,23.5176,23.623,11818.955
2024-08-03 09:00:00,23.623,23.6955,23.4901,23.6832,7160.48
2024-08-03 10:00:00,23.6832,24.0815,23.5902,23.8947,28267.805
2024-08-03 11:00:00,23.8947,23.9984,23.8837,23.9327,10210.126
2024-08-03 12:00:00,23.9327,24.0687,23.8587,23.9227,10852.409
2024-08-03 13:00:00,23.9227,24.0908,23.8537,23.9867,27887.295
2024-08-03 14:00:00,23.9867,24.11,23.8402,23.8617,12285.522
2024-08-03 15:00:00,23.8617,23.8977,23.3286,23.3565,34751.594
2024-08-03 16:00:00,23.3565,23.4042,22.86,23.0559,51355.763
2024-08-03 17:00:00,23.0559,23.0811,22.5,22.5519,64749.212
2024-08-03 18:00:00,22.5519,22.7463,22.3711,22.6014,33774.655
2024-08-03 19:00:00,22.6014,22.7103,22.4133,22.4664,23177.849
2024-08-03 20:00:00,22.4664,22.713,22.3539,22.4826,25805.577
2024-08-03 21:00:00,22.4826,22.6347,22.1811,22.6311,53496.006
2024-08-03 22:00:00,22.6311,22.7085,22.5,22.6446,12002.9
2024-08-03 23:00:00,22.6446,22.8075,22.5555,22.6716,16855.818
2024-08-04 00:00:00,22.6716,22.758,22.5303,22.7301,11340.562
2024-08-04 01:00:00,22.7301,22.7661,22.4889,22.695,12289.298
2024-08-04 02:00:00,22.695,22.9623,22.668,22.8282,10775.054
2024-08-04 03:00:00,22.8282,22.8543,22.74,22.8165,10215.757
2024-08-04 04:00:00,22.8165,22.8867,22.7319,22.7328,5954.983
2024-08-04 05:00:00,22.7328,22.9175,22.7103,22.7994,8572.283
2024-08-04 06:00:00,22.7994,22.8579,22.7562,22.8363,5962.247
2024-08-04 07:00:00,22.8363,22.893,22.5528,22.5924,7645.16
2024-08-04 08:00:00,22.5924,22.7589,22.3275,22.6266,17271.274
2024-08-04 09:00:00,22.6266,22.7048,22.4217,22.5375,19562.926
2024-08-04 10:00:00,22.5375,22.6329,22.3893,22.605,12948.315
2024-08-04 11:00:00,22.605,22.6491,22.4574,22.533,9394.645
2024-08-04 12:00:00,22.533,22.6257,22.4313,22.5798,13206.952
2024-08-04 13:00:00,22.5798,22.6865,22.4961,22.5042,13609.131
2024-08-04 14:00:00,22.5042,22.5347,21.8211,21.8805,36509.594
2024-08-04 15:00:00,21.8805,21.9318,21.5759,21.5943,35130.388
2024-08-04 16:00:00,21.5943,21.7635,21.2017,21.255,41034.853
2024-08-04 17:00:00,21.255,21.3018,20.5848,20.9129,110565.468
2024-08-04 18:00:00,20.9129,21.4773,20.7825,21.451,46583.138
2024-08-04 19:00:00,21.451,21.9948,21.2425,21.8175,43862.942
2024-08-04 20:00:00,21.8175,22.0911,21.6098,21.7671,25426.69
2024-08-04 21:00:00,21.7671,21.7896,21.5853,21.6348,11553.933
2024-08-04 22:00:00,21.6348,21.8939,21.5313,21.5817,28485.239
2024-08-04 23:00:00,21.5817,21.5907,21.1937,21.2568,21747.529
2024-08-05 00:00:00,21.2568,21.388,20.0298,20.2665,95759.087
2024-08-05 01:00:00,20.2665,20.331,17.927,18.9915,380238.209
2024-08-05 02:00:00,18.9915,19.0769,18.5434,18.9745,151426.746
2024-08-05 03:00:00,18.9745,18.9864,18.5517,18.6511,116507.968
2024-08-05 04:00:00,18.6511,19.1449,18.6238,18.9377,49346.671
2024-08-05 05:00:00,18.9377,19.3065,18.2805,18.8633,167757.898
2024-08-05 06:00:00,18.8633,18.9769,17.2706,18.291,318071.371
2024-08-05 07:00:00,18.291,19.2209,18.1457,19.0337,142553.46
2024-08-05 08:00:00,19.0337,19.0961,18.6007,18.7463,105550.565
2024-08-05 09:00:00,18.7463,18.8953,18.432,18.7036,74599.72
2024-08-05 10:00:00,18.7036,18.7498,18.1218,18.2031,102745.823
2024-08-05 11:00:00,18.2031,18.3308,17.5517,18.2227,135508.687
2024-08-05 12:00:00,18.2227,18.4194,17.6794,17.7142,155862.129
2024-08-05 13:00:00,17.7142,18.9737,17.4271,18.8273,215957.72
2024-08-05 14:00:00,18.8273,19.9,18.8273,19.4689,186720.786
2024-08-05 15:00:00,19.4689,19.7873,19.2545,19.7273,102128.379
2024-08-05 16:00:00,19.7273,20.2329,19.6113,19.7121,93821.031
2024-08-05 17:00:00,19.7121,20.0918,19.5995,19.9217,70165.864
2024-08-05 18:00:00,19.9217,19.9681,19.3129,19.3321,56412.075
2024-08-05 19:00:00,19.3321,19.5409,19.1689,19.3929,74295.012
2024-08-05 20:00:00,19.3929,19.7616,19.3697,19.6961,48035.164
2024-08-05 21:00:00,19.6961,20.0113,19.5377,19.6097,37995.182
2024-08-05 22:00:00,19.6097,19.9057,19.5393,19.7849,25881.13
2024-08-05 23:00:00,19.7849,19.9353,19.4961,19.5425,26280.676
2024-08-06 00:00:00,19.5425,20.5097,19.5089,20.5089,48418.126
2024-08-06 01:00:00,20.5089,20.85,20.4489,20.6257,43613.524
2024-08-06 02:00:00,20.6257,20.6881,20.3433,20.5065,28951.205
2024-08-06 03:00:00,20.5065,20.5457,20.3457,20.4137,20112.347
2024-08-06 04:00:00,20.4137,20.6481,20.2761,20.5753,28325.392
2024-08-06 05:00:00,20.5753,20.8041,20.5033,20.7617,26375.219
2024-08-06 06:00:00,20.7617,20.9673,20.6153,20.9297,31191.79
2024-08-06 07:00:00,20.9297,21.0595,20.7025,21.0281,33238.673
2024-08-06 08:00:00,21.0281,21.0521,20.3352,20.5145,56357.863
2024-08-06 09:00:00,20.5145,20.5401,20.326,20.4969,55932.508
2024-08-06 10:00:00,20.4969,20.5585,20.2881,20.4409,24708.186
2024-08-06 11:00:00,20.4409,20.5612,20.3377,20.4385,25019.676
2024-08-06 12:00:00,20.4385,20.5673,20.2208,20.2753,27498.474
2024-08-06 13:00:00,20.2753,20.4537,20.028,20.3217,48636.567
2024-08-06 14:00:00,20.3217,21.2449,20.2929,21.0393,84503.835
2024-08-06 15:00:00,21.0393,21.2558,20.7721,21.1161,40706.113
2024-08-06 16:00:00,21.1161,21.4152,21.0153,21.2586,35132.772
2024-08-06 17:00:00,21.2586,21.3918,21.1305,21.1393,21104.962
2024-08-06 18:00:00,21.1393,21.4577,21.1297,21.2089,27042.039
2024-08-06 19:00:00,21.2089,21.3243,21.0739,21.1281,22818.481
2024-08-06 20:00:00,21.1281,21.2281,20.8981,21.0745,30210.486
2024-08-06 21:00:00,21.0745,21.18,20.95,21.1361,12741.691
2024-08-06 22:00:00,21.1361,21.3738,20.9177,21.0585,27288.726
2024-08-06 23:00:00,21.0585,21.1433,20.7833,20.8905,19393.017
2024-08-07 00:00:00,20.8905,21.0521,20.6697,20.8561,23516.885
2024-08-07 01:00:00,20.8561,21.1953,20.5689,21.1529,32335.839
2024-08-07 02:00:00,21.1529,21.462,20.8795,21.0121,34042.455
2024-08-07 03:00:00,21.0121,21.2703,21.0097,21.2097,26190.159
2024-08-07 04:00:00,21.2097,21.6077,21.1689,21.4485,30152.2
2024-08-07 05:00:00,21.4485,21.6924,21.3918,21.4035,24027.406
2024-08-07 06:00:00,21.4035,21.5313,21.2265,21.2757,24234.352
2024-08-07 07:00:00,21.2757,21.3531,21.0766,21.2449,16221.841
2024-08-07 08:00:00,21.2449,21.4125,21.1569,21.264,16628.598
2024-08-07 09:00:00,21.264,21.4863,21.1571,21.2937,21694.226
2024-08-07 10:00:00,21.2937,21.5367,21.18,21.2009,15353.25
2024-08-07 11:00:00,21.2009,21.2353,20.8654,20.9433,31598.376
2024-08-07 12:00:00,20.9433,21.1065,20.8537,21.0521,17158.217
2024-08-07 13:00:00,21.0521,21.1385,20.8053,20.9225,31089.527
2024-08-07 14:00:00,20.9225,20.9857,20.111,20.3657,46615.111
2024-08-07 15:00:00,20.3657,20.5386,20.2249,20.4185,29920.916
2024-08-07 16:00:00,20.4185,20.4737,20.2457,20.3889,22219.077
2024-08-07 17:00:00,20.3889,20.4457,20.1145,20.2657,21212.749
2024-08-07 18:00:00,20.2657,20.3121,19.8462,19.9044,33018.723
2024-08-07 19:00:00,19.9044,20.0809,19.8641,20.0041,20395.513
2024-08-07 20:00:00,20.0041,20.1729,19.7105,19.9937,35001.858
2024-08-07 21:00:00,19.9937,20.1121,19.8625,20.0593,12970.576
2024-08-07 22:00:00,20.0593,20.0721,19.7081,19.9993,17232.515
2024-08-07 23:00:00,19.9993,20.0457,19.7825,19.8545,12563.008
2024-08-08 00:00:00,19.8545,19.9665,19.5321,19.8577,23805.283
2024-08-08 01:00:00,19.8577,20.5233,19.8433,20.5177,40504.394
2024-08-08 02:00:00,20.5177,20.9441,20.5121,20.8585,25692.682
2024-08-08 03:00:00,20.8585,20.9209,20.6537,20.6577,9856.898
2024-08-08 04:00:00,20.6577,20.8569,20.6209,20.6329,7905.709
2024-08-08 05:00:00,20.6329,20.8353,20.6137,20.7609,7762.711
2024-08-08 06:00:00,20.7609,20.8684,20.6497,20.7441,9969.978
2024-08-08 07:00:00,20.7441,20.7833,20.5713,20.5833,10965.447
2024-08-08 08:00:00,20.5833,20.6465,20.5051,20.5873,9533.869
2024-08-08 09:00:00,20.5873,20.7161,20.4972,20.6057,8585.271
2024-08-08 10:00:00,20.6057,20.6641,20.4841,20.6041,8034.086
2024-08-08 11:00:00,20.6041,20.6897,20.5297,20.5697,8348.603
2024-08-08 12:00:00,20.5697,21.1441,20.4681,20.7985,30593.833
2024-08-08 13:00:00,20.7985,20.9817,20.4079,20.6185,40541.221
2024-08-08 14:00:00,20.6185,21.4404,20.5705,21.3954,37253.182
2024-08-08 15:00:00,21.3954,21.9571,21.3045,21.9534,42199.791
2024-08-08 16:00:00,21.9534,22.22,21.9255,22.0056,33911.285
2024-08-08 17:00:00,22.0056,22.089,21.8166,21.822,21220.841
2024-08-08 18:00:00,21.822,21.8907,21.7032,21.7626,12478.821
2024-08-08 19:00:00,21.7626,21.7815,21.6168,21.6699,10748.639
2024-08-08 20:00:00,21.6699,21.9033,21.6636,21.7527,10720.472
2024-08-08 21:00:00,21.7527,22.2639,21.7527,22.2306,7135.447
2024-08-08 22:00:00,22.2306,22.7112,22.057,22.7013,26982.276
2024-08-08 23:00:00,22.7013,22.8497,22.578,22.7418,24548.289
2024-08-09 00:00:00,22.7418,22.803,22.569,22.6716,16361.825
2024-08-09 01:00:00,22.6716,22.6878,22.3747,22.4187,19573.918
2024-08-09 02:00:00,22.4187,22.4563,22.317,22.3287,11384.657
2024-08-09 03:00:00,22.3287,22.406,22.1928,22.1928,9508.08
2024-08-09 04:00:00,22.1928,22.1928,21.7154,21.7194,24478.605
2024-08-09 05:00:00,21.7194,21.8571,21.6216,21.7806,15664.97
2024-08-09 06:00:00,21.7806,21.8877,21.7149,21.831,11479.912
2024-08-09 07:00:00,21.831,21.999,21.7788,21.8256,10010.288
2024-08-09 08:00:00,21.8256,21.8705,21.6525,21.8379,18899.803
2024-08-09 09:00:00,21.8379,21.9326,21.651,21.6996,14398.346
2024-08-09 10:00:00,21.6996,21.7392,21.489,21.6402,20910.483
2024-08-09 11:00:00,21.6402,21.7481,21.5853,21.7293,14481.1
2024-08-09 12:00:00,21.7293,21.7824,21.57,21.7104,10593.178
2024-08-09 13:00:00,21.7104,21.7698,21.3914,21.6699,16157.779
2024-08-09 14:00:00,21.6699,21.9669,21.2766,21.5736,29911.672
2024-08-09 15:00:00,21.5736,21.6638,21.3504,21.363,10848.451
2024-08-09 16:00:00,21.363,21.5997,21.3243,21.552,9242.748
2024-08-09 17:00:00,21.552,21.6771,21.4884,21.5115,10005.261
2024-08-09 18:00:00,21.5115,21.5664,21.38,21.4251,11491.259
2024-08-09 19:00:00,21.4251,21.5277,21.3585,21.48,11222.037
2024-08-09 20:00:00,21.48,21.668,21.4512,21.5925,9398.499
2024-08-09 21:00:00,21.5925,21.714,21.3917,21.6978,10343.553
2024-08-09 22:00:00,21.6978,21.8148,21.54,21.6951,13777.022
2024-08-09 23:00:00,21.6951,21.795,21.5619,21.7491,11061.63
2024-08-10 00:00:00,21.7491,22.0533,21.5889,21.6051,23088.369
2024-08-10 01:00:00,21.6051,21.8166,21.5194,21.6078,15010.521
2024-08-10 02:00:00,21.6078,21.7446,21.5754,21.6609,6336.116
2024-08-10 03:00:00,21.6609,21.6663,21.5016,21.588,6617.907
2024-08-10 04:00:00,21.588,21.5988,21.4179,21.5169,4970.963
2024-08-10 05:00:00,21.5169,21.543,21.4053,21.5034,5591.464
2024-08-10 06:00:00,21.5034,21.6401,21.4503,21.6015,4530.174
2024-08-10 07:00:00,21.6015,21.6897,21.5718,21.6753,5959.742
2024-08-10 08:00:00,21.6753,21.6987,21.552,21.5988,4168.362
2024-08-10 09:00:00,21.5988,21.7617,21.5772,21.6906,10605.565
2024-08-10 10:00:00,21.6906,21.7563,21.6259,21.7131,18225.119
2024-08-10 11:00:00,21.7131,21.8013,21.6852,21.7851,7242.732
2024-08-10 12:00:00,21.7851,21.813,21.7023,21.7149,6670.962
2024-08-10 13:00:00,21.7149,21.723,21.5601,21.5691,6347.887
2024-08-10 14:00:00,21.5691,21.6474,21.5377,21.6123,12908.357
2024-08-10 15:00:00,21.6123,21.8859,21.6123,21.6942,15956.687
2024-08-10 16:00:00,21.6942,21.804,21.6393,21.7158,7707.106
2024-08-10 17:00:00,21.7158,21.7779,21.624,21.7482,6064.497
2024-08-10 18:00:00,21.7482,21.789,21.6357,21.66,11130.594
2024-08-10 19:00:00,21.66,21.705,21.6123,21.6348,4046.191
2024-08-10 20:00:00,21.6348,21.6933,21.593,21.6789,3050.154
2024-08-10 21:00:00,21.6789,21.7662,21.6672,21.714,3293.187
2024-08-10 22:00:00,21.714,21.714,21.6096,21.6267,5058.292
2024-08-10 23:00:00,21.6267,21.6294,21.5115,21.5826,7258.348
2024-08-11 00:00:00,21.5826,21.6969,21.5421,21.6483,7219.791
2024-08-11 01:00:00,21.6483,21.6762,21.5421,21.6582,6654.534
2024-08-11 02:00:00,21.6582,21.7383,21.6277,21.6771,5726.442
2024-08-11 03:00:00,21.6771,22.1839,21.6771,21.9891,32556.547
2024-08-11 04:00:00,21.9891,22.0814,21.9237,21.9669,18648.133
2024-08-11 05:00:00,21.9669,21.9696,21.8283,21.9147,6590.534
2024-08-11 06:00:00,21.9147,22.127,21.8931,22.0821,11702.459
2024-08-11 07:00:00,22.0821,22.1478,22.0516,22.0749,8610.9
2024-08-11 08:00:00,22.0749,22.2531,22.0356,22.1244,8460.81
2024-08-11 09:00:00,22.1244,22.3738,22.0101,22.0947,17618.709
2024-08-11 10:00:00,22.0947,22.2628,22.002,22.0326,11022.278
2024-08-11 11:00:00,22.0326,22.0506,21.6933,21.7752,17245.183
2024-08-11 12:00:00,21.7752,21.7878,21.4652,21.6113,21091.41
2024-08-11 13:00:00,21.6113,21.615,21.418,21.5199,14236.243
2024-08-11 14:00:00,21.5199,21.6339,21.2303,21.3477,18115.031
2024-08-11 15:00:00,21.3477,21.399,21.1649,21.3063,17428.458
2024-08-11 16:00:00,21.3063,21.3063,21.0477,21.1889,24484.225
2024-08-11 17:00:00,21.1889,21.3081,21.1249,21.2361,8020.85
2024-08-11 18:00:00,21.2361,21.2703,21.1329,21.1841,8029.97
2024-08-11 19:00:00,21.1841,21.1857,20.8182,20.845,27964.982
2024-08-11 20:00:00,20.845,20.8473,20.4481,20.5593,29979.685
2024-08-11 21:00:00,20.5593,20.6673,20.4105,20.6529,15912.382
2024-08-11 22:00:00,20.6529,20.7437,20.386,20.5609,19387.066
2024-08-11 23:00:00,20.5609,20.5609,20.3969,20.4073,7206.151
2024-08-12 00:00:00,20.4073,20.6289,20.3049,20.5289,16242.277
2024-08-12 01:00:00,20.5289,20.6914,20.4689,20.6353,15034.489
2024-08-12 02:00:00,20.6353,20.7313,20.5801,20.6961,11219.599
2024-08-12 03:00:00,20.6961,20.7545,20.5864,20.6849,4953.512
2024-08-12 04:00:00,20.6849,20.7761,20.6057,20.6417,12494.008
2024-08-12 05:00:00,20.6417,20.7345,20.6225,20.7121,4832.525
2024-08-12 06:00:00,20.7121,20.7441,20.6041,20.6593,5314.425
2024-08-12 07:00:00,20.6593,21.1113,20.4593,21.0489,28600.901
2024-08-12 08:00:00,21.0489,21.3747,20.9193,20.9729,22513.658
2024-08-12 09:00:00,20.9729,21.1409,20.9665,21.0393,10314.475
2024-08-12 10:00:00,21.0393,21.2377,20.9141,21.2321,52682.071
2024-08-12 11:00:00,21.2321,21.5829,21.1905,21.5304,23026.882
2024-08-12 12:00:00,21.5304,21.6159,21.4152,21.5133,13621.395
2024-08-12 13:00:00,21.5133,21.6114,20.7449,20.8161,26988.29
2024-08-12 14:00:00,20.8161,21.7167,20.6017,21.6096,65400.561
2024-08-12 15:00:00,21.6096,21.6888,21.0913,21.3558,44164.014
2024-08-12 16:00:00,21.3558,21.4413,21.2041,21.2532,18982.596
2024-08-12 17:00:00,21.2532,21.3342,21.1395,21.1449,16172.05
2024-08-12 18:00:00,21.1449,21.2838,20.7925,20.8168,32722.332
2024-08-12 19:00:00,20.8168,21.1273,20.8168,21.0441,22042.356
2024-08-12 20:00:00,21.0441,21.2153,20.9825,21.0225,25490.813
2024-08-12 21:00:00,21.0225,21.0225,20.7041,20.9585,22258.078
2024-08-12 22:00:00,20.9585,21.1273,20.9025,20.9977,13842.093
2024-08-12 23:00:00,20.9977,21.353,20.9889,21.2652,23420.944
2024-08-13 00:00:00,21.2652,21.353,21.1633,21.2739,15098.962
2024-08-13 01:00:00,21.2739,21.3504,21.1737,21.3043,9898.022
2024-08-13 02:00:00,21.3043,21.3153,21.0737,21.1921,9796.681
2024-08-13 03:00:00,21.1921,21.2097,20.7684,20.8465,27888.616
2024-08-13 04:00:00,20.8465,20.9905,20.7209,20.9897,8136.232
2024-08-13 05:00:00,20.9897,21.0833,20.9217,21.0209,8210.209
2024-08-13 06:00:00,21.0209,21.1066,20.9001,21.0641,11225.689
2024-08-13 07:00:00,21.0641,21.1033,20.9633,20.9849,9384.681
2024-08-13 08:00:00,20.9849,21.0201,20.811,20.908,11627.36
2024-08-13 09:00:00,20.908,20.908,20.6817,20.7753,9902.096
2024-08-13 10:00:00,20.7753,20.7961,20.5575,20.7169,21638.735
2024-08-13 11:00:00,20.7169,20.8529,20.6799,20.8529,7582.979
2024-08-13 12:00:00,20.8529,20.9905,20.7609,20.9353,31511.617
2024-08-13 13:00:00,20.9353,21.0481,20.7944,21.0206,22881.195
2024-08-13 14:00:00,21.0206,21.0753,20.7545,21.0169,22441.005
2024-08-13 15:00:00,21.0169,21.0841,20.9009,21.0385,11024.775
2024-08-13 16:00:00,21.0385,21.55,21.0169,21.5402,43682.623
2024-08-13 17:00:00,21.5402,21.615,21.4242,21.5457,25117.136
2024-08-13 18:00:00,21.5457,21.5511,21.354,21.3837,13398.404
2024-08-13 19:00:00,21.3837,21.4044,21.1457,21.345,19451.858
2024-08-13 20:00:00,21.345,21.3788,21.2201,21.2676,7427.521
2024-08-13 21:00:00,21.2676,21.5322,21.2401,21.5187,11690.646
2024-08-13 22:00:00,21.5187,21.5349,21.3711,21.4233,11487.507
2024-08-13 23:00:00,21.4233,21.4377,21.3324,21.3792,8770.609
2024-08-14 00:00:00,21.3792,21.4512,21.3081,21.4305,16836.419
2024-08-14 01:00:00,21.4305,21.4584,21.1985,21.2273,6705.542
2024-08-14 02:00:00,21.2273,21.3824,21.1881,21.3549,5826.009
2024-08-14 03:00:00,21.3549,21.4835,21.3018,21.3035,18565.647
2024-08-14 04:00:00,21.3035,21.3756,21.2829,21.3153,14081.395
2024-08-14 05:00:00,21.3153,21.4575,21.2489,21.2604,25368.445
2024-08-14 06:00:00,21.2604,21.4307,21.1642,21.3288,17618.235
2024-08-14 07:00:00,21.3288,21.3333,21.2401,21.2943,5338.599
2024-08-14 08:00:00,21.2943,21.3261,21.1913,21.2973,5625.635
2024-08-14 09:00:00,21.2973,21.452,21.2667,21.3702,14486.819
2024-08-14 10:00:00,21.3702,21.67,21.3648,21.576,7816.59
2024-08-14 11:00:00,21.576,21.682,21.398,21.563,16687.373
2024-08-14 12:00:00,21.563,21.87,21.456,21.65,17622.184
2024-08-14 13:00:00,21.65,21.711,21.023,21.1,19990.187
2024-08-14 14:00:00,21.1,21.22,20.767,21.19,38997.07
2024-08-14 15:00:00,21.19,21.446,21.072,21.297,29586.609
2024-08-14 16:00:00,21.297,21.416,21.098,21.263,20070.386
2024-08-14 17:00:00,21.263,21.281,21.15,21.157,8753.669
2024-08-14 18:00:00,21.157,21.187,20.966,21.07,10388.735
2024-08-14 19:00:00,21.07,21.129,20.985,21.088,6651.273
2024-08-14 20:00:00,21.088,21.143,21.039,21.078,4670.776
2024-08-14 21:00:00,21.078,21.083,20.934,20.94,2666.677
2024-08-14 22:00:00,20.94,21.054,20.82,21.031,6760.949
2024-08-14 23:00:00,21.031,21.064,20.94,20.953,4647.235
2024-08-15 00:00:00,20.953,21.147,20.925,21.073,10019.163
2024-08-15 01:00:00,21.073,21.096,20.821,20.844,15920.795
2024-08-15 02:00:00,20.844,20.943,20.743,20.867,15231.589
2024-08-15 03:00:00,20.867,20.992,20.854,20.939,5005.481
2024-08-15 04:00:00,20.939,20.961,20.812,20.884,6612.282
2024-08-15 05:00:00,20.884,20.917,20.666,20.706,11753.489
2024-08-15 06:00:00,20.706,20.768,20.549,20.65,13691.225
2024-08-15 07:00:00,20.65,20.981,20.532,20.961,28990.754
2024-08-15 08:00:00,20.961,21.045,20.828,21.036,14671.744
2024-08-15 09:00:00,21.036,21.078,20.897,20.917,8631.008
2024-08-15 10:00:00,20.917,20.932,20.789,20.831,6400.481
2024-08-15 11:00:00,20.831,21.135,20.83,21.088,13751.356
2024-08-15 12:00:00,21.088,21.126,20.768,20.848,47070.026
2024-08-15 13:00:00,20.848,21.099,20.77,21.095,25788.166
2024-08-15 14:00:00,21.095,21.143,20.891,20.913,28867.92
2024-08-15 15:00:00,20.913,20.981,20.805,20.914,15383.433
2024-08-15 16:00:00,20.914,20.998,20.702,20.803,28870.409
2024-08-15 17:00:00,20.803,20.803,20.345,20.363,27627.802
2024-08-15 18:00:00,20.363,20.366,19.823,20.019,59295.198
2024-08-15 19:00:00,20.019,20.104,19.86,20.058,36364.399
2024-08-15 20:00:00,20.058,20.059,19.854,20.056,17858.863
2024-08-15 21:00:00,20.056,20.086,19.907,20.046,15692.149
2024-08-15 22:00:00,20.046,20.252,19.923,20.111,30383.312
2024-08-15 23:00:00,20.111,20.197,20.06,20.128,12547.884
2024-08-16 00:00:00,20.128,20.221,20.077,20.154,9410.619
2024-08-16 01:00:00,20.154,20.23,20.026,20.143,7508.315
2024-08-16 02:00:00,20.143,20.481,20.027,20.318,18241.478
2024-08-16 03:00:00,20.318,20.338,20.164,20.194,10052.05
2024-08-16 04:00:00,20.194,20.382,20.159,20.377,5790.632
2024-08-16 05:00:00,20.377,20.399,20.312,20.342,6978.15
2024-08-16 06:00:00,20.342,20.614,20.328,20.573,10641.633
2024-08-16 07:00:00,20.573,20.6,20.456,20.543,6239.492
2024-08-16 08:00:00,20.543,20.585,20.473,20.492,6106.288
2024-08-16 09:00:00,20.492,20.515,20.398,20.485,10156.059
2024-08-16 10:00:00,20.485,20.487,20.349,20.392,6480.586
2024-08-16 11:00:00,20.392,20.44,20.265,20.32,7710.161
2024-08-16 12:00:00,20.32,20.362,19.825,20.01,22421.667
2024-08-16 13:00:00,20.01,20.427,19.954,20.189,32463.092
2024-08-16 14:00:00,20.189,20.264,19.919,19.988,28897.031
2024-08-16 15:00:00,19.988,20.092,19.777,19.953,27361.154
2024-08-16 16:00:00,19.953,20.4,19.945,20.227,50501.503
2024-08-16 17:00:00,20.227,20.425,20.017,20.35,25033.366
2024-08-16 18:00:00,20.35,20.473,20.266,20.371,21943.087
2024-08-16 19:00:00,20.371,20.466,20.356,20.416,12019.042
2024-08-16 20:00:00,20.416,20.686,20.413,20.523,32633.005
2024-08-16 21:00:00,20.523,20.581,20.442,20.472,5661.769
2024-08-16 22:00:00,20.472,20.551,20.445,20.455,5853.821
2024-08-16 23:00:00,20.455,20.467,20.361,20.368,3159.411
2024-08-17 00:00:00,20.368,20.416,20.236,20.378,7719.475
2024-08-17 01:00:00,20.378,20.477,20.35,20.445,5490.122
2024-08-17 02:00:00,20.445,20.536,20.41,20.433,4565.348
2024-08-17 03:00:00,20.433,20.448,20.318,20.436,3429.543
2024-08-17 04:00:00,20.436,20.471,20.39,20.464,3041.214
2024-08-17 05:00:00,20.464,20.556,20.463,20.545,3831.38
2024-08-17 06:00:00,20.545,20.597,20.531,20.559,3949.149
2024-08-17 07:00:00,20.559,20.6,20.476,20.571,6712.723
2024-08-17 08:00:00,20.571,20.588,20.433,20.504,3985.616
2024-08-17 09:00:00,20.504,20.569,20.45,20.532,5563.523
2024-08-17 10:00:00,20.532,20.558,20.421,20.438,4722.572
2024-08-17 11:00:00,20.438,20.518,20.378,20.478,5783.491
2024-08-17 12:00:00,20.478,20.496,20.376,20.473,8233.599
2024-08-17 13:00:00,20.473,20.588,20.42,20.454,12648.559
2024-08-17 14:00:00,20.454,20.536,20.376,20.52,7056.222
2024-08-17 15:00:00,20.52,20.654,20.457,20.476,15966.891
2024-08-17 16:00:00,20.476,20.622,20.464,20.575,7971.301
2024-08-17 17:00:00,20.575,20.672,20.532,20.58,9397.272
2024-08-17 18:00:00,20.58,20.585,20.504,20.528,4761.589
2024-08-17 19:00:00,20.528,20.599,20.487,20.572,3416.703
2024-08-17 20:00:00,20.572,20.627,20.509,20.553,7548.272
2024-08-17 21:00:00,20.553,20.591,20.502,20.591,3771.176
2024-08-17 22:00:00,20.591,20.672,20.551,20.563,4737.356
2024-08-17 23:00:00,20.563,20.709,20.562,20.705,4004.685
2024-08-18 00:00:00,20.705,20.872,20.673,20.76,19964.487
2024-08-18 01:00:00,20.76,20.802,20.574,20.589,14584.437
2024-08-18 02:00:00,20.589,20.846,20.543,20.805,8618.552
2024-08-18 03:00:00,20.805,20.862,20.625,20.626,19156.137
2024-08-18 04:00:00,20.626,20.7,20.562,20.676,15243.336
2024-08-18 05:00:00,20.676,20.812,20.659,20.791,7298.433
2024-08-18 06:00:00,20.791,20.93,20.767,20.79,9480.084
2024-08-18 07:00:00,20.79,20.81,20.651,20.747,19155.969
2024-08-18 08:00:00,20.747,20.783,20.691,20.733,4350.479
2024-08-18 09:00:00,20.733,20.935,20.71,20.859,16440.743
2024-08-18 10:00:00,20.859,21.069,20.859,21.012,19730.39
2024-08-18 11:00:00,21.012,21.051,20.889,21.022,11547.443
2024-08-18 12:00:00,21.022,21.23,20.973,21.124,30045.118
2024-08-18 13:00:00,21.124,21.426,21.104,21.173,75045.025
2024-08-18 14:00:00,21.173,21.4,21.17,21.19,42629.788
2024-08-18 15:00:00,21.19,21.266,21.101,21.221,28616.014
2024-08-18 16:00:00,21.221,21.307,21.194,21.23,6122.73
2024-08-18 17:00:00,21.23,21.275,21.027,21.087,20111.824
2024-08-18 18:00:00,21.087,21.239,21.057,21.223,15153.939
2024-08-18 19:00:00,21.223,21.353,21.214,21.353,11870.097
2024-08-18 20:00:00,21.353,21.486,21.351,21.467,16753.324
2024-08-18 21:00:00,21.467,21.512,21.197,21.268,10724.944
2024-08-18 22:00:00,21.268,21.354,21.226,21.233,9658.57
2024-08-18 23:00:00,21.233,21.255,20.764,20.818,26740.801
2024-08-19 00:00:00,20.818,20.845,20.654,20.673,21842.634
2024-08-19 01:00:00,20.673,20.952,20.652,20.857,12107.284
2024-08-19 02:00:00,20.857,20.941,20.802,20.879,7346.165
2024-08-19 03:00:00,20.879,20.933,20.844,20.897,7055.932
2024-08-19 04:00:00,20.897,20.901,20.722,20.775,7289.692
2024-08-19 05:00:00,20.775,20.778,20.578,20.625,9602.094
2024-08-19 06:00:00,20.625,20.763,20.565,20.713,9199.552
2024-08-19 07:00:00,20.713,20.791,20.674,20.686,6227.862
2024-08-19 08:00:00,20.686,20.802,20.657,20.787,4968.789
2024-08-19 09:00:00,20.787,20.856,20.585,20.603,21421.936
2024-08-19 10:00:00,20.603,20.739,20.49,20.626,18022.962
2024-08-19 11:00:00,20.626,20.743,20.565,20.719,13416.636
2024-08-19 12:00:00,20.719,20.748,20.533,20.676,27618.973
2024-08-19 13:00:00,20.676,20.839,20.523,20.536,18188.476
2024-08-19 14:00:00,20.536,20.623,20.382,20.616,24924.852
2024-08-19 15:00:00,20.616,20.681,20.515,20.575,9227.332
2024-08-19 16:00:00,20.575,20.628,20.442,20.627,11449.96
2024-08-19 17:00:00,20.627,21.055,20.57,20.804,28178.493
2024-08-19 18:00:00,20.804,20.96,20.714,20.846,12742.367
2024-08-19 19:00:00,20.846,20.929,20.779,20.827,9006.769
2024-08-19 20:00:00,20.827,20.991,20.774,20.896,10473.008
2024-08-19 21:00:00,20.896,20.932,20.832,20.89,9009.236
2024-08-19 22:00:00,20.89,21.11,20.89,21.094,8907.16
2024-08-19 23:00:00,21.094,21.246,21.005,21.205,28503.641
2024-08-20 00:00:00,21.205,21.621,21.132,21.439,37417.743
2024-08-20 01:00:00,21.439,21.753,21.435,21.702,43418.485
2024-08-20 02:00:00,21.702,21.741,21.56,21.669,13394.955
2024-08-20 03:00:00,21.669,21.806,21.647,21.799,17722.782
2024-08-20 04:00:00,21.799,21.848,21.715,21.821,17782.166
2024-08-20 05:00:00,21.821,22.002,21.789,21.897,30862.274
2024-08-20 06:00:00,21.897,21.986,21.852,21.879,17002.796
2024-08-20 07:00:00,21.879,22.088,21.853,22.076,31743.403
2024-08-20 08:00:00,22.076,22.107,21.887,21.944,12576.045
2024-08-20 09:00:00,21.944,22.129,21.918,22.118,11009.558
2024-08-20 10:00:00,22.118,22.165,22.042,22.046,9840.024
2024-08-20 11:00:00,22.046,22.093,21.93,21.997,9559.296
2024-08-20 12:00:00,21.997,22.628,21.985,22.125,24593.734
2024-08-20 13:00:00,22.125,22.227,22.01,22.19,26060.423
2024-08-20 14:00:00,22.19,22.218,21.77,21.77,38988.595
2024-08-20 15:00:00,21.77,21.944,21.477,21.78,37402.485
2024-08-20 16:00:00,21.78,22.007,21.745,21.893,21249.497
2024-08-20 17:00:00,21.893,22.45,21.857,22.346,26012.999
2024-08-20 18:00:00,22.346,22.634,22.308,22.441,22618.275
2024-08-20 19:00:00,22.441,22.661,22.408,22.565,28588.265
2024-08-20 20:00:00,22.565,22.79,22.498,22.505,32054.564
2024-08-20 21:00:00,22.505,22.518,22.336,22.479,9572.618
2024-08-20 22:00:00,22.479,22.62,22.4,22.442,8857.626
2024-08-20 23:00:00,22.442,22.447,22.218,22.257,9788.938
2024-08-21 00:00:00,22.257,22.506,22.244,22.355,15709.093
2024-08-21 01:00:00,22.355,22.515,22.27,22.509,11596.882
2024-08-21 02:00:00,22.509,22.733,22.509,22.669,16501.29
2024-08-21 03:00:00,22.669,23.187,22.66,23.186,26820.394
2024-08-21 04:00:00,23.186,23.458,23.147,23.278,29936.267
2024-08-21 05:00:00,23.278,23.347,22.947,23.138,15479.937
2024-08-21 06:00:00,23.138,23.592,23.124,23.462,44434.708
2024-08-21 07:00:00,23.462,23.489,23.238,23.296,23471.884
2024-08-21 08:00:00,23.296,23.4,23.008,23.035,14824.88
2024-08-21 09:00:00,23.035,23.058,22.862,23.001,11432.865
2024-08-21 10:00:00,23.001,23.103,22.94,22.97,13081.573
2024-08-21 11:00:00,22.97,23.036,22.842,22.881,17319.674
2024-08-21 12:00:00,22.881,23.148,22.835,23.116,14246.702
2024-08-21 13:00:00,23.116,23.42,22.836,23.396,44934.015
2024-08-21 14:00:00,23.396,23.47,22.965,23.028,63457.834
2024-08-21 15:00:00,23.028,23.107,22.806,23.095,33331.876
2024-08-21 16:00:00,23.095,23.38,22.976,23.326,21904.761
2024-08-21 17:00:00,23.326,23.661,23.245,23.432,39805.421
2024-08-21 18:00:00,23.432,23.521,23.258,23.449,35345.53
2024-08-21 19:00:00,23.449,23.66,23.349,23.618,21401.864
2024-08-21 20:00:00,23.618,23.801,23.528,23.657,25746.165
2024-08-21 21:00:00,23.657,23.7,23.434,23.609,10752.845
2024-08-21 22:00:00,23.609,23.696,23.474,23.555,11249.634
2024-08-21 23:00:00,23.555,23.58,23.413,23.532,7235.65
2024-08-22 00:00:00,23.532,23.667,23.51,23.533,12769.799
2024-08-22 01:00:00,23.533,23.642,23.403,23.457,11719.119
2024-08-22 02:00:00,23.457,23.457,23.027,23.219,31243.35
2024-08-22 03:00:00,23.219,23.302,23.179,23.229,7690.293
2024-08-22 04:00:00,23.229,23.528,23.133,23.375,19554.65
2024-08-22 05:00:00,23.375,23.417,23.225,23.251,10552.273
2024-08-22 06:00:00,23.251,23.343,23.236,23.279,7500.64
2024-08-22 07:00:00,23.279,23.331,23.201,23.258,5317.381
2024-08-22 08:00:00,23.258,23.302,23.189,23.262,5173.963
2024-08-22 09:00:00,23.262,23.399,23.218,23.344,3810.379
2024-08-22 10:00:00,23.344,23.541,23.297,23.516,7315.269
2024-08-22 11:00:00,23.516,23.564,23.389,23.534,6489.358
2024-08-22 12:00:00,23.534,23.743,23.521,23.695,21884.293
2024-08-22 13:00:00,23.695,25.3,23.695,24.904,204867.351
2024-08-22 14:00:00,24.904,25.046,24.58,24.819,63897.288
2024-08-22 15:00:00,24.819,24.952,24.563,24.603,32831.868
2024-08-22 16:00:00,24.603,24.634,24.339,24.387,29791.537
2024-08-22 17:00:00,24.387,24.48,24.21,24.235,17567.354
2024-08-22 18:00:00,24.235,24.55,24.108,24.479,29022.649
2024-08-22 19:00:00,24.479,24.548,24.377,24.482,11294.031
2024-08-22 20:00:00,24.482,24.78,24.482,24.778,19438.278
2024-08-22 21:00:00,24.778,24.801,24.634,24.702,9309.78
2024-08-22 22:00:00,24.702,24.882,24.641,24.866,8116.425
2024-08-22 23:00:00,24.866,25.298,24.806,25.218,20347.104
2024-08-23 00:00:00,25.218,25.993,25.213,25.833,34289.003
2024-08-23 01:00:00,25.833,26.408,25.822,26.377,43974.616
2024-08-23 02:00:00,26.377,26.477,26.071,26.245,32806.848
2024-08-23 03:00:00,26.245,26.623,26.196,26.476,25427.293
2024-08-23 04:00:00,26.476,26.553,26.039,26.204,29437.723
2024-08-23 05:00:00,26.204,26.316,25.658,25.757,54387.717
2024-08-23 06:00:00,25.757,25.883,25.644,25.769,26146.476
2024-08-23 07:00:00,25.769,25.796,25.642,25.759,22798.746
2024-08-23 08:00:00,25.759,26.011,25.756,25.985,65301.019
2024-08-23 09:00:00,25.985,26.173,25.92,26.095,42049.512
2024-08-23 10:00:00,26.095,26.296,26.018,26.279,17928.55
2024-08-23 11:00:00,26.279,26.295,26.013,26.079,20981.144
2024-08-23 12:00:00,26.079,26.383,26.079,26.337,26187.937
2024-08-23 13:00:00,26.337,26.47,26.159,26.374,31797.126
2024-08-23 14:00:00,26.374,26.854,25.883,26.098,114613.133
2024-08-23 15:00:00,26.098,26.431,26.048,26.119,38448.161
2024-08-23 16:00:00,26.119,26.344,26.036,26.171,27156.73
2024-08-23 17:00:00,26.171,26.466,26.072,26.391,33833.86
2024-08-23 18:00:00,26.391,26.644,26.352,26.604,41221.156
2024-08-23 19:00:00,26.604,26.798,26.52,26.687,46310.726
2024-08-23 20:00:00,26.687,26.889,26.554,26.623,39461.809
2024-08-23 21:00:00,26.623,27.4,26.546,26.689,63054.603
2024-08-23 22:00:00,26.689,26.921,26.599,26.666,36795.65
2024-08-23 23:00:00,26.666,26.734,26.474,26.501,12585.469
2024-08-24 00:00:00,26.501,26.586,26.355,26.494,13629.164
2024-08-24 01:00:00,26.494,26.494,26.197,26.375,19482.477
2024-08-24 02:00:00,26.375,26.472,26.345,26.389,6781.538
2024-08-24 03:00:00,26.389,26.389,26.232,26.251,6937.42
2024-08-24 04:00:00,26.251,26.374,26.211,26.228,9698.892
2024-08-24 05:00:00,26.228,26.437,26.221,26.317,15220.687
2024-08-24 06:00:00,26.317,26.481,26.284,26.305,13822.382
2024-08-24 07:00:00,26.305,26.703,26.249,26.625,30429.526
2024-08-24 08:00:00,26.625,26.652,26.467,26.635,15275.538
2024-08-24 09:00:00,26.635,27.102,26.518,27.0,25752.493
2024-08-24 10:00:00,27.0,27.441,26.904,27.231,33957.713
2024-08-24 11:00:00,27.231,27.716,27.226,27.498,33328.801
2024-08-24 12:00:00,27.498,27.81,27.41,27.476,46181.58
2024-08-24 13:00:00,27.476,27.625,27.2,27.362,26247.581
2024-08-24 14:00:00,27.362,27.512,27.252,27.512,10479.382
2024-08-24 15:00:00,27.512,27.832,27.475,27.768,59041.112
2024-08-24 16:00:00,27.768,28.003,27.591,27.607,50492.151
2024-08-24 17:00:00,27.607,27.723,27.418,27.509,23699.837
2024-08-24 18:00:00,27.509,27.754,27.434,27.704,19484.501
2024-08-24 19:00:00,27.704,27.77,27.438,27.464,13020.028
2024-08-24 20:00:00,27.464,27.552,27.26,27.348,13319.318
2024-08-24 21:00:00,27.348,27.348,26.768,26.827,34988.379
2024-08-24 22:00:00,26.827,27.167,26.818,26.959,28700.624
2024-08-24 23:00:00,26.959,27.185,26.959,27.119,9153.755
2024-08-25 00:00:00,27.119,27.177,26.733,26.803,16278.262
2024-08-25 01:00:00,26.803,27.01,26.497,26.731,24034.334
2024-08-25 02:00:00,26.731,27.029,26.7,26.947,8212.273
2024-08-25 03:00:00,26.947,26.963,26.68,26.937,29171.825
2024-08-25 04:00:00,26.937,27.1,26.709,27.023,17255.3
2024-08-25 05:00:00,27.023,27.077,26.864,26.921,10856.849
2024-08-25 06:00:00,26.921,26.984,26.692,26.727,18917.349
2024-08-25 07:00:00,26.727,26.734,26.135,26.288,37148.431
2024-08-25 08:00:00,26.288,26.565,26.144,26.444,24205.522
2024-08-25 09:00:00,26.444,26.504,26.304,26.449,19795.142
2024-08-25 10:00:00,26.449,26.496,26.309,26.353,8673.458
2024-08-25 11:00:00,26.353,26.655,26.342,26.624,14575.655
2024-08-25 12:00:00,26.624,26.722,26.49,26.604,9102.363
2024-08-25 13:00:00,26.604,26.997,26.6,26.933,25338.417
2024-08-25 14:00:00,26.933,27.049,26.797,26.996,17387.315
2024-08-25 15:00:00,26.996,27.179,26.909,27.036,27623.964
2024-08-25 16:00:00,27.036,27.251,26.802,26.874,31181.643
2024-08-25 17:00:00,26.874,27.166,26.83,27.016,18558.025
2024-08-25 18:00:00,27.016,27.217,26.934,27.054,16108.303
2024-08-25 19:00:00,27.054,27.081,26.928,26.941,15304.187
2024-08-25 20:00:00,26.941,27.048,26.878,26.894,8025.361
2024-08-25 21:00:00,26.894,27.491,26.87,27.49,29389.571
2024-08-25 22:00:00,27.49,27.686,27.356,27.405,25103.172
2024-08-25 23:00:00,27.405,27.492,26.918,26.918,28173.677
2024-08-26 00:00:00,26.918,27.194,26.587,26.712,40535.492
2024-08-26 01:00:00,26.712,26.78,26.428,26.525,18039.21
2024-08-26 02:00:00,26.525,26.682,26.323,26.682,18964.831
2024-08-26 03:00:00,26.682,26.854,26.565,26.849,9879.45
2024-08-26 04:00:00,26.849,26.943,26.797,26.922,14236.969
2024-08-26 05:00:00,26.922,27.117,26.912,26.999,19377.329
2024-08-26 06:00:00,26.999,27.048,26.603,26.88,45990.208
2024-08-26 07:00:00,26.88,27.008,26.672,26.802,22763.884
2024-08-26 08:00:00,26.802,27.08,26.776,26.87,19474.505
2024-08-26 09:00:00,26.87,26.974,26.56,26.964,34802.635
2024-08-26 10:00:00,26.964,27.09,26.899,26.903,24927.881
2024-08-26 11:00:00,26.903,27.047,26.85,26.86,15595.547
2024-08-26 12:00:00,26.86,26.917,26.377,26.475,35582.139
2024-08-26 13:00:00,26.475,26.714,26.374,26.472,27150.032
2024-08-26 14:00:00,26.472,26.679,26.25,26.515,34242.981
2024-08-26 15:00:00,26.515,26.618,26.246,26.539,32529.475
2024-08-26 16:00:00,26.539,26.696,26.418,26.633,21349.516
2024-08-26 17:00:00,26.633,26.745,26.236,26.323,37642.095
2024-08-26 18:00:00,26.323,26.643,26.154,26.532,36823.994
2024-08-26 19:00:00,26.532,26.542,26.2,26.279,14923.429
2024-08-26 20:00:00,26.279,26.47,26.145,26.42,17274.643
2024-08-26 21:00:00,26.42,26.423,25.93,26.066,20331.377
2024-08-26 22:00:00,26.066,26.142,25.946,25.985,9696.371
2024-08-26 23:00:00,25.985,26.213,25.892,25.946,12005.013
2024-08-27 00:00:00,25.946,26.308,25.939,26.141,22520.031
2024-08-27 01:00:00,26.141,26.384,26.07,26.176,18819.624
2024-08-27 02:00:00,26.176,26.372,26.091,26.175,12067.128
2024-08-27 03:00:00,26.175,26.341,26.051,26.299,9975.0
2024-08-27 04:00:00,26.299,26.432,26.186,26.432,9159.713
2024-08-27 05:00:00,26.432,26.682,26.418,26.66,12676.304
2024-08-27 06:00:00,26.66,26.806,26.378,26.45,26299.097
2024-08-27 07:00:00,26.45,26.68,26.433,26.57,11156.039
2024-08-27 08:00:00,26.57,26.663,26.079,26.275,26325.782
2024-08-27 09:00:00,26.275,26.295,25.841,25.931,28237.731
2024-08-27 10:00:00,25.931,25.938,25.557,25.579,40795.685
2024-08-27 11:00:00,25.579,25.853,25.52,25.758,21894.704
2024-08-27 12:00:00,25.758,25.797,25.527,25.781,25880.173
2024-08-27 13:00:00,25.781,25.802,25.495,25.635,30266.519
2024-08-27 14:00:00,25.635,25.734,25.34,25.438,39552.226
2024-08-27 15:00:00,25.438,25.545,25.268,25.329,19977.993
2024-08-27 16:00:00,25.329,25.591,25.19,25.341,20468.966
2024-08-27 17:00:00,25.341,25.496,25.284,25.484,12835.73
2024-08-27 18:00:00,25.484,25.809,25.476,25.758,20667.22
2024-08-27 19:00:00,25.758,25.778,25.489,25.568,10474.599
2024-08-27 20:00:00,25.568,25.579,25.344,25.364,10780.148
2024-08-27 21:00:00,25.364,25.464,24.54,24.642,61521.918
2024-08-27 22:00:00,24.642,24.642,23.669,24.125,114616.838
2024-08-27 23:00:00,24.125,24.211,23.92,24.09,20381.901
2024-08-28 00:00:00,24.09,24.09,23.661,23.848,35793.972
2024-08-28 01:00:00,23.848,23.947,23.639,23.914,21385.447
2024-08-28 02:00:00,23.914,23.92,23.587,23.831,19926.974
2024-08-28 03:00:00,23.831,24.319,23.806,24.219,22097.157
2024-08-28 04:00:00,24.219,24.259,24.048,24.06,17106.814
2024-08-28 05:00:00,24.06,24.246,24.02,24.093,14340.432
2024-08-28 06:00:00,24.093,24.147,23.926,23.934,12944.003
2024-08-28 07:00:00,23.934,23.997,23.602,23.621,28153.846
2024-08-28 08:00:00,23.621,24.111,23.472,23.947,35133.614
2024-08-28 09:00:00,23.947,24.808,23.871,24.806,36070.554
2024-08-28 10:00:00,24.806,24.83,24.461,24.515,30574.848
2024-08-28 11:00:00,24.515,24.737,24.466,24.682,28387.101
2024-08-28 12:00:00,24.682,24.83,24.575,24.6,18524.19
2024-08-28 13:00:00,24.6,24.627,23.996,24.021,33773.412
2024-08-28 14:00:00,24.021,24.434,23.88,24.006,39823.885
2024-08-28 15:00:00,24.006,24.006,23.595,23.87,35080.262
2024-08-28 16:00:00,23.87,23.93,23.185,23.842,68603.311
2024-08-28 17:00:00,23.842,23.871,23.517,23.525,27842.163
2024-08-28 18:00:00,23.525,24.103,23.45,24.097,27013.385
2024-08-28 19:00:00,24.097,24.254,23.743,23.798,36662.962
2024-08-28 20:00:00,23.798,24.143,23.619,23.739,52127.92
2024-08-28 21:00:00,23.739,23.805,23.557,23.559,16495.274
2024-08-28 22:00:00,23.559,23.606,23.21,23.484,22743.001
2024-08-28 23:00:00,23.484,23.609,23.287,23.445,18188.62
2024-08-29 00:00:00,23.445,23.639,23.406,23.546,22107.181
2024-08-29 01:00:00,23.546,23.631,23.286,23.34,18002.492
2024-08-29 02:00:00,23.34,23.559,23.299,23.534,21221.928
2024-08-29 03:00:00,23.534,23.638,23.46,23.483,13466.873
2024-08-29 04:00:00,23.483,23.534,23.327,23.467,11863.583
2024-08-29 05:00:00,23.467,23.754,23.43,23.747,16212.171
2024-08-29 06:00:00,23.747,23.906,23.722,23.785,14704.87
2024-08-29 07:00:00,23.785,23.929,23.777,23.838,9623.702
2024-08-29 08:00:00,23.838,23.887,23.616,23.661,24895.205
2024-08-29 09:00:00,23.661,23.965,23.642,23.699,36724.338
2024-08-29 10:00:00,23.699,23.777,23.474,23.493,16978.027
2024-08-29 11:00:00,23.493,23.848,23.45,23.595,31049.172
2024-08-29 12:00:00,23.595,23.903,23.5,23.752,33471.868
2024-08-29 13:00:00,23.752,24.14,23.731,24.122,32079.202
2024-08-29 14:00:00,24.122,24.377,24.055,24.233,44422.61
2024-08-29 15:00:00,24.233,24.676,24.179,24.345,40189.813
2024-08-29 16:00:00,24.345,24.544,24.035,24.065,27340.576
2024-08-29 17:00:00,24.065,24.16,23.965,24.025,16644.111
2024-08-29 18:00:00,24.025,24.025,23.061,23.098,51924.652
2024-08-29 19:00:00,23.098,23.353,22.948,23.196,36050.3
2024-08-29 20:00:00,23.196,23.275,23.021,23.195,17055.642
2024-08-29 21:00:00,23.195,23.207,23.063,23.102,8763.339
2024-08-29 22:00:00,23.102,23.11,22.826,22.907,30060.558
2024-08-29 23:00:00,22.907,22.958,22.77,22.895,15908.867
2024-08-30 00:00:00,22.895,23.106,22.768,23.039,26432.788
2024-08-30 01:00:00,23.039,23.118,22.902,23.071,20637.129
2024-08-30 02:00:00,23.071,23.153,22.956,23.132,13183.032
2024-08-30 03:00:00,23.132,23.132,22.936,22.984,14750.674
2024-08-30 04:00:00,22.984,23.179,22.98,23.085,15787.791
2024-08-30 05:00:00,23.085,23.122,22.875,23.016,32536.378
2024-08-30 06:00:00,23.016,23.296,22.991,23.271,25161.062
2024-08-30 07:00:00,23.271,23.57,23.241,23.375,25951.39
2024-08-30 08:00:00,23.375,23.64,23.356,23.487,15683.336
2024-08-30 09:00:00,23.487,23.575,23.429,23.454,15929.178
2024-08-30 10:00:00,23.454,23.549,23.344,23.372,25376.908
2024-08-30 11:00:00,23.372,23.44,23.18,23.206,24118.031
2024-08-30 12:00:00,23.206,23.495,23.184,23.326,34584.883
2024-08-30 13:00:00,23.326,23.458,22.942,23.286,31046.99
2024-08-30 14:00:00,23.286,23.432,22.525,22.539,51888.123
2024-08-30 15:00:00,22.539,22.638,22.193,22.376,77012.205
2024-08-30 16:00:00,22.376,22.631,22.203,22.612,36277.933
2024-08-30 17:00:00,22.612,22.792,22.559,22.721,22305.333
2024-08-30 18:00:00,22.721,23.251,22.707,23.188,36695.155
2024-08-30 19:00:00,23.188,23.188,22.903,22.989,28099.815
2024-08-30 20:00:00,22.989,23.2,22.989,23.179,17768.289
2024-08-30 21:00:00,23.179,23.229,23.086,23.146,13823.734
2024-08-30 22:00:00,23.146,23.305,23.13,23.27,11021.573
2024-08-30 23:00:00,23.27,23.332,23.229,23.286,7694.301
2024-08-31 00:00:00,23.286,23.4,23.256,23.265,19413.033
2024-08-31 01:00:00,23.265,23.313,23.175,23.187,8223.261
2024-08-31 02:00:00,23.187,23.211,23.139,23.195,6119.101
2024-08-31 03:00:00,23.195,23.268,23.141,23.195,3635.151
2024-08-31 04:00:00,23.195,23.348,23.183,23.295,3931.525
2024-08-31 05:00:00,23.295,23.295,23.135,23.139,3292.582
2024-08-31 06:00:00,23.139,23.194,23.112,23.131,4175.177
2024-08-31 07:00:00,23.131,23.165,22.98,23.014,6256.753
2024-08-31 08:00:00,23.014,23.111,22.803,22.803,7653.319
2024-08-31 09:00:00,22.803,22.934,22.777,22.871,9100.281
2024-08-31 10:00:00,22.871,23.108,22.846,23.061,10575.273
2024-08-31 11:00:00,23.061,23.09,23.004,23.028,4905.615
2024-08-31 12:00:00,23.028,23.087,22.937,23.061,6462.831
2024-08-31 13:00:00,23.061,23.13,22.89,22.893,6769.048
2024-08-31 14:00:00,22.893,23.048,22.871,22.994,9598.099
2024-08-31 15:00:00,22.994,23.075,22.938,23.047,14092.131
2024-08-31 16:00:00,23.047,23.047,22.76,22.79,8539.429
2024-08-31 17:00:00,22.79,22.842,22.471,22.567,21550.288
2024-08-31 18:00:00,22.567,22.762,22.524,22.628,14265.575
2024-08-31 19:00:00,22.628,22.713,22.599,22.69,5822.011
2024-08-31 20:00:00,22.69,22.78,22.609,22.75,5382.958
2024-08-31 21:00:00,22.75,22.88,22.703,22.829,4285.129
2024-08-31 22:00:00,22.829,22.873,22.749,22.755,4056.883
2024-08-31 23:00:00,22.755,22.818,22.675,22.797,3815.808
2024-09-01 00:00:00,22.797,22.835,22.725,22.779,5553.621
2024-09-01 01:00:00,22.779,22.779,22.535,22.544,8049.456
2024-09-01 02:00:00,22.544,22.551,22.242,22.441,25378.233
2024-09-01 03:00:00,22.441,22.563,22.394,22.476,7566.856
2024-09-01 04:00:00,22.476,22.494,22.33,22.389,7569.223
2024-09-01 05:00:00,22.389,22.428,21.915,21.943,41318.375
2024-09-01 06:00:00,21.943,22.173,21.901,22.055,9938.499
2024-09-01 07:00:00,22.055,22.274,21.989,22.274,15162.765
2024-09-01 08:00:00,22.274,22.277,22.043,22.072,14287.439
2024-09-01 09:00:00,22.072,22.597,22.025,22.383,38451.773
2024-09-01 10:00:00,22.383,22.387,22.195,22.219,16767.943
2024-09-01 11:00:00,22.219,22.36,22.178,22.351,11707.894
2024-09-01 12:00:00,22.351,22.428,22.222,22.276,10644.867
2024-09-01 13:00:00,22.276,22.391,22.093,22.31,19915.782
2024-09-01 14:00:00,22.31,22.32,21.865,22.182,42912.774
2024-09-01 15:00:00,22.182,22.526,22.1,22.43,37315.226
2024-09-01 16:00:00,22.43,22.486,22.218,22.234,20649.384
2024-09-01 17:00:00,22.234,22.338,21.754,21.905,35011.821
2024-09-01 18:00:00,21.905,22.36,21.837,22.188,37859.117
2024-09-01 19:00:00,22.188,22.344,22.082,22.137,18893.077
2024-09-01 20:00:00,22.137,22.314,22.11,22.156,11711.981
2024-09-01 21:00:00,22.156,22.162,21.846,21.95,22058.119
2024-09-01 22:00:00,21.95,21.99,21.109,21.221,97331.184
2024-09-01 23:00:00,21.221,21.481,21.178,21.411,28948.787
2024-09-02 00:00:00,21.411,21.657,21.365,21.63,27822.017
2024-09-02 01:00:00,21.63,21.868,21.57,21.756,29028.875
2024-09-02 02:00:00,21.756,21.911,21.642,21.735,19696.165
2024-09-02 03:00:00,21.735,21.879,21.734,21.823,17795.911
2024-09-02 04:00:00,21.823,21.864,21.562,21.572,16531.515
2024-09-02 05:00:00,21.572,22.071,21.569,21.924,25462.453
2024-09-02 06:00:00,21.924,22.027,21.738,21.761,11456.383
2024-09-02 07:00:00,21.761,21.816,21.52,21.592,15645.281
2024-09-02 08:00:00,21.592,22.13,21.587,21.932,43462.21
2024-09-02 09:00:00,21.932,22.184,21.79,22.17,26090.126
2024-09-02 10:00:00,22.17,22.351,22.122,22.273,26148.643
2024-09-02 11:00:00,22.273,22.336,22.171,22.181,13563.96
2024-09-02 12:00:00,22.181,22.25,22.057,22.12,11696.865
2024-09-02 13:00:00,22.12,22.166,21.928,21.952,26657.334
2024-09-02 14:00:00,21.952,22.262,21.84,22.202,28024.823
2024-09-02 15:00:00,22.202,22.237,22.059,22.065,16563.472
2024-09-02 16:00:00,22.065,22.18,21.95,21.981,11990.56
2024-09-02 17:00:00,21.981,22.191,21.975,22.132,13742.337
2024-09-02 18:00:00,22.132,22.2,22.032,22.109,11745.471
2024-09-02 19:00:00,22.109,22.155,22.049,22.096,6386.02
2024-09-02 20:00:00,22.096,22.544,22.092,22.434,37942.538
2024-09-02 21:00:00,22.434,22.577,22.348,22.426,26474.263
2024-09-02 22:00:00,22.426,22.492,22.371,22.472,9858.636
2024-09-02 23:00:00,22.472,22.509,22.323,22.367,9961.252
2024-09-03 00:00:00,22.367,22.476,22.289,22.457,13281.732
2024-09-03 01:00:00,22.457,22.549,22.388,22.541,14803.988
2024-09-03 02:00:00,22.541,22.723,22.508,22.521,40271.801
2024-09-03 03:00:00,22.521,22.639,22.464,22.518,19992.839
2024-09-03 04:00:00,22.518,22.534,22.35,22.409,12358.965
2024-09-03 05:00:00,22.409,22.51,22.337,22.51,9036.31
2024-09-03 06:00:00,22.51,22.51,22.279,22.287,11741.634
2024-09-03 07:00:00,22.287,22.547,22.284,22.522,12715.62
2024-09-03 08:00:00,22.522,22.53,22.14,22.188,16764.491
2024-09-03 09:00:00,22.188,22.301,22.177,22.227,18143.589
2024-09-03 10:00:00,22.227,22.43,22.187,22.346,19725.898
2024-09-03 11:00:00,22.346,22.42,22.27,22.391,9820.396
2024-09-03 12:00:00,22.391,22.639,22.37,22.379,24160.869
2024-09-03 13:00:00,22.379,22.494,21.838,21.995,35856.535
2024-09-03 14:00:00,21.995,21.998,21.677,21.737,41470.852
2024-09-03 15:00:00,21.737,21.848,21.537,21.594,31399.948
2024-09-03 16:00:00,21.594,21.69,21.515,21.569,24100.815
2024-09-03 17:00:00,21.569,21.783,21.539,21.615,15564.56
2024-09-03 18:00:00,21.615,21.753,21.558,21.724,10639.819
2024-09-03 19:00:00,21.724,21.871,21.67,21.832,26466.411
2024-09-03 20:00:00,21.832,21.833,21.621,21.702,22693.875
2024-09-03 21:00:00,21.702,21.703,21.521,21.623,10242.756
2024-09-03 22:00:00,21.623,21.63,21.494,21.503,10321.055
2024-09-03 23:00:00,21.503,21.523,21.345,21.385,12445.692
2024-09-04 00:00:00,21.385,21.601,21.181,21.226,18961.428
2024-09-04 01:00:00,21.226,21.279,20.458,21.248,75118.194
2024-09-04 02:00:00,21.248,21.389,21.116,21.249,26272.071
2024-09-04 03:00:00,21.249,21.5,21.234,21.445,16154.515
2024-09-04 04:00:00,21.445,21.49,21.361,21.488,9426.399
2024-09-04 05:00:00,21.488,21.488,21.2,21.2,12406.538
2024-09-04 06:00:00,21.2,21.498,21.2,21.404,14036.855
2024-09-04 07:00:00,21.404,21.765,21.376,21.677,19584.006
2024-09-04 08:00:00,21.677,21.734,21.607,21.672,9917.56
2024-09-04 09:00:00,21.672,21.802,21.55,21.558,13163.878
2024-09-04 10:00:00,21.558,21.615,21.409,21.409,15212.027
2024-09-04 11:00:00,21.409,21.605,21.409,21.486,11491.782
2024-09-04 12:00:00,21.486,21.628,21.42,21.486,11394.51
2024-09-04 13:00:00,21.486,21.562,21.328,21.533,25243.364
2024-09-04 14:00:00,21.533,21.998,21.369,21.911,52901.301
2024-09-04 15:00:00,21.911,22.06,21.775,22.036,30253.631
2024-09-04 16:00:00,22.036,22.315,21.965,22.133,31286.478
2024-09-04 17:00:00,22.133,22.197,21.914,21.968,14444.428
2024-09-04 18:00:00,21.968,22.087,21.859,21.881,11571.486
2024-09-04 19:00:00,21.881,21.956,21.801,21.899,8598.465
2024-09-04 20:00:00,21.899,21.982,21.776,21.955,11553.422
2024-09-04 21:00:00,21.955,22.051,21.906,22.022,3383.016
2024-09-04 22:00:00,22.022,22.117,21.944,22.037,7081.797
2024-09-04 23:00:00,22.037,22.072,21.834,21.91,4929.127
2024-09-05 00:00:00,21.91,22.018,21.844,21.885,8779.781
2024-09-05 01:00:00,21.885,22.185,21.852,22.095,15605.781
2024-09-05 02:00:00,22.095,22.135,21.901,21.917,7593.404
2024-09-05 03:00:00,21.917,21.917,21.635,21.711,13876.915
2024-09-05 04:00:00,21.711,21.939,21.652,21.883,8886.041
2024-09-05 05:00:00,21.883,21.941,21.815,21.838,12512.165
2024-09-05 06:00:00,21.838,21.866,21.536,21.737,15895.634
2024-09-05 07:00:00,21.737,21.922,21.715,21.789,11800.567
2024-09-05 08:00:00,21.789,21.874,21.684,21.72,8384.266
2024-09-05 09:00:00,21.72,21.736,21.576,21.647,14183.323
2024-09-05 10:00:00,21.647,21.689,21.571,21.663,10718.622
2024-09-05 11:00:00,21.663,21.762,21.626,21.708,7230.468
2024-09-05 12:00:00,21.708,21.848,21.548,21.735,34888.244
2024-09-05 13:00:00,21.735,21.934,21.728,21.918,23108.793
2024-09-05 14:00:00,21.918,22.041,21.496,21.513,28863.532
2024-09-05 15:00:00,21.513,21.574,21.257,21.416,40465.737
2024-09-05 16:00:00,21.416,21.515,21.295,21.483,14600.346
2024-09-05 17:00:00,21.483,21.743,21.411,21.727,27048.488
2024-09-05 18:00:00,21.727,21.759,21.614,21.616,24708.628
2024-09-05 19:00:00,21.616,21.616,21.218,21.324,28841.537
2024-09-05 20:00:00,21.324,21.491,21.306,21.356,12095.055
2024-09-05 21:00:00,21.356,21.452,21.273,21.415,4841.672
2024-09-05 22:00:00,21.415,21.461,21.252,21.452,7536.135
2024-09-05 23:00:00,21.452,21.477,21.346,21.37,5379.129
2024-09-06 00:00:00,21.37,21.46,21.254,21.354,8894.534
2024-09-06 01:00:00,21.354,21.57,21.289,21.514,9403.523
2024-09-06 02:00:00,21.514,21.735,21.478,21.693,10121.041
2024-09-06 03:00:00,21.693,21.739,21.593,21.613,8380.499
2024-09-06 04:00:00,21.613,21.724,21.578,21.587,5854.219
2024-09-06 05:00:00,21.587,21.607,21.432,21.554,10484.094
2024-09-06 06:00:00,21.554,21.857,21.467,21.805,31682.238
2024-09-06 07:00:00,21.805,21.818,21.347,21.508,24275.873
2024-09-06 08:00:00,21.508,21.734,21.483,21.556,14715.842
2024-09-06 09:00:00,21.556,21.693,21.352,21.39,28251.627
2024-09-06 10:00:00,21.39,21.59,21.386,21.53,14499.379
2024-09-06 11:00:00,21.53,21.569,21.441,21.528,15349.718
2024-09-06 12:00:00,21.528,21.942,21.4,21.903,52134.783
2024-09-06 13:00:00,21.903,22.197,21.601,21.643,79961.808
2024-09-06 14:00:00,21.643,21.661,21.28,21.409,62458.207
2024-09-06 15:00:00,21.409,21.589,21.075,21.35,48643.259
2024-09-06 16:00:00,21.35,21.35,20.896,21.045,40449.569
2024-09-06 17:00:00,21.045,21.408,20.971,21.174,70293.636
2024-09-06 18:00:00,21.174,21.204,20.897,20.899,20663.837
2024-09-06 19:00:00,20.899,21.085,20.737,20.981,33291.997
2024-09-06 20:00:00,20.981,21.115,20.579,20.617,41976.792
2024-09-06 21:00:00,20.617,21.031,20.47,21.031,41327.407
2024-09-06 22:00:00,21.031,21.167,21.017,21.07,8163.498
2024-09-06 23:00:00,21.07,21.16,21.029,21.156,6835.105
2024-09-07 00:00:00,21.156,21.254,21.137,21.139,6206.0
2024-09-07 01:00:00,21.139,21.176,21.054,21.099,5088.948
2024-09-07 02:00:00,21.099,21.236,21.067,21.187,6228.963
2024-09-07 03:00:00,21.187,21.29,21.178,21.239,5854.973
2024-09-07 04:00:00,21.239,21.337,21.223,21.324,9160.727
2024-09-07 05:00:00,21.324,21.528,21.29,21.467,20650.194
2024-09-07 06:00:00,21.467,21.538,21.37,21.52,9601.361
2024-09-07 07:00:00,21.52,21.698,21.479,21.682,13443.549
2024-09-07 08:00:00,21.682,21.712,21.577,21.689,9043.242
2024-09-07 09:00:00,21.689,21.7,21.461,21.468,8284.133
2024-09-07 10:00:00,21.468,21.561,21.454,21.485,18013.352
2024-09-07 11:00:00,21.485,21.618,21.477,21.607,5270.585
2024-09-07 12:00:00,21.607,21.74,21.591,21.67,9840.617
2024-09-07 13:00:00,21.67,21.742,21.622,21.682,8460.198
2024-09-07 14:00:00,21.682,21.895,21.66,21.827,14587.367
2024-09-07 15:00:00,21.827,22.005,21.814,21.835,18537.559
2024-09-07 16:00:00,21.835,21.909,21.731,21.778,12430.816
2024-09-07 17:00:00,21.778,21.82,21.598,21.71,10775.365
2024-09-07 18:00:00,21.71,21.852,21.638,21.806,8435.921
2024-09-07 19:00:00,21.806,21.882,21.763,21.845,5757.461
2024-09-07 20:00:00,21.845,21.861,21.702,21.712,6412.127
2024-09-07 21:00:00,21.712,21.761,21.629,21.659,7231.845
2024-09-07 22:00:00,21.659,21.723,21.618,21.658,3114.073
2024-09-07 23:00:00,21.658,21.812,21.6,21.799,5944.064
2024-09-08 00:00:00,21.799,21.86,21.717,21.813,6939.185
2024-09-08 01:00:00,21.813,21.951,21.813,21.871,6062.469
2024-09-08 02:00:00,21.871,22.261,21.87,22.201,20605.482
2024-09-08 03:00:00,22.201,22.376,22.148,22.373,15752.162
2024-09-08 04:00:00,22.373,22.517,22.354,22.467,21594.359
2024-09-08 05:00:00,22.467,22.649,22.42,22.572,24237.43
2024-09-08 06:00:00,22.572,22.665,22.498,22.558,14922.942
2024-09-08 07:00:00,22.558,23.226,22.527,23.083,65182.125
2024-09-08 08:00:00,23.083,23.164,22.839,23.018,18113.568
2024-09-08 09:00:00,23.018,23.107,22.89,22.917,11362.525
2024-09-08 10:00:00,22.917,23.019,22.855,22.959,10760.933
2024-09-08 11:00:00,22.959,23.091,22.896,23.061,10563.475
2024-09-08 12:00:00,23.061,23.1,22.689,22.721,16239.773
2024-09-08 13:00:00,22.721,22.777,22.612,22.749,10814.148
2024-09-08 14:00:00,22.749,22.775,22.546,22.622,18372.555
2024-09-08 15:00:00,22.622,22.697,22.439,22.468,19028.73
2024-09-08 16:00:00,22.468,22.711,22.371,22.59,29170.308
2024-09-08 17:00:00,22.59,23.011,22.59,22.987,25469.34
2024-09-08 18:00:00,22.987,23.026,22.849,22.98,12508.864
2024-09-08 19:00:00,22.98,23.073,22.907,22.958,9949.03
2024-09-08 20:00:00,22.958,23.007,22.854,22.962,13291.383
2024-09-08 21:00:00,22.962,23.296,22.926,23.241,22121.246
2024-09-08 22:00:00,23.241,23.517,23.049,23.071,32874.279
2024-09-08 23:00:00,23.071,23.239,23.023,23.237,9060.144
2024-09-09 00:00:00,23.237,23.471,23.141,23.342,16489.42
2024-09-09 01:00:00,23.342,23.551,23.251,23.331,17213.21
2024-09-09 02:00:00,23.331,23.542,23.226,23.534,10903.975
2024-09-09 03:00:00,23.534,23.55,23.302,23.492,11393.41
2024-09-09 04:00:00,23.492,23.661,23.357,23.357,15399.641
2024-09-09 05:00:00,23.357,23.375,23.187,23.245,9441.51
2024-09-09 06:00:00,23.245,23.512,23.225,23.492,8358.496
2024-09-09 07:00:00,23.492,23.721,23.414,23.708,12103.211
2024-09-09 08:00:00,23.708,24.386,23.681,24.208,39955.528
2024-09-09 09:00:00,24.208,24.313,23.817,23.817,22801.25
2024-09-09 10:00:00,23.817,23.988,23.767,23.919,13361.754
2024-09-09 11:00:00,23.919,23.93,23.692,23.71,49841.014
2024-09-09 12:00:00,23.71,23.789,23.44,23.754,53754.834
2024-09-09 13:00:00,23.754,23.906,23.629,23.751,41147.368
2024-09-09 14:00:00,23.751,23.775,23.293,23.45,17814.182
2024-09-09 15:00:00,23.45,23.746,23.411,23.588,20360.723
2024-09-09 16:00:00,23.588,24.282,23.586,24.161,41463.19
2024-09-09 17:00:00,24.161,24.322,23.988,24.081,23696.425
2024-09-09 18:00:00,24.081,24.153,23.951,24.013,15025.992
2024-09-09 19:00:00,24.013,24.256,23.971,24.202,11148.163
2024-09-09 20:00:00,24.202,24.385,23.948,24.066,40633.342
2024-09-09 21:00:00,24.066,24.409,23.994,24.051,25176.529
2024-09-09 22:00:00,24.051,24.11,23.843,23.973,16897.072
2024-09-09 23:00:00,23.973,23.989,23.838,23.839,4897.38
2024-09-10 00:00:00,23.839,23.87,23.687,23.77,11916.551
2024-09-10 01:00:00,23.77,23.818,23.629,23.711,5812.825
2024-09-10 02:00:00,23.711,23.718,23.612,23.688,3349.403
2024-09-10 03:00:00,23.688,23.697,23.582,23.601,3501.442
2024-09-10 04:00:00,23.601,23.768,23.572,23.678,4533.554
2024-09-10 05:00:00,23.678,23.801,23.656,23.798,3788.797
2024-09-10 06:00:00,23.798,23.798,23.617,23.628,3398.514
2024-09-10 07:00:00,23.628,23.84,23.588,23.798,6253.602
2024-09-10 08:00:00,23.798,23.979,23.641,23.688,16393.079
2024-09-10 09:00:00,23.688,23.864,23.62,23.788,7827.288
2024-09-10 10:00:00,23.788,23.964,23.736,23.931,10484.75
2024-09-10 11:00:00,23.931,24.112,23.922,24.073,14561.852
2024-09-10 12:00:00,24.073,24.112,23.881,23.884,10895.972
2024-09-10 13:00:00,23.884,23.93,23.739,23.824,18254.32
2024-09-10 14:00:00,23.824,24.131,23.748,23.963,27783.084
2024-09-10 15:00:00,23.963,24.135,23.754,23.754,14541.289
2024-09-10 16:00:00,23.754,23.983,23.741,23.899,7963.746
2024-09-10 17:00:00,23.899,24.096,23.889,23.942,11121.125
2024-09-10 18:00:00,23.942,24.344,23.942,24.238,25833.56
2024-09-10 19:00:00,24.238,24.506,24.142,24.403,19506.053
2024-09-10 20:00:00,24.403,24.588,24.305,24.357,18879.457
2024-09-10 21:00:00,24.357,24.421,24.271,24.291,4631.654
2024-09-10 22:00:00,24.291,24.531,24.291,24.468,8528.484
2024-09-10 23:00:00,24.468,24.477,24.32,24.352,6090.597
2024-09-11 00:00:00,24.352,24.516,24.282,24.438,7663.634
2024-09-11 01:00:00,24.438,24.473,23.898,23.955,17241.054
2024-09-11 02:00:00,23.955,24.126,23.949,23.95,12852.258
2024-09-11 03:00:00,23.95,23.976,23.771,23.841,13640.852
2024-09-11 04:00:00,23.841,23.841,23.445,23.6,18328.801
2024-09-11 05:00:00,23.6,23.6,23.273,23.396,13938.86
2024-09-11 06:00:00,23.396,23.592,23.327,23.49,10467.541
2024-09-11 07:00:00,23.49,23.671,23.49,23.642,14964.767
2024-09-11 08:00:00,23.642,23.643,23.403,23.446,5681.805
2024-09-11 09:00:00,23.446,23.572,23.419,23.51,5748.659
2024-09-11 10:00:00,23.51,23.518,23.343,23.42,5286.784
2024-09-11 11:00:00,23.42,23.658,23.42,23.627,9273.191
2024-09-11 12:00:00,23.627,23.656,23.277,23.517,53713.982
2024-09-11 13:00:00,23.517,23.779,23.092,23.105,48001.747
2024-09-11 14:00:00,23.105,23.245,22.873,23.083,19252.852
2024-09-11 15:00:00,23.083,23.494,22.992,23.331,29292.734
2024-09-11 16:00:00,23.331,23.644,23.278,23.507,23108.916
2024-09-11 17:00:00,23.507,23.673,23.479,23.53,16788.513
2024-09-11 18:00:00,23.53,23.654,23.413,23.448,12243.005
2024-09-11 19:00:00,23.448,23.484,23.338,23.432,10982.042
2024-09-11 20:00:00,23.432,23.528,23.401,23.445,12065.262
2024-09-11 21:00:00,23.445,23.513,23.393,23.405,3645.107
2024-09-11 22:00:00,23.405,23.449,23.3,23.37,25455.753
2024-09-11 23:00:00,23.37,23.383,23.262,23.28,6609.838
2024-09-12 00:00:00,23.28,23.54,23.261,23.405,17004.448
2024-09-12 01:00:00,23.405,23.733,23.405,23.696,21539.964
2024-09-12 02:00:00,23.696,24.058,23.632,23.742,46546.052
2024-09-12 03:00:00,23.742,23.841,23.692,23.692,28575.164
2024-09-12 04:00:00,23.692,23.814,23.581,23.601,15685.767
2024-09-12 05:00:00,23.601,23.605,23.474,23.52,11963.834
2024-09-12 06:00:00,23.52,23.574,23.442,23.532,5905.893
2024-09-12 07:00:00,23.532,23.59,23.448,23.521,7832.84
2024-09-12 08:00:00,23.521,23.695,23.469,23.627,8978.24
2024-09-12 09:00:00,23.627,23.763,23.553,23.57,12734.841
2024-09-12 10:00:00,23.57,23.661,23.536,23.587,12486.671
2024-09-12 11:00:00,23.587,23.605,23.536,23.602,5154.35
2024-09-12 12:00:00,23.602,23.649,23.441,23.58,16108.391
2024-09-12 13:00:00,23.58,23.667,23.425,23.586,18129.034
2024-09-12 14:00:00,23.586,23.936,23.546,23.556,19287.941
2024-09-12 15:00:00,23.556,23.799,23.407,23.466,17432.798
2024-09-12 16:00:00,23.466,23.794,23.454,23.777,14012.098
2024-09-12 17:00:00,23.777,23.869,23.738,23.823,10650.91
2024-09-12 18:00:00,23.823,24.03,23.741,23.802,30151.315
2024-09-12 19:00:00,23.802,23.938,23.777,23.866,13555.63
2024-09-12 20:00:00,23.866,23.866,23.734,23.82,5802.106
2024-09-12 21:00:00,23.82,23.885,23.721,23.786,5987.633
2024-09-12 22:00:00,23.786,24.111,23.776,24.03,17093.76
2024-09-12 23:00:00,24.03,24.072,23.975,24.013,9304.293
2024-09-13 00:00:00,24.013,24.094,23.882,23.898,9722.714
2024-09-13 01:00:00,23.898,23.998,23.794,23.93,6642.78
2024-09-13 02:00:00,23.93,23.95,23.784,23.798,4926.647
2024-09-13 03:00:00,23.798,23.842,23.676,23.682,7379.631
2024-09-13 04:00:00,23.682,23.766,23.67,23.67,7207.082
2024-09-13 05:00:00,23.67,23.856,23.67,23.794,6925.757
2024-09-13 06:00:00,23.794,23.819,23.681,23.686,4749.182
2024-09-13 07:00:00,23.686,23.86,23.686,23.826,9229.482
2024-09-13 08:00:00,23.826,23.846,23.693,23.694,4577.485
2024-09-13 09:00:00,23.694,23.806,23.679,23.746,4347.172
2024-09-13 10:00:00,23.746,24.103,23.718,24.082,27079.962
2024-09-13 11:00:00,24.082,24.242,23.838,23.862,31249.251
2024-09-13 12:00:00,23.862,23.951,23.674,23.85,39216.688
2024-09-13 13:00:00,23.85,24.134,23.76,24.086,34691.428
2024-09-13 14:00:00,24.086,24.278,23.938,24.25,52239.819
2024-09-13 15:00:00,24.25,24.737,24.198,24.695,60877.762
2024-09-13 16:00:00,24.695,24.811,24.508,24.614,34455.523
2024-09-13 17:00:00,24.614,24.738,24.561,24.608,26238.159
2024-09-13 18:00:00,24.608,24.748,24.577,24.698,20479.577
2024-09-13 19:00:00,24.698,24.738,24.628,24.71,8446.58
2024-09-13 20:00:00,24.71,24.788,24.681,24.726,11316.888
2024-09-13 21:00:00,24.726,25.076,24.726,25.006,23398.981
2024-09-13 22:00:00,25.006,25.097,24.969,25.056,15857.09
2024-09-13 23:00:00,25.056,25.062,24.826,24.907,11664.439
2024-09-14 00:00:00,24.907,24.987,24.874,24.898,8581.445
2024-09-14 01:00:00,24.898,24.966,24.867,24.871,11293.822
2024-09-14 02:00:00,24.871,24.999,24.871,24.901,10752.46
2024-09-14 03:00:00,24.901,25.09,24.898,25.038,8772.556
2024-09-14 04:00:00,25.038,25.052,24.966,25.006,4183.192
2024-09-14 05:00:00,25.006,25.04,24.876,24.876,13921.216
2024-09-14 06:00:00,24.876,24.968,24.831,24.923,6585.469
2024-09-14 07:00:00,24.923,24.99,24.858,24.925,5298.866
2024-09-14 08:00:00,24.925,24.998,24.777,24.777,6868.778
2024-09-14 09:00:00,24.777,24.882,24.742,24.88,7336.316
2024-09-14 10:00:00,24.88,24.88,24.69,24.732,6072.159
2024-09-14 11:00:00,24.732,24.766,24.629,24.666,7417.926
2024-09-14 12:00:00,24.666,24.839,24.618,24.746,11470.136
2024-09-14 13:00:00,24.746,24.923,24.746,24.904,8420.691
2024-09-14 14:00:00,24.904,25.339,24.881,25.242,24112.881
2024-09-14 15:00:00,25.242,25.61,25.19,25.474,28842.614
2024-09-14 16:00:00,25.474,25.58,25.414,25.54,13200.974
2024-09-14 17:00:00,25.54,25.666,25.418,25.526,21375.608
2024-09-14 18:00:00,25.526,25.526,25.181,25.346,21940.312
2024-09-14 19:00:00,25.346,25.362,25.242,25.268,6210.979
2024-09-14 20:00:00,25.268,25.374,25.2,25.362,17131.515
2024-09-14 21:00:00,25.362,25.47,25.34,25.356,5690.164
2024-09-14 22:00:00,25.356,25.386,25.085,25.206,19995.186
2024-09-14 23:00:00,25.206,25.347,25.196,25.332,5653.708
2024-09-15 00:00:00,25.332,25.382,25.234,25.258,6854.614
2024-09-15 01:00:00,25.258,25.293,24.959,25.094,20755.055
2024-09-15 02:00:00,25.094,25.169,25.026,25.122,5913.935
2024-09-15 03:00:00,25.122,25.16,25.03,25.075,5129.511
2024-09-15 04:00:00,25.075,25.077,24.855,24.862,12110.449
2024-09-15 05:00:00,24.862,24.947,24.836,24.862,5294.701
2024-09-15 06:00:00,24.862,24.938,24.842,24.922,3336.417
2024-09-15 07:00:00,24.922,24.971,24.772,24.889,10631.681
2024-09-15 08:00:00,24.889,24.889,24.714,24.745,9578.49
2024-09-15 09:00:00,24.745,24.809,24.702,24.735,11091.741
2024-09-15 10:00:00,24.735,24.75,24.586,24.659,13582.712
2024-09-15 11:00:00,24.659,24.659,24.544,24.626,8570.128
2024-09-15 12:00:00,24.626,24.734,24.581,24.734,6226.974
2024-09-15 13:00:00,24.734,24.894,24.734,24.77,13393.976
2024-09-15 14:00:00,24.77,24.814,24.596,24.762,13422.061
2024-09-15 15:00:00,24.762,24.83,24.445,24.734,21684.585
2024-09-15 16:00:00,24.734,24.746,24.406,24.446,13808.483
2024-09-15 17:00:00,24.446,24.498,24.334,24.446,14151.856
2024-09-15 18:00:00,24.446,24.534,24.336,24.434,18916.296
2024-09-15 19:00:00,24.434,24.534,24.348,24.366,10278.012
2024-09-15 20:00:00,24.366,24.394,24.136,24.158,16741.602
2024-09-15 21:00:00,24.158,24.158,23.771,23.982,19679.856
2024-09-15 22:00:00,23.982,24.07,23.862,23.97,7666.841
2024-09-15 23:00:00,23.97,23.97,23.642,23.79,19830.34
2024-09-16 00:00:00,23.79,23.865,23.591,23.77,22893.43
2024-09-16 01:00:00,23.77,23.77,23.53,23.596,17572.023
2024-09-16 02:00:00,23.596,23.634,23.316,23.378,26049.704
2024-09-16 03:00:00,23.378,23.684,23.334,23.666,8455.522
2024-09-16 04:00:00,23.666,23.706,23.54,23.562,7344.768
2024-09-16 05:00:00,23.562,23.839,23.554,23.806,10019.717
2024-09-16 06:00:00,23.806,23.894,23.734,23.76,10695.829
2024-09-16 07:00:00,23.76,24.139,23.738,24.06,9947.14
2024-09-16 08:00:00,24.06,24.234,23.98,24.054,18535.448
2024-09-16 09:00:00,24.054,24.157,23.878,23.906,11078.233
2024-09-16 10:00:00,23.906,24.058,23.834,23.942,10928.207
2024-09-16 11:00:00,23.942,23.974,23.85,23.874,6518.469
2024-09-16 12:00:00,23.874,23.89,23.704,23.714,14885.281
2024-09-16 13:00:00,23.714,23.8,23.494,23.714,36489.726
2024-09-16 14:00:00,23.714,23.73,23.301,23.402,17236.456
2024-09-16 15:00:00,23.402,23.675,23.374,23.51,12670.821
2024-09-16 16:00:00,23.51,23.518,23.319,23.407,10849.423
2024-09-16 17:00:00,23.407,23.588,23.218,23.54,18978.675
2024-09-16 18:00:00,23.54,23.55,23.334,23.394,11648.903
2024-09-16 19:00:00,23.394,23.554,23.338,23.47,8609.542
2024-09-16 20:00:00,23.47,23.506,23.346,23.39,10255.389
2024-09-16 21:00:00,23.39,23.49,23.322,23.49,7186.276
2024-09-16 22:00:00,23.49,23.49,23.316,23.331,3372.3
2024-09-16 23:00:00,23.331,23.586,23.331,23.51,3210.461
2024-09-17 00:00:00,23.51,23.546,23.238,23.25,7380.518
2024-09-17 01:00:00,23.25,23.331,23.145,23.298,8016.47
2024-09-17 02:00:00,23.298,23.453,23.286,23.39,4058.983
2024-09-17 03:00:00,23.39,23.534,23.35,23.486,3815.91
2024-09-17 04:00:00,23.486,23.666,23.465,23.646,3925.439
2024-09-17 05:00:00,23.646,24.037,23.626,24.006,10648.689
2024-09-17 06:00:00,24.006,24.041,23.741,23.742,6920.065
2024-09-17 07:00:00,23.742,23.842,23.67,23.79,7816.611
2024-09-17 08:00:00,23.79,23.882,23.69,23.726,5999.653
2024-09-17 09:00:00,23.726,23.954,23.678,23.894,9038.351
2024-09-17 10:00:00,23.894,24.026,23.855,24.014,10048.64
2024-09-17 11:00:00,24.014,24.034,23.79,23.841,8307.473
2024-09-17 12:00:00,23.841,23.934,23.781,23.894,8531.967
2024-09-17 13:00:00,23.894,23.942,23.626,23.642,9925.144
2024-09-17 14:00:00,23.642,24.322,23.63,24.154,51171.029
2024-09-17 15:00:00,24.154,24.49,24.154,24.402,44813.316
2024-09-17 16:00:00,24.402,24.474,24.064,24.094,29432.177
2024-09-17 17:00:00,24.094,24.222,24.048,24.082,9011.756
2024-09-17 18:00:00,24.082,24.134,23.875,23.942,10298.04
2024-09-17 19:00:00,23.942,24.038,23.697,23.871,15742.229
2024-09-17 20:00:00,23.871,23.969,23.794,23.822,11758.786
2024-09-17 21:00:00,23.822,23.968,23.795,23.906,7111.658
2024-09-17 22:00:00,23.906,23.91,23.786,23.792,2952.84
2024-09-17 23:00:00,23.792,23.792,23.692,23.774,5526.589
2024-09-18 00:00:00,23.774,23.774,23.498,23.72,13665.986
2024-09-18 01:00:00,23.72,23.746,23.602,23.669,5443.138
2024-09-18 02:00:00,23.669,23.809,23.642,23.794,5240.171
2024-09-18 03:00:00,23.794,23.898,23.794,23.853,4952.894
2024-09-18 04:00:00,23.853,23.866,23.596,23.674,4834.419
2024-09-18 05:00:00,23.674,23.698,23.578,23.682,6994.239
2024-09-18 06:00:00,23.682,23.705,23.555,23.626,7740.941
2024-09-18 07:00:00,23.626,23.707,23.606,23.614,3199.037
2024-09-18 08:00:00,23.614,23.619,23.446,23.462,5935.573
2024-09-18 09:00:00,23.462,23.464,23.196,23.196,9365.579
2024-09-18 10:00:00,23.196,23.316,23.062,23.302,10553.964
2024-09-18 11:00:00,23.302,23.362,23.253,23.258,6271.589
2024-09-18 12:00:00,23.258,23.325,23.14,23.299,8215.647
2024-09-18 13:00:00,23.299,23.366,22.98,23.093,23010.488
2024-09-18 14:00:00,23.093,23.175,22.983,23.061,11135.421
2024-09-18 15:00:00,23.061,23.112,22.846,22.92,26811.364
2024-09-18 16:00:00,22.92,23.157,22.785,23.136,17589.918
2024-09-18 17:00:00,23.136,23.233,22.974,23.136,15760.067
2024-09-18 18:00:00,23.136,23.8,23.079,23.557,97755.647
2024-09-18 19:00:00,23.557,23.629,23.292,23.386,54169.797
2024-09-18 20:00:00,23.386,23.634,23.166,23.606,26813.45
2024-09-18 21:00:00,23.606,23.788,23.602,23.698,10450.34
2024-09-18 22:00:00,23.698,23.995,23.698,23.982,15257.556
2024-09-18 23:00:00,23.982,24.734,23.982,24.702,54152.603
2024-09-19 00:00:00,24.702,26.036,24.702,26.018,102317.373
2024-09-19 01:00:00,26.018,26.167,25.665,26.006,58372.833
2024-09-19 02:00:00,26.006,26.054,25.762,25.8,33999.88
2024-09-19 03:00:00,25.8,25.91,25.609,25.637,22624.779
2024-09-19 04:00:00,25.637,25.83,25.585,25.806,24046.537
2024-09-19 05:00:00,25.806,25.865,25.658,25.752,23734.213
2024-09-19 06:00:00,25.752,25.93,25.713,25.75,27836.977
2024-09-19 07:00:00,25.75,25.932,25.686,25.902,14358.898
2024-09-19 08:00:00,25.902,26.096,25.866,25.93,53055.408
2024-09-19 09:00:00,25.93,26.255,25.93,26.087,25918.31
2024-09-19 10:00:00,26.087,26.374,26.068,26.13,35006.806
2024-09-19 11:00:00,26.13,26.288,26.022,26.242,30832.914
2024-09-19 12:00:00,26.242,26.541,26.211,26.402,40195.967
2024-09-19 13:00:00,26.402,26.442,26.166,26.3,28051.845
2024-09-19 14:00:00,26.3,26.475,26.173,26.194,26221.59
2024-09-19 15:00:00,26.194,26.434,26.059,26.386,22386.232
2024-09-19 16:00:00,26.386,26.606,26.258,26.47,73035.812
2024-09-19 17:00:00,26.47,26.578,26.307,26.499,28260.76
2024-09-19 18:00:00,26.499,26.594,26.399,26.462,15994.204
2024-09-19 19:00:00,26.462,26.559,26.307,26.422,17518.123
2024-09-19 20:00:00,26.422,26.63,26.404,26.446,42021.145
2024-09-19 21:00:00,26.446,26.601,26.162,26.162,22671.52
2024-09-19 22:00:00,26.162,26.744,26.115,26.702,29537.151
2024-09-19 23:00:00,26.702,26.794,26.558,26.662,13750.869
2024-09-20 00:00:00,26.662,26.99,26.662,26.714,85907.099
2024-09-20 01:00:00,26.714,26.848,26.47,26.75,47320.358
2024-09-20 02:00:00,26.75,27.137,26.593,27.134,37570.806
2024-09-20 03:00:00,27.134,27.872,27.086,27.854,52958.913
2024-09-20 04:00:00,27.854,28.138,27.69,28.09,54060.629
2024-09-20 05:00:00,28.09,28.27,27.999,28.23,32099.261
2024-09-20 06:00:00,28.23,28.396,28.07,28.278,47224.545
2024-09-20 07:00:00,28.278,28.33,28.03,28.21,30778.123
2024-09-20 08:00:00,28.21,28.791,28.158,28.459,52879.316
2024-09-20 09:00:00,28.459,28.638,28.319,28.386,41113.151
2024-09-20 10:00:00,28.386,28.626,28.346,28.605,22182.606
2024-09-20 11:00:00,28.605,28.605,28.12,28.128,30138.687
2024-09-20 12:00:00,28.128,28.246,28.034,28.082,17107.593
2024-09-20 13:00:00,28.082,28.134,27.557,27.578,44773.839
2024-09-20 14:00:00,27.578,27.71,27.214,27.542,55846.12
2024-09-20 15:00:00,27.542,27.59,27.129,27.194,23951.579
2024-09-20 16:00:00,27.194,27.354,26.998,27.002,23657.572
2024-09-20 17:00:00,27.002,27.066,26.846,26.912,17089.488
2024-09-20 18:00:00,26.912,27.231,26.781,27.182,27471.838
2024-09-20 19:00:00,27.182,27.287,27.084,27.102,10506.331
2024-09-20 20:00:00,27.102,27.341,27.102,27.321,10908.128
2024-09-20 21:00:00,27.321,27.537,27.31,27.506,21962.459
2024-09-20 22:00:00,27.506,27.656,27.494,27.582,24361.436
2024-09-20 23:00:00,27.582,27.683,27.429,27.67,11799.129
2024-09-21 00:00:00,27.67,27.762,27.52,27.67,24832.315
2024-09-21 01:00:00,27.67,27.751,27.238,27.246,12998.421
2024-09-21 02:00:00,27.246,27.338,27.154,27.226,12038.478
2024-09-21 03:00:00,27.226,27.366,27.13,27.174,12771.294
2024-09-21 04:00:00,27.174,27.23,26.988,27.117,24895.624
2024-09-21 05:00:00,27.117,27.322,27.076,27.121,11841.052
2024-09-21 06:00:00,27.121,27.218,26.977,27.103,17907.298
2024-09-21 07:00:00,27.103,27.29,27.103,27.255,12284.158
2024-09-21 08:00:00,27.255,27.43,27.178,27.416,13583.376
2024-09-21 09:00:00,27.416,27.568,27.41,27.563,14090.01
2024-09-21 10:00:00,27.563,27.573,27.422,27.462,14577.621
2024-09-21 11:00:00,27.462,27.609,27.446,27.578,9799.701
2024-09-21 12:00:00,27.578,27.612,27.513,27.606,8980.707
2024-09-21 13:00:00,27.606,27.786,27.45,27.73,10934.926
2024-09-21 14:00:00,27.73,28.13,27.726,27.893,27088.919
2024-09-21 15:00:00,27.893,27.893,27.568,27.574,9717.612
2024-09-21 16:00:00,27.574,27.698,27.478,27.53,13664.333
2024-09-21 17:00:00,27.53,27.602,27.442,27.478,8110.413
2024-09-21 18:00:00,27.478,27.586,27.47,27.494,5803.624
2024-09-21 19:00:00,27.494,27.586,27.353,27.372,8449.492
2024-09-21 20:00:00,27.372,27.52,27.329,27.389,6475.613
2024-09-21 21:00:00,27.389,27.462,27.334,27.348,8385.314
2024-09-21 22:00:00,27.348,27.706,27.348,27.695,12777.811
2024-09-21 23:00:00,27.695,27.98,27.63,27.782,13645.779
2024-09-22 00:00:00,27.782,27.798,27.554,27.63,13833.445
2024-09-22 01:00:00,27.63,27.666,27.33,27.346,17856.945
2024-09-22 02:00:00,27.346,27.438,27.088,27.154,11566.894
2024-09-22 03:00:00,27.154,27.326,27.104,27.266,12192.59
2024-09-22 04:00:00,27.266,27.419,27.25,27.344,5112.713
2024-09-22 05:00:00,27.344,27.382,27.206,27.31,7811.142
2024-09-22 06:00:00,27.31,27.479,27.157,27.194,8580.015
2024-09-22 07:00:00,27.194,27.42,27.138,27.386,5518.705
2024-09-22 08:00:00,27.386,27.443,27.259,27.346,6880.822
2024-09-22 09:00:00,27.346,27.346,27.029,27.033,10705.939
2024-09-22 10:00:00,27.033,27.137,26.85,26.946,5635.323
2024-09-22 11:00:00,26.946,27.022,26.827,26.914,13344.363
2024-09-22 12:00:00,26.914,27.054,26.901,27.01,7592.758
2024-09-22 13:00:00,27.01,27.05,26.689,26.747,9452.614
2024-09-22 14:00:00,26.747,26.939,26.632,26.758,18285.473
2024-09-22 15:00:00,26.758,26.89,26.68,26.866,6462.64
2024-09-22 16:00:00,26.866,27.014,26.636,26.937,22002.557
2024-09-22 17:00:00,26.937,27.161,26.93,27.09,9332.402
2024-09-22 18:00:00,27.09,27.133,26.944,27.074,7562.349
2024-09-22 19:00:00,27.074,27.154,26.862,27.116,6806.263
2024-09-22 20:00:00,27.116,27.246,27.09,27.178,18452.93
2024-09-22 21:00:00,27.178,27.258,26.69,26.726,9753.464
2024-09-22 22:00:00,26.726,27.472,26.449,27.44,46195.726
2024-09-22 23:00:00,27.44,27.502,27.186,27.298,15319.791
2024-09-23 00:00:00,27.298,27.336,26.559,27.182,73221.505
2024-09-23 01:00:00,27.182,27.439,27.118,27.378,24435.877
2024-09-23 02:00:00,27.378,27.619,27.282,27.538,21844.871
2024-09-23 03:00:00,27.538,28.165,27.51,27.866,55276.326
2024-09-23 04:00:00,27.866,27.958,27.573,27.61,17564.389
2024-09-23 05:00:00,27.61,27.722,27.405,27.61,20986.501
2024-09-23 06:00:00,27.61,27.859,27.562,27.814,20598.88
2024-09-23 07:00:00,27.814,27.87,27.494,27.648,33105.586
2024-09-23 08:00:00,27.648,27.682,27.242,27.346,43281.518
2024-09-23 09:00:00,27.346,27.554,27.34,27.468,14855.415
2024-09-23 10:00:00,27.468,27.53,27.278,27.398,13558.409
2024-09-23 11:00:00,27.398,27.46,27.246,27.334,18608.633
2024-09-23 12:00:00,27.334,27.642,27.294,27.386,30680.949
2024-09-23 13:00:00,27.386,27.524,27.27,27.382,29723.244
2024-09-23 14:00:00,27.382,27.749,27.326,27.5,45580.88
2024-09-23 15:00:00,27.5,27.714,27.286,27.566,24837.574
2024-09-23 16:00:00,27.566,27.728,27.238,27.238,27148.246
2024-09-23 17:00:00,27.238,27.422,27.17,27.374,27753.549
2024-09-23 18:00:00,27.374,27.546,27.37,27.394,18766.883
2024-09-23 19:00:00,27.394,27.486,27.338,27.366,6922.852
2024-09-23 20:00:00,27.366,27.438,27.266,27.274,8245.062
2024-09-23 21:00:00,27.274,27.386,27.091,27.334,30038.496
2024-09-23 22:00:00,27.334,27.394,27.234,27.314,6342.794
2024-09-23 23:00:00,27.314,27.482,27.262,27.39,5920.302
2024-09-24 00:00:00,27.39,27.406,26.99,26.995,23661.646
2024-09-24 01:00:00,26.995,27.177,26.84,27.052,25017.514
2024-09-24 02:00:00,27.052,27.243,26.882,27.23,14843.1
2024-09-24 03:00:00,27.23,27.323,27.094,27.29,12372.535
2024-09-24 04:00:00,27.29,27.306,27.032,27.082,8038.848
2024-09-24 05:00:00,27.082,27.21,27.073,27.143,10754.241
2024-09-24 06:00:00,27.143,27.306,27.133,27.254,12006.118
2024-09-24 07:00:00,27.254,27.434,27.236,27.398,14675.44
2024-09-24 08:00:00,27.398,27.778,27.366,27.718,25250.815
2024-09-24 09:00:00,27.718,27.78,27.432,27.445,15490.562
2024-09-24 10:00:00,27.445,27.702,27.427,27.558,11761.294
2024-09-24 11:00:00,27.558,27.731,27.458,27.69,12919.403
2024-09-24 12:00:00,27.69,27.816,27.498,27.545,18854.495
2024-09-24 13:00:00,27.545,27.694,27.239,27.569,26524.008
2024-09-24 14:00:00,27.569,27.582,26.934,27.162,58041.144
2024-09-24 15:00:00,27.162,27.287,27.013,27.142,26495.211
2024-09-24 16:00:00,27.142,27.306,27.114,27.23,21638.491
2024-09-24 17:00:00,27.23,27.59,27.194,27.477,32800.595
2024-09-24 18:00:00,27.477,27.575,27.284,27.358,9301.809
2024-09-24 19:00:00,27.358,27.738,27.342,27.698,25529.179
2024-09-24 20:00:00,27.698,27.786,27.499,27.586,26002.037
2024-09-24 21:00:00,27.586,27.698,27.507,27.618,6001.219
2024-09-24 22:00:00,27.618,28.329,27.618,28.298,40314.207
2024-09-24 23:00:00,28.298,28.542,28.155,28.466,33423.891
2024-09-25 00:00:00,28.466,28.49,27.747,27.776,62729.375
2024-09-25 01:00:00,27.776,28.223,27.77,27.922,42391.726
2024-09-25 02:00:00,27.922,27.998,27.846,27.883,14711.719
2024-09-25 03:00:00,27.883,27.984,27.722,27.966,25017.845
2024-09-25 04:00:00,27.966,27.974,27.602,27.614,11179.702
2024-09-25 05:00:00,27.614,27.782,27.608,27.65,10883.561
2024-09-25 06:00:00,27.65,27.675,27.428,27.458,15274.511
2024-09-25 07:00:00,27.458,27.638,27.342,27.616,12085.886
2024-09-25 08:00:00,27.616,27.759,27.582,27.701,11377.417
2024-09-25 09:00:00,27.701,27.779,27.571,27.592,15760.893
2024-09-25 10:00:00,27.592,27.786,27.534,27.67,13475.108
2024-09-25 11:00:00,27.67,27.846,27.56,27.834,19671.458
2024-09-25 12:00:00,27.834,27.866,27.641,27.641,11102.031
2024-09-25 13:00:00,27.641,27.829,27.511,27.802,21432.71
2024-09-25 14:00:00,27.802,28.006,27.778,27.962,24279.905
2024-09-25 15:00:00,27.962,28.09,27.661,27.682,19127.945
2024-09-25 16:00:00,27.682,27.725,27.474,27.591,27589.104
2024-09-25 17:00:00,27.591,27.662,27.265,27.318,31317.333
2024-09-25 18:00:00,27.318,27.614,27.286,27.59,13501.806
2024-09-25 19:00:00,27.59,27.663,27.47,27.49,17091.585
2024-09-25 20:00:00,27.49,27.648,27.482,27.574,21199.013
2024-09-25 21:00:00,27.574,27.66,27.49,27.494,8332.97
2024-09-25 22:00:00,27.494,27.506,27.282,27.418,9780.911
2024-09-25 23:00:00,27.418,27.438,27.15,27.278,14646.911
2024-09-26 00:00:00,27.278,27.375,26.992,27.078,30661.713
2024-09-26 01:00:00,27.078,27.339,26.961,27.339,14975.593
2024-09-26 02:00:00,27.339,27.499,27.314,27.499,9567.805
2024-09-26 03:00:00,27.499,27.59,27.418,27.538,9901.794
2024-09-26 04:00:00,27.538,27.578,27.474,27.494,6504.242
2024-09-26 05:00:00,27.494,27.799,27.452,27.742,22848.052
2024-09-26 06:00:00,27.742,28.019,27.742,27.936,21445.516
2024-09-26 07:00:00,27.936,28.033,27.814,28.018,17542.169
2024-09-26 08:00:00,28.018,28.238,27.754,27.794,26934.949
2024-09-26 09:00:00,27.794,27.979,27.74,27.83,15930.046
2024-09-26 10:00:00,27.83,28.196,27.814,28.122,26311.313
2024-09-26 11:00:00,28.122,28.254,28.047,28.242,24963.907
2024-09-26 12:00:00,28.242,28.564,28.242,28.442,71030.12
2024-09-26 13:00:00,28.442,28.853,28.38,28.55,80483.054
2024-09-26 14:00:00,28.55,29.073,28.546,28.648,79422.371
2024-09-26 15:00:00,28.648,29.333,28.609,29.206,63045.699
2024-09-26 16:00:00,29.206,29.431,29.136,29.186,37847.885
2024-09-26 17:00:00,29.186,29.402,28.855,28.866,24495.167
2024-09-26 18:00:00,28.866,29.11,28.854,29.106,11146.602
2024-09-26 19:00:00,29.106,29.119,28.91,28.914,12443.465
2024-09-26 20:00:00,28.914,29.082,28.787,28.806,16483.893
2024-09-26 21:00:00,28.806,29.188,28.771,29.122,16331.131
2024-09-26 22:00:00,29.122,29.318,29.084,29.186,15073.362
2024-09-26 23:00:00,29.186,29.202,28.889,29.162,18367.446
2024-09-27 00:00:00,29.162,29.308,29.09,29.234,20482.0
2024-09-27 01:00:00,29.234,29.311,28.926,29.106,17040.063
2024-09-27 02:00:00,29.106,29.222,28.957,29.044,12491.862
2024-09-27 03:00:00,29.044,29.429,28.969,29.41,19296.416
2024-09-27 04:00:00,29.41,29.586,29.286,29.418,22717.889
2024-09-27 05:00:00,29.418,29.548,29.3,29.524,20916.109
2024-09-27 06:00:00,29.524,29.765,29.514,29.594,30167.994
2024-09-27 07:00:00,29.594,29.693,29.474,29.638,13091.208
2024-09-27 08:00:00,29.638,29.925,29.626,29.83,19753.519
2024-09-27 09:00:00,29.83,30.107,29.8,29.889,21818.41
2024-09-27 10:00:00,29.889,29.955,29.603,29.61,15174.844
2024-09-27 11:00:00,29.61,29.964,29.608,29.88,12040.283
2024-09-27 12:00:00,29.88,30.18,29.729,30.127,23127.4
2024-09-27 13:00:00,30.127,30.157,29.846,30.147,20898.132
2024-09-27 14:00:00,30.147,30.842,30.042,30.692,44570.725
2024-09-27 15:00:00,30.692,30.711,30.112,30.152,39550.241
2024-09-27 16:00:00,30.152,30.559,30.037,30.535,22140.945
2024-09-27 17:00:00,30.535,30.597,30.147,30.444,23395.786
2024-09-27 18:00:00,30.444,30.462,30.125,30.257,12441.128
2024-09-27 19:00:00,30.257,30.292,30.034,30.207,12202.705
2024-09-27 20:00:00,30.207,30.307,30.033,30.275,13693.595
2024-09-27 21:00:00,30.275,30.398,30.24,30.307,6017.517
2024-09-27 22:00:00,30.307,30.557,30.232,30.38,11521.765
2024-09-27 23:00:00,30.38,30.472,30.317,30.432,9339.284
2024-09-28 00:00:00,30.432,30.752,30.41,30.592,10924.453
2024-09-28 01:00:00,30.592,30.732,30.44,30.682,20611.406
2024-09-28 02:00:00,30.682,30.722,30.496,30.497,8736.908
2024-09-28 03:00:00,30.497,30.51,30.144,30.202,17157.037
2024-09-28 04:00:00,30.202,30.234,30.097,30.098,5500.84
2024-09-28 05:00:00,30.098,30.117,29.849,29.852,13252.929
2024-09-28 06:00:00,29.852,29.875,29.394,29.522,28118.313
2024-09-28 07:00:00,29.522,29.58,29.398,29.455,5877.088
2024-09-28 08:00:00,29.455,29.478,29.212,29.246,11846.02
2024-09-28 09:00:00,29.246,29.458,29.029,29.41,17288.656
2024-09-28 10:00:00,29.41,29.71,29.342,29.638,15503.708
2024-09-28 11:00:00,29.638,29.638,29.438,29.502,5388.45
2024-09-28 12:00:00,29.502,29.502,29.238,29.31,10907.751
2024-09-28 13:00:00,29.31,29.35,29.122,29.298,10028.215
2024-09-28 14:00:00,29.298,29.649,29.294,29.614,17873.017
2024-09-28 15:00:00,29.614,29.634,29.4,29.474,11332.044
2024-09-28 16:00:00,29.474,29.474,29.169,29.218,22838.3
2024-09-28 17:00:00,29.218,29.44,29.201,29.375,5499.171
2024-09-28 18:00:00,29.375,29.488,29.302,29.365,7493.131
2024-09-28 19:00:00,29.365,29.462,29.359,29.374,4051.635
2024-09-28 20:00:00,29.374,29.414,29.287,29.296,15709.107
2024-09-28 21:00:00,29.296,29.338,29.095,29.318,7158.167
2024-09-28 22:00:00,29.318,29.37,29.214,29.266,5473.02
2024-09-28 23:00:00,29.266,29.35,29.13,29.29,10839.897
2024-09-29 00:00:00,29.29,29.466,29.125,29.154,10760.368
2024-09-29 01:00:00,29.154,29.25,29.08,29.226,10131.953
2024-09-29 02:00:00,29.226,29.337,29.142,29.174,8520.531
2024-09-29 03:00:00,29.174,29.197,29.046,29.125,15515.641
2024-09-29 04:00:00,29.125,29.125,28.936,29.054,22134.34
2024-09-29 05:00:00,29.054,29.17,28.946,28.995,7475.954
2024-09-29 06:00:00,28.995,29.014,28.691,28.778,17554.401
2024-09-29 07:00:00,28.778,28.853,28.564,28.61,13478.207
2024-09-29 08:00:00,28.61,28.749,28.518,28.615,15950.103
2024-09-29 09:00:00,28.615,28.835,28.606,28.699,11825.546
2024-09-29 10:00:00,28.699,28.73,28.558,28.599,18915.376
2024-09-29 11:00:00,28.599,28.732,28.579,28.682,6948.54
2024-09-29 12:00:00,28.682,28.718,28.344,28.362,15177.482
2024-09-29 13:00:00,28.362,28.706,28.24,28.67,20707.901
2024-09-29 14:00:00,28.67,28.682,28.502,28.534,8312.304
2024-09-29 15:00:00,28.534,28.859,28.47,28.835,15619.771
2024-09-29 16:00:00,28.835,28.989,28.637,28.919,16267.33
2024-09-29 17:00:00,28.919,29.19,28.906,29.026,23128.215
2024-09-29 18:00:00,29.026,29.106,28.95,28.979,9680.082
2024-09-29 19:00:00,28.979,29.266,28.974,29.262,7463.42
2024-09-29 20:00:00,29.262,29.38,29.031,29.147,16430.329
2024-09-29 21:00:00,29.147,29.432,29.118,29.242,9615.61
2024-09-29 22:00:00,29.242,29.298,29.042,29.074,12842.739
2024-09-29 23:00:00,29.074,29.134,28.893,29.037,21682.563
2024-09-30 00:00:00,29.037,29.117,28.548,28.941,24604.137
2024-09-30 01:00:00,28.941,29.018,28.379,28.418,21426.348
2024-09-30 02:00:00,28.418,28.478,28.266,28.299,16467.151
2024-09-30 03:00:00,28.299,28.601,28.13,28.586,18586.95
2024-09-30 04:00:00,28.586,28.586,28.34,28.486,9286.676
2024-09-30 05:00:00,28.486,28.732,28.41,28.725,21435.485
2024-09-30 06:00:00,28.725,28.847,28.51,28.51,15803.606
2024-09-30 07:00:00,28.51,28.994,28.489,28.966,15048.443
2024-09-30 08:00:00,28.966,29.013,28.605,28.87,26775.888
2024-09-30 09:00:00,28.87,28.873,28.233,28.236,22175.356
2024-09-30 10:00:00,28.236,28.319,27.962,28.15,28022.379
2024-09-30 11:00:00,28.15,28.322,28.006,28.322,14959.149
2024-09-30 12:00:00,28.322,28.566,28.253,28.49,17199.53
2024-09-30 13:00:00,28.49,28.592,28.309,28.322,16971.278
2024-09-30 14:00:00,28.322,28.388,28.042,28.155,27381.672
2024-09-30 15:00:00,28.155,28.39,27.922,27.949,27357.15
2024-09-30 16:00:00,27.949,28.291,27.932,28.21,20085.551
2024-09-30 17:00:00,28.21,28.285,28.062,28.235,11653.207
2024-09-30 18:00:00,28.235,28.27,27.974,28.158,16290.843
2024-09-30 19:00:00,28.158,28.226,27.94,27.95,18750.317
2024-09-30 20:00:00,27.95,28.332,27.935,28.266,21083.368
2024-09-30 21:00:00,28.266,28.27,28.082,28.118,6400.757
2024-09-30 22:00:00,28.118,28.175,27.78,27.79,13538.595
2024-09-30 23:00:00,27.79,27.991,27.551,27.708,24806.91
2024-10-01 00:00:00,27.708,28.042,27.603,27.974,15381.887
2024-10-01 01:00:00,27.974,28.223,27.95,28.058,13837.103
2024-10-01 02:00:00,28.058,28.158,27.81,28.158,9533.184
2024-10-01 03:00:00,28.158,28.418,28.13,28.398,23497.399
2024-10-01 04:00:00,28.398,28.563,28.322,28.522,24046.536
2024-10-01 05:00:00,28.522,28.533,28.315,28.362,6602.026
2024-10-01 06:00:00,28.362,28.729,28.362,28.682,14777.11
2024-10-01 07:00:00,28.682,28.702,28.546,28.586,7208.983
2024-10-01 08:00:00,28.586,28.751,28.564,28.646,9339.928
2024-10-01 09:00:00,28.646,28.792,28.62,28.646,10190.584
2024-10-01 10:00:00,28.646,28.886,28.646,28.857,8840.482
2024-10-01 11:00:00,28.857,28.882,28.641,28.655,7796.262
2024-10-01 12:00:00,28.655,28.751,28.544,28.634,9664.481
2024-10-01 13:00:00,28.634,28.65,27.69,27.962,52152.869
2024-10-01 14:00:00,27.962,28.143,27.056,27.106,55005.653
2024-10-01 15:00:00,27.106,27.166,25.977,26.686,119718.215
2024-10-01 16:00:00,26.686,26.881,26.16,26.53,46665.51
2024-10-01 17:00:00,26.53,26.53,25.025,26.342,134587.567
2024-10-01 18:00:00,26.342,26.526,26.025,26.158,42640.027
2024-10-01 19:00:00,26.158,26.338,25.891,25.922,24967.41
2024-10-01 20:00:00,25.922,25.972,25.403,25.898,72463.414
2024-10-01 21:00:00,25.898,26.24,25.68,26.214,20660.976
2024-10-01 22:00:00,26.214,26.222,25.823,25.962,25029.457
2024-10-01 23:00:00,25.962,26.034,25.799,25.818,13449.596
2024-10-02 00:00:00,25.818,26.066,25.61,25.838,26429.818
2024-10-02 01:00:00,25.838,26.254,25.784,26.234,19045.626
2024-10-02 02:00:00,26.234,26.362,26.118,26.31,13056.722
2024-10-02 03:00:00,26.31,26.486,26.222,26.383,18895.212
2024-10-02 04:00:00,26.383,26.39,26.203,26.274,8947.001
2024-10-02 05:00:00,26.274,26.363,26.076,26.178,12561.948
2024-10-02 06:00:00,26.178,26.588,26.046,26.545,21504.788
2024-10-02 07:00:00,26.545,26.778,26.41,26.61,22960.72
2024-10-02 08:00:00,26.61,26.736,26.48,26.61,23100.056
2024-10-02 09:00:00,26.61,26.642,25.934,26.006,23566.473
2024-10-02 10:00:00,26.006,26.216,25.825,25.827,18132.62
2024-10-02 11:00:00,25.827,26.174,25.71,25.999,24197.256
2024-10-02 12:00:00,25.999,26.026,25.614,25.649,28559.97
2024-10-02 13:00:00,25.649,26.02,25.46,25.898,43785.742
2024-10-02 14:00:00,25.898,26.17,25.789,25.789,38790.458
2024-10-02 15:00:00,25.789,26.262,25.774,26.217,24817.193
2024-10-02 16:00:00,26.217,26.471,25.947,25.955,23213.122
2024-10-02 17:00:00,25.955,26.033,25.675,25.874,16553.799
2024-10-02 18:00:00,25.874,25.914,25.25,25.286,29623.548
2024-10-02 19:00:00,25.286,25.373,25.021,25.226,56932.713
2024-10-02 20:00:00,25.226,25.602,25.09,25.51,28499.849
2024-10-02 21:00:00,25.51,25.586,25.287,25.442,9851.282
2024-10-02 22:00:00,25.442,25.585,25.178,25.582,17978.132
2024-10-02 23:00:00,25.582,25.59,25.324,25.33,11256.934
2024-10-03 00:00:00,25.33,25.622,25.12,25.39,25944.484
2024-10-03 01:00:00,25.39,25.59,25.354,25.438,22198.378
2024-10-03 02:00:00,25.438,25.614,25.342,25.447,9611.355
2024-10-03 03:00:00,25.447,25.586,25.333,25.558,10735.581
2024-10-03 04:00:00,25.558,25.664,25.386,25.502,8877.186
2024-10-03 05:00:00,25.502,25.587,25.386,25.463,11538.711
2024-10-03 06:00:00,25.463,25.564,25.41,25.49,7135.818
2024-10-03 07:00:00,25.49,25.542,24.859,24.878,22963.431
2024-10-03 08:00:00,24.878,24.978,24.426,24.519,54056.115
2024-10-03 09:00:00,24.519,24.79,24.182,24.694,71979.083
2024-10-03 10:00:00,24.694,25.004,24.636,24.998,22503.252
2024-10-03 11:00:00,24.998,25.078,24.673,24.683,18810.219
2024-10-03 12:00:00,24.683,24.702,24.35,24.478,30755.224
2024-10-03 13:00:00,24.478,24.53,24.008,24.436,44454.954
2024-10-03 14:00:00,24.436,24.804,24.003,24.018,59262.866
2024-10-03 15:00:00,24.018,24.442,23.89,24.37,52245.352
2024-10-03 16:00:00,24.37,24.454,23.938,24.179,38060.37
2024-10-03 17:00:00,24.179,24.523,24.027,24.45,29937.151
2024-10-03 18:00:00,24.45,24.571,24.382,24.471,13372.42
2024-10-03 19:00:00,24.471,24.778,24.414,24.761,16369.678
2024-10-03 20:00:00,24.761,24.834,24.502,24.562,18769.453
2024-10-03 21:00:00,24.562,24.772,24.427,24.726,7839.872
2024-10-03 22:00:00,24.726,24.818,24.582,24.698,8627.624
2024-10-03 23:00:00,24.698,24.794,24.57,24.658,9561.912
2024-10-04 00:00:00,24.658,24.687,24.428,24.442,25294.374
2024-10-04 01:00:00,24.442,25.0,24.437,24.95,24456.701
2024-10-04 02:00:00,24.95,25.115,24.874,25.014,26710.871
2024-10-04 03:00:00,25.014,25.042,24.848,24.925,6226.631
2024-10-04 04:00:00,24.925,25.13,24.878,24.946,11320.391
2024-10-04 05:00:00,24.946,25.211,24.925,25.162,11643.952
2024-10-04 06:00:00,25.162,25.23,25.028,25.04,8652.037
2024-10-04 07:00:00,25.04,25.334,24.962,25.294,12425.209
2024-10-04 08:00:00,25.294,25.611,25.26,25.443,13337.407
2024-10-04 09:00:00,25.443,25.662,25.437,25.49,16252.532
2024-10-04 10:00:00,25.49,25.582,25.369,25.422,11708.389
2024-10-04 11:00:00,25.422,25.706,25.407,25.698,14241.088
2024-10-04 12:00:00,25.698,25.913,25.467,25.898,46910.041
2024-10-04 13:00:00,25.898,25.974,25.566,25.734,28949.193
2024-10-04 14:00:00,25.734,25.751,25.3,25.63,28195.819
2024-10-04 15:00:00,25.63,26.147,25.62,26.146,29209.123
2024-10-04 16:00:00,26.146,26.492,26.01,26.446,38891.686
2024-10-04 17:00:00,26.446,26.494,26.162,26.162,16687.711
2024-10-04 18:00:00,26.162,26.459,26.086,26.378,12154.862
2024-10-04 19:00:00,26.378,26.45,26.253,26.29,9381.776
2024-10-04 20:00:00,26.29,26.368,26.238,26.348,6980.231
2024-10-04 21:00:00,26.348,26.406,26.244,26.258,4434.068
2024-10-04 22:00:00,26.258,26.302,26.154,26.218,5150.127
2024-10-04 23:00:00,26.218,26.27,26.121,26.26,6543.999
2024-10-05 00:00:00,26.26,26.438,26.192,26.385,10482.515
2024-10-05 01:00:00,26.385,26.422,26.162,26.198,10809.867
2024-10-05 02:00:00,26.198,26.218,25.812,25.849,13567.373
2024-10-05 03:00:00,25.849,25.989,25.766,25.844,9171.671
2024-10-05 04:00:00,25.844,26.09,25.805,25.973,8831.562
2024-10-05 05:00:00,25.973,26.302,25.969,26.294,15165.805
2024-10-05 06:00:00,26.294,26.316,26.174,26.198,5776.167
2024-10-05 07:00:00,26.198,26.215,26.013,26.019,6563.737
2024-10-05 08:00:00,26.019,26.14,25.984,26.062,4905.533
2024-10-05 09:00:00,26.062,26.133,26.025,26.086,4205.373
2024-10-05 10:00:00,26.086,26.086,25.842,25.847,6066.477
2024-10-05 11:00:00,25.847,25.974,25.822,25.868,6263.664
2024-10-05 12:00:00,25.868,25.955,25.842,25.955,3383.761
2024-10-05 13:00:00,25.955,25.958,25.618,25.658,10432.782
2024-10-05 14:00:00,25.658,25.79,25.582,25.706,19305.122
2024-10-05 15:00:00,25.706,25.766,25.565,25.73,8306.546
2024-10-05 16:00:00,25.73,25.74,25.483,25.506,9407.581
2024-10-05 17:00:00,25.506,25.67,25.48,25.614,4801.457
2024-10-05 18:00:00,25.614,25.658,25.441,25.513,4974.835
2024-10-05 19:00:00,25.513,25.566,25.412,25.454,8374.522
2024-10-05 20:00:00,25.454,25.458,25.167,25.174,17199.467
2024-10-05 21:00:00,25.174,25.5,25.104,25.397,9184.978
2024-10-05 22:00:00,25.397,25.646,25.39,25.627,5607.552
2024-10-05 23:00:00,25.627,25.744,25.546,25.669,8153.236
2024-10-06 00:00:00,25.669,25.675,25.502,25.558,7577.58
2024-10-06 01:00:00,25.558,25.856,25.544,25.814,10391.71
2024-10-06 02:00:00,25.814,25.875,25.73,25.762,5535.336
2024-10-06 03:00:00,25.762,25.87,25.613,25.628,7210.926
2024-10-06 04:00:00,25.628,25.849,25.628,25.843,8217.47
2024-10-06 05:00:00,25.843,25.954,25.774,25.927,8304.281
2024-10-06 06:00:00,25.927,26.098,25.902,26.002,12917.037
2024-10-06 07:00:00,26.002,26.274,26.002,26.21,8521.18
2024-10-06 08:00:00,26.21,26.266,26.097,26.146,7959.427
2024-10-06 09:00:00,26.146,26.27,26.042,26.217,7174.758
2024-10-06 10:00:00,26.217,26.29,26.086,26.098,8744.432
2024-10-06 11:00:00,26.098,26.368,26.066,26.35,7822.724
2024-10-06 12:00:00,26.35,26.682,26.35,26.655,14875.087
2024-10-06 13:00:00,26.655,26.83,26.455,26.468,16959.984
2024-10-06 14:00:00,26.468,26.927,26.424,26.878,39383.286
2024-10-06 15:00:00,26.878,26.968,26.798,26.942,11611.795
2024-10-06 16:00:00,26.942,27.035,26.735,26.74,15068.073
2024-10-06 17:00:00,26.74,26.938,26.74,26.878,5037.249
2024-10-06 18:00:00,26.878,27.062,26.873,27.058,9613.586
2024-10-06 19:00:00,27.058,27.087,26.81,26.844,12473.704
2024-10-06 20:00:00,26.844,27.006,26.785,26.866,8118.465
2024-10-06 21:00:00,26.866,26.946,26.624,26.643,8080.882
2024-10-06 22:00:00,26.643,26.882,26.643,26.77,8307.521
2024-10-06 23:00:00,26.77,26.986,26.766,26.938,11652.354
2024-10-07 00:00:00,26.938,27.222,26.842,27.222,23848.591
2024-10-07 01:00:00,27.222,27.51,27.168,27.464,20653.877
2024-10-07 02:00:00,27.464,27.544,27.222,27.283,11903.005
2024-10-07 03:00:00,27.283,27.402,27.138,27.286,6598.211
2024-10-07 04:00:00,27.286,27.418,27.229,27.266,6802.609
2024-10-07 05:00:00,27.266,27.437,27.228,27.298,10262.051
2024-10-07 06:00:00,27.298,27.552,27.274,27.474,11052.874
2024-10-07 07:00:00,27.474,27.474,27.208,27.238,10971.812
2024-10-07 08:00:00,27.238,27.349,27.089,27.1,9056.852
2024-10-07 09:00:00,27.1,27.138,26.902,26.986,14702.741
2024-10-07 10:00:00,26.986,26.986,26.66,26.858,16297.575
2024-10-07 11:00:00,26.858,27.027,26.63,27.018,19016.272
2024-10-07 12:00:00,27.018,27.219,26.874,27.066,19953.739
2024-10-07 13:00:00,27.066,27.3,26.976,27.066,22313.477
2024-10-07 14:00:00,27.066,27.739,27.064,27.302,42073.708
2024-10-07 15:00:00,27.302,27.398,26.992,27.142,27612.26
2024-10-07 16:00:00,27.142,27.434,27.021,27.354,16644.414
2024-10-07 17:00:00,27.354,27.426,27.166,27.326,9966.33
2024-10-07 18:00:00,27.326,27.363,26.809,26.854,34586.398
2024-10-07 19:00:00,26.854,27.181,26.15,27.13,38407.768
2024-10-07 20:00:00,27.13,27.164,26.862,26.886,12020.979
2024-10-07 21:00:00,26.886,27.164,26.868,27.122,4619.005
2024-10-07 22:00:00,27.122,27.146,26.659,26.698,13129.202
2024-10-07 23:00:00,26.698,26.814,26.515,26.562,18901.353
2024-10-08 00:00:00,26.562,26.922,26.552,26.915,10134.504
2024-10-08 01:00:00,26.915,27.018,26.782,26.958,8198.907
2024-10-08 02:00:00,26.958,27.154,26.874,27.148,6618.468
2024-10-08 03:00:00,27.148,27.18,27.039,27.094,7330.163
2024-10-08 04:00:00,27.094,27.134,26.845,26.898,6634.688
2024-10-08 05:00:00,26.898,26.93,26.466,26.579,15382.955
2024-10-08 06:00:00,26.579,26.611,26.286,26.602,8327.675
2024-10-08 07:00:00,26.602,26.614,26.212,26.518,22071.486
2024-10-08 08:00:00,26.518,26.666,26.367,26.562,8490.457
2024-10-08 09:00:00,26.562,26.667,26.438,26.602,9471.016
2024-10-08 10:00:00,26.602,26.645,26.458,26.581,6752.273
2024-10-08 11:00:00,26.581,26.762,26.481,26.714,7168.118
2024-10-08 12:00:00,26.714,26.76,26.338,26.434,7413.758
2024-10-08 13:00:00,26.434,26.779,26.146,26.77,18548.095
2024-10-08 14:00:00,26.77,26.85,26.161,26.563,41974.791
2024-10-08 15:00:00,26.563,26.623,26.03,26.326,35234.518
2024-10-08 16:00:00,26.326,26.576,26.174,26.542,22208.542
2024-10-08 17:00:00,26.542,26.55,26.298,26.478,13815.121
2024-10-08 18:00:00,26.478,26.578,26.242,26.374,13693.324
2024-10-08 19:00:00,26.374,26.488,26.218,26.394,15532.875
2024-10-08 20:00:00,26.394,26.602,26.322,26.582,7834.04
2024-10-08 21:00:00,26.582,26.694,26.515,26.622,9157.374
2024-10-08 22:00:00,26.622,26.666,26.378,26.389,6409.509
2024-10-08 23:00:00,26.389,26.414,26.238,26.354,9201.503
2024-10-09 00:00:00,26.354,26.471,26.202,26.358,13035.359
2024-10-09 01:00:00,26.358,26.69,26.31,26.562,12527.161
2024-10-09 02:00:00,26.562,26.562,26.286,26.29,7329.923
2024-10-09 03:00:00,26.29,26.41,26.178,26.33,7955.141
2024-10-09 04:00:00,26.33,26.404,26.222,26.282,7164.381
2024-10-09 05:00:00,26.282,26.595,26.282,26.558,9010.391
2024-10-09 06:00:00,26.558,26.598,26.45,26.501,6518.851
2024-10-09 07:00:00,26.501,26.546,26.349,26.45,6456.021
2024-10-09 08:00:00,26.45,26.594,26.416,26.45,8262.122
2024-10-09 09:00:00,26.45,26.547,26.393,26.546,6697.831
2024-10-09 10:00:00,26.546,26.546,26.293,26.367,11338.737
2024-10-09 11:00:00,26.367,26.471,26.298,26.454,5138.292
2024-10-09 12:00:00,26.454,26.47,25.977,26.121,17348.331
2024-10-09 13:00:00,26.121,26.15,25.75,25.806,37815.731
2024-10-09 14:00:00,25.806,25.99,25.682,25.828,15262.011
2024-10-09 15:00:00,25.828,26.287,25.806,26.202,24672.22
2024-10-09 16:00:00,26.202,26.222,25.794,25.889,24808.524
2024-10-09 17:00:00,25.889,26.135,25.768,26.13,13844.115
2024-10-09 18:00:00,26.13,26.219,25.951,26.138,23502.356
2024-10-09 19:00:00,26.138,26.284,25.996,26.09,14506.042
2024-10-09 20:00:00,26.09,26.165,25.745,25.774,25287.956
2024-10-09 21:00:00,25.774,25.978,25.726,25.962,9809.498
2024-10-09 22:00:00,25.962,26.004,25.809,25.85,9987.047
2024-10-09 23:00:00,25.85,25.898,25.762,25.774,6976.086
2024-10-10 00:00:00,25.774,25.806,25.536,25.698,13385.848
2024-10-10 01:00:00,25.698,25.982,25.678,25.89,11062.935
2024-10-10 02:00:00,25.89,26.014,25.854,25.929,8947.691
2024-10-10 03:00:00,25.929,26.034,25.902,25.953,2672.427
2024-10-10 04:00:00,25.953,26.05,25.942,25.965,2548.121
2024-10-10 05:00:00,25.965,26.158,25.898,26.102,4882.759
2024-10-10 06:00:00,26.102,26.334,26.071,26.326,9041.304
2024-10-10 07:00:00,26.326,26.369,26.09,26.118,17316.037
2024-10-10 08:00:00,26.118,26.216,25.91,25.93,15335.528
2024-10-10 09:00:00,25.93,25.942,25.675,25.834,14417.91
2024-10-10 10:00:00,25.834,26.131,25.794,26.062,11407.529
2024-10-10 11:00:00,26.062,26.235,26.062,26.15,7652.636
2024-10-10 12:00:00,26.15,26.266,25.837,25.875,35051.769
2024-10-10 13:00:00,25.875,26.15,25.601,25.742,28111.055
2024-10-10 14:00:00,25.742,25.823,25.522,25.611,23647.511
2024-10-10 15:00:00,25.611,25.87,25.53,25.853,18463.994
2024-10-10 16:00:00,25.853,25.931,25.59,25.59,14869.139
2024-10-10 17:00:00,25.59,25.69,25.255,25.323,19816.349
2024-10-10 18:00:00,25.323,25.45,25.055,25.446,39361.454
2024-10-10 19:00:00,25.446,25.528,25.35,25.519,16369.397
2024-10-10 20:00:00,25.519,25.624,25.424,25.618,13199.533
2024-10-10 21:00:00,25.618,25.846,25.554,25.835,11419.234
2024-10-10 22:00:00,25.835,25.85,25.694,25.738,6200.249
2024-10-10 23:00:00,25.738,25.923,25.726,25.856,4271.363
2024-10-11 00:00:00,25.856,26.027,25.828,25.85,6951.194
2024-10-11 01:00:00,25.85,26.114,25.754,26.078,13867.884
2024-10-11 02:00:00,26.078,26.09,25.924,26.034,5649.382
2024-10-11 03:00:00,26.034,26.147,26.034,26.051,5128.707
2024-10-11 04:00:00,26.051,26.134,26.022,26.052,4471.328
2024-10-11 05:00:00,26.052,26.134,25.976,25.982,5409.995
2024-10-11 06:00:00,25.982,26.196,25.969,26.128,3627.436
2024-10-11 07:00:00,26.128,26.205,26.108,26.142,6223.923
2024-10-11 08:00:00,26.142,26.586,26.138,26.31,16656.382
2024-10-11 09:00:00,26.31,26.577,26.31,26.529,9662.193
2024-10-11 10:00:00,26.529,26.606,26.422,26.514,11445.033
2024-10-11 11:00:00,26.514,26.522,26.396,26.434,8350.654
2024-10-11 12:00:00,26.434,26.625,26.412,26.571,13973.768
2024-10-11 13:00:00,26.571,26.598,26.344,26.563,16315.724
2024-10-11 14:00:00,26.563,26.678,26.486,26.654,15739.916
2024-10-11 15:00:00,26.654,26.82,26.594,26.788,35918.615
2024-10-11 16:00:00,26.788,26.915,26.733,26.778,16605.22
2024-10-11 17:00:00,26.778,26.966,26.69,26.949,10727.338
2024-10-11 18:00:00,26.949,27.062,26.86,27.01,20756.874
2024-10-11 19:00:00,27.01,27.32,26.966,27.31,18309.158
2024-10-11 20:00:00,27.31,27.43,27.256,27.366,20990.691
2024-10-11 21:00:00,27.366,27.436,27.235,27.258,8598.282
2024-10-11 22:00:00,27.258,27.6,27.24,27.485,18748.803
2024-10-11 23:00:00,27.485,27.547,27.355,27.459,7886.024
2024-10-12 00:00:00,27.459,27.863,27.393,27.858,24625.621
2024-10-12 01:00:00,27.858,28.97,27.739,28.894,61544.168
2024-10-12 02:00:00,28.894,29.042,28.368,28.382,39647.485
2024-10-12 03:00:00,28.382,28.578,28.261,28.314,17922.73
2024-10-12 04:00:00,28.314,28.554,28.301,28.468,13304.936
2024-10-12 05:00:00,28.468,28.505,28.346,28.456,20794.037
2024-10-12 06:00:00,28.456,28.522,28.245,28.254,8706.272
2024-10-12 07:00:00,28.254,28.274,28.139,28.173,7817.755
2024-10-12 08:00:00,28.173,28.256,28.106,28.138,9083.802
2024-10-12 09:00:00,28.138,28.418,28.125,28.406,14105.749
2024-10-12 10:00:00,28.406,28.575,28.35,28.52,16008.433
2024-10-12 11:00:00,28.52,28.598,28.39,28.562,10957.394
2024-10-12 12:00:00,28.562,28.726,28.51,28.638,14644.438
2024-10-12 13:00:00,28.638,29.272,28.607,29.262,53606.373
2024-10-12 14:00:00,29.262,29.29,29.062,29.264,26240.982
2024-10-12 15:00:00,29.264,29.377,29.017,29.1,25045.839
2024-10-12 16:00:00,29.1,29.266,29.034,29.034,13280.202
2024-10-12 17:00:00,29.034,29.189,29.03,29.162,11003.489
2024-10-12 18:00:00,29.162,29.257,28.914,28.946,27710.245
2024-10-12 19:00:00,28.946,29.022,28.862,28.962,7420.238
2024-10-12 20:00:00,28.962,28.997,28.679,28.75,29508.065
2024-10-12 21:00:00,28.75,28.819,28.538,28.61,14649.784
2024-10-12 22:00:00,28.61,28.735,28.546,28.628,12988.03
2024-10-12 23:00:00,28.628,28.69,28.546,28.631,4767.372
2024-10-13 00:00:00,28.631,28.667,28.463,28.574,14229.359
2024-10-13 01:00:00,28.574,28.676,28.423,28.651,15927.637
2024-10-13 02:00:00,28.651,28.994,28.651,28.994,16242.194
2024-10-13 03:00:00,28.994,29.026,28.673,28.804,14988.494
2024-10-13 04:00:00,28.804,29.025,28.799,29.006,6367.682
2024-10-13 05:00:00,29.006,29.126,28.959,29.001,7188.923
2024-10-13 06:00:00,29.001,29.09,28.912,28.93,3661.993
2024-10-13 07:00:00,28.93,29.067,28.826,29.03,5723.635
2024-10-13 08:00:00,29.03,29.19,28.965,28.972,6463.768
2024-10-13 09:00:00,28.972,29.226,28.898,29.174,11724.041
2024-10-13 10:00:00,29.174,29.364,29.047,29.072,29024.383
2024-10-13 11:00:00,29.072,29.134,28.921,29.006,18351.373
2024-10-13 12:00:00,29.006,29.269,29.0,29.039,26126.076
2024-10-13 13:00:00,29.039,29.22,28.938,28.947,20708.981
2024-10-13 14:00:00,28.947,28.951,28.43,28.506,34501.277
2024-10-13 15:00:00,28.506,28.81,28.392,28.466,24395.127
2024-10-13 16:00:00,28.466,28.666,28.398,28.59,11215.695
2024-10-13 17:00:00,28.59,28.83,28.434,28.498,13074.855
2024-10-13 18:00:00,28.498,28.53,28.293,28.394,10570.682
2024-10-13 19:00:00,28.394,28.694,28.394,28.636,7944.425
2024-10-13 20:00:00,28.636,28.65,28.482,28.544,8139.542
2024-10-13 21:00:00,28.544,28.844,28.43,28.832,7848.778
2024-10-13 22:00:00,28.832,29.042,28.728,28.874,10864.565
2024-10-13 23:00:00,28.874,29.272,28.798,29.058,23700.788
2024-10-14 00:00:00,29.058,29.071,28.648,28.724,16863.934
2024-10-14 01:00:00,28.724,29.238,28.722,29.153,21424.608
2024-10-14 02:00:00,29.153,29.209,28.878,28.95,13956.257
2024-10-14 03:00:00,28.95,29.79,28.934,29.738,52373.271
2024-10-14 04:00:00,29.738,29.859,29.491,29.51,23619.973
2024-10-14 05:00:00,29.51,29.538,29.307,29.454,15662.486
2024-10-14 06:00:00,29.454,29.619,29.37,29.526,7658.748
2024-10-14 07:00:00,29.526,29.546,29.344,29.488,13220.638
2024-10-14 08:00:00,29.488,29.568,29.28,29.302,42808.704
2024-10-14 09:00:00,29.302,29.37,29.163,29.254,12811.226
2024-10-14 10:00:00,29.254,29.407,29.136,29.374,19242.889
2024-10-14 11:00:00,29.374,29.394,29.23,29.365,13958.829
2024-10-14 12:00:00,29.365,29.404,29.181,29.212,17982.883
2024-10-14 13:00:00,29.212,29.45,29.073,29.41,25874.437
2024-10-14 14:00:00,29.41,29.757,29.374,29.504,35346.401
2024-10-14 15:00:00,29.504,29.714,29.498,29.55,21590.05
2024-10-14 16:00:00,29.55,29.606,28.986,29.139,37225.195
2024-10-14 17:00:00,29.139,29.218,29.098,29.139,7140.683
2024-10-14 18:00:00,29.139,29.279,29.062,29.186,7398.793
2024-10-14 19:00:00,29.186,29.348,29.117,29.117,10173.012
2024-10-14 20:00:00,29.117,29.231,29.104,29.14,9915.897
2024-10-14 21:00:00,29.14,29.206,28.954,28.986,8223.029
2024-10-14 22:00:00,28.986,29.414,28.966,29.405,21880.183
2024-10-14 23:00:00,29.405,29.422,29.052,29.062,11793.485
2024-10-15 00:00:00,29.062,29.116,28.789,28.96,14157.443
2024-10-15 01:00:00,28.96,29.078,28.688,28.806,12318.892
2024-10-15 02:00:00,28.806,28.994,28.798,28.844,9643.216
2024-10-15 03:00:00,28.844,28.873,28.679,28.718,9777.236
2024-10-15 04:00:00,28.718,28.922,28.63,28.875,6051.929
2024-10-15 05:00:00,28.875,28.89,28.476,28.502,11437.08
2024-10-15 06:00:00,28.502,28.778,28.45,28.729,10022.301
2024-10-15 07:00:00,28.729,28.843,28.722,28.782,5848.056
2024-10-15 08:00:00,28.782,29.078,28.77,28.966,5075.231
2024-10-15 09:00:00,28.966,29.158,28.802,28.918,8531.723
2024-10-15 10:00:00,28.918,29.404,28.91,29.218,14285.398
2024-10-15 11:00:00,29.218,29.258,28.328,28.486,28415.746
2024-10-15 12:00:00,28.486,28.862,28.378,28.754,22659.886
2024-10-15 13:00:00,28.754,29.583,28.539,29.478,37432.227
2024-10-15 14:00:00,29.478,29.624,28.149,28.37,111281.203
2024-10-15 15:00:00,28.37,28.382,27.532,28.114,59189.588
2024-10-15 16:00:00,28.114,28.58,28.024,28.35,39283.527
2024-10-15 17:00:00,28.35,28.474,28.154,28.308,17747.131
2024-10-15 18:00:00,28.308,28.622,28.274,28.422,16410.569
2024-10-15 19:00:00,28.422,28.494,28.146,28.23,13452.73
2024-10-15 20:00:00,28.23,28.422,27.753,27.762,51837.698
2024-10-15 21:00:00,27.762,28.103,27.736,28.074,20247.1
2024-10-15 22:00:00,28.074,28.162,27.882,27.889,10538.277
2024-10-15 23:00:00,27.889,28.236,27.85,28.218,6473.924
2024-10-16 00:00:00,28.218,28.218,27.888,27.902,9702.958
2024-10-16 01:00:00,27.902,28.069,27.715,28.018,24343.611
2024-10-16 02:00:00,28.018,28.217,27.963,27.972,7405.865
2024-10-16 03:00:00,27.972,27.978,27.644,27.658,13622.016
2024-10-16 04:00:00,27.658,27.782,27.489,27.622,22850.972
2024-10-16 05:00:00,27.622,27.838,27.614,27.759,7740.264
2024-10-16 06:00:00,27.759,27.818,27.398,27.553,13054.326
2024-10-16 07:00:00,27.553,27.613,27.259,27.336,56292.141
2024-10-16 08:00:00,27.336,27.527,27.277,27.394,10363.974
2024-10-16 09:00:00,27.394,27.698,27.382,27.678,14164.227
2024-10-16 10:00:00,27.678,27.784,27.582,27.678,14821.815
2024-10-16 11:00:00,27.678,28.021,27.504,27.865,29602.703
2024-10-16 12:00:00,27.865,28.013,27.738,27.943,17510.045
2024-10-16 13:00:00,27.943,28.086,27.665,27.714,29929.692
2024-10-16 14:00:00,27.714,28.166,27.546,27.705,39480.004
2024-10-16 15:00:00,27.705,27.763,27.397,27.487,13036.149
2024-10-16 16:00:00,27.487,27.7,27.326,27.666,17300.391
2024-10-16 17:00:00,27.666,27.812,27.58,27.728,8292.977
2024-10-16 18:00:00,27.728,27.802,27.599,27.617,9547.61
2024-10-16 19:00:00,27.617,27.69,27.548,27.616,3887.835
2024-10-16 20:00:00,27.616,28.045,27.606,27.897,8825.918
2024-10-16 21:00:00,27.897,28.023,27.822,27.87,4556.688
2024-10-16 22:00:00,27.87,28.195,27.87,28.13,5130.533
2024-10-16 23:00:00,28.13,28.184,27.971,28.023,7601.291
2024-10-17 00:00:00,28.023,28.18,28.005,28.03,6269.023
2024-10-17 01:00:00,28.03,28.269,27.947,28.254,7382.875
2024-10-17 02:00:00,28.254,28.263,27.975,27.99,4206.106
2024-10-17 03:00:00,27.99,28.096,27.968,28.067,2934.704
2024-10-17 04:00:00,28.067,28.072,27.791,27.796,7556.621
2024-10-17 05:00:00,27.796,27.874,27.616,27.659,8468.731
2024-10-17 06:00:00,27.659,27.737,27.5,27.549,19660.96
2024-10-17 07:00:00,27.549,27.583,27.377,27.579,10502.997
2024-10-17 08:00:00,27.579,27.801,27.49,27.719,10887.447
2024-10-17 09:00:00,27.719,27.834,27.65,27.661,6455.896
2024-10-17 10:00:00,27.661,27.706,27.221,27.5,17366.307
2024-10-17 11:00:00,27.5,27.524,27.173,27.264,10857.829
2024-10-17 12:00:00,27.264,27.6,27.188,27.589,12670.371
2024-10-17 13:00:00,27.589,27.731,27.361,27.557,12768.807
2024-10-17 14:00:00,27.557,27.645,27.31,27.595,24776.56
2024-10-17 15:00:00,27.595,27.88,27.475,27.751,16304.775
2024-10-17 16:00:00,27.751,27.775,27.403,27.468,14150.638
2024-10-17 17:00:00,27.468,27.578,27.084,27.153,21929.735
2024-10-17 18:00:00,27.153,27.181,26.807,27.006,54103.422
2024-10-17 19:00:00,27.006,27.204,26.91,27.152,16559.508
2024-10-17 20:00:00,27.152,27.396,27.139,27.182,7964.143
2024-10-17 21:00:00,27.182,27.222,27.073,27.142,5782.337
2024-10-17 22:00:00,27.142,27.357,27.142,27.347,3315.756
2024-10-17 23:00:00,27.347,27.348,27.222,27.298,2461.636
2024-10-18 00:00:00,27.298,27.36,27.103,27.14,5824.042
2024-10-18 01:00:00,27.14,27.756,27.128,27.674,9504.91
2024-10-18 02:00:00,27.674,27.714,27.49,27.693,5994.407
2024-10-18 03:00:00,27.693,27.713,27.406,27.423,5262.281
2024-10-18 04:00:00,27.423,27.58,27.421,27.458,3080.892
2024-10-18 05:00:00,27.458,27.626,27.379,27.615,4035.61
2024-10-18 06:00:00,27.615,27.795,27.586,27.658,5490.133
2024-10-18 07:00:00,27.658,27.731,27.575,27.693,7170.246
2024-10-18 08:00:00,27.693,27.743,27.582,27.668,7573.855
2024-10-18 09:00:00,27.668,27.721,27.483,27.514,5077.363
2024-10-18 10:00:00,27.514,27.623,27.457,27.599,11173.708
2024-10-18 11:00:00,27.599,27.684,27.426,27.447,17878.853
2024-10-18 12:00:00,27.447,27.518,27.333,27.392,4339.81
2024-10-18 13:00:00,27.392,27.662,27.39,27.617,19969.357
2024-10-18 14:00:00,27.617,27.721,27.435,27.614,25986.276
2024-10-18 15:00:00,27.614,27.876,27.594,27.798,13384.692
2024-10-18 16:00:00,27.798,27.989,27.615,27.976,8371.637
2024-10-18 17:00:00,27.976,28.019,27.869,27.901,12755.358
2024-10-18 18:00:00,27.901,28.138,27.842,28.11,7949.067
2024-10-18 19:00:00,28.11,28.162,27.863,27.897,9047.685
2024-10-18 20:00:00,27.897,27.927,27.8,27.819,2709.9
2024-10-18 21:00:00,27.819,27.931,27.799,27.931,3663.616
2024-10-18 22:00:00,27.931,27.994,27.826,27.97,2641.622
2024-10-18 23:00:00,27.97,28.117,27.969,28.092,6172.327
2024-10-19 00:00:00,28.092,28.205,28.032,28.151,8519.661
2024-10-19 01:00:00,28.151,28.257,28.105,28.108,6968.842
2024-10-19 02:00:00,28.108,28.346,28.077,28.339,10628.932
2024-10-19 03:00:00,28.339,28.452,28.242,28.263,7818.03
2024-10-19 04:00:00,28.263,28.333,28.13,28.146,5213.454
2024-10-19 05:00:00,28.146,28.282,28.146,28.273,3417.904
2024-10-19 06:00:00,28.273,28.301,28.196,28.211,5727.996
2024-10-19 07:00:00,28.211,28.254,28.054,28.063,4174.218
2024-10-19 08:00:00,28.063,28.172,28.063,28.152,3947.073
2024-10-19 09:00:00,28.152,28.161,27.993,28.005,3156.078
2024-10-19 10:00:00,28.005,28.04,27.891,27.904,3990.897
2024-10-19 11:00:00,27.904,27.954,27.729,27.734,5288.894
2024-10-19 12:00:00,27.734,27.927,27.721,27.904,6158.901
2024-10-19 13:00:00,27.904,27.911,27.805,27.877,2935.826
2024-10-19 14:00:00,27.877,28.253,27.873,28.229,7795.836
2024-10-19 15:00:00,28.229,28.255,28.037,28.127,7016.003
2024-10-19 16:00:00,28.127,28.143,27.948,27.953,6103.438
2024-10-19 17:00:00,27.953,28.005,27.886,27.933,6218.914
2024-10-19 18:00:00,27.933,28.042,27.896,27.949,3266.174
2024-10-19 19:00:00,27.949,28.046,27.895,27.913,3593.356
2024-10-19 20:00:00,27.913,28.058,27.901,28.0,2084.464
2024-10-19 21:00:00,28.0,28.124,27.972,27.977,1340.743
2024-10-19 22:00:00,27.977,28.194,27.952,28.146,3520.895
2024-10-19 23:00:00,28.146,28.175,28.073,28.107,2454.173
2024-10-20 00:00:00,28.107,28.218,27.967,27.971,4047.901
2024-10-20 01:00:00,27.971,27.982,27.886,27.893,3515.034
2024-10-20 02:00:00,27.893,27.981,27.825,27.883,3290.865
2024-10-20 03:00:00,27.883,27.883,27.772,27.821,4105.752
2024-10-20 04:00:00,27.821,27.947,27.763,27.874,3201.937
2024-10-20 05:00:00,27.874,27.978,27.827,27.83,3424.045
2024-10-20 06:00:00,27.83,28.034,27.789,28.021,3222.989
2024-10-20 07:00:00,28.021,28.047,27.932,27.943,2309.285
2024-10-20 08:00:00,27.943,28.072,27.907,27.954,2624.777
2024-10-20 09:00:00,27.954,28.036,27.874,28.032,3498.606
2024-10-20 10:00:00,28.032,28.089,27.98,27.98,3735.811
2024-10-20 11:00:00,27.98,28.183,27.98,28.144,5962.29
2024-10-20 12:00:00,28.144,28.173,27.873,27.876,6962.41
2024-10-20 13:00:00,27.876,28.118,27.837,28.065,16336.543
2024-10-20 14:00:00,28.065,28.452,28.065,28.401,19744.858
2024-10-20 15:00:00,28.401,28.42,28.123,28.395,10909.032
2024-10-20 16:00:00,28.395,28.439,28.204,28.217,6602.426
2024-10-20 17:00:00,28.217,28.301,28.138,28.257,5245.735
2024-10-20 18:00:00,28.257,28.369,28.243,28.339,3302.023
2024-10-20 19:00:00,28.339,28.344,28.207,28.31,2656.104
2024-10-20 20:00:00,28.31,28.579,28.214,28.483,10349.934
2024-10-20 21:00:00,28.483,28.585,28.402,28.489,11686.612
2024-10-20 22:00:00,28.489,28.88,28.488,28.843,24746.946
2024-10-20 23:00:00,28.843,29.003,28.825,28.974,13855.175
2024-10-21 00:00:00,28.974,29.336,28.974,29.227,27976.198
2024-10-21 01:00:00,29.227,29.285,29.061,29.093,7857.567
2024-10-21 02:00:00,29.093,29.142,28.715,28.744,19118.017
2024-10-21 03:00:00,28.744,28.785,28.604,28.689,11251.673
2024-10-21 04:00:00,28.689,28.857,28.598,28.85,7942.951
2024-10-21 05:00:00,28.85,28.974,28.805,28.899,12225.095
2024-10-21 06:00:00,28.899,29.081,28.668,28.69,12328.412
2024-10-21 07:00:00,28.69,28.882,28.605,28.621,13059.594
2024-10-21 08:00:00,28.621,28.799,28.512,28.52,12130.754
2024-10-21 09:00:00,28.52,28.631,28.309,28.495,16487.926
2024-10-21 10:00:00,28.495,28.577,28.275,28.309,11784.117
2024-10-21 11:00:00,28.309,28.423,28.234,28.256,9062.924
2024-10-21 12:00:00,28.256,28.342,28.04,28.111,28797.046
2024-10-21 13:00:00,28.111,28.173,27.586,27.737,32051.31
2024-10-21 14:00:00,27.737,27.933,27.684,27.803,14707.946
2024-10-21 15:00:00,27.803,27.808,27.614,27.761,14271.801
2024-10-21 16:00:00,27.761,27.762,27.379,27.637,21055.152
2024-10-21 17:00:00,27.637,27.888,27.617,27.827,7758.994
2024-10-21 18:00:00,27.827,27.83,27.625,27.726,5943.008
2024-10-21 19:00:00,27.726,28.0,27.719,27.997,6460.526
2024-10-21 20:00:00,27.997,27.997,27.789,27.88,13743.102
2024-10-21 21:00:00,27.88,28.016,27.88,27.955,4158.986
2024-10-21 22:00:00,27.955,28.052,27.891,27.933,5000.56
2024-10-21 23:00:00,27.933,27.933,27.742,27.753,5946.012
2024-10-22 00:00:00,27.753,27.844,27.404,27.773,20665.369
2024-10-22 01:00:00,27.773,28.033,27.666,28.033,10821.917
2024-10-22 02:00:00,28.033,28.145,27.824,27.867,11175.382
2024-10-22 03:00:00,27.867,28.028,27.853,28.019,5996.34
2024-10-22 04:00:00,28.019,28.047,27.898,27.938,5280.342
2024-10-22 05:00:00,27.938,28.155,27.894,28.087,4603.432
2024-10-22 06:00:00,28.087,28.218,28.067,28.069,6074.003
2024-10-22 07:00:00,28.069,28.152,27.977,27.991,4365.009
2024-10-22 08:00:00,27.991,28.013,27.53,27.546,11884.541
2024-10-22 09:00:00,27.546,27.614,27.241,27.482,21425.331
2024-10-22 10:00:00,27.482,27.722,27.342,27.708,10029.86
2024-10-22 11:00:00,27.708,27.943,27.674,27.769,14921.617
2024-10-22 12:00:00,27.769,27.898,27.522,27.637,19553.307
2024-10-22 13:00:00,27.637,27.799,27.414,27.693,17828.837
2024-10-22 14:00:00,27.693,27.943,27.509,27.866,30482.297
2024-10-22 15:00:00,27.866,27.898,27.579,27.814,20652.904
2024-10-22 16:00:00,27.814,27.814,27.38,27.395,17723.429
2024-10-22 17:00:00,27.395,27.764,27.378,27.645,17706.3
2024-10-22 18:00:00,27.645,27.746,27.567,27.574,4812.132
2024-10-22 19:00:00,27.574,27.756,27.564,27.658,5748.764
2024-10-22 20:00:00,27.658,27.718,27.584,27.701,3449.707
2024-10-22 21:00:00,27.701,27.731,27.579,27.694,2000.414
2024-10-22 22:00:00,27.694,27.795,27.613,27.747,7353.995
2024-10-22 23:00:00,27.747,27.779,27.572,27.641,7297.986
2024-10-23 00:00:00,27.641,27.719,27.442,27.443,14019.33
2024-10-23 01:00:00,27.443,27.549,27.404,27.473,6575.368
2024-10-23 02:00:00,27.473,27.485,27.266,27.316,6288.758
2024-10-23 03:00:00,27.316,27.378,27.135,27.343,5111.672
2024-10-23 04:00:00,27.343,27.395,27.239,27.335,2798.822
2024-10-23 05:00:00,27.335,27.353,27.139,27.245,7029.302
2024-10-23 06:00:00,27.245,27.464,27.16,27.2,4883.219
2024-10-23 07:00:00,27.2,27.301,27.038,27.082,12034.224
2024-10-23 08:00:00,27.082,27.227,26.833,26.895,17973.98
2024-10-23 09:00:00,26.895,26.913,26.652,26.749,14923.795
2024-10-23 10:00:00,26.749,26.809,26.623,26.656,7755.463
2024-10-23 11:00:00,26.656,26.785,26.57,26.63,6868.479
2024-10-23 12:00:00,26.63,26.741,26.524,26.651,14947.77
2024-10-23 13:00:00,26.651,26.894,26.629,26.88,8859.667
2024-10-23 14:00:00,26.88,26.913,26.653,26.703,10421.778
2024-10-23 15:00:00,26.703,26.705,26.33,26.507,15866.921
2024-10-23 16:00:00,26.507,26.526,25.999,26.104,27219.046
2024-10-23 17:00:00,26.104,26.299,26.05,26.096,15264.118
2024-10-23 18:00:00,26.096,26.357,25.881,26.332,31897.73
2024-10-23 19:00:00,26.332,26.588,26.24,26.588,24862.35
2024-10-23 20:00:00,26.588,26.713,26.488,26.702,12539.417
2024-10-23 21:00:00,26.702,26.704,26.575,26.586,7192.04
2024-10-23 22:00:00,26.586,26.757,26.586,26.657,3467.174
2024-10-23 23:00:00,26.657,26.809,26.631,26.759,8903.644
2024-10-24 00:00:00,26.759,27.157,26.603,27.148,23811.693
2024-10-24 01:00:00,27.148,27.233,26.944,27.045,10884.307
2024-10-24 02:00:00,27.045,27.197,26.991,27.185,4400.745
2024-10-24 03:00:00,27.185,27.225,26.995,26.997,7907.347
2024-10-24 04:00:00,26.997,27.158,26.976,27.132,4380.624
2024-10-24 05:00:00,27.132,27.184,27.094,27.118,3447.538
2024-10-24 06:00:00,27.118,27.184,27.022,27.027,5526.168
2024-10-24 07:00:00,27.027,27.058,26.842,26.842,9212.519
2024-10-24 08:00:00,26.842,26.932,26.566,26.569,11169.209
2024-10-24 09:00:00,26.569,26.635,26.388,26.477,9889.29
2024-10-24 10:00:00,26.477,26.569,26.465,26.506,7093.003
2024-10-24 11:00:00,26.506,26.611,26.496,26.597,4983.6
2024-10-24 12:00:00,26.597,26.763,26.546,26.75,9501.306
2024-10-24 13:00:00,26.75,26.888,26.637,26.829,12871.213
2024-10-24 14:00:00,26.829,26.916,26.682,26.728,13695.116
2024-10-24 15:00:00,26.728,26.929,26.686,26.801,8132.317
2024-10-24 16:00:00,26.801,26.865,26.677,26.749,5560.505
2024-10-24 17:00:00,26.749,26.827,26.694,26.765,6213.026
2024-10-24 18:00:00,26.765,26.947,26.753,26.858,6040.199
2024-10-24 19:00:00,26.858,27.057,26.812,27.043,8757.599
2024-10-24 20:00:00,27.043,27.059,26.914,26.946,4722.21
2024-10-24 21:00:00,26.946,27.25,26.913,27.051,8926.687
2024-10-24 22:00:00,27.051,27.119,26.857,26.869,5007.686
2024-10-24 23:00:00,26.869,26.982,26.795,26.835,9449.296
2024-10-25 00:00:00,26.835,26.883,26.649,26.68,6278.075
2024-10-25 01:00:00,26.68,26.68,26.521,26.553,4517.769
2024-10-25 02:00:00,26.553,26.628,26.386,26.566,6597.185
2024-10-25 03:00:00,26.566,26.708,26.545,26.556,3686.315
2024-10-25 04:00:00,26.556,26.589,26.118,26.239,17602.535
2024-10-25 05:00:00,26.239,26.345,26.14,26.293,6462.667
2024-10-25 06:00:00,26.293,26.394,26.246,26.284,4140.022
2024-10-25 07:00:00,26.284,26.327,26.048,26.237,7853.428
2024-10-25 08:00:00,26.237,26.413,26.038,26.385,9116.535
2024-10-25 09:00:00,26.385,26.569,26.34,26.553,6201.778
2024-10-25 10:00:00,26.553,26.581,26.495,26.538,3357.835
2024-10-25 11:00:00,26.538,26.584,26.458,26.55,3559.593
2024-10-25 12:00:00,26.55,26.683,26.386,26.41,6938.4
2024-10-25 13:00:00,26.41,26.632,26.237,26.593,17901.441
2024-10-25 14:00:00,26.593,26.768,26.455,26.604,10965.38
2024-10-25 15:00:00,26.604,26.7,26.075,26.143,19993.244
2024-10-25 16:00:00,26.143,26.267,25.825,26.174,20247.656
2024-10-25 17:00:00,26.174,26.25,25.712,25.78,16616.856
2024-10-25 18:00:00,25.78,26.083,25.424,25.859,44721.254
2024-10-25 19:00:00,25.859,25.966,25.711,25.9,14874.001
2024-10-25 20:00:00,25.9,25.948,25.722,25.785,5619.305
2024-10-25 21:00:00,25.785,26.079,25.785,26.071,7321.547
2024-10-25 22:00:00,26.071,26.071,25.643,25.655,8468.567
2024-10-25 23:00:00,25.655,25.7,23.9,24.918,191209.598
2024-10-26 00:00:00,24.918,25.074,24.542,25.007,50237.46
2024-10-26 01:00:00,25.007,25.103,24.916,24.985,10365.134
2024-10-26 02:00:00,24.985,25.27,24.831,25.144,12263.628
2024-10-26 03:00:00,25.144,25.368,25.098,25.278,10970.864
2024-10-26 04:00:00,25.278,25.334,25.221,25.302,4960.218
2024-10-26 05:00:00,25.302,25.509,25.294,25.488,8845.603
2024-10-26 06:00:00,25.488,25.603,25.447,25.509,6938.855
2024-10-26 07:00:00,25.509,25.593,25.412,25.422,7527.825
2024-10-26 08:00:00,25.422,25.56,25.4,25.524,5365.039
2024-10-26 09:00:00,25.524,25.666,25.522,25.568,4159.121
2024-10-26 10:00:00,25.568,25.66,25.505,25.571,2892.942
2024-10-26 11:00:00,25.571,25.657,25.532,25.62,3003.099
2024-10-26 12:00:00,25.62,25.682,25.581,25.596,2530.272
2024-10-26 13:00:00,25.596,25.596,25.285,25.287,6213.358
2024-10-26 14:00:00,25.287,25.341,24.919,24.959,8832.374
2024-10-26 15:00:00,24.959,25.18,24.91,25.088,10314.969
2024-10-26 16:00:00,25.088,25.25,24.985,25.216,8135.955
2024-10-26 17:00:00,25.216,25.338,25.208,25.266,4008.747
2024-10-26 18:00:00,25.266,25.357,25.246,25.321,2450.596
2024-10-26 19:00:00,25.321,25.474,25.321,25.427,2462.77
2024-10-26 20:00:00,25.427,25.621,25.418,25.471,4739.321
2024-10-26 21:00:00,25.471,25.505,25.327,25.375,2279.912
2024-10-26 22:00:00,25.375,25.394,25.291,25.324,2537.047
2024-10-26 23:00:00,25.324,25.441,25.313,25.411,1989.35
2024-10-27 00:00:00,25.411,25.421,25.289,25.316,4258.972
2024-10-27 01:00:00,25.316,25.453,25.251,25.392,3572.356
2024-10-27 02:00:00,25.392,25.469,25.344,25.355,1691.067
2024-10-27 03:00:00,25.355,25.6,25.318,25.584,4382.736
2024-10-27 04:00:00,25.584,25.61,25.517,25.554,3005.525
2024-10-27 05:00:00,25.554,25.591,25.532,25.552,2526.05
2024-10-27 06:00:00,25.552,25.553,25.468,25.517,2020.259
2024-10-27 07:00:00,25.517,25.563,25.438,25.455,2109.419
2024-10-27 08:00:00,25.455,25.546,25.409,25.522,3122.217
2024-10-27 09:00:00,25.522,25.522,25.335,25.398,4987.455
2024-10-27 10:00:00,25.398,25.457,25.306,25.321,5076.098
2024-10-27 11:00:00,25.321,25.435,25.306,25.369,4245.446
2024-10-27 12:00:00,25.369,25.572,25.369,25.505,4603.112
2024-10-27 13:00:00,25.505,25.755,25.5,25.691,9975.396
2024-10-27 14:00:00,25.691,25.813,25.666,25.68,4608.238
2024-10-27 15:00:00,25.68,25.824,25.669,25.799,5317.842
2024-10-27 16:00:00,25.799,25.94,25.775,25.838,12983.368
2024-10-27 17:00:00,25.838,25.903,25.752,25.765,6977.625
2024-10-27 18:00:00,25.765,25.783,25.606,25.624,6730.463
2024-10-27 19:00:00,25.624,25.743,25.585,25.671,3901.867
2024-10-27 20:00:00,25.671,25.739,25.607,25.617,4663.37
2024-10-27 21:00:00,25.617,25.82,25.593,25.734,4445.01
2024-10-27 22:00:00,25.734,25.91,25.734,25.791,6076.849
2024-10-27 23:00:00,25.791,25.896,25.719,25.761,3797.511
2024-10-28 00:00:00,25.761,25.872,25.731,25.766,4946.998
2024-10-28 01:00:00,25.766,25.826,25.616,25.631,3785.244
2024-10-28 02:00:00,25.631,25.69,25.508,25.513,4294.126
2024-10-28 03:00:00,25.513,25.545,25.161,25.204,6403.776
2024-10-28 04:00:00,25.204,25.317,25.12,25.286,4596.851
2024-10-28 05:00:00,25.286,25.375,25.054,25.358,7025.689
2024-10-28 06:00:00,25.358,25.384,25.232,25.36,3621.225
2024-10-28 07:00:00,25.36,25.869,25.353,25.747,15102.848
2024-10-28 08:00:00,25.747,25.952,25.732,25.824,8699.758
2024-10-28 09:00:00,25.824,26.13,25.752,26.113,10628.986
2024-10-28 10:00:00,26.113,26.203,26.051,26.104,11240.384
2024-10-28 11:00:00,26.104,26.282,26.033,26.206,10987.22
2024-10-28 12:00:00,26.206,26.314,26.08,26.228,14694.041
2024-10-28 13:00:00,26.228,26.292,26.018,26.031,13230.425
2024-10-28 14:00:00,26.031,26.044,25.713,25.907,16365.193
2024-10-28 15:00:00,25.907,25.911,25.568,25.571,14260.019
2024-10-28 16:00:00,25.571,25.798,25.535,25.583,13756.34
2024-10-28 17:00:00,25.583,25.789,25.35,25.526,20057.771
2024-10-28 18:00:00,25.526,25.711,25.482,25.661,7773.884
2024-10-28 19:00:00,25.661,26.033,25.505,25.869,37232.234
2024-10-28 20:00:00,25.869,26.018,25.839,25.97,8955.09
2024-10-28 21:00:00,25.97,26.238,25.921,26.231,10850.806
2024-10-28 22:00:00,26.231,26.529,26.231,26.329,18819.502
2024-10-28 23:00:00,26.329,26.477,26.231,26.258,8622.309
2024-10-29 00:00:00,26.258,26.431,26.177,26.366,8862.769
2024-10-29 01:00:00,26.366,26.446,26.25,26.431,6851.083
2024-10-29 02:00:00,26.431,26.964,26.362,26.837,22362.839
2024-10-29 03:00:00,26.837,26.967,26.755,26.806,8690.88
2024-10-29 04:00:00,26.806,26.884,26.721,26.767,3777.858
2024-10-29 05:00:00,26.767,26.8,26.603,26.646,5909.035
2024-10-29 06:00:00,26.646,26.727,26.591,26.613,3314.157
2024-10-29 07:00:00,26.613,26.657,26.471,26.544,5507.035
2024-10-29 08:00:00,26.544,26.674,26.521,26.614,5738.326
2024-10-29 09:00:00,26.614,26.626,26.53,26.611,4535.299
2024-10-29 10:00:00,26.611,26.722,26.5,26.683,3977.891
2024-10-29 11:00:00,26.683,26.83,26.661,26.759,19435.204
2024-10-29 12:00:00,26.759,26.859,26.594,26.637,6637.408
2024-10-29 13:00:00,26.637,26.786,26.593,26.66,7158.044
2024-10-29 14:00:00,26.66,26.771,26.471,26.541,9548.287
2024-10-29 15:00:00,26.541,26.74,26.414,26.74,18626.337
2024-10-29 16:00:00,26.74,27.075,26.74,26.999,17014.095
2024-10-29 17:00:00,26.999,27.147,26.872,26.961,8751.812
2024-10-29 18:00:00,26.961,27.116,26.832,27.063,8894.029
2024-10-29 19:00:00,27.063,27.161,26.553,26.583,16677.676
2024-10-29 20:00:00,26.583,26.695,25.727,26.543,30066.839
2024-10-29 21:00:00,26.543,26.697,26.503,26.689,3455.806
2024-10-29 22:00:00,26.689,26.914,26.663,26.79,5050.82
2024-10-29 23:00:00,26.79,26.88,26.769,26.88,2817.613
2024-10-30 00:00:00,26.88,26.905,26.563,26.646,12126.382
2024-10-30 01:00:00,26.646,26.646,26.394,26.575,13028.202
2024-10-30 02:00:00,26.575,26.696,26.563,26.615,2885.468
2024-10-30 03:00:00,26.615,26.708,26.571,26.587,3527.005
2024-10-30 04:00:00,26.587,26.673,26.534,26.585,8759.493
2024-10-30 05:00:00,26.585,26.628,26.493,26.524,3459.673
2024-10-30 06:00:00,26.524,26.762,26.504,26.506,5147.854
2024-10-30 07:00:00,26.506,26.678,26.49,26.613,31047.422
2024-10-30 08:00:00,26.613,26.696,26.18,26.21,20629.955
2024-10-30 09:00:00,26.21,26.447,26.131,26.424,5625.324
2024-10-30 10:00:00,26.424,26.47,26.314,26.323,4959.688
2024-10-30 11:00:00,26.323,26.353,26.115,26.133,5088.779
2024-10-30 12:00:00,26.133,26.257,26.019,26.198,8385.986
2024-10-30 13:00:00,26.198,26.284,26.0,26.281,10598.545
2024-10-30 14:00:00,26.281,26.485,26.224,26.391,7300.273
2024-10-30 15:00:00,26.391,26.411,25.999,26.134,14631.413
2024-10-30 16:00:00,26.134,26.296,26.07,26.257,3225.517
2024-10-30 17:00:00,26.257,26.27,26.089,26.187,1944.592
2024-10-30 18:00:00,26.187,26.329,26.162,26.225,5309.741
2024-10-30 19:00:00,26.225,26.307,26.158,26.163,3556.222
2024-10-30 20:00:00,26.163,26.436,26.046,26.428,5489.848
2024-10-30 21:00:00,26.428,26.494,26.167,26.31,4891.228
2024-10-30 22:00:00,26.31,26.313,26.131,26.237,4068.675
2024-10-30 23:00:00,26.237,26.31,26.173,26.173,2726.24
2024-10-31 00:00:00,26.173,26.227,26.086,26.086,4001.554
2024-10-31 01:00:00,26.086,26.177,25.936,26.147,4414.094
2024-10-31 02:00:00,26.147,26.218,26.007,26.135,3583.905
2024-10-31 03:00:00,26.135,26.17,26.058,26.072,2534.828
2024-10-31 04:00:00,26.072,26.086,25.971,26.004,2720.598
2024-10-31 05:00:00,26.004,26.076,25.955,26.033,1207.708
2024-10-31 06:00:00,26.033,26.033,25.789,25.854,5637.449
2024-10-31 07:00:00,25.854,25.977,25.762,25.932,2783.984
2024-10-31 08:00:00,25.932,25.944,25.701,25.794,4607.311
2024-10-31 09:00:00,25.794,25.888,25.785,25.812,7873.413
2024-10-31 10:00:00,25.812,25.866,25.672,25.853,7570.269
2024-10-31 11:00:00,25.853,25.863,25.679,25.749,3746.891
2024-10-31 12:00:00,25.749,25.795,25.603,25.724,5492.896
2024-10-31 13:00:00,25.724,25.773,25.412,25.478,15653.283
2024-10-31 14:00:00,25.478,25.478,25.099,25.211,25018.169
2024-10-31 15:00:00,25.211,25.342,25.152,25.258,7987.315
2024-10-31 16:00:00,25.258,25.258,25.062,25.128,13243.442
2024-10-31 17:00:00,25.128,25.179,24.903,25.075,18544.711
2024-10-31 18:00:00,25.075,25.075,24.737,24.855,16584.604
2024-10-31 19:00:00,24.855,24.9,24.684,24.709,6969.996
2024-10-31 20:00:00,24.709,24.933,24.686,24.907,8681.043
2024-10-31 21:00:00,24.907,25.107,24.821,25.069,4372.984
2024-10-31 22:00:00,25.069,25.069,24.869,25.027,4558.252
2024-10-31 23:00:00,25.027,25.2,24.95,25.024,8956.761
2024-11-01 00:00:00,25.024,25.064,24.908,24.921,3768.96
2024-11-01 01:00:00,24.921,24.988,24.691,24.837,7736.603
2024-11-01 02:00:00,24.837,24.969,24.563,24.931,8184.953
2024-11-01 03:00:00,24.931,25.0,24.842,24.876,4522.154
2024-11-01 04:00:00,24.876,24.976,24.837,24.965,2702.528
2024-11-01 05:00:00,24.965,25.0,24.857,24.868,3678.235
2024-11-01 06:00:00,24.868,24.876,24.533,24.541,7958.875
2024-11-01 07:00:00,24.541,24.727,24.402,24.664,7489.862
2024-11-01 08:00:00,24.664,24.88,24.655,24.783,9578.904
2024-11-01 09:00:00,24.783,25.015,24.706,24.967,16623.627
2024-11-01 10:00:00,24.967,25.16,24.943,25.069,8080.691
2024-11-01 11:00:00,25.069,25.199,25.069,25.138,5389.443
2024-11-01 12:00:00,25.138,25.422,25.121,25.372,9599.083
2024-11-01 13:00:00,25.372,25.639,25.283,25.637,26131.47
2024-11-01 14:00:00,25.637,25.716,25.426,25.541,14893.076
2024-11-01 15:00:00,25.541,25.566,24.59,24.896,34154.56
2024-11-01 16:00:00,24.896,25.25,24.819,25.041,13434.708
2024-11-01 17:00:00,25.041,25.109,24.874,24.918,12396.281
2024-11-01 18:00:00,24.918,24.939,24.785,24.794,4312.084
2024-11-01 19:00:00,24.794,24.884,24.677,24.783,9335.916
2024-11-01 20:00:00,24.783,24.946,24.783,24.838,9302.861
2024-11-01 21:00:00,24.838,24.838,24.5,24.731,10358.504
2024-11-01 22:00:00,24.731,24.84,24.688,24.783,2160.875
2024-11-01 23:00:00,24.783,24.826,24.751,24.785,1781.84
2024-11-02 00:00:00,24.785,24.938,24.763,24.864,3209.464
2024-11-02 01:00:00,24.864,24.918,24.84,24.876,1484.365
2024-11-02 02:00:00,24.876,25.02,24.875,24.885,3073.67
2024-11-02 03:00:00,24.885,24.938,24.802,24.829,2014.487
2024-11-02 04:00:00,24.829,24.879,24.79,24.855,3184.083
2024-11-02 05:00:00,24.855,24.977,24.758,24.904,4853.473
2024-11-02 06:00:00,24.904,24.942,24.833,24.894,2155.776
2024-11-02 07:00:00,24.894,24.927,24.83,24.87,3341.52
2024-11-02 08:00:00,24.87,24.912,24.706,24.706,2571.125
2024-11-02 09:00:00,24.706,24.791,24.675,24.687,1852.002
2024-11-02 10:00:00,24.687,24.705,24.636,24.659,1886.24
2024-11-02 11:00:00,24.659,24.741,24.64,24.661,1553.731
2024-11-02 12:00:00,24.661,24.708,24.122,24.2,18820.924
2024-11-02 13:00:00,24.2,24.401,24.079,24.117,25252.579
2024-11-02 14:00:00,24.117,24.23,24.075,24.226,12745.601
2024-11-02 15:00:00,24.226,24.325,24.062,24.245,4164.693
2024-11-02 16:00:00,24.245,24.384,24.17,24.332,5598.219
2024-11-02 17:00:00,24.332,24.332,24.08,24.118,7044.734
2024-11-02 18:00:00,24.118,24.127,23.938,24.045,7891.749
2024-11-02 19:00:00,24.045,24.202,24.027,24.182,8361.222
2024-11-02 20:00:00,24.182,24.269,24.13,24.243,3810.211
2024-11-02 21:00:00,24.243,24.267,24.199,24.225,2182.767
2024-11-02 22:00:00,24.225,24.225,24.112,24.129,3393.172
2024-11-02 23:00:00,24.129,24.137,23.996,24.123,5721.395
2024-11-03 00:00:00,24.123,24.202,24.011,24.011,5162.625
2024-11-03 01:00:00,24.011,24.081,23.859,23.864,5560.699
2024-11-03 02:00:00,23.864,23.974,23.195,23.446,26733.488
2024-11-03 03:00:00,23.446,23.648,23.288,23.591,23609.09
2024-11-03 04:00:00,23.591,23.786,23.574,23.758,4876.83
2024-11-03 05:00:00,23.758,23.784,23.54,23.543,3814.995
2024-11-03 06:00:00,23.543,23.789,23.533,23.645,5036.921
2024-11-03 07:00:00,23.645,23.688,23.579,23.619,5141.088
2024-11-03 08:00:00,23.619,23.639,23.553,23.596,6621.174
2024-11-03 09:00:00,23.596,23.597,23.206,23.231,8872.7
2024-11-03 10:00:00,23.231,23.545,23.231,23.349,9653.822
2024-11-03 11:00:00,23.349,23.601,23.209,23.23,24532.591
2024-11-03 12:00:00,23.23,23.31,23.141,23.178,8952.988
2024-11-03 13:00:00,23.178,23.223,22.829,22.829,24427.115
2024-11-03 14:00:00,22.829,22.983,22.659,22.744,32912.159
2024-11-03 15:00:00,22.744,23.066,22.597,23.061,38801.027
2024-11-03 16:00:00,23.061,23.21,22.994,23.049,21630.18
2024-11-03 17:00:00,23.049,23.275,23.049,23.181,6803.302
2024-11-03 18:00:00,23.181,23.235,22.847,22.937,23708.277
2024-11-03 19:00:00,22.937,23.323,22.931,23.301,10384.307
2024-11-03 20:00:00,23.301,23.564,23.251,23.552,13133.564
2024-11-03 21:00:00,23.552,23.729,23.551,23.618,18033.015
2024-11-03 22:00:00,23.618,23.725,23.507,23.609,7794.568
2024-11-03 23:00:00,23.609,23.618,23.431,23.525,7119.123
2024-11-04 00:00:00,23.525,23.584,23.343,23.52,8906.266
2024-11-04 01:00:00,23.52,23.821,23.452,23.686,12557.036
2024-11-04 02:00:00,23.686,23.856,23.628,23.854,4725.688
2024-11-04 03:00:00,23.854,23.933,23.694,23.694,5578.027
2024-11-04 04:00:00,23.694,23.846,23.684,23.723,3493.215
2024-11-04 05:00:00,23.723,23.736,23.462,23.475,6555.215
2024-11-04 06:00:00,23.475,23.732,23.475,23.697,4946.704
2024-11-04 07:00:00,23.697,23.737,23.466,23.475,5166.666
2024-11-04 08:00:00,23.475,23.526,23.228,23.318,13675.837
2024-11-04 09:00:00,23.318,23.45,23.25,23.431,9923.804
2024-11-04 10:00:00,23.431,23.66,23.39,23.544,11868.686
2024-11-04 11:00:00,23.544,23.708,23.471,23.602,9696.411
2024-11-04 12:00:00,23.602,23.746,23.555,23.659,7744.85
2024-11-04 13:00:00,23.659,23.8,23.474,23.482,10852.644
2024-11-04 14:00:00,23.482,23.518,23.269,23.299,16990.199
2024-11-04 15:00:00,23.299,23.364,23.142,23.221,9572.613
2024-11-04 16:00:00,23.221,23.248,22.879,22.928,21576.191
2024-11-04 17:00:00,22.928,23.162,22.873,22.976,17827.161
2024-11-04 18:00:00,22.976,23.11,22.903,22.932,9514.681
2024-11-04 19:00:00,22.932,23.072,22.908,22.908,11223.77
2024-11-04 20:00:00,22.908,23.524,22.817,22.88,72860.739
2024-11-04 21:00:00,22.88,22.98,22.337,22.415,55336.344
2024-11-04 22:00:00,22.415,22.952,22.357,22.828,21707.921
2024-11-04 23:00:00,22.828,22.859,22.674,22.727,6486.691
2024-11-05 00:00:00,22.727,22.897,22.702,22.817,10694.838
2024-11-05 01:00:00,22.817,22.924,22.584,22.907,18145.277
2024-11-05 02:00:00,22.907,22.907,22.724,22.733,3610.576
2024-11-05 03:00:00,22.733,22.873,22.733,22.859,4328.653
2024-11-05 04:00:00,22.859,23.088,22.856,23.031,4203.196
2024-11-05 05:00:00,23.031,23.195,23.01,23.17,7034.058
2024-11-05 06:00:00,23.17,23.211,23.066,23.145,4154.674
2024-11-05 07:00:00,23.145,23.23,23.04,23.189,3405.636
2024-11-05 08:00:00,23.189,23.306,23.142,23.291,4000.053
2024-11-05 09:00:00,23.291,23.409,23.232,23.251,7038.449
2024-11-05 10:00:00,23.251,23.262,23.136,23.209,4672.659
2024-11-05 11:00:00,23.209,23.356,23.207,23.304,9208.676
2024-11-05 12:00:00,23.304,23.462,23.259,23.393,11203.316
2024-11-05 13:00:00,23.393,23.454,23.269,23.43,5433.847
2024-11-05 14:00:00,23.43,24.218,23.389,24.082,33399.035
2024-11-05 15:00:00,24.082,24.162,23.723,23.973,24014.335
2024-11-05 16:00:00,23.973,24.32,23.952,24.226,22154.288
2024-11-05 17:00:00,24.226,24.478,24.149,24.149,25728.974
2024-11-05 18:00:00,24.149,24.288,24.116,24.19,17678.513
2024-11-05 19:00:00,24.19,24.276,23.628,23.694,21915.415
2024-11-05 20:00:00,23.694,24.01,23.591,23.95,23752.136
2024-11-05 21:00:00,23.95,24.011,23.865,23.887,26327.185
2024-11-05 22:00:00,23.887,24.022,23.749,24.016,8128.169
2024-11-05 23:00:00,24.016,24.134,23.956,23.989,7124.994
2024-11-06 00:00:00,23.989,24.736,23.989,24.663,25402.808
2024-11-06 01:00:00,24.663,24.89,24.511,24.686,24550.676
2024-11-06 02:00:00,24.686,25.657,24.604,25.576,46849.092
2024-11-06 03:00:00,25.576,26.461,25.569,26.226,69864.966
2024-11-06 04:00:00,26.226,26.52,26.083,26.137,29109.426
2024-11-06 05:00:00,26.137,26.293,25.926,26.261,19808.1
2024-11-06 06:00:00,26.261,26.542,26.141,26.149,21834.615
2024-11-06 07:00:00,26.149,26.535,25.769,25.874,26537.364
2024-11-06 08:00:00,25.874,25.962,25.474,25.855,40827.954
2024-11-06 09:00:00,25.855,26.168,25.85,26.073,15465.04
2024-11-06 10:00:00,26.073,26.242,25.938,26.201,10676.399
2024-11-06 11:00:00,26.201,26.353,26.101,26.352,13492.169
2024-11-06 12:00:00,26.352,26.541,26.333,26.342,9800.997
2024-11-06 13:00:00,26.342,26.496,26.176,26.494,12120.557
2024-11-06 14:00:00,26.494,26.59,26.023,26.033,24372.953
2024-11-06 15:00:00,26.033,26.354,26.005,26.152,12447.888
2024-11-06 16:00:00,26.152,26.325,26.029,26.325,9708.149
2024-11-06 17:00:00,26.325,26.401,26.222,26.374,7911.112
2024-11-06 18:00:00,26.374,26.551,26.371,26.514,7037.495
2024-11-06 19:00:00,26.514,26.663,26.426,26.609,12893.235
2024-11-06 20:00:00,26.609,26.653,26.456,26.587,16647.064
2024-11-06 21:00:00,26.587,26.778,26.486,26.746,23219.852
2024-11-06 22:00:00,26.746,27.308,26.607,27.218,25478.895
2024-11-06 23:00:00,27.218,27.309,26.973,27.006,10837.087
2024-11-07 00:00:00,27.006,27.395,26.95,27.324,12886.822
2024-11-07 01:00:00,27.324,27.885,27.29,27.479,24924.151
2024-11-07 02:00:00,27.479,28.015,27.467,27.991,20551.411
2024-11-07 03:00:00,27.991,27.997,27.679,27.696,26697.403
2024-11-07 04:00:00,27.696,27.738,27.154,27.294,14957.218
2024-11-07 05:00:00,27.294,27.322,27.105,27.18,12211.366
2024-11-07 06:00:00,27.18,27.214,26.729,26.963,11806.862
2024-11-07 07:00:00,26.963,27.046,26.891,26.928,8822.89
2024-11-07 08:00:00,26.928,27.12,26.912,27.096,11226.319
2024-11-07 09:00:00,27.096,27.103,26.835,26.942,10453.69
2024-11-07 10:00:00,26.942,26.952,26.683,26.841,12682.319
2024-11-07 11:00:00,26.841,26.864,26.638,26.647,9536.095
2024-11-07 12:00:00,26.647,26.998,26.646,26.91,6036.474
2024-11-07 13:00:00,26.91,26.994,26.629,26.636,16687.86
2024-11-07 14:00:00,26.636,26.886,26.527,26.787,15346.001
2024-11-07 15:00:00,26.787,27.297,26.723,27.286,17970.813
2024-11-07 16:00:00,27.286,27.656,27.137,27.591,23429.052
2024-11-07 17:00:00,27.591,27.664,27.406,27.59,15676.375
2024-11-07 18:00:00,27.59,27.704,27.296,27.601,26173.866
2024-11-07 19:00:00,27.601,27.69,27.32,27.617,28897.116
2024-11-07 20:00:00,27.617,27.631,27.432,27.479,11596.828
2024-11-07 21:00:00,27.479,27.765,27.479,27.528,12137.006
2024-11-07 22:00:00,27.528,27.568,27.168,27.25,6953.531
2024-11-07 23:00:00,27.25,27.51,26.868,27.385,33004.686
2024-11-08 00:00:00,27.385,28.004,27.385,27.745,31202.65
2024-11-08 01:00:00,27.745,27.967,27.484,27.614,15944.47
2024-11-08 02:00:00,27.614,27.62,27.144,27.17,12999.336
2024-11-08 03:00:00,27.17,27.5,27.107,27.394,14249.637
2024-11-08 04:00:00,27.394,27.434,27.213,27.248,6469.416
2024-11-08 05:00:00,27.248,27.532,27.224,27.45,7742.113
2024-11-08 06:00:00,27.45,27.569,27.332,27.382,6715.236
2024-11-08 07:00:00,27.382,27.691,27.168,27.58,13954.946
2024-11-08 08:00:00,27.58,27.611,27.344,27.452,10029.367
2024-11-08 09:00:00,27.452,27.85,27.42,27.702,21778.753
2024-11-08 10:00:00,27.702,28.072,27.644,28.055,30795.178
2024-11-08 11:00:00,28.055,28.227,27.94,28.135,34304.854
2024-11-08 12:00:00,28.135,28.459,28.135,28.242,23688.393
2024-11-08 13:00:00,28.242,28.379,28.018,28.371,12158.829
2024-11-08 14:00:00,28.371,28.575,27.985,28.013,30808.538
2024-11-08 15:00:00,28.013,28.333,27.82,28.077,32353.472
2024-11-08 16:00:00,28.077,28.285,27.68,27.714,27573.892
2024-11-08 17:00:00,27.714,28.185,27.488,28.127,36317.301
2024-11-08 18:00:00,28.127,28.333,27.93,28.264,23056.68
2024-11-08 19:00:00,28.264,28.496,28.229,28.335,19032.434
2024-11-08 20:00:00,28.335,28.431,28.175,28.344,13201.348
2024-11-08 21:00:00,28.344,28.511,28.067,28.438,19731.563
2024-11-08 22:00:00,28.438,28.643,28.327,28.596,19747.105
2024-11-08 23:00:00,28.596,28.795,28.492,28.78,10106.6
2024-11-09 00:00:00,28.78,29.655,28.768,29.414,57874.488
2024-11-09 01:00:00,29.414,29.486,28.727,28.752,28731.518
2024-11-09 02:00:00,28.752,28.955,28.575,28.833,21684.114
2024-11-09 03:00:00,28.833,29.096,28.611,28.677,16285.145
2024-11-09 04:00:00,28.677,29.153,28.677,28.999,22449.335
2024-11-09 05:00:00,28.999,29.295,28.923,29.236,16212.289
2024-11-09 06:00:00,29.236,29.677,29.18,29.419,32417.946
2024-11-09 07:00:00,29.419,29.445,29.09,29.267,12299.776
2024-11-09 08:00:00,29.267,29.537,29.235,29.481,14196.564
2024-11-09 09:00:00,29.481,29.696,29.455,29.557,19478.606
2024-11-09 10:00:00,29.557,29.796,29.51,29.548,24917.022
2024-11-09 11:00:00,29.548,29.568,29.316,29.52,18491.092
2024-11-09 12:00:00,29.52,29.606,29.037,29.037,14998.032
2024-11-09 13:00:00,29.037,29.214,28.91,28.935,20140.947
2024-11-09 14:00:00,28.935,28.959,28.64,28.791,23455.45
2024-11-09 15:00:00,28.791,28.85,28.619,28.813,10337.529
2024-11-09 16:00:00,28.813,28.991,28.668,28.798,11240.33
2024-11-09 17:00:00,28.798,28.876,28.477,28.854,20024.161
2024-11-09 18:00:00,28.854,28.977,28.801,28.953,3907.337
2024-11-09 19:00:00,28.953,29.157,28.853,29.026,12699.873
2024-11-09 20:00:00,29.026,29.38,28.961,29.369,9451.09
2024-11-09 21:00:00,29.369,29.476,29.203,29.26,7325.669
2024-11-09 22:00:00,29.26,29.79,29.237,29.745,20695.836
2024-11-09 23:00:00,29.745,30.494,29.622,30.38,69803.362
2024-11-10 00:00:00,30.38,30.614,29.865,29.912,40650.522
2024-11-10 01:00:00,29.912,30.089,29.68,30.067,19797.31
2024-11-10 02:00:00,30.067,30.675,30.067,30.373,47601.392
2024-11-10 03:00:00,30.373,30.615,30.242,30.481,22867.952
2024-11-10 04:00:00,30.481,32.051,30.464,31.719,95677.052
2024-11-10 05:00:00,31.719,31.99,31.493,31.668,56642.663
2024-11-10 06:00:00,31.668,31.867,31.237,31.497,48014.231
2024-11-10 07:00:00,31.497,31.66,31.352,31.524,32722.48
2024-11-10 08:00:00,31.524,31.648,31.283,31.56,17750.391
2024-11-10 09:00:00,31.56,31.952,31.35,31.763,33106.408
2024-11-10 10:00:00,31.763,32.17,31.763,31.943,30108.536
2024-11-10 11:00:00,31.943,32.169,31.762,31.998,26745.398
2024-11-10 12:00:00,31.998,32.285,31.595,32.222,37192.223
2024-11-10 13:00:00,32.222,32.668,32.172,32.668,40090.231
2024-11-10 14:00:00,32.668,32.813,31.747,31.882,63270.705
2024-11-10 15:00:00,31.882,32.43,31.761,32.33,34744.378
2024-11-10 16:00:00,32.33,32.882,31.989,32.844,31620.465
2024-11-10 17:00:00,32.844,33.089,32.6,32.777,27337.138
2024-11-10 18:00:00,32.777,33.295,32.769,32.867,33904.662
2024-11-10 19:00:00,32.867,32.978,31.705,32.023,59847.564
2024-11-10 20:00:00,32.023,32.118,30.711,30.73,51774.343
2024-11-10 21:00:00,30.73,31.616,30.0,31.516,61665.181
2024-11-10 22:00:00,31.516,32.409,31.49,32.073,47533.885
2024-11-10 23:00:00,32.073,32.137,31.662,31.88,15458.888
2024-11-11 00:00:00,31.88,32.362,31.721,32.148,25419.928
2024-11-11 01:00:00,32.148,32.613,31.865,32.055,42947.573
2024-11-11 02:00:00,32.055,32.613,31.959,32.429,20265.792
2024-11-11 03:00:00,32.429,32.521,32.059,32.244,16081.652
2024-11-11 04:00:00,32.244,32.272,31.743,31.936,10223.11
2024-11-11 05:00:00,31.936,31.988,30.698,31.03,26723.394
2024-11-11 06:00:00,31.03,31.282,30.823,31.144,19838.591
2024-11-11 07:00:00,31.144,31.458,31.027,31.323,19132.463
2024-11-11 08:00:00,31.323,31.465,31.178,31.353,9912.244
2024-11-11 09:00:00,31.353,31.515,31.178,31.515,16620.416
2024-11-11 10:00:00,31.515,31.92,31.391,31.8,22965.867
2024-11-11 11:00:00,31.8,32.248,31.624,32.145,20215.443
2024-11-11 12:00:00,32.145,32.614,31.703,32.36,63136.76
2024-11-11 13:00:00,32.36,32.425,31.676,32.043,30108.169
2024-11-11 14:00:00,32.043,32.343,31.694,32.227,37720.127
2024-11-11 15:00:00,32.227,32.913,32.143,32.457,48545.658
2024-11-11 16:00:00,32.457,33.829,32.439,33.323,90335.392
2024-11-11 17:00:00,33.323,34.608,33.259,33.961,89622.137
2024-11-11 18:00:00,33.961,34.446,33.672,34.349,69688.654
2024-11-11 19:00:00,34.349,34.552,33.891,33.948,41284.046
2024-11-11 20:00:00,33.948,34.687,33.948,34.208,54764.164
2024-11-11 21:00:00,34.208,34.86,34.019,34.336,57255.497
2024-11-11 22:00:00,34.336,35.132,33.851,35.045,50063.535
2024-11-11 23:00:00,35.045,35.796,35.022,35.712,58316.176
2024-11-12 00:00:00,35.712,35.924,34.145,35.705,97802.496
2024-11-12 01:00:00,35.705,36.331,35.321,36.001,45043.573
2024-11-12 02:00:00,36.001,36.087,34.986,35.378,33209.439
2024-11-12 03:00:00,35.378,36.022,35.177,35.96,28438.106
2024-11-12 04:00:00,35.96,36.043,35.083,35.099,30554.88
2024-11-12 05:00:00,35.099,35.763,34.92,35.673,27718.254
2024-11-12 06:00:00,35.673,37.412,35.491,37.133,76934.506
2024-11-12 07:00:00,37.133,37.175,36.147,36.409,47187.85
2024-11-12 08:00:00,36.409,37.574,36.409,37.453,47006.008
2024-11-12 09:00:00,37.453,37.697,35.491,35.504,77810.551
2024-11-12 10:00:00,35.504,36.3,33.007,34.424,195032.577
2024-11-12 11:00:00,34.424,35.006,34.074,34.446,83233.007
2024-11-12 12:00:00,34.446,35.195,33.494,33.882,101726.368
2024-11-12 13:00:00,33.882,33.962,32.661,33.711,116663.044
2024-11-12 14:00:00,33.711,34.657,33.306,34.55,81070.059
2024-11-12 15:00:00,34.55,34.645,33.803,33.882,47986.906
2024-11-12 16:00:00,33.882,33.973,33.183,33.45,82551.292
2024-11-12 17:00:00,33.45,34.226,33.384,33.667,48356.661
2024-11-12 18:00:00,33.667,34.59,33.597,34.25,55535.532
2024-11-12 19:00:00,34.25,34.658,34.038,34.255,36113.401
2024-11-12 20:00:00,34.255,34.515,33.917,34.185,62305.476
2024-11-12 21:00:00,34.185,34.527,33.635,34.386,37442.141
2024-11-12 22:00:00,34.386,35.125,34.276,35.117,27800.426
2024-11-12 23:00:00,35.117,35.117,33.857,33.933,26257.199
2024-11-13 00:00:00,33.933,34.76,33.724,34.142,52495.942
2024-11-13 01:00:00,34.142,34.338,33.321,33.809,37919.421
2024-11-13 02:00:00,33.809,33.858,32.702,33.247,31733.219
2024-11-13 03:00:00,33.247,33.332,32.338,32.361,53613.146
2024-11-13 04:00:00,32.361,32.994,31.326,32.095,63681.646
2024-11-13 05:00:00,32.095,32.359,31.568,31.693,28334.465
2024-11-13 06:00:00,31.693,32.083,31.194,31.669,30194.813
2024-11-13 07:00:00,31.669,32.167,31.539,32.041,36678.589
2024-11-13 08:00:00,32.041,32.273,31.751,31.908,33486.86
2024-11-13 09:00:00,31.908,32.265,31.731,31.938,25520.966
2024-11-13 10:00:00,31.938,32.224,31.696,32.146,24281.246
2024-11-13 11:00:00,32.146,32.574,32.029,32.225,27859.732
2024-11-13 12:00:00,32.225,32.541,31.838,32.337,32373.736
2024-11-13 13:00:00,32.337,33.584,32.146,33.347,95080.821
2024-11-13 14:00:00,33.347,34.893,33.007,34.751,148142.937
2024-11-13 15:00:00,34.751,34.813,33.981,34.748,73490.387
2024-11-13 16:00:00,34.748,35.052,34.026,34.18,49317.666
2024-11-13 17:00:00,34.18,34.551,34.121,34.266,21030.568
2024-11-13 18:00:00,34.266,34.575,33.949,34.3,23711.832
2024-11-13 19:00:00,34.3,34.415,32.338,32.472,99153.702
2024-11-13 20:00:00,32.472,32.971,32.022,32.566,57050.925
2024-11-13 21:00:00,32.566,32.645,31.625,32.368,52154.871
2024-11-13 22:00:00,32.368,32.984,32.173,32.854,22030.805
2024-11-13 23:00:00,32.854,33.23,32.577,33.109,22052.594
2024-11-14 00:00:00,33.109,33.157,32.561,32.584,23103.348
2024-11-14 01:00:00,32.584,32.944,32.46,32.901,30172.265
2024-11-14 02:00:00,32.901,33.091,32.496,32.785,17054.381
2024-11-14 03:00:00,32.785,33.4,32.225,33.343,20776.634
2024-11-14 04:00:00,33.343,33.549,32.935,33.549,18312.164
2024-11-14 05:00:00,33.549,33.824,33.416,33.812,17877.945
2024-11-14 06:00:00,33.812,34.733,33.459,33.459,32347.223
2024-11-14 07:00:00,33.459,33.82,32.998,33.737,31158.974
2024-11-14 08:00:00,33.737,33.813,33.261,33.476,26166.913
2024-11-14 09:00:00,33.476,33.76,33.303,33.592,20614.731
2024-11-14 10:00:00,33.592,33.799,32.612,32.696,38348.65
2024-11-14 11:00:00,32.696,32.76,32.079,32.48,35563.604
2024-11-14 12:00:00,32.48,32.687,32.203,32.555,20760.638
2024-11-14 13:00:00,32.555,32.835,32.189,32.295,28624.063
2024-11-14 14:00:00,32.295,32.871,31.514,31.554,65430.736
2024-11-14 15:00:00,31.554,32.048,31.312,31.776,79740.651
2024-11-14 16:00:00,31.776,32.72,31.588,32.709,46255.58
2024-11-14 17:00:00,32.709,32.74,32.223,32.366,14033.453
2024-11-14 18:00:00,32.366,32.528,32.103,32.193,12530.289
2024-11-14 19:00:00,32.193,32.404,32.081,32.308,12528.181
2024-11-14 20:00:00,32.308,32.308,31.814,31.825,18331.024
2024-11-14 21:00:00,31.825,32.16,31.687,32.146,26879.899
2024-11-14 22:00:00,32.146,32.204,31.421,31.674,20505.907
2024-11-14 23:00:00,31.674,31.753,30.669,31.198,53001.399
2024-11-15 00:00:00,31.198,31.753,31.065,31.206,22431.515
2024-11-15 01:00:00,31.206,31.55,30.972,31.443,19029.606
2024-11-15 02:00:00,31.443,31.647,31.147,31.647,16265.901
2024-11-15 03:00:00,31.647,31.721,31.371,31.588,11226.518
2024-11-15 04:00:00,31.588,31.604,30.581,30.99,32287.477
2024-11-15 05:00:00,30.99,31.5,30.72,31.48,18926.445
2024-11-15 06:00:00,31.48,31.988,31.48,31.885,20415.847
2024-11-15 07:00:00,31.885,32.003,31.557,31.599,12592.632
2024-11-15 08:00:00,31.599,32.06,31.316,32.011,26152.47
2024-11-15 09:00:00,32.011,32.48,31.986,32.323,18787.992
2024-11-15 10:00:00,32.323,32.38,32.146,32.193,13846.559
2024-11-15 11:00:00,32.193,32.455,32.106,32.418,19802.483
2024-11-15 12:00:00,32.418,32.636,32.138,32.37,18217.409
2024-11-15 13:00:00,32.37,32.791,32.258,32.588,20931.334
2024-11-15 14:00:00,32.588,32.713,31.816,31.999,33892.234
2024-11-15 15:00:00,31.999,32.012,31.15,31.413,26174.991
2024-11-15 16:00:00,31.413,32.011,31.239,31.754,24731.458
2024-11-15 17:00:00,31.754,32.53,31.754,32.153,19031.485
2024-11-15 18:00:00,32.153,32.375,31.871,32.107,18570.247
2024-11-15 19:00:00,32.107,32.734,32.033,32.454,23128.204
2024-11-15 20:00:00,32.454,32.977,32.435,32.95,21434.734
2024-11-15 21:00:00,32.95,33.137,32.781,33.041,25575.587
2024-11-15 22:00:00,33.041,33.354,32.886,33.164,13340.979
2024-11-15 23:00:00,33.164,33.305,32.98,33.124,15346.721
2024-11-16 00:00:00,33.124,33.243,32.782,32.884,19644.826
2024-11-16 01:00:00,32.884,33.356,32.869,33.31,9644.821
2024-11-16 02:00:00,33.31,33.664,33.283,33.615,18584.425
2024-11-16 03:00:00,33.615,34.364,33.615,34.358,26608.227
2024-11-16 04:00:00,34.358,34.787,34.249,34.745,29715.103
2024-11-16 05:00:00,34.745,35.563,34.439,35.195,39561.009
2024-11-16 06:00:00,35.195,35.198,34.298,34.411,33653.428
2024-11-16 07:00:00,34.411,34.704,34.242,34.259,11793.602
2024-11-16 08:00:00,34.259,34.778,34.259,34.777,15488.923
2024-11-16 09:00:00,34.777,34.957,34.435,34.712,16801.758
2024-11-16 10:00:00,34.712,35.164,34.712,34.89,22940.231
2024-11-16 11:00:00,34.89,35.335,34.611,35.286,28283.42
2024-11-16 12:00:00,35.286,35.508,34.609,35.028,33401.656
2024-11-16 13:00:00,35.028,35.559,34.915,35.052,32598.24
2024-11-16 14:00:00,35.052,35.695,35.017,35.661,32933.845
2024-11-16 15:00:00,35.661,35.738,34.326,34.546,38120.164
2024-11-16 16:00:00,34.546,35.045,34.316,34.874,30621.885
2024-11-16 17:00:00,34.874,35.253,34.666,35.027,20406.609
2024-11-16 18:00:00,35.027,35.419,34.986,35.239,20241.409
2024-11-16 19:00:00,35.239,35.26,34.942,35.221,10965.594
2024-11-16 20:00:00,35.221,35.322,34.719,34.929,15205.276
2024-11-16 21:00:00,34.929,35.29,34.88,35.181,9801.295
2024-11-16 22:00:00,35.181,35.423,34.809,34.827,13672.75
2024-11-16 23:00:00,34.827,35.345,34.708,35.146,18273.58
2024-11-17 00:00:00,35.146,35.477,34.836,35.334,29321.18
2024-11-17 01:00:00,35.334,35.712,34.056,34.296,48868.092
2024-11-17 02:00:00,34.296,34.327,33.079,34.101,58332.649
2024-11-17 03:00:00,34.101,34.43,33.766,34.43,15116.767
2024-11-17 04:00:00,34.43,36.4,34.236,35.554,98340.509
2024-11-17 05:00:00,35.554,36.494,35.51,36.452,61329.916
2024-11-17 06:00:00,36.452,36.84,36.25,36.488,37113.384
2024-11-17 07:00:00,36.488,36.84,36.156,36.477,29084.625
2024-11-17 08:00:00,36.477,36.973,36.262,36.734,29637.0
2024-11-17 09:00:00,36.734,36.808,36.253,36.463,17220.781
2024-11-17 10:00:00,36.463,37.253,36.444,37.175,36307.993
2024-11-17 11:00:00,37.175,37.272,36.281,36.334,40363.52
2024-11-17 12:00:00,36.334,36.985,36.194,36.981,21298.627
2024-11-17 13:00:00,36.981,37.049,36.178,36.443,20229.891
2024-11-17 14:00:00,36.443,36.72,36.075,36.466,19641.936
2024-11-17 15:00:00,36.466,36.736,36.256,36.558,18613.53
2024-11-17 16:00:00,36.558,36.69,35.92,36.258,19475.773
2024-11-17 17:00:00,36.258,36.34,35.783,35.941,18442.297
2024-11-17 18:00:00,35.941,35.989,35.061,35.066,30572.908
2024-11-17 19:00:00,35.066,35.414,34.736,35.266,27618.143
2024-11-17 20:00:00,35.266,35.555,34.986,35.198,20804.031
2024-11-17 21:00:00,35.198,35.512,34.728,34.76,21594.442
2024-11-17 22:00:00,34.76,34.998,34.457,34.777,26614.922
2024-11-17 23:00:00,34.777,34.826,34.28,34.716,19849.186
2024-11-18 00:00:00,34.716,35.047,34.532,34.84,21668.126
2024-11-18 01:00:00,34.84,35.367,34.675,35.323,13909.851
2024-11-18 02:00:00,35.323,35.555,35.015,35.181,16693.679
2024-11-18 03:00:00,35.181,35.625,34.934,35.605,15330.983
2024-11-18 04:00:00,35.605,35.787,35.123,35.138,33811.209
2024-11-18 05:00:00,35.138,35.44,35.112,35.313,9733.414
2024-11-18 06:00:00,35.313,36.139,35.25,36.085,25674.825
2024-11-18 07:00:00,36.085,36.16,35.634,35.915,27623.47
2024-11-18 08:00:00,35.915,36.011,35.474,35.609,20873.512
2024-11-18 09:00:00,35.609,35.732,35.239,35.457,19755.683
2024-11-18 10:00:00,35.457,35.782,35.362,35.733,11032.201
2024-11-18 11:00:00,35.733,35.771,34.596,34.74,28879.15
2024-11-18 12:00:00,34.74,35.042,34.415,34.866,17289.905
2024-11-18 13:00:00,34.866,34.885,34.166,34.292,27272.116
2024-11-18 14:00:00,34.292,35.29,34.042,34.88,35582.546
2024-11-18 15:00:00,34.88,35.766,34.785,35.544,32070.095
2024-11-18 16:00:00,35.544,36.116,35.319,35.452,30313.549
2024-11-18 17:00:00,35.452,35.894,35.273,35.552,19966.406
2024-11-18 18:00:00,35.552,35.8,35.172,35.388,24103.978
2024-11-18 19:00:00,35.388,35.474,34.4,34.859,38922.181
2024-11-18 20:00:00,34.859,35.57,34.683,35.164,33795.429
2024-11-18 21:00:00,35.164,35.695,35.093,35.175,25406.467
2024-11-18 22:00:00,35.175,35.433,35.117,35.185,9684.868
2024-11-18 23:00:00,35.185,35.513,34.789,35.47,16295.739
2024-11-19 00:00:00,35.47,35.488,35.064,35.17,17845.325
2024-11-19 01:00:00,35.17,35.325,34.822,34.844,9323.75
2024-11-19 02:00:00,34.844,35.116,34.73,35.032,10752.056
2024-11-19 03:00:00,35.032,35.326,35.006,35.206,15942.832
2024-11-19 04:00:00,35.206,35.33,34.703,34.83,12239.69
2024-11-19 05:00:00,34.83,35.382,34.704,35.371,9066.589
2024-11-19 06:00:00,35.371,35.551,35.25,35.498,14195.7
2024-11-19 07:00:00,35.498,35.638,35.009,35.039,15535.277
2024-11-19 08:00:00,35.039,35.174,34.628,34.829,18946.532
2024-11-19 09:00:00,34.829,35.02,34.282,34.523,28344.316
2024-11-19 10:00:00,34.523,34.912,34.372,34.867,15874.626
2024-11-19 11:00:00,34.867,35.008,34.638,34.861,13645.059
2024-11-19 12:00:00,34.861,35.436,34.843,35.153,24852.869
2024-11-19 13:00:00,35.153,35.237,34.088,34.11,37830.67
2024-11-19 14:00:00,34.11,34.301,33.62,34.09,46140.421
2024-11-19 15:00:00,34.09,34.448,33.981,34.415,18947.199
2024-11-19 16:00:00,34.415,34.679,34.301,34.382,12131.83
2024-11-19 17:00:00,34.382,34.747,34.258,34.42,21903.92
2024-11-19 18:00:00,34.42,35.092,34.312,35.007,32532.501
2024-11-19 19:00:00,35.007,35.174,34.671,34.762,32840.978
2024-11-19 20:00:00,34.762,34.918,33.892,34.111,26531.236
2024-11-19 21:00:00,34.111,34.259,33.55,34.131,41246.283
2024-11-19 22:00:00,34.131,34.237,33.499,33.844,15412.999
2024-11-19 23:00:00,33.844,34.396,33.72,34.222,16079.026
2024-11-20 00:00:00,34.222,34.222,33.742,33.961,9001.597
2024-11-20 01:00:00,33.961,34.195,33.593,33.677,16657.943
2024-11-20 02:00:00,33.677,33.816,33.406,33.538,20087.045
2024-11-20 03:00:00,33.538,33.578,33.0,33.551,16790.316
2024-11-20 04:00:00,33.551,33.835,33.2,33.688,19490.62
2024-11-20 05:00:00,33.688,33.91,33.381,33.879,13106.639
2024-11-20 06:00:00,33.879,34.05,33.776,33.833,8258.687
2024-11-20 07:00:00,33.833,34.05,33.696,33.968,8105.825
2024-11-20 08:00:00,33.968,34.999,33.968,34.801,33090.373
2024-11-20 09:00:00,34.801,35.555,34.691,35.323,48106.343
2024-11-20 10:00:00,35.323,35.753,35.09,35.147,19016.286
2024-11-20 11:00:00,35.147,35.197,34.537,34.82,20309.637
2024-11-20 12:00:00,34.82,34.893,34.28,34.454,20664.362
2024-11-20 13:00:00,34.454,35.211,34.299,35.176,49298.152
2024-11-20 14:00:00,35.176,35.564,34.409,34.691,40958.837
2024-11-20 15:00:00,34.691,34.889,34.33,34.852,28110.817
2024-11-20 16:00:00,34.852,35.0,33.55,34.06,49995.564
2024-11-20 17:00:00,34.06,34.281,33.51,33.518,37864.897
2024-11-20 18:00:00,33.518,33.56,32.919,33.402,48292.493
2024-11-20 19:00:00,33.402,33.402,32.77,33.194,28650.701
2024-11-20 20:00:00,33.194,33.798,33.061,33.677,23904.49
2024-11-20 21:00:00,33.677,34.026,33.497,33.893,15381.936
2024-11-20 22:00:00,33.893,34.409,33.785,33.788,17196.01
2024-11-20 23:00:00,33.788,33.902,33.51,33.595,6340.418
2024-11-21 00:00:00,33.595,33.921,33.462,33.655,13169.17
2024-11-21 01:00:00,33.655,33.904,33.472,33.558,10229.371
2024-11-21 02:00:00,33.558,33.558,32.314,32.781,24955.239
2024-11-21 03:00:00,32.781,33.429,32.68,33.077,22610.177
2024-11-21 04:00:00,33.077,34.484,33.027,34.038,53516.517
2024-11-21 05:00:00,34.038,34.258,33.688,34.013,15196.017
2024-11-21 06:00:00,34.013,34.079,33.622,33.707,15161.77
2024-11-21 07:00:00,33.707,34.32,33.707,34.276,20035.238
2024-11-21 08:00:00,34.276,34.401,34.003,34.18,15946.246
2024-11-21 09:00:00,34.18,34.213,33.734,33.787,13902.9
2024-11-21 10:00:00,33.787,33.965,33.418,33.689,18973.205
2024-11-21 11:00:00,33.689,34.174,33.611,34.076,20463.141
2024-11-21 12:00:00,34.076,35.577,34.055,34.954,76633.901
2024-11-21 13:00:00,34.954,35.925,34.917,35.507,30875.122
2024-11-21 14:00:00,35.507,35.994,34.894,35.406,40919.254
2024-11-21 15:00:00,35.406,35.473,34.428,34.981,41532.369
2024-11-21 16:00:00,34.981,35.452,34.874,35.417,25245.053
2024-11-21 17:00:00,35.417,35.714,35.217,35.686,16919.913
2024-11-21 18:00:00,35.686,35.926,35.594,35.905,18273.834
2024-11-21 19:00:00,35.905,36.183,35.626,35.716,37967.737
2024-11-21 20:00:00,35.716,36.202,35.673,35.809,33941.63
2024-11-21 21:00:00,35.809,35.869,35.59,35.8,22006.726
2024-11-21 22:00:00,35.8,35.953,35.798,35.857,12465.422
2024-11-21 23:00:00,35.857,35.882,35.555,35.846,16456.705
2024-11-22 00:00:00,35.846,35.961,35.19,35.363,54866.35
2024-11-22 01:00:00,35.363,35.7,35.254,35.61,23939.413
2024-11-22 02:00:00,35.61,36.153,35.56,36.128,21940.407
2024-11-22 03:00:00,36.128,36.84,36.091,36.167,38330.961
2024-11-22 04:00:00,36.167,36.677,36.154,36.384,16905.52
2024-11-22 05:00:00,36.384,36.521,36.146,36.28,9718.943
2024-11-22 06:00:00,36.28,36.447,35.88,36.152,17175.52
2024-11-22 07:00:00,36.152,36.237,35.705,35.738,14472.351
2024-11-22 08:00:00,35.738,36.397,35.736,36.346,15120.407
2024-11-22 09:00:00,36.346,36.605,35.987,36.532,11542.549
2024-11-22 10:00:00,36.532,37.26,36.373,37.039,47760.846
2024-11-22 11:00:00,37.039,38.161,36.509,38.097,58428.591
2024-11-22 12:00:00,38.097,39.492,37.857,39.311,107792.028
2024-11-22 13:00:00,39.311,39.334,37.279,38.154,100672.705
2024-11-22 14:00:00,38.154,38.836,37.704,38.149,60294.988
2024-11-22 15:00:00,38.149,39.549,38.063,39.494,56245.299
2024-11-22 16:00:00,39.494,39.834,38.958,39.606,63786.278
2024-11-22 17:00:00,39.606,40.0,39.151,39.661,35386.75
2024-11-22 18:00:00,39.661,39.819,38.772,39.004,29139.651
2024-11-22 19:00:00,39.004,39.652,38.717,39.514,31717.616
2024-11-22 20:00:00,39.514,40.516,39.272,40.483,39625.862
2024-11-22 21:00:00,40.483,41.328,40.216,41.078,73137.06
2024-11-22 22:00:00,41.078,41.953,41.06,41.89,71890.353
2024-11-22 23:00:00,41.89,43.581,41.841,43.197,101980.991
2024-11-23 00:00:00,43.197,43.63,42.403,43.261,62512.347
2024-11-23 01:00:00,43.261,45.287,43.156,44.346,96128.533
2024-11-23 02:00:00,44.346,44.637,42.855,43.243,47232.283
2024-11-23 03:00:00,43.243,44.0,42.942,43.977,20492.065
2024-11-23 04:00:00,43.977,44.999,43.43,43.936,62924.094
2024-11-23 05:00:00,43.936,44.291,43.691,43.768,25303.218
2024-11-23 06:00:00,43.768,43.928,43.345,43.445,25097.931
2024-11-23 07:00:00,43.445,43.768,42.777,42.907,55424.218
2024-11-23 08:00:00,42.907,43.187,42.342,42.445,72344.871
2024-11-23 09:00:00,42.445,42.58,41.933,42.188,50517.031
2024-11-23 10:00:00,42.188,42.451,42.003,42.128,60364.279
2024-11-23 11:00:00,42.128,42.622,42.06,42.288,70714.999
2024-11-23 12:00:00,42.288,42.953,42.167,42.739,62154.446
2024-11-23 13:00:00,42.739,43.365,42.535,43.13,62968.06
2024-11-23 14:00:00,43.13,43.228,42.561,42.958,61474.352
2024-11-23 15:00:00,42.958,43.758,42.565,43.135,84324.303
2024-11-23 16:00:00,43.135,43.68,41.04,42.139,166612.035
2024-11-23 17:00:00,42.139,42.559,41.216,42.079,95751.141
2024-11-23 18:00:00,42.079,42.269,41.66,41.99,56349.332
2024-11-23 19:00:00,41.99,42.339,41.601,41.922,39873.097
2024-11-23 20:00:00,41.922,41.952,40.678,41.238,81002.453
2024-11-23 21:00:00,41.238,42.184,41.161,42.165,76409.983
2024-11-23 22:00:00,42.165,42.258,41.528,41.751,40875.895
2024-11-23 23:00:00,41.751,41.822,41.12,41.418,39575.914
2024-11-24 00:00:00,41.418,42.728,41.224,42.373,154003.483
2024-11-24 01:00:00,42.373,42.624,42.117,42.531,79676.547
2024-11-24 02:00:00,42.531,42.861,42.278,42.561,97542.237
2024-11-24 03:00:00,42.561,42.965,42.171,42.409,61778.255
2024-11-24 04:00:00,42.409,42.635,41.7,42.326,48384.926
2024-11-24 05:00:00,42.326,42.9,42.107,42.829,46153.532
2024-11-24 06:00:00,42.829,43.121,41.994,42.504,52172.429
2024-11-24 07:00:00,42.504,42.556,41.935,42.297,27477.074
2024-11-24 08:00:00,42.297,42.346,41.33,41.508,30325.756
2024-11-24 09:00:00,41.508,41.837,41.21,41.804,23644.526
2024-11-24 10:00:00,41.804,41.854,40.948,41.386,33556.748
2024-11-24 11:00:00,41.386,41.519,39.988,40.058,56833.184
2024-11-24 12:00:00,40.058,40.484,38.255,39.386,108522.37
2024-11-24 13:00:00,39.386,40.508,39.076,40.264,44347.566
2024-11-24 14:00:00,40.264,40.281,39.287,39.957,65519.783
2024-11-24 15:00:00,39.957,40.007,38.689,38.772,41667.717
2024-11-24 16:00:00,38.772,39.86,38.611,39.538,36418.707
2024-11-24 17:00:00,39.538,39.75,38.989,39.515,24440.328
2024-11-24 18:00:00,39.515,40.359,39.432,40.22,35574.509
2024-11-24 19:00:00,40.22,40.31,39.735,40.169,33759.577
2024-11-24 20:00:00,40.169,40.771,40.007,40.743,45953.122
2024-11-24 21:00:00,40.743,41.183,40.503,41.094,54181.92
2024-11-24 22:00:00,41.094,41.92,41.05,41.871,79127.198
2024-11-24 23:00:00,41.871,42.185,41.645,42.051,78581.427
2024-11-25 00:00:00,42.051,42.125,41.213,41.262,38549.293
2024-11-25 01:00:00,41.262,41.367,40.017,40.994,39582.786
2024-11-25 02:00:00,40.994,41.195,40.548,40.705,71070.163
2024-11-25 03:00:00,40.705,41.401,40.639,41.337,35763.802
2024-11-25 04:00:00,41.337,42.542,41.244,41.356,130338.602
2024-11-25 05:00:00,41.356,42.133,41.333,41.997,32257.613
2024-11-25 06:00:00,41.997,43.268,41.923,43.147,74285.469
2024-11-25 07:00:00,43.147,45.0,42.685,44.966,100884.097
2024-11-25 08:00:00,44.966,46.456,44.428,46.1,98497.111
2024-11-25 09:00:00,46.1,47.913,46.09,46.603,106307.693
2024-11-25 10:00:00,46.603,46.628,45.461,45.723,52202.547
2024-11-25 11:00:00,45.723,45.891,45.041,45.511,33604.579
2024-11-25 12:00:00,45.511,45.921,44.75,44.95,90721.356
2024-11-25 13:00:00,44.95,45.154,43.561,43.985,120050.66
2024-11-25 14:00:00,43.985,44.509,42.969,42.999,73510.042
2024-11-25 15:00:00,42.999,44.358,41.958,43.191,185186.707
2024-11-25 16:00:00,43.191,43.944,42.614,43.104,96878.224
2024-11-25 17:00:00,43.104,43.104,41.157,41.908,122163.796
2024-11-25 18:00:00,41.908,42.003,41.21,41.714,58101.249
2024-11-25 19:00:00,41.714,42.428,41.387,42.04,42978.124
2024-11-25 20:00:00,42.04,43.288,41.876,42.812,66260.443
2024-11-25 21:00:00,42.812,42.989,41.64,42.359,60708.248
2024-11-25 22:00:00,42.359,42.55,40.602,42.102,71683.53
2024-11-25 23:00:00,42.102,42.376,41.152,41.308,57586.864
2024-11-26 00:00:00,41.308,42.62,41.079,41.707,112775.052
2024-11-26 01:00:00,41.707,42.628,41.619,42.556,36464.03
2024-11-26 02:00:00,42.556,42.96,42.316,42.359,67259.371
2024-11-26 03:00:00,42.359,42.437,41.612,41.687,48941.373
2024-11-26 04:00:00,41.687,41.741,41.23,41.484,40293.177
2024-11-26 05:00:00,41.484,42.323,41.476,42.284,38469.809
2024-11-26 06:00:00,42.284,42.376,41.533,41.628,24188.135
2024-11-26 07:00:00,41.628,41.707,40.865,41.167,44659.819
2024-11-26 08:00:00,41.167,41.209,39.993,40.321,74228.207
2024-11-26 09:00:00,40.321,40.856,39.998,40.602,46698.825
2024-11-26 10:00:00,40.602,40.793,39.281,39.338,59780.927
2024-11-26 11:00:00,39.338,40.04,38.491,39.994,89000.729
2024-11-26 12:00:00,39.994,41.861,39.851,41.831,147908.241
2024-11-26 13:00:00,41.831,42.246,41.241,41.442,121709.592
2024-11-26 14:00:00,41.442,42.474,40.956,41.952,113342.595
2024-11-26 15:00:00,41.952,42.142,41.009,41.024,70943.719
2024-11-26 16:00:00,41.024,42.63,40.886,42.098,114782.193
2024-11-26 17:00:00,42.098,42.332,41.606,42.298,49038.716
2024-11-26 18:00:00,42.298,42.384,40.677,41.313,79792.095
2024-11-26 19:00:00,41.313,41.751,40.95,41.467,46642.181
2024-11-26 20:00:00,41.467,42.498,41.248,41.915,75349.531
2024-11-26 21:00:00,41.915,42.523,41.494,42.296,51530.934
2024-11-26 22:00:00,42.296,43.348,42.186,42.637,60387.628
2024-11-26 23:00:00,42.637,43.047,42.3,42.719,36489.451
2024-11-27 00:00:00,42.719,43.661,41.998,42.106,55143.054
2024-11-27 01:00:00,42.106,43.451,41.929,43.311,40812.321
2024-11-27 02:00:00,43.311,43.44,42.352,43.026,31989.39
2024-11-27 03:00:00,43.026,43.15,42.331,42.499,22459.985
2024-11-27 04:00:00,42.499,43.682,42.458,42.791,27560.468
2024-11-27 05:00:00,42.791,43.185,42.194,42.962,28224.52
2024-11-27 06:00:00,42.962,43.214,42.325,42.425,24188.117
2024-11-27 07:00:00,42.425,43.485,42.351,43.272,30766.093
2024-11-27 08:00:00,43.272,43.542,42.845,43.397,25058.672
2024-11-27 09:00:00,43.397,43.798,42.913,43.742,38362.668
2024-11-27 10:00:00,43.742,44.46,43.49,43.931,74240.164
2024-11-27 11:00:00,43.931,43.948,43.185,43.47,43425.472
2024-11-27 12:00:00,43.47,43.486,42.352,42.712,45773.71
2024-11-27 13:00:00,42.712,43.319,42.535,43.197,41506.443
2024-11-27 14:00:00,43.197,43.803,42.986,43.585,57547.02
2024-11-27 15:00:00,43.585,44.134,43.203,43.739,59617.079
2024-11-27 16:00:00,43.739,43.842,42.606,42.822,57298.919
2024-11-27 17:00:00,42.822,43.564,42.729,43.264,100438.705
2024-11-27 18:00:00,43.264,43.363,42.974,43.01,56358.859
2024-11-27 19:00:00,43.01,43.357,42.937,43.164,27237.87
2024-11-27 20:00:00,43.164,43.803,43.135,43.309,44359.423
2024-11-27 21:00:00,43.309,43.538,42.971,43.51,47401.808
2024-11-27 22:00:00,43.51,44.25,43.339,43.932,39352.926
2024-11-27 23:00:00,43.932,44.126,43.487,43.774,31740.623
2024-11-28 00:00:00,43.774,43.873,43.147,43.789,47622.377
2024-11-28 01:00:00,43.789,44.149,43.537,44.0,24260.111
2024-11-28 02:00:00,44.0,44.243,43.173,43.293,32858.291
2024-11-28 03:00:00,43.293,43.62,42.586,43.128,39276.607
2024-11-28 04:00:00,43.128,43.826,42.921,43.448,28175.26
2024-11-28 05:00:00,43.448,43.586,42.888,43.025,16366.54
2024-11-28 06:00:00,43.025,43.213,42.665,43.045,31305.67
2024-11-28 07:00:00,43.045,43.242,42.42,42.644,19398.63
2024-11-28 08:00:00,42.644,42.994,42.3,42.808,29227.175
2024-11-28 09:00:00,42.808,42.888,42.127,42.175,20824.189
2024-11-28 10:00:00,42.175,42.524,42.01,42.17,20536.038
2024-11-28 11:00:00,42.17,42.42,41.729,42.246,53958.613
2024-11-28 12:00:00,42.246,42.394,41.835,42.158,24535.881
2024-11-28 13:00:00,42.158,42.542,41.843,42.441,34764.046
2024-11-28 14:00:00,42.441,42.86,42.075,42.093,27944.73
2024-11-28 15:00:00,42.093,42.318,41.48,41.664,38899.166
2024-11-28 16:00:00,41.664,42.156,41.63,41.9,28684.637
2024-11-28 17:00:00,41.9,42.38,41.9,42.14,16001.268
2024-11-28 18:00:00,42.14,42.512,42.116,42.475,16236.585
2024-11-28 19:00:00,42.475,42.665,42.276,42.45,10850.771
2024-11-28 20:00:00,42.45,42.45,42.011,42.127,12591.148
2024-11-28 21:00:00,42.127,42.526,42.115,42.35,13662.729
2024-11-28 22:00:00,42.35,43.116,42.319,43.11,29403.79
2024-11-28 23:00:00,43.11,43.192,42.742,42.762,24268.53
2024-11-29 00:00:00,42.762,43.282,42.529,42.79,35097.18
2024-11-29 01:00:00,42.79,43.208,42.731,43.175,22189.106
2024-11-29 02:00:00,43.175,43.615,43.097,43.536,25167.072
2024-11-29 03:00:00,43.536,43.811,43.173,43.292,17225.039
2024-11-29 04:00:00,43.292,43.462,43.037,43.314,12563.703
2024-11-29 05:00:00,43.314,43.489,43.0,43.02,11469.667
2024-11-29 06:00:00,43.02,43.303,42.85,43.138,15172.004
2024-11-29 07:00:00,43.138,43.595,42.634,42.649,22649.972
2024-11-29 08:00:00,42.649,43.35,42.631,43.214,20594.186
2024-11-29 09:00:00,43.214,43.604,42.966,43.35,21397.875
2024-11-29 10:00:00,43.35,43.704,43.299,43.659,13674.169
2024-11-29 11:00:00,43.659,44.038,43.446,43.8,29847.729
2024-11-29 12:00:00,43.8,44.018,43.296,43.597,22622.774
2024-11-29 13:00:00,43.597,44.029,43.43,44.016,32358.568
2024-11-29 14:00:00,44.016,44.22,43.783,44.166,33025.692
2024-11-29 15:00:00,44.166,44.6,43.691,44.32,38365.181
2024-11-29 16:00:00,44.32,44.568,43.861,44.445,23702.913
2024-11-29 17:00:00,44.445,44.767,44.091,44.22,32278.946
2024-11-29 18:00:00,44.22,44.7,43.995,44.308,23308.382
2024-11-29 19:00:00,44.308,44.53,43.836,44.426,20610.185
2024-11-29 20:00:00,44.426,44.724,44.253,44.343,20593.233
2024-11-29 21:00:00,44.343,44.401,43.995,44.331,12779.612
2024-11-29 22:00:00,44.331,44.906,44.267,44.599,17636.881
2024-11-29 23:00:00,44.599,45.087,44.599,44.844,28301.508
2024-11-30 00:00:00,44.844,44.872,43.832,43.988,32445.552
2024-11-30 01:00:00,43.988,44.524,43.68,44.164,21391.265
2024-11-30 02:00:00,44.164,44.238,43.903,44.163,14560.155
2024-11-30 03:00:00,44.163,44.518,44.079,44.373,13662.984
2024-11-30 04:00:00,44.373,44.524,44.187,44.235,9751.263
2024-11-30 05:00:00,44.235,44.682,44.118,44.622,12226.103
2024-11-30 06:00:00,44.622,45.242,44.442,44.74,35570.135
2024-11-30 07:00:00,44.74,45.646,44.526,45.412,32287.94
2024-11-30 08:00:00,45.412,45.776,45.28,45.739,18042.995
2024-11-30 09:00:00,45.739,45.995,45.301,45.58,33346.865
2024-11-30 10:00:00,45.58,45.586,44.377,44.477,26187.612
2024-11-30 11:00:00,44.477,45.016,44.322,44.725,19184.621
2024-11-30 12:00:00,44.725,45.703,44.706,45.454,33614.039
2024-11-30 13:00:00,45.454,45.831,45.218,45.306,23586.451
2024-11-30 14:00:00,45.306,46.265,45.286,45.518,37350.968
2024-11-30 15:00:00,45.518,45.982,45.347,45.563,26861.841
2024-11-30 16:00:00,45.563,45.934,45.08,45.53,24708.166
2024-11-30 17:00:00,45.53,45.8,45.29,45.605,17738.387
2024-11-30 18:00:00,45.605,45.733,45.288,45.513,14629.076
2024-11-30 19:00:00,45.513,45.716,45.365,45.499,19743.664
2024-11-30 20:00:00,45.499,45.777,45.327,45.77,22049.312
2024-11-30 21:00:00,45.77,45.793,45.311,45.422,14937.686
2024-11-30 22:00:00,45.422,45.688,44.887,45.037,15354.502
2024-11-30 23:00:00,45.037,45.308,44.779,44.794,20333.66
2024-12-01 00:00:00,44.794,45.697,44.628,44.652,39179.852
2024-12-01 01:00:00,44.652,45.033,44.16,44.468,24931.248
2024-12-01 02:00:00,44.468,44.671,43.766,43.887,34634.522
2024-12-01 03:00:00,43.887,44.461,43.887,44.308,16638.837
2024-12-01 04:00:00,44.308,44.451,44.019,44.418,12247.954
2024-12-01 05:00:00,44.418,44.569,43.965,43.981,12868.397
2024-12-01 06:00:00,43.981,44.397,43.942,44.135,11275.67
2024-12-01 07:00:00,44.135,44.39,44.043,44.158,11410.995
2024-12-01 08:00:00,44.158,44.5,43.583,44.473,37293.204
2024-12-01 09:00:00,44.473,44.484,44.081,44.295,11676.334
2024-12-01 10:00:00,44.295,44.302,43.829,44.057,14760.939
2024-12-01 11:00:00,44.057,44.352,43.946,44.136,11929.7
2024-12-01 12:00:00,44.136,44.18,43.815,43.995,14008.768
2024-12-01 13:00:00,43.995,44.366,43.874,44.27,15852.969
2024-12-01 14:00:00,44.27,44.59,44.094,44.582,23832.668
2024-12-01 15:00:00,44.582,45.808,44.405,45.272,38126.745
2024-12-01 16:00:00,45.272,45.529,44.93,44.935,24591.352
2024-12-01 17:00:00,44.935,45.049,44.55,44.863,16113.762
2024-12-01 18:00:00,44.863,44.96,44.619,44.715,9082.748
2024-12-01 19:00:00,44.715,45.328,44.586,45.238,17845.117
2024-12-01 20:00:00,45.238,45.354,44.093,44.735,24397.152
2024-12-01 21:00:00,44.735,45.191,44.608,44.76,23369.413
2024-12-01 22:00:00,44.76,45.004,44.586,44.89,6577.42
2024-12-01 23:00:00,44.89,45.774,44.824,45.09,24314.272
2024-12-02 00:00:00,45.09,45.863,45.0,45.601,24043.745
2024-12-02 01:00:00,45.601,46.177,45.482,46.11,31891.492
2024-12-02 02:00:00,46.11,46.26,45.153,46.032,36227.453
2024-12-02 03:00:00,46.032,49.13,46.032,47.105,184431.619
2024-12-02 04:00:00,47.105,48.67,46.361,48.512,115933.855
2024-12-02 05:00:00,48.512,48.752,47.318,48.075,56957.364
2024-12-02 06:00:00,48.075,48.338,46.877,48.03,63175.515
2024-12-02 07:00:00,48.03,48.575,47.146,48.458,83597.139
2024-12-02 08:00:00,48.458,49.088,45.924,46.455,180240.698
2024-12-02 09:00:00,46.455,47.427,46.085,47.208,84885.894
2024-12-02 10:00:00,47.208,47.242,45.3,45.381,68682.406
2024-12-02 11:00:00,45.381,46.645,45.1,46.236,72906.148
2024-12-02 12:00:00,46.236,47.47,45.997,47.394,106823.112
2024-12-02 13:00:00,47.394,49.297,47.224,48.864,147757.943
2024-12-02 14:00:00,48.864,49.056,47.988,48.736,93475.921
2024-12-02 15:00:00,48.736,50.011,48.585,49.054,135161.369
2024-12-02 16:00:00,49.054,49.669,47.756,48.368,77218.118
2024-12-02 17:00:00,48.368,48.748,46.8,47.054,81090.372
2024-12-02 18:00:00,47.054,48.435,47.034,48.321,43934.459
2024-12-02 19:00:00,48.321,48.671,47.643,48.454,51122.16
2024-12-02 20:00:00,48.454,48.739,48.257,48.444,34354.038
2024-12-02 21:00:00,48.444,52.363,48.017,51.718,120331.899
2024-12-02 22:00:00,51.718,52.11,50.094,51.416,59008.218
2024-12-02 23:00:00,51.416,52.493,51.234,52.263,50711.049
2024-12-03 00:00:00,52.263,52.318,50.721,51.259,48699.173
2024-12-03 01:00:00,51.259,52.866,50.965,51.413,57965.755
2024-12-03 02:00:00,51.413,51.737,50.892,51.395,41797.551
2024-12-03 03:00:00,51.395,52.212,51.235,52.007,38873.702
2024-12-03 04:00:00,52.007,52.012,51.0,51.673,28650.176
2024-12-03 05:00:00,51.673,52.324,51.612,52.234,27624.376
2024-12-03 06:00:00,52.234,52.332,51.027,51.087,36098.32
2024-12-03 07:00:00,51.087,51.51,50.333,50.784,88515.953
2024-12-03 08:00:00,50.784,51.256,50.553,51.221,39325.25
2024-12-03 09:00:00,51.221,52.078,50.692,51.524,52589.4
2024-12-03 10:00:00,51.524,51.94,50.554,50.935,50087.979
2024-12-03 11:00:00,50.935,51.897,50.818,51.77,45424.89
2024-12-03 12:00:00,51.77,51.77,50.914,51.698,39742.269
2024-12-03 13:00:00,51.698,53.923,49.026,49.495,169736.388
2024-12-03 14:00:00,49.495,50.716,47.818,49.887,160701.339
2024-12-03 15:00:00,49.887,50.595,49.33,50.167,106886.221
2024-12-03 16:00:00,50.167,51.0,49.456,49.784,75220.379
2024-12-03 17:00:00,49.784,50.666,49.244,50.642,48768.343
2024-12-03 18:00:00,50.642,50.795,50.284,50.303,30168.868
2024-12-03 19:00:00,50.303,50.456,49.679,50.304,42176.38
2024-12-03 20:00:00,50.304,50.945,50.236,50.894,34032.001
2024-12-03 21:00:00,50.894,51.747,50.725,51.152,53081.085
2024-12-03 22:00:00,51.152,51.526,50.583,51.467,28300.128
2024-12-03 23:00:00,51.467,51.765,50.439,50.899,46708.657
2024-12-04 00:00:00,50.899,52.239,50.838,51.316,60813.355
2024-12-04 01:00:00,51.316,52.193,51.013,51.816,35136.078
2024-12-04 02:00:00,51.816,51.946,50.838,51.467,35869.982
2024-12-04 03:00:00,51.467,52.456,51.448,51.874,33071.082
2024-12-04 04:00:00,51.874,52.633,51.869,52.386,22709.05
2024-12-04 05:00:00,52.386,53.086,52.183,52.677,39839.314
2024-12-04 06:00:00,52.677,54.742,52.512,54.158,97015.076
2024-12-04 07:00:00,54.158,54.91,53.775,54.471,77962.486
2024-12-04 08:00:00,54.471,54.925,54.171,54.339,47737.325
2024-12-04 09:00:00,54.339,55.029,53.719,53.898,69893.973
2024-12-04 10:00:00,53.898,54.711,53.839,54.168,42797.598
2024-12-04 11:00:00,54.168,54.407,53.672,53.934,41488.388
2024-12-04 12:00:00,53.934,54.439,53.051,54.407,52981.841
2024-12-04 13:00:00,54.407,54.888,53.892,54.335,71919.495
2024-12-04 14:00:00,54.335,55.499,53.688,54.458,88488.753
2024-12-04 15:00:00,54.458,55.792,53.954,55.633,65867.833
2024-12-04 16:00:00,55.633,55.872,52.723,52.947,155251.811
2024-12-04 17:00:00,52.947,54.038,52.627,53.969,59205.442
2024-12-04 18:00:00,53.969,54.579,53.679,54.063,44878.786
2024-12-04 19:00:00,54.063,54.847,53.914,54.425,42385.909
2024-12-04 20:00:00,54.425,55.368,53.387,54.024,53092.14
2024-12-04 21:00:00,54.024,54.337,53.067,53.494,63392.268
2024-12-04 22:00:00,53.494,53.982,52.848,52.982,23527.151
2024-12-04 23:00:00,52.982,53.244,52.01,52.765,51657.819
2024-12-05 00:00:00,52.765,52.796,51.645,51.714,51044.101
2024-12-05 01:00:00,51.714,51.762,49.714,50.216,69469.233
2024-12-05 02:00:00,50.216,51.99,49.977,51.292,78151.597
2024-12-05 03:00:00,51.292,52.038,50.69,50.952,73858.856
2024-12-05 04:00:00,50.952,52.016,50.86,51.572,46437.408
2024-12-05 05:00:00,51.572,51.705,50.876,51.463,30087.894
2024-12-05 06:00:00,51.463,52.027,51.07,51.873,39567.116
2024-12-05 07:00:00,51.873,52.342,51.851,51.967,31709.486
2024-12-05 08:00:00,51.967,52.55,51.858,52.215,27434.687
2024-12-05 09:00:00,52.215,52.59,51.984,52.415,22841.759
2024-12-05 10:00:00,52.415,52.615,52.153,52.22,23715.634
2024-12-05 11:00:00,52.22,52.799,52.16,52.762,21341.988
2024-12-05 12:00:00,52.762,53.321,52.64,53.091,45997.787
2024-12-05 13:00:00,53.091,53.247,52.636,52.767,28685.208
2024-12-05 14:00:00,52.767,53.096,52.219,52.671,37222.951
2024-12-05 15:00:00,52.671,52.777,51.659,52.24,48578.475
2024-12-05 16:00:00,52.24,53.028,51.872,52.768,52743.835
2024-12-05 17:00:00,52.768,53.292,52.475,53.237,43115.767
2024-12-05 18:00:00,53.237,53.647,52.737,52.743,50897.437
2024-12-05 19:00:00,52.743,53.246,51.6,51.721,41332.987
2024-12-05 20:00:00,51.721,51.99,50.516,51.316,72478.264
2024-12-05 21:00:00,51.316,51.762,51.056,51.544,33496.245
2024-12-05 22:00:00,51.544,51.953,48.075,50.836,53413.317
2024-12-05 23:00:00,50.836,51.4,49.914,50.281,63833.368
2024-12-06 00:00:00,50.281,51.716,50.129,51.508,45409.666
2024-12-06 01:00:00,51.508,51.961,51.149,51.581,38667.57
2024-12-06 02:00:00,51.581,51.659,51.197,51.428,34017.259
2024-12-06 03:00:00,51.428,51.634,50.965,51.599,22883.15
2024-12-06 04:00:00,51.599,52.102,51.282,51.992,29463.879
2024-12-06 05:00:00,51.992,52.425,51.809,52.006,27512.187
2024-12-06 06:00:00,52.006,53.573,51.751,53.342,60124.106
2024-12-06 07:00:00,53.342,53.554,52.461,52.793,40370.635
2024-12-06 08:00:00,52.793,52.935,52.318,52.4,31911.506
2024-12-06 09:00:00,52.4,52.465,51.465,51.617,48839.157
2024-12-06 10:00:00,51.617,51.805,50.815,51.16,52065.407
2024-12-06 11:00:00,51.16,51.373,50.649,50.939,41701.617
2024-12-06 12:00:00,50.939,51.53,49.796,49.884,47568.611
2024-12-06 13:00:00,49.884,51.156,49.607,50.644,43545.154
2024-12-06 14:00:00,50.644,51.62,50.357,51.595,42161.313
2024-12-06 15:00:00,51.595,52.041,51.358,51.661,44648.576
2024-12-06 16:00:00,51.661,52.168,51.451,52.098,32543.033
2024-12-06 17:00:00,52.098,53.003,51.993,52.449,60661.397
2024-12-06 18:00:00,52.449,52.974,52.415,52.795,28576.759
2024-12-06 19:00:00,52.795,52.969,52.509,52.63,23636.227
2024-12-06 20:00:00,52.63,52.695,52.06,52.328,15114.843
2024-12-06 21:00:00,52.328,52.765,52.106,52.246,20404.387
2024-12-06 22:00:00,52.246,52.811,52.246,52.664,6228.245
2024-12-06 23:00:00,52.664,53.005,52.114,52.47,27142.266
2024-12-07 00:00:00,52.47,52.616,51.695,51.911,16492.602
2024-12-07 01:00:00,51.911,52.197,51.675,51.924,19225.423
2024-12-07 02:00:00,51.924,52.229,51.763,51.998,10257.023
2024-12-07 03:00:00,51.998,52.183,51.596,51.858,12585.99
2024-12-07 04:00:00,51.858,52.19,51.669,51.913,11604.746
2024-12-07 05:00:00,51.913,52.102,51.635,51.822,15662.63
2024-12-07 06:00:00,51.822,52.267,51.727,52.166,16588.51
2024-12-07 07:00:00,52.166,52.185,51.185,51.474,21385.179
2024-12-07 08:00:00,51.474,51.788,51.249,51.614,13154.855
2024-12-07 09:00:00,51.614,52.058,51.596,51.885,18888.778
2024-12-07 10:00:00,51.885,51.894,51.473,51.728,12046.454
2024-12-07 11:00:00,51.728,52.392,51.644,52.247,18467.513
2024-12-07 12:00:00,52.247,52.254,51.881,52.037,11409.594
2024-12-07 13:00:00,52.037,52.299,51.769,52.196,23982.172
2024-12-07 14:00:00,52.196,52.616,51.55,52.573,19412.19
2024-12-07 15:00:00,52.573,52.847,52.052,52.512,35405.643
2024-12-07 16:00:00,52.512,52.72,52.11,52.198,18899.389
2024-12-07 17:00:00,52.198,52.274,51.688,51.889,14713.769
2024-12-07 18:00:00,51.889,53.059,51.88,52.825,30647.975
2024-12-07 19:00:00,52.825,53.089,52.06,52.214,17420.217
2024-12-07 20:00:00,52.214,52.638,52.065,52.093,24993.427
2024-12-07 21:00:00,52.093,52.252,51.728,51.832,23350.603
2024-12-07 22:00:00,51.832,51.997,51.568,51.57,13526.638
2024-12-07 23:00:00,51.57,52.034,51.507,51.59,22715.931
2024-12-08 00:00:00,51.59,51.77,51.357,51.666,24044.038
2024-12-08 01:00:00,51.666,51.927,51.444,51.525,11592.402
2024-12-08 02:00:00,51.525,51.759,51.365,51.659,14643.493
2024-12-08 03:00:00,51.659,52.01,51.648,51.849,6521.226
2024-12-08 04:00:00,51.849,52.129,51.457,51.475,19216.412
2024-12-08 05:00:00,51.475,51.588,50.779,50.977,23145.871
2024-12-08 06:00:00,50.977,51.306,50.674,51.293,12088.619
2024-12-08 07:00:00,51.293,51.73,51.209,51.564,9719.755
2024-12-08 08:00:00,51.564,51.574,50.543,50.571,21733.429
2024-12-08 09:00:00,50.571,51.131,50.354,50.629,27952.5
2024-12-08 10:00:00,50.629,51.274,50.613,51.192,24319.099
2024-12-08 11:00:00,51.192,51.648,50.998,51.446,25887.967
2024-12-08 12:00:00,51.446,51.815,51.063,51.686,18320.725
2024-12-08 13:00:00,51.686,52.183,51.598,51.907,34689.522
2024-12-08 14:00:00,51.907,51.944,51.365,51.408,21483.131
2024-12-08 15:00:00,51.408,52.852,51.011,52.242,61367.646
2024-12-08 16:00:00,52.242,52.504,51.904,52.026,28351.146
2024-12-08 17:00:00,52.026,53.002,52.013,52.836,33665.521
2024-12-08 18:00:00,52.836,53.217,52.124,52.346,41664.579
2024-12-08 19:00:00,52.346,52.988,52.275,52.809,33931.797
2024-12-08 20:00:00,52.809,53.61,52.777,53.149,44887.127
2024-12-08 21:00:00,53.149,53.775,52.98,53.513,50229.948
2024-12-08 22:00:00,53.513,54.398,53.484,53.998,35901.297
2024-12-08 23:00:00,53.998,54.231,53.71,53.982,22186.891
2024-12-09 00:00:00,53.982,54.22,53.105,53.228,70565.256
2024-12-09 01:00:00,53.228,53.419,52.45,52.534,39631.448
2024-12-09 02:00:00,52.534,52.638,51.99,52.055,27261.75
2024-12-09 03:00:00,52.055,52.323,51.117,51.718,39858.261
2024-12-09 04:00:00,51.718,51.935,51.0,51.935,23385.54
2024-12-09 05:00:00,51.935,52.482,51.86,52.302,12188.285
2024-12-09 06:00:00,52.302,52.363,51.351,51.459,20379.444
2024-12-09 07:00:00,51.459,51.6,50.43,51.418,32407.643
2024-12-09 08:00:00,51.418,51.423,50.177,50.301,43395.786
2024-12-09 09:00:00,50.301,50.6,49.568,49.944,52883.468
2024-12-09 10:00:00,49.944,50.518,49.737,50.331,21909.915
2024-12-09 11:00:00,50.331,50.348,49.081,49.245,30430.687
2024-12-09 12:00:00,49.245,49.767,48.899,49.621,30092.871
2024-12-09 13:00:00,49.621,50.919,49.322,50.533,53311.688
2024-12-09 14:00:00,50.533,50.944,49.85,50.811,33670.529
2024-12-09 15:00:00,50.811,50.983,48.8,49.021,78232.419
2024-12-09 16:00:00,49.021,49.751,48.758,49.161,52880.433
2024-12-09 17:00:00,49.161,49.479,48.745,48.757,25262.305
2024-12-09 18:00:00,48.757,49.4,48.757,49.02,21477.246
2024-12-09 19:00:00,49.02,49.151,48.716,48.792,25514.78
2024-12-09 20:00:00,48.792,48.907,45.485,45.791,127850.828
2024-12-09 21:00:00,45.791,46.229,39.585,44.87,243518.609
2024-12-09 22:00:00,44.87,45.094,41.072,44.655,97025.001
2024-12-09 23:00:00,44.655,45.568,44.0,45.0,53359.06
2024-12-10 00:00:00,45.0,46.088,44.153,45.604,65005.593
2024-12-10 01:00:00,45.604,45.876,44.794,45.667,61277.606
2024-12-10 02:00:00,45.667,45.667,44.029,44.029,43616.279
2024-12-10 03:00:00,44.029,44.413,42.269,44.077,90095.461
2024-12-10 04:00:00,44.077,44.83,43.021,44.79,60316.185
2024-12-10 05:00:00,44.79,45.302,44.433,45.011,41768.876
2024-12-10 06:00:00,45.011,45.778,44.745,45.564,47660.162
2024-12-10 07:00:00,45.564,45.597,44.928,45.296,26204.224
2024-12-10 08:00:00,45.296,45.541,44.721,45.376,33339.196
2024-12-10 09:00:00,45.376,45.985,45.285,45.744,36718.77
2024-12-10 10:00:00,45.744,46.392,45.717,46.242,38806.897
2024-12-10 11:00:00,46.242,46.488,45.639,45.802,41878.501
2024-12-10 12:00:00,45.802,45.957,43.824,44.025,70550.211
2024-12-10 13:00:00,44.025,45.112,43.98,44.697,57057.761
2024-12-10 14:00:00,44.697,45.683,44.616,44.91,74897.899
2024-12-10 15:00:00,44.91,45.18,42.358,42.377,114127.447
2024-12-10 16:00:00,42.377,43.471,41.629,43.33,109674.338
2024-12-10 17:00:00,43.33,43.35,41.5,41.517,77905.666
2024-12-10 18:00:00,41.517,42.965,41.317,42.526,57504.602
2024-12-10 19:00:00,42.526,43.681,42.491,43.571,39298.221
2024-12-10 20:00:00,43.571,44.369,43.308,44.312,49296.22
2024-12-10 21:00:00,44.312,45.369,44.258,44.759,55730.89
2024-12-10 22:00:00,44.759,45.072,44.48,44.722,23663.294
2024-12-10 23:00:00,44.722,44.942,44.44,44.599,13221.042
2024-12-11 00:00:00,44.599,44.735,43.515,44.076,43285.947
2024-12-11 01:00:00,44.076,44.094,42.851,42.901,53461.354
2024-12-11 02:00:00,42.901,44.578,42.82,44.261,46888.234
2024-12-11 03:00:00,44.261,44.561,44.113,44.257,23452.604
2024-12-11 04:00:00,44.257,44.586,44.099,44.44,22207.74
2024-12-11 05:00:00,44.44,44.629,43.993,44.168,14780.987
2024-12-11 06:00:00,44.168,44.403,43.93,44.336,26453.133
2024-12-11 07:00:00,44.336,44.599,43.938,43.982,25022.968
2024-12-11 08:00:00,43.982,45.323,43.927,45.041,38643.262
2024-12-11 09:00:00,45.041,45.147,44.676,45.055,31986.574
2024-12-11 10:00:00,45.055,45.278,44.916,45.27,22790.413
2024-12-11 11:00:00,45.27,45.603,45.13,45.403,26010.266
2024-12-11 12:00:00,45.403,46.049,45.26,45.803,30678.651
2024-12-11 13:00:00,45.803,46.892,45.769,46.849,78726.552
2024-12-11 14:00:00,46.849,47.58,46.278,47.459,56891.457
2024-12-11 15:00:00,47.459,48.403,47.332,47.905,68638.99
2024-12-11 16:00:00,47.905,48.352,47.631,47.846,34764.286
2024-12-11 17:00:00,47.846,48.01,47.188,47.303,29777.078
2024-12-11 18:00:00,47.303,47.676,47.191,47.451,25727.218
2024-12-11 19:00:00,47.451,47.855,47.41,47.773,20527.453
2024-12-11 20:00:00,47.773,48.059,47.684,47.844,20155.472
2024-12-11 21:00:00,47.844,48.046,47.633,47.975,15017.833
2024-12-11 22:00:00,47.975,48.304,47.921,48.126,11293.69
2024-12-11 23:00:00,48.126,48.47,48.116,48.461,13330.877
2024-12-12 00:00:00,48.461,49.035,48.202,48.698,34636.86
2024-12-12 01:00:00,48.698,49.263,48.321,48.594,27799.198
2024-12-12 02:00:00,48.594,49.988,48.571,49.935,63518.911
2024-12-12 03:00:00,49.935,50.367,49.461,49.73,51758.999
2024-12-12 04:00:00,49.73,50.029,49.531,49.693,16521.284
2024-12-12 05:00:00,49.693,51.025,49.685,50.382,34119.619
2024-12-12 06:00:00,50.382,50.681,49.918,50.309,29562.848
2024-12-12 07:00:00,50.309,50.543,50.04,50.118,14465.021
2024-12-12 08:00:00,50.118,50.846,50.118,50.746,21771.589
2024-12-12 09:00:00,50.746,51.276,50.74,51.106,24653.592
2024-12-12 10:00:00,51.106,51.182,50.228,50.533,30138.326
2024-12-12 11:00:00,50.533,50.602,49.593,49.786,34670.05
2024-12-12 12:00:00,49.786,50.379,49.572,50.27,27560.518
2024-12-12 13:00:00,50.27,52.794,50.098,51.601,158763.807
2024-12-12 14:00:00,51.601,52.656,51.185,52.612,59648.725
2024-12-12 15:00:00,52.612,52.986,51.997,52.281,63460.043
2024-12-12 16:00:00,52.281,53.952,52.281,53.586,95742.0
2024-12-12 17:00:00,53.586,55.402,53.471,54.41,110177.618
2024-12-12 18:00:00,54.41,54.825,53.53,53.72,49884.509
2024-12-12 19:00:00,53.72,53.976,51.864,52.129,91132.911
2024-12-12 20:00:00,52.129,53.562,51.86,53.132,43892.816
2024-12-12 21:00:00,53.132,53.538,52.476,52.545,22493.985
2024-12-12 22:00:00,52.545,53.31,51.847,53.09,29586.874
2024-12-12 23:00:00,53.09,53.216,52.535,53.127,20771.93
2024-12-13 00:00:00,53.127,54.015,52.98,53.118,45500.446
2024-12-13 01:00:00,53.118,53.133,51.976,52.539,49880.335
2024-12-13 02:00:00,52.539,53.745,52.169,53.039,38832.209
2024-12-13 03:00:00,53.039,53.204,52.432,52.578,36925.374
2024-12-13 04:00:00,52.578,53.375,52.565,53.017,203438.527
2024-12-13 05:00:00,53.017,53.023,52.238,52.317,19771.385
2024-12-13 06:00:00,52.317,52.747,51.56,51.56,25454.643
2024-12-13 07:00:00,51.56,52.012,51.157,51.768,32784.303
2024-12-13 08:00:00,51.768,52.328,51.641,52.081,22477.794
2024-12-13 09:00:00,52.081,52.317,51.46,51.726,15036.672
2024-12-13 10:00:00,51.726,52.134,51.315,51.875,25227.992
2024-12-13 11:00:00,51.875,52.41,51.787,51.848,24029.865
2024-12-13 12:00:00,51.848,52.241,51.7,52.172,16515.043
2024-12-13 13:00:00,52.172,52.366,51.642,52.025,22077.183
2024-12-13 14:00:00,52.025,52.515,51.455,52.513,39988.37
2024-12-13 15:00:00,52.513,52.871,51.1,51.17,44088.585
2024-12-13 16:00:00,51.17,52.099,50.91,51.46,40597.859
2024-12-13 17:00:00,51.46,51.676,50.75,51.462,30875.379
2024-12-13 18:00:00,51.462,51.494,50.861,50.938,23761.395
2024-12-13 19:00:00,50.938,51.467,50.938,51.409,12729.012
2024-12-13 20:00:00,51.409,51.815,51.369,51.684,14375.453
2024-12-13 21:00:00,51.684,51.757,51.42,51.452,8730.307
2024-12-13 22:00:00,51.452,52.329,51.413,52.031,15642.134
2024-12-13 23:00:00,52.031,52.811,51.922,52.804,19620.825
2024-12-14 00:00:00,52.804,53.656,52.574,53.083,36052.24
2024-12-14 01:00:00,53.083,53.852,53.07,53.586,27620.371
2024-12-14 02:00:00,53.586,53.667,52.925,52.949,18388.64
2024-12-14 03:00:00,52.949,53.085,52.498,52.638,10780.771
2024-12-14 04:00:00,52.638,52.722,52.353,52.441,11276.454
2024-12-14 05:00:00,52.441,52.479,52.014,52.069,11478.505
2024-12-14 06:00:00,52.069,52.616,52.02,52.494,27136.08
2024-12-14 07:00:00,52.494,52.755,52.331,52.604,13417.726
2024-12-14 08:00:00,52.604,53.293,52.559,53.217,28700.286
2024-12-14 09:00:00,53.217,53.638,52.672,52.675,35442.537
2024-12-14 10:00:00,52.675,53.232,52.519,53.156,17939.343
2024-12-14 11:00:00,53.156,53.382,52.887,52.978,12953.972
2024-12-14 12:00:00,52.978,53.139,51.608,51.685,39218.039
2024-12-14 13:00:00,51.685,51.939,50.8,51.327,39112.717
2024-12-14 14:00:00,51.327,51.862,51.249,51.5,22040.165
2024-12-14 15:00:00,51.5,51.569,51.088,51.345,17627.325
2024-12-14 16:00:00,51.345,51.42,50.84,51.36,21189.571
2024-12-14 17:00:00,51.36,51.39,50.175,50.272,33175.479
2024-12-14 18:00:00,50.272,50.4,49.613,49.709,31335.025
2024-12-14 19:00:00,49.709,50.164,49.527,50.036,25944.641
2024-12-14 20:00:00,50.036,50.274,49.375,49.51,27121.919
2024-12-14 21:00:00,49.51,50.005,49.51,49.816,19028.93
2024-12-14 22:00:00,49.816,49.966,49.472,49.765,7662.9
2024-12-14 23:00:00,49.765,50.171,49.611,49.847,18466.473
2024-12-15 00:00:00,49.847,49.949,49.331,49.572,14337.456
2024-12-15 01:00:00,49.572,50.73,49.487,50.657,16132.99
2024-12-15 02:00:00,50.657,51.018,49.789,49.807,25201.608
2024-12-15 03:00:00,49.807,49.833,49.482,49.556,10864.438
2024-12-15 04:00:00,49.556,50.159,49.493,49.722,18145.893
2024-12-15 05:00:00,49.722,49.821,49.473,49.669,7449.763
2024-12-15 06:00:00,49.669,49.718,48.85,48.957,12957.793
2024-12-15 07:00:00,48.957,49.044,48.129,48.445,22778.711
2024-12-15 08:00:00,48.445,49.695,48.286,49.695,20244.142
2024-12-15 09:00:00,49.695,49.695,49.32,49.526,8636.71
2024-12-15 10:00:00,49.526,49.67,49.095,49.095,8110.77
2024-12-15 11:00:00,49.095,49.524,49.075,49.479,6628.917
2024-12-15 12:00:00,49.479,50.124,49.388,50.016,18319.552
2024-12-15 13:00:00,50.016,50.681,49.68,50.37,18962.755
2024-12-15 14:00:00,50.37,51.008,50.37,50.961,14601.964
2024-12-15 15:00:00,50.961,51.076,50.411,50.461,11792.204
2024-12-15 16:00:00,50.461,50.666,50.24,50.538,14937.649
2024-12-15 17:00:00,50.538,50.541,49.942,50.041,8418.302
2024-12-15 18:00:00,50.041,50.268,49.804,50.255,9311.993
2024-12-15 19:00:00,50.255,50.688,50.242,50.339,13207.927
2024-12-15 20:00:00,50.339,50.457,50.086,50.14,8557.125
2024-12-15 21:00:00,50.14,50.238,48.532,48.561,135144.76
2024-12-15 22:00:00,48.561,49.324,48.076,49.114,75860.162
2024-12-15 23:00:00,49.114,51.388,49.108,50.8,73325.617
2024-12-16 00:00:00,50.8,51.899,50.299,51.834,83450.266
2024-12-16 01:00:00,51.834,52.056,51.222,51.317,25125.371
2024-12-16 02:00:00,51.317,51.404,50.017,50.102,19686.367
2024-12-16 03:00:00,50.102,50.377,49.593,49.942,24490.866
2024-12-16 04:00:00,49.942,50.29,49.872,50.245,16802.287
2024-12-16 05:00:00,50.245,50.669,49.892,50.435,15507.251
2024-12-16 06:00:00,50.435,50.68,49.867,49.976,19305.238
2024-12-16 07:00:00,49.976,50.152,49.728,49.837,20891.735
2024-12-16 08:00:00,49.837,49.962,49.146,49.273,23861.074
2024-12-16 09:00:00,49.273,49.384,48.846,48.903,25421.723
2024-12-16 10:00:00,48.903,49.199,48.646,49.077,51078.885
2024-12-16 11:00:00,49.077,49.246,48.478,48.603,23323.67
2024-12-16 12:00:00,48.603,48.99,48.5,48.699,21701.414
2024-12-16 13:00:00,48.699,49.036,48.346,48.542,17240.608
2024-12-16 14:00:00,48.542,49.675,48.542,49.022,32808.267
2024-12-16 15:00:00,49.022,49.572,48.768,49.005,26877.677
2024-12-16 16:00:00,49.005,49.689,48.959,49.476,35199.664
2024-12-16 17:00:00,49.476,50.197,49.411,49.922,31030.375
2024-12-16 18:00:00,49.922,50.856,49.857,50.841,24699.609
2024-12-16 19:00:00,50.841,50.87,49.682,50.05,21735.083
2024-12-16 20:00:00,50.05,50.245,49.531,49.703,15722.988
2024-12-16 21:00:00,49.703,50.088,49.703,49.9,16288.401
2024-12-16 22:00:00,49.9,50.068,49.564,49.721,6972.951
2024-12-16 23:00:00,49.721,49.825,48.858,48.992,14585.935
2024-12-17 00:00:00,48.992,49.162,48.303,48.355,27259.298
2024-12-17 01:00:00,48.355,49.506,48.312,49.377,19372.466
2024-12-17 02:00:00,49.377,49.499,49.049,49.165,12703.88
2024-12-17 03:00:00,49.165,49.418,49.116,49.266,12091.184
2024-12-17 04:00:00,49.266,49.266,48.668,48.9,12264.908
2024-12-17 05:00:00,48.9,49.098,48.641,48.999,9692.183
2024-12-17 06:00:00,48.999,49.018,48.424,48.729,30195.396
2024-12-17 07:00:00,48.729,49.243,48.605,48.827,22549.096
2024-12-17 08:00:00,48.827,49.428,48.823,49.202,10809.31
2024-12-17 09:00:00,49.202,50.442,49.066,50.214,25252.306
2024-12-17 10:00:00,50.214,50.795,50.042,50.703,23676.379
2024-12-17 11:00:00,50.703,50.795,50.109,50.233,19206.563
2024-12-17 12:00:00,50.233,50.7,49.899,50.499,27175.275
2024-12-17 13:00:00,50.499,50.869,50.32,50.667,34791.751
2024-12-17 14:00:00,50.667,50.738,49.605,50.057,37222.465
2024-12-17 15:00:00,50.057,50.079,48.448,48.831,46040.355
2024-12-17 16:00:00,48.831,49.712,48.46,49.482,23204.921
2024-12-17 17:00:00,49.482,49.904,49.013,49.78,16313.257
2024-12-17 18:00:00,49.78,49.886,48.784,48.784,16455.307
2024-12-17 19:00:00,48.784,49.109,48.52,48.855,15010.712
2024-12-17 20:00:00,48.855,49.2,48.67,48.811,18813.284
2024-12-17 21:00:00,48.811,49.387,48.4,48.954,18055.723
2024-12-17 22:00:00,48.954,49.037,47.775,48.051,16541.498
2024-12-17 23:00:00,48.051,48.082,47.531,47.895,26918.445
2024-12-18 00:00:00,47.895,48.188,47.226,47.68,27329.05
2024-12-18 01:00:00,47.68,48.045,47.146,47.274,19204.355
2024-12-18 02:00:00,47.274,47.879,47.108,47.761,18536.844
2024-12-18 03:00:00,47.761,47.882,46.974,46.974,27297.769
2024-12-18 04:00:00,46.974,47.028,46.139,46.538,41487.628
2024-12-18 05:00:00,46.538,47.012,46.336,46.698,17851.836
2024-12-18 06:00:00,46.698,46.852,46.035,46.443,15518.481
2024-12-18 07:00:00,46.443,46.708,46.302,46.467,11818.307
2024-12-18 08:00:00,46.467,46.6,45.98,46.358,10760.715
2024-12-18 09:00:00,46.358,46.94,46.253,46.751,12430.107
2024-12-18 10:00:00,46.751,46.832,46.494,46.807,11257.409
2024-12-18 11:00:00,46.807,47.36,46.766,47.219,13663.837
2024-12-18 12:00:00,47.219,47.329,46.108,46.438,16370.698
2024-12-18 13:00:00,46.438,46.802,46.16,46.34,12384.74
2024-12-18 14:00:00,46.34,46.658,45.933,45.986,30356.263
2024-12-18 15:00:00,45.986,46.636,45.612,46.304,25798.673
2024-12-18 16:00:00,46.304,46.6,45.937,46.386,13124.004
2024-12-18 17:00:00,46.386,46.818,45.921,46.556,18070.126
2024-12-18 18:00:00,46.556,47.474,46.366,47.44,19793.367
2024-12-18 19:00:00,47.44,47.571,45.24,45.24,55143.171
2024-12-18 20:00:00,45.24,45.612,42.201,44.004,247347.644
2024-12-18 21:00:00,44.004,44.657,43.626,43.978,53554.417
2024-12-18 22:00:00,43.978,44.048,43.28,43.328,34835.648
2024-12-18 23:00:00,43.328,43.507,42.64,42.777,31503.72
2024-12-19 00:00:00,42.777,43.332,42.353,43.065,34081.014
2024-12-19 01:00:00,43.065,43.119,41.576,41.868,35219.262
2024-12-19 02:00:00,41.868,42.004,40.301,41.99,123882.384
2024-12-19 03:00:00,41.99,43.05,41.885,42.985,23451.063
2024-12-19 04:00:00,42.985,43.015,42.532,42.542,10776.053
2024-12-19 05:00:00,42.542,42.977,42.469,42.799,14631.168
2024-12-19 06:00:00,42.799,42.814,42.344,42.519,16141.949
2024-12-19 07:00:00,42.519,43.122,42.519,43.022,12730.223
2024-12-19 08:00:00,43.022,43.035,42.17,42.326,17969.691
2024-12-19 09:00:00,42.326,42.72,42.168,42.636,17949.404
2024-12-19 10:00:00,42.636,43.613,42.417,43.278,20710.495
2024-12-19 11:00:00,43.278,43.508,43.035,43.238,7999.478
2024-12-19 12:00:00,43.238,43.347,42.422,42.495,17951.925
2024-12-19 13:00:00,42.495,42.868,42.192,42.478,19071.429
2024-12-19 14:00:00,42.478,43.321,42.063,42.106,29228.388
2024-12-19 15:00:00,42.106,42.135,40.926,41.594,50949.326
2024-12-19 16:00:00,41.594,42.449,41.01,42.229,36850.281
2024-12-19 17:00:00,42.229,42.229,39.126,40.203,116183.429
2024-12-19 18:00:00,40.203,40.259,38.306,39.547,159681.094
2024-12-19 19:00:00,39.547,39.78,37.84,38.64,90848.227
2024-12-19 20:00:00,38.64,38.995,37.446,38.801,101585.916
2024-12-19 21:00:00,38.801,39.816,38.473,39.272,56103.671
2024-12-19 22:00:00,39.272,39.71,39.113,39.652,25087.783
2024-12-19 23:00:00,39.652,39.652,38.789,38.824,35309.522
2024-12-20 00:00:00,38.824,39.536,38.202,39.199,50480.678
2024-12-20 01:00:00,39.199,39.5,38.844,39.154,33291.582
2024-12-20 02:00:00,39.154,40.388,39.065,40.072,32064.45
2024-12-20 03:00:00,40.072,40.153,39.419,39.542,24108.041
2024-12-20 04:00:00,39.542,39.855,39.34,39.393,19355.738
2024-12-20 05:00:00,39.393,39.576,38.84,38.859,24631.871
2024-12-20 06:00:00,38.859,39.337,38.114,38.485,37752.531
2024-12-20 07:00:00,38.485,39.712,38.477,39.138,40497.563
2024-12-20 08:00:00,39.138,39.181,36.405,36.777,74604.541
2024-12-20 09:00:00,36.777,37.137,36.001,36.002,71671.711
2024-12-20 10:00:00,36.002,36.248,34.684,34.936,155267.948
2024-12-20 11:00:00,34.936,35.58,33.597,33.671,117127.133
2024-12-20 12:00:00,33.671,36.14,33.573,35.824,99954.026
2024-12-20 13:00:00,35.824,36.92,34.701,36.691,93806.147
2024-12-20 14:00:00,36.691,37.539,36.318,37.157,84633.465
2024-12-20 15:00:00,37.157,38.465,37.157,38.009,75860.016
2024-12-20 16:00:00,38.009,38.598,37.744,38.199,89315.345
2024-12-20 17:00:00,38.199,38.91,38.033,38.613,43011.477
2024-12-20 18:00:00,38.613,38.933,38.476,38.729,37619.627
2024-12-20 19:00:00,38.729,39.564,38.692,39.126,37005.64
2024-12-20 20:00:00,39.126,39.36,38.592,38.673,46066.688
2024-12-20 21:00:00,38.673,38.891,37.951,38.769,39215.016
2024-12-20 22:00:00,38.769,39.846,38.576,39.778,21145.668
2024-12-20 23:00:00,39.778,40.055,39.653,39.833,24394.884
2024-12-21 00:00:00,39.833,39.93,39.377,39.529,19511.392
2024-12-21 01:00:00,39.529,40.127,39.448,39.866,17071.919
2024-12-21 02:00:00,39.866,40.127,39.549,39.779,17852.371
2024-12-21 03:00:00,39.779,39.922,39.538,39.854,15223.912
2024-12-21 04:00:00,39.854,40.387,39.8,40.349,15663.476
2024-12-21 05:00:00,40.349,41.499,40.275,41.499,24032.751
2024-12-21 06:00:00,41.499,41.79,41.238,41.737,21080.25
2024-12-21 07:00:00,41.737,42.355,41.668,41.839,22486.114
2024-12-21 08:00:00,41.839,42.017,40.86,41.163,30512.674
2024-12-21 09:00:00,41.163,41.303,40.743,41.133,18393.602
2024-12-21 10:00:00,41.133,41.401,40.707,40.863,13804.013
2024-12-21 11:00:00,40.863,40.963,40.13,40.612,12635.304
2024-12-21 12:00:00,40.612,40.65,39.074,39.102,32293.044
2024-12-21 13:00:00,39.102,39.421,37.804,38.7,57257.916
2024-12-21 14:00:00,38.7,39.077,38.2,38.265,33494.024
2024-12-21 15:00:00,38.265,38.888,38.265,38.613,23887.156
2024-12-21 16:00:00,38.613,38.731,37.818,37.99,39950.59
2024-12-21 17:00:00,37.99,38.454,37.648,38.284,34878.304
2024-12-21 18:00:00,38.284,38.478,37.535,37.697,29160.052
2024-12-21 19:00:00,37.697,37.745,37.031,37.745,32889.423
2024-12-21 20:00:00,37.745,38.162,37.486,37.726,28392.425
2024-12-21 21:00:00,37.726,37.915,37.191,37.447,20989.321
2024-12-21 22:00:00,37.447,37.633,37.049,37.398,10788.372
2024-12-21 23:00:00,37.398,37.485,36.927,37.406,9215.449
2024-12-22 00:00:00,37.406,37.841,37.026,37.544,26005.442
2024-12-22 01:00:00,37.544,37.837,36.971,37.42,17862.24
2024-12-22 02:00:00,37.42,37.598,37.062,37.38,16977.925
2024-12-22 03:00:00,37.38,37.733,36.966,37.516,19237.479
2024-12-22 04:00:00,37.516,37.625,36.68,36.687,16221.492
2024-12-22 05:00:00,36.687,37.242,36.172,37.076,31962.529
2024-12-22 06:00:00,37.076,37.639,36.936,37.561,21664.253
2024-12-22 07:00:00,37.561,37.728,37.356,37.61,14993.459
2024-12-22 08:00:00,37.61,38.196,37.605,38.018,18912.627
2024-12-22 09:00:00,38.018,38.55,37.82,38.088,20781.804
2024-12-22 10:00:00,38.088,38.311,37.996,38.029,7853.75
2024-12-22 11:00:00,38.029,38.161,37.869,38.045,5771.909
2024-12-22 12:00:00,38.045,38.366,37.818,37.944,8139.15
2024-12-22 13:00:00,37.944,38.235,37.739,37.887,7344.901
2024-12-22 14:00:00,37.887,38.024,36.633,36.676,35364.66
2024-12-22 15:00:00,36.676,37.303,36.676,37.005,21979.021
2024-12-22 16:00:00,37.005,37.47,36.659,37.412,19809.14
2024-12-22 17:00:00,37.412,37.63,37.201,37.258,18056.084
2024-12-22 18:00:00,37.258,37.653,37.036,37.154,17648.759
2024-12-22 19:00:00,37.154,37.22,36.029,36.149,23407.416
2024-12-22 20:00:00,36.149,36.676,35.53,36.64,53080.512
2024-12-22 21:00:00,36.64,37.076,36.406,36.633,15820.873
2024-12-22 22:00:00,36.633,36.705,35.872,36.661,34468.696
2024-12-22 23:00:00,36.661,37.051,36.395,36.575,16703.683
2024-12-23 00:00:00,36.575,36.668,35.885,36.131,20366.144
2024-12-23 01:00:00,36.131,36.742,35.614,36.097,24991.017
2024-12-23 02:00:00,36.097,36.482,35.674,36.424,28194.786
2024-12-23 03:00:00,36.424,37.919,36.207,37.814,35281.644
2024-12-23 04:00:00,37.814,38.014,37.237,37.337,25299.047
2024-12-23 05:00:00,37.337,37.462,36.759,36.895,19865.013
2024-12-23 06:00:00,36.895,36.962,35.84,35.982,24183.775
2024-12-23 07:00:00,35.982,36.489,35.858,36.309,17533.427
2024-12-23 08:00:00,36.309,36.98,36.224,36.946,23622.773
2024-12-23 09:00:00,36.946,37.488,36.879,37.149,35008.222
2024-12-23 10:00:00,37.149,37.424,36.888,37.211,19107.204
2024-12-23 11:00:00,37.211,37.329,36.788,36.875,8947.262
2024-12-23 12:00:00,36.875,37.26,36.839,37.052,12906.232
2024-12-23 13:00:00,37.052,37.124,36.203,36.337,21977.339
2024-12-23 14:00:00,36.337,36.872,35.711,36.062,25017.537
2024-12-23 15:00:00,36.062,36.134,35.707,35.772,24968.292
2024-12-23 16:00:00,35.772,37.44,35.753,37.313,39151.593
2024-12-23 17:00:00,37.313,37.509,36.729,36.87,45565.551
2024-12-23 18:00:00,36.87,37.131,36.554,36.619,9317.054
2024-12-23 19:00:00,36.619,37.435,36.609,36.964,38297.613
2024-12-23 20:00:00,36.964,38.482,36.925,38.308,39118.011
2024-12-23 21:00:00,38.308,39.213,38.308,38.339,77941.467
2024-12-23 22:00:00,38.339,39.55,38.339,39.549,48332.574
2024-12-23 23:00:00,39.549,39.743,38.903,39.096,24349.359
2024-12-24 00:00:00,39.096,39.319,38.645,38.81,13199.607
2024-12-24 01:00:00,38.81,38.905,38.074,38.113,17361.232
2024-12-24 02:00:00,38.113,38.305,37.702,38.083,14851.517
2024-12-24 03:00:00,38.083,38.613,38.051,38.585,20480.589
2024-12-24 04:00:00,38.585,39.011,38.469,38.904,26421.626
2024-12-24 05:00:00,38.904,39.115,38.79,39.064,8262.939
2024-12-24 06:00:00,39.064,39.124,38.432,38.495,8398.463
2024-12-24 07:00:00,38.495,38.7,38.273,38.546,6400.135
2024-12-24 08:00:00,38.546,39.213,38.382,39.178,19879.301
2024-12-24 09:00:00,39.178,39.319,38.644,38.717,9488.112
2024-12-24 10:00:00,38.717,38.812,38.465,38.566,15408.869
2024-12-24 11:00:00,38.566,39.681,38.432,39.615,41033.03
2024-12-24 12:00:00,39.615,39.709,39.013,39.214,33903.188
2024-12-24 13:00:00,39.214,40.376,39.051,40.316,32607.521
2024-12-24 14:00:00,40.316,40.5,39.991,40.305,29170.868
2024-12-24 15:00:00,40.305,41.03,40.193,40.909,26640.302
2024-12-24 16:00:00,40.909,42.072,40.801,40.951,74545.241
2024-12-24 17:00:00,40.951,41.357,40.893,41.249,17585.046
2024-12-24 18:00:00,41.249,41.853,41.136,41.499,34404.869
2024-12-24 19:00:00,41.499,41.556,40.89,40.89,26430.464
2024-12-24 20:00:00,40.89,40.98,40.3,40.679,39216.013
2024-12-24 21:00:00,40.679,41.45,40.65,41.192,17688.93
2024-12-24 22:00:00,41.192,41.478,40.942,41.145,6316.173
2024-12-24 23:00:00,41.145,41.336,41.068,41.24,12317.735
2024-12-25 00:00:00,41.24,41.283,40.941,41.091,10973.893
2024-12-25 01:00:00,41.091,41.388,41.091,41.31,7785.078
2024-12-25 02:00:00,41.31,41.482,40.917,41.123,16982.255
2024-12-25 03:00:00,41.123,41.18,40.6,41.161,47420.395
2024-12-25 04:00:00,41.161,41.394,40.983,41.144,12316.359
2024-12-25 05:00:00,41.144,41.477,41.086,41.272,7392.023
2024-12-25 06:00:00,41.272,41.581,41.047,41.083,9471.617
2024-12-25 07:00:00,41.083,41.566,40.834,40.88,24476.466
2024-12-25 08:00:00,40.88,41.276,40.736,41.046,10396.518
2024-12-25 09:00:00,41.046,41.179,40.876,41.129,9950.047
2024-12-25 10:00:00,41.129,41.888,40.778,40.922,19535.053
2024-12-25 11:00:00,40.922,41.188,40.36,40.464,10235.532
2024-12-25 12:00:00,40.464,40.914,40.326,40.793,12649.345
2024-12-25 13:00:00,40.793,41.04,40.593,40.727,8795.723
2024-12-25 14:00:00,40.727,40.884,40.6,40.715,8436.41
2024-12-25 15:00:00,40.715,40.778,40.296,40.556,12932.891
2024-12-25 16:00:00,40.556,40.649,40.014,40.333,28078.687
2024-12-25 17:00:00,40.333,40.438,40.13,40.438,9495.447
2024-12-25 18:00:00,40.438,40.57,40.218,40.415,13414.881
2024-12-25 19:00:00,40.415,40.619,40.311,40.56,6986.634
2024-12-25 20:00:00,40.56,40.806,40.064,40.165,8848.014
2024-12-25 21:00:00,40.165,40.362,39.817,40.149,11156.137
2024-12-25 22:00:00,40.149,40.36,39.881,40.106,7753.143
2024-12-25 23:00:00,40.106,40.408,40.083,40.273,8109.276
2024-12-26 00:00:00,40.273,40.727,39.905,40.003,24814.918
2024-12-26 01:00:00,40.003,40.209,39.726,39.903,11983.675
2024-12-26 02:00:00,39.903,40.196,39.554,39.554,16360.164
2024-12-26 03:00:00,39.554,39.766,39.381,39.606,14966.564
2024-12-26 04:00:00,39.606,39.606,39.176,39.216,16277.991
2024-12-26 05:00:00,39.216,39.344,39.033,39.232,11659.683
2024-12-26 06:00:00,39.232,39.29,38.832,38.956,25487.744
2024-12-26 07:00:00,38.956,39.029,38.644,38.724,23078.155
2024-12-26 08:00:00,38.724,38.79,37.6,38.285,66310.026
2024-12-26 09:00:00,38.285,38.516,37.924,37.943,27523.078
2024-12-26 10:00:00,37.943,38.116,37.708,37.941,21764.391
2024-12-26 11:00:00,37.941,38.286,37.904,37.985,17034.608
2024-12-26 12:00:00,37.985,38.066,37.736,37.781,13222.208
2024-12-26 13:00:00,37.781,37.837,37.418,37.719,17580.703
2024-12-26 14:00:00,37.719,38.051,37.455,37.692,19223.954
2024-12-26 15:00:00,37.692,38.076,37.537,37.688,17345.205
2024-12-26 16:00:00,37.688,37.95,37.505,37.885,49831.621
2024-12-26 17:00:00,37.885,37.885,37.092,37.364,29299.141
2024-12-26 18:00:00,37.364,37.775,37.212,37.718,17066.935
2024-12-26 19:00:00,37.718,37.77,37.318,37.612,13887.675
2024-12-26 20:00:00,37.612,37.612,37.186,37.392,12203.669
2024-12-26 21:00:00,37.392,37.523,37.118,37.474,18869.532
2024-12-26 22:00:00,37.474,37.72,37.407,37.423,4343.871
2024-12-26 23:00:00,37.423,37.451,36.969,37.331,16788.698
2024-12-27 00:00:00,37.331,37.513,37.058,37.362,10036.181
2024-12-27 01:00:00,37.362,37.707,37.139,37.484,7086.843
2024-12-27 02:00:00,37.484,37.857,37.283,37.411,11829.54
2024-12-27 03:00:00,37.411,37.702,37.339,37.566,5947.064
2024-12-27 04:00:00,37.566,37.866,37.336,37.396,7422.089
2024-12-27 05:00:00,37.396,37.51,37.144,37.49,8389.971
2024-12-27 06:00:00,37.49,38.102,37.49,38.073,14594.058
2024-12-27 07:00:00,38.073,38.081,36.818,37.192,18925.192
2024-12-27 08:00:00,37.192,37.955,37.192,37.691,9656.723
2024-12-27 09:00:00,37.691,39.044,37.666,38.578,49835.087
2024-12-27 10:00:00,38.578,38.682,37.684,38.138,35444.658
2024-12-27 11:00:00,38.138,38.595,38.043,38.537,14131.424
2024-12-27 12:00:00,38.537,38.608,38.315,38.373,6984.897
2024-12-27 13:00:00,38.373,38.424,37.936,37.993,12480.0
2024-12-27 14:00:00,37.993,37.996,37.118,37.404,24326.319
2024-12-27 15:00:00,37.404,37.443,36.545,36.687,29812.773
2024-12-27 16:00:00,36.687,36.781,36.306,36.634,21166.741
2024-12-27 17:00:00,36.634,37.571,36.533,37.395,16227.001
2024-12-27 18:00:00,37.395,37.521,37.116,37.389,10991.86
2024-12-27 19:00:00,37.389,37.448,37.17,37.18,3608.207
2024-12-27 20:00:00,37.18,37.228,36.786,37.01,14644.494
2024-12-27 21:00:00,37.01,37.073,36.629,36.658,6255.318
2024-12-27 22:00:00,36.658,36.856,36.412,36.448,11108.62
2024-12-27 23:00:00,36.448,36.582,36.331,36.566,9379.859
2024-12-28 00:00:00,36.566,36.73,36.488,36.706,21820.538
2024-12-28 01:00:00,36.706,36.746,36.277,36.532,9359.616
2024-12-28 02:00:00,36.532,36.75,36.396,36.425,6670.188
2024-12-28 03:00:00,36.425,36.798,36.425,36.692,7073.391
2024-12-28 04:00:00,36.692,36.756,36.55,36.693,2397.383
2024-12-28 05:00:00,36.693,36.992,36.693,36.872,4218.586
2024-12-28 06:00:00,36.872,36.932,36.514,36.567,3069.9
2024-12-28 07:00:00,36.567,36.717,36.336,36.417,5045.238
2024-12-28 08:00:00,36.417,36.808,36.401,36.772,4247.283
2024-12-28 09:00:00,36.772,36.906,36.718,36.781,4218.692
2024-12-28 10:00:00,36.781,36.84,36.513,36.537,4426.316
2024-12-28 11:00:00,36.537,36.839,36.532,36.787,15024.63
2024-12-28 12:00:00,36.787,36.829,36.442,36.504,8263.226
2024-12-28 13:00:00,36.504,37.01,36.477,36.959,7055.126
2024-12-28 14:00:00,36.959,37.538,36.881,37.033,16078.638
2024-12-28 15:00:00,37.033,37.386,37.012,37.063,6632.289
2024-12-28 16:00:00,37.063,37.508,36.978,37.501,8764.411
2024-12-28 17:00:00,37.501,37.936,37.475,37.711,16085.691
2024-12-28 18:00:00,37.711,37.839,37.444,37.554,7087.018
2024-12-28 19:00:00,37.554,37.75,37.551,37.616,6322.155
2024-12-28 20:00:00,37.616,37.692,37.461,37.54,15329.058
2024-12-28 21:00:00,37.54,37.801,37.458,37.801,13987.742
2024-12-28 22:00:00,37.801,38.155,37.727,37.964,16174.843
2024-12-28 23:00:00,37.964,37.992,37.643,37.734,6003.398
2024-12-29 00:00:00,37.734,37.804,37.361,37.396,11879.01
2024-12-29 01:00:00,37.396,37.559,37.14,37.17,9449.661
2024-12-29 02:00:00,37.17,37.46,37.13,37.324,2413.672
2024-12-29 03:00:00,37.324,37.476,37.207,37.455,2120.813
2024-12-29 04:00:00,37.455,37.51,37.25,37.341,2024.527
2024-12-29 05:00:00,37.341,37.372,37.232,37.301,1121.485
2024-12-29 06:00:00,37.301,37.471,37.112,37.435,3685.156
2024-12-29 07:00:00,37.435,37.689,37.372,37.685,6128.217
2024-12-29 08:00:00,37.685,37.73,37.284,37.322,2754.03
2024-12-29 09:00:00,37.322,37.46,37.218,37.426,3067.261
2024-12-29 10:00:00,37.426,37.46,37.284,37.292,2896.881
2024-12-29 11:00:00,37.292,37.329,37.073,37.117,5837.661
2024-12-29 12:00:00,37.117,37.18,36.741,36.793,6731.493
2024-12-29 13:00:00,36.793,37.04,36.698,37.006,4804.666
2024-12-29 14:00:00,37.006,37.31,36.44,36.574,11744.188
2024-12-29 15:00:00,36.574,36.756,36.433,36.58,3761.038
2024-12-29 16:00:00,36.58,36.606,36.233,36.304,18476.181
2024-12-29 17:00:00,36.304,36.433,36.089,36.216,8717.645
2024-12-29 18:00:00,36.216,36.387,36.1,36.312,7249.379
2024-12-29 19:00:00,36.312,36.359,36.177,36.221,6970.013
2024-12-29 20:00:00,36.221,36.221,35.819,36.181,12205.511
2024-12-29 21:00:00,36.181,36.24,35.779,35.929,7205.9
2024-12-29 22:00:00,35.929,35.929,35.529,35.635,9556.465
2024-12-29 23:00:00,35.635,35.944,35.528,35.844,9926.371
2024-12-30 00:00:00,35.844,36.286,35.706,36.152,9916.065
2024-12-30 01:00:00,36.152,37.062,36.146,36.753,23726.713
2024-12-30 02:00:00,36.753,36.87,36.45,36.74,9960.816
2024-12-30 03:00:00,36.74,36.935,36.365,36.407,9119.269
2024-12-30 04:00:00,36.407,36.66,36.12,36.132,7117.96
2024-12-30 05:00:00,36.132,36.445,36.083,36.356,6989.21
2024-12-30 06:00:00,36.356,37.0,36.356,36.869,12960.791
2024-12-30 07:00:00,36.869,36.941,36.396,36.775,13810.195
2024-12-30 08:00:00,36.775,37.075,36.753,36.951,15207.688
2024-12-30 09:00:00,36.951,37.001,36.637,36.968,15376.309
2024-12-30 10:00:00,36.968,37.032,36.597,36.66,11559.223
2024-12-30 11:00:00,36.66,36.907,36.425,36.731,13419.11
2024-12-30 12:00:00,36.731,37.185,36.574,36.695,16405.146
2024-12-30 13:00:00,36.695,36.825,35.576,35.605,33512.25
2024-12-30 14:00:00,35.605,35.934,35.188,35.215,34617.212
2024-12-30 15:00:00,35.215,35.467,34.874,35.143,29985.237
2024-12-30 16:00:00,35.143,35.42,34.946,35.153,18964.808
2024-12-30 17:00:00,35.153,36.668,35.145,36.449,25935.026
2024-12-30 18:00:00,36.449,36.869,36.199,36.858,24218.538
2024-12-30 19:00:00,36.858,36.998,36.573,36.946,12523.633
2024-12-30 20:00:00,36.946,37.178,36.767,36.788,9932.161
2024-12-30 21:00:00,36.788,36.885,35.763,35.885,33531.448
2024-12-30 22:00:00,35.885,36.162,35.779,35.977,10848.009
2024-12-30 23:00:00,35.977,36.055,35.715,35.981,6965.518
2024-12-31 00:00:00,35.981,35.981,35.458,35.481,8566.399
2024-12-31 01:00:00,35.481,35.574,35.191,35.339,22832.004
2024-12-31 02:00:00,35.339,35.515,35.229,35.369,7329.541
2024-12-31 03:00:00,35.369,35.404,35.128,35.232,3048.111
2024-12-31 04:00:00,35.232,35.451,34.946,35.005,4315.96
2024-12-31 05:00:00,35.005,35.297,34.962,35.185,4587.963
2024-12-31 06:00:00,35.185,35.46,35.07,35.265,8152.737
2024-12-31 07:00:00,35.265,35.406,35.211,35.305,5907.921
2024-12-31 08:00:00,35.305,36.38,35.281,35.926,21593.658
2024-12-31 09:00:00,35.926,36.439,35.838,36.29,14425.844
2024-12-31 10:00:00,36.29,36.389,36.012,36.166,9579.713
2024-12-31 11:00:00,36.166,36.306,36.051,36.224,8901.154
2024-12-31 12:00:00,36.224,36.513,36.077,36.088,9619.545
2024-12-31 13:00:00,36.088,37.047,36.046,36.867,31108.9
2024-12-31 14:00:00,36.867,37.297,36.743,36.834,23738.165
2024-12-31 15:00:00,36.834,36.942,36.551,36.783,13898.822
2024-12-31 16:00:00,36.783,36.861,36.401,36.729,14539.018
2024-12-31 17:00:00,36.729,36.757,35.55,36.048,31450.415
2024-12-31 18:00:00,36.048,36.204,35.893,35.983,10743.042
2024-12-31 19:00:00,35.983,36.1,35.815,35.996,13488.305
2024-12-31 20:00:00,35.996,36.131,35.773,35.865,5544.339
2024-12-31 21:00:00,35.865,36.01,35.755,35.933,6077.857
2024-12-31 22:00:00,35.933,35.933,35.571,35.643,5386.361
2024-12-31 23:00:00,35.643,35.786,35.559,35.699,4505.552
2025-01-01 00:00:00,35.699,36.223,35.653,36.198,10003.953
2025-01-01 01:00:00,36.198,36.198,35.702,35.747,6892.667
2025-01-01 02:00:00,35.747,35.888,35.64,35.819,5262.99
2025-01-01 03:00:00,35.819,35.839,35.586,35.614,3461.272
2025-01-01 04:00:00,35.614,35.614,35.348,35.37,5604.791
2025-01-01 05:00:00,35.37,35.605,35.336,35.537,4301.55
2025-01-01 06:00:00,35.537,35.7,35.433,35.69,4287.319
2025-01-01 07:00:00,35.69,35.773,35.599,35.625,3531.365
2025-01-01 08:00:00,35.625,35.7,35.28,35.295,5895.121
2025-01-01 09:00:00,35.295,35.376,34.95,35.186,9626.773
2025-01-01 10:00:00,35.186,35.388,35.177,35.232,4188.802
2025-01-01 11:00:00,35.232,35.718,35.094,35.545,9679.484
2025-01-01 12:00:00,35.545,35.964,35.5,35.939,8020.208
2025-01-01 13:00:00,35.939,36.094,35.746,35.981,9647.587
2025-01-01 14:00:00,35.981,36.216,35.776,36.059,12123.959
2025-01-01 15:00:00,36.059,36.534,35.927,36.481,13813.856
2025-01-01 16:00:00,36.481,36.73,36.31,36.444,21094.047
2025-01-01 17:00:00,36.444,36.513,36.035,36.36,30701.825
2025-01-01 18:00:00,36.36,36.89,36.164,36.843,23065.176
2025-01-01 19:00:00,36.843,37.367,36.617,37.101,29664.832
2025-01-01 20:00:00,37.101,37.754,37.101,37.649,35632.938
2025-01-01 21:00:00,37.649,37.866,37.417,37.659,25423.588
2025-01-01 22:00:00,37.659,37.944,37.461,37.889,12837.673
2025-01-01 23:00:00,37.889,37.996,37.664,37.779,13665.203
2025-01-02 00:00:00,37.779,38.594,37.779,38.516,57042.762
2025-01-02 01:00:00,38.516,38.704,38.308,38.529,23307.174
2025-01-02 02:00:00,38.529,38.675,38.408,38.599,17762.481
2025-01-02 03:00:00,38.599,38.696,38.405,38.474,11086.382
2025-01-02 04:00:00,38.474,39.26,38.465,39.112,26703.728
2025-01-02 05:00:00,39.112,39.124,38.721,38.755,19454.347
2025-01-02 06:00:00,38.755,38.91,38.568,38.662,17875.016
2025-01-02 07:00:00,38.662,38.9,38.624,38.853,13264.434
2025-01-02 08:00:00,38.853,39.391,38.853,39.26,20259.949
2025-01-02 09:00:00,39.26,40.145,39.213,40.085,34648.71
2025-01-02 10:00:00,40.085,40.511,39.836,40.441,42688.154
2025-01-02 11:00:00,40.441,40.554,40.055,40.435,42848.174
2025-01-02 12:00:00,40.435,40.608,39.869,39.954,48116.594
2025-01-02 13:00:00,39.954,40.132,39.758,39.876,32597.109
2025-01-02 14:00:00,39.876,40.329,39.49,39.942,58056.267
2025-01-02 15:00:00,39.942,40.053,39.296,39.414,39376.033
2025-01-02 16:00:00,39.414,39.88,39.212,39.676,24941.141
2025-01-02 17:00:00,39.676,39.86,39.067,39.269,33444.008
2025-01-02 18:00:00,39.269,39.362,39.064,39.304,19439.749
2025-01-02 19:00:00,39.304,39.352,38.958,38.996,16566.461
2025-01-02 20:00:00,38.996,39.349,38.932,39.056,11996.773
2025-01-02 21:00:00,39.056,39.242,38.982,39.207,8530.751
2025-01-02 22:00:00,39.207,39.214,38.799,39.121,8162.916
2025-01-02 23:00:00,39.121,39.379,39.044,39.274,5437.837
2025-01-03 00:00:00,39.274,39.418,39.107,39.117,11170.17
2025-01-03 01:00:00,39.117,39.496,38.91,39.413,19423.042
2025-01-03 02:00:00,39.413,39.964,39.312,39.673,22126.854
2025-01-03 03:00:00,39.673,39.913,39.498,39.893,8948.304
2025-01-03 04:00:00,39.893,39.946,39.702,39.771,7026.844
2025-01-03 05:00:00,39.771,39.963,39.675,39.963,14508.979
2025-01-03 06:00:00,39.963,40.268,39.702,39.737,14067.691
2025-01-03 07:00:00,39.737,39.814,39.335,39.43,14481.235
2025-01-03 08:00:00,39.43,40.403,39.402,40.308,71283.379
2025-01-03 09:00:00,40.308,40.778,40.226,40.612,40747.181
2025-01-03 10:00:00,40.612,41.145,40.517,40.894,46176.876
2025-01-03 11:00:00,40.894,41.342,40.888,41.317,29437.507
2025-01-03 12:00:00,41.317,41.56,41.286,41.324,28452.905
2025-01-03 13:00:00,41.324,41.488,40.971,40.997,21522.226
2025-01-03 14:00:00,40.997,41.724,40.997,41.486,32300.495
2025-01-03 15:00:00,41.486,42.092,41.313,41.908,42621.03
2025-01-03 16:00:00,41.908,42.192,41.658,41.881,57558.687
2025-01-03 17:00:00,41.881,42.044,41.673,41.8,22300.281
2025-01-03 18:00:00,41.8,42.188,41.714,41.906,16423.959
2025-01-03 19:00:00,41.906,42.173,41.827,41.988,22781.63
2025-01-03 20:00:00,41.988,42.036,41.447,41.464,23030.208
2025-01-03 21:00:00,41.464,41.935,41.464,41.775,12047.072
2025-01-03 22:00:00,41.775,42.049,41.727,41.898,24262.356
2025-01-03 23:00:00,41.898,42.024,41.651,41.951,11910.795
2025-01-04 00:00:00,41.951,42.024,41.526,41.687,23675.542
2025-01-04 01:00:00,41.687,42.233,41.465,42.111,17022.315
2025-01-04 02:00:00,42.111,42.37,41.87,42.353,17026.672
2025-01-04 03:00:00,42.353,42.374,41.826,41.913,12689.059
2025-01-04 04:00:00,41.913,41.913,41.531,41.806,9452.147
2025-01-04 05:00:00,41.806,41.963,41.756,41.957,3581.132
2025-01-04 06:00:00,41.957,41.993,41.772,41.84,5093.601
2025-01-04 07:00:00,41.84,42.07,41.734,41.999,10417.969
2025-01-04 08:00:00,41.999,42.021,41.497,41.507,13403.106
2025-01-04 09:00:00,41.507,41.719,41.427,41.521,11089.448
2025-01-04 10:00:00,41.521,41.597,41.208,41.577,8257.426
2025-01-04 11:00:00,41.577,41.594,41.31,41.469,8151.05
2025-01-04 12:00:00,41.469,41.825,41.356,41.688,15550.321
2025-01-04 13:00:00,41.688,41.997,41.676,41.905,13134.214
2025-01-04 14:00:00,41.905,42.118,41.722,42.012,15476.868
2025-01-04 15:00:00,42.012,42.101,40.88,41.075,35752.352
2025-01-04 16:00:00,41.075,41.381,40.996,41.232,11199.745
2025-01-04 17:00:00,41.232,41.647,41.156,41.602,12661.945
2025-01-04 18:00:00,41.602,41.692,41.454,41.622,6287.191
2025-01-04 19:00:00,41.622,41.973,41.569,41.948,8280.61
2025-01-04 20:00:00,41.948,42.697,41.91,42.433,18632.726
2025-01-04 21:00:00,42.433,42.837,42.433,42.809,29325.379
2025-01-04 22:00:00,42.809,42.836,42.524,42.779,9950.87
2025-01-04 23:00:00,42.779,42.842,42.452,42.622,11397.112
2025-01-05 00:00:00,42.622,42.878,42.512,42.55,15179.761
2025-01-05 01:00:00,42.55,42.615,41.866,41.986,13761.773
2025-01-05 02:00:00,41.986,42.179,41.864,42.075,7021.858
2025-01-05 03:00:00,42.075,42.3,41.909,42.284,13603.523
2025-01-05 04:00:00,42.284,42.812,42.279,42.812,8242.008
2025-01-05 05:00:00,42.812,42.813,42.22,42.288,10173.022
2025-01-05 06:00:00,42.288,42.623,42.197,42.582,5220.929
2025-01-05 07:00:00,42.582,42.81,42.275,42.275,12563.43
2025-01-05 08:00:00,42.275,42.323,41.676,41.929,20079.96
2025-01-05 09:00:00,41.929,42.016,41.565,41.609,10816.588
2025-01-05 10:00:00,41.609,41.766,41.433,41.634,12459.496
2025-01-05 11:00:00,41.634,41.808,41.495,41.756,8538.533
2025-01-05 12:00:00,41.756,41.949,41.534,41.73,8084.289
2025-01-05 13:00:00,41.73,42.031,41.6,41.631,9146.331
2025-01-05 14:00:00,41.631,41.963,41.241,41.799,28131.074
2025-01-05 15:00:00,41.799,41.945,41.52,41.768,10753.47
2025-01-05 16:00:00,41.768,41.948,41.692,41.817,7970.523
2025-01-05 17:00:00,41.817,42.199,41.737,41.861,21800.917
2025-01-05 18:00:00,41.861,42.299,41.704,42.28,12817.778
2025-01-05 19:00:00,42.28,42.504,42.184,42.412,11111.512
2025-01-05 20:00:00,42.412,42.775,42.264,42.379,11554.475
2025-01-05 21:00:00,42.379,42.738,42.315,42.705,7823.582
2025-01-05 22:00:00,42.705,43.15,42.489,43.061,11147.751
2025-01-05 23:00:00,43.061,43.21,42.908,43.123,13833.293
2025-01-06 00:00:00,43.123,43.14,42.206,42.226,24593.047
2025-01-06 01:00:00,42.226,43.116,42.029,43.017,20817.867
2025-01-06 02:00:00,43.017,43.635,42.828,42.844,45167.747
2025-01-06 03:00:00,42.844,43.682,42.818,43.682,17691.001
2025-01-06 04:00:00,43.682,43.979,43.515,43.737,26437.324
2025-01-06 05:00:00,43.737,43.971,43.662,43.72,22291.728
2025-01-06 06:00:00,43.72,43.888,43.51,43.563,17667.163
2025-01-06 07:00:00,43.563,43.756,43.161,43.196,13366.891
2025-01-06 08:00:00,43.196,43.988,43.196,43.636,47990.856
2025-01-06 09:00:00,43.636,44.326,43.618,43.815,21798.493
2025-01-06 10:00:00,43.815,44.083,43.59,44.04,13095.553
2025-01-06 11:00:00,44.04,44.586,44.007,44.268,20022.501
2025-01-06 12:00:00,44.268,44.449,44.104,44.176,16478.028
2025-01-06 13:00:00,44.176,44.331,43.676,44.001,19928.025
2025-01-06 14:00:00,44.001,44.564,43.377,44.344,38664.244
2025-01-06 15:00:00,44.344,44.887,44.14,44.757,43588.951
2025-01-06 16:00:00,44.757,45.056,44.417,44.696,43339.371
2025-01-06 17:00:00,44.696,44.696,43.626,44.084,35000.083
2025-01-06 18:00:00,44.084,44.568,43.871,44.256,18444.904
2025-01-06 19:00:00,44.256,44.475,44.129,44.318,12836.281
2025-01-06 20:00:00,44.318,44.464,44.003,44.189,12994.489
2025-01-06 21:00:00,44.189,44.24,43.81,43.98,15503.85
2025-01-06 22:00:00,43.98,44.185,43.923,44.004,13535.534
2025-01-06 23:00:00,44.004,44.108,43.702,44.056,13813.245
2025-01-07 00:00:00,44.056,44.583,43.983,44.128,18988.222
2025-01-07 01:00:00,44.128,44.161,43.826,44.043,21149.757
2025-01-07 02:00:00,44.043,44.097,43.618,43.641,10087.876
2025-01-07 03:00:00,43.641,44.04,43.595,43.888,11287.642
2025-01-07 04:00:00,43.888,43.965,43.692,43.692,8950.945
2025-01-07 05:00:00,43.692,44.003,43.565,43.983,18825.902
2025-01-07 06:00:00,43.983,44.128,43.859,44.066,9444.956
2025-01-07 07:00:00,44.066,44.188,43.469,43.808,21436.484
2025-01-07 08:00:00,43.808,44.046,43.624,43.949,12186.872
2025-01-07 09:00:00,43.949,44.04,43.52,43.741,16360.587
2025-01-07 10:00:00,43.741,43.78,43.509,43.585,5372.396
2025-01-07 11:00:00,43.585,43.616,42.859,43.128,28362.989
2025-01-07 12:00:00,43.128,43.172,42.895,42.964,13544.1
2025-01-07 13:00:00,42.964,43.229,42.949,43.036,16742.367
2025-01-07 14:00:00,43.036,43.18,42.057,42.33,42694.769
2025-01-07 15:00:00,42.33,42.423,40.304,40.905,276099.312
2025-01-07 16:00:00,40.905,41.294,40.546,40.819,65624.295
2025-01-07 17:00:00,40.819,40.903,40.121,40.401,45586.972
2025-01-07 18:00:00,40.401,40.736,40.113,40.268,20637.949
2025-01-07 19:00:00,40.268,40.442,39.744,39.86,29532.847
2025-01-07 20:00:00,39.86,39.978,39.4,39.844,30424.754
2025-01-07 21:00:00,39.844,40.348,39.564,39.564,24121.809
2025-01-07 22:00:00,39.564,39.822,39.34,39.789,25055.676
2025-01-07 23:00:00,39.789,39.789,39.127,39.206,17167.986
2025-01-08 00:00:00,39.206,39.93,39.03,39.808,30857.516
2025-01-08 01:00:00,39.808,39.812,39.021,39.326,8139.872
2025-01-08 02:00:00,39.326,39.5,39.12,39.12,14540.644
2025-01-08 03:00:00,39.12,39.26,38.662,38.893,40126.104
2025-01-08 04:00:00,38.893,39.1,38.47,38.491,45027.517
2025-01-08 05:00:00,38.491,38.931,38.328,38.54,29883.342
2025-01-08 06:00:00,38.54,38.695,37.569,37.581,49499.437
2025-01-08 07:00:00,37.581,38.442,37.563,38.375,17057.877
2025-01-08 08:00:00,38.375,39.169,38.29,38.831,41894.552
2025-01-08 09:00:00,38.831,38.89,38.409,38.409,13039.035
2025-01-08 10:00:00,38.409,38.787,38.248,38.498,18016.982
2025-01-08 11:00:00,38.498,38.519,37.9,38.142,21276.041
2025-01-08 12:00:00,38.142,38.383,37.757,37.77,15667.685
2025-01-08 13:00:00,37.77,38.385,37.77,38.016,19548.648
2025-01-08 14:00:00,38.016,38.621,38.016,38.3,20125.857
2025-01-08 15:00:00,38.3,38.633,37.747,38.191,40638.08
2025-01-08 16:00:00,38.191,38.211,37.285,37.402,48641.519
2025-01-08 17:00:00,37.402,37.507,36.189,37.408,95634.773
2025-01-08 18:00:00,37.408,38.084,37.1,37.421,31862.148
2025-01-08 19:00:00,37.421,37.746,37.149,37.219,20359.42
2025-01-08 20:00:00,37.219,37.346,36.982,37.092,11477.338
2025-01-08 21:00:00,37.092,37.218,36.669,37.125,22527.899
2025-01-08 22:00:00,37.125,37.821,37.108,37.527,23196.324
2025-01-08 23:00:00,37.527,37.572,37.345,37.414,8687.856
2025-01-09 00:00:00,37.414,37.54,37.14,37.538,13896.139
2025-01-09 01:00:00,37.538,37.932,37.451,37.469,18704.633
2025-01-09 02:00:00,37.469,37.576,36.873,37.432,24812.378
2025-01-09 03:00:00,37.432,37.468,36.969,37.063,8761.041
2025-01-09 04:00:00,37.063,37.217,36.856,37.198,6978.448
2025-01-09 05:00:00,37.198,37.232,36.977,37.046,6052.642
2025-01-09 06:00:00,37.046,37.135,36.769,36.805,9720.477
2025-01-09 07:00:00,36.805,36.945,36.01,36.289,36510.362
2025-01-09 08:00:00,36.289,36.965,36.213,36.665,22267.004
2025-01-09 09:00:00,36.665,36.974,36.62,36.768,10839.189
2025-01-09 10:00:00,36.768,36.84,36.23,36.677,10597.938
2025-01-09 11:00:00,36.677,37.056,36.476,36.707,16274.636
2025-01-09 12:00:00,36.707,36.952,36.57,36.65,20920.757
2025-01-09 13:00:00,36.65,36.778,35.67,35.721,52277.399
2025-01-09 14:00:00,35.721,36.378,35.558,36.308,25028.875
2025-01-09 15:00:00,36.308,37.468,36.14,37.263,28724.075
2025-01-09 16:00:00,37.263,37.44,36.85,37.14,21728.898
2025-01-09 17:00:00,37.14,37.21,36.147,36.428,18135.452
2025-01-09 18:00:00,36.428,36.783,36.311,36.614,19569.584
2025-01-09 19:00:00,36.614,36.711,35.877,35.959,30071.323
2025-01-09 20:00:00,35.959,36.187,35.498,36.049,39772.944
2025-01-09 21:00:00,36.049,36.426,35.924,35.987,18386.149
2025-01-09 22:00:00,35.987,36.503,35.82,36.364,16081.257
2025-01-09 23:00:00,36.364,36.432,36.127,36.185,6708.263
2025-01-10 00:00:00,36.185,36.522,36.185,36.372,8229.916
2025-01-10 01:00:00,36.372,36.61,36.199,36.582,6138.585
2025-01-10 02:00:00,36.582,36.894,36.543,36.773,8947.196
2025-01-10 03:00:00,36.773,36.926,36.658,36.877,7811.165
2025-01-10 04:00:00,36.877,37.02,36.732,36.79,4377.324
2025-01-10 05:00:00,36.79,37.323,36.756,37.099,5709.798
2025-01-10 06:00:00,37.099,37.39,36.977,37.358,7540.64
2025-01-10 07:00:00,37.358,38.171,37.228,37.656,30894.751
2025-01-10 08:00:00,37.656,37.889,37.522,37.568,10068.352
2025-01-10 09:00:00,37.568,37.812,37.5,37.712,9015.687
2025-01-10 10:00:00,37.712,37.802,37.444,37.735,10890.514
2025-01-10 11:00:00,37.735,37.924,37.337,37.562,18802.189
2025-01-10 12:00:00,37.562,37.642,37.254,37.59,17659.895
2025-01-10 13:00:00,37.59,37.75,36.118,36.728,112411.666
2025-01-10 14:00:00,36.728,37.412,36.66,36.974,32235.721
2025-01-10 15:00:00,36.974,37.025,36.113,36.596,46345.39
2025-01-10 16:00:00,36.596,36.646,35.944,36.123,38268.286
2025-01-10 17:00:00,36.123,37.451,36.085,37.372,36495.395
2025-01-10 18:00:00,37.372,37.389,36.737,36.848,30082.506
2025-01-10 19:00:00,36.848,37.075,36.589,36.914,15322.419
2025-01-10 20:00:00,36.914,36.932,36.41,36.603,12558.979
2025-01-10 21:00:00,36.603,36.829,36.55,36.615,6135.097
2025-01-10 22:00:00,36.615,36.81,36.48,36.722,6583.559
2025-01-10 23:00:00,36.722,36.821,36.58,36.677,6204.96
2025-01-11 00:00:00,36.677,36.797,36.466,36.664,8577.461
2025-01-11 01:00:00,36.664,36.799,36.268,36.353,10059.963
2025-01-11 02:00:00,36.353,36.5,36.212,36.338,6969.577
2025-01-11 03:00:00,36.338,36.338,36.094,36.124,5206.306
2025-01-11 04:00:00,36.124,36.329,36.011,36.247,5704.092
2025-01-11 05:00:00,36.247,36.496,36.14,36.47,5866.731
2025-01-11 06:00:00,36.47,36.693,36.47,36.475,6806.891
2025-01-11 07:00:00,36.475,36.632,36.313,36.458,5120.698
2025-01-11 08:00:00,36.458,36.617,36.166,36.276,6221.508
2025-01-11 09:00:00,36.276,36.478,36.216,36.353,5458.622
2025-01-11 10:00:00,36.353,36.753,36.32,36.732,7633.264
2025-01-11 11:00:00,36.732,36.953,36.65,36.835,10925.581
2025-01-11 12:00:00,36.835,36.879,36.532,36.567,7000.194
2025-01-11 13:00:00,36.567,36.616,36.28,36.392,9880.22
2025-01-11 14:00:00,36.392,36.62,36.287,36.6,4699.31
2025-01-11 15:00:00,36.6,36.6,36.379,36.425,3426.786
2025-01-11 16:00:00,36.425,36.637,36.285,36.611,7892.708
2025-01-11 17:00:00,36.611,36.622,36.28,36.407,8350.621
2025-01-11 18:00:00,36.407,36.581,36.295,36.501,6429.682
2025-01-11 19:00:00,36.501,36.59,36.324,36.49,3223.72
2025-01-11 20:00:00,36.49,37.387,36.404,37.37,10493.22
2025-01-11 21:00:00,37.37,37.786,37.325,37.703,25641.794
2025-01-11 22:00:00,37.703,37.756,37.091,37.133,15058.924
2025-01-11 23:00:00,37.133,37.274,37.061,37.138,6023.253
2025-01-12 00:00:00,37.138,37.196,36.872,36.931,7601.084
2025-01-12 01:00:00,36.931,37.312,36.79,37.299,11313.597
2025-01-12 02:00:00,37.299,37.346,37.068,37.245,3471.112
2025-01-12 03:00:00,37.245,37.3,36.922,37.113,7359.418
2025-01-12 04:00:00,37.113,37.214,37.016,37.058,5251.783
2025-01-12 05:00:00,37.058,37.171,36.932,37.03,3284.906
2025-01-12 06:00:00,37.03,37.078,36.678,36.683,5020.437
2025-01-12 07:00:00,36.683,36.915,36.542,36.834,7874.966
2025-01-12 08:00:00,36.834,36.956,36.553,36.608,5069.124
2025-01-12 09:00:00,36.608,36.751,36.416,36.538,13044.913
2025-01-12 10:00:00,36.538,36.683,36.365,36.654,5407.559
2025-01-12 11:00:00,36.654,36.83,36.606,36.775,3949.314
2025-01-12 12:00:00,36.775,36.999,36.618,36.756,7027.925
2025-01-12 13:00:00,36.756,37.153,36.704,37.131,7970.993
2025-01-12 14:00:00,37.131,37.466,37.055,37.131,9741.556
2025-01-12 15:00:00,37.131,37.545,37.075,37.49,8855.391
2025-01-12 16:00:00,37.49,37.638,37.119,37.203,7328.999
2025-01-12 17:00:00,37.203,37.255,37.038,37.166,7528.536
2025-01-12 18:00:00,37.166,37.326,36.864,36.924,8796.724
2025-01-12 19:00:00,36.924,37.025,36.767,36.814,4580.201
2025-01-12 20:00:00,36.814,36.969,36.612,36.771,8210.228
2025-01-12 21:00:00,36.771,36.82,36.47,36.519,6338.135
2025-01-12 22:00:00,36.519,36.519,36.112,36.224,10254.481
2025-01-12 23:00:00,36.224,36.59,36.207,36.543,6583.319
2025-01-13 00:00:00,36.543,37.361,36.413,37.003,20122.989
2025-01-13 01:00:00,37.003,37.039,36.28,36.379,10103.003
2025-01-13 02:00:00,36.379,36.434,35.285,35.62,25459.251
2025-01-13 03:00:00,35.62,35.84,35.207,35.387,7560.035
2025-01-13 04:00:00,35.387,35.939,35.248,35.668,9261.731
2025-01-13 05:00:00,35.668,35.7,35.066,35.203,9355.362
2025-01-13 06:00:00,35.203,35.356,34.693,34.898,14529.201
2025-01-13 07:00:00,34.898,35.21,34.682,35.039,8844.429
2025-01-13 08:00:00,35.039,35.093,34.42,34.596,12422.495
2025-01-13 09:00:00,34.596,34.736,34.144,34.322,13610.247
2025-01-13 10:00:00,34.322,34.366,33.865,33.984,10759.724
2025-01-13 11:00:00,33.984,34.058,33.359,33.39,20826.035
2025-01-13 12:00:00,33.39,33.896,33.322,33.604,22003.494
2025-01-13 13:00:00,33.604,34.281,33.462,33.95,17556.629
2025-01-13 14:00:00,33.95,34.477,32.731,34.151,84084.463
2025-01-13 15:00:00,34.151,34.788,34.025,34.423,25146.664
2025-01-13 16:00:00,34.423,34.55,33.676,33.682,13923.475
2025-01-13 17:00:00,33.682,33.995,33.435,33.598,13167.265
2025-01-13 18:00:00,33.598,33.931,33.119,33.55,18823.879
2025-01-13 19:00:00,33.55,33.995,33.35,33.817,12642.586
2025-01-13 20:00:00,33.817,34.834,33.57,34.701,21435.484
2025-01-13 21:00:00,34.701,35.016,34.536,34.972,20315.916
2025-01-13 22:00:00,34.972,35.373,34.95,35.366,15410.1
2025-01-13 23:00:00,35.366,35.435,35.224,35.296,3989.178
2025-01-14 00:00:00,35.296,35.396,35.016,35.083,6213.938
2025-01-14 01:00:00,35.083,35.488,35.058,35.11,4305.079
2025-01-14 02:00:00,35.11,35.505,35.055,35.286,9362.435
2025-01-14 03:00:00,35.286,35.498,35.168,35.189,9615.451
2025-01-14 04:00:00,35.189,35.568,35.189,35.525,6792.212
2025-01-14 05:00:00,35.525,35.73,35.313,35.316,10085.026
2025-01-14 06:00:00,35.316,35.549,35.262,35.468,8920.389
2025-01-14 07:00:00,35.468,35.528,35.217,35.222,4863.772
2025-01-14 08:00:00,35.222,35.635,35.218,35.53,10015.434
2025-01-14 09:00:00,35.53,36.386,35.44,36.245,21736.486
2025-01-14 10:00:00,36.245,36.287,35.908,36.084,10225.637
2025-01-14 11:00:00,36.084,36.116,35.792,35.934,4333.178
2025-01-14 12:00:00,35.934,36.025,35.656,35.737,4367.714
2025-01-14 13:00:00,35.737,36.392,35.657,36.15,32093.671
2025-01-14 14:00:00,36.15,36.552,35.964,36.131,20946.869
2025-01-14 15:00:00,36.131,36.404,36.111,36.207,4838.501
2025-01-14 16:00:00,36.207,36.238,35.854,36.197,12110.726
2025-01-14 17:00:00,36.197,36.494,36.076,36.402,6061.333
2025-01-14 18:00:00,36.402,36.715,36.333,36.585,6454.903
2025-01-14 19:00:00,36.585,36.663,36.385,36.42,10012.436
2025-01-14 20:00:00,36.42,36.511,36.182,36.398,6204.292
2025-01-14 21:00:00,36.398,36.541,36.241,36.279,8819.142
2025-01-14 22:00:00,36.279,36.672,36.279,36.628,4443.871
2025-01-14 23:00:00,36.628,36.668,36.458,36.524,3987.808
2025-01-15 00:00:00,36.524,36.74,36.481,36.519,5502.306
2025-01-15 01:00:00,36.519,36.851,36.39,36.65,6704.426
2025-01-15 02:00:00,36.65,36.891,36.479,36.541,4468.794
2025-01-15 03:00:00,36.541,36.878,36.507,36.878,2929.613
2025-01-15 04:00:00,36.878,36.998,36.641,36.704,5173.711
2025-01-15 05:00:00,36.704,36.905,36.542,36.832,2943.429
2025-01-15 06:00:00,36.832,36.985,36.707,36.967,3530.47
2025-01-15 07:00:00,36.967,37.374,36.967,37.232,5635.178
2025-01-15 08:00:00,37.232,37.437,37.149,37.164,5465.645
2025-01-15 09:00:00,37.164,37.221,36.384,36.453,8076.452
2025-01-15 10:00:00,36.453,36.775,36.436,36.606,8822.791
2025-01-15 11:00:00,36.606,37.078,36.207,37.03,51805.583
2025-01-15 12:00:00,37.03,37.104,36.729,36.809,9587.054
2025-01-15 13:00:00,36.809,39.107,36.809,39.045,77307.591
2025-01-15 14:00:00,39.045,39.446,38.645,39.282,41337.529
2025-01-15 15:00:00,39.282,39.73,39.18,39.328,22397.11
2025-01-15 16:00:00,39.328,39.667,38.998,39.016,17353.501
2025-01-15 17:00:00,39.016,39.22,38.624,38.656,19296.773
2025-01-15 18:00:00,38.656,39.288,38.656,39.266,9899.475
2025-01-15 19:00:00,39.266,39.5,39.123,39.465,11017.168
2025-01-15 20:00:00,39.465,39.81,39.177,39.211,14287.783
2025-01-15 21:00:00,39.211,39.453,39.133,39.145,12951.587
2025-01-15 22:00:00,39.145,39.484,39.022,39.484,13609.735
2025-01-15 23:00:00,39.484,40.028,39.396,39.831,15086.13
2025-01-16 00:00:00,39.831,40.084,39.018,39.191,12546.478
2025-01-16 01:00:00,39.191,39.572,39.152,39.502,5182.716
2025-01-16 02:00:00,39.502,39.543,39.239,39.369,8355.704
2025-01-16 03:00:00,39.369,39.556,38.926,39.0,8934.698
2025-01-16 04:00:00,39.0,39.27,38.995,39.263,3481.34
2025-01-16 05:00:00,39.263,39.48,39.108,39.152,26423.974
2025-01-16 06:00:00,39.152,39.395,39.051,39.26,21549.72
2025-01-16 07:00:00,39.26,39.383,39.177,39.318,2818.975
2025-01-16 08:00:00,39.318,39.393,38.393,38.614,18687.81
2025-01-16 09:00:00,38.614,38.747,38.336,38.709,10947.44
2025-01-16 10:00:00,38.709,38.789,38.53,38.621,7637.641
2025-01-16 11:00:00,38.621,39.542,38.433,39.507,16753.789
2025-01-16 12:00:00,39.507,40.534,39.257,40.42,32514.74
2025-01-16 13:00:00,40.42,40.523,39.553,39.607,28040.306
2025-01-16 14:00:00,39.607,39.824,38.525,38.979,113992.951
2025-01-16 15:00:00,38.979,39.8,38.861,39.767,72435.812
2025-01-16 16:00:00,39.767,40.209,39.691,39.871,26288.335
2025-01-16 17:00:00,39.871,40.203,39.642,39.937,9139.014
2025-01-16 18:00:00,39.937,40.247,39.65,39.826,9868.614
2025-01-16 19:00:00,39.826,40.284,39.719,40.239,10811.921
2025-01-16 20:00:00,40.239,40.35,39.903,40.095,9097.042
2025-01-16 21:00:00,40.095,40.187,39.795,39.994,8294.82
2025-01-16 22:00:00,39.994,40.065,39.566,39.746,6245.481
2025-01-16 23:00:00,39.746,40.107,39.633,40.053,6656.677
2025-01-17 00:00:00,40.053,40.353,40.053,40.241,8194.894
2025-01-17 01:00:00,40.241,41.043,40.231,40.986,14359.631
2025-01-17 02:00:00,40.986,41.054,40.429,40.628,10969.67
2025-01-17 03:00:00,40.628,40.628,40.375,40.461,5050.039
2025-01-17 04:00:00,40.461,40.607,40.318,40.574,2776.908
2025-01-17 05:00:00,40.574,40.773,40.497,40.696,4930.307
2025-01-17 06:00:00,40.696,40.975,40.682,40.966,4207.507
2025-01-17 07:00:00,40.966,41.634,40.864,41.352,20230.847
2025-01-17 08:00:00,41.352,41.461,40.813,41.302,20431.792
2025-01-17 09:00:00,41.302,41.51,41.134,41.256,24210.728
2025-01-17 10:00:00,41.256,41.442,41.154,41.228,8806.215
2025-01-17 11:00:00,41.228,41.301,41.059,41.089,7432.796
2025-01-17 12:00:00,41.089,41.252,40.943,41.015,9092.604
2025-01-17 13:00:00,41.015,41.201,40.745,40.912,8863.886
2025-01-17 14:00:00,40.912,41.254,40.792,41.018,13281.049
2025-01-17 15:00:00,41.018,41.624,40.825,40.987,20516.311
2025-01-17 16:00:00,40.987,41.35,40.864,41.239,14450.231
2025-01-17 17:00:00,41.239,41.346,40.65,40.693,16718.624
2025-01-17 18:00:00,40.693,40.902,40.569,40.723,10537.823
2025-01-17 19:00:00,40.723,41.204,40.723,40.902,5639.851
2025-01-17 20:00:00,40.902,41.822,40.857,41.546,13369.397
2025-01-17 21:00:00,41.546,41.593,41.119,41.167,9127.618
2025-01-17 22:00:00,41.167,41.563,41.142,41.351,8361.727
2025-01-17 23:00:00,41.351,41.553,41.243,41.382,4742.071
2025-01-18 00:00:00,41.382,41.692,41.381,41.644,8647.172
2025-01-18 01:00:00,41.644,41.644,41.19,41.281,6721.736
2025-01-18 02:00:00,41.281,41.386,41.163,41.294,6557.512
2025-01-18 03:00:00,41.294,41.471,40.426,40.628,18319.802
2025-01-18 04:00:00,40.628,40.961,40.393,40.767,17466.666
2025-01-18 05:00:00,40.767,41.018,39.42,39.48,29267.716
2025-01-18 06:00:00,39.48,40.155,39.438,39.999,18222.006
2025-01-18 07:00:00,39.999,40.037,39.15,39.369,22460.513
2025-01-18 08:00:00,39.369,39.582,38.761,39.435,28193.292
2025-01-18 09:00:00,39.435,39.462,38.86,39.009,9945.83
2025-01-18 10:00:00,39.009,39.259,38.757,39.19,16499.643
2025-01-18 11:00:00,39.19,39.62,38.876,39.448,11689.16
2025-01-18 12:00:00,39.448,39.523,38.934,38.976,22955.484
2025-01-18 13:00:00,38.976,39.601,38.795,39.601,18523.04
2025-01-18 14:00:00,39.601,39.693,38.944,39.116,17516.643
2025-01-18 15:00:00,39.116,39.543,38.818,39.073,20647.51
2025-01-18 16:00:00,39.073,39.272,38.362,38.381,28042.787
2025-01-18 17:00:00,38.381,39.006,38.277,38.627,25416.008
2025-01-18 18:00:00,38.627,39.013,38.549,38.629,7793.348
2025-01-18 19:00:00,38.629,39.09,38.617,39.012,7616.328
2025-01-18 20:00:00,39.012,39.072,38.579,38.709,8626.455
2025-01-18 21:00:00,38.709,39.026,38.709,38.77,7295.114
2025-01-18 22:00:00,38.77,39.081,38.737,38.855,4029.589
2025-01-18 23:00:00,38.855,39.46,38.848,39.254,10430.259
2025-01-19 00:00:00,39.254,39.597,39.059,39.212,19204.453
2025-01-19 01:00:00,39.212,40.573,39.189,40.279,17962.051
2025-01-19 02:00:00,40.279,40.542,39.8,39.859,6487.743
2025-01-19 03:00:00,39.859,39.975,39.381,39.402,6462.196
2025-01-19 04:00:00,39.402,39.622,39.16,39.498,14930.927
2025-01-19 05:00:00,39.498,39.525,38.952,39.384,9620.879
2025-01-19 06:00:00,39.384,39.529,39.087,39.087,13513.058
2025-01-19 07:00:00,39.087,39.211,38.519,38.519,14899.312
2025-01-19 08:00:00,38.519,38.526,37.582,37.633,24370.018
2025-01-19 09:00:00,37.633,37.762,36.747,37.728,61198.214
2025-01-19 10:00:00,37.728,37.728,37.237,37.327,19409.031
2025-01-19 11:00:00,37.327,37.497,36.439,36.648,26235.643
2025-01-19 12:00:00,36.648,37.455,36.595,37.316,32071.385
2025-01-19 13:00:00,37.316,37.683,37.23,37.683,13233.841
2025-01-19 14:00:00,37.683,38.64,37.542,38.618,52416.063
2025-01-19 15:00:00,38.618,38.92,38.418,38.481,21077.74
2025-01-19 16:00:00,38.481,38.788,38.285,38.737,9697.933
2025-01-19 17:00:00,38.737,38.982,38.391,38.951,17570.968
2025-01-19 18:00:00,38.951,39.114,38.668,38.845,10765.428
2025-01-19 19:00:00,38.845,38.845,38.56,38.78,7440.568
2025-01-19 20:00:00,38.78,39.009,38.397,38.599,14469.799
2025-01-19 21:00:00,38.599,38.623,36.545,36.56,96512.028
2025-01-19 22:00:00,36.56,37.309,35.334,36.532,59447.023
2025-01-19 23:00:00,36.532,36.532,34.975,35.676,84813.635
2025-01-20 00:00:00,35.676,35.696,34.488,34.555,129920.015
2025-01-20 01:00:00,34.555,35.162,34.49,34.876,55953.332
2025-01-20 02:00:00,34.876,35.898,34.79,35.196,16096.807
2025-01-20 03:00:00,35.196,35.649,34.983,35.601,10510.291
2025-01-20 04:00:00,35.601,36.052,35.318,35.703,14923.829
2025-01-20 05:00:00,35.703,36.321,35.649,35.939,18496.552
2025-01-20 06:00:00,35.939,38.231,35.852,37.953,59963.181
2025-01-20 07:00:00,37.953,40.239,37.9,38.637,176961.908
2025-01-20 08:00:00,38.637,39.184,38.519,38.835,38567.459
2025-01-20 09:00:00,38.835,39.044,38.162,38.333,20014.841
2025-01-20 10:00:00,38.333,38.545,37.813,38.067,22080.753
2025-01-20 11:00:00,38.067,38.233,37.81,38.218,9166.325
2025-01-20 12:00:00,38.218,38.331,36.757,37.272,60474.562
2025-01-20 13:00:00,37.272,37.668,37.134,37.659,20974.632
2025-01-20 14:00:00,37.659,38.255,37.558,38.241,23480.02
2025-01-20 15:00:00,38.241,38.241,37.229,37.309,19954.702
2025-01-20 16:00:00,37.309,37.733,36.661,37.694,21155.765
2025-01-20 17:00:00,37.694,37.73,35.028,36.011,215629.55
2025-01-20 18:00:00,36.011,36.778,35.964,36.628,25121.046
2025-01-20 19:00:00,36.628,36.693,36.266,36.563,9578.77
2025-01-20 20:00:00,36.563,36.74,36.384,36.465,8905.789
2025-01-20 21:00:00,36.465,37.85,35.937,35.956,115652.386
2025-01-20 22:00:00,35.956,36.473,35.543,36.425,19601.668
2025-01-20 23:00:00,36.425,36.429,35.83,36.029,9761.717
2025-01-21 00:00:00,36.029,36.031,35.255,35.29,9361.234
2025-01-21 01:00:00,35.29,35.72,35.009,35.282,19963.919
2025-01-21 02:00:00,35.282,35.422,34.846,35.399,19579.908
2025-01-21 03:00:00,35.399,35.515,35.027,35.251,9911.863
2025-01-21 04:00:00,35.251,35.257,34.558,35.209,11871.286
2025-01-21 05:00:00,35.209,35.251,34.644,34.701,10162.83
2025-01-21 06:00:00,34.701,35.188,34.517,35.143,10993.665
2025-01-21 07:00:00,35.143,35.528,34.987,35.357,11720.415
2025-01-21 08:00:00,35.357,35.555,35.019,35.271,24458.444
2025-01-21 09:00:00,35.271,35.69,35.234,35.66,14326.569
2025-01-21 10:00:00,35.66,36.454,35.538,36.429,14003.584
2025-01-21 11:00:00,36.429,36.579,36.157,36.399,17624.838
2025-01-21 12:00:00,36.399,36.88,36.321,36.638,11187.094
2025-01-21 13:00:00,36.638,36.966,36.295,36.549,45391.736
2025-01-21 14:00:00,36.549,36.815,35.82,35.9,22361.205
2025-01-21 15:00:00,35.9,36.294,35.721,36.199,16220.278
2025-01-21 16:00:00,36.199,36.914,36.081,36.436,21763.592
2025-01-21 17:00:00,36.436,37.244,36.394,37.162,14944.123
2025-01-21 18:00:00,37.162,37.59,37.078,37.394,27130.324
2025-01-21 19:00:00,37.394,37.46,36.986,37.08,10795.618
2025-01-21 20:00:00,37.08,37.152,36.86,37.112,8137.092
2025-01-21 21:00:00,37.112,37.193,36.844,37.148,12314.938
2025-01-21 22:00:00,37.148,37.365,37.011,37.011,11096.522
2025-01-21 23:00:00,37.011,37.042,36.641,36.957,12042.082
2025-01-22 00:00:00,36.957,37.293,36.833,37.253,6928.731
2025-01-22 01:00:00,37.253,37.264,36.734,36.789,8820.181
2025-01-22 02:00:00,36.789,37.066,36.699,37.03,3639.532
2025-01-22 03:00:00,37.03,37.311,37.012,37.179,4510.353
2025-01-22 04:00:00,37.179,37.275,36.903,37.138,8381.148
2025-01-22 05:00:00,37.138,37.392,36.915,36.936,11378.192
2025-01-22 06:00:00,36.936,37.079,36.748,36.976,6820.623
2025-01-22 07:00:00,36.976,37.052,36.8,36.855,14127.108
2025-01-22 08:00:00,36.855,36.949,36.489,36.85,10216.731
2025-01-22 09:00:00,36.85,36.939,36.655,36.861,3624.584
2025-01-22 10:00:00,36.861,37.199,36.636,37.171,6661.749
2025-01-22 11:00:00,37.171,37.614,37.056,37.53,9157.806
2025-01-22 12:00:00,37.53,37.769,37.302,37.305,7723.227
2025-01-22 13:00:00,37.305,37.326,36.7,36.831,10346.069
2025-01-22 14:00:00,36.831,37.265,36.55,36.997,12678.392
2025-01-22 15:00:00,36.997,37.249,36.74,36.942,5120.743
2025-01-22 16:00:00,36.942,37.057,36.547,37.02,13178.05
2025-01-22 17:00:00,37.02,37.394,36.956,37.347,4166.968
2025-01-22 18:00:00,37.347,37.495,36.666,36.76,16117.022
2025-01-22 19:00:00,36.76,37.43,36.712,37.221,11176.452
2025-01-22 20:00:00,37.221,37.454,36.993,37.041,15509.697
2025-01-22 21:00:00,37.041,37.344,36.728,37.15,18362.518
2025-01-22 22:00:00,37.15,37.405,36.832,36.836,7144.729
2025-01-22 23:00:00,36.836,36.922,36.581,36.795,6890.997
2025-01-23 00:00:00,36.795,36.956,36.504,36.626,10691.157
2025-01-23 01:00:00,36.626,36.687,36.089,36.205,11579.0
2025-01-23 02:00:00,36.205,36.234,35.76,35.977,12728.331
2025-01-23 03:00:00,35.977,36.337,35.872,36.08,4534.548
2025-01-23 04:00:00,36.08,36.15,35.567,35.639,11845.248
2025-01-23 05:00:00,35.639,35.912,35.62,35.757,7955.311
2025-01-23 06:00:00,35.757,35.825,35.407,35.488,5203.916
2025-01-23 07:00:00,35.488,35.684,35.277,35.683,12207.172
2025-01-23 08:00:00,35.683,35.683,35.174,35.216,10783.734
2025-01-23 09:00:00,35.216,35.41,35.024,35.131,8337.236
2025-01-23 10:00:00,35.131,35.293,34.92,35.092,8878.297
2025-01-23 11:00:00,35.092,35.416,35.004,35.236,7490.969
2025-01-23 12:00:00,35.236,35.236,34.883,34.979,7768.887
2025-01-23 13:00:00,34.979,35.509,34.783,35.403,20873.031
2025-01-23 14:00:00,35.403,36.308,35.201,35.939,30408.95
2025-01-23 15:00:00,35.939,36.072,35.144,35.951,67408.929
2025-01-23 16:00:00,35.951,36.608,35.81,35.826,25780.343
2025-01-23 17:00:00,35.826,35.922,35.48,35.869,20179.054
2025-01-23 18:00:00,35.869,35.979,35.273,35.287,6995.788
2025-01-23 19:00:00,35.287,35.303,34.729,34.89,14712.242
2025-01-23 20:00:00,34.89,35.811,34.773,35.191,57577.771
2025-01-23 21:00:00,35.191,35.287,34.64,34.935,19708.411
2025-01-23 22:00:00,34.935,35.656,34.841,35.603,11596.099
2025-01-23 23:00:00,35.603,35.842,35.45,35.556,8779.216
2025-01-24 00:00:00,35.556,35.722,34.93,34.957,11980.606
2025-01-24 01:00:00,34.957,35.138,34.726,34.829,7708.981
2025-01-24 02:00:00,34.829,34.934,34.587,34.65,10019.116
2025-01-24 03:00:00,34.65,35.211,34.555,35.033,12699.618
2025-01-24 04:00:00,35.033,35.429,34.812,35.351,8268.941
2025-01-24 05:00:00,35.351,36.264,35.276,36.248,14665.428
2025-01-24 06:00:00,36.248,36.35,35.832,35.872,12805.932
2025-01-24 07:00:00,35.872,36.027,35.566,35.787,9205.752
2025-01-24 08:00:00,35.787,36.124,35.692,36.087,8921.01
2025-01-24 09:00:00,36.087,36.388,36.013,36.239,16281.752
2025-01-24 10:00:00,36.239,36.374,36.12,36.248,9800.355
2025-01-24 11:00:00,36.248,36.295,36.094,36.17,4563.115
2025-01-24 12:00:00,36.17,36.511,36.17,36.501,14590.369
2025-01-24 13:00:00,36.501,36.687,36.187,36.348,13585.584
2025-01-24 14:00:00,36.348,36.597,36.109,36.433,15469.072
2025-01-24 15:00:00,36.433,36.58,35.956,36.255,13651.548
2025-01-24 16:00:00,36.255,36.426,36.109,36.167,7344.611
2025-01-24 17:00:00,36.167,36.65,36.035,36.472,12019.524
2025-01-24 18:00:00,36.472,36.791,36.421,36.545,14471.046
2025-01-24 19:00:00,36.545,36.697,36.23,36.278,7416.212
2025-01-24 20:00:00,36.278,36.455,35.56,35.56,11574.644
2025-01-24 21:00:00,35.56,35.89,35.517,35.635,9131.021
2025-01-24 22:00:00,35.635,35.663,35.332,35.356,6976.994
2025-01-24 23:00:00,35.356,35.397,35.173,35.354,19409.73
2025-01-25 00:00:00,35.354,35.379,34.928,34.945,14776.267
2025-01-25 01:00:00,34.945,35.555,34.9,35.469,13437.01
2025-01-25 02:00:00,35.469,35.643,35.353,35.523,4646.357
2025-01-25 03:00:00,35.523,35.993,35.455,35.92,7612.273
2025-01-25 04:00:00,35.92,35.95,35.661,35.691,2022.634
2025-01-25 05:00:00,35.691,35.701,35.502,35.597,5864.081
2025-01-25 06:00:00,35.597,35.665,35.312,35.376,10315.811
2025-01-25 07:00:00,35.376,35.412,35.225,35.308,3278.808
2025-01-25 08:00:00,35.308,35.487,35.228,35.318,2456.899
2025-01-25 09:00:00,35.318,35.382,35.13,35.184,2200.356
2025-01-25 10:00:00,35.184,35.28,35.025,35.264,3805.504
2025-01-25 11:00:00,35.264,35.527,35.206,35.493,4501.579
2025-01-25 12:00:00,35.493,35.535,35.342,35.473,2642.931
2025-01-25 13:00:00,35.473,35.6,35.395,35.419,4647.233
2025-01-25 14:00:00,35.419,35.419,35.153,35.417,3162.38
2025-01-25 15:00:00,35.417,36.488,35.417,36.446,21693.649
2025-01-25 16:00:00,36.446,37.03,36.283,36.63,17464.766
2025-01-25 17:00:00,36.63,36.817,36.363,36.757,15621.413
2025-01-25 18:00:00,36.757,36.86,36.585,36.824,20194.603
2025-01-25 19:00:00,36.824,37.021,36.73,36.943,11882.181
2025-01-25 20:00:00,36.943,37.271,36.907,36.933,23629.467
2025-01-25 21:00:00,36.933,37.0,36.733,36.983,9188.49
2025-01-25 22:00:00,36.983,37.204,36.824,36.899,5322.203
2025-01-25 23:00:00,36.899,36.954,36.584,36.614,18217.37
2025-01-26 00:00:00,36.614,37.034,36.519,36.887,7234.986
2025-01-26 01:00:00,36.887,37.328,36.854,37.252,8191.908
2025-01-26 02:00:00,37.252,37.302,36.843,37.108,5379.498
2025-01-26 03:00:00,37.108,37.512,37.013,37.46,11803.845
2025-01-26 04:00:00,37.46,37.935,37.423,37.787,13663.456
2025-01-26 05:00:00,37.787,37.841,37.572,37.632,7567.535
2025-01-26 06:00:00,37.632,37.93,37.533,37.917,8514.889
2025-01-26 07:00:00,37.917,38.03,37.542,37.636,12990.796
2025-01-26 08:00:00,37.636,37.741,37.402,37.556,10660.497
2025-01-26 09:00:00,37.556,37.556,37.186,37.288,12207.582
2025-01-26 10:00:00,37.288,37.565,37.23,37.556,8978.12
2025-01-26 11:00:00,37.556,37.705,37.466,37.586,11586.934
2025-01-26 12:00:00,37.586,37.836,37.475,37.82,10187.385
2025-01-26 13:00:00,37.82,37.906,37.507,37.621,5960.423
2025-01-26 14:00:00,37.621,37.63,37.358,37.515,7759.824
2025-01-26 15:00:00,37.515,37.623,37.312,37.422,8057.053
2025-01-26 16:00:00,37.422,37.52,37.306,37.476,5240.177
2025-01-26 17:00:00,37.476,38.002,37.476,37.992,7972.2
2025-01-26 18:00:00,37.992,38.162,37.751,37.766,16739.68
2025-01-26 19:00:00,37.766,37.95,37.742,37.833,6841.325
2025-01-26 20:00:00,37.833,37.898,37.535,37.542,4037.908
2025-01-26 21:00:00,37.542,37.561,37.037,37.049,8928.618
2025-01-26 22:00:00,37.049,37.275,36.828,37.002,7896.787
2025-01-26 23:00:00,37.002,37.002,35.711,35.754,29526.484
2025-01-27 00:00:00,35.754,36.041,35.3,35.344,31929.788
2025-01-27 01:00:00,35.344,35.555,35.085,35.231,15228.749
2025-01-27 02:00:00,35.231,35.355,34.801,35.032,23450.432
2025-01-27 03:00:00,35.032,35.456,34.938,35.253,11834.014
2025-01-27 04:00:00,35.253,35.253,34.764,34.781,8272.471
2025-01-27 05:00:00,34.781,34.917,34.436,34.679,19071.585
2025-01-27 06:00:00,34.679,34.776,33.92,34.085,61245.904
2025-01-27 07:00:00,34.085,34.253,32.92,33.813,65236.601
2025-01-27 08:00:00,33.813,33.813,33.151,33.591,56037.759
2025-01-27 09:00:00,33.591,33.924,33.417,33.692,11465.375
2025-01-27 10:00:00,33.692,33.707,32.951,33.033,14447.176
2025-01-27 11:00:00,33.033,33.514,33.033,33.092,11675.018
2025-01-27 12:00:00,33.092,33.891,32.863,33.701,20895.79
2025-01-27 13:00:00,33.701,34.076,33.394,33.51,20671.92
2025-01-27 14:00:00,33.51,34.217,33.271,34.14,22273.085
2025-01-27 15:00:00,34.14,34.14,33.657,33.676,23678.876
2025-01-27 16:00:00,33.676,34.116,33.309,33.435,26736.079
2025-01-27 17:00:00,33.435,33.597,33.14,33.296,15365.044
2025-01-27 18:00:00,33.296,33.499,32.914,33.076,15436.632
2025-01-27 19:00:00,33.076,33.417,33.076,33.275,11293.495
2025-01-27 20:00:00,33.275,34.252,33.275,34.148,15321.249
2025-01-27 21:00:00,34.148,34.679,33.832,33.935,10751.841
2025-01-27 22:00:00,33.935,34.273,33.77,34.086,6393.915
2025-01-27 23:00:00,34.086,34.259,34.057,34.202,5960.315
2025-01-28 00:00:00,34.202,34.521,33.87,33.935,13099.905
2025-01-28 01:00:00,33.935,33.998,33.639,33.836,6654.698
2025-01-28 02:00:00,33.836,34.169,33.809,34.015,4768.282
2025-01-28 03:00:00,34.015,34.25,33.88,34.105,7297.19
2025-01-28 04:00:00,34.105,34.489,34.014,34.258,9067.849
2025-01-28 05:00:00,34.258,34.497,34.204,34.336,8940.841
2025-01-28 06:00:00,34.336,34.362,34.054,34.088,9429.278
2025-01-28 07:00:00,34.088,34.358,33.951,34.231,10406.84
2025-01-28 08:00:00,34.231,34.26,33.979,34.106,6673.874
2025-01-28 09:00:00,34.106,34.156,33.776,34.105,6317.137
2025-01-28 10:00:00,34.105,34.163,33.854,33.934,7722.753
2025-01-28 11:00:00,33.934,34.057,33.803,34.005,4544.817
2025-01-28 12:00:00,34.005,34.17,33.764,33.863,7070.995
2025-01-28 13:00:00,33.863,34.0,33.756,33.809,5426.895
2025-01-28 14:00:00,33.809,33.927,33.481,33.743,10013.708
2025-01-28 15:00:00,33.743,34.198,33.717,33.778,12632.443
2025-01-28 16:00:00,33.778,33.791,33.349,33.534,15383.183
2025-01-28 17:00:00,33.534,33.818,33.462,33.599,12582.821
2025-01-28 18:00:00,33.599,33.663,33.1,33.218,11634.425
2025-01-28 19:00:00,33.218,33.259,33.041,33.223,7309.815
2025-01-28 20:00:00,33.223,33.261,32.549,32.561,13320.934
2025-01-28 21:00:00,32.561,32.784,32.066,32.083,19183.359
2025-01-28 22:00:00,32.083,32.435,31.925,32.208,17373.869
2025-01-28 23:00:00,32.208,32.355,31.832,32.071,12635.255
2025-01-29 00:00:00,32.071,32.396,31.99,32.088,20711.256
2025-01-29 01:00:00,32.088,32.398,32.032,32.309,7386.521
2025-01-29 02:00:00,32.309,32.678,32.273,32.318,11774.135
2025-01-29 03:00:00,32.318,32.851,32.296,32.723,5723.551
2025-01-29 04:00:00,32.723,33.033,32.654,32.97,5423.785
2025-01-29 05:00:00,32.97,33.21,32.9,33.095,5854.054
2025-01-29 06:00:00,33.095,33.655,33.052,33.534,15609.248
2025-01-29 07:00:00,33.534,33.578,33.382,33.442,6066.713
2025-01-29 08:00:00,33.442,33.561,33.244,33.351,7732.307
2025-01-29 09:00:00,33.351,33.368,33.104,33.204,5237.605
2025-01-29 10:00:00,33.204,33.356,33.077,33.216,5508.52
2025-01-29 11:00:00,33.216,33.346,33.141,33.246,4737.906
2025-01-29 12:00:00,33.246,33.281,32.88,32.935,5979.43
2025-01-29 13:00:00,32.935,32.949,32.222,32.376,17028.071
2025-01-29 14:00:00,32.376,32.621,32.237,32.406,11794.562
2025-01-29 15:00:00,32.406,32.711,32.388,32.609,6204.916
2025-01-29 16:00:00,32.609,32.658,32.351,32.48,9047.383
2025-01-29 17:00:00,32.48,32.966,32.48,32.695,6906.595
2025-01-29 18:00:00,32.695,33.014,32.464,32.937,10871.857
2025-01-29 19:00:00,32.937,33.43,31.893,32.953,70422.708
2025-01-29 20:00:00,32.953,33.841,32.594,33.376,35307.962
2025-01-29 21:00:00,33.376,33.778,33.141,33.489,14136.583
2025-01-29 22:00:00,33.489,33.533,33.093,33.115,6691.668
2025-01-29 23:00:00,33.115,33.26,32.747,32.796,6792.145
2025-01-30 00:00:00,32.796,32.939,32.44,32.882,18003.091
2025-01-30 01:00:00,32.882,33.431,32.839,33.259,8589.076
2025-01-30 02:00:00,33.259,33.48,33.13,33.48,4736.771
2025-01-30 03:00:00,33.48,33.865,33.438,33.843,9164.166
2025-01-30 04:00:00,33.843,33.971,33.694,33.913,5468.811
2025-01-30 05:00:00,33.913,33.962,33.647,33.782,4630.948
2025-01-30 06:00:00,33.782,33.886,33.71,33.738,5507.44
2025-01-30 07:00:00,33.738,33.789,33.549,33.702,3753.145
2025-01-30 08:00:00,33.702,33.785,33.462,33.688,8012.007
2025-01-30 09:00:00,33.688,33.986,33.622,33.915,6183.955
2025-01-30 10:00:00,33.915,34.033,33.787,34.026,7019.826
2025-01-30 11:00:00,34.026,34.106,33.903,33.966,9781.061
2025-01-30 12:00:00,33.966,34.016,33.767,33.905,5394.559
2025-01-30 13:00:00,33.905,34.359,33.82,34.358,12610.607
2025-01-30 14:00:00,34.358,34.574,34.156,34.487,12632.005
2025-01-30 15:00:00,34.487,34.656,34.309,34.397,10913.513
2025-01-30 16:00:00,34.397,34.555,34.256,34.51,12342.194
2025-01-30 17:00:00,34.51,34.691,34.395,34.481,10174.349
2025-01-30 18:00:00,34.481,34.497,34.155,34.38,11506.124
2025-01-30 19:00:00,34.38,34.599,34.333,34.589,4245.832
2025-01-30 20:00:00,34.589,34.67,34.243,34.302,6266.834
2025-01-30 21:00:00,34.302,34.431,34.236,34.363,4998.336
2025-01-30 22:00:00,34.363,34.578,34.266,34.397,4846.634
2025-01-30 23:00:00,34.397,34.528,34.278,34.287,3422.921
2025-01-31 00:00:00,34.287,34.462,34.08,34.447,4728.904
2025-01-31 01:00:00,34.447,34.533,34.296,34.533,4377.31
2025-01-31 02:00:00,34.533,34.551,34.126,34.132,4821.391
2025-01-31 03:00:00,34.132,34.132,33.846,33.971,7138.914
2025-01-31 04:00:00,33.971,34.028,33.807,33.843,1592.185
2025-01-31 05:00:00,33.843,34.438,33.84,34.432,9369.72
2025-01-31 06:00:00,34.432,35.078,34.423,35.033,9816.551
2025-01-31 07:00:00,35.033,35.207,34.631,34.698,17456.525
2025-01-31 08:00:00,34.698,34.759,34.4,34.446,6433.056
2025-01-31 09:00:00,34.446,34.753,34.354,34.618,6981.269
2025-01-31 10:00:00,34.618,34.618,34.375,34.496,4729.912
2025-01-31 11:00:00,34.496,35.178,34.496,35.13,13191.745
2025-01-31 12:00:00,35.13,35.331,35.044,35.22,12188.245
2025-01-31 13:00:00,35.22,35.395,35.099,35.355,12372.574
2025-01-31 14:00:00,35.355,35.516,35.111,35.254,9568.623
2025-01-31 15:00:00,35.254,35.967,35.254,35.95,17716.047
2025-01-31 16:00:00,35.95,36.162,35.605,35.833,19385.679
2025-01-31 17:00:00,35.833,35.843,35.414,35.46,9446.992
2025-01-31 18:00:00,35.46,35.57,34.417,34.478,23887.772
2025-01-31 19:00:00,34.478,34.908,34.446,34.661,10112.678
2025-01-31 20:00:00,34.661,34.661,34.164,34.438,10197.227
2025-01-31 21:00:00,34.438,34.469,34.022,34.331,10302.722
2025-01-31 22:00:00,34.331,34.568,34.16,34.464,6543.877
2025-01-31 23:00:00,34.464,34.49,34.27,34.411,3652.442
2025-02-01 00:00:00,34.411,34.738,34.242,34.711,9517.42
2025-02-01 01:00:00,34.711,34.941,34.7,34.7,4030.186
2025-02-01 02:00:00,34.7,35.097,34.661,35.053,6846.707
2025-02-01 03:00:00,35.053,35.088,34.532,34.584,19048.675
2025-02-01 04:00:00,34.584,34.744,34.497,34.594,2977.947
2025-02-01 05:00:00,34.594,34.761,34.591,34.749,5580.099
2025-02-01 06:00:00,34.749,34.755,34.43,34.615,2907.974
2025-02-01 07:00:00,34.615,34.64,34.363,34.416,11590.927
2025-02-01 08:00:00,34.416,34.472,34.129,34.289,4022.305
2025-02-01 09:00:00,34.289,34.289,33.666,33.736,9468.216
2025-02-01 10:00:00,33.736,33.964,33.681,33.71,3809.318
2025-02-01 11:00:00,33.71,33.94,33.614,33.934,4333.331
2025-02-01 12:00:00,33.934,34.059,33.81,33.971,5769.366
2025-02-01 13:00:00,33.971,33.979,33.615,33.655,3420.823
2025-02-01 14:00:00,33.655,33.879,33.552,33.576,17272.387
2025-02-01 15:00:00,33.576,33.774,33.368,33.694,12980.975
2025-02-01 16:00:00,33.694,33.794,33.461,33.49,3180.32
2025-02-01 17:00:00,33.49,33.8,33.49,33.688,5401.897
2025-02-01 18:00:00,33.688,33.764,33.287,33.295,5430.695
2025-02-01 19:00:00,33.295,33.321,32.78,32.922,8853.458
2025-02-01 20:00:00,32.922,32.922,32.436,32.674,19087.426
2025-02-01 21:00:00,32.674,32.935,32.46,32.517,9518.304
2025-02-01 22:00:00,32.517,32.689,32.188,32.282,14418.031
2025-02-01 23:00:00,32.282,32.389,31.87,32.111,21762.813
2025-02-02 00:00:00,32.111,32.546,32.017,32.438,8077.79
2025-02-02 01:00:00,32.438,32.581,32.372,32.454,3098.357
2025-02-02 02:00:00,32.454,32.465,31.75,31.777,9610.655
2025-02-02 03:00:00,31.777,31.931,30.734,30.807,42542.266
2025-02-02 04:00:00,30.807,31.26,30.581,30.855,22839.445
2025-02-02 05:00:00,30.855,31.478,30.855,31.384,14547.514
2025-02-02 06:00:00,31.384,31.656,31.281,31.323,8819.637
2025-02-02 07:00:00,31.323,31.47,31.1,31.245,6722.121
2025-02-02 08:00:00,31.245,31.641,31.118,31.425,4905.431
2025-02-02 09:00:00,31.425,31.44,31.227,31.392,12339.038
2025-02-02 10:00:00,31.392,31.392,31.019,31.106,7538.561
2025-02-02 11:00:00,31.106,31.27,30.466,30.54,24910.265
2025-02-02 12:00:00,30.54,30.889,30.37,30.377,18759.903
2025-02-02 13:00:00,30.377,30.995,30.377,30.993,12174.077
2025-02-02 14:00:00,30.993,31.086,30.886,30.904,9851.412
2025-02-02 15:00:00,30.904,30.904,30.418,30.707,25626.695
2025-02-02 16:00:00,30.707,30.717,29.236,29.431,46686.688
2025-02-02 17:00:00,29.431,29.807,28.159,28.408,88328.133
2025-02-02 18:00:00,28.408,28.807,27.68,27.811,70493.75
2025-02-02 19:00:00,27.811,28.913,27.64,28.655,71096.325
2025-02-02 20:00:00,28.655,28.925,28.17,28.244,51668.542
2025-02-02 21:00:00,28.244,28.372,27.667,27.767,18049.166
2025-02-02 22:00:00,27.767,28.328,25.902,27.222,92321.508
2025-02-02 23:00:00,27.222,27.631,26.278,27.622,104123.96
2025-02-03 00:00:00,27.622,27.639,25.821,26.906,133202.201
2025-02-03 01:00:00,26.906,27.016,22.5,23.82,432741.636
2025-02-03 02:00:00,23.82,24.05,21.047,22.942,400553.664
2025-02-03 03:00:00,22.942,24.251,22.903,23.897,209600.91
2025-02-03 04:00:00,23.897,24.21,22.868,22.884,220722.836
2025-02-03 05:00:00,22.884,24.24,22.884,24.219,102906.202
2025-02-03 06:00:00,24.219,24.884,23.91,24.839,59175.839
2025-02-03 07:00:00,24.839,25.582,24.798,25.541,66366.014
2025-02-03 08:00:00,25.541,25.541,24.51,24.884,57720.859
2025-02-03 09:00:00,24.884,25.327,24.718,24.786,39619.187
2025-02-03 10:00:00,24.786,25.609,24.702,25.57,35908.682
2025-02-03 11:00:00,25.57,25.635,25.142,25.315,25295.876
2025-02-03 12:00:00,25.315,25.768,25.034,25.069,49312.682
2025-02-03 13:00:00,25.069,25.279,24.739,25.016,43787.433
2025-02-03 14:00:00,25.016,25.964,24.334,25.932,179407.678
2025-02-03 15:00:00,25.932,27.416,25.574,27.358,133141.603
2025-02-03 16:00:00,27.358,27.775,26.885,27.428,76031.309
2025-02-03 17:00:00,27.428,27.537,27.049,27.316,35791.116
2025-02-03 18:00:00,27.316,27.48,27.0,27.425,33595.238
2025-02-03 19:00:00,27.425,28.201,27.338,28.194,49049.138
2025-02-03 20:00:00,28.194,28.194,27.197,27.441,53854.377
2025-02-03 21:00:00,27.441,28.414,27.436,28.376,30410.258
2025-02-03 22:00:00,28.376,28.777,28.223,28.51,48104.024
2025-02-03 23:00:00,28.51,28.72,28.222,28.397,14307.167
2025-02-04 00:00:00,28.397,28.641,27.986,28.0,36440.232
2025-02-04 01:00:00,28.0,28.295,27.972,28.156,23836.538
2025-02-04 02:00:00,28.156,28.199,27.655,27.668,10737.33
2025-02-04 03:00:00,27.668,27.768,27.393,27.613,9262.284
2025-02-04 04:00:00,27.613,27.772,27.325,27.374,22079.883
2025-02-04 05:00:00,27.374,27.412,25.847,25.959,72381.441
2025-02-04 06:00:00,25.959,26.506,25.959,26.356,29779.998
2025-02-04 07:00:00,26.356,26.399,25.577,25.66,40530.311
2025-02-04 08:00:00,25.66,25.977,25.536,25.758,40623.333
2025-02-04 09:00:00,25.758,26.006,25.615,25.659,15789.342
2025-02-04 10:00:00,25.659,26.35,25.626,26.224,22746.813
2025-02-04 11:00:00,26.224,26.753,26.195,26.404,26808.938
2025-02-04 12:00:00,26.404,27.089,26.404,26.871,20576.632
2025-02-04 13:00:00,26.871,27.184,26.656,26.719,26342.467
2025-02-04 14:00:00,26.719,27.33,26.453,27.06,44696.708
2025-02-04 15:00:00,27.06,27.249,26.479,26.893,51049.336
2025-02-04 16:00:00,26.893,27.23,26.759,27.065,24251.178
2025-02-04 17:00:00,27.065,27.421,26.874,27.079,29453.568
2025-02-04 18:00:00,27.079,27.433,26.875,27.294,15965.686
2025-02-04 19:00:00,27.294,27.95,26.81,26.811,42621.993
2025-02-04 20:00:00,26.811,27.064,26.432,26.539,75200.879
2025-02-04 21:00:00,26.539,26.539,25.773,25.807,45299.995
2025-02-04 22:00:00,25.807,26.309,25.74,26.194,17883.399
2025-02-04 23:00:00,26.194,26.64,26.1,26.483,19334.426
2025-02-05 00:00:00,26.483,26.692,26.252,26.555,16370.837
2025-02-05 01:00:00,26.555,27.109,26.496,26.539,40766.697
2025-02-05 02:00:00,26.539,27.056,26.393,26.925,19059.214
2025-02-05 03:00:00,26.925,26.996,26.659,26.693,14883.846
2025-02-05 04:00:00,26.693,26.843,26.58,26.787,10966.942
2025-02-05 05:00:00,26.787,27.12,26.513,27.079,17477.924
2025-02-05 06:00:00,27.079,27.079,26.539,26.577,13135.213
2025-02-05 07:00:00,26.577,26.935,26.456,26.841,12536.572
2025-02-05 08:00:00,26.841,27.012,26.704,26.883,8564.927
2025-02-05 09:00:00,26.883,27.08,26.647,26.774,12210.62
2025-02-05 10:00:00,26.774,27.171,26.735,27.041,15703.049
2025-02-05 11:00:00,27.041,27.417,27.041,27.311,21584.117
2025-02-05 12:00:00,27.311,27.415,26.969,27.028,16974.394
2025-02-05 13:00:00,27.028,27.173,26.947,27.037,16659.523
2025-02-05 14:00:00,27.037,27.153,26.62,26.702,31156.753
2025-02-05 15:00:00,26.702,26.824,26.355,26.561,24967.668
2025-02-05 16:00:00,26.561,26.614,25.968,26.229,36331.884
2025-02-05 17:00:00,26.229,26.356,25.635,25.731,30004.761
2025-02-05 18:00:00,25.731,26.112,25.699,25.837,33360.536
2025-02-05 19:00:00,25.837,26.289,25.753,26.161,32228.352
2025-02-05 20:00:00,26.161,26.258,25.71,25.957,20658.484
2025-02-05 21:00:00,25.957,26.176,25.885,25.951,14835.483
2025-02-05 22:00:00,25.951,26.101,25.599,25.755,18783.371
2025-02-05 23:00:00,25.755,25.986,25.685,25.848,17836.288
2025-02-06 00:00:00,25.848,26.087,25.812,25.848,8724.918
2025-02-06 01:00:00,25.848,26.217,25.729,26.052,9311.596
2025-02-06 02:00:00,26.052,26.335,26.025,26.172,17037.638
2025-02-06 03:00:00,26.172,26.271,25.999,26.156,6842.744
2025-02-06 04:00:00,26.156,26.336,26.089,26.32,7854.993
2025-02-06 05:00:00,26.32,26.484,26.193,26.377,16458.503
2025-02-06 06:00:00,26.377,26.821,26.251,26.806,17293.798
2025-02-06 07:00:00,26.806,26.816,26.467,26.534,11965.158
2025-02-06 08:00:00,26.534,26.579,26.298,26.344,19118.401
2025-02-06 09:00:00,26.344,26.76,26.281,26.735,13054.009
2025-02-06 10:00:00,26.735,26.823,26.514,26.709,15322.703
2025-02-06 11:00:00,26.709,26.733,26.161,26.44,23403.643
2025-02-06 12:00:00,26.44,26.475,25.892,26.018,31845.056
2025-02-06 13:00:00,26.018,26.391,25.988,26.257,22061.167
2025-02-06 14:00:00,26.257,26.326,25.459,25.561,34131.598
2025-02-06 15:00:00,25.561,25.697,24.81,24.998,62028.984
2025-02-06 16:00:00,24.998,25.169,24.69,24.831,46035.721
2025-02-06 17:00:00,24.831,25.205,24.702,24.791,18469.485
2025-02-06 18:00:00,24.791,24.877,24.578,24.649,23439.513
2025-02-06 19:00:00,24.649,25.005,24.453,24.638,26831.913
2025-02-06 20:00:00,24.638,25.049,24.587,25.017,19101.282
2025-02-06 21:00:00,25.017,25.05,24.473,24.826,39068.033
2025-02-06 22:00:00,24.826,24.831,24.455,24.703,17287.416
2025-02-06 23:00:00,24.703,24.741,24.273,24.507,16599.82
2025-02-07 00:00:00,24.507,24.844,24.47,24.588,20641.817
2025-02-07 01:00:00,24.588,25.192,24.584,25.008,18451.353
2025-02-07 02:00:00,25.008,25.191,24.988,25.189,16133.293
2025-02-07 03:00:00,25.189,25.235,24.865,24.953,13109.75
2025-02-07 04:00:00,24.953,25.171,24.949,25.038,11045.403
2025-02-07 05:00:00,25.038,25.114,24.838,24.945,20890.98
2025-02-07 06:00:00,24.945,24.965,24.447,24.669,23727.72
2025-02-07 07:00:00,24.669,25.089,24.652,24.817,20658.761
2025-02-07 08:00:00,24.817,25.172,24.712,25.022,18165.265
2025-02-07 09:00:00,25.022,25.43,24.991,25.424,29207.058
2025-02-07 10:00:00,25.424,25.487,25.26,25.286,24140.05
2025-02-07 11:00:00,25.286,25.56,25.259,25.51,16413.491
2025-02-07 12:00:00,25.51,25.538,25.271,25.356,20474.01
2025-02-07 13:00:00,25.356,25.859,25.15,25.833,55391.194
2025-02-07 14:00:00,25.833,26.221,25.706,26.051,47382.62
2025-02-07 15:00:00,26.051,26.058,25.241,25.432,62757.989
2025-02-07 16:00:00,25.432,25.521,25.074,25.1,52280.71
2025-02-07 17:00:00,25.1,25.157,24.716,24.825,42454.201
2025-02-07 18:00:00,24.825,25.318,24.776,25.127,19684.192
2025-02-07 19:00:00,25.127,25.176,24.847,24.854,19345.905
2025-02-07 20:00:00,24.854,24.86,23.847,23.9,58400.907
2025-02-07 21:00:00,23.9,24.215,23.87,23.922,24261.378
2025-02-07 22:00:00,23.922,23.999,23.706,23.982,20766.386
2025-02-07 23:00:00,23.982,24.478,23.897,24.47,13622.445
2025-02-08 00:00:00,24.47,24.815,24.376,24.625,15553.406
2025-02-08 01:00:00,24.625,24.625,24.349,24.349,10895.797
2025-02-08 02:00:00,24.349,24.463,24.216,24.359,10035.218
2025-02-08 03:00:00,24.359,24.503,24.254,24.277,5617.301
2025-02-08 04:00:00,24.277,24.311,24.132,24.152,5347.969
2025-02-08 05:00:00,24.152,24.179,23.968,24.117,11270.537
2025-02-08 06:00:00,24.117,24.263,24.033,24.105,7767.227
2025-02-08 07:00:00,24.105,24.465,23.941,24.348,10999.754
2025-02-08 08:00:00,24.348,24.424,24.049,24.073,16921.502
2025-02-08 09:00:00,24.073,24.218,24.065,24.18,8138.194
2025-02-08 10:00:00,24.18,24.243,23.943,24.002,9331.592
2025-02-08 11:00:00,24.002,24.151,23.912,24.123,10107.695
2025-02-08 12:00:00,24.123,24.234,23.961,24.02,9081.23
2025-02-08 13:00:00,24.02,24.456,24.016,24.303,17188.284
2025-02-08 14:00:00,24.303,24.378,24.108,24.311,13018.523
2025-02-08 15:00:00,24.311,24.465,24.1,24.226,13298.253
2025-02-08 16:00:00,24.226,24.419,24.074,24.384,12763.937
2025-02-08 17:00:00,24.384,24.639,24.38,24.556,14840.669
2025-02-08 18:00:00,24.556,24.65,24.396,24.551,11449.634
2025-02-08 19:00:00,24.551,24.72,24.497,24.587,13051.041
2025-02-08 20:00:00,24.587,24.64,24.407,24.494,9517.877
2025-02-08 21:00:00,24.494,24.59,24.39,24.524,7329.012
2025-02-08 22:00:00,24.524,24.643,24.304,24.446,10842.049
2025-02-08 23:00:00,24.446,24.686,24.427,24.579,8435.705
2025-02-09 00:00:00,24.579,24.669,24.507,24.63,12474.029
2025-02-09 01:00:00,24.63,24.889,24.532,24.714,11891.952
2025-02-09 02:00:00,24.714,24.767,24.574,24.602,10332.877
2025-02-09 03:00:00,24.602,25.309,24.542,25.256,19804.319
2025-02-09 04:00:00,25.256,25.256,24.947,25.05,10812.118
2025-02-09 05:00:00,25.05,25.171,24.916,25.094,13830.83
2025-02-09 06:00:00,25.094,25.26,24.968,25.205,10752.8
2025-02-09 07:00:00,25.205,25.376,25.085,25.328,10397.374
2025-02-09 08:00:00,25.328,25.531,25.252,25.527,29015.53
2025-02-09 09:00:00,25.527,25.529,25.156,25.17,20268.36
2025-02-09 10:00:00,25.17,25.341,25.071,25.195,21065.821
2025-02-09 11:00:00,25.195,25.284,24.967,24.972,21028.824
2025-02-09 12:00:00,24.972,25.101,24.859,24.944,14850.109
2025-02-09 13:00:00,24.944,25.018,24.479,24.554,13499.034
2025-02-09 14:00:00,24.554,24.796,24.526,24.783,12654.07
2025-02-09 15:00:00,24.783,25.257,24.77,25.114,21268.005
2025-02-09 16:00:00,25.114,25.262,25.035,25.182,8347.721
2025-02-09 17:00:00,25.182,25.207,24.784,24.865,11309.128
2025-02-09 18:00:00,24.865,24.969,24.766,24.89,11034.213
2025-02-09 19:00:00,24.89,24.991,24.616,24.68,7327.546
2025-02-09 20:00:00,24.68,25.047,24.653,24.929,12155.768
2025-02-09 21:00:00,24.929,24.974,23.741,23.897,44342.397
2025-02-09 22:00:00,23.897,24.814,23.649,24.586,41052.342
2025-02-09 23:00:00,24.586,24.931,24.437,24.881,15646.472
2025-02-10 00:00:00,24.881,25.403,24.87,25.05,26699.606
2025-02-10 01:00:00,25.05,25.091,24.134,24.189,24707.316
2025-02-10 02:00:00,24.189,24.309,23.87,24.175,22354.224
2025-02-10 03:00:00,24.175,25.134,24.066,24.838,44802.848
2025-02-10 04:00:00,24.838,25.238,24.732,25.042,24414.625
2025-02-10 05:00:00,25.042,25.475,24.911,25.135,29506.171
2025-02-10 06:00:00,25.135,25.226,25.0,25.226,12243.334
2025-02-10 07:00:00,25.226,25.431,25.085,25.399,17694.59
2025-02-10 08:00:00,25.399,25.9,25.346,25.726,51552.939
2025-02-10 09:00:00,25.726,25.752,25.403,25.48,23113.708
2025-02-10 10:00:00,25.48,25.595,25.288,25.374,16823.155
2025-02-10 11:00:00,25.374,25.61,25.315,25.439,8973.772
2025-02-10 12:00:00,25.439,25.51,25.192,25.306,13986.848
2025-02-10 13:00:00,25.306,25.991,25.299,25.882,17057.201
2025-02-10 14:00:00,25.882,25.95,25.402,25.503,27329.345
2025-02-10 15:00:00,25.503,25.593,25.289,25.429,18151.315
2025-02-10 16:00:00,25.429,25.592,25.316,25.542,9755.868
2025-02-10 17:00:00,25.542,25.692,25.378,25.562,11081.272
2025-02-10 18:00:00,25.562,25.616,25.376,25.561,28341.134
2025-02-10 19:00:00,25.561,25.678,25.409,25.453,22936.294
2025-02-10 20:00:00,25.453,25.66,25.416,25.582,10280.638
2025-02-10 21:00:00,25.582,25.582,25.384,25.489,7952.56
2025-02-10 22:00:00,25.489,25.668,25.436,25.543,11620.036
2025-02-10 23:00:00,25.543,25.67,25.429,25.666,8761.218
2025-02-11 00:00:00,25.666,26.21,25.649,26.161,22699.919
2025-02-11 01:00:00,26.161,26.274,25.992,26.146,8578.924
2025-02-11 02:00:00,26.146,26.304,25.956,26.154,25478.559
2025-02-11 03:00:00,26.154,26.343,25.978,26.304,11586.947
2025-02-11 04:00:00,26.304,26.559,26.1,26.551,31658.622
2025-02-11 05:00:00,26.551,26.808,26.441,26.761,16845.878
2025-02-11 06:00:00,26.761,26.775,26.495,26.737,27489.231
2025-02-11 07:00:00,26.737,26.781,26.619,26.679,11230.792
2025-02-11 08:00:00,26.679,26.98,26.67,26.947,18869.841
2025-02-11 09:00:00,26.947,27.024,26.634,26.655,16921.874
2025-02-11 10:00:00,26.655,26.67,26.402,26.437,13612.231
2025-02-11 11:00:00,26.437,26.52,26.295,26.515,31950.041
2025-02-11 12:00:00,26.515,26.545,26.241,26.422,47255.243
2025-02-11 13:00:00,26.422,26.671,25.829,25.921,38508.244
2025-02-11 14:00:00,25.921,26.349,25.827,26.307,17790.081
2025-02-11 15:00:00,26.307,26.479,26.061,26.143,14036.337
2025-02-11 16:00:00,26.143,26.189,25.874,25.909,20566.572
2025-02-11 17:00:00,25.909,25.914,25.457,25.509,20499.505
2025-02-11 18:00:00,25.509,25.509,25.115,25.203,17988.103
2025-02-11 19:00:00,25.203,25.329,24.893,25.053,23077.257
2025-02-11 20:00:00,25.053,25.45,25.0,25.301,14442.397
2025-02-11 21:00:00,25.301,25.579,25.255,25.43,17277.832
2025-02-11 22:00:00,25.43,25.618,25.074,25.201,27786.632
2025-02-11 23:00:00,25.201,25.471,25.186,25.399,8160.524
2025-02-12 00:00:00,25.399,25.61,25.242,25.557,12593.102
2025-02-12 01:00:00,25.557,25.62,25.319,25.51,7580.039
2025-02-12 02:00:00,25.51,25.519,25.107,25.198,17502.996
2025-02-12 03:00:00,25.198,25.353,24.986,25.19,14705.681
2025-02-12 04:00:00,25.19,25.251,24.991,25.081,25598.849
2025-02-12 05:00:00,25.081,25.275,25.009,25.22,14300.641
2025-02-12 06:00:00,25.22,25.245,24.924,24.964,12167.573
2025-02-12 07:00:00,24.964,25.34,24.916,25.143,14339.44
2025-02-12 08:00:00,25.143,25.33,25.096,25.169,11985.531
2025-02-12 09:00:00,25.169,25.203,24.836,25.13,16600.059
2025-02-12 10:00:00,25.13,25.168,24.948,25.068,8759.877
2025-02-12 11:00:00,25.068,25.384,25.06,25.256,8292.676
2025-02-12 12:00:00,25.256,25.512,25.234,25.267,13230.959
2025-02-12 13:00:00,25.267,25.684,24.3,24.78,144012.379
2025-02-12 14:00:00,24.78,25.039,24.29,25.013,43378.408
2025-02-12 15:00:00,25.013,25.289,24.638,25.022,52560.775
2025-02-12 16:00:00,25.022,25.594,24.682,25.513,30246.65
2025-02-12 17:00:00,25.513,25.824,25.451,25.694,37070.023
2025-02-12 18:00:00,25.694,25.727,25.435,25.667,13206.535
2025-02-12 19:00:00,25.667,26.116,25.5,26.017,16300.553
2025-02-12 20:00:00,26.017,26.418,25.985,26.161,29446.748
2025-02-12 21:00:00,26.161,26.499,26.094,26.308,14169.296
2025-02-12 22:00:00,26.308,27.095,26.27,26.624,52550.761
2025-02-12 23:00:00,26.624,26.754,26.393,26.495,19842.016
2025-02-13 00:00:00,26.495,26.604,26.301,26.408,12036.329
2025-02-13 01:00:00,26.408,26.618,26.344,26.532,8178.921
2025-02-13 02:00:00,26.532,26.533,26.14,26.249,16849.705
2025-02-13 03:00:00,26.249,26.415,26.207,26.378,7948.938
2025-02-13 04:00:00,26.378,26.408,25.925,25.994,9889.496
2025-02-13 05:00:00,25.994,26.038,25.798,25.978,9093.329
2025-02-13 06:00:00,25.978,25.978,25.482,25.613,14901.926
2025-02-13 07:00:00,25.613,25.689,25.478,25.523,5756.646
2025-02-13 08:00:00,25.523,25.598,25.351,25.472,7516.93
2025-02-13 09:00:00,25.472,25.708,25.37,25.702,9357.729
2025-02-13 10:00:00,25.702,25.81,25.62,25.792,11387.435
2025-02-13 11:00:00,25.792,25.856,25.467,25.625,8632.835
2025-02-13 12:00:00,25.625,25.666,25.422,25.44,4913.632
2025-02-13 13:00:00,25.44,25.692,25.368,25.472,22738.572
2025-02-13 14:00:00,25.472,25.508,25.09,25.355,24114.131
2025-02-13 15:00:00,25.355,25.749,25.227,25.498,12547.967
2025-02-13 16:00:00,25.498,25.498,25.131,25.211,8915.828
2025-02-13 17:00:00,25.211,25.467,25.196,25.246,13063.036
2025-02-13 18:00:00,25.246,25.562,25.091,25.562,17588.012
2025-02-13 19:00:00,25.562,25.848,25.471,25.501,17517.788
2025-02-13 20:00:00,25.501,25.569,25.29,25.414,15712.573
2025-02-13 21:00:00,25.414,25.598,25.351,25.45,10586.06
2025-02-13 22:00:00,25.45,25.575,25.331,25.357,9496.122
2025-02-13 23:00:00,25.357,25.486,25.251,25.39,5856.021
2025-02-14 00:00:00,25.39,25.557,25.299,25.529,5555.409
2025-02-14 01:00:00,25.529,25.625,25.391,25.592,6605.096
2025-02-14 02:00:00,25.592,25.849,25.579,25.702,6714.542
2025-02-14 03:00:00,25.702,26.025,25.681,25.969,4726.151
2025-02-14 04:00:00,25.969,25.995,25.714,25.726,6329.059
2025-02-14 05:00:00,25.726,25.77,25.589,25.695,11530.658
2025-02-14 06:00:00,25.695,25.724,25.556,25.677,5559.016
2025-02-14 07:00:00,25.677,25.743,25.636,25.707,8565.328
2025-02-14 08:00:00,25.707,26.108,25.707,25.894,22913.409
2025-02-14 09:00:00,25.894,26.358,25.894,26.305,22611.671
2025-02-14 10:00:00,26.305,26.388,26.105,26.129,11348.163
2025-02-14 11:00:00,26.129,26.299,25.975,26.083,9534.506
2025-02-14 12:00:00,26.083,26.083,25.803,25.937,13749.519
2025-02-14 13:00:00,25.937,26.231,25.856,26.178,9507.206
2025-02-14 14:00:00,26.178,26.678,26.049,26.54,18778.196
2025-02-14 15:00:00,26.54,26.727,26.17,26.57,22765.343
2025-02-14 16:00:00,26.57,26.898,26.31,26.863,29283.128
2025-02-14 17:00:00,26.863,27.223,26.596,27.035,44432.9
2025-02-14 18:00:00,27.035,27.205,26.793,26.831,21258.708
2025-02-14 19:00:00,26.831,26.976,26.484,26.588,17538.115
2025-02-14 20:00:00,26.588,26.633,26.157,26.209,24961.02
2025-02-14 21:00:00,26.209,26.482,26.052,26.471,20022.923
2025-02-14 22:00:00,26.471,26.619,25.952,26.166,25630.775
2025-02-14 23:00:00,26.166,26.404,26.063,26.379,11086.592
2025-02-15 00:00:00,26.379,26.445,26.221,26.41,10548.364
2025-02-15 01:00:00,26.41,26.791,26.409,26.774,10451.188
2025-02-15 02:00:00,26.774,26.96,26.721,26.892,8409.15
2025-02-15 03:00:00,26.892,26.964,26.682,26.708,5624.439
2025-02-15 04:00:00,26.708,26.854,26.638,26.698,8198.959
2025-02-15 05:00:00,26.698,26.754,26.59,26.633,8743.903
2025-02-15 06:00:00,26.633,26.656,26.371,26.414,4179.698
2025-02-15 07:00:00,26.414,26.511,26.262,26.393,4735.795
2025-02-15 08:00:00,26.393,26.528,26.373,26.389,2913.481
2025-02-15 09:00:00,26.389,26.454,26.211,26.239,7209.166
2025-02-15 10:00:00,26.239,26.277,26.113,26.216,5742.646
2025-02-15 11:00:00,26.216,26.296,25.953,26.084,13791.437
2025-02-15 12:00:00,26.084,26.179,25.998,26.12,6983.568
2025-02-15 13:00:00,26.12,26.25,25.998,26.009,8756.819
2025-02-15 14:00:00,26.009,26.009,25.478,25.681,28265.13
2025-02-15 15:00:00,25.681,25.788,25.583,25.686,5309.945
2025-02-15 16:00:00,25.686,25.833,25.596,25.724,7231.249
2025-02-15 17:00:00,25.724,25.784,25.571,25.67,6381.636
2025-02-15 18:00:00,25.67,25.844,25.631,25.814,4567.366
2025-02-15 19:00:00,25.814,25.857,25.552,25.568,5752.785
2025-02-15 20:00:00,25.568,25.679,25.419,25.575,7293.332
2025-02-15 21:00:00,25.575,25.644,25.508,25.644,4005.441
2025-02-15 22:00:00,25.644,25.746,25.387,25.504,7245.851
2025-02-15 23:00:00,25.504,25.599,25.404,25.482,22788.292
2025-02-16 00:00:00,25.482,25.587,25.327,25.414,23076.525
2025-02-16 01:00:00,25.414,25.451,25.244,25.426,13340.009
2025-02-16 02:00:00,25.426,25.428,25.165,25.228,5079.769
2025-02-16 03:00:00,25.228,25.464,25.159,25.435,17940.628
2025-02-16 04:00:00,25.435,25.561,25.407,25.489,24032.308
2025-02-16 05:00:00,25.489,25.572,25.323,25.436,16073.315
2025-02-16 06:00:00,25.436,25.49,25.374,25.421,15339.701
2025-02-16 07:00:00,25.421,25.421,25.139,25.205,30058.888
2025-02-16 08:00:00,25.205,25.364,25.128,25.283,14142.184
2025-02-16 09:00:00,25.283,25.446,25.168,25.405,6078.463
2025-02-16 10:00:00,25.405,25.43,25.307,25.311,5428.623
2025-02-16 11:00:00,25.311,25.479,25.25,25.458,2593.065
2025-02-16 12:00:00,25.458,25.471,25.266,25.302,8707.406
2025-02-16 13:00:00,25.302,25.314,25.049,25.081,8560.32
2025-02-16 14:00:00,25.081,25.217,24.894,25.16,10797.208
2025-02-16 15:00:00,25.16,25.238,25.1,25.147,6175.893
2025-02-16 16:00:00,25.147,25.228,25.037,25.107,3871.953
2025-02-16 17:00:00,25.107,25.234,24.969,24.994,2435.497
2025-02-16 18:00:00,24.994,24.998,24.742,24.93,14508.156
2025-02-16 19:00:00,24.93,25.019,24.797,24.953,4048.161
2025-02-16 20:00:00,24.953,25.019,24.805,24.846,17390.441
2025-02-16 21:00:00,24.846,25.064,24.757,25.044,10981.979
2025-02-16 22:00:00,25.044,25.127,24.87,24.994,8807.089
2025-02-16 23:00:00,24.994,25.013,24.786,24.847,30467.415
2025-02-17 00:00:00,24.847,25.046,24.837,25.023,8882.61
2025-02-17 01:00:00,25.023,25.2,24.926,25.15,3606.009
2025-02-17 02:00:00,25.15,25.225,24.995,25.026,14441.777
2025-02-17 03:00:00,25.026,25.06,24.846,25.023,6062.165
2025-02-17 04:00:00,25.023,25.023,24.799,24.823,7367.719
2025-02-17 05:00:00,24.823,24.971,24.529,24.922,16584.269
2025-02-17 06:00:00,24.922,25.136,24.914,25.05,5964.104
2025-02-17 07:00:00,25.05,25.184,24.737,24.938,20046.381
2025-02-17 08:00:00,24.938,25.253,24.828,25.191,10129.441
2025-02-17 09:00:00,25.191,25.4,25.146,25.348,14653.972
2025-02-17 10:00:00,25.348,25.539,25.292,25.302,8866.015
2025-02-17 11:00:00,25.302,25.478,25.24,25.402,8427.003
2025-02-17 12:00:00,25.402,25.662,25.39,25.572,9956.756
2025-02-17 13:00:00,25.572,25.73,25.501,25.559,18386.656
2025-02-17 14:00:00,25.559,25.891,25.559,25.826,15802.766
2025-02-17 15:00:00,25.826,25.966,25.076,25.138,47202.288
2025-02-17 16:00:00,25.138,25.287,24.742,24.796,35368.725
2025-02-17 17:00:00,24.796,25.064,24.779,24.874,18698.397
2025-02-17 18:00:00,24.874,24.947,24.532,24.542,23167.668
2025-02-17 19:00:00,24.542,24.86,24.418,24.807,12409.673
2025-02-17 20:00:00,24.807,25.042,24.725,24.911,11864.794
2025-02-17 21:00:00,24.911,25.432,24.9,25.432,9975.388
2025-02-17 22:00:00,25.432,25.458,24.981,25.024,11545.127
2025-02-17 23:00:00,25.024,25.186,24.924,25.034,13547.081
2025-02-18 00:00:00,25.034,25.124,24.809,24.844,7601.164
2025-02-18 01:00:00,24.844,24.974,24.757,24.946,10322.735
2025-02-18 02:00:00,24.946,24.981,24.701,24.742,4118.006
2025-02-18 03:00:00,24.742,24.836,24.684,24.739,3291.629
2025-02-18 04:00:00,24.739,24.846,24.472,24.541,11460.671
2025-02-18 05:00:00,24.541,24.573,24.067,24.109,19391.769
2025-02-18 06:00:00,24.109,24.13,23.754,23.934,30227.824
2025-02-18 07:00:00,23.934,24.118,23.803,23.994,9518.063
2025-02-18 08:00:00,23.994,24.051,23.677,23.782,17378.978
2025-02-18 09:00:00,23.782,24.22,23.641,24.209,14234.325
2025-02-18 10:00:00,24.209,24.264,24.021,24.046,9636.907
2025-02-18 11:00:00,24.046,24.081,23.893,23.973,6560.85
2025-02-18 12:00:00,23.973,24.272,23.924,24.142,9341.111
2025-02-18 13:00:00,24.142,24.161,23.971,24.079,9942.309
2025-02-18 14:00:00,24.079,24.325,23.576,23.814,28810.096
2025-02-18 15:00:00,23.814,23.846,23.295,23.443,22028.37
2025-02-18 16:00:00,23.443,23.642,23.085,23.111,31191.732
2025-02-18 17:00:00,23.111,23.319,22.958,23.181,19423.432
2025-02-18 18:00:00,23.181,23.279,23.08,23.175,32621.894
2025-02-18 19:00:00,23.175,23.281,22.936,23.155,11097.313
2025-02-18 20:00:00,23.155,23.31,22.95,23.054,9952.935
2025-02-18 21:00:00,23.054,23.442,23.009,23.303,12141.095
2025-02-18 22:00:00,23.303,23.508,23.229,23.32,9261.671
2025-02-18 23:00:00,23.32,23.555,23.284,23.527,13300.706
2025-02-19 00:00:00,23.527,23.596,23.323,23.338,16105.103
2025-02-19 01:00:00,23.338,23.348,23.121,23.194,6285.692
2025-02-19 02:00:00,23.194,23.599,23.194,23.527,5119.135
2025-02-19 03:00:00,23.527,23.558,23.37,23.528,8892.732
2025-02-19 04:00:00,23.528,23.546,23.006,23.027,9133.842
2025-02-19 05:00:00,23.027,23.305,22.981,23.254,9829.738
2025-02-19 06:00:00,23.254,23.493,23.233,23.445,4468.044
2025-02-19 07:00:00,23.445,23.852,23.427,23.738,12584.436
2025-02-19 08:00:00,23.738,23.855,23.655,23.669,9899.635
2025-02-19 09:00:00,23.669,23.826,23.631,23.764,10513.652
2025-02-19 10:00:00,23.764,23.944,23.746,23.923,13602.385
2025-02-19 11:00:00,23.923,24.016,23.899,24.007,5353.269
2025-02-19 12:00:00,24.007,24.016,23.64,23.665,12590.309
2025-02-19 13:00:00,23.665,23.88,23.665,23.783,6138.652
2025-02-19 14:00:00,23.783,23.961,23.476,23.487,21292.172
2025-02-19 15:00:00,23.487,23.692,23.392,23.502,13823.754
2025-02-19 16:00:00,23.502,23.833,23.499,23.833,10598.627
2025-02-19 17:00:00,23.833,23.923,23.69,23.746,13163.836
2025-02-19 18:00:00,23.746,23.767,23.537,23.537,11582.367
2025-02-19 19:00:00,23.537,23.763,23.461,23.667,16763.492
2025-02-19 20:00:00,23.667,23.753,23.583,23.628,15419.241
2025-02-19 21:00:00,23.628,23.773,23.461,23.5,7004.974
2025-02-19 22:00:00,23.5,23.763,23.356,23.735,13853.743
2025-02-19 23:00:00,23.735,23.894,23.703,23.741,10350.037
2025-02-20 00:00:00,23.741,24.06,23.72,24.0,11391.037
2025-02-20 01:00:00,24.0,24.097,23.726,23.831,11857.65
2025-02-20 02:00:00,23.831,24.222,23.801,24.151,4579.0
2025-02-20 03:00:00,24.151,24.262,24.109,24.237,7126.359
2025-02-20 04:00:00,24.237,24.462,24.237,24.35,8000.778
2025-02-20 05:00:00,24.35,24.469,24.183,24.193,14228.901
2025-02-20 06:00:00,24.193,24.2,23.953,23.988,6101.139
2025-02-20 07:00:00,23.988,24.08,23.875,23.98,3520.045
2025-02-20 08:00:00,23.98,24.184,23.97,24.17,2909.134
2025-02-20 09:00:00,24.17,24.265,24.107,24.186,5834.445
2025-02-20 10:00:00,24.186,24.536,24.155,24.527,9011.855
2025-02-20 11:00:00,24.527,24.618,24.442,24.545,14786.428
2025-02-20 12:00:00,24.545,24.709,24.517,24.584,16393.445
2025-02-20 13:00:00,24.584,24.788,24.493,24.65,8800.939
2025-02-20 14:00:00,24.65,25.0,24.48,24.499,21391.011
2025-02-20 15:00:00,24.499,24.574,24.221,24.254,16326.611
2025-02-20 16:00:00,24.254,24.641,24.207,24.466,11020.17
2025-02-20 17:00:00,24.466,24.811,24.456,24.797,10773.329
2025-02-20 18:00:00,24.797,25.121,24.797,25.025,20151.021
2025-02-20 19:00:00,25.025,25.272,25.01,25.195,13927.952
2025-02-20 20:00:00,25.195,25.353,25.118,25.143,12950.225
2025-02-20 21:00:00,25.143,25.166,24.867,25.022,31838.961
2025-02-20 22:00:00,25.022,25.084,24.899,24.994,5377.834
2025-02-20 23:00:00,24.994,25.235,24.994,25.148,8880.67
2025-02-21 00:00:00,25.148,25.259,24.955,25.011,9284.028
2025-02-21 01:00:00,25.011,25.043,24.816,24.913,5339.95
2025-02-21 02:00:00,24.913,25.022,24.775,24.809,5159.957
2025-02-21 03:00:00,24.809,24.991,24.785,24.849,4970.851
2025-02-21 04:00:00,24.849,25.136,24.849,25.094,11459.441
2025-02-21 05:00:00,25.094,25.131,24.952,25.1,12706.538
2025-02-21 06:00:00,25.1,25.231,25.094,25.187,9598.73
2025-02-21 07:00:00,25.187,25.349,25.144,25.164,6656.132
2025-02-21 08:00:00,25.164,25.567,25.152,25.508,13450.353
2025-02-21 09:00:00,25.508,25.92,25.383,25.509,33790.027
2025-02-21 10:00:00,25.509,25.804,25.466,25.793,11589.283
2025-02-21 11:00:00,25.793,25.814,25.616,25.677,11429.008
2025-02-21 12:00:00,25.677,25.959,25.088,25.95,78241.881
2025-02-21 13:00:00,25.95,26.545,25.898,26.43,48394.02
2025-02-21 14:00:00,26.43,26.5,25.839,26.174,41957.013
2025-02-21 15:00:00,26.174,26.413,24.964,25.456,68817.454
2025-02-21 16:00:00,25.456,25.831,24.983,25.52,208479.519
2025-02-21 17:00:00,25.52,25.711,24.537,24.615,61139.477
2025-02-21 18:00:00,24.615,24.816,24.479,24.729,29339.046
2025-02-21 19:00:00,24.729,24.772,23.807,23.943,21620.604
2025-02-21 20:00:00,23.943,24.296,23.855,24.171,29062.586
2025-02-21 21:00:00,24.171,24.315,23.905,24.196,23027.097
2025-02-21 22:00:00,24.196,24.788,24.145,24.757,6899.13
2025-02-21 23:00:00,24.757,24.799,24.53,24.62,9159.772
2025-02-22 00:00:00,24.62,25.861,24.448,25.172,21864.622
2025-02-22 01:00:00,25.172,25.368,25.111,25.289,14482.807
2025-02-22 02:00:00,25.289,25.328,24.878,25.01,10387.433
2025-02-22 03:00:00,25.01,25.262,24.973,25.187,3774.627
2025-02-22 04:00:00,25.187,25.439,25.005,25.337,4221.112
2025-02-22 05:00:00,25.337,25.378,25.09,25.104,12924.43
2025-02-22 06:00:00,25.104,25.115,24.88,24.992,4620.936
2025-02-22 07:00:00,24.992,25.275,24.959,24.984,14452.431
2025-02-22 08:00:00,24.984,25.09,24.922,25.005,6815.399
2025-02-22 09:00:00,25.005,25.344,24.977,25.252,16784.548
2025-02-22 10:00:00,25.252,25.451,25.21,25.283,30075.679
2025-02-22 11:00:00,25.283,25.369,25.159,25.292,8561.42
2025-02-22 12:00:00,25.292,25.689,25.292,25.678,21907.145
2025-02-22 13:00:00,25.678,25.806,25.514,25.765,18377.046
2025-02-22 14:00:00,25.765,25.8,25.563,25.618,17566.548
2025-02-22 15:00:00,25.618,25.908,25.564,25.86,20180.22
2025-02-22 16:00:00,25.86,26.017,25.728,25.794,11613.271
2025-02-22 17:00:00,25.794,26.283,25.778,26.252,36611.678
2025-02-22 18:00:00,26.252,26.43,26.002,26.075,38572.851
2025-02-22 19:00:00,26.075,26.102,25.997,26.059,9781.849
2025-02-22 20:00:00,26.059,26.059,25.777,25.836,9685.093
2025-02-22 21:00:00,25.836,26.024,25.825,25.973,4337.454
2025-02-22 22:00:00,25.973,26.003,25.788,25.845,4300.88
2025-02-22 23:00:00,25.845,25.914,25.787,25.855,3951.732
2025-02-23 00:00:00,25.855,25.99,25.669,25.978,6270.216
2025-02-23 01:00:00,25.978,26.001,25.648,25.737,4466.462
2025-02-23 02:00:00,25.737,25.838,25.663,25.665,3209.207
2025-02-23 03:00:00,25.665,25.809,25.587,25.712,4478.053
2025-02-23 04:00:00,25.712,25.723,25.552,25.619,2736.034
2025-02-23 05:00:00,25.619,25.699,25.52,25.558,10508.773
2025-02-23 06:00:00,25.558,25.658,25.446,25.625,4345.621
2025-02-23 07:00:00,25.625,25.911,25.613,25.868,7625.957
2025-02-23 08:00:00,25.868,25.88,25.593,25.599,4481.656
2025-02-23 09:00:00,25.599,25.633,25.38,25.435,4577.694
2025-02-23 10:00:00,25.435,25.462,25.368,25.435,5620.286
2025-02-23 11:00:00,25.435,25.442,25.122,25.148,3688.299
2025-02-23 12:00:00,25.148,25.194,24.925,24.984,7798.609
2025-02-23 13:00:00,24.984,25.175,24.973,25.144,4310.037
2025-02-23 14:00:00,25.144,25.162,24.775,24.792,5597.261
2025-02-23 15:00:00,24.792,24.896,24.564,24.572,10202.128
2025-02-23 16:00:00,24.572,24.695,24.451,24.458,10734.373
2025-02-23 17:00:00,24.458,24.72,24.434,24.667,8503.567
2025-02-23 18:00:00,24.667,24.713,24.545,24.561,5196.594
2025-02-23 19:00:00,24.561,24.609,24.515,24.522,2972.163
2025-02-23 20:00:00,24.522,24.696,24.448,24.691,4885.255
2025-02-23 21:00:00,24.691,24.774,24.645,24.761,3976.342
2025-02-23 22:00:00,24.761,24.769,24.543,24.662,5117.592
2025-02-23 23:00:00,24.662,24.974,24.607,24.86,8099.139
2025-02-24 00:00:00,24.86,25.187,24.829,24.992,3963.778
2025-02-24 01:00:00,24.992,25.039,24.448,24.463,4933.817
2025-02-24 02:00:00,24.463,24.626,24.315,24.349,5118.209
2025-02-24 03:00:00,24.349,24.349,23.913,24.038,8989.46
2025-02-24 04:00:00,24.038,24.038,23.686,23.9,10274.439
2025-02-24 05:00:00,23.9,24.148,23.769,24.13,5391.724
2025-02-24 06:00:00,24.13,24.17,23.899,24.132,5106.593
2025-02-24 07:00:00,24.132,24.249,23.956,23.988,2533.843
2025-02-24 08:00:00,23.988,23.989,23.535,23.632,8576.112
2025-02-24 09:00:00,23.632,24.06,23.579,23.829,9749.9
2025-02-24 10:00:00,23.829,23.85,23.467,23.71,5990.761
2025-02-24 11:00:00,23.71,23.9,23.55,23.85,4964.7
2025-02-24 12:00:00,23.85,23.85,23.64,23.72,4384.54
2025-02-24 13:00:00,23.72,23.92,23.53,23.63,9951.421
2025-02-24 14:00:00,23.63,23.71,23.11,23.13,12694.055
2025-02-24 15:00:00,23.13,23.4,22.887,23.15,20537.893
2025-02-24 16:00:00,23.15,23.38,23.05,23.2,11456.263
2025-02-24 17:00:00,23.2,23.524,23.13,23.32,13715.14
2025-02-24 18:00:00,23.32,23.43,23.08,23.12,3787.649
2025-02-24 19:00:00,23.12,23.23,22.67,22.91,11204.69
2025-02-24 20:00:00,22.91,23.27,22.84,22.99,7107.22
2025-02-24 21:00:00,22.99,23.19,22.83,22.87,5292.125
2025-02-24 22:00:00,22.87,22.87,21.48,21.74,48428.168
2025-02-24 23:00:00,21.74,22.19,21.7,21.88,20884.998
2025-02-25 00:00:00,21.88,22.1,21.296,21.66,19471.947
2025-02-25 01:00:00,21.66,21.94,21.33,21.64,7317.725
2025-02-25 02:00:00,21.64,22.0,21.33,21.92,4783.255
2025-02-25 03:00:00,21.92,22.03,21.61,21.65,2440.774
2025-02-25 04:00:00,21.65,21.83,21.36,21.63,16719.422
2025-02-25 05:00:00,21.63,22.0,21.49,21.9,31277.703
2025-02-25 06:00:00,21.9,21.95,21.47,21.47,7276.998
2025-02-25 07:00:00,21.47,21.52,20.3,20.87,63566.664
2025-02-25 08:00:00,20.87,21.33,20.73,21.17,15870.086
2025-02-25 09:00:00,21.17,21.25,20.68,20.744,10129.257
2025-02-25 10:00:00,20.744,21.15,20.34,20.99,28326.732
2025-02-25 11:00:00,20.99,21.52,20.63,21.42,18176.45
2025-02-25 12:00:00,21.42,21.66,21.24,21.48,11302.346
2025-02-25 13:00:00,21.48,21.6,21.18,21.22,11483.363
2025-02-25 14:00:00,21.22,21.35,20.671,20.75,14881.798
2025-02-25 15:00:00,20.75,21.16,20.55,20.99,19617.449
2025-02-25 16:00:00,20.99,21.44,20.78,21.26,34490.885
2025-02-25 17:00:00,21.26,21.49,21.15,21.27,27733.654
2025-02-25 18:00:00,21.27,21.48,21.06,21.33,24813.893
2025-02-25 19:00:00,21.33,21.83,21.21,21.81,27605.349
2025-02-25 20:00:00,21.81,22.22,21.65,22.08,29531.03
2025-02-25 21:00:00,22.08,22.16,21.81,22.13,7874.228
2025-02-25 22:00:00,22.13,22.34,21.89,22.07,9988.321
2025-02-25 23:00:00,22.07,22.21,21.94,21.94,5252.771
2025-02-26 00:00:00,21.94,21.99,21.63,21.66,11577.217
2025-02-26 01:00:00,21.66,21.99,21.64,21.95,4660.965
2025-02-26 02:00:00,21.95,22.28,21.846,22.21,2884.768
2025-02-26 03:00:00,22.21,22.33,22.16,22.22,4153.052
2025-02-26 04:00:00,22.22,22.41,22.09,22.09,5317.65
2025-02-26 05:00:00,22.09,22.16,21.94,21.94,6914.684
2025-02-26 06:00:00,21.94,22.29,21.94,22.29,4101.872
2025-02-26 07:00:00,22.29,22.3,21.96,22.18,4988.858
2025-02-26 08:00:00,22.18,22.2,21.88,22.1,9337.733
2025-02-26 09:00:00,22.1,22.59,22.07,22.49,20373.542
2025-02-26 10:00:00,22.49,22.49,22.25,22.38,5664.353
2025-02-26 11:00:00,22.38,22.43,22.13,22.17,6281.056
2025-02-26 12:00:00,22.17,22.21,21.56,21.72,98582.052
2025-02-26 13:00:00,21.72,21.96,21.67,21.77,15791.213
2025-02-26 14:00:00,21.77,22.2,21.47,22.12,31480.482
2025-02-26 15:00:00,22.12,22.41,22.11,22.26,19100.841
2025-02-26 16:00:00,22.26,22.45,22.05,22.22,20954.751
2025-02-26 17:00:00,22.22,22.39,21.64,21.75,17907.653
2025-02-26 18:00:00,21.75,21.9,21.07,21.17,30502.102
2025-02-26 19:00:00,21.17,21.5,21.1,21.23,26360.115
2025-02-26 20:00:00,21.23,21.81,20.99,21.74,30428.377
2025-02-26 21:00:00,21.74,22.01,21.56,21.87,19989.263
2025-02-26 22:00:00,21.87,22.27,21.87,22.0,13031.688
2025-02-26 23:00:00,22.0,22.13,21.766,21.87,5858.597
2025-02-27 00:00:00,21.87,22.07,21.65,21.91,10454.047
2025-02-27 01:00:00,21.91,22.32,21.73,22.15,15376.451
2025-02-27 02:00:00,22.15,22.41,22.0,22.04,9767.191
2025-02-27 03:00:00,22.04,22.43,22.0,22.34,5807.547
2025-02-27 04:00:00,22.34,22.43,22.17,22.33,8064.205
2025-02-27 05:00:00,22.33,22.58,22.29,22.55,9250.133
2025-02-27 06:00:00,22.55,22.85,22.54,22.81,16303.976
2025-02-27 07:00:00,22.81,23.18,22.8,23.01,15993.586
2025-02-27 08:00:00,23.01,23.1,22.854,22.91,12308.663
2025-02-27 09:00:00,22.91,23.17,22.89,23.08,24233.3
2025-02-27 10:00:00,23.08,23.39,23.08,23.33,39025.051
2025-02-27 11:00:00,23.33,23.35,23.014,23.03,16456.873
2025-02-27 12:00:00,23.03,23.31,22.89,23.06,9407.321
2025-02-27 13:00:00,23.06,23.29,23.02,23.08,8260.297
2025-02-27 14:00:00,23.08,23.21,22.7,22.72,17802.129
2025-02-27 15:00:00,22.72,22.99,22.54,22.79,14262.045
2025-02-27 16:00:00,22.79,22.94,22.5,22.53,12332.929
2025-02-27 17:00:00,22.53,22.56,22.34,22.55,15796.75
2025-02-27 18:00:00,22.55,22.72,22.53,22.66,11992.58
2025-02-27 19:00:00,22.66,22.66,22.19,22.33,9165.223
2025-02-27 20:00:00,22.33,22.36,22.01,22.15,13332.44
2025-02-27 21:00:00,22.15,22.602,22.0,22.58,12290.645
2025-02-27 22:00:00,22.58,22.58,22.25,22.49,8876.609
2025-02-27 23:00:00,22.49,22.6,22.37,22.53,8182.585
2025-02-28 00:00:00,22.53,22.61,22.07,22.07,14368.654
2025-02-28 01:00:00,22.07,22.19,21.08,21.12,41026.393
2025-02-28 02:00:00,21.12,21.426,20.78,21.03,30941.132
2025-02-28 03:00:00,21.03,21.2,20.55,20.57,16179.18
2025-02-28 04:00:00,20.57,20.76,20.28,20.59,20606.76
2025-02-28 05:00:00,20.59,20.64,20.31,20.55,19188.969
2025-02-28 06:00:00,20.55,20.63,20.23,20.5,14442.444
2025-02-28 07:00:00,20.5,20.78,20.48,20.63,14656.002
2025-02-28 08:00:00,20.63,21.01,20.4,20.99,24594.082
2025-02-28 09:00:00,20.99,21.44,20.94,21.43,45624.727
2025-02-28 10:00:00,21.43,21.45,20.89,20.91,12976.543
2025-02-28 11:00:00,20.91,21.21,20.9,20.95,9583.594
2025-02-28 12:00:00,20.95,21.07,20.75,21.02,15937.336
2025-02-28 13:00:00,21.02,21.43,20.95,21.22,27094.948
2025-02-28 14:00:00,21.22,21.56,21.17,21.42,17792.951
2025-02-28 15:00:00,21.42,22.001,21.41,21.73,10887.834
2025-02-28 16:00:00,21.73,22.05,21.53,21.87,18863.396
2025-02-28 17:00:00,21.87,22.06,21.75,21.81,14497.927
2025-02-28 18:00:00,21.81,22.25,21.71,22.14,25366.622
2025-02-28 19:00:00,22.14,22.25,22.06,22.12,16548.575
2025-02-28 20:00:00,22.12,22.15,21.81,21.99,12818.39
2025-02-28 21:00:00,21.99,22.21,21.93,22.14,8577.764
2025-02-28 22:00:00,22.14,22.22,21.99,22.05,4790.16
2025-02-28 23:00:00,22.05,22.4,22.05,22.38,6787.777
2025-03-01 00:00:00,22.38,22.42,22.02,22.05,7306.897
2025-03-01 01:00:00,22.05,22.52,22.05,22.47,6530.284
2025-03-01 02:00:00,22.47,22.49,22.21,22.24,18545.794
2025-03-01 03:00:00,22.24,22.37,22.19,22.23,8067.632
2025-03-01 04:00:00,22.23,22.46,22.22,22.35,7429.096
2025-03-01 05:00:00,22.35,22.35,22.18,22.21,10630.29
2025-03-01 06:00:00,22.21,22.22,21.97,22.04,11221.025
2025-03-01 07:00:00,22.04,22.05,21.83,21.89,9029.442
2025-03-01 08:00:00,21.89,21.97,21.79,21.89,3611.413
2025-03-01 09:00:00,21.89,22.07,21.82,21.92,4979.571
2025-03-01 10:00:00,21.92,21.93,21.61,21.67,7480.73
2025-03-01 11:00:00,21.67,21.68,21.43,21.47,7604.837
2025-03-01 12:00:00,21.47,21.55,21.34,21.45,3609.358
2025-03-01 13:00:00,21.45,21.48,21.06,21.16,5423.008
2025-03-01 14:00:00,21.16,21.31,21.12,21.28,5297.579
2025-03-01 15:00:00,21.28,21.42,21.17,21.32,3367.838
2025-03-01 16:00:00,21.32,21.5,21.24,21.5,8213.529
2025-03-01 17:00:00,21.5,21.5,21.29,21.38,5587.321
2025-03-01 18:00:00,21.38,21.58,21.33,21.51,6666.303
2025-03-01 19:00:00,21.51,21.74,21.48,21.7,9674.174
2025-03-01 20:00:00,21.7,21.7,21.53,21.66,7935.077
2025-03-01 21:00:00,21.66,22.03,21.58,22.0,14830.079
2025-03-01 22:00:00,22.0,22.18,21.77,21.89,9316.371
2025-03-01 23:00:00,21.89,21.94,21.72,21.87,4472.21
2025-03-02 00:00:00,21.87,21.96,21.71,21.84,8722.804
2025-03-02 01:00:00,21.84,21.93,21.7,21.85,5224.094
2025-03-02 02:00:00,21.85,21.95,21.72,21.82,2556.619
2025-03-02 03:00:00,21.82,21.98,21.82,21.83,1349.455
2025-03-02 04:00:00,21.83,22.0,21.79,21.95,2555.21
2025-03-02 05:00:00,21.95,22.1,21.9,21.92,7402.929
2025-03-02 06:00:00,21.92,22.07,21.75,21.95,9926.092
2025-03-02 07:00:00,21.95,22.02,21.88,21.9,4621.526
2025-03-02 08:00:00,21.9,21.91,21.77,21.82,3992.831
2025-03-02 09:00:00,21.82,22.2,21.78,22.03,5421.56
2025-03-02 10:00:00,22.03,22.13,21.98,22.01,6324.538
2025-03-02 11:00:00,22.01,22.07,21.95,22.07,2672.172
2025-03-02 12:00:00,22.07,22.07,21.91,21.99,3432.375
2025-03-02 13:00:00,21.99,22.03,21.8,22.01,7859.972
2025-03-02 14:00:00,22.01,22.01,21.55,21.71,26961.204
2025-03-02 15:00:00,21.71,23.06,21.66,22.5,74025.778
2025-03-02 16:00:00,22.5,24.59,22.5,24.24,101640.933
2025-03-02 17:00:00,24.24,24.8,23.96,24.57,53130.418
2025-03-02 18:00:00,24.57,24.74,24.06,24.33,34782.07
2025-03-02 19:00:00,24.33,24.69,24.26,24.68,14412.704
2025-03-02 20:00:00,24.68,24.8,24.48,24.68,22054.362
2025-03-02 21:00:00,24.68,24.84,24.52,24.78,18062.87
2025-03-02 22:00:00,24.78,24.78,24.49,24.64,5500.942
2025-03-02 23:00:00,24.64,25.0,24.64,24.97,32203.118
2025-03-03 00:00:00,24.97,25.14,24.66,24.78,82219.135
2025-03-03 01:00:00,24.78,24.89,24.31,24.31,20413.827
2025-03-03 02:00:00,24.31,24.43,23.92,24.4,32720.356
2025-03-03 03:00:00,24.4,24.55,24.062,24.55,9799.368
2025-03-03 04:00:00,24.55,24.68,24.4,24.61,8886.478
2025-03-03 05:00:00,24.61,24.69,24.44,24.54,9537.11
2025-03-03 06:00:00,24.54,24.55,23.44,23.67,16945.259
2025-03-03 07:00:00,23.67,23.88,23.37,23.83,11713.986
2025-03-03 08:00:00,23.83,23.87,23.08,23.21,21399.187
2025-03-03 09:00:00,23.21,23.47,23.02,23.37,25999.569
2025-03-03 10:00:00,23.37,23.73,23.33,23.66,17628.332
2025-03-03 11:00:00,23.66,23.68,23.43,23.5,31439.676
2025-03-03 12:00:00,23.5,23.75,23.41,23.6,21053.797
2025-03-03 13:00:00,23.6,24.0,23.56,23.87,24413.672
2025-03-03 14:00:00,23.87,23.92,22.98,22.98,49125.806
2025-03-03 15:00:00,22.98,23.668,22.97,23.24,72357.41
2025-03-03 16:00:00,23.24,23.41,23.06,23.33,32576.744
2025-03-03 17:00:00,23.33,23.41,23.0,23.04,19248.955
2025-03-03 18:00:00,23.04,23.06,21.91,22.05,38336.809
2025-03-03 19:00:00,22.05,22.19,20.91,20.93,150863.733
2025-03-03 20:00:00,20.93,21.32,20.826,21.27,25071.34
2025-03-03 21:00:00,21.27,21.27,20.58,20.65,22261.604
2025-03-03 22:00:00,20.65,21.15,20.64,21.07,14948.848
2025-03-03 23:00:00,21.07,21.21,20.92,20.94,11721.079
2025-03-04 00:00:00,20.94,21.11,20.7,20.73,28614.594
2025-03-04 01:00:00,20.73,20.81,19.84,20.15,76909.645
2025-03-04 02:00:00,20.15,20.28,19.613,19.9,70086.042
2025-03-04 03:00:00,19.9,20.08,19.64,19.82,18931.075
2025-03-04 04:00:00,19.82,20.039,19.71,19.86,16296.803
2025-03-04 05:00:00,19.86,20.31,19.83,20.17,22441.569
2025-03-04 06:00:00,20.17,20.23,19.98,20.03,14941.875
2025-03-04 07:00:00,20.03,20.11,19.89,20.05,10011.044
2025-03-04 08:00:00,20.05,20.27,19.94,20.2,22743.64
2025-03-04 09:00:00,20.2,20.23,19.81,19.82,15964.362
2025-03-04 10:00:00,19.82,20.0,19.69,19.95,22092.39
2025-03-04 11:00:00,19.95,20.14,19.87,19.91,21987.299
2025-03-04 12:00:00,19.91,20.05,19.72,19.96,33151.861
2025-03-04 13:00:00,19.96,19.96,19.39,19.55,46150.382
2025-03-04 14:00:00,19.55,20.6,19.52,19.72,90870.703
2025-03-04 15:00:00,19.72,19.99,19.35,19.93,52422.983
2025-03-04 16:00:00,19.93,19.97,18.85,19.58,92094.17
2025-03-04 17:00:00,19.58,20.29,19.55,20.11,51279.388
2025-03-04 18:00:00,20.11,20.28,19.9,20.17,38289.796
2025-03-04 19:00:00,20.17,20.4,20.02,20.33,33635.965
2025-03-04 20:00:00,20.33,20.41,19.85,19.88,20892.87
2025-03-04 21:00:00,19.88,20.51,19.84,20.14,29971.48
2025-03-04 22:00:00,20.14,20.24,20.0,20.01,10941.842
2025-03-04 23:00:00,20.01,20.09,19.91,20.0,13265.999
2025-03-05 00:00:00,20.0,20.08,19.79,19.82,7335.831
2025-03-05 01:00:00,19.82,20.11,19.7,20.1,20825.799
2025-03-05 02:00:00,20.1,20.28,19.99,20.12,18507.084
2025-03-05 03:00:00,20.12,20.17,19.76,19.77,11804.656
2025-03-05 04:00:00,19.77,19.91,19.74,19.86,12549.917
2025-03-05 05:00:00,19.86,19.98,19.82,19.93,15769.247
2025-03-05 06:00:00,19.93,20.14,19.81,20.11,25437.998
2025-03-05 07:00:00,20.11,20.2,20.0,20.15,7184.126
2025-03-05 08:00:00,20.15,20.55,20.14,20.46,13266.888
2025-03-05 09:00:00,20.46,20.9,20.4,20.75,24472.412
2025-03-05 10:00:00,20.75,21.36,20.69,21.19,29930.164
2025-03-05 11:00:00,21.19,21.2,20.9,20.99,12549.708
2025-03-05 12:00:00,20.99,21.23,20.902,21.04,22400.3
2025-03-05 13:00:00,21.04,21.11,20.79,20.89,20937.877
2025-03-05 14:00:00,20.89,20.93,20.54,20.6,22800.615
2025-03-05 15:00:00,20.6,20.89,20.25,20.4,33978.447
2025-03-05 16:00:00,20.4,20.57,20.08,20.45,27785.582
2025-03-05 17:00:00,20.45,20.87,20.44,20.63,22462.333
2025-03-05 18:00:00,20.63,20.74,20.46,20.71,16821.142
2025-03-05 19:00:00,20.71,21.27,20.71,21.26,34046.142
2025-03-05 20:00:00,21.26,22.018,21.25,21.69,52443.132
2025-03-05 21:00:00,21.69,22.48,21.69,21.76,52992.258
2025-03-05 22:00:00,21.76,21.86,21.34,21.6,20712.102
2025-03-05 23:00:00,21.6,21.86,21.51,21.73,16821.049
2025-03-06 00:00:00,21.73,21.95,21.64,21.68,41950.617
2025-03-06 01:00:00,21.68,22.05,21.46,21.66,25526.838
2025-03-06 02:00:00,21.66,22.23,21.66,22.09,18692.906
2025-03-06 03:00:00,22.09,22.42,22.0,22.37,23718.685
2025-03-06 04:00:00,22.37,22.48,22.15,22.41,18392.246
2025-03-06 05:00:00,22.41,22.57,22.23,22.3,15798.85
2025-03-06 06:00:00,22.3,22.4,21.93,21.95,21121.13
2025-03-06 07:00:00,21.95,21.99,21.63,21.7,20340.493
2025-03-06 08:00:00,21.7,22.05,21.62,21.94,16705.056
2025-03-06 09:00:00,21.94,21.97,21.71,21.92,14803.789
2025-03-06 10:00:00,21.92,22.25,21.86,22.15,20950.805
2025-03-06 11:00:00,22.15,22.28,21.96,21.96,27444.187
2025-03-06 12:00:00,21.96,22.01,21.57,21.65,24404.477
2025-03-06 13:00:00,21.65,21.77,21.46,21.47,50340.621
2025-03-06 14:00:00,21.47,21.66,21.22,21.48,53925.125
2025-03-06 15:00:00,21.48,22.1,21.43,21.97,46224.459
2025-03-06 16:00:00,21.97,22.11,21.5,21.51,20354.191
2025-03-06 17:00:00,21.51,21.56,20.99,21.19,32004.88
2025-03-06 18:00:00,21.19,21.19,20.91,21.09,25754.478
2025-03-06 19:00:00,21.09,21.29,20.89,21.06,17742.899
2025-03-06 20:00:00,21.06,21.27,21.0,21.11,11613.773
2025-03-06 21:00:00,21.11,21.45,21.02,21.16,17959.988
2025-03-06 22:00:00,21.16,21.51,21.03,21.19,36064.841
2025-03-06 23:00:00,21.19,21.25,20.99,20.99,10396.591
2025-03-07 00:00:00,20.99,21.31,19.72,19.78,97358.923
2025-03-07 01:00:00,19.78,20.65,19.67,20.43,75775.604
2025-03-07 02:00:00,20.43,20.59,20.27,20.35,9554.883
2025-03-07 03:00:00,20.35,20.47,20.26,20.26,15019.046
2025-03-07 04:00:00,20.26,20.59,20.22,20.35,13558.717
2025-03-07 05:00:00,20.35,20.75,20.32,20.59,16819.393
2025-03-07 06:00:00,20.59,20.75,20.44,20.65,8228.84
2025-03-07 07:00:00,20.65,20.78,20.58,20.73,7956.611
2025-03-07 08:00:00,20.73,20.77,20.45,20.53,7426.639
2025-03-07 09:00:00,20.53,20.91,20.5,20.67,13519.554
2025-03-07 10:00:00,20.67,20.83,20.61,20.79,11080.524
2025-03-07 11:00:00,20.79,20.9,20.7,20.78,15047.166
2025-03-07 12:00:00,20.78,20.82,20.45,20.57,14537.807
2025-03-07 13:00:00,20.57,21.1,20.53,20.69,47576.325
2025-03-07 14:00:00,20.69,21.13,20.5,20.87,32462.984
2025-03-07 15:00:00,20.87,21.07,20.47,20.73,26000.644
2025-03-07 16:00:00,20.73,20.76,20.01,20.2,39325.873
2025-03-07 17:00:00,20.2,20.74,20.13,20.51,11905.729
2025-03-07 18:00:00,20.51,21.15,20.46,21.07,24249.227
2025-03-07 19:00:00,21.07,21.218,20.68,20.83,12967.945
2025-03-07 20:00:00,20.83,20.97,20.5,20.69,16060.791
2025-03-07 21:00:00,20.69,20.7,20.12,20.3,21917.604
2025-03-07 22:00:00,20.3,20.43,20.06,20.28,12555.06
2025-03-07 23:00:00,20.28,20.29,19.94,20.15,10022.557
2025-03-08 00:00:00,20.15,20.24,19.98,20.2,5096.267
2025-03-08 01:00:00,20.2,20.22,19.69,19.83,14306.337
2025-03-08 02:00:00,19.83,19.88,19.72,19.85,31651.162
2025-03-08 03:00:00,19.85,19.9,19.6,19.86,13603.675
2025-03-08 04:00:00,19.86,20.05,19.74,20.03,12327.826
2025-03-08 05:00:00,20.03,20.04,19.81,19.88,8459.333
2025-03-08 06:00:00,19.88,19.98,19.81,19.88,3034.235
2025-03-08 07:00:00,19.88,19.99,19.74,19.79,3427.032
2025-03-08 08:00:00,19.79,19.85,19.67,19.71,2706.077
2025-03-08 09:00:00,19.71,19.83,19.54,19.61,6750.114
2025-03-08 10:00:00,19.61,19.81,19.6,19.71,4667.451
2025-03-08 11:00:00,19.71,19.71,19.43,19.55,7740.368
2025-03-08 12:00:00,19.55,19.83,19.47,19.76,12986.551
2025-03-08 13:00:00,19.76,20.31,19.71,20.2,12237.818
2025-03-08 14:00:00,20.2,21.09,20.16,20.4,109537.488
2025-03-08 15:00:00,20.4,20.69,20.38,20.48,13352.368
2025-03-08 16:00:00,20.48,20.68,20.32,20.61,12261.106
2025-03-08 17:00:00,20.61,20.61,20.28,20.44,10040.407
2025-03-08 18:00:00,20.44,20.61,20.35,20.57,7623.295
2025-03-08 19:00:00,20.57,20.87,20.51,20.82,7088.919
2025-03-08 20:00:00,20.82,20.97,20.77,20.77,10519.005
2025-03-08 21:00:00,20.77,20.83,20.59,20.62,9474.566
2025-03-08 22:00:00,20.62,20.65,20.36,20.56,4099.958
2025-03-08 23:00:00,20.56,20.61,20.39,20.5,10990.059
2025-03-09 00:00:00,20.5,20.68,20.45,20.56,10167.301
2025-03-09 01:00:00,20.56,20.64,20.32,20.39,4005.531
2025-03-09 02:00:00,20.39,20.41,20.26,20.27,5397.681
2025-03-09 03:00:00,20.27,20.36,20.22,20.28,2753.691
2025-03-09 04:00:00,20.28,20.34,20.23,20.33,2326.228
2025-03-09 05:00:00,20.33,20.37,20.22,20.24,10786.655
2025-03-09 06:00:00,20.24,20.24,20.04,20.07,10493.427
2025-03-09 07:00:00,20.07,20.3,20.06,20.15,4825.945
2025-03-09 08:00:00,20.15,20.15,19.97,19.97,7205.326
2025-03-09 09:00:00,19.97,20.03,19.93,19.96,4811.979
2025-03-09 10:00:00,19.96,20.07,19.64,19.65,11904.556
2025-03-09 11:00:00,19.65,19.81,19.62,19.72,12727.961
2025-03-09 12:00:00,19.72,19.72,19.5,19.63,10474.729
2025-03-09 13:00:00,19.63,19.71,19.33,19.34,12424.508
2025-03-09 14:00:00,19.34,19.45,19.25,19.4,12516.206
2025-03-09 15:00:00,19.4,19.44,19.09,19.18,8699.786
2025-03-09 16:00:00,19.18,19.36,18.75,18.77,46962.335
2025-03-09 17:00:00,18.77,18.77,18.06,18.12,50971.796
2025-03-09 18:00:00,18.12,18.35,17.77,18.06,42925.951
2025-03-09 19:00:00,18.06,18.33,17.96,18.24,22114.766
2025-03-09 20:00:00,18.24,18.43,18.14,18.34,10658.511
2025-03-09 21:00:00,18.34,18.38,17.96,18.0,12263.402
2025-03-09 22:00:00,18.0,18.05,17.84,17.93,14806.949
2025-03-09 23:00:00,17.93,18.14,17.76,17.96,19798.062
2025-03-10 00:00:00,17.96,18.25,17.62,18.16,19912.411
2025-03-10 01:00:00,18.16,18.38,18.09,18.19,11000.874
2025-03-10 02:00:00,18.19,18.49,18.12,18.27,8860.428
2025-03-10 03:00:00,18.27,18.3,18.09,18.17,9136.78
2025-03-10 04:00:00,18.17,18.43,18.16,18.42,11377.716
2025-03-10 05:00:00,18.42,18.45,18.2,18.25,13901.961
2025-03-10 06:00:00,18.25,18.31,18.16,18.28,9206.82
2025-03-10 07:00:00,18.28,18.47,18.26,18.4,11807.673
2025-03-10 08:00:00,18.4,18.4,17.99,18.1,13614.763
2025-03-10 09:00:00,18.1,19.06,18.09,18.5,47759.8
2025-03-10 10:00:00,18.5,18.57,18.25,18.5,80415.915
2025-03-10 11:00:00,18.5,18.93,18.44,18.85,47848.268
2025-03-10 12:00:00,18.85,19.0,18.71,18.83,36558.384
2025-03-10 13:00:00,18.83,18.84,18.17,18.21,21235.332
2025-03-10 14:00:00,18.21,18.21,17.41,17.54,51715.127
2025-03-10 15:00:00,17.54,18.06,17.49,17.81,66456.865
2025-03-10 16:00:00,17.81,17.87,17.35,17.45,32138.519
2025-03-10 17:00:00,17.45,17.46,16.79,16.85,114476.246
2025-03-10 18:00:00,16.85,17.12,16.23,16.25,83270.023
2025-03-10 19:00:00,16.25,17.04,16.16,16.92,83865.728
2025-03-10 20:00:00,16.92,16.97,16.52,16.72,20563.46
2025-03-10 21:00:00,16.72,16.88,16.6,16.63,19666.496
2025-03-10 22:00:00,16.63,16.73,16.38,16.47,32166.447
2025-03-10 23:00:00,16.47,16.59,16.24,16.27,18882.136
2025-03-11 00:00:00,16.27,16.52,15.3,15.65,62482.617
2025-03-11 01:00:00,15.65,16.17,15.3,16.17,46378.9
2025-03-11 02:00:00,16.17,16.51,16.04,16.42,47716.608
2025-03-11 03:00:00,16.42,17.35,16.37,16.59,156177.805
2025-03-11 04:00:00,16.59,16.94,16.54,16.66,47389.575
2025-03-11 05:00:00,16.66,17.08,16.64,16.9,30797.361
2025-03-11 06:00:00,16.9,17.05,16.78,16.78,13839.695
2025-03-11 07:00:00,16.78,17.1,16.78,16.95,18880.672
2025-03-11 08:00:00,16.95,17.29,16.89,17.15,21070.466
2025-03-11 09:00:00,17.15,17.35,17.14,17.15,17822.902
2025-03-11 10:00:00,17.15,17.31,17.12,17.26,14329.493
2025-03-11 11:00:00,17.26,17.46,17.1,17.36,12786.331
2025-03-11 12:00:00,17.36,17.39,17.0,17.05,27352.181
2025-03-11 13:00:00,17.05,17.48,16.82,17.13,57835.742
2025-03-11 14:00:00,17.13,17.28,16.51,16.65,48863.03
2025-03-11 15:00:00,16.65,17.48,16.62,17.37,74929.887
2025-03-11 16:00:00,17.37,17.63,17.22,17.38,31088.882
2025-03-11 17:00:00,17.38,17.45,16.96,17.16,24194.246
2025-03-11 18:00:00,17.16,17.91,17.16,17.79,68502.416
2025-03-11 19:00:00,17.79,17.86,17.63,17.77,30549.656
2025-03-11 20:00:00,17.77,17.83,17.62,17.64,12727.129
2025-03-11 21:00:00,17.64,17.84,17.64,17.75,15567.811
2025-03-11 22:00:00,17.75,17.88,17.73,17.8,11233.075
2025-03-11 23:00:00,17.8,17.8,17.46,17.51,13309.37
2025-03-12 00:00:00,17.51,17.59,17.28,17.38,8241.155
2025-03-12 01:00:00,17.38,17.83,17.37,17.66,6817.116
2025-03-12 02:00:00,17.66,17.73,17.31,17.33,8117.097
2025-03-12 03:00:00,17.33,17.42,17.07,17.08,36157.394
2025-03-12 04:00:00,17.08,17.14,16.95,17.08,14052.769
2025-03-12 05:00:00,17.08,17.32,17.08,17.29,12216.239
2025-03-12 06:00:00,17.29,17.31,17.09,17.23,8377.577
2025-03-12 07:00:00,17.23,17.59,17.21,17.55,27262.135
2025-03-12 08:00:00,17.55,17.99,17.49,17.86,32444.992
2025-03-12 09:00:00,17.86,18.04,17.69,17.89,25998.506
2025-03-12 10:00:00,17.89,17.96,17.68,17.88,13298.648
2025-03-12 11:00:00,17.88,18.26,17.88,18.25,73503.468
2025-03-12 12:00:00,18.25,18.82,18.16,18.8,158858.877
2025-03-12 13:00:00,18.8,18.87,18.3,18.42,94892.467
2025-03-12 14:00:00,18.42,18.51,17.85,17.87,91301.326
2025-03-12 15:00:00,17.87,18.05,17.53,17.98,33839.94
2025-03-12 16:00:00,17.98,18.37,17.96,18.28,21704.113
2025-03-12 17:00:00,18.28,18.57,18.07,18.11,22164.805
2025-03-12 18:00:00,18.11,18.59,18.08,18.49,20990.616
2025-03-12 19:00:00,18.49,18.6,18.33,18.41,21191.814
2025-03-12 20:00:00,18.41,18.6,18.36,18.6,9862.845
2025-03-12 21:00:00,18.6,18.72,18.46,18.52,15416.079
2025-03-12 22:00:00,18.52,18.86,18.52,18.75,14168.764
2025-03-12 23:00:00,18.75,18.98,18.66,18.91,27365.678
2025-03-13 00:00:00,18.91,19.11,18.89,18.95,24437.361
2025-03-13 01:00:00,18.95,19.18,18.73,19.05,16586.351
2025-03-13 02:00:00,19.05,19.19,18.95,19.01,13194.417
2025-03-13 03:00:00,19.01,19.17,18.85,18.86,10817.518
2025-03-13 04:00:00,18.86,19.09,18.83,18.92,24291.775
2025-03-13 05:00:00,18.92,19.14,18.74,18.78,26906.106
2025-03-13 06:00:00,18.78,18.84,18.56,18.78,14268.714
2025-03-13 07:00:00,18.78,18.97,18.67,18.8,19306.748
2025-03-13 08:00:00,18.8,18.95,18.62,18.91,15646.032
2025-03-13 09:00:00,18.91,19.29,18.86,19.23,20352.218
2025-03-13 10:00:00,19.23,19.32,18.92,19.02,25555.879
2025-03-13 11:00:00,19.02,19.07,18.92,19.02,9459.739
2025-03-13 12:00:00,19.02,19.19,18.63,18.69,42012.189
2025-03-13 13:00:00,18.69,18.9,18.31,18.36,36435.087
2025-03-13 14:00:00,18.36,18.74,18.31,18.52,18084.306
2025-03-13 15:00:00,18.52,18.58,18.31,18.41,17710.672
2025-03-13 16:00:00,18.41,18.46,18.2,18.24,11798.815
2025-03-13 17:00:00,18.24,18.27,17.91,17.94,18190.675
2025-03-13 18:00:00,17.94,18.36,17.94,18.29,13009.731
2025-03-13 19:00:00,18.29,18.43,18.1,18.16,9772.662
2025-03-13 20:00:00,18.16,18.24,17.92,17.96,21841.048
2025-03-13 21:00:00,17.96,18.04,17.74,17.95,44143.845
2025-03-13 22:00:00,17.95,18.61,17.94,18.59,7206.941
2025-03-13 23:00:00,18.59,18.9,18.47,18.5,12661.546
2025-03-14 00:00:00,18.5,18.79,18.47,18.68,14491.796
2025-03-14 01:00:00,18.68,18.83,18.55,18.63,4475.209
2025-03-14 02:00:00,18.63,18.85,18.6,18.82,5033.636
2025-03-14 03:00:00,18.82,18.9,18.68,18.76,6106.127
2025-03-14 04:00:00,18.76,18.88,18.67,18.7,8815.467
2025-03-14 05:00:00,18.7,18.7,18.57,18.65,8020.614
2025-03-14 06:00:00,18.65,18.68,18.49,18.55,5300.355
2025-03-14 07:00:00,18.55,18.74,18.49,18.66,23688.934
2025-03-14 08:00:00,18.66,19.13,18.66,18.81,16816.849
2025-03-14 09:00:00,18.81,18.89,18.66,18.67,5455.319
2025-03-14 10:00:00,18.67,18.78,18.59,18.67,3725.958
2025-03-14 11:00:00,18.67,18.85,18.64,18.76,2407.021
2025-03-14 12:00:00,18.76,18.8,18.57,18.69,4669.027
2025-03-14 13:00:00,18.69,18.86,18.55,18.74,7229.022
2025-03-14 14:00:00,18.74,18.95,18.53,18.88,30375.419
2025-03-14 15:00:00,18.88,19.29,18.88,19.0,26027.513
2025-03-14 16:00:00,19.0,19.09,18.78,18.97,9549.108
2025-03-14 17:00:00,18.97,19.05,18.83,18.89,4982.186
2025-03-14 18:00:00,18.89,19.07,18.78,19.07,6381.649
2025-03-14 19:00:00,19.07,19.31,18.87,18.99,12504.352
2025-03-14 20:00:00,18.99,19.1,18.57,18.86,124797.744
2025-03-14 21:00:00,18.86,18.86,18.66,18.81,23662.855
2025-03-14 22:00:00,18.81,18.95,18.76,18.92,8443.204
2025-03-14 23:00:00,18.92,18.92,18.53,18.57,14581.018
2025-03-15 00:00:00,18.57,18.67,18.44,18.59,12533.375
2025-03-15 01:00:00,18.59,18.62,18.374,18.48,18270.347
2025-03-15 02:00:00,18.48,18.59,18.38,18.55,5762.94
2025-03-15 03:00:00,18.55,18.65,18.52,18.63,11355.201
2025-03-15 04:00:00,18.63,18.84,18.55,18.79,12071.804
2025-03-15 05:00:00,18.79,18.88,18.71,18.76,11332.483
2025-03-15 06:00:00,18.76,18.89,18.63,18.7,10996.991
2025-03-15 07:00:00,18.7,18.81,18.5,18.62,32779.845
2025-03-15 08:00:00,18.62,18.65,18.43,18.59,38869.147
2025-03-15 09:00:00,18.59,18.63,18.47,18.57,17723.336
2025-03-15 10:00:00,18.57,18.58,18.45,18.52,3944.788
2025-03-15 11:00:00,18.52,18.62,18.45,18.56,6683.721
2025-03-15 12:00:00,18.56,18.66,18.5,18.55,7088.93
2025-03-15 13:00:00,18.55,18.73,18.54,18.66,10530.561
2025-03-15 14:00:00,18.66,18.66,18.43,18.47,8859.958
2025-03-15 15:00:00,18.47,18.61,18.45,18.55,28520.772
2025-03-15 16:00:00,18.55,18.71,18.47,18.59,9067.399
2025-03-15 17:00:00,18.59,18.71,18.58,18.68,6955.503
2025-03-15 18:00:00,18.68,18.76,18.532,18.58,10424.545
2025-03-15 19:00:00,18.58,18.62,18.48,18.62,7011.051
2025-03-15 20:00:00,18.62,19.268,18.62,19.06,76484.154
2025-03-15 21:00:00,19.06,19.3,18.99,19.13,37043.436
2025-03-15 22:00:00,19.13,19.41,19.12,19.28,15699.876
2025-03-15 23:00:00,19.28,19.48,19.28,19.39,9812.585
2025-03-16 00:00:00,19.39,19.43,19.16,19.18,10398.796
2025-03-16 01:00:00,19.18,19.39,19.05,19.06,11337.379
2025-03-16 02:00:00,19.06,19.18,18.97,19.16,5481.748
2025-03-16 03:00:00,19.16,19.73,19.16,19.7,17083.94
2025-03-16 04:00:00,19.7,19.85,19.6,19.7,11383.784
2025-03-16 05:00:00,19.7,19.81,19.55,19.6,15537.773
2025-03-16 06:00:00,19.6,19.62,19.42,19.42,5611.623
2025-03-16 07:00:00,19.42,19.49,19.28,19.36,7705.368
2025-03-16 08:00:00,19.36,19.41,19.25,19.29,3798.513
2025-03-16 09:00:00,19.29,19.31,19.01,19.02,10703.292
2025-03-16 10:00:00,19.02,19.11,18.76,18.77,18390.208
2025-03-16 11:00:00,18.77,18.77,18.33,18.41,19017.758
2025-03-16 12:00:00,18.41,18.7,18.39,18.56,6757.774
2025-03-16 13:00:00,18.56,18.66,18.17,18.24,11818.376
2025-03-16 14:00:00,18.24,18.54,18.22,18.51,13671.903
2025-03-16 15:00:00,18.51,18.57,18.36,18.48,9328.308
2025-03-16 16:00:00,18.48,19.07,18.43,18.72,66949.501
2025-03-16 17:00:00,18.72,18.85,18.63,18.76,7693.751
2025-03-16 18:00:00,18.76,18.78,18.56,18.59,9941.229
2025-03-16 19:00:00,18.59,18.6,18.22,18.32,15920.934
2025-03-16 20:00:00,18.32,18.43,18.26,18.4,5531.522
2025-03-16 21:00:00,18.4,18.47,18.3,18.36,5444.076
2025-03-16 22:00:00,18.36,18.4,18.17,18.19,8596.807
2025-03-16 23:00:00,18.19,18.35,18.12,18.26,7533.909
2025-03-17 00:00:00,18.26,18.6,18.23,18.53,8381.205
2025-03-17 01:00:00,18.53,18.65,18.45,18.58,8187.868
2025-03-17 02:00:00,18.58,18.72,18.53,18.63,5525.673
2025-03-17 03:00:00,18.63,18.74,18.57,18.63,2779.393
2025-03-17 04:00:00,18.63,18.73,18.58,18.61,4031.448
2025-03-17 05:00:00,18.61,18.63,18.49,18.49,8352.271
2025-03-17 06:00:00,18.49,18.53,18.26,18.44,8032.965
2025-03-17 07:00:00,18.44,18.64,18.43,18.61,7028.41
2025-03-17 08:00:00,18.61,18.67,18.41,18.59,7014.473
2025-03-17 09:00:00,18.59,18.68,18.53,18.62,5544.744
2025-03-17 10:00:00,18.62,18.66,18.52,18.64,2655.359
2025-03-17 11:00:00,18.64,18.74,18.55,18.61,4925.954
2025-03-17 12:00:00,18.61,18.82,18.45,18.47,31364.194
2025-03-17 13:00:00,18.47,18.59,18.34,18.41,10661.03
2025-03-17 14:00:00,18.41,18.48,18.24,18.3,13046.016
2025-03-17 15:00:00,18.3,18.51,18.2,18.47,11133.223
2025-03-17 16:00:00,18.47,18.62,18.39,18.45,9146.791
2025-03-17 17:00:00,18.45,18.78,18.43,18.71,12801.178
2025-03-17 18:00:00,18.71,19.03,18.7,19.03,17095.287
2025-03-17 19:00:00,19.03,19.1,18.92,18.94,5190.473
2025-03-17 20:00:00,18.94,18.99,18.76,18.82,10927.69
2025-03-17 21:00:00,18.82,18.91,18.72,18.84,5809.312
2025-03-17 22:00:00,18.84,18.94,18.83,18.85,4391.945
2025-03-17 23:00:00,18.85,18.88,18.71,18.82,2082.939
2025-03-18 00:00:00,18.82,18.93,18.72,18.8,6056.712
2025-03-18 01:00:00,18.8,18.95,18.5,18.55,14017.069
2025-03-18 02:00:00,18.55,18.75,18.51,18.71,9142.777
2025-03-18 03:00:00,18.71,18.72,18.4,18.57,9975.414
2025-03-18 04:00:00,18.57,18.75,18.55,18.69,7457.609
2025-03-18 05:00:00,18.69,19.0,18.69,18.96,12429.82
2025-03-18 06:00:00,18.96,19.03,18.45,18.5,15816.688
2025-03-18 07:00:00,18.5,18.91,18.47,18.83,7833.742
2025-03-18 08:00:00,18.83,19.21,18.81,19.12,16872.544
2025-03-18 09:00:00,19.12,19.27,18.95,18.98,11271.778
2025-03-18 10:00:00,18.98,19.13,18.88,18.99,11245.134
2025-03-18 11:00:00,18.99,19.06,18.72,18.8,10147.858
2025-03-18 12:00:00,18.8,18.9,18.65,18.71,8758.637
2025-03-18 13:00:00,18.71,18.8,18.39,18.48,16986.665
2025-03-18 14:00:00,18.48,18.75,18.37,18.72,11661.637
2025-03-18 15:00:00,18.72,18.72,18.41,18.43,11144.562
2025-03-18 16:00:00,18.43,18.72,18.34,18.55,14545.648
2025-03-18 17:00:00,18.55,18.6,18.36,18.4,9983.672
2025-03-18 18:00:00,18.4,18.54,18.33,18.46,5799.426
2025-03-18 19:00:00,18.46,18.69,18.41,18.66,8972.315
2025-03-18 20:00:00,18.66,18.71,18.52,18.63,5114.209
2025-03-18 21:00:00,18.63,18.65,18.46,18.51,17566.284
2025-03-18 22:00:00,18.51,18.83,18.5,18.79,10600.831
2025-03-18 23:00:00,18.79,19.08,18.79,18.98,13310.529
2025-03-19 00:00:00,18.98,19.2,18.96,19.1,11049.398
2025-03-19 01:00:00,19.1,19.19,18.87,18.87,10482.982
2025-03-19 02:00:00,18.87,19.05,18.84,19.03,3021.868
2025-03-19 03:00:00,19.03,19.23,19.0,19.2,4233.89
2025-03-19 04:00:00,19.2,19.25,19.1,19.13,7661.047
2025-03-19 05:00:00,19.13,19.33,19.05,19.21,11286.854
2025-03-19 06:00:00,19.21,19.23,19.09,19.16,5878.678
2025-03-19 07:00:00,19.16,19.16,18.91,18.91,6171.978
2025-03-19 08:00:00,18.91,19.11,18.9,19.11,8807.239
2025-03-19 09:00:00,19.11,19.17,18.99,19.11,7079.045
2025-03-19 10:00:00,19.11,19.33,19.03,19.2,14600.154
2025-03-19 11:00:00,19.2,19.66,19.19,19.54,22956.6
2025-03-19 12:00:00,19.54,19.64,19.31,19.37,17897.068
2025-03-19 13:00:00,19.37,19.69,19.31,19.61,34703.971
2025-03-19 14:00:00,19.61,19.82,19.51,19.71,23869.391
2025-03-19 15:00:00,19.71,19.95,19.67,19.86,14379.123
2025-03-19 16:00:00,19.86,19.9,19.64,19.75,16381.502
2025-03-19 17:00:00,19.75,19.75,19.43,19.64,21349.767
2025-03-19 18:00:00,19.64,20.1,19.47,20.02,52117.976
2025-03-19 19:00:00,20.02,20.08,19.48,19.58,36988.179
2025-03-19 20:00:00,19.58,19.71,19.39,19.47,14563.023
2025-03-19 21:00:00,19.47,19.6,19.41,19.41,8425.855
2025-03-19 22:00:00,19.41,19.66,19.41,19.57,7393.015
2025-03-19 23:00:00,19.57,19.79,19.53,19.73,6217.113
2025-03-20 00:00:00,19.73,19.86,19.4,19.41,17999.524
2025-03-20 01:00:00,19.41,19.5,19.28,19.34,5413.663
2025-03-20 02:00:00,19.34,19.4,19.25,19.37,4432.155
2025-03-20 03:00:00,19.37,19.38,19.27,19.28,3839.448
2025-03-20 04:00:00,19.28,19.3,19.14,19.19,4706.172
2025-03-20 05:00:00,19.19,19.24,19.11,19.23,5726.55
2025-03-20 06:00:00,19.23,19.29,19.1,19.17,16041.627
2025-03-20 07:00:00,19.17,19.23,19.09,19.14,6283.256
2025-03-20 08:00:00,19.14,19.33,19.08,19.3,6519.486
2025-03-20 09:00:00,19.3,19.3,19.06,19.1,4847.052
2025-03-20 10:00:00,19.1,19.1,18.75,18.79,11390.123
2025-03-20 11:00:00,18.79,18.89,18.77,18.84,3842.735
2025-03-20 12:00:00,18.84,18.95,18.75,18.92,11090.681
2025-03-20 13:00:00,18.92,18.97,18.81,18.88,6159.25
2025-03-20 14:00:00,18.88,19.18,18.88,19.18,10549.864
2025-03-20 15:00:00,19.18,19.19,18.76,18.77,15212.801
2025-03-20 16:00:00,18.77,18.87,18.41,18.52,25499.468
2025-03-20 17:00:00,18.52,18.67,18.47,18.64,6401.668
2025-03-20 18:00:00,18.64,18.76,18.61,18.62,3843.822
2025-03-20 19:00:00,18.62,18.77,18.6,18.72,4272.979
2025-03-20 20:00:00,18.72,18.79,18.67,18.77,3326.714
2025-03-20 21:00:00,18.77,18.8,18.68,18.7,2801.081
2025-03-20 22:00:00,18.7,18.75,18.65,18.68,7243.336
2025-03-20 23:00:00,18.68,18.76,18.62,18.75,5558.016
2025-03-21 00:00:00,18.75,18.96,18.73,18.96,6536.09
2025-03-21 01:00:00,18.96,19.12,18.92,19.11,4292.205
2025-03-21 02:00:00,19.11,19.12,18.95,19.01,2563.261
2025-03-21 03:00:00,19.01,19.01,18.81,18.81,4012.877
2025-03-21 04:00:00,18.81,18.98,18.8,18.94,3947.627
2025-03-21 05:00:00,18.94,19.006,18.84,19.006,6501.928
2025-03-21 06:00:00,19.006,19.02,18.87,18.94,5933.204
2025-03-21 07:00:00,18.94,18.94,18.69,18.75,5431.067
2025-03-21 08:00:00,18.75,18.88,18.61,18.66,7739.556
2025-03-21 09:00:00,18.66,18.77,18.55,18.62,6275.324
2025-03-21 10:00:00,18.62,18.67,18.44,18.57,10952.096
2025-03-21 11:00:00,18.57,18.59,18.44,18.52,5504.788
2025-03-21 12:00:00,18.52,18.64,18.38,18.41,7321.02
2025-03-21 13:00:00,18.41,18.59,18.34,18.55,11770.95
2025-03-21 14:00:00,18.55,18.62,18.42,18.61,5363.77
2025-03-21 15:00:00,18.61,18.63,18.43,18.48,3559.662
2025-03-21 16:00:00,18.48,18.67,18.4,18.66,7620.267
2025-03-21 17:00:00,18.66,18.85,18.6,18.77,7064.797
2025-03-21 18:00:00,18.77,18.9,18.68,18.82,9764.662
2025-03-21 19:00:00,18.82,18.9,18.79,18.9,8336.49
2025-03-21 20:00:00,18.9,19.16,18.87,19.14,9654.568
2025-03-21 21:00:00,19.14,19.5,19.14,19.23,22275.002
2025-03-21 22:00:00,19.23,19.32,19.1,19.16,8178.854
2025-03-21 23:00:00,19.16,19.23,19.11,19.18,5269.624
2025-03-22 00:00:00,19.18,19.4,19.16,19.3,10545.957
2025-03-22 01:00:00,19.3,19.4,19.12,19.13,6855.893
2025-03-22 02:00:00,19.13,19.28,19.09,19.25,5583.249
2025-03-22 03:00:00,19.25,19.33,19.22,19.3,7547.117
2025-03-22 04:00:00,19.3,19.46,19.3,19.43,3402.708
2025-03-22 05:00:00,19.43,19.49,19.37,19.4,5898.166
2025-03-22 06:00:00,19.4,19.48,19.36,19.43,6643.177
2025-03-22 07:00:00,19.43,19.49,19.36,19.37,4618.063
2025-03-22 08:00:00,19.37,19.47,19.33,19.39,5564.324
2025-03-22 09:00:00,19.39,19.64,19.39,19.52,9424.22
2025-03-22 10:00:00,19.52,19.61,19.52,19.57,3026.194
2025-03-22 11:00:00,19.57,19.6,19.42,19.45,3632.84
2025-03-22 12:00:00,19.45,19.49,19.39,19.44,4290.306
2025-03-22 13:00:00,19.44,19.46,19.31,19.42,4123.774
2025-03-22 14:00:00,19.42,19.43,19.27,19.3,5023.547
2025-03-22 15:00:00,19.3,19.57,19.3,19.55,4568.964
2025-03-22 16:00:00,19.55,19.6,19.48,19.53,5277.633
2025-03-22 17:00:00,19.53,19.6,19.48,19.55,6538.505
2025-03-22 18:00:00,19.55,19.63,19.52,19.59,8208.74
2025-03-22 19:00:00,19.59,19.71,19.57,19.65,8775.244
2025-03-22 20:00:00,19.65,19.74,19.62,19.63,6675.16
2025-03-22 21:00:00,19.63,19.69,19.51,19.52,6753.869
2025-03-22 22:00:00,19.52,19.6,19.46,19.47,4511.438
2025-03-22 23:00:00,19.47,19.49,19.33,19.43,6067.482
2025-03-23 00:00:00,19.43,19.47,19.35,19.37,3936.489
2025-03-23 01:00:00,19.37,19.58,19.33,19.55,6768.753
2025-03-23 02:00:00,19.55,19.68,19.47,19.68,4518.649
2025-03-23 03:00:00,19.68,19.72,19.57,19.72,4014.194
2025-03-23 04:00:00,19.72,19.72,19.54,19.56,3162.682
2025-03-23 05:00:00,19.56,19.58,19.47,19.54,3392.877
2025-03-23 06:00:00,19.54,19.62,19.49,19.61,7326.651
2025-03-23 07:00:00,19.61,19.68,19.56,19.58,6095.749
2025-03-23 08:00:00,19.58,19.62,19.52,19.53,4283.259
2025-03-23 09:00:00,19.53,19.58,19.49,19.53,3402.836
2025-03-23 10:00:00,19.53,19.61,19.48,19.57,4934.645
2025-03-23 11:00:00,19.57,19.79,19.57,19.63,7211.364
2025-03-23 12:00:00,19.63,19.7,19.52,19.56,5701.993
2025-03-23 13:00:00,19.56,19.65,19.47,19.63,7020.589
2025-03-23 14:00:00,19.63,19.67,19.45,19.45,4621.62
2025-03-23 15:00:00,19.45,19.55,19.44,19.49,8368.299
2025-03-23 16:00:00,19.49,19.6,19.42,19.52,16346.692
2025-03-23 17:00:00,19.52,19.638,19.39,19.46,7596.076
2025-03-23 18:00:00,19.46,19.48,19.31,19.43,6005.525
2025-03-23 19:00:00,19.43,19.51,19.38,19.49,4509.262
2025-03-23 20:00:00,19.49,19.57,19.45,19.47,2968.182
2025-03-23 21:00:00,19.47,19.47,19.35,19.43,3572.727
2025-03-23 22:00:00,19.43,19.63,19.43,19.54,19017.641
2025-03-23 23:00:00,19.54,19.85,19.54,19.82,27869.637
2025-03-24 00:00:00,19.82,20.29,19.78,20.18,60304.442
2025-03-24 01:00:00,20.18,20.26,19.98,20.12,56714.655
2025-03-24 02:00:00,20.12,20.57,20.11,20.49,68391.645
2025-03-24 03:00:00,20.49,21.18,20.45,21.16,96871.219
2025-03-24 04:00:00,21.16,21.55,21.15,21.51,74559.229
2025-03-24 05:00:00,21.51,21.69,21.45,21.57,88867.441
2025-03-24 06:00:00,21.57,21.84,21.55,21.59,53349.749
2025-03-24 07:00:00,21.59,21.69,21.48,21.53,40331.355
2025-03-24 08:00:00,21.53,21.92,21.51,21.8,38878.959
2025-03-24 09:00:00,21.8,21.94,21.75,21.89,27941.113
2025-03-24 10:00:00,21.89,21.93,21.77,21.78,24414.636
2025-03-24 11:00:00,21.78,21.87,21.67,21.69,13309.474
2025-03-24 12:00:00,21.69,21.99,21.54,21.91,26422.966
2025-03-24 13:00:00,21.91,21.96,21.77,21.86,20912.5
2025-03-24 14:00:00,21.86,22.14,21.61,21.63,41815.205
2025-03-24 15:00:00,21.63,21.71,21.43,21.53,19374.771
2025-03-24 16:00:00,21.53,21.58,21.25,21.36,13409.267
2025-03-24 17:00:00,21.36,21.52,21.35,21.41,7455.765
2025-03-24 18:00:00,21.41,21.45,21.3,21.44,12519.118
2025-03-24 19:00:00,21.44,21.52,21.35,21.39,5034.8
2025-03-24 20:00:00,21.39,21.5,21.27,21.3,8957.166
2025-03-24 21:00:00,21.3,21.44,21.26,21.36,4325.56
2025-03-24 22:00:00,21.36,21.39,21.24,21.3,6155.953
2025-03-24 23:00:00,21.3,21.5,21.28,21.49,7803.343
2025-03-25 00:00:00,21.49,21.68,21.4,21.67,8129.802
2025-03-25 01:00:00,21.67,21.68,21.36,21.46,10294.038
2025-03-25 02:00:00,21.46,21.57,21.39,21.41,8732.706
2025-03-25 03:00:00,21.41,21.51,21.33,21.36,7222.728
2025-03-25 04:00:00,21.36,21.62,21.29,21.59,8523.541
2025-03-25 05:00:00,21.59,21.79,21.51,21.7,15939.884
2025-03-25 06:00:00,21.7,21.86,21.66,21.82,9996.811
2025-03-25 07:00:00,21.82,21.93,21.74,21.86,9309.349
2025-03-25 08:00:00,21.86,22.06,21.85,22.03,19441.143
2025-03-25 09:00:00,22.03,22.17,21.92,22.05,10693.793
2025-03-25 10:00:00,22.05,22.2,21.93,22.15,20984.578
2025-03-25 11:00:00,22.15,22.41,22.15,22.34,17072.246
2025-03-25 12:00:00,22.34,22.49,22.14,22.17,19903.972
2025-03-25 13:00:00,22.17,22.6,22.15,22.43,22865.149
2025-03-25 14:00:00,22.43,22.67,22.35,22.65,18428.94
2025-03-25 15:00:00,22.65,22.81,22.45,22.49,17706.214
2025-03-25 16:00:00,22.49,22.76,22.44,22.57,14038.049
2025-03-25 17:00:00,22.57,22.98,22.57,22.91,13105.526
2025-03-25 18:00:00,22.91,23.08,22.83,23.02,15580.53
2025-03-25 19:00:00,23.02,23.23,22.92,23.05,17821.119
2025-03-25 20:00:00,23.05,23.45,23.02,23.31,23822.563
2025-03-25 21:00:00,23.31,23.45,23.03,23.13,17974.346
2025-03-25 22:00:00,23.13,23.17,22.79,22.92,9425.386
2025-03-25 23:00:00,22.92,22.94,22.76,22.9,5204.206
2025-03-26 00:00:00,22.9,23.23,22.88,23.08,13793.641
2025-03-26 01:00:00,23.08,23.19,22.94,23.15,5501.567
2025-03-26 02:00:00,23.15,23.15,22.75,22.76,14747.006
2025-03-26 03:00:00,22.76,22.83,22.56,22.59,11184.825
2025-03-26 04:00:00,22.59,22.74,22.59,22.66,4914.468
2025-03-26 05:00:00,22.66,22.76,22.55,22.7,12145.797
2025-03-26 06:00:00,22.7,22.79,22.56,22.73,6611.469
2025-03-26 07:00:00,22.73,22.88,22.64,22.85,8442.535
2025-03-26 08:00:00,22.85,22.9,22.73,22.73,5945.531
2025-03-26 09:00:00,22.73,22.81,22.64,22.68,4637.487
2025-03-26 10:00:00,22.68,22.86,22.67,22.81,5080.793
2025-03-26 11:00:00,22.81,22.97,22.78,22.85,8571.036
2025-03-26 12:00:00,22.85,22.88,22.54,22.67,11314.564
2025-03-26 13:00:00,22.67,22.67,22.22,22.23,11321.485
2025-03-26 14:00:00,22.23,22.39,21.96,22.18,19658.73
2025-03-26 15:00:00,22.18,22.28,22.09,22.16,4970.456
2025-03-26 16:00:00,22.16,22.47,22.13,22.22,7517.347
2025-03-26 17:00:00,22.22,22.23,22.0,22.09,9328.444
2025-03-26 18:00:00,22.09,22.14,21.87,21.98,32710.037
2025-03-26 19:00:00,21.98,22.15,21.84,22.08,16897.088
2025-03-26 20:00:00,22.08,22.3,22.05,22.18,8855.587
2025-03-26 21:00:00,22.18,22.19,21.85,22.11,13789.352
2025-03-26 22:00:00,22.11,22.14,21.93,22.03,8796.917
2025-03-26 23:00:00,22.03,22.12,21.95,22.05,9513.886
2025-03-27 00:00:00,22.05,22.27,22.0,22.26,12988.887
2025-03-27 01:00:00,22.26,22.29,22.1,22.23,10736.673
2025-03-27 02:00:00,22.23,22.38,22.21,22.28,9919.278
2025-03-27 03:00:00,22.28,22.29,22.15,22.17,6945.999
2025-03-27 04:00:00,22.17,22.19,22.02,22.04,6839.011
2025-03-27 05:00:00,22.04,22.09,21.96,21.98,7796.32
2025-03-27 06:00:00,21.98,22.15,21.92,22.05,8302.795
2025-03-27 07:00:00,22.05,22.13,22.0,22.08,6802.311
2025-03-27 08:00:00,22.08,22.12,21.87,21.97,14246.09
2025-03-27 09:00:00,21.97,22.07,21.86,22.02,12682.762
2025-03-27 10:00:00,22.02,22.21,21.99,21.99,19982.1
2025-03-27 11:00:00,21.99,22.09,21.82,21.88,18235.414
2025-03-27 12:00:00,21.88,22.05,21.76,22.01,27924.843
2025-03-27 13:00:00,22.01,22.05,21.64,21.89,26055.623
2025-03-27 14:00:00,21.89,22.29,21.83,22.28,21421.513
2025-03-27 15:00:00,22.28,22.28,21.87,21.92,18197.221
2025-03-27 16:00:00,21.92,22.04,21.9,21.92,4009.681
2025-03-27 17:00:00,21.92,22.02,21.83,21.83,8224.087
2025-03-27 18:00:00,21.83,22.13,21.81,22.05,6909.885
2025-03-27 19:00:00,22.05,22.11,21.98,22.0,4584.876
2025-03-27 20:00:00,22.0,22.07,21.92,22.06,6564.298
2025-03-27 21:00:00,22.06,22.24,22.03,22.18,9110.566
2025-03-27 22:00:00,22.18,22.19,22.03,22.05,2927.512
2025-03-27 23:00:00,22.05,22.09,21.97,22.02,7962.603
2025-03-28 00:00:00,22.02,22.19,21.95,22.16,6463.219
2025-03-28 01:00:00,22.16,22.18,21.99,22.04,14430.26
2025-03-28 02:00:00,22.04,22.09,21.81,21.82,4710.084
2025-03-28 03:00:00,21.82,21.82,21.65,21.78,4349.756
2025-03-28 04:00:00,21.78,21.81,21.27,21.44,38793.519
2025-03-28 05:00:00,21.44,21.54,21.15,21.18,29383.404
2025-03-28 06:00:00,21.18,21.31,21.01,21.04,17745.073
2025-03-28 07:00:00,21.04,21.12,20.67,20.71,36184.613
2025-03-28 08:00:00,20.71,20.81,20.59,20.67,9044.255
2025-03-28 09:00:00,20.67,20.69,20.43,20.45,5770.366
2025-03-28 10:00:00,20.45,20.6,20.34,20.36,12551.618
2025-03-28 11:00:00,20.36,20.61,20.18,20.56,187011.103
2025-03-28 12:00:00,20.56,20.64,20.29,20.31,30299.594
2025-03-28 13:00:00,20.31,20.47,20.15,20.16,14119.897
2025-03-28 14:00:00,20.16,20.31,20.06,20.21,15226.906
2025-03-28 15:00:00,20.21,20.23,19.97,19.98,17417.942
2025-03-28 16:00:00,19.98,20.02,19.77,19.82,18386.98
2025-03-28 17:00:00,19.82,19.98,19.81,19.9,6427.298
2025-03-28 18:00:00,19.9,19.97,19.83,19.9,6141.41
2025-03-28 19:00:00,19.9,19.95,19.79,19.81,6851.297
2025-03-28 20:00:00,19.81,19.98,19.78,19.83,16161.952
2025-03-28 21:00:00,19.83,20.24,19.8,20.18,9494.527
2025-03-28 22:00:00,20.18,20.61,20.16,20.6,13996.45
2025-03-28 23:00:00,20.6,20.6,20.36,20.37,8590.873
2025-03-29 00:00:00,20.37,20.54,20.34,20.4,10919.066
2025-03-29 01:00:00,20.4,20.43,20.25,20.29,8544.949
2025-03-29 02:00:00,20.29,20.35,20.15,20.18,9388.681
2025-03-29 03:00:00,20.18,20.51,20.07,20.43,15427.94
2025-03-29 04:00:00,20.43,20.52,20.3,20.35,4519.848
2025-03-29 05:00:00,20.35,20.36,20.15,20.23,10796.067
2025-03-29 06:00:00,20.23,20.23,20.03,20.11,7262.417
2025-03-29 07:00:00,20.11,20.15,19.8,19.88,22291.852
2025-03-29 08:00:00,19.88,20.17,19.81,20.13,7060.431
2025-03-29 09:00:00,20.13,20.15,19.84,20.06,21681.879
2025-03-29 10:00:00,20.06,20.07,19.89,19.91,11549.905
2025-03-29 11:00:00,19.91,20.02,19.65,19.86,29648.853
2025-03-29 12:00:00,19.86,20.14,19.82,20.14,11254.063
2025-03-29 13:00:00,20.14,20.32,20.11,20.28,11326.71
2025-03-29 14:00:00,20.28,20.29,19.95,20.01,59413.209
2025-03-29 15:00:00,20.01,20.14,19.98,19.99,4939.061
2025-03-29 16:00:00,19.99,20.05,19.87,19.9,19238.638
2025-03-29 17:00:00,19.9,20.06,19.67,19.83,36630.529
2025-03-29 18:00:00,19.83,19.99,19.76,19.8,16885.31
2025-03-29 19:00:00,19.8,19.89,19.67,19.87,20095.386
2025-03-29 20:00:00,19.87,19.9,19.62,19.63,13926.868
2025-03-29 21:00:00,19.63,19.77,19.52,19.64,17186.567
2025-03-29 22:00:00,19.64,19.69,19.5,19.51,5763.814
2025-03-29 23:00:00,19.51,19.71,19.46,19.59,14844.605
2025-03-30 00:00:00,19.59,19.63,19.37,19.57,12286.714
2025-03-30 01:00:00,19.57,19.8,19.56,19.65,17788.266
2025-03-30 02:00:00,19.65,19.88,19.64,19.82,21674.393
2025-03-30 03:00:00,19.82,19.91,19.64,19.66,17745.209
2025-03-30 04:00:00,19.66,19.75,19.6,19.62,8729.317
2025-03-30 05:00:00,19.62,19.68,19.45,19.46,13872.401
2025-03-30 06:00:00,19.46,19.58,19.35,19.52,18468.052
2025-03-30 07:00:00,19.52,19.64,19.44,19.44,8061.648
2025-03-30 08:00:00,19.44,19.62,19.42,19.6,12619.756
2025-03-30 09:00:00,19.6,19.71,19.53,19.55,14319.401
2025-03-30 10:00:00,19.55,19.58,19.23,19.24,26938.662
2025-03-30 11:00:00,19.24,19.42,19.18,19.35,12637.175
2025-03-30 12:00:00,19.35,19.47,19.27,19.38,7384.993
2025-03-30 13:00:00,19.38,19.38,19.07,19.08,21554.03
2025-03-30 14:00:00,19.08,19.34,19.04,19.32,14335.885
2025-03-30 15:00:00,19.32,19.46,19.28,19.29,18015.145
2025-03-30 16:00:00,19.29,19.39,19.02,19.04,14715.513
2025-03-30 17:00:00,19.04,19.12,19.0,19.05,9460.284
2025-03-30 18:00:00,19.05,19.28,19.04,19.27,9793.109
2025-03-30 19:00:00,19.27,19.38,19.1,19.12,12869.786
2025-03-30 20:00:00,19.12,19.15,19.03,19.06,12434.595
2025-03-30 21:00:00,19.06,19.16,18.85,18.94,11622.372
2025-03-30 22:00:00,18.94,19.11,18.7,18.98,21109.722
2025-03-30 23:00:00,18.98,18.99,18.74,18.86,8331.461
2025-03-31 00:00:00,18.86,18.88,18.47,18.61,16812.899
2025-03-31 01:00:00,18.61,18.98,18.59,18.92,19652.984
2025-03-31 02:00:00,18.92,19.02,18.77,18.88,8970.524
2025-03-31 03:00:00,18.88,18.95,18.61,18.63,16675.588
2025-03-31 04:00:00,18.63,18.8,18.51,18.74,22029.785
2025-03-31 05:00:00,18.74,18.94,18.73,18.77,21398.885
2025-03-31 06:00:00,18.77,18.83,18.62,18.66,11319.1
2025-03-31 07:00:00,18.66,18.78,18.44,18.56,14606.058
2025-03-31 08:00:00,18.56,18.72,18.41,18.43,15637.526
2025-03-31 09:00:00,18.43,18.51,18.19,18.27,26045.257
2025-03-31 10:00:00,18.27,18.62,18.18,18.58,20870.64
2025-03-31 11:00:00,18.58,18.72,18.47,18.64,11023.761
2025-03-31 12:00:00,18.64,19.03,18.51,18.88,30128.628
2025-03-31 13:00:00,18.88,18.9,18.42,18.66,26221.019
2025-03-31 14:00:00,18.66,19.02,18.66,18.97,30571.575
2025-03-31 15:00:00,18.97,19.11,18.94,18.97,22616.504
2025-03-31 16:00:00,18.97,19.05,18.83,18.83,26412.045
2025-03-31 17:00:00,18.83,18.95,18.65,18.73,12199.33
2025-03-31 18:00:00,18.73,18.97,18.72,18.82,11767.466
2025-03-31 19:00:00,18.82,18.91,18.63,18.64,7138.711
2025-03-31 20:00:00,18.64,18.84,18.64,18.7,8638.798
2025-03-31 21:00:00,18.7,18.85,18.7,18.72,6597.345
2025-03-31 22:00:00,18.72,18.73,18.61,18.73,6555.768
2025-03-31 23:00:00,18.73,18.86,18.72,18.78,6154.948
2025-04-01 00:00:00,18.78,18.92,18.74,18.84,15958.449
2025-04-01 01:00:00,18.84,18.86,18.72,18.78,6289.734
2025-04-01 02:00:00,18.78,19.09,18.76,19.08,8416.187
2025-04-01 03:00:00,19.08,19.18,18.98,19.02,10538.93
2025-04-01 04:00:00,19.02,19.08,18.97,19.06,2798.899
2025-04-01 05:00:00,19.06,19.32,19.03,19.22,15163.892
2025-04-01 06:00:00,19.22,19.54,19.17,19.39,22602.023
2025-04-01 07:00:00,19.39,19.48,19.2,19.2,11587.815
2025-04-01 08:00:00,19.2,19.58,19.15,19.57,31704.925
2025-04-01 09:00:00,19.57,19.73,19.55,19.66,31415.086
2025-04-01 10:00:00,19.66,19.69,19.47,19.48,18279.497
2025-04-01 11:00:00,19.48,19.57,19.37,19.4,17811.823
2025-04-01 12:00:00,19.4,19.5,19.31,19.37,6967.989
2025-04-01 13:00:00,19.37,19.52,19.31,19.39,11163.694
2025-04-01 14:00:00,19.39,19.54,18.98,19.47,40820.444
2025-04-01 15:00:00,19.47,19.94,19.47,19.85,23586.432
2025-04-01 16:00:00,19.85,19.95,19.65,19.68,13651.594
2025-04-01 17:00:00,19.68,19.73,19.59,19.6,8254.943
2025-04-01 18:00:00,19.6,19.61,19.34,19.43,11686.39
2025-04-01 19:00:00,19.43,19.47,19.35,19.45,6037.264
2025-04-01 20:00:00,19.45,19.54,19.31,19.52,8013.879
2025-04-01 21:00:00,19.52,19.64,19.46,19.57,8396.717
2025-04-01 22:00:00,19.57,19.76,19.56,19.67,7297.525
2025-04-01 23:00:00,19.67,19.93,19.56,19.82,67776.071
2025-04-02 00:00:00,19.82,19.84,19.47,19.5,28034.973
2025-04-02 01:00:00,19.5,19.54,19.37,19.44,16400.203
2025-04-02 02:00:00,19.44,19.46,19.14,19.24,12177.827
2025-04-02 03:00:00,19.24,19.39,19.22,19.22,8078.592
2025-04-02 04:00:00,19.22,19.29,19.12,19.17,17042.888
2025-04-02 05:00:00,19.17,19.17,18.81,18.84,17714.167
2025-04-02 06:00:00,18.84,18.99,18.8,18.86,6434.086
2025-04-02 07:00:00,18.86,19.69,18.86,19.06,110904.97
2025-04-02 08:00:00,19.06,19.31,18.93,19.26,15102.815
2025-04-02 09:00:00,19.26,19.58,19.26,19.45,21446.63
2025-04-02 10:00:00,19.45,19.53,19.3,19.31,12465.107
2025-04-02 11:00:00,19.31,19.41,19.21,19.22,8037.885
2025-04-02 12:00:00,19.22,19.26,19.04,19.26,10029.911
2025-04-02 13:00:00,19.26,19.43,18.94,19.17,23107.614
2025-04-02 14:00:00,19.17,19.31,19.09,19.28,26487.445
2025-04-02 15:00:00,19.28,19.85,19.25,19.61,60064.452
2025-04-02 16:00:00,19.61,19.84,19.61,19.73,20282.124
2025-04-02 17:00:00,19.73,19.77,19.2,19.3,33613.12
2025-04-02 18:00:00,19.3,19.48,19.22,19.39,28867.206
2025-04-02 19:00:00,19.39,19.49,19.3,19.43,41029.546
2025-04-02 20:00:00,19.43,19.91,19.01,19.33,181596.44
2025-04-02 21:00:00,19.33,19.39,18.8,18.93,38747.343
2025-04-02 22:00:00,18.93,18.93,17.84,17.89,61437.694
2025-04-02 23:00:00,17.89,18.14,17.77,17.98,48594.281
2025-04-03 00:00:00,17.98,18.35,17.88,18.35,31565.329
2025-04-03 01:00:00,18.35,18.62,18.29,18.58,35676.697
2025-04-03 02:00:00,18.58,18.85,18.51,18.84,16653.322
2025-04-03 03:00:00,18.84,18.84,18.69,18.77,5561.718
2025-04-03 04:00:00,18.77,18.98,18.65,18.95,9311.213
2025-04-03 05:00:00,18.95,18.98,18.66,18.66,11766.887
2025-04-03 06:00:00,18.66,18.74,18.39,18.42,25608.29
2025-04-03 07:00:00,18.42,18.5,18.21,18.38,12216.121
2025-04-03 08:00:00,18.38,18.5,18.36,18.44,18946.693
2025-04-03 09:00:00,18.44,18.47,18.28,18.29,10864.644
2025-04-03 10:00:00,18.29,18.35,18.03,18.03,12682.993
2025-04-03 11:00:00,18.03,18.19,17.98,18.09,9287.964
2025-04-03 12:00:00,18.09,18.14,17.61,17.62,24495.86
2025-04-03 13:00:00,17.62,18.19,17.58,18.17,34542.669
2025-04-03 14:00:00,18.17,18.17,17.76,17.76,37311.563
2025-04-03 15:00:00,17.76,18.08,17.75,17.96,33258.962
2025-04-03 16:00:00,17.96,18.09,17.84,17.86,13712.662
2025-04-03 17:00:00,17.86,17.99,17.85,17.89,12829.854
2025-04-03 18:00:00,17.89,18.27,17.86,18.13,29621.225
2025-04-03 19:00:00,18.13,18.21,17.96,18.01,16908.608
2025-04-03 20:00:00,18.01,18.12,17.87,18.06,7794.886
2025-04-03 21:00:00,18.06,18.27,18.05,18.22,9115.033
2025-04-03 22:00:00,18.22,18.25,18.07,18.12,7163.563
2025-04-03 23:00:00,18.12,18.2,18.02,18.15,6228.233
2025-04-04 00:00:00,18.15,18.27,18.05,18.08,6962.575
2025-04-04 01:00:00,18.08,18.21,17.91,17.95,11204.591
2025-04-04 02:00:00,17.95,18.21,17.95,18.14,4611.31
2025-04-04 03:00:00,18.14,18.15,17.97,18.03,4581.934
2025-04-04 04:00:00,18.03,18.13,17.97,18.04,5006.862
2025-04-04 05:00:00,18.04,18.36,17.97,18.34,10405.278
2025-04-04 06:00:00,18.34,18.49,18.34,18.37,14044.07
2025-04-04 07:00:00,18.37,18.61,18.36,18.61,12563.345
2025-04-04 08:00:00,18.61,18.78,18.55,18.61,13069.548
2025-04-04 09:00:00,18.61,18.61,18.5,18.59,11449.64
2025-04-04 10:00:00,18.59,18.6,17.89,17.92,42191.779
2025-04-04 11:00:00,17.92,17.99,17.62,17.88,23127.417
2025-04-04 12:00:00,17.88,18.13,17.8,18.1,32269.109
2025-04-04 13:00:00,18.1,18.26,17.82,18.18,24949.009
2025-04-04 14:00:00,18.18,18.22,17.86,18.05,20382.895
2025-04-04 15:00:00,18.05,18.47,17.97,17.99,197950.182
2025-04-04 16:00:00,17.99,18.1,17.71,17.9,279309.45
2025-04-04 17:00:00,17.9,18.35,17.76,18.2,59010.775
2025-04-04 18:00:00,18.2,18.24,17.98,18.02,18708.082
2025-04-04 19:00:00,18.02,18.22,17.98,18.11,49382.481
2025-04-04 20:00:00,18.11,18.27,18.02,18.2,11514.116
2025-04-04 21:00:00,18.2,18.35,18.14,18.25,7650.8
2025-04-04 22:00:00,18.25,18.33,18.16,18.18,5168.043
2025-04-04 23:00:00,18.18,18.22,18.15,18.19,3303.884
2025-04-05 00:00:00,18.19,18.27,18.1,18.25,4080.884
2025-04-05 01:00:00,18.25,18.38,18.24,18.29,5280.031
2025-04-05 02:00:00,18.29,18.3,18.17,18.19,3833.663
2025-04-05 03:00:00,18.19,18.2,18.1,18.11,3098.067
2025-04-05 04:00:00,18.11,18.19,18.06,18.07,3391.384
2025-04-05 05:00:00,18.07,18.16,18.05,18.09,5022.96
2025-04-05 06:00:00,18.09,18.17,18.06,18.13,5276.419
2025-04-05 07:00:00,18.13,18.23,18.08,18.2,6083.883
2025-04-05 08:00:00,18.2,18.25,18.13,18.2,5418.695
2025-04-05 09:00:00,18.2,18.33,18.2,18.32,7811.415
2025-04-05 10:00:00,18.32,18.35,18.24,18.27,3746.21
2025-04-05 11:00:00,18.27,18.29,18.19,18.24,4533.997
2025-04-05 12:00:00,18.24,18.3,18.06,18.1,13361.943
2025-04-05 13:00:00,18.1,18.12,17.9,17.91,12336.339
2025-04-05 14:00:00,17.91,18.02,17.9,17.96,4580.211
2025-04-05 15:00:00,17.96,17.96,17.77,17.85,6434.686
2025-04-05 16:00:00,17.85,17.93,17.83,17.87,6416.462
2025-04-05 17:00:00,17.87,17.94,17.82,17.86,5058.139
2025-04-05 18:00:00,17.86,17.97,17.83,17.96,4451.422
2025-04-05 19:00:00,17.96,17.99,17.84,17.86,5535.146
2025-04-05 20:00:00,17.86,17.9,17.7,17.82,19366.363
2025-04-05 21:00:00,17.82,17.87,17.76,17.79,4096.802
2025-04-05 22:00:00,17.79,17.86,17.72,17.86,22163.996
2025-04-05 23:00:00,17.86,17.94,17.81,17.89,3110.8
2025-04-06 00:00:00,17.89,17.92,17.77,17.79,17698.182
2025-04-06 01:00:00,17.79,17.79,17.63,17.63,135990.673
2025-04-06 02:00:00,17.63,17.66,17.39,17.4,32477.328
2025-04-06 03:00:00,17.4,17.47,17.33,17.39,14738.794
2025-04-06 04:00:00,17.39,17.42,17.3,17.4,14795.502
2025-04-06 05:00:00,17.4,17.5,17.33,17.47,13279.076
2025-04-06 06:00:00,17.47,17.49,17.23,17.23,19422.334
2025-04-06 07:00:00,17.23,17.29,17.18,17.19,25495.583
2025-04-06 08:00:00,17.19,17.36,17.14,17.35,19446.143
2025-04-06 09:00:00,17.35,17.35,17.27,17.3,9931.746
2025-04-06 10:00:00,17.3,17.3,17.17,17.2,13438.618
2025-04-06 11:00:00,17.2,17.24,17.08,17.17,92353.519
2025-04-06 12:00:00,17.17,17.21,17.06,17.08,31403.342
2025-04-06 13:00:00,17.08,17.13,16.87,16.89,25406.983
2025-04-06 14:00:00,16.89,17.16,16.84,17.16,11567.75
2025-04-06 15:00:00,17.16,17.31,17.09,17.31,21688.027
2025-04-06 16:00:00,17.31,17.31,17.09,17.13,37581.575
2025-04-06 17:00:00,17.13,17.16,16.65,16.69,40490.42
2025-04-06 18:00:00,16.69,16.7,16.14,16.31,55966.459
2025-04-06 19:00:00,16.31,16.47,16.18,16.4,34731.329
2025-04-06 20:00:00,16.4,16.46,15.95,16.02,39860.683
2025-04-06 21:00:00,16.02,16.28,16.0,16.16,19326.195
2025-04-06 22:00:00,16.16,16.37,15.97,15.99,21866.299
2025-04-06 23:00:00,15.99,16.09,15.62,16.04,56483.493
2025-04-07 00:00:00,16.04,16.09,15.76,15.96,19304.752
2025-04-07 01:00:00,15.96,16.44,15.96,16.25,29506.187
2025-04-07 02:00:00,16.25,16.28,16.01,16.06,10153.784
2025-04-07 03:00:00,16.06,16.1,15.45,15.74,26950.3
2025-04-07 04:00:00,15.74,15.91,15.62,15.9,15913.371
2025-04-07 05:00:00,15.9,16.11,15.8,15.86,16874.211
2025-04-07 06:00:00,15.86,16.0,14.67,14.82,103806.344
2025-04-07 07:00:00,14.82,15.01,14.68,14.84,25560.29
2025-04-07 08:00:00,14.84,15.46,14.71,15.32,167119.025
2025-04-07 09:00:00,15.32,15.66,15.12,15.37,45945.732
2025-04-07 10:00:00,15.37,15.78,15.35,15.56,30435.968
2025-04-07 11:00:00,15.56,15.73,15.34,15.45,18463.841
2025-04-07 12:00:00,15.45,15.94,15.36,15.85,52710.118
2025-04-07 13:00:00,15.85,16.34,15.43,16.25,103277.846
2025-04-07 14:00:00,16.25,17.11,16.12,16.51,231351.879
2025-04-07 15:00:00,16.51,16.64,16.24,16.44,85922.955
2025-04-07 16:00:00,16.44,16.51,16.14,16.16,33291.747
2025-04-07 17:00:00,16.16,17.21,16.16,17.11,132571.653
2025-04-07 18:00:00,17.11,17.12,16.75,16.76,35760.968
2025-04-07 19:00:00,16.76,16.93,16.62,16.64,31705.216
2025-04-07 20:00:00,16.64,16.98,16.62,16.89,17548.541
2025-04-07 21:00:00,16.89,16.91,16.64,16.76,10930.715
2025-04-07 22:00:00,16.76,16.93,16.75,16.92,6867.281
2025-04-07 23:00:00,16.92,16.93,16.63,16.68,8228.5
2025-04-08 00:00:00,16.68,16.95,16.68,16.74,18769.052
2025-04-08 01:00:00,16.74,17.27,16.7,17.26,14765.997
2025-04-08 02:00:00,17.26,17.34,17.05,17.1,31130.376
2025-04-08 03:00:00,17.1,17.3,17.07,17.17,18367.225
2025-04-08 04:00:00,17.17,17.44,17.14,17.39,14638.56
2025-04-08 05:00:00,17.39,17.45,17.25,17.36,23595.88
2025-04-08 06:00:00,17.36,17.36,17.08,17.1,23081.806
2025-04-08 07:00:00,17.1,17.16,16.96,17.04,15258.226
2025-04-08 08:00:00,17.04,17.06,16.88,16.98,11374.508
2025-04-08 09:00:00,16.98,17.06,16.89,16.91,6353.463
2025-04-08 10:00:00,16.91,17.06,16.84,16.93,7463.278
2025-04-08 11:00:00,16.93,17.53,16.93,17.49,19751.065
2025-04-08 12:00:00,17.49,17.59,17.24,17.34,75542.296
2025-04-08 13:00:00,17.34,17.68,17.32,17.6,125042.512
2025-04-08 14:00:00,17.6,17.74,17.2,17.22,72289.675
2025-04-08 15:00:00,17.22,17.3,17.08,17.14,42255.338
2025-04-08 16:00:00,17.14,17.2,16.6,16.68,94751.442
2025-04-08 17:00:00,16.68,16.68,16.27,16.5,124148.743
2025-04-08 18:00:00,16.5,16.55,16.3,16.33,86665.823
2025-04-08 19:00:00,16.33,16.37,15.99,16.04,98856.303
2025-04-08 20:00:00,16.04,16.29,15.95,16.18,39707.025
2025-04-08 21:00:00,16.18,16.24,16.0,16.2,26683.528
2025-04-08 22:00:00,16.2,16.2,15.93,16.1,60395.424
2025-04-08 23:00:00,16.1,16.15,15.97,16.15,45127.52
2025-04-09 00:00:00,16.15,16.26,16.03,16.11,95483.973
2025-04-09 01:00:00,16.11,16.2,15.6,16.19,142587.197
2025-04-09 02:00:00,16.19,16.4,16.04,16.06,85542.195
2025-04-09 03:00:00,16.06,16.14,15.96,16.06,73271.958
2025-04-09 04:00:00,16.06,16.45,16.0,16.35,93153.828
2025-04-09 05:00:00,16.35,16.73,16.33,16.61,66855.098
2025-04-09 06:00:00,16.61,16.75,16.53,16.54,58057.601
2025-04-09 07:00:00,16.54,16.86,16.54,16.71,79963.851
2025-04-09 08:00:00,16.71,16.79,16.6,16.65,11546.51
2025-04-09 09:00:00,16.65,16.7,16.52,16.6,8580.656
2025-04-09 10:00:00,16.6,16.61,16.32,16.53,13147.712
2025-04-09 11:00:00,16.53,16.53,16.11,16.19,36178.162
2025-04-09 12:00:00,16.19,16.3,15.97,16.19,17020.184
2025-04-09 13:00:00,16.19,16.61,16.14,16.48,32292.078
2025-04-09 14:00:00,16.48,16.86,16.37,16.67,338571.841
2025-04-09 15:00:00,16.67,16.95,16.64,16.84,147337.885
2025-04-09 16:00:00,16.84,17.43,16.76,17.4,257551.931
2025-04-09 17:00:00,17.4,18.93,17.26,18.86,264665.658
2025-04-09 18:00:00,18.86,18.93,18.22,18.23,101487.229
2025-04-09 19:00:00,18.23,18.64,18.22,18.55,43615.67
2025-04-09 20:00:00,18.55,18.63,18.41,18.62,34720.72
2025-04-09 21:00:00,18.62,18.71,18.5,18.66,33004.089
2025-04-09 22:00:00,18.66,18.7,18.54,18.55,17229.668
2025-04-09 23:00:00,18.55,18.59,18.42,18.45,10776.284
2025-04-10 00:00:00,18.45,18.46,18.2,18.31,18686.673
2025-04-10 01:00:00,18.31,18.36,18.16,18.23,10197.842
2025-04-10 02:00:00,18.23,18.32,18.15,18.19,10174.67
2025-04-10 03:00:00,18.19,18.19,17.81,18.04,27809.615
2025-04-10 04:00:00,18.04,18.17,17.96,18.17,14993.674
2025-04-10 05:00:00,18.17,18.33,18.13,18.27,24404.181
2025-04-10 06:00:00,18.27,18.36,18.15,18.29,14756.556
2025-04-10 07:00:00,18.29,18.33,18.03,18.05,14852.891
2025-04-10 08:00:00,18.05,18.13,17.97,18.08,13657.821
2025-04-10 09:00:00,18.08,18.16,17.98,18.07,14888.39
2025-04-10 10:00:00,18.07,18.08,17.9,17.97,17081.968
2025-04-10 11:00:00,17.97,18.05,17.9,18.02,7518.354
2025-04-10 12:00:00,18.02,18.39,17.95,18.14,67791.642
2025-04-10 13:00:00,18.14,18.33,18.03,18.09,27916.72
2025-04-10 14:00:00,18.09,18.39,18.0,18.23,19176.151
2025-04-10 15:00:00,18.23,18.28,17.57,17.68,36857.818
2025-04-10 16:00:00,17.68,17.95,17.59,17.94,29432.952
2025-04-10 17:00:00,17.94,18.03,17.8,17.93,16776.985
2025-04-10 18:00:00,17.93,18.26,17.92,18.16,10462.807
2025-04-10 19:00:00,18.16,18.25,18.04,18.11,18145.063
2025-04-10 20:00:00,18.11,18.43,18.11,18.36,11258.965
2025-04-10 21:00:00,18.36,18.43,18.22,18.27,8917.219
2025-04-10 22:00:00,18.27,18.35,18.2,18.2,7871.928
2025-04-10 23:00:00,18.2,18.35,18.17,18.32,8603.055
2025-04-11 00:00:00,18.32,18.61,18.32,18.4,15659.099
2025-04-11 01:00:00,18.4,18.58,18.31,18.52,19396.958
2025-04-11 02:00:00,18.52,18.67,18.45,18.47,8632.469
2025-04-11 03:00:00,18.47,18.56,18.43,18.55,14375.469
2025-04-11 04:00:00,18.55,18.6,18.44,18.53,6198.951
2025-04-11 05:00:00,18.53,18.56,18.45,18.51,14269.883
2025-04-11 06:00:00,18.51,18.66,18.5,18.61,15594.829
2025-04-11 07:00:00,18.61,18.62,18.45,18.55,11460.99
2025-04-11 08:00:00,18.55,18.68,18.45,18.49,18175.318
2025-04-11 09:00:00,18.49,18.76,18.41,18.68,24162.924
2025-04-11 10:00:00,18.68,18.98,18.56,18.86,27466.32
2025-04-11 11:00:00,18.86,18.97,18.74,18.86,100499.112
2025-04-11 12:00:00,18.86,19.19,18.77,19.19,56127.387
2025-04-11 13:00:00,19.19,19.42,18.93,19.12,41197.638
2025-04-11 14:00:00,19.12,19.53,18.95,19.44,54655.565
2025-04-11 15:00:00,19.44,19.55,19.18,19.2,33389.984
2025-04-11 16:00:00,19.2,19.35,19.1,19.29,19686.336
2025-04-11 17:00:00,19.29,19.51,19.23,19.43,22263.795
2025-04-11 18:00:00,19.43,19.57,19.23,19.24,24023.281
2025-04-11 19:00:00,19.24,19.33,19.18,19.22,24337.028
2025-04-11 20:00:00,19.22,19.27,19.18,19.24,24810.139
2025-04-11 21:00:00,19.24,19.37,19.19,19.21,22290.331
2025-04-11 22:00:00,19.21,19.26,19.11,19.14,7233.522
2025-04-11 23:00:00,19.14,19.2,19.04,19.13,9495.371
2025-04-12 00:00:00,19.13,19.18,19.03,19.05,17385.297
2025-04-12 01:00:00,19.05,19.05,18.94,18.96,6590.028
2025-04-12 02:00:00,18.96,19.02,18.85,18.85,4840.669
2025-04-12 03:00:00,18.85,18.96,18.85,18.91,2763.363
2025-04-12 04:00:00,18.91,19.164,18.87,19.14,18559.084
2025-04-12 05:00:00,19.14,19.25,19.1,19.11,13245.19
2025-04-12 06:00:00,19.11,19.3,19.08,19.11,23606.604
2025-04-12 07:00:00,19.11,19.15,19.03,19.11,8182.431
2025-04-12 08:00:00,19.11,19.26,19.06,19.07,5975.626
2025-04-12 09:00:00,19.07,19.13,19.04,19.09,5102.3
2025-04-12 10:00:00,19.09,19.16,18.96,19.02,10982.336
2025-04-12 11:00:00,19.02,19.16,19.02,19.14,13148.678
2025-04-12 12:00:00,19.14,19.27,19.1,19.18,11487.5
2025-04-12 13:00:00,19.18,19.48,19.12,19.44,21576.659
2025-04-12 14:00:00,19.44,20.06,19.43,19.92,40763.118
2025-04-12 15:00:00,19.92,21.03,19.89,20.51,165821.305
2025-04-12 16:00:00,20.51,20.84,20.29,20.39,60730.887
2025-04-12 17:00:00,20.39,20.5,20.11,20.16,18336.879
2025-04-12 18:00:00,20.16,20.49,20.16,20.41,22013.937
2025-04-12 19:00:00,20.41,20.42,20.16,20.18,12502.468
2025-04-12 20:00:00,20.18,20.47,20.15,20.31,17101.688
2025-04-12 21:00:00,20.31,20.68,20.29,20.56,57654.387
2025-04-12 22:00:00,20.56,20.67,20.42,20.45,14976.276
2025-04-12 23:00:00,20.45,20.5,20.36,20.49,9374.633
2025-04-13 00:00:00,20.49,20.67,20.37,20.56,23124.886
2025-04-13 01:00:00,20.56,20.64,20.25,20.29,18010.434
2025-04-13 02:00:00,20.29,20.42,20.2,20.4,15923.994
2025-04-13 03:00:00,20.4,20.45,20.22,20.25,9381.716
2025-04-13 04:00:00,20.25,20.29,20.05,20.12,10644.761
2025-04-13 05:00:00,20.12,20.13,19.97,20.02,13935.057
2025-04-13 06:00:00,20.02,20.05,19.94,20.0,7006.181
2025-04-13 07:00:00,20.0,20.13,19.88,19.92,9999.387
2025-04-13 08:00:00,19.92,20.09,19.9,20.09,10776.043
2025-04-13 09:00:00,20.09,20.26,20.03,20.25,6447.595
2025-04-13 10:00:00,20.25,20.27,20.08,20.12,10818.597
2025-04-13 11:00:00,20.12,20.14,19.92,20.0,6171.748
2025-04-13 12:00:00,20.0,20.03,19.83,19.84,14113.744
2025-04-13 13:00:00,19.84,19.93,19.52,19.59,18669.848
2025-04-13 14:00:00,19.59,19.76,19.55,19.76,12957.994
2025-04-13 15:00:00,19.76,19.77,19.62,19.76,11758.448
2025-04-13 16:00:00,19.76,20.03,19.72,19.99,13475.715
2025-04-13 17:00:00,19.99,20.49,19.98,20.39,23322.633
2025-04-13 18:00:00,20.39,20.52,20.26,20.27,10502.085
2025-04-13 19:00:00,20.27,20.28,19.43,19.7,35301.49
2025-04-13 20:00:00,19.7,19.96,19.51,19.55,24289.25
2025-04-13 21:00:00,19.55,19.64,19.27,19.48,26502.172
2025-04-13 22:00:00,19.48,19.6,19.37,19.46,22638.421
2025-04-13 23:00:00,19.46,19.62,19.42,19.59,13855.173
2025-04-14 00:00:00,19.59,20.13,19.55,19.85,27142.678
2025-04-14 01:00:00,19.85,20.14,19.81,20.07,15967.571
2025-04-14 02:00:00,20.07,20.59,20.02,20.19,26125.138
2025-04-14 03:00:00,20.19,20.21,19.88,19.96,18495.659
2025-04-14 04:00:00,19.96,20.28,19.96,20.2,12224.531
2025-04-14 05:00:00,20.2,20.27,19.86,19.92,13404.282
2025-04-14 06:00:00,19.92,19.99,19.81,19.98,9801.137
2025-04-14 07:00:00,19.98,20.15,19.81,20.13,13965.926
2025-04-14 08:00:00,20.13,20.39,20.11,20.14,18140.713
2025-04-14 09:00:00,20.14,20.23,19.97,20.08,11776.604
2025-04-14 10:00:00,20.08,20.51,20.08,20.48,21295.925
2025-04-14 11:00:00,20.48,20.53,20.34,20.5,25086.437
2025-04-14 12:00:00,20.5,20.67,20.38,20.54,25417.792
2025-04-14 13:00:00,20.54,20.58,20.13,20.16,26416.833
2025-04-14 14:00:00,20.16,20.55,20.16,20.39,29229.006
2025-04-14 15:00:00,20.39,20.39,19.76,19.83,34633.197
2025-04-14 16:00:00,19.83,20.1,19.72,19.96,21647.883
2025-04-14 17:00:00,19.96,20.38,19.96,20.35,41380.406
2025-04-14 18:00:00,20.35,20.52,20.33,20.4,16521.569
2025-04-14 19:00:00,20.4,20.45,20.28,20.3,10162.044
2025-04-14 20:00:00,20.3,20.38,20.19,20.34,11675.189
2025-04-14 21:00:00,20.34,20.35,20.05,20.17,6057.053
2025-04-14 22:00:00,20.17,20.23,20.09,20.17,10735.18
2025-04-14 23:00:00,20.17,20.23,20.07,20.11,4278.831
2025-04-15 00:00:00,20.11,20.21,20.05,20.16,7666.198
2025-04-15 01:00:00,20.16,20.2,19.9,20.01,25599.384
2025-04-15 02:00:00,20.01,20.1,19.86,20.06,6507.598
2025-04-15 03:00:00,20.06,20.25,19.93,20.24,10892.775
2025-04-15 04:00:00,20.24,20.28,20.1,20.12,13221.275
2025-04-15 05:00:00,20.12,20.16,19.93,19.94,27549.385
2025-04-15 06:00:00,19.94,19.99,19.81,19.91,11578.405
2025-04-15 07:00:00,19.91,20.07,19.9,19.99,12451.461
2025-04-15 08:00:00,19.99,20.04,19.91,19.93,12660.781
2025-04-15 09:00:00,19.93,20.15,19.91,20.15,24376.422
2025-04-15 10:00:00,20.15,20.16,19.85,19.89,14391.844
2025-04-15 11:00:00,19.89,19.97,19.81,19.91,4576.402
2025-04-15 12:00:00,19.91,20.02,19.89,20.02,7189.271
2025-04-15 13:00:00,20.02,20.25,19.91,19.93,18832.917
2025-04-15 14:00:00,19.93,20.01,19.54,19.74,29110.982
2025-04-15 15:00:00,19.74,19.83,19.46,19.53,18637.087
2025-04-15 16:00:00,19.53,19.64,19.49,19.5,11056.515
2025-04-15 17:00:00,19.5,19.55,19.35,19.41,12096.816
2025-04-15 18:00:00,19.41,19.57,19.33,19.53,10616.84
2025-04-15 19:00:00,19.53,19.53,19.21,19.3,164973.395
2025-04-15 20:00:00,19.3,19.44,19.17,19.26,20941.39
2025-04-15 21:00:00,19.26,19.43,19.23,19.36,7473.766
2025-04-15 22:00:00,19.36,19.36,19.01,19.03,19233.124
2025-04-15 23:00:00,19.03,19.06,18.96,19.01,56583.255
2025-04-16 00:00:00,19.01,19.03,18.66,18.77,38198.542
2025-04-16 01:00:00,18.77,18.99,18.73,18.92,16486.799
2025-04-16 02:00:00,18.92,18.97,18.84,18.93,5801.784
2025-04-16 03:00:00,18.93,19.02,18.91,18.93,5124.682
2025-04-16 04:00:00,18.93,18.94,18.75,18.84,12822.969
2025-04-16 05:00:00,18.84,18.95,18.69,18.77,19236.016
2025-04-16 06:00:00,18.77,18.87,18.73,18.83,5598.903
2025-04-16 07:00:00,18.83,18.86,18.61,18.64,9936.239
2025-04-16 08:00:00,18.64,18.96,18.57,18.85,27338.007
2025-04-16 09:00:00,18.85,18.99,18.74,18.75,8346.326
2025-04-16 10:00:00,18.75,18.92,18.74,18.88,5961.026
2025-04-16 11:00:00,18.88,18.96,18.82,18.91,10143.534
2025-04-16 12:00:00,18.91,19.0,18.81,18.82,8040.983
2025-04-16 13:00:00,18.82,18.98,18.72,18.81,9536.2
2025-04-16 14:00:00,18.81,19.17,18.81,19.03,19135.707
2025-04-16 15:00:00,19.03,19.27,19.01,19.04,14940.816
2025-04-16 16:00:00,19.04,19.12,18.86,19.06,6536.618
2025-04-16 17:00:00,19.06,19.29,18.49,18.54,45515.529
2025-04-16 18:00:00,18.54,18.98,18.51,18.77,29053.439
2025-04-16 19:00:00,18.77,19.1,18.64,19.01,51833.886
2025-04-16 20:00:00,19.01,19.09,18.8,18.82,13986.354
2025-04-16 21:00:00,18.82,19.07,18.79,19.01,12604.203
2025-04-16 22:00:00,19.01,19.02,18.85,18.89,12550.517
2025-04-16 23:00:00,18.89,18.89,18.71,18.76,3522.01
2025-04-17 00:00:00,18.76,18.83,18.7,18.83,4658.629
2025-04-17 01:00:00,18.83,19.0,18.78,18.93,3533.794
2025-04-17 02:00:00,18.93,18.94,18.82,18.94,2568.735
2025-04-17 03:00:00,18.94,19.0,18.85,18.97,3704.992
2025-04-17 04:00:00,18.97,19.11,18.94,19.06,7908.482
2025-04-17 05:00:00,19.06,19.3,19.06,19.27,9264.806
2025-04-17 06:00:00,19.27,19.47,19.26,19.36,13719.93
2025-04-17 07:00:00,19.36,19.56,19.36,19.39,13638.021
2025-04-17 08:00:00,19.39,19.48,19.24,19.25,5459.185
2025-04-17 09:00:00,19.25,19.29,19.2,19.25,8623.315
2025-04-17 10:00:00,19.25,19.28,19.14,19.23,7041.934
2025-04-17 11:00:00,19.23,19.33,19.23,19.24,4346.993
2025-04-17 12:00:00,19.24,19.4,19.21,19.39,19944.485
2025-04-17 13:00:00,19.39,19.41,19.21,19.23,12686.313
2025-04-17 14:00:00,19.23,19.23,18.8,18.95,41671.94
2025-04-17 15:00:00,18.95,19.21,18.94,19.13,21783.786
2025-04-17 16:00:00,19.13,19.53,19.08,19.4,27330.973
2025-04-17 17:00:00,19.4,19.52,19.31,19.42,13534.943
2025-04-17 18:00:00,19.42,19.49,19.26,19.26,31735.819
2025-04-17 19:00:00,19.26,19.3,18.97,19.08,17715.635
2025-04-17 20:00:00,19.08,19.21,19.06,19.15,5348.525
2025-04-17 21:00:00,19.15,19.19,19.1,19.17,3722.273
2025-04-17 22:00:00,19.17,19.19,18.92,18.92,5194.226
2025-04-17 23:00:00,18.92,19.13,18.92,19.05,7723.978
2025-04-18 00:00:00,19.05,19.11,18.91,18.94,6903.46
2025-04-18 01:00:00,18.94,19.13,18.91,19.05,6343.663
2025-04-18 02:00:00,19.05,19.11,18.97,19.06,6335.76
2025-04-18 03:00:00,19.06,19.07,18.96,19.06,3796.43
2025-04-18 04:00:00,19.06,19.1,18.95,19.06,6757.69
2025-04-18 05:00:00,19.06,19.07,18.95,19.06,6076.039
2025-04-18 06:00:00,19.06,19.09,18.97,19.04,5766.719
2025-04-18 07:00:00,19.04,19.18,19.01,19.18,8212.221
2025-04-18 08:00:00,19.18,19.35,19.18,19.22,10066.919
2025-04-18 09:00:00,19.22,19.22,19.11,19.14,5463.988
2025-04-18 10:00:00,19.14,19.2,19.0,19.02,7087.752
2025-04-18 11:00:00,19.02,19.11,19.0,19.1,8333.247
2025-04-18 12:00:00,19.1,19.16,19.03,19.12,6424.54
2025-04-18 13:00:00,19.12,19.14,19.04,19.11,2862.453
2025-04-18 14:00:00,19.11,19.15,18.96,18.99,4826.427
2025-04-18 15:00:00,18.99,19.01,18.85,18.9,7285.449
2025-04-18 16:00:00,18.9,18.95,18.88,18.94,5611.194
2025-04-18 17:00:00,18.94,19.1,18.9,19.1,3827.127
2025-04-18 18:00:00,19.1,19.15,19.07,19.11,3605.427
2025-04-18 19:00:00,19.11,19.17,19.08,19.16,3978.242
2025-04-18 20:00:00,19.16,19.19,19.1,19.15,6042.206
2025-04-18 21:00:00,19.15,19.22,19.1,19.2,4115.529
2025-04-18 22:00:00,19.2,19.25,19.17,19.18,2844.174
2025-04-18 23:00:00,19.18,19.18,19.06,19.07,3799.743
2025-04-19 00:00:00,19.07,19.13,19.03,19.08,5000.259
2025-04-19 01:00:00,19.08,19.22,19.08,19.16,4386.01
2025-04-19 02:00:00,19.16,19.31,19.16,19.29,3942.787
2025-04-19 03:00:00,19.29,19.31,19.25,19.25,4125.194
2025-04-19 04:00:00,19.25,19.33,19.25,19.29,4710.463
2025-04-19 05:00:00,19.29,19.34,19.25,19.28,3005.355
2025-04-19 06:00:00,19.28,19.3,19.17,19.28,5051.901
2025-04-19 07:00:00,19.28,19.56,19.27,19.47,10980.78
2025-04-19 08:00:00,19.47,19.55,19.44,19.52,5409.654
2025-04-19 09:00:00,19.52,19.72,19.52,19.56,12310.016
2025-04-19 10:00:00,19.56,19.61,19.49,19.53,7195.657
2025-04-19 11:00:00,19.53,19.58,19.47,19.49,3588.958
2025-04-19 12:00:00,19.49,19.67,19.49,19.62,5249.77
2025-04-19 13:00:00,19.62,19.69,19.61,19.64,5210.429
2025-04-19 14:00:00,19.64,19.69,19.61,19.68,4490.696
2025-04-19 15:00:00,19.68,19.82,19.65,19.69,10930.75
2025-04-19 16:00:00,19.69,19.79,19.64,19.67,7200.574
2025-04-19 17:00:00,19.67,19.99,19.66,19.96,7898.451
2025-04-19 18:00:00,19.96,20.11,19.93,19.97,26635.97
2025-04-19 19:00:00,19.97,20.09,19.95,20.03,11208.629
2025-04-19 20:00:00,20.03,20.29,20.03,20.27,9680.703
2025-04-19 21:00:00,20.27,20.36,20.2,20.22,6355.314
2025-04-19 22:00:00,20.22,20.22,19.97,20.05,13276.141
2025-04-19 23:00:00,20.05,20.08,19.89,19.89,5272.324
2025-04-20 00:00:00,19.89,20.03,19.89,19.93,4063.834
2025-04-20 01:00:00,19.93,20.02,19.89,20.0,6247.748
2025-04-20 02:00:00,20.0,20.02,19.92,19.92,3378.237
2025-04-20 03:00:00,19.92,19.95,19.82,19.88,4844.038
2025-04-20 04:00:00,19.88,19.97,19.82,19.92,4469.719
2025-04-20 05:00:00,19.92,20.0,19.87,19.9,4620.402
2025-04-20 06:00:00,19.9,19.92,19.71,19.74,8309.283
2025-04-20 07:00:00,19.74,19.74,19.56,19.65,11712.517
2025-04-20 08:00:00,19.65,19.71,19.59,19.62,4766.422
2025-04-20 09:00:00,19.62,19.7,19.6,19.64,3778.885
2025-04-20 10:00:00,19.64,19.65,19.32,19.37,9699.967
2025-04-20 11:00:00,19.37,19.44,19.24,19.3,11772.02
2025-04-20 12:00:00,19.3,19.43,19.27,19.38,5637.006
2025-04-20 13:00:00,19.38,19.4,19.31,19.38,5103.066
2025-04-20 14:00:00,19.38,19.54,19.35,19.5,8279.698
2025-04-20 15:00:00,19.5,19.54,19.34,19.38,7390.441
2025-04-20 16:00:00,19.38,19.52,19.32,19.52,6874.888
2025-04-20 17:00:00,19.52,19.53,19.37,19.45,3959.68
2025-04-20 18:00:00,19.45,19.5,19.39,19.44,3280.69
2025-04-20 19:00:00,19.44,19.56,19.39,19.55,4361.924
2025-04-20 20:00:00,19.55,19.73,19.53,19.57,8455.55
2025-04-20 21:00:00,19.57,19.59,19.46,19.51,3336.537
2025-04-20 22:00:00,19.51,19.51,19.32,19.38,4595.046
2025-04-20 23:00:00,19.38,19.52,19.38,19.5,3130.348
2025-04-21 00:00:00,19.5,20.15,19.5,19.91,34949.927
2025-04-21 01:00:00,19.91,20.11,19.91,20.01,18195.965
2025-04-21 02:00:00,20.01,20.11,19.86,19.99,10396.175
2025-04-21 03:00:00,19.99,20.06,19.98,20.0,4889.27
2025-04-21 04:00:00,20.0,20.04,19.85,20.02,11984.189
2025-04-21 05:00:00,20.02,20.3,19.96,20.22,15565.643
2025-04-21 06:00:00,20.22,20.49,20.22,20.37,18301.101
2025-04-21 07:00:00,20.37,20.66,20.32,20.62,44363.878
2025-04-21 08:00:00,20.62,20.95,20.62,20.72,32563.059
2025-04-21 09:00:00,20.72,20.8,20.55,20.64,13589.331
2025-04-21 10:00:00,20.64,20.68,20.49,20.66,10584.512
2025-04-21 11:00:00,20.66,20.7,20.4,20.54,7952.064
2025-04-21 12:00:00,20.54,20.63,20.48,20.49,7949.599
2025-04-21 13:00:00,20.49,20.52,20.32,20.32,17693.793
2025-04-21 14:00:00,20.32,20.64,20.26,20.57,16140.416
2025-04-21 15:00:00,20.57,20.68,20.5,20.56,114961.245
2025-04-21 16:00:00,20.56,20.7,20.08,20.11,36556.989
2025-04-21 17:00:00,20.11,20.17,19.81,20.05,22373.677
2025-04-21 18:00:00,20.05,20.1,19.98,19.99,11640.319
2025-04-21 19:00:00,19.99,20.15,19.97,20.09,7910.062
2025-04-21 20:00:00,20.09,20.1,20.0,20.02,7659.501
2025-04-21 21:00:00,20.02,20.02,19.87,19.96,5437.358
2025-04-21 22:00:00,19.96,19.96,19.81,19.82,7268.774
2025-04-21 23:00:00,19.82,19.96,19.71,19.92,8226.646
2025-04-22 00:00:00,19.92,19.94,19.44,19.65,26058.983
2025-04-22 01:00:00,19.65,20.12,19.62,20.11,11553.223
2025-04-22 02:00:00,20.11,20.2,19.87,19.94,9668.0
2025-04-22 03:00:00,19.94,19.98,19.82,19.9,4878.474
2025-04-22 04:00:00,19.9,19.97,19.78,19.78,7676.16
2025-04-22 05:00:00,19.78,19.89,19.75,19.89,6552.551
2025-04-22 06:00:00,19.89,19.99,19.6,19.72,10433.343
2025-04-22 07:00:00,19.72,20.29,19.65,20.29,37052.415
2025-04-22 08:00:00,20.29,20.45,20.2,20.25,18231.166
2025-04-22 09:00:00,20.25,20.27,20.12,20.2,11743.38
2025-04-22 10:00:00,20.2,20.39,20.03,20.37,10677.559
2025-04-22 11:00:00,20.37,20.45,20.35,20.4,13134.261
2025-04-22 12:00:00,20.4,20.53,20.36,20.48,14730.939
2025-04-22 13:00:00,20.48,20.79,20.46,20.61,22223.357
2025-04-22 14:00:00,20.61,21.46,20.53,21.37,112400.069
2025-04-22 15:00:00,21.37,22.01,21.35,21.64,101067.307
2025-04-22 16:00:00,21.64,21.81,21.5,21.57,75389.06
2025-04-22 17:00:00,21.57,21.72,21.52,21.65,17103.603
2025-04-22 18:00:00,21.65,21.79,21.62,21.7,16277.752
2025-04-22 19:00:00,21.7,21.73,21.34,21.56,11604.19
2025-04-22 20:00:00,21.56,21.65,21.54,21.56,6718.297
2025-04-22 21:00:00,21.56,22.24,21.55,21.99,31709.545
2025-04-22 22:00:00,21.99,22.14,21.89,22.13,13559.866
2025-04-22 23:00:00,22.13,22.3,22.02,22.11,20689.66
2025-04-23 00:00:00,22.11,22.22,21.9,21.93,16920.606
2025-04-23 01:00:00,21.93,22.3,21.93,22.19,24772.689
2025-04-23 02:00:00,22.19,22.59,22.12,22.44,32421.695
2025-04-23 03:00:00,22.44,22.5,22.18,22.48,30936.374
2025-04-23 04:00:00,22.48,22.82,22.38,22.8,39165.67
2025-04-23 05:00:00,22.8,22.88,22.6,22.62,40847.524
2025-04-23 06:00:00,22.62,22.8,22.54,22.67,31569.354
2025-04-23 07:00:00,22.67,22.9,22.53,22.89,31314.537
2025-04-23 08:00:00,22.89,22.96,22.74,22.92,30208.965
2025-04-23 09:00:00,22.92,23.1,22.84,22.85,35100.125
2025-04-23 10:00:00,22.85,22.9,22.57,22.89,26471.539
2025-04-23 11:00:00,22.89,22.98,22.65,22.71,10168.34
2025-04-23 12:00:00,22.71,22.88,22.69,22.77,10611.591
2025-04-23 13:00:00,22.77,23.06,22.19,22.25,93314.055
2025-04-23 14:00:00,22.25,22.56,22.21,22.34,21668.049
2025-04-23 15:00:00,22.34,22.44,21.89,22.27,33792.214
2025-04-23 16:00:00,22.27,22.34,22.06,22.26,15441.372
2025-04-23 17:00:00,22.26,22.48,22.19,22.37,17791.535
2025-04-23 18:00:00,22.37,22.64,22.33,22.33,12828.475
2025-04-23 19:00:00,22.33,22.37,22.07,22.22,12285.886
2025-04-23 20:00:00,22.22,22.47,22.22,22.36,9476.282
2025-04-23 21:00:00,22.36,22.49,22.26,22.34,9922.009
2025-04-23 22:00:00,22.34,22.56,22.31,22.52,4670.842
2025-04-23 23:00:00,22.52,22.56,22.28,22.34,6651.643
2025-04-24 00:00:00,22.34,22.47,22.18,22.26,19342.707
2025-04-24 01:00:00,22.26,22.34,22.06,22.3,11019.955
2025-04-24 02:00:00,22.3,22.34,21.97,21.98,8666.299
2025-04-24 03:00:00,21.98,22.18,21.84,21.87,10799.398
2025-04-24 04:00:00,21.87,22.02,21.8,21.99,10313.336
2025-04-24 05:00:00,21.99,22.07,21.91,22.0,8302.832
2025-04-24 06:00:00,22.0,22.18,21.94,21.99,8901.334
2025-04-24 07:00:00,21.99,22.14,21.82,21.88,21960.001
2025-04-24 08:00:00,21.88,21.98,21.62,21.73,35110.292
2025-04-24 09:00:00,21.73,22.0,21.72,22.0,18049.884
2025-04-24 10:00:00,22.0,22.03,21.84,21.96,15609.442
2025-04-24 11:00:00,21.96,22.07,21.86,22.06,11265.604
2025-04-24 12:00:00,22.06,22.11,21.9,22.11,10204.443
2025-04-24 13:00:00,22.11,22.17,21.92,22.01,14905.381
2025-04-24 14:00:00,22.01,22.39,22.0,22.28,22280.878
2025-04-24 15:00:00,22.28,22.65,22.2,22.34,59353.678
2025-04-24 16:00:00,22.34,22.5,22.17,22.34,27799.251
2025-04-24 17:00:00,22.34,22.39,21.95,22.14,24375.724
2025-04-24 18:00:00,22.14,22.35,22.12,22.3,16146.374
2025-04-24 19:00:00,22.3,22.32,22.14,22.24,11011.312
2025-04-24 20:00:00,22.24,22.34,22.22,22.23,9928.12
2025-04-24 21:00:00,22.23,22.3,22.04,22.19,7074.404
2025-04-24 22:00:00,22.19,22.34,22.13,22.22,5530.87
2025-04-24 23:00:00,22.22,22.44,22.17,22.38,10581.753
2025-04-25 00:00:00,22.38,22.46,22.24,22.33,6979.633
2025-04-25 01:00:00,22.33,22.55,22.23,22.23,8959.493
2025-04-25 02:00:00,22.23,22.28,21.78,21.85,15470.127
2025-04-25 03:00:00,21.85,22.08,21.79,22.08,6882.437
2025-04-25 04:00:00,22.08,22.16,21.97,22.02,6706.457
2025-04-25 05:00:00,22.02,22.21,22.0,22.14,7515.017
2025-04-25 06:00:00,22.14,22.48,22.09,22.42,16553.557
2025-04-25 07:00:00,22.42,22.54,22.25,22.33,23660.327
2025-04-25 08:00:00,22.33,22.48,22.22,22.46,17094.629
2025-04-25 09:00:00,22.46,22.58,22.33,22.54,17877.194
2025-04-25 10:00:00,22.54,22.57,22.19,22.23,30890.166
2025-04-25 11:00:00,22.23,22.59,22.23,22.56,18207.338
2025-04-25 12:00:00,22.56,22.74,22.34,22.38,62950.612
2025-04-25 13:00:00,22.38,22.46,22.12,22.22,48035.623
2025-04-25 14:00:00,22.22,22.87,22.21,22.77,85128.591
2025-04-25 15:00:00,22.77,22.87,22.51,22.57,57665.829
2025-04-25 16:00:00,22.57,22.69,22.33,22.66,17347.293
2025-04-25 17:00:00,22.66,22.78,22.31,22.35,11340.62
2025-04-25 18:00:00,22.35,22.58,22.34,22.39,22441.475
2025-04-25 19:00:00,22.39,22.45,22.2,22.31,9978.02
2025-04-25 20:00:00,22.31,22.4,22.25,22.37,7217.6
2025-04-25 21:00:00,22.37,22.5,22.15,22.19,8709.427
2025-04-25 22:00:00,22.19,22.38,22.18,22.31,5909.922
2025-04-25 23:00:00,22.31,22.31,22.16,22.17,14968.551
2025-04-26 00:00:00,22.17,22.42,22.17,22.4,9088.242
2025-04-26 01:00:00,22.4,22.91,22.32,22.89,13778.506
2025-04-26 02:00:00,22.89,22.99,22.73,22.8,12625.714
2025-04-26 03:00:00,22.8,22.82,22.59,22.64,14587.2
2025-04-26 04:00:00,22.64,22.69,22.36,22.36,13600.582
2025-04-26 05:00:00,22.36,22.46,22.31,22.39,10430.32
2025-04-26 06:00:00,22.39,22.58,22.37,22.53,8567.317
2025-04-26 07:00:00,22.53,22.66,22.45,22.45,8412.132
2025-04-26 08:00:00,22.45,22.77,22.39,22.44,34180.695
2025-04-26 09:00:00,22.44,22.46,22.07,22.17,33192.155
2025-04-26 10:00:00,22.17,22.31,22.13,22.23,14398.787
2025-04-26 11:00:00,22.23,22.26,21.86,21.94,30587.632
2025-04-26 12:00:00,21.94,22.04,21.84,21.85,29868.506
2025-04-26 13:00:00,21.85,21.94,21.71,21.87,35250.853
2025-04-26 14:00:00,21.87,22.03,21.77,21.92,22233.476
2025-04-26 15:00:00,21.92,22.08,21.92,22.02,7760.287
2025-04-26 16:00:00,22.02,22.03,21.85,21.95,10634.176
2025-04-26 17:00:00,21.95,22.04,21.94,22.0,6636.585
2025-04-26 18:00:00,22.0,22.08,21.96,21.99,10440.768
2025-04-26 19:00:00,21.99,22.14,21.97,22.13,5926.124
2025-04-26 20:00:00,22.13,22.26,22.08,22.08,7083.353
2025-04-26 21:00:00,22.08,22.3,22.08,22.18,4307.557
2025-04-26 22:00:00,22.18,22.38,22.18,22.33,5835.17
2025-04-26 23:00:00,22.33,22.44,22.31,22.41,7540.166
2025-04-27 00:00:00,22.41,22.77,22.38,22.74,22210.164
2025-04-27 01:00:00,22.74,22.79,22.13,22.16,24731.701
2025-04-27 02:00:00,22.16,22.39,22.06,22.17,11033.592
2025-04-27 03:00:00,22.17,22.38,22.15,22.38,7867.107
2025-04-27 04:00:00,22.38,22.551,22.17,22.22,8321.572
2025-04-27 05:00:00,22.22,22.27,22.03,22.17,14999.286
2025-04-27 06:00:00,22.17,22.28,22.12,22.25,5113.095
2025-04-27 07:00:00,22.25,22.33,22.11,22.27,15817.267
2025-04-27 08:00:00,22.27,22.46,22.22,22.4,8198.666
2025-04-27 09:00:00,22.4,22.48,22.32,22.43,8116.393
2025-04-27 10:00:00,22.43,22.46,22.24,22.29,6738.206
2025-04-27 11:00:00,22.29,22.3,22.07,22.07,6806.947
2025-04-27 12:00:00,22.07,22.33,21.93,22.08,28361.985
2025-04-27 13:00:00,22.08,22.15,21.92,22.13,11722.256
2025-04-27 14:00:00,22.13,22.17,21.94,21.95,10302.866
2025-04-27 15:00:00,21.95,21.95,21.79,21.88,9631.622
2025-04-27 16:00:00,21.88,21.89,21.68,21.73,8726.278
2025-04-27 17:00:00,21.73,21.86,21.66,21.8,9224.975
2025-04-27 18:00:00,21.8,21.99,21.74,21.92,17546.796
2025-04-27 19:00:00,21.92,22.15,21.92,22.13,11339.352
2025-04-27 20:00:00,22.13,22.15,21.94,22.03,11625.194
2025-04-27 21:00:00,22.03,22.13,21.96,22.05,5893.807
2025-04-27 22:00:00,22.05,22.06,21.8,21.88,6772.602
2025-04-27 23:00:00,21.88,21.88,21.71,21.71,10629.813
2025-04-28 00:00:00,21.71,21.74,21.35,21.52,93444.913
2025-04-28 01:00:00,21.52,21.58,21.01,21.16,44244.987
2025-04-28 02:00:00,21.16,21.44,21.08,21.41,16697.937
2025-04-28 03:00:00,21.41,21.82,21.37,21.73,13791.435
2025-04-28 04:00:00,21.73,22.07,21.73,21.95,15693.772
2025-04-28 05:00:00,21.95,22.01,21.78,21.93,19110.939
2025-04-28 06:00:00,21.93,22.26,21.93,22.21,18969.994
2025-04-28 07:00:00,22.21,22.36,22.16,22.3,11291.028
2025-04-28 08:00:00,22.3,22.43,22.24,22.24,13775.932
2025-04-28 09:00:00,22.24,22.3,22.13,22.14,21379.345
2025-04-28 10:00:00,22.14,22.33,21.96,22.21,37129.014
2025-04-28 11:00:00,22.21,22.39,22.14,22.27,8795.816
2025-04-28 12:00:00,22.27,22.3,21.99,22.01,65874.161
2025-04-28 13:00:00,22.01,22.06,21.64,21.66,32020.865
2025-04-28 14:00:00,21.66,21.99,21.58,21.73,29002.477
2025-04-28 15:00:00,21.73,21.81,21.28,21.45,34060.123
2025-04-28 16:00:00,21.45,21.58,21.28,21.51,14601.1
2025-04-28 17:00:00,21.51,21.79,21.45,21.78,10905.226
2025-04-28 18:00:00,21.78,21.87,21.66,21.85,10432.338
2025-04-28 19:00:00,21.85,22.09,21.82,22.0,19605.204
2025-04-28 20:00:00,22.0,22.03,21.81,21.87,7726.187
2025-04-28 21:00:00,21.87,21.89,21.75,21.82,8563.285
2025-04-28 22:00:00,21.82,21.9,21.71,21.85,10201.433
2025-04-28 23:00:00,21.85,21.95,21.78,21.84,10628.061
2025-04-29 00:00:00,21.84,21.98,21.79,21.92,10025.128
2025-04-29 01:00:00,21.92,22.08,21.84,21.9,24546.749
2025-04-29 02:00:00,21.9,21.92,21.65,21.73,8773.579
2025-04-29 03:00:00,21.73,21.89,21.7,21.85,7326.53
2025-04-29 04:00:00,21.85,21.95,21.65,21.68,7971.205
2025-04-29 05:00:00,21.68,21.81,21.65,21.77,9297.729
2025-04-29 06:00:00,21.77,22.21,21.77,22.06,25596.095
2025-04-29 07:00:00,22.06,22.18,22.0,22.18,14055.173
2025-04-29 08:00:00,22.18,22.3,22.09,22.2,14113.244
2025-04-29 09:00:00,22.2,22.27,22.12,22.18,11497.019
2025-04-29 10:00:00,22.18,22.29,21.96,22.01,17985.184
2025-04-29 11:00:00,22.01,22.23,21.99,22.13,11773.279
2025-04-29 12:00:00,22.13,22.15,21.94,22.01,9160.351
2025-04-29 13:00:00,22.01,22.11,21.84,22.05,16139.545
2025-04-29 14:00:00,22.05,22.21,21.98,22.15,18837.648
2025-04-29 15:00:00,22.15,22.16,21.91,22.01,11327.989
2025-04-29 16:00:00,22.01,22.24,21.96,22.09,13947.819
2025-04-29 17:00:00,22.09,22.21,21.97,22.11,18442.21
2025-04-29 18:00:00,22.11,22.17,22.05,22.07,8074.324
2025-04-29 19:00:00,22.07,22.11,21.84,21.86,16174.464
2025-04-29 20:00:00,21.86,21.92,21.7,21.78,6229.55
2025-04-29 21:00:00,21.78,21.78,21.47,21.66,17963.272
2025-04-29 22:00:00,21.66,21.66,21.44,21.49,14104.936
2025-04-29 23:00:00,21.49,21.564,21.27,21.56,17258.991
2025-04-30 00:00:00,21.56,21.79,21.48,21.72,11495.735
2025-04-30 01:00:00,21.72,21.85,21.61,21.81,9621.826
2025-04-30 02:00:00,21.81,21.9,21.74,21.81,7045.723
2025-04-30 03:00:00,21.81,21.94,21.75,21.86,9312.639
2025-04-30 04:00:00,21.86,21.89,21.76,21.87,8645.148
2025-04-30 05:00:00,21.87,21.88,21.62,21.64,5540.681
2025-04-30 06:00:00,21.64,21.74,21.61,21.62,5304.119
2025-04-30 07:00:00,21.62,21.64,21.47,21.58,8467.998
2025-04-30 08:00:00,21.58,21.64,21.47,21.48,7371.189
2025-04-30 09:00:00,21.48,21.72,21.46,21.64,13444.561
2025-04-30 10:00:00,21.64,21.7,21.55,21.68,7563.828
2025-04-30 11:00:00,21.68,21.73,21.63,21.65,5615.109
2025-04-30 12:00:00,21.65,21.66,21.04,21.21,30482.987
2025-04-30 13:00:00,21.21,21.22,20.48,20.52,46826.943
2025-04-30 14:00:00,20.52,20.96,20.36,20.85,34048.196
2025-04-30 15:00:00,20.85,21.04,20.84,20.92,15338.922
2025-04-30 16:00:00,20.92,20.92,20.7,20.88,14679.549
2025-04-30 17:00:00,20.88,21.02,20.71,20.98,57097.513
2025-04-30 18:00:00,20.98,21.2,20.87,20.87,76533.88
2025-04-30 19:00:00,20.87,21.02,20.8,20.93,49971.593
2025-04-30 20:00:00,20.93,21.21,20.91,21.08,18535.673
2025-04-30 21:00:00,21.08,21.16,20.97,21.01,10633.834
2025-04-30 22:00:00,21.01,21.13,20.81,20.89,73920.65
2025-04-30 23:00:00,20.89,21.0,20.85,20.91,23643.802
2025-05-01 00:00:00,20.91,21.05,20.88,21.01,10764.776
2025-05-01 01:00:00,21.01,21.24,21.01,21.15,21306.933
2025-05-01 02:00:00,21.15,21.28,21.05,21.06,88915.768
2025-05-01 03:00:00,21.06,21.12,20.92,20.94,56796.606
2025-05-01 04:00:00,20.94,20.97,20.81,20.94,30134.933
2025-05-01 05:00:00,20.94,21.23,20.93,21.14,32440.208
2025-05-01 06:00:00,21.14,21.15,21.0,21.05,12459.547
2025-05-01 07:00:00,21.05,21.25,21.01,21.22,18456.816
2025-05-01 08:00:00,21.22,21.35,21.19,21.32,53269.009
2025-05-01 09:00:00,21.32,21.38,21.25,21.31,31294.627
2025-05-01 10:00:00,21.31,21.56,21.31,21.54,108249.575
2025-05-01 11:00:00,21.54,21.59,21.39,21.46,20279.209
2025-05-01 12:00:00,21.46,21.52,21.37,21.4,57513.173
2025-05-01 13:00:00,21.4,21.47,21.13,21.13,48889.513
2025-05-01 14:00:00,21.13,21.39,21.12,21.39,77640.335
2025-05-01 15:00:00,21.39,21.54,21.3,21.35,50656.917
2025-05-01 16:00:00,21.35,21.57,21.34,21.45,20687.115
2025-05-01 17:00:00,21.45,21.54,21.29,21.37,23246.96
2025-05-01 18:00:00,21.37,21.83,21.24,21.79,137452.141
2025-05-01 19:00:00,21.79,21.85,21.65,21.75,59826.883
2025-05-01 20:00:00,21.75,21.83,21.62,21.65,27446.369
2025-05-01 21:00:00,21.65,21.72,21.53,21.61,17879.117
2025-05-01 22:00:00,21.61,21.72,21.56,21.6,20081.147
2025-05-01 23:00:00,21.6,21.71,21.54,21.63,24887.375
2025-05-02 00:00:00,21.63,21.98,21.59,21.95,96712.386
2025-05-02 01:00:00,21.95,22.01,21.79,21.86,36439.844
2025-05-02 02:00:00,21.86,22.01,21.8,22.0,13434.172
2025-05-02 03:00:00,22.0,22.17,21.96,21.96,82404.229
2025-05-02 04:00:00,21.96,22.09,21.79,21.82,17669.306
2025-05-02 05:00:00,21.82,21.87,21.65,21.68,20888.046
2025-05-02 06:00:00,21.68,21.7,21.52,21.55,15487.624
2025-05-02 07:00:00,21.55,21.56,21.26,21.27,48163.936
2025-05-02 08:00:00,21.27,21.41,21.16,21.4,27896.904
2025-05-02 09:00:00,21.4,21.45,21.32,21.33,20747.646
2025-05-02 10:00:00,21.33,21.44,21.33,21.35,15032.553
2025-05-02 11:00:00,21.35,21.42,21.28,21.3,12952.679
2025-05-02 12:00:00,21.3,21.45,21.12,21.45,40362.475
2025-05-02 13:00:00,21.45,21.46,21.18,21.27,15430.729
2025-05-02 14:00:00,21.27,21.62,21.24,21.61,27822.038
2025-05-02 15:00:00,21.61,21.66,21.32,21.42,36396.665
2025-05-02 16:00:00,21.42,21.67,21.42,21.49,16175.566
2025-05-02 17:00:00,21.49,21.49,21.34,21.38,5476.237
2025-05-02 18:00:00,21.38,21.4,21.14,21.18,78065.055
2025-05-02 19:00:00,21.18,21.18,20.96,21.03,42371.048
2025-05-02 20:00:00,21.03,21.17,20.96,21.13,24421.15
2025-05-02 21:00:00,21.13,21.15,20.97,21.1,20046.583
2025-05-02 22:00:00,21.1,21.41,21.09,21.2,41537.321
2025-05-02 23:00:00,21.2,21.29,21.18,21.24,20571.258
2025-05-03 00:00:00,21.24,21.27,21.12,21.16,24667.247
2025-05-03 01:00:00,21.16,21.18,21.05,21.09,27711.353
2025-05-03 02:00:00,21.09,21.15,21.05,21.11,22701.237
2025-05-03 03:00:00,21.11,21.15,21.05,21.07,20652.73
2025-05-03 04:00:00,21.07,21.12,21.05,21.12,16108.382
2025-05-03 05:00:00,21.12,21.19,21.03,21.03,22581.818
2025-05-03 06:00:00,21.03,21.04,20.9,20.93,25246.908
2025-05-03 07:00:00,20.93,20.98,20.86,20.91,20870.987
2025-05-03 08:00:00,20.91,21.06,20.85,20.98,35434.97
2025-05-03 09:00:00,20.98,21.0,20.85,20.89,31579.38
2025-05-03 10:00:00,20.89,20.92,20.66,20.67,41811.29
2025-05-03 11:00:00,20.67,20.76,20.63,20.7,5832.279
2025-05-03 12:00:00,20.7,20.83,20.67,20.81,6712.725
2025-05-03 13:00:00,20.81,20.9,20.81,20.85,9126.705
2025-05-03 14:00:00,20.85,20.95,20.81,20.91,9982.394
2025-05-03 15:00:00,20.91,21.0,20.84,20.87,5445.623
2025-05-03 16:00:00,20.87,20.87,20.66,20.74,10655.339
2025-05-03 17:00:00,20.74,20.74,20.48,20.71,16080.265
2025-05-03 18:00:00,20.71,20.79,20.62,20.66,7077.47
2025-05-03 19:00:00,20.66,20.88,20.63,20.84,6854.321
2025-05-03 20:00:00,20.84,20.88,20.78,20.8,6793.18
2025-05-03 21:00:00,20.8,20.85,20.71,20.73,16908.554
2025-05-03 22:00:00,20.73,20.74,20.61,20.64,31075.941
2025-05-03 23:00:00,20.64,20.65,20.51,20.51,34695.028
2025-05-04 00:00:00,20.51,20.63,20.41,20.46,26841.546
2025-05-04 01:00:00,20.46,20.56,20.28,20.46,16309.349
2025-05-04 02:00:00,20.46,20.61,20.32,20.37,13402.571
2025-05-04 03:00:00,20.37,20.37,20.22,20.24,9523.754
2025-05-04 04:00:00,20.24,20.37,20.23,20.29,15519.653
2025-05-04 05:00:00,20.29,20.43,20.26,20.38,16349.029
2025-05-04 06:00:00,20.38,20.4,20.16,20.28,15535.94
2025-05-04 07:00:00,20.28,20.29,20.11,20.22,9758.328
2025-05-04 08:00:00,20.22,20.23,20.08,20.11,9355.122
2025-05-04 09:00:00,20.11,20.14,20.02,20.04,9324.454
2025-05-04 10:00:00,20.04,20.15,20.0,20.05,10240.165
2025-05-04 11:00:00,20.05,20.14,20.02,20.07,8835.601
2025-05-04 12:00:00,20.07,20.2,20.07,20.12,8027.93
2025-05-04 13:00:00,20.12,20.15,19.76,19.9,130318.618
2025-05-04 14:00:00,19.9,20.05,19.84,20.01,32541.0
2025-05-04 15:00:00,20.01,20.06,19.9,20.0,20032.112
2025-05-04 16:00:00,20.0,20.03,19.88,19.92,16626.424
2025-05-04 17:00:00,19.92,20.04,19.88,20.0,17915.93
2025-05-04 18:00:00,20.0,20.08,19.97,19.99,8729.379
2025-05-04 19:00:00,19.99,20.05,19.93,20.01,10119.304
2025-05-04 20:00:00,20.01,20.16,20.0,20.16,8616.155
2025-05-04 21:00:00,20.16,20.2,20.06,20.19,7993.241
2025-05-04 22:00:00,20.19,20.19,19.89,20.0,10625.281
2025-05-04 23:00:00,20.0,20.03,19.76,19.9,19127.054
2025-05-05 00:00:00,19.9,20.05,19.88,20.01,5427.776
2025-05-05 01:00:00,20.01,20.02,19.67,19.88,9824.369
2025-05-05 02:00:00,19.88,20.23,19.82,20.17,30293.791
2025-05-05 03:00:00,20.17,20.2,19.95,19.95,5340.574
2025-05-05 04:00:00,19.95,20.08,19.89,20.07,5049.546
2025-05-05 05:00:00,20.07,20.2,20.03,20.2,10471.735
2025-05-05 06:00:00,20.2,20.23,20.01,20.02,14496.453
2025-05-05 07:00:00,20.02,20.03,19.88,20.03,12444.562
2025-05-05 08:00:00,20.03,20.06,19.88,19.93,8315.986
2025-05-05 09:00:00,19.93,19.99,19.89,19.89,10419.494
2025-05-05 10:00:00,19.89,19.91,19.53,19.71,24506.759
2025-05-05 11:00:00,19.71,19.73,19.46,19.48,13734.086
2025-05-05 12:00:00,19.48,19.6,19.39,19.52,8140.638
2025-05-05 13:00:00,19.52,19.64,19.42,19.59,16574.111
2025-05-05 14:00:00,19.59,19.68,19.43,19.51,15485.366
2025-05-05 15:00:00,19.51,19.53,19.29,19.36,7759.215
2025-05-05 16:00:00,19.36,19.57,19.35,19.51,13890.473
2025-05-05 17:00:00,19.51,19.68,19.47,19.66,12791.08
2025-05-05 18:00:00,19.66,19.85,19.64,19.78,23317.882
2025-05-05 19:00:00,19.78,19.84,19.59,19.6,5176.669
2025-05-05 20:00:00,19.6,19.62,19.39,19.53,5801.91
2025-05-05 21:00:00,19.53,19.74,19.5,19.71,5304.195
2025-05-05 22:00:00,19.71,19.87,19.7,19.79,7223.888
2025-05-05 23:00:00,19.79,19.82,19.66,19.68,3963.08
2025-05-06 00:00:00,19.68,19.72,19.57,19.63,4723.872
2025-05-06 01:00:00,19.63,19.77,19.56,19.57,14602.124
2025-05-06 02:00:00,19.57,19.64,19.43,19.64,7103.047
2025-05-06 03:00:00,19.64,19.76,19.58,19.75,9159.116
2025-05-06 04:00:00,19.75,19.84,19.72,19.82,8592.852
2025-05-06 05:00:00,19.82,19.85,19.7,19.72,6400.415
2025-05-06 06:00:00,19.72,19.83,19.72,19.82,7251.922
2025-05-06 07:00:00,19.82,19.87,19.71,19.79,5457.185
2025-05-06 08:00:00,19.79,19.79,19.51,19.78,5731.007
2025-05-06 09:00:00,19.78,19.78,19.61,19.7,5710.804
2025-05-06 10:00:00,19.7,19.7,19.45,19.47,6907.23
2025-05-06 11:00:00,19.47,19.56,19.27,19.41,7618.51
2025-05-06 12:00:00,19.41,19.61,19.38,19.58,4160.882
2025-05-06 13:00:00,19.58,19.59,19.31,19.43,9823.03
2025-05-06 14:00:00,19.43,19.77,19.43,19.64,21073.248
2025-05-06 15:00:00,19.64,19.8,19.51,19.64,10093.358
2025-05-06 16:00:00,19.64,19.75,19.5,19.51,4759.935
2025-05-06 17:00:00,19.51,19.74,19.5,19.62,7049.755
2025-05-06 18:00:00,19.62,19.85,19.59,19.84,7448.295
2025-05-06 19:00:00,19.84,19.94,19.79,19.83,9497.386
2025-05-06 20:00:00,19.83,19.91,19.53,19.6,4467.219
2025-05-06 21:00:00,19.6,19.7,19.38,19.56,6760.365
2025-05-06 22:00:00,19.56,20.02,19.56,19.99,19143.476
2025-05-06 23:00:00,19.99,20.13,19.85,20.01,12440.378
2025-05-07 00:00:00,20.01,20.22,19.96,20.14,32894.261
2025-05-07 01:00:00,20.14,20.26,20.01,20.05,10264.296
2025-05-07 02:00:00,20.05,20.05,19.81,19.85,5420.39
2025-05-07 03:00:00,19.85,19.96,19.76,19.93,6494.175
2025-05-07 04:00:00,19.93,20.01,19.84,19.89,4622.51
2025-05-07 05:00:00,19.89,19.91,19.73,19.75,5860.174
2025-05-07 06:00:00,19.75,19.83,19.65,19.77,5696.058
2025-05-07 07:00:00,19.77,19.93,19.76,19.93,4391.891
2025-05-07 08:00:00,19.93,20.0,19.85,19.96,4033.933
2025-05-07 09:00:00,19.96,20.0,19.87,19.89,6590.215
2025-05-07 10:00:00,19.89,19.89,19.74,19.78,3712.601
2025-05-07 11:00:00,19.78,19.81,19.72,19.76,6063.163
2025-05-07 12:00:00,19.76,19.79,19.54,19.6,6025.983
2025-05-07 13:00:00,19.6,19.638,19.46,19.54,7049.609
2025-05-07 14:00:00,19.54,19.64,19.4,19.46,7906.463
2025-05-07 15:00:00,19.46,19.46,19.25,19.3,192612.309
2025-05-07 16:00:00,19.3,19.31,19.07,19.22,111134.858
2025-05-07 17:00:00,19.22,19.29,19.07,19.18,78944.808
2025-05-07 18:00:00,19.18,19.46,19.08,19.29,58901.571
2025-05-07 19:00:00,19.29,19.35,19.1,19.25,10255.598
2025-05-07 20:00:00,19.25,19.36,19.2,19.36,8662.192
2025-05-07 21:00:00,19.36,19.49,19.32,19.42,7705.738
2025-05-07 22:00:00,19.42,19.68,19.4,19.59,19914.178
2025-05-07 23:00:00,19.59,19.71,19.51,19.54,5654.027
2025-05-08 00:00:00,19.54,19.74,19.49,19.71,6105.211
2025-05-08 01:00:00,19.71,19.96,19.71,19.74,20727.514
2025-05-08 02:00:00,19.74,20.05,19.74,19.97,15554.072
2025-05-08 03:00:00,19.97,20.35,19.96,20.33,22107.644
2025-05-08 04:00:00,20.33,20.64,20.33,20.5,44129.01
2025-05-08 05:00:00,20.5,20.63,20.46,20.47,12318.066
2025-05-08 06:00:00,20.47,20.71,20.47,20.68,25004.509
2025-05-08 07:00:00,20.68,20.9,20.68,20.85,34314.14
2025-05-08 08:00:00,20.85,21.1,20.85,20.95,61337.48
2025-05-08 09:00:00,20.95,21.12,20.93,21.07,19818.74
2025-05-08 10:00:00,21.07,21.16,20.98,21.04,27039.728
2025-05-08 11:00:00,21.04,21.04,20.89,20.92,15489.658
2025-05-08 12:00:00,20.92,21.05,20.86,20.89,21612.94
2025-05-08 13:00:00,20.89,20.92,20.7,20.72,33730.559
2025-05-08 14:00:00,20.72,20.99,20.65,20.8,72778.921
2025-05-08 15:00:00,20.8,21.46,20.77,21.18,145868.725
2025-05-08 16:00:00,21.18,21.36,21.15,21.32,37420.251
2025-05-08 17:00:00,21.32,21.46,21.18,21.25,19733.909
2025-05-08 18:00:00,21.25,21.37,21.21,21.25,11118.052
2025-05-08 19:00:00,21.25,21.5,21.19,21.42,26045.579
2025-05-08 20:00:00,21.42,21.95,21.33,21.92,148887.106
2025-05-08 21:00:00,21.92,22.14,21.73,21.84,71555.955
2025-05-08 22:00:00,21.84,21.89,21.65,21.85,12970.292
2025-05-08 23:00:00,21.85,22.16,21.78,22.15,14851.002
2025-05-09 00:00:00,22.15,22.37,22.1,22.21,90416.849
2025-05-09 01:00:00,22.21,22.38,22.11,22.37,17482.441
2025-05-09 02:00:00,22.37,22.41,22.21,22.31,26087.4
2025-05-09 03:00:00,22.31,22.46,22.02,22.07,42010.7
2025-05-09 04:00:00,22.07,22.12,21.97,22.09,11216.765
2025-05-09 05:00:00,22.09,22.38,22.06,22.29,14204.02
2025-05-09 06:00:00,22.29,22.61,22.25,22.59,44062.349
2025-05-09 07:00:00,22.59,23.118,22.54,23.01,105891.107
2025-05-09 08:00:00,23.01,23.68,22.78,23.18,72225.488
2025-05-09 09:00:00,23.18,23.35,22.87,23.06,40598.925
2025-05-09 10:00:00,23.06,23.59,22.96,23.56,22642.575
2025-05-09 11:00:00,23.56,24.01,23.43,23.53,109613.807
2025-05-09 12:00:00,23.53,23.55,23.22,23.38,81593.743
2025-05-09 13:00:00,23.38,23.67,23.15,23.57,101157.595
2025-05-09 14:00:00,23.57,23.57,22.91,23.09,68522.013
2025-05-09 15:00:00,23.09,23.21,22.9,23.13,37526.279
2025-05-09 16:00:00,23.13,23.14,22.78,22.84,38029.924
2025-05-09 17:00:00,22.84,23.46,22.81,23.31,45827.324
2025-05-09 18:00:00,23.31,23.33,23.16,23.21,12044.807
2025-05-09 19:00:00,23.21,23.27,23.01,23.09,10505.575
2025-05-09 20:00:00,23.09,23.19,23.05,23.19,4213.905
2025-05-09 21:00:00,23.19,23.21,22.95,23.08,8118.768
2025-05-09 22:00:00,23.08,23.21,23.02,23.04,3831.921
2025-05-09 23:00:00,23.04,23.28,23.04,23.27,6978.623
2025-05-10 00:00:00,23.27,23.53,23.01,23.08,14095.232
2025-05-10 01:00:00,23.08,23.51,23.07,23.32,9139.685
2025-05-10 02:00:00,23.32,23.67,23.19,23.61,17393.176
2025-05-10 03:00:00,23.61,23.67,23.38,23.49,19526.185
2025-05-10 04:00:00,23.49,23.5,23.26,23.49,7952.843
2025-05-10 05:00:00,23.49,23.85,23.45,23.82,33351.566
2025-05-10 06:00:00,23.82,23.99,23.71,23.95,31137.846
2025-05-10 07:00:00,23.95,24.24,23.9,24.17,30412.938
2025-05-10 08:00:00,24.17,24.4,24.01,24.13,26254.006
2025-05-10 09:00:00,24.13,24.49,23.9,24.39,38283.035
2025-05-10 10:00:00,24.39,24.8,24.33,24.42,46984.749
2025-05-10 11:00:00,24.42,24.52,24.0,24.06,18904.303
2025-05-10 12:00:00,24.06,24.49,24.06,24.49,11701.872
2025-05-10 13:00:00,24.49,24.61,24.43,24.51,15425.239
2025-05-10 14:00:00,24.51,24.76,24.37,24.72,14128.759
2025-05-10 15:00:00,24.72,24.76,24.3,24.38,20448.543
2025-05-10 16:00:00,24.38,24.67,24.3,24.62,16623.873
2025-05-10 17:00:00,24.62,24.87,24.44,24.49,31755.296
2025-05-10 18:00:00,24.49,24.63,24.34,24.56,46429.853
2025-05-10 19:00:00,24.56,24.61,24.42,24.51,45584.43
2025-05-10 20:00:00,24.51,24.97,24.33,24.96,25574.253
2025-05-10 21:00:00,24.96,25.61,24.93,25.52,41157.129
2025-05-10 22:00:00,25.52,25.67,25.41,25.64,33768.629
2025-05-10 23:00:00,25.64,25.97,25.57,25.81,68967.925
2025-05-11 00:00:00,25.81,26.03,24.93,25.51,64544.38
2025-05-11 01:00:00,25.51,25.56,24.97,25.17,22655.868
2025-05-11 02:00:00,25.17,25.58,25.11,25.27,24620.533
2025-05-11 03:00:00,25.27,25.56,25.11,25.3,18092.593
2025-05-11 04:00:00,25.3,25.42,25.23,25.41,12295.044
2025-05-11 05:00:00,25.41,25.45,25.22,25.26,15924.337
2025-05-11 06:00:00,25.26,25.26,24.82,24.9,29414.644
2025-05-11 07:00:00,24.9,24.9,24.3,24.55,33055.752
2025-05-11 08:00:00,24.55,24.82,24.42,24.47,13892.116
2025-05-11 09:00:00,24.47,24.86,24.47,24.77,16908.231
2025-05-11 10:00:00,24.77,24.81,24.6,24.75,13572.768
2025-05-11 11:00:00,24.75,24.91,24.72,24.91,8640.039
2025-05-11 12:00:00,24.91,24.92,24.69,24.75,6539.489
2025-05-11 13:00:00,24.75,24.88,24.3,24.31,22380.309
2025-05-11 14:00:00,24.31,24.65,24.31,24.52,8244.231
2025-05-11 15:00:00,24.52,24.69,24.17,24.38,17322.852
2025-05-11 16:00:00,24.38,24.49,24.15,24.43,12912.705
2025-05-11 17:00:00,24.43,24.75,24.35,24.68,9944.119
2025-05-11 18:00:00,24.68,24.93,24.5,24.86,12481.089
2025-05-11 19:00:00,24.86,24.93,24.72,24.75,11438.636
2025-05-11 20:00:00,24.75,24.77,24.59,24.67,5980.391
2025-05-11 21:00:00,24.67,24.79,24.49,24.76,6216.78
2025-05-11 22:00:00,24.76,24.97,24.51,24.72,17636.713
2025-05-11 23:00:00,24.72,24.86,24.66,24.79,7987.329
2025-05-12 00:00:00,24.79,25.14,24.71,25.02,18899.61
2025-05-12 01:00:00,25.02,25.23,24.43,24.68,20024.668
2025-05-12 02:00:00,24.68,25.12,24.68,24.98,13998.82
2025-05-12 03:00:00,24.98,25.18,24.82,25.15,12108.437
2025-05-12 04:00:00,25.15,25.39,25.02,25.3,17834.286
2025-05-12 05:00:00,25.3,25.34,24.87,25.04,16741.178
2025-05-12 06:00:00,25.04,25.58,24.96,25.54,15235.209
2025-05-12 07:00:00,25.54,26.84,25.53,26.04,120434.272
2025-05-12 08:00:00,26.04,26.04,25.44,25.74,55778.372
2025-05-12 09:00:00,25.74,25.88,25.47,25.53,27875.364
2025-05-12 10:00:00,25.53,25.57,25.16,25.48,37783.968
2025-05-12 11:00:00,25.48,25.49,24.86,24.97,27286.246
2025-05-12 12:00:00,24.97,25.54,24.96,25.44,17551.669
2025-05-12 13:00:00,25.44,25.63,25.2,25.48,32942.989
2025-05-12 14:00:00,25.48,25.69,24.84,24.91,51228.939
2025-05-12 15:00:00,24.91,25.02,24.57,24.73,34667.2
2025-05-12 16:00:00,24.73,25.08,24.52,24.99,35945.198
2025-05-12 17:00:00,24.99,25.18,24.62,24.69,19637.012
2025-05-12 18:00:00,24.69,24.79,23.73,24.08,50856.077
2025-05-12 19:00:00,24.08,24.59,24.06,24.48,23369.978
2025-05-12 20:00:00,24.48,24.88,24.36,24.76,19385.651
2025-05-12 21:00:00,24.76,24.85,24.64,24.78,12186.348
2025-05-12 22:00:00,24.78,25.02,24.72,24.87,7182.267
2025-05-12 23:00:00,24.87,25.06,24.8,24.83,6270.279
2025-05-13 00:00:00,24.83,24.83,24.39,24.4,8876.022
2025-05-13 01:00:00,24.4,24.52,23.98,24.12,20928.289
2025-05-13 02:00:00,24.12,24.19,23.66,23.87,35818.542
2025-05-13 03:00:00,23.87,23.91,23.48,23.51,24689.071
2025-05-13 04:00:00,23.51,24.21,23.46,24.17,16240.424
2025-05-13 05:00:00,24.17,24.17,23.95,24.13,14578.003
2025-05-13 06:00:00,24.13,24.378,24.13,24.3,10705.41
2025-05-13 07:00:00,24.3,24.53,24.26,24.28,6862.887
2025-05-13 08:00:00,24.28,24.51,24.26,24.34,14262.224
2025-05-13 09:00:00,24.34,24.64,24.34,24.55,12124.007
2025-05-13 10:00:00,24.55,24.58,24.41,24.5,8617.781
2025-05-13 11:00:00,24.5,24.7,24.44,24.52,12078.722
2025-05-13 12:00:00,24.52,24.81,24.31,24.7,33375.445
2025-05-13 13:00:00,24.7,24.92,24.63,24.8,26950.579
2025-05-13 14:00:00,24.8,24.8,24.44,24.61,15616.946
2025-05-13 15:00:00,24.61,24.91,24.55,24.9,10908.92
2025-05-13 16:00:00,24.9,25.32,24.87,25.23,28941.036
2025-05-13 17:00:00,25.23,25.44,25.168,25.25,17458.114
2025-05-13 18:00:00,25.25,25.52,25.2,25.52,15711.44
2025-05-13 19:00:00,25.52,26.246,25.45,25.81,35722.312
2025-05-13 20:00:00,25.81,25.99,25.5,25.91,24656.059
2025-05-13 21:00:00,25.91,25.98,25.71,25.83,19041.775
2025-05-13 22:00:00,25.83,25.92,25.65,25.77,12821.852
2025-05-13 23:00:00,25.77,25.91,25.62,25.72,11732.104
2025-05-14 00:00:00,25.72,25.93,25.68,25.89,41643.019
2025-05-14 01:00:00,25.89,26.14,25.83,25.91,18602.507
2025-05-14 02:00:00,25.91,26.24,25.5,26.24,19324.193
2025-05-14 03:00:00,26.24,26.274,25.86,26.1,14599.689
2025-05-14 04:00:00,26.1,26.51,25.89,26.49,40018.442
2025-05-14 05:00:00,26.49,26.5,26.24,26.47,18284.238
2025-05-14 06:00:00,26.47,26.54,26.16,26.49,12415.307
2025-05-14 07:00:00,26.49,26.51,25.95,26.03,19754.489
2025-05-14 08:00:00,26.03,26.15,25.41,25.44,37484.933
2025-05-14 09:00:00,25.44,25.68,25.4,25.66,19817.599
2025-05-14 10:00:00,25.66,25.96,25.66,25.74,16746.154
2025-05-14 11:00:00,25.74,26.03,25.74,25.92,11059.548
2025-05-14 12:00:00,25.92,25.98,25.61,25.66,10192.367
2025-05-14 13:00:00,25.66,25.94,25.42,25.68,20101.643
2025-05-14 14:00:00,25.68,25.68,25.15,25.35,31668.322
2025-05-14 15:00:00,25.35,25.44,25.13,25.41,12888.323
2025-05-14 16:00:00,25.41,25.48,25.13,25.3,13914.154
2025-05-14 17:00:00,25.3,25.34,24.97,25.21,19711.893
2025-05-14 18:00:00,25.21,25.37,25.07,25.19,28806.23
2025-05-14 19:00:00,25.19,25.34,25.15,25.26,9000.525
2025-05-14 20:00:00,25.26,25.32,25.13,25.13,10641.052
2025-05-14 21:00:00,25.13,25.2,24.94,25.16,15740.914
2025-05-14 22:00:00,25.16,25.18,24.8,24.84,11088.701
2025-05-14 23:00:00,24.84,25.01,24.75,24.96,7193.496
2025-05-15 00:00:00,24.96,25.12,24.8,25.06,31158.479
2025-05-15 01:00:00,25.06,25.07,24.45,24.53,17294.524
2025-05-15 02:00:00,24.53,24.68,24.46,24.58,13505.892
2025-05-15 03:00:00,24.58,24.666,24.37,24.4,14906.261
2025-05-15 04:00:00,24.4,24.64,24.36,24.59,25994.511
2025-05-15 05:00:00,24.59,24.6,24.25,24.28,31162.379
2025-05-15 06:00:00,24.28,24.47,23.98,24.14,35423.106
2025-05-15 07:00:00,24.14,24.14,23.53,23.56,23387.795
2025-05-15 08:00:00,23.56,24.2,23.56,24.16,68458.926
2025-05-15 09:00:00,24.16,24.17,23.62,23.81,53558.49
2025-05-15 10:00:00,23.81,23.85,23.52,23.71,11381.752
2025-05-15 11:00:00,23.71,23.99,23.69,23.96,15770.292
2025-05-15 12:00:00,23.96,24.1,23.73,23.82,24825.399
2025-05-15 13:00:00,23.82,23.95,23.38,23.59,27652.601
2025-05-15 14:00:00,23.59,23.66,23.03,23.3,25253.74
2025-05-15 15:00:00,23.3,23.83,23.21,23.8,20560.294
2025-05-15 16:00:00,23.8,24.09,23.58,24.09,19452.182
2025-05-15 17:00:00,24.09,24.2,23.91,23.92,15485.708
2025-05-15 18:00:00,23.92,23.94,23.31,23.35,13723.542
2025-05-15 19:00:00,23.35,23.59,23.27,23.51,12021.433
2025-05-15 20:00:00,23.51,23.73,23.34,23.39,34959.049
2025-05-15 21:00:00,23.39,23.46,23.02,23.37,20685.923
2025-05-15 22:00:00,23.37,23.61,23.31,23.33,6587.508
2025-05-15 23:00:00,23.33,23.51,22.95,23.51,24034.08
2025-05-16 00:00:00,23.51,23.67,23.4,23.48,10852.261
2025-05-16 01:00:00,23.48,23.69,23.34,23.64,8763.879
2025-05-16 02:00:00,23.64,23.91,23.61,23.86,25879.479
2025-05-16 03:00:00,23.86,23.96,23.78,23.92,6556.873
2025-05-16 04:00:00,23.92,24.0,23.71,23.86,8604.264
2025-05-16 05:00:00,23.86,24.05,23.86,23.92,11389.667
2025-05-16 06:00:00,23.92,23.99,23.85,23.9,5098.767
2025-05-16 07:00:00,23.9,23.93,23.67,23.78,13681.542
2025-05-16 08:00:00,23.78,23.82,23.25,23.43,18927.96
2025-05-16 09:00:00,23.43,23.78,23.42,23.77,9795.029
2025-05-16 10:00:00,23.77,23.93,23.66,23.91,11341.812
2025-05-16 11:00:00,23.91,23.99,23.76,23.81,13795.564
2025-05-16 12:00:00,23.81,23.89,23.67,23.67,5921.768
2025-05-16 13:00:00,23.67,23.96,23.63,23.93,7435.296
2025-05-16 14:00:00,23.93,23.93,23.45,23.57,20839.126
2025-05-16 15:00:00,23.57,23.84,23.55,23.72,20464.311
2025-05-16 16:00:00,23.72,23.87,23.43,23.64,6787.726
2025-05-16 17:00:00,23.64,23.71,23.36,23.43,8127.977
2025-05-16 18:00:00,23.43,23.52,23.37,23.46,6622.101
2025-05-16 19:00:00,23.46,23.61,23.44,23.57,5244.376
2025-05-16 20:00:00,23.57,23.58,23.09,23.26,15747.353
2025-05-16 21:00:00,23.26,23.39,23.13,23.22,13262.815
2025-05-16 22:00:00,23.22,23.22,22.68,22.93,31490.57
2025-05-16 23:00:00,22.93,23.2,22.93,23.07,13493.37
2025-05-17 00:00:00,23.07,23.13,22.56,22.73,31426.263
2025-05-17 01:00:00,22.73,22.73,22.27,22.47,22557.68
2025-05-17 02:00:00,22.47,22.72,22.28,22.61,10713.625
2025-05-17 03:00:00,22.61,22.77,22.43,22.76,5271.387
2025-05-17 04:00:00,22.76,23.13,22.74,23.05,13944.859
2025-05-17 05:00:00,23.05,23.07,22.74,22.76,4362.793
2025-05-17 06:00:00,22.76,22.93,22.75,22.87,14999.576
2025-05-17 07:00:00,22.87,23.02,22.7,22.82,4419.093
2025-05-17 08:00:00,22.82,22.92,22.68,22.75,7385.501
2025-05-17 09:00:00,22.75,22.81,22.57,22.73,6490.272
2025-05-17 10:00:00,22.73,22.92,22.69,22.81,5272.442
2025-05-17 11:00:00,22.81,22.9,22.63,22.78,6512.55
2025-05-17 12:00:00,22.78,22.84,22.58,22.6,7817.497
2025-05-17 13:00:00,22.6,22.7,22.33,22.38,10438.833
2025-05-17 14:00:00,22.38,22.72,22.37,22.68,7294.09
2025-05-17 15:00:00,22.68,22.7,22.46,22.46,4116.369
2025-05-17 16:00:00,22.46,22.55,22.11,22.32,15350.277
2025-05-17 17:00:00,22.32,22.58,22.29,22.34,9055.242
2025-05-17 18:00:00,22.34,22.58,22.19,22.21,27529.716
2025-05-17 19:00:00,22.21,22.38,22.15,22.18,7313.855
2025-05-17 20:00:00,22.18,22.57,22.1,22.51,13909.949
2025-05-17 21:00:00,22.51,22.54,22.34,22.4,7238.98
2025-05-17 22:00:00,22.4,22.41,21.97,22.1,10389.456
2025-05-17 23:00:00,22.1,22.28,22.01,22.17,7108.52
2025-05-18 00:00:00,22.17,22.29,22.05,22.27,8355.425
2025-05-18 01:00:00,22.27,22.39,22.16,22.33,6356.489
2025-05-18 02:00:00,22.33,22.37,22.18,22.21,3815.444
2025-05-18 03:00:00,22.21,22.31,22.02,22.2,14309.918
2025-05-18 04:00:00,22.2,22.46,22.2,22.45,3832.529
2025-05-18 05:00:00,22.45,22.93,22.45,22.89,13130.296
2025-05-18 06:00:00,22.89,22.89,22.67,22.73,10254.418
2025-05-18 07:00:00,22.73,23.18,22.7,23.13,17713.732
2025-05-18 08:00:00,23.13,23.33,23.13,23.25,15393.223
2025-05-18 09:00:00,23.25,23.3,22.98,23.03,5943.974
2025-05-18 10:00:00,23.03,23.13,22.94,23.04,4860.331
2025-05-18 11:00:00,23.04,23.1,22.91,22.92,6796.712
2025-05-18 12:00:00,22.92,23.03,22.79,23.03,9177.514
2025-05-18 13:00:00,23.03,23.28,22.96,23.27,7499.752
2025-05-18 14:00:00,23.27,23.72,23.18,23.56,19647.372
2025-05-18 15:00:00,23.56,23.87,23.46,23.76,14678.796
2025-05-18 16:00:00,23.76,23.82,23.45,23.54,19661.812
2025-05-18 17:00:00,23.54,23.54,22.92,22.95,23926.5
2025-05-18 18:00:00,22.95,22.96,22.37,22.48,45485.291
2025-05-18 19:00:00,22.48,22.6,22.03,22.03,16748.666
2025-05-18 20:00:00,22.03,22.13,21.54,22.09,44471.29
2025-05-18 21:00:00,22.09,22.58,22.08,22.32,17084.888
2025-05-18 22:00:00,22.32,22.71,22.09,22.71,12901.165
2025-05-18 23:00:00,22.71,23.15,22.52,23.05,20503.63
2025-05-19 00:00:00,23.05,23.19,22.39,22.48,23807.167
2025-05-19 01:00:00,22.48,22.55,22.22,22.36,9588.537
2025-05-19 02:00:00,22.36,22.43,22.09,22.12,8130.677
2025-05-19 03:00:00,22.12,22.14,21.89,21.9,7813.973
2025-05-19 04:00:00,21.9,22.04,21.49,21.62,16846.604
2025-05-19 05:00:00,21.62,21.79,21.5,21.72,13881.315
2025-05-19 06:00:00,21.72,21.86,21.27,21.28,21322.018
2025-05-19 07:00:00,21.28,21.74,21.27,21.69,10971.608
2025-05-19 08:00:00,21.69,21.79,21.53,21.66,10920.985
2025-05-19 09:00:00,21.66,21.82,21.48,21.65,20960.45
2025-05-19 10:00:00,21.65,21.74,21.53,21.64,6899.491
2025-05-19 11:00:00,21.64,21.74,21.57,21.68,5272.366
2025-05-19 12:00:00,21.68,21.69,21.41,21.52,10480.496
2025-05-19 13:00:00,21.52,21.96,21.5,21.85,16190.236
2025-05-19 14:00:00,21.85,22.04,21.82,21.97,12023.308
2025-05-19 15:00:00,21.97,22.17,21.95,22.1,12192.414
2025-05-19 16:00:00,22.1,22.4,21.91,22.39,12980.969
2025-05-19 17:00:00,22.39,22.62,22.26,22.29,17876.429
2025-05-19 18:00:00,22.29,22.38,22.04,22.16,10305.37
2025-05-19 19:00:00,22.16,22.34,22.12,22.3,11271.01
2025-05-19 20:00:00,22.3,22.36,22.17,22.23,7434.139
2025-05-19 21:00:00,22.23,22.24,22.04,22.21,4856.605
2025-05-19 22:00:00,22.21,22.21,21.98,22.09,5877.044
2025-05-19 23:00:00,22.09,22.31,22.08,22.25,5082.149
2025-05-20 00:00:00,22.25,22.56,22.11,22.14,15415.838
2025-05-20 01:00:00,22.14,22.61,22.1,22.5,10232.569
2025-05-20 02:00:00,22.5,22.81,22.48,22.51,11378.456
2025-05-20 03:00:00,22.51,22.55,22.29,22.41,8988.416
2025-05-20 04:00:00,22.41,22.59,22.28,22.56,6291.501
2025-05-20 05:00:00,22.56,22.62,22.48,22.49,9010.19
2025-05-20 06:00:00,22.49,22.53,22.3,22.48,10088.691
2025-05-20 07:00:00,22.48,22.5,22.19,22.25,8736.221
2025-05-20 08:00:00,22.25,22.34,22.14,22.28,8087.66
2025-05-20 09:00:00,22.28,22.36,22.22,22.24,7556.51
2025-05-20 10:00:00,22.24,22.35,21.99,22.15,19745.303
2025-05-20 11:00:00,22.15,22.18,21.94,22.13,13123.508
2025-05-20 12:00:00,22.13,22.13,21.86,21.97,11198.423
2025-05-20 13:00:00,21.97,22.05,21.86,21.98,12761.284
2025-05-20 14:00:00,21.98,22.17,21.94,21.98,11131.922
2025-05-20 15:00:00,21.98,22.21,21.98,22.15,7143.812
2025-05-20 16:00:00,22.15,22.25,22.01,22.03,7411.074
2025-05-20 17:00:00,22.03,22.31,22.01,22.24,35983.729
2025-05-20 18:00:00,22.24,22.28,21.77,21.83,17580.896
2025-05-20 19:00:00,21.83,22.48,21.77,22.41,18394.619
2025-05-20 20:00:00,22.41,22.59,22.29,22.54,18006.111
2025-05-20 21:00:00,22.54,22.76,22.52,22.68,12371.751
2025-05-20 22:00:00,22.68,22.77,22.42,22.6,8680.464
2025-05-20 23:00:00,22.6,22.77,22.51,22.6,6914.954
2025-05-21 00:00:00,22.6,22.72,22.47,22.49,11904.125
2025-05-21 01:00:00,22.49,22.63,22.35,22.37,7419.629
2025-05-21 02:00:00,22.37,22.48,22.16,22.45,10379.397
2025-05-21 03:00:00,22.45,22.68,22.4,22.55,11801.33
2025-05-21 04:00:00,22.55,22.76,22.43,22.62,20296.224
2025-05-21 05:00:00,22.62,22.91,22.62,22.78,18549.924
2025-05-21 06:00:00,22.78,23.0,22.63,22.87,12174.621
2025-05-21 07:00:00,22.87,22.94,22.45,22.56,19879.772
2025-05-21 08:00:00,22.56,22.69,22.52,22.55,6958.904
2025-05-21 09:00:00,22.55,22.59,22.37,22.43,8965.669
2025-05-21 10:00:00,22.43,22.59,22.39,22.56,6743.929
2025-05-21 11:00:00,22.56,22.85,22.54,22.76,9053.317
2025-05-21 12:00:00,22.76,22.9,22.63,22.71,7853.223
2025-05-21 13:00:00,22.71,22.89,22.54,22.75,12294.772
2025-05-21 14:00:00,22.75,23.13,22.61,23.13,17428.12
2025-05-21 15:00:00,23.13,23.3,22.94,23.22,33400.86
2025-05-21 16:00:00,23.22,23.82,23.15,23.47,42476.851
2025-05-21 17:00:00,23.47,23.59,22.39,22.57,105812.696
2025-05-21 18:00:00,22.57,22.87,22.45,22.55,38491.939
2025-05-21 19:00:00,22.55,22.92,22.43,22.87,23716.595
2025-05-21 20:00:00,22.87,22.92,22.59,22.73,20636.5
2025-05-21 21:00:00,22.73,22.81,22.64,22.71,11201.963
2025-05-21 22:00:00,22.71,23.04,22.67,23.01,34109.631
2025-05-21 23:00:00,23.01,23.46,22.89,23.17,43645.519
2025-05-22 00:00:00,23.17,23.52,23.13,23.5,29250.142
2025-05-22 01:00:00,23.5,23.56,23.3,23.4,28931.826
2025-05-22 02:00:00,23.4,23.58,23.38,23.54,23499.776
2025-05-22 03:00:00,23.54,23.86,23.45,23.78,28508.245
2025-05-22 04:00:00,23.78,23.95,23.71,23.92,22022.952
2025-05-22 05:00:00,23.92,24.12,23.81,23.82,30811.804
2025-05-22 06:00:00,23.82,24.15,23.82,24.03,28399.67
2025-05-22 07:00:00,24.03,24.16,23.93,24.14,30634.967
2025-05-22 08:00:00,24.14,24.5,24.08,24.28,56495.561
2025-05-22 09:00:00,24.28,24.63,24.26,24.49,24895.132
2025-05-22 10:00:00,24.49,25.41,24.48,24.91,143617.999
2025-05-22 11:00:00,24.91,25.3,24.7,25.1,47326.752
2025-05-22 12:00:00,25.1,25.34,25.04,25.21,33393.208
2025-05-22 13:00:00,25.21,25.29,24.78,24.86,45802.037
2025-05-22 14:00:00,24.86,25.43,24.86,25.21,36210.338
2025-05-22 15:00:00,25.21,25.24,24.99,25.04,22478.06
2025-05-22 16:00:00,25.04,25.41,25.04,25.18,47181.59
2025-05-22 17:00:00,25.18,25.35,25.09,25.15,26920.669
2025-05-22 18:00:00,25.15,25.34,25.13,25.25,20777.218
2025-05-22 19:00:00,25.25,25.28,25.04,25.09,20658.976
2025-05-22 20:00:00,25.09,25.33,24.91,24.94,33264.497
2025-05-22 21:00:00,24.94,24.97,24.72,24.87,19345.378
2025-05-22 22:00:00,24.87,25.05,24.87,24.91,23110.909
2025-05-22 23:00:00,24.91,25.28,24.91,25.25,15981.708
2025-05-23 00:00:00,25.25,25.45,25.12,25.17,46711.904
2025-05-23 01:00:00,25.17,25.43,25.05,25.33,13227.2
2025-05-23 02:00:00,25.33,25.859,25.33,25.65,18599.853
2025-05-23 03:00:00,25.65,25.84,25.64,25.74,18121.582
2025-05-23 04:00:00,25.74,25.83,25.34,25.56,17563.366
2025-05-23 05:00:00,25.56,25.66,25.28,25.43,32498.667
2025-05-23 06:00:00,25.43,25.44,24.93,25.03,26804.963
2025-05-23 07:00:00,25.03,25.32,25.01,25.1,18602.037
2025-05-23 08:00:00,25.1,25.57,25.1,25.52,17511.156
2025-05-23 09:00:00,25.52,25.98,25.45,25.95,31985.355
2025-05-23 10:00:00,25.95,25.97,25.6,25.64,26765.2
2025-05-23 11:00:00,25.64,25.8,24.28,24.46,112709.0
2025-05-23 12:00:00,24.46,24.48,23.67,24.23,114985.295
2025-05-23 13:00:00,24.23,24.9,24.14,24.88,47003.979
2025-05-23 14:00:00,24.88,25.0,24.61,24.87,25164.026
2025-05-23 15:00:00,24.87,24.99,24.46,24.48,24079.604
2025-05-23 16:00:00,24.48,24.59,24.14,24.45,51781.284
2025-05-23 17:00:00,24.45,24.64,24.35,24.39,17110.19
2025-05-23 18:00:00,24.39,24.45,24.09,24.14,33038.925
2025-05-23 19:00:00,24.14,24.27,24.0,24.02,23933.817
2025-05-23 20:00:00,24.02,24.03,23.67,23.69,24461.216
2025-05-23 21:00:00,23.69,23.93,23.61,23.69,27267.51
2025-05-23 22:00:00,23.69,23.87,23.53,23.53,20098.704
2025-05-23 23:00:00,23.53,23.57,22.92,23.08,50058.851
2025-05-24 00:00:00,23.08,23.3,22.95,22.98,21423.831
2025-05-24 01:00:00,22.98,23.27,22.95,23.04,19329.573
2025-05-24 02:00:00,23.04,23.33,22.95,23.25,9135.486
2025-05-24 03:00:00,23.25,23.47,23.21,23.28,9773.54
2025-05-24 04:00:00,23.28,23.43,23.21,23.39,8956.894
2025-05-24 05:00:00,23.39,23.39,23.09,23.2,14093.503
2025-05-24 06:00:00,23.2,23.27,22.99,23.15,18314.107
2025-05-24 07:00:00,23.15,23.26,23.01,23.14,21420.356
2025-05-24 08:00:00,23.14,23.17,22.88,23.15,14323.423
2025-05-24 09:00:00,23.15,23.26,23.07,23.08,23560.69
2025-05-24 10:00:00,23.08,23.45,23.05,23.37,27079.425
2025-05-24 11:00:00,23.37,23.43,23.21,23.23,16129.111
2025-05-24 12:00:00,23.23,23.28,23.11,23.19,22780.52
2025-05-24 13:00:00,23.19,23.21,22.99,23.02,13895.968
2025-05-24 14:00:00,23.02,23.21,22.99,23.18,12369.04
2025-05-24 15:00:00,23.18,23.25,23.01,23.15,24512.251
2025-05-24 16:00:00,23.15,23.15,22.93,23.07,18804.341
2025-05-24 17:00:00,23.07,23.19,22.96,22.96,13911.548
2025-05-24 18:00:00,22.96,23.07,22.81,22.85,27342.52
2025-05-24 19:00:00,22.85,23.02,22.82,23.02,9994.214
2025-05-24 20:00:00,23.02,23.114,22.98,23.0,10771.524
2025-05-24 21:00:00,23.0,23.02,22.76,22.96,14635.459
2025-05-24 22:00:00,22.96,22.99,22.82,22.83,27733.791
2025-05-24 23:00:00,22.83,22.99,22.76,22.96,10305.734
2025-05-25 00:00:00,22.96,23.14,22.61,22.68,49164.063
2025-05-25 01:00:00,22.68,22.75,22.48,22.66,14396.063
2025-05-25 02:00:00,22.66,22.85,22.57,22.82,12153.048
2025-05-25 03:00:00,22.82,22.96,22.81,22.91,9103.641
2025-05-25 04:00:00,22.91,22.92,22.81,22.92,11081.682
2025-05-25 05:00:00,22.92,22.92,22.75,22.84,7446.109
2025-05-25 06:00:00,22.84,22.84,22.66,22.7,16413.503
2025-05-25 07:00:00,22.7,22.7,22.43,22.47,23822.981
2025-05-25 08:00:00,22.47,22.48,22.15,22.22,47280.726
2025-05-25 09:00:00,22.22,22.35,22.12,22.34,14541.272
2025-05-25 10:00:00,22.34,22.39,22.14,22.17,15023.716
2025-05-25 11:00:00,22.17,22.43,22.11,22.39,10751.164
2025-05-25 12:00:00,22.39,22.5,22.29,22.49,13004.351
2025-05-25 13:00:00,22.49,22.57,22.33,22.45,14968.706
2025-05-25 14:00:00,22.45,22.49,22.22,22.27,14130.719
2025-05-25 15:00:00,22.27,22.31,22.03,22.26,29735.784
2025-05-25 16:00:00,22.26,22.26,22.09,22.24,10473.302
2025-05-25 17:00:00,22.24,22.35,22.23,22.32,12017.925
2025-05-25 18:00:00,22.32,22.4,22.25,22.32,9224.137
2025-05-25 19:00:00,22.32,22.56,22.29,22.49,11168.867
2025-05-25 20:00:00,22.49,22.51,22.36,22.43,7223.005
2025-05-25 21:00:00,22.43,22.52,22.3,22.41,9693.454
2025-05-25 22:00:00,22.41,23.43,22.38,23.37,41142.133
2025-05-25 23:00:00,23.37,23.47,23.15,23.45,33386.288
2025-05-26 00:00:00,23.45,23.79,23.33,23.75,20086.048
2025-05-26 01:00:00,23.75,23.81,23.45,23.57,12799.914
2025-05-26 02:00:00,23.57,23.6,23.27,23.28,23087.566
2025-05-26 03:00:00,23.28,23.45,23.22,23.36,15507.33
2025-05-26 04:00:00,23.36,23.47,23.32,23.41,17378.16
2025-05-26 05:00:00,23.41,23.47,23.32,23.45,13995.848
2025-05-26 06:00:00,23.45,23.81,23.4,23.78,22478.54
2025-05-26 07:00:00,23.78,23.94,23.65,23.92,33951.81
2025-05-26 08:00:00,23.92,24.0,23.64,23.65,32796.146
2025-05-26 09:00:00,23.65,23.85,23.59,23.61,12782.424
2025-05-26 10:00:00,23.61,23.78,23.53,23.59,26047.193
2025-05-26 11:00:00,23.59,23.75,23.54,23.69,8601.369
2025-05-26 12:00:00,23.69,23.84,23.57,23.79,25159.909
2025-05-26 13:00:00,23.79,23.88,23.28,23.35,28309.194
2025-05-26 14:00:00,23.35,23.44,23.18,23.38,15647.95
2025-05-26 15:00:00,23.38,23.66,23.27,23.49,22171.261
2025-05-26 16:00:00,23.49,23.55,23.05,23.14,35058.804
2025-05-26 17:00:00,23.14,23.24,22.96,23.06,27732.426
2025-05-26 18:00:00,23.06,23.17,22.98,23.0,27974.528
2025-05-26 19:00:00,23.0,23.07,22.88,23.01,12770.903
2025-05-26 20:00:00,23.01,23.16,22.91,23.12,19507.65
2025-05-26 21:00:00,23.12,23.16,23.02,23.11,7680.303
2025-05-26 22:00:00,23.11,23.27,22.94,22.95,13453.234
2025-05-26 23:00:00,22.95,23.1,22.89,23.07,8847.368
2025-05-27 00:00:00,23.07,23.2,22.83,22.88,30415.028
2025-05-27 01:00:00,22.88,22.88,22.51,22.72,17128.795
2025-05-27 02:00:00,22.72,22.93,22.71,22.8,12126.109
2025-05-27 03:00:00,22.8,23.14,22.79,23.04,19028.25
2025-05-27 04:00:00,23.04,23.71,23.01,23.52,28391.539
2025-05-27 05:00:00,23.52,23.64,23.33,23.57,15861.411
2025-05-27 06:00:00,23.57,23.86,23.33,23.34,40867.9
2025-05-27 07:00:00,23.34,23.61,23.34,23.5,15922.612
2025-05-27 08:00:00,23.5,23.76,23.5,23.61,18196.196
2025-05-27 09:00:00,23.61,23.69,23.52,23.65,14371.573
2025-05-27 10:00:00,23.65,23.67,23.5,23.54,15801.025
2025-05-27 11:00:00,23.54,23.62,23.4,23.62,10840.717
2025-05-27 12:00:00,23.62,23.76,23.55,23.61,22313.725
2025-05-27 13:00:00,23.61,23.89,23.43,23.46,40244.043
2025-05-27 14:00:00,23.46,23.55,23.12,23.3,38922.783
2025-05-27 15:00:00,23.3,23.52,23.22,23.44,26010.651
2025-05-27 16:00:00,23.44,23.61,23.31,23.5,15913.998
2025-05-27 17:00:00,23.5,23.84,23.43,23.73,38860.954
2025-05-27 18:00:00,23.73,23.78,23.45,23.52,16890.283
2025-05-27 19:00:00,23.52,23.57,23.38,23.41,14994.709
2025-05-27 20:00:00,23.41,23.54,23.35,23.53,12084.258
2025-05-27 21:00:00,23.53,23.57,23.24,23.29,18617.304
2025-05-27 22:00:00,23.29,23.38,23.18,23.28,8351.777
2025-05-27 23:00:00,23.28,23.4,23.25,23.37,16009.489
2025-05-28 00:00:00,23.37,23.6,23.3,23.6,9436.911
2025-05-28 01:00:00,23.6,23.71,23.48,23.48,25794.062
2025-05-28 02:00:00,23.48,23.65,23.36,23.61,11555.191
2025-05-28 03:00:00,23.61,23.72,23.57,23.58,21301.41
2025-05-28 04:00:00,23.58,23.62,23.38,23.53,6148.962
2025-05-28 05:00:00,23.53,23.53,23.37,23.48,13423.045
2025-05-28 06:00:00,23.48,23.48,23.19,23.22,16380.03
2025-05-28 07:00:00,23.22,23.41,23.16,23.28,22962.285
2025-05-28 08:00:00,23.28,23.54,23.2,23.47,21455.295
2025-05-28 09:00:00,23.47,23.49,23.19,23.22,26514.837
2025-05-28 10:00:00,23.22,23.53,23.07,23.49,23906.003
2025-05-28 11:00:00,23.49,23.58,23.4,23.55,18371.796
2025-05-28 12:00:00,23.55,23.77,23.46,23.63,26676.591
2025-05-28 13:00:00,23.63,23.65,23.24,23.26,22353.757
2025-05-28 14:00:00,23.26,23.33,23.01,23.04,33699.344
2025-05-28 15:00:00,23.04,23.14,22.84,22.87,61159.045
2025-05-28 16:00:00,22.87,23.13,22.86,23.13,11105.804
2025-05-28 17:00:00,23.13,23.4,23.1,23.13,25710.798
2025-05-28 18:00:00,23.13,23.18,22.91,22.93,16805.647
2025-05-28 19:00:00,22.93,23.1,22.79,22.82,20536.582
2025-05-28 20:00:00,22.82,23.14,22.77,23.1,20772.414
2025-05-28 21:00:00,23.1,23.31,23.06,23.26,14635.781
2025-05-28 22:00:00,23.26,23.29,23.03,23.06,9285.458
2025-05-28 23:00:00,23.06,23.61,23.06,23.61,22413.78
2025-05-29 00:00:00,23.61,23.95,23.45,23.95,57924.592
2025-05-29 01:00:00,23.95,24.02,23.6,23.81,32259.692
2025-05-29 02:00:00,23.81,24.28,23.62,24.25,33359.415
2025-05-29 03:00:00,24.25,24.35,24.12,24.19,27142.599
2025-05-29 04:00:00,24.19,24.3,23.5,23.75,33056.999
2025-05-29 05:00:00,23.75,23.8,23.56,23.65,16899.917
2025-05-29 06:00:00,23.65,23.82,23.61,23.67,16892.077
2025-05-29 07:00:00,23.67,23.78,23.59,23.72,11873.777
2025-05-29 08:00:00,23.72,23.81,23.55,23.66,21138.107
2025-05-29 09:00:00,23.66,23.68,23.45,23.5,68160.653
2025-05-29 10:00:00,23.5,23.54,23.38,23.47,18354.094
2025-05-29 11:00:00,23.47,23.54,23.35,23.43,15924.097
2025-05-29 12:00:00,23.43,23.43,23.16,23.21,18703.113
2025-05-29 13:00:00,23.21,23.3,22.96,22.98,40293.807
2025-05-29 14:00:00,22.98,23.07,22.68,23.02,47680.005
2025-05-29 15:00:00,23.02,23.04,22.76,22.78,23493.834
2025-05-29 16:00:00,22.78,22.86,22.66,22.75,22435.209
2025-05-29 17:00:00,22.75,22.99,22.67,22.87,33997.732
2025-05-29 18:00:00,22.87,23.03,22.6,22.62,23295.013
2025-05-29 19:00:00,22.62,22.68,22.45,22.63,21363.814
2025-05-29 20:00:00,22.63,22.74,22.59,22.67,31082.985
2025-05-29 21:00:00,22.67,22.76,22.62,22.75,7779.887
2025-05-29 22:00:00,22.75,22.78,22.44,22.45,15067.231
2025-05-29 23:00:00,22.45,22.5,22.17,22.25,35319.016
2025-05-30 00:00:00,22.25,22.35,21.12,21.43,145123.424
2025-05-30 01:00:00,21.43,21.72,21.39,21.57,52641.877
2025-05-30 02:00:00,21.57,21.86,21.53,21.73,24452.885
2025-05-30 03:00:00,21.73,21.85,21.66,21.84,16149.024
2025-05-30 04:00:00,21.84,21.85,21.68,21.79,21605.796
2025-05-30 05:00:00,21.79,21.87,21.72,21.84,13933.097
2025-05-30 06:00:00,21.84,21.85,21.31,21.42,30289.744
2025-05-30 07:00:00,21.42,21.62,21.37,21.43,25729.871
2025-05-30 08:00:00,21.43,21.61,21.32,21.47,32148.29
2025-05-30 09:00:00,21.47,21.59,21.29,21.57,29631.256
2025-05-30 10:00:00,21.57,21.61,21.38,21.59,22273.64
2025-05-30 11:00:00,21.59,21.87,21.58,21.8,31121.43
2025-05-30 12:00:00,21.8,21.89,21.44,21.81,40874.719
2025-05-30 13:00:00,21.81,21.88,21.41,21.46,38636.873
2025-05-30 14:00:00,21.46,21.7,21.43,21.61,21970.609
2025-05-30 15:00:00,21.61,21.78,21.47,21.49,14230.537
2025-05-30 16:00:00,21.49,21.58,20.75,21.0,94957.732
2025-05-30 17:00:00,21.0,21.19,20.91,21.12,42522.24
2025-05-30 18:00:00,21.12,21.376,21.08,21.37,16828.781
2025-05-30 19:00:00,21.37,21.37,21.24,21.27,15181.338
2025-05-30 20:00:00,21.27,21.34,21.18,21.21,14849.264
2025-05-30 21:00:00,21.21,21.27,21.03,21.07,13082.19
2025-05-30 22:00:00,21.07,21.12,20.59,20.59,29030.579
2025-05-30 23:00:00,20.59,20.744,20.4,20.56,44801.173
2025-05-31 00:00:00,20.56,20.6,20.11,20.19,45378.275
2025-05-31 01:00:00,20.19,20.37,19.89,20.12,61013.872
2025-05-31 02:00:00,20.12,20.3,19.95,19.96,17889.142
2025-05-31 03:00:00,19.96,20.13,19.78,20.07,24345.966
2025-05-31 04:00:00,20.07,20.19,19.83,20.18,17773.248
2025-05-31 05:00:00,20.18,20.22,20.01,20.01,32147.613
2025-05-31 06:00:00,20.01,20.26,20.0,20.17,12829.132
2025-05-31 07:00:00,20.17,20.22,20.09,20.15,17955.603
2025-05-31 08:00:00,20.15,20.27,20.08,20.23,14334.451
2025-05-31 09:00:00,20.23,20.31,20.1,20.13,33191.399
2025-05-31 10:00:00,20.13,20.34,20.08,20.19,10694.034
2025-05-31 11:00:00,20.19,20.21,20.09,20.2,3953.267
2025-05-31 12:00:00,20.2,20.56,20.19,20.56,9624.721
2025-05-31 13:00:00,20.56,20.79,20.49,20.57,34194.074
2025-05-31 14:00:00,20.57,20.74,20.57,20.71,12127.992
2025-05-31 15:00:00,20.71,20.85,20.63,20.67,19006.274
2025-05-31 16:00:00,20.67,20.99,20.62,20.95,23532.827
2025-05-31 17:00:00,20.95,20.96,20.69,20.7,13535.303
2025-05-31 18:00:00,20.7,20.91,20.69,20.9,9375.415
2025-05-31 19:00:00,20.9,21.01,20.85,20.88,9604.019
2025-05-31 20:00:00,20.88,21.02,20.82,21.0,13337.577
2025-05-31 21:00:00,21.0,21.12,20.93,20.97,19673.537
2025-05-31 22:00:00,20.97,21.0,20.84,20.86,5326.45
2025-05-31 23:00:00,20.86,20.98,20.77,20.8,24109.472
2025-06-01 00:00:00,20.8,20.82,20.68,20.77,6628.972
2025-06-01 01:00:00,20.77,20.84,20.58,20.63,8392.882
2025-06-01 02:00:00,20.63,20.73,20.51,20.68,9689.142
2025-06-01 03:00:00,20.68,20.73,20.55,20.68,3365.412
2025-06-01 04:00:00,20.68,20.9,20.65,20.86,3271.193
2025-06-01 05:00:00,20.86,20.93,20.75,20.79,4177.279
2025-06-01 06:00:00,20.79,20.8,20.65,20.67,6255.422
2025-06-01 07:00:00,20.67,20.72,20.61,20.68,5410.696
2025-06-01 08:00:00,20.68,20.69,20.56,20.62,5534.203
2025-06-01 09:00:00,20.62,20.66,20.27,20.37,13808.551
2025-06-01 10:00:00,20.37,20.44,20.27,20.41,10863.369
2025-06-01 11:00:00,20.41,20.48,20.34,20.4,5938.246
2025-06-01 12:00:00,20.4,20.43,20.18,20.28,6366.177
2025-06-01 13:00:00,20.28,20.49,20.26,20.45,3856.54
2025-06-01 14:00:00,20.45,20.75,20.45,20.65,13714.986
2025-06-01 15:00:00,20.65,20.78,20.6,20.71,9179.068
2025-06-01 16:00:00,20.71,20.96,20.7,20.8,35984.324
2025-06-01 17:00:00,20.8,20.84,20.71,20.75,8260.657
2025-06-01 18:00:00,20.75,20.75,20.4,20.56,18889.405
2025-06-01 19:00:00,20.56,20.67,20.53,20.67,9210.807
2025-06-01 20:00:00,20.67,20.78,20.57,20.67,11625.898
2025-06-01 21:00:00,20.67,20.89,20.65,20.85,8274.663
2025-06-01 22:00:00,20.85,20.97,20.79,20.83,20873.184
2025-06-01 23:00:00,20.83,20.94,20.83,20.88,7657.973
2025-06-02 00:00:00,20.88,20.95,20.79,20.88,9599.848
2025-06-02 01:00:00,20.88,21.0,20.75,20.76,9291.347
2025-06-02 02:00:00,20.76,20.78,20.62,20.66,9610.158
2025-06-02 03:00:00,20.66,20.67,20.46,20.57,10570.822
2025-06-02 04:00:00,20.57,20.71,20.56,20.58,8122.099
2025-06-02 05:00:00,20.58,20.69,20.49,20.6,8518.142
2025-06-02 06:00:00,20.6,20.744,20.51,20.66,16034.579
2025-06-02 07:00:00,20.66,20.81,20.65,20.69,10529.132
2025-06-02 08:00:00,20.69,20.81,20.58,20.61,15639.613
2025-06-02 09:00:00,20.61,20.62,20.32,20.36,26012.317
2025-06-02 10:00:00,20.36,20.44,20.25,20.34,21452.774
2025-06-02 11:00:00,20.34,20.41,20.22,20.32,17121.66
2025-06-02 12:00:00,20.32,20.51,20.26,20.5,8650.418
2025-06-02 13:00:00,20.5,20.68,20.36,20.44,34460.306
2025-06-02 14:00:00,20.44,20.68,20.35,20.52,17541.04
2025-06-02 15:00:00,20.52,20.7,20.42,20.57,36132.244
2025-06-02 16:00:00,20.57,20.59,20.42,20.55,19246.77
2025-06-02 17:00:00,20.55,20.6,20.43,20.56,18615.301
2025-06-02 18:00:00,20.56,20.76,20.53,20.62,14711.254
2025-06-02 19:00:00,20.62,20.78,20.41,20.55,15082.17
2025-06-02 20:00:00,20.55,20.74,20.55,20.69,12358.695
2025-06-02 21:00:00,20.69,20.89,20.69,20.89,14778.445
2025-06-02 22:00:00,20.89,21.31,20.89,21.13,44725.162
2025-06-02 23:00:00,21.13,21.27,21.13,21.16,29061.837
2025-06-03 00:00:00,21.16,21.43,21.14,21.36,18879.154
2025-06-03 01:00:00,21.36,21.69,21.36,21.66,28330.662
2025-06-03 02:00:00,21.66,21.7,21.41,21.46,15944.203
2025-06-03 03:00:00,21.46,21.49,21.25,21.27,15537.413
2025-06-03 04:00:00,21.27,21.29,21.12,21.15,11428.774
2025-06-03 05:00:00,21.15,21.41,21.15,21.41,16898.373
2025-06-03 06:00:00,21.41,21.45,21.29,21.45,10714.767
2025-06-03 07:00:00,21.45,21.47,21.28,21.29,14568.835
2025-06-03 08:00:00,21.29,21.36,21.13,21.22,15653.572
2025-06-03 09:00:00,21.22,21.3,21.15,21.21,5518.992
2025-06-03 10:00:00,21.21,21.23,21.17,21.22,7792.6
2025-06-03 11:00:00,21.22,21.31,21.17,21.23,19382.45
2025-06-03 12:00:00,21.23,21.27,21.15,21.24,15773.827
2025-06-03 13:00:00,21.24,21.49,21.23,21.3,33525.064
2025-06-03 14:00:00,21.3,21.55,21.15,21.53,21963.176
2025-06-03 15:00:00,21.53,21.57,21.34,21.36,26263.497
2025-06-03 16:00:00,21.36,21.44,21.27,21.28,10908.792
2025-06-03 17:00:00,21.28,21.5,21.26,21.44,9972.325
2025-06-03 18:00:00,21.44,21.46,21.31,21.44,8451.879
2025-06-03 19:00:00,21.44,21.6,21.43,21.55,17587.39
2025-06-03 20:00:00,21.55,21.56,21.08,21.23,12263.868
2025-06-03 21:00:00,21.23,21.26,20.89,20.99,14311.353
2025-06-03 22:00:00,20.99,21.27,20.97,21.2,21456.004
2025-06-03 23:00:00,21.2,21.21,21.06,21.14,8611.596
2025-06-04 00:00:00,21.14,21.29,21.06,21.27,18807.617
2025-06-04 01:00:00,21.27,21.56,21.27,21.54,13951.832
2025-06-04 02:00:00,21.54,21.64,21.38,21.42,14919.133
2025-06-04 03:00:00,21.42,21.6,21.42,21.48,7588.658
2025-06-04 04:00:00,21.48,21.53,21.38,21.4,7933.101
2025-06-04 05:00:00,21.4,21.44,21.3,21.34,6079.601
2025-06-04 06:00:00,21.34,21.58,21.27,21.48,19327.37
2025-06-04 07:00:00,21.48,21.53,21.37,21.42,8765.765
2025-06-04 08:00:00,21.42,21.55,21.41,21.41,8684.235
2025-06-04 09:00:00,21.41,21.45,21.26,21.33,19973.961
2025-06-04 10:00:00,21.33,21.37,21.19,21.2,16996.107
2025-06-04 11:00:00,21.2,21.24,21.04,21.05,32457.745
2025-06-04 12:00:00,21.05,21.13,20.91,20.96,19392.948
2025-06-04 13:00:00,20.96,21.02,20.82,20.88,31862.016
2025-06-04 14:00:00,20.88,20.97,20.73,20.97,18213.061
2025-06-04 15:00:00,20.97,21.16,20.92,21.1,18634.002
2025-06-04 16:00:00,21.1,21.11,20.97,21.05,10862.894
2025-06-04 17:00:00,21.05,21.06,20.78,20.84,11706.835
2025-06-04 18:00:00,20.84,20.93,20.79,20.82,17869.177
2025-06-04 19:00:00,20.82,20.86,20.65,20.66,22905.946
2025-06-04 20:00:00,20.66,20.66,20.14,20.19,64632.297
2025-06-04 21:00:00,20.19,20.48,20.08,20.34,39752.171
2025-06-04 22:00:00,20.34,20.37,20.18,20.18,36763.689
2025-06-04 23:00:00,20.18,20.22,20.06,20.08,41773.296
2025-06-05 00:00:00,20.08,20.24,20.03,20.14,47662.897
2025-06-05 01:00:00,20.14,20.19,19.95,20.03,40631.99
2025-06-05 02:00:00,20.03,20.28,20.01,20.16,44151.973
2025-06-05 03:00:00,20.16,20.23,20.07,20.21,37003.732
2025-06-05 04:00:00,20.21,20.35,20.18,20.33,17454.42
2025-06-05 05:00:00,20.33,20.35,20.07,20.11,13991.179
2025-06-05 06:00:00,20.11,20.25,20.05,20.08,22196.604
2025-06-05 07:00:00,20.08,20.3,20.07,20.21,20018.87
2025-06-05 08:00:00,20.21,20.34,20.18,20.22,17661.677
2025-06-05 09:00:00,20.22,20.35,20.21,20.27,13647.545
2025-06-05 10:00:00,20.27,20.28,20.01,20.11,14995.33
2025-06-05 11:00:00,20.11,20.2,20.08,20.19,7055.833
2025-06-05 12:00:00,20.19,20.52,20.13,20.47,21559.08
2025-06-05 13:00:00,20.47,20.54,19.98,20.03,25732.087
2025-06-05 14:00:00,20.03,20.18,19.78,20.02,155465.52
2025-06-05 15:00:00,20.02,20.11,19.95,19.98,55244.747
2025-06-05 16:00:00,19.98,20.01,19.59,19.62,113423.617
2025-06-05 17:00:00,19.62,19.74,19.58,19.65,83306.914
2025-06-05 18:00:00,19.65,19.796,19.55,19.7,15551.938
2025-06-05 19:00:00,19.7,19.72,19.1,19.28,83281.119
2025-06-05 20:00:00,19.28,19.36,18.46,18.48,90335.581
2025-06-05 21:00:00,18.48,18.86,18.43,18.81,56415.162
2025-06-05 22:00:00,18.81,18.9,18.63,18.84,51322.73
2025-06-05 23:00:00,18.84,18.89,18.73,18.75,19351.516
2025-06-06 00:00:00,18.75,18.86,18.62,18.86,38787.083
2025-06-06 01:00:00,18.86,18.88,18.78,18.86,15537.977
2025-06-06 02:00:00,18.86,18.98,18.77,18.97,17279.96
2025-06-06 03:00:00,18.97,19.18,18.93,19.16,13555.754
2025-06-06 04:00:00,19.16,19.37,19.14,19.33,16788.557
2025-06-06 05:00:00,19.33,19.39,19.23,19.34,10762.585
2025-06-06 06:00:00,19.34,19.51,19.32,19.38,18838.595
2025-06-06 07:00:00,19.38,19.4,19.28,19.35,9593.238
2025-06-06 08:00:00,19.35,19.48,19.34,19.41,14129.347
2025-06-06 09:00:00,19.41,19.49,19.29,19.29,22919.914
2025-06-06 10:00:00,19.29,19.42,19.29,19.35,13837.17
2025-06-06 11:00:00,19.35,19.46,19.33,19.37,18230.271
2025-06-06 12:00:00,19.37,19.67,19.34,19.42,30012.131
2025-06-06 13:00:00,19.42,19.75,19.42,19.63,26322.639
2025-06-06 14:00:00,19.63,19.86,19.63,19.85,24252.158
2025-06-06 15:00:00,19.85,19.95,19.66,19.71,24645.018
2025-06-06 16:00:00,19.71,19.8,19.56,19.59,24039.776
2025-06-06 17:00:00,19.59,19.66,19.52,19.63,19690.588
2025-06-06 18:00:00,19.63,19.67,19.4,19.43,17118.774
2025-06-06 19:00:00,19.43,19.51,19.38,19.42,9605.732
2025-06-06 20:00:00,19.42,19.59,19.37,19.51,17752.675
2025-06-06 21:00:00,19.51,19.76,19.43,19.76,11281.511
2025-06-06 22:00:00,19.76,19.91,19.67,19.74,33800.729
2025-06-06 23:00:00,19.74,19.79,19.62,19.65,8072.184
2025-06-07 00:00:00,19.65,19.85,19.57,19.84,23822.017
2025-06-07 01:00:00,19.84,19.86,19.63,19.7,9630.001
2025-06-07 02:00:00,19.7,19.88,19.66,19.88,13475.163
2025-06-07 03:00:00,19.88,20.13,19.86,20.1,17060.351
2025-06-07 04:00:00,20.1,20.17,20.05,20.12,15775.103
2025-06-07 05:00:00,20.12,20.31,20.1,20.29,12879.309
2025-06-07 06:00:00,20.29,20.45,20.23,20.43,17342.324
2025-06-07 07:00:00,20.43,20.7,20.34,20.65,27780.088
2025-06-07 08:00:00,20.65,20.81,20.62,20.64,35870.384
2025-06-07 09:00:00,20.64,20.74,20.64,20.7,14238.719
2025-06-07 10:00:00,20.7,20.91,20.67,20.89,25975.873
2025-06-07 11:00:00,20.89,21.14,20.84,21.04,89513.318
2025-06-07 12:00:00,21.04,21.07,20.84,21.0,26970.829
2025-06-07 13:00:00,21.0,21.03,20.78,20.97,16297.105
2025-06-07 14:00:00,20.97,21.02,20.88,20.9,15462.927
2025-06-07 15:00:00,20.9,20.97,20.86,20.91,12789.701
2025-06-07 16:00:00,20.91,20.99,20.68,20.68,13527.219
2025-06-07 17:00:00,20.68,20.77,20.68,20.69,5320.007
2025-06-07 18:00:00,20.69,20.86,20.69,20.74,12483.914
2025-06-07 19:00:00,20.74,20.84,20.74,20.83,8928.06
2025-06-07 20:00:00,20.83,20.86,20.79,20.82,6232.512
2025-06-07 21:00:00,20.82,20.92,20.82,20.86,8981.525
2025-06-07 22:00:00,20.86,20.92,20.79,20.84,7841.155
2025-06-07 23:00:00,20.84,20.85,20.63,20.64,31322.313
2025-06-08 00:00:00,20.64,20.66,20.4,20.48,56937.678
2025-06-08 01:00:00,20.48,20.57,20.37,20.56,13448.578
2025-06-08 02:00:00,20.56,20.56,20.4,20.41,15426.298
2025-06-08 03:00:00,20.41,20.41,20.34,20.35,7463.723
2025-06-08 04:00:00,20.35,20.39,20.28,20.36,6646.514
2025-06-08 05:00:00,20.36,20.39,20.26,20.28,7261.447
2025-06-08 06:00:00,20.28,20.35,20.25,20.26,13296.379
2025-06-08 07:00:00,20.26,20.38,20.26,20.27,11986.711
2025-06-08 08:00:00,20.27,20.66,20.27,20.62,25222.152
2025-06-08 09:00:00,20.62,20.63,20.14,20.18,45462.676
2025-06-08 10:00:00,20.18,20.32,20.15,20.31,10655.597
2025-06-08 11:00:00,20.31,20.56,20.31,20.49,15595.517
2025-06-08 12:00:00,20.49,20.53,20.35,20.47,14333.357
2025-06-08 13:00:00,20.47,20.75,20.47,20.51,17998.866
2025-06-08 14:00:00,20.51,20.73,20.47,20.69,13228.442
2025-06-08 15:00:00,20.69,20.84,20.64,20.68,17745.16
2025-06-08 16:00:00,20.68,20.89,20.65,20.81,13752.778
2025-06-08 17:00:00,20.81,21.0,20.81,20.94,15757.882
2025-06-08 18:00:00,20.94,21.23,20.91,21.22,25100.474
2025-06-08 19:00:00,21.22,21.34,21.11,21.34,24819.257
2025-06-08 20:00:00,21.34,21.48,21.31,21.33,18516.375
2025-06-08 21:00:00,21.33,21.49,21.33,21.38,11153.409
2025-06-08 22:00:00,21.38,21.42,21.11,21.16,15767.721
2025-06-08 23:00:00,21.16,21.24,21.02,21.05,20091.822
2025-06-09 00:00:00,21.05,21.13,20.88,20.93,17414.224
2025-06-09 01:00:00,20.93,21.01,20.8,20.85,19810.734
2025-06-09 02:00:00,20.85,20.94,20.64,20.7,11357.081
2025-06-09 03:00:00,20.7,20.78,20.6,20.74,13205.55
2025-06-09 04:00:00,20.74,20.74,20.47,20.47,11069.725
2025-06-09 05:00:00,20.47,20.47,20.28,20.29,13544.267
2025-06-09 06:00:00,20.29,20.42,20.24,20.4,16737.341
2025-06-09 07:00:00,20.4,20.4,20.28,20.34,10300.941
2025-06-09 08:00:00,20.34,20.44,20.22,20.42,11322.632
2025-06-09 09:00:00,20.42,20.8,20.37,20.63,24440.738
2025-06-09 10:00:00,20.63,20.88,20.57,20.79,26644.95
2025-06-09 11:00:00,20.79,20.93,20.73,20.81,33085.497
2025-06-09 12:00:00,20.81,20.97,20.73,20.96,17511.341
2025-06-09 13:00:00,20.96,20.97,20.59,20.65,16450.999
2025-06-09 14:00:00,20.65,21.01,20.65,20.91,18316.174
2025-06-09 15:00:00,20.91,21.14,20.88,21.03,16829.019
2025-06-09 16:00:00,21.03,21.36,21.03,21.19,27147.694
2025-06-09 17:00:00,21.19,21.42,21.19,21.39,19715.78
2025-06-09 18:00:00,21.39,21.45,21.24,21.34,14257.906
2025-06-09 19:00:00,21.34,21.44,21.27,21.37,17695.28
2025-06-09 20:00:00,21.37,21.43,21.21,21.29,14140.895
2025-06-09 21:00:00,21.29,21.865,21.29,21.8,23531.005
2025-06-09 22:00:00,21.8,21.98,21.78,21.95,29170.018
2025-06-09 23:00:00,21.95,22.03,21.78,21.95,17874.467
2025-06-10 00:00:00,21.95,22.21,21.94,22.03,29697.415
2025-06-10 01:00:00,22.03,22.19,21.98,22.08,18775.805
2025-06-10 02:00:00,22.08,22.08,21.86,21.88,14578.081
2025-06-10 03:00:00,21.88,21.89,21.77,21.82,11651.688
2025-06-10 04:00:00,21.82,21.87,21.62,21.69,10333.745
2025-06-10 05:00:00,21.69,21.83,21.55,21.64,19005.974
2025-06-10 06:00:00,21.64,21.77,21.52,21.71,14377.717
2025-06-10 07:00:00,21.71,21.81,21.64,21.69,16508.723
2025-06-10 08:00:00,21.69,21.75,21.53,21.54,12815.193
2025-06-10 09:00:00,21.54,21.72,21.52,21.68,17431.25
2025-06-10 10:00:00,21.68,21.77,21.56,21.75,22720.414
2025-06-10 11:00:00,21.75,22.33,21.6,22.22,66171.926
2025-06-10 12:00:00,22.22,22.45,22.07,22.43,44031.043
2025-06-10 13:00:00,22.43,22.48,21.77,22.06,48510.668
2025-06-10 14:00:00,22.06,22.17,21.71,21.8,30554.179
2025-06-10 15:00:00,21.8,21.98,21.57,21.92,25372.237
2025-06-10 16:00:00,21.92,22.09,21.77,21.77,30153.844
2025-06-10 17:00:00,21.77,21.98,21.77,21.89,14865.772
2025-06-10 18:00:00,21.89,22.24,21.81,22.17,22833.513
2025-06-10 19:00:00,22.17,22.48,22.13,22.23,40311.234
2025-06-10 20:00:00,22.23,22.25,22.03,22.25,22811.394
2025-06-10 21:00:00,22.25,22.3,22.02,22.24,20456.261
2025-06-10 22:00:00,22.24,22.59,22.24,22.43,38376.924
2025-06-10 23:00:00,22.43,22.57,22.4,22.57,30250.436
2025-06-11 00:00:00,22.57,22.65,22.23,22.26,25407.05
2025-06-11 01:00:00,22.26,22.27,22.04,22.09,22339.012
2025-06-11 02:00:00,22.09,22.21,22.05,22.13,12240.284
2025-06-11 03:00:00,22.13,22.38,22.13,22.32,10012.074
2025-06-11 04:00:00,22.32,22.32,22.18,22.23,8156.953
2025-06-11 05:00:00,22.23,22.27,22.14,22.19,13537.336
2025-06-11 06:00:00,22.19,22.31,22.13,22.28,11699.378
2025-06-11 07:00:00,22.28,22.47,22.23,22.37,22449.442
2025-06-11 08:00:00,22.37,22.44,22.18,22.21,20963.741
2025-06-11 09:00:00,22.21,22.25,21.91,21.98,32404.315
2025-06-11 10:00:00,21.98,22.11,21.94,22.07,20046.923
2025-06-11 11:00:00,22.07,22.09,21.86,21.99,18330.154
2025-06-11 12:00:00,21.99,22.5,21.9,22.32,69915.718
2025-06-11 13:00:00,22.32,22.44,22.17,22.24,30234.395
2025-06-11 14:00:00,22.24,22.77,22.23,22.52,48027.008
2025-06-11 15:00:00,22.52,22.68,22.38,22.56,36616.533
2025-06-11 16:00:00,22.56,22.6,22.37,22.45,28454.013
2025-06-11 17:00:00,22.45,22.45,21.87,21.91,47251.827
2025-06-11 18:00:00,21.91,21.98,21.75,21.82,66351.199
2025-06-11 19:00:00,21.82,21.87,21.64,21.72,40720.434
2025-06-11 20:00:00,21.72,21.87,21.6,21.74,18011.74
2025-06-11 21:00:00,21.74,21.94,21.45,21.51,47914.093
2025-06-11 22:00:00,21.51,21.58,21.32,21.47,33012.558
2025-06-11 23:00:00,21.47,21.62,21.43,21.57,16523.018
2025-06-12 00:00:00,21.57,21.63,21.35,21.52,29035.361
2025-06-12 01:00:00,21.52,21.55,21.27,21.49,13435.948
2025-06-12 02:00:00,21.49,21.56,21.38,21.42,10650.27
2025-06-12 03:00:00,21.42,21.44,21.14,21.22,18571.123
2025-06-12 04:00:00,21.22,21.27,21.12,21.24,15336.392
2025-06-12 05:00:00,21.24,21.25,21.06,21.18,23456.819
2025-06-12 06:00:00,21.18,21.26,21.06,21.14,21332.791
2025-06-12 07:00:00,21.14,21.2,20.97,21.03,15561.822
2025-06-12 08:00:00,21.03,21.12,20.93,21.09,34705.452
2025-06-12 09:00:00,21.09,21.12,20.97,21.04,13313.081
2025-06-12 10:00:00,21.04,21.04,20.84,20.93,37027.005
2025-06-12 11:00:00,20.93,20.95,20.77,20.8,15839.213
2025-06-12 12:00:00,20.8,21.09,20.74,20.98,30863.388
2025-06-12 13:00:00,20.98,21.22,20.97,21.17,33625.595
2025-06-12 14:00:00,21.17,21.31,21.15,21.21,22941.764
2025-06-12 15:00:00,21.21,21.27,20.84,20.87,36244.69
2025-06-12 16:00:00,20.87,21.19,20.83,21.06,69369.884
2025-06-12 17:00:00,21.06,21.25,21.05,21.17,50410.28
2025-06-12 18:00:00,21.17,21.19,20.81,20.92,41787.635
2025-06-12 19:00:00,20.92,20.96,20.49,20.59,37344.318
2025-06-12 20:00:00,20.59,20.68,20.16,20.29,54866.742
2025-06-12 21:00:00,20.29,20.53,20.26,20.3,31499.451
2025-06-12 22:00:00,20.3,20.41,20.27,20.36,19986.959
2025-06-12 23:00:00,20.36,20.43,20.27,20.29,20501.158
2025-06-13 00:00:00,20.29,20.3,19.0,19.2,145262.992
2025-06-13 01:00:00,19.2,19.2,18.6,18.83,124216.231
2025-06-13 02:00:00,18.83,18.84,18.48,18.7,66578.303
2025-06-13 03:00:00,18.7,19.2,18.66,19.1,41524.382
2025-06-13 04:00:00,19.1,19.1,18.83,19.05,25888.581
2025-06-13 05:00:00,19.05,19.1,18.97,18.97,31399.112
2025-06-13 06:00:00,18.97,19.12,18.8,19.12,34768.021
2025-06-13 07:00:00,19.12,19.18,18.96,19.15,30944.209
2025-06-13 08:00:00,19.15,19.4,19.09,19.23,39766.669
2025-06-13 09:00:00,19.23,19.3,19.04,19.14,45712.323
2025-06-13 10:00:00,19.14,19.23,19.02,19.22,27545.074
2025-06-13 11:00:00,19.22,19.3,19.03,19.26,26828.262
2025-06-13 12:00:00,19.26,19.33,19.05,19.08,27329.176
2025-06-13 13:00:00,19.08,19.27,18.94,19.04,27087.907
2025-06-13 14:00:00,19.04,19.17,18.87,19.11,37870.496
2025-06-13 15:00:00,19.11,19.43,19.1,19.3,61372.705
2025-06-13 16:00:00,19.3,19.54,19.26,19.43,28416.433
2025-06-13 17:00:00,19.43,19.43,19.07,19.23,29491.856
2025-06-13 18:00:00,19.23,19.27,18.91,19.04,36976.21
2025-06-13 19:00:00,19.04,19.17,18.98,19.03,39689.701
2025-06-13 20:00:00,19.03,19.28,18.97,19.22,21019.548
2025-06-13 21:00:00,19.22,19.28,19.12,19.21,12824.381
2025-06-13 22:00:00,19.21,19.36,19.2,19.29,14293.473
2025-06-13 23:00:00,19.29,19.45,19.28,19.42,15474.886
2025-06-14 00:00:00,19.42,19.43,19.23,19.24,38995.911
2025-06-14 01:00:00,19.24,19.29,19.15,19.22,11524.221
2025-06-14 02:00:00,19.22,19.31,19.16,19.18,10403.72
2025-06-14 03:00:00,19.18,19.33,19.18,19.26,3981.001
2025-06-14 04:00:00,19.26,19.42,19.25,19.36,18705.483
2025-06-14 05:00:00,19.36,19.37,19.25,19.29,16211.733
2025-06-14 06:00:00,19.29,19.31,19.18,19.2,20171.371
2025-06-14 07:00:00,19.2,19.29,19.07,19.25,15607.664
2025-06-14 08:00:00,19.25,19.25,19.11,19.18,8485.572
2025-06-14 09:00:00,19.18,19.19,19.02,19.04,11923.908
2025-06-14 10:00:00,19.04,19.16,19.01,19.12,9038.128
2025-06-14 11:00:00,19.12,19.18,19.08,19.14,10326.594
2025-06-14 12:00:00,19.14,19.15,19.02,19.13,6880.748
2025-06-14 13:00:00,19.13,19.21,19.02,19.1,13142.385
2025-06-14 14:00:00,19.1,19.13,18.98,19.02,9439.029
2025-06-14 15:00:00,19.02,19.08,18.86,18.97,13262.082
2025-06-14 16:00:00,18.97,19.03,18.71,18.74,21146.851
2025-06-14 17:00:00,18.74,18.97,18.71,18.94,12792.59
2025-06-14 18:00:00,18.94,19.07,18.76,18.9,14126.293
2025-06-14 19:00:00,18.9,19.0,18.87,18.89,14297.763
2025-06-14 20:00:00,18.89,18.92,18.76,18.89,13723.257
2025-06-14 21:00:00,18.89,19.1,18.85,19.06,14703.27
2025-06-14 22:00:00,19.06,19.1,18.9,18.96,12166.621
2025-06-14 23:00:00,18.96,19.02,18.93,18.94,7488.98
2025-06-15 00:00:00,18.94,19.05,18.91,19.03,9043.082
2025-06-15 01:00:00,19.03,19.04,18.92,18.96,8398.264
2025-06-15 02:00:00,18.96,19.05,18.93,18.94,9446.284
2025-06-15 03:00:00,18.94,19.02,18.91,18.98,3852.744
2025-06-15 04:00:00,18.98,19.16,18.97,19.15,13151.706
2025-06-15 05:00:00,19.15,19.25,19.06,19.24,14253.166
2025-06-15 06:00:00,19.24,19.28,19.09,19.09,14270.076
2025-06-15 07:00:00,19.09,19.12,18.94,18.97,21926.984
2025-06-15 08:00:00,18.97,18.97,18.86,18.88,8354.766
2025-06-15 09:00:00,18.88,18.88,18.78,18.8,18342.924
2025-06-15 10:00:00,18.8,18.96,18.8,18.96,16316.071
2025-06-15 11:00:00,18.96,19.02,18.88,18.98,15075.397
2025-06-15 12:00:00,18.98,19.03,18.9,19.02,11621.836
2025-06-15 13:00:00,19.02,19.06,18.88,19.03,14152.286
2025-06-15 14:00:00,19.03,19.23,18.91,19.17,18137.216
2025-06-15 15:00:00,19.17,19.27,19.06,19.08,19120.064
2025-06-15 16:00:00,19.08,19.15,19.01,19.12,16071.389
2025-06-15 17:00:00,19.12,19.2,19.03,19.14,13760.897
2025-06-15 18:00:00,19.14,19.14,19.0,19.09,14025.175
2025-06-15 19:00:00,19.09,19.18,19.0,19.09,22812.553
2025-06-15 20:00:00,19.09,19.09,18.75,18.83,24026.965
2025-06-15 21:00:00,18.83,18.94,18.73,18.94,14634.731
2025-06-15 22:00:00,18.94,19.18,18.92,19.11,15301.059
2025-06-15 23:00:00,19.11,19.15,19.06,19.11,11624.756
2025-06-16 00:00:00,19.11,19.14,19.01,19.09,19989.637
2025-06-16 01:00:00,19.09,19.35,18.91,19.33,20318.209
2025-06-16 02:00:00,19.33,19.47,19.33,19.36,15400.133
2025-06-16 03:00:00,19.36,19.38,19.26,19.27,11556.345
2025-06-16 04:00:00,19.27,19.46,19.25,19.41,8889.326
2025-06-16 05:00:00,19.41,19.63,19.36,19.62,25701.912
2025-06-16 06:00:00,19.62,19.76,19.6,19.64,16212.321
2025-06-16 07:00:00,19.64,19.87,19.64,19.79,20457.23
2025-06-16 08:00:00,19.79,19.83,19.65,19.72,14158.453
2025-06-16 09:00:00,19.72,19.77,19.68,19.73,14551.424
2025-06-16 10:00:00,19.73,19.79,19.58,19.62,18062.101
2025-06-16 11:00:00,19.62,19.66,19.42,19.63,11077.666
2025-06-16 12:00:00,19.63,19.66,19.5,19.52,30078.232
2025-06-16 13:00:00,19.52,19.74,19.48,19.74,19551.335
2025-06-16 14:00:00,19.74,19.92,19.68,19.73,38466.285
2025-06-16 15:00:00,19.73,19.86,19.68,19.72,25886.561
2025-06-16 16:00:00,19.72,19.88,19.67,19.78,19995.419
2025-06-16 17:00:00,19.78,19.84,19.68,19.7,20639.88
2025-06-16 18:00:00,19.7,19.83,19.65,19.83,15573.545
2025-06-16 19:00:00,19.83,19.93,19.72,19.77,32105.818
2025-06-16 20:00:00,19.77,20.0,19.66,19.93,21653.2
2025-06-16 21:00:00,19.93,19.97,19.8,19.84,11337.496
2025-06-16 22:00:00,19.84,19.94,19.17,19.35,41678.12
2025-06-16 23:00:00,19.35,19.53,19.0,19.07,41808.299
2025-06-17 00:00:00,19.07,19.28,18.69,19.28,50629.644
2025-06-17 01:00:00,19.28,19.37,19.15,19.22,21730.702
2025-06-17 02:00:00,19.22,19.4,19.06,19.37,23604.7
2025-06-17 03:00:00,19.37,19.49,19.29,19.31,18945.811
2025-06-17 04:00:00,19.31,19.33,19.21,19.26,12509.631
2025-06-17 05:00:00,19.26,19.29,19.16,19.21,15716.443
2025-06-17 06:00:00,19.21,19.25,19.05,19.1,24451.491
2025-06-17 07:00:00,19.1,19.2,19.09,19.13,17558.742
2025-06-17 08:00:00,19.13,19.15,18.98,19.0,18630.091
2025-06-17 09:00:00,19.0,19.06,18.92,18.98,20739.265
2025-06-17 10:00:00,18.98,18.99,18.85,18.99,21402.147
2025-06-17 11:00:00,18.99,19.0,18.85,18.93,25608.27
2025-06-17 12:00:00,18.93,19.03,18.89,18.91,10924.337
2025-06-17 13:00:00,18.91,19.06,18.89,18.91,20643.311
2025-06-17 14:00:00,18.91,19.05,18.71,18.73,69596.934
2025-06-17 15:00:00,18.73,18.77,18.52,18.66,72877.598
2025-06-17 16:00:00,18.66,18.67,18.13,18.14,170670.479
2025-06-17 17:00:00,18.14,18.43,18.13,18.28,126700.426
2025-06-17 18:00:00,18.28,18.58,18.26,18.58,36753.603
2025-06-17 19:00:00,18.58,18.93,18.58,18.79,46578.236
2025-06-17 20:00:00,18.79,18.85,18.64,18.65,22929.77
2025-06-17 21:00:00,18.65,18.71,18.48,18.53,29465.992
2025-06-17 22:00:00,18.53,18.55,18.34,18.35,10269.668
2025-06-17 23:00:00,18.35,18.69,18.35,18.59,16569.706
2025-06-18 00:00:00,18.59,18.74,18.54,18.69,12398.478
2025-06-18 01:00:00,18.69,18.85,18.64,18.65,20846.909
2025-06-18 02:00:00,18.65,18.69,18.56,18.59,8513.705
2025-06-18 03:00:00,18.59,18.76,18.57,18.7,12287.275
2025-06-18 04:00:00,18.7,18.9,18.7,18.85,14411.348
2025-06-18 05:00:00,18.85,18.87,18.77,18.78,12722.359
2025-06-18 06:00:00,18.78,18.83,18.64,18.69,17618.973
2025-06-18 07:00:00,18.69,18.74,18.65,18.74,17410.555
2025-06-18 08:00:00,18.74,18.82,18.56,18.62,25764.724
2025-06-18 09:00:00,18.62,18.68,18.5,18.55,8215.554
2025-06-18 10:00:00,18.55,18.55,18.26,18.29,19419.276
2025-06-18 11:00:00,18.29,18.55,18.23,18.51,22312.896
2025-06-18 12:00:00,18.51,18.55,18.36,18.39,16575.425
2025-06-18 13:00:00,18.39,18.41,18.06,18.38,47509.393
2025-06-18 14:00:00,18.38,18.6,18.29,18.36,81276.905
2025-06-18 15:00:00,18.36,18.48,18.23,18.36,25655.439
2025-06-18 16:00:00,18.36,18.36,18.11,18.21,27143.448
2025-06-18 17:00:00,18.21,18.4,18.07,18.37,32697.129
2025-06-18 18:00:00,18.37,18.51,18.11,18.11,47296.869
2025-06-18 19:00:00,18.11,18.39,18.08,18.21,25957.595
2025-06-18 20:00:00,18.21,18.64,18.13,18.59,26485.944
2025-06-18 21:00:00,18.59,18.63,18.33,18.4,42051.882
2025-06-18 22:00:00,18.4,18.4,18.16,18.17,23327.752
2025-06-18 23:00:00,18.17,18.24,18.09,18.17,21009.814
2025-06-19 00:00:00,18.17,18.4,18.1,18.15,30775.474
2025-06-19 01:00:00,18.15,18.17,18.0,18.05,20282.665
2025-06-19 02:00:00,18.05,18.1,17.91,17.97,25156.218
2025-06-19 03:00:00,17.97,18.11,17.97,18.05,11285.109
2025-06-19 04:00:00,18.05,18.07,17.79,17.88,23026.128
2025-06-19 05:00:00,17.88,18.06,17.85,17.9,18062.624
2025-06-19 06:00:00,17.9,17.95,17.86,17.91,28031.913
2025-06-19 07:00:00,17.91,17.99,17.89,17.91,17008.207
2025-06-19 08:00:00,17.91,18.02,17.91,17.92,12803.347
2025-06-19 09:00:00,17.92,18.09,17.88,18.04,10373.549
2025-06-19 10:00:00,18.04,18.08,17.94,17.99,18392.102
2025-06-19 11:00:00,17.99,17.99,17.88,17.91,16335.309
2025-06-19 12:00:00,17.91,18.0,17.86,17.96,19666.547
2025-06-19 13:00:00,17.96,18.03,17.74,17.78,35034.871
2025-06-19 14:00:00,17.78,17.89,17.66,17.71,30467.654
2025-06-19 15:00:00,17.71,17.8,17.67,17.74,62383.362
2025-06-19 16:00:00,17.74,17.86,17.64,17.66,26356.766
2025-06-19 17:00:00,17.66,17.97,17.65,17.94,25404.917
2025-06-19 18:00:00,17.94,18.09,17.88,17.96,20679.223
2025-06-19 19:00:00,17.96,18.03,17.91,17.94,16888.006
2025-06-19 20:00:00,17.94,18.08,17.93,18.03,21326.816
2025-06-19 21:00:00,18.03,18.07,17.95,18.01,15708.997
2025-06-19 22:00:00,18.01,18.19,18.01,18.12,15821.666
2025-06-19 23:00:00,18.12,18.16,18.03,18.06,12737.756
2025-06-20 00:00:00,18.06,18.16,18.05,18.08,9731.86
2025-06-20 01:00:00,18.08,18.16,18.0,18.13,9814.372
2025-06-20 02:00:00,18.13,18.18,18.02,18.06,12149.687
2025-06-20 03:00:00,18.06,18.06,17.98,18.0,9970.891
2025-06-20 04:00:00,18.0,18.01,17.85,17.85,11093.918
2025-06-20 05:00:00,17.85,17.98,17.83,17.97,15574.137
2025-06-20 06:00:00,17.97,18.04,17.96,18.01,8934.479
2025-06-20 07:00:00,18.01,18.42,17.99,18.33,44985.609
2025-06-20 08:00:00,18.33,18.41,18.19,18.22,27233.266
2025-06-20 09:00:00,18.22,18.25,18.14,18.22,27149.227
2025-06-20 10:00:00,18.22,18.3,18.15,18.28,12887.999
2025-06-20 11:00:00,18.28,18.33,18.23,18.26,13107.8
2025-06-20 12:00:00,18.26,18.36,18.23,18.31,17835.643
2025-06-20 13:00:00,18.31,18.35,18.14,18.19,21383.465
2025-06-20 14:00:00,18.19,18.24,17.74,17.74,48927.605
2025-06-20 15:00:00,17.74,17.95,17.74,17.81,22270.431
2025-06-20 16:00:00,17.81,17.82,17.45,17.49,32070.822
2025-06-20 17:00:00,17.49,17.52,16.91,17.34,112455.997
2025-06-20 18:00:00,17.34,17.48,17.32,17.41,21985.631
2025-06-20 19:00:00,17.41,17.46,17.268,17.46,15588.371
2025-06-20 20:00:00,17.46,17.67,17.43,17.56,26418.614
2025-06-20 21:00:00,17.56,17.56,17.35,17.36,12020.574
2025-06-20 22:00:00,17.36,17.36,17.2,17.3,19041.872
2025-06-20 23:00:00,17.3,17.39,17.26,17.37,13877.673
2025-06-21 00:00:00,17.37,17.51,17.37,17.43,10755.002
2025-06-21 01:00:00,17.43,17.56,17.42,17.54,10864.367
2025-06-21 02:00:00,17.54,17.56,17.47,17.54,5479.745
2025-06-21 03:00:00,17.54,17.64,17.54,17.6,7603.809
2025-06-21 04:00:00,17.6,17.62,17.52,17.52,9438.661
2025-06-21 05:00:00,17.52,17.6,17.51,17.56,5985.138
2025-06-21 06:00:00,17.56,17.6,17.53,17.57,8664.106
2025-06-21 07:00:00,17.57,17.59,17.5,17.54,12440.561
2025-06-21 08:00:00,17.54,17.61,17.49,17.61,6443.123
2025-06-21 09:00:00,17.61,17.63,17.53,17.6,15964.936
2025-06-21 10:00:00,17.6,17.6,17.49,17.52,18598.286
2025-06-21 11:00:00,17.52,17.63,17.52,17.6,13065.736
2025-06-21 12:00:00,17.6,17.63,17.34,17.34,87846.717
2025-06-21 13:00:00,17.34,17.38,17.14,17.17,33778.483
2025-06-21 14:00:00,17.17,17.24,17.08,17.14,41850.989
2025-06-21 15:00:00,17.14,17.19,17.0,17.15,19531.039
2025-06-21 16:00:00,17.15,17.19,17.03,17.07,15023.54
2025-06-21 17:00:00,17.07,17.15,16.82,16.86,35789.043
2025-06-21 18:00:00,16.86,17.0,16.79,16.82,24612.239
2025-06-21 19:00:00,16.82,16.92,16.76,16.78,34252.531
2025-06-21 20:00:00,16.78,17.11,16.78,17.08,23993.71
2025-06-21 21:00:00,17.08,17.1,16.32,16.58,45336.044
2025-06-21 22:00:00,16.58,16.76,16.54,16.69,28799.092
2025-06-21 23:00:00,16.69,16.84,16.45,16.82,61481.748
2025-06-22 00:00:00,16.82,17.1,16.69,16.99,23500.009
2025-06-22 01:00:00,16.99,17.11,16.86,16.86,36260.288
2025-06-22 02:00:00,16.86,16.99,16.59,16.78,30862.023
2025-06-22 03:00:00,16.78,16.86,16.61,16.7,27782.695
2025-06-22 04:00:00,16.7,16.97,16.67,16.93,15298.862
2025-06-22 05:00:00,16.93,17.0,16.83,16.96,24647.058
2025-06-22 06:00:00,16.96,17.0,16.9,17.0,13890.5
2025-06-22 07:00:00,17.0,17.0,16.8,16.85,14305.999
2025-06-22 08:00:00,16.85,16.9,16.76,16.88,11012.276
2025-06-22 09:00:00,16.88,16.93,16.53,16.53,39075.082
2025-06-22 10:00:00,16.53,16.75,16.53,16.69,14530.236
2025-06-22 11:00:00,16.69,16.81,16.59,16.67,20658.978
2025-06-22 12:00:00,16.67,16.75,16.5,16.68,18643.694
2025-06-22 13:00:00,16.68,16.72,16.02,16.23,101497.084
2025-06-22 14:00:00,16.23,16.33,15.96,16.31,89387.867
2025-06-22 15:00:00,16.31,16.38,15.99,16.03,43457.583
2025-06-22 16:00:00,16.03,16.2,15.97,16.19,24648.663
2025-06-22 17:00:00,16.19,16.35,16.07,16.22,39370.611
2025-06-22 18:00:00,16.22,16.3,16.05,16.05,21515.637
2025-06-22 19:00:00,16.05,16.08,15.89,15.94,20249.14
2025-06-22 20:00:00,15.94,16.14,15.62,16.05,59120.797
2025-06-22 21:00:00,16.05,16.16,15.89,15.96,11428.904
2025-06-22 22:00:00,15.96,16.41,15.96,16.4,34456.233
2025-06-22 23:00:00,16.4,16.53,16.3,16.53,23608.706
2025-06-23 00:00:00,16.53,16.76,16.51,16.57,33500.333
2025-06-23 01:00:00,16.57,16.67,16.49,16.67,13188.607
2025-06-23 02:00:00,16.67,16.71,16.62,16.64,11980.085
2025-06-23 03:00:00,16.64,16.68,16.5,16.52,15624.354
2025-06-23 04:00:00,16.52,16.66,16.52,16.65,11695.358
2025-06-23 05:00:00,16.65,16.82,16.64,16.8,29603.851
2025-06-23 06:00:00,16.8,16.94,16.8,16.93,28692.908
2025-06-23 07:00:00,16.93,17.07,16.91,16.92,36122.337
2025-06-23 08:00:00,16.92,17.09,16.91,17.07,15316.285
2025-06-23 09:00:00,17.07,17.15,17.0,17.12,25473.114
2025-06-23 10:00:00,17.12,17.14,16.84,16.9,21890.098
2025-06-23 11:00:00,16.9,16.91,16.79,16.87,15696.646
2025-06-23 12:00:00,16.87,17.04,16.79,17.04,16751.938
2025-06-23 13:00:00,17.04,17.28,16.76,17.11,56593.121
2025-06-23 14:00:00,17.11,17.23,16.93,16.98,34872.646
2025-06-23 15:00:00,16.98,17.06,16.72,16.75,21611.539
2025-06-23 16:00:00,16.75,16.77,16.27,16.35,45547.466
2025-06-23 17:00:00,16.35,17.03,16.31,16.98,91799.538
2025-06-23 18:00:00,16.98,17.24,16.98,17.18,79438.049
2025-06-23 19:00:00,17.18,17.32,17.12,17.31,39159.718
2025-06-23 20:00:00,17.31,17.76,17.26,17.52,48550.153
2025-06-23 21:00:00,17.52,17.7,17.36,17.38,33087.393
2025-06-23 22:00:00,17.38,18.21,17.38,18.01,200170.302
2025-06-23 23:00:00,18.01,18.12,17.99,18.06,24919.047
2025-06-24 00:00:00,18.06,18.15,17.96,18.0,29051.005
2025-06-24 01:00:00,18.0,18.23,18.0,18.14,25026.726
2025-06-24 02:00:00,18.14,18.15,18.0,18.12,18840.581
2025-06-24 03:00:00,18.12,18.21,18.03,18.05,14428.873
2025-06-24 04:00:00,18.05,18.09,17.98,18.06,9200.513
2025-06-24 05:00:00,18.06,18.35,18.05,18.34,23015.181
2025-06-24 06:00:00,18.34,18.48,18.28,18.45,18031.223
2025-06-24 07:00:00,18.45,18.45,18.04,18.05,25510.697
2025-06-24 08:00:00,18.05,18.11,17.89,18.05,19439.714
2025-06-24 09:00:00,18.05,18.28,18.0,18.1,24600.098
2025-06-24 10:00:00,18.1,18.16,18.06,18.14,14232.423
2025-06-24 11:00:00,18.14,18.2,18.02,18.13,15191.302
2025-06-24 12:00:00,18.13,18.18,18.01,18.1,15416.407
2025-06-24 13:00:00,18.1,18.16,18.0,18.07,21149.039
2025-06-24 14:00:00,18.07,18.29,18.07,18.2,39046.591
2025-06-24 15:00:00,18.2,18.25,18.07,18.17,15473.518
2025-06-24 16:00:00,18.17,18.42,18.1,18.41,26244.253
2025-06-24 17:00:00,18.41,18.43,18.12,18.13,68434.583
2025-06-24 18:00:00,18.13,18.16,17.97,18.09,12047.15
2025-06-24 19:00:00,18.09,18.13,17.93,18.03,20569.004
2025-06-24 20:00:00,18.03,18.19,17.96,18.18,8513.829
2025-06-24 21:00:00,18.18,18.22,18.05,18.2,17168.978
2025-06-24 22:00:00,18.2,18.2,18.07,18.17,9003.21
2025-06-24 23:00:00,18.17,18.23,18.07,18.23,15126.852
2025-06-25 00:00:00,18.23,18.33,18.11,18.31,18561.01
2025-06-25 01:00:00,18.31,18.33,18.13,18.23,19735.175
2025-06-25 02:00:00,18.23,18.36,18.17,18.19,23096.564
2025-06-25 03:00:00,18.19,18.24,18.11,18.12,14638.423
2025-06-25 04:00:00,18.12,18.19,18.08,18.11,11018.075
2025-06-25 05:00:00,18.11,18.12,17.98,18.02,15561.002
2025-06-25 06:00:00,18.02,18.09,17.98,18.07,16035.7
2025-06-25 07:00:00,18.07,18.13,17.99,18.03,13300.036
2025-06-25 08:00:00,18.03,18.04,17.82,17.91,16087.774
2025-06-25 09:00:00,17.91,17.98,17.73,17.78,20786.492
2025-06-25 10:00:00,17.78,17.91,17.75,17.89,15922.794
2025-06-25 11:00:00,17.89,18.0,17.83,17.99,15237.285
2025-06-25 12:00:00,17.99,17.99,17.87,17.92,14552.31
2025-06-25 13:00:00,17.92,18.13,17.9,18.03,24308.441
2025-06-25 14:00:00,18.03,18.04,17.63,17.81,40542.556
2025-06-25 15:00:00,17.81,17.81,17.56,17.58,28204.89
2025-06-25 16:00:00,17.58,17.73,17.58,17.6,13478.849
2025-06-25 17:00:00,17.6,17.79,17.54,17.68,13130.774
2025-06-25 18:00:00,17.68,17.69,17.58,17.61,11469.248
2025-06-25 19:00:00,17.61,17.77,17.6,17.72,17132.534
2025-06-25 20:00:00,17.72,17.76,17.67,17.74,12532.721
2025-06-25 21:00:00,17.74,17.82,17.57,17.62,11531.541
2025-06-25 22:00:00,17.62,17.62,17.46,17.5,19618.309
2025-06-25 23:00:00,17.5,17.58,17.42,17.58,13368.24
2025-06-26 00:00:00,17.58,17.64,17.53,17.55,18723.345
2025-06-26 01:00:00,17.55,17.78,17.45,17.69,26108.079
2025-06-26 02:00:00,17.69,17.88,17.63,17.84,14651.14
2025-06-26 03:00:00,17.84,18.01,17.71,17.77,12793.369
2025-06-26 04:00:00,17.77,17.78,17.64,17.71,8085.128
2025-06-26 05:00:00,17.71,17.71,17.54,17.61,12676.186
2025-06-26 06:00:00,17.61,17.67,17.58,17.65,10966.292
2025-06-26 07:00:00,17.65,17.82,17.61,17.73,14049.078
2025-06-26 08:00:00,17.73,17.79,17.6,17.6,23800.022
2025-06-26 09:00:00,17.6,17.63,17.41,17.43,10065.664
2025-06-26 10:00:00,17.43,17.5,17.39,17.48,13170.435
2025-06-26 11:00:00,17.48,17.48,17.39,17.42,12017.778
2025-06-26 12:00:00,17.42,17.43,17.28,17.3,15235.183
2025-06-26 13:00:00,17.3,17.34,17.15,17.21,29314.084
2025-06-26 14:00:00,17.21,17.39,17.11,17.3,20778.942
2025-06-26 15:00:00,17.3,17.34,17.1,17.26,17020.935
2025-06-26 16:00:00,17.26,17.27,17.16,17.21,15980.858
2025-06-26 17:00:00,17.21,17.3,17.16,17.18,16234.084
2025-06-26 18:00:00,17.18,17.33,17.16,17.23,23848.567
2025-06-26 19:00:00,17.23,17.38,17.18,17.33,12219.036
2025-06-26 20:00:00,17.33,17.64,17.3,17.47,16326.643
2025-06-26 21:00:00,17.47,17.48,17.19,17.28,20394.078
2025-06-26 22:00:00,17.28,17.36,17.19,17.2,14437.418
2025-06-26 23:00:00,17.2,17.26,17.18,17.23,9716.946
2025-06-27 00:00:00,17.23,17.3,17.09,17.1,13229.076
2025-06-27 01:00:00,17.1,17.39,17.02,17.34,15811.246
2025-06-27 02:00:00,17.34,17.53,17.31,17.5,8201.816
2025-06-27 03:00:00,17.5,17.54,17.45,17.5,7996.393
2025-06-27 04:00:00,17.5,17.55,17.47,17.52,7348.494
2025-06-27 05:00:00,17.52,17.61,17.37,17.37,12020.252
2025-06-27 06:00:00,17.37,17.49,17.35,17.45,11412.818
2025-06-27 07:00:00,17.45,17.58,17.36,17.4,16692.047
2025-06-27 08:00:00,17.4,17.62,17.39,17.57,17971.979
2025-06-27 09:00:00,17.57,17.59,17.47,17.52,17264.746
2025-06-27 10:00:00,17.52,17.53,17.45,17.49,11290.023
2025-06-27 11:00:00,17.49,17.56,17.43,17.47,17576.505
2025-06-27 12:00:00,17.47,17.57,17.29,17.32,16669.384
2025-06-27 13:00:00,17.32,17.46,17.3,17.43,34037.027
2025-06-27 14:00:00,17.43,17.54,17.39,17.4,18925.12
2025-06-27 15:00:00,17.4,17.59,17.34,17.55,25228.037
2025-06-27 16:00:00,17.55,17.79,17.51,17.64,19661.55
2025-06-27 17:00:00,17.64,17.66,17.3,17.38,16506.856
2025-06-27 18:00:00,17.38,17.38,17.13,17.17,44167.195
2025-06-27 19:00:00,17.17,17.37,17.17,17.34,8096.815
2025-06-27 20:00:00,17.34,17.47,17.32,17.47,23504.197
2025-06-27 21:00:00,17.47,17.58,17.42,17.52,12009.122
2025-06-27 22:00:00,17.52,17.61,17.52,17.6,26319.173
2025-06-27 23:00:00,17.6,17.61,17.5,17.58,9706.391
2025-06-28 00:00:00,17.58,17.62,17.55,17.56,9697.18
2025-06-28 01:00:00,17.56,17.63,17.49,17.63,9252.086
2025-06-28 02:00:00,17.63,17.67,17.6,17.6,5149.839
2025-06-28 03:00:00,17.6,17.64,17.58,17.61,9380.173
2025-06-28 04:00:00,17.61,17.61,17.52,17.53,7007.12
2025-06-28 05:00:00,17.53,17.6,17.5,17.52,5759.718
2025-06-28 06:00:00,17.52,17.58,17.51,17.58,9100.991
2025-06-28 07:00:00,17.58,17.68,17.55,17.68,13975.383
2025-06-28 08:00:00,17.68,17.71,17.61,17.64,8243.445
2025-06-28 09:00:00,17.64,17.75,17.6,17.72,8361.217
2025-06-28 10:00:00,17.72,17.75,17.63,17.65,10086.794
2025-06-28 11:00:00,17.65,17.71,17.65,17.68,6633.326
2025-06-28 12:00:00,17.68,17.7,17.61,17.62,17595.647
2025-06-28 13:00:00,17.62,17.65,17.54,17.57,11096.296
2025-06-28 14:00:00,17.57,17.69,17.57,17.65,8495.397
2025-06-28 15:00:00,17.65,17.79,17.65,17.76,9598.422
2025-06-28 16:00:00,17.76,17.96,17.76,17.82,13756.636
2025-06-28 17:00:00,17.82,18.01,17.8,18.0,21996.558
2025-06-28 18:00:00,18.0,18.02,17.92,18.01,12309.867
2025-06-28 19:00:00,18.01,18.08,17.95,17.96,13967.496
2025-06-28 20:00:00,17.96,17.97,17.88,17.88,12895.053
2025-06-28 21:00:00,17.88,17.97,17.88,17.96,10941.144
2025-06-28 22:00:00,17.96,18.06,17.94,18.04,7479.604
2025-06-28 23:00:00,18.04,18.06,17.97,17.97,7442.578
2025-06-29 00:00:00,17.97,18.01,17.93,17.97,8240.596
2025-06-29 01:00:00,17.97,17.98,17.88,17.89,6619.198
2025-06-29 02:00:00,17.89,17.89,17.83,17.86,6711.786
2025-06-29 03:00:00,17.86,17.88,17.81,17.82,5424.321
2025-06-29 04:00:00,17.82,17.84,17.8,17.84,2508.635
2025-06-29 05:00:00,17.84,17.89,17.82,17.89,5865.525
2025-06-29 06:00:00,17.89,17.95,17.88,17.95,7395.436
2025-06-29 07:00:00,17.95,18.03,17.92,18.03,2717.778
2025-06-29 08:00:00,18.03,18.1,18.0,18.09,15910.979
2025-06-29 09:00:00,18.09,18.17,18.05,18.08,15723.615
2025-06-29 10:00:00,18.08,18.13,18.02,18.04,14190.965
2025-06-29 11:00:00,18.04,18.08,18.02,18.06,11196.204
2025-06-29 12:00:00,18.06,18.07,17.97,18.01,5572.49
2025-06-29 13:00:00,18.01,18.06,17.97,17.99,13564.347
2025-06-29 14:00:00,17.99,18.04,17.88,17.89,18516.89
2025-06-29 15:00:00,17.89,17.91,17.82,17.85,7557.055
2025-06-29 16:00:00,17.85,17.95,17.82,17.95,9329.303
2025-06-29 17:00:00,17.95,17.98,17.87,17.97,3811.091
2025-06-29 18:00:00,17.97,18.09,17.96,18.04,6093.444
2025-06-29 19:00:00,18.04,18.1,18.0,18.04,24974.914
2025-06-29 20:00:00,18.04,18.06,18.0,18.02,9737.206
2025-06-29 21:00:00,18.02,18.18,17.94,18.16,19960.924
2025-06-29 22:00:00,18.16,18.89,18.15,18.79,113178.089
2025-06-29 23:00:00,18.79,18.89,18.7,18.74,21985.345
2025-06-30 00:00:00,18.74,18.88,18.62,18.65,35249.627
2025-06-30 01:00:00,18.65,18.66,18.45,18.46,16317.714
2025-06-30 02:00:00,18.46,18.5,18.38,18.38,13928.083
2025-06-30 03:00:00,18.38,18.39,18.27,18.3,13005.421
2025-06-30 04:00:00,18.3,18.31,18.15,18.16,6417.653
2025-06-30 05:00:00,18.16,18.28,18.16,18.27,10416.863
2025-06-30 06:00:00,18.27,18.28,17.99,18.09,22276.869
2025-06-30 07:00:00,18.09,18.26,18.07,18.25,9123.141
2025-06-30 08:00:00,18.25,18.28,18.09,18.1,17429.006
2025-06-30 09:00:00,18.1,18.17,18.04,18.05,15997.16
2025-06-30 10:00:00,18.05,18.12,18.02,18.08,21751.092
2025-06-30 11:00:00,18.08,18.16,18.07,18.08,17542.067
2025-06-30 12:00:00,18.08,18.14,17.93,17.97,24902.21
2025-06-30 13:00:00,17.97,18.09,17.93,17.96,17053.221
2025-06-30 14:00:00,17.96,18.01,17.84,17.87,15147.693
2025-06-30 15:00:00,17.87,18.14,17.71,18.02,27287.806
2025-06-30 16:00:00,18.02,18.05,17.89,18.01,25814.898
2025-06-30 17:00:00,18.01,18.08,17.97,17.99,22462.413
2025-06-30 18:00:00,17.99,18.06,17.88,17.92,16070.337
2025-06-30 19:00:00,17.92,18.24,17.91,18.21,15324.195
2025-06-30 20:00:00,18.21,18.26,18.1,18.1,12506.155
2025-06-30 21:00:00,18.1,18.12,17.9,17.95,13279.852
2025-06-30 22:00:00,17.95,18.0,17.9,17.94,7484.208
2025-06-30 23:00:00,17.94,18.03,17.92,17.98,12243.679
2025-07-01 00:00:00,17.98,18.06,17.86,17.93,13354.394
2025-07-01 01:00:00,17.93,18.04,17.9,17.91,8002.794
2025-07-01 02:00:00,17.91,17.92,17.75,17.75,10379.453
2025-07-01 03:00:00,17.75,17.85,17.74,17.81,8666.822
2025-07-01 04:00:00,17.81,17.82,17.56,17.56,17149.798
2025-07-01 05:00:00,17.56,17.59,17.42,17.5,13669.199
2025-07-01 06:00:00,17.5,17.62,17.44,17.59,18666.674
2025-07-01 07:00:00,17.59,17.67,17.48,17.63,19963.548
2025-07-01 08:00:00,17.63,17.65,17.53,17.56,10111.696
2025-07-01 09:00:00,17.56,17.64,17.55,17.62,8721.537
2025-07-01 10:00:00,17.62,17.64,17.54,17.59,9880.626
2025-07-01 11:00:00,17.59,17.59,17.45,17.48,12895.632
2025-07-01 12:00:00,17.48,17.51,17.39,17.43,17569.727
2025-07-01 13:00:00,17.43,17.46,17.3,17.39,13208.881
2025-07-01 14:00:00,17.39,17.49,17.27,17.3,22664.898
2025-07-01 15:00:00,17.3,17.33,17.2,17.26,13436.701
2025-07-01 16:00:00,17.26,17.34,17.23,17.28,8413.192
2025-07-01 17:00:00,17.28,17.3,17.2,17.27,8634.445
2025-07-01 18:00:00,17.27,17.27,17.06,17.11,9315.202
2025-07-01 19:00:00,17.11,17.2,17.04,17.1,11392.465
2025-07-01 20:00:00,17.1,17.13,17.01,17.09,11656.504
2025-07-01 21:00:00,17.09,17.14,17.02,17.04,10412.514
2025-07-01 22:00:00,17.04,17.11,16.97,17.03,11430.688
2025-07-01 23:00:00,17.03,17.11,16.95,17.11,10411.631
2025-07-02 00:00:00,17.11,17.13,17.01,17.05,8466.301
2025-07-02 01:00:00,17.05,17.23,16.97,17.23,12389.393
2025-07-02 02:00:00,17.23,17.26,17.14,17.16,15585.247
2025-07-02 03:00:00,17.16,17.31,17.16,17.28,6309.47
2025-07-02 04:00:00,17.28,17.48,17.26,17.48,9878.56
2025-07-02 05:00:00,17.48,17.59,17.44,17.58,10990.688
2025-07-02 06:00:00,17.58,17.64,17.49,17.63,14410.474
2025-07-02 07:00:00,17.63,17.65,17.53,17.59,7118.618
2025-07-02 08:00:00,17.59,17.66,17.57,17.6,15715.631
2025-07-02 09:00:00,17.6,17.62,17.54,17.57,11132.152
2025-07-02 10:00:00,17.57,17.64,17.52,17.57,10662.977
2025-07-02 11:00:00,17.57,17.69,17.55,17.57,8174.244
2025-07-02 12:00:00,17.57,17.58,17.42,17.46,8039.163
2025-07-02 13:00:00,17.46,17.71,17.46,17.64,14400.946
2025-07-02 14:00:00,17.64,17.84,17.62,17.83,16504.603
2025-07-02 15:00:00,17.83,18.01,17.83,18.0,27824.518
2025-07-02 16:00:00,18.0,18.59,18.0,18.58,58351.282
2025-07-02 17:00:00,18.58,18.82,18.37,18.51,69855.408
2025-07-02 18:00:00,18.51,18.74,18.51,18.63,31062.501
2025-07-02 19:00:00,18.63,18.69,18.53,18.68,20693.727
2025-07-02 20:00:00,18.68,18.76,18.56,18.61,44444.361
2025-07-02 21:00:00,18.61,18.76,18.61,18.68,8495.267
2025-07-02 22:00:00,18.68,18.8,18.64,18.66,12942.085
2025-07-02 23:00:00,18.66,18.67,18.48,18.51,14834.477
2025-07-03 00:00:00,18.51,18.62,18.49,18.59,17190.994
2025-07-03 01:00:00,18.59,18.66,18.52,18.65,10055.911
2025-07-03 02:00:00,18.65,18.65,18.44,18.55,11911.897
2025-07-03 03:00:00,18.55,18.67,18.52,18.55,8232.643
2025-07-03 04:00:00,18.55,18.75,18.54,18.71,14999.553
2025-07-03 05:00:00,18.71,19.01,18.71,18.95,42124.766
2025-07-03 06:00:00,18.95,19.17,18.89,19.13,25849.222
2025-07-03 07:00:00,19.13,19.17,19.06,19.08,23454.984
2025-07-03 08:00:00,19.08,19.11,18.96,18.97,14670.294
2025-07-03 09:00:00,18.97,19.03,18.92,18.96,17141.701
2025-07-03 10:00:00,18.96,18.98,18.78,18.84,13767.005
2025-07-03 11:00:00,18.84,18.84,18.69,18.78,10209.982
2025-07-03 12:00:00,18.78,19.0,18.56,18.68,36823.266
2025-07-03 13:00:00,18.68,18.97,18.65,18.91,27839.293
2025-07-03 14:00:00,18.91,18.96,18.65,18.69,23831.523
2025-07-03 15:00:00,18.69,18.7,18.34,18.37,26292.181
2025-07-03 16:00:00,18.37,18.53,18.35,18.5,17399.678
2025-07-03 17:00:00,18.5,18.56,18.47,18.52,6767.588
2025-07-03 18:00:00,18.52,18.58,18.48,18.53,7818.9
2025-07-03 19:00:00,18.53,18.6,18.52,18.56,6108.766
2025-07-03 20:00:00,18.56,18.66,18.53,18.63,8940.368
2025-07-03 21:00:00,18.63,18.66,18.58,18.65,6344.446
2025-07-03 22:00:00,18.65,18.67,18.55,18.58,11959.867
2025-07-03 23:00:00,18.58,18.61,18.51,18.54,9985.091
2025-07-04 00:00:00,18.54,18.64,18.51,18.59,8525.077
2025-07-04 01:00:00,18.59,18.76,18.59,18.74,18590.779
2025-07-04 02:00:00,18.74,18.81,18.61,18.66,27231.837
2025-07-04 03:00:00,18.66,18.82,18.64,18.76,12086.412
2025-07-04 04:00:00,18.76,18.81,18.72,18.74,8744.407
2025-07-04 05:00:00,18.74,18.87,18.63,18.65,15589.441
2025-07-04 06:00:00,18.65,18.65,18.36,18.37,18332.788
2025-07-04 07:00:00,18.37,18.44,18.1,18.12,23162.56
2025-07-04 08:00:00,18.12,18.22,17.96,18.16,33891.54
2025-07-04 09:00:00,18.16,18.19,18.08,18.1,8096.642
2025-07-04 10:00:00,18.1,18.15,18.04,18.06,7640.428
2025-07-04 11:00:00,18.06,18.16,18.04,18.09,6884.274
2025-07-04 12:00:00,18.09,18.18,18.05,18.1,5053.49
2025-07-04 13:00:00,18.1,18.18,17.96,17.97,15337.771
2025-07-04 14:00:00,17.97,17.99,17.79,17.89,32147.104
2025-07-04 15:00:00,17.89,17.89,17.7,17.71,19734.046
2025-07-04 16:00:00,17.71,17.71,17.5,17.69,35133.241
2025-07-04 17:00:00,17.69,17.72,17.6,17.72,23360.317
2025-07-04 18:00:00,17.72,17.75,17.62,17.69,12330.205
2025-07-04 19:00:00,17.69,17.74,17.64,17.68,11137.931
2025-07-04 20:00:00,17.68,17.71,17.64,17.67,7562.469
2025-07-04 21:00:00,17.67,17.75,17.64,17.75,8262.136
2025-07-04 22:00:00,17.75,17.89,17.73,17.88,8137.324
2025-07-04 23:00:00,17.88,17.88,17.77,17.79,10219.166
2025-07-05 00:00:00,17.79,17.85,17.77,17.82,7791.763
2025-07-05 01:00:00,17.82,17.83,17.7,17.76,6711.303
2025-07-05 02:00:00,17.76,17.81,17.66,17.8,6417.622
2025-07-05 03:00:00,17.8,17.87,17.8,17.84,5412.445
2025-07-05 04:00:00,17.84,17.86,17.75,17.75,5445.309
2025-07-05 05:00:00,17.75,17.82,17.73,17.82,8812.205
2025-07-05 06:00:00,17.82,17.93,17.75,17.92,11721.174
2025-07-05 07:00:00,17.92,17.93,17.81,17.81,9289.763
2025-07-05 08:00:00,17.81,17.85,17.72,17.74,7520.705
2025-07-05 09:00:00,17.74,17.82,17.68,17.81,9965.663
2025-07-05 10:00:00,17.81,17.87,17.79,17.83,7026.495
2025-07-05 11:00:00,17.83,17.95,17.83,17.89,9732.727
2025-07-05 12:00:00,17.89,17.91,17.78,17.89,6160.088
2025-07-05 13:00:00,17.89,17.92,17.83,17.84,7741.676
2025-07-05 14:00:00,17.84,17.91,17.82,17.89,9457.081
2025-07-05 15:00:00,17.89,17.93,17.82,17.83,8248.407
2025-07-05 16:00:00,17.83,17.89,17.7,17.81,7666.175
2025-07-05 17:00:00,17.81,17.85,17.72,17.8,10274.895
2025-07-05 18:00:00,17.8,17.8,17.64,17.65,12267.646
2025-07-05 19:00:00,17.65,17.81,17.62,17.78,4502.23
2025-07-05 20:00:00,17.78,17.9,17.75,17.89,12841.553
2025-07-05 21:00:00,17.89,17.9,17.83,17.88,10679.029
2025-07-05 22:00:00,17.88,17.96,17.85,17.96,6303.993
2025-07-05 23:00:00,17.96,17.99,17.91,17.91,4959.003
2025-07-06 00:00:00,17.91,17.92,17.84,17.9,10215.396
2025-07-06 01:00:00,17.9,17.9,17.78,17.82,5487.677
2025-07-06 02:00:00,17.82,17.88,17.77,17.77,8524.62
2025-07-06 03:00:00,17.77,17.86,17.77,17.82,30780.347
2025-07-06 04:00:00,17.82,17.85,17.78,17.81,3911.235
2025-07-06 05:00:00,17.81,17.84,17.78,17.8,4660.552
2025-07-06 06:00:00,17.8,17.92,17.78,17.9,7463.91
2025-07-06 07:00:00,17.9,17.92,17.84,17.84,8253.014
2025-07-06 08:00:00,17.84,17.86,17.76,17.81,9344.891
2025-07-06 09:00:00,17.81,17.85,17.77,17.77,5877.806
2025-07-06 10:00:00,17.77,17.89,17.73,17.86,6242.36
2025-07-06 11:00:00,17.86,17.89,17.8,17.88,9372.953
2025-07-06 12:00:00,17.88,18.02,17.86,18.02,12440.998
2025-07-06 13:00:00,18.02,18.31,17.99,18.22,27841.178
2025-07-06 14:00:00,18.22,18.26,18.04,18.15,22650.92
2025-07-06 15:00:00,18.15,18.21,18.1,18.16,8931.015
2025-07-06 16:00:00,18.16,18.3,18.15,18.3,11749.325
2025-07-06 17:00:00,18.3,18.3,18.18,18.2,10062.0
2025-07-06 18:00:00,18.2,18.21,18.0,18.09,15892.905
2025-07-06 19:00:00,18.09,18.18,18.08,18.18,3774.969
2025-07-06 20:00:00,18.18,18.26,18.17,18.2,6703.172
2025-07-06 21:00:00,18.2,18.52,18.2,18.36,24134.076
2025-07-06 22:00:00,18.36,18.62,18.36,18.45,26954.233
2025-07-06 23:00:00,18.45,18.47,18.25,18.29,14275.275
2025-07-07 00:00:00,18.29,18.35,18.26,18.31,15404.142
2025-07-07 01:00:00,18.31,18.36,18.19,18.34,9651.998
2025-07-07 02:00:00,18.34,18.56,18.34,18.49,8796.137
2025-07-07 03:00:00,18.49,18.6,18.4,18.41,10585.87
2025-07-07 04:00:00,18.41,18.45,18.35,18.35,4971.472
2025-07-07 05:00:00,18.35,18.37,18.25,18.28,8690.969
2025-07-07 06:00:00,18.28,18.31,18.13,18.14,11785.495
2025-07-07 07:00:00,18.14,18.3,18.1,18.3,11281.268
2025-07-07 08:00:00,18.3,18.35,18.28,18.32,20405.446
2025-07-07 09:00:00,18.32,18.32,18.17,18.2,15543.461
2025-07-07 10:00:00,18.2,18.22,18.14,18.15,8881.969
2025-07-07 11:00:00,18.15,18.21,18.11,18.17,10252.235
2025-07-07 12:00:00,18.17,18.18,18.05,18.09,10897.331
2025-07-07 13:00:00,18.09,18.29,18.04,18.28,17445.739
2025-07-07 14:00:00,18.28,18.3,17.95,18.0,18599.175
2025-07-07 15:00:00,18.0,18.11,18.0,18.04,10163.297
2025-07-07 16:00:00,18.04,18.08,17.87,17.91,22085.074
2025-07-07 17:00:00,17.91,18.04,17.87,17.95,13350.218
2025-07-07 18:00:00,17.95,18.0,17.83,18.0,14128.332
2025-07-07 19:00:00,18.0,18.11,17.98,18.0,12134.054
2025-07-07 20:00:00,18.0,18.0,17.82,17.9,18605.503
2025-07-07 21:00:00,17.9,17.97,17.81,17.93,6595.288
2025-07-07 22:00:00,17.93,17.95,17.82,17.86,6268.589
2025-07-07 23:00:00,17.86,18.0,17.86,18.0,5474.216
2025-07-08 00:00:00,18.0,18.08,17.9,17.9,31857.975
2025-07-08 01:00:00,17.9,17.9,17.77,17.79,10619.076
2025-07-08 02:00:00,17.79,17.87,17.75,17.77,18642.997
2025-07-08 03:00:00,17.77,17.84,17.76,17.79,9444.437
2025-07-08 04:00:00,17.79,17.79,17.69,17.77,10490.483
2025-07-08 05:00:00,17.77,17.85,17.73,17.83,12487.88
2025-07-08 06:00:00,17.83,17.9,17.8,17.86,9128.218
2025-07-08 07:00:00,17.86,17.91,17.78,17.91,9743.478
2025-07-08 08:00:00,17.91,18.0,17.88,17.89,21608.966
2025-07-08 09:00:00,17.89,17.93,17.84,17.9,4649.93
2025-07-08 10:00:00,17.9,18.15,17.89,18.15,17195.042
2025-07-08 11:00:00,18.15,18.26,18.12,18.14,20863.829
2025-07-08 12:00:00,18.14,18.22,18.12,18.22,9591.271
2025-07-08 13:00:00,18.22,18.24,18.08,18.21,12276.507
2025-07-08 14:00:00,18.21,18.22,18.05,18.08,15785.729
2025-07-08 15:00:00,18.08,18.09,17.97,18.01,14628.011
2025-07-08 16:00:00,18.01,18.11,17.91,18.09,14419.682
2025-07-08 17:00:00,18.09,18.4,18.09,18.34,19961.923
2025-07-08 18:00:00,18.34,18.48,18.34,18.48,16774.462
2025-07-08 19:00:00,18.48,18.48,18.31,18.38,19314.797
2025-07-08 20:00:00,18.38,18.42,18.24,18.24,5915.156
2025-07-08 21:00:00,18.24,18.42,18.24,18.4,8987.709
2025-07-08 22:00:00,18.4,18.48,18.32,18.35,8494.378
2025-07-08 23:00:00,18.35,18.39,18.28,18.36,9672.884
2025-07-09 00:00:00,18.36,18.39,18.23,18.25,13369.698
2025-07-09 01:00:00,18.25,18.32,18.11,18.15,8439.231
2025-07-09 02:00:00,18.15,18.19,18.11,18.18,5638.482
2025-07-09 03:00:00,18.18,18.23,18.11,18.13,7798.001
2025-07-09 04:00:00,18.13,18.27,18.1,18.27,5525.816
2025-07-09 05:00:00,18.27,18.55,18.24,18.43,47526.806
2025-07-09 06:00:00,18.43,18.47,18.38,18.44,19723.806
2025-07-09 07:00:00,18.44,18.45,18.36,18.41,10416.011
2025-07-09 08:00:00,18.41,18.45,18.38,18.4,6125.026
2025-07-09 09:00:00,18.4,18.42,18.32,18.4,8406.326
2025-07-09 10:00:00,18.4,18.43,18.34,18.4,14484.817
2025-07-09 11:00:00,18.4,18.55,18.4,18.52,18013.153
2025-07-09 12:00:00,18.52,18.72,18.52,18.62,26079.066
2025-07-09 13:00:00,18.62,18.71,18.55,18.58,20993.334
2025-07-09 14:00:00,18.58,18.69,18.39,18.54,58039.355
2025-07-09 15:00:00,18.54,18.61,18.48,18.53,23486.039
2025-07-09 16:00:00,18.53,18.71,18.53,18.69,12075.24
2025-07-09 17:00:00,18.69,18.71,18.49,18.54,18171.025
2025-07-09 18:00:00,18.54,18.74,18.53,18.65,26839.815
2025-07-09 19:00:00,18.65,19.19,18.64,19.11,68882.774
2025-07-09 20:00:00,19.11,19.35,18.98,19.26,82892.794
2025-07-09 21:00:00,19.26,19.62,19.26,19.44,40677.113
2025-07-09 22:00:00,19.44,19.62,19.44,19.54,30899.828
2025-07-09 23:00:00,19.54,19.61,19.48,19.51,17127.576
2025-07-10 00:00:00,19.51,19.62,19.37,19.38,32912.081
2025-07-10 01:00:00,19.38,19.51,19.37,19.47,19083.176
2025-07-10 02:00:00,19.47,19.61,19.47,19.53,14333.328
2025-07-10 03:00:00,19.53,19.59,19.46,19.49,7136.301
2025-07-10 04:00:00,19.49,19.53,19.42,19.53,11160.335
2025-07-10 05:00:00,19.53,19.53,19.37,19.39,59651.69
2025-07-10 06:00:00,19.39,19.48,19.33,19.47,18938.908
2025-07-10 07:00:00,19.47,19.6,19.45,19.51,27134.413
2025-07-10 08:00:00,19.51,19.61,19.45,19.55,15746.772
2025-07-10 09:00:00,19.55,19.57,19.5,19.518,28460.109
2025-07-10 10:00:00,19.518,19.578,19.456,19.564,32702.271
2025-07-10 11:00:00,19.564,19.592,19.49,19.583,19206.487
2025-07-10 12:00:00,19.583,19.687,19.499,19.682,46668.515
2025-07-10 13:00:00,19.682,19.72,19.493,19.519,56725.539
2025-07-10 14:00:00,19.519,19.604,19.4,19.516,24949.876
2025-07-10 15:00:00,19.516,19.522,19.382,19.458,43594.17
2025-07-10 16:00:00,19.458,19.81,19.417,19.729,58060.143
2025-07-10 17:00:00,19.729,19.949,19.671,19.936,40203.43
2025-07-10 18:00:00,19.936,19.95,19.708,19.845,43466.68
2025-07-10 19:00:00,19.845,19.887,19.718,19.775,34856.726
2025-07-10 20:00:00,19.775,19.965,19.768,19.94,35203.476
2025-07-10 21:00:00,19.94,20.61,19.918,20.49,82095.39
2025-07-10 22:00:00,20.49,20.749,20.474,20.71,75584.916
2025-07-10 23:00:00,20.71,20.78,20.54,20.704,39209.776
2025-07-11 00:00:00,20.704,20.772,20.44,20.602,50234.505
2025-07-11 01:00:00,20.602,20.842,20.57,20.839,37026.331
2025-07-11 02:00:00,20.839,20.933,20.75,20.856,28649.272
2025-07-11 03:00:00,20.856,20.891,20.777,20.864,11043.196
2025-07-11 04:00:00,20.864,20.965,20.785,20.956,21688.194
2025-07-11 05:00:00,20.956,21.22,20.929,21.047,44540.918
2025-07-11 06:00:00,21.047,21.189,20.749,20.808,33364.073
2025-07-11 07:00:00,20.808,20.91,20.718,20.742,18671.388
2025-07-11 08:00:00,20.742,20.951,20.741,20.912,16215.372
2025-07-11 09:00:00,20.912,21.188,20.875,21.08,19157.29
2025-07-11 10:00:00,21.08,21.203,21.049,21.083,18165.023
2025-07-11 11:00:00,21.083,21.12,20.922,20.99,23067.748
2025-07-11 12:00:00,20.99,21.163,20.912,21.163,9373.609
2025-07-11 13:00:00,21.163,21.385,21.01,21.3,36413.462
2025-07-11 14:00:00,21.3,21.527,21.174,21.296,33719.397
2025-07-11 15:00:00,21.296,21.511,20.872,20.95,71205.686
2025-07-11 16:00:00,20.95,21.174,20.806,21.14,63576.424
2025-07-11 17:00:00,21.14,21.344,21.112,21.343,25791.244
2025-07-11 18:00:00,21.343,21.409,21.177,21.306,15890.31
2025-07-11 19:00:00,21.306,21.345,21.141,21.32,14832.311
2025-07-11 20:00:00,21.32,21.331,21.02,21.021,9383.251
2025-07-11 21:00:00,21.021,21.065,20.655,20.804,23126.9
2025-07-11 22:00:00,20.804,20.87,20.32,20.567,47582.062
2025-07-11 23:00:00,20.567,20.756,20.538,20.67,16362.896
2025-07-12 00:00:00,20.67,20.786,20.381,20.56,24997.519
2025-07-12 01:00:00,20.56,20.887,20.56,20.854,14591.549
2025-07-12 02:00:00,20.854,21.043,20.823,20.868,15572.324
2025-07-12 03:00:00,20.868,20.962,20.778,20.848,10104.495
2025-07-12 04:00:00,20.848,20.886,20.615,20.642,16257.546
2025-07-12 05:00:00,20.642,20.794,20.528,20.738,25441.846
2025-07-12 06:00:00,20.738,20.895,20.62,20.84,12181.215
2025-07-12 07:00:00,20.84,20.91,20.792,20.886,8331.628
2025-07-12 08:00:00,20.886,20.95,20.71,20.756,10144.899
2025-07-12 09:00:00,20.756,20.921,20.724,20.885,7311.92
2025-07-12 10:00:00,20.885,20.993,20.798,20.988,12659.306
2025-07-12 11:00:00,20.988,21.077,20.92,20.96,18061.707
2025-07-12 12:00:00,20.96,21.032,20.469,20.68,37379.849
2025-07-12 13:00:00,20.68,20.68,20.409,20.659,40847.754
2025-07-12 14:00:00,20.659,20.885,20.59,20.616,41319.592
2025-07-12 15:00:00,20.616,20.63,20.172,20.324,40950.956
2025-07-12 16:00:00,20.324,20.586,20.241,20.47,22833.093
2025-07-12 17:00:00,20.47,20.856,20.459,20.799,9409.097
2025-07-12 18:00:00,20.799,20.799,20.669,20.736,10973.584
2025-07-12 19:00:00,20.736,20.79,20.647,20.732,17105.546
2025-07-12 20:00:00,20.732,20.737,20.41,20.41,10152.338
2025-07-12 21:00:00,20.41,20.675,20.395,20.671,13954.009
2025-07-12 22:00:00,20.671,20.758,20.534,20.696,14309.654
2025-07-12 23:00:00,20.696,20.735,20.579,20.686,18274.773
2025-07-13 00:00:00,20.686,20.96,20.66,20.862,45840.998
2025-07-13 01:00:00,20.862,21.083,20.784,21.073,40960.529
2025-07-13 02:00:00,21.073,21.13,20.886,21.0,20333.81
2025-07-13 03:00:00,21.0,21.177,20.948,21.106,18784.499
2025-07-13 04:00:00,21.106,21.183,20.95,21.173,26754.608
2025-07-13 05:00:00,21.173,21.18,20.988,21.006,21462.149
2025-07-13 06:00:00,21.006,21.233,20.986,21.069,15410.924
2025-07-13 07:00:00,21.069,21.328,21.042,21.312,33954.847
2025-07-13 08:00:00,21.312,21.372,21.15,21.255,19805.611
2025-07-13 09:00:00,21.255,21.389,21.173,21.215,25977.651
2025-07-13 10:00:00,21.215,21.296,21.067,21.132,10921.627
2025-07-13 11:00:00,21.132,21.322,21.122,21.263,8806.858
2025-07-13 12:00:00,21.263,21.364,21.144,21.263,19088.496
2025-07-13 13:00:00,21.263,21.377,21.136,21.333,23069.37
2025-07-13 14:00:00,21.333,21.642,21.257,21.294,84005.258
2025-07-13 15:00:00,21.294,21.55,21.201,21.285,40005.92
2025-07-13 16:00:00,21.285,21.412,21.106,21.163,22009.701
2025-07-13 17:00:00,21.163,21.46,21.094,21.418,22076.887
2025-07-13 18:00:00,21.418,21.688,21.337,21.645,41407.722
2025-07-13 19:00:00,21.645,21.777,21.529,21.531,37184.398
2025-07-13 20:00:00,21.531,21.609,21.449,21.465,15965.975
2025-07-13 21:00:00,21.465,21.486,21.016,21.17,24268.038
2025-07-13 22:00:00,21.17,21.198,20.985,21.069,26510.8
2025-07-13 23:00:00,21.069,21.239,21.016,21.197,25826.308
2025-07-14 00:00:00,21.197,21.394,21.146,21.241,20053.586
2025-07-14 01:00:00,21.241,21.524,21.17,21.503,14401.468
2025-07-14 02:00:00,21.503,21.71,21.412,21.624,26732.394
2025-07-14 03:00:00,21.624,22.06,21.604,21.79,56987.055
2025-07-14 04:00:00,21.79,22.056,21.737,22.044,26722.471
2025-07-14 05:00:00,22.044,22.075,21.53,21.752,48923.933
2025-07-14 06:00:00,21.752,21.781,21.574,21.677,28851.691
2025-07-14 07:00:00,21.677,21.92,21.675,21.835,29382.209
2025-07-14 08:00:00,21.835,21.852,21.603,21.747,14326.293
2025-07-14 09:00:00,21.747,21.942,21.722,21.803,24824.017
2025-07-14 10:00:00,21.803,21.902,21.655,21.842,15542.402
2025-07-14 11:00:00,21.842,21.879,21.673,21.704,9302.462
2025-07-14 12:00:00,21.704,21.756,21.566,21.755,8796.973
2025-07-14 13:00:00,21.755,21.977,21.593,21.904,16499.381
2025-07-14 14:00:00,21.904,22.006,21.584,21.737,27675.206
2025-07-14 15:00:00,21.737,21.739,21.292,21.458,27252.82
2025-07-14 16:00:00,21.458,21.649,21.332,21.611,23899.339
2025-07-14 17:00:00,21.611,21.611,21.381,21.47,15308.997
2025-07-14 18:00:00,21.47,21.474,21.18,21.195,15749.352
2025-07-14 19:00:00,21.195,21.326,21.135,21.259,15278.221
2025-07-14 20:00:00,21.259,21.372,21.016,21.3,16450.183
2025-07-14 21:00:00,21.3,21.416,21.257,21.362,12914.249
2025-07-14 22:00:00,21.362,21.39,21.243,21.294,14444.835
2025-07-14 23:00:00,21.294,21.308,21.151,21.266,19018.377
2025-07-15 00:00:00,21.266,21.365,20.996,21.045,21392.081
2025-07-15 01:00:00,21.045,21.201,20.835,20.999,52487.067
2025-07-15 02:00:00,20.999,21.079,20.764,20.84,38439.281
2025-07-15 03:00:00,20.84,20.84,20.444,20.586,43774.022
2025-07-15 04:00:00,20.586,20.796,20.388,20.766,30364.252
2025-07-15 05:00:00,20.766,20.848,20.721,20.808,14715.28
2025-07-15 06:00:00,20.808,20.898,20.739,20.822,20909.045
2025-07-15 07:00:00,20.822,20.922,20.723,20.74,18480.753
2025-07-15 08:00:00,20.74,21.025,20.6,21.012,23123.392
2025-07-15 09:00:00,21.012,21.423,20.997,21.29,86469.152
2025-07-15 10:00:00,21.29,21.507,21.073,21.097,64925.865
2025-07-15 11:00:00,21.097,21.163,20.947,21.105,35491.918
2025-07-15 12:00:00,21.105,21.284,20.817,21.122,49657.4
2025-07-15 13:00:00,21.122,21.309,20.968,21.13,41248.934
2025-07-15 14:00:00,21.13,21.272,20.714,20.741,43335.079
2025-07-15 15:00:00,20.741,21.294,20.69,21.176,49319.526
2025-07-15 16:00:00,21.176,21.331,21.164,21.274,30079.352
2025-07-15 17:00:00,21.274,21.791,21.271,21.781,65725.068
2025-07-15 18:00:00,21.781,21.883,21.31,21.382,53027.206
2025-07-15 19:00:00,21.382,21.567,21.168,21.215,26967.769
2025-07-15 20:00:00,21.215,21.668,21.158,21.58,39674.576
2025-07-15 21:00:00,21.58,21.994,21.548,21.994,28580.659
2025-07-15 22:00:00,21.994,22.268,21.86,22.268,37640.488
2025-07-15 23:00:00,22.268,22.57,22.262,22.507,56967.058
2025-07-16 00:00:00,22.507,22.564,22.225,22.332,41958.668
2025-07-16 01:00:00,22.332,22.419,22.126,22.176,48172.801
2025-07-16 02:00:00,22.176,22.178,21.755,21.804,35186.239
2025-07-16 03:00:00,21.804,21.885,21.71,21.721,13010.595
2025-07-16 04:00:00,21.721,21.944,21.62,21.934,18671.989
2025-07-16 05:00:00,21.934,22.005,21.831,21.838,19942.269
2025-07-16 06:00:00,21.838,22.035,21.793,22.017,15356.732
2025-07-16 07:00:00,22.017,22.085,21.919,21.989,18059.789
2025-07-16 08:00:00,21.989,22.029,21.881,22.018,17615.145
2025-07-16 09:00:00,22.018,22.14,21.994,22.076,21143.292
2025-07-16 10:00:00,22.076,22.091,21.959,21.961,15972.653
2025-07-16 11:00:00,21.961,22.047,21.947,22.015,7832.524
2025-07-16 12:00:00,22.015,22.214,21.99,22.065,21161.086
2025-07-16 13:00:00,22.065,22.106,21.946,22.03,21732.653
2025-07-16 14:00:00,22.03,22.35,21.93,22.27,27371.102
2025-07-16 15:00:00,22.27,22.376,21.87,22.106,48623.35
2025-07-16 16:00:00,22.106,22.377,22.06,22.363,25109.798
2025-07-16 17:00:00,22.363,22.501,22.312,22.49,24705.779
2025-07-16 18:00:00,22.49,22.835,22.484,22.571,37540.788
2025-07-16 19:00:00,22.571,22.679,22.448,22.604,30204.016
2025-07-16 20:00:00,22.604,22.913,22.596,22.8,43401.438
2025-07-16 21:00:00,22.8,23.027,22.707,22.868,40015.903
2025-07-16 22:00:00,22.868,23.005,22.637,22.688,42491.805
2025-07-16 23:00:00,22.688,22.753,22.46,22.66,29635.526
2025-07-17 00:00:00,22.66,22.937,22.64,22.646,30335.675
2025-07-17 01:00:00,22.646,22.727,22.07,22.237,38181.595
2025-07-17 02:00:00,22.237,22.428,22.207,22.347,9240.19
2025-07-17 03:00:00,22.347,22.361,22.022,22.165,21493.337
2025-07-17 04:00:00,22.165,22.301,22.095,22.29,11065.076
2025-07-17 05:00:00,22.29,22.53,22.194,22.53,23497.97
2025-07-17 06:00:00,22.53,22.796,22.405,22.743,53090.707
2025-07-17 07:00:00,22.743,22.758,22.446,22.69,27665.716
2025-07-17 08:00:00,22.69,22.8,22.609,22.798,16390.04
2025-07-17 09:00:00,22.798,23.238,22.77,23.194,44760.827
2025-07-17 10:00:00,23.194,23.243,22.956,23.024,23645.15
2025-07-17 11:00:00,23.024,23.039,22.812,22.888,20257.374
2025-07-17 12:00:00,22.888,23.076,22.69,22.994,37122.735
2025-07-17 13:00:00,22.994,23.052,22.433,22.707,31851.224
2025-07-17 14:00:00,22.707,22.965,22.6,22.83,29127.271
2025-07-17 15:00:00,22.83,22.86,22.493,22.736,19732.25
2025-07-17 16:00:00,22.736,22.804,22.305,22.497,41060.436
2025-07-17 17:00:00,22.497,22.759,22.437,22.738,32175.63
2025-07-17 18:00:00,22.738,22.855,22.616,22.827,21537.201
2025-07-17 19:00:00,22.827,22.95,22.4,22.42,24390.424
2025-07-17 20:00:00,22.42,22.56,22.189,22.517,38516.354
2025-07-17 21:00:00,22.517,23.027,22.504,22.782,41836.312
2025-07-17 22:00:00,22.782,23.238,22.739,23.047,47970.099
2025-07-17 23:00:00,23.047,24.322,22.948,23.91,139992.076
2025-07-18 00:00:00,23.91,24.384,23.693,24.38,73128.692
2025-07-18 01:00:00,24.38,24.57,24.161,24.281,69531.43
2025-07-18 02:00:00,24.281,24.282,23.905,24.158,52964.222
2025-07-18 03:00:00,24.158,24.348,24.148,24.331,23268.103
2025-07-18 04:00:00,24.331,24.574,24.23,24.555,38820.467
2025-07-18 05:00:00,24.555,25.026,24.498,24.965,76641.373
2025-07-18 06:00:00,24.965,24.965,24.535,24.737,36225.205
2025-07-18 07:00:00,24.737,24.86,24.291,24.321,45854.773
2025-07-18 08:00:00,24.321,24.63,24.17,24.319,64114.804
2025-07-18 09:00:00,24.319,24.455,24.153,24.425,36987.493
2025-07-18 10:00:00,24.425,24.438,24.07,24.349,23719.606
2025-07-18 11:00:00,24.349,24.398,23.933,24.117,29931.942
2025-07-18 12:00:00,24.117,24.473,24.082,24.466,34062.62
2025-07-18 13:00:00,24.466,24.507,24.177,24.355,50209.178
2025-07-18 14:00:00,24.355,24.557,23.805,24.027,88188.249
2025-07-18 15:00:00,24.027,24.074,23.533,23.76,98116.735
2025-07-18 16:00:00,23.76,24.025,23.664,23.865,27404.358
2025-07-18 17:00:00,23.865,24.089,23.769,24.012,30387.705
2025-07-18 18:00:00,24.012,24.035,23.724,23.746,27661.977
2025-07-18 19:00:00,23.746,23.78,23.43,23.607,40340.552
2025-07-18 20:00:00,23.607,23.642,23.06,23.353,66548.871
2025-07-18 21:00:00,23.353,23.708,23.318,23.51,18825.645
2025-07-18 22:00:00,23.51,23.646,23.302,23.32,31432.596
2025-07-18 23:00:00,23.32,23.546,23.138,23.514,36323.096
2025-07-19 00:00:00,23.514,23.618,23.132,23.137,27279.175
2025-07-19 01:00:00,23.137,23.457,23.001,23.386,17653.01
2025-07-19 02:00:00,23.386,23.584,23.237,23.54,16162.277
2025-07-19 03:00:00,23.54,23.82,23.538,23.81,12435.458
2025-07-19 04:00:00,23.81,24.016,23.81,23.891,20688.855
2025-07-19 05:00:00,23.891,23.911,23.717,23.9,19323.632
2025-07-19 06:00:00,23.9,23.933,23.728,23.878,13179.536
2025-07-19 07:00:00,23.878,23.955,23.695,23.703,15352.44
2025-07-19 08:00:00,23.703,23.723,23.445,23.56,22700.71
2025-07-19 09:00:00,23.56,23.673,23.505,23.533,11567.703
2025-07-19 10:00:00,23.533,23.725,23.482,23.609,11706.101
2025-07-19 11:00:00,23.609,23.706,23.41,23.593,21178.136
2025-07-19 12:00:00,23.593,23.872,23.506,23.84,22296.051
2025-07-19 13:00:00,23.84,23.854,23.556,23.64,12265.569
2025-07-19 14:00:00,23.64,23.668,23.299,23.335,16248.015
2025-07-19 15:00:00,23.335,23.721,23.332,23.652,23719.477
2025-07-19 16:00:00,23.652,23.903,23.54,23.796,21156.95
2025-07-19 17:00:00,23.796,23.871,23.674,23.74,19093.33
2025-07-19 18:00:00,23.74,24.377,23.709,24.369,81023.049
2025-07-19 19:00:00,24.369,25.187,24.351,24.964,142803.372
2025-07-19 20:00:00,24.964,25.24,24.817,24.837,99322.694
2025-07-19 21:00:00,24.837,24.958,24.178,24.317,61476.193
2025-07-19 22:00:00,24.317,24.586,24.255,24.348,24721.914
2025-07-19 23:00:00,24.348,24.587,24.23,24.499,32726.261
2025-07-20 00:00:00,24.499,24.571,24.301,24.415,28918.563
2025-07-20 01:00:00,24.415,24.628,24.393,24.505,19766.672
2025-07-20 02:00:00,24.505,24.661,24.433,24.518,17337.575
2025-07-20 03:00:00,24.518,24.786,24.458,24.569,21045.657
2025-07-20 04:00:00,24.569,24.703,24.463,24.594,13679.324
2025-07-20 05:00:00,24.594,24.686,24.429,24.641,25325.778
2025-07-20 06:00:00,24.641,24.691,24.527,24.593,18354.178
2025-07-20 07:00:00,24.593,24.844,24.593,24.701,29377.788
2025-07-20 08:00:00,24.701,25.024,24.701,25.024,27867.921
2025-07-20 09:00:00,25.024,25.122,24.846,24.925,26779.506
2025-07-20 10:00:00,24.925,25.041,24.913,24.925,24205.77
2025-07-20 11:00:00,24.925,25.278,24.919,25.134,34138.045
2025-07-20 12:00:00,25.134,25.134,24.866,25.003,25374.979
2025-07-20 13:00:00,25.003,25.263,24.993,25.244,35235.232
2025-07-20 14:00:00,25.244,25.285,24.96,25.182,37601.328
2025-07-20 15:00:00,25.182,25.445,25.104,25.414,35740.99
2025-07-20 16:00:00,25.414,25.553,25.245,25.337,51864.052
2025-07-20 17:00:00,25.337,25.42,24.987,25.032,51846.049
2025-07-20 18:00:00,25.032,25.227,24.936,25.22,35608.991
2025-07-20 19:00:00,25.22,25.481,25.22,25.272,23577.533
2025-07-20 20:00:00,25.272,25.328,25.019,25.148,42187.8
2025-07-20 21:00:00,25.148,25.248,24.965,25.234,22932.297
2025-07-20 22:00:00,25.234,25.265,24.517,25.002,81784.971
2025-07-20 23:00:00,25.002,25.144,24.851,25.055,23314.105
2025-07-21 00:00:00,25.055,25.127,24.634,25.037,34036.057
2025-07-21 01:00:00,25.037,25.208,24.768,25.152,32351.695
2025-07-21 02:00:00,25.152,25.253,25.084,25.243,22708.632
2025-07-21 03:00:00,25.243,25.448,25.233,25.442,20862.325
2025-07-21 04:00:00,25.442,25.524,25.342,25.463,18826.803
2025-07-21 05:00:00,25.463,25.588,25.287,25.581,22573.367
2025-07-21 06:00:00,25.581,25.794,25.573,25.702,61197.557
2025-07-21 07:00:00,25.702,25.874,25.688,25.836,37699.817
2025-07-21 08:00:00,25.836,26.04,25.717,25.791,56893.442
2025-07-21 09:00:00,25.791,25.821,25.567,25.666,43367.213
2025-07-21 10:00:00,25.666,25.943,25.613,25.92,24540.746
2025-07-21 11:00:00,25.92,26.49,25.857,26.046,82200.848
2025-07-21 12:00:00,26.046,26.101,25.879,25.885,34967.534
2025-07-21 13:00:00,25.885,26.051,25.641,25.988,47146.992
2025-07-21 14:00:00,25.988,26.233,25.837,26.044,36308.676
2025-07-21 15:00:00,26.044,26.362,25.903,25.907,51490.961
2025-07-21 16:00:00,25.907,25.921,25.305,25.568,54386.984
2025-07-21 17:00:00,25.568,25.818,25.503,25.718,25137.186
2025-07-21 18:00:00,25.718,25.848,25.344,25.391,25878.998
2025-07-21 19:00:00,25.391,25.568,25.076,25.19,35043.683
2025-07-21 20:00:00,25.19,25.431,25.112,25.153,48679.12
2025-07-21 21:00:00,25.153,25.405,25.115,25.371,23928.289
2025-07-21 22:00:00,25.371,25.592,25.314,25.481,15608.923
2025-07-21 23:00:00,25.481,25.554,25.337,25.428,22382.54
2025-07-22 00:00:00,25.428,25.619,25.356,25.42,27472.476
2025-07-22 01:00:00,25.42,25.858,24.818,25.8,84515.695
2025-07-22 02:00:00,25.8,26.033,25.711,25.872,50537.369
2025-07-22 03:00:00,25.872,26.021,25.565,25.888,76043.827
2025-07-22 04:00:00,25.888,26.012,25.099,25.128,90907.352
2025-07-22 05:00:00,25.128,25.883,25.089,25.358,65976.884
2025-07-22 06:00:00,25.358,25.787,25.239,25.547,38632.493
2025-07-22 07:00:00,25.547,26.089,25.54,25.638,70282.241
2025-07-22 08:00:00,25.638,25.657,24.864,25.298,68285.839
2025-07-22 09:00:00,25.298,25.467,24.76,25.355,73859.9
2025-07-22 10:00:00,25.355,25.614,25.298,25.614,40287.303
2025-07-22 11:00:00,25.614,25.633,25.308,25.519,38364.076
2025-07-22 12:00:00,25.519,25.67,25.402,25.606,29598.227
2025-07-22 13:00:00,25.606,25.64,25.062,25.1,101669.47
2025-07-22 14:00:00,25.1,25.35,24.768,25.347,283061.112
2025-07-22 15:00:00,25.347,25.48,24.814,24.964,75861.007
2025-07-22 16:00:00,24.964,25.181,24.82,24.994,57363.253
2025-07-22 17:00:00,24.994,25.116,24.684,24.943,52232.723
2025-07-22 18:00:00,24.943,25.383,24.86,25.25,42808.342
2025-07-22 19:00:00,25.25,25.27,24.782,24.864,26339.575
2025-07-22 20:00:00,24.864,25.278,24.813,25.206,29471.997
2025-07-22 21:00:00,25.206,25.37,25.161,25.357,14822.497
2025-07-22 22:00:00,25.357,25.511,25.324,25.432,24955.853
2025-07-22 23:00:00,25.432,25.89,25.428,25.889,74701.776
2025-07-23 00:00:00,25.889,26.11,25.576,25.592,76785.611
2025-07-23 01:00:00,25.592,25.73,25.523,25.667,25519.07
2025-07-23 02:00:00,25.667,25.775,25.491,25.688,34325.579
2025-07-23 03:00:00,25.688,25.766,25.486,25.529,26950.801
2025-07-23 04:00:00,25.529,25.821,25.468,25.813,18592.692
2025-07-23 05:00:00,25.813,25.828,25.605,25.636,36377.783
2025-07-23 06:00:00,25.636,25.652,25.253,25.345,40146.218
2025-07-23 07:00:00,25.345,25.544,25.221,25.35,32266.29
2025-07-23 08:00:00,25.35,25.555,25.296,25.549,24437.812
2025-07-23 09:00:00,25.549,25.578,25.041,25.049,34398.522
2025-07-23 10:00:00,25.049,25.062,24.835,25.002,44467.865
2025-07-23 11:00:00,25.002,25.052,24.824,25.013,27142.658
2025-07-23 12:00:00,25.013,25.07,24.414,24.502,88402.529
2025-07-23 13:00:00,24.502,24.59,23.575,23.83,230110.292
2025-07-23 14:00:00,23.83,24.252,23.747,24.117,67771.463
2025-07-23 15:00:00,24.117,24.384,23.862,24.354,55527.688
2025-07-23 16:00:00,24.354,24.357,23.668,23.69,55418.403
2025-07-23 17:00:00,23.69,23.839,23.397,23.814,89044.335
2025-07-23 18:00:00,23.814,24.06,23.787,24.036,29504.503
2025-07-23 19:00:00,24.036,24.038,23.813,23.85,28851.069
2025-07-23 20:00:00,23.85,23.987,23.261,23.65,83959.017
2025-07-23 21:00:00,23.65,23.806,23.154,23.737,37305.113
2025-07-23 22:00:00,23.737,24.087,23.571,23.991,31950.494
2025-07-23 23:00:00,23.991,24.117,23.904,23.947,14797.135
2025-07-24 00:00:00,23.947,24.171,23.808,24.169,29541.017
2025-07-24 01:00:00,24.169,24.189,23.927,24.183,13063.716
2025-07-24 02:00:00,24.183,24.199,23.972,24.042,16201.332
2025-07-24 03:00:00,24.042,24.191,23.928,23.949,14764.278
2025-07-24 04:00:00,23.949,24.035,23.579,23.613,31408.47
2025-07-24 05:00:00,23.613,23.631,22.992,23.041,77812.284
2025-07-24 06:00:00,23.041,23.408,22.539,22.81,83649.513
2025-07-24 07:00:00,22.81,23.287,22.551,23.267,43624.86
2025-07-24 08:00:00,23.267,23.625,23.144,23.587,24346.818
2025-07-24 09:00:00,23.587,23.68,23.444,23.544,25659.53
2025-07-24 10:00:00,23.544,23.697,23.176,23.461,29251.509
2025-07-24 11:00:00,23.461,23.9,23.453,23.812,28266.41
2025-07-24 12:00:00,23.812,23.909,23.572,23.722,40558.093
2025-07-24 13:00:00,23.722,23.87,23.559,23.595,51840.027
2025-07-24 14:00:00,23.595,24.349,23.474,24.316,91229.551
2025-07-24 15:00:00,24.316,24.441,24.092,24.179,65934.435
2025-07-24 16:00:00,24.179,24.216,23.7,23.835,65166.216
2025-07-24 17:00:00,23.835,24.291,23.81,24.187,52862.914
2025-07-24 18:00:00,24.187,24.315,24.037,24.231,44727.164
2025-07-24 19:00:00,24.231,24.31,23.992,24.012,35017.087
2025-07-24 20:00:00,24.012,24.221,23.981,24.178,24844.957
2025-07-24 21:00:00,24.178,24.184,23.924,23.942,29022.176
2025-07-24 22:00:00,23.942,24.05,23.806,23.916,42798.59
2025-07-24 23:00:00,23.916,23.922,23.594,23.671,65427.46
2025-07-25 00:00:00,23.671,23.694,23.268,23.383,54339.687
2025-07-25 01:00:00,23.383,23.658,23.266,23.588,60278.148
2025-07-25 02:00:00,23.588,23.664,23.164,23.206,57740.284
2025-07-25 03:00:00,23.206,23.33,22.892,23.11,43704.348
2025-07-25 04:00:00,23.11,23.346,22.864,23.331,52716.72
2025-07-25 05:00:00,23.331,23.34,23.031,23.06,38464.875
2025-07-25 06:00:00,23.06,23.265,22.924,23.169,31482.553
2025-07-25 07:00:00,23.169,23.389,22.875,23.102,34087.079
2025-07-25 08:00:00,23.102,23.385,23.077,23.198,50258.978
2025-07-25 09:00:00,23.198,23.669,23.13,23.663,68560.412
2025-07-25 10:00:00,23.663,23.838,23.606,23.759,38237.589
2025-07-25 11:00:00,23.759,23.9,23.692,23.708,37569.252
2025-07-25 12:00:00,23.708,23.877,23.589,23.697,54392.257
2025-07-25 13:00:00,23.697,23.803,23.51,23.732,35361.627
2025-07-25 14:00:00,23.732,23.768,23.103,23.139,54560.327
2025-07-25 15:00:00,23.139,23.3,22.955,23.197,57784.761
2025-07-25 16:00:00,23.197,23.451,23.081,23.422,42826.679
2025-07-25 17:00:00,23.422,23.495,23.282,23.335,24199.378
2025-07-25 18:00:00,23.335,23.439,23.281,23.373,12726.209
2025-07-25 19:00:00,23.373,23.546,23.328,23.421,27254.424
2025-07-25 20:00:00,23.421,23.878,23.4,23.829,55605.862
2025-07-25 21:00:00,23.829,24.03,23.829,23.922,23947.091
2025-07-25 22:00:00,23.922,24.031,23.905,24.014,20623.956
2025-07-25 23:00:00,24.014,24.019,23.926,24.006,11814.675
2025-07-26 00:00:00,24.006,24.021,23.889,23.971,14374.936
2025-07-26 01:00:00,23.971,23.983,23.849,23.858,9556.169
2025-07-26 02:00:00,23.858,24.151,23.856,24.08,54887.909
2025-07-26 03:00:00,24.08,24.109,24.007,24.069,20100.884
2025-07-26 04:00:00,24.069,24.13,24.04,24.083,15966.83
2025-07-26 05:00:00,24.083,24.191,24.034,24.184,23219.07
2025-07-26 06:00:00,24.184,24.192,24.056,24.086,13541.533
2025-07-26 07:00:00,24.086,24.175,24.067,24.088,15298.626
2025-07-26 08:00:00,24.088,24.282,24.088,24.203,35177.818
2025-07-26 09:00:00,24.203,24.283,24.155,24.279,9004.505
2025-07-26 10:00:00,24.279,24.379,24.257,24.306,13646.822
2025-07-26 11:00:00,24.306,24.428,24.267,24.32,18921.19
2025-07-26 12:00:00,24.32,24.348,24.202,24.281,22020.195
2025-07-26 13:00:00,24.281,24.429,24.226,24.363,16343.758
2025-07-26 14:00:00,24.363,24.939,24.326,24.701,100550.124
2025-07-26 15:00:00,24.701,24.925,24.571,24.819,53989.928
2025-07-26 16:00:00,24.819,24.872,24.652,24.713,20344.158
2025-07-26 17:00:00,24.713,24.739,24.527,24.573,15915.801
2025-07-26 18:00:00,24.573,25.711,24.555,25.651,168267.337
2025-07-26 19:00:00,25.651,25.767,25.247,25.434,57831.66
2025-07-26 20:00:00,25.434,25.486,25.104,25.104,28767.259
2025-07-26 21:00:00,25.104,25.175,24.965,25.129,17989.468
2025-07-26 22:00:00,25.129,25.224,24.963,25.01,17736.358
2025-07-26 23:00:00,25.01,25.012,24.879,24.934,13707.756
2025-07-27 00:00:00,24.934,24.96,24.848,24.96,13515.536
2025-07-27 01:00:00,24.96,25.072,24.934,24.966,18651.448
2025-07-27 02:00:00,24.966,25.1,24.89,25.018,17258.561
2025-07-27 03:00:00,25.018,25.022,24.877,24.937,15050.525
2025-07-27 04:00:00,24.937,25.066,24.925,25.036,20157.211
2025-07-27 05:00:00,25.036,25.172,24.952,25.116,20761.323
2025-07-27 06:00:00,25.116,25.252,25.083,25.177,30101.819
2025-07-27 07:00:00,25.177,25.177,24.943,25.009,10770.846
2025-07-27 08:00:00,25.009,25.047,24.884,24.912,15394.293
2025-07-27 09:00:00,24.912,24.917,24.75,24.801,18713.036
2025-07-27 10:00:00,24.801,25.151,24.788,25.1,28425.188
2025-07-27 11:00:00,25.1,25.15,24.886,24.928,19360.409
2025-07-27 12:00:00,24.928,25.084,24.816,25.057,24962.014
2025-07-27 13:00:00,25.057,25.119,25.0,25.003,30052.408
2025-07-27 14:00:00,25.003,25.078,24.87,24.968,14682.821
2025-07-27 15:00:00,24.968,25.053,24.871,25.033,14218.879
2025-07-27 16:00:00,25.033,25.411,25.031,25.196,77555.681
2025-07-27 17:00:00,25.196,25.535,25.15,25.33,42051.007
2025-07-27 18:00:00,25.33,25.543,25.328,25.426,20382.371
2025-07-27 19:00:00,25.426,25.53,25.317,25.424,15088.61
2025-07-27 20:00:00,25.424,25.546,25.388,25.537,18684.674
2025-07-27 21:00:00,25.537,25.669,25.461,25.557,24161.112
2025-07-27 22:00:00,25.557,26.463,25.553,25.938,114641.621
2025-07-27 23:00:00,25.938,26.078,25.768,26.054,65576.935
2025-07-28 00:00:00,26.054,26.29,25.958,26.003,55148.935
2025-07-28 01:00:00,26.003,26.087,25.764,25.864,27512.971
2025-07-28 02:00:00,25.864,26.315,25.798,26.245,43960.149
2025-07-28 03:00:00,26.245,26.318,26.02,26.133,17043.691
2025-07-28 04:00:00,26.133,26.563,26.104,26.511,44288.444
2025-07-28 05:00:00,26.511,26.634,26.368,26.559,54049.847
2025-07-28 06:00:00,26.559,26.766,26.373,26.75,51758.024
2025-07-28 07:00:00,26.75,26.774,26.329,26.54,42639.334
2025-07-28 08:00:00,26.54,26.738,26.48,26.687,62533.205
2025-07-28 09:00:00,26.687,27.274,26.531,27.087,96250.702
2025-07-28 10:00:00,27.087,27.346,26.952,27.035,90375.634
2025-07-28 11:00:00,27.035,27.318,26.723,27.297,75584.853
2025-07-28 12:00:00,27.297,27.39,27.002,27.211,66965.738
2025-07-28 13:00:00,27.211,27.371,26.873,26.969,101861.94
2025-07-28 14:00:00,26.969,27.006,26.182,26.323,130427.016
2025-07-28 15:00:00,26.323,26.459,25.899,26.055,70396.057
2025-07-28 16:00:00,26.055,26.198,25.865,25.883,59112.298
2025-07-28 17:00:00,25.883,26.059,25.732,25.795,37521.76
2025-07-28 18:00:00,25.795,25.814,25.42,25.583,76058.596
2025-07-28 19:00:00,25.583,25.866,25.363,25.53,59742.438
2025-07-28 20:00:00,25.53,25.568,25.191,25.315,70413.906
2025-07-28 21:00:00,25.315,25.521,25.132,25.3,43454.292
2025-07-28 22:00:00,25.3,25.381,25.028,25.182,48737.36
2025-07-28 23:00:00,25.182,25.223,24.98,25.205,39211.757
2025-07-29 00:00:00,25.205,25.408,24.63,24.93,95781.688
2025-07-29 01:00:00,24.93,25.05,24.697,24.726,59122.827
2025-07-29 02:00:00,24.726,24.726,24.427,24.603,111591.593
2025-07-29 03:00:00,24.603,25.085,24.585,25.033,98001.417
2025-07-29 04:00:00,25.033,25.091,24.841,24.87,47338.407
2025-07-29 05:00:00,24.87,25.089,24.856,25.083,26454.796
2025-07-29 06:00:00,25.083,25.373,25.001,25.275,51473.246
2025-07-29 07:00:00,25.275,25.511,25.236,25.458,44514.103
2025-07-29 08:00:00,25.458,25.51,25.21,25.234,35576.781
2025-07-29 09:00:00,25.234,25.267,24.949,24.968,30430.547
2025-07-29 10:00:00,24.968,24.993,24.527,24.566,59530.611
2025-07-29 11:00:00,24.566,24.753,24.55,24.734,28573.843
2025-07-29 12:00:00,24.734,25.106,24.665,24.998,40390.938
2025-07-29 13:00:00,24.998,25.192,24.864,24.975,27794.856
2025-07-29 14:00:00,24.975,24.991,24.292,24.521,73527.055
2025-07-29 15:00:00,24.521,24.703,24.206,24.31,42740.949
2025-07-29 16:00:00,24.31,24.389,24.019,24.332,41410.818
2025-07-29 17:00:00,24.332,24.565,24.278,24.362,45616.148
2025-07-29 18:00:00,24.362,24.367,24.163,24.225,18925.06
2025-07-29 19:00:00,24.225,24.413,24.039,24.072,45159.841
2025-07-29 20:00:00,24.072,24.303,23.883,24.106,69988.571
2025-07-29 21:00:00,24.106,24.462,24.01,24.406,83774.26
2025-07-29 22:00:00,24.406,24.447,24.171,24.351,14517.278
2025-07-29 23:00:00,24.351,24.45,24.287,24.377,9695.243
2025-07-30 00:00:00,24.377,24.377,24.078,24.22,24730.08
2025-07-30 01:00:00,24.22,24.455,24.016,24.37,38030.89
2025-07-30 02:00:00,24.37,24.509,24.289,24.374,23544.043
2025-07-30 03:00:00,24.374,24.427,24.28,24.29,11113.806
2025-07-30 04:00:00,24.29,24.374,24.067,24.093,14557.456
2025-07-30 05:00:00,24.093,24.207,23.942,24.155,21736.461
2025-07-30 06:00:00,24.155,24.269,24.071,24.214,14556.662
2025-07-30 07:00:00,24.214,24.288,23.94,24.01,24077.181
2025-07-30 08:00:00,24.01,24.179,23.921,23.953,25280.929
2025-07-30 09:00:00,23.953,24.005,23.68,23.699,25993.193
2025-07-30 10:00:00,23.699,23.869,23.533,23.582,20122.682
2025-07-30 11:00:00,23.582,23.732,23.343,23.431,43129.924
2025-07-30 12:00:00,23.431,23.603,23.164,23.302,51486.087
2025-07-30 13:00:00,23.302,23.37,23.126,23.204,44304.305
2025-07-30 14:00:00,23.204,23.646,23.136,23.604,33582.424
2025-07-30 15:00:00,23.604,23.633,23.132,23.245,30375.403
2025-07-30 16:00:00,23.245,23.489,23.171,23.312,26314.285
2025-07-30 17:00:00,23.312,23.576,23.278,23.576,21786.658
2025-07-30 18:00:00,23.576,23.676,22.882,22.909,77610.183
2025-07-30 19:00:00,22.909,23.293,22.394,23.229,94656.774
2025-07-30 20:00:00,23.229,23.461,23.142,23.222,23138.406
2025-07-30 21:00:00,23.222,23.36,22.999,23.16,10685.282
2025-07-30 22:00:00,23.16,23.206,23.031,23.137,8566.112
2025-07-30 23:00:00,23.137,23.368,23.135,23.311,19396.303
2025-07-31 00:00:00,23.311,23.5,23.222,23.466,27671.412
2025-07-31 01:00:00,23.466,23.476,23.341,23.413,20621.219
2025-07-31 02:00:00,23.413,23.574,23.377,23.563,24586.944
2025-07-31 03:00:00,23.563,23.731,23.548,23.686,27402.226
2025-07-31 04:00:00,23.686,23.926,23.647,23.91,35480.428
2025-07-31 05:00:00,23.91,24.074,23.908,24.027,25557.757
2025-07-31 06:00:00,24.027,24.049,23.857,23.98,28548.099
2025-07-31 07:00:00,23.98,24.01,23.86,23.881,15061.723
2025-07-31 08:00:00,23.881,24.036,23.856,23.955,17536.185
2025-07-31 09:00:00,23.955,24.115,23.915,24.091,18065.413
2025-07-31 10:00:00,24.091,24.101,23.951,23.951,27103.848
2025-07-31 11:00:00,23.951,23.975,23.588,23.67,22069.917
2025-07-31 12:00:00,23.67,23.696,23.401,23.515,22747.488
2025-07-31 13:00:00,23.515,23.529,23.0,23.022,56327.406
2025-07-31 14:00:00,23.022,23.14,22.816,22.9,40888.2
2025-07-31 15:00:00,22.9,23.149,22.806,23.098,24197.323
2025-07-31 16:00:00,23.098,23.529,23.035,23.378,35605.519
2025-07-31 17:00:00,23.378,23.393,22.956,23.049,24324.08
2025-07-31 18:00:00,23.049,23.189,22.859,23.029,23381.855
2025-07-31 19:00:00,23.029,23.046,22.767,22.826,38959.602
2025-07-31 20:00:00,22.826,22.896,22.655,22.814,38976.167
2025-07-31 21:00:00,22.814,22.984,22.552,22.717,37601.045
2025-07-31 22:00:00,22.717,22.717,22.458,22.508,51882.118
2025-07-31 23:00:00,22.508,22.668,22.401,22.474,46297.163
2025-08-01 00:00:00,22.474,22.506,21.802,22.28,81274.734
2025-08-01 01:00:00,22.28,22.396,21.987,22.331,31841.311
2025-08-01 02:00:00,22.331,22.472,22.258,22.41,14254.682
2025-08-01 03:00:00,22.41,22.581,22.327,22.425,12498.724
2025-08-01 04:00:00,22.425,22.425,22.162,22.165,13861.615
2025-08-01 05:00:00,22.165,22.229,21.886,21.918,27042.037
2025-08-01 06:00:00,21.918,22.04,21.765,21.989,26493.379
2025-08-01 07:00:00,21.989,22.165,21.841,22.164,35121.695
2025-08-01 08:00:00,22.164,22.164,21.624,21.84,33150.38
2025-08-01 09:00:00,21.84,22.118,21.811,21.829,28602.657
2025-08-01 10:00:00,21.829,22.047,21.82,21.987,16589.292
2025-08-01 11:00:00,21.987,22.161,21.884,22.135,17503.071
2025-08-01 12:00:00,22.135,22.395,22.052,22.137,52443.049
2025-08-01 13:00:00,22.137,22.279,21.587,21.743,42441.423
2025-08-01 14:00:00,21.743,22.341,21.593,22.279,30675.689
2025-08-01 15:00:00,22.279,22.315,21.939,22.086,17876.732
2025-08-01 16:00:00,22.086,22.249,21.792,21.84,37660.676
2025-08-01 17:00:00,21.84,21.918,21.619,21.706,30348.368
2025-08-01 18:00:00,21.706,21.922,21.489,21.753,47759.126
2025-08-01 19:00:00,21.753,22.06,21.712,21.908,40418.319
2025-08-01 20:00:00,21.908,21.994,21.398,21.761,39501.362
2025-08-01 21:00:00,21.761,21.906,21.712,21.732,12459.04
2025-08-01 22:00:00,21.732,21.746,21.026,21.265,77302.868
2025-08-01 23:00:00,21.265,21.598,21.22,21.517,18220.037
2025-08-02 00:00:00,21.517,21.71,21.463,21.705,18425.467
2025-08-02 01:00:00,21.705,21.732,21.578,21.717,12255.98
2025-08-02 02:00:00,21.717,21.732,21.69,21.708,4702.127
2025-08-02 03:00:00,21.708,21.772,21.667,21.702,5858.89
2025-08-02 04:00:00,21.702,21.819,21.624,21.801,7848.922
2025-08-02 05:00:00,21.801,21.802,21.705,21.705,10959.851
2025-08-02 06:00:00,21.705,21.713,21.23,21.341,24991.089
2025-08-02 07:00:00,21.341,21.682,21.183,21.664,16707.384
2025-08-02 08:00:00,21.664,21.726,21.402,21.434,13025.374
2025-08-02 09:00:00,21.434,21.511,21.36,21.462,9747.593
2025-08-02 10:00:00,21.462,21.485,21.251,21.411,13164.494
2025-08-02 11:00:00,21.411,21.609,21.266,21.495,6592.849
2025-08-02 12:00:00,21.495,21.549,21.376,21.526,7857.48
2025-08-02 13:00:00,21.526,21.65,21.409,21.592,12957.943
2025-08-02 14:00:00,21.592,21.662,21.193,21.306,19977.647
2025-08-02 15:00:00,21.306,21.48,21.15,21.22,20029.756
2025-08-02 16:00:00,21.22,21.295,21.0,21.199,45131.683
2025-08-02 17:00:00,21.199,21.317,20.807,20.89,41806.847
2025-08-02 18:00:00,20.89,20.981,20.66,20.774,49271.062
2025-08-02 19:00:00,20.774,21.13,20.688,20.875,34660.864
2025-08-02 20:00:00,20.875,21.065,20.856,21.02,18287.224
2025-08-02 21:00:00,21.02,21.14,20.885,20.977,14989.032
2025-08-02 22:00:00,20.977,21.1,20.831,21.0,12135.944
2025-08-02 23:00:00,21.0,21.027,20.696,20.867,7920.238
2025-08-03 00:00:00,20.867,21.037,20.576,21.025,20467.857
2025-08-03 01:00:00,21.025,21.119,20.933,21.034,6184.773
2025-08-03 02:00:00,21.034,21.178,21.034,21.172,4276.04
2025-08-03 03:00:00,21.172,21.203,21.11,21.14,4210.374
2025-08-03 04:00:00,21.14,21.18,21.069,21.144,6806.161
2025-08-03 05:00:00,21.144,21.223,21.111,21.157,9435.065
2025-08-03 06:00:00,21.157,21.18,21.083,21.156,5523.108
2025-08-03 07:00:00,21.156,21.245,21.117,21.17,11816.875
2025-08-03 08:00:00,21.17,21.266,21.163,21.242,10427.308
2025-08-03 09:00:00,21.242,21.262,21.152,21.255,9862.881
2025-08-03 10:00:00,21.255,21.405,21.253,21.349,12895.674
2025-08-03 11:00:00,21.349,21.486,21.325,21.366,22362.186
2025-08-03 12:00:00,21.366,21.47,21.278,21.42,11959.571
2025-08-03 13:00:00,21.42,21.485,21.313,21.371,10061.273
2025-08-03 14:00:00,21.371,21.417,21.24,21.342,19888.651
2025-08-03 15:00:00,21.342,21.425,21.244,21.423,9635.355
2025-08-03 16:00:00,21.423,21.462,21.312,21.434,8742.545
2025-08-03 17:00:00,21.434,21.464,21.336,21.41,10940.721
2025-08-03 18:00:00,21.41,21.451,21.329,21.422,7792.764
2025-08-03 19:00:00,21.422,21.542,21.376,21.404,8288.053
2025-08-03 20:00:00,21.404,21.407,21.328,21.387,12137.488
2025-08-03 21:00:00,21.387,21.451,21.34,21.42,6944.126
2025-08-03 22:00:00,21.42,21.485,21.272,21.404,4427.093
2025-08-03 23:00:00,21.404,21.532,21.353,21.37,8273.843
2025-08-04 00:00:00,21.37,21.831,21.345,21.823,19213.98
2025-08-04 01:00:00,21.823,21.889,21.697,21.732,23534.42
2025-08-04 02:00:00,21.732,21.93,21.694,21.879,21008.906
2025-08-04 03:00:00,21.879,21.898,21.712,21.769,14134.159
2025-08-04 04:00:00,21.769,21.96,21.769,21.913,21867.169
2025-08-04 05:00:00,21.913,21.934,21.758,21.876,28959.69
2025-08-04 06:00:00,21.876,21.93,21.723,21.91,22561.796
2025-08-04 07:00:00,21.91,21.996,21.846,21.932,17842.33
2025-08-04 08:00:00,21.932,22.016,21.82,21.971,22594.554
2025-08-04 09:00:00,21.971,22.044,21.887,21.907,16550.507
2025-08-04 10:00:00,21.907,21.987,21.821,21.84,16192.873
2025-08-04 11:00:00,21.84,21.85,21.722,21.841,10260.365
2025-08-04 12:00:00,21.841,21.918,21.813,21.903,13502.133
2025-08-04 13:00:00,21.903,22.193,21.78,22.192,46369.233
2025-08-04 14:00:00,22.192,22.598,22.114,22.138,77054.287
2025-08-04 15:00:00,22.138,22.407,22.113,22.35,22378.503
2025-08-04 16:00:00,22.35,22.652,22.35,22.645,30535.68
2025-08-04 17:00:00,22.645,22.849,22.52,22.564,72459.504
2025-08-04 18:00:00,22.564,22.617,22.406,22.444,11365.238
2025-08-04 19:00:00,22.444,22.449,22.258,22.306,11737.917
2025-08-04 20:00:00,22.306,22.613,22.265,22.581,26414.143
2025-08-04 21:00:00,22.581,22.955,22.581,22.837,35068.559
2025-08-04 22:00:00,22.837,23.101,22.837,23.098,49578.076
2025-08-04 23:00:00,23.098,23.113,22.963,23.108,51362.551
2025-08-05 00:00:00,23.108,23.127,22.983,23.11,20362.077
2025-08-05 01:00:00,23.11,23.13,22.856,22.861,14474.092
2025-08-05 02:00:00,22.861,22.928,22.774,22.827,12726.947
2025-08-05 03:00:00,22.827,22.83,22.644,22.729,12575.14
2025-08-05 04:00:00,22.729,22.799,22.716,22.723,13057.734
2025-08-05 05:00:00,22.723,22.84,22.723,22.783,16125.246
2025-08-05 06:00:00,22.783,22.783,22.451,22.46,15341.501
2025-08-05 07:00:00,22.46,22.5,22.149,22.219,46739.113
2025-08-05 08:00:00,22.219,22.377,22.173,22.347,14525.645
2025-08-05 09:00:00,22.347,22.634,22.342,22.595,13628.696
2025-08-05 10:00:00,22.595,22.828,22.52,22.798,41932.956
2025-08-05 11:00:00,22.798,22.819,22.627,22.665,11744.563
2025-08-05 12:00:00,22.665,22.691,22.234,22.327,27224.961
2025-08-05 13:00:00,22.327,22.455,22.26,22.381,26355.207
2025-08-05 14:00:00,22.381,22.393,21.826,21.923,72132.384
2025-08-05 15:00:00,21.923,21.994,21.633,21.721,37443.815
2025-08-05 16:00:00,21.721,21.914,21.669,21.783,22765.831
2025-08-05 17:00:00,21.783,21.925,21.728,21.903,8512.463
2025-08-05 18:00:00,21.903,21.946,21.668,21.799,11099.368
2025-08-05 19:00:00,21.799,21.87,21.635,21.688,12510.323
2025-08-05 20:00:00,21.688,21.86,21.652,21.676,6226.721
2025-08-05 21:00:00,21.676,21.76,21.571,21.598,6949.636
2025-08-05 22:00:00,21.598,21.787,21.434,21.779,18627.181
2025-08-05 23:00:00,21.779,21.94,21.751,21.905,11165.22
2025-08-06 00:00:00,21.905,21.956,21.695,21.743,13348.807
2025-08-06 01:00:00,21.743,21.794,21.612,21.794,21596.77
2025-08-06 02:00:00,21.794,21.82,21.666,21.75,3323.973
2025-08-06 03:00:00,21.75,21.774,21.63,21.66,7203.047
2025-08-06 04:00:00,21.66,21.746,21.571,21.73,5980.754
2025-08-06 05:00:00,21.73,22.304,21.675,22.128,59832.426
2025-08-06 06:00:00,22.128,22.202,21.98,22.149,10261.077
2025-08-06 07:00:00,22.149,22.283,22.111,22.25,9984.841
2025-08-06 08:00:00,22.25,22.289,21.98,22.058,11721.087
2025-08-06 09:00:00,22.058,22.23,21.999,22.041,14989.331
2025-08-06 10:00:00,22.041,22.077,21.916,21.95,9982.692
2025-08-06 11:00:00,21.95,22.103,21.902,21.947,16077.882
2025-08-06 12:00:00,21.947,21.997,21.768,21.824,14356.946
2025-08-06 13:00:00,21.824,21.976,21.766,21.912,16187.0
2025-08-06 14:00:00,21.912,22.224,21.804,22.224,25466.056
2025-08-06 15:00:00,22.224,22.374,22.08,22.337,35191.088
2025-08-06 16:00:00,22.337,22.395,22.04,22.082,20813.376
2025-08-06 17:00:00,22.082,22.257,22.016,22.248,15875.673
2025-08-06 18:00:00,22.248,22.385,22.201,22.216,13741.811
2025-08-06 19:00:00,22.216,22.283,22.152,22.255,7518.929
2025-08-06 20:00:00,22.255,22.272,22.139,22.161,3658.096
2025-08-06 21:00:00,22.161,22.275,22.103,22.183,5760.077
2025-08-06 22:00:00,22.183,22.283,22.172,22.273,3689.244
2025-08-06 23:00:00,22.273,22.301,22.212,22.232,5138.35
2025-08-07 00:00:00,22.232,22.278,22.157,22.177,3162.564
2025-08-07 01:00:00,22.177,22.348,22.084,22.109,13620.759
2025-08-07 02:00:00,22.109,22.162,22.012,22.045,6019.838
2025-08-07 03:00:00,22.045,22.082,21.98,22.005,3087.903
2025-08-07 04:00:00,22.005,22.106,21.97,22.006,3189.437
2025-08-07 05:00:00,22.006,22.183,21.951,22.18,11015.925
2025-08-07 06:00:00,22.18,22.311,22.17,22.174,26573.46
2025-08-07 07:00:00,22.174,22.272,22.174,22.211,16654.714
2025-08-07 08:00:00,22.211,22.382,22.211,22.277,19560.572
2025-08-07 09:00:00,22.277,22.357,22.203,22.32,10540.525
2025-08-07 10:00:00,22.32,22.808,22.301,22.783,83552.901
2025-08-07 11:00:00,22.783,22.895,22.746,22.776,55234.127
2025-08-07 12:00:00,22.776,22.819,22.606,22.734,23401.752
2025-08-07 13:00:00,22.734,22.812,22.702,22.753,25621.875
2025-08-07 14:00:00,22.753,22.769,22.555,22.584,16715.902
2025-08-07 15:00:00,22.584,22.685,22.505,22.659,11925.808
2025-08-07 16:00:00,22.659,22.713,22.188,22.466,27722.502
2025-08-07 17:00:00,22.466,22.565,22.399,22.532,10497.348
2025-08-07 18:00:00,22.532,22.555,22.426,22.544,7471.321
2025-08-07 19:00:00,22.544,22.89,22.525,22.87,24948.386
2025-08-07 20:00:00,22.87,23.027,22.848,22.991,45875.978
2025-08-07 21:00:00,22.991,23.152,22.901,23.078,21511.893
2025-08-07 22:00:00,23.078,23.357,23.052,23.343,22002.61
2025-08-07 23:00:00,23.343,23.362,23.229,23.356,8333.084
2025-08-08 00:00:00,23.356,23.692,23.019,23.288,77421.558
2025-08-08 01:00:00,23.288,23.44,23.005,23.209,94557.15
2025-08-08 02:00:00,23.209,23.347,23.119,23.215,30030.608
2025-08-08 03:00:00,23.215,23.402,23.173,23.283,18319.153
2025-08-08 04:00:00,23.283,23.311,23.124,23.129,8827.919
2025-08-08 05:00:00,23.129,23.224,23.06,23.063,9996.39
2025-08-08 06:00:00,23.063,23.417,23.041,23.407,38407.885
2025-08-08 07:00:00,23.407,23.571,23.219,23.482,53559.041
2025-08-08 08:00:00,23.482,23.609,23.314,23.429,36646.818
2025-08-08 09:00:00,23.429,23.589,23.374,23.552,22196.549
2025-08-08 10:00:00,23.552,23.603,23.448,23.515,19795.688
2025-08-08 11:00:00,23.515,23.57,23.472,23.504,11652.762
2025-08-08 12:00:00,23.504,23.525,23.246,23.25,19338.372
2025-08-08 13:00:00,23.25,23.7,23.236,23.69,27692.658
2025-08-08 14:00:00,23.69,23.806,23.23,23.393,47639.147
2025-08-08 15:00:00,23.393,23.408,23.048,23.183,23796.949
2025-08-08 16:00:00,23.183,23.327,23.158,23.283,27357.468
2025-08-08 17:00:00,23.283,23.779,23.274,23.771,62386.204
2025-08-08 18:00:00,23.771,23.852,23.618,23.705,48971.698
2025-08-08 19:00:00,23.705,23.808,23.639,23.804,26151.852
2025-08-08 20:00:00,23.804,23.858,23.696,23.76,28388.553
2025-08-08 21:00:00,23.76,23.8,23.674,23.746,18604.167
2025-08-08 22:00:00,23.746,23.864,23.69,23.805,15985.841
2025-08-08 23:00:00,23.805,23.874,23.746,23.799,11671.428
2025-08-09 00:00:00,23.799,23.837,23.737,23.824,14217.912
2025-08-09 01:00:00,23.824,24.074,23.78,24.034,27868.64
2025-08-09 02:00:00,24.034,24.187,24.012,24.076,18952.017
2025-08-09 03:00:00,24.076,24.167,23.944,23.993,13994.49
2025-08-09 04:00:00,23.993,24.185,23.936,24.159,10277.569
2025-08-09 05:00:00,24.159,24.681,24.119,24.473,78074.612
2025-08-09 06:00:00,24.473,24.534,24.171,24.228,25629.704
2025-08-09 07:00:00,24.228,24.419,24.203,24.417,9189.448
2025-08-09 08:00:00,24.417,24.518,24.356,24.437,13424.524
2025-08-09 09:00:00,24.437,24.676,24.392,24.667,23113.802
2025-08-09 10:00:00,24.667,24.755,24.635,24.664,16935.742
2025-08-09 11:00:00,24.664,24.706,24.53,24.586,12267.474
2025-08-09 12:00:00,24.586,24.801,24.542,24.772,29370.737
2025-08-09 13:00:00,24.772,24.774,24.292,24.325,32816.87
2025-08-09 14:00:00,24.325,24.363,24.132,24.305,42045.87
2025-08-09 15:00:00,24.305,24.377,24.039,24.169,33920.937
2025-08-09 16:00:00,24.169,24.352,24.169,24.206,18859.099
2025-08-09 17:00:00,24.206,24.4,24.184,24.336,18189.979
2025-08-09 18:00:00,24.336,24.47,24.254,24.456,21739.216
2025-08-09 19:00:00,24.456,24.572,24.427,24.479,19239.292
2025-08-09 20:00:00,24.479,24.805,24.465,24.741,46819.375
2025-08-09 21:00:00,24.741,24.785,24.458,24.588,27479.973
2025-08-09 22:00:00,24.588,24.81,24.37,24.403,41834.678
2025-08-09 23:00:00,24.403,24.423,24.171,24.25,67676.531
2025-08-10 00:00:00,24.25,24.505,24.22,24.446,36391.345
2025-08-10 01:00:00,24.446,24.493,24.236,24.349,38353.721
2025-08-10 02:00:00,24.349,24.379,24.1,24.129,45788.404
2025-08-10 03:00:00,24.129,24.445,24.051,24.398,32423.988
2025-08-10 04:00:00,24.398,24.55,24.275,24.465,12878.735
2025-08-10 05:00:00,24.465,24.465,24.055,24.072,25307.813
2025-08-10 06:00:00,24.072,24.106,23.856,23.931,15475.888
2025-08-10 07:00:00,23.931,24.003,23.462,23.481,42711.712
2025-08-10 08:00:00,23.481,23.684,23.263,23.654,32102.05
2025-08-10 09:00:00,23.654,23.712,23.574,23.645,13490.661
2025-08-10 10:00:00,23.645,23.668,23.395,23.503,13152.276
2025-08-10 11:00:00,23.503,23.681,23.456,23.537,16118.408
2025-08-10 12:00:00,23.537,23.681,23.491,23.66,9949.804
2025-08-10 13:00:00,23.66,23.725,23.485,23.508,7539.027
2025-08-10 14:00:00,23.508,23.947,23.459,23.839,14122.059
2025-08-10 15:00:00,23.839,24.05,23.754,23.957,13891.801
2025-08-10 16:00:00,23.957,24.03,23.767,23.825,13336.143
2025-08-10 17:00:00,23.825,23.896,23.743,23.828,17314.496
2025-08-10 18:00:00,23.828,23.965,23.827,23.932,5857.932
2025-08-10 19:00:00,23.932,23.981,23.877,23.91,5835.909
2025-08-10 20:00:00,23.91,23.926,23.676,23.737,31445.266
2025-08-10 21:00:00,23.737,23.768,23.542,23.746,19498.204
2025-08-10 22:00:00,23.746,23.804,23.645,23.804,12728.022
2025-08-10 23:00:00,23.804,23.868,23.647,23.834,9837.058
2025-08-11 00:00:00,23.834,23.981,23.675,23.675,24653.577
2025-08-11 01:00:00,23.675,24.125,23.668,24.019,19176.643
2025-08-11 02:00:00,24.019,24.472,24.009,24.42,32677.695
2025-08-11 03:00:00,24.42,24.437,24.281,24.397,15998.2
2025-08-11 04:00:00,24.397,24.595,24.397,24.429,18438.645
2025-08-11 05:00:00,24.429,24.56,24.348,24.469,24046.558
2025-08-11 06:00:00,24.469,24.622,24.454,24.543,29055.422
2025-08-11 07:00:00,24.543,24.55,24.041,24.097,17283.241
2025-08-11 08:00:00,24.097,24.362,23.922,24.209,38489.187
2025-08-11 09:00:00,24.209,24.27,23.954,24.05,23054.665
2025-08-11 10:00:00,24.05,24.073,23.847,23.909,45837.476
2025-08-11 11:00:00,23.909,23.919,23.287,23.399,96366.234
2025-08-11 12:00:00,23.399,23.399,23.137,23.256,68260.652
2025-08-11 13:00:00,23.256,23.589,23.076,23.526,67598.455
2025-08-11 14:00:00,23.526,23.741,23.43,23.509,44744.781
2025-08-11 15:00:00,23.509,23.746,23.382,23.741,22873.235
2025-08-11 16:00:00,23.741,24.052,23.566,23.66,38753.341
2025-08-11 17:00:00,23.66,23.73,23.474,23.523,15264.818
2025-08-11 18:00:00,23.523,23.574,23.31,23.476,19674.684
2025-08-11 19:00:00,23.476,23.482,23.109,23.251,19316.625
2025-08-11 20:00:00,23.251,23.254,23.102,23.194,16372.628
2025-08-11 21:00:00,23.194,23.265,22.725,22.902,23307.461
2025-08-11 22:00:00,22.902,22.913,22.651,22.793,27990.713
2025-08-11 23:00:00,22.793,22.924,22.758,22.791,14004.641
2025-08-12 00:00:00,22.791,23.09,22.74,23.033,24834.401
2025-08-12 01:00:00,23.033,23.122,22.953,23.06,10491.645
2025-08-12 02:00:00,23.06,23.268,23.005,23.12,12250.965
2025-08-12 03:00:00,23.12,23.138,22.985,23.008,8513.402
2025-08-12 04:00:00,23.008,23.213,22.969,23.188,10909.811
2025-08-12 05:00:00,23.188,23.188,22.89,22.968,13635.609
2025-08-12 06:00:00,22.968,23.106,22.806,22.983,19301.082
2025-08-12 07:00:00,22.983,23.152,22.983,23.129,7277.62
2025-08-12 08:00:00,23.129,23.222,22.957,22.967,26917.008
2025-08-12 09:00:00,22.967,23.024,22.863,22.986,15270.966
2025-08-12 10:00:00,22.986,23.092,22.894,22.977,12093.386
2025-08-12 11:00:00,22.977,23.013,22.763,22.976,10386.375
2025-08-12 12:00:00,22.976,23.679,22.884,23.601,67428.347
2025-08-12 13:00:00,23.601,23.806,23.352,23.495,32175.54
2025-08-12 14:00:00,23.495,23.972,23.448,23.949,38118.846
2025-08-12 15:00:00,23.949,24.241,23.926,24.209,28648.688
2025-08-12 16:00:00,24.209,24.373,24.145,24.3,43275.257
2025-08-12 17:00:00,24.3,24.498,24.266,24.306,51483.617
2025-08-12 18:00:00,24.306,24.566,24.253,24.294,55988.599
2025-08-12 19:00:00,24.294,24.625,24.294,24.607,59084.212
2025-08-12 20:00:00,24.607,24.916,24.559,24.845,64670.415
2025-08-12 21:00:00,24.845,24.876,24.561,24.628,47947.425
2025-08-12 22:00:00,24.628,24.747,24.575,24.644,34033.777
2025-08-12 23:00:00,24.644,24.734,24.557,24.676,26368.122
2025-08-13 00:00:00,24.676,24.899,24.663,24.787,33965.37
2025-08-13 01:00:00,24.787,24.791,24.375,24.495,29617.317
2025-08-13 02:00:00,24.495,24.877,24.384,24.866,41892.929
2025-08-13 03:00:00,24.866,25.048,24.748,24.976,66764.415
2025-08-13 04:00:00,24.976,25.135,24.814,24.932,45916.637
2025-08-13 05:00:00,24.932,24.932,24.526,24.563,30579.346
2025-08-13 06:00:00,24.563,24.663,24.423,24.585,26869.064
2025-08-13 07:00:00,24.585,24.762,24.55,24.762,44382.488
2025-08-13 08:00:00,24.762,24.972,24.748,24.927,54142.438
2025-08-13 09:00:00,24.927,25.334,24.927,25.298,108577.716
2025-08-13 10:00:00,25.298,25.443,25.233,25.264,41826.295
2025-08-13 11:00:00,25.264,25.269,25.026,25.048,35018.295
2025-08-13 12:00:00,25.048,25.233,25.03,25.044,24965.717
2025-08-13 13:00:00,25.044,25.411,24.91,25.132,65785.956
2025-08-13 14:00:00,25.132,25.212,24.806,24.883,68268.617
2025-08-13 15:00:00,24.883,25.123,24.745,24.995,38056.861
2025-08-13 16:00:00,24.995,25.312,24.971,25.079,46545.21
2025-08-13 17:00:00,25.079,25.236,25.004,25.144,20017.765
2025-08-13 18:00:00,25.144,25.264,24.978,25.101,28936.034
2025-08-13 19:00:00,25.101,25.385,25.07,25.363,25476.929
2025-08-13 20:00:00,25.363,25.405,25.224,25.326,25318.721
2025-08-13 21:00:00,25.326,25.596,25.238,25.32,44353.734
2025-08-13 22:00:00,25.32,25.646,25.28,25.498,39330.292
2025-08-13 23:00:00,25.498,25.676,25.468,25.47,45135.206
2025-08-14 00:00:00,25.47,25.661,25.32,25.381,42361.203
2025-08-14 01:00:00,25.381,25.565,25.243,25.457,31406.448
2025-08-14 02:00:00,25.457,25.93,25.419,25.89,49459.332
2025-08-14 03:00:00,25.89,25.988,25.709,25.932,26874.536
2025-08-14 04:00:00,25.932,25.956,25.536,25.55,48938.018
2025-08-14 05:00:00,25.55,25.674,25.399,25.46,37176.086
2025-08-14 06:00:00,25.46,25.599,25.095,25.546,47086.105
2025-08-14 07:00:00,25.546,25.636,25.126,25.29,36893.582
2025-08-14 08:00:00,25.29,25.307,24.93,25.063,28172.303
2025-08-14 09:00:00,25.063,25.297,24.952,25.252,19271.881
2025-08-14 10:00:00,25.252,25.252,24.717,24.972,36959.059
2025-08-14 11:00:00,24.972,25.076,24.917,25.025,24664.79
2025-08-14 12:00:00,25.025,25.116,23.31,23.745,248252.985
2025-08-14 13:00:00,23.745,24.101,23.232,23.946,113705.907
2025-08-14 14:00:00,23.946,24.287,23.871,24.095,81539.965
2025-08-14 15:00:00,24.095,24.214,23.855,23.875,40286.07
2025-08-14 16:00:00,23.875,23.884,23.524,23.65,71280.358
2025-08-14 17:00:00,23.65,23.77,23.432,23.714,65131.769
2025-08-14 18:00:00,23.714,23.737,23.362,23.618,58216.82
2025-08-14 19:00:00,23.618,23.909,23.572,23.605,37037.647
2025-08-14 20:00:00,23.605,23.605,23.411,23.551,24891.464
2025-08-14 21:00:00,23.551,23.628,23.193,23.355,53717.012
2025-08-14 22:00:00,23.355,23.557,23.18,23.548,36457.712
2025-08-14 23:00:00,23.548,23.715,23.533,23.652,22612.852
2025-08-15 00:00:00,23.652,24.012,23.619,23.956,119120.92
2025-08-15 01:00:00,23.956,24.037,23.798,23.919,47826.539
2025-08-15 02:00:00,23.919,24.004,23.859,23.962,29138.51
2025-08-15 03:00:00,23.962,24.892,23.934,24.873,152323.999
2025-08-15 04:00:00,24.873,25.262,24.622,24.627,209170.707
2025-08-15 05:00:00,24.627,25.235,24.627,25.222,88062.938
2025-08-15 06:00:00,25.222,25.658,25.192,25.197,90878.904
2025-08-15 07:00:00,25.197,25.445,25.105,25.425,51823.722
2025-08-15 08:00:00,25.425,25.471,25.175,25.175,29736.257
2025-08-15 09:00:00,25.175,25.223,24.755,24.82,37973.145
2025-08-15 10:00:00,24.82,24.916,24.664,24.694,22672.283
2025-08-15 11:00:00,24.694,24.736,24.572,24.572,17954.646
2025-08-15 12:00:00,24.572,24.758,24.33,24.401,57782.115
2025-08-15 13:00:00,24.401,24.508,24.109,24.18,39018.324
2025-08-15 14:00:00,24.18,24.284,23.866,23.879,40565.233
2025-08-15 15:00:00,23.879,23.914,23.568,23.701,182414.938
2025-08-15 16:00:00,23.701,23.916,23.461,23.827,113792.568
2025-08-15 17:00:00,23.827,24.232,23.593,24.108,77000.383
2025-08-15 18:00:00,24.108,24.181,23.528,23.633,51487.917
2025-08-15 19:00:00,23.633,23.798,23.502,23.536,30622.67
2025-08-15 20:00:00,23.536,23.776,23.465,23.75,19771.299
2025-08-15 21:00:00,23.75,23.876,23.607,23.769,14998.024
2025-08-15 22:00:00,23.769,24.095,23.689,24.08,12826.821
2025-08-15 23:00:00,24.08,24.146,23.576,23.772,17073.966
2025-08-16 00:00:00,23.772,24.145,23.705,24.098,21836.201
2025-08-16 01:00:00,24.098,24.114,23.824,23.956,12341.59
2025-08-16 02:00:00,23.956,23.96,23.816,23.888,18531.427
2025-08-16 03:00:00,23.888,24.06,23.841,23.886,12891.95
2025-08-16 04:00:00,23.886,23.971,23.748,23.934,14608.862
2025-08-16 05:00:00,23.934,23.934,23.663,23.698,14964.13
2025-08-16 06:00:00,23.698,23.768,23.631,23.725,18239.749
2025-08-16 07:00:00,23.725,24.007,23.714,24.0,26830.227
2025-08-16 08:00:00,24.0,24.09,23.937,23.987,19274.326
2025-08-16 09:00:00,23.987,24.095,23.626,23.634,21138.15
2025-08-16 10:00:00,23.634,23.742,23.568,23.62,27834.928
2025-08-16 11:00:00,23.62,23.843,23.593,23.604,11314.193
2025-08-16 12:00:00,23.604,23.816,23.571,23.809,16936.475
2025-08-16 13:00:00,23.809,23.947,23.705,23.72,21088.545
2025-08-16 14:00:00,23.72,23.996,23.669,23.974,31512.012
2025-08-16 15:00:00,23.974,24.269,23.874,24.201,39268.277
2025-08-16 16:00:00,24.201,24.293,24.018,24.098,47633.265
2025-08-16 17:00:00,24.098,24.103,23.911,23.971,35579.528
2025-08-16 18:00:00,23.971,24.096,23.902,24.008,7342.355
2025-08-16 19:00:00,24.008,24.28,23.993,24.168,13379.732
2025-08-16 20:00:00,24.168,24.375,24.161,24.322,34003.192
2025-08-16 21:00:00,24.322,24.333,24.164,24.198,10746.267
2025-08-16 22:00:00,24.198,24.32,24.137,24.261,7969.247
2025-08-16 23:00:00,24.261,24.319,24.153,24.303,9545.115
2025-08-17 00:00:00,24.303,24.312,24.068,24.077,10900.287
2025-08-17 01:00:00,24.077,24.153,24.026,24.102,9549.614
2025-08-17 02:00:00,24.102,24.366,24.035,24.364,10101.586
2025-08-17 03:00:00,24.364,24.465,24.222,24.43,13431.842
2025-08-17 04:00:00,24.43,24.645,24.421,24.643,24764.942
2025-08-17 05:00:00,24.643,24.76,24.543,24.575,42320.811
2025-08-17 06:00:00,24.575,24.691,24.481,24.49,17778.761
2025-08-17 07:00:00,24.49,24.593,24.439,24.561,14358.972
2025-08-17 08:00:00,24.561,24.764,24.491,24.737,20005.874
2025-08-17 09:00:00,24.737,24.841,24.638,24.828,22553.216
2025-08-17 10:00:00,24.828,24.947,24.761,24.785,27930.505
2025-08-17 11:00:00,24.785,24.844,24.662,24.837,27082.829
2025-08-17 12:00:00,24.837,24.874,24.659,24.659,15305.578
2025-08-17 13:00:00,24.659,24.929,24.581,24.842,20383.345
2025-08-17 14:00:00,24.842,25.091,24.81,25.055,26107.592
2025-08-17 15:00:00,25.055,25.445,25.052,25.428,44354.271
2025-08-17 16:00:00,25.428,25.522,24.926,24.996,57717.211
2025-08-17 17:00:00,24.996,25.609,24.928,25.549,115776.957
2025-08-17 18:00:00,25.549,25.673,24.939,25.192,109011.103
2025-08-17 19:00:00,25.192,25.38,25.033,25.07,30371.412
2025-08-17 20:00:00,25.07,25.239,25.029,25.089,11255.099
2025-08-17 21:00:00,25.089,25.201,25.006,25.046,10348.935
2025-08-17 22:00:00,25.046,25.299,25.016,25.251,19851.685
2025-08-17 23:00:00,25.251,25.255,25.012,25.075,18099.378
2025-08-18 00:00:00,25.075,25.324,24.85,25.21,40520.902
2025-08-18 01:00:00,25.21,25.248,24.64,24.694,80863.955
2025-08-18 02:00:00,24.694,24.731,23.985,24.041,110515.665
2025-08-18 03:00:00,24.041,24.121,23.708,23.952,65298.763
2025-08-18 04:00:00,23.952,24.138,23.775,24.081,55963.23
2025-08-18 05:00:00,24.081,24.142,23.726,23.927,80865.053
2025-08-18 06:00:00,23.927,23.927,23.436,23.571,116110.834
2025-08-18 07:00:00,23.571,23.641,23.469,23.534,17916.796
2025-08-18 08:00:00,23.534,23.66,23.467,23.524,22046.823
2025-08-18 09:00:00,23.524,23.818,23.355,23.731,33572.627
2025-08-18 10:00:00,23.731,23.901,23.649,23.776,25686.439
2025-08-18 11:00:00,23.776,23.856,23.626,23.685,23313.645
2025-08-18 12:00:00,23.685,24.086,23.633,24.086,23937.235
2025-08-18 13:00:00,24.086,24.178,23.562,23.567,46185.087
2025-08-18 14:00:00,23.567,23.716,23.383,23.633,50250.001
2025-08-18 15:00:00,23.633,23.8,23.397,23.781,50394.825
2025-08-18 16:00:00,23.781,23.873,23.416,23.472,76644.503
2025-08-18 17:00:00,23.472,24.01,23.458,23.688,69940.441
2025-08-18 18:00:00,23.688,23.877,23.562,23.867,17679.178
2025-08-18 19:00:00,23.867,23.944,23.708,23.834,28135.737
2025-08-18 20:00:00,23.834,23.911,23.568,23.729,35260.301
2025-08-18 21:00:00,23.729,23.95,23.687,23.898,33243.142
2025-08-18 22:00:00,23.898,24.139,23.866,23.868,14908.607
2025-08-18 23:00:00,23.868,23.942,23.625,23.694,17205.484
2025-08-19 00:00:00,23.694,23.936,23.357,23.93,44098.146
2025-08-19 01:00:00,23.93,24.061,23.543,23.602,27023.465
2025-08-19 02:00:00,23.602,23.648,23.44,23.497,18486.396
2025-08-19 03:00:00,23.497,23.531,23.064,23.111,69514.797
2025-08-19 04:00:00,23.111,23.252,22.98,23.248,50087.309
2025-08-19 05:00:00,23.248,23.307,23.119,23.163,17057.671
2025-08-19 06:00:00,23.163,23.226,23.064,23.124,20653.238
2025-08-19 07:00:00,23.124,23.134,22.928,23.032,44524.316
2025-08-19 08:00:00,23.032,23.147,22.863,23.039,50932.884
2025-08-19 09:00:00,23.039,23.24,23.026,23.16,39440.159
2025-08-19 10:00:00,23.16,23.372,23.115,23.275,21517.621
2025-08-19 11:00:00,23.275,23.401,23.241,23.353,12682.127
2025-08-19 12:00:00,23.353,23.356,23.12,23.25,23887.61
2025-08-19 13:00:00,23.25,23.483,22.954,23.172,54320.612
2025-08-19 14:00:00,23.172,23.283,22.676,22.819,76197.727
2025-08-19 15:00:00,22.819,23.079,22.681,22.785,37321.448
2025-08-19 16:00:00,22.785,22.854,22.602,22.689,42980.194
2025-08-19 17:00:00,22.689,22.826,22.532,22.76,57242.678
2025-08-19 18:00:00,22.76,22.771,22.393,22.477,30301.568
2025-08-19 19:00:00,22.477,22.682,22.349,22.505,34104.185
2025-08-19 20:00:00,22.505,22.699,22.404,22.692,26290.268
2025-08-19 21:00:00,22.692,22.745,22.611,22.685,8140.13
2025-08-19 22:00:00,22.685,22.685,22.553,22.613,8495.208
2025-08-19 23:00:00,22.613,22.625,22.31,22.36,32925.98
2025-08-20 00:00:00,22.36,22.551,22.337,22.493,23876.103
2025-08-20 01:00:00,22.493,22.596,22.24,22.569,38864.914
2025-08-20 02:00:00,22.569,22.677,22.53,22.628,27872.277
2025-08-20 03:00:00,22.628,22.804,22.586,22.693,10496.078
2025-08-20 04:00:00,22.693,22.896,22.693,22.836,26977.46
2025-08-20 05:00:00,22.836,22.971,22.726,22.97,20576.699
2025-08-20 06:00:00,22.97,22.987,22.787,22.841,18491.525
2025-08-20 07:00:00,22.841,22.984,22.763,22.778,11131.521
2025-08-20 08:00:00,22.778,23.031,22.75,23.019,21712.676
2025-08-20 09:00:00,23.019,23.039,22.877,22.918,19671.811
2025-08-20 10:00:00,22.918,22.994,22.869,22.948,6160.441
2025-08-20 11:00:00,22.948,22.968,22.546,22.82,16411.916
2025-08-20 12:00:00,22.82,23.02,22.764,22.927,17283.116
2025-08-20 13:00:00,22.927,22.976,22.477,22.58,89086.622
2025-08-20 14:00:00,22.58,23.042,22.359,22.876,63016.01
2025-08-20 15:00:00,22.876,23.348,22.847,23.102,39837.22
2025-08-20 16:00:00,23.102,23.388,23.101,23.181,28673.88
2025-08-20 17:00:00,23.181,23.479,23.163,23.374,27087.117
2025-08-20 18:00:00,23.374,23.4,22.957,23.153,37948.617
2025-08-20 19:00:00,23.153,23.542,23.129,23.534,29974.919
2025-08-20 20:00:00,23.534,23.549,23.418,23.489,18761.69
2025-08-20 21:00:00,23.489,23.536,23.348,23.471,18132.119
2025-08-20 22:00:00,23.471,23.553,23.425,23.539,12761.214
2025-08-20 23:00:00,23.539,23.545,23.415,23.457,5694.718
2025-08-21 00:00:00,23.457,23.485,23.325,23.463,15481.642
2025-08-21 01:00:00,23.463,23.557,23.323,23.555,14181.11
2025-08-21 02:00:00,23.555,23.627,23.159,23.262,27481.476
2025-08-21 03:00:00,23.262,23.576,23.261,23.406,27835.303
2025-08-21 04:00:00,23.406,23.483,23.338,23.404,19474.209
2025-08-21 05:00:00,23.404,23.516,23.294,23.513,12121.544
2025-08-21 06:00:00,23.513,23.523,23.332,23.41,13009.31
2025-08-21 07:00:00,23.41,23.45,23.204,23.407,12001.911
2025-08-21 08:00:00,23.407,23.442,23.107,23.109,14551.592
2025-08-21 09:00:00,23.109,23.225,23.012,23.099,18591.765
2025-08-21 10:00:00,23.099,23.221,23.054,23.146,13140.627
2025-08-21 11:00:00,23.146,23.214,23.034,23.113,14053.189
2025-08-21 12:00:00,23.113,23.169,22.919,23.035,23525.002
2025-08-21 13:00:00,23.035,23.331,22.999,23.123,19884.895
2025-08-21 14:00:00,23.123,23.415,23.031,23.155,25306.501
2025-08-21 15:00:00,23.155,23.207,22.91,22.94,21001.918
2025-08-21 16:00:00,22.94,23.097,22.825,22.843,21554.914
2025-08-21 17:00:00,22.843,22.956,22.724,22.923,22468.163
2025-08-21 18:00:00,22.923,23.035,22.806,23.01,13196.672
2025-08-21 19:00:00,23.01,23.077,22.789,22.826,11350.53
2025-08-21 20:00:00,22.826,23.043,22.732,22.957,9369.418
2025-08-21 21:00:00,22.957,23.06,22.814,23.002,9460.284
2025-08-21 22:00:00,23.002,23.048,22.917,22.98,9226.558
2025-08-21 23:00:00,22.98,22.98,22.716,22.773,7043.544
2025-08-22 00:00:00,22.773,22.918,22.73,22.779,11075.854
2025-08-22 01:00:00,22.779,22.942,22.676,22.922,17006.619
2025-08-22 02:00:00,22.922,23.222,22.897,23.1,16612.183
2025-08-22 03:00:00,23.1,23.17,22.817,22.882,11953.694
2025-08-22 04:00:00,22.882,23.145,22.882,22.98,13156.974
2025-08-22 05:00:00,22.98,23.073,22.863,23.008,23870.538
2025-08-22 06:00:00,23.008,23.125,22.804,22.867,18421.283
2025-08-22 07:00:00,22.867,23.136,22.845,23.054,22379.055
2025-08-22 08:00:00,23.054,23.218,23.004,23.01,24167.129
2025-08-22 09:00:00,23.01,23.07,22.896,23.008,8543.547
2025-08-22 10:00:00,23.008,23.016,22.728,22.757,10994.311
2025-08-22 11:00:00,22.757,22.77,22.573,22.577,14768.755
2025-08-22 12:00:00,22.577,22.612,22.192,22.469,57981.473
2025-08-22 13:00:00,22.469,22.807,22.347,22.646,52422.874
2025-08-22 14:00:00,22.646,24.168,22.641,24.102,341490.582
2025-08-22 15:00:00,24.102,24.512,24.098,24.261,93450.701
2025-08-22 16:00:00,24.261,24.982,24.26,24.799,76976.156
2025-08-22 17:00:00,24.799,25.2,24.799,24.983,106048.884
2025-08-22 18:00:00,24.983,25.11,24.878,24.967,47103.557
2025-08-22 19:00:00,24.967,25.155,24.951,25.064,57795.869
2025-08-22 20:00:00,25.064,25.254,25.064,25.197,58138.56
2025-08-22 21:00:00,25.197,25.407,25.135,25.201,74657.318
2025-08-22 22:00:00,25.201,25.287,25.044,25.11,49064.606
2025-08-22 23:00:00,25.11,25.29,25.1,25.257,37507.673
2025-08-23 00:00:00,25.257,25.32,25.108,25.122,34514.43
2025-08-23 01:00:00,25.122,25.138,24.749,24.903,35174.67
2025-08-23 02:00:00,24.903,24.975,24.476,24.747,29370.952
2025-08-23 03:00:00,24.747,24.971,24.678,24.95,11400.214
2025-08-23 04:00:00,24.95,25.269,24.911,25.262,39918.465
2025-08-23 05:00:00,25.262,25.527,25.207,25.457,60336.172
2025-08-23 06:00:00,25.457,25.575,25.303,25.372,39428.207
2025-08-23 07:00:00,25.372,25.4,25.216,25.313,35476.764
2025-08-23 08:00:00,25.313,25.421,25.235,25.302,52399.18
2025-08-23 09:00:00,25.302,25.904,25.2,25.814,139883.224
2025-08-23 10:00:00,25.814,25.911,25.683,25.755,63627.572
2025-08-23 11:00:00,25.755,26.043,25.67,25.897,105626.145
2025-08-23 12:00:00,25.897,26.212,25.762,26.164,72266.454
2025-08-23 13:00:00,26.164,26.767,26.085,26.631,142389.7
2025-08-23 14:00:00,26.631,26.696,26.105,26.113,98905.406
2025-08-23 15:00:00,26.113,26.284,25.548,25.645,97789.394
2025-08-23 16:00:00,25.645,25.646,25.235,25.469,132374.576
2025-08-23 17:00:00,25.469,25.772,25.459,25.766,42255.304
2025-08-23 18:00:00,25.766,25.868,25.646,25.867,18993.802
2025-08-23 19:00:00,25.867,25.994,25.805,25.991,24545.143
2025-08-23 20:00:00,25.991,26.047,25.763,25.843,33260.463
2025-08-23 21:00:00,25.843,25.892,25.717,25.85,18902.311
2025-08-23 22:00:00,25.85,26.225,25.845,26.179,29941.168
2025-08-23 23:00:00,26.179,26.306,26.115,26.255,38907.255
2025-08-24 00:00:00,26.255,26.298,26.055,26.072,40850.961
2025-08-24 01:00:00,26.072,26.181,25.938,26.062,30407.307
2025-08-24 02:00:00,26.062,26.25,25.986,26.007,26203.165
2025-08-24 03:00:00,26.007,26.018,25.863,25.923,20558.19
2025-08-24 04:00:00,25.923,25.99,25.794,25.92,15570.405
2025-08-24 05:00:00,25.92,25.921,25.583,25.62,18210.687
2025-08-24 06:00:00,25.62,25.625,25.459,25.461,22229.058
2025-08-24 07:00:00,25.461,25.612,25.449,25.453,9831.917
2025-08-24 08:00:00,25.453,25.58,25.399,25.54,16906.378
2025-08-24 09:00:00,25.54,25.587,25.465,25.47,9209.081
2025-08-24 10:00:00,25.47,25.507,24.958,25.005,37256.807
2025-08-24 11:00:00,25.005,25.138,24.933,25.062,19387.898
2025-08-24 12:00:00,25.062,25.194,25.027,25.113,16672.671
2025-08-24 13:00:00,25.113,25.205,25.083,25.113,16984.747
2025-08-24 14:00:00,25.113,25.505,25.03,25.498,43140.681
2025-08-24 15:00:00,25.498,25.913,25.451,25.521,45692.448
2025-08-24 16:00:00,25.521,25.763,25.384,25.708,36135.909
2025-08-24 17:00:00,25.708,26.086,25.703,25.985,54994.451
2025-08-24 18:00:00,25.985,26.557,25.871,26.438,92110.393
2025-08-24 19:00:00,26.438,26.569,25.235,25.799,249788.584
2025-08-24 20:00:00,25.799,25.838,25.178,25.611,79154.071
2025-08-24 21:00:00,25.611,25.917,25.417,25.662,32959.865
2025-08-24 22:00:00,25.662,25.771,25.34,25.756,24395.928
2025-08-24 23:00:00,25.756,25.897,25.689,25.829,27071.093
2025-08-25 00:00:00,25.829,25.991,25.152,25.347,47256.294
2025-08-25 01:00:00,25.347,25.687,25.296,25.643,20340.355
2025-08-25 02:00:00,25.643,25.885,25.634,25.745,24677.144
2025-08-25 03:00:00,25.745,25.857,25.465,25.495,15585.905
2025-08-25 04:00:00,25.495,25.557,25.364,25.375,20277.81
2025-08-25 05:00:00,25.375,25.424,25.085,25.088,24620.935
2025-08-25 06:00:00,25.088,25.108,24.629,24.645,69029.643
2025-08-25 07:00:00,24.645,24.768,24.162,24.283,106212.652
2025-08-25 08:00:00,24.283,24.442,24.071,24.319,58868.006
2025-08-25 09:00:00,24.319,24.343,24.158,24.322,37407.976
2025-08-25 10:00:00,24.322,24.36,23.976,24.087,121913.838
2025-08-25 11:00:00,24.087,24.267,24.051,24.267,33901.026
2025-08-25 12:00:00,24.267,24.338,24.15,24.338,24539.521
2025-08-25 13:00:00,24.338,24.402,24.061,24.258,60333.858
2025-08-25 14:00:00,24.258,24.557,24.207,24.407,46861.828
2025-08-25 15:00:00,24.407,24.456,24.136,24.184,40123.745
2025-08-25 16:00:00,24.184,24.348,24.036,24.104,52330.61
2025-08-25 17:00:00,24.104,24.117,23.892,24.014,83309.699
2025-08-25 18:00:00,24.014,24.056,23.869,23.945,31243.191
2025-08-25 19:00:00,23.945,23.997,23.504,23.54,131012.908
2025-08-25 20:00:00,23.54,23.665,23.107,23.171,139497.871
2025-08-25 21:00:00,23.171,23.299,23.03,23.127,94421.464
2025-08-25 22:00:00,23.127,23.476,23.097,23.376,37100.819
2025-08-25 23:00:00,23.376,23.412,23.244,23.352,22075.88
2025-08-26 00:00:00,23.352,23.41,23.083,23.176,43972.807
2025-08-26 01:00:00,23.176,23.507,23.101,23.487,25564.507
2025-08-26 02:00:00,23.487,23.672,23.317,23.383,26526.867
2025-08-26 03:00:00,23.383,23.397,23.245,23.316,14155.075
2025-08-26 04:00:00,23.316,23.533,23.315,23.491,19216.681
2025-08-26 05:00:00,23.491,23.577,23.371,23.376,21480.682
2025-08-26 06:00:00,23.376,23.419,23.194,23.249,38841.257
2025-08-26 07:00:00,23.249,23.568,23.108,23.296,47430.683
2025-08-26 08:00:00,23.296,23.35,23.204,23.277,23823.225
2025-08-26 09:00:00,23.277,23.386,23.26,23.344,18919.361
2025-08-26 10:00:00,23.344,23.585,23.344,23.506,12876.126
2025-08-26 11:00:00,23.506,23.557,23.259,23.416,15127.654
2025-08-26 12:00:00,23.416,23.976,23.294,23.687,48874.713
2025-08-26 13:00:00,23.687,23.692,23.158,23.502,66828.666
2025-08-26 14:00:00,23.502,23.903,23.367,23.829,41853.776
2025-08-26 15:00:00,23.829,23.924,23.564,23.69,31115.011
2025-08-26 16:00:00,23.69,23.935,23.635,23.923,17239.906
2025-08-26 17:00:00,23.923,23.938,23.677,23.77,15930.724
2025-08-26 18:00:00,23.77,24.003,23.77,23.927,22847.189
2025-08-26 19:00:00,23.927,24.3,23.799,24.221,24682.265
2025-08-26 20:00:00,24.221,24.351,24.131,24.177,17866.938
2025-08-26 21:00:00,24.177,24.2,24.023,24.195,10374.77
2025-08-26 22:00:00,24.195,24.228,24.097,24.221,12887.849
2025-08-26 23:00:00,24.221,24.332,24.135,24.181,29951.138
2025-08-27 00:00:00,24.181,24.193,23.982,24.017,16275.884
2025-08-27 01:00:00,24.017,24.029,23.902,23.992,17345.254
2025-08-27 02:00:00,23.992,24.196,23.868,24.122,20242.981
2025-08-27 03:00:00,24.122,24.523,24.061,24.445,26141.629
2025-08-27 04:00:00,24.445,24.625,24.382,24.557,38389.563
2025-08-27 05:00:00,24.557,24.604,24.442,24.537,26224.265
2025-08-27 06:00:00,24.537,24.554,24.387,24.401,14183.052
2025-08-27 07:00:00,24.401,24.443,24.152,24.321,24717.908
2025-08-27 08:00:00,24.321,24.452,24.232,24.452,18581.755
2025-08-27 09:00:00,24.452,24.588,24.421,24.46,27344.79
2025-08-27 10:00:00,24.46,24.49,24.317,24.444,17318.284
2025-08-27 11:00:00,24.444,24.53,24.425,24.51,9682.262
2025-08-27 12:00:00,24.51,24.741,24.472,24.718,48277.679
2025-08-27 13:00:00,24.718,24.994,24.496,24.711,73147.271
2025-08-27 14:00:00,24.711,25.328,24.623,25.191,109552.957
2025-08-27 15:00:00,25.191,25.3,24.86,24.99,53884.798
2025-08-27 16:00:00,24.99,25.13,24.85,25.004,24600.798
2025-08-27 17:00:00,25.004,25.207,24.941,25.139,22599.218
2025-08-27 18:00:00,25.139,25.199,24.886,24.89,22023.684
2025-08-27 19:00:00,24.89,24.903,24.529,24.668,40641.74
2025-08-27 20:00:00,24.668,25.003,24.421,24.989,159020.406
2025-08-27 21:00:00,24.989,25.073,24.556,24.616,23233.531
2025-08-27 22:00:00,24.616,24.648,24.366,24.517,25115.128
2025-08-27 23:00:00,24.517,24.579,24.375,24.432,15195.283
2025-08-28 00:00:00,24.432,24.59,24.245,24.422,34909.496
2025-08-28 01:00:00,24.422,24.758,24.408,24.685,23108.005
2025-08-28 02:00:00,24.685,24.739,24.402,24.442,22605.851
2025-08-28 03:00:00,24.442,24.736,24.388,24.685,17952.561
2025-08-28 04:00:00,24.685,24.861,24.605,24.775,30675.524
2025-08-28 05:00:00,24.775,24.892,24.708,24.763,20991.923
2025-08-28 06:00:00,24.763,24.776,24.65,24.735,11837.427
2025-08-28 07:00:00,24.735,24.765,24.528,24.715,15186.503
2025-08-28 08:00:00,24.715,24.977,24.715,24.755,30778.136
2025-08-28 09:00:00,24.755,24.762,24.519,24.541,10617.266
2025-08-28 10:00:00,24.541,24.551,24.398,24.55,19767.357
2025-08-28 11:00:00,24.55,24.555,24.389,24.502,26841.465
2025-08-28 12:00:00,24.502,24.639,24.435,24.553,29113.496
2025-08-28 13:00:00,24.553,24.771,24.477,24.769,87384.238
2025-08-28 14:00:00,24.769,25.079,24.581,24.844,108965.229
2025-08-28 15:00:00,24.844,24.94,24.406,24.591,35672.011
2025-08-28 16:00:00,24.591,24.702,24.26,24.26,30396.293
2025-08-28 17:00:00,24.26,24.491,24.188,24.421,27446.08
2025-08-28 18:00:00,24.421,24.503,24.326,24.417,17179.641
2025-08-28 19:00:00,24.417,24.474,24.151,24.152,20917.131
2025-08-28 20:00:00,24.152,24.328,24.125,24.235,18342.107
2025-08-28 21:00:00,24.235,24.516,24.216,24.497,15380.511
2025-08-28 22:00:00,24.497,24.795,24.497,24.785,57038.959
2025-08-28 23:00:00,24.785,24.935,24.753,24.928,55559.611
2025-08-29 00:00:00,24.928,25.01,24.787,24.884,33292.51
2025-08-29 01:00:00,24.884,24.947,24.62,24.743,41143.647
2025-08-29 02:00:00,24.743,25.047,24.711,25.022,42220.083
2025-08-29 03:00:00,25.022,25.195,24.907,25.102,42792.114
2025-08-29 04:00:00,25.102,25.19,24.893,24.924,18528.927
2025-08-29 05:00:00,24.924,25.02,24.812,24.976,30827.875
2025-08-29 06:00:00,24.976,25.026,24.489,24.692,117143.457
2025-08-29 07:00:00,24.692,24.692,24.067,24.16,106444.501
2025-08-29 08:00:00,24.16,24.232,23.608,23.637,76557.063
2025-08-29 09:00:00,23.637,23.812,23.489,23.79,48396.942
2025-08-29 10:00:00,23.79,23.983,23.742,23.801,46225.294
2025-08-29 11:00:00,23.801,23.865,23.661,23.75,24535.638
2025-08-29 12:00:00,23.75,24.46,23.704,24.122,91296.601
2025-08-29 13:00:00,24.122,24.136,23.583,23.74,75874.593
2025-08-29 14:00:00,23.74,23.898,23.386,23.604,109823.634
2025-08-29 15:00:00,23.604,23.864,23.456,23.519,32487.149
2025-08-29 16:00:00,23.519,23.681,23.366,23.561,42795.89
2025-08-29 17:00:00,23.561,23.567,23.295,23.35,54075.817
2025-08-29 18:00:00,23.35,23.392,23.201,23.279,40186.695
2025-08-29 19:00:00,23.279,23.574,23.237,23.468,39873.174
2025-08-29 20:00:00,23.468,23.487,23.277,23.327,23176.706
2025-08-29 21:00:00,23.327,23.596,23.22,23.586,14420.572
2025-08-29 22:00:00,23.586,23.589,23.422,23.554,12100.582
2025-08-29 23:00:00,23.554,23.624,23.496,23.551,12479.108
2025-08-30 00:00:00,23.551,23.551,23.369,23.428,11330.311
2025-08-30 01:00:00,23.428,23.455,23.106,23.116,36167.857
2025-08-30 02:00:00,23.116,23.377,23.1,23.28,12579.897
2025-08-30 03:00:00,23.28,23.725,23.28,23.546,24299.578
2025-08-30 04:00:00,23.546,23.63,23.546,23.569,6682.323
2025-08-30 05:00:00,23.569,23.746,23.537,23.657,17522.841
2025-08-30 06:00:00,23.657,23.863,23.638,23.83,27019.015
2025-08-30 07:00:00,23.83,23.885,23.774,23.824,11898.058
2025-08-30 08:00:00,23.824,23.824,23.661,23.666,8869.963
2025-08-30 09:00:00,23.666,23.679,23.529,23.537,24975.586
2025-08-30 10:00:00,23.537,23.66,23.52,23.605,14546.175
2025-08-30 11:00:00,23.605,23.762,23.584,23.756,5496.307
2025-08-30 12:00:00,23.756,23.765,23.475,23.58,24897.802
2025-08-30 13:00:00,23.58,23.595,23.367,23.58,27469.216
2025-08-30 14:00:00,23.58,23.734,23.433,23.722,11195.789
2025-08-30 15:00:00,23.722,23.924,23.67,23.924,28490.757
2025-08-30 16:00:00,23.924,23.943,23.709,23.724,11609.559
2025-08-30 17:00:00,23.724,23.765,23.618,23.694,9215.31
2025-08-30 18:00:00,23.694,23.751,23.622,23.719,5418.249
2025-08-30 19:00:00,23.719,23.755,23.645,23.741,5613.604
2025-08-30 20:00:00,23.741,23.745,23.572,23.651,4339.618
2025-08-30 21:00:00,23.651,23.717,23.622,23.69,5560.361
2025-08-30 22:00:00,23.69,23.778,23.62,23.75,6018.583
2025-08-30 23:00:00,23.75,23.829,23.745,23.779,6373.575
2025-08-31 00:00:00,23.779,24.07,23.766,24.05,21138.768
2025-08-31 01:00:00,24.05,24.075,23.919,24.0,14689.692
2025-08-31 02:00:00,24.0,24.03,23.953,23.998,5824.427
2025-08-31 03:00:00,23.998,24.047,23.934,24.034,13161.207
2025-08-31 04:00:00,24.034,24.041,23.843,23.915,6237.987
2025-08-31 05:00:00,23.915,23.916,23.832,23.897,6993.777
2025-08-31 06:00:00,23.897,23.918,23.789,23.808,5907.306
2025-08-31 07:00:00,23.808,23.922,23.801,23.867,14604.184
2025-08-31 08:00:00,23.867,24.199,23.864,24.176,23466.586
2025-08-31 09:00:00,24.176,24.2,24.008,24.013,18384.791
2025-08-31 10:00:00,24.013,24.042,23.823,23.903,11228.836
2025-08-31 11:00:00,23.903,24.027,23.841,24.023,9809.874
2025-08-31 12:00:00,24.023,24.126,23.975,24.092,22934.508
2025-08-31 13:00:00,24.092,24.134,23.908,23.957,9036.078
2025-08-31 14:00:00,23.957,24.041,23.846,23.916,15662.029
2025-08-31 15:00:00,23.916,24.056,23.903,24.056,10501.431
2025-08-31 16:00:00,24.056,24.062,23.91,24.015,13928.966
2025-08-31 17:00:00,24.015,24.036,23.905,23.937,9120.86
2025-08-31 18:00:00,23.937,24.041,23.912,24.025,8176.306
2025-08-31 19:00:00,24.025,24.029,23.795,23.811,11443.518
2025-08-31 20:00:00,23.811,23.867,23.75,23.801,10100.131
2025-08-31 21:00:00,23.801,23.937,23.759,23.886,5236.563
2025-08-31 22:00:00,23.886,23.933,23.661,23.7,15690.739
2025-08-31 23:00:00,23.7,23.7,23.377,23.398,43899.237
2025-09-01 00:00:00,23.398,23.475,23.204,23.377,44719.866
2025-09-01 01:00:00,23.377,23.508,23.251,23.423,17010.352
2025-09-01 02:00:00,23.423,23.442,23.061,23.114,34934.485
2025-09-01 03:00:00,23.114,23.209,23.058,23.164,29703.756
2025-09-01 04:00:00,23.164,23.202,22.924,23.001,44421.218
2025-09-01 05:00:00,23.001,23.107,22.86,23.034,30030.16
2025-09-01 06:00:00,23.034,23.136,22.899,23.093,19635.086
2025-09-01 07:00:00,23.093,23.795,22.976,23.788,38839.509
2025-09-01 08:00:00,23.788,24.123,23.788,24.119,46970.008
2025-09-01 09:00:00,24.119,24.334,24.086,24.123,42760.006
2025-09-01 10:00:00,24.123,24.2,23.875,23.974,32779.44
2025-09-01 11:00:00,23.974,24.007,23.687,23.759,21333.78
2025-09-01 12:00:00,23.759,23.906,23.713,23.785,15704.242
2025-09-01 13:00:00,23.785,23.948,23.646,23.783,25298.073
2025-09-01 14:00:00,23.783,23.974,23.751,23.809,18249.892
2025-09-01 15:00:00,23.809,23.853,23.574,23.66,40635.467
2025-09-01 16:00:00,23.66,23.843,23.548,23.746,27699.717
2025-09-01 17:00:00,23.746,23.761,23.385,23.45,30684.769
2025-09-01 18:00:00,23.45,23.55,23.409,23.484,18193.61
2025-09-01 19:00:00,23.484,23.603,23.441,23.569,10663.607
2025-09-01 20:00:00,23.569,23.575,23.008,23.159,78500.682
2025-09-01 21:00:00,23.159,23.177,22.709,22.828,70045.226
2025-09-01 22:00:00,22.828,23.007,22.672,22.859,32178.802
2025-09-01 23:00:00,22.859,23.26,22.842,23.223,23507.221
2025-09-02 00:00:00,23.223,23.235,23.028,23.123,23179.954
2025-09-02 01:00:00,23.123,23.395,23.029,23.227,23430.716
2025-09-02 02:00:00,23.227,23.61,23.187,23.606,22591.027
2025-09-02 03:00:00,23.606,23.772,23.53,23.687,29448.331
2025-09-02 04:00:00,23.687,23.945,23.61,23.93,28969.933
2025-09-02 05:00:00,23.93,24.023,23.865,23.981,20737.937
2025-09-02 06:00:00,23.981,24.116,23.977,24.054,25699.987
2025-09-02 07:00:00,24.054,24.072,23.825,23.899,16511.73
2025-09-02 08:00:00,23.899,24.023,23.821,23.9,27168.537
2025-09-02 09:00:00,23.9,24.217,23.867,24.212,37981.956
2025-09-02 10:00:00,24.212,24.283,24.178,24.248,24144.558
2025-09-02 11:00:00,24.248,24.256,23.966,24.002,18771.133
2025-09-02 12:00:00,24.002,24.05,23.566,23.609,48960.67
2025-09-02 13:00:00,23.609,24.069,23.504,24.053,104796.736
2025-09-02 14:00:00,24.053,24.224,23.897,23.934,100525.061
2025-09-02 15:00:00,23.934,23.962,23.59,23.618,39349.194
2025-09-02 16:00:00,23.618,23.793,23.587,23.7,20876.969
2025-09-02 17:00:00,23.7,24.009,23.7,23.898,14717.571
2025-09-02 18:00:00,23.898,23.96,23.624,23.866,16541.813
2025-09-02 19:00:00,23.866,23.999,23.698,23.841,23089.075
2025-09-02 20:00:00,23.841,24.184,23.806,24.098,36097.697
2025-09-02 21:00:00,24.098,24.284,24.098,24.262,26557.878
2025-09-02 22:00:00,24.262,24.47,24.214,24.47,86967.479
2025-09-02 23:00:00,24.47,24.497,24.384,24.468,19351.608
2025-09-03 00:00:00,24.468,24.57,24.452,24.56,44108.683
2025-09-03 01:00:00,24.56,24.688,24.268,24.556,30457.648
2025-09-03 02:00:00,24.556,24.603,24.392,24.504,22989.15
2025-09-03 03:00:00,24.504,24.534,24.265,24.4,10775.534
2025-09-03 04:00:00,24.4,24.574,24.351,24.454,13560.095
2025-09-03 05:00:00,24.454,24.527,24.308,24.504,17573.046
2025-09-03 06:00:00,24.504,24.752,24.414,24.608,81727.902
2025-09-03 07:00:00,24.608,24.785,24.494,24.735,69709.315
2025-09-03 08:00:00,24.735,25.782,24.732,25.053,211670.261
2025-09-03 09:00:00,25.053,25.174,24.878,25.174,25941.624
2025-09-03 10:00:00,25.174,25.192,24.941,24.966,37439.61
2025-09-03 11:00:00,24.966,25.1,24.961,24.991,16769.191
2025-09-03 12:00:00,24.991,25.14,24.888,24.918,25237.511
2025-09-03 13:00:00,24.918,25.249,24.892,25.143,29210.914
2025-09-03 14:00:00,25.143,25.437,25.143,25.388,41610.188
2025-09-03 15:00:00,25.388,25.485,25.312,25.455,27971.205
2025-09-03 16:00:00,25.455,25.596,25.226,25.277,34498.489
2025-09-03 17:00:00,25.277,25.51,25.27,25.285,19867.151
2025-09-03 18:00:00,25.285,25.325,25.185,25.211,20224.108
2025-09-03 19:00:00,25.211,25.389,25.155,25.354,15226.208
2025-09-03 20:00:00,25.354,25.376,25.232,25.248,13949.54
2025-09-03 21:00:00,25.248,25.257,25.155,25.211,12433.725
2025-09-03 22:00:00,25.211,25.277,25.16,25.196,7994.33
2025-09-03 23:00:00,25.196,25.226,25.142,25.202,9062.468
2025-09-04 00:00:00,25.202,25.272,25.161,25.223,18229.218
2025-09-04 01:00:00,25.223,25.265,25.036,25.261,29877.296
2025-09-04 02:00:00,25.261,25.268,25.06,25.141,18099.268
2025-09-04 03:00:00,25.141,25.259,25.082,25.132,24098.624
2025-09-04 04:00:00,25.132,25.234,24.947,24.967,21123.497
2025-09-04 05:00:00,24.967,24.967,24.74,24.871,31260.724
2025-09-04 06:00:00,24.871,24.871,24.667,24.684,19655.22
2025-09-04 07:00:00,24.684,24.787,24.666,24.766,8429.547
2025-09-04 08:00:00,24.766,24.967,24.75,24.779,14565.921
2025-09-04 09:00:00,24.779,24.806,24.732,24.78,9239.954
2025-09-04 10:00:00,24.78,24.792,24.58,24.647,60593.484
2025-09-04 11:00:00,24.647,24.822,24.594,24.594,13799.129
2025-09-04 12:00:00,24.594,24.715,24.537,24.71,26179.411
2025-09-04 13:00:00,24.71,24.808,24.645,24.71,13636.657
2025-09-04 14:00:00,24.71,24.739,24.582,24.63,23494.277
2025-09-04 15:00:00,24.63,24.852,24.612,24.73,31922.933
2025-09-04 16:00:00,24.73,24.779,24.582,24.596,21781.36
2025-09-04 17:00:00,24.596,24.647,24.366,24.37,17632.261
2025-09-04 18:00:00,24.37,24.499,24.284,24.345,21753.442
2025-09-04 19:00:00,24.345,24.392,24.18,24.237,12237.916
2025-09-04 20:00:00,24.237,24.488,24.188,24.465,19715.14
2025-09-04 21:00:00,24.465,24.477,24.393,24.447,11706.706
2025-09-04 22:00:00,24.447,24.551,24.381,24.514,15803.012
2025-09-04 23:00:00,24.514,24.598,24.206,24.215,17904.761
2025-09-05 00:00:00,24.215,24.244,23.907,23.933,78782.222
2025-09-05 01:00:00,23.933,24.164,23.87,24.099,48758.637
2025-09-05 02:00:00,24.099,24.314,23.993,24.285,34123.637
2025-09-05 03:00:00,24.285,24.347,24.152,24.343,16881.425
2025-09-05 04:00:00,24.343,24.471,24.225,24.464,15923.338
2025-09-05 05:00:00,24.464,24.524,24.39,24.481,14120.296
2025-09-05 06:00:00,24.481,24.489,24.343,24.39,7786.052
2025-09-05 07:00:00,24.39,24.893,24.39,24.853,57450.401
2025-09-05 08:00:00,24.853,24.877,24.716,24.744,21131.53
2025-09-05 09:00:00,24.744,24.753,24.591,24.703,19720.015
2025-09-05 10:00:00,24.703,24.885,24.696,24.733,19320.768
2025-09-05 11:00:00,24.733,24.799,24.702,24.776,10723.628
2025-09-05 12:00:00,24.776,25.106,24.68,25.04,134357.073
2025-09-05 13:00:00,25.04,25.083,24.826,24.982,45621.018
2025-09-05 14:00:00,24.982,24.993,24.15,24.309,132189.467
2025-09-05 15:00:00,24.309,24.562,24.197,24.317,36414.756
2025-09-05 16:00:00,24.317,24.463,24.237,24.444,29237.815
2025-09-05 17:00:00,24.444,24.444,24.179,24.267,17027.394
2025-09-05 18:00:00,24.267,24.434,24.217,24.381,17243.804
2025-09-05 19:00:00,24.381,24.448,24.326,24.422,17368.446
2025-09-05 20:00:00,24.422,24.556,24.382,24.556,19851.711
2025-09-05 21:00:00,24.556,24.572,24.224,24.264,37545.65
2025-09-05 22:00:00,24.264,24.434,24.207,24.4,14963.771
2025-09-05 23:00:00,24.4,24.503,24.371,24.473,22342.257
2025-09-06 00:00:00,24.473,24.533,24.417,24.467,10516.441
2025-09-06 01:00:00,24.467,24.467,24.332,24.383,7697.033
2025-09-06 02:00:00,24.383,24.43,24.299,24.425,3748.519
2025-09-06 03:00:00,24.425,24.475,24.4,24.414,5414.807
2025-09-06 04:00:00,24.414,24.414,24.273,24.295,5886.807
2025-09-06 05:00:00,24.295,24.295,24.204,24.235,7957.278
2025-09-06 06:00:00,24.235,24.271,24.216,24.234,5119.424
2025-09-06 07:00:00,24.234,24.268,24.215,24.26,4438.705
2025-09-06 08:00:00,24.26,24.275,24.207,24.257,4951.035
2025-09-06 09:00:00,24.257,24.257,24.103,24.12,14376.441
2025-09-06 10:00:00,24.12,24.174,24.091,24.174,9033.687
2025-09-06 11:00:00,24.174,24.174,24.111,24.158,5509.828
2025-09-06 12:00:00,24.158,24.181,24.122,24.139,4501.633
2025-09-06 13:00:00,24.139,24.272,24.129,24.271,3839.832
2025-09-06 14:00:00,24.271,24.406,24.267,24.36,9809.655
2025-09-06 15:00:00,24.36,24.378,24.202,24.221,10223.138
2025-09-06 16:00:00,24.221,24.573,24.188,24.555,31529.917
2025-09-06 17:00:00,24.555,25.5,24.31,24.37,80238.449
2025-09-06 18:00:00,24.37,24.519,24.361,24.462,14754.681
2025-09-06 19:00:00,24.462,24.528,24.287,24.329,15546.632
2025-09-06 20:00:00,24.329,24.415,24.318,24.406,3995.125
2025-09-06 21:00:00,24.406,24.414,24.329,24.413,4066.315
2025-09-06 22:00:00,24.413,24.477,24.345,24.367,10865.754
2025-09-06 23:00:00,24.367,24.452,24.321,24.375,2860.946
2025-09-07 00:00:00,24.375,24.461,24.331,24.415,3454.564
2025-09-07 01:00:00,24.415,24.562,24.403,24.482,7365.088
2025-09-07 02:00:00,24.482,24.548,24.429,24.542,3493.263
2025-09-07 03:00:00,24.542,24.676,24.542,24.582,9050.532
2025-09-07 04:00:00,24.582,24.625,24.529,24.568,8067.693
2025-09-07 05:00:00,24.568,24.69,24.548,24.676,13341.875
2025-09-07 06:00:00,24.676,24.726,24.516,24.521,12852.606
2025-09-07 07:00:00,24.521,24.625,24.483,24.543,8272.13
2025-09-07 08:00:00,24.543,24.725,24.543,24.565,32184.219
2025-09-07 09:00:00,24.565,24.617,24.424,24.461,12255.645
2025-09-07 10:00:00,24.461,24.483,24.413,24.452,5058.092
2025-09-07 11:00:00,24.452,24.495,24.386,24.49,6800.446
2025-09-07 12:00:00,24.49,24.504,24.395,24.444,6118.801
2025-09-07 13:00:00,24.444,24.641,24.436,24.636,10666.869
2025-09-07 14:00:00,24.636,24.7,24.567,24.614,20512.192
2025-09-07 15:00:00,24.614,24.664,24.576,24.61,14910.239
2025-09-07 16:00:00,24.61,24.633,24.464,24.481,18501.449
2025-09-07 17:00:00,24.481,24.5,24.263,24.304,14853.575
2025-09-07 18:00:00,24.304,24.348,24.262,24.327,5439.838
2025-09-07 19:00:00,24.327,24.579,24.32,24.54,9815.617
2025-09-07 20:00:00,24.54,24.603,24.463,24.596,9806.632
2025-09-07 21:00:00,24.596,24.619,24.502,24.507,7246.984
2025-09-07 22:00:00,24.507,24.669,24.5,24.669,13499.499
2025-09-07 23:00:00,24.669,24.946,24.653,24.689,68972.889
2025-09-08 00:00:00,24.689,24.866,24.606,24.648,27982.532
2025-09-08 01:00:00,24.648,24.708,24.542,24.556,16709.046
2025-09-08 02:00:00,24.556,24.899,24.534,24.891,12493.53
2025-09-08 03:00:00,24.891,25.017,24.847,24.867,30068.952
2025-09-08 04:00:00,24.867,24.905,24.762,24.79,14276.19
2025-09-08 05:00:00,24.79,24.815,24.646,24.725,20543.269
2025-09-08 06:00:00,24.725,24.836,24.62,24.832,21440.554
2025-09-08 07:00:00,24.832,25.034,24.827,24.879,26606.113
2025-09-08 08:00:00,24.879,25.144,24.874,25.101,43980.899
2025-09-08 09:00:00,25.101,25.3,25.055,25.257,30934.139
2025-09-08 10:00:00,25.257,25.425,25.233,25.331,35803.258
2025-09-08 11:00:00,25.331,25.34,25.085,25.17,21760.025
2025-09-08 12:00:00,25.17,25.268,25.14,25.256,16899.989
2025-09-08 13:00:00,25.256,25.443,25.072,25.076,39648.262
2025-09-08 14:00:00,25.076,25.42,25.058,25.4,32421.45
2025-09-08 15:00:00,25.4,25.797,25.386,25.724,49108.498
2025-09-08 16:00:00,25.724,25.773,25.553,25.632,57777.963
2025-09-08 17:00:00,25.632,25.748,25.507,25.522,82218.169
2025-09-08 18:00:00,25.522,25.629,25.498,25.576,48422.733
2025-09-08 19:00:00,25.576,25.582,25.331,25.363,22004.182
2025-09-08 20:00:00,25.363,25.423,25.213,25.311,21226.365
2025-09-08 21:00:00,25.311,25.429,25.272,25.427,20229.943
2025-09-08 22:00:00,25.427,25.486,25.387,25.421,24292.572
2025-09-08 23:00:00,25.421,25.464,25.203,25.283,25721.89
2025-09-09 00:00:00,25.283,25.421,25.153,25.269,26744.57
2025-09-09 01:00:00,25.269,25.395,25.114,25.158,14600.131
2025-09-09 02:00:00,25.158,25.178,24.912,24.963,16599.847
2025-09-09 03:00:00,24.963,25.17,24.91,25.159,9859.734
2025-09-09 04:00:00,25.159,25.315,25.045,25.298,16203.873
2025-09-09 05:00:00,25.298,25.339,25.183,25.333,17959.115
2025-09-09 06:00:00,25.333,26.077,25.325,25.956,102469.294
2025-09-09 07:00:00,25.956,26.141,25.808,25.907,76538.316
2025-09-09 08:00:00,25.907,26.047,25.856,25.945,36455.303
2025-09-09 09:00:00,25.945,26.079,25.891,26.026,29708.45
2025-09-09 10:00:00,26.026,26.249,25.945,25.967,83370.942
2025-09-09 11:00:00,25.967,26.048,25.943,25.984,35830.235
2025-09-09 12:00:00,25.984,26.2,25.932,26.038,50016.316
2025-09-09 13:00:00,26.038,26.358,25.822,26.169,83091.417
2025-09-09 14:00:00,26.169,26.236,25.609,25.823,111131.597
2025-09-09 15:00:00,25.823,26.042,25.669,25.934,83188.095
2025-09-09 16:00:00,25.934,26.074,25.801,25.894,44565.44
2025-09-09 17:00:00,25.894,26.156,25.885,26.062,43347.406
2025-09-09 18:00:00,26.062,26.098,25.9,26.04,14538.282
2025-09-09 19:00:00,26.04,26.043,25.865,25.9,15991.879
2025-09-09 20:00:00,25.9,26.028,25.803,25.938,32952.729
2025-09-09 21:00:00,25.938,26.036,25.882,25.887,12285.951
2025-09-09 22:00:00,25.887,26.059,25.87,26.028,8192.512
2025-09-09 23:00:00,26.028,26.035,25.894,25.933,7232.807
2025-09-10 00:00:00,25.933,25.987,25.731,25.784,39837.025
2025-09-10 01:00:00,25.784,25.954,25.778,25.919,15834.861
2025-09-10 02:00:00,25.919,26.308,25.919,26.224,69229.197
2025-09-10 03:00:00,26.224,26.268,26.061,26.226,21350.596
2025-09-10 04:00:00,26.226,26.552,26.138,26.439,49685.026
2025-09-10 05:00:00,26.439,26.498,26.195,26.36,53634.672
2025-09-10 06:00:00,26.36,27.06,26.309,26.977,101678.215
2025-09-10 07:00:00,26.977,27.107,26.766,26.936,93992.486
2025-09-10 08:00:00,26.936,26.979,26.625,26.723,110065.555
2025-09-10 09:00:00,26.723,26.811,26.624,26.635,66134.344
2025-09-10 10:00:00,26.635,26.766,26.387,26.766,77477.703
2025-09-10 11:00:00,26.766,26.992,26.696,26.891,59321.379
2025-09-10 12:00:00,26.891,28.231,26.891,28.112,156410.114
2025-09-10 13:00:00,28.112,29.55,27.853,28.377,199187.605
2025-09-10 14:00:00,28.377,28.673,28.159,28.541,121814.028
2025-09-10 15:00:00,28.541,28.986,28.468,28.669,134301.197
2025-09-10 16:00:00,28.669,29.148,28.395,29.076,124235.718
2025-09-10 17:00:00,29.076,29.155,28.422,28.648,69384.964
2025-09-10 18:00:00,28.648,28.872,28.582,28.842,41156.352
2025-09-10 19:00:00,28.842,28.867,28.426,28.537,74392.778
2025-09-10 20:00:00,28.537,28.821,28.48,28.795,42521.351
2025-09-10 21:00:00,28.795,29.459,28.766,29.313,85090.687
2025-09-10 22:00:00,29.313,29.344,28.911,29.129,59746.702
2025-09-10 23:00:00,29.129,29.517,29.128,29.476,63743.549
2025-09-11 00:00:00,29.476,29.485,29.062,29.08,49467.686
2025-09-11 01:00:00,29.08,29.24,29.046,29.118,26119.536
2025-09-11 02:00:00,29.118,29.136,28.818,28.906,35519.72
2025-09-11 03:00:00,28.906,29.459,28.824,29.412,47465.545
2025-09-11 04:00:00,29.412,29.999,28.905,29.12,111243.528
2025-09-11 05:00:00,29.12,29.167,28.505,28.633,59172.664
2025-09-11 06:00:00,28.633,28.865,28.554,28.752,39170.128
2025-09-11 07:00:00,28.752,28.941,28.708,28.779,31437.697
2025-09-11 08:00:00,28.779,28.9,28.721,28.842,31775.075
2025-09-11 09:00:00,28.842,29.12,28.72,29.094,37939.241
2025-09-11 10:00:00,29.094,29.219,28.958,28.997,48353.43
2025-09-11 11:00:00,28.997,29.13,28.913,28.963,25926.15
2025-09-11 12:00:00,28.963,29.22,28.289,28.967,133571.295
2025-09-11 13:00:00,28.967,29.006,28.376,28.995,84383.987
2025-09-11 14:00:00,28.995,29.017,28.68,28.839,50155.862
2025-09-11 15:00:00,28.839,29.091,28.776,28.944,31527.81
2025-09-11 16:00:00,28.944,29.084,28.824,28.895,25033.29
2025-09-11 17:00:00,28.895,29.114,28.846,29.067,21987.894
2025-09-11 18:00:00,29.067,29.084,28.961,28.996,12219.437
2025-09-11 19:00:00,28.996,29.051,28.96,28.987,25304.368
2025-09-11 20:00:00,28.987,29.03,28.741,28.741,11599.189
2025-09-11 21:00:00,28.741,28.889,28.727,28.884,11140.821
2025-09-11 22:00:00,28.884,29.178,28.843,29.106,25593.836
2025-09-11 23:00:00,29.106,29.234,29.102,29.15,23331.592
2025-09-12 00:00:00,29.15,29.408,29.143,29.274,39357.204
2025-09-12 01:00:00,29.274,29.351,28.844,28.877,40526.144
2025-09-12 02:00:00,28.877,29.014,28.861,28.929,21983.991
2025-09-12 03:00:00,28.929,28.929,28.721,28.789,21633.776
2025-09-12 04:00:00,28.789,28.799,28.479,28.539,51017.618
2025-09-12 05:00:00,28.539,29.006,28.534,28.993,63395.953
2025-09-12 06:00:00,28.993,29.076,28.813,28.833,38721.608
2025-09-12 07:00:00,28.833,28.897,28.656,28.676,33432.53
2025-09-12 08:00:00,28.676,28.686,28.538,28.597,49186.364
2025-09-12 09:00:00,28.597,28.623,28.521,28.545,45959.851
2025-09-12 10:00:00,28.545,28.545,28.392,28.434,76022.474
2025-09-12 11:00:00,28.434,28.529,28.33,28.35,64165.847
2025-09-12 12:00:00,28.35,28.465,28.232,28.434,57116.107
2025-09-12 13:00:00,28.434,28.512,28.369,28.482,19579.017
2025-09-12 14:00:00,28.482,28.78,28.427,28.736,39892.344
2025-09-12 15:00:00,28.736,28.835,28.452,28.551,47925.333
2025-09-12 16:00:00,28.551,28.609,28.496,28.539,14732.411
2025-09-12 17:00:00,28.539,28.627,28.43,28.604,28712.648
2025-09-12 18:00:00,28.604,28.669,28.547,28.612,35299.278
2025-09-12 19:00:00,28.612,28.683,28.52,28.634,24684.15
2025-09-12 20:00:00,28.634,28.758,28.51,28.635,33902.493
2025-09-12 21:00:00,28.635,28.647,28.533,28.565,13265.205
2025-09-12 22:00:00,28.565,28.787,28.548,28.719,43231.885
2025-09-12 23:00:00,28.719,29.0,28.646,28.99,37072.403
2025-09-13 00:00:00,28.99,29.123,28.889,28.941,62018.116
2025-09-13 01:00:00,28.941,29.041,28.755,28.81,27421.898
2025-09-13 02:00:00,28.81,29.943,28.745,29.879,174866.051
2025-09-13 03:00:00,29.879,30.32,29.585,30.247,185635.712
2025-09-13 04:00:00,30.247,30.835,30.11,30.725,121176.526
2025-09-13 05:00:00,30.725,31.247,30.664,31.187,117983.982
2025-09-13 06:00:00,31.187,31.231,30.597,30.742,87036.035
2025-09-13 07:00:00,30.742,30.935,30.703,30.858,69194.056
2025-09-13 08:00:00,30.858,31.113,30.756,30.773,52138.78
2025-09-13 09:00:00,30.773,30.919,30.403,30.459,63783.139
2025-09-13 10:00:00,30.459,30.526,29.988,30.165,76273.394
2025-09-13 11:00:00,30.165,30.496,30.073,30.484,38409.095
2025-09-13 12:00:00,30.484,30.515,30.333,30.368,33862.661
2025-09-13 13:00:00,30.368,30.384,29.687,29.956,64086.743
2025-09-13 14:00:00,29.956,30.046,29.766,29.897,51290.25
2025-09-13 15:00:00,29.897,30.085,29.767,29.84,42842.396
2025-09-13 16:00:00,29.84,29.962,29.435,29.548,65107.182
2025-09-13 17:00:00,29.548,29.649,29.276,29.592,42550.593
2025-09-13 18:00:00,29.592,29.724,29.541,29.633,16608.412
2025-09-13 19:00:00,29.633,29.67,29.592,29.62,16623.221
2025-09-13 20:00:00,29.62,29.869,29.613,29.819,14556.152
2025-09-13 21:00:00,29.819,29.994,29.8,29.938,15066.118
2025-09-13 22:00:00,29.938,29.97,29.831,29.909,9897.901
2025-09-13 23:00:00,29.909,30.103,29.87,30.093,13555.113
2025-09-14 00:00:00,30.093,30.22,29.886,30.016,26091.742
2025-09-14 01:00:00,30.016,30.036,29.797,29.965,34975.796
2025-09-14 02:00:00,29.965,30.2,29.91,30.007,18025.997
2025-09-14 03:00:00,30.007,30.017,29.74,29.775,16766.896
2025-09-14 04:00:00,29.775,30.31,29.631,30.152,41458.901
2025-09-14 05:00:00,30.152,30.604,30.072,30.584,52539.165
2025-09-14 06:00:00,30.584,30.634,30.101,30.182,33842.091
2025-09-14 07:00:00,30.182,30.299,29.842,29.961,26775.695
2025-09-14 08:00:00,29.961,30.118,29.876,30.0,27076.414
2025-09-14 09:00:00,30.0,30.225,29.964,30.192,14052.949
2025-09-14 10:00:00,30.192,30.372,29.997,30.012,33958.347
2025-09-14 11:00:00,30.012,30.043,29.642,29.679,20770.074
2025-09-14 12:00:00,29.679,29.88,29.402,29.535,44307.043
2025-09-14 13:00:00,29.535,29.54,29.074,29.313,55792.701
2025-09-14 14:00:00,29.313,29.442,28.968,29.163,142611.228
2025-09-14 15:00:00,29.163,29.221,29.004,29.124,33761.79
2025-09-14 16:00:00,29.124,29.602,29.067,29.526,25534.695
2025-09-14 17:00:00,29.526,29.744,29.429,29.623,27079.407
2025-09-14 18:00:00,29.623,29.645,29.488,29.539,17186.081
2025-09-14 19:00:00,29.539,29.828,29.44,29.614,27770.412
2025-09-14 20:00:00,29.614,29.714,29.508,29.539,21452.14
2025-09-14 21:00:00,29.539,29.554,29.389,29.496,26546.146
2025-09-14 22:00:00,29.496,30.403,29.339,30.216,89791.271
2025-09-14 23:00:00,30.216,30.391,29.437,29.44,56344.742
2025-09-15 00:00:00,29.44,29.794,29.403,29.512,28309.594
2025-09-15 01:00:00,29.512,29.786,29.21,29.582,47471.477
2025-09-15 02:00:00,29.582,29.771,29.499,29.562,17737.465
2025-09-15 03:00:00,29.562,29.695,29.536,29.635,10106.13
2025-09-15 04:00:00,29.635,29.859,29.569,29.794,23772.982
2025-09-15 05:00:00,29.794,30.298,29.739,30.108,44330.525
2025-09-15 06:00:00,30.108,30.194,29.427,29.516,38034.194
2025-09-15 07:00:00,29.516,29.738,29.05,29.186,54420.151
2025-09-15 08:00:00,29.186,29.186,28.242,28.352,179507.611
2025-09-15 09:00:00,28.352,28.704,28.268,28.594,63007.11
2025-09-15 10:00:00,28.594,28.796,28.389,28.769,105351.958
2025-09-15 11:00:00,28.769,28.903,28.687,28.844,55446.038
2025-09-15 12:00:00,28.844,28.846,28.666,28.731,71432.519
2025-09-15 13:00:00,28.731,29.037,28.685,28.922,68852.117
2025-09-15 14:00:00,28.922,28.98,28.609,28.622,88440.678
2025-09-15 15:00:00,28.622,28.701,28.315,28.486,43792.866
2025-09-15 16:00:00,28.486,28.783,28.3,28.504,28832.615
2025-09-15 17:00:00,28.504,28.814,28.48,28.814,19841.923
2025-09-15 18:00:00,28.814,28.876,28.709,28.821,13252.894
2025-09-15 19:00:00,28.821,29.256,28.749,29.126,64770.774
2025-09-15 20:00:00,29.126,30.02,29.078,30.014,125234.9
2025-09-15 21:00:00,30.014,30.448,29.662,30.281,137120.866
2025-09-15 22:00:00,30.281,30.402,29.713,29.749,70075.324
2025-09-15 23:00:00,29.749,29.915,29.656,29.807,43332.622
2025-09-16 00:00:00,29.807,29.891,29.443,29.513,28169.557
2025-09-16 01:00:00,29.513,29.75,29.351,29.372,31055.457
2025-09-16 02:00:00,29.372,29.599,29.34,29.421,13998.469
2025-09-16 03:00:00,29.421,29.514,29.32,29.355,12051.881
2025-09-16 04:00:00,29.355,29.541,29.173,29.428,26500.37
2025-09-16 05:00:00,29.428,29.753,29.353,29.676,21536.789
2025-09-16 06:00:00,29.676,29.83,29.471,29.708,26607.299
2025-09-16 07:00:00,29.708,30.675,29.698,30.622,103245.641
2025-09-16 08:00:00,30.622,30.966,30.428,30.602,181909.273
2025-09-16 09:00:00,30.602,30.979,30.428,30.632,94754.613
2025-09-16 10:00:00,30.632,30.778,30.532,30.668,50904.379
2025-09-16 11:00:00,30.668,30.693,30.372,30.441,46558.577
2025-09-16 12:00:00,30.441,30.516,30.254,30.481,30021.511
2025-09-16 13:00:00,30.481,30.57,30.003,30.289,84411.116
2025-09-16 14:00:00,30.289,30.289,29.684,29.903,106575.809
2025-09-16 15:00:00,29.903,30.178,29.676,30.126,42462.044
2025-09-16 16:00:00,30.126,30.153,29.895,30.059,45051.024
2025-09-16 17:00:00,30.059,30.442,30.022,30.235,34967.634
2025-09-16 18:00:00,30.235,30.371,30.001,30.025,27622.213
2025-09-16 19:00:00,30.025,30.103,28.52,29.981,76692.932
2025-09-16 20:00:00,29.981,30.05,29.901,30.039,18744.264
2025-09-16 21:00:00,30.039,30.178,29.998,30.157,14956.617
2025-09-16 22:00:00,30.157,30.197,29.999,30.106,24360.722
2025-09-16 23:00:00,30.106,30.112,29.98,30.082,27436.99
2025-09-17 00:00:00,30.082,30.092,29.959,30.031,20667.559
2025-09-17 01:00:00,30.031,30.112,29.7,30.057,51736.087
2025-09-17 02:00:00,30.057,30.208,29.976,30.038,33521.741
2025-09-17 03:00:00,30.038,30.1,29.72,29.72,43821.377
2025-09-17 04:00:00,29.72,29.828,29.562,29.637,48888.196
2025-09-17 05:00:00,29.637,29.731,29.523,29.715,36346.871
2025-09-17 06:00:00,29.715,30.284,29.699,30.143,42643.353
2025-09-17 07:00:00,30.143,30.219,30.03,30.128,20631.399
2025-09-17 08:00:00,30.128,30.165,29.947,30.11,30552.281
2025-09-17 09:00:00,30.11,30.116,29.945,30.02,31157.085
2025-09-17 10:00:00,30.02,30.12,29.82,29.87,12658.748
2025-09-17 11:00:00,29.87,30.044,29.85,29.93,6589.967
2025-09-17 12:00:00,29.93,30.02,29.83,29.83,8636.542
2025-09-17 13:00:00,29.83,29.9,29.63,29.68,21220.534
2025-09-17 14:00:00,29.68,29.81,29.57,29.6,16277.647
2025-09-17 15:00:00,29.6,29.64,29.38,29.52,24388.881
2025-09-17 16:00:00,29.52,29.68,29.39,29.66,18769.255
2025-09-17 17:00:00,29.66,30.292,29.55,29.67,70272.521
2025-09-17 18:00:00,29.67,30.35,29.62,29.79,147496.599
2025-09-17 19:00:00,29.79,30.14,29.79,30.06,57267.262
2025-09-17 20:00:00,30.06,30.29,29.89,29.95,50232.484
2025-09-17 21:00:00,29.95,30.156,29.76,30.1,16383.245
2025-09-17 22:00:00,30.1,31.86,30.1,31.53,186540.502
2025-09-17 23:00:00,31.53,31.99,31.53,31.83,252422.966
2025-09-18 00:00:00,31.83,32.0,31.62,31.89,253537.962
2025-09-18 01:00:00,31.89,32.62,31.86,32.51,140873.354
2025-09-18 02:00:00,32.51,32.86,32.23,32.79,81235.278
2025-09-18 03:00:00,32.79,33.02,32.7,32.9,52871.091
2025-09-18 04:00:00,32.9,33.28,32.62,32.8,44000.958
2025-09-18 05:00:00,32.8,32.86,32.52,32.73,39665.793
2025-09-18 06:00:00,32.73,32.81,32.39,32.56,49317.964
2025-09-18 07:00:00,32.56,32.94,32.46,32.8,52141.828
2025-09-18 08:00:00,32.8,33.14,32.74,32.92,50123.167
2025-09-18 09:00:00,32.92,32.98,32.8,32.91,48276.937
2025-09-18 10:00:00,32.91,32.91,32.66,32.86,76561.806
2025-09-18 11:00:00,32.86,33.16,32.67,32.79,65546.362
2025-09-18 12:00:00,32.79,33.49,32.71,33.37,52507.933
2025-09-18 13:00:00,33.37,33.49,32.97,33.18,76442.866
2025-09-18 14:00:00,33.18,33.41,32.98,33.07,32081.458
2025-09-18 15:00:00,33.07,33.21,32.86,33.14,26725.574
2025-09-18 16:00:00,33.14,33.28,33.1,33.26,27426.093
2025-09-18 17:00:00,33.26,34.4,33.21,34.32,164169.236
2025-09-18 18:00:00,34.32,34.89,34.25,34.77,117855.94
2025-09-18 19:00:00,34.77,34.83,34.29,34.71,93232.332
2025-09-18 20:00:00,34.71,35.23,34.64,34.81,101681.939
2025-09-18 21:00:00,34.81,35.22,34.59,35.18,56431.939
2025-09-18 22:00:00,35.18,35.43,34.68,34.82,77309.919
2025-09-18 23:00:00,34.82,35.38,34.64,35.19,70578.311
2025-09-19 00:00:00,35.19,35.56,34.95,35.21,56462.843
2025-09-19 01:00:00,35.21,35.792,35.02,35.36,58278.869
2025-09-19 02:00:00,35.36,35.77,35.19,35.44,55097.403
2025-09-19 03:00:00,35.44,35.59,34.73,34.77,63702.898
2025-09-19 04:00:00,34.77,34.88,34.4,34.79,70831.364
2025-09-19 05:00:00,34.79,34.8,34.17,34.37,36772.248
2025-09-19 06:00:00,34.37,34.39,33.96,34.02,61582.049
2025-09-19 07:00:00,34.02,34.54,33.92,34.44,68933.571
2025-09-19 08:00:00,34.44,34.63,34.26,34.28,25724.407
2025-09-19 09:00:00,34.28,34.32,34.0,34.13,23514.615
2025-09-19 10:00:00,34.13,34.46,34.06,34.4,38853.624
2025-09-19 11:00:00,34.4,34.41,33.79,33.97,42355.606
2025-09-19 12:00:00,33.97,34.32,33.96,34.15,36939.853
2025-09-19 13:00:00,34.15,34.32,33.97,34.24,42875.34
2025-09-19 14:00:00,34.24,34.24,33.64,33.87,74952.484
2025-09-19 15:00:00,33.87,34.03,33.51,33.95,99611.141
2025-09-19 16:00:00,33.95,34.39,33.9,34.05,71035.139
2025-09-19 17:00:00,34.05,34.05,33.88,33.89,31724.592
2025-09-19 18:00:00,33.89,34.05,33.74,34.0,35854.276
2025-09-19 19:00:00,34.0,34.02,33.79,33.81,14682.808
2025-09-19 20:00:00,33.81,33.89,33.56,33.65,44669.584
2025-09-19 21:00:00,33.65,33.85,33.6,33.82,17405.749
2025-09-19 22:00:00,33.82,33.97,33.77,33.93,10003.347
2025-09-19 23:00:00,33.93,33.96,33.33,33.74,43996.273
2025-09-20 00:00:00,33.74,33.92,33.73,33.9,29206.107
2025-09-20 01:00:00,33.9,34.11,33.78,33.97,36212.423
2025-09-20 02:00:00,33.97,33.99,33.736,33.76,22298.634
2025-09-20 03:00:00,33.76,33.77,33.49,33.66,15443.236
2025-09-20 04:00:00,33.66,34.05,33.64,33.95,38538.011
2025-09-20 05:00:00,33.95,33.95,33.78,33.86,14980.957
2025-09-20 06:00:00,33.86,33.87,33.74,33.8,10291.515
2025-09-20 07:00:00,33.8,33.96,33.79,33.94,26526.934
2025-09-20 08:00:00,33.94,33.96,33.64,33.69,40886.084
2025-09-20 09:00:00,33.69,33.78,33.65,33.66,10375.042
2025-09-20 10:00:00,33.66,33.8,33.13,33.14,101564.164
2025-09-20 11:00:00,33.14,33.24,32.87,33.08,59329.493
2025-09-20 12:00:00,33.08,33.08,32.9,32.98,52217.501
2025-09-20 13:00:00,32.98,33.36,32.91,33.24,20874.533
2025-09-20 14:00:00,33.24,33.81,33.16,33.73,37092.569
2025-09-20 15:00:00,33.73,34.03,33.48,33.61,63899.941
2025-09-20 16:00:00,33.61,33.77,33.52,33.68,36238.301
2025-09-20 17:00:00,33.68,33.7,33.43,33.46,23792.594
2025-09-20 18:00:00,33.46,33.49,33.0,33.21,34729.527
2025-09-20 19:00:00,33.21,33.38,33.12,33.26,17491.309
2025-09-20 20:00:00,33.26,33.33,33.21,33.3,7283.098
2025-09-20 21:00:00,33.3,33.45,33.26,33.36,11379.286
2025-09-20 22:00:00,33.36,33.37,33.24,33.35,16565.756
2025-09-20 23:00:00,33.35,33.35,33.1,33.18,11749.791
2025-09-21 00:00:00,33.18,33.21,32.97,33.03,18918.192
2025-09-21 01:00:00,33.03,33.08,32.91,32.96,16684.57
2025-09-21 02:00:00,32.96,33.04,32.79,33.04,12671.667
2025-09-21 03:00:00,33.04,33.29,33.01,33.29,22509.229
2025-09-21 04:00:00,33.29,33.3,32.97,33.05,23186.713
2025-09-21 05:00:00,33.05,33.08,32.97,33.07,12433.374
2025-09-21 06:00:00,33.07,33.09,32.95,32.97,15658.495
2025-09-21 07:00:00,32.97,33.04,32.88,32.97,8969.482
2025-09-21 08:00:00,32.97,33.01,32.68,32.69,14183.208
2025-09-21 09:00:00,32.69,33.16,32.59,33.14,35106.374
2025-09-21 10:00:00,33.14,33.61,33.12,33.17,72953.271
2025-09-21 11:00:00,33.17,33.2,32.86,32.87,18073.115
2025-09-21 12:00:00,32.87,33.07,32.84,32.84,26085.381
2025-09-21 13:00:00,32.84,33.06,32.83,32.99,22147.807
2025-09-21 14:00:00,32.99,33.11,32.91,32.92,18464.662
2025-09-21 15:00:00,32.92,33.16,32.89,33.05,23891.278
2025-09-21 16:00:00,33.05,33.06,32.7,32.81,40375.823
2025-09-21 17:00:00,32.81,32.96,32.63,32.95,13713.753
2025-09-21 18:00:00,32.95,33.026,32.88,33.026,8168.77
2025-09-21 19:00:00,33.026,33.28,32.82,33.22,27454.326
2025-09-21 20:00:00,33.22,33.3,32.98,33.0,22270.292
2025-09-21 21:00:00,33.0,33.24,32.99,33.11,21838.065
2025-09-21 22:00:00,33.11,33.2,33.01,33.15,7950.636
2025-09-21 23:00:00,33.15,33.15,33.01,33.04,7572.573
2025-09-22 00:00:00,33.04,33.13,31.81,31.84,159969.072
2025-09-22 01:00:00,31.84,32.03,31.54,31.84,65400.44
2025-09-22 02:00:00,31.84,31.97,31.28,31.52,65540.644
2025-09-22 03:00:00,31.52,31.85,31.49,31.8,20952.834
2025-09-22 04:00:00,31.8,31.95,31.64,31.65,22211.695
2025-09-22 05:00:00,31.65,31.66,31.02,31.03,35310.142
2025-09-22 06:00:00,31.03,31.06,29.28,30.94,397613.561
2025-09-22 07:00:00,30.94,31.01,30.51,30.54,71550.067
2025-09-22 08:00:00,30.54,31.03,30.47,30.95,38227.752
2025-09-22 09:00:00,30.95,30.96,30.58,30.65,24084.223
2025-09-22 10:00:00,30.65,31.44,30.64,31.38,53603.665
2025-09-22 11:00:00,31.38,31.47,31.02,31.11,14245.352
2025-09-22 12:00:00,31.11,32.05,31.05,31.48,110786.246
2025-09-22 13:00:00,31.48,31.81,31.36,31.79,93003.623
2025-09-22 14:00:00,31.79,31.85,31.15,31.36,64970.093
2025-09-22 15:00:00,31.36,32.03,31.34,31.95,133210.513
2025-09-22 16:00:00,31.95,32.18,31.75,31.84,81813.437
2025-09-22 17:00:00,31.84,32.06,31.73,31.89,42464.022
2025-09-22 18:00:00,31.89,31.97,31.73,31.73,21937.8
2025-09-22 19:00:00,31.73,31.89,31.37,31.37,36929.014
2025-09-22 20:00:00,31.37,32.21,31.329,32.17,92693.743
2025-09-22 21:00:00,32.17,32.99,32.09,32.81,144782.848
2025-09-22 22:00:00,32.81,33.41,32.62,33.15,56099.125
2025-09-22 23:00:00,33.15,33.98,33.03,33.87,219719.702
2025-09-23 00:00:00,33.87,34.71,33.3,33.5,123529.392
2025-09-23 01:00:00,33.5,33.6,33.02,33.04,58742.895
2025-09-23 02:00:00,33.04,33.31,32.86,32.9,80037.112
2025-09-23 03:00:00,32.9,35.74,32.76,34.93,390251.519
2025-09-23 04:00:00,34.93,35.59,34.02,34.15,177970.697
2025-09-23 05:00:00,34.15,34.69,34.14,34.68,93218.35
2025-09-23 06:00:00,34.68,35.3,34.48,35.21,111601.114
2025-09-23 07:00:00,35.21,35.35,34.85,34.97,78667.466
2025-09-23 08:00:00,34.97,35.53,34.97,35.36,76198.919
2025-09-23 09:00:00,35.36,35.42,34.64,34.67,72384.608
2025-09-23 10:00:00,34.67,34.89,34.57,34.75,45671.249
2025-09-23 11:00:00,34.75,34.76,34.27,34.46,65114.857
2025-09-23 12:00:00,34.46,34.75,34.37,34.4,42103.935
2025-09-23 13:00:00,34.4,34.47,34.09,34.26,70809.072
2025-09-23 14:00:00,34.26,35.65,34.21,35.26,216987.546
2025-09-23 15:00:00,35.26,36.15,35.05,35.15,174468.206
2025-09-23 16:00:00,35.15,35.26,34.76,34.96,60928.375
2025-09-23 17:00:00,34.96,34.97,34.35,34.43,59565.291
2025-09-23 18:00:00,34.43,34.55,34.07,34.14,100441.69
2025-09-23 19:00:00,34.14,34.35,33.65,33.79,73807.398
2025-09-23 20:00:00,33.79,34.0,33.63,33.88,60141.511
2025-09-23 21:00:00,33.88,33.88,33.65,33.7,33887.394
2025-09-23 22:00:00,33.7,33.8,33.45,33.69,44644.974
2025-09-23 23:00:00,33.69,33.81,33.43,33.61,59045.935
2025-09-24 00:00:00,33.61,34.8,33.59,34.59,165167.168
2025-09-24 01:00:00,34.59,34.61,34.18,34.33,54152.451
2025-09-24 02:00:00,34.33,34.33,33.61,33.77,46425.392
2025-09-24 03:00:00,33.77,33.93,33.22,33.26,66646.399
2025-09-24 04:00:00,33.26,33.88,32.93,33.65,85493.964
2025-09-24 05:00:00,33.65,34.13,33.58,34.09,46526.098
2025-09-24 06:00:00,34.09,34.48,33.93,34.43,67430.121
2025-09-24 07:00:00,34.43,34.46,34.1,34.13,70134.653
2025-09-24 08:00:00,34.13,34.35,34.02,34.33,44186.733
2025-09-24 09:00:00,34.33,34.42,34.17,34.21,34137.895
2025-09-24 10:00:00,34.21,34.34,34.133,34.26,22917.843
2025-09-24 11:00:00,34.26,34.42,34.15,34.15,33711.405
2025-09-24 12:00:00,34.15,34.38,34.11,34.35,32901.98
2025-09-24 13:00:00,34.35,34.5,34.16,34.19,38114.954
2025-09-24 14:00:00,34.19,34.71,34.18,34.5,70241.672
2025-09-24 15:00:00,34.5,34.76,34.33,34.5,171881.743
2025-09-24 16:00:00,34.5,34.844,34.43,34.6,68013.59
2025-09-24 17:00:00,34.6,34.79,34.48,34.56,44149.217
2025-09-24 18:00:00,34.56,34.62,34.49,34.55,31009.783
2025-09-24 19:00:00,34.55,34.64,34.22,34.23,71699.507
2025-09-24 20:00:00,34.23,34.28,33.56,33.56,53823.562
2025-09-24 21:00:00,33.56,33.69,32.9,32.96,137880.655
2025-09-24 22:00:00,32.96,33.09,32.31,32.4,149338.942
2025-09-24 23:00:00,32.4,32.56,32.27,32.31,59188.733
2025-09-25 00:00:00,32.31,32.46,32.07,32.33,51487.273
2025-09-25 01:00:00,32.33,32.78,32.23,32.46,103773.45
2025-09-25 02:00:00,32.46,32.61,32.27,32.37,33331.455
2025-09-25 03:00:00,32.37,32.39,31.71,31.84,66456.236
2025-09-25 04:00:00,31.84,31.84,30.91,31.2,80663.783
2025-09-25 05:00:00,31.2,31.53,31.13,31.33,28437.895
2025-09-25 06:00:00,31.33,31.42,30.84,30.86,22747.568
2025-09-25 07:00:00,30.86,31.07,30.69,30.74,25923.202
2025-09-25 08:00:00,30.74,30.89,30.44,30.73,58359.556
2025-09-25 09:00:00,30.73,31.14,30.68,30.8,50768.575
2025-09-25 10:00:00,30.8,30.974,30.75,30.86,26752.218
2025-09-25 11:00:00,30.86,30.86,30.43,30.6,70707.918
2025-09-25 12:00:00,30.6,30.76,30.04,30.65,107098.298
2025-09-25 13:00:00,30.65,30.71,30.06,30.23,65318.181
2025-09-25 14:00:00,30.23,30.53,30.23,30.24,94586.854
2025-09-25 15:00:00,30.24,30.36,30.15,30.25,33055.688
2025-09-25 16:00:00,30.25,30.27,29.55,29.56,66828.796
2025-09-25 17:00:00,29.56,29.67,29.1,29.2,133038.498
2025-09-25 18:00:00,29.2,29.84,28.86,29.82,105642.577
2025-09-25 19:00:00,29.82,29.98,29.43,29.48,52237.471
2025-09-25 20:00:00,29.48,29.51,28.95,29.08,39287.233
2025-09-25 21:00:00,29.08,29.37,28.84,29.1,26538.665
2025-09-25 22:00:00,29.1,29.32,28.94,29.06,39690.889
2025-09-25 23:00:00,29.06,29.21,28.54,28.63,81600.67
2025-09-26 00:00:00,28.63,29.07,28.57,28.9,85379.196
2025-09-26 01:00:00,28.9,28.99,28.62,28.8,47883.419
2025-09-26 02:00:00,28.8,28.99,27.92,28.4,105830.636
2025-09-26 03:00:00,28.4,28.42,27.96,28.25,44821.932
2025-09-26 04:00:00,28.25,28.49,28.11,28.2,23161.56
2025-09-26 05:00:00,28.2,28.45,27.98,27.99,37783.416
2025-09-26 06:00:00,27.99,28.27,27.69,28.13,61159.08
2025-09-26 07:00:00,28.13,28.38,28.02,28.27,42505.563
2025-09-26 08:00:00,28.27,28.58,28.26,28.4,36042.81
2025-09-26 09:00:00,28.4,28.45,27.94,28.14,40188.021
2025-09-26 10:00:00,28.14,28.17,27.59,27.66,54808.643
2025-09-26 11:00:00,27.66,27.74,27.4,27.58,47295.277
2025-09-26 12:00:00,27.58,27.87,27.34,27.6,89290.982
2025-09-26 13:00:00,27.6,27.88,27.53,27.83,72692.483
2025-09-26 14:00:00,27.83,27.87,27.06,27.16,157821.293
2025-09-26 15:00:00,27.16,27.91,27.14,27.89,162558.57
2025-09-26 16:00:00,27.89,28.89,27.82,28.81,181449.495
2025-09-26 17:00:00,28.81,29.59,28.66,29.53,203053.738
2025-09-26 18:00:00,29.53,29.54,28.97,29.11,207361.111
2025-09-26 19:00:00,29.11,29.31,28.49,28.71,123333.487
2025-09-26 20:00:00,28.71,28.84,28.6,28.7,50892.643
2025-09-26 21:00:00,28.7,28.79,28.62,28.71,32006.181
2025-09-26 22:00:00,28.71,28.99,28.71,28.88,43876.539
2025-09-26 23:00:00,28.88,29.12,28.73,29.09,66837.075
2025-09-27 00:00:00,29.09,29.1,28.91,28.97,41320.974
2025-09-27 01:00:00,28.97,28.99,28.73,28.94,20708.796
2025-09-27 02:00:00,28.94,28.96,28.76,28.8,9403.765
2025-09-27 03:00:00,28.8,28.97,28.64,28.75,47547.603
2025-09-27 04:00:00,28.75,28.96,28.73,28.95,19788.138
2025-09-27 05:00:00,28.95,28.95,28.78,28.79,19189.903
2025-09-27 06:00:00,28.79,28.8,28.69,28.8,16592.937
2025-09-27 07:00:00,28.8,28.84,28.62,28.69,23256.383
2025-09-27 08:00:00,28.69,28.69,28.4,28.42,59491.106
2025-09-27 09:00:00,28.42,28.49,28.29,28.49,34658.499
2025-09-27 10:00:00,28.49,28.55,28.37,28.4,22165.548
2025-09-27 11:00:00,28.4,28.47,28.32,28.35,28819.027
2025-09-27 12:00:00,28.35,28.46,28.22,28.44,35730.291
2025-09-27 13:00:00,28.44,28.53,28.31,28.47,21916.665
2025-09-27 14:00:00,28.47,28.84,28.41,28.76,52558.05
2025-09-27 15:00:00,28.76,28.77,28.36,28.68,51950.087
2025-09-27 16:00:00,28.68,28.79,28.55,28.61,40171.253
2025-09-27 17:00:00,28.61,28.69,28.41,28.65,32707.761
2025-09-27 18:00:00,28.65,28.69,28.46,28.55,28747.062
2025-09-27 19:00:00,28.55,28.8,28.47,28.77,21637.29
2025-09-27 20:00:00,28.77,28.83,28.59,28.69,14284.164
2025-09-27 21:00:00,28.69,28.79,28.64,28.75,11315.717
2025-09-27 22:00:00,28.75,28.97,28.75,28.85,34530.712
2025-09-27 23:00:00,28.85,28.93,28.72,28.74,68826.915
2025-09-28 00:00:00,28.74,28.89,28.64,28.7,23213.067
2025-09-28 01:00:00,28.7,28.78,28.44,28.5,19183.411
2025-09-28 02:00:00,28.5,28.55,28.3,28.31,12418.361
2025-09-28 03:00:00,28.31,28.39,28.2,28.27,9114.028
2025-09-28 04:00:00,28.27,28.36,28.21,28.36,5780.399
2025-09-28 05:00:00,28.36,28.43,28.23,28.26,10955.953
2025-09-28 06:00:00,28.26,28.33,28.08,28.22,19107.399
2025-09-28 07:00:00,28.22,28.41,28.15,28.38,24186.224
2025-09-28 08:00:00,28.38,28.49,28.21,28.29,32281.585
2025-09-28 09:00:00,28.29,28.78,28.15,28.35,110729.14
2025-09-28 10:00:00,28.35,28.39,28.18,28.27,63283.53
2025-09-28 11:00:00,28.27,28.31,28.04,28.12,47881.303
2025-09-28 12:00:00,28.12,28.13,27.93,28.03,53398.847
2025-09-28 13:00:00,28.03,28.91,28.02,28.9,98857.523
2025-09-28 14:00:00,28.9,28.93,28.73,28.85,75159.468
2025-09-28 15:00:00,28.85,28.92,28.68,28.82,34214.113
2025-09-28 16:00:00,28.82,29.12,28.81,28.98,96406.803
2025-09-28 17:00:00,28.98,29.03,28.82,28.97,35020.405
2025-09-28 18:00:00,28.97,29.0,28.89,28.99,14633.875
2025-09-28 19:00:00,28.99,29.03,28.91,29.0,15613.777
2025-09-28 20:00:00,29.0,29.3,28.97,29.12,47190.758
2025-09-28 21:00:00,29.12,29.22,28.95,29.02,20111.566
2025-09-28 22:00:00,29.02,29.92,29.02,29.79,92460.092
2025-09-28 23:00:00,29.79,30.19,29.78,29.99,149643.728
2025-09-29 00:00:00,29.99,30.23,29.86,29.97,73709.08
2025-09-29 01:00:00,29.97,30.06,29.58,29.58,31053.654
2025-09-29 02:00:00,29.58,29.8,29.43,29.79,52219.556
2025-09-29 03:00:00,29.79,29.8,29.64,29.75,23526.107
2025-09-29 04:00:00,29.75,29.78,29.51,29.53,20074.228
2025-09-29 05:00:00,29.53,29.54,29.24,29.41,20340.97
2025-09-29 06:00:00,29.41,29.65,29.31,29.55,28986.412
2025-09-29 07:00:00,29.55,29.82,29.33,29.58,23815.828
2025-09-29 08:00:00,29.58,29.91,29.51,29.77,45126.497
2025-09-29 09:00:00,29.77,30.0,29.67,29.81,59649.711
2025-09-29 10:00:00,29.81,29.92,29.36,29.38,39117.226
2025-09-29 11:00:00,29.38,29.89,29.14,29.69,51876.707
2025-09-29 12:00:00,29.69,29.88,29.31,29.34,25494.731
2025-09-29 13:00:00,29.34,29.79,29.17,29.67,33221.121
2025-09-29 14:00:00,29.67,30.29,29.59,30.2,70895.125
2025-09-29 15:00:00,30.2,30.54,30.07,30.46,96480.95
2025-09-29 16:00:00,30.46,30.71,30.11,30.13,81286.687
2025-09-29 17:00:00,30.13,30.51,30.04,30.47,43735.531
2025-09-29 18:00:00,30.47,30.47,30.14,30.36,23013.34
2025-09-29 19:00:00,30.36,30.58,30.26,30.48,29795.077
2025-09-29 20:00:00,30.48,30.83,30.44,30.72,76329.258
2025-09-29 21:00:00,30.72,30.79,30.54,30.54,21537.244
2025-09-29 22:00:00,30.54,30.61,30.45,30.49,12216.497
2025-09-29 23:00:00,30.49,30.54,30.36,30.41,9731.464
2025-09-30 00:00:00,30.41,30.71,30.39,30.42,37477.142
2025-09-30 01:00:00,30.42,30.45,29.91,30.01,69092.59
2025-09-30 02:00:00,30.01,30.04,29.84,29.89,18232.033
2025-09-30 03:00:00,29.89,30.02,29.85,29.87,16211.321
2025-09-30 04:00:00,29.87,29.89,29.77,29.79,17814.52
2025-09-30 05:00:00,29.79,29.94,29.72,29.77,21801.977
2025-09-30 06:00:00,29.77,29.86,29.66,29.73,24366.25
2025-09-30 07:00:00,29.73,29.78,29.43,29.52,46389.057
2025-09-30 08:00:00,29.52,29.58,29.332,29.38,21834.646
2025-09-30 09:00:00,29.38,29.55,29.2,29.36,59777.803
2025-09-30 10:00:00,29.36,29.77,29.29,29.58,56771.648
2025-09-30 11:00:00,29.58,29.65,29.39,29.45,14730.965
2025-09-30 12:00:00,29.45,29.45,29.25,29.26,10356.498
2025-09-30 13:00:00,29.26,29.47,29.07,29.17,40153.847
2025-09-30 14:00:00,29.17,29.35,29.03,29.33,27995.157
2025-09-30 15:00:00,29.33,29.35,28.83,29.07,48991.055
2025-09-30 16:00:00,29.07,29.08,28.82,28.86,31237.916
2025-09-30 17:00:00,28.86,29.13,28.84,28.96,29467.283
2025-09-30 18:00:00,28.96,29.49,28.87,29.47,50479.38
2025-09-30 19:00:00,29.47,30.09,29.42,30.03,57046.299
2025-09-30 20:00:00,30.03,30.27,29.88,30.27,33763.785
2025-09-30 21:00:00,30.27,30.38,29.91,29.91,32368.633
2025-09-30 22:00:00,29.91,30.06,29.78,29.87,21916.976
2025-09-30 23:00:00,29.87,30.02,29.78,30.02,23706.8
2025-10-01 00:00:00,30.02,30.09,29.79,29.99,17368.917
2025-10-01 01:00:00,29.99,30.24,29.94,30.21,26157.684
2025-10-01 02:00:00,30.21,30.21,29.9,29.93,13421.247
2025-10-01 03:00:00,29.93,29.96,29.63,29.65,21569.792
2025-10-01 04:00:00,29.65,30.03,29.62,29.88,32547.261
2025-10-01 05:00:00,29.88,30.03,29.87,29.9,17224.034
2025-10-01 06:00:00,29.9,29.96,29.69,29.69,23993.947
2025-10-01 07:00:00,29.69,30.09,29.67,30.01,33319.556
2025-10-01 08:00:00,30.01,30.94,30.0,30.87,153545.667
2025-10-01 09:00:00,30.87,31.08,30.79,31.07,134662.334
2025-10-01 10:00:00,31.07,31.09,30.59,30.73,36189.571
2025-10-01 11:00:00,30.73,30.86,30.71,30.79,22754.323
2025-10-01 12:00:00,30.79,30.83,30.51,30.54,65329.825
2025-10-01 13:00:00,30.54,30.69,30.35,30.51,47207.305
2025-10-01 14:00:00,30.51,30.77,30.42,30.44,68157.586
2025-10-01 15:00:00,30.44,30.66,30.43,30.59,59251.15
2025-10-01 16:00:00,30.59,30.63,30.46,30.53,31126.211
2025-10-01 17:00:00,30.53,30.57,30.47,30.51,54037.451
2025-10-01 18:00:00,30.51,30.63,30.51,30.54,17238.488
2025-10-01 19:00:00,30.54,30.72,30.53,30.61,38617.031
2025-10-01 20:00:00,30.61,30.64,30.53,30.57,13762.074
2025-10-01 21:00:00,30.57,30.62,30.45,30.57,15344.152
2025-10-01 22:00:00,30.57,30.61,30.49,30.56,24198.78
2025-10-01 23:00:00,30.56,30.74,30.52,30.73,38415.796
2025-10-02 00:00:00,30.73,31.35,30.51,30.56,91052.416
2025-10-02 01:00:00,30.56,31.0,30.49,30.95,43174.024
2025-10-02 02:00:00,30.95,31.39,30.75,31.3,55289.623
2025-10-02 03:00:00,31.3,31.32,30.8,30.87,46137.812
2025-10-02 04:00:00,30.87,30.91,30.61,30.89,29818.182
2025-10-02 05:00:00,30.89,30.96,30.73,30.75,34586.457
2025-10-02 06:00:00,30.75,30.93,30.58,30.76,23108.824
2025-10-02 07:00:00,30.76,30.76,30.58,30.58,19823.815
2025-10-02 08:00:00,30.58,30.65,30.49,30.53,42435.281
2025-10-02 09:00:00,30.53,30.63,30.43,30.55,71216.496
2025-10-02 10:00:00,30.55,30.63,30.49,30.58,32406.818
2025-10-02 11:00:00,30.58,30.67,30.51,30.52,37082.2
2025-10-02 12:00:00,30.52,30.75,30.51,30.62,39602.301
2025-10-02 13:00:00,30.62,30.84,29.5,30.29,255767.945
2025-10-02 14:00:00,30.29,30.41,29.67,29.79,142343.802
2025-10-02 15:00:00,29.79,30.04,29.53,30.01,71303.945
2025-10-02 16:00:00,30.01,30.31,29.95,30.24,60689.961
2025-10-02 17:00:00,30.24,30.52,30.18,30.51,47758.938
2025-10-02 18:00:00,30.51,30.76,30.51,30.7,54718.948
2025-10-02 19:00:00,30.7,31.14,30.62,31.01,67040.917
2025-10-02 20:00:00,31.01,31.25,30.82,30.92,47810.985
2025-10-02 21:00:00,30.92,31.03,30.83,30.91,20542.889
2025-10-02 22:00:00,30.91,31.03,30.87,30.95,20678.317
2025-10-02 23:00:00,30.95,31.02,30.85,30.97,18105.519
2025-10-03 00:00:00,30.97,30.99,30.67,30.74,33467.329
2025-10-03 01:00:00,30.74,30.8,30.46,30.49,34125.351
2025-10-03 02:00:00,30.49,30.88,30.46,30.88,20377.813
2025-10-03 03:00:00,30.88,31.01,30.73,30.75,27798.961
2025-10-03 04:00:00,30.75,30.92,30.69,30.83,11217.47
2025-10-03 05:00:00,30.83,30.84,30.52,30.57,18221.663
2025-10-03 06:00:00,30.57,30.62,30.22,30.26,46946.635
2025-10-03 07:00:00,30.26,30.27,30.09,30.18,70365.451
2025-10-03 08:00:00,30.18,30.33,30.0,30.33,40629.292
2025-10-03 09:00:00,30.33,30.39,30.18,30.36,22676.474
2025-10-03 10:00:00,30.36,30.5,30.3,30.37,17961.592
2025-10-03 11:00:00,30.37,30.37,30.12,30.16,26177.034
2025-10-03 12:00:00,30.16,30.33,30.13,30.28,24232.333
2025-10-03 13:00:00,30.28,30.62,30.06,30.35,46042.672
2025-10-03 14:00:00,30.35,30.57,30.04,30.5,39485.086
2025-10-03 15:00:00,30.5,31.27,30.38,31.23,67407.108
2025-10-03 16:00:00,31.23,31.57,31.05,31.09,171817.699
2025-10-03 17:00:00,31.09,31.22,30.46,30.94,152945.717
2025-10-03 18:00:00,30.94,31.28,30.73,31.23,64227.147
2025-10-03 19:00:00,31.23,31.36,31.13,31.18,70487.981
2025-10-03 20:00:00,31.18,31.28,31.1,31.22,59358.255
2025-10-03 21:00:00,31.22,31.31,31.16,31.25,40995.359
2025-10-03 22:00:00,31.25,31.5,31.25,31.37,51981.584
2025-10-03 23:00:00,31.37,31.48,31.31,31.32,24137.352
2025-10-04 00:00:00,31.32,31.45,31.16,31.25,29570.5
2025-10-04 01:00:00,31.25,31.26,31.12,31.2,21625.388
2025-10-04 02:00:00,31.2,31.27,31.06,31.18,22577.813
2025-10-04 03:00:00,31.18,31.26,31.09,31.24,20908.61
2025-10-04 04:00:00,31.24,31.31,31.16,31.19,18292.516
2025-10-04 05:00:00,31.19,31.38,31.11,31.2,22058.534
2025-10-04 06:00:00,31.2,31.24,31.09,31.13,28264.077
2025-10-04 07:00:00,31.13,31.15,30.77,30.82,34040.2
2025-10-04 08:00:00,30.82,30.82,30.52,30.6,75054.801
2025-10-04 09:00:00,30.6,30.7,30.49,30.54,48076.383
2025-10-04 10:00:00,30.54,30.65,30.37,30.41,24965.418
2025-10-04 11:00:00,30.41,30.45,30.27,30.34,35340.687
2025-10-04 12:00:00,30.34,30.36,30.19,30.21,22302.031
2025-10-04 13:00:00,30.21,30.55,30.17,30.39,34883.171
2025-10-04 14:00:00,30.39,30.39,29.88,29.9,54123.378
2025-10-04 15:00:00,29.9,30.04,29.87,29.94,59762.685
2025-10-04 16:00:00,29.94,30.1,29.87,30.05,46128.335
2025-10-04 17:00:00,30.05,30.09,29.91,29.98,26297.543
2025-10-04 18:00:00,29.98,30.07,29.91,29.95,10801.652
2025-10-04 19:00:00,29.95,30.1,29.94,30.04,15292.815
2025-10-04 20:00:00,30.04,30.15,30.03,30.07,11434.176
2025-10-04 21:00:00,30.07,30.19,30.06,30.11,19131.333
2025-10-04 22:00:00,30.11,30.3,30.06,30.19,14064.223
2025-10-04 23:00:00,30.19,30.2,30.11,30.13,9392.578
2025-10-05 00:00:00,30.13,30.18,29.87,29.88,18815.508
2025-10-05 01:00:00,29.88,29.99,29.83,29.94,16518.486
2025-10-05 02:00:00,29.94,30.53,29.89,30.5,73189.173
2025-10-05 03:00:00,30.5,30.71,30.35,30.48,34065.671
2025-10-05 04:00:00,30.48,31.0,30.38,30.89,88213.559
2025-10-05 05:00:00,30.89,31.06,30.79,30.85,36904.442
2025-10-05 06:00:00,30.85,30.9,30.66,30.7,14950.006
2025-10-05 07:00:00,30.7,31.08,30.7,31.08,36550.936
2025-10-05 08:00:00,31.08,31.21,30.85,31.0,30692.643
2025-10-05 09:00:00,31.0,31.01,30.63,30.65,49829.188
2025-10-05 10:00:00,30.65,30.67,30.36,30.44,29574.932
2025-10-05 11:00:00,30.44,30.5,30.06,30.34,57671.843
2025-10-05 12:00:00,30.34,30.34,30.1,30.12,19591.169
2025-10-05 13:00:00,30.12,30.2,30.1,30.12,25724.593
2025-10-05 14:00:00,30.12,30.19,29.96,30.09,24398.73
2025-10-05 15:00:00,30.09,30.35,30.04,30.25,22261.334
2025-10-05 16:00:00,30.25,30.31,30.03,30.25,24725.112
2025-10-05 17:00:00,30.25,30.29,29.89,29.92,16037.279
2025-10-05 18:00:00,29.92,30.04,29.74,29.95,15417.808
2025-10-05 19:00:00,29.95,29.96,29.679,29.72,41142.57
2025-10-05 20:00:00,29.72,29.95,29.64,29.82,12930.849
2025-10-05 21:00:00,29.82,29.9,29.78,29.85,10902.181
2025-10-05 22:00:00,29.85,29.95,29.76,29.9,7931.633
2025-10-05 23:00:00,29.9,30.11,29.82,30.08,33131.776
2025-10-06 00:00:00,30.08,30.4,29.96,30.02,47821.597
2025-10-06 01:00:00,30.02,30.31,29.94,30.2,21010.158
2025-10-06 02:00:00,30.2,30.37,30.06,30.3,14755.458
2025-10-06 03:00:00,30.3,30.32,30.14,30.25,19271.6
2025-10-06 04:00:00,30.25,30.45,30.2,30.26,18199.517
2025-10-06 05:00:00,30.26,30.3,30.14,30.22,12674.881
2025-10-06 06:00:00,30.22,30.47,30.13,30.35,19503.189
2025-10-06 07:00:00,30.35,30.42,30.14,30.31,14841.188
2025-10-06 08:00:00,30.31,30.46,30.3,30.39,17723.888
2025-10-06 09:00:00,30.39,30.79,30.39,30.57,31767.802
2025-10-06 10:00:00,30.57,30.6,30.39,30.5,11513.538
2025-10-06 11:00:00,30.5,30.63,30.4,30.5,15548.453
2025-10-06 12:00:00,30.5,30.73,30.49,30.52,39890.582
2025-10-06 13:00:00,30.52,30.68,30.43,30.56,38764.366
2025-10-06 14:00:00,30.56,30.95,30.52,30.64,121776.167
2025-10-06 15:00:00,30.64,30.98,30.64,30.83,73027.934
2025-10-06 16:00:00,30.83,30.94,30.64,30.78,35494.445
2025-10-06 17:00:00,30.78,31.02,30.72,30.9,53160.416
2025-10-06 18:00:00,30.9,30.98,30.74,30.91,23157.588
2025-10-06 19:00:00,30.91,30.91,30.69,30.84,31407.84
2025-10-06 20:00:00,30.84,30.96,30.72,30.76,17075.904
2025-10-06 21:00:00,30.76,30.8,30.53,30.7,21733.296
2025-10-06 22:00:00,30.7,30.77,30.56,30.58,19142.559
2025-10-06 23:00:00,30.58,30.74,30.51,30.61,27005.705
2025-10-07 00:00:00,30.61,30.73,30.43,30.58,21006.115
2025-10-07 01:00:00,30.58,30.58,30.32,30.42,24010.469
2025-10-07 02:00:00,30.42,30.44,30.32,30.34,15510.495
2025-10-07 03:00:00,30.34,30.4,30.3,30.34,7488.398
2025-10-07 04:00:00,30.34,30.58,30.21,30.5,27426.74
2025-10-07 05:00:00,30.5,30.6,30.35,30.46,20415.657
2025-10-07 06:00:00,30.46,30.49,30.1,30.16,33695.242
2025-10-07 07:00:00,30.16,30.23,30.04,30.11,15267.134
2025-10-07 08:00:00,30.11,30.11,29.53,29.8,110227.995
2025-10-07 09:00:00,29.8,29.85,29.72,29.76,43602.61
2025-10-07 10:00:00,29.76,30.0,29.66,29.92,33630.676
2025-10-07 11:00:00,29.92,30.06,29.91,30.02,19988.885
2025-10-07 12:00:00,30.02,30.02,29.78,29.96,46631.999
2025-10-07 13:00:00,29.96,29.99,29.14,29.36,158128.425
2025-10-07 14:00:00,29.36,29.37,28.82,28.9,113516.127
2025-10-07 15:00:00,28.9,28.94,28.45,28.54,110559.936
2025-10-07 16:00:00,28.54,28.77,28.3,28.58,77964.46
2025-10-07 17:00:00,28.58,28.67,28.4,28.42,30285.9
2025-10-07 18:00:00,28.42,28.44,28.24,28.32,40994.798
2025-10-07 19:00:00,28.32,28.45,28.08,28.1,41206.782
2025-10-07 20:00:00,28.1,28.43,28.08,28.31,26228.088
2025-10-07 21:00:00,28.31,28.43,28.17,28.26,26522.025
2025-10-07 22:00:00,28.26,28.41,28.14,28.19,19163.957
2025-10-07 23:00:00,28.19,28.21,27.82,27.93,19268.84
2025-10-08 00:00:00,27.93,28.27,27.86,28.27,46295.864
2025-10-08 01:00:00,28.27,28.36,28.13,28.33,13504.711
2025-10-08 02:00:00,28.33,28.36,28.19,28.23,9460.34
2025-10-08 03:00:00,28.23,28.24,27.94,27.98,31300.179
2025-10-08 04:00:00,27.98,28.25,27.84,28.24,13458.787
2025-10-08 05:00:00,28.24,28.24,27.99,28.13,14259.768
2025-10-08 06:00:00,28.13,28.23,28.04,28.16,6794.386
2025-10-08 07:00:00,28.16,28.33,28.06,28.3,22547.167
2025-10-08 08:00:00,28.3,28.45,28.17,28.35,25157.114
2025-10-08 09:00:00,28.35,28.38,28.21,28.29,9747.052
2025-10-08 10:00:00,28.29,28.42,28.26,28.37,18349.52
2025-10-08 11:00:00,28.37,28.5,28.26,28.31,8449.436
2025-10-08 12:00:00,28.31,28.5,28.26,28.47,28657.929
2025-10-08 13:00:00,28.47,28.56,28.2,28.52,18509.593
2025-10-08 14:00:00,28.52,28.76,28.33,28.36,54118.795
2025-10-08 15:00:00,28.36,28.48,28.24,28.29,17397.639
2025-10-08 16:00:00,28.29,28.52,28.25,28.51,17471.043
2025-10-08 17:00:00,28.51,29.19,28.51,28.97,158791.372
2025-10-08 18:00:00,28.97,29.62,28.88,29.33,124603.961
2025-10-08 19:00:00,29.33,29.37,29.13,29.19,40253.127
2025-10-08 20:00:00,29.19,29.26,28.93,28.94,35654.264
2025-10-08 21:00:00,28.94,29.0,28.83,28.87,12300.646
2025-10-08 22:00:00,28.87,28.95,28.8,28.82,8451.835
2025-10-08 23:00:00,28.82,28.87,28.77,28.81,10480.015
2025-10-09 00:00:00,28.81,28.9,28.57,28.58,15173.56
2025-10-09 01:00:00,28.58,28.58,28.41,28.5,17518.179
2025-10-09 02:00:00,28.5,28.5,28.11,28.18,24701.457
2025-10-09 03:00:00,28.18,28.47,28.17,28.4,9970.473
2025-10-09 04:00:00,28.4,28.53,28.38,28.53,8337.901
2025-10-09 05:00:00,28.53,28.56,28.42,28.52,9275.767
2025-10-09 06:00:00,28.52,28.52,28.37,28.39,10049.915
2025-10-09 07:00:00,28.39,28.5,28.29,28.37,9910.721
2025-10-09 08:00:00,28.37,28.4,27.96,27.99,29009.067
2025-10-09 09:00:00,27.99,28.19,27.99,28.1,22198.747
2025-10-09 10:00:00,28.1,28.25,27.98,28.16,11270.08
2025-10-09 11:00:00,28.16,28.45,28.16,28.31,11439.737
2025-10-09 12:00:00,28.31,28.73,28.3,28.65,28991.337
2025-10-09 13:00:00,28.65,28.68,28.13,28.15,43026.795
2025-10-09 14:00:00,28.15,28.3,27.89,28.08,69042.376
2025-10-09 15:00:00,28.08,28.2,27.83,27.96,43194.426
2025-10-09 16:00:00,27.96,28.06,27.58,27.65,48361.038
2025-10-09 17:00:00,27.65,28.08,27.63,28.06,29438.085
2025-10-09 18:00:00,28.06,28.12,27.92,27.97,14567.99
2025-10-09 19:00:00,27.97,28.18,27.95,28.08,9510.124
2025-10-09 20:00:00,28.08,28.16,27.97,28.05,8845.607
2025-10-09 21:00:00,28.05,28.16,27.99,28.13,7867.022
2025-10-09 22:00:00,28.13,28.46,28.08,28.38,34940.335
2025-10-09 23:00:00,28.38,28.42,28.29,28.38,19351.041
2025-10-10 00:00:00,28.38,28.42,28.33,28.4,11997.594
2025-10-10 01:00:00,28.4,28.47,28.31,28.36,15070.634
2025-10-10 02:00:00,28.36,28.47,28.28,28.36,50179.882
2025-10-10 03:00:00,28.36,28.57,28.26,28.36,35442.731
2025-10-10 04:00:00,28.36,28.51,28.31,28.4,10624.887
2025-10-10 05:00:00,28.4,28.56,28.3,28.55,11194.954
2025-10-10 06:00:00,28.55,28.61,28.28,28.35,14415.723
2025-10-10 07:00:00,28.35,28.37,28.19,28.22,14120.444
2025-10-10 08:00:00,28.22,28.41,28.2,28.41,14076.822
2025-10-10 09:00:00,28.41,28.41,28.04,28.07,19571.12
2025-10-10 10:00:00,28.07,28.26,28.04,28.24,18292.61
2025-10-10 11:00:00,28.24,28.34,28.15,28.26,12351.465
2025-10-10 12:00:00,28.26,28.36,28.2,28.32,10371.174
2025-10-10 13:00:00,28.32,28.48,28.19,28.29,59500.212
2025-10-10 14:00:00,28.29,28.4,27.85,27.93,45369.278
2025-10-10 15:00:00,27.93,27.94,26.61,26.99,289276.906
2025-10-10 16:00:00,26.99,27.11,26.79,26.86,61517.234
2025-10-10 17:00:00,26.86,26.99,26.66,26.71,54667.995
2025-10-10 18:00:00,26.71,26.74,26.428,26.5,41365.429
2025-10-10 19:00:00,26.5,26.58,26.06,26.43,80849.836
2025-10-10 20:00:00,26.43,26.69,24.38,25.0,242200.431
2025-10-10 21:00:00,25.0,25.37,8.45,21.34,1068534.031
2025-10-10 22:00:00,21.34,21.5,19.173,20.59,541359.281
2025-10-10 23:00:00,20.59,21.82,20.25,20.59,412027.143
2025-10-11 00:00:00,20.59,21.33,20.28,21.17,249555.429
2025-10-11 01:00:00,21.17,21.47,20.64,20.93,183297.91
2025-10-11 02:00:00,20.93,22.82,20.9,22.63,188292.438
2025-10-11 03:00:00,22.63,22.66,21.73,21.91,119458.22
2025-10-11 04:00:00,21.91,22.21,21.76,22.16,87462.055
2025-10-11 05:00:00,22.16,22.22,21.72,22.02,104708.082
2025-10-11 06:00:00,22.02,22.66,21.97,22.22,67667.576
2025-10-11 07:00:00,22.22,22.42,22.11,22.2,154396.047
2025-10-11 08:00:00,22.2,23.17,22.1,23.12,131115.129
2025-10-11 09:00:00,23.12,23.37,22.72,22.78,118009.597
2025-10-11 10:00:00,22.78,23.04,22.65,22.7,57737.027
2025-10-11 11:00:00,22.7,22.77,22.42,22.67,46443.102
2025-10-11 12:00:00,22.67,22.79,22.26,22.35,48902.752
2025-10-11 13:00:00,22.35,22.84,21.97,22.56,136144.931
2025-10-11 14:00:00,22.56,22.85,22.52,22.71,63659.032
2025-10-11 15:00:00,22.71,22.95,22.62,22.81,69866.178
2025-10-11 16:00:00,22.81,23.05,22.66,22.92,191160.407
2025-10-11 17:00:00,22.92,23.17,22.89,22.97,112482.953
2025-10-11 18:00:00,22.97,22.98,22.63,22.64,42073.7
2025-10-11 19:00:00,22.64,22.64,21.77,21.89,157544.736
2025-10-11 20:00:00,21.89,21.95,21.18,21.34,115016.052
2025-10-11 21:00:00,21.34,21.61,20.93,21.43,133917.619
2025-10-11 22:00:00,21.43,21.7,21.35,21.63,39259.174
2025-10-11 23:00:00,21.63,21.66,21.41,21.46,25861.837
2025-10-12 00:00:00,21.46,21.49,20.86,20.9,43391.562
2025-10-12 01:00:00,20.9,21.23,20.83,20.85,43679.37
2025-10-12 02:00:00,20.85,21.16,20.66,20.78,48787.652
2025-10-12 03:00:00,20.78,21.26,20.73,21.03,56012.466
2025-10-12 04:00:00,21.03,21.46,21.01,21.33,34184.95
2025-10-12 05:00:00,21.33,21.45,21.26,21.37,35096.895
2025-10-12 06:00:00,21.37,21.57,21.31,21.51,28154.831
2025-10-12 07:00:00,21.51,21.52,21.29,21.37,59219.387
2025-10-12 08:00:00,21.37,21.46,21.13,21.15,37202.972
2025-10-12 09:00:00,21.15,21.26,20.93,21.25,56435.979
2025-10-12 10:00:00,21.25,21.37,20.98,21.0,32510.023
2025-10-12 11:00:00,21.0,21.18,20.99,21.08,24297.358
2025-10-12 12:00:00,21.08,21.37,21.08,21.29,103189.212
2025-10-12 13:00:00,21.29,21.42,20.77,20.82,96544.738
2025-10-12 14:00:00,20.82,22.14,20.81,21.8,290182.819
2025-10-12 15:00:00,21.8,22.56,21.71,22.36,261865.884
2025-10-12 16:00:00,22.36,22.92,22.3,22.58,231126.166
2025-10-12 17:00:00,22.58,22.96,22.51,22.75,202672.318
2025-10-12 18:00:00,22.75,23.13,22.44,22.61,315998.146
2025-10-12 19:00:00,22.61,23.04,22.59,23.01,185919.962
2025-10-12 20:00:00,23.01,23.34,22.82,22.95,120261.775
2025-10-12 21:00:00,22.95,23.09,22.38,22.7,77861.878
2025-10-12 22:00:00,22.7,22.9,22.49,22.61,63203.098
2025-10-12 23:00:00,22.61,22.62,22.27,22.5,35992.789
2025-10-13 00:00:00,22.5,22.59,21.88,22.01,77556.844
2025-10-13 01:00:00,22.01,22.41,21.88,22.39,44965.282
2025-10-13 02:00:00,22.39,22.48,22.0,22.21,45779.105
2025-10-13 03:00:00,22.21,22.34,22.14,22.23,49457.155
2025-10-13 04:00:00,22.23,22.53,22.13,22.51,38977.274
2025-10-13 05:00:00,22.51,22.54,22.29,22.34,38052.353
2025-10-13 06:00:00,22.34,22.68,22.18,22.6,43586.686
2025-10-13 07:00:00,22.6,22.89,22.51,22.7,57157.64
2025-10-13 08:00:00,22.7,23.0,22.63,22.87,44888.459
2025-10-13 09:00:00,22.87,22.94,22.7,22.94,22633.177
2025-10-13 10:00:00,22.94,23.05,22.63,22.66,32847.035
2025-10-13 11:00:00,22.66,22.7,21.73,22.2,121434.07
2025-10-13 12:00:00,22.2,22.68,22.03,22.36,62300.156
2025-10-13 13:00:00,22.36,22.95,22.23,22.84,150813.821
2025-10-13 14:00:00,22.84,22.95,22.31,22.43,84248.758
2025-10-13 15:00:00,22.43,22.94,22.41,22.8,39966.125
2025-10-13 16:00:00,22.8,23.07,22.64,23.0,56869.625
2025-10-13 17:00:00,23.0,23.5,22.97,23.47,186450.976
2025-10-13 18:00:00,23.47,23.75,23.34,23.51,428787.978
2025-10-13 19:00:00,23.51,24.09,23.48,23.85,282765.763
2025-10-13 20:00:00,23.85,24.06,23.71,23.96,139661.231
2025-10-13 21:00:00,23.96,24.02,23.72,23.78,43797.965
2025-10-13 22:00:00,23.78,23.89,23.78,23.85,35229.619
2025-10-13 23:00:00,23.85,23.91,23.78,23.82,36984.292
2025-10-14 00:00:00,23.82,23.9,23.77,23.85,42256.767
2025-10-14 01:00:00,23.85,23.88,23.73,23.82,64581.298
2025-10-14 02:00:00,23.82,23.84,23.31,23.36,50402.794
2025-10-14 03:00:00,23.36,23.5,23.19,23.34,48220.951
2025-10-14 04:00:00,23.34,23.37,22.87,22.97,51815.382
2025-10-14 05:00:00,22.97,23.25,22.69,22.82,85187.872
2025-10-14 06:00:00,22.82,23.01,21.99,22.34,115040.652
2025-10-14 07:00:00,22.34,22.43,22.05,22.15,101820.496
2025-10-14 08:00:00,22.15,22.47,21.99,22.39,73716.484
2025-10-14 09:00:00,22.39,22.76,22.37,22.54,50846.617
2025-10-14 10:00:00,22.54,22.54,21.96,22.23,65560.745
2025-10-14 11:00:00,22.23,22.63,22.22,22.42,43831.107
2025-10-14 12:00:00,22.42,22.42,22.08,22.12,40168.076
2025-10-14 13:00:00,22.12,22.36,21.81,22.18,79849.665
2025-10-14 14:00:00,22.18,22.59,22.06,22.28,85156.254
2025-10-14 15:00:00,22.28,22.84,22.12,22.8,83013.877
2025-10-14 16:00:00,22.8,23.15,22.67,22.79,122605.801
2025-10-14 17:00:00,22.79,23.0,22.5,22.82,89927.767
2025-10-14 18:00:00,22.82,22.98,22.74,22.81,55457.389
2025-10-14 19:00:00,22.81,22.92,22.35,22.57,72141.642
2025-10-14 20:00:00,22.57,22.73,22.49,22.72,20118.249
2025-10-14 21:00:00,22.72,22.75,22.56,22.68,12848.785
2025-10-14 22:00:00,22.68,22.84,22.62,22.68,12276.266
2025-10-14 23:00:00,22.68,22.82,22.67,22.74,23195.032
2025-10-15 00:00:00,22.74,22.76,22.53,22.69,22634.557
2025-10-15 01:00:00,22.69,22.75,22.46,22.61,147604.814
2025-10-15 02:00:00,22.61,22.9,22.58,22.68,44616.094
2025-10-15 03:00:00,22.68,22.71,22.36,22.47,33371.404
2025-10-15 04:00:00,22.47,22.74,22.4,22.71,15439.942
2025-10-15 05:00:00,22.71,22.85,22.66,22.73,42360.256
2025-10-15 06:00:00,22.73,22.87,22.54,22.82,30580.109
2025-10-15 07:00:00,22.82,22.99,22.75,22.98,23046.136
2025-10-15 08:00:00,22.98,23.28,22.93,23.05,89528.313
2025-10-15 09:00:00,23.05,23.07,22.78,22.83,32965.056
2025-10-15 10:00:00,22.83,22.88,22.57,22.62,24699.887
2025-10-15 11:00:00,22.62,22.68,22.41,22.56,22820.043
2025-10-15 12:00:00,22.56,22.58,22.24,22.33,125698.578
2025-10-15 13:00:00,22.33,22.45,21.85,22.24,167914.782
2025-10-15 14:00:00,22.24,22.52,21.94,22.07,40277.877
2025-10-15 15:00:00,22.07,22.2,21.76,21.93,52097.252
2025-10-15 16:00:00,21.93,22.0,21.8,21.87,53743.541
2025-10-15 17:00:00,21.87,21.97,21.61,21.97,36666.386
2025-10-15 18:00:00,21.97,22.09,21.86,22.08,12593.011
2025-10-15 19:00:00,22.08,22.15,21.9,21.99,17745.373
2025-10-15 20:00:00,21.99,22.1,21.57,21.9,32248.682
2025-10-15 21:00:00,21.9,22.08,21.7,21.82,25389.196
2025-10-15 22:00:00,21.82,22.01,21.74,21.8,18251.851
2025-10-15 23:00:00,21.8,21.98,21.78,21.89,18076.989
2025-10-16 00:00:00,21.89,21.97,21.8,21.8,14366.026
2025-10-16 01:00:00,21.8,22.12,21.79,22.06,11212.764
2025-10-16 02:00:00,22.06,22.14,21.9,22.08,13042.429
2025-10-16 03:00:00,22.08,22.11,21.91,21.92,9291.309
2025-10-16 04:00:00,21.92,22.09,21.85,21.86,10869.995
2025-10-16 05:00:00,21.86,22.02,21.71,21.83,25412.282
2025-10-16 06:00:00,21.83,22.09,21.82,22.07,13539.185
2025-10-16 07:00:00,22.07,22.07,21.77,21.87,21395.222
2025-10-16 08:00:00,21.87,21.9,21.68,21.78,18735.744
2025-10-16 09:00:00,21.78,22.08,21.02,21.99,148526.923
2025-10-16 10:00:00,21.99,22.32,21.99,22.19,28649.917
2025-10-16 11:00:00,22.19,22.26,22.06,22.26,21448.187
2025-10-16 12:00:00,22.26,22.39,22.13,22.13,25733.255
2025-10-16 13:00:00,22.13,22.22,21.93,21.98,22299.641
2025-10-16 14:00:00,21.98,22.11,21.67,21.83,35394.988
2025-10-16 15:00:00,21.83,21.88,21.05,21.15,52118.241
2025-10-16 16:00:00,21.15,21.51,20.85,21.5,74299.251
2025-10-16 17:00:00,21.5,21.5,21.11,21.16,27523.838
2025-10-16 18:00:00,21.16,21.24,20.92,21.08,65379.897
2025-10-16 19:00:00,21.08,21.11,20.56,20.78,51268.696
2025-10-16 20:00:00,20.78,20.89,20.59,20.75,67084.231
2025-10-16 21:00:00,20.75,20.95,20.66,20.95,21510.838
2025-10-16 22:00:00,20.95,20.97,20.71,20.73,18496.995
2025-10-16 23:00:00,20.73,21.04,20.71,20.98,37079.631
2025-10-17 00:00:00,20.98,21.11,20.93,21.08,12782.666
2025-10-17 01:00:00,21.08,21.26,20.94,21.02,12626.634
2025-10-17 02:00:00,21.02,21.05,20.84,20.94,25429.646
2025-10-17 03:00:00,20.94,21.01,20.88,20.97,13018.349
2025-10-17 04:00:00,20.97,20.98,20.69,20.74,24129.834
2025-10-17 05:00:00,20.74,20.78,20.54,20.58,29662.68
2025-10-17 06:00:00,20.58,20.68,19.83,19.91,105409.898
2025-10-17 07:00:00,19.91,19.94,19.35,19.39,117789.448
2025-10-17 08:00:00,19.39,19.44,19.03,19.12,141659.226
2025-10-17 09:00:00,19.12,19.8,19.08,19.46,57262.751
2025-10-17 10:00:00,19.46,19.58,19.13,19.46,89170.958
2025-10-17 11:00:00,19.46,20.03,19.44,19.82,100714.074
2025-10-17 12:00:00,19.82,19.94,19.75,19.75,29854.577
2025-10-17 13:00:00,19.75,19.99,19.59,19.87,57142.203
2025-10-17 14:00:00,19.87,19.92,19.41,19.62,51887.694
2025-10-17 15:00:00,19.62,19.94,19.54,19.94,43764.903
2025-10-17 16:00:00,19.94,20.24,19.83,19.89,69111.429
2025-10-17 17:00:00,19.89,20.06,19.82,19.99,19017.621
2025-10-17 18:00:00,19.99,20.16,19.95,19.99,50563.466
2025-10-17 19:00:00,19.99,20.06,19.81,19.93,26935.39
2025-10-17 20:00:00,19.93,20.16,19.89,20.08,21342.07
2025-10-17 21:00:00,20.08,20.26,20.05,20.2,32949.091
2025-10-17 22:00:00,20.2,20.31,20.0,20.07,51209.932
2025-10-17 23:00:00,20.07,20.08,19.9,19.96,7524.22
2025-10-18 00:00:00,19.96,20.07,19.9,20.0,13308.167
2025-10-18 01:00:00,20.0,20.17,19.99,20.17,16257.396
2025-10-18 02:00:00,20.17,20.21,19.98,20.01,16421.842
2025-10-18 03:00:00,20.01,20.11,19.99,20.04,11434.732
2025-10-18 04:00:00,20.04,20.05,19.87,19.88,17008.56
2025-10-18 05:00:00,19.88,20.12,19.88,20.08,36081.04
2025-10-18 06:00:00,20.08,20.21,20.05,20.13,30924.006
2025-10-18 07:00:00,20.13,20.42,20.13,20.17,70335.469
2025-10-18 08:00:00,20.17,20.26,20.16,20.18,15900.215
2025-10-18 09:00:00,20.18,20.36,20.16,20.31,20413.966
2025-10-18 10:00:00,20.31,20.32,20.11,20.17,24597.845
2025-10-18 11:00:00,20.17,20.24,20.13,20.21,28293.234
2025-10-18 12:00:00,20.21,20.32,20.11,20.13,16571.958
2025-10-18 13:00:00,20.13,20.13,19.93,19.93,19644.994
2025-10-18 14:00:00,19.93,20.09,19.863,20.05,14141.839
2025-10-18 15:00:00,20.05,20.08,19.93,20.04,8679.881
2025-10-18 16:00:00,20.04,20.04,19.83,19.95,18565.137
2025-10-18 17:00:00,19.95,20.19,19.91,20.16,33414.233
2025-10-18 18:00:00,20.16,20.2,20.1,20.1,17451.207
2025-10-18 19:00:00,20.1,20.18,20.07,20.17,7367.035
2025-10-18 20:00:00,20.17,20.28,20.17,20.17,16181.275
2025-10-18 21:00:00,20.17,20.27,20.1,20.25,9725.498
2025-10-18 22:00:00,20.25,20.28,20.18,20.2,5181.178
2025-10-18 23:00:00,20.2,20.21,20.15,20.21,3677.889
2025-10-19 00:00:00,20.21,20.22,20.03,20.07,9179.775
2025-10-19 01:00:00,20.07,20.13,20.0,20.12,6101.706
2025-10-19 02:00:00,20.12,20.19,20.08,20.13,6488.689
2025-10-19 03:00:00,20.13,20.29,20.11,20.27,10715.34
2025-10-19 04:00:00,20.27,20.29,20.21,20.24,9981.325
2025-10-19 05:00:00,20.24,20.28,20.14,20.17,7958.643
2025-10-19 06:00:00,20.17,20.21,19.92,19.97,234185.007
2025-10-19 07:00:00,19.97,20.04,19.85,19.95,279623.281
2025-10-19 08:00:00,19.95,20.17,19.81,19.89,109386.22
2025-10-19 09:00:00,19.89,20.28,19.75,20.16,75314.709
2025-10-19 10:00:00,20.16,20.53,20.09,20.44,35246.816
2025-10-19 11:00:00,20.44,20.61,20.36,20.4,44008.989
2025-10-19 12:00:00,20.4,20.46,20.31,20.45,14643.566
2025-10-19 13:00:00,20.45,20.78,20.41,20.73,38321.901
2025-10-19 14:00:00,20.73,20.83,20.61,20.76,53634.869
2025-10-19 15:00:00,20.76,20.79,20.65,20.73,19978.668
2025-10-19 16:00:00,20.73,20.74,20.55,20.65,21853.17
2025-10-19 17:00:00,20.65,20.84,20.63,20.69,44537.924
2025-10-19 18:00:00,20.69,20.8,20.69,20.78,34802.291
2025-10-19 19:00:00,20.78,20.8,20.68,20.72,22451.082
2025-10-19 20:00:00,20.72,20.8,20.67,20.8,17917.456
2025-10-19 21:00:00,20.8,20.81,20.62,20.67,10486.941
2025-10-19 22:00:00,20.67,20.8,20.67,20.74,14035.775
2025-10-19 23:00:00,20.74,20.74,20.57,20.59,22480.868
2025-10-20 00:00:00,20.59,20.6,20.17,20.39,57556.152
2025-10-20 01:00:00,20.39,20.45,20.3,20.34,12386.243
2025-10-20 02:00:00,20.34,20.51,20.2,20.45,18017.062
2025-10-20 03:00:00,20.45,21.07,20.39,21.01,53680.83
2025-10-20 04:00:00,21.01,21.09,20.97,21.04,55279.865
2025-10-20 05:00:00,21.04,21.06,20.85,20.95,38037.596
2025-10-20 06:00:00,20.95,21.2,20.91,21.06,65206.836
2025-10-20 07:00:00,21.06,21.08,20.87,20.91,27938.215
2025-10-20 08:00:00,20.91,20.95,20.78,20.81,18900.722
2025-10-20 09:00:00,20.81,20.81,20.71,20.78,17907.189
2025-10-20 10:00:00,20.78,20.88,20.67,20.72,23513.373
2025-10-20 11:00:00,20.72,20.78,20.62,20.77,24153.259
2025-10-20 12:00:00,20.77,20.78,20.63,20.68,21290.102
2025-10-20 13:00:00,20.68,20.81,20.55,20.78,29618.694
2025-10-20 14:00:00,20.78,20.8,20.56,20.73,28650.898
2025-10-20 15:00:00,20.73,20.87,20.62,20.63,29036.953
2025-10-20 16:00:00,20.63,20.63,20.23,20.35,91888.4
2025-10-20 17:00:00,20.35,20.51,20.24,20.37,39836.97
2025-10-20 18:00:00,20.37,20.46,20.3,20.45,14116.406
2025-10-20 19:00:00,20.45,20.6,20.35,20.54,10486.689
2025-10-20 20:00:00,20.54,20.57,20.47,20.55,16129.807
2025-10-20 21:00:00,20.55,20.62,20.38,20.39,15984.953
2025-10-20 22:00:00,20.39,20.45,20.34,20.42,9084.884
2025-10-20 23:00:00,20.42,20.44,20.33,20.35,9789.456
2025-10-21 00:00:00,20.35,20.37,20.27,20.29,12949.979
2025-10-21 01:00:00,20.29,20.3,20.06,20.11,25880.706
2025-10-21 02:00:00,20.11,20.11,19.94,19.94,13806.253
2025-10-21 03:00:00,19.94,19.99,19.82,19.86,9864.263
2025-10-21 04:00:00,19.86,19.86,19.47,19.52,35786.056
2025-10-21 05:00:00,19.52,19.62,19.47,19.49,22749.763
2025-10-21 06:00:00,19.49,19.68,19.48,19.66,13322.063
2025-10-21 07:00:00,19.66,19.78,19.59,19.78,4399.571
2025-10-21 08:00:00,19.78,19.78,19.61,19.76,10614.057
2025-10-21 09:00:00,19.76,19.86,19.72,19.8,10753.696
2025-10-21 10:00:00,19.8,20.0,19.73,19.93,14560.43
2025-10-21 11:00:00,19.93,20.03,19.88,19.99,10249.919
2025-10-21 12:00:00,19.99,20.18,19.95,20.02,14878.356
2025-10-21 13:00:00,20.02,20.05,19.82,19.87,27616.213
2025-10-21 14:00:00,19.87,20.57,19.87,20.56,64350.49
2025-10-21 15:00:00,20.56,20.84,20.46,20.76,88124.12
2025-10-21 16:00:00,20.76,20.85,20.35,20.41,59729.005
2025-10-21 17:00:00,20.41,20.51,20.23,20.44,34520.215
2025-10-21 18:00:00,20.44,20.51,20.33,20.47,13026.355
2025-10-21 19:00:00,20.47,20.54,20.4,20.4,16428.338
2025-10-21 20:00:00,20.4,20.43,20.11,20.14,20810.326
2025-10-21 21:00:00,20.14,20.2,19.86,20.09,20621.737
2025-10-21 22:00:00,20.09,20.1,19.73,19.78,37996.741
2025-10-21 23:00:00,19.78,19.82,19.49,19.54,19434.233
2025-10-22 00:00:00,19.54,19.65,19.38,19.38,27536.197
2025-10-22 01:00:00,19.38,19.58,19.35,19.54,17187.24
2025-10-22 02:00:00,19.54,19.61,19.46,19.46,11960.958
2025-10-22 03:00:00,19.46,19.47,19.35,19.45,8749.823
2025-10-22 04:00:00,19.45,19.61,19.45,19.61,7570.582
2025-10-22 05:00:00,19.61,19.65,19.3,19.45,34117.619
2025-10-22 06:00:00,19.45,19.51,19.41,19.42,10907.944
2025-10-22 07:00:00,19.42,19.6,19.35,19.57,17840.402
2025-10-22 08:00:00,19.57,19.69,19.48,19.6,19389.459
2025-10-22 09:00:00,19.6,19.63,19.38,19.44,14042.023
2025-10-22 10:00:00,19.44,19.5,19.36,19.4,20044.464
2025-10-22 11:00:00,19.4,19.63,19.11,19.58,52287.38
2025-10-22 12:00:00,19.58,19.69,19.5,19.52,19374.279
2025-10-22 13:00:00,19.52,19.69,19.41,19.65,27079.804
2025-10-22 14:00:00,19.65,19.66,19.26,19.63,74353.917
2025-10-22 15:00:00,19.63,19.72,19.37,19.54,40411.718
2025-10-22 16:00:00,19.54,19.59,19.33,19.45,57730.066
2025-10-22 17:00:00,19.45,19.51,19.25,19.29,16825.172
2025-10-22 18:00:00,19.29,19.36,19.18,19.21,13354.124
2025-10-22 19:00:00,19.21,19.41,18.83,19.07,45758.147
2025-10-22 20:00:00,19.07,19.12,18.87,18.93,21312.654
2025-10-22 21:00:00,18.93,18.94,18.42,18.69,88171.433
2025-10-22 22:00:00,18.69,18.83,18.65,18.76,15977.9
2025-10-22 23:00:00,18.76,19.06,18.76,19.02,33431.2
2025-10-23 00:00:00,19.02,19.1,18.98,19.05,20398.115
2025-10-23 01:00:00,19.05,19.15,19.04,19.09,12144.862
2025-10-23 02:00:00,19.09,19.21,19.09,19.11,24520.763
2025-10-23 03:00:00,19.11,19.17,19.08,19.11,8623.046
2025-10-23 04:00:00,19.11,19.24,19.09,19.2,9424.857
2025-10-23 05:00:00,19.2,19.33,19.2,19.33,12598.3
2025-10-23 06:00:00,19.33,19.58,19.3,19.56,24598.837
2025-10-23 07:00:00,19.56,19.57,19.45,19.55,16358.203
2025-10-23 08:00:00,19.55,19.61,19.51,19.53,21535.769
2025-10-23 09:00:00,19.53,19.55,19.48,19.55,11693.831
2025-10-23 10:00:00,19.55,19.6,19.52,19.53,18746.782
2025-10-23 11:00:00,19.53,19.53,19.4,19.42,20399.318
2025-10-23 12:00:00,19.42,19.42,19.27,19.38,34563.29
2025-10-23 13:00:00,19.38,19.48,19.25,19.43,28816.476
2025-10-23 14:00:00,19.43,19.49,19.27,19.42,21046.599
2025-10-23 15:00:00,19.42,19.62,19.39,19.55,22040.869
2025-10-23 16:00:00,19.55,19.74,19.53,19.7,22109.939
2025-10-23 17:00:00,19.7,19.73,19.54,19.68,30176.434
2025-10-23 18:00:00,19.68,19.7,19.48,19.51,15684.428
2025-10-23 19:00:00,19.51,19.53,19.37,19.38,20743.331
2025-10-23 20:00:00,19.38,19.38,19.09,19.15,34513.788
2025-10-23 21:00:00,19.15,19.21,19.09,19.11,22415.752
2025-10-23 22:00:00,19.11,19.18,19.06,19.06,26505.387
2025-10-23 23:00:00,19.06,19.15,18.99,19.14,25184.259
2025-10-24 00:00:00,19.14,19.28,19.02,19.22,32368.606
2025-10-24 01:00:00,19.22,19.27,19.07,19.21,15132.054
2025-10-24 02:00:00,19.21,19.23,19.11,19.19,9346.726
2025-10-24 03:00:00,19.19,19.23,19.13,19.22,9703.172
2025-10-24 04:00:00,19.22,19.63,19.18,19.55,22231.434
2025-10-24 05:00:00,19.55,19.65,19.52,19.61,37896.798
2025-10-24 06:00:00,19.61,19.63,19.56,19.62,20315.995
2025-10-24 07:00:00,19.62,19.63,19.41,19.5,10008.223
2025-10-24 08:00:00,19.5,19.68,19.42,19.61,24605.947
2025-10-24 09:00:00,19.61,19.62,19.54,19.56,18720.038
2025-10-24 10:00:00,19.56,19.58,19.5,19.5,3322.568
2025-10-24 11:00:00,19.5,19.52,19.37,19.5,17973.267
2025-10-24 12:00:00,19.5,19.96,19.49,19.62,108375.532
2025-10-24 13:00:00,19.62,19.67,19.49,19.63,32668.516
2025-10-24 14:00:00,19.63,19.64,19.26,19.32,26483.895
2025-10-24 15:00:00,19.32,19.46,19.23,19.26,19302.152
2025-10-24 16:00:00,19.26,19.36,19.13,19.21,16308.929
2025-10-24 17:00:00,19.21,19.34,19.2,19.26,15775.409
2025-10-24 18:00:00,19.26,19.39,19.23,19.39,7573.066
2025-10-24 19:00:00,19.39,19.57,19.39,19.52,19623.628
2025-10-24 20:00:00,19.52,19.64,19.5,19.58,13018.232
2025-10-24 21:00:00,19.58,19.63,19.54,19.6,9505.196
2025-10-24 22:00:00,19.6,19.63,19.54,19.56,3914.735
2025-10-24 23:00:00,19.56,19.56,19.47,19.5,7851.919
2025-10-25 00:00:00,19.5,19.52,19.38,19.42,16511.995
2025-10-25 01:00:00,19.42,19.52,19.37,19.45,6512.51
2025-10-25 02:00:00,19.45,19.46,19.38,19.4,2861.842
2025-10-25 03:00:00,19.4,19.41,19.32,19.34,2725.787
2025-10-25 04:00:00,19.34,19.41,19.32,19.34,7569.081
2025-10-25 05:00:00,19.34,19.37,19.31,19.36,4931.324
2025-10-25 06:00:00,19.36,19.39,19.29,19.31,9922.903
2025-10-25 07:00:00,19.31,19.46,19.31,19.36,10121.289
2025-10-25 08:00:00,19.36,19.47,19.34,19.44,18715.902
2025-10-25 09:00:00,19.44,19.46,19.32,19.34,14126.374
2025-10-25 10:00:00,19.34,19.35,19.25,19.31,5418.213
2025-10-25 11:00:00,19.31,19.37,19.27,19.34,2815.343
2025-10-25 12:00:00,19.34,19.564,19.32,19.55,15068.214
2025-10-25 13:00:00,19.55,19.55,19.47,19.51,21835.396
2025-10-25 14:00:00,19.51,19.56,19.48,19.55,9345.97
2025-10-25 15:00:00,19.55,19.56,19.49,19.53,7374.106
2025-10-25 16:00:00,19.53,19.55,19.46,19.5,5229.426
2025-10-25 17:00:00,19.5,19.55,19.47,19.53,3964.633
2025-10-25 18:00:00,19.53,19.72,19.51,19.71,32273.356
2025-10-25 19:00:00,19.71,19.84,19.69,19.74,50448.682
2025-10-25 20:00:00,19.74,19.77,19.67,19.67,14435.855
2025-10-25 21:00:00,19.67,19.71,19.65,19.69,19925.775
2025-10-25 22:00:00,19.69,19.77,19.66,19.76,15857.763
2025-10-25 23:00:00,19.76,19.76,19.7,19.72,6629.68
2025-10-26 00:00:00,19.72,19.8,19.64,19.68,21129.367
2025-10-26 01:00:00,19.68,19.69,19.45,19.52,20194.732
2025-10-26 02:00:00,19.52,19.54,19.37,19.43,17279.249
2025-10-26 03:00:00,19.43,19.43,19.35,19.39,9160.74
2025-10-26 04:00:00,19.39,19.53,19.37,19.48,9109.991
2025-10-26 05:00:00,19.48,19.68,19.46,19.67,9172.41
2025-10-26 06:00:00,19.67,19.69,19.61,19.66,20663.482
2025-10-26 07:00:00,19.66,19.73,19.63,19.71,15157.22
2025-10-26 08:00:00,19.71,20.12,19.71,20.02,336886.826
2025-10-26 09:00:00,20.02,20.15,19.93,20.08,45678.616
2025-10-26 10:00:00,20.08,20.11,19.98,20.0,21803.69
2025-10-26 11:00:00,20.0,20.42,19.91,20.39,85090.035
2025-10-26 12:00:00,20.39,20.44,20.27,20.34,49540.279
2025-10-26 13:00:00,20.34,20.69,20.34,20.59,117324.407
2025-10-26 14:00:00,20.59,20.63,20.42,20.46,29524.182
2025-10-26 15:00:00,20.46,20.47,20.28,20.41,40903.899
2025-10-26 16:00:00,20.41,20.41,20.25,20.29,24967.113
2025-10-26 17:00:00,20.29,20.32,20.23,20.27,8434.132
2025-10-26 18:00:00,20.27,20.32,20.24,20.26,11178.035
2025-10-26 19:00:00,20.26,20.32,20.21,20.32,9668.149
2025-10-26 20:00:00,20.32,20.32,20.14,20.19,15274.944
2025-10-26 21:00:00,20.19,20.3,20.1,20.26,12573.357
2025-10-26 22:00:00,20.26,20.78,20.26,20.72,81142.361
2025-10-26 23:00:00,20.72,20.96,20.7,20.82,58243.756
2025-10-27 00:00:00,20.82,20.98,20.79,20.8,25886.071
2025-10-27 01:00:00,20.8,20.98,20.74,20.97,22943.488
2025-10-27 02:00:00,20.97,21.05,20.83,20.92,17300.517
2025-10-27 03:00:00,20.92,20.97,20.77,20.81,15545.217
2025-10-27 04:00:00,20.81,21.0,20.77,20.98,8878.335
2025-10-27 05:00:00,20.98,21.1,20.95,20.95,24340.271
2025-10-27 06:00:00,20.95,21.02,20.84,20.98,25189.934
2025-10-27 07:00:00,20.98,21.06,20.69,20.82,56727.31
2025-10-27 08:00:00,20.82,20.91,20.62,20.65,33863.556
2025-10-27 09:00:00,20.65,20.66,20.46,20.54,26164.821
2025-10-27 10:00:00,20.54,20.63,20.44,20.56,11672.488
2025-10-27 11:00:00,20.56,20.66,20.42,20.55,12782.081
2025-10-27 12:00:00,20.55,20.57,20.37,20.38,11034.898
2025-10-27 13:00:00,20.38,20.56,20.24,20.5,46442.537
2025-10-27 14:00:00,20.5,20.52,20.29,20.36,23016.808
2025-10-27 15:00:00,20.36,20.5,20.36,20.45,15802.585
2025-10-27 16:00:00,20.45,20.75,20.45,20.72,16577.398
2025-10-27 17:00:00,20.72,20.74,20.62,20.67,12805.686
2025-10-27 18:00:00,20.67,20.8,20.61,20.66,10841.114
2025-10-27 19:00:00,20.66,20.68,20.56,20.59,16278.708
2025-10-27 20:00:00,20.59,20.64,20.47,20.48,45401.496
2025-10-27 21:00:00,20.48,20.56,20.37,20.47,18955.724
2025-10-27 22:00:00,20.47,20.55,20.3,20.33,16501.338
2025-10-27 23:00:00,20.33,20.35,20.18,20.33,14832.59
2025-10-28 00:00:00,20.33,20.42,20.26,20.32,10621.984
2025-10-28 01:00:00,20.32,20.47,20.32,20.43,6302.297
2025-10-28 02:00:00,20.43,20.47,20.2,20.31,7695.505
2025-10-28 03:00:00,20.31,20.38,20.16,20.23,19276.614
2025-10-28 04:00:00,20.23,20.44,20.16,20.39,8108.095
2025-10-28 05:00:00,20.39,20.45,19.98,20.01,44364.494
2025-10-28 06:00:00,20.01,20.4,20.0,20.38,31075.868
2025-10-28 07:00:00,20.38,20.49,20.28,20.3,14258.468
2025-10-28 08:00:00,20.3,20.52,20.26,20.46,9366.046
2025-10-28 09:00:00,20.46,20.48,20.26,20.33,7886.69
2025-10-28 10:00:00,20.33,20.33,20.21,20.29,5430.23
2025-10-28 11:00:00,20.29,20.35,20.16,20.2,14946.276
2025-10-28 12:00:00,20.2,20.47,20.16,20.32,38694.576
2025-10-28 13:00:00,20.32,20.44,20.29,20.37,28599.041
2025-10-28 14:00:00,20.37,20.49,19.76,20.09,63807.848
2025-10-28 15:00:00,20.09,20.18,19.93,20.01,31759.733
2025-10-28 16:00:00,20.01,20.19,19.92,20.12,34428.652
2025-10-28 17:00:00,20.12,20.16,20.05,20.09,10935.838
2025-10-28 18:00:00,20.09,20.11,19.92,19.98,11188.043
2025-10-28 19:00:00,19.98,20.01,19.56,19.64,33761.639
2025-10-28 20:00:00,19.64,19.64,19.23,19.35,66526.263
2025-10-28 21:00:00,19.35,19.5,19.15,19.4,39558.049
2025-10-28 22:00:00,19.4,19.57,19.34,19.54,13756.79
2025-10-28 23:00:00,19.54,19.55,19.46,19.48,7492.596
2025-10-29 00:00:00,19.48,19.54,19.37,19.39,99303.218
2025-10-29 01:00:00,19.39,19.53,19.36,19.43,59310.46
2025-10-29 02:00:00,19.43,19.55,19.41,19.51,15576.955
2025-10-29 03:00:00,19.51,19.52,19.41,19.45,63580.972
2025-10-29 04:00:00,19.45,19.53,19.44,19.48,24198.621
2025-10-29 05:00:00,19.48,19.61,19.47,19.53,14019.938
2025-10-29 06:00:00,19.53,19.57,19.49,19.54,11312.505
2025-10-29 07:00:00,19.54,19.64,19.5,19.61,17765.194
2025-10-29 08:00:00,19.61,19.61,19.48,19.51,9072.652
2025-10-29 09:00:00,19.51,19.54,19.43,19.48,9093.926
2025-10-29 10:00:00,19.48,19.74,19.47,19.63,10757.413
2025-10-29 11:00:00,19.63,19.76,19.61,19.73,4944.263
2025-10-29 12:00:00,19.73,19.75,19.66,19.69,7951.703
2025-10-29 13:00:00,19.69,19.85,19.65,19.67,47636.457
2025-10-29 14:00:00,19.67,19.68,19.48,19.58,91929.994
2025-10-29 15:00:00,19.58,19.63,19.35,19.43,37341.029
2025-10-29 16:00:00,19.43,19.58,19.33,19.52,16902.428
2025-10-29 17:00:00,19.52,20.05,19.52,20.05,29921.073
2025-10-29 18:00:00,20.05,20.2,19.3,19.9,279284.806
2025-10-29 19:00:00,19.9,20.16,19.75,19.93,28717.798
2025-10-29 20:00:00,19.93,20.17,19.84,20.08,35402.504
2025-10-29 21:00:00,20.08,20.14,19.98,20.03,13134.685
2025-10-29 22:00:00,20.03,20.05,19.93,19.96,13757.46
2025-10-29 23:00:00,19.96,19.98,19.56,19.66,22362.704
2025-10-30 00:00:00,19.66,19.75,19.51,19.74,8371.453
2025-10-30 01:00:00,19.74,19.84,19.61,19.76,11079.967
2025-10-30 02:00:00,19.76,19.95,19.71,19.95,6763.043
2025-10-30 03:00:00,19.95,19.96,19.77,19.84,6438.431
2025-10-30 04:00:00,19.84,19.84,19.06,19.3,57714.294
2025-10-30 05:00:00,19.3,19.71,19.19,19.66,29726.735
2025-10-30 06:00:00,19.66,19.75,19.52,19.67,14644.14
2025-10-30 07:00:00,19.67,19.89,19.61,19.83,20861.282
2025-10-30 08:00:00,19.83,19.89,19.63,19.64,20580.44
2025-10-30 09:00:00,19.64,19.64,19.41,19.44,12743.16
2025-10-30 10:00:00,19.44,19.49,19.24,19.26,14577.636
2025-10-30 11:00:00,19.26,19.34,19.21,19.24,16822.783
2025-10-30 12:00:00,19.24,19.25,18.69,18.77,93524.828
2025-10-30 13:00:00,18.77,18.85,18.41,18.48,68900.03
2025-10-30 14:00:00,18.48,18.64,18.36,18.46,65147.834
2025-10-30 15:00:00,18.46,18.5,18.15,18.23,101708.616
2025-10-30 16:00:00,18.23,18.33,18.13,18.24,80943.151
2025-10-30 17:00:00,18.24,18.24,17.85,18.12,98884.836
2025-10-30 18:00:00,18.12,18.14,17.84,17.9,29458.453
2025-10-30 19:00:00,17.9,17.94,17.53,17.59,112668.828
2025-10-30 20:00:00,17.59,17.95,17.54,17.95,46907.827
2025-10-30 21:00:00,17.95,18.03,17.83,18.0,17001.754
2025-10-30 22:00:00,18.0,18.1,17.96,18.1,10830.194
2025-10-30 23:00:00,18.1,18.15,17.98,18.12,38730.872
2025-10-31 00:00:00,18.12,18.31,18.05,18.25,34806.054
2025-10-31 01:00:00,18.25,18.4,18.21,18.39,26109.248
2025-10-31 02:00:00,18.39,18.39,18.12,18.22,12370.011
2025-10-31 03:00:00,18.22,18.31,18.15,18.27,9372.17
2025-10-31 04:00:00,18.27,18.48,18.26,18.44,22550.474
2025-10-31 05:00:00,18.44,18.44,18.32,18.35,10497.884
2025-10-31 06:00:00,18.35,18.42,18.29,18.41,15479.554
2025-10-31 07:00:00,18.41,18.47,18.23,18.26,38708.052
2025-10-31 08:00:00,18.26,18.36,18.21,18.34,33370.342
2025-10-31 09:00:00,18.34,18.37,18.21,18.23,11144.704
2025-10-31 10:00:00,18.23,18.32,18.22,18.28,15491.651
2025-10-31 11:00:00,18.28,18.54,18.21,18.51,35330.982
2025-10-31 12:00:00,18.51,18.59,18.36,18.36,34624.185
2025-10-31 13:00:00,18.36,18.51,18.3,18.45,43682.838
2025-10-31 14:00:00,18.45,18.52,18.27,18.49,39812.36
2025-10-31 15:00:00,18.49,18.53,18.26,18.28,142542.833
2025-10-31 16:00:00,18.28,18.3,17.9,17.93,52347.46
2025-10-31 17:00:00,17.93,17.99,17.79,17.87,26466.812
2025-10-31 18:00:00,17.87,18.1,17.83,18.0,48276.014
2025-10-31 19:00:00,18.0,18.38,17.89,18.28,30155.026
2025-10-31 20:00:00,18.28,18.28,18.08,18.1,18247.504
2025-10-31 21:00:00,18.1,18.18,18.05,18.13,12254.604
2025-10-31 22:00:00,18.13,18.26,18.12,18.2,9585.553
2025-10-31 23:00:00,18.2,18.24,18.18,18.2,9297.776
2025-11-01 00:00:00,18.2,18.21,18.08,18.19,11274.222
2025-11-01 01:00:00,18.19,18.31,18.18,18.25,8098.075
2025-11-01 02:00:00,18.25,18.35,18.17,18.35,9624.5
2025-11-01 03:00:00,18.35,18.46,18.34,18.43,16076.687
2025-11-01 04:00:00,18.43,18.47,18.36,18.42,14069.157
2025-11-01 05:00:00,18.42,18.45,18.33,18.34,8983.058
2025-11-01 06:00:00,18.34,18.4,18.3,18.37,11505.189
2025-11-01 07:00:00,18.37,18.53,18.34,18.51,28893.538
2025-11-01 08:00:00,18.51,18.57,18.47,18.55,16634.893
2025-11-01 09:00:00,18.55,18.67,18.52,18.57,34887.662
2025-11-01 10:00:00,18.57,18.7,18.52,18.64,24951.189
2025-11-01 11:00:00,18.64,18.72,18.58,18.68,21110.632
2025-11-01 12:00:00,18.68,18.72,18.64,18.7,11233.636
2025-11-01 13:00:00,18.7,18.75,18.53,18.6,18964.834
2025-11-01 14:00:00,18.6,18.64,18.42,18.5,16667.162
2025-11-01 15:00:00,18.5,18.65,18.49,18.64,21390.597
2025-11-01 16:00:00,18.64,18.75,18.6,18.68,17296.114
2025-11-01 17:00:00,18.68,18.7,18.56,18.58,18105.985
2025-11-01 18:00:00,18.58,18.66,18.57,18.66,11342.765
2025-11-01 19:00:00,18.66,18.66,18.6,18.66,13928.432
2025-11-01 20:00:00,18.66,18.74,18.65,18.69,14328.173
2025-11-01 21:00:00,18.69,18.71,18.51,18.52,14654.316
2025-11-01 22:00:00,18.52,18.62,18.51,18.62,9698.312
2025-11-01 23:00:00,18.62,18.74,18.58,18.73,12615.826
2025-11-02 00:00:00,18.73,18.75,18.65,18.7,10600.66
2025-11-02 01:00:00,18.7,18.74,18.64,18.69,10266.686
2025-11-02 02:00:00,18.69,18.82,18.66,18.73,10884.933
2025-11-02 03:00:00,18.73,18.75,18.63,18.7,7932.868
2025-11-02 04:00:00,18.7,18.91,18.67,18.9,13831.247
2025-11-02 05:00:00,18.9,18.912,18.76,18.88,8895.841
2025-11-02 06:00:00,18.88,18.98,18.82,18.95,10606.395
2025-11-02 07:00:00,18.95,19.01,18.85,18.96,7998.153
2025-11-02 08:00:00,18.96,19.0,18.83,18.84,11834.4
2025-11-02 09:00:00,18.84,18.96,18.75,18.77,17074.707
2025-11-02 10:00:00,18.77,18.79,18.6,18.67,18243.689
2025-11-02 11:00:00,18.67,18.85,18.66,18.84,15381.915
2025-11-02 12:00:00,18.84,18.85,18.71,18.74,11168.118
2025-11-02 13:00:00,18.74,18.76,18.5,18.54,13545.997
2025-11-02 14:00:00,18.54,18.57,18.21,18.28,27080.64
2025-11-02 15:00:00,18.28,18.4,18.19,18.28,12482.576
2025-11-02 16:00:00,18.28,18.32,18.09,18.31,21966.702
2025-11-02 17:00:00,18.31,18.32,18.21,18.28,6200.279
2025-11-02 18:00:00,18.28,18.29,18.2,18.23,4993.273
2025-11-02 19:00:00,18.23,18.25,18.1,18.17,6382.527
2025-11-02 20:00:00,18.17,18.28,18.11,18.27,16051.844
2025-11-02 21:00:00,18.27,18.34,18.23,18.31,11372.74
2025-11-02 22:00:00,18.31,18.38,18.25,18.35,14221.981
2025-11-02 23:00:00,18.35,18.9,18.35,18.82,34691.128
2025-11-03 00:00:00,18.82,18.92,18.58,18.58,14702.856
2025-11-03 01:00:00,18.58,18.61,18.25,18.28,17857.67
2025-11-03 02:00:00,18.28,18.29,18.01,18.13,27121.274
2025-11-03 03:00:00,18.13,18.16,17.51,17.54,48596.141
2025-11-03 04:00:00,17.54,17.63,17.38,17.63,38913.337
2025-11-03 05:00:00,17.63,17.77,17.43,17.46,38446.485
2025-11-03 06:00:00,17.46,17.51,17.16,17.4,56579.003
2025-11-03 07:00:00,17.4,17.6,17.31,17.49,37082.491
2025-11-03 08:00:00,17.49,17.53,17.32,17.47,20670.533
2025-11-03 09:00:00,17.47,17.64,17.34,17.35,16491.557
2025-11-03 10:00:00,17.35,17.43,17.2,17.26,18589.682
2025-11-03 11:00:00,17.26,17.58,17.26,17.48,23372.764
2025-11-03 12:00:00,17.48,17.67,17.45,17.48,33652.034
2025-11-03 13:00:00,17.48,17.57,17.41,17.46,30532.721
2025-11-03 14:00:00,17.46,17.69,17.36,17.51,32083.757
2025-11-03 15:00:00,17.51,17.53,15.9,16.36,319069.79
2025-11-03 16:00:00,16.36,16.84,16.29,16.75,52664.235
2025-11-03 17:00:00,16.75,17.1,16.72,17.02,53543.011
2025-11-03 18:00:00,17.02,17.05,16.89,16.91,42884.361
2025-11-03 19:00:00,16.91,16.93,16.75,16.78,25386.476
2025-11-03 20:00:00,16.78,16.82,16.42,16.52,26976.632
2025-11-03 21:00:00,16.52,16.79,16.42,16.77,30452.72
2025-11-03 22:00:00,16.77,16.78,16.5,16.61,21292.234
2025-11-03 23:00:00,16.61,16.73,16.48,16.66,14697.617
2025-11-04 00:00:00,16.66,16.88,16.48,16.76,26641.652
2025-11-04 01:00:00,16.76,16.97,16.7,16.86,16445.762
2025-11-04 02:00:00,16.86,16.94,16.79,16.85,13969.686
2025-11-04 03:00:00,16.85,16.99,16.8,16.92,12253.652
2025-11-04 04:00:00,16.92,17.0,16.77,16.77,10477.071
2025-11-04 05:00:00,16.77,16.78,15.97,15.99,134893.8
2025-11-04 06:00:00,15.99,16.61,15.97,16.33,53118.915
2025-11-04 07:00:00,16.33,16.34,16.04,16.16,43955.995
2025-11-04 08:00:00,16.16,16.58,16.09,16.4,43765.003
2025-11-04 09:00:00,16.4,16.65,16.38,16.63,21894.206
2025-11-04 10:00:00,16.63,16.7,16.55,16.64,26488.498
2025-11-04 11:00:00,16.64,16.8,16.62,16.72,19135.808
2025-11-04 12:00:00,16.72,16.73,16.45,16.55,26272.797
2025-11-04 13:00:00,16.55,16.57,16.39,16.43,26143.923
2025-11-04 14:00:00,16.43,16.85,16.32,16.76,42480.905
2025-11-04 15:00:00,16.76,16.85,16.39,16.42,37973.273
2025-11-04 16:00:00,16.42,16.48,15.96,15.98,41532.364
2025-11-04 17:00:00,15.98,16.04,15.55,15.89,63203.969
2025-11-04 18:00:00,15.89,15.89,15.32,15.85,66218.539
2025-11-04 19:00:00,15.85,15.97,15.58,15.59,35008.911
2025-11-04 20:00:00,15.59,15.82,15.0,15.66,138300.569
2025-11-04 21:00:00,15.66,15.73,15.05,15.67,127330.491
2025-11-04 22:00:00,15.67,16.18,15.6,16.14,69183.825
2025-11-04 23:00:00,16.14,16.2,15.98,15.98,38339.99
2025-11-05 00:00:00,15.98,16.07,15.72,15.84,43398.681
2025-11-05 01:00:00,15.84,15.87,15.29,15.78,69839.353
2025-11-05 02:00:00,15.78,16.38,15.78,16.34,64836.125
2025-11-05 03:00:00,16.34,16.48,16.26,16.43,44579.691
2025-11-05 04:00:00,16.43,16.58,16.33,16.47,22961.055
2025-11-05 05:00:00,16.47,16.61,16.46,16.53,39554.899
2025-11-05 06:00:00,16.53,16.53,16.41,16.53,24537.266
2025-11-05 07:00:00,16.53,16.63,16.38,16.54,29151.57
2025-11-05 08:00:00,16.54,16.54,16.25,16.36,24945.011
2025-11-05 09:00:00,16.36,16.49,16.33,16.44,17112.713
2025-11-05 10:00:00,16.44,16.45,16.23,16.24,21000.636
2025-11-05 11:00:00,16.24,16.6,16.24,16.57,29552.434
2025-11-05 12:00:00,16.57,16.75,16.48,16.69,26371.489
2025-11-05 13:00:00,16.69,16.81,16.61,16.72,27268.796
2025-11-05 14:00:00,16.72,16.78,16.48,16.65,36563.569
2025-11-05 15:00:00,16.65,16.77,16.6,16.76,33280.689
2025-11-05 16:00:00,16.76,16.89,16.58,16.88,37578.062
2025-11-05 17:00:00,16.88,16.98,16.81,16.93,25208.068
2025-11-05 18:00:00,16.93,17.0,16.83,16.94,25634.027
2025-11-05 19:00:00,16.94,16.94,16.76,16.78,20589.355
2025-11-05 20:00:00,16.78,16.85,16.63,16.68,32258.489
2025-11-05 21:00:00,16.68,16.68,16.56,16.63,27235.9
2025-11-05 22:00:00,16.63,16.71,16.57,16.7,14827.948
2025-11-05 23:00:00,16.7,16.78,16.6,16.61,38201.276
2025-11-06 00:00:00,16.61,16.65,16.53,16.62,12322.9
2025-11-06 01:00:00,16.62,16.62,16.38,16.55,17373.885
2025-11-06 02:00:00,16.55,16.69,16.38,16.62,24336.935
2025-11-06 03:00:00,16.62,16.69,16.6,16.64,14615.676
2025-11-06 04:00:00,16.64,16.73,16.61,16.68,8413.214
2025-11-06 05:00:00,16.68,16.68,16.32,16.35,15385.303
2025-11-06 06:00:00,16.35,16.43,16.31,16.31,12292.487
2025-11-06 07:00:00,16.31,16.38,16.22,16.29,13849.083
2025-11-06 08:00:00,16.29,16.33,16.21,16.27,12055.407
2025-11-06 09:00:00,16.27,16.36,16.22,16.28,9810.822
2025-11-06 10:00:00,16.28,16.43,16.24,16.38,26670.837
2025-11-06 11:00:00,16.38,16.38,16.24,16.29,27266.482
2025-11-06 12:00:00,16.29,16.3,16.08,16.11,21705.919
2025-11-06 13:00:00,16.11,16.42,16.1,16.34,36414.49
2025-11-06 14:00:00,16.34,16.38,16.03,16.05,35869.193
2025-11-06 15:00:00,16.05,16.18,15.79,15.84,46719.336
2025-11-06 16:00:00,15.84,15.95,15.6,15.8,36736.792
2025-11-06 17:00:00,15.8,15.99,15.74,15.96,30239.737
2025-11-06 18:00:00,15.96,16.16,15.79,16.07,32942.289
2025-11-06 19:00:00,16.07,16.19,16.02,16.12,30177.286
2025-11-06 20:00:00,16.12,16.21,15.93,16.04,36105.009
2025-11-06 21:00:00,16.04,16.22,15.96,16.16,16430.171
2025-11-06 22:00:00,16.16,16.2,15.99,16.14,18877.593
2025-11-06 23:00:00,16.14,16.14,15.96,16.12,15937.371
2025-11-07 00:00:00,16.12,16.3,16.09,16.28,20424.342
2025-11-07 01:00:00,16.28,16.34,16.05,16.29,33475.946
2025-11-07 02:00:00,16.29,16.42,16.15,16.41,22186.244
2025-11-07 03:00:00,16.41,16.52,16.41,16.45,25431.734
2025-11-07 04:00:00,16.45,16.48,16.34,16.45,10813.632
2025-11-07 05:00:00,16.45,16.69,16.44,16.67,42835.341
2025-11-07 06:00:00,16.67,16.76,16.66,16.68,55008.692
2025-11-07 07:00:00,16.68,16.94,16.68,16.92,41046.275
2025-11-07 08:00:00,16.92,17.04,16.81,16.87,44202.101
2025-11-07 09:00:00,16.87,16.87,16.56,16.72,71137.418
2025-11-07 10:00:00,16.72,16.83,16.56,16.61,33727.915
2025-11-07 11:00:00,16.61,16.61,16.28,16.46,65978.18
2025-11-07 12:00:00,16.46,16.53,16.13,16.2,38662.149
2025-11-07 13:00:00,16.2,16.46,16.14,16.39,37867.235
2025-11-07 14:00:00,16.39,16.69,16.09,16.64,71825.387
2025-11-07 15:00:00,16.64,16.89,16.51,16.81,89380.899
2025-11-07 16:00:00,16.81,17.44,16.75,17.32,175680.671
2025-11-07 17:00:00,17.32,17.77,17.23,17.74,116090.237
2025-11-07 18:00:00,17.74,17.96,17.67,17.74,71351.12
2025-11-07 19:00:00,17.74,17.91,17.66,17.83,43147.529
2025-11-07 20:00:00,17.83,17.87,17.69,17.79,32878.95
2025-11-07 21:00:00,17.79,18.01,17.76,18.0,25277.192
2025-11-07 22:00:00,18.0,18.04,17.86,18.01,38234.989
2025-11-07 23:00:00,18.01,18.02,17.66,17.75,62800.179
2025-11-08 00:00:00,17.75,18.0,17.68,17.69,36474.146
2025-11-08 01:00:00,17.69,18.04,17.68,18.02,45256.11
2025-11-08 02:00:00,18.02,18.41,18.0,18.09,72222.373
2025-11-08 03:00:00,18.09,18.19,17.84,17.84,43816.068
2025-11-08 04:00:00,17.84,18.09,17.83,17.92,41678.867
2025-11-08 05:00:00,17.92,17.99,17.75,17.77,28056.527
2025-11-08 06:00:00,17.77,17.81,17.57,17.69,27530.094
2025-11-08 07:00:00,17.69,17.9,17.59,17.87,58630.515
2025-11-08 08:00:00,17.87,18.0,17.73,17.97,53482.863
2025-11-08 09:00:00,17.97,17.97,17.66,17.71,22442.052
2025-11-08 10:00:00,17.71,17.9,17.69,17.86,11573.175
2025-11-08 11:00:00,17.86,17.97,17.74,17.79,32555.094
2025-11-08 12:00:00,17.79,17.79,17.58,17.67,51639.447
2025-11-08 13:00:00,17.67,17.68,17.36,17.37,39570.623
2025-11-08 14:00:00,17.37,17.44,17.22,17.41,37736.111
2025-11-08 15:00:00,17.41,17.42,17.1,17.14,26779.022
2025-11-08 16:00:00,17.14,17.22,17.02,17.12,92566.179
2025-11-08 17:00:00,17.12,17.26,17.06,17.25,22383.122
2025-11-08 18:00:00,17.25,17.38,17.22,17.33,12465.751
2025-11-08 19:00:00,17.33,17.33,17.11,17.29,9896.909
2025-11-08 20:00:00,17.29,17.4,17.25,17.36,12964.805
2025-11-08 21:00:00,17.36,17.4,17.29,17.37,13624.009
2025-11-08 22:00:00,17.37,17.47,17.34,17.44,9448.522
2025-11-08 23:00:00,17.44,17.5,17.42,17.49,3951.212
2025-11-09 00:00:00,17.49,17.52,17.24,17.28,9710.15
2025-11-09 01:00:00,17.28,17.38,17.18,17.25,8582.338
2025-11-09 02:00:00,17.25,17.25,16.88,16.91,21623.492
2025-11-09 03:00:00,16.91,16.98,16.81,16.89,13729.585
2025-11-09 04:00:00,16.89,17.06,16.89,16.98,8036.775
2025-11-09 05:00:00,16.98,17.04,16.89,17.02,11071.855
2025-11-09 06:00:00,17.02,17.14,16.97,17.0,9247.824
2025-11-09 07:00:00,17.0,17.14,17.0,17.13,8548.792
2025-11-09 08:00:00,17.13,17.13,17.0,17.06,9301.597
2025-11-09 09:00:00,17.06,17.18,16.94,16.98,7543.993
2025-11-09 10:00:00,16.98,17.18,16.9,17.18,7494.146
2025-11-09 11:00:00,17.18,17.36,17.18,17.28,21898.263
2025-11-09 12:00:00,17.28,17.38,17.25,17.33,14396.924
2025-11-09 13:00:00,17.33,17.51,17.33,17.48,8816.809
2025-11-09 14:00:00,17.48,17.88,17.39,17.6,57216.473
2025-11-09 15:00:00,17.6,17.85,17.6,17.69,27325.966
2025-11-09 16:00:00,17.69,17.81,17.61,17.79,16387.647
2025-11-09 17:00:00,17.79,17.81,17.55,17.57,17327.084
2025-11-09 18:00:00,17.57,17.76,17.46,17.73,20398.796
2025-11-09 19:00:00,17.73,17.89,17.66,17.89,12615.219
2025-11-09 20:00:00,17.89,17.91,17.77,17.79,9134.585
2025-11-09 21:00:00,17.79,17.83,17.7,17.74,12240.363
2025-11-09 22:00:00,17.74,17.77,17.6,17.74,15412.89
2025-11-09 23:00:00,17.74,17.9,17.68,17.77,17220.586
2025-11-10 00:00:00,17.77,18.12,17.65,18.02,36104.721
2025-11-10 01:00:00,18.02,18.09,17.91,17.91,27099.49
2025-11-10 02:00:00,17.91,18.0,17.87,18.0,10872.42
2025-11-10 03:00:00,18.0,18.13,17.96,17.99,14970.326
2025-11-10 04:00:00,17.99,18.05,17.88,18.01,8471.863
2025-11-10 05:00:00,18.01,18.1,17.9,18.0,10521.162
2025-11-10 06:00:00,18.0,18.09,17.91,18.02,10427.562
2025-11-10 07:00:00,18.02,18.13,17.92,18.01,12745.038
2025-11-10 08:00:00,18.01,18.01,17.79,17.92,25513.746
2025-11-10 09:00:00,17.92,18.31,17.9,18.26,23140.041
2025-11-10 10:00:00,18.26,18.3,17.98,18.09,34174.596
2025-11-10 11:00:00,18.09,18.19,18.08,18.1,20958.077
2025-11-10 12:00:00,18.1,18.24,18.0,18.14,29008.986
2025-11-10 13:00:00,18.14,18.34,18.13,18.25,38342.009
2025-11-10 14:00:00,18.25,18.25,17.81,17.91,65410.414
2025-11-10 15:00:00,17.91,18.15,17.86,17.94,26558.656
2025-11-10 16:00:00,17.94,18.07,17.7,17.8,30629.022
2025-11-10 17:00:00,17.8,18.08,17.74,18.07,22015.748
2025-11-10 18:00:00,18.07,18.1,17.92,17.92,16637.6
2025-11-10 19:00:00,17.92,18.14,17.91,18.0,16036.314
2025-11-10 20:00:00,18.0,18.18,18.0,18.11,15204.952
2025-11-10 21:00:00,18.11,18.11,17.81,17.94,16653.497
2025-11-10 22:00:00,17.94,18.36,17.87,18.33,29902.151
2025-11-10 23:00:00,18.33,18.34,18.15,18.18,12177.153
2025-11-11 00:00:00,18.18,18.26,17.98,18.14,22881.664
2025-11-11 01:00:00,18.14,18.6,18.07,18.09,41486.145
2025-11-11 02:00:00,18.09,18.5,18.0,18.37,42001.866
2025-11-11 03:00:00,18.37,18.5,18.3,18.35,15277.2
2025-11-11 04:00:00,18.35,18.38,18.0,18.0,12573.566
2025-11-11 05:00:00,18.0,18.01,17.79,17.81,21188.584
2025-11-11 06:00:00,17.81,17.88,17.67,17.78,33251.347
2025-11-11 07:00:00,17.78,17.78,17.54,17.56,24289.402
2025-11-11 08:00:00,17.56,17.68,17.49,17.65,12224.304
2025-11-11 09:00:00,17.65,17.81,17.63,17.66,21212.152
2025-11-11 10:00:00,17.66,17.79,17.65,17.76,13794.356
2025-11-11 11:00:00,17.76,17.88,17.73,17.8,6029.555
2025-11-11 12:00:00,17.8,17.89,17.68,17.75,8217.569
2025-11-11 13:00:00,17.75,17.86,17.69,17.73,18616.386
2025-11-11 14:00:00,17.73,17.86,17.64,17.85,26058.159
2025-11-11 15:00:00,17.85,17.85,17.57,17.64,20694.623
2025-11-11 16:00:00,17.64,17.72,17.54,17.61,13668.467
2025-11-11 17:00:00,17.61,17.72,17.45,17.53,16672.364
2025-11-11 18:00:00,17.53,17.58,17.38,17.41,17871.155
2025-11-11 19:00:00,17.41,17.41,17.25,17.27,14822.301
2025-11-11 20:00:00,17.27,17.28,17.11,17.15,19287.039
2025-11-11 21:00:00,17.15,17.23,17.01,17.05,20590.447
2025-11-11 22:00:00,17.05,17.21,16.97,17.18,24038.712
2025-11-11 23:00:00,17.18,17.18,16.98,17.01,11259.527
2025-11-12 00:00:00,17.01,17.1,16.92,16.95,14666.373
2025-11-12 01:00:00,16.95,17.15,16.94,17.11,9791.466
2025-11-12 02:00:00,17.11,17.16,16.96,17.06,6794.634
2025-11-12 03:00:00,17.06,17.15,17.03,17.12,4298.699
2025-11-12 04:00:00,17.12,17.14,17.07,17.14,3176.428
2025-11-12 05:00:00,17.14,17.31,17.14,17.27,8213.736
2025-11-12 06:00:00,17.27,17.47,17.26,17.3,9197.476
2025-11-12 07:00:00,17.3,17.37,17.13,17.14,12696.542
2025-11-12 08:00:00,17.14,17.48,17.14,17.4,16231.383
2025-11-12 09:00:00,17.4,17.55,17.38,17.52,18303.813
2025-11-12 10:00:00,17.52,17.62,17.51,17.59,17837.126
2025-11-12 11:00:00,17.59,17.65,17.5,17.56,18798.526
2025-11-12 12:00:00,17.56,17.68,17.49,17.6,12660.253
2025-11-12 13:00:00,17.6,17.76,17.53,17.71,13620.594
2025-11-12 14:00:00,17.71,17.76,17.23,17.39,58205.86
2025-11-12 15:00:00,17.39,17.49,16.99,17.04,50864.569
2025-11-12 16:00:00,17.04,17.08,16.7,16.79,37234.509
2025-11-12 17:00:00,16.79,16.97,16.63,16.85,29336.741
2025-11-12 18:00:00,16.85,16.98,16.84,16.86,16732.529
2025-11-12 19:00:00,16.86,16.92,16.69,16.8,33349.849
2025-11-12 20:00:00,16.8,16.96,16.75,16.87,13082.543
2025-11-12 21:00:00,16.87,16.98,16.87,16.92,17852.656
2025-11-12 22:00:00,16.92,16.96,16.81,16.95,10944.113
2025-11-12 23:00:00,16.95,16.95,16.79,16.82,17311.971
2025-11-13 00:00:00,16.82,16.98,16.8,16.86,16290.473
2025-11-13 01:00:00,16.86,17.17,16.86,17.03,28396.262
2025-11-13 02:00:00,17.03,17.15,16.99,17.08,19386.149
2025-11-13 03:00:00,17.08,17.64,16.82,17.45,69262.53
2025-11-13 04:00:00,17.45,17.59,17.32,17.42,28253.334
2025-11-13 05:00:00,17.42,17.65,17.29,17.59,26138.465
2025-11-13 06:00:00,17.59,17.69,17.53,17.59,20414.783
2025-11-13 07:00:00,17.59,17.62,17.37,17.39,14559.515
2025-11-13 08:00:00,17.39,17.53,17.37,17.43,17295.2
2025-11-13 09:00:00,17.43,17.44,17.21,17.25,36728.098
2025-11-13 10:00:00,17.25,17.4,17.22,17.25,10204.965
2025-11-13 11:00:00,17.25,17.32,17.24,17.27,11338.54
2025-11-13 12:00:00,17.27,17.4,17.22,17.39,16297.002
2025-11-13 13:00:00,17.39,17.43,17.14,17.17,27544.99
2025-11-13 14:00:00,17.17,17.37,16.91,17.24,72169.531
2025-11-13 15:00:00,17.24,17.31,16.89,16.96,40144.859
2025-11-13 16:00:00,16.96,17.03,16.69,16.72,29225.448
2025-11-13 17:00:00,16.72,16.74,16.37,16.37,49626.574
2025-11-13 18:00:00,16.37,16.41,16.1,16.19,64294.669
2025-11-13 19:00:00,16.19,16.29,15.91,15.98,74944.754
2025-11-13 20:00:00,15.98,16.03,15.81,15.88,40764.026
2025-11-13 21:00:00,15.88,15.96,15.76,15.9,25037.915
2025-11-13 22:00:00,15.9,16.15,15.85,16.11,28491.014
2025-11-13 23:00:00,16.11,16.33,16.06,16.09,56129.301
2025-11-14 00:00:00,16.09,16.18,15.9,15.95,77139.49
2025-11-14 01:00:00,15.95,16.07,15.9,15.95,18987.835
2025-11-14 02:00:00,15.95,16.08,15.95,16.02,62257.601
2025-11-14 03:00:00,16.02,16.02,15.88,15.92,16162.511
2025-11-14 04:00:00,15.92,15.92,15.35,15.7,74120.81
2025-11-14 05:00:00,15.7,15.93,15.69,15.88,27751.705
2025-11-14 06:00:00,15.88,16.05,15.63,16.05,29534.646
2025-11-14 07:00:00,16.05,16.08,15.9,15.92,28983.315
2025-11-14 08:00:00,15.92,15.94,15.73,15.78,9642.279
2025-11-14 09:00:00,15.78,15.82,15.52,15.53,27227.425
2025-11-14 10:00:00,15.53,15.68,15.52,15.56,16029.068
2025-11-14 11:00:00,15.56,15.57,15.32,15.4,36519.097
2025-11-14 12:00:00,15.4,15.44,15.07,15.43,47188.828
2025-11-14 13:00:00,15.43,15.51,15.18,15.34,56439.029
2025-11-14 14:00:00,15.34,15.55,15.15,15.41,76729.14
2025-11-14 15:00:00,15.41,15.66,15.23,15.52,112241.565
2025-11-14 16:00:00,15.52,15.7,15.4,15.67,95829.221
2025-11-14 17:00:00,15.67,15.72,15.32,15.39,20648.95
2025-11-14 18:00:00,15.39,15.56,15.34,15.42,26451.0
2025-11-14 19:00:00,15.42,15.72,15.4,15.66,27930.625
2025-11-14 20:00:00,15.66,15.67,15.15,15.25,31885.791
2025-11-14 21:00:00,15.25,15.44,15.18,15.34,19060.465
2025-11-14 22:00:00,15.34,15.41,15.18,15.29,39522.471
2025-11-14 23:00:00,15.29,15.29,14.84,15.13,168997.99
2025-11-15 00:00:00,15.13,15.34,15.11,15.34,30600.201
2025-11-15 01:00:00,15.34,15.5,15.28,15.47,15614.712
2025-11-15 02:00:00,15.47,15.6,15.43,15.6,14857.997
2025-11-15 03:00:00,15.6,15.61,15.54,15.6,18692.623
2025-11-15 04:00:00,15.6,15.67,15.52,15.55,12096.555
2025-11-15 05:00:00,15.55,15.68,15.52,15.66,11609.537
2025-11-15 06:00:00,15.66,15.73,15.62,15.65,8089.559
2025-11-15 07:00:00,15.65,15.67,15.59,15.62,9727.185
2025-11-15 08:00:00,15.62,15.64,15.32,15.38,23701.713
2025-11-15 09:00:00,15.38,15.51,15.35,15.41,18960.133
2025-11-15 10:00:00,15.41,15.53,15.36,15.51,15948.641
2025-11-15 11:00:00,15.51,15.55,15.42,15.45,8287.077
2025-11-15 12:00:00,15.45,15.62,15.42,15.6,7361.742
2025-11-15 13:00:00,15.6,15.66,15.54,15.6,9272.426
2025-11-15 14:00:00,15.6,15.62,15.54,15.62,6826.068
2025-11-15 15:00:00,15.62,15.69,15.57,15.61,7853.642
2025-11-15 16:00:00,15.61,15.62,15.49,15.58,18787.813
2025-11-15 17:00:00,15.58,15.76,15.55,15.74,21827.641
2025-11-15 18:00:00,15.74,15.79,15.67,15.69,15638.263
2025-11-15 19:00:00,15.69,15.75,15.63,15.69,9773.539
2025-11-15 20:00:00,15.69,15.72,15.54,15.55,10046.111
2025-11-15 21:00:00,15.55,15.63,15.45,15.49,12940.83
2025-11-15 22:00:00,15.49,15.62,15.46,15.61,10597.331
2025-11-15 23:00:00,15.61,15.61,15.52,15.53,6243.72
2025-11-16 00:00:00,15.53,15.55,15.38,15.47,10881.643
2025-11-16 01:00:00,15.47,15.49,15.27,15.44,16668.064
2025-11-16 02:00:00,15.44,15.66,15.4,15.66,19182.022
2025-11-16 03:00:00,15.66,15.71,15.62,15.69,13704.297
2025-11-16 04:00:00,15.69,15.71,15.59,15.64,6585.052
2025-11-16 05:00:00,15.64,15.78,15.64,15.66,13192.688
2025-11-16 06:00:00,15.66,15.72,15.62,15.62,5923.845
2025-11-16 07:00:00,15.62,15.74,15.62,15.74,6735.906
2025-11-16 08:00:00,15.74,15.76,15.63,15.69,7792.748
2025-11-16 09:00:00,15.69,15.84,15.64,15.84,17914.155
2025-11-16 10:00:00,15.84,15.86,15.79,15.8,9126.409
2025-11-16 11:00:00,15.8,15.81,15.42,15.44,17889.579
2025-11-16 12:00:00,15.44,15.57,15.42,15.49,17744.185
2025-11-16 13:00:00,15.49,15.52,15.27,15.3,31989.139
2025-11-16 14:00:00,15.3,15.47,15.23,15.44,15396.478
2025-11-16 15:00:00,15.44,15.45,15.07,15.08,50332.028
2025-11-16 16:00:00,15.08,15.2,14.83,14.89,53300.738
2025-11-16 17:00:00,14.89,14.92,14.62,14.78,60462.534
2025-11-16 18:00:00,14.78,15.12,14.72,14.81,72345.82
2025-11-16 19:00:00,14.81,15.04,14.79,14.95,28921.01
2025-11-16 20:00:00,14.95,15.08,14.91,14.92,44258.794
2025-11-16 21:00:00,14.92,14.92,14.75,14.88,26744.446
2025-11-16 22:00:00,14.88,15.05,14.76,15.01,39366.614
2025-11-16 23:00:00,15.01,15.25,14.73,15.14,59743.107
2025-11-17 00:00:00,15.14,15.34,14.98,15.25,31509.427
2025-11-17 01:00:00,15.25,15.28,15.1,15.12,18522.998
2025-11-17 02:00:00,15.12,15.54,15.07,15.52,504525.326
2025-11-17 03:00:00,15.52,15.72,15.48,15.55,286776.226
2025-11-17 04:00:00,15.55,15.69,15.55,15.57,27585.126
2025-11-17 05:00:00,15.57,15.62,15.51,15.59,12934.242
2025-11-17 06:00:00,15.59,15.74,15.57,15.73,21448.402
2025-11-17 07:00:00,15.73,15.77,15.62,15.63,13469.49
2025-11-17 08:00:00,15.63,15.67,15.59,15.63,6529.717
2025-11-17 09:00:00,15.63,15.72,15.59,15.66,9032.653
2025-11-17 10:00:00,15.66,15.72,15.63,15.66,5324.064
2025-11-17 11:00:00,15.66,15.72,15.61,15.61,5037.773
2025-11-17 12:00:00,15.61,15.65,15.54,15.64,9987.404
2025-11-17 13:00:00,15.64,15.66,15.1,15.19,45333.215
2025-11-17 14:00:00,15.19,15.84,15.13,15.55,121297.678
2025-11-17 15:00:00,15.55,15.67,15.18,15.24,53526.404
2025-11-17 16:00:00,15.24,15.32,14.95,15.32,33370.769
2025-11-17 17:00:00,15.32,15.37,14.73,14.75,84185.402
2025-11-17 18:00:00,14.75,14.87,14.49,14.6,183058.091
2025-11-17 19:00:00,14.6,14.64,14.34,14.37,60771.574
2025-11-17 20:00:00,14.37,14.49,14.27,14.39,111576.468
2025-11-17 21:00:00,14.39,14.49,14.31,14.45,40771.714
2025-11-17 22:00:00,14.45,14.77,14.4,14.57,408327.991
2025-11-17 23:00:00,14.57,14.6,14.46,14.53,28225.097
2025-11-18 00:00:00,14.53,14.57,14.21,14.44,178933.506
2025-11-18 01:00:00,14.44,14.46,14.14,14.17,570437.93
2025-11-18 02:00:00,14.17,14.44,14.03,14.15,318060.725
2025-11-18 03:00:00,14.15,14.54,14.03,14.49,97212.135
2025-11-18 04:00:00,14.49,14.63,14.35,14.62,62770.81
2025-11-18 05:00:00,14.62,14.69,14.5,14.5,29527.475
2025-11-18 06:00:00,14.5,14.56,14.38,14.39,18653.513
2025-11-18 07:00:00,14.39,14.6,14.33,14.54,25660.053
2025-11-18 08:00:00,14.54,14.74,14.54,14.64,35767.492
2025-11-18 09:00:00,14.64,14.67,14.54,14.63,20764.286
2025-11-18 10:00:00,14.63,14.64,14.53,14.62,13144.01
2025-11-18 11:00:00,14.62,14.65,14.54,14.58,14925.776
2025-11-18 12:00:00,14.58,14.66,14.49,14.62,16167.627
2025-11-18 13:00:00,14.62,14.62,14.44,14.53,18891.985
2025-11-18 14:00:00,14.53,14.7,14.44,14.45,40380.626
2025-11-18 15:00:00,14.45,14.82,14.37,14.74,78335.1
2025-11-18 16:00:00,14.74,14.93,14.68,14.83,76297.138
2025-11-18 17:00:00,14.83,14.84,14.69,14.72,24077.895
2025-11-18 18:00:00,14.72,14.85,14.71,14.8,24710.413
2025-11-18 19:00:00,14.8,14.84,14.69,14.73,16497.454
2025-11-18 20:00:00,14.73,14.79,14.7,14.7,14080.296
2025-11-18 21:00:00,14.7,14.7,14.5,14.5,22916.556
2025-11-18 22:00:00,14.5,14.7,14.5,14.67,21550.594
2025-11-18 23:00:00,14.67,14.67,14.55,14.59,15920.511
2025-11-19 00:00:00,14.59,14.62,14.39,14.58,21031.601
2025-11-19 01:00:00,14.58,14.66,14.49,14.54,25495.927
2025-11-19 02:00:00,14.54,14.69,14.51,14.64,16517.878
2025-11-19 03:00:00,14.64,14.66,14.4,14.43,16802.778
2025-11-19 04:00:00,14.43,14.46,14.31,14.33,21629.371
2025-11-19 05:00:00,14.33,14.34,13.94,14.04,62207.431
2025-11-19 06:00:00,14.04,14.21,14.0,14.19,50397.34
2025-11-19 07:00:00,14.19,14.39,14.17,14.35,30662.6
2025-11-19 08:00:00,14.35,14.48,14.32,14.38,27483.747
2025-11-19 09:00:00,14.38,14.38,14.25,14.34,20340.552
2025-11-19 10:00:00,14.34,14.61,14.32,14.45,25368.58
2025-11-19 11:00:00,14.45,14.52,14.42,14.44,8435.727
2025-11-19 12:00:00,14.44,14.58,14.44,14.57,11786.871
2025-11-19 13:00:00,14.57,14.57,14.29,14.29,89140.877
2025-11-19 14:00:00,14.29,14.36,14.08,14.3,235459.648
2025-11-19 15:00:00,14.3,14.53,14.03,14.06,69441.454
2025-11-19 16:00:00,14.06,14.15,13.87,13.91,45784.797
2025-11-19 17:00:00,13.91,13.98,13.77,13.94,49446.757
2025-11-19 18:00:00,13.94,13.99,13.71,13.85,42592.53
2025-11-19 19:00:00,13.85,13.89,13.76,13.78,36858.523
2025-11-19 20:00:00,13.78,14.08,13.75,14.05,32581.088
2025-11-19 21:00:00,14.05,14.31,14.01,14.27,52861.499
2025-11-19 22:00:00,14.27,14.27,14.15,14.23,26896.311
2025-11-19 23:00:00,14.23,14.34,14.23,14.28,124369.689
2025-11-20 00:00:00,14.28,14.33,14.22,14.26,35521.966
2025-11-20 01:00:00,14.26,14.35,14.25,14.34,42602.135
2025-11-20 02:00:00,14.34,14.4,14.29,14.35,46783.396
2025-11-20 03:00:00,14.35,14.38,14.32,14.34,21461.721
2025-11-20 04:00:00,14.34,14.43,14.29,14.42,27764.786
2025-11-20 05:00:00,14.42,14.44,14.28,14.3,25255.011
2025-11-20 06:00:00,14.3,14.32,14.24,14.28,36446.889
2025-11-20 07:00:00,14.28,14.38,14.26,14.36,26349.925
2025-11-20 08:00:00,14.36,14.38,14.32,14.34,15712.077
2025-11-20 09:00:00,14.34,14.35,14.23,14.26,30302.381
2025-11-20 10:00:00,14.26,14.32,14.22,14.29,16629.933
2025-11-20 11:00:00,14.29,14.41,14.26,14.4,34313.086
2025-11-20 12:00:00,14.4,14.46,14.34,14.43,73800.82
2025-11-20 13:00:00,14.43,14.53,14.38,14.4,81706.453
2025-11-20 14:00:00,14.4,14.47,14.27,14.44,92594.081
2025-11-20 15:00:00,14.44,14.44,14.2,14.23,36096.776
2025-11-20 16:00:00,14.23,14.24,13.64,13.7,182020.573
2025-11-20 17:00:00,13.7,13.83,13.5,13.74,88590.064
2025-11-20 18:00:00,13.74,13.87,13.59,13.62,49042.611
2025-11-20 19:00:00,13.62,13.79,13.52,13.77,41171.782
2025-11-20 20:00:00,13.77,13.9,13.63,13.79,56567.383
2025-11-20 21:00:00,13.79,13.95,13.76,13.89,28815.949
2025-11-20 22:00:00,13.89,13.99,13.86,13.95,49656.191
2025-11-20 23:00:00,13.95,13.95,13.79,13.81,29360.286
2025-11-21 00:00:00,13.81,13.96,13.8,13.93,26568.347
2025-11-21 01:00:00,13.93,13.99,13.9,13.95,37516.017
2025-11-21 02:00:00,13.95,13.97,13.69,13.71,54330.303
2025-11-21 03:00:00,13.71,13.87,13.71,13.78,28477.65
2025-11-21 04:00:00,13.78,13.79,13.56,13.72,32829.077
2025-11-21 05:00:00,13.72,13.78,13.65,13.68,19508.891
2025-11-21 06:00:00,13.68,13.77,13.61,13.69,27714.17
2025-11-21 07:00:00,13.69,13.75,12.54,13.18,225604.052
2025-11-21 08:00:00,13.18,13.4,13.07,13.33,68029.37
2025-11-21 09:00:00,13.33,13.43,12.99,13.01,45212.645
2025-11-21 10:00:00,13.01,13.1,12.94,12.99,58993.284
2025-11-21 11:00:00,12.99,13.13,12.87,12.93,58669.832
2025-11-21 12:00:00,12.93,13.2,12.63,13.13,112241.706
2025-11-21 13:00:00,13.13,13.24,13.05,13.13,51609.544
2025-11-21 14:00:00,13.13,13.31,13.04,13.22,104153.023
2025-11-21 15:00:00,13.22,13.24,12.96,12.99,94922.823
2025-11-21 16:00:00,12.99,13.32,12.84,13.29,145559.247
2025-11-21 17:00:00,13.29,13.46,13.25,13.33,144705.032
2025-11-21 18:00:00,13.33,13.39,13.21,13.31,113379.787
2025-11-21 19:00:00,13.31,13.35,13.25,13.28,74752.716
2025-11-21 20:00:00,13.28,13.32,13.21,13.28,83683.052
2025-11-21 21:00:00,13.28,13.37,13.25,13.32,65803.127
2025-11-21 22:00:00,13.32,13.36,13.19,13.21,87103.717
2025-11-21 23:00:00,13.21,13.34,13.2,13.29,62741.185
2025-11-22 00:00:00,13.29,13.33,13.25,13.29,35828.723
2025-11-22 01:00:00,13.29,13.32,13.26,13.31,30051.409
2025-11-22 02:00:00,13.31,13.31,13.25,13.29,25924.69
2025-11-22 03:00:00,13.29,13.3,13.25,13.29,26955.704
2025-11-22 04:00:00,13.29,13.3,13.22,13.28,55039.312
2025-11-22 05:00:00,13.28,13.3,13.22,13.27,53059.992
2025-11-22 06:00:00,13.27,13.33,13.25,13.31,115538.593
2025-11-22 07:00:00,13.31,13.32,13.26,13.29,30915.053
2025-11-22 08:00:00,13.29,13.29,13.17,13.28,89226.981
2025-11-22 09:00:00,13.28,13.35,13.24,13.26,77243.362
2025-11-22 10:00:00,13.26,13.3,13.24,13.28,39955.883
2025-11-22 11:00:00,13.28,13.32,13.25,13.27,72556.563
2025-11-22 12:00:00,13.27,13.27,13.14,13.17,75942.99
2025-11-22 13:00:00,13.17,13.17,13.03,13.12,67185.714
2025-11-22 14:00:00,13.12,13.27,13.12,13.24,39779.408
2025-11-22 15:00:00,13.24,13.26,13.12,13.19,37663.92
2025-11-22 16:00:00,13.19,13.28,13.17,13.26,146569.341
2025-11-22 17:00:00,13.26,13.27,13.22,13.25,25911.195
2025-11-22 18:00:00,13.25,13.27,13.22,13.24,34429.267
2025-11-22 19:00:00,13.24,13.27,13.21,13.24,18458.473
2025-11-22 20:00:00,13.24,13.26,13.17,13.23,41903.892
2025-11-22 21:00:00,13.23,13.26,13.22,13.26,10485.682
2025-11-22 22:00:00,13.26,13.38,13.21,13.31,63128.311
2025-11-22 23:00:00,13.31,13.32,13.2,13.24,38757.782
2025-11-23 00:00:00,13.24,13.26,13.21,13.23,36224.111
2025-11-23 01:00:00,13.23,13.32,13.23,13.29,66584.287
2025-11-23 02:00:00,13.29,13.38,13.27,13.35,39078.129
2025-11-23 03:00:00,13.35,13.36,13.29,13.35,34314.899
2025-11-23 04:00:00,13.35,13.43,13.35,13.36,61111.551
2025-11-23 05:00:00,13.36,13.37,13.32,13.36,14313.849
2025-11-23 06:00:00,13.36,13.39,13.33,13.33,15023.216
2025-11-23 07:00:00,13.33,13.34,13.24,13.29,22712.948
2025-11-23 08:00:00,13.29,13.33,13.27,13.33,17622.586
2025-11-23 09:00:00,13.33,13.37,13.32,13.33,18866.545
2025-11-23 10:00:00,13.33,13.33,13.28,13.28,22865.539
2025-11-23 11:00:00,13.28,13.31,13.23,13.29,24108.198
2025-11-23 12:00:00,13.29,13.38,13.28,13.33,30163.673
2025-11-23 13:00:00,13.33,13.37,13.3,13.37,14910.705
2025-11-23 14:00:00,13.37,13.42,13.28,13.29,36939.504
2025-11-23 15:00:00,13.29,13.43,13.27,13.42,50773.383
2025-11-23 16:00:00,13.42,13.45,13.32,13.32,25930.351
2025-11-23 17:00:00,13.32,13.35,13.28,13.29,26733.03
2025-11-23 18:00:00,13.29,13.39,13.29,13.34,12042.002
2025-11-23 19:00:00,13.34,13.42,13.34,13.37,15322.815
2025-11-23 20:00:00,13.37,13.41,13.37,13.39,19538.796
2025-11-23 21:00:00,13.39,13.47,13.34,13.46,29073.383
2025-11-23 22:00:00,13.46,13.47,13.38,13.41,27418.395
2025-11-23 23:00:00,13.41,13.42,13.27,13.27,35009.199
2025-11-24 00:00:00,13.27,13.29,13.17,13.22,87799.464
2025-11-24 01:00:00,13.22,13.29,13.19,13.29,29754.722
2025-11-24 02:00:00,13.29,13.5,13.29,13.41,75999.667
2025-11-24 03:00:00,13.41,13.49,13.38,13.45,22904.105
2025-11-24 04:00:00,13.45,13.48,13.28,13.33,28748.185
2025-11-24 05:00:00,13.33,13.6,13.33,13.5,163765.557
2025-11-24 06:00:00,13.5,13.51,13.39,13.49,38868.184
2025-11-24 07:00:00,13.49,13.5,13.43,13.44,20605.638
2025-11-24 08:00:00,13.44,13.46,13.41,13.45,25871.802
2025-11-24 09:00:00,13.45,13.45,13.27,13.31,34344.446
2025-11-24 10:00:00,13.31,13.37,13.29,13.32,21154.877
2025-11-24 11:00:00,13.32,13.42,13.3,13.39,23639.329
2025-11-24 12:00:00,13.39,13.39,13.3,13.32,13890.644
2025-11-24 13:00:00,13.32,13.44,13.31,13.39,25959.758
2025-11-24 14:00:00,13.39,13.52,13.26,13.43,66180.377
2025-11-24 15:00:00,13.43,13.58,13.37,13.51,98499.94
2025-11-24 16:00:00,13.51,13.65,13.51,13.59,105002.648
2025-11-24 17:00:00,13.59,13.91,13.56,13.89,170295.551
2025-11-24 18:00:00,13.89,13.96,13.84,13.93,68848.386
2025-11-24 19:00:00,13.93,14.0,13.88,13.92,26524.344
2025-11-24 20:00:00,13.92,14.05,13.9,14.0,44703.865
2025-11-24 21:00:00,14.0,14.0,13.89,13.91,23524.817
2025-11-24 22:00:00,13.91,13.97,13.88,13.91,24917.448
2025-11-24 23:00:00,13.91,13.93,13.89,13.9,35189.605
2025-11-25 00:00:00,13.9,13.94,13.87,13.91,30209.368
2025-11-25 01:00:00,13.91,13.94,13.87,13.87,26175.24
2025-11-25 02:00:00,13.87,13.94,13.85,13.93,35488.678
2025-11-25 03:00:00,13.93,13.95,13.88,13.9,25039.38
2025-11-25 04:00:00,13.9,13.94,13.87,13.93,24357.424
2025-11-25 05:00:00,13.93,13.94,13.89,13.91,8507.856
2025-11-25 06:00:00,13.91,13.94,13.83,13.93,55787.084
2025-11-25 07:00:00,13.93,13.94,13.86,13.88,51237.53
2025-11-25 08:00:00,13.88,13.93,13.86,13.87,43333.71
2025-11-25 09:00:00,13.87,13.94,13.78,13.93,53038.298
2025-11-25 10:00:00,13.93,13.94,13.87,13.92,33418.862
2025-11-25 11:00:00,13.92,13.93,13.88,13.9,9015.466
2025-11-25 12:00:00,13.9,13.94,13.89,13.93,33048.257
2025-11-25 13:00:00,13.93,13.94,13.86,13.89,34171.739
2025-11-25 14:00:00,13.89,13.94,13.71,13.82,61853.615
2025-11-25 15:00:00,13.82,13.94,13.71,13.91,53070.355
2025-11-25 16:00:00,13.91,13.99,13.9,13.97,258986.507
2025-11-25 17:00:00,13.97,14.0,13.91,13.93,228401.788
2025-11-25 18:00:00,13.93,13.99,13.92,13.94,420519.703
2025-11-25 19:00:00,13.94,13.99,13.9,13.99,80051.016
2025-11-25 20:00:00,13.99,14.12,13.97,14.09,383599.41
2025-11-25 21:00:00,14.09,14.15,14.04,14.05,260398.032
2025-11-25 22:00:00,14.05,14.15,13.98,14.13,47993.639
2025-11-25 23:00:00,14.13,14.39,14.11,14.17,114121.841
2025-11-26 00:00:00,14.17,14.34,14.17,14.32,268808.38
2025-11-26 01:00:00,14.32,14.36,14.17,14.23,85855.68
2025-11-26 02:00:00,14.23,14.24,14.14,14.14,12215.392
2025-11-26 03:00:00,14.14,14.16,14.01,14.03,32858.411
2025-11-26 04:00:00,14.03,14.05,14.0,14.0,62698.301
2025-11-26 05:00:00,14.0,14.06,13.99,14.01,68366.982
2025-11-26 06:00:00,14.01,14.09,14.0,14.05,78729.912
2025-11-26 07:00:00,14.05,14.09,14.02,14.09,43924.454
2025-11-26 08:00:00,14.09,14.09,14.0,14.01,17187.863
2025-11-26 09:00:00,14.01,14.02,13.98,14.01,27522.266
2025-11-26 10:00:00,14.01,14.04,13.98,14.03,15983.612
2025-11-26 11:00:00,14.03,14.07,13.98,14.0,24212.751
2025-11-26 12:00:00,14.0,14.01,13.92,13.93,34176.039
2025-11-26 13:00:00,13.93,14.0,13.92,13.98,38157.161
2025-11-26 14:00:00,13.98,13.99,13.9,13.94,51698.09
2025-11-26 15:00:00,13.94,13.98,13.91,13.97,37347.918
2025-11-26 16:00:00,13.97,14.13,13.96,14.1,80149.338
2025-11-26 17:00:00,14.1,14.46,14.08,14.4,109723.456
2025-11-26 18:00:00,14.4,14.59,14.39,14.58,85089.14
2025-11-26 19:00:00,14.58,14.61,14.48,14.54,32391.039
2025-11-26 20:00:00,14.54,14.68,14.51,14.66,69922.927
2025-11-26 21:00:00,14.66,14.75,14.64,14.66,42944.911
2025-11-26 22:00:00,14.66,14.74,14.64,14.71,30129.455
2025-11-26 23:00:00,14.71,14.97,14.71,14.96,357162.32
2025-11-27 00:00:00,14.96,15.01,14.89,14.95,140262.048
2025-11-27 01:00:00,14.95,15.0,14.92,14.98,52142.475
2025-11-27 02:00:00,14.98,15.01,14.91,14.93,86649.097
2025-11-27 03:00:00,14.93,14.97,14.91,14.93,57404.705
2025-11-27 04:00:00,14.93,14.96,14.91,14.93,33010.042
2025-11-27 05:00:00,14.93,14.96,14.87,14.93,99823.413
2025-11-27 06:00:00,14.93,14.97,14.91,14.93,47475.864
2025-11-27 07:00:00,14.93,14.97,14.92,14.96,22522.12
2025-11-27 08:00:00,14.96,14.96,14.87,14.96,79586.066
2025-11-27 09:00:00,14.96,14.97,14.92,14.93,28081.0
2025-11-27 10:00:00,14.93,14.97,14.91,14.95,11706.514
2025-11-27 11:00:00,14.95,14.97,14.92,14.93,8856.043
2025-11-27 12:00:00,14.93,14.96,14.91,14.94,24635.373
2025-11-27 13:00:00,14.94,14.98,14.91,14.96,27890.493
2025-11-27 14:00:00,14.96,14.97,14.91,14.95,16365.82
2025-11-27 15:00:00,14.95,14.97,14.93,14.96,18589.419
2025-11-27 16:00:00,14.96,15.16,14.94,15.12,41033.691
2025-11-27 17:00:00,15.12,15.15,15.09,15.12,27036.689
2025-11-27 18:00:00,15.12,15.16,15.09,15.16,23471.053
2025-11-27 19:00:00,15.16,15.16,15.01,15.04,24149.202
2025-11-27 20:00:00,15.04,15.06,15.01,15.03,15981.18
2025-11-27 21:00:00,15.03,15.08,15.02,15.05,9754.921
2025-11-27 22:00:00,15.05,15.07,14.98,15.03,24149.839
2025-11-27 23:00:00,15.03,15.06,15.01,15.02,12329.721
2025-11-28 00:00:00,15.02,15.06,15.01,15.04,21420.203
2025-11-28 01:00:00,15.04,15.04,15.0,15.02,24092.97
2025-11-28 02:00:00,15.02,15.06,15.01,15.04,26913.88
2025-11-28 03:00:00,15.04,15.06,15.01,15.05,9215.666
2025-11-28 04:00:00,15.05,15.06,15.01,15.01,16467.88
2025-11-28 05:00:00,15.01,15.08,15.0,15.05,28388.292
2025-11-28 06:00:00,15.05,15.05,15.01,15.04,23161.262
2025-11-28 07:00:00,15.04,15.06,15.01,15.01,10079.034
2025-11-28 08:00:00,15.01,15.12,15.01,15.08,60124.642
2025-11-28 09:00:00,15.08,15.1,15.02,15.04,62738.555
2025-11-28 10:00:00,15.04,15.05,15.01,15.04,14041.291
2025-11-28 11:00:00,15.04,15.05,14.8,15.02,125783.26
2025-11-28 12:00:00,15.02,15.06,15.0,15.02,38169.083
2025-11-28 13:00:00,15.02,15.1,15.0,15.07,49974.38
2025-11-28 14:00:00,15.07,15.18,15.06,15.11,40740.536
2025-11-28 15:00:00,15.11,15.27,15.07,15.09,58205.026
2025-11-28 16:00:00,15.09,15.1,14.83,14.85,86021.78
2025-11-28 17:00:00,14.85,14.89,14.81,14.86,74427.758
2025-11-28 18:00:00,14.86,14.9,14.83,14.87,34423.844
2025-11-28 19:00:00,14.87,14.89,14.85,14.89,13538.087
2025-11-28 20:00:00,14.89,14.89,14.83,14.87,18219.561
2025-11-28 21:00:00,14.87,14.88,14.8,14.84,57429.073
2025-11-28 22:00:00,14.84,14.9,14.83,14.86,45704.831
2025-11-28 23:00:00,14.86,14.89,14.84,14.84,6235.681
2025-11-29 00:00:00,14.84,14.88,14.84,14.88,11502.752
2025-11-29 01:00:00,14.88,14.89,14.84,14.85,8399.182
2025-11-29 02:00:00,14.85,14.88,14.82,14.87,27187.501
2025-11-29 03:00:00,14.87,14.89,14.84,14.86,6421.352
2025-11-29 04:00:00,14.86,14.91,14.85,14.89,31703.912
2025-11-29 05:00:00,14.89,14.9,14.84,14.85,19202.729
2025-11-29 06:00:00,14.85,14.88,14.78,14.79,44022.533
2025-11-29 07:00:00,14.79,14.8,14.66,14.69,56085.953
2025-11-29 08:00:00,14.69,14.74,14.64,14.73,29615.727
2025-11-29 09:00:00,14.73,14.77,14.71,14.77,23404.204
2025-11-29 10:00:00,14.77,14.86,14.72,14.85,21679.967
2025-11-29 11:00:00,14.85,14.89,14.82,14.88,13406.167
2025-11-29 12:00:00,14.88,14.89,14.85,14.85,10771.145
2025-11-29 13:00:00,14.85,14.88,14.84,14.85,8809.952
2025-11-29 14:00:00,14.85,14.85,14.75,14.75,14921.148
2025-11-29 15:00:00,14.75,14.85,14.75,14.85,15096.312
2025-11-29 16:00:00,14.85,14.87,14.79,14.82,11674.581
2025-11-29 17:00:00,14.82,14.82,14.67,14.68,20728.098
2025-11-29 18:00:00,14.68,14.69,14.45,14.52,158839.234
2025-11-29 19:00:00,14.52,14.52,14.37,14.45,36821.808
2025-11-29 20:00:00,14.45,14.46,14.25,14.36,255456.595
2025-11-29 21:00:00,14.36,14.39,14.3,14.36,24264.52
2025-11-29 22:00:00,14.36,14.4,14.28,14.38,20466.489
2025-11-29 23:00:00,14.38,14.38,14.18,14.25,192718.226
2025-11-30 00:00:00,14.25,14.27,14.2,14.22,14653.494
2025-11-30 01:00:00,14.22,14.33,14.21,14.29,18272.068
2025-11-30 02:00:00,14.29,14.34,14.23,14.25,18013.629
2025-11-30 03:00:00,14.25,14.25,14.12,14.21,96876.758
2025-11-30 04:00:00,14.21,14.22,14.13,14.16,21928.016
2025-11-30 05:00:00,14.16,14.16,14.03,14.04,35977.184
2025-11-30 06:00:00,14.04,14.1,13.98,14.1,32848.879
2025-11-30 07:00:00,14.1,14.16,14.07,14.14,31341.482
2025-11-30 08:00:00,14.14,14.19,14.05,14.18,40068.053
2025-11-30 09:00:00,14.18,14.23,14.14,14.15,42083.006
2025-11-30 10:00:00,14.15,14.15,14.09,14.09,18715.596
2025-11-30 11:00:00,14.09,14.12,14.05,14.08,18538.91
2025-11-30 12:00:00,14.08,14.23,14.06,14.19,21265.499
2025-11-30 13:00:00,14.19,14.31,14.19,14.27,35558.944
2025-11-30 14:00:00,14.27,14.28,14.09,14.15,102958.812
2025-11-30 15:00:00,14.15,14.19,14.08,14.16,26752.682
2025-11-30 16:00:00,14.16,14.28,14.16,14.27,15886.647
2025-11-30 17:00:00,14.27,14.27,14.14,14.22,42038.124
2025-11-30 18:00:00,14.22,14.22,13.8,13.95,981122.508
2025-11-30 19:00:00,13.95,14.03,13.94,14.0,47683.284
2025-11-30 20:00:00,14.0,14.03,13.94,13.97,20701.726
2025-11-30 21:00:00,13.97,13.97,13.76,13.83,160888.414
2025-11-30 22:00:00,13.83,13.93,13.82,13.92,76538.742
2025-11-30 23:00:00,13.92,13.92,13.65,13.7,61695.838
2025-12-01 00:00:00,13.7,13.73,13.05,13.12,248865.188
2025-12-01 01:00:00,13.12,13.26,13.08,13.11,68760.811
2025-12-01 02:00:00,13.11,13.2,13.09,13.13,49628.812
2025-12-01 03:00:00,13.13,13.13,12.93,12.96,54164.488
2025-12-01 04:00:00,12.96,12.97,12.87,12.93,43270.25
2025-12-01 05:00:00,12.93,12.97,12.89,12.91,25811.479
2025-12-01 06:00:00,12.91,13.03,12.9,12.96,46904.573
2025-12-01 07:00:00,12.96,13.1,12.95,13.08,27977.578
2025-12-01 08:00:00,13.08,13.09,13.01,13.06,35500.525
2025-12-01 09:00:00,13.06,13.11,12.99,13.0,32877.366
2025-12-01 10:00:00,13.0,13.03,12.97,12.99,22315.974
2025-12-01 11:00:00,12.99,13.02,12.95,12.95,23721.0
2025-12-01 12:00:00,12.95,12.95,12.78,12.92,52926.101
2025-12-01 13:00:00,12.92,12.97,12.75,12.82,55664.732
2025-12-01 14:00:00,12.82,12.96,12.8,12.87,42858.928
2025-12-01 15:00:00,12.87,12.88,12.61,12.7,67623.353
2025-12-01 16:00:00,12.7,12.73,12.55,12.62,39348.689
2025-12-01 17:00:00,12.62,12.74,12.62,12.69,24796.455
2025-12-01 18:00:00,12.69,12.78,12.62,12.72,21910.523
2025-12-01 19:00:00,12.72,12.72,12.62,12.62,15284.171
2025-12-01 20:00:00,12.62,12.76,12.6,12.65,45164.777
2025-12-01 21:00:00,12.65,12.83,12.64,12.79,51594.007
2025-12-01 22:00:00,12.79,12.86,12.75,12.79,25753.433
2025-12-01 23:00:00,12.79,12.87,12.75,12.75,14515.53
2025-12-02 00:00:00,12.75,12.81,12.71,12.79,20750.66
2025-12-02 01:00:00,12.79,13.02,12.78,12.84,42386.009
2025-12-02 02:00:00,12.84,12.95,12.84,12.93,24498.746
2025-12-02 03:00:00,12.93,12.96,12.82,12.95,20602.292
2025-12-02 04:00:00,12.95,13.0,12.9,12.9,14840.055
2025-12-02 05:00:00,12.9,12.94,12.87,12.94,15102.618
2025-12-02 06:00:00,12.94,13.01,12.92,13.0,12543.044
2025-12-02 07:00:00,13.0,13.04,12.97,13.02,26156.348
2025-12-02 08:00:00,13.02,13.07,12.9,12.94,90536.429
2025-12-02 09:00:00,12.94,13.04,12.91,12.96,32386.377
2025-12-02 10:00:00,12.96,13.13,12.96,13.1,39622.589
2025-12-02 11:00:00,13.1,13.1,12.88,12.9,78625.708
2025-12-02 12:00:00,12.9,12.94,12.84,12.91,24845.683
2025-12-02 13:00:00,12.91,13.04,12.89,13.02,20433.552
2025-12-02 14:00:00,13.02,13.27,13.0,13.26,106832.912
2025-12-02 15:00:00,13.26,13.73,13.26,13.68,159553.754
2025-12-02 16:00:00,13.68,13.74,13.56,13.59,56172.662
2025-12-02 17:00:00,13.59,13.71,13.55,13.59,26931.729
2025-12-02 18:00:00,13.59,13.71,13.59,13.66,18653.194
2025-12-02 19:00:00,13.66,13.71,13.63,13.64,13101.189
2025-12-02 20:00:00,13.64,13.7,13.57,13.65,46685.534
2025-12-02 21:00:00,13.65,13.68,13.62,13.66,7443.073
2025-12-02 22:00:00,13.66,13.76,13.65,13.72,10111.591
2025-12-02 23:00:00,13.72,13.73,13.63,13.63,10148.427
2025-12-03 00:00:00,13.63,13.68,13.59,13.65,18453.436
2025-12-03 01:00:00,13.65,13.76,13.64,13.7,35654.365
2025-12-03 02:00:00,13.7,13.85,13.7,13.79,72681.631
2025-12-03 03:00:00,13.79,13.84,13.78,13.81,25468.128
2025-12-03 04:00:00,13.81,13.94,13.8,13.91,46919.225
2025-12-03 05:00:00,13.91,14.06,13.91,14.05,95406.393
2025-12-03 06:00:00,14.05,14.35,14.05,14.11,191689.415
2025-12-03 07:00:00,14.11,14.17,14.08,14.13,39377.92
2025-12-03 08:00:00,14.13,14.18,14.04,14.15,36811.585
2025-12-03 09:00:00,14.15,14.15,14.0,14.08,23843.049
2025-12-03 10:00:00,14.08,14.13,14.04,14.04,22916.217
2025-12-03 11:00:00,14.04,14.08,14.01,14.06,21013.736
2025-12-03 12:00:00,14.06,14.11,14.04,14.11,16559.51
2025-12-03 13:00:00,14.11,14.22,14.1,14.18,38955.484
2025-12-03 14:00:00,14.18,14.3,13.88,14.11,122693.847
2025-12-03 15:00:00,14.11,14.22,14.07,14.16,52885.475
2025-12-03 16:00:00,14.16,14.33,14.07,14.28,63546.125
2025-12-03 17:00:00,14.28,14.43,14.28,14.39,78037.621
2025-12-03 18:00:00,14.39,14.49,14.34,14.38,47215.805
2025-12-03 19:00:00,14.38,14.5,14.37,14.5,37692.727
2025-12-03 20:00:00,14.5,14.52,14.41,14.45,32249.45
2025-12-03 21:00:00,14.45,14.91,14.43,14.9,210118.805
2025-12-03 22:00:00,14.9,15.08,14.74,14.85,167845.712
2025-12-03 23:00:00,14.85,14.9,14.77,14.78,34820.551
2025-12-04 00:00:00,14.78,14.88,14.73,14.81,41428.673
2025-12-04 01:00:00,14.81,14.88,14.68,14.71,59389.126
2025-12-04 02:00:00,14.71,14.77,14.7,14.76,52651.015
2025-12-04 03:00:00,14.76,14.76,14.71,14.73,24926.021
2025-12-04 04:00:00,14.73,14.75,14.69,14.74,19631.269
2025-12-04 05:00:00,14.74,14.75,14.7,14.75,17548.307
2025-12-04 06:00:00,14.75,14.76,14.71,14.72,16631.382
2025-12-04 07:00:00,14.72,14.76,14.68,14.72,23263.083
2025-12-04 08:00:00,14.72,14.76,14.71,14.73,10900.885
2025-12-04 09:00:00,14.73,14.78,14.72,14.74,17651.459
2025-12-04 10:00:00,14.74,14.75,14.72,14.73,7804.939
2025-12-04 11:00:00,14.73,14.75,14.7,14.74,19804.736
2025-12-04 12:00:00,14.74,14.76,14.69,14.73,11690.448
2025-12-04 13:00:00,14.73,14.76,14.7,14.72,39466.422
2025-12-04 14:00:00,14.72,14.76,14.64,14.67,50443.348
2025-12-04 15:00:00,14.67,14.86,14.67,14.74,66964.852
2025-12-04 16:00:00,14.74,14.77,14.7,14.73,39107.078
2025-12-04 17:00:00,14.73,14.74,14.51,14.57,55662.516
2025-12-04 18:00:00,14.57,14.57,14.47,14.49,41744.192
2025-12-04 19:00:00,14.49,14.49,14.21,14.43,83222.867
2025-12-04 20:00:00,14.43,14.5,14.35,14.48,26031.486
2025-12-04 21:00:00,14.48,14.5,14.39,14.39,10514.712
2025-12-04 22:00:00,14.39,14.47,14.39,14.45,10962.341
2025-12-04 23:00:00,14.45,14.47,14.38,14.4,12213.695
2025-12-05 00:00:00,14.4,14.48,14.39,14.46,16926.882
2025-12-05 01:00:00,14.46,14.5,14.44,14.47,17148.547
2025-12-05 02:00:00,14.47,14.52,14.44,14.49,17634.603
2025-12-05 03:00:00,14.49,14.52,14.44,14.45,13791.518
2025-12-05 04:00:00,14.45,14.48,14.36,14.41,20677.716
2025-12-05 05:00:00,14.41,14.44,14.35,14.36,16559.809
2025-12-05 06:00:00,14.36,14.41,14.33,14.37,27589.971
2025-12-05 07:00:00,14.37,14.42,14.35,14.36,23413.839
2025-12-05 08:00:00,14.36,14.36,14.16,14.2,52179.209
2025-12-05 09:00:00,14.2,14.2,13.95,13.96,56521.435
2025-12-05 10:00:00,13.96,14.03,13.94,13.97,23410.716
2025-12-05 11:00:00,13.97,13.99,13.76,13.8,81067.108
2025-12-05 12:00:00,13.8,13.8,13.65,13.75,100726.286
2025-12-05 13:00:00,13.75,13.77,13.63,13.69,41949.036
2025-12-05 14:00:00,13.69,13.72,13.58,13.63,53313.341
2025-12-05 15:00:00,13.63,13.87,13.63,13.68,71044.77
2025-12-05 16:00:00,13.68,13.68,13.31,13.45,104751.567
2025-12-05 17:00:00,13.45,13.48,13.29,13.42,25897.888
2025-12-05 18:00:00,13.42,13.52,13.26,13.26,38285.711
2025-12-05 19:00:00,13.26,13.45,13.19,13.41,71646.438
2025-12-05 20:00:00,13.41,13.43,13.31,13.34,14141.815
2025-12-05 21:00:00,13.34,13.38,13.27,13.29,18200.769
2025-12-05 22:00:00,13.29,13.32,13.2,13.24,17709.138
2025-12-05 23:00:00,13.24,13.25,13.11,13.21,25593.787
2025-12-06 00:00:00,13.21,13.27,13.15,13.27,19839.973
2025-12-06 01:00:00,13.27,13.39,13.27,13.38,27767.381
2025-12-06 02:00:00,13.38,13.39,13.25,13.3,29389.156
2025-12-06 03:00:00,13.3,13.37,13.3,13.32,23194.362
2025-12-06 04:00:00,13.32,13.32,13.26,13.29,11700.458
2025-12-06 05:00:00,13.29,13.32,13.28,13.3,13728.376
2025-12-06 06:00:00,13.3,13.31,13.24,13.25,20488.759
2025-12-06 07:00:00,13.25,13.28,13.2,13.23,19112.6
2025-12-06 08:00:00,13.23,13.23,13.16,13.17,27154.366
2025-12-06 09:00:00,13.17,13.29,13.17,13.28,17468.427
2025-12-06 10:00:00,13.28,13.32,13.21,13.21,13252.496
2025-12-06 11:00:00,13.21,13.24,13.18,13.23,10329.583
2025-12-06 12:00:00,13.23,13.24,13.19,13.2,10386.195
2025-12-06 13:00:00,13.2,13.23,13.17,13.21,9558.384
2025-12-06 14:00:00,13.21,13.33,13.18,13.31,25992.796
2025-12-06 15:00:00,13.31,13.35,13.22,13.32,15130.633
2025-12-06 16:00:00,13.32,13.43,13.3,13.37,17584.241
2025-12-06 17:00:00,13.37,13.43,13.33,13.38,7919.392
2025-12-06 18:00:00,13.38,13.48,13.36,13.44,24413.171
2025-12-06 19:00:00,13.44,13.46,13.28,13.31,20156.045
2025-12-06 20:00:00,13.31,13.4,13.3,13.39,9789.186
2025-12-06 21:00:00,13.39,13.46,13.36,13.42,19678.708
2025-12-06 22:00:00,13.42,13.44,13.37,13.38,16970.126
2025-12-06 23:00:00,13.38,13.41,13.31,13.41,11310.955
2025-12-07 00:00:00,13.41,13.52,13.4,13.48,31097.532
2025-12-07 01:00:00,13.48,13.51,13.46,13.46,15304.43
2025-12-07 02:00:00,13.46,13.55,13.46,13.54,21759.9
2025-12-07 03:00:00,13.54,13.54,13.45,13.49,10278.781
2025-12-07 04:00:00,13.49,13.52,13.41,13.42,9552.115
2025-12-07 05:00:00,13.42,13.48,13.4,13.47,10152.495
2025-12-07 06:00:00,13.47,13.51,13.46,13.49,12393.958
2025-12-07 07:00:00,13.49,13.49,13.37,13.4,14727.499
2025-12-07 08:00:00,13.4,13.43,13.35,13.38,13489.686
2025-12-07 09:00:00,13.38,13.41,13.32,13.34,15034.076
2025-12-07 10:00:00,13.34,13.41,13.31,13.36,11461.965
2025-12-07 11:00:00,13.36,13.37,13.33,13.35,6847.857
2025-12-07 12:00:00,13.35,13.44,13.34,13.42,11854.413
2025-12-07 13:00:00,13.42,13.44,13.29,13.33,22800.058
2025-12-07 14:00:00,13.33,13.34,12.95,13.02,109764.203
2025-12-07 15:00:00,13.02,13.44,13.0,13.42,47848.561
2025-12-07 16:00:00,13.42,13.45,13.3,13.44,23952.019
2025-12-07 17:00:00,13.44,13.71,13.35,13.66,149356.75
2025-12-07 18:00:00,13.66,13.85,13.66,13.77,120333.24
2025-12-07 19:00:00,13.77,13.8,13.72,13.76,41134.801
2025-12-07 20:00:00,13.76,13.82,13.73,13.81,15903.494
2025-12-07 21:00:00,13.81,13.81,13.47,13.53,42205.75
2025-12-07 22:00:00,13.53,13.53,13.27,13.38,72058.472
2025-12-07 23:00:00,13.38,13.5,13.32,13.49,21567.044
2025-12-08 00:00:00,13.49,13.49,13.38,13.38,36879.045
2025-12-08 01:00:00,13.38,13.66,13.38,13.53,57250.005
2025-12-08 02:00:00,13.53,13.58,13.49,13.58,23500.813
2025-12-08 03:00:00,13.58,13.6,13.53,13.54,14047.727
2025-12-08 04:00:00,13.54,13.68,13.54,13.64,22885.91
2025-12-08 05:00:00,13.64,13.71,13.59,13.71,19980.909
2025-12-08 06:00:00,13.71,13.73,13.67,13.69,16667.428
2025-12-08 07:00:00,13.69,13.72,13.65,13.69,16853.11
2025-12-08 08:00:00,13.69,13.75,13.66,13.75,22446.201
2025-12-08 09:00:00,13.75,13.91,13.75,13.77,58927.553
2025-12-08 10:00:00,13.77,13.82,13.76,13.81,11871.278
2025-12-08 11:00:00,13.81,13.83,13.7,13.75,11750.786
2025-12-08 12:00:00,13.75,13.75,13.67,13.74,15210.732
2025-12-08 13:00:00,13.74,13.82,13.7,13.73,15397.28
2025-12-08 14:00:00,13.73,13.82,13.64,13.71,56527.111
2025-12-08 15:00:00,13.71,13.74,13.51,13.59,44562.41
2025-12-08 16:00:00,13.59,13.71,13.53,13.63,33279.278
2025-12-08 17:00:00,13.63,13.71,13.57,13.68,32346.742
2025-12-08 18:00:00,13.68,13.72,13.49,13.53,26649.205
2025-12-08 19:00:00,13.53,13.62,13.53,13.55,14447.746
2025-12-08 20:00:00,13.55,13.66,13.55,13.63,29178.82
2025-12-08 21:00:00,13.63,13.75,13.6,13.73,35349.492
2025-12-08 22:00:00,13.73,13.74,13.64,13.68,11661.541
2025-12-08 23:00:00,13.68,13.71,13.6,13.65,10821.018
2025-12-09 00:00:00,13.65,13.73,13.6,13.61,19227.816
2025-12-09 01:00:00,13.61,13.63,13.53,13.56,19093.36
2025-12-09 02:00:00,13.56,13.64,13.56,13.59,12757.553
2025-12-09 03:00:00,13.59,13.73,13.53,13.73,47290.641
2025-12-09 04:00:00,13.73,13.77,13.64,13.66,43704.53
2025-12-09 05:00:00,13.66,13.69,13.58,13.59,29739.448
2025-12-09 06:00:00,13.59,13.63,13.54,13.62,18808.803
2025-12-09 07:00:00,13.62,13.73,13.61,13.72,47595.828
2025-12-09 08:00:00,13.72,13.76,13.68,13.69,31995.516
2025-12-09 09:00:00,13.69,13.69,13.57,13.58,18057.425
2025-12-09 10:00:00,13.58,13.62,13.52,13.57,24539.815
2025-12-09 11:00:00,13.57,13.6,13.5,13.59,15757.096
2025-12-09 12:00:00,13.59,13.68,13.57,13.66,19627.686
2025-12-09 13:00:00,13.66,13.71,13.59,13.65,15746.897
2025-12-09 14:00:00,13.65,13.69,13.55,13.62,36240.516
2025-12-09 15:00:00,13.62,14.17,13.61,14.12,191247.884
2025-12-09 16:00:00,14.12,14.67,14.12,14.61,340295.042
2025-12-09 17:00:00,14.61,14.73,14.52,14.59,85166.496
2025-12-09 18:00:00,14.59,14.67,14.55,14.63,42485.493
2025-12-09 19:00:00,14.63,14.64,14.56,14.63,23341.604
2025-12-09 20:00:00,14.63,14.65,14.56,14.6,53208.534
2025-12-09 21:00:00,14.6,14.64,14.48,14.61,74732.477
2025-12-09 22:00:00,14.61,14.67,14.57,14.61,42286.423
2025-12-09 23:00:00,14.61,14.64,14.59,14.6,13251.641
2025-12-10 00:00:00,14.6,14.65,14.56,14.59,49481.832
2025-12-10 01:00:00,14.59,14.62,14.57,14.61,17622.641
2025-12-10 02:00:00,14.61,14.63,14.58,14.62,34228.647
2025-12-10 03:00:00,14.62,14.63,14.58,14.63,9281.768
2025-12-10 04:00:00,14.63,14.63,14.59,14.59,8626.072
2025-12-10 05:00:00,14.59,14.61,14.57,14.59,14867.439
2025-12-10 06:00:00,14.59,14.62,14.56,14.6,12321.358
2025-12-10 07:00:00,14.6,14.62,14.57,14.61,15024.561
2025-12-10 08:00:00,14.61,14.64,14.58,14.58,16952.854
2025-12-10 09:00:00,14.58,14.64,14.57,14.63,20577.224
2025-12-10 10:00:00,14.63,14.67,14.34,14.35,81725.106
2025-12-10 11:00:00,14.35,14.36,14.17,14.26,35609.101
2025-12-10 12:00:00,14.26,14.28,14.14,14.24,28518.121
2025-12-10 13:00:00,14.24,14.32,14.23,14.3,17348.879
2025-12-10 14:00:00,14.3,14.31,14.17,14.23,28538.499
2025-12-10 15:00:00,14.23,14.32,14.21,14.24,17428.393
2025-12-10 16:00:00,14.24,14.37,14.2,14.3,24556.91
2025-12-10 17:00:00,14.3,14.38,14.27,14.34,17161.361
2025-12-10 18:00:00,14.34,14.59,14.31,14.47,43705.007
2025-12-10 19:00:00,14.47,14.67,14.33,14.56,153362.24
2025-12-10 20:00:00,14.56,14.82,14.41,14.43,200138.689
2025-12-10 21:00:00,14.43,14.47,14.26,14.27,49848.213
2025-12-10 22:00:00,14.27,14.33,14.09,14.27,29436.518
2025-12-10 23:00:00,14.27,14.3,14.1,14.12,14739.413
2025-12-11 00:00:00,14.12,14.12,13.77,13.81,73424.289
2025-12-11 01:00:00,13.81,13.81,13.59,13.6,43554.222
2025-12-11 02:00:00,13.6,13.6,13.42,13.43,63053.579
2025-12-11 03:00:00,13.43,13.43,13.27,13.31,79949.557
2025-12-11 04:00:00,13.31,13.43,13.23,13.41,39618.963
2025-12-11 05:00:00,13.41,13.45,13.38,13.43,19908.065
2025-12-11 06:00:00,13.43,13.49,13.36,13.45,27865.844
2025-12-11 07:00:00,13.45,13.45,13.37,13.39,18725.945
2025-12-11 08:00:00,13.39,13.4,13.3,13.36,24137.781
2025-12-11 09:00:00,13.36,13.42,13.35,13.36,19758.812
2025-12-11 10:00:00,13.36,13.38,13.26,13.3,17547.797
2025-12-11 11:00:00,13.3,13.34,13.24,13.33,24189.731
2025-12-11 12:00:00,13.33,13.37,13.29,13.29,27900.646
2025-12-11 13:00:00,13.29,13.36,13.27,13.35,25999.266
2025-12-11 14:00:00,13.35,13.35,13.06,13.12,57872.571
2025-12-11 15:00:00,13.12,13.22,12.93,13.01,69677.392
2025-12-11 16:00:00,13.01,13.13,12.89,13.03,34541.97
2025-12-11 17:00:00,13.03,13.16,13.02,13.08,22121.237
2025-12-11 18:00:00,13.08,13.34,13.05,13.22,33311.548
2025-12-11 19:00:00,13.22,13.39,13.19,13.25,78083.917
2025-12-11 20:00:00,13.25,13.38,13.24,13.37,28371.449
2025-12-11 21:00:00,13.37,13.63,13.35,13.52,47519.642
2025-12-11 22:00:00,13.52,13.57,13.38,13.43,12256.639
2025-12-11 23:00:00,13.43,13.48,13.39,13.42,8191.545
2025-12-12 00:00:00,13.42,13.55,13.33,13.34,19910.123
2025-12-12 01:00:00,13.34,13.57,13.34,13.54,20275.228
2025-12-12 02:00:00,13.54,13.71,13.53,13.7,27043.391
2025-12-12 03:00:00,13.7,13.74,13.61,13.61,14878.637
2025-12-12 04:00:00,13.61,13.61,13.56,13.6,16384.004
2025-12-12 05:00:00,13.6,13.7,13.56,13.7,17717.257
2025-12-12 06:00:00,13.7,13.79,13.7,13.75,30474.172
2025-12-12 07:00:00,13.75,13.79,13.65,13.65,16904.394
2025-12-12 08:00:00,13.65,13.66,13.51,13.55,17036.675
2025-12-12 09:00:00,13.55,13.64,13.49,13.64,11008.135
2025-12-12 10:00:00,13.64,13.68,13.59,13.59,12007.828
2025-12-12 11:00:00,13.59,13.6,13.53,13.56,12239.857
2025-12-12 12:00:00,13.56,13.61,13.51,13.58,18522.941
2025-12-12 13:00:00,13.58,13.65,13.57,13.62,12891.281
2025-12-12 14:00:00,13.62,13.63,13.46,13.53,34126.203
2025-12-12 15:00:00,13.53,13.53,12.81,12.9,87598.256
2025-12-12 16:00:00,12.9,12.99,12.81,12.93,84630.558
2025-12-12 17:00:00,12.93,13.09,12.92,12.99,26856.691
2025-12-12 18:00:00,12.99,13.2,12.97,13.13,24102.176
2025-12-12 19:00:00,13.13,13.14,13.03,13.08,15630.98
2025-12-12 20:00:00,13.08,13.1,13.04,13.08,17559.487
2025-12-12 21:00:00,13.08,13.13,13.07,13.08,12131.214
2025-12-12 22:00:00,13.08,13.15,13.07,13.12,12225.542
2025-12-12 23:00:00,13.12,13.17,13.1,13.11,5544.624
2025-12-13 00:00:00,13.11,13.19,13.11,13.12,15902.834
2025-12-13 01:00:00,13.12,13.14,13.1,13.14,17986.149
2025-12-13 02:00:00,13.14,13.2,13.14,13.19,14226.036
2025-12-13 03:00:00,13.19,13.24,13.19,13.21,11402.564
2025-12-13 04:00:00,13.21,13.26,13.19,13.24,8581.712
2025-12-13 05:00:00,13.24,13.31,13.24,13.3,15570.673
2025-12-13 06:00:00,13.3,13.46,13.27,13.34,62414.389
2025-12-13 07:00:00,13.34,13.36,13.31,13.33,9140.666
2025-12-13 08:00:00,13.33,13.46,13.33,13.4,18426.737
2025-12-13 09:00:00,13.4,13.43,13.37,13.39,10021.251
2025-12-13 10:00:00,13.39,13.47,13.36,13.45,17261.846
2025-12-13 11:00:00,13.45,13.46,13.38,13.38,8769.344
2025-12-13 12:00:00,13.38,13.41,13.25,13.27,17611.947
2025-12-13 13:00:00,13.27,13.3,13.24,13.28,16077.536
2025-12-13 14:00:00,13.28,13.32,13.23,13.31,12806.868
2025-12-13 15:00:00,13.31,13.39,13.3,13.37,18686.679
2025-12-13 16:00:00,13.37,13.41,13.34,13.37,14621.415
2025-12-13 17:00:00,13.37,13.38,13.32,13.36,11677.3
2025-12-13 18:00:00,13.36,13.41,13.34,13.37,23666.549
2025-12-13 19:00:00,13.37,13.41,13.36,13.38,5552.797
2025-12-13 20:00:00,13.38,13.4,13.33,13.34,6311.121
2025-12-13 21:00:00,13.34,13.34,13.25,13.32,8259.184
2025-12-13 22:00:00,13.32,13.34,13.25,13.32,23161.175
2025-12-13 23:00:00,13.32,13.39,13.3,13.38,12680.327
2025-12-14 00:00:00,13.38,13.38,13.33,13.37,14959.522
2025-12-14 01:00:00,13.37,13.4,13.33,13.33,7984.579
2025-12-14 02:00:00,13.33,13.39,13.32,13.36,9568.578
2025-12-14 03:00:00,13.36,13.37,13.3,13.31,5990.887
2025-12-14 04:00:00,13.31,13.32,13.26,13.27,6509.883
2025-12-14 05:00:00,13.27,13.27,13.2,13.24,12484.002
2025-12-14 06:00:00,13.24,13.24,13.19,13.21,8542.343
2025-12-14 07:00:00,13.21,13.26,13.2,13.25,6560.848
2025-12-14 08:00:00,13.25,13.29,13.19,13.19,7501.443
2025-12-14 09:00:00,13.19,13.19,13.15,13.16,10317.614
2025-12-14 10:00:00,13.16,13.19,13.1,13.15,25913.85
2025-12-14 11:00:00,13.15,13.16,12.97,13.07,54457.089
2025-12-14 12:00:00,13.07,13.15,13.02,13.11,17942.865
2025-12-14 13:00:00,13.11,13.11,12.99,13.06,19265.666
2025-12-14 14:00:00,13.06,13.08,12.98,13.02,19261.208
2025-12-14 15:00:00,13.02,13.06,12.98,13.02,10283.396
2025-12-14 16:00:00,13.02,13.11,12.99,13.04,18451.936
2025-12-14 17:00:00,13.04,13.05,12.92,12.94,18838.285
2025-12-14 18:00:00,12.94,13.04,12.93,13.04,11647.789
2025-12-14 19:00:00,13.04,13.04,12.94,12.98,10879.355
2025-12-14 20:00:00,12.98,13.02,12.9,12.94,21920.147
2025-12-14 21:00:00,12.94,12.97,12.84,12.88,14391.694
2025-12-14 22:00:00,12.88,12.95,12.82,12.91,11261.912
2025-12-14 23:00:00,12.91,12.96,12.73,12.88,38386.533
2025-12-15 00:00:00,12.88,12.98,12.86,12.96,26475.031
2025-12-15 01:00:00,12.96,13.14,12.94,13.11,30409.771
2025-12-15 02:00:00,13.11,13.27,13.09,13.11,30636.341
2025-12-15 03:00:00,13.11,13.15,13.07,13.08,18029.771
2025-12-15 04:00:00,13.08,13.18,13.08,13.17,16209.597
2025-12-15 05:00:00,13.17,13.25,13.17,13.21,11861.604
2025-12-15 06:00:00,13.21,13.32,13.17,13.26,22311.672
2025-12-15 07:00:00,13.26,13.33,13.16,13.19,33698.999
2025-12-15 08:00:00,13.19,13.24,13.18,13.21,14223.842
2025-12-15 09:00:00,13.21,13.25,13.19,13.23,18565.18
2025-12-15 10:00:00,13.23,13.36,13.21,13.29,30902.987
2025-12-15 11:00:00,13.29,13.3,13.21,13.22,15907.167
2025-12-15 12:00:00,13.22,13.22,13.17,13.2,17524.206
2025-12-15 13:00:00,13.2,13.2,13.08,13.1,27058.26
2025-12-15 14:00:00,13.1,13.21,12.79,12.87,82409.48
2025-12-15 15:00:00,12.87,12.87,12.43,12.51,126172.793
2025-12-15 16:00:00,12.51,12.54,12.38,12.43,57522.848
2025-12-15 17:00:00,12.43,12.46,12.3,12.32,36299.344
2025-12-15 18:00:00,12.32,12.39,12.2,12.38,34497.024
2025-12-15 19:00:00,12.38,12.49,12.37,12.4,26090.15
2025-12-15 20:00:00,12.4,12.4,12.26,12.32,30143.157
2025-12-15 21:00:00,12.32,12.37,12.29,12.35,15594.988
2025-12-15 22:00:00,12.35,12.36,12.32,12.35,10599.943
2025-12-15 23:00:00,12.35,12.38,12.33,12.35,33797.603
2025-12-16 00:00:00,12.35,12.36,12.2,12.2,36809.104
2025-12-16 01:00:00,12.2,12.32,12.17,12.29,34590.295
2025-12-16 02:00:00,12.29,12.34,12.22,12.26,16305.049
2025-12-16 03:00:00,12.26,12.29,12.2,12.26,15585.069
2025-12-16 04:00:00,12.26,12.28,12.06,12.2,40229.524
2025-12-16 05:00:00,12.2,12.24,12.18,12.21,14905.345
2025-12-16 06:00:00,12.21,12.34,12.21,12.33,18854.939
2025-12-16 07:00:00,12.33,12.34,12.18,12.2,13568.778
2025-12-16 08:00:00,12.2,12.24,12.16,12.18,14247.122
2025-12-16 09:00:00,12.18,12.2,12.15,12.18,12641.139
2025-12-16 10:00:00,12.18,12.4,12.16,12.33,45713.899
2025-12-16 11:00:00,12.33,12.37,12.3,12.35,31485.006
2025-12-16 12:00:00,12.35,12.37,12.24,12.24,16646.378
2025-12-16 13:00:00,12.24,12.41,11.95,12.0,81423.562
2025-12-16 14:00:00,12.0,12.27,11.92,12.18,58654.32
2025-12-16 15:00:00,12.18,12.37,12.1,12.35,40361.06
2025-12-16 16:00:00,12.35,12.38,12.25,12.29,33824.422
2025-12-16 17:00:00,12.29,12.35,12.17,12.18,18701.63
2025-12-16 18:00:00,12.18,12.36,12.15,12.31,37254.671
2025-12-16 19:00:00,12.31,12.35,12.2,12.29,20092.017
2025-12-16 20:00:00,12.29,12.38,12.28,12.32,34066.868
2025-12-16 21:00:00,12.32,12.36,12.27,12.33,14678.041
2025-12-16 22:00:00,12.33,12.36,12.29,12.31,12850.348
2025-12-16 23:00:00,12.31,12.36,12.31,12.35,11643.435
2025-12-17 00:00:00,12.35,12.35,12.3,12.33,12396.966
2025-12-17 01:00:00,12.33,12.394,12.31,12.33,20899.013
2025-12-17 02:00:00,12.33,12.37,12.28,12.34,16784.948
2025-12-17 03:00:00,12.34,12.37,12.3,12.3,23959.728
2025-12-17 04:00:00,12.3,12.32,12.18,12.19,25436.192
2025-12-17 05:00:00,12.19,12.2,12.07,12.17,39729.656
2025-12-17 06:00:00,12.17,12.26,12.17,12.22,13814.698
2025-12-17 07:00:00,12.22,12.26,12.18,12.23,18626.783
2025-12-17 08:00:00,12.23,12.23,12.13,12.13,9620.586
2025-12-17 09:00:00,12.13,12.13,12.08,12.1,11345.266
2025-12-17 10:00:00,12.1,12.13,12.06,12.09,11378.471
2025-12-17 11:00:00,12.09,12.18,12.08,12.17,5996.121
2025-12-17 12:00:00,12.17,12.2,12.13,12.18,7059.756
2025-12-17 13:00:00,12.18,12.3,12.15,12.29,19632.544
2025-12-17 14:00:00,12.29,12.48,12.07,12.47,96801.946
2025-12-17 15:00:00,12.47,12.65,12.12,12.16,216852.544
2025-12-17 16:00:00,12.16,12.23,11.84,12.01,92959.85
2025-12-17 17:00:00,12.01,12.06,11.89,11.9,30823.605
2025-12-17 18:00:00,11.9,11.99,11.78,11.8,30924.911
2025-12-17 19:00:00,11.8,11.89,11.7,11.89,55887.394
2025-12-17 20:00:00,11.89,11.99,11.83,11.9,30725.182
2025-12-17 21:00:00,11.9,11.93,11.81,11.83,12993.884
2025-12-17 22:00:00,11.83,11.9,11.78,11.88,14550.15
2025-12-17 23:00:00,11.88,11.88,11.81,11.86,5684.435
2025-12-18 00:00:00,11.86,11.87,11.81,11.82,13314.88
2025-12-18 01:00:00,11.82,11.82,11.73,11.74,19999.611
2025-12-18 02:00:00,11.74,11.89,11.73,11.85,15293.47
2025-12-18 03:00:00,11.85,11.85,11.69,11.74,9760.123
2025-12-18 04:00:00,11.74,11.8,11.73,11.77,12739.647
2025-12-18 05:00:00,11.77,11.77,11.66,11.67,16115.512
2025-12-18 06:00:00,11.67,11.75,11.67,11.73,12824.733
2025-12-18 07:00:00,11.73,11.8,11.71,11.76,10519.676
2025-12-18 08:00:00,11.76,11.8,11.73,11.74,20896.525
2025-12-18 09:00:00,11.74,11.78,11.68,11.73,19356.267
2025-12-18 10:00:00,11.73,11.78,11.72,11.76,7916.658
2025-12-18 11:00:00,11.76,11.76,11.69,11.73,13113.513
2025-12-18 12:00:00,11.73,11.82,11.69,11.77,13303.441
2025-12-18 13:00:00,11.77,12.21,11.77,12.17,75921.69
2025-12-18 14:00:00,12.17,12.31,12.04,12.14,58711.418
2025-12-18 15:00:00,12.14,12.3,12.02,12.18,39299.889
2025-12-18 16:00:00,12.18,12.19,12.05,12.12,13575.779
2025-12-18 17:00:00,12.12,12.12,11.41,11.65,107638.326
2025-12-18 18:00:00,11.65,11.77,11.51,11.54,27014.203
2025-12-18 19:00:00,11.54,11.57,11.27,11.3,52942.668
2025-12-18 20:00:00,11.3,11.46,11.29,11.35,44264.1
2025-12-18 21:00:00,11.35,11.56,11.35,11.54,35548.57
2025-12-18 22:00:00,11.54,11.58,11.47,11.47,11987.322
2025-12-18 23:00:00,11.47,11.49,11.42,11.45,7399.895
2025-12-19 00:00:00,11.45,11.47,11.33,11.4,19100.757
2025-12-19 01:00:00,11.4,11.4,11.28,11.33,15033.733
2025-12-19 02:00:00,11.33,11.39,11.27,11.36,24741.336
2025-12-19 03:00:00,11.36,11.82,11.36,11.74,90111.419
2025-12-19 04:00:00,11.74,11.8,11.66,11.68,38579.308
2025-12-19 05:00:00,11.68,11.71,11.61,11.7,15846.931
2025-12-19 06:00:00,11.7,11.78,11.66,11.78,29018.239
2025-12-19 07:00:00,11.78,12.09,11.78,11.93,29013.542
2025-12-19 08:00:00,11.93,12.03,11.89,11.97,21294.661
2025-12-19 09:00:00,11.97,11.97,11.92,11.96,7396.395
2025-12-19 10:00:00,11.96,11.98,11.92,11.94,4020.051
2025-12-19 11:00:00,11.94,12.03,11.93,11.98,8031.872
2025-12-19 12:00:00,11.98,12.02,11.94,11.98,13932.629
2025-12-19 13:00:00,11.98,12.03,11.95,12.03,19233.922
2025-12-19 14:00:00,12.03,12.26,12.01,12.16,66244.522
2025-12-19 15:00:00,12.16,12.41,12.11,12.19,97822.749
2025-12-19 16:00:00,12.19,12.46,12.18,12.3,85113.861
2025-12-19 17:00:00,12.3,12.37,12.08,12.09,50194.189
2025-12-19 18:00:00,12.09,12.21,12.07,12.19,20298.009
2025-12-19 19:00:00,12.19,12.37,12.19,12.33,41364.029
2025-12-19 20:00:00,12.33,12.39,12.31,12.36,43318.614
2025-12-19 21:00:00,12.36,12.36,12.25,12.26,7926.032
2025-12-19 22:00:00,12.26,12.33,12.26,12.3,7676.274
2025-12-19 23:00:00,12.3,12.32,12.25,12.25,18358.032
2025-12-20 00:00:00,12.25,12.27,12.22,12.23,8753.965
2025-12-20 01:00:00,12.23,12.24,12.21,12.22,7976.855
2025-12-20 02:00:00,12.22,12.26,12.19,12.22,11095.932
2025-12-20 03:00:00,12.22,12.29,12.21,12.26,10608.244
2025-12-20 04:00:00,12.26,12.26,12.2,12.22,10210.232
2025-12-20 05:00:00,12.22,12.28,12.22,12.25,10755.702
2025-12-20 06:00:00,12.25,12.28,12.25,12.28,5014.144
2025-12-20 07:00:00,12.28,12.34,12.24,12.34,17491.941
2025-12-20 08:00:00,12.34,12.37,12.32,12.33,17939.562
2025-12-20 09:00:00,12.33,12.37,12.33,12.34,9598.502
2025-12-20 10:00:00,12.34,12.34,12.25,12.26,8729.222
2025-12-20 11:00:00,12.26,12.31,12.24,12.31,8003.279
2025-12-20 12:00:00,12.31,12.31,12.27,12.28,3725.166
2025-12-20 13:00:00,12.28,12.3,12.2,12.25,20594.787
2025-12-20 14:00:00,12.25,12.28,12.17,12.27,20278.069
2025-12-20 15:00:00,12.27,12.28,12.22,12.27,11361.155
2025-12-20 16:00:00,12.27,12.3,12.27,12.29,6410.259
2025-12-20 17:00:00,12.29,12.32,12.25,12.26,3663.752
2025-12-20 18:00:00,12.26,12.28,12.24,12.27,4346.575
2025-12-20 19:00:00,12.27,12.28,12.25,12.26,4830.374
2025-12-20 20:00:00,12.26,12.29,12.25,12.27,4720.803
2025-12-20 21:00:00,12.27,12.29,12.22,12.22,4138.885
2025-12-20 22:00:00,12.22,12.23,12.15,12.17,12015.616
2025-12-20 23:00:00,12.17,12.22,12.13,12.21,22113.686
2025-12-21 00:00:00,12.21,12.25,12.2,12.25,5590.0
2025-12-21 01:00:00,12.25,12.26,12.15,12.16,8667.528
2025-12-21 02:00:00,12.16,12.18,12.09,12.13,21041.473
2025-12-21 03:00:00,12.13,12.22,12.12,12.19,10786.101
2025-12-21 04:00:00,12.19,12.2,12.16,12.17,5141.271
2025-12-21 05:00:00,12.17,12.18,12.14,12.14,2366.461
2025-12-21 06:00:00,12.14,12.17,12.13,12.14,4065.379
2025-12-21 07:00:00,12.14,12.14,12.11,12.13,3914.653
2025-12-21 08:00:00,12.13,12.24,12.1,12.2,12964.834
2025-12-21 09:00:00,12.2,12.34,12.2,12.28,52455.893
2025-12-21 10:00:00,12.28,12.3,12.2,12.22,3913.212
2025-12-21 11:00:00,12.22,12.28,12.22,12.24,6216.051
2025-12-21 12:00:00,12.24,12.29,12.21,12.24,7890.471
2025-12-21 13:00:00,12.24,12.24,11.97,11.99,34126.972
2025-12-21 14:00:00,11.99,12.07,11.95,12.07,21947.65
2025-12-21 15:00:00,12.07,12.12,12.02,12.1,23346.488
2025-12-21 16:00:00,12.1,12.16,12.06,12.14,13020.423
2025-12-21 17:00:00,12.14,12.18,12.08,12.1,13694.927
2025-12-21 18:00:00,12.1,12.1,12.01,12.08,4544.863
2025-12-21 19:00:00,12.08,12.14,12.05,12.12,7208.022
2025-12-21 20:00:00,12.12,12.12,12.06,12.06,2124.907
2025-12-21 21:00:00,12.06,12.06,11.99,12.0,7801.901
2025-12-21 22:00:00,12.0,12.13,11.99,12.13,7234.374
2025-12-21 23:00:00,12.13,12.25,12.1,12.15,28803.45
2025-12-22 00:00:00,12.15,12.41,12.15,12.23,67791.05
2025-12-22 01:00:00,12.23,12.32,12.18,12.19,13007.895
2025-12-22 02:00:00,12.19,12.19,12.01,12.1,28635.075
2025-12-22 03:00:00,12.1,12.23,12.07,12.2,15001.789
2025-12-22 04:00:00,12.2,12.27,12.2,12.24,7174.785
2025-12-22 05:00:00,12.24,12.24,12.17,12.19,4082.781
2025-12-22 06:00:00,12.19,12.2,12.15,12.15,3678.004
2025-12-22 07:00:00,12.15,12.21,12.14,12.2,6123.039
2025-12-22 08:00:00,12.2,12.34,12.16,12.22,39752.33
2025-12-22 09:00:00,12.22,12.25,12.19,12.25,8199.959
2025-12-22 10:00:00,12.25,12.29,12.22,12.28,8012.87
2025-12-22 11:00:00,12.28,12.38,12.26,12.36,25852.525
2025-12-22 12:00:00,12.36,12.44,12.34,12.37,33992.152
2025-12-22 13:00:00,12.37,12.38,12.33,12.38,12806.589
2025-12-22 14:00:00,12.38,12.41,12.3,12.37,54183.169
2025-12-22 15:00:00,12.37,12.44,12.28,12.38,59348.413
2025-12-22 16:00:00,12.38,12.41,12.34,12.36,36830.045
2025-12-22 17:00:00,12.36,12.38,12.31,12.38,9473.827
2025-12-22 18:00:00,12.38,12.4,12.33,12.34,33978.127
2025-12-22 19:00:00,12.34,12.35,12.12,12.15,39380.592
2025-12-22 20:00:00,12.15,12.19,12.08,12.17,40763.064
2025-12-22 21:00:00,12.17,12.36,12.17,12.33,37680.178
2025-12-22 22:00:00,12.33,12.41,12.29,12.4,69426.182
2025-12-22 23:00:00,12.4,12.44,12.35,12.41,40932.049
2025-12-23 00:00:00,12.41,12.55,12.39,12.48,40955.227
2025-12-23 01:00:00,12.48,12.54,12.42,12.45,242737.903
2025-12-23 02:00:00,12.45,12.5,12.39,12.4,28456.26
2025-12-23 03:00:00,12.4,12.44,12.34,12.41,25222.409
2025-12-23 04:00:00,12.41,12.43,12.33,12.34,13680.849
2025-12-23 05:00:00,12.34,12.35,12.25,12.3,38311.683
2025-12-23 06:00:00,12.3,12.3,12.13,12.2,35872.466
2025-12-23 07:00:00,12.2,12.23,12.16,12.19,19769.038
2025-12-23 08:00:00,12.19,12.29,12.18,12.2,7444.133
2025-12-23 09:00:00,12.2,12.23,12.16,12.19,11004.472
2025-12-23 10:00:00,12.19,12.26,12.19,12.23,8894.514
2025-12-23 11:00:00,12.23,12.33,12.22,12.3,14050.299
2025-12-23 12:00:00,12.3,12.3,12.16,12.17,10113.28
2025-12-23 13:00:00,12.17,12.22,12.02,12.07,61204.696
2025-12-23 14:00:00,12.07,12.11,11.84,11.94,83607.509
2025-12-23 15:00:00,11.94,12.0,11.89,11.95,39751.484
2025-12-23 16:00:00,11.95,12.08,11.92,12.05,27501.696
2025-12-23 17:00:00,12.05,12.11,11.96,11.97,48502.073
2025-12-23 18:00:00,11.97,12.17,11.97,12.15,70643.815
2025-12-23 19:00:00,12.15,12.19,12.08,12.12,16868.576
2025-12-23 20:00:00,12.12,12.34,12.08,12.27,98872.189
2025-12-23 21:00:00,12.27,12.34,12.22,12.24,101476.069
2025-12-23 22:00:00,12.24,12.31,12.17,12.19,81185.389
2025-12-23 23:00:00,12.19,12.2,12.12,12.18,13412.273
2025-12-24 00:00:00,12.18,12.21,12.13,12.18,10013.637
2025-12-24 01:00:00,12.18,12.25,12.15,12.16,93948.936
2025-12-24 02:00:00,12.16,12.16,11.99,12.01,19864.011
2025-12-24 03:00:00,12.01,12.08,11.97,12.07,8375.916
2025-12-24 04:00:00,12.07,12.14,12.02,12.02,9209.315
2025-12-24 05:00:00,12.02,12.06,11.98,11.99,13256.501
2025-12-24 06:00:00,11.99,12.02,11.94,12.0,17840.039
2025-12-24 07:00:00,12.0,12.04,11.98,11.98,4353.663
2025-12-24 08:00:00,11.98,12.07,11.97,12.0,14776.256
2025-12-24 09:00:00,12.0,12.06,12.0,12.03,10762.524
2025-12-24 10:00:00,12.03,12.11,12.02,12.07,8233.73
2025-12-24 11:00:00,12.07,12.14,12.07,12.1,13485.927
2025-12-24 12:00:00,12.1,12.15,12.08,12.14,5137.672
2025-12-24 13:00:00,12.14,12.15,12.03,12.06,5436.174
2025-12-24 14:00:00,12.06,12.09,11.89,11.99,31014.693
2025-12-24 15:00:00,11.99,12.04,11.91,12.01,18214.004
2025-12-24 16:00:00,12.01,12.09,11.95,11.98,93639.992
2025-12-24 17:00:00,11.98,12.02,11.93,11.93,34805.913
2025-12-24 18:00:00,11.93,12.01,11.91,11.99,11723.406
2025-12-24 19:00:00,11.99,12.05,11.98,12.04,8896.95
2025-12-24 20:00:00,12.04,12.07,12.03,12.05,8581.454
2025-12-24 21:00:00,12.05,12.08,12.04,12.08,4225.148
2025-12-24 22:00:00,12.08,12.15,12.07,12.12,16547.277
2025-12-24 23:00:00,12.12,12.15,12.1,12.11,26533.26
2025-12-25 00:00:00,12.11,12.12,12.06,12.06,10401.072
2025-12-25 01:00:00,12.06,12.11,12.06,12.1,5850.176
2025-12-25 02:00:00,12.1,12.19,12.08,12.18,19829.456
2025-12-25 03:00:00,12.18,12.23,12.14,12.16,18703.451
2025-12-25 04:00:00,12.16,12.2,12.15,12.2,7823.995
2025-12-25 05:00:00,12.2,12.2,12.16,12.18,4477.617
2025-12-25 06:00:00,12.18,12.21,12.17,12.2,9108.893
2025-12-25 07:00:00,12.2,12.26,12.19,12.25,7931.832
2025-12-25 08:00:00,12.25,12.36,12.2,12.26,23128.359
2025-12-25 09:00:00,12.26,12.3,12.23,12.27,9009.423
2025-12-25 10:00:00,12.27,12.28,12.12,12.14,13386.549
2025-12-25 11:00:00,12.14,12.21,12.14,12.16,8412.445
2025-12-25 12:00:00,12.16,12.2,12.15,12.2,3839.272
2025-12-25 13:00:00,12.2,12.27,12.19,12.24,15414.416
2025-12-25 14:00:00,12.24,12.26,12.15,12.21,5360.702
2025-12-25 15:00:00,12.21,12.39,12.19,12.35,40598.562
2025-12-25 16:00:00,12.35,12.45,12.35,12.41,286068.111
2025-12-25 17:00:00,12.41,12.43,12.38,12.4,43365.468
2025-12-25 18:00:00,12.4,12.55,12.4,12.48,137851.429
2025-12-25 19:00:00,12.48,12.49,12.43,12.48,22649.423
2025-12-25 20:00:00,12.48,12.5,12.41,12.43,11677.214
2025-12-25 21:00:00,12.43,12.44,12.4,12.42,3088.687
2025-12-25 22:00:00,12.42,12.43,12.25,12.32,34448.92
2025-12-25 23:00:00,12.32,12.33,12.06,12.09,71337.549
2025-12-26 00:00:00,12.09,12.13,12.03,12.13,50117.576
2025-12-26 01:00:00,12.13,12.35,12.11,12.34,48289.218
2025-12-26 02:00:00,12.34,12.61,12.34,12.52,213837.098
2025-12-26 03:00:00,12.52,12.54,12.46,12.53,45671.741
2025-12-26 04:00:00,12.53,12.57,12.5,12.52,35605.945
2025-12-26 05:00:00,12.52,12.52,12.47,12.51,14883.599
2025-12-26 06:00:00,12.51,12.52,12.46,12.49,9137.144
2025-12-26 07:00:00,12.49,12.51,12.39,12.41,16633.324
2025-12-26 08:00:00,12.41,12.46,12.41,12.45,5096.635
2025-12-26 09:00:00,12.45,12.5,12.42,12.5,13929.276
2025-12-26 10:00:00,12.5,12.5,12.47,12.47,4431.95
2025-12-26 11:00:00,12.47,12.49,12.45,12.46,4009.485
2025-12-26 12:00:00,12.46,12.48,12.43,12.45,4248.941
2025-12-26 13:00:00,12.45,12.5,12.44,12.47,5683.613
2025-12-26 14:00:00,12.47,12.48,12.26,12.3,74028.445
2025-12-26 15:00:00,12.3,12.3,12.15,12.24,78742.296
2025-12-26 16:00:00,12.24,12.29,12.2,12.21,44200.132
2025-12-26 17:00:00,12.21,12.33,12.17,12.31,15806.732
2025-12-26 18:00:00,12.31,12.36,12.3,12.34,21267.568
2025-12-26 19:00:00,12.34,12.38,12.32,12.38,17271.13
2025-12-26 20:00:00,12.38,12.39,12.36,12.36,7029.51
2025-12-26 21:00:00,12.36,12.38,12.34,12.36,6064.915
2025-12-26 22:00:00,12.36,12.37,12.32,12.35,14620.179
2025-12-26 23:00:00,12.35,12.36,12.33,12.35,6322.929
2025-12-27 00:00:00,12.35,12.39,12.34,12.38,15086.282
2025-12-27 01:00:00,12.38,12.38,12.34,12.37,2740.738
2025-12-27 02:00:00,12.37,12.37,12.35,12.35,2436.45
2025-12-27 03:00:00,12.35,12.42,12.34,12.42,18456.98
2025-12-27 04:00:00,12.42,12.42,12.39,12.39,2350.608
2025-12-27 05:00:00,12.39,12.44,12.39,12.44,14873.197
2025-12-27 06:00:00,12.44,12.44,12.4,12.41,5389.713
2025-12-27 07:00:00,12.41,12.47,12.41,12.46,27063.913
2025-12-27 08:00:00,12.46,12.49,12.44,12.46,12410.694
2025-12-27 09:00:00,12.46,12.48,12.42,12.43,6054.289
2025-12-27 10:00:00,12.43,12.45,12.39,12.45,8105.764
2025-12-27 11:00:00,12.45,12.48,12.44,12.47,7393.815
2025-12-27 12:00:00,12.47,12.5,12.46,12.48,10708.061
2025-12-27 13:00:00,12.48,12.49,12.44,12.49,5894.474
2025-12-27 14:00:00,12.49,12.54,12.48,12.52,21685.632
2025-12-27 15:00:00,12.52,12.58,12.5,12.56,27973.491
2025-12-27 16:00:00,12.56,12.6,12.55,12.57,45605.19
2025-12-27 17:00:00,12.57,12.58,12.54,12.58,8083.47
2025-12-27 18:00:00,12.58,12.58,12.51,12.53,5299.313
2025-12-27 19:00:00,12.53,12.55,12.51,12.53,9044.583
2025-12-27 20:00:00,12.53,12.56,12.53,12.54,6226.31
2025-12-27 21:00:00,12.54,12.7,12.54,12.6,32073.025
2025-12-27 22:00:00,12.6,12.65,12.55,12.58,27463.041
2025-12-27 23:00:00,12.58,12.79,12.57,12.7,54646.549
2025-12-28 00:00:00,12.7,12.76,12.69,12.75,48958.945
2025-12-28 01:00:00,12.75,12.79,12.74,12.76,37653.821
2025-12-28 02:00:00,12.76,12.89,12.76,12.79,76247.242
2025-12-28 03:00:00,12.79,12.82,12.75,12.78,22057.892
2025-12-28 04:00:00,12.78,12.85,12.77,12.79,9093.549
2025-12-28 05:00:00,12.79,12.83,12.79,12.8,7936.426
2025-12-28 06:00:00,12.8,12.84,12.8,12.84,6225.402
2025-12-28 07:00:00,12.84,12.84,12.76,12.79,7944.699
2025-12-28 08:00:00,12.79,12.85,12.79,12.82,11710.703
2025-12-28 09:00:00,12.82,12.82,12.74,12.76,4497.488
2025-12-28 10:00:00,12.76,12.78,12.74,12.76,4001.043
2025-12-28 11:00:00,12.76,12.76,12.67,12.69,11301.121
2025-12-28 12:00:00,12.69,12.7,12.59,12.68,37579.302
2025-12-28 13:00:00,12.68,12.69,12.65,12.67,17584.995
2025-12-28 14:00:00,12.67,12.76,12.65,12.74,26689.196
2025-12-28 15:00:00,12.74,12.77,12.71,12.73,16193.206
2025-12-28 16:00:00,12.73,12.76,12.69,12.7,9316.449
2025-12-28 17:00:00,12.7,12.72,12.67,12.68,2865.431
2025-12-28 18:00:00,12.68,12.69,12.58,12.6,28406.995
2025-12-28 19:00:00,12.6,12.64,12.58,12.58,9431.201
2025-12-28 20:00:00,12.58,12.59,12.54,12.55,7279.722
2025-12-28 21:00:00,12.55,12.58,12.53,12.57,4933.963
2025-12-28 22:00:00,12.57,12.64,12.55,12.64,15182.836
2025-12-28 23:00:00,12.64,12.66,12.58,12.64,12729.745
2025-12-29 00:00:00,12.64,12.76,12.62,12.74,39875.978
2025-12-29 01:00:00,12.74,12.83,12.64,12.78,45954.736
2025-12-29 02:00:00,12.78,12.96,12.78,12.86,78619.287
2025-12-29 03:00:00,12.86,13.11,12.86,13.09,73494.149
2025-12-29 04:00:00,13.09,13.19,13.05,13.09,57186.133
2025-12-29 05:00:00,13.09,13.12,13.02,13.04,19105.049
2025-12-29 06:00:00,13.04,13.11,13.02,13.04,11047.774
2025-12-29 07:00:00,13.04,13.06,12.91,13.02,27189.65
2025-12-29 08:00:00,13.02,13.06,12.89,12.9,47332.596
2025-12-29 09:00:00,12.9,12.91,12.67,12.72,38891.805
2025-12-29 10:00:00,12.72,12.78,12.71,12.74,13466.991
2025-12-29 11:00:00,12.74,12.75,12.71,12.72,7531.545
2025-12-29 12:00:00,12.72,12.73,12.46,12.6,76851.995
2025-12-29 13:00:00,12.6,12.62,12.54,12.57,12481.042
2025-12-29 14:00:00,12.57,12.7,12.53,12.59,44351.635
2025-12-29 15:00:00,12.59,12.73,12.58,12.69,27850.831
2025-12-29 16:00:00,12.69,12.71,12.59,12.61,18334.644
2025-12-29 17:00:00,12.61,12.66,12.57,12.64,9260.177
2025-12-29 18:00:00,12.64,12.66,12.53,12.54,11269.218
2025-12-29 19:00:00,12.54,12.59,12.48,12.49,146116.941
2025-12-29 20:00:00,12.49,12.52,12.34,12.42,80849.913
2025-12-29 21:00:00,12.42,12.46,12.41,12.45,91133.947
2025-12-29 22:00:00,12.45,12.45,12.36,12.43,144362.053
2025-12-29 23:00:00,12.43,12.43,12.35,12.36,181711.231
2025-12-30 00:00:00,12.36,12.4,12.35,12.38,28053.78
2025-12-30 01:00:00,12.38,12.42,12.35,12.38,9905.645
2025-12-30 02:00:00,12.38,12.39,12.35,12.37,10082.501
2025-12-30 03:00:00,12.37,12.42,12.33,12.4,83263.311
2025-12-30 04:00:00,12.4,12.43,12.39,12.39,11048.022
2025-12-30 05:00:00,12.39,12.41,12.36,12.38,10140.616
2025-12-30 06:00:00,12.38,12.45,12.38,12.44,17427.572
2025-12-30 07:00:00,12.44,12.45,12.41,12.42,9705.061
2025-12-30 08:00:00,12.42,12.55,12.42,12.53,63910.84
2025-12-30 09:00:00,12.53,12.53,12.48,12.53,13763.386
2025-12-30 10:00:00,12.53,12.53,12.48,12.48,11789.268
2025-12-30 11:00:00,12.48,12.51,12.47,12.5,10981.569
2025-12-30 12:00:00,12.5,12.54,12.49,12.49,5803.943
2025-12-30 13:00:00,12.49,12.54,12.49,12.53,9509.885
2025-12-30 14:00:00,12.53,12.6,12.44,12.56,59183.388
2025-12-30 15:00:00,12.56,12.6,12.48,12.58,36327.238
2025-12-30 16:00:00,12.58,12.64,12.53,12.57,34692.047
2025-12-30 17:00:00,12.57,12.62,12.52,12.56,23980.858
2025-12-30 18:00:00,12.56,12.58,12.51,12.53,11435.738
2025-12-30 19:00:00,12.53,12.53,12.46,12.5,20666.311
2025-12-30 20:00:00,12.5,12.5,12.46,12.48,19016.221
2025-12-30 21:00:00,12.48,12.53,12.47,12.52,10711.105
2025-12-30 22:00:00,12.52,12.59,12.52,12.57,22368.868
2025-12-30 23:00:00,12.57,12.58,12.55,12.58,16921.692
2025-12-31 00:00:00,12.58,12.58,12.51,12.54,5356.146
2025-12-31 01:00:00,12.54,12.71,12.54,12.65,47555.305
2025-12-31 02:00:00,12.65,12.67,12.6,12.63,11666.207
2025-12-31 03:00:00,12.63,12.64,12.58,12.59,7006.489
2025-12-31 04:00:00,12.59,12.63,12.59,12.6,7556.608
2025-12-31 05:00:00,12.6,12.61,12.55,12.55,6012.803
2025-12-31 06:00:00,12.55,12.58,12.55,12.56,1970.32
2025-12-31 07:00:00,12.56,12.56,12.52,12.55,5160.511
2025-12-31 08:00:00,12.55,12.57,12.48,12.49,11652.082
2025-12-31 09:00:00,12.49,12.52,12.47,12.5,5411.478
2025-12-31 10:00:00,12.5,12.52,12.49,12.5,9368.665
2025-12-31 11:00:00,12.5,12.6,12.5,12.58,33233.62
2025-12-31 12:00:00,12.58,12.6,12.53,12.55,14768.247
2025-12-31 13:00:00,12.55,12.6,12.54,12.58,8889.601
2025-12-31 14:00:00,12.58,12.67,12.53,12.54,22926.071
2025-12-31 15:00:00,12.54,12.55,12.44,12.47,25443.741
2025-12-31 16:00:00,12.47,12.48,12.21,12.33,132274.917
2025-12-31 17:00:00,12.33,12.37,12.31,12.34,52637.071
2025-12-31 18:00:00,12.34,12.39,12.32,12.35,9521.917
2025-12-31 19:00:00,12.35,12.36,12.32,12.32,9941.016
2025-12-31 20:00:00,12.32,12.38,12.27,12.36,21774.777
2025-12-31 21:00:00,12.36,12.4,12.35,12.36,14229.708
2025-12-31 22:00:00,12.36,12.38,12.33,12.35,5867.89
2025-12-31 23:00:00,12.35,12.36,12.32,12.32,3444.162
2026-01-01 00:00:00,12.32,12.36,12.32,12.34,6491.363
2026-01-01 01:00:00,12.34,12.38,12.31,12.34,4593.927
2026-01-01 02:00:00,12.34,12.34,12.32,12.32,4499.232
2026-01-01 03:00:00,12.32,12.33,12.28,12.28,2119.962
2026-01-01 04:00:00,12.28,12.29,12.23,12.24,6409.168
2026-01-01 05:00:00,12.24,12.3,12.24,12.26,2487.799
2026-01-01 06:00:00,12.26,12.29,12.26,12.27,894.99
2026-01-01 07:00:00,12.27,12.29,12.25,12.28,4476.417
2026-01-01 08:00:00,12.28,12.31,12.27,12.31,2211.925
2026-01-01 09:00:00,12.31,12.37,12.31,12.34,7144.39
2026-01-01 10:00:00,12.34,12.36,12.33,12.34,1499.033
2026-01-01 11:00:00,12.34,12.38,12.34,12.37,3700.705
2026-01-01 12:00:00,12.37,12.39,12.34,12.36,7764.297
2026-01-01 13:00:00,12.36,12.43,12.35,12.42,22670.095
2026-01-01 14:00:00,12.42,12.45,12.39,12.43,36736.606
2026-01-01 15:00:00,12.43,12.56,12.41,12.52,62272.381
2026-01-01 16:00:00,12.52,12.6,12.5,12.56,49436.792
2026-01-01 17:00:00,12.56,12.7,12.56,12.68,138242.074
2026-01-01 18:00:00,12.68,12.98,12.68,12.94,357733.42
2026-01-01 19:00:00,12.94,13.57,12.94,13.54,372657.086
2026-01-01 20:00:00,13.54,13.68,13.43,13.44,176463.167
2026-01-01 21:00:00,13.44,13.58,13.39,13.57,58531.763
2026-01-01 22:00:00,13.57,13.66,13.51,13.66,35998.416
2026-01-01 23:00:00,13.66,13.69,13.55,13.58,37389.121
2026-01-02 00:00:00,13.58,13.68,13.51,13.63,37143.509
2026-01-02 01:00:00,13.63,13.65,13.52,13.61,30581.462
2026-01-02 02:00:00,13.61,13.86,13.55,13.74,95515.463
2026-01-02 03:00:00,13.74,13.82,13.66,13.73,44209.581
2026-01-02 04:00:00,13.73,13.75,13.57,13.57,28596.127
2026-01-02 05:00:00,13.57,13.65,13.53,13.61,23391.115
2026-01-02 06:00:00,13.61,13.62,13.53,13.53,16070.822
2026-01-02 07:00:00,13.53,13.55,13.37,13.39,24759.796
2026-01-02 08:00:00,13.39,13.48,13.39,13.45,28614.473
2026-01-02 09:00:00,13.45,13.58,13.41,13.53,57987.003
2026-01-02 10:00:00,13.53,13.57,13.5,13.55,30869.974
2026-01-02 11:00:00,13.55,13.55,13.34,13.39,22998.123
2026-01-02 12:00:00,13.39,13.47,13.36,13.42,17739.625
2026-01-02 13:00:00,13.42,13.43,13.36,13.39,17131.173
2026-01-02 14:00:00,13.39,13.43,13.09,13.29,89974.104
2026-01-02 15:00:00,13.29,13.33,13.11,13.29,56701.685
2026-01-02 16:00:00,13.29,13.52,13.27,13.5,46293.638
2026-01-02 17:00:00,13.5,13.64,13.49,13.6,50677.971
2026-01-02 18:00:00,13.6,13.64,13.5,13.55,31554.517
2026-01-02 19:00:00,13.55,13.67,13.54,13.64,19689.299
2026-01-02 20:00:00,13.64,13.68,13.56,13.61,23416.416
2026-01-02 21:00:00,13.61,13.87,13.6,13.87,47878.457
2026-01-02 22:00:00,13.87,13.98,13.79,13.83,57950.997
2026-01-02 23:00:00,13.83,13.83,13.76,13.81,9741.103
2026-01-03 00:00:00,13.81,14.0,13.81,13.9,43787.99
2026-01-03 01:00:00,13.9,13.95,13.82,13.86,17434.244
2026-01-03 02:00:00,13.86,13.99,13.79,13.93,17912.58
2026-01-03 03:00:00,13.93,14.28,13.9,14.25,119011.974
2026-01-03 04:00:00,14.25,14.28,14.07,14.11,34870.206
2026-01-03 05:00:00,14.11,14.14,13.94,13.98,28061.7
2026-01-03 06:00:00,13.98,14.09,13.88,13.89,31057.273
2026-01-03 07:00:00,13.89,13.9,13.67,13.72,27693.106
2026-01-03 08:00:00,13.72,13.87,13.71,13.83,17720.974
2026-01-03 09:00:00,13.83,14.0,13.8,13.95,16469.06
2026-01-03 10:00:00,13.95,14.01,13.91,13.96,15062.37
2026-01-03 11:00:00,13.96,13.99,13.92,13.99,5556.557
2026-01-03 12:00:00,13.99,14.39,13.96,14.16,84079.723
2026-01-03 13:00:00,14.16,14.16,14.03,14.07,30794.329
2026-01-03 14:00:00,14.07,14.1,13.97,13.99,17132.582
2026-01-03 15:00:00,13.99,13.99,13.83,13.86,19570.28
2026-01-03 16:00:00,13.86,13.97,13.78,13.91,20212.861
2026-01-03 17:00:00,13.91,13.96,13.89,13.89,16039.209
2026-01-03 18:00:00,13.89,13.93,13.85,13.89,9070.967
2026-01-03 19:00:00,13.89,13.89,13.83,13.86,5538.668
2026-01-03 20:00:00,13.86,13.91,13.79,13.88,9993.497
2026-01-03 21:00:00,13.88,13.96,13.86,13.91,7182.599
2026-01-03 22:00:00,13.91,14.0,13.88,13.97,11408.307
2026-01-03 23:00:00,13.97,14.02,13.93,13.99,11730.176
2026-01-04 00:00:00,13.99,14.1,13.96,14.01,23491.86
2026-01-04 01:00:00,14.01,14.02,13.9,13.96,19058.611
2026-01-04 02:00:00,13.96,13.99,13.9,13.92,7377.919
2026-01-04 03:00:00,13.92,14.04,13.92,14.02,18951.392
2026-01-04 04:00:00,14.02,14.07,13.99,14.0,7398.443
2026-01-04 05:00:00,14.0,14.04,13.96,14.04,5536.533
2026-01-04 06:00:00,14.04,14.13,13.96,14.01,21775.674
2026-01-04 07:00:00,14.01,14.1,14.0,14.04,23116.376
2026-01-04 08:00:00,14.04,14.05,13.98,14.04,24461.494
2026-01-04 09:00:00,14.04,14.1,13.98,14.08,22533.722
2026-01-04 10:00:00,14.08,14.1,14.02,14.03,17382.945
2026-01-04 11:00:00,14.03,14.1,14.02,14.08,34472.701
2026-01-04 12:00:00,14.08,14.17,14.05,14.07,19600.944
2026-01-04 13:00:00,14.07,14.22,14.04,14.21,48530.384
2026-01-04 14:00:00,14.21,14.21,14.02,14.12,72566.913
2026-01-04 15:00:00,14.12,14.2,14.08,14.19,12963.981
2026-01-04 16:00:00,14.19,14.3,14.17,14.25,30789.535
2026-01-04 17:00:00,14.25,14.31,14.19,14.21,92085.811
2026-01-04 18:00:00,14.21,14.23,14.06,14.17,33176.009
2026-01-04 19:00:00,14.17,14.17,14.01,14.15,54011.218
2026-01-04 20:00:00,14.15,14.23,14.12,14.18,16713.786
2026-01-04 21:00:00,14.18,14.5,14.14,14.41,189058.601
2026-01-04 22:00:00,14.41,14.47,14.24,14.28,36878.508
2026-01-04 23:00:00,14.28,14.39,14.22,14.25,17512.91
2026-01-05 00:00:00,14.25,14.36,14.21,14.31,26874.87
2026-01-05 01:00:00,14.31,14.53,14.27,14.45,30251.366
2026-01-05 02:00:00,14.45,14.51,14.31,14.41,17488.479
2026-01-05 03:00:00,14.41,14.5,14.33,14.4,17347.309
2026-01-05 04:00:00,14.4,14.41,14.11,14.18,28121.744
2026-01-05 05:00:00,14.18,14.23,14.12,14.12,29213.444
2026-01-05 06:00:00,14.12,14.27,14.08,14.27,25604.878
2026-01-05 07:00:00,14.27,14.34,14.21,14.27,25105.515
2026-01-05 08:00:00,14.27,14.37,14.24,14.24,15136.214
2026-01-05 09:00:00,14.24,14.26,14.15,14.18,14085.878
2026-01-05 10:00:00,14.18,14.35,14.17,14.22,21903.948
2026-01-05 11:00:00,14.22,14.22,14.13,14.21,25898.723
2026-01-05 12:00:00,14.21,14.21,14.11,14.17,13306.605
2026-01-05 13:00:00,14.17,14.22,14.03,14.08,31652.965
2026-01-05 14:00:00,14.08,14.25,14.04,14.19,35067.382
2026-01-05 15:00:00,14.19,14.28,14.07,14.18,310304.047
2026-01-05 16:00:00,14.18,14.18,14.04,14.12,194212.913
2026-01-05 17:00:00,14.12,14.23,13.91,14.21,44075.194
2026-01-05 18:00:00,14.21,14.3,14.14,14.29,92689.823
2026-01-05 19:00:00,14.29,14.36,14.24,14.27,92470.345
2026-01-05 20:00:00,14.27,14.47,14.25,14.42,47653.529
2026-01-05 21:00:00,14.42,14.51,14.38,14.47,38458.43
2026-01-05 22:00:00,14.47,14.72,14.45,14.56,74713.606
2026-01-05 23:00:00,14.56,14.59,14.45,14.46,18564.163
2026-01-06 00:00:00,14.46,14.5,14.34,14.49,34123.551
2026-01-06 01:00:00,14.49,14.74,14.39,14.4,76233.221
2026-01-06 02:00:00,14.4,14.44,14.25,14.3,29849.875
2026-01-06 03:00:00,14.3,14.46,14.28,14.42,23358.269
2026-01-06 04:00:00,14.42,14.52,14.42,14.45,15718.68
2026-01-06 05:00:00,14.45,14.47,14.36,14.37,25307.129
2026-01-06 06:00:00,14.37,14.56,14.3,14.5,35260.598
2026-01-06 07:00:00,14.5,14.51,14.24,14.27,18642.193
2026-01-06 08:00:00,14.27,14.34,14.24,14.27,9524.667
2026-01-06 09:00:00,14.27,14.45,14.26,14.39,14890.681
2026-01-06 10:00:00,14.39,14.49,14.38,14.45,12986.189
2026-01-06 11:00:00,14.45,14.53,14.43,14.53,20658.223
2026-01-06 12:00:00,14.53,14.65,14.49,14.63,30435.859
2026-01-06 13:00:00,14.63,14.7,14.56,14.59,16941.887
2026-01-06 14:00:00,14.59,14.84,14.58,14.63,117809.09
2026-01-06 15:00:00,14.63,14.7,14.42,14.54,87574.371
2026-01-06 16:00:00,14.54,14.63,14.43,14.51,244181.548
2026-01-06 17:00:00,14.51,14.54,14.3,14.35,164786.762
2026-01-06 18:00:00,14.35,14.55,14.28,14.49,99336.034
2026-01-06 19:00:00,14.49,14.53,14.47,14.48,14770.391
2026-01-06 20:00:00,14.48,14.55,14.46,14.49,27870.459
2026-01-06 21:00:00,14.49,14.77,14.46,14.54,125303.238
2026-01-06 22:00:00,14.54,14.59,14.49,14.52,21904.082
2026-01-06 23:00:00,14.52,14.62,14.52,14.59,28900.793
2026-01-07 00:00:00,14.59,14.59,14.47,14.48,33358.33
2026-01-07 01:00:00,14.48,14.52,14.4,14.47,50170.864
2026-01-07 02:00:00,14.47,14.52,14.47,14.51,19622.11
2026-01-07 03:00:00,14.51,14.52,14.47,14.48,11661.215
2026-01-07 04:00:00,14.48,14.5,14.42,14.47,66685.181
2026-01-07 05:00:00,14.47,14.51,14.46,14.47,48914.788
2026-01-07 06:00:00,14.47,14.51,14.46,14.47,21578.516
2026-01-07 07:00:00,14.47,14.54,14.47,14.52,28469.355
2026-01-07 08:00:00,14.52,14.56,14.49,14.51,27411.03
2026-01-07 09:00:00,14.51,14.51,14.42,14.46,71822.959
2026-01-07 10:00:00,14.46,14.52,14.45,14.49,15585.78
2026-01-07 11:00:00,14.49,14.53,14.48,14.49,30133.875
2026-01-07 12:00:00,14.49,14.51,14.35,14.39,24160.056
2026-01-07 13:00:00,14.39,14.43,14.31,14.35,40556.863
2026-01-07 14:00:00,14.35,14.36,14.09,14.25,82796.609
2026-01-07 15:00:00,14.25,14.27,13.95,14.02,75213.84
2026-01-07 16:00:00,14.02,14.06,13.88,13.99,34140.687
2026-01-07 17:00:00,13.99,14.16,13.97,14.05,21288.88
2026-01-07 18:00:00,14.05,14.13,14.0,14.08,18460.83
2026-01-07 19:00:00,14.08,14.14,14.0,14.12,13380.072
2026-01-07 20:00:00,14.12,14.14,14.02,14.08,6084.763
2026-01-07 21:00:00,14.08,14.11,14.04,14.05,9582.766
2026-01-07 22:00:00,14.05,14.14,14.0,14.06,9790.183
2026-01-07 23:00:00,14.06,14.18,14.01,14.12,11647.927
2026-01-08 00:00:00,14.12,14.16,14.06,14.15,7300.64
2026-01-08 01:00:00,14.15,14.21,14.12,14.2,27325.473
2026-01-08 02:00:00,14.2,14.24,14.09,14.13,27443.495
2026-01-08 03:00:00,14.13,14.22,14.01,14.03,13003.646
2026-01-08 04:00:00,14.03,14.14,14.0,14.09,8852.596
2026-01-08 05:00:00,14.09,14.13,14.02,14.04,6411.815
2026-01-08 06:00:00,14.04,14.04,13.77,13.79,28969.136
2026-01-08 07:00:00,13.79,13.94,13.68,13.9,42944.563
2026-01-08 08:00:00,13.9,13.98,13.83,13.85,26424.536
2026-01-08 09:00:00,13.85,13.91,13.75,13.76,10635.693
2026-01-08 10:00:00,13.76,13.94,13.68,13.92,14108.001
2026-01-08 11:00:00,13.92,13.92,13.76,13.89,32023.525
2026-01-08 12:00:00,13.89,13.9,13.76,13.79,16652.632
2026-01-08 13:00:00,13.79,13.83,13.72,13.76,9854.137
2026-01-08 14:00:00,13.76,13.77,13.59,13.74,44422.781
2026-01-08 15:00:00,13.74,13.95,13.68,13.94,28285.736
2026-01-08 16:00:00,13.94,13.98,13.82,13.97,22427.535
2026-01-08 17:00:00,13.97,14.05,13.91,14.03,17724.121
2026-01-08 18:00:00,14.03,14.04,13.88,13.89,9576.398
2026-01-08 19:00:00,13.89,13.94,13.83,13.86,3635.65
2026-01-08 20:00:00,13.86,13.86,13.73,13.84,12149.039
2026-01-08 21:00:00,13.84,13.98,13.84,13.96,12420.916
2026-01-08 22:00:00,13.96,14.0,13.88,13.94,6231.921
2026-01-08 23:00:00,13.94,13.96,13.88,13.88,4582.807
2026-01-09 00:00:00,13.88,13.95,13.88,13.93,6841.946
2026-01-09 01:00:00,13.93,14.06,13.85,13.91,25212.117
2026-01-09 02:00:00,13.91,14.02,13.89,13.91,9588.9
2026-01-09 03:00:00,13.91,13.99,13.88,13.99,11423.645
2026-01-09 04:00:00,13.99,14.0,13.94,13.95,6440.143
2026-01-09 05:00:00,13.95,13.99,13.92,13.99,3248.934
2026-01-09 06:00:00,13.99,14.03,13.96,14.02,4329.646
2026-01-09 07:00:00,14.02,14.02,13.93,13.93,6410.596
2026-01-09 08:00:00,13.93,13.95,13.64,13.72,38094.639
2026-01-09 09:00:00,13.72,13.84,13.71,13.78,24912.917
2026-01-09 10:00:00,13.78,13.81,13.76,13.79,4876.556
2026-01-09 11:00:00,13.79,13.83,13.76,13.77,3201.843
2026-01-09 12:00:00,13.77,13.78,13.7,13.72,3745.122
2026-01-09 13:00:00,13.72,13.89,13.72,13.84,27541.989
2026-01-09 14:00:00,13.84,13.84,13.65,13.69,21140.236
2026-01-09 15:00:00,13.69,14.17,13.62,13.97,54786.563
2026-01-09 16:00:00,13.97,14.22,13.97,14.16,30736.455
2026-01-09 17:00:00,14.16,14.18,13.93,14.02,16629.037
2026-01-09 18:00:00,14.02,14.04,13.74,13.87,18723.408
2026-01-09 19:00:00,13.87,13.87,13.69,13.75,15215.599
2026-01-09 20:00:00,13.75,13.82,13.73,13.77,11563.15
2026-01-09 21:00:00,13.77,13.85,13.73,13.84,12537.217
2026-01-09 22:00:00,13.84,13.84,13.78,13.83,9630.192
2026-01-09 23:00:00,13.83,13.83,13.78,13.79,3515.252
2026-01-10 00:00:00,13.79,13.8,13.72,13.73,3237.665
2026-01-10 01:00:00,13.73,13.79,13.72,13.78,6659.945
2026-01-10 02:00:00,13.78,13.8,13.7,13.72,6946.251
2026-01-10 03:00:00,13.72,13.72,13.65,13.7,10610.423
2026-01-10 04:00:00,13.7,13.7,13.65,13.66,5580.755
2026-01-10 05:00:00,13.66,13.71,13.65,13.69,1970.361
2026-01-10 06:00:00,13.69,13.75,13.66,13.72,3820.598
2026-01-10 07:00:00,13.72,13.84,13.72,13.81,18122.472
2026-01-10 08:00:00,13.81,13.83,13.75,13.79,9381.131
2026-01-10 09:00:00,13.79,13.85,13.79,13.85,6583.443
2026-01-10 10:00:00,13.85,13.87,13.81,13.85,5991.544
2026-01-10 11:00:00,13.85,13.86,13.82,13.86,3388.397
2026-01-10 12:00:00,13.86,13.88,13.84,13.87,5547.628
2026-01-10 13:00:00,13.87,13.88,13.82,13.87,6050.381
2026-01-10 14:00:00,13.87,13.87,13.8,13.81,5302.351
2026-01-10 15:00:00,13.81,13.84,13.8,13.84,3407.625
2026-01-10 16:00:00,13.84,13.88,13.81,13.86,4625.525
2026-01-10 17:00:00,13.86,13.94,13.86,13.86,8507.543
2026-01-10 18:00:00,13.86,13.88,13.82,13.84,2074.307
2026-01-10 19:00:00,13.84,13.87,13.83,13.87,2417.748
2026-01-10 20:00:00,13.87,13.89,13.82,13.84,6757.148
2026-01-10 21:00:00,13.84,13.84,13.77,13.77,4653.269
2026-01-10 22:00:00,13.77,13.77,13.69,13.69,5280.95
2026-01-10 23:00:00,13.69,13.75,13.69,13.74,3863.001
2026-01-11 00:00:00,13.74,13.74,13.68,13.72,6065.537
2026-01-11 01:00:00,13.72,13.74,13.69,13.72,5309.898
2026-01-11 02:00:00,13.72,13.73,13.69,13.69,3069.636
2026-01-11 03:00:00,13.69,13.74,13.69,13.73,3757.731
2026-01-11 04:00:00,13.73,13.78,13.71,13.78,3929.037
2026-01-11 05:00:00,13.78,13.81,13.75,13.8,3649.692
2026-01-11 06:00:00,13.8,13.83,13.75,13.82,9396.706
2026-01-11 07:00:00,13.82,13.83,13.79,13.81,3734.55
2026-01-11 08:00:00,13.81,13.82,13.77,13.81,7220.848
2026-01-11 09:00:00,13.81,13.84,13.79,13.8,9419.617
2026-01-11 10:00:00,13.8,13.82,13.77,13.8,5190.934
2026-01-11 11:00:00,13.8,13.83,13.79,13.81,5772.219
2026-01-11 12:00:00,13.81,13.9,13.8,13.87,13584.849
2026-01-11 13:00:00,13.87,13.87,13.81,13.83,7177.628
2026-01-11 14:00:00,13.83,13.98,13.82,13.95,13686.301
2026-01-11 15:00:00,13.95,13.98,13.75,13.8,24594.795
2026-01-11 16:00:00,13.8,13.99,13.79,13.95,26320.856
2026-01-11 17:00:00,13.95,13.97,13.86,13.95,8040.113
2026-01-11 18:00:00,13.95,13.95,13.85,13.91,6403.441
2026-01-11 19:00:00,13.91,13.92,13.84,13.84,15073.175
2026-01-11 20:00:00,13.84,13.84,13.64,13.73,24647.214
2026-01-11 21:00:00,13.73,13.77,13.66,13.76,11193.586
2026-01-11 22:00:00,13.76,13.76,13.62,13.62,7626.653
2026-01-11 23:00:00,13.62,13.72,13.48,13.7,69903.293
2026-01-12 00:00:00,13.7,13.8,13.61,13.77,26828.492
2026-01-12 01:00:00,13.77,13.92,13.77,13.85,74792.432
2026-01-12 02:00:00,13.85,14.08,13.84,14.06,40622.086
2026-01-12 03:00:00,14.06,14.22,13.97,13.97,49960.757
2026-01-12 04:00:00,13.97,14.05,13.96,14.02,18639.455
2026-01-12 05:00:00,14.02,14.05,13.96,13.99,21281.828
2026-01-12 06:00:00,13.99,14.03,13.92,13.93,12817.081
2026-01-12 07:00:00,13.93,13.96,13.73,13.75,20430.614
2026-01-12 08:00:00,13.75,13.81,13.5,13.61,38764.968
2026-01-12 09:00:00,13.61,13.67,13.56,13.61,14173.655
2026-01-12 10:00:00,13.61,13.65,13.57,13.58,5248.687
2026-01-12 11:00:00,13.58,13.68,13.58,13.65,6329.23
2026-01-12 12:00:00,13.65,13.69,13.62,13.64,9853.329
2026-01-12 13:00:00,13.64,13.66,13.53,13.58,10314.219
2026-01-12 14:00:00,13.58,13.67,13.39,13.64,35427.36
2026-01-12 15:00:00,13.64,13.9,13.6,13.86,34610.753
2026-01-12 16:00:00,13.86,14.0,13.84,13.86,27880.468
2026-01-12 17:00:00,13.86,13.91,13.64,13.73,23815.12
2026-01-12 18:00:00,13.73,13.8,13.66,13.67,12503.888
2026-01-12 19:00:00,13.67,13.73,13.62,13.72,7472.365
2026-01-12 20:00:00,13.72,13.77,13.62,13.63,9992.311
2026-01-12 21:00:00,13.63,13.63,13.47,13.53,15730.012
2026-01-12 22:00:00,13.53,13.59,13.52,13.55,11358.461
2026-01-12 23:00:00,13.55,13.55,13.49,13.52,7165.342
2026-01-13 00:00:00,13.52,13.55,13.48,13.54,15252.106
2026-01-13 01:00:00,13.54,13.6,13.47,13.52,9303.899
2026-01-13 02:00:00,13.52,13.61,13.52,13.52,10611.991
2026-01-13 03:00:00,13.52,13.61,13.52,13.58,13758.535
2026-01-13 04:00:00,13.58,13.68,13.58,13.67,11067.585
2026-01-13 05:00:00,13.67,13.82,13.67,13.73,13769.587
2026-01-13 06:00:00,13.73,13.77,13.69,13.75,13264.677
2026-01-13 07:00:00,13.75,13.75,13.69,13.71,6730.14
2026-01-13 08:00:00,13.71,13.83,13.71,13.79,6659.339
2026-01-13 09:00:00,13.79,13.86,13.78,13.81,9503.948
2026-01-13 10:00:00,13.81,13.84,13.76,13.8,10666.352
2026-01-13 11:00:00,13.8,13.8,13.76,13.77,2966.958
2026-01-13 12:00:00,13.77,13.82,13.72,13.82,11958.317
2026-01-13 13:00:00,13.82,13.94,13.79,13.88,62051.659
2026-01-13 14:00:00,13.88,14.1,13.84,13.98,49395.826
2026-01-13 15:00:00,13.98,14.37,13.91,14.36,107760.893
2026-01-13 16:00:00,14.36,14.61,14.36,14.5,165737.544
2026-01-13 17:00:00,14.5,14.55,14.46,14.52,53575.563
2026-01-13 18:00:00,14.52,14.57,14.47,14.48,35661.858
2026-01-13 19:00:00,14.48,14.52,14.47,14.52,17536.141
2026-01-13 20:00:00,14.52,14.55,14.47,14.49,60947.097
2026-01-13 21:00:00,14.49,14.53,14.49,14.52,16917.024
2026-01-13 22:00:00,14.52,14.85,14.5,14.77,191230.336
2026-01-13 23:00:00,14.77,14.83,14.69,14.75,45709.216
2026-01-14 00:00:00,14.75,14.79,14.71,14.75,29318.223
2026-01-14 01:00:00,14.75,14.79,14.72,14.75,28617.556
2026-01-14 02:00:00,14.75,14.79,14.7,14.73,23238.139
2026-01-14 03:00:00,14.73,14.77,14.7,14.76,17753.524
2026-01-14 04:00:00,14.76,14.77,14.7,14.71,30971.386
2026-01-14 05:00:00,14.71,14.74,14.67,14.69,28133.887
2026-01-14 06:00:00,14.69,14.73,14.66,14.7,20698.356
2026-01-14 07:00:00,14.7,14.74,14.67,14.68,18696.16
2026-01-14 08:00:00,14.68,14.75,14.67,14.68,19689.954
2026-01-14 09:00:00,14.68,14.73,14.68,14.71,14783.478
2026-01-14 10:00:00,14.71,14.71,14.57,14.59,26372.926
2026-01-14 11:00:00,14.59,14.6,14.5,14.51,37158.528
2026-01-14 12:00:00,14.51,14.55,14.49,14.53,22898.809
2026-01-14 13:00:00,14.53,14.57,14.41,14.43,33804.255
2026-01-14 14:00:00,14.43,14.69,14.43,14.61,59741.126
2026-01-14 15:00:00,14.61,14.77,14.54,14.76,64217.351
2026-01-14 16:00:00,14.76,14.94,14.76,14.84,81312.174
2026-01-14 17:00:00,14.84,14.87,14.6,14.62,60155.172
2026-01-14 18:00:00,14.62,14.65,14.4,14.54,62213.147
2026-01-14 19:00:00,14.54,14.74,14.51,14.63,36083.562
2026-01-14 20:00:00,14.63,14.73,14.61,14.68,26797.576
2026-01-14 21:00:00,14.68,14.7,14.61,14.65,13009.05
2026-01-14 22:00:00,14.65,14.67,14.56,14.58,11550.465
2026-01-14 23:00:00,14.58,14.67,14.57,14.61,5958.702
2026-01-15 00:00:00,14.61,14.63,14.48,14.51,14847.035
2026-01-15 01:00:00,14.51,14.59,14.44,14.47,14848.591
2026-01-15 02:00:00,14.47,14.49,14.31,14.33,17958.368
2026-01-15 03:00:00,14.33,14.36,14.1,14.15,62682.089
2026-01-15 04:00:00,14.15,14.29,14.14,14.25,26436.388
2026-01-15 05:00:00,14.25,14.29,14.23,14.26,11827.75
2026-01-15 06:00:00,14.26,14.29,14.17,14.18,12873.457
2026-01-15 07:00:00,14.18,14.38,14.18,14.35,10794.63
2026-01-15 08:00:00,14.35,14.43,14.32,14.41,9684.139
2026-01-15 09:00:00,14.41,14.47,14.35,14.44,31977.263
2026-01-15 10:00:00,14.44,14.44,14.35,14.38,5907.15
2026-01-15 11:00:00,14.38,14.4,14.29,14.31,6697.516
2026-01-15 12:00:00,14.31,14.38,14.3,14.37,4070.307
2026-01-15 13:00:00,14.37,14.42,14.32,14.36,16364.049
2026-01-15 14:00:00,14.36,14.41,14.1,14.18,31188.371
2026-01-15 15:00:00,14.18,14.24,13.81,14.06,60642.098
2026-01-15 16:00:00,14.06,14.06,13.91,14.02,25831.529
2026-01-15 17:00:00,14.02,14.07,13.9,13.91,30166.958
2026-01-15 18:00:00,13.91,13.95,13.72,13.76,33135.145
2026-01-15 19:00:00,13.76,13.78,13.63,13.75,30232.086
2026-01-15 20:00:00,13.75,13.77,13.63,13.68,13533.175
2026-01-15 21:00:00,13.68,13.76,13.68,13.74,6104.728
2026-01-15 22:00:00,13.74,13.82,13.7,13.8,11693.939
2026-01-15 23:00:00,13.8,13.84,13.76,13.83,5288.627
2026-01-16 00:00:00,13.83,13.86,13.77,13.82,18354.589
2026-01-16 01:00:00,13.82,13.82,13.75,13.77,7744.695
2026-01-16 02:00:00,13.77,13.85,13.71,13.84,11643.915
2026-01-16 03:00:00,13.84,13.86,13.75,13.75,7841.069
2026-01-16 04:00:00,13.75,13.79,13.69,13.73,12369.237
2026-01-16 05:00:00,13.73,13.83,13.73,13.81,9215.843
2026-01-16 06:00:00,13.81,13.84,13.8,13.83,4533.325
2026-01-16 07:00:00,13.83,13.83,13.78,13.81,6467.149
2026-01-16 08:00:00,13.81,13.87,13.81,13.82,4963.181
2026-01-16 09:00:00,13.82,13.82,13.78,13.79,3118.867
2026-01-16 10:00:00,13.79,13.79,13.74,13.76,12431.529
2026-01-16 11:00:00,13.76,13.8,13.73,13.79,7720.701
2026-01-16 12:00:00,13.79,13.81,13.77,13.79,2822.656
2026-01-16 13:00:00,13.79,13.8,13.72,13.76,5998.488
2026-01-16 14:00:00,13.76,13.81,13.75,13.76,11926.963
2026-01-16 15:00:00,13.76,13.8,13.33,13.42,49774.26
2026-01-16 16:00:00,13.42,13.44,13.2,13.38,72593.093
2026-01-16 17:00:00,13.38,13.42,13.29,13.41,27021.669
2026-01-16 18:00:00,13.41,13.46,13.37,13.37,10947.912
2026-01-16 19:00:00,13.37,13.44,13.31,13.4,10731.691
2026-01-16 20:00:00,13.4,13.59,13.3,13.59,25377.42
2026-01-16 21:00:00,13.59,13.66,13.58,13.59,20761.88
2026-01-16 22:00:00,13.59,13.64,13.56,13.6,15371.111
2026-01-16 23:00:00,13.6,13.63,13.58,13.58,7450.606
2026-01-17 00:00:00,13.58,13.6,13.56,13.59,8526.006
2026-01-17 01:00:00,13.59,13.64,13.59,13.61,6569.717
2026-01-17 02:00:00,13.61,13.61,13.54,13.57,4107.187
2026-01-17 03:00:00,13.57,13.58,13.55,13.57,5320.233
2026-01-17 04:00:00,13.57,13.58,13.54,13.57,4888.491
2026-01-17 05:00:00,13.57,13.61,13.56,13.58,6057.093
2026-01-17 06:00:00,13.58,13.6,13.55,13.56,4292.676
2026-01-17 07:00:00,13.56,13.61,13.53,13.6,2981.782
2026-01-17 08:00:00,13.6,13.7,13.6,13.69,9725.513
2026-01-17 09:00:00,13.69,13.71,13.66,13.66,11305.819
2026-01-17 10:00:00,13.66,13.71,13.63,13.66,14592.174
2026-01-17 11:00:00,13.66,13.67,13.62,13.65,6855.757
2026-01-17 12:00:00,13.65,13.71,13.64,13.69,8818.846
2026-01-17 13:00:00,13.69,13.79,13.69,13.78,10883.126
2026-01-17 14:00:00,13.78,13.98,13.75,13.9,25278.438
2026-01-17 15:00:00,13.9,13.94,13.84,13.89,16917.066
2026-01-17 16:00:00,13.89,13.9,13.76,13.8,8974.943
2026-01-17 17:00:00,13.8,13.84,13.76,13.79,4953.907
2026-01-17 18:00:00,13.79,13.84,13.77,13.83,4058.243
2026-01-17 19:00:00,13.83,13.85,13.8,13.83,11757.074
2026-01-17 20:00:00,13.83,13.86,13.81,13.82,5803.299
2026-01-17 21:00:00,13.82,13.82,13.77,13.82,5536.233
2026-01-17 22:00:00,13.82,13.82,13.72,13.76,15027.268
2026-01-17 23:00:00,13.76,13.77,13.72,13.74,4553.232
2026-01-18 00:00:00,13.74,13.82,13.74,13.79,6592.961
2026-01-18 01:00:00,13.79,13.8,13.66,13.7,17437.495
2026-01-18 02:00:00,13.7,13.73,13.63,13.68,9376.33
2026-01-18 03:00:00,13.68,13.72,13.67,13.68,4064.853
2026-01-18 04:00:00,13.68,13.68,13.64,13.67,3518.218
2026-01-18 05:00:00,13.67,13.69,13.65,13.69,3992.27
2026-01-18 06:00:00,13.69,13.7,13.64,13.65,6676.233
2026-01-18 07:00:00,13.65,13.65,13.57,13.62,19378.465
2026-01-18 08:00:00,13.62,13.65,13.61,13.63,3976.761
2026-01-18 09:00:00,13.63,13.66,13.61,13.65,5455.394
2026-01-18 10:00:00,13.65,13.65,13.59,13.59,9981.983
2026-01-18 11:00:00,13.59,13.61,13.57,13.59,5568.996
2026-01-18 12:00:00,13.59,13.6,13.54,13.55,4776.177
2026-01-18 13:00:00,13.55,13.59,13.51,13.55,12875.552
2026-01-18 14:00:00,13.55,13.63,13.5,13.51,14980.236
2026-01-18 15:00:00,13.51,13.57,13.48,13.57,4798.333
2026-01-18 16:00:00,13.57,13.63,13.55,13.6,13498.273
2026-01-18 17:00:00,13.6,13.62,13.55,13.59,32328.707
2026-01-18 18:00:00,13.59,13.74,13.57,13.7,18171.21
2026-01-18 19:00:00,13.7,13.73,13.62,13.66,5149.57
2026-01-18 20:00:00,13.66,13.72,13.65,13.7,5599.013
2026-01-18 21:00:00,13.7,13.74,13.68,13.71,3419.513
2026-01-18 22:00:00,13.71,13.76,13.71,13.74,3757.33
2026-01-18 23:00:00,13.74,13.74,12.96,12.98,121781.498
2026-01-19 00:00:00,12.98,12.99,12.08,12.57,493578.559
2026-01-19 01:00:00,12.57,12.69,12.51,12.61,36430.754
2026-01-19 02:00:00,12.61,12.76,12.59,12.69,25976.632
2026-01-19 03:00:00,12.69,12.73,12.63,12.71,21122.017
2026-01-19 04:00:00,12.71,12.74,12.62,12.62,14942.953
2026-01-19 05:00:00,12.62,12.68,12.59,12.61,21987.727
2026-01-19 06:00:00,12.61,12.63,12.55,12.6,14572.948
2026-01-19 07:00:00,12.6,12.66,12.6,12.65,9630.658
2026-01-19 08:00:00,12.65,12.83,12.62,12.8,23281.831
2026-01-19 09:00:00,12.8,12.82,12.78,12.8,13839.417
2026-01-19 10:00:00,12.8,12.8,12.74,12.75,6719.124
2026-01-19 11:00:00,12.75,12.75,12.69,12.71,9077.037
2026-01-19 12:00:00,12.71,12.74,12.67,12.7,9081.986
2026-01-19 13:00:00,12.7,12.76,12.67,12.72,10609.721
2026-01-19 14:00:00,12.72,12.78,12.7,12.75,7697.078
2026-01-19 15:00:00,12.75,12.8,12.67,12.73,14519.017
2026-01-19 16:00:00,12.73,12.76,12.7,12.75,14005.532
2026-01-19 17:00:00,12.75,12.76,12.63,12.69,19943.885
2026-01-19 18:00:00,12.69,12.76,12.69,12.75,10804.515
2026-01-19 19:00:00,12.75,12.86,12.75,12.82,18503.484
2026-01-19 20:00:00,12.82,12.84,12.78,12.8,7342.753
2026-01-19 21:00:00,12.8,12.82,12.77,12.78,6671.925
2026-01-19 22:00:00,12.78,12.78,12.65,12.65,10934.595
2026-01-19 23:00:00,12.65,12.78,12.63,12.73,12560.483
2026-01-20 00:00:00,12.73,12.73,12.66,12.67,6583.624
2026-01-20 01:00:00,12.67,12.74,12.63,12.68,6028.023
2026-01-20 02:00:00,12.68,12.72,12.63,12.71,10920.278
2026-01-20 03:00:00,12.71,12.74,12.67,12.7,7171.859
2026-01-20 04:00:00,12.7,12.75,12.68,12.69,5865.726
2026-01-20 05:00:00,12.69,12.76,12.63,12.75,24275.209
2026-01-20 06:00:00,12.75,12.75,12.53,12.59,43114.049
2026-01-20 07:00:00,12.59,12.65,12.56,12.56,13116.448
2026-01-20 08:00:00,12.56,12.57,12.4,12.48,42096.566
2026-01-20 09:00:00,12.48,12.59,12.46,12.56,28810.409
2026-01-20 10:00:00,12.56,12.65,12.49,12.49,62743.659
2026-01-20 11:00:00,12.49,12.53,12.44,12.46,22136.328
2026-01-20 12:00:00,12.46,12.48,12.45,12.47,9476.183
2026-01-20 13:00:00,12.47,12.47,12.33,12.33,20042.022
2026-01-20 14:00:00,12.33,12.55,12.33,12.46,33826.187
2026-01-20 15:00:00,12.46,12.47,12.31,12.39,36319.91
2026-01-20 16:00:00,12.39,12.44,12.13,12.21,22498.758
2026-01-20 17:00:00,12.21,12.32,12.06,12.15,39139.975
2026-01-20 18:00:00,12.15,12.19,12.09,12.14,45341.637
2026-01-20 19:00:00,12.14,12.2,12.11,12.19,10746.768
2026-01-20 20:00:00,12.19,12.3,12.14,12.27,16479.035
2026-01-20 21:00:00,12.27,12.28,12.18,12.2,6022.23
2026-01-20 22:00:00,12.2,12.23,11.96,12.14,29965.84
2026-01-20 23:00:00,12.14,12.15,12.08,12.1,5936.741
2026-01-21 00:00:00,12.1,12.26,12.06,12.25,15312.515
2026-01-21 01:00:00,12.25,12.3,12.24,12.26,11079.246
2026-01-21 02:00:00,12.26,12.33,12.24,12.3,9621.898
2026-01-21 03:00:00,12.3,12.34,12.29,12.3,7927.568
2026-01-21 04:00:00,12.3,12.32,12.26,12.27,5343.523
2026-01-21 05:00:00,12.27,12.38,12.26,12.37,7413.762
2026-01-21 06:00:00,12.37,12.37,12.24,12.26,7483.785
2026-01-21 07:00:00,12.26,12.3,12.22,12.24,9884.562
2026-01-21 08:00:00,12.24,12.25,12.14,12.22,9587.705
2026-01-21 09:00:00,12.22,12.25,12.19,12.22,10560.086
2026-01-21 10:00:00,12.22,12.28,12.19,12.19,9422.537
2026-01-21 11:00:00,12.19,12.23,12.1,12.11,11371.165
2026-01-21 12:00:00,12.11,12.12,11.95,12.09,24264.795
2026-01-21 13:00:00,12.09,12.13,12.01,12.03,11657.536
2026-01-21 14:00:00,12.03,12.35,12.02,12.31,52093.148
2026-01-21 15:00:00,12.31,12.42,12.27,12.39,31113.194
2026-01-21 16:00:00,12.39,12.42,11.88,11.91,37669.353
2026-01-21 17:00:00,11.91,12.04,11.89,12.02,30719.186
2026-01-21 18:00:00,12.02,12.17,11.99,12.13,26266.816
2026-01-21 19:00:00,12.13,12.61,12.1,12.6,57463.665
2026-01-21 20:00:00,12.6,12.63,12.42,12.54,19061.716
2026-01-21 21:00:00,12.54,12.72,12.51,12.63,23349.991
2026-01-21 22:00:00,12.63,12.71,12.49,12.51,26147.211
2026-01-21 23:00:00,12.51,12.54,12.38,12.41,11305.748
2026-01-22 00:00:00,12.41,12.52,12.41,12.48,15291.747
2026-01-22 01:00:00,12.48,12.6,12.48,12.59,12154.322
2026-01-22 02:00:00,12.59,12.62,12.53,12.54,8865.014
2026-01-22 03:00:00,12.54,12.58,12.45,12.49,5152.097
2026-01-22 04:00:00,12.49,12.53,12.48,12.51,12070.816
2026-01-22 05:00:00,12.51,12.56,12.48,12.5,11568.506
2026-01-22 06:00:00,12.5,12.52,12.45,12.5,5929.92
2026-01-22 07:00:00,12.5,12.5,12.42,12.43,4036.401
2026-01-22 08:00:00,12.43,12.46,12.37,12.45,15364.118
2026-01-22 09:00:00,12.45,12.5,12.43,12.48,6086.343
2026-01-22 10:00:00,12.48,12.49,12.44,12.46,5665.754
2026-01-22 11:00:00,12.46,12.46,12.35,12.35,7662.206
2026-01-22 12:00:00,12.35,12.35,12.3,12.3,5038.323
2026-01-22 13:00:00,12.3,12.39,12.25,12.27,8637.753
2026-01-22 14:00:00,12.27,12.32,12.13,12.16,17110.82
2026-01-22 15:00:00,12.16,12.24,12.04,12.17,21266.075
2026-01-22 16:00:00,12.17,12.26,12.13,12.22,13425.443
2026-01-22 17:00:00,12.22,12.24,12.12,12.2,17586.858
2026-01-22 18:00:00,12.2,12.2,12.1,12.11,12483.23
2026-01-22 19:00:00,12.11,12.2,12.08,12.17,6736.988
2026-01-22 20:00:00,12.17,12.2,12.09,12.12,5927.778
2026-01-22 21:00:00,12.12,12.18,12.11,12.15,5056.081
2026-01-22 22:00:00,12.15,12.2,12.13,12.18,8540.913
2026-01-22 23:00:00,12.18,12.19,12.12,12.19,6936.776
2026-01-23 00:00:00,12.19,12.22,12.17,12.2,4382.722
2026-01-23 01:00:00,12.2,12.3,12.2,12.3,5976.09
2026-01-23 02:00:00,12.3,12.3,12.21,12.21,4192.453
2026-01-23 03:00:00,12.21,12.28,12.2,12.25,4570.859
2026-01-23 04:00:00,12.25,12.37,12.25,12.36,16629.671
2026-01-23 05:00:00,12.36,12.37,12.26,12.29,4505.285
2026-01-23 06:00:00,12.29,12.33,12.24,12.24,8057.823
2026-01-23 07:00:00,12.24,12.26,12.11,12.13,22278.476
2026-01-23 08:00:00,12.13,12.14,12.04,12.06,11467.898
2026-01-23 09:00:00,12.06,12.18,12.06,12.14,25343.841
2026-01-23 10:00:00,12.14,12.17,12.13,12.15,4445.699
2026-01-23 11:00:00,12.15,12.21,12.15,12.2,2832.719
2026-01-23 12:00:00,12.2,12.21,12.16,12.19,7103.394
2026-01-23 13:00:00,12.19,12.23,12.18,12.2,5872.511
2026-01-23 14:00:00,12.2,12.22,12.0,12.07,24458.328
2026-01-23 15:00:00,12.07,12.27,12.02,12.24,40071.482
2026-01-23 16:00:00,12.24,12.36,12.17,12.29,18777.176
2026-01-23 17:00:00,12.29,12.5,12.24,12.37,32459.501
2026-01-23 18:00:00,12.37,12.44,12.32,12.35,19780.674
2026-01-23 19:00:00,12.35,12.35,12.14,12.17,36252.719
2026-01-23 20:00:00,12.17,12.2,12.04,12.09,18005.346
2026-01-23 21:00:00,12.09,12.15,12.09,12.11,6542.536
2026-01-23 22:00:00,12.11,12.19,12.1,12.18,9695.332
2026-01-23 23:00:00,12.18,12.18,12.12,12.13,5422.774
2026-01-24 00:00:00,12.13,12.16,12.12,12.12,4767.83
2026-01-24 01:00:00,12.12,12.14,12.1,12.14,4191.323
2026-01-24 02:00:00,12.14,12.16,12.13,12.14,2002.777
2026-01-24 03:00:00,12.14,12.18,12.13,12.15,4669.22
2026-01-24 04:00:00,12.15,12.18,12.15,12.17,4295.822
2026-01-24 05:00:00,12.17,12.18,12.13,12.16,4185.232
2026-01-24 06:00:00,12.16,12.17,12.14,12.14,3935.817
2026-01-24 07:00:00,12.14,12.15,12.11,12.13,5125.662
2026-01-24 08:00:00,12.13,12.14,12.11,12.13,4700.122
2026-01-24 09:00:00,12.13,12.14,12.09,12.09,6041.77
2026-01-24 10:00:00,12.09,12.1,12.06,12.09,5884.881
2026-01-24 11:00:00,12.09,12.14,12.09,12.11,3030.374
2026-01-24 12:00:00,12.11,12.15,12.11,12.13,3677.312
2026-01-24 13:00:00,12.13,12.14,12.08,12.08,3022.83
2026-01-24 14:00:00,12.08,12.1,12.06,12.08,9982.639
2026-01-24 15:00:00,12.08,12.11,12.02,12.04,17710.854
2026-01-24 16:00:00,12.04,12.08,11.97,12.05,11536.123
2026-01-24 17:00:00,12.05,12.06,12.02,12.04,7485.925
2026-01-24 18:00:00,12.04,12.06,12.03,12.04,3154.933
2026-01-24 19:00:00,12.04,12.05,12.02,12.03,3778.472
2026-01-24 20:00:00,12.03,12.09,12.03,12.09,4480.704
2026-01-24 21:00:00,12.09,12.1,12.06,12.07,5554.77
2026-01-24 22:00:00,12.07,12.13,12.07,12.11,6899.191
2026-01-24 23:00:00,12.11,12.11,12.05,12.06,6951.799
2026-01-25 00:00:00,12.06,12.07,12.04,12.07,5110.864
2026-01-25 01:00:00,12.07,12.08,12.0,12.0,14143.412
2026-01-25 02:00:00,12.0,12.03,11.99,12.01,3847.29
2026-01-25 03:00:00,12.01,12.01,11.88,11.94,10023.867
2026-01-25 04:00:00,11.94,12.0,11.93,11.96,4089.617
2026-01-25 05:00:00,11.96,11.99,11.95,11.99,1714.244
2026-01-25 06:00:00,11.99,11.99,11.93,11.94,5209.602
2026-01-25 07:00:00,11.94,11.94,11.89,11.93,3623.557
2026-01-25 08:00:00,11.93,11.95,11.83,11.89,9294.689
2026-01-25 09:00:00,11.89,11.99,11.88,11.96,6364.569
2026-01-25 10:00:00,11.96,12.06,11.96,12.0,20953.12
2026-01-25 11:00:00,12.0,12.01,11.94,11.95,3609.01
2026-01-25 12:00:00,11.95,11.95,11.88,11.94,8018.298
2026-01-25 13:00:00,11.94,11.98,11.9,11.97,8096.765
2026-01-25 14:00:00,11.97,11.97,11.82,11.87,11495.888
2026-01-25 15:00:00,11.87,11.9,11.83,11.85,6673.022
2026-01-25 16:00:00,11.85,11.85,11.57,11.68,98719.973
2026-01-25 17:00:00,11.68,11.69,11.58,11.64,11836.107
2026-01-25 18:00:00,11.64,11.64,11.46,11.54,37291.687
2026-01-25 19:00:00,11.54,11.56,11.23,11.31,47881.839
2026-01-25 20:00:00,11.31,11.4,11.26,11.36,42793.679
2026-01-25 21:00:00,11.36,11.45,11.35,11.41,19028.577
2026-01-25 22:00:00,11.41,11.43,11.35,11.39,10423.392
2026-01-25 23:00:00,11.39,11.52,11.34,11.49,24056.106
2026-01-26 00:00:00,11.49,11.57,11.47,11.57,25088.149
2026-01-26 01:00:00,11.57,11.75,11.57,11.71,26511.173
2026-01-26 02:00:00,11.71,11.72,11.61,11.62,14880.791
2026-01-26 03:00:00,11.62,11.65,11.51,11.53,12011.347
2026-01-26 04:00:00,11.53,11.65,11.53,11.6,11319.236
2026-01-26 05:00:00,11.6,11.63,11.58,11.61,4305.99
2026-01-26 06:00:00,11.61,11.69,11.58,11.69,7479.588
2026-01-26 07:00:00,11.69,11.72,11.64,11.68,7226.325
2026-01-26 08:00:00,11.68,11.78,11.67,11.7,15302.319
2026-01-26 09:00:00,11.7,11.7,11.61,11.61,22535.328
2026-01-26 10:00:00,11.61,11.67,11.61,11.66,9293.69
2026-01-26 11:00:00,11.66,11.7,11.65,11.66,9639.473
2026-01-26 12:00:00,11.66,11.71,11.65,11.66,6229.043
2026-01-26 13:00:00,11.66,11.74,11.66,11.72,11216.384
2026-01-26 14:00:00,11.72,11.82,11.64,11.8,28991.215
2026-01-26 15:00:00,11.8,11.93,11.71,11.76,45639.163
2026-01-26 16:00:00,11.76,11.8,11.69,11.76,20000.218
2026-01-26 17:00:00,11.76,11.78,11.62,11.71,24345.628
2026-01-26 18:00:00,11.71,11.82,11.7,11.78,17294.492
2026-01-26 19:00:00,11.78,11.81,11.68,11.7,8366.39
2026-01-26 20:00:00,11.7,11.73,11.63,11.66,9103.786
2026-01-26 21:00:00,11.66,11.79,11.63,11.76,16172.155
2026-01-26 22:00:00,11.76,11.78,11.72,11.75,7566.183
2026-01-26 23:00:00,11.75,11.78,11.7,11.71,6053.97
2026-01-27 00:00:00,11.71,11.74,11.69,11.72,7018.988
2026-01-27 01:00:00,11.72,11.81,11.69,11.78,19557.282
2026-01-27 02:00:00,11.78,11.85,11.77,11.84,16535.342
2026-01-27 03:00:00,11.84,11.84,11.78,11.79,9049.55
2026-01-27 04:00:00,11.79,11.84,11.76,11.77,16336.983
2026-01-27 05:00:00,11.77,11.79,11.75,11.76,3924.712
2026-01-27 06:00:00,11.76,11.78,11.72,11.73,4907.433
2026-01-27 07:00:00,11.73,11.82,11.73,11.75,6829.251
2026-01-27 08:00:00,11.75,11.79,11.75,11.77,6316.184
2026-01-27 09:00:00,11.77,11.77,11.68,11.69,8913.354
2026-01-27 10:00:00,11.69,11.73,11.67,11.67,5036.366
2026-01-27 11:00:00,11.67,11.7,11.66,11.68,3797.145
2026-01-27 12:00:00,11.68,11.7,11.67,11.7,2993.126
2026-01-27 13:00:00,11.7,11.7,11.61,11.63,5369.896
2026-01-27 14:00:00,11.63,11.75,11.6,11.64,20169.64
2026-01-27 15:00:00,11.64,11.73,11.6,11.72,15831.201
2026-01-27 16:00:00,11.72,11.95,11.71,11.89,36228.391
2026-01-27 17:00:00,11.89,11.91,11.59,11.64,26172.719
2026-01-27 18:00:00,11.64,11.89,11.62,11.84,17513.534
2026-01-27 19:00:00,11.84,11.9,11.81,11.86,10018.235
2026-01-27 20:00:00,11.86,12.14,11.85,12.09,42651.145
2026-01-27 21:00:00,12.09,12.11,12.03,12.04,29713.956
2026-01-27 22:00:00,12.04,12.14,12.04,12.09,15659.434
2026-01-27 23:00:00,12.09,12.2,12.09,12.13,13175.868
2026-01-28 00:00:00,12.13,12.16,12.07,12.14,14214.77
2026-01-28 01:00:00,12.14,12.17,12.08,12.12,12425.027
2026-01-28 02:00:00,12.12,12.12,12.03,12.07,11621.05
2026-01-28 03:00:00,12.07,12.1,12.05,12.07,10203.716
2026-01-28 04:00:00,12.07,12.08,12.02,12.05,7988.33
2026-01-28 05:00:00,12.05,12.11,12.04,12.09,7828.468
2026-01-28 06:00:00,12.09,12.16,12.08,12.15,11322.928
2026-01-28 07:00:00,12.15,12.15,12.06,12.08,8570.978
2026-01-28 08:00:00,12.08,12.1,12.03,12.06,9997.188
2026-01-28 09:00:00,12.06,12.17,12.03,12.17,7935.791
2026-01-28 10:00:00,12.17,12.23,12.14,12.17,14532.011
2026-01-28 11:00:00,12.17,12.25,12.13,12.24,21061.996
2026-01-28 12:00:00,12.24,12.28,12.12,12.16,18847.343
2026-01-28 13:00:00,12.16,12.23,12.14,12.15,12985.39
2026-01-28 14:00:00,12.15,12.16,12.05,12.08,12864.274
2026-01-28 15:00:00,12.08,12.11,11.95,12.01,17626.207
2026-01-28 16:00:00,12.01,12.05,11.96,12.01,10381.735
2026-01-28 17:00:00,12.01,12.14,11.92,12.08,15072.119
2026-01-28 18:00:00,12.08,12.08,12.0,12.03,11431.708
2026-01-28 19:00:00,12.03,12.09,11.98,12.06,15994.539
2026-01-28 20:00:00,12.06,12.18,12.02,12.05,16414.514
2026-01-28 21:00:00,12.05,12.11,11.97,12.08,16199.39
2026-01-28 22:00:00,12.08,12.13,12.03,12.13,6966.756
2026-01-28 23:00:00,12.13,12.16,12.06,12.07,11264.897
2026-01-29 00:00:00,12.07,12.1,11.96,12.02,9221.414
2026-01-29 01:00:00,12.02,12.04,11.9,11.93,13149.838
2026-01-29 02:00:00,11.93,11.98,11.75,11.79,34249.777
2026-01-29 03:00:00,11.79,11.88,11.77,11.79,21170.647
2026-01-29 04:00:00,11.79,11.82,11.69,11.79,18920.047
2026-01-29 05:00:00,11.79,11.85,11.79,11.8,10651.154
2026-01-29 06:00:00,11.8,11.84,11.79,11.83,8124.46
2026-01-29 07:00:00,11.83,11.87,11.79,11.8,13852.527
2026-01-29 08:00:00,11.8,11.81,11.73,11.75,15535.451
2026-01-29 09:00:00,11.75,11.77,11.73,11.73,6369.357
2026-01-29 10:00:00,11.73,11.74,11.7,11.71,4041.127
2026-01-29 11:00:00,11.71,11.71,11.64,11.67,17439.582
2026-01-29 12:00:00,11.67,11.67,11.53,11.55,17246.346
2026-01-29 13:00:00,11.55,11.6,11.54,11.6,8145.118
2026-01-29 14:00:00,11.6,11.62,11.16,11.18,89699.556
2026-01-29 15:00:00,11.18,11.18,10.87,11.0,294932.739
2026-01-29 16:00:00,11.0,11.04,10.95,11.02,138419.392
2026-01-29 17:00:00,11.02,11.17,11.0,11.01,97341.636
2026-01-29 18:00:00,11.01,11.04,10.8,10.82,182781.337
2026-01-29 19:00:00,10.82,11.03,10.81,10.99,92345.799
2026-01-29 20:00:00,10.99,11.05,10.96,11.04,40297.741
2026-01-29 21:00:00,11.04,11.07,11.02,11.04,22508.128
2026-01-29 22:00:00,11.04,11.06,11.0,11.03,9788.754
2026-01-29 23:00:00,11.03,11.05,11.0,11.04,11891.841
2026-01-30 00:00:00,11.04,11.09,11.02,11.07,16213.659
2026-01-30 01:00:00,11.07,11.09,10.69,10.96,240600.087
2026-01-30 02:00:00,10.96,10.97,10.76,10.92,46236.344
2026-01-30 03:00:00,10.92,10.98,10.9,10.93,17313.431
2026-01-30 04:00:00,10.93,11.02,10.92,10.97,22323.211
2026-01-30 05:00:00,10.97,10.99,10.94,10.96,6119.201
2026-01-30 06:00:00,10.96,10.96,10.73,10.79,13180.759
2026-01-30 07:00:00,10.79,10.99,10.79,10.96,21804.458
2026-01-30 08:00:00,10.96,10.97,10.86,10.87,53304.593
2026-01-30 09:00:00,10.87,10.92,10.81,10.85,25407.583
2026-01-30 10:00:00,10.85,10.93,10.83,10.93,25007.853
2026-01-30 11:00:00,10.93,11.06,10.92,11.01,32304.707
2026-01-30 12:00:00,11.01,11.02,10.94,10.96,29117.359
2026-01-30 13:00:00,10.96,10.97,10.84,10.87,43772.691
2026-01-30 14:00:00,10.87,11.02,10.87,10.95,35352.875
2026-01-30 15:00:00,10.95,11.01,10.81,10.94,27974.618
2026-01-30 16:00:00,10.94,11.01,10.88,10.95,28719.42
2026-01-30 17:00:00,10.95,11.01,10.87,10.93,23870.816
2026-01-30 18:00:00,10.93,11.04,10.63,11.0,65971.244
2026-01-30 19:00:00,11.0,11.05,10.98,10.99,50710.047
2026-01-30 20:00:00,10.99,10.99,10.82,10.86,39958.376
2026-01-30 21:00:00,10.86,10.95,10.82,10.93,18723.381
2026-01-30 22:00:00,10.93,10.94,10.84,10.89,7592.621
2026-01-30 23:00:00,10.89,10.91,10.84,10.87,87096.76
2026-01-31 00:00:00,10.87,10.88,10.84,10.86,36505.003
2026-01-31 01:00:00,10.86,10.9,10.83,10.87,11672.294
2026-01-31 02:00:00,10.87,10.89,10.81,10.86,25472.547
2026-01-31 03:00:00,10.86,10.87,10.83,10.83,7324.418
2026-01-31 04:00:00,10.83,10.87,10.81,10.82,8280.522
2026-01-31 05:00:00,10.82,10.83,10.78,10.81,17121.441
2026-01-31 06:00:00,10.81,10.82,10.68,10.73,19291.208
2026-01-31 07:00:00,10.73,10.73,10.58,10.65,25897.987
2026-01-31 08:00:00,10.65,10.68,10.43,10.57,89964.856
2026-01-31 09:00:00,10.57,10.65,10.55,10.6,18068.447
2026-01-31 10:00:00,10.6,10.64,10.56,10.63,12028.75
2026-01-31 11:00:00,10.63,10.64,10.57,10.59,14588.215
2026-01-31 12:00:00,10.59,10.6,10.55,10.55,12897.187
2026-01-31 13:00:00,10.55,10.58,10.45,10.47,20352.353
2026-01-31 14:00:00,10.47,10.5,9.99,10.13,188027.088
2026-01-31 15:00:00,10.13,10.23,10.11,10.17,56960.954
2026-01-31 16:00:00,10.17,10.29,10.03,10.08,89567.224
2026-01-31 17:00:00,10.08,10.12,9.54,9.79,338056.383
2026-01-31 18:00:00,9.79,9.85,9.16,9.78,444888.872
2026-01-31 19:00:00,9.78,9.97,9.78,9.84,87344.789
2026-01-31 20:00:00,9.84,9.93,9.74,9.88,41263.399
2026-01-31 21:00:00,9.88,10.01,9.84,9.98,45652.276
2026-01-31 22:00:00,9.98,10.0,9.91,9.98,21815.194
2026-01-31 23:00:00,9.98,10.18,9.96,10.12,40075.65
2026-02-01 00:00:00,10.12,10.21,10.12,10.19,23905.559
2026-02-01 01:00:00,10.19,10.19,10.1,10.18,17768.713
2026-02-01 02:00:00,10.18,10.23,10.15,10.21,14303.111
2026-02-01 03:00:00,10.21,10.22,10.19,10.21,11538.027
2026-02-01 04:00:00,10.21,10.24,10.2,10.22,19176.901
2026-02-01 05:00:00,10.22,10.24,10.17,10.18,34722.705
2026-02-01 06:00:00,10.18,10.23,10.14,10.18,20895.253
2026-02-01 07:00:00,10.18,10.25,10.14,10.19,17194.502
2026-02-01 08:00:00,10.19,10.22,10.14,10.17,29138.3
2026-02-01 09:00:00,10.17,10.21,10.12,10.2,6707.204
2026-02-01 10:00:00,10.2,10.21,10.02,10.02,17621.464
2026-02-01 11:00:00,10.02,10.16,10.02,10.12,10849.683
2026-02-01 12:00:00,10.12,10.13,10.03,10.07,21684.079
2026-02-01 13:00:00,10.07,10.15,10.04,10.07,12957.691
2026-02-01 14:00:00,10.07,10.1,9.89,10.04,36551.258
2026-02-01 15:00:00,10.04,10.04,9.73,9.86,40864.869
2026-02-01 16:00:00,9.86,9.93,9.76,9.87,30976.803
2026-02-01 17:00:00,9.87,9.9,9.8,9.9,21116.1
2026-02-01 18:00:00,9.9,10.09,9.9,9.99,23864.09
2026-02-01 19:00:00,9.99,10.01,9.84,9.89,14513.854
2026-02-01 20:00:00,9.89,10.03,9.81,9.93,25328.339
2026-02-01 21:00:00,9.93,9.94,9.83,9.87,25222.136
2026-02-01 22:00:00,9.87,10.05,9.87,9.99,29146.167
2026-02-01 23:00:00,9.99,10.07,9.68,9.91,62575.838
2026-02-02 00:00:00,9.91,10.09,9.84,10.02,41240.235
2026-02-02 01:00:00,10.02,10.13,9.89,10.07,28728.436
2026-02-02 02:00:00,10.07,10.08,9.92,9.93,22313.398
2026-02-02 03:00:00,9.93,9.94,9.54,9.86,85173.954
2026-02-02 04:00:00,9.86,10.0,9.72,9.84,31441.091
2026-02-02 05:00:00,9.84,9.84,9.6,9.68,37533.642
2026-02-02 06:00:00,9.68,9.94,9.54,9.82,112159.663
2026-02-02 07:00:00,9.82,9.95,9.79,9.89,32085.453
2026-02-02 08:00:00,9.89,9.99,9.89,9.94,33004.985
2026-02-02 09:00:00,9.94,10.07,9.87,10.01,30655.068
2026-02-02 10:00:00,10.01,10.04,9.96,9.98,17472.707
2026-02-02 11:00:00,9.98,10.04,9.97,9.98,22203.081
2026-02-02 12:00:00,9.98,10.09,9.98,10.07,12768.55
2026-02-02 13:00:00,10.07,10.14,10.04,10.12,12087.89
2026-02-02 14:00:00,10.12,10.24,10.03,10.14,47978.3
2026-02-02 15:00:00,10.14,10.32,10.12,10.24,49155.047
2026-02-02 16:00:00,10.24,10.27,10.18,10.2,26580.663
2026-02-02 17:00:00,10.2,10.23,10.14,10.16,18978.442
2026-02-02 18:00:00,10.16,10.23,10.13,10.17,14246.603
2026-02-02 19:00:00,10.17,10.18,10.12,10.14,10843.946
2026-02-02 20:00:00,10.14,10.15,10.08,10.1,11938.291
2026-02-02 21:00:00,10.1,10.18,10.1,10.16,12089.672
2026-02-02 22:00:00,10.16,10.19,10.15,10.18,15141.804
2026-02-02 23:00:00,10.18,10.19,10.13,10.15,16699.309
2026-02-03 00:00:00,10.15,10.15,10.09,10.15,12001.431
2026-02-03 01:00:00,10.15,10.15,10.07,10.13,15033.861
2026-02-03 02:00:00,10.13,10.13,9.98,9.99,16488.185
2026-02-03 03:00:00,9.99,10.15,9.95,10.14,19063.769
2026-02-03 04:00:00,10.14,10.21,10.11,10.17,18733.728
2026-02-03 05:00:00,10.17,10.17,10.08,10.09,17687.484
2026-02-03 06:00:00,10.09,10.14,10.04,10.13,14110.839
2026-02-03 07:00:00,10.13,10.18,10.1,10.15,12665.751
2026-02-03 08:00:00,10.15,10.18,10.1,10.1,16521.4
2026-02-03 09:00:00,10.1,10.13,9.98,10.05,23261.581
2026-02-03 10:00:00,10.05,10.09,10.03,10.06,10240.552
2026-02-03 11:00:00,10.06,10.11,10.05,10.08,21798.877
2026-02-03 12:00:00,10.08,10.17,10.05,10.15,11440.668
2026-02-03 13:00:00,10.15,10.17,10.12,10.15,12046.041
2026-02-03 14:00:00,10.15,10.16,9.93,9.94,22036.405
2026-02-03 15:00:00,9.94,10.17,9.91,10.16,57708.586
2026-02-03 16:00:00,10.16,10.16,9.92,9.95,37799.368
2026-02-03 17:00:00,9.95,9.96,9.74,9.75,32246.546
2026-02-03 18:00:00,9.75,9.8,9.53,9.57,71076.263
2026-02-03 19:00:00,9.57,10.01,9.55,9.97,68597.533
2026-02-03 20:00:00,9.97,10.35,9.85,10.21,115085.765
2026-02-03 21:00:00,10.21,10.27,10.08,10.1,30006.34
2026-02-03 22:00:00,10.1,10.1,9.94,9.96,21315.969
2026-02-03 23:00:00,9.96,9.98,9.88,9.93,14121.973
2026-02-04 00:00:00,9.93,10.02,9.89,9.98,9645.315
2026-02-04 01:00:00,9.98,10.12,9.98,10.06,13664.931
2026-02-04 02:00:00,10.06,10.08,9.97,10.02,12071.614
2026-02-04 03:00:00,10.02,10.13,10.01,10.11,15107.697
2026-02-04 04:00:00,10.11,10.13,10.09,10.1,8667.022
2026-02-04 05:00:00,10.1,10.12,10.02,10.04,7942.017
2026-02-04 06:00:00,10.04,10.16,10.03,10.13,10174.339
2026-02-04 07:00:00,10.13,10.16,10.08,10.15,27766.587
2026-02-04 08:00:00,10.15,10.19,10.08,10.14,28394.622
2026-02-04 09:00:00,10.14,10.14,10.06,10.07,7754.549
2026-02-04 10:00:00,10.07,10.08,10.04,10.04,9641.456
2026-02-04 11:00:00,10.04,10.06,9.93,10.02,16033.819
2026-02-04 12:00:00,10.02,10.04,9.97,10.02,42241.217
2026-02-04 13:00:00,10.02,10.02,9.87,9.88,22476.624
2026-02-04 14:00:00,9.88,9.94,9.72,9.73,32801.978
2026-02-04 15:00:00,9.73,9.86,9.62,9.73,34285.694
2026-02-04 16:00:00,9.73,9.78,9.59,9.7,40756.062
2026-02-04 17:00:00,9.7,9.78,9.57,9.7,28786.872
2026-02-04 18:00:00,9.7,9.89,9.57,9.77,48363.967
2026-02-04 19:00:00,9.77,9.96,9.72,9.93,20068.262
2026-02-04 20:00:00,9.93,9.95,9.83,9.84,9028.082
2026-02-04 21:00:00,9.84,9.87,9.63,9.72,14211.96
2026-02-04 22:00:00,9.72,9.85,9.54,9.72,22198.813
