timestamp,open,high,low,close,volume
2024-02-05 23:00:00,6.685,6.74,6.67,6.734,12630.857
2024-02-06 00:00:00,6.734,6.735,6.678,6.701,11047.742
2024-02-06 01:00:00,6.701,6.73,6.672,6.704,23085.682
2024-02-06 02:00:00,6.704,6.783,6.7,6.783,32199.226
2024-02-06 03:00:00,6.783,6.795,6.74,6.753,20670.511
2024-02-06 04:00:00,6.753,6.771,6.731,6.741,11190.751
2024-02-06 05:00:00,6.741,6.742,6.715,6.722,21000.704
2024-02-06 06:00:00,6.722,6.735,6.714,6.734,8452.651
2024-02-06 07:00:00,6.734,6.747,6.702,6.746,24266.852
2024-02-06 08:00:00,6.746,6.783,6.733,6.773,27930.16
2024-02-06 09:00:00,6.773,6.78,6.737,6.745,36889.312
2024-02-06 10:00:00,6.745,6.756,6.639,6.687,77700.002
2024-02-06 11:00:00,6.687,6.714,6.671,6.709,37564.203
2024-02-06 12:00:00,6.709,6.73,6.654,6.684,37154.783
2024-02-06 13:00:00,6.684,6.722,6.661,6.722,30996.107
2024-02-06 14:00:00,6.722,6.765,6.719,6.724,26691.169
2024-02-06 15:00:00,6.724,6.783,6.717,6.769,28331.572
2024-02-06 16:00:00,6.769,6.793,6.745,6.754,34902.936
2024-02-06 17:00:00,6.754,6.769,6.731,6.739,46716.72
2024-02-06 18:00:00,6.739,6.76,6.703,6.758,25247.083
2024-02-06 19:00:00,6.758,6.799,6.745,6.798,51673.332
2024-02-06 20:00:00,6.798,6.815,6.788,6.795,167906.235
2024-02-06 21:00:00,6.795,6.805,6.778,6.801,49557.518
2024-02-06 22:00:00,6.801,6.833,6.786,6.818,56641.1
2024-02-06 23:00:00,6.818,6.829,6.799,6.808,95086.586
2024-02-07 00:00:00,6.808,6.821,6.784,6.795,14996.05
2024-02-07 01:00:00,6.795,6.824,6.79,6.808,10333.425
2024-02-07 02:00:00,6.808,6.815,6.791,6.795,7999.032
2024-02-07 03:00:00,6.795,6.795,6.733,6.733,24036.168
2024-02-07 04:00:00,6.733,6.74,6.702,6.719,17553.245
2024-02-07 05:00:00,6.719,6.762,6.684,6.747,23486.306
2024-02-07 06:00:00,6.747,6.747,6.706,6.722,14797.555
2024-02-07 07:00:00,6.722,6.742,6.678,6.691,16042.705
2024-02-07 08:00:00,6.691,6.733,6.672,6.732,28377.02
2024-02-07 09:00:00,6.732,6.766,6.719,6.747,14925.271
2024-02-07 10:00:00,6.747,6.749,6.684,6.694,32472.996
2024-02-07 11:00:00,6.694,6.719,6.684,6.708,18079.822
2024-02-07 12:00:00,6.708,6.74,6.705,6.738,13757.379
2024-02-07 13:00:00,6.738,6.766,6.732,6.753,11694.772
2024-02-07 14:00:00,6.753,6.822,6.751,6.786,38852.266
2024-02-07 15:00:00,6.786,6.847,6.758,6.804,24570.64
2024-02-07 16:00:00,6.804,6.86,6.784,6.857,28124.613
2024-02-07 17:00:00,6.857,6.916,6.851,6.885,172329.31
2024-02-07 18:00:00,6.885,6.913,6.872,6.904,24275.175
2024-02-07 19:00:00,6.904,6.911,6.874,6.889,30753.643
2024-02-07 20:00:00,6.889,6.962,6.889,6.94,115609.335
2024-02-07 21:00:00,6.94,6.951,6.924,6.94,23546.375
2024-02-07 22:00:00,6.94,6.959,6.921,6.935,24694.209
2024-02-07 23:00:00,6.935,6.951,6.929,6.94,16808.788
2024-02-08 00:00:00,6.94,6.99,6.94,6.985,41780.246
2024-02-08 01:00:00,6.985,6.989,6.939,6.972,21312.548
2024-02-08 02:00:00,6.972,6.984,6.958,6.974,27452.888
2024-02-08 03:00:00,6.974,6.978,6.954,6.958,14345.794
2024-02-08 04:00:00,6.958,6.976,6.942,6.945,11933.358
2024-02-08 05:00:00,6.945,6.949,6.917,6.93,20374.47
2024-02-08 06:00:00,6.93,6.949,6.914,6.919,20856.875
2024-02-08 07:00:00,6.919,6.951,6.906,6.951,53116.261
2024-02-08 08:00:00,6.951,6.982,6.951,6.965,31124.752
2024-02-08 09:00:00,6.965,6.973,6.942,6.964,13628.849
2024-02-08 10:00:00,6.964,6.974,6.933,6.943,24928.066
2024-02-08 11:00:00,6.943,6.949,6.895,6.905,30824.948
2024-02-08 12:00:00,6.905,6.933,6.873,6.878,21940.372
2024-02-08 13:00:00,6.878,6.933,6.871,6.933,36118.229
2024-02-08 14:00:00,6.933,6.993,6.924,6.981,55728.653
2024-02-08 15:00:00,6.981,7.08,6.981,7.047,132561.091
2024-02-08 16:00:00,7.047,7.053,6.909,6.951,77829.32
2024-02-08 17:00:00,6.951,7.065,6.943,6.984,106699.845
2024-02-08 18:00:00,6.984,7.052,6.97,7.045,23211.112
2024-02-08 19:00:00,7.045,7.064,7.014,7.014,18352.251
2024-02-08 20:00:00,7.014,7.076,7.009,7.069,27299.813
2024-02-08 21:00:00,7.069,7.111,7.05,7.084,30342.667
2024-02-08 22:00:00,7.084,7.105,7.036,7.038,18549.084
2024-02-08 23:00:00,7.038,7.048,7.01,7.011,19731.645
2024-02-09 00:00:00,7.011,7.032,6.979,6.988,21664.943
2024-02-09 01:00:00,6.988,6.99,6.956,6.984,16448.608
2024-02-09 02:00:00,6.984,7.117,6.975,7.1,65819.046
2024-02-09 03:00:00,7.1,7.104,7.05,7.05,47086.223
2024-02-09 04:00:00,7.05,7.075,7.039,7.056,20292.551
2024-02-09 05:00:00,7.056,7.091,7.037,7.085,26296.952
2024-02-09 06:00:00,7.085,7.088,7.05,7.071,16865.513
2024-02-09 07:00:00,7.071,7.104,7.065,7.099,22957.559
2024-02-09 08:00:00,7.099,7.107,7.06,7.104,39386.522
2024-02-09 09:00:00,7.104,7.124,7.086,7.089,60843.258
2024-02-09 10:00:00,7.089,7.105,7.066,7.101,40387.052
2024-02-09 11:00:00,7.101,7.19,7.091,7.166,76081.171
2024-02-09 12:00:00,7.166,7.217,7.145,7.171,68603.084
2024-02-09 13:00:00,7.171,7.235,7.157,7.222,113728.861
2024-02-09 14:00:00,7.222,7.332,7.148,7.202,230259.157
2024-02-09 15:00:00,7.202,7.25,7.132,7.213,78194.895
2024-02-09 16:00:00,7.213,7.214,7.144,7.169,48671.247
2024-02-09 17:00:00,7.169,7.206,7.12,7.142,90616.146
2024-02-09 18:00:00,7.142,7.214,7.138,7.178,101720.441
2024-02-09 19:00:00,7.178,7.178,7.117,7.152,28162.277
2024-02-09 20:00:00,7.152,7.183,7.152,7.168,22087.152
2024-02-09 21:00:00,7.168,7.227,7.161,7.225,37597.55
2024-02-09 22:00:00,7.225,7.228,7.188,7.21,37282.044
2024-02-09 23:00:00,7.21,7.224,7.162,7.195,21679.586
2024-02-10 00:00:00,7.195,7.278,7.195,7.211,28300.696
2024-02-10 01:00:00,7.211,7.231,7.171,7.231,17516.437
2024-02-10 02:00:00,7.231,7.242,7.204,7.223,18166.508
2024-02-10 03:00:00,7.223,7.264,7.212,7.252,16940.691
2024-02-10 04:00:00,7.252,7.263,7.236,7.239,16914.651
2024-02-10 05:00:00,7.239,7.239,7.208,7.214,14949.685
2024-02-10 06:00:00,7.214,7.221,7.186,7.194,13703.732
2024-02-10 07:00:00,7.194,7.197,7.175,7.18,14319.949
2024-02-10 08:00:00,7.18,7.217,7.14,7.145,17946.579
2024-02-10 09:00:00,7.145,7.181,7.129,7.134,26626.184
2024-02-10 10:00:00,7.134,7.143,7.059,7.073,52822.183
2024-02-10 11:00:00,7.073,7.111,7.067,7.106,24440.017
2024-02-10 12:00:00,7.106,7.122,7.089,7.096,10606.551
2024-02-10 13:00:00,7.096,7.118,7.074,7.11,57072.072
2024-02-10 14:00:00,7.11,7.123,7.105,7.12,13742.637
2024-02-10 15:00:00,7.12,7.151,7.117,7.141,12597.206
2024-02-10 16:00:00,7.141,7.157,7.116,7.157,10093.194
2024-02-10 17:00:00,7.157,7.174,7.153,7.153,32867.057
2024-02-10 18:00:00,7.153,7.181,7.148,7.178,14261.433
2024-02-10 19:00:00,7.178,7.216,7.173,7.21,30303.718
2024-02-10 20:00:00,7.21,7.268,7.195,7.243,24208.791
2024-02-10 21:00:00,7.243,7.291,7.243,7.257,24324.568
2024-02-10 22:00:00,7.257,7.257,7.201,7.228,25751.491
2024-02-10 23:00:00,7.228,7.25,7.199,7.2,13127.032
2024-02-11 00:00:00,7.2,7.207,7.163,7.194,28356.596
2024-02-11 01:00:00,7.194,7.217,7.153,7.18,19027.527
2024-02-11 02:00:00,7.18,7.186,7.158,7.167,11353.986
2024-02-11 03:00:00,7.167,7.25,7.164,7.247,23453.962
2024-02-11 04:00:00,7.247,7.274,7.238,7.246,30299.978
2024-02-11 05:00:00,7.246,7.293,7.241,7.291,27133.401
2024-02-11 06:00:00,7.291,7.3,7.268,7.293,17423.862
2024-02-11 07:00:00,7.293,7.301,7.259,7.286,45913.47
2024-02-11 08:00:00,7.286,7.345,7.276,7.288,30308.657
2024-02-11 09:00:00,7.288,7.3,7.257,7.271,43210.629
2024-02-11 10:00:00,7.271,7.283,7.236,7.275,26110.037
2024-02-11 11:00:00,7.275,7.307,7.267,7.302,22883.021
2024-02-11 12:00:00,7.302,7.312,7.271,7.278,37735.476
2024-02-11 13:00:00,7.278,7.284,7.194,7.2,28356.321
2024-02-11 14:00:00,7.2,7.211,7.163,7.203,28910.728
2024-02-11 15:00:00,7.203,7.204,7.184,7.2,17712.281
2024-02-11 16:00:00,7.2,7.208,7.169,7.198,24027.107
2024-02-11 17:00:00,7.198,7.231,7.194,7.212,20781.639
2024-02-11 18:00:00,7.212,7.212,7.132,7.197,30793.449
2024-02-11 19:00:00,7.197,7.209,7.186,7.189,11182.448
2024-02-11 20:00:00,7.189,7.206,7.095,7.103,29099.937
2024-02-11 21:00:00,7.103,7.127,7.084,7.093,15828.264
2024-02-11 22:00:00,7.093,7.11,7.08,7.093,10291.738
2024-02-11 23:00:00,7.093,7.104,7.079,7.099,10881.286
2024-02-12 00:00:00,7.099,7.154,7.075,7.148,21929.869
2024-02-12 01:00:00,7.148,7.167,7.123,7.138,12608.719
2024-02-12 02:00:00,7.138,7.144,6.991,7.039,57740.266
2024-02-12 03:00:00,7.039,7.087,7.024,7.07,13189.704
2024-02-12 04:00:00,7.07,7.101,7.065,7.086,11680.898
2024-02-12 05:00:00,7.086,7.106,7.069,7.077,9226.168
2024-02-12 06:00:00,7.077,7.081,7.0,7.046,47957.734
2024-02-12 07:00:00,7.046,7.12,7.043,7.101,18482.374
2024-02-12 08:00:00,7.101,7.128,7.088,7.095,25412.61
2024-02-12 09:00:00,7.095,7.1,7.017,7.018,18192.152
2024-02-12 10:00:00,7.018,7.05,7.006,7.009,23763.753
2024-02-12 11:00:00,7.009,7.02,6.978,7.012,39040.772
2024-02-12 12:00:00,7.012,7.044,6.999,7.036,18783.898
2024-02-12 13:00:00,7.036,7.045,7.023,7.035,11858.323
2024-02-12 14:00:00,7.035,7.153,7.035,7.15,32523.913
2024-02-12 15:00:00,7.15,7.257,7.129,7.247,108312.51
2024-02-12 16:00:00,7.247,7.276,7.193,7.275,97319.515
2024-02-12 17:00:00,7.275,7.375,7.265,7.357,138238.003
2024-02-12 18:00:00,7.357,7.365,7.297,7.298,126236.803
2024-02-12 19:00:00,7.298,7.318,7.207,7.22,41211.736
2024-02-12 20:00:00,7.22,7.305,7.22,7.302,38668.531
2024-02-12 21:00:00,7.302,7.317,7.269,7.27,30417.586
2024-02-12 22:00:00,7.27,7.35,7.269,7.348,55602.255
2024-02-12 23:00:00,7.348,7.353,7.316,7.34,28503.12
2024-02-13 00:00:00,7.34,7.45,7.339,7.422,43566.413
2024-02-13 01:00:00,7.422,7.449,7.378,7.405,43452.931
2024-02-13 02:00:00,7.405,7.405,7.335,7.347,37762.401
2024-02-13 03:00:00,7.347,7.361,7.28,7.298,31200.598
2024-02-13 04:00:00,7.298,7.382,7.298,7.365,33168.705
2024-02-13 05:00:00,7.365,7.376,7.333,7.375,21339.032
2024-02-13 06:00:00,7.375,7.408,7.357,7.384,19823.604
2024-02-13 07:00:00,7.384,7.411,7.369,7.401,46227.012
2024-02-13 08:00:00,7.401,7.422,7.378,7.413,39689.617
2024-02-13 09:00:00,7.413,7.439,7.37,7.426,67911.486
2024-02-13 10:00:00,7.426,7.426,7.337,7.34,44652.742
2024-02-13 11:00:00,7.34,7.387,7.32,7.379,54928.527
2024-02-13 12:00:00,7.379,7.39,7.346,7.359,47001.749
2024-02-13 13:00:00,7.359,7.37,7.167,7.271,141775.971
2024-02-13 14:00:00,7.271,7.3,7.108,7.191,179628.87
2024-02-13 15:00:00,7.191,7.226,7.148,7.197,59965.941
2024-02-13 16:00:00,7.197,7.234,7.158,7.16,48236.471
2024-02-13 17:00:00,7.16,7.218,7.152,7.217,27589.752
2024-02-13 18:00:00,7.217,7.27,7.21,7.249,27064.98
2024-02-13 19:00:00,7.249,7.27,7.22,7.227,14528.853
2024-02-13 20:00:00,7.227,7.307,7.227,7.296,21052.592
2024-02-13 21:00:00,7.296,7.339,7.289,7.31,44363.485
2024-02-13 22:00:00,7.31,7.327,7.268,7.314,14694.18
2024-02-13 23:00:00,7.314,7.364,7.301,7.354,18790.517
2024-02-14 00:00:00,7.354,7.357,7.28,7.298,23089.427
2024-02-14 01:00:00,7.298,7.315,7.275,7.303,21876.92
2024-02-14 02:00:00,7.303,7.392,7.292,7.383,21622.46
2024-02-14 03:00:00,7.383,7.576,7.383,7.504,113067.249
2024-02-14 04:00:00,7.504,7.571,7.485,7.545,40477.491
2024-02-14 05:00:00,7.545,7.643,7.54,7.572,144081.704
2024-02-14 06:00:00,7.572,7.646,7.55,7.633,54055.817
2024-02-14 07:00:00,7.633,7.642,7.575,7.592,39120.463
2024-02-14 08:00:00,7.592,7.643,7.558,7.643,75479.659
2024-02-14 09:00:00,7.643,7.706,7.614,7.693,117933.165
2024-02-14 10:00:00,7.693,7.71,7.648,7.661,82861.953
2024-02-14 11:00:00,7.661,7.67,7.619,7.662,50374.85
2024-02-14 12:00:00,7.662,7.667,7.583,7.603,79741.824
2024-02-14 13:00:00,7.603,7.652,7.599,7.65,45512.015
2024-02-14 14:00:00,7.65,7.68,7.609,7.632,51803.287
2024-02-14 15:00:00,7.632,7.638,7.548,7.579,54362.074
2024-02-14 16:00:00,7.579,7.596,7.516,7.543,74603.368
2024-02-14 17:00:00,7.543,7.562,7.515,7.528,31811.292
2024-02-14 18:00:00,7.528,7.621,7.524,7.596,22067.199
2024-02-14 19:00:00,7.596,7.663,7.59,7.645,37604.399
2024-02-14 20:00:00,7.645,7.72,7.626,7.65,70621.721
2024-02-14 21:00:00,7.65,7.73,7.641,7.675,56411.538
2024-02-14 22:00:00,7.675,7.693,7.656,7.677,22958.174
2024-02-14 23:00:00,7.677,7.677,7.64,7.651,8882.126
2024-02-15 00:00:00,7.651,7.735,7.639,7.733,61436.064
2024-02-15 01:00:00,7.733,7.733,7.578,7.621,98945.049
2024-02-15 02:00:00,7.621,7.671,7.617,7.625,22650.995
2024-02-15 03:00:00,7.625,7.669,7.616,7.668,22121.422
2024-02-15 04:00:00,7.668,7.669,7.614,7.623,34112.146
2024-02-15 05:00:00,7.623,7.633,7.525,7.561,34175.108
2024-02-15 06:00:00,7.561,7.622,7.553,7.617,20350.414
2024-02-15 07:00:00,7.617,7.655,7.584,7.648,29893.422
2024-02-15 08:00:00,7.648,7.658,7.608,7.64,32803.214
2024-02-15 09:00:00,7.64,7.766,7.633,7.755,56634.175
2024-02-15 10:00:00,7.755,7.864,7.746,7.83,108944.091
2024-02-15 11:00:00,7.83,7.914,7.808,7.9,146773.763
2024-02-15 12:00:00,7.9,7.958,7.821,7.86,145756.873
2024-02-15 13:00:00,7.86,7.892,7.822,7.877,62564.337
2024-02-15 14:00:00,7.877,7.949,7.875,7.905,77168.968
2024-02-15 15:00:00,7.905,7.936,7.755,7.793,142780.174
2024-02-15 16:00:00,7.793,7.836,7.714,7.766,112372.688
2024-02-15 17:00:00,7.766,7.834,7.697,7.716,107589.582
2024-02-15 18:00:00,7.716,7.747,7.692,7.732,46736.799
2024-02-15 19:00:00,7.732,7.779,7.692,7.757,78162.787
2024-02-15 20:00:00,7.757,7.778,7.695,7.701,43442.568
2024-02-15 21:00:00,7.701,7.742,7.628,7.653,90117.331
2024-02-15 22:00:00,7.653,7.96,7.649,7.736,91241.722
2024-02-15 23:00:00,7.736,7.782,7.725,7.778,30127.109
2024-02-16 00:00:00,7.778,7.784,7.714,7.751,26400.522
2024-02-16 01:00:00,7.751,7.787,7.731,7.781,16061.033
2024-02-16 02:00:00,7.781,7.792,7.759,7.787,27348.792
2024-02-16 03:00:00,7.787,7.818,7.768,7.818,16978.384
2024-02-16 04:00:00,7.818,7.836,7.807,7.807,23545.885
2024-02-16 05:00:00,7.807,7.824,7.79,7.793,15910.827
2024-02-16 06:00:00,7.793,7.866,7.771,7.782,39509.301
2024-02-16 07:00:00,7.782,7.8,7.713,7.723,36485.817
2024-02-16 08:00:00,7.723,7.837,7.712,7.78,26284.694
2024-02-16 09:00:00,7.78,7.796,7.7,7.729,39890.371
2024-02-16 10:00:00,7.729,7.781,7.701,7.78,52286.237
2024-02-16 11:00:00,7.78,7.796,7.761,7.765,32841.421
2024-02-16 12:00:00,7.765,7.863,7.747,7.854,46723.389
2024-02-16 13:00:00,7.854,7.862,7.777,7.822,50247.945
2024-02-16 14:00:00,7.822,7.835,7.606,7.661,81885.938
2024-02-16 15:00:00,7.661,7.661,7.538,7.644,108881.465
2024-02-16 16:00:00,7.644,7.706,7.612,7.623,52272.478
2024-02-16 17:00:00,7.623,7.634,7.568,7.586,23622.626
2024-02-16 18:00:00,7.586,7.621,7.547,7.62,23573.847
2024-02-16 19:00:00,7.62,7.642,7.561,7.579,41535.387
2024-02-16 20:00:00,7.579,7.606,7.565,7.597,21996.688
2024-02-16 21:00:00,7.597,7.626,7.576,7.624,12344.496
2024-02-16 22:00:00,7.624,7.627,7.561,7.584,25028.401
2024-02-16 23:00:00,7.584,7.672,7.573,7.648,26729.429
2024-02-17 00:00:00,7.648,7.683,7.632,7.634,21091.951
2024-02-17 01:00:00,7.634,7.64,7.425,7.527,64527.516
2024-02-17 02:00:00,7.527,7.569,7.517,7.56,26008.074
2024-02-17 03:00:00,7.56,7.58,7.55,7.58,10542.553
2024-02-17 04:00:00,7.58,7.601,7.563,7.586,7997.632
2024-02-17 05:00:00,7.586,7.588,7.541,7.567,15353.294
2024-02-17 06:00:00,7.567,7.592,7.558,7.582,15731.324
2024-02-17 07:00:00,7.582,7.669,7.578,7.661,14807.581
2024-02-17 08:00:00,7.661,7.668,7.583,7.619,21600.129
2024-02-17 09:00:00,7.619,7.633,7.575,7.575,13593.003
2024-02-17 10:00:00,7.575,7.585,7.527,7.569,36893.638
2024-02-17 11:00:00,7.569,7.612,7.556,7.6,16923.791
2024-02-17 12:00:00,7.6,7.633,7.567,7.631,29610.811
2024-02-17 13:00:00,7.631,7.633,7.445,7.459,79345.607
2024-02-17 14:00:00,7.459,7.509,7.335,7.403,152612.799
2024-02-17 15:00:00,7.403,7.47,7.363,7.457,33830.05
2024-02-17 16:00:00,7.457,7.496,7.426,7.496,21280.226
2024-02-17 17:00:00,7.496,7.536,7.495,7.518,24702.342
2024-02-17 18:00:00,7.518,7.522,7.502,7.504,22436.068
2024-02-17 19:00:00,7.504,7.559,7.501,7.557,34597.136
2024-02-17 20:00:00,7.557,7.677,7.542,7.67,29843.756
2024-02-17 21:00:00,7.67,7.688,7.632,7.664,36105.266
2024-02-17 22:00:00,7.664,7.699,7.651,7.687,23245.318
2024-02-17 23:00:00,7.687,7.71,7.674,7.707,24627.243
2024-02-18 00:00:00,7.707,7.847,7.704,7.791,86963.03
2024-02-18 01:00:00,7.791,7.836,7.732,7.745,74579.898
2024-02-18 02:00:00,7.745,7.822,7.724,7.749,42557.534
2024-02-18 03:00:00,7.749,7.77,7.729,7.74,15561.37
2024-02-18 04:00:00,7.74,7.782,7.736,7.761,13148.485
2024-02-18 05:00:00,7.761,7.817,7.729,7.815,22592.454
2024-02-18 06:00:00,7.815,7.824,7.695,7.718,25529.993
2024-02-18 07:00:00,7.718,7.779,7.677,7.779,16131.476
2024-02-18 08:00:00,7.779,7.798,7.736,7.794,45425.187
2024-02-18 09:00:00,7.794,7.856,7.793,7.841,37768.349
2024-02-18 10:00:00,7.841,7.841,7.762,7.795,28439.02
2024-02-18 11:00:00,7.795,7.795,7.757,7.774,15357.466
2024-02-18 12:00:00,7.774,7.79,7.715,7.724,45328.278
2024-02-18 13:00:00,7.724,7.746,7.715,7.732,18184.086
2024-02-18 14:00:00,7.732,7.801,7.73,7.781,22048.045
2024-02-18 15:00:00,7.781,7.812,7.756,7.777,24556.704
2024-02-18 16:00:00,7.777,7.784,7.741,7.776,15709.308
2024-02-18 17:00:00,7.776,7.862,7.774,7.813,46518.077
2024-02-18 18:00:00,7.813,7.813,7.755,7.797,19655.596
2024-02-18 19:00:00,7.797,7.826,7.78,7.792,30195.493
2024-02-18 20:00:00,7.792,7.792,7.725,7.755,65296.495
2024-02-18 21:00:00,7.755,7.802,7.755,7.798,16673.762
2024-02-18 22:00:00,7.798,7.876,7.794,7.862,26415.833
2024-02-18 23:00:00,7.862,7.92,7.817,7.86,55648.577
2024-02-19 00:00:00,7.86,7.892,7.827,7.863,39699.615
2024-02-19 01:00:00,7.863,7.864,7.785,7.842,47105.734
2024-02-19 02:00:00,7.842,7.866,7.833,7.839,24720.459
2024-02-19 03:00:00,7.839,7.851,7.787,7.812,19376.823
2024-02-19 04:00:00,7.812,7.812,7.777,7.797,30239.504
2024-02-19 05:00:00,7.797,7.811,7.749,7.808,32108.741
2024-02-19 06:00:00,7.808,7.888,7.808,7.834,52276.871
2024-02-19 07:00:00,7.834,7.909,7.822,7.889,37241.48
2024-02-19 08:00:00,7.889,7.896,7.755,7.766,44264.672
2024-02-19 09:00:00,7.766,7.832,7.765,7.795,79442.64
2024-02-19 10:00:00,7.795,7.819,7.719,7.817,67064.5
2024-02-19 11:00:00,7.817,7.843,7.79,7.824,28960.488
2024-02-19 12:00:00,7.824,7.826,7.762,7.765,39531.281
2024-02-19 13:00:00,7.765,7.799,7.717,7.732,112686.46
2024-02-19 14:00:00,7.732,7.736,7.518,7.707,127084.151
2024-02-19 15:00:00,7.707,7.783,7.705,7.736,64160.405
2024-02-19 16:00:00,7.736,7.795,7.685,7.695,82816.849
2024-02-19 17:00:00,7.695,7.803,7.649,7.755,93593.516
2024-02-19 18:00:00,7.755,7.789,7.733,7.743,37279.066
2024-02-19 19:00:00,7.743,7.787,7.723,7.778,27258.159
2024-02-19 20:00:00,7.778,7.865,7.751,7.835,43823.529
2024-02-19 21:00:00,7.835,7.938,7.833,7.931,99281.815
2024-02-19 22:00:00,7.931,8.098,7.931,8.091,83065.577
2024-02-19 23:00:00,8.091,8.147,8.014,8.027,74171.626
2024-02-20 00:00:00,8.027,8.116,7.946,7.975,64208.667
2024-02-20 01:00:00,7.975,8.049,7.89,7.929,82737.391
2024-02-20 02:00:00,7.929,7.976,7.911,7.95,40952.04
2024-02-20 03:00:00,7.95,7.97,7.818,7.82,64579.215
2024-02-20 04:00:00,7.82,7.899,7.794,7.893,34617.839
2024-02-20 05:00:00,7.893,7.923,7.873,7.886,46713.752
2024-02-20 06:00:00,7.886,7.942,7.878,7.911,39513.706
2024-02-20 07:00:00,7.911,7.933,7.84,7.848,39673.982
2024-02-20 08:00:00,7.848,7.856,7.757,7.788,42746.427
2024-02-20 09:00:00,7.788,7.792,7.624,7.703,116391.392
2024-02-20 10:00:00,7.703,7.795,7.692,7.791,55399.632
2024-02-20 11:00:00,7.791,7.846,7.791,7.843,46259.936
2024-02-20 12:00:00,7.843,7.88,7.776,7.779,60295.474
2024-02-20 13:00:00,7.779,7.937,7.769,7.932,107624.376
2024-02-20 14:00:00,7.932,7.935,7.642,7.703,167354.728
2024-02-20 15:00:00,7.703,7.72,7.405,7.567,271348.437
2024-02-20 16:00:00,7.567,7.612,7.489,7.499,58195.104
2024-02-20 17:00:00,7.499,7.547,7.435,7.528,72088.556
2024-02-20 18:00:00,7.528,7.578,7.501,7.551,62284.593
2024-02-20 19:00:00,7.551,7.652,7.51,7.649,40830.215
2024-02-20 20:00:00,7.649,7.67,7.619,7.658,33611.409
2024-02-20 21:00:00,7.658,7.724,7.634,7.701,29538.686
2024-02-20 22:00:00,7.701,7.815,7.7,7.805,34312.791
2024-02-20 23:00:00,7.805,7.829,7.718,7.729,39181.229
2024-02-21 00:00:00,7.729,7.729,7.633,7.633,37652.174
2024-02-21 01:00:00,7.633,7.648,7.569,7.594,41065.565
2024-02-21 02:00:00,7.594,7.653,7.594,7.621,23867.883
2024-02-21 03:00:00,7.621,7.664,7.596,7.613,39124.8
2024-02-21 04:00:00,7.613,7.62,7.53,7.571,39382.765
2024-02-21 05:00:00,7.571,7.605,7.502,7.513,22831.004
2024-02-21 06:00:00,7.513,7.528,7.431,7.438,40157.388
2024-02-21 07:00:00,7.438,7.449,7.37,7.422,59807.036
2024-02-21 08:00:00,7.422,7.468,7.407,7.451,47209.477
2024-02-21 09:00:00,7.451,7.452,7.266,7.299,136486.212
2024-02-21 10:00:00,7.299,7.375,7.225,7.357,77246.756
2024-02-21 11:00:00,7.357,7.392,7.292,7.318,44613.431
2024-02-21 12:00:00,7.318,7.418,7.229,7.381,101791.389
2024-02-21 13:00:00,7.381,7.435,7.324,7.372,101357.275
2024-02-21 14:00:00,7.372,7.377,7.247,7.304,126121.397
2024-02-21 15:00:00,7.304,7.418,7.283,7.379,81692.057
2024-02-21 16:00:00,7.379,7.423,7.341,7.408,56561.142
2024-02-21 17:00:00,7.408,7.426,7.312,7.32,53895.7
2024-02-21 18:00:00,7.32,7.347,7.248,7.313,39537.487
2024-02-21 19:00:00,7.313,7.373,7.29,7.356,41975.008
2024-02-21 20:00:00,7.356,7.362,7.309,7.328,21105.989
2024-02-21 21:00:00,7.328,7.428,7.311,7.424,51103.871
2024-02-21 22:00:00,7.424,7.433,7.381,7.423,22786.824
2024-02-21 23:00:00,7.423,7.488,7.418,7.468,36430.075
2024-02-22 00:00:00,7.468,7.469,7.404,7.412,24576.028
2024-02-22 01:00:00,7.412,7.439,7.276,7.278,62438.86
2024-02-22 02:00:00,7.278,7.357,7.278,7.335,23526.628
2024-02-22 03:00:00,7.335,7.397,7.321,7.382,23778.63
2024-02-22 04:00:00,7.382,7.398,7.344,7.358,19048.629
2024-02-22 05:00:00,7.358,7.415,7.358,7.389,18521.888
2024-02-22 06:00:00,7.389,7.493,7.389,7.48,32122.473
2024-02-22 07:00:00,7.48,7.554,7.431,7.531,64158.343
2024-02-22 08:00:00,7.531,7.599,7.506,7.58,74588.03
2024-02-22 09:00:00,7.58,7.609,7.535,7.59,65105.645
2024-02-22 10:00:00,7.59,7.596,7.498,7.53,41345.669
2024-02-22 11:00:00,7.53,7.544,7.493,7.529,26521.335
2024-02-22 12:00:00,7.529,7.554,7.441,7.5,68527.984
2024-02-22 13:00:00,7.5,7.506,7.392,7.446,71203.964
2024-02-22 14:00:00,7.446,7.548,7.436,7.541,37173.361
2024-02-22 15:00:00,7.541,7.606,7.525,7.569,49063.649
2024-02-22 16:00:00,7.569,7.605,7.52,7.564,43213.218
2024-02-22 17:00:00,7.564,7.611,7.564,7.599,52171.689
2024-02-22 18:00:00,7.599,7.64,7.544,7.612,73483.595
2024-02-22 19:00:00,7.612,7.612,7.548,7.561,34221.162
2024-02-22 20:00:00,7.561,7.684,7.557,7.65,68185.511
2024-02-22 21:00:00,7.65,7.653,7.562,7.595,56666.233
2024-02-22 22:00:00,7.595,7.617,7.51,7.527,38980.093
2024-02-22 23:00:00,7.527,7.546,7.464,7.482,44982.392
2024-02-23 00:00:00,7.482,7.52,7.468,7.518,18861.509
2024-02-23 01:00:00,7.518,7.534,7.47,7.471,21145.899
2024-02-23 02:00:00,7.471,7.509,7.395,7.405,32614.38
2024-02-23 03:00:00,7.405,7.406,7.353,7.378,35335.974
2024-02-23 04:00:00,7.378,7.421,7.32,7.402,35313.165
2024-02-23 05:00:00,7.402,7.445,7.395,7.427,32586.342
2024-02-23 06:00:00,7.427,7.462,7.413,7.454,42157.029
2024-02-23 07:00:00,7.454,7.454,7.334,7.346,39807.718
2024-02-23 08:00:00,7.346,7.392,7.28,7.305,108565.648
2024-02-23 09:00:00,7.305,7.341,7.283,7.341,72238.95
2024-02-23 10:00:00,7.341,7.359,7.314,7.348,33596.991
2024-02-23 11:00:00,7.348,7.366,7.333,7.358,15137.901
2024-02-23 12:00:00,7.358,7.358,7.27,7.3,32544.724
2024-02-23 13:00:00,7.3,7.36,7.286,7.359,24138.262
2024-02-23 14:00:00,7.359,7.516,7.314,7.503,76654.871
2024-02-23 15:00:00,7.503,7.503,7.339,7.403,101326.803
2024-02-23 16:00:00,7.403,7.468,7.294,7.442,141894.31
2024-02-23 17:00:00,7.442,7.574,7.435,7.542,99259.429
2024-02-23 18:00:00,7.542,7.594,7.505,7.58,75935.412
2024-02-23 19:00:00,7.58,7.63,7.549,7.616,68842.599
2024-02-23 20:00:00,7.616,7.647,7.565,7.637,102519.405
2024-02-23 21:00:00,7.637,7.645,7.57,7.604,45032.016
2024-02-23 22:00:00,7.604,7.626,7.512,7.527,25331.182
2024-02-23 23:00:00,7.527,7.594,7.448,7.559,37954.197
2024-02-24 00:00:00,7.559,7.639,7.559,7.617,53161.08
2024-02-24 01:00:00,7.617,7.633,7.422,7.436,61071.218
2024-02-24 02:00:00,7.436,7.621,7.436,7.602,48361.209
2024-02-24 03:00:00,7.602,7.614,7.575,7.599,39219.037
2024-02-24 04:00:00,7.599,7.694,7.573,7.693,54231.211
2024-02-24 05:00:00,7.693,7.741,7.668,7.691,45029.076
2024-02-24 06:00:00,7.691,7.814,7.688,7.809,97706.413
2024-02-24 07:00:00,7.809,7.816,7.761,7.791,95252.086
2024-02-24 08:00:00,7.791,7.826,7.724,7.744,110053.322
2024-02-24 09:00:00,7.744,7.763,7.722,7.745,48963.508
2024-02-24 10:00:00,7.745,7.78,7.73,7.73,48769.207
2024-02-24 11:00:00,7.73,7.769,7.711,7.753,47636.769
2024-02-24 12:00:00,7.753,7.77,7.712,7.745,45661.375
2024-02-24 13:00:00,7.745,7.832,7.731,7.827,59970.321
2024-02-24 14:00:00,7.827,7.846,7.76,7.799,49439.199
2024-02-24 15:00:00,7.799,7.849,7.778,7.78,93283.283
2024-02-24 16:00:00,7.78,7.819,7.738,7.781,46562.525
2024-02-24 17:00:00,7.781,7.845,7.779,7.83,66975.554
2024-02-24 18:00:00,7.83,7.847,7.774,7.78,45988.732
2024-02-24 19:00:00,7.78,7.825,7.777,7.824,23959.453
2024-02-24 20:00:00,7.824,7.828,7.781,7.794,28697.615
2024-02-24 21:00:00,7.794,7.885,7.776,7.871,46531.28
2024-02-24 22:00:00,7.871,7.89,7.816,7.829,39684.083
2024-02-24 23:00:00,7.829,7.852,7.78,7.82,43976.183
2024-02-25 00:00:00,7.82,7.823,7.75,7.788,60443.542
2024-02-25 01:00:00,7.788,7.821,7.756,7.819,21353.766
2024-02-25 02:00:00,7.819,7.851,7.764,7.775,44939.147
2024-02-25 03:00:00,7.775,7.777,7.696,7.762,33567.666
2024-02-25 04:00:00,7.762,7.779,7.714,7.738,24003.694
2024-02-25 05:00:00,7.738,7.767,7.719,7.767,16444.963
2024-02-25 06:00:00,7.767,7.782,7.723,7.781,31533.761
2024-02-25 07:00:00,7.781,7.787,7.73,7.746,25753.077
2024-02-25 08:00:00,7.746,7.767,7.686,7.699,30597.138
2024-02-25 09:00:00,7.699,7.728,7.678,7.719,36696.338
2024-02-25 10:00:00,7.719,7.741,7.713,7.719,42647.75
2024-02-25 11:00:00,7.719,7.756,7.711,7.755,21992.182
2024-02-25 12:00:00,7.755,7.774,7.737,7.765,23760.871
2024-02-25 13:00:00,7.765,7.805,7.735,7.769,32491.774
2024-02-25 14:00:00,7.769,7.795,7.717,7.774,80751.357
2024-02-25 15:00:00,7.774,7.796,7.716,7.73,40252.83
2024-02-25 16:00:00,7.73,7.771,7.697,7.736,42678.779
2024-02-25 17:00:00,7.736,7.788,7.731,7.783,30889.923
2024-02-25 18:00:00,7.783,7.785,7.76,7.785,18982.093
2024-02-25 19:00:00,7.785,7.835,7.768,7.834,43147.789
2024-02-25 20:00:00,7.834,7.9,7.826,7.835,115302.509
2024-02-25 21:00:00,7.835,7.84,7.772,7.781,22344.824
2024-02-25 22:00:00,7.781,7.923,7.763,7.865,89768.339
2024-02-25 23:00:00,7.865,7.943,7.848,7.92,99604.535
2024-02-26 00:00:00,7.92,7.926,7.855,7.868,40763.711
2024-02-26 01:00:00,7.868,7.871,7.818,7.824,22773.623
2024-02-26 02:00:00,7.824,7.841,7.805,7.809,24477.878
2024-02-26 03:00:00,7.809,7.851,7.791,7.847,22904.134
2024-02-26 04:00:00,7.847,7.867,7.829,7.835,17912.256
2024-02-26 05:00:00,7.835,7.855,7.798,7.843,24414.921
2024-02-26 06:00:00,7.843,7.888,7.813,7.883,33192.699
2024-02-26 07:00:00,7.883,7.89,7.739,7.744,108196.645
2024-02-26 08:00:00,7.744,7.758,7.714,7.733,32464.839
2024-02-26 09:00:00,7.733,7.755,7.597,7.621,106716.743
2024-02-26 10:00:00,7.621,7.693,7.619,7.67,47067.448
2024-02-26 11:00:00,7.67,7.682,7.623,7.642,36570.385
2024-02-26 12:00:00,7.642,7.662,7.582,7.654,54317.106
2024-02-26 13:00:00,7.654,7.704,7.646,7.666,68136.544
2024-02-26 14:00:00,7.666,7.762,7.657,7.759,47630.949
2024-02-26 15:00:00,7.759,7.888,7.743,7.855,90737.615
2024-02-26 16:00:00,7.855,8.086,7.851,7.988,215044.152
2024-02-26 17:00:00,7.988,8.012,7.953,8.002,64030.394
2024-02-26 18:00:00,8.002,8.03,7.957,7.965,49341.384
2024-02-26 19:00:00,7.965,8.089,7.934,8.075,109187.535
2024-02-26 20:00:00,8.075,8.09,8.026,8.038,82512.308
2024-02-26 21:00:00,8.038,8.067,8.011,8.051,47116.966
2024-02-26 22:00:00,8.051,8.109,8.013,8.091,109214.762
2024-02-26 23:00:00,8.091,8.117,8.048,8.108,29625.244
2024-02-27 00:00:00,8.108,8.118,8.032,8.093,67042.872
2024-02-27 01:00:00,8.093,8.177,8.086,8.128,66839.093
2024-02-27 02:00:00,8.128,8.133,8.044,8.088,107296.056
2024-02-27 03:00:00,8.088,8.145,8.024,8.044,61199.482
2024-02-27 04:00:00,8.044,8.092,8.031,8.057,30034.52
2024-02-27 05:00:00,8.057,8.148,8.04,8.144,27419.772
2024-02-27 06:00:00,8.144,8.167,8.082,8.094,48353.748
2024-02-27 07:00:00,8.094,8.099,8.031,8.036,55561.578
2024-02-27 08:00:00,8.036,8.165,8.033,8.087,61772.777
2024-02-27 09:00:00,8.087,8.145,8.074,8.138,45292.706
2024-02-27 10:00:00,8.138,8.154,8.108,8.145,52828.215
2024-02-27 11:00:00,8.145,8.145,8.079,8.097,31766.221
2024-02-27 12:00:00,8.097,8.163,8.082,8.087,54030.48
2024-02-27 13:00:00,8.087,8.208,8.011,8.184,134297.602
2024-02-27 14:00:00,8.184,8.248,8.116,8.202,138553.248
2024-02-27 15:00:00,8.202,8.226,8.0,8.052,101071.323
2024-02-27 16:00:00,8.052,8.151,7.996,8.108,104166.207
2024-02-27 17:00:00,8.108,8.125,8.036,8.106,83617.643
2024-02-27 18:00:00,8.106,8.208,8.097,8.178,125044.921
2024-02-27 19:00:00,8.178,8.227,8.154,8.212,133222.77
2024-02-27 20:00:00,8.212,8.353,8.2,8.352,111769.692
2024-02-27 21:00:00,8.352,8.352,8.27,8.333,47579.996
2024-02-27 22:00:00,8.333,8.445,8.33,8.354,92648.626
2024-02-27 23:00:00,8.354,8.396,8.335,8.367,55873.544
2024-02-28 00:00:00,8.367,8.439,8.305,8.382,81311.872
2024-02-28 01:00:00,8.382,8.39,8.326,8.348,40684.528
2024-02-28 02:00:00,8.348,8.35,8.304,8.305,29324.956
2024-02-28 03:00:00,8.305,8.323,8.249,8.253,67723.441
2024-02-28 04:00:00,8.253,8.311,8.25,8.278,43058.932
2024-02-28 05:00:00,8.278,8.298,8.248,8.249,18183.059
2024-02-28 06:00:00,8.249,8.288,8.208,8.243,49940.886
2024-02-28 07:00:00,8.243,8.364,8.219,8.356,112456.614
2024-02-28 08:00:00,8.356,8.45,8.334,8.434,160017.029
2024-02-28 09:00:00,8.434,8.513,8.351,8.476,153711.112
2024-02-28 10:00:00,8.476,8.56,8.433,8.539,110215.524
2024-02-28 11:00:00,8.539,8.597,8.329,8.404,149184.708
2024-02-28 12:00:00,8.404,8.524,8.399,8.481,122718.151
2024-02-28 13:00:00,8.481,8.587,8.456,8.541,101665.949
2024-02-28 14:00:00,8.541,8.622,8.355,8.431,214854.345
2024-02-28 15:00:00,8.431,8.488,8.381,8.416,89591.39
2024-02-28 16:00:00,8.416,8.68,8.413,8.661,169985.471
2024-02-28 17:00:00,8.661,8.717,7.687,8.295,665728.516
2024-02-28 18:00:00,8.295,8.328,7.886,8.174,333164.023
2024-02-28 19:00:00,8.174,8.194,8.089,8.121,123860.804
2024-02-28 20:00:00,8.121,8.191,8.015,8.176,133856.351
2024-02-28 21:00:00,8.176,8.236,8.114,8.217,54674.926
2024-02-28 22:00:00,8.217,8.368,8.212,8.321,77396.028
2024-02-28 23:00:00,8.321,8.382,8.289,8.344,47493.346
2024-02-29 00:00:00,8.344,8.47,8.263,8.47,109660.248
2024-02-29 01:00:00,8.47,8.504,8.417,8.458,88824.863
2024-02-29 02:00:00,8.458,8.479,8.369,8.391,48744.679
2024-02-29 03:00:00,8.391,8.439,8.342,8.425,52116.275
2024-02-29 04:00:00,8.425,8.519,8.403,8.507,64569.983
2024-02-29 05:00:00,8.507,8.546,8.493,8.544,89629.249
2024-02-29 06:00:00,8.544,8.655,8.543,8.613,122777.817
2024-02-29 07:00:00,8.613,8.669,8.548,8.64,74823.45
2024-02-29 08:00:00,8.64,8.935,8.584,8.838,270067.742
2024-02-29 09:00:00,8.838,8.898,8.68,8.724,108843.65
2024-02-29 10:00:00,8.724,8.796,8.67,8.794,81501.853
2024-02-29 11:00:00,8.794,8.808,8.707,8.729,101578.619
2024-02-29 12:00:00,8.729,8.764,8.625,8.672,108281.298
2024-02-29 13:00:00,8.672,8.804,8.651,8.745,101144.046
2024-02-29 14:00:00,8.745,8.86,8.742,8.812,126420.994
2024-02-29 15:00:00,8.812,8.877,8.777,8.82,68084.14
2024-02-29 16:00:00,8.82,8.863,8.526,8.695,184006.783
2024-02-29 17:00:00,8.695,8.739,8.461,8.536,138463.725
2024-02-29 18:00:00,8.536,8.589,8.433,8.475,96402.303
2024-02-29 19:00:00,8.475,8.564,8.435,8.559,53263.985
2024-02-29 20:00:00,8.559,8.592,8.538,8.538,40657.527
2024-02-29 21:00:00,8.538,8.549,8.219,8.327,211594.954
2024-02-29 22:00:00,8.327,8.342,8.028,8.138,144146.991
2024-02-29 23:00:00,8.138,8.281,8.135,8.259,88332.81
2024-03-01 00:00:00,8.259,8.395,8.259,8.388,75894.493
2024-03-01 01:00:00,8.388,8.42,8.322,8.375,229267.99
2024-03-01 02:00:00,8.375,8.386,8.274,8.334,131854.179
2024-03-01 03:00:00,8.334,8.382,8.279,8.35,49174.111
2024-03-01 04:00:00,8.35,8.414,8.335,8.407,41642.992
2024-03-01 05:00:00,8.407,8.447,8.386,8.399,48258.841
2024-03-01 06:00:00,8.399,8.442,8.36,8.423,55740.715
2024-03-01 07:00:00,8.423,8.437,8.331,8.349,97742.04
2024-03-01 08:00:00,8.349,8.456,8.307,8.441,67237.447
2024-03-01 09:00:00,8.441,8.473,8.419,8.44,40578.487
2024-03-01 10:00:00,8.44,8.465,8.397,8.416,37694.345
2024-03-01 11:00:00,8.416,8.447,8.403,8.422,36780.865
2024-03-01 12:00:00,8.422,8.5,8.409,8.453,35812.069
2024-03-01 13:00:00,8.453,8.499,8.444,8.486,56904.515
2024-03-01 14:00:00,8.486,8.53,8.382,8.443,105621.49
2024-03-01 15:00:00,8.443,8.47,8.281,8.291,88087.839
2024-03-01 16:00:00,8.291,8.35,8.272,8.302,95376.857
2024-03-01 17:00:00,8.302,8.445,8.302,8.414,56617.467
2024-03-01 18:00:00,8.414,8.429,8.363,8.403,64701.45
2024-03-01 19:00:00,8.403,8.425,8.341,8.37,40533.882
2024-03-01 20:00:00,8.37,8.449,8.366,8.444,129215.015
2024-03-01 21:00:00,8.444,8.486,8.405,8.467,78760.883
2024-03-01 22:00:00,8.467,8.654,8.461,8.625,65098.562
2024-03-01 23:00:00,8.625,8.673,8.586,8.66,55887.095
2024-03-02 00:00:00,8.66,8.795,8.66,8.736,151424.503
2024-03-02 01:00:00,8.736,8.754,8.577,8.728,83017.317
2024-03-02 02:00:00,8.728,8.816,8.696,8.796,76149.139
2024-03-02 03:00:00,8.796,8.977,8.773,8.947,131853.542
2024-03-02 04:00:00,8.947,9.054,8.918,8.918,158435.228
2024-03-02 05:00:00,8.918,8.934,8.795,8.84,129004.572
2024-03-02 06:00:00,8.84,9.007,8.832,8.95,114099.807
2024-03-02 07:00:00,8.95,8.951,8.862,8.926,79013.132
2024-03-02 08:00:00,8.926,8.998,8.81,8.997,98477.059
2024-03-02 09:00:00,8.997,9.037,8.816,8.904,111812.115
2024-03-02 10:00:00,8.904,8.945,8.872,8.926,44674.26
2024-03-02 11:00:00,8.926,9.009,8.919,8.963,54316.322
2024-03-02 12:00:00,8.963,9.2,8.952,9.175,139504.611
2024-03-02 13:00:00,9.175,9.176,9.047,9.056,63924.882
2024-03-02 14:00:00,9.056,9.134,8.976,9.127,282394.103
2024-03-02 15:00:00,9.127,9.136,8.967,9.02,294528.45
2024-03-02 16:00:00,9.02,9.175,9.013,9.151,115220.384
2024-03-02 17:00:00,9.151,9.162,9.073,9.089,96848.467
2024-03-02 18:00:00,9.089,9.261,9.078,9.242,75426.686
2024-03-02 19:00:00,9.242,9.303,9.21,9.228,78236.331
2024-03-02 20:00:00,9.228,9.252,9.101,9.209,93191.16
2024-03-02 21:00:00,9.209,9.382,9.2,9.308,83262.685
2024-03-02 22:00:00,9.308,9.388,9.271,9.321,64671.676
2024-03-02 23:00:00,9.321,9.464,9.321,9.464,134904.06
2024-03-03 00:00:00,9.464,9.469,9.305,9.336,132789.173
2024-03-03 01:00:00,9.336,9.366,9.267,9.331,72435.156
2024-03-03 02:00:00,9.331,9.384,9.217,9.278,76891.186
2024-03-03 03:00:00,9.278,9.413,9.263,9.368,53516.176
2024-03-03 04:00:00,9.368,9.402,9.349,9.366,31690.006
2024-03-03 05:00:00,9.366,9.376,9.212,9.212,46146.159
2024-03-03 06:00:00,9.212,9.232,9.117,9.143,98937.705
2024-03-03 07:00:00,9.143,9.166,8.534,8.941,381329.101
2024-03-03 08:00:00,8.941,9.121,8.842,9.095,224446.696
2024-03-03 09:00:00,9.095,9.149,9.064,9.11,106924.246
2024-03-03 10:00:00,9.11,9.151,9.054,9.106,63822.371
2024-03-03 11:00:00,9.106,9.232,9.076,9.177,87320.929
2024-03-03 12:00:00,9.177,9.249,9.135,9.218,82078.257
2024-03-03 13:00:00,9.218,9.287,9.155,9.281,71109.551
2024-03-03 14:00:00,9.281,9.282,9.136,9.16,87446.395
2024-03-03 15:00:00,9.16,9.328,9.16,9.298,71778.627
2024-03-03 16:00:00,9.298,9.736,9.232,9.726,349916.381
2024-03-03 17:00:00,9.726,9.902,9.62,9.715,363149.923
2024-03-03 18:00:00,9.715,9.785,9.615,9.62,165971.113
2024-03-03 19:00:00,9.62,9.674,9.556,9.667,106805.397
2024-03-03 20:00:00,9.667,9.743,9.653,9.716,103395.159
2024-03-03 21:00:00,9.716,9.863,9.704,9.791,132931.997
2024-03-03 22:00:00,9.791,9.904,9.721,9.78,94078.997
2024-03-03 23:00:00,9.78,9.852,9.729,9.775,72310.751
2024-03-04 00:00:00,9.775,9.982,9.57,9.787,299790.864
2024-03-04 01:00:00,9.787,9.85,9.628,9.699,151755.942
2024-03-04 02:00:00,9.699,9.799,9.681,9.7,93133.337
2024-03-04 03:00:00,9.7,9.738,9.623,9.69,77243.218
2024-03-04 04:00:00,9.69,9.779,9.63,9.744,86845.157
2024-03-04 05:00:00,9.744,9.849,9.709,9.717,95835.265
2024-03-04 06:00:00,9.717,9.875,9.682,9.871,115369.921
2024-03-04 07:00:00,9.871,9.915,9.752,9.791,97470.77
2024-03-04 08:00:00,9.791,10.173,9.777,10.086,355273.647
2024-03-04 09:00:00,10.086,10.22,9.965,10.108,280060.945
2024-03-04 10:00:00,10.108,10.137,9.824,9.875,230636.716
2024-03-04 11:00:00,9.875,10.023,9.785,9.972,187350.083
2024-03-04 12:00:00,9.972,10.255,9.963,10.242,183978.012
2024-03-04 13:00:00,10.242,10.31,9.825,9.892,216227.621
2024-03-04 14:00:00,9.892,10.174,9.805,10.08,220092.832
2024-03-04 15:00:00,10.08,10.189,10.016,10.154,135329.841
2024-03-04 16:00:00,10.154,10.17,9.974,9.988,169159.189
2024-03-04 17:00:00,9.988,10.032,9.71,9.727,223459.721
2024-03-04 18:00:00,9.727,9.917,9.64,9.909,216551.461
2024-03-04 19:00:00,9.909,9.964,9.807,9.939,129260.756
2024-03-04 20:00:00,9.939,9.952,9.85,9.904,90465.578
2024-03-04 21:00:00,9.904,10.079,9.761,10.023,110426.296
2024-03-04 22:00:00,10.023,10.057,9.958,10.01,64383.611
2024-03-04 23:00:00,10.01,10.056,9.6,9.864,173029.534
2024-03-05 00:00:00,9.864,9.925,9.775,9.826,94758.002
2024-03-05 01:00:00,9.826,9.987,9.772,9.954,92934.48
2024-03-05 02:00:00,9.954,9.964,9.763,9.84,96390.092
2024-03-05 03:00:00,9.84,9.85,9.767,9.798,64196.646
2024-03-05 04:00:00,9.798,10.06,9.793,9.93,154470.222
2024-03-05 05:00:00,9.93,10.333,9.65,10.284,399857.006
2024-03-05 06:00:00,10.284,10.32,10.091,10.313,181117.456
2024-03-05 07:00:00,10.313,10.697,10.207,10.534,345518.402
2024-03-05 08:00:00,10.534,10.75,10.478,10.622,221211.454
2024-03-05 09:00:00,10.622,10.764,10.537,10.584,153993.539
2024-03-05 10:00:00,10.584,10.712,10.543,10.576,121831.872
2024-03-05 11:00:00,10.576,10.62,10.467,10.467,102695.422
2024-03-05 12:00:00,10.467,10.526,10.352,10.456,149986.623
2024-03-05 13:00:00,10.456,10.495,10.375,10.432,95251.126
2024-03-05 14:00:00,10.432,10.576,10.337,10.48,167343.692
2024-03-05 15:00:00,10.48,10.74,10.112,10.299,374523.531
2024-03-05 16:00:00,10.299,10.363,9.754,10.004,522819.966
2024-03-05 17:00:00,10.004,10.1,9.639,10.089,302144.791
2024-03-05 18:00:00,10.089,10.089,9.802,9.855,140254.484
2024-03-05 19:00:00,9.855,9.938,8.093,8.92,665941.754
2024-03-05 20:00:00,8.92,9.155,8.686,8.868,557072.121
2024-03-05 21:00:00,8.868,9.28,8.856,9.212,433158.778
2024-03-05 22:00:00,9.212,9.247,8.998,9.219,132975.311
2024-03-05 23:00:00,9.219,9.386,9.19,9.319,160756.62
2024-03-06 00:00:00,9.319,9.38,9.257,9.269,120565.394
2024-03-06 01:00:00,9.269,9.338,9.12,9.139,60660.146
2024-03-06 02:00:00,9.139,9.174,8.925,8.925,89264.262
2024-03-06 03:00:00,8.925,9.129,8.925,9.097,80210.396
2024-03-06 04:00:00,9.097,9.43,9.097,9.429,97560.704
2024-03-06 05:00:00,9.429,9.655,9.358,9.641,179630.228
2024-03-06 06:00:00,9.641,9.745,9.613,9.742,143142.594
2024-03-06 07:00:00,9.742,10.297,9.665,10.255,199847.577
2024-03-06 08:00:00,10.255,10.284,9.98,10.041,203789.08
2024-03-06 09:00:00,10.041,10.104,9.875,9.884,122426.901
2024-03-06 10:00:00,9.884,10.133,9.882,10.048,67762.544
2024-03-06 11:00:00,10.048,10.151,9.992,10.133,87374.384
2024-03-06 12:00:00,10.133,10.148,9.683,9.891,211549.335
2024-03-06 13:00:00,9.891,9.962,9.759,9.961,95548.406
2024-03-06 14:00:00,9.961,10.035,9.849,9.92,118714.692
2024-03-06 15:00:00,9.92,10.057,9.778,9.986,120288.085
2024-03-06 16:00:00,9.986,10.195,9.975,10.119,119318.683
2024-03-06 17:00:00,10.119,10.189,10.057,10.181,74496.063
2024-03-06 18:00:00,10.181,10.454,10.149,10.363,168060.639
2024-03-06 19:00:00,10.363,10.387,10.213,10.226,91053.133
2024-03-06 20:00:00,10.226,10.306,10.177,10.274,64632.004
2024-03-06 21:00:00,10.274,10.558,10.256,10.434,131942.079
2024-03-06 22:00:00,10.434,10.509,10.371,10.439,97696.895
2024-03-06 23:00:00,10.439,10.551,10.394,10.54,92408.351
2024-03-07 00:00:00,10.54,10.998,10.492,10.895,285344.306
2024-03-07 01:00:00,10.895,10.9,10.599,10.768,170526.994
2024-03-07 02:00:00,10.768,10.862,10.616,10.735,108457.212
2024-03-07 03:00:00,10.735,10.735,10.442,10.498,77601.008
2024-03-07 04:00:00,10.498,10.581,10.413,10.475,78616.815
2024-03-07 05:00:00,10.475,10.516,10.265,10.324,79000.047
2024-03-07 06:00:00,10.324,10.381,10.235,10.338,63743.178
2024-03-07 07:00:00,10.338,10.469,10.32,10.412,60607.567
2024-03-07 08:00:00,10.412,10.53,10.4,10.447,73832.805
2024-03-07 09:00:00,10.447,10.529,10.384,10.412,70713.116
2024-03-07 10:00:00,10.412,10.461,10.348,10.393,55264.35
2024-03-07 11:00:00,10.393,10.501,10.364,10.457,66042.885
2024-03-07 12:00:00,10.457,10.5,10.315,10.352,66918.067
2024-03-07 13:00:00,10.352,10.395,10.246,10.365,79382.485
2024-03-07 14:00:00,10.365,10.541,10.239,10.323,143859.125
2024-03-07 15:00:00,10.323,10.481,10.244,10.427,162408.632
2024-03-07 16:00:00,10.427,10.453,10.301,10.373,70848.41
2024-03-07 17:00:00,10.373,10.421,10.335,10.386,53987.912
2024-03-07 18:00:00,10.386,10.492,10.342,10.456,54487.819
2024-03-07 19:00:00,10.456,10.491,10.385,10.435,68932.49
2024-03-07 20:00:00,10.435,10.484,10.39,10.415,52746.771
2024-03-07 21:00:00,10.415,10.506,10.346,10.442,72629.954
2024-03-07 22:00:00,10.442,10.49,10.356,10.37,45692.832
2024-03-07 23:00:00,10.37,10.458,10.36,10.404,51833.081
2024-03-08 00:00:00,10.404,10.626,10.402,10.601,113047.708
2024-03-08 01:00:00,10.601,10.668,10.388,10.401,88344.722
2024-03-08 02:00:00,10.401,10.476,10.375,10.403,46425.41
2024-03-08 03:00:00,10.403,10.426,10.337,10.409,43469.333
2024-03-08 04:00:00,10.409,10.451,10.319,10.367,50127.424
2024-03-08 05:00:00,10.367,10.386,10.263,10.298,41279.781
2024-03-08 06:00:00,10.298,10.423,10.266,10.423,36966.287
2024-03-08 07:00:00,10.423,10.45,10.323,10.323,54897.099
2024-03-08 08:00:00,10.323,10.397,10.289,10.367,75673.302
2024-03-08 09:00:00,10.367,10.419,10.332,10.343,34530.352
2024-03-08 10:00:00,10.343,10.482,10.34,10.435,78844.081
2024-03-08 11:00:00,10.435,10.441,10.345,10.431,44453.782
2024-03-08 12:00:00,10.431,10.481,10.397,10.461,26371.197
2024-03-08 13:00:00,10.461,10.521,10.396,10.423,81008.054
2024-03-08 14:00:00,10.423,10.549,10.396,10.504,77965.805
2024-03-08 15:00:00,10.504,10.56,10.09,10.217,305785.761
2024-03-08 16:00:00,10.217,10.29,9.951,10.267,309399.098
2024-03-08 17:00:00,10.267,10.671,10.225,10.503,159286.785
2024-03-08 18:00:00,10.503,10.615,10.467,10.505,87629.37
2024-03-08 19:00:00,10.505,10.569,10.403,10.49,52266.974
2024-03-08 20:00:00,10.49,10.577,10.421,10.459,86584.342
2024-03-08 21:00:00,10.459,10.525,10.405,10.469,56661.246
2024-03-08 22:00:00,10.469,10.665,10.412,10.563,32276.142
2024-03-08 23:00:00,10.563,10.698,10.561,10.635,114283.082
2024-03-09 00:00:00,10.635,10.693,10.577,10.676,48069.008
2024-03-09 01:00:00,10.676,10.796,10.524,10.685,99800.146
2024-03-09 02:00:00,10.685,10.704,10.575,10.579,47370.016
2024-03-09 03:00:00,10.579,10.646,10.559,10.64,36518.065
2024-03-09 04:00:00,10.64,10.718,10.616,10.681,45316.073
2024-03-09 05:00:00,10.681,10.682,10.603,10.607,32708.493
2024-03-09 06:00:00,10.607,10.757,10.591,10.721,51528.709
2024-03-09 07:00:00,10.721,10.776,10.702,10.702,55276.246
2024-03-09 08:00:00,10.702,10.748,10.641,10.691,60898.731
2024-03-09 09:00:00,10.691,10.877,10.69,10.863,73580.345
2024-03-09 10:00:00,10.863,10.878,10.595,10.7,117624.061
2024-03-09 11:00:00,10.7,10.954,10.667,10.892,136791.066
2024-03-09 12:00:00,10.892,10.931,10.771,10.799,125390.883
2024-03-09 13:00:00,10.799,10.799,10.718,10.771,53232.422
2024-03-09 14:00:00,10.771,10.808,10.62,10.659,74474.595
2024-03-09 15:00:00,10.659,10.796,10.649,10.756,46998.546
2024-03-09 16:00:00,10.756,10.774,10.552,10.562,129599.95
2024-03-09 17:00:00,10.562,10.595,10.453,10.487,168880.517
2024-03-09 18:00:00,10.487,10.551,10.453,10.511,46732.498
2024-03-09 19:00:00,10.511,10.525,10.43,10.438,47326.934
2024-03-09 20:00:00,10.438,10.506,10.412,10.5,40378.315
2024-03-09 21:00:00,10.5,10.504,10.423,10.446,41858.6
2024-03-09 22:00:00,10.446,10.51,10.445,10.486,25895.79
2024-03-09 23:00:00,10.486,10.528,10.454,10.495,35761.187
2024-03-10 00:00:00,10.495,10.573,10.45,10.488,83444.871
2024-03-10 01:00:00,10.488,10.548,10.441,10.532,53610.062
2024-03-10 02:00:00,10.532,10.539,10.439,10.452,25108.853
2024-03-10 03:00:00,10.452,10.496,10.427,10.447,26965.567
2024-03-10 04:00:00,10.447,10.507,10.44,10.469,67437.029
2024-03-10 05:00:00,10.469,10.473,10.418,10.42,37132.005
2024-03-10 06:00:00,10.42,10.455,10.418,10.448,27218.024
2024-03-10 07:00:00,10.448,10.556,10.44,10.535,47869.021
2024-03-10 08:00:00,10.535,10.563,10.487,10.544,22974.136
2024-03-10 09:00:00,10.544,10.548,10.325,10.383,108033.711
2024-03-10 10:00:00,10.383,10.555,10.373,10.506,74415.485
2024-03-10 11:00:00,10.506,10.515,10.373,10.409,43443.007
2024-03-10 12:00:00,10.409,10.439,10.222,10.34,59813.574
2024-03-10 13:00:00,10.34,10.347,10.139,10.194,74097.833
2024-03-10 14:00:00,10.194,10.234,10.03,10.2,94540.435
2024-03-10 15:00:00,10.2,10.226,10.127,10.169,49986.809
2024-03-10 16:00:00,10.169,10.317,10.164,10.254,37216.145
2024-03-10 17:00:00,10.254,10.294,10.235,10.281,44701.97
2024-03-10 18:00:00,10.281,10.303,10.237,10.247,39632.728
2024-03-10 19:00:00,10.247,10.282,10.217,10.282,16257.879
2024-03-10 20:00:00,10.282,10.298,10.233,10.274,31021.313
2024-03-10 21:00:00,10.274,10.279,10.173,10.191,25340.293
2024-03-10 22:00:00,10.191,10.203,9.963,10.039,108473.714
2024-03-10 23:00:00,10.039,10.287,10.033,10.266,57315.54
2024-03-11 00:00:00,10.266,10.377,9.772,10.088,259218.75
2024-03-11 01:00:00,10.088,10.211,9.969,10.12,86765.123
2024-03-11 02:00:00,10.12,10.236,10.072,10.182,65274.308
2024-03-11 03:00:00,10.182,10.354,10.164,10.351,56662.28
2024-03-11 04:00:00,10.351,10.451,10.316,10.408,62364.094
2024-03-11 05:00:00,10.408,10.477,10.299,10.313,73134.807
2024-03-11 06:00:00,10.313,10.445,10.228,10.443,92488.725
2024-03-11 07:00:00,10.443,10.545,10.406,10.527,153491.836
2024-03-11 08:00:00,10.527,10.704,10.518,10.669,113915.059
2024-03-11 09:00:00,10.669,10.872,10.616,10.853,117253.072
2024-03-11 10:00:00,10.853,11.0,10.764,10.771,190801.233
2024-03-11 11:00:00,10.771,10.839,10.667,10.724,103507.507
2024-03-11 12:00:00,10.724,10.804,10.686,10.732,62717.14
2024-03-11 13:00:00,10.732,10.835,10.669,10.702,94270.476
2024-03-11 14:00:00,10.702,10.91,10.669,10.847,121455.917
2024-03-11 15:00:00,10.847,10.974,10.824,10.857,158786.003
2024-03-11 16:00:00,10.857,11.0,10.707,10.949,157204.692
2024-03-11 17:00:00,10.949,10.979,10.863,10.958,178050.183
2024-03-11 18:00:00,10.958,11.24,10.958,11.215,268244.306
2024-03-11 19:00:00,11.215,11.246,11.006,11.033,115657.904
2024-03-11 20:00:00,11.033,11.189,11.023,11.148,98331.609
2024-03-11 21:00:00,11.148,11.212,11.119,11.183,43954.206
2024-03-11 22:00:00,11.183,11.205,11.097,11.128,34638.843
2024-03-11 23:00:00,11.128,11.134,11.019,11.039,34564.328
2024-03-12 00:00:00,11.039,11.078,10.865,10.87,70541.71
2024-03-12 01:00:00,10.87,10.954,10.855,10.954,51170.572
2024-03-12 02:00:00,10.954,11.146,10.901,11.074,59124.493
2024-03-12 03:00:00,11.074,11.106,10.841,10.862,92949.016
2024-03-12 04:00:00,10.862,10.956,10.786,10.87,82856.379
2024-03-12 05:00:00,10.87,10.972,10.841,10.923,40821.478
2024-03-12 06:00:00,10.923,10.925,10.671,10.816,65957.47
2024-03-12 07:00:00,10.816,10.829,10.682,10.727,61112.462
2024-03-12 08:00:00,10.727,10.745,10.422,10.531,126626.584
2024-03-12 09:00:00,10.531,10.706,10.528,10.678,85928.353
2024-03-12 10:00:00,10.678,10.719,10.575,10.619,41592.124
2024-03-12 11:00:00,10.619,10.743,10.601,10.616,48013.398
2024-03-12 12:00:00,10.616,10.685,10.45,10.665,72719.23
2024-03-12 13:00:00,10.665,10.817,10.62,10.74,82523.797
2024-03-12 14:00:00,10.74,10.84,10.557,10.568,158780.114
2024-03-12 15:00:00,10.568,10.716,10.487,10.663,87176.425
2024-03-12 16:00:00,10.663,10.7,10.365,10.434,127546.94
2024-03-12 17:00:00,10.434,10.582,10.056,10.582,240238.739
2024-03-12 18:00:00,10.582,10.696,10.5,10.694,80573.791
2024-03-12 19:00:00,10.694,10.799,10.651,10.774,65890.877
2024-03-12 20:00:00,10.774,10.774,10.554,10.6,93870.103
2024-03-12 21:00:00,10.6,10.627,10.508,10.6,28770.496
2024-03-12 22:00:00,10.6,10.668,10.566,10.66,19251.145
2024-03-12 23:00:00,10.66,10.775,10.635,10.736,29613.284
2024-03-13 00:00:00,10.736,10.758,10.638,10.707,42726.506
2024-03-13 01:00:00,10.707,10.847,10.672,10.813,38708.717
2024-03-13 02:00:00,10.813,10.844,10.78,10.842,27314.334
2024-03-13 03:00:00,10.842,10.955,10.814,10.925,56137.961
2024-03-13 04:00:00,10.925,10.928,10.834,10.888,33684.383
2024-03-13 05:00:00,10.888,10.931,10.831,10.884,38459.589
2024-03-13 06:00:00,10.884,10.997,10.856,10.996,50664.787
2024-03-13 07:00:00,10.996,11.077,10.965,11.008,77050.963
2024-03-13 08:00:00,11.008,11.182,11.003,11.18,106795.822
2024-03-13 09:00:00,11.18,11.317,11.145,11.187,112363.898
2024-03-13 10:00:00,11.187,11.213,11.054,11.112,73594.087
2024-03-13 11:00:00,11.112,11.123,11.007,11.011,66118.341
2024-03-13 12:00:00,11.011,11.103,10.94,10.955,83722.486
2024-03-13 13:00:00,10.955,11.012,10.677,10.787,91082.355
2024-03-13 14:00:00,10.787,10.898,10.641,10.692,115059.878
2024-03-13 15:00:00,10.692,10.882,10.655,10.812,108152.343
2024-03-13 16:00:00,10.812,10.906,10.757,10.827,81168.122
2024-03-13 17:00:00,10.827,10.896,10.777,10.862,79970.196
2024-03-13 18:00:00,10.862,11.057,10.862,10.999,90943.147
2024-03-13 19:00:00,10.999,11.035,10.936,11.025,58836.237
2024-03-13 20:00:00,11.025,11.061,10.925,10.946,52436.443
2024-03-13 21:00:00,10.946,11.011,10.895,11.01,32182.689
2024-03-13 22:00:00,11.01,11.061,10.957,11.02,40984.662
2024-03-13 23:00:00,11.02,11.389,11.017,11.372,147545.088
2024-03-14 00:00:00,11.372,11.393,11.152,11.266,135828.962
2024-03-14 01:00:00,11.266,11.3,11.129,11.188,71719.487
2024-03-14 02:00:00,11.188,11.3,11.155,11.161,61529.494
2024-03-14 03:00:00,11.161,11.193,11.078,11.171,63247.241
2024-03-14 04:00:00,11.171,11.183,10.974,11.039,85658.142
2024-03-14 05:00:00,11.039,11.146,11.016,11.117,39533.059
2024-03-14 06:00:00,11.117,11.207,11.082,11.164,36879.432
2024-03-14 07:00:00,11.164,11.38,11.128,11.326,77042.993
2024-03-14 08:00:00,11.326,11.389,11.229,11.242,98234.834
2024-03-14 09:00:00,11.242,11.884,11.242,11.874,280476.602
2024-03-14 10:00:00,11.874,11.887,11.639,11.709,182697.981
2024-03-14 11:00:00,11.709,11.72,11.465,11.697,203884.763
2024-03-14 12:00:00,11.697,11.779,11.48,11.556,189457.438
2024-03-14 13:00:00,11.556,11.648,11.064,11.244,248772.976
2024-03-14 14:00:00,11.244,11.527,11.218,11.414,227768.349
2024-03-14 15:00:00,11.414,11.482,11.0,11.164,164540.111
2024-03-14 16:00:00,11.164,11.502,10.8,11.482,247066.408
2024-03-14 17:00:00,11.482,11.645,11.353,11.509,202241.082
2024-03-14 18:00:00,11.509,11.509,11.054,11.152,134411.907
2024-03-14 19:00:00,11.152,11.215,10.677,10.969,246383.752
2024-03-14 20:00:00,10.969,11.365,10.96,11.223,139608.156
2024-03-14 21:00:00,11.223,11.414,11.136,11.414,63003.071
2024-03-14 22:00:00,11.414,11.597,11.411,11.517,77372.227
2024-03-14 23:00:00,11.517,11.591,11.434,11.558,80015.206
2024-03-15 00:00:00,11.558,11.706,11.548,11.551,89416.094
2024-03-15 01:00:00,11.551,11.561,11.426,11.43,58908.455
2024-03-15 02:00:00,11.43,11.45,10.766,10.943,195475.691
2024-03-15 03:00:00,10.943,11.044,10.37,10.774,249712.992
2024-03-15 04:00:00,10.774,10.807,10.456,10.528,140052.65
2024-03-15 05:00:00,10.528,10.707,10.519,10.591,109592.255
2024-03-15 06:00:00,10.591,10.926,10.589,10.91,92431.019
2024-03-15 07:00:00,10.91,10.919,10.759,10.796,82267.483
2024-03-15 08:00:00,10.796,10.814,10.252,10.267,161593.375
2024-03-15 09:00:00,10.267,10.496,9.976,10.456,285241.179
2024-03-15 10:00:00,10.456,10.491,10.314,10.334,162649.759
2024-03-15 11:00:00,10.334,10.429,10.132,10.378,193950.646
2024-03-15 12:00:00,10.378,10.46,10.307,10.369,108615.053
2024-03-15 13:00:00,10.369,10.59,10.307,10.548,140460.201
2024-03-15 14:00:00,10.548,10.58,10.361,10.487,117243.546
2024-03-15 15:00:00,10.487,10.517,10.374,10.417,98554.214
2024-03-15 16:00:00,10.417,10.466,10.274,10.318,167533.259
2024-03-15 17:00:00,10.318,10.416,10.235,10.389,120565.036
2024-03-15 18:00:00,10.389,10.751,10.388,10.73,152770.949
2024-03-15 19:00:00,10.73,11.03,10.591,10.673,409025.659
2024-03-15 20:00:00,10.673,10.684,10.398,10.467,178568.15
2024-03-15 21:00:00,10.467,10.658,10.446,10.658,52870.388
2024-03-15 22:00:00,10.658,10.773,10.579,10.752,59192.784
2024-03-15 23:00:00,10.752,10.871,10.674,10.809,78167.758
2024-03-16 00:00:00,10.809,10.899,10.722,10.749,118988.363
2024-03-16 01:00:00,10.749,10.82,10.701,10.733,68597.207
2024-03-16 02:00:00,10.733,10.742,10.641,10.662,62957.087
2024-03-16 03:00:00,10.662,10.782,10.614,10.687,46432.24
2024-03-16 04:00:00,10.687,10.724,10.569,10.603,54982.471
2024-03-16 05:00:00,10.603,10.613,10.412,10.518,63221.542
2024-03-16 06:00:00,10.518,10.714,10.518,10.683,51988.687
2024-03-16 07:00:00,10.683,10.735,10.614,10.665,73292.331
2024-03-16 08:00:00,10.665,10.67,10.517,10.523,118877.962
2024-03-16 09:00:00,10.523,10.538,10.43,10.458,82977.313
2024-03-16 10:00:00,10.458,10.498,10.403,10.417,53861.075
2024-03-16 11:00:00,10.417,10.478,10.263,10.346,85708.318
2024-03-16 12:00:00,10.346,10.381,10.204,10.226,69784.494
2024-03-16 13:00:00,10.226,10.308,10.104,10.118,82871.565
2024-03-16 14:00:00,10.118,10.208,10.073,10.191,87375.74
2024-03-16 15:00:00,10.191,10.305,10.086,10.291,95033.732
2024-03-16 16:00:00,10.291,10.291,10.185,10.257,62025.308
2024-03-16 17:00:00,10.257,10.292,10.0,10.037,81633.184
2024-03-16 18:00:00,10.037,10.064,9.725,9.871,229682.501
2024-03-16 19:00:00,9.871,10.048,9.818,9.849,84824.297
2024-03-16 20:00:00,9.849,10.002,9.764,9.915,55514.931
2024-03-16 21:00:00,9.915,9.965,9.732,9.824,48089.368
2024-03-16 22:00:00,9.824,9.824,9.715,9.751,109621.085
2024-03-16 23:00:00,9.751,9.751,9.501,9.679,183714.789
2024-03-17 00:00:00,9.679,9.831,9.516,9.532,78039.85
2024-03-17 01:00:00,9.532,9.707,9.532,9.707,73284.089
2024-03-17 02:00:00,9.707,9.817,9.658,9.792,40936.573
2024-03-17 03:00:00,9.792,9.861,9.75,9.848,42120.896
2024-03-17 04:00:00,9.848,9.851,9.749,9.785,33266.864
2024-03-17 05:00:00,9.785,9.813,9.666,9.72,33272.582
2024-03-17 06:00:00,9.72,9.742,9.431,9.434,73812.585
2024-03-17 07:00:00,9.434,9.498,9.195,9.474,178586.76
2024-03-17 08:00:00,9.474,9.78,9.432,9.729,86929.724
2024-03-17 09:00:00,9.729,9.826,9.696,9.76,75793.672
2024-03-17 10:00:00,9.76,9.939,9.76,9.858,86915.472
2024-03-17 11:00:00,9.858,9.933,9.821,9.844,45011.427
2024-03-17 12:00:00,9.844,9.94,9.665,9.72,56244.844
2024-03-17 13:00:00,9.72,9.9,9.72,9.872,67287.574
2024-03-17 14:00:00,9.872,9.959,9.807,9.95,80880.87
2024-03-17 15:00:00,9.95,10.098,9.887,10.045,111729.945
2024-03-17 16:00:00,10.045,10.091,9.944,9.987,128948.222
2024-03-17 17:00:00,9.987,10.171,9.962,10.161,104674.032
2024-03-17 18:00:00,10.161,10.195,10.1,10.117,84163.965
2024-03-17 19:00:00,10.117,10.239,10.088,10.231,79128.076
2024-03-17 20:00:00,10.231,10.243,10.048,10.066,68713.559
2024-03-17 21:00:00,10.066,10.13,10.055,10.107,29893.754
2024-03-17 22:00:00,10.107,10.25,10.087,10.1,69927.658
2024-03-17 23:00:00,10.1,10.132,10.011,10.084,35051.293
2024-03-18 00:00:00,10.084,10.084,9.816,9.82,42051.657
2024-03-18 01:00:00,9.82,10.003,9.723,9.964,44467.271
2024-03-18 02:00:00,9.964,10.077,9.94,10.015,43037.561
2024-03-18 03:00:00,10.015,10.052,9.989,9.994,12497.675
2024-03-18 04:00:00,9.994,10.135,9.899,10.073,44616.854
2024-03-18 05:00:00,10.073,10.235,10.0,10.202,47482.307
2024-03-18 06:00:00,10.202,10.205,10.084,10.137,24199.869
2024-03-18 07:00:00,10.137,10.394,10.128,10.364,105862.74
2024-03-18 08:00:00,10.364,10.452,10.162,10.325,124080.779
2024-03-18 09:00:00,10.325,10.328,10.14,10.182,58558.116
2024-03-18 10:00:00,10.182,10.387,10.123,10.387,104992.228
2024-03-18 11:00:00,10.387,10.415,10.186,10.194,92432.811
2024-03-18 12:00:00,10.194,10.203,10.032,10.186,76989.652
2024-03-18 13:00:00,10.186,10.205,9.919,9.958,91543.143
2024-03-18 14:00:00,9.958,10.043,9.752,9.821,106598.615
2024-03-18 15:00:00,9.821,9.933,9.7,9.882,84292.2
2024-03-18 16:00:00,9.882,10.013,9.707,9.752,82664.696
2024-03-18 17:00:00,9.752,9.817,9.6,9.785,91145.819
2024-03-18 18:00:00,9.785,9.867,9.691,9.703,89989.846
2024-03-18 19:00:00,9.703,9.912,9.647,9.741,84515.421
2024-03-18 20:00:00,9.741,9.868,9.741,9.837,57295.769
2024-03-18 21:00:00,9.837,10.003,9.828,9.885,36089.886
2024-03-18 22:00:00,9.885,9.899,9.746,9.832,35240.414
2024-03-18 23:00:00,9.832,10.034,9.826,9.902,48093.922
2024-03-19 00:00:00,9.902,9.994,9.578,9.609,73674.377
2024-03-19 01:00:00,9.609,9.625,9.314,9.411,112683.643
2024-03-19 02:00:00,9.411,9.581,9.398,9.438,68536.523
2024-03-19 03:00:00,9.438,9.494,9.228,9.409,205698.988
2024-03-19 04:00:00,9.409,9.45,9.221,9.235,96411.059
2024-03-19 05:00:00,9.235,9.338,9.147,9.265,112578.035
2024-03-19 06:00:00,9.265,9.337,9.052,9.158,107284.318
2024-03-19 07:00:00,9.158,9.307,8.88,9.194,243781.231
2024-03-19 08:00:00,9.194,9.2,8.8,8.851,172925.131
2024-03-19 09:00:00,8.851,9.078,8.7,9.068,188839.529
2024-03-19 10:00:00,9.068,9.068,8.862,8.994,80858.338
2024-03-19 11:00:00,8.994,9.136,8.869,9.126,74350.494
2024-03-19 12:00:00,9.126,9.245,9.071,9.151,129792.127
2024-03-19 13:00:00,9.151,9.19,9.04,9.109,79040.597
2024-03-19 14:00:00,9.109,9.151,8.949,9.096,99384.829
2024-03-19 15:00:00,9.096,9.228,8.974,9.204,120870.917
2024-03-19 16:00:00,9.204,9.255,9.094,9.164,83266.542
2024-03-19 17:00:00,9.164,9.258,9.13,9.175,61359.731
2024-03-19 18:00:00,9.175,9.202,9.072,9.145,48688.102
2024-03-19 19:00:00,9.145,9.276,9.115,9.196,47930.572
2024-03-19 20:00:00,9.196,9.22,8.991,9.021,46707.163
2024-03-19 21:00:00,9.021,9.058,8.918,9.036,24466.157
2024-03-19 22:00:00,9.036,9.052,8.711,8.778,78397.783
2024-03-19 23:00:00,8.778,8.809,8.603,8.769,173410.931
2024-03-20 00:00:00,8.769,8.966,8.737,8.966,52077.958
2024-03-20 01:00:00,8.966,8.971,8.699,8.751,44593.076
2024-03-20 02:00:00,8.751,8.888,8.72,8.876,30311.406
2024-03-20 03:00:00,8.876,8.994,8.696,8.719,61337.63
2024-03-20 04:00:00,8.719,8.807,8.569,8.67,64950.457
2024-03-20 05:00:00,8.67,8.719,8.49,8.682,104608.347
2024-03-20 06:00:00,8.682,8.877,8.679,8.856,52363.617
2024-03-20 07:00:00,8.856,9.143,8.848,9.086,81642.554
2024-03-20 08:00:00,9.086,9.145,9.037,9.043,30536.221
2024-03-20 09:00:00,9.043,9.156,9.033,9.123,36152.126
2024-03-20 10:00:00,9.123,9.165,9.059,9.093,134932.039
2024-03-20 11:00:00,9.093,9.295,9.073,9.286,98961.266
2024-03-20 12:00:00,9.286,9.364,9.234,9.257,56973.245
2024-03-20 13:00:00,9.257,9.257,9.077,9.087,81492.633
2024-03-20 14:00:00,9.087,9.145,9.041,9.115,47997.969
2024-03-20 15:00:00,9.115,9.163,8.879,8.925,121437.408
2024-03-20 16:00:00,8.925,8.98,8.557,8.746,241293.068
2024-03-20 17:00:00,8.746,8.953,8.7,8.858,87478.493
2024-03-20 18:00:00,8.858,9.215,8.858,9.21,114737.962
2024-03-20 19:00:00,9.21,9.316,9.152,9.278,63335.065
2024-03-20 20:00:00,9.278,9.566,9.176,9.433,187929.428
2024-03-20 21:00:00,9.433,9.524,9.375,9.5,52484.769
2024-03-20 22:00:00,9.5,9.56,9.477,9.541,48975.066
2024-03-20 23:00:00,9.541,9.541,9.458,9.485,25071.984
2024-03-21 00:00:00,9.485,9.528,9.386,9.48,48261.262
2024-03-21 01:00:00,9.48,9.518,9.413,9.48,27533.107
2024-03-21 02:00:00,9.48,9.551,9.457,9.491,25263.734
2024-03-21 03:00:00,9.491,9.583,9.381,9.436,45355.325
2024-03-21 04:00:00,9.436,9.499,9.329,9.364,32731.271
2024-03-21 05:00:00,9.364,9.364,9.197,9.356,63961.57
2024-03-21 06:00:00,9.356,9.416,9.298,9.303,57718.135
2024-03-21 07:00:00,9.303,9.375,9.284,9.335,26336.449
2024-03-21 08:00:00,9.335,9.467,9.335,9.426,37220.022
2024-03-21 09:00:00,9.426,9.47,9.303,9.365,31691.659
2024-03-21 10:00:00,9.365,9.452,9.35,9.441,58232.459
2024-03-21 11:00:00,9.441,9.468,9.368,9.39,55388.079
2024-03-21 12:00:00,9.39,9.464,9.351,9.364,64438.5
2024-03-21 13:00:00,9.364,9.412,9.281,9.295,60064.555
2024-03-21 14:00:00,9.295,9.402,9.266,9.359,29234.78
2024-03-21 15:00:00,9.359,9.381,9.229,9.307,35907.915
2024-03-21 16:00:00,9.307,9.479,9.264,9.47,65754.564
2024-03-21 17:00:00,9.47,9.533,9.235,9.276,78436.602
2024-03-21 18:00:00,9.276,9.297,9.066,9.123,53033.314
2024-03-21 19:00:00,9.123,9.253,9.104,9.223,22437.315
2024-03-21 20:00:00,9.223,9.345,9.097,9.292,43048.432
2024-03-21 21:00:00,9.292,9.295,9.189,9.281,16949.396
2024-03-21 22:00:00,9.281,9.322,9.228,9.229,12853.112
2024-03-21 23:00:00,9.229,9.248,9.117,9.181,78184.523
2024-03-22 00:00:00,9.181,9.232,9.098,9.181,40034.746
2024-03-22 01:00:00,9.181,9.202,9.052,9.06,22343.752
2024-03-22 02:00:00,9.06,9.099,9.016,9.085,24471.528
2024-03-22 03:00:00,9.085,9.256,9.085,9.245,37410.002
2024-03-22 04:00:00,9.245,9.292,9.2,9.265,27178.119
2024-03-22 05:00:00,9.265,9.37,9.231,9.321,31721.274
2024-03-22 06:00:00,9.321,9.344,9.275,9.341,35194.499
2024-03-22 07:00:00,9.341,9.349,9.277,9.294,17191.017
2024-03-22 08:00:00,9.294,9.359,9.219,9.228,42686.681
2024-03-22 09:00:00,9.228,9.283,9.203,9.211,12471.825
2024-03-22 10:00:00,9.211,9.238,9.069,9.081,51344.769
2024-03-22 11:00:00,9.081,9.166,9.02,9.06,42570.239
2024-03-22 12:00:00,9.06,9.118,9.003,9.031,74195.076
2024-03-22 13:00:00,9.031,9.061,8.78,8.818,96266.335
2024-03-22 14:00:00,8.818,8.854,8.717,8.771,102658.374
2024-03-22 15:00:00,8.771,8.99,8.771,8.892,85870.646
2024-03-22 16:00:00,8.892,8.926,8.807,8.878,72495.444
2024-03-22 17:00:00,8.878,8.945,8.848,8.939,36986.19
2024-03-22 18:00:00,8.939,8.982,8.874,8.881,46844.049
2024-03-22 19:00:00,8.881,8.932,8.829,8.9,52851.973
2024-03-22 20:00:00,8.9,8.905,8.813,8.831,25126.768
2024-03-22 21:00:00,8.831,8.836,8.694,8.787,28439.708
2024-03-22 22:00:00,8.787,8.832,8.711,8.802,21205.949
2024-03-22 23:00:00,8.802,8.939,8.791,8.935,37740.155
2024-03-23 00:00:00,8.935,8.953,8.9,8.936,22832.868
2024-03-23 01:00:00,8.936,9.102,8.933,9.084,68840.154
2024-03-23 02:00:00,9.084,9.097,8.956,9.013,37953.964
2024-03-23 03:00:00,9.013,9.015,8.853,8.965,25313.545
2024-03-23 04:00:00,8.965,9.039,8.958,8.972,44137.462
2024-03-23 05:00:00,8.972,9.01,8.949,8.999,14446.199
2024-03-23 06:00:00,8.999,9.051,8.975,9.017,36184.855
2024-03-23 07:00:00,9.017,9.107,9.017,9.059,33770.832
2024-03-23 08:00:00,9.059,9.094,9.018,9.057,23437.213
2024-03-23 09:00:00,9.057,9.064,9.0,9.05,20049.867
2024-03-23 10:00:00,9.05,9.116,9.037,9.065,27515.005
2024-03-23 11:00:00,9.065,9.114,9.062,9.1,13947.404
2024-03-23 12:00:00,9.1,9.159,9.077,9.133,21187.079
2024-03-23 13:00:00,9.133,9.144,9.069,9.129,34169.968
2024-03-23 14:00:00,9.129,9.206,9.086,9.199,40576.15
2024-03-23 15:00:00,9.199,9.224,9.121,9.167,25718.656
2024-03-23 16:00:00,9.167,9.195,9.11,9.146,28687.181
2024-03-23 17:00:00,9.146,9.193,9.133,9.174,31217.232
2024-03-23 18:00:00,9.174,9.188,9.147,9.157,12171.856
2024-03-23 19:00:00,9.157,9.181,9.111,9.13,16381.13
2024-03-23 20:00:00,9.13,9.149,9.092,9.095,13783.181
2024-03-23 21:00:00,9.095,9.112,9.072,9.112,20492.089
2024-03-23 22:00:00,9.112,9.128,9.081,9.093,13419.993
2024-03-23 23:00:00,9.093,9.096,8.962,8.964,30950.685
2024-03-24 00:00:00,8.964,9.111,8.959,9.111,11951.198
2024-03-24 01:00:00,9.111,9.14,9.066,9.094,24294.982
2024-03-24 02:00:00,9.094,9.104,9.049,9.088,12422.421
2024-03-24 03:00:00,9.088,9.088,8.997,9.002,26067.336
2024-03-24 04:00:00,9.002,9.034,8.953,9.032,38423.161
2024-03-24 05:00:00,9.032,9.136,9.016,9.076,59009.915
2024-03-24 06:00:00,9.076,9.1,9.015,9.05,15651.835
2024-03-24 07:00:00,9.05,9.095,9.023,9.094,36007.229
2024-03-24 08:00:00,9.094,9.188,9.08,9.177,59562.941
2024-03-24 09:00:00,9.177,9.179,9.114,9.149,43543.099
2024-03-24 10:00:00,9.149,9.227,9.139,9.17,50774.493
2024-03-24 11:00:00,9.17,9.2,9.129,9.199,19856.105
2024-03-24 12:00:00,9.199,9.256,9.172,9.242,57999.047
2024-03-24 13:00:00,9.242,9.257,9.183,9.202,22521.487
2024-03-24 14:00:00,9.202,9.269,9.188,9.219,54310.445
2024-03-24 15:00:00,9.219,9.245,9.195,9.219,40482.787
2024-03-24 16:00:00,9.219,9.247,9.148,9.161,28918.038
2024-03-24 17:00:00,9.161,9.171,9.061,9.147,55550.636
2024-03-24 18:00:00,9.147,9.244,9.139,9.204,37028.985
2024-03-24 19:00:00,9.204,9.295,9.198,9.259,29394.242
2024-03-24 20:00:00,9.259,9.335,9.24,9.306,28157.132
2024-03-24 21:00:00,9.306,9.38,9.301,9.348,30762.761
2024-03-24 22:00:00,9.348,9.4,9.337,9.398,18687.909
2024-03-24 23:00:00,9.398,9.434,9.347,9.371,40331.302
2024-03-25 00:00:00,9.371,9.386,9.288,9.316,23297.405
2024-03-25 01:00:00,9.316,9.388,9.294,9.379,29315.622
2024-03-25 02:00:00,9.379,9.42,9.329,9.418,20251.574
2024-03-25 03:00:00,9.418,9.475,9.395,9.458,25344.457
2024-03-25 04:00:00,9.458,9.481,9.4,9.474,37800.228
2024-03-25 05:00:00,9.474,9.51,9.454,9.473,49124.683
2024-03-25 06:00:00,9.473,9.474,9.408,9.423,22338.645
2024-03-25 07:00:00,9.423,9.466,9.337,9.349,28524.169
2024-03-25 08:00:00,9.349,9.42,9.343,9.42,15393.398
2024-03-25 09:00:00,9.42,9.492,9.39,9.491,46214.915
2024-03-25 10:00:00,9.491,9.548,9.471,9.506,26377.623
2024-03-25 11:00:00,9.506,9.506,9.408,9.439,42865.32
2024-03-25 12:00:00,9.439,9.493,9.433,9.472,68062.626
2024-03-25 13:00:00,9.472,9.499,9.391,9.481,35327.641
2024-03-25 14:00:00,9.481,9.664,9.449,9.652,117576.839
2024-03-25 15:00:00,9.652,9.753,9.621,9.731,102893.556
2024-03-25 16:00:00,9.731,9.791,9.668,9.777,90306.147
2024-03-25 17:00:00,9.777,9.832,9.736,9.784,120828.201
2024-03-25 18:00:00,9.784,9.784,9.712,9.764,25341.66
2024-03-25 19:00:00,9.764,9.801,9.709,9.789,32675.099
2024-03-25 20:00:00,9.789,9.825,9.762,9.808,30510.028
2024-03-25 21:00:00,9.808,9.812,9.64,9.725,26338.152
2024-03-25 22:00:00,9.725,9.83,9.725,9.795,24696.21
2024-03-25 23:00:00,9.795,9.821,9.7,9.738,32506.442
2024-03-26 00:00:00,9.738,9.886,9.708,9.83,37162.651
2024-03-26 01:00:00,9.83,9.896,9.804,9.877,24012.234
2024-03-26 02:00:00,9.877,9.929,9.849,9.923,44221.101
2024-03-26 03:00:00,9.923,9.929,9.885,9.915,28915.626
2024-03-26 04:00:00,9.915,9.949,9.895,9.945,49796.902
2024-03-26 05:00:00,9.945,9.96,9.925,9.941,22625.108
2024-03-26 06:00:00,9.941,9.996,9.928,9.992,37760.819
2024-03-26 07:00:00,9.992,10.06,9.898,9.907,87067.545
2024-03-26 08:00:00,9.907,9.958,9.859,9.953,21511.793
2024-03-26 09:00:00,9.953,10.021,9.925,10.005,34124.039
2024-03-26 10:00:00,10.005,10.038,9.963,10.03,37351.051
2024-03-26 11:00:00,10.03,10.037,9.91,9.923,51412.521
2024-03-26 12:00:00,9.923,9.952,9.863,9.932,58943.29
2024-03-26 13:00:00,9.932,9.946,9.768,9.818,63297.476
2024-03-26 14:00:00,9.818,9.907,9.602,9.899,138798.571
2024-03-26 15:00:00,9.899,9.908,9.722,9.803,108412.776
2024-03-26 16:00:00,9.803,9.861,9.575,9.615,144914.665
2024-03-26 17:00:00,9.615,9.698,9.567,9.605,90017.704
2024-03-26 18:00:00,9.605,9.66,9.588,9.599,120387.446
2024-03-26 19:00:00,9.599,9.617,9.527,9.555,56616.913
2024-03-26 20:00:00,9.555,9.657,9.555,9.649,33728.48
2024-03-26 21:00:00,9.649,9.76,9.636,9.71,58813.873
2024-03-26 22:00:00,9.71,9.71,9.581,9.698,52733.986
2024-03-26 23:00:00,9.698,9.737,9.675,9.689,38934.103
2024-03-27 00:00:00,9.689,9.773,9.647,9.761,36597.538
2024-03-27 01:00:00,9.761,9.8,9.72,9.746,47774.435
2024-03-27 02:00:00,9.746,9.771,9.691,9.768,24302.277
2024-03-27 03:00:00,9.768,9.771,9.69,9.699,16089.173
2024-03-27 04:00:00,9.699,9.738,9.64,9.67,15286.199
2024-03-27 05:00:00,9.67,9.706,9.662,9.699,22778.812
2024-03-27 06:00:00,9.699,9.726,9.633,9.668,24341.497
2024-03-27 07:00:00,9.668,9.676,9.49,9.523,58815.859
2024-03-27 08:00:00,9.523,9.582,9.429,9.453,32490.434
2024-03-27 09:00:00,9.453,9.538,9.372,9.531,77855.584
2024-03-27 10:00:00,9.531,9.576,9.507,9.554,40505.137
2024-03-27 11:00:00,9.554,9.616,9.518,9.603,42483.622
2024-03-27 12:00:00,9.603,9.642,9.54,9.61,48104.236
2024-03-27 13:00:00,9.61,9.81,9.507,9.548,164553.608
2024-03-27 14:00:00,9.548,9.59,9.307,9.579,190693.89
2024-03-27 15:00:00,9.579,9.587,9.379,9.379,90958.488
2024-03-27 16:00:00,9.379,9.493,9.328,9.485,62168.45
2024-03-27 17:00:00,9.485,9.562,9.417,9.446,48038.139
2024-03-27 18:00:00,9.446,9.462,9.309,9.324,81381.118
2024-03-27 19:00:00,9.324,9.425,9.321,9.413,107020.656
2024-03-27 20:00:00,9.413,9.459,9.399,9.446,85052.033
2024-03-27 21:00:00,9.446,9.482,9.428,9.428,29471.567
2024-03-27 22:00:00,9.428,9.496,9.427,9.491,13049.4
2024-03-27 23:00:00,9.491,9.493,9.396,9.442,14790.531
2024-03-28 00:00:00,9.442,9.516,9.416,9.482,33280.815
2024-03-28 01:00:00,9.482,9.493,9.341,9.393,28097.86
2024-03-28 02:00:00,9.393,9.442,9.307,9.361,25398.348
2024-03-28 03:00:00,9.361,9.406,9.296,9.369,34272.284
2024-03-28 04:00:00,9.369,9.475,9.355,9.47,25401.184
2024-03-28 05:00:00,9.47,9.481,9.439,9.46,25885.389
2024-03-28 06:00:00,9.46,9.541,9.428,9.518,36536.561
2024-03-28 07:00:00,9.518,9.612,9.496,9.611,65020.962
2024-03-28 08:00:00,9.611,9.659,9.58,9.611,42363.566
2024-03-28 09:00:00,9.611,9.65,9.539,9.551,83399.937
2024-03-28 10:00:00,9.551,9.573,9.513,9.559,59635.82
2024-03-28 11:00:00,9.559,9.59,9.513,9.573,82139.806
2024-03-28 12:00:00,9.573,9.611,9.426,9.5,137299.521
2024-03-28 13:00:00,9.5,9.566,9.418,9.533,108687.569
2024-03-28 14:00:00,9.533,9.604,9.488,9.604,111660.098
2024-03-28 15:00:00,9.604,9.608,9.512,9.591,85635.11
2024-03-28 16:00:00,9.591,9.615,9.475,9.509,102887.339
2024-03-28 17:00:00,9.509,9.516,9.444,9.47,27218.496
2024-03-28 18:00:00,9.47,9.487,9.436,9.471,37974.364
2024-03-28 19:00:00,9.471,9.507,9.462,9.493,45784.45
2024-03-28 20:00:00,9.493,9.542,9.479,9.53,16765.63
2024-03-28 21:00:00,9.53,9.587,9.513,9.532,17452.605
2024-03-28 22:00:00,9.532,9.536,9.441,9.534,27482.39
2024-03-28 23:00:00,9.534,9.565,9.505,9.523,25371.575
2024-03-29 00:00:00,9.523,9.523,9.464,9.493,34731.16
2024-03-29 01:00:00,9.493,9.547,9.454,9.462,30063.8
2024-03-29 02:00:00,9.462,9.469,9.365,9.409,59820.526
2024-03-29 03:00:00,9.409,9.448,9.382,9.424,35604.213
2024-03-29 04:00:00,9.424,9.473,9.389,9.426,22409.242
2024-03-29 05:00:00,9.426,9.611,9.42,9.603,86998.835
2024-03-29 06:00:00,9.603,9.614,9.518,9.527,52005.996
2024-03-29 07:00:00,9.527,9.528,9.343,9.373,66376.532
2024-03-29 08:00:00,9.373,9.475,9.365,9.465,77139.157
2024-03-29 09:00:00,9.465,9.486,9.384,9.412,42653.199
2024-03-29 10:00:00,9.412,9.501,9.393,9.498,65693.671
2024-03-29 11:00:00,9.498,9.564,9.488,9.556,45285.532
2024-03-29 12:00:00,9.556,9.621,9.503,9.603,68943.001
2024-03-29 13:00:00,9.603,9.674,9.537,9.663,42852.431
2024-03-29 14:00:00,9.663,9.795,9.647,9.723,102711.706
2024-03-29 15:00:00,9.723,9.81,9.521,9.582,115460.526
2024-03-29 16:00:00,9.582,9.692,9.504,9.518,69218.381
2024-03-29 17:00:00,9.518,9.596,9.478,9.507,55030.413
2024-03-29 18:00:00,9.507,9.548,9.483,9.546,23312.793
2024-03-29 19:00:00,9.546,9.549,9.48,9.52,29898.572
2024-03-29 20:00:00,9.52,9.532,9.468,9.494,16849.419
2024-03-29 21:00:00,9.494,9.5,9.394,9.426,21157.972
2024-03-29 22:00:00,9.426,9.573,9.426,9.556,18434.868
2024-03-29 23:00:00,9.556,9.616,9.555,9.599,19015.594
2024-03-30 00:00:00,9.599,9.646,9.571,9.64,20502.162
2024-03-30 01:00:00,9.64,9.695,9.599,9.621,18698.118
2024-03-30 02:00:00,9.621,9.636,9.591,9.621,20890.632
2024-03-30 03:00:00,9.621,9.632,9.555,9.577,23340.58
2024-03-30 04:00:00,9.577,9.635,9.568,9.633,18763.422
2024-03-30 05:00:00,9.633,9.696,9.615,9.618,30032.97
2024-03-30 06:00:00,9.618,9.621,9.53,9.571,20586.685
2024-03-30 07:00:00,9.571,9.599,9.51,9.517,17802.612
2024-03-30 08:00:00,9.517,9.559,9.47,9.515,49244.067
2024-03-30 09:00:00,9.515,9.556,9.496,9.542,28419.872
2024-03-30 10:00:00,9.542,9.559,9.518,9.532,17572.868
2024-03-30 11:00:00,9.532,9.609,9.532,9.6,50006.18
2024-03-30 12:00:00,9.6,9.61,9.562,9.573,48441.44
2024-03-30 13:00:00,9.573,9.573,9.517,9.535,29813.174
2024-03-30 14:00:00,9.535,9.55,9.487,9.524,20574.279
2024-03-30 15:00:00,9.524,9.558,9.513,9.525,20640.874
2024-03-30 16:00:00,9.525,9.558,9.464,9.541,49203.628
2024-03-30 17:00:00,9.541,9.541,9.498,9.524,25138.62
2024-03-30 18:00:00,9.524,9.533,9.487,9.487,27454.89
2024-03-30 19:00:00,9.487,9.502,9.415,9.498,36239.046
2024-03-30 20:00:00,9.498,9.527,9.478,9.482,14013.909
2024-03-30 21:00:00,9.482,9.496,9.406,9.44,17227.683
2024-03-30 22:00:00,9.44,9.452,9.403,9.415,21511.318
2024-03-30 23:00:00,9.415,9.443,9.388,9.431,19924.764
2024-03-31 00:00:00,9.431,9.484,9.416,9.464,21837.659
2024-03-31 01:00:00,9.464,9.515,9.464,9.494,14965.349
2024-03-31 02:00:00,9.494,9.509,9.453,9.463,12719.495
2024-03-31 03:00:00,9.463,9.477,9.428,9.46,20761.88
2024-03-31 04:00:00,9.46,9.524,9.444,9.487,19997.774
2024-03-31 05:00:00,9.487,9.569,9.476,9.558,25109.715
2024-03-31 06:00:00,9.558,9.574,9.502,9.526,35139.099
2024-03-31 07:00:00,9.526,9.581,9.523,9.572,33311.839
2024-03-31 08:00:00,9.572,9.576,9.541,9.551,24630.933
2024-03-31 09:00:00,9.551,9.593,9.539,9.558,13428.322
2024-03-31 10:00:00,9.558,9.598,9.554,9.568,15110.659
2024-03-31 11:00:00,9.568,9.59,9.539,9.558,16957.834
2024-03-31 12:00:00,9.558,9.575,9.543,9.566,10337.506
2024-03-31 13:00:00,9.566,9.584,9.562,9.569,22898.777
2024-03-31 14:00:00,9.569,9.59,9.552,9.587,15280.932
2024-03-31 15:00:00,9.587,9.606,9.561,9.571,45569.923
2024-03-31 16:00:00,9.571,9.609,9.561,9.568,18787.484
2024-03-31 17:00:00,9.568,9.568,9.529,9.537,20294.433
2024-03-31 18:00:00,9.537,9.593,9.518,9.541,27634.681
2024-03-31 19:00:00,9.541,9.588,9.504,9.58,22122.661
2024-03-31 20:00:00,9.58,9.596,9.54,9.568,39184.293
2024-03-31 21:00:00,9.568,9.587,9.532,9.545,32113.976
2024-03-31 22:00:00,9.545,9.594,9.545,9.593,12224.775
2024-03-31 23:00:00,9.593,9.647,9.583,9.646,25183.372
2024-04-01 00:00:00,9.646,9.654,9.593,9.621,24097.288
2024-04-01 01:00:00,9.621,9.67,9.596,9.629,38497.155
2024-04-01 02:00:00,9.629,9.655,9.603,9.628,16583.593
2024-04-01 03:00:00,9.628,9.697,9.623,9.665,70869.514
2024-04-01 04:00:00,9.665,9.741,9.655,9.659,56203.182
2024-04-01 05:00:00,9.659,9.694,9.084,9.209,323814.544
2024-04-01 06:00:00,9.209,9.371,9.175,9.316,128614.868
2024-04-01 07:00:00,9.316,9.372,9.302,9.343,40024.95
2024-04-01 08:00:00,9.343,9.343,9.21,9.239,48882.517
2024-04-01 09:00:00,9.239,9.282,9.227,9.237,28034.126
2024-04-01 10:00:00,9.237,9.249,9.178,9.243,61097.791
2024-04-01 11:00:00,9.243,9.282,9.189,9.19,33975.929
2024-04-01 12:00:00,9.19,9.278,9.178,9.278,57731.011
2024-04-01 13:00:00,9.278,9.344,9.221,9.307,54802.668
2024-04-01 14:00:00,9.307,9.339,9.068,9.093,86556.244
2024-04-01 15:00:00,9.093,9.142,8.945,9.006,230005.057
2024-04-01 16:00:00,9.006,9.077,8.982,9.023,56268.5
2024-04-01 17:00:00,9.023,9.046,8.943,9.036,82562.313
2024-04-01 18:00:00,9.036,9.048,8.926,9.035,69188.778
2024-04-01 19:00:00,9.035,9.167,9.025,9.16,35678.107
2024-04-01 20:00:00,9.16,9.172,9.114,9.159,22189.491
2024-04-01 21:00:00,9.159,9.172,9.131,9.146,27624.718
2024-04-01 22:00:00,9.146,9.176,9.133,9.165,16905.065
2024-04-01 23:00:00,9.165,9.192,9.143,9.145,17255.508
2024-04-02 00:00:00,9.145,9.145,9.019,9.057,25811.743
2024-04-02 01:00:00,9.057,9.126,9.033,9.098,29094.016
2024-04-02 02:00:00,9.098,9.1,8.581,8.806,258213.749
2024-04-02 03:00:00,8.806,8.852,8.704,8.745,99493.777
2024-04-02 04:00:00,8.745,8.782,8.704,8.74,65308.294
2024-04-02 05:00:00,8.74,8.748,8.644,8.746,132451.208
2024-04-02 06:00:00,8.746,8.867,8.735,8.815,51163.923
2024-04-02 07:00:00,8.815,8.818,8.739,8.743,38240.183
2024-04-02 08:00:00,8.743,8.771,8.592,8.625,53821.681
2024-04-02 09:00:00,8.625,8.689,8.535,8.618,151039.054
2024-04-02 10:00:00,8.618,8.618,8.474,8.531,100862.987
2024-04-02 11:00:00,8.531,8.548,8.381,8.518,139798.788
2024-04-02 12:00:00,8.518,8.585,8.487,8.514,41299.962
2024-04-02 13:00:00,8.514,8.517,8.373,8.471,98883.8
2024-04-02 14:00:00,8.471,8.601,8.468,8.541,61073.626
2024-04-02 15:00:00,8.541,8.612,8.438,8.464,69171.685
2024-04-02 16:00:00,8.464,8.567,8.421,8.546,65820.653
2024-04-02 17:00:00,8.546,8.577,8.503,8.572,35114.854
2024-04-02 18:00:00,8.572,8.605,8.542,8.577,27288.567
2024-04-02 19:00:00,8.577,8.675,8.563,8.599,53543.171
2024-04-02 20:00:00,8.599,8.66,8.577,8.603,63767.238
2024-04-02 21:00:00,8.603,8.62,8.539,8.593,14637.576
2024-04-02 22:00:00,8.593,8.666,8.572,8.648,15706.035
2024-04-02 23:00:00,8.648,8.655,8.566,8.583,11931.694
2024-04-03 00:00:00,8.583,8.626,8.338,8.561,109015.476
2024-04-03 01:00:00,8.561,8.692,8.467,8.669,57726.405
2024-04-03 02:00:00,8.669,8.696,8.605,8.645,25586.585
2024-04-03 03:00:00,8.645,8.658,8.589,8.64,23329.825
2024-04-03 04:00:00,8.64,8.689,8.629,8.666,28131.922
2024-04-03 05:00:00,8.666,8.674,8.599,8.629,68727.861
2024-04-03 06:00:00,8.629,8.727,8.626,8.692,89161.717
2024-04-03 07:00:00,8.692,8.757,8.678,8.697,60664.221
2024-04-03 08:00:00,8.697,8.752,8.617,8.733,82637.578
2024-04-03 09:00:00,8.733,8.78,8.701,8.744,71726.213
2024-04-03 10:00:00,8.744,8.749,8.639,8.742,109537.044
2024-04-03 11:00:00,8.742,8.746,8.665,8.68,52815.969
2024-04-03 12:00:00,8.68,8.696,8.6,8.622,35067.686
2024-04-03 13:00:00,8.622,8.663,8.563,8.591,62318.506
2024-04-03 14:00:00,8.591,8.757,8.591,8.741,81888.53
2024-04-03 15:00:00,8.741,8.743,8.532,8.536,131491.751
2024-04-03 16:00:00,8.536,8.608,8.516,8.543,46051.872
2024-04-03 17:00:00,8.543,8.559,8.431,8.471,47300.89
2024-04-03 18:00:00,8.471,8.483,8.377,8.471,43896.775
2024-04-03 19:00:00,8.471,8.488,8.4,8.405,36351.548
2024-04-03 20:00:00,8.405,8.411,8.323,8.373,41047.915
2024-04-03 21:00:00,8.373,8.444,8.285,8.429,41351.289
2024-04-03 22:00:00,8.429,8.463,8.41,8.444,48201.081
2024-04-03 23:00:00,8.444,8.471,8.417,8.419,18069.94
2024-04-04 00:00:00,8.419,8.527,8.399,8.514,26093.281
2024-04-04 01:00:00,8.514,8.553,8.445,8.486,44966.552
2024-04-04 02:00:00,8.486,8.491,8.346,8.41,52428.287
2024-04-04 03:00:00,8.41,8.422,8.328,8.34,57540.872
2024-04-04 04:00:00,8.34,8.359,8.264,8.351,58331.912
2024-04-04 05:00:00,8.351,8.44,8.351,8.419,50072.085
2024-04-04 06:00:00,8.419,8.476,8.414,8.45,32580.707
2024-04-04 07:00:00,8.45,8.51,8.409,8.453,73913.137
2024-04-04 08:00:00,8.453,8.513,8.445,8.507,36330.531
2024-04-04 09:00:00,8.507,8.514,8.457,8.497,19629.374
2024-04-04 10:00:00,8.497,8.53,8.482,8.487,29901.146
2024-04-04 11:00:00,8.487,8.501,8.457,8.468,41009.363
2024-04-04 12:00:00,8.468,8.551,8.459,8.529,32992.036
2024-04-04 13:00:00,8.529,8.665,8.529,8.615,44424.356
2024-04-04 14:00:00,8.615,8.66,8.582,8.628,68092.601
2024-04-04 15:00:00,8.628,8.639,8.574,8.615,38990.139
2024-04-04 16:00:00,8.615,8.668,8.596,8.626,52094.423
2024-04-04 17:00:00,8.626,8.696,8.612,8.685,80296.16
2024-04-04 18:00:00,8.685,8.71,8.58,8.591,145737.598
2024-04-04 19:00:00,8.591,8.599,8.504,8.514,106571.335
2024-04-04 20:00:00,8.514,8.522,8.363,8.458,92451.361
2024-04-04 21:00:00,8.458,8.474,8.397,8.439,36725.319
2024-04-04 22:00:00,8.439,8.476,8.407,8.45,20379.518
2024-04-04 23:00:00,8.45,8.493,8.439,8.487,26333.884
2024-04-05 00:00:00,8.487,8.508,8.444,8.508,38194.569
2024-04-05 01:00:00,8.508,8.509,8.403,8.435,39752.002
2024-04-05 02:00:00,8.435,8.435,8.277,8.318,127288.451
2024-04-05 03:00:00,8.318,8.423,8.312,8.423,39701.755
2024-04-05 04:00:00,8.423,8.423,8.306,8.345,41572.76
2024-04-05 05:00:00,8.345,8.36,8.2,8.293,141830.15
2024-04-05 06:00:00,8.293,8.33,8.263,8.281,74223.353
2024-04-05 07:00:00,8.281,8.293,8.219,8.277,85130.8
2024-04-05 08:00:00,8.277,8.404,8.273,8.296,247493.032
2024-04-05 09:00:00,8.296,8.296,8.162,8.209,267539.378
2024-04-05 10:00:00,8.209,8.234,8.139,8.231,130063.5
2024-04-05 11:00:00,8.231,8.237,8.116,8.126,158515.395
2024-04-05 12:00:00,8.126,8.25,8.074,8.242,154825.622
2024-04-05 13:00:00,8.242,8.306,8.196,8.29,43874.012
2024-04-05 14:00:00,8.29,8.386,8.265,8.362,43480.463
2024-04-05 15:00:00,8.362,8.408,8.32,8.405,34787.493
2024-04-05 16:00:00,8.405,8.42,8.356,8.368,39636.508
2024-04-05 17:00:00,8.368,8.39,8.332,8.345,29955.531
2024-04-05 18:00:00,8.345,8.402,8.321,8.397,17450.776
2024-04-05 19:00:00,8.397,8.437,8.372,8.375,35208.814
2024-04-05 20:00:00,8.375,8.444,8.37,8.411,22028.22
2024-04-05 21:00:00,8.411,8.417,8.39,8.392,10167.007
2024-04-05 22:00:00,8.392,8.402,8.358,8.362,9675.015
2024-04-05 23:00:00,8.362,8.408,8.36,8.383,11132.915
2024-04-06 00:00:00,8.383,8.422,8.335,8.387,21416.509
2024-04-06 01:00:00,8.387,8.448,8.373,8.379,24669.039
2024-04-06 02:00:00,8.379,8.42,8.36,8.411,19899.201
2024-04-06 03:00:00,8.411,8.453,8.411,8.449,24192.856
2024-04-06 04:00:00,8.449,8.455,8.407,8.444,30666.742
2024-04-06 05:00:00,8.444,8.478,8.441,8.457,36556.283
2024-04-06 06:00:00,8.457,8.473,8.436,8.473,11398.72
2024-04-06 07:00:00,8.473,8.473,8.405,8.425,26928.51
2024-04-06 08:00:00,8.425,8.473,8.419,8.471,31376.857
2024-04-06 09:00:00,8.471,8.496,8.411,8.423,40407.555
2024-04-06 10:00:00,8.423,8.452,8.415,8.443,36457.85
2024-04-06 11:00:00,8.443,8.447,8.393,8.395,24208.667
2024-04-06 12:00:00,8.395,8.408,8.375,8.398,13002.214
2024-04-06 13:00:00,8.398,8.398,8.332,8.343,24446.15
2024-04-06 14:00:00,8.343,8.39,8.339,8.379,35742.752
2024-04-06 15:00:00,8.379,8.438,8.354,8.43,62038.108
2024-04-06 16:00:00,8.43,8.472,8.424,8.458,50961.802
2024-04-06 17:00:00,8.458,8.48,8.42,8.432,71498.786
2024-04-06 18:00:00,8.432,8.449,8.406,8.417,36886.129
2024-04-06 19:00:00,8.417,8.442,8.389,8.405,22948.561
2024-04-06 20:00:00,8.405,8.445,8.397,8.445,12665.951
2024-04-06 21:00:00,8.445,8.466,8.442,8.447,13686.673
2024-04-06 22:00:00,8.447,8.512,8.447,8.51,18071.62
2024-04-06 23:00:00,8.51,8.556,8.48,8.491,38841.226
2024-04-07 00:00:00,8.491,8.525,8.458,8.518,20987.337
2024-04-07 01:00:00,8.518,8.591,8.511,8.583,33015.107
2024-04-07 02:00:00,8.583,8.614,8.572,8.586,22379.278
2024-04-07 03:00:00,8.586,8.655,8.586,8.639,32207.802
2024-04-07 04:00:00,8.639,8.666,8.601,8.616,28380.377
2024-04-07 05:00:00,8.616,8.667,8.615,8.643,44867.768
2024-04-07 06:00:00,8.643,8.645,8.597,8.607,29782.139
2024-04-07 07:00:00,8.607,8.628,8.599,8.614,21860.532
2024-04-07 08:00:00,8.614,8.656,8.601,8.64,22515.541
2024-04-07 09:00:00,8.64,8.643,8.583,8.602,50999.774
2024-04-07 10:00:00,8.602,8.659,8.587,8.647,50338.935
2024-04-07 11:00:00,8.647,8.676,8.637,8.665,38743.934
2024-04-07 12:00:00,8.665,8.692,8.644,8.666,34422.7
2024-04-07 13:00:00,8.666,8.713,8.652,8.695,62491.383
2024-04-07 14:00:00,8.695,8.739,8.685,8.73,41627.26
2024-04-07 15:00:00,8.73,8.74,8.633,8.645,79454.771
2024-04-07 16:00:00,8.645,8.738,8.645,8.688,74377.861
2024-04-07 17:00:00,8.688,8.692,8.615,8.631,51850.406
2024-04-07 18:00:00,8.631,8.638,8.578,8.598,65344.002
2024-04-07 19:00:00,8.598,8.606,8.529,8.554,45129.37
2024-04-07 20:00:00,8.554,8.621,8.549,8.597,19643.758
2024-04-07 21:00:00,8.597,8.65,8.593,8.598,15561.077
2024-04-07 22:00:00,8.598,8.658,8.56,8.656,16150.364
2024-04-07 23:00:00,8.656,8.713,8.656,8.703,32517.821
2024-04-08 00:00:00,8.703,8.708,8.632,8.655,20820.496
2024-04-08 01:00:00,8.655,8.715,8.634,8.648,30132.448
2024-04-08 02:00:00,8.648,8.664,8.587,8.607,25882.466
2024-04-08 03:00:00,8.607,8.635,8.568,8.619,20560.017
2024-04-08 04:00:00,8.619,8.62,8.576,8.592,25764.655
2024-04-08 05:00:00,8.592,8.651,8.592,8.635,38628.012
2024-04-08 06:00:00,8.635,8.654,8.607,8.629,36695.644
2024-04-08 07:00:00,8.629,8.833,8.629,8.769,131233.362
2024-04-08 08:00:00,8.769,8.919,8.766,8.892,209869.882
2024-04-08 09:00:00,8.892,8.969,8.884,8.964,154923.73
2024-04-08 10:00:00,8.964,8.998,8.932,8.997,96139.162
2024-04-08 11:00:00,8.997,9.009,8.96,8.98,105413.551
2024-04-08 12:00:00,8.98,9.011,8.939,8.963,109741.758
2024-04-08 13:00:00,8.963,9.04,8.962,9.016,65650.934
2024-04-08 14:00:00,9.016,9.026,8.948,9.013,86891.928
2024-04-08 15:00:00,9.013,9.094,8.991,9.02,128637.832
2024-04-08 16:00:00,9.02,9.095,9.004,9.074,126685.793
2024-04-08 17:00:00,9.074,9.075,9.002,9.013,36864.023
2024-04-08 18:00:00,9.013,9.03,8.977,8.994,46208.158
2024-04-08 19:00:00,8.994,9.002,8.951,8.999,54036.062
2024-04-08 20:00:00,8.999,9.027,8.981,9.005,68468.34
2024-04-08 21:00:00,9.005,9.054,8.997,9.049,17204.139
2024-04-08 22:00:00,9.049,9.09,9.036,9.063,17441.859
2024-04-08 23:00:00,9.063,9.064,9.031,9.048,23897.769
2024-04-09 00:00:00,9.048,9.113,9.006,9.018,62292.181
2024-04-09 01:00:00,9.018,9.047,8.931,9.018,59358.327
2024-04-09 02:00:00,9.018,9.094,9.01,9.045,26416.818
2024-04-09 03:00:00,9.045,9.045,8.952,8.976,22968.708
2024-04-09 04:00:00,8.976,9.021,8.938,9.015,32924.92
2024-04-09 05:00:00,9.015,9.068,8.996,9.067,38488.675
2024-04-09 06:00:00,9.067,9.075,8.924,8.948,67428.274
2024-04-09 07:00:00,8.948,8.965,8.795,8.851,158022.535
2024-04-09 08:00:00,8.851,8.91,8.715,8.893,162870.075
2024-04-09 09:00:00,8.893,8.93,8.844,8.868,76951.914
2024-04-09 10:00:00,8.868,8.951,8.854,8.942,49186.03
2024-04-09 11:00:00,8.942,9.011,8.937,8.997,60045.336
2024-04-09 12:00:00,8.997,9.101,8.963,9.07,76605.314
2024-04-09 13:00:00,9.07,9.079,8.905,8.905,90245.177
2024-04-09 14:00:00,8.905,9.035,8.712,8.758,185978.384
2024-04-09 15:00:00,8.758,8.871,8.645,8.871,89911.832
2024-04-09 16:00:00,8.871,8.934,8.83,8.83,72194.958
2024-04-09 17:00:00,8.83,8.938,8.746,8.89,73667.176
2024-04-09 18:00:00,8.89,8.919,8.842,8.859,26180.887
2024-04-09 19:00:00,8.859,8.862,8.796,8.837,31085.761
2024-04-09 20:00:00,8.837,8.858,8.775,8.777,28906.038
2024-04-09 21:00:00,8.777,8.779,8.693,8.72,28037.964
2024-04-09 22:00:00,8.72,8.782,8.69,8.746,34925.32
2024-04-09 23:00:00,8.746,8.746,8.632,8.661,23796.831
2024-04-10 00:00:00,8.661,8.7,8.634,8.656,63945.986
2024-04-10 01:00:00,8.656,8.656,8.505,8.599,65840.394
2024-04-10 02:00:00,8.599,8.644,8.406,8.44,82730.664
2024-04-10 03:00:00,8.44,8.57,8.404,8.567,45349.91
2024-04-10 04:00:00,8.567,8.568,8.502,8.523,24869.535
2024-04-10 05:00:00,8.523,8.601,8.519,8.556,28184.976
2024-04-10 06:00:00,8.556,8.622,8.542,8.568,24941.781
2024-04-10 07:00:00,8.568,8.585,8.523,8.533,44359.554
2024-04-10 08:00:00,8.533,8.54,8.443,8.478,70835.639
2024-04-10 09:00:00,8.478,8.506,8.43,8.471,53343.034
2024-04-10 10:00:00,8.471,8.478,8.35,8.426,125087.066
2024-04-10 11:00:00,8.426,8.45,8.403,8.424,48121.025
2024-04-10 12:00:00,8.424,8.443,8.115,8.263,304223.101
2024-04-10 13:00:00,8.263,8.281,8.189,8.275,85070.592
2024-04-10 14:00:00,8.275,8.359,8.24,8.33,72000.396
2024-04-10 15:00:00,8.33,8.34,8.279,8.312,45216.971
2024-04-10 16:00:00,8.312,8.404,8.264,8.393,91426.77
2024-04-10 17:00:00,8.393,8.435,8.344,8.365,62244.309
2024-04-10 18:00:00,8.365,8.369,8.235,8.265,90343.681
2024-04-10 19:00:00,8.265,8.369,8.243,8.368,52337.87
2024-04-10 20:00:00,8.368,8.421,8.349,8.367,37810.527
2024-04-10 21:00:00,8.367,8.409,8.351,8.409,20097.38
2024-04-10 22:00:00,8.409,8.481,8.409,8.452,50096.219
2024-04-10 23:00:00,8.452,8.464,8.408,8.409,24956.962
2024-04-11 00:00:00,8.409,8.409,8.342,8.399,35025.87
2024-04-11 01:00:00,8.399,8.406,8.346,8.371,23488.515
2024-04-11 02:00:00,8.371,8.441,8.352,8.422,34803.415
2024-04-11 03:00:00,8.422,8.431,8.396,8.428,33850.245
2024-04-11 04:00:00,8.428,8.431,8.342,8.381,34725.366
2024-04-11 05:00:00,8.381,8.412,8.367,8.406,33051.869
2024-04-11 06:00:00,8.406,8.446,8.402,8.436,35506.013
2024-04-11 07:00:00,8.436,8.528,8.436,8.466,106589.445
2024-04-11 08:00:00,8.466,8.523,8.456,8.499,50620.32
2024-04-11 09:00:00,8.499,8.503,8.398,8.398,48888.523
2024-04-11 10:00:00,8.398,8.423,8.368,8.372,21724.973
2024-04-11 11:00:00,8.372,8.372,8.24,8.256,50298.435
2024-04-11 12:00:00,8.256,8.36,8.23,8.325,75162.595
2024-04-11 13:00:00,8.325,8.363,8.207,8.281,210582.479
2024-04-11 14:00:00,8.281,8.293,8.182,8.253,73950.518
2024-04-11 15:00:00,8.253,8.3,8.244,8.289,43357.347
2024-04-11 16:00:00,8.289,8.317,8.192,8.258,88533.665
2024-04-11 17:00:00,8.258,8.324,8.253,8.287,48195.818
2024-04-11 18:00:00,8.287,8.311,8.244,8.275,33147.092
2024-04-11 19:00:00,8.275,8.312,8.254,8.278,44595.971
2024-04-11 20:00:00,8.278,8.347,8.257,8.329,60189.548
2024-04-11 21:00:00,8.329,8.337,8.252,8.27,37606.827
2024-04-11 22:00:00,8.27,8.389,8.27,8.344,60863.871
2024-04-11 23:00:00,8.344,8.385,8.337,8.385,21337.14
2024-04-12 00:00:00,8.385,8.445,8.372,8.439,37558.93
2024-04-12 01:00:00,8.439,8.458,8.411,8.456,20533.681
2024-04-12 02:00:00,8.456,8.492,8.421,8.438,124103.693
2024-04-12 03:00:00,8.438,8.459,8.42,8.452,44268.076
2024-04-12 04:00:00,8.452,8.485,8.438,8.471,19299.484
2024-04-12 05:00:00,8.471,8.489,8.428,8.445,29423.017
2024-04-12 06:00:00,8.445,8.455,8.396,8.421,40572.782
2024-04-12 07:00:00,8.421,8.43,8.367,8.393,44122.888
2024-04-12 08:00:00,8.393,8.403,8.317,8.363,127146.159
2024-04-12 09:00:00,8.363,8.399,8.348,8.389,73101.227
2024-04-12 10:00:00,8.389,8.436,8.366,8.425,41275.231
2024-04-12 11:00:00,8.425,8.463,8.414,8.428,48938.26
2024-04-12 12:00:00,8.428,8.465,8.29,8.32,79024.365
2024-04-12 13:00:00,8.32,8.32,8.148,8.193,106938.182
2024-04-12 14:00:00,8.193,8.238,8.148,8.155,60413.011
2024-04-12 15:00:00,8.155,8.177,8.113,8.131,44743.99
2024-04-12 16:00:00,8.131,8.154,8.013,8.074,145471.656
2024-04-12 17:00:00,8.074,8.074,7.46,7.694,860909.339
2024-04-12 18:00:00,7.694,7.716,6.378,6.5,1514123.75
2024-04-12 19:00:00,6.5,7.023,6.5,6.912,853095.619
2024-04-12 20:00:00,6.912,7.134,6.882,7.111,423298.548
2024-04-12 21:00:00,7.111,7.197,7.047,7.195,161603.473
2024-04-12 22:00:00,7.195,7.231,7.127,7.194,190694.217
2024-04-12 23:00:00,7.194,7.274,7.16,7.238,196166.841
2024-04-13 00:00:00,7.238,7.303,7.22,7.236,154718.969
2024-04-13 01:00:00,7.236,7.24,6.947,6.988,217454.278
2024-04-13 02:00:00,6.988,7.111,6.984,7.083,111052.543
2024-04-13 03:00:00,7.083,7.158,7.047,7.143,72772.63
2024-04-13 04:00:00,7.143,7.28,7.099,7.27,108925.214
2024-04-13 05:00:00,7.27,7.33,7.246,7.248,99774.174
2024-04-13 06:00:00,7.248,7.322,7.244,7.314,60199.205
2024-04-13 07:00:00,7.314,7.323,7.23,7.243,72929.208
2024-04-13 08:00:00,7.243,7.245,7.144,7.158,60554.923
2024-04-13 09:00:00,7.158,7.231,7.142,7.205,48749.592
2024-04-13 10:00:00,7.205,7.289,7.174,7.281,43442.896
2024-04-13 11:00:00,7.281,7.332,7.209,7.219,61617.452
2024-04-13 12:00:00,7.219,7.276,7.161,7.218,113502.269
2024-04-13 13:00:00,7.218,7.246,7.155,7.168,66371.73
2024-04-13 14:00:00,7.168,7.168,7.078,7.114,66477.943
2024-04-13 15:00:00,7.114,7.216,7.065,7.11,115859.088
2024-04-13 16:00:00,7.11,7.132,6.897,6.939,346154.672
2024-04-13 17:00:00,6.939,6.941,6.589,6.709,1104250.015
2024-04-13 18:00:00,6.709,6.93,6.629,6.908,509559.41
2024-04-13 19:00:00,6.908,6.924,6.156,6.41,839823.022
2024-04-13 20:00:00,6.41,6.545,5.665,5.917,2306258.505
2024-04-13 21:00:00,5.917,6.192,5.8,6.177,521977.99
2024-04-13 22:00:00,6.177,6.464,6.092,6.373,730893.772
2024-04-13 23:00:00,6.373,6.502,6.36,6.391,621723.828
2024-04-14 00:00:00,6.391,6.426,6.197,6.257,459278.344
2024-04-14 01:00:00,6.257,6.405,6.193,6.361,344109.744
2024-04-14 02:00:00,6.361,6.393,6.28,6.344,179973.819
2024-04-14 03:00:00,6.344,6.409,6.195,6.391,275493.723
2024-04-14 04:00:00,6.391,6.585,6.348,6.55,348452.92
2024-04-14 05:00:00,6.55,6.674,6.531,6.616,238370.485
2024-04-14 06:00:00,6.616,6.723,6.574,6.719,188195.351
2024-04-14 07:00:00,6.719,6.781,6.669,6.778,232430.827
2024-04-14 08:00:00,6.778,6.822,6.734,6.763,251662.579
2024-04-14 09:00:00,6.763,6.799,6.692,6.73,211914.951
2024-04-14 10:00:00,6.73,6.805,6.729,6.778,187370.878
2024-04-14 11:00:00,6.778,6.794,6.569,6.609,200053.46
2024-04-14 12:00:00,6.609,6.717,6.579,6.649,142841.495
2024-04-14 13:00:00,6.649,6.701,6.537,6.543,187097.979
2024-04-14 14:00:00,6.543,6.601,6.439,6.509,372697.254
2024-04-14 15:00:00,6.509,6.627,6.502,6.564,180831.248
2024-04-14 16:00:00,6.564,6.744,6.54,6.634,196062.279
2024-04-14 17:00:00,6.634,6.692,6.362,6.53,753661.252
2024-04-14 18:00:00,6.53,6.699,6.505,6.671,272120.783
2024-04-14 19:00:00,6.671,6.696,6.584,6.606,104441.889
2024-04-14 20:00:00,6.606,6.659,6.506,6.528,101903.908
2024-04-14 21:00:00,6.528,6.572,6.489,6.549,36604.576
2024-04-14 22:00:00,6.549,6.875,6.549,6.855,99319.714
2024-04-14 23:00:00,6.855,6.931,6.845,6.856,109069.004
2024-04-15 00:00:00,6.856,6.856,6.714,6.743,85290.05
2024-04-15 01:00:00,6.743,6.798,6.689,6.767,51534.729
2024-04-15 02:00:00,6.767,6.77,6.663,6.715,81745.705
2024-04-15 03:00:00,6.715,6.779,6.695,6.743,179007.543
2024-04-15 04:00:00,6.743,6.757,6.665,6.732,59349.337
2024-04-15 05:00:00,6.732,6.878,6.732,6.868,79062.365
2024-04-15 06:00:00,6.868,7.118,6.839,7.104,174676.05
2024-04-15 07:00:00,7.104,7.165,7.057,7.121,101750.977
2024-04-15 08:00:00,7.121,7.172,7.091,7.102,108208.443
2024-04-15 09:00:00,7.102,7.176,7.056,7.136,79084.299
2024-04-15 10:00:00,7.136,7.207,7.114,7.18,90007.278
2024-04-15 11:00:00,7.18,7.202,7.067,7.073,161886.767
2024-04-15 12:00:00,7.073,7.147,7.047,7.121,112900.313
2024-04-15 13:00:00,7.121,7.168,7.025,7.042,86849.083
2024-04-15 14:00:00,7.042,7.102,6.824,6.834,351334.552
2024-04-15 15:00:00,6.834,6.9,6.742,6.879,303871.98
2024-04-15 16:00:00,6.879,6.923,6.737,6.749,196305.279
2024-04-15 17:00:00,6.749,6.855,6.627,6.687,344646.148
2024-04-15 18:00:00,6.687,6.725,6.513,6.516,293287.605
2024-04-15 19:00:00,6.516,6.758,6.436,6.709,291156.707
2024-04-15 20:00:00,6.709,6.764,6.608,6.634,114802.444
2024-04-15 21:00:00,6.634,6.724,6.583,6.716,58381.064
2024-04-15 22:00:00,6.716,6.769,6.648,6.752,49565.28
2024-04-15 23:00:00,6.752,6.752,6.666,6.708,40739.178
2024-04-16 00:00:00,6.708,6.728,6.564,6.621,63147.185
2024-04-16 01:00:00,6.621,6.755,6.598,6.631,53467.447
2024-04-16 02:00:00,6.631,6.683,6.576,6.675,61497.435
2024-04-16 03:00:00,6.675,6.71,6.55,6.598,72972.377
2024-04-16 04:00:00,6.598,6.62,6.426,6.51,123308.486
2024-04-16 05:00:00,6.51,6.63,6.477,6.592,55563.219
2024-04-16 06:00:00,6.592,6.711,6.582,6.701,47873.582
2024-04-16 07:00:00,6.701,6.823,6.692,6.763,68060.804
2024-04-16 08:00:00,6.763,6.786,6.692,6.727,59075.275
2024-04-16 09:00:00,6.727,6.802,6.704,6.717,92240.412
2024-04-16 10:00:00,6.717,6.735,6.474,6.649,255345.253
2024-04-16 11:00:00,6.649,6.721,6.591,6.692,101276.256
2024-04-16 12:00:00,6.692,6.695,6.577,6.592,86658.072
2024-04-16 13:00:00,6.592,6.622,6.461,6.553,150192.019
2024-04-16 14:00:00,6.553,6.629,6.471,6.484,118636.902
2024-04-16 15:00:00,6.484,6.526,6.372,6.413,205890.94
2024-04-16 16:00:00,6.413,6.562,6.371,6.559,150316.936
2024-04-16 17:00:00,6.559,6.662,6.531,6.575,120649.583
2024-04-16 18:00:00,6.575,6.66,6.544,6.651,94469.133
2024-04-16 19:00:00,6.651,6.674,6.554,6.599,57936.108
2024-04-16 20:00:00,6.599,6.656,6.59,6.647,31703.454
2024-04-16 21:00:00,6.647,6.76,6.642,6.722,65009.048
2024-04-16 22:00:00,6.722,6.736,6.697,6.728,58172.072
2024-04-16 23:00:00,6.728,6.739,6.69,6.7,20456.227
2024-04-17 00:00:00,6.7,6.738,6.656,6.703,47311.264
2024-04-17 01:00:00,6.703,6.721,6.62,6.696,33753.303
2024-04-17 02:00:00,6.696,6.72,6.627,6.681,24484.709
2024-04-17 03:00:00,6.681,6.713,6.665,6.694,13116.823
2024-04-17 04:00:00,6.694,6.781,6.655,6.746,86709.801
2024-04-17 05:00:00,6.746,6.748,6.638,6.661,92104.248
2024-04-17 06:00:00,6.661,6.69,6.632,6.661,23687.938
2024-04-17 07:00:00,6.661,6.678,6.599,6.649,39246.349
2024-04-17 08:00:00,6.649,6.677,6.602,6.631,28315.393
2024-04-17 09:00:00,6.631,6.679,6.624,6.664,46526.269
2024-04-17 10:00:00,6.664,6.668,6.585,6.6,45665.233
2024-04-17 11:00:00,6.6,6.636,6.532,6.537,69526.326
2024-04-17 12:00:00,6.537,6.57,6.469,6.524,100404.032
2024-04-17 13:00:00,6.524,6.616,6.51,6.576,57887.29
2024-04-17 14:00:00,6.576,6.58,6.383,6.492,219632.961
2024-04-17 15:00:00,6.492,6.517,6.354,6.397,194885.266
2024-04-17 16:00:00,6.397,6.523,6.325,6.407,143473.139
2024-04-17 17:00:00,6.407,6.567,6.399,6.547,68168.878
2024-04-17 18:00:00,6.547,6.738,6.536,6.675,174632.509
2024-04-17 19:00:00,6.675,6.675,6.563,6.625,151568.921
2024-04-17 20:00:00,6.625,6.652,6.537,6.554,44133.365
2024-04-17 21:00:00,6.554,6.706,6.554,6.643,47729.656
2024-04-17 22:00:00,6.643,6.651,6.6,6.621,43050.696
2024-04-17 23:00:00,6.621,6.653,6.566,6.583,35869.545
2024-04-18 00:00:00,6.583,6.623,6.447,6.573,62463.442
2024-04-18 01:00:00,6.573,6.652,6.572,6.637,47485.541
2024-04-18 02:00:00,6.637,6.674,6.592,6.659,31612.542
2024-04-18 03:00:00,6.659,6.726,6.659,6.672,44301.645
2024-04-18 04:00:00,6.672,6.706,6.643,6.659,16259.378
2024-04-18 05:00:00,6.659,6.701,6.624,6.627,37278.976
2024-04-18 06:00:00,6.627,6.654,6.489,6.542,33984.158
2024-04-18 07:00:00,6.542,6.58,6.48,6.523,51620.281
2024-04-18 08:00:00,6.523,6.606,6.471,6.581,86823.01
2024-04-18 09:00:00,6.581,6.643,6.565,6.623,65043.235
2024-04-18 10:00:00,6.623,6.635,6.583,6.624,39507.912
2024-04-18 11:00:00,6.624,6.749,6.624,6.691,80136.938
2024-04-18 12:00:00,6.691,6.704,6.576,6.623,73321.484
2024-04-18 13:00:00,6.623,6.663,6.569,6.65,66953.826
2024-04-18 14:00:00,6.65,6.782,6.608,6.75,138329.077
2024-04-18 15:00:00,6.75,6.792,6.714,6.751,57334.352
2024-04-18 16:00:00,6.751,6.797,6.718,6.723,44630.093
2024-04-18 17:00:00,6.723,6.738,6.648,6.659,80815.166
2024-04-18 18:00:00,6.659,6.725,6.611,6.712,24761.047
2024-04-18 19:00:00,6.712,6.762,6.702,6.757,28803.426
2024-04-18 20:00:00,6.757,6.774,6.727,6.771,14391.019
2024-04-18 21:00:00,6.771,6.804,6.767,6.782,28569.205
2024-04-18 22:00:00,6.782,6.829,6.754,6.801,40958.36
2024-04-18 23:00:00,6.801,6.817,6.77,6.781,35830.683
2024-04-19 00:00:00,6.781,6.783,6.705,6.708,39892.512
2024-04-19 01:00:00,6.708,6.709,6.421,6.457,146646.331
2024-04-19 02:00:00,6.457,6.49,6.274,6.457,174852.86
2024-04-19 03:00:00,6.457,6.566,6.444,6.504,191182.439
2024-04-19 04:00:00,6.504,6.621,6.495,6.57,72802.641
2024-04-19 05:00:00,6.57,6.594,6.483,6.517,69058.573
2024-04-19 06:00:00,6.517,6.807,6.491,6.793,127718.841
2024-04-19 07:00:00,6.793,6.86,6.692,6.718,119067.107
2024-04-19 08:00:00,6.718,6.815,6.682,6.788,156699.124
2024-04-19 09:00:00,6.788,6.867,6.775,6.825,96391.862
2024-04-19 10:00:00,6.825,6.86,6.775,6.829,104966.019
2024-04-19 11:00:00,6.829,6.919,6.815,6.835,200708.256
2024-04-19 12:00:00,6.835,6.842,6.764,6.781,141128.231
2024-04-19 13:00:00,6.781,6.814,6.722,6.777,68394.339
2024-04-19 14:00:00,6.777,6.813,6.701,6.769,44233.17
2024-04-19 15:00:00,6.769,6.833,6.757,6.806,64461.453
2024-04-19 16:00:00,6.806,6.822,6.71,6.775,62055.672
2024-04-19 17:00:00,6.775,6.827,6.745,6.799,28300.217
2024-04-19 18:00:00,6.799,6.799,6.733,6.755,27336.669
2024-04-19 19:00:00,6.755,6.795,6.746,6.791,29580.336
2024-04-19 20:00:00,6.791,6.792,6.706,6.728,27663.495
2024-04-19 21:00:00,6.728,6.771,6.728,6.767,11810.603
2024-04-19 22:00:00,6.767,6.8,6.715,6.715,31537.301
2024-04-19 23:00:00,6.715,6.72,6.577,6.676,108818.987
2024-04-20 00:00:00,6.676,6.743,6.633,6.645,48391.008
2024-04-20 01:00:00,6.645,6.758,6.609,6.738,30469.709
2024-04-20 02:00:00,6.738,6.766,6.719,6.723,14179.875
2024-04-20 03:00:00,6.723,6.742,6.697,6.735,12980.878
2024-04-20 04:00:00,6.735,6.797,6.723,6.764,48547.048
2024-04-20 05:00:00,6.764,6.778,6.74,6.771,9430.466
2024-04-20 06:00:00,6.771,6.826,6.759,6.808,22096.081
2024-04-20 07:00:00,6.808,6.838,6.797,6.817,17539.766
2024-04-20 08:00:00,6.817,6.817,6.767,6.789,24146.408
2024-04-20 09:00:00,6.789,6.796,6.726,6.752,29471.436
2024-04-20 10:00:00,6.752,6.78,6.712,6.738,11719.917
2024-04-20 11:00:00,6.738,6.773,6.729,6.752,20221.801
2024-04-20 12:00:00,6.752,6.799,6.724,6.77,30221.617
2024-04-20 13:00:00,6.77,6.804,6.759,6.787,20945.915
2024-04-20 14:00:00,6.787,6.815,6.765,6.806,13843.611
2024-04-20 15:00:00,6.806,6.974,6.784,6.972,31104.521
2024-04-20 16:00:00,6.972,7.068,6.948,7.029,77342.095
2024-04-20 17:00:00,7.029,7.202,7.029,7.2,84393.655
2024-04-20 18:00:00,7.2,7.237,7.161,7.187,73923.492
2024-04-20 19:00:00,7.187,7.252,7.155,7.246,32119.056
2024-04-20 20:00:00,7.246,7.272,7.208,7.239,36915.107
2024-04-20 21:00:00,7.239,7.284,7.222,7.235,28066.283
2024-04-20 22:00:00,7.235,7.25,7.176,7.177,30656.1
2024-04-20 23:00:00,7.177,7.243,7.177,7.243,17607.749
2024-04-21 00:00:00,7.243,7.248,7.139,7.165,23652.264
2024-04-21 01:00:00,7.165,7.244,7.164,7.201,17571.724
2024-04-21 02:00:00,7.201,7.28,7.192,7.248,30941.959
2024-04-21 03:00:00,7.248,7.301,7.2,7.208,101761.245
2024-04-21 04:00:00,7.208,7.225,7.163,7.203,33439.451
2024-04-21 05:00:00,7.203,7.236,7.178,7.2,8184.183
2024-04-21 06:00:00,7.2,7.221,7.179,7.194,13161.075
2024-04-21 07:00:00,7.194,7.203,7.15,7.185,15055.212
2024-04-21 08:00:00,7.185,7.204,7.16,7.167,15268.447
2024-04-21 09:00:00,7.167,7.198,7.147,7.175,18160.422
2024-04-21 10:00:00,7.175,7.179,7.128,7.169,17568.878
2024-04-21 11:00:00,7.169,7.215,7.154,7.183,35271.443
2024-04-21 12:00:00,7.183,7.187,7.119,7.134,14908.82
2024-04-21 13:00:00,7.134,7.15,7.048,7.077,57898.545
2024-04-21 14:00:00,7.077,7.112,7.068,7.074,19452.86
2024-04-21 15:00:00,7.074,7.131,7.074,7.119,28254.107
2024-04-21 16:00:00,7.119,7.13,6.962,7.044,91226.22
2024-04-21 17:00:00,7.044,7.086,7.004,7.079,23893.809
2024-04-21 18:00:00,7.079,7.091,7.042,7.089,35778.865
2024-04-21 19:00:00,7.089,7.12,7.063,7.094,25978.467
2024-04-21 20:00:00,7.094,7.158,7.068,7.154,28600.57
2024-04-21 21:00:00,7.154,7.207,7.127,7.143,29516.465
2024-04-21 22:00:00,7.143,7.194,7.13,7.143,20236.142
2024-04-21 23:00:00,7.143,7.149,7.116,7.139,18536.837
2024-04-22 00:00:00,7.139,7.214,7.106,7.136,52751.825
2024-04-22 01:00:00,7.136,7.225,7.088,7.133,69923.705
2024-04-22 02:00:00,7.133,7.169,7.098,7.147,24605.328
2024-04-22 03:00:00,7.147,7.315,7.14,7.272,67501.755
2024-04-22 04:00:00,7.272,7.325,7.26,7.307,26931.765
2024-04-22 05:00:00,7.307,7.459,7.301,7.456,57346.242
2024-04-22 06:00:00,7.456,7.53,7.43,7.489,76104.736
2024-04-22 07:00:00,7.489,7.52,7.429,7.436,49464.728
2024-04-22 08:00:00,7.436,7.504,7.414,7.431,104188.582
2024-04-22 09:00:00,7.431,7.49,7.416,7.488,37585.799
2024-04-22 10:00:00,7.488,7.584,7.484,7.513,84594.876
2024-04-22 11:00:00,7.513,7.513,7.416,7.435,49558.696
2024-04-22 12:00:00,7.435,7.468,7.401,7.436,58875.855
2024-04-22 13:00:00,7.436,7.451,7.363,7.424,93940.502
2024-04-22 14:00:00,7.424,7.481,7.387,7.406,74309.058
2024-04-22 15:00:00,7.406,7.465,7.343,7.447,60371.845
2024-04-22 16:00:00,7.447,7.48,7.382,7.404,69437.768
2024-04-22 17:00:00,7.404,7.466,7.395,7.442,92671.077
2024-04-22 18:00:00,7.442,7.481,7.425,7.459,87515.416
2024-04-22 19:00:00,7.459,7.494,7.422,7.488,30038.67
2024-04-22 20:00:00,7.488,7.535,7.463,7.496,51730.55
2024-04-22 21:00:00,7.496,7.529,7.495,7.512,35180.092
2024-04-22 22:00:00,7.512,7.55,7.501,7.546,30473.581
2024-04-22 23:00:00,7.546,7.563,7.464,7.464,27839.223
2024-04-23 00:00:00,7.464,7.536,7.458,7.505,20697.488
2024-04-23 01:00:00,7.505,7.507,7.465,7.465,12220.994
2024-04-23 02:00:00,7.465,7.496,7.41,7.414,29520.52
2024-04-23 03:00:00,7.414,7.447,7.362,7.381,58491.876
2024-04-23 04:00:00,7.381,7.422,7.345,7.375,24866.659
2024-04-23 05:00:00,7.375,7.466,7.374,7.462,24723.92
2024-04-23 06:00:00,7.462,7.477,7.377,7.402,41972.702
2024-04-23 07:00:00,7.402,7.417,7.317,7.365,66085.289
2024-04-23 08:00:00,7.365,7.444,7.339,7.422,50536.874
2024-04-23 09:00:00,7.422,7.431,7.381,7.408,31042.486
2024-04-23 10:00:00,7.408,7.452,7.402,7.404,34726.929
2024-04-23 11:00:00,7.404,7.404,7.325,7.37,92477.131
2024-04-23 12:00:00,7.37,7.4,7.343,7.387,53036.386
2024-04-23 13:00:00,7.387,7.416,7.32,7.402,44532.888
2024-04-23 14:00:00,7.402,7.571,7.389,7.529,149045.474
2024-04-23 15:00:00,7.529,7.535,7.397,7.409,144774.305
2024-04-23 16:00:00,7.409,7.443,7.389,7.4,111041.444
2024-04-23 17:00:00,7.4,7.428,7.371,7.395,133413.23
2024-04-23 18:00:00,7.395,7.404,7.338,7.374,93569.908
2024-04-23 19:00:00,7.374,7.39,7.349,7.386,62520.027
2024-04-23 20:00:00,7.386,7.394,7.309,7.342,114803.835
2024-04-23 21:00:00,7.342,7.342,7.225,7.253,145536.357
2024-04-23 22:00:00,7.253,7.285,7.226,7.244,58781.959
2024-04-23 23:00:00,7.244,7.254,7.206,7.246,24578.057
2024-04-24 00:00:00,7.246,7.28,7.218,7.275,25412.386
2024-04-24 01:00:00,7.275,7.315,7.274,7.299,16646.8
2024-04-24 02:00:00,7.299,7.304,7.22,7.263,29446.546
2024-04-24 03:00:00,7.263,7.309,7.257,7.291,16702.924
2024-04-24 04:00:00,7.291,7.42,7.282,7.414,100634.627
2024-04-24 05:00:00,7.414,7.451,7.368,7.396,46433.871
2024-04-24 06:00:00,7.396,7.46,7.362,7.432,37713.519
2024-04-24 07:00:00,7.432,7.452,7.407,7.423,23179.892
2024-04-24 08:00:00,7.423,7.482,7.413,7.477,40543.428
2024-04-24 09:00:00,7.477,7.484,7.416,7.457,83705.774
2024-04-24 10:00:00,7.457,7.5,7.414,7.443,59308.449
2024-04-24 11:00:00,7.443,7.463,7.41,7.429,34469.517
2024-04-24 12:00:00,7.429,7.45,7.364,7.364,37598.332
2024-04-24 13:00:00,7.364,7.364,7.182,7.192,126987.794
2024-04-24 14:00:00,7.192,7.237,7.018,7.122,226450.194
2024-04-24 15:00:00,7.122,7.123,7.014,7.03,89908.22
2024-04-24 16:00:00,7.03,7.068,6.96,7.036,90654.055
2024-04-24 17:00:00,7.036,7.131,7.022,7.105,47042.328
2024-04-24 18:00:00,7.105,7.105,6.988,7.022,70686.602
2024-04-24 19:00:00,7.022,7.078,6.961,7.047,49079.396
2024-04-24 20:00:00,7.047,7.054,6.968,6.993,45945.151
2024-04-24 21:00:00,6.993,7.026,6.958,7.024,29220.831
2024-04-24 22:00:00,7.024,7.026,6.874,6.919,48831.472
2024-04-24 23:00:00,6.919,6.946,6.857,6.932,53482.131
2024-04-25 00:00:00,6.932,7.0,6.917,6.971,44873.156
2024-04-25 01:00:00,6.971,7.003,6.892,6.892,29543.724
2024-04-25 02:00:00,6.892,6.972,6.843,6.964,50730.673
2024-04-25 03:00:00,6.964,6.987,6.9,6.926,43588.265
2024-04-25 04:00:00,6.926,6.966,6.831,6.955,56718.657
2024-04-25 05:00:00,6.955,6.982,6.913,6.95,28069.926
2024-04-25 06:00:00,6.95,6.978,6.928,6.932,21658.371
2024-04-25 07:00:00,6.932,6.952,6.863,6.883,46794.98
2024-04-25 08:00:00,6.883,6.907,6.827,6.85,55574.14
2024-04-25 09:00:00,6.85,6.903,6.826,6.851,43336.08
2024-04-25 10:00:00,6.851,6.851,6.74,6.745,157652.667
2024-04-25 11:00:00,6.745,6.849,6.736,6.829,48535.098
2024-04-25 12:00:00,6.829,6.875,6.733,6.758,116619.983
2024-04-25 13:00:00,6.758,6.799,6.703,6.784,80475.021
2024-04-25 14:00:00,6.784,6.856,6.779,6.812,53144.958
2024-04-25 15:00:00,6.812,6.931,6.799,6.908,55444.094
2024-04-25 16:00:00,6.908,6.942,6.875,6.922,62571.832
2024-04-25 17:00:00,6.922,6.964,6.908,6.953,42382.518
2024-04-25 18:00:00,6.953,6.961,6.916,6.961,38504.201
2024-04-25 19:00:00,6.961,6.964,6.911,6.935,21081.984
2024-04-25 20:00:00,6.935,6.97,6.912,6.95,22360.527
2024-04-25 21:00:00,6.95,6.979,6.925,6.933,38786.686
2024-04-25 22:00:00,6.933,6.934,6.847,6.855,34381.453
2024-04-25 23:00:00,6.855,6.873,6.825,6.862,14453.414
2024-04-26 00:00:00,6.862,6.868,6.762,6.814,44735.74
2024-04-26 01:00:00,6.814,6.884,6.729,6.861,53930.964
2024-04-26 02:00:00,6.861,6.896,6.83,6.846,46197.972
2024-04-26 03:00:00,6.846,6.884,6.83,6.841,28548.1
2024-04-26 04:00:00,6.841,6.881,6.811,6.849,31826.947
2024-04-26 05:00:00,6.849,6.922,6.844,6.919,22709.947
2024-04-26 06:00:00,6.919,6.924,6.861,6.877,45574.33
2024-04-26 07:00:00,6.877,6.892,6.827,6.855,52719.398
2024-04-26 08:00:00,6.855,6.9,6.831,6.85,60284.153
2024-04-26 09:00:00,6.85,6.9,6.839,6.871,34092.013
2024-04-26 10:00:00,6.871,6.888,6.833,6.855,50698.544
2024-04-26 11:00:00,6.855,6.92,6.853,6.882,38520.053
2024-04-26 12:00:00,6.882,6.949,6.834,6.854,61978.235
2024-04-26 13:00:00,6.854,6.922,6.769,6.914,69328.262
2024-04-26 14:00:00,6.914,6.954,6.625,6.805,231449.607
2024-04-26 15:00:00,6.805,6.832,6.72,6.81,121043.906
2024-04-26 16:00:00,6.81,6.835,6.774,6.812,30741.097
2024-04-26 17:00:00,6.812,6.841,6.794,6.835,34905.665
2024-04-26 18:00:00,6.835,6.868,6.821,6.865,21492.206
2024-04-26 19:00:00,6.865,6.873,6.846,6.846,16103.509
2024-04-26 20:00:00,6.846,6.899,6.846,6.851,42318.222
2024-04-26 21:00:00,6.851,6.866,6.806,6.84,47249.824
2024-04-26 22:00:00,6.84,6.84,6.715,6.733,28115.539
2024-04-26 23:00:00,6.733,6.77,6.729,6.766,7563.159
2024-04-27 00:00:00,6.766,6.792,6.662,6.722,85975.984
2024-04-27 01:00:00,6.722,6.728,6.506,6.605,208088.534
2024-04-27 02:00:00,6.605,6.71,6.586,6.684,55778.533
2024-04-27 03:00:00,6.684,6.735,6.681,6.718,27238.785
2024-04-27 04:00:00,6.718,6.77,6.706,6.757,38855.953
2024-04-27 05:00:00,6.757,6.765,6.707,6.719,43219.94
2024-04-27 06:00:00,6.719,6.744,6.684,6.697,37032.693
2024-04-27 07:00:00,6.697,6.717,6.658,6.659,33125.682
2024-04-27 08:00:00,6.659,6.673,6.632,6.652,28911.182
2024-04-27 09:00:00,6.652,6.698,6.642,6.676,23472.222
2024-04-27 10:00:00,6.676,6.676,6.61,6.619,65169.836
2024-04-27 11:00:00,6.619,6.635,6.586,6.613,52181.901
2024-04-27 12:00:00,6.613,6.676,6.602,6.649,25857.804
2024-04-27 13:00:00,6.649,6.7,6.637,6.693,27822.496
2024-04-27 14:00:00,6.693,6.729,6.668,6.676,28688.511
2024-04-27 15:00:00,6.676,6.688,6.632,6.641,18694.247
2024-04-27 16:00:00,6.641,6.672,6.626,6.653,25903.282
2024-04-27 17:00:00,6.653,6.84,6.653,6.831,131424.148
2024-04-27 18:00:00,6.831,6.868,6.712,6.786,116877.917
2024-04-27 19:00:00,6.786,6.802,6.753,6.802,35597.418
2024-04-27 20:00:00,6.802,6.808,6.764,6.794,16755.828
2024-04-27 21:00:00,6.794,6.794,6.741,6.755,56150.761
2024-04-27 22:00:00,6.755,6.767,6.738,6.745,24331.102
2024-04-27 23:00:00,6.745,6.821,6.744,6.811,43609.903
2024-04-28 00:00:00,6.811,6.875,6.805,6.855,48369.7
2024-04-28 01:00:00,6.855,6.881,6.837,6.877,14361.95
2024-04-28 02:00:00,6.877,6.952,6.873,6.941,36075.994
2024-04-28 03:00:00,6.941,6.952,6.915,6.919,30323.076
2024-04-28 04:00:00,6.919,6.919,6.884,6.889,17523.094
2024-04-28 05:00:00,6.889,6.914,6.883,6.904,11798.633
2024-04-28 06:00:00,6.904,6.939,6.886,6.928,20635.747
2024-04-28 07:00:00,6.928,6.946,6.911,6.928,26687.059
2024-04-28 08:00:00,6.928,6.94,6.868,6.899,28500.743
2024-04-28 09:00:00,6.899,6.926,6.692,6.888,95656.216
2024-04-28 10:00:00,6.888,6.896,6.837,6.865,29253.839
2024-04-28 11:00:00,6.865,6.865,6.803,6.813,21021.732
2024-04-28 12:00:00,6.813,6.839,6.799,6.836,32219.593
2024-04-28 13:00:00,6.836,6.886,6.826,6.863,16694.91
2024-04-28 14:00:00,6.863,6.876,6.83,6.863,15526.683
2024-04-28 15:00:00,6.863,6.875,6.847,6.85,13211.377
2024-04-28 16:00:00,6.85,6.898,6.843,6.876,35386.137
2024-04-28 17:00:00,6.876,6.893,6.863,6.886,20902.801
2024-04-28 18:00:00,6.886,6.917,6.841,6.912,40742.998
2024-04-28 19:00:00,6.912,6.912,6.857,6.871,55195.408
2024-04-28 20:00:00,6.871,6.879,6.845,6.877,9595.102
2024-04-28 21:00:00,6.877,6.887,6.858,6.858,7659.626
2024-04-28 22:00:00,6.858,6.873,6.755,6.775,72996.27
2024-04-28 23:00:00,6.775,6.775,6.689,6.726,85819.257
2024-04-29 00:00:00,6.726,6.786,6.715,6.784,31600.56
2024-04-29 01:00:00,6.784,6.825,6.757,6.81,36644.595
2024-04-29 02:00:00,6.81,6.822,6.699,6.727,118306.27
2024-04-29 03:00:00,6.727,6.742,6.649,6.658,85192.435
2024-04-29 04:00:00,6.658,6.73,6.639,6.717,31150.321
2024-04-29 05:00:00,6.717,6.717,6.654,6.694,21228.854
2024-04-29 06:00:00,6.694,6.695,6.512,6.552,71423.498
2024-04-29 07:00:00,6.552,6.597,6.546,6.58,35758.65
2024-04-29 08:00:00,6.58,6.582,6.506,6.53,58769.924
2024-04-29 09:00:00,6.53,6.566,6.506,6.54,47040.516
2024-04-29 10:00:00,6.54,6.564,6.485,6.512,59652.494
2024-04-29 11:00:00,6.512,6.533,6.49,6.509,38865.449
2024-04-29 12:00:00,6.509,6.569,6.471,6.565,77688.837
2024-04-29 13:00:00,6.565,6.584,6.482,6.507,66329.49
2024-04-29 14:00:00,6.507,6.624,6.489,6.609,49920.959
2024-04-29 15:00:00,6.609,6.641,6.593,6.63,79283.655
2024-04-29 16:00:00,6.63,6.642,6.551,6.562,61551.788
2024-04-29 17:00:00,6.562,6.613,6.558,6.598,38870.733
2024-04-29 18:00:00,6.598,6.598,6.542,6.56,61236.588
2024-04-29 19:00:00,6.56,6.566,6.521,6.563,48496.29
2024-04-29 20:00:00,6.563,6.602,6.543,6.557,21020.348
2024-04-29 21:00:00,6.557,6.559,6.5,6.526,22948.193
2024-04-29 22:00:00,6.526,6.644,6.523,6.627,49315.678
2024-04-29 23:00:00,6.627,6.666,6.583,6.589,52072.958
2024-04-30 00:00:00,6.589,6.669,6.551,6.65,75792.779
2024-04-30 01:00:00,6.65,6.651,6.524,6.528,42865.549
2024-04-30 02:00:00,6.528,6.622,6.461,6.589,61064.746
2024-04-30 03:00:00,6.589,6.609,6.557,6.572,29746.426
2024-04-30 04:00:00,6.572,6.582,6.544,6.553,17327.847
2024-04-30 05:00:00,6.553,6.592,6.525,6.573,58792.619
2024-04-30 06:00:00,6.573,6.605,6.561,6.591,37608.068
2024-04-30 07:00:00,6.591,6.604,6.54,6.543,34173.825
2024-04-30 08:00:00,6.543,6.559,6.362,6.394,156227.726
2024-04-30 09:00:00,6.394,6.442,6.366,6.368,74317.898
2024-04-30 10:00:00,6.368,6.395,6.34,6.371,67576.952
2024-04-30 11:00:00,6.371,6.371,6.246,6.273,147647.389
2024-04-30 12:00:00,6.273,6.301,6.152,6.227,161434.9
2024-04-30 13:00:00,6.227,6.241,6.174,6.193,44800.085
2024-04-30 14:00:00,6.193,6.284,6.123,6.125,68572.24
2024-04-30 15:00:00,6.125,6.21,6.125,6.153,135249.61
2024-04-30 16:00:00,6.153,6.155,6.038,6.144,226843.629
2024-04-30 17:00:00,6.144,6.162,6.111,6.131,45208.88
2024-04-30 18:00:00,6.131,6.158,6.102,6.158,51072.274
2024-04-30 19:00:00,6.158,6.179,6.067,6.111,88346.741
2024-04-30 20:00:00,6.111,6.206,6.111,6.188,59273.188
2024-04-30 21:00:00,6.188,6.233,6.182,6.221,44600.777
2024-04-30 22:00:00,6.221,6.503,6.218,6.395,548295.415
2024-04-30 23:00:00,6.395,6.45,6.353,6.429,100056.529
2024-05-01 00:00:00,6.429,6.469,6.368,6.412,119816.632
2024-05-01 01:00:00,6.412,6.43,6.356,6.421,60562.442
2024-05-01 02:00:00,6.421,6.473,6.339,6.45,106731.106
2024-05-01 03:00:00,6.45,6.466,6.411,6.458,59043.236
2024-05-01 04:00:00,6.458,6.55,6.452,6.527,83889.781
2024-05-01 05:00:00,6.527,6.561,6.498,6.546,79364.54
2024-05-01 06:00:00,6.546,6.555,6.44,6.452,59397.394
2024-05-01 07:00:00,6.452,6.475,6.271,6.295,740635.105
2024-05-01 08:00:00,6.295,6.309,6.129,6.294,281612.989
2024-05-01 09:00:00,6.294,6.436,6.28,6.403,326825.444
2024-05-01 10:00:00,6.403,6.519,6.388,6.469,271477.172
2024-05-01 11:00:00,6.469,6.503,6.437,6.502,276620.88
2024-05-01 12:00:00,6.502,6.623,6.487,6.602,576154.72
2024-05-01 13:00:00,6.602,6.648,6.547,6.584,274282.292
2024-05-01 14:00:00,6.584,6.615,6.511,6.579,158714.279
2024-05-01 15:00:00,6.579,6.589,6.474,6.494,201659.132
2024-05-01 16:00:00,6.494,6.552,6.437,6.463,219038.394
2024-05-01 17:00:00,6.463,6.608,6.443,6.576,243301.226
2024-05-01 18:00:00,6.576,6.9,6.574,6.868,382222.917
2024-05-01 19:00:00,6.868,6.932,6.666,6.726,555421.956
2024-05-01 20:00:00,6.726,6.857,6.694,6.792,271562.236
2024-05-01 21:00:00,6.792,6.886,6.753,6.857,118439.939
2024-05-01 22:00:00,6.857,6.934,6.857,6.869,154588.311
2024-05-01 23:00:00,6.869,6.916,6.822,6.893,132299.329
2024-05-02 00:00:00,6.893,6.953,6.785,6.805,220183.981
2024-05-02 01:00:00,6.805,6.835,6.693,6.792,221645.662
2024-05-02 02:00:00,6.792,6.866,6.786,6.823,145683.663
2024-05-02 03:00:00,6.823,6.873,6.823,6.869,50095.797
2024-05-02 04:00:00,6.869,6.91,6.861,6.873,64858.471
2024-05-02 05:00:00,6.873,6.909,6.831,6.907,86244.55
2024-05-02 06:00:00,6.907,6.943,6.846,6.865,87782.536
2024-05-02 07:00:00,6.865,6.907,6.84,6.875,87171.098
2024-05-02 08:00:00,6.875,6.936,6.858,6.894,68411.8
2024-05-02 09:00:00,6.894,7.011,6.888,7.011,93550.727
2024-05-02 10:00:00,7.011,7.018,6.951,6.991,105538.475
2024-05-02 11:00:00,6.991,7.103,6.984,7.05,149760.974
2024-05-02 12:00:00,7.05,7.059,6.978,6.993,136639.289
2024-05-02 13:00:00,6.993,7.026,6.907,6.926,80158.1
2024-05-02 14:00:00,6.926,7.025,6.89,7.016,94572.599
2024-05-02 15:00:00,7.016,7.062,6.994,7.0,85910.509
2024-05-02 16:00:00,7.0,7.051,6.98,7.023,80526.249
2024-05-02 17:00:00,7.023,7.142,7.023,7.138,78997.922
2024-05-02 18:00:00,7.138,7.382,7.107,7.23,382307.128
2024-05-02 19:00:00,7.23,7.267,7.185,7.259,105223.051
2024-05-02 20:00:00,7.259,7.323,7.25,7.282,145183.562
2024-05-02 21:00:00,7.282,7.355,7.256,7.342,65891.22
2024-05-02 22:00:00,7.342,7.411,7.335,7.338,62616.293
2024-05-02 23:00:00,7.338,7.347,7.274,7.277,57867.782
2024-05-03 00:00:00,7.277,7.31,7.235,7.25,42651.731
2024-05-03 01:00:00,7.25,7.3,7.229,7.263,67481.561
2024-05-03 02:00:00,7.263,7.326,7.242,7.257,73794.136
2024-05-03 03:00:00,7.257,7.267,7.2,7.212,63431.299
2024-05-03 04:00:00,7.212,7.223,7.177,7.223,54154.158
2024-05-03 05:00:00,7.223,7.259,7.179,7.225,104027.208
2024-05-03 06:00:00,7.225,7.227,7.163,7.178,52833.812
2024-05-03 07:00:00,7.178,7.191,7.044,7.051,147128.804
2024-05-03 08:00:00,7.051,7.073,7.026,7.031,82685.106
2024-05-03 09:00:00,7.031,7.094,7.016,7.071,76307.926
2024-05-03 10:00:00,7.071,7.085,7.001,7.047,85554.936
2024-05-03 11:00:00,7.047,7.082,7.022,7.066,70971.218
2024-05-03 12:00:00,7.066,7.44,7.029,7.168,307950.899
2024-05-03 13:00:00,7.168,7.248,7.149,7.244,128051.128
2024-05-03 14:00:00,7.244,7.265,7.152,7.205,163051.215
2024-05-03 15:00:00,7.205,7.28,7.191,7.256,74171.842
2024-05-03 16:00:00,7.256,7.303,7.25,7.25,74782.002
2024-05-03 17:00:00,7.25,7.32,7.248,7.295,85674.733
2024-05-03 18:00:00,7.295,7.302,7.241,7.271,40685.5
2024-05-03 19:00:00,7.271,7.279,7.216,7.277,65519.285
2024-05-03 20:00:00,7.277,7.39,7.266,7.32,94522.856
2024-05-03 21:00:00,7.32,7.341,7.268,7.295,28027.963
2024-05-03 22:00:00,7.295,7.297,7.267,7.281,22039.25
2024-05-03 23:00:00,7.281,7.299,7.242,7.245,34057.4
2024-05-04 00:00:00,7.245,7.252,7.191,7.21,67847.73
2024-05-04 01:00:00,7.21,7.241,7.176,7.185,32790.547
2024-05-04 02:00:00,7.185,7.215,7.142,7.179,35869.246
2024-05-04 03:00:00,7.179,7.182,7.151,7.158,30554.921
2024-05-04 04:00:00,7.158,7.199,7.142,7.194,46930.553
2024-05-04 05:00:00,7.194,7.207,7.161,7.196,51301.072
2024-05-04 06:00:00,7.196,7.196,7.153,7.166,18129.241
2024-05-04 07:00:00,7.166,7.168,7.139,7.139,16695.076
2024-05-04 08:00:00,7.139,7.181,7.139,7.165,34502.082
2024-05-04 09:00:00,7.165,7.179,7.14,7.141,21678.68
2024-05-04 10:00:00,7.141,7.241,7.14,7.235,43800.513
2024-05-04 11:00:00,7.235,7.236,7.108,7.137,73320.954
2024-05-04 12:00:00,7.137,7.227,7.123,7.21,77393.896
2024-05-04 13:00:00,7.21,7.214,7.135,7.166,38185.738
2024-05-04 14:00:00,7.166,7.2,7.155,7.196,16600.09
2024-05-04 15:00:00,7.196,7.214,7.175,7.191,33429.05
2024-05-04 16:00:00,7.191,7.202,7.158,7.189,21750.763
2024-05-04 17:00:00,7.189,7.192,7.145,7.157,32799.912
2024-05-04 18:00:00,7.157,7.194,7.154,7.174,14745.659
2024-05-04 19:00:00,7.174,7.2,7.161,7.194,12769.572
2024-05-04 20:00:00,7.194,7.208,7.168,7.168,22958.432
2024-05-04 21:00:00,7.168,7.183,7.118,7.159,30372.009
2024-05-04 22:00:00,7.159,7.164,7.12,7.132,7406.638
2024-05-04 23:00:00,7.132,7.151,7.122,7.124,13166.098
2024-05-05 00:00:00,7.124,7.151,7.067,7.13,57940.312
2024-05-05 01:00:00,7.13,7.14,7.039,7.113,56202.936
2024-05-05 02:00:00,7.113,7.125,7.087,7.093,23200.972
2024-05-05 03:00:00,7.093,7.109,7.065,7.094,11845.2
2024-05-05 04:00:00,7.094,7.095,7.072,7.079,12088.999
2024-05-05 05:00:00,7.079,7.099,7.031,7.035,47944.609
2024-05-05 06:00:00,7.035,7.062,7.026,7.058,34020.961
2024-05-05 07:00:00,7.058,7.107,7.048,7.078,26093.309
2024-05-05 08:00:00,7.078,7.141,7.073,7.124,33897.998
2024-05-05 09:00:00,7.124,7.124,7.078,7.095,23271.29
2024-05-05 10:00:00,7.095,7.098,7.046,7.065,31100.383
2024-05-05 11:00:00,7.065,7.086,7.045,7.074,34423.345
2024-05-05 12:00:00,7.074,7.082,7.035,7.052,23097.128
2024-05-05 13:00:00,7.052,7.083,7.016,7.075,59516.162
2024-05-05 14:00:00,7.075,7.165,7.045,7.164,38037.331
2024-05-05 15:00:00,7.164,7.252,7.154,7.243,88492.435
2024-05-05 16:00:00,7.243,7.332,7.228,7.241,202991.211
2024-05-05 17:00:00,7.241,7.271,7.227,7.266,36333.479
2024-05-05 18:00:00,7.266,7.288,7.2,7.288,78281.475
2024-05-05 19:00:00,7.288,7.307,7.259,7.282,26346.176
2024-05-05 20:00:00,7.282,7.348,7.278,7.344,44069.781
2024-05-05 21:00:00,7.344,7.405,7.295,7.365,90250.989
2024-05-05 22:00:00,7.365,7.38,7.297,7.326,37564.648
2024-05-05 23:00:00,7.326,7.328,7.3,7.304,28430.53
2024-05-06 00:00:00,7.304,7.312,7.251,7.308,124464.993
2024-05-06 01:00:00,7.308,7.336,7.262,7.267,30283.324
2024-05-06 02:00:00,7.267,7.297,7.242,7.243,21049.336
2024-05-06 03:00:00,7.243,7.273,7.224,7.249,42773.186
2024-05-06 04:00:00,7.249,7.284,7.238,7.277,20862.065
2024-05-06 05:00:00,7.277,7.342,7.266,7.33,38367.346
2024-05-06 06:00:00,7.33,7.399,7.314,7.368,69916.937
2024-05-06 07:00:00,7.368,7.396,7.359,7.389,88522.831
2024-05-06 08:00:00,7.389,7.464,7.363,7.379,218292.929
2024-05-06 09:00:00,7.379,7.442,7.379,7.44,47747.054
2024-05-06 10:00:00,7.44,7.476,7.23,7.276,182644.247
2024-05-06 11:00:00,7.276,7.344,7.271,7.292,87704.146
2024-05-06 12:00:00,7.292,7.311,7.113,7.176,215864.753
2024-05-06 13:00:00,7.176,7.245,7.159,7.216,91174.047
2024-05-06 14:00:00,7.216,7.23,7.099,7.109,79381.414
2024-05-06 15:00:00,7.109,7.186,7.058,7.175,108838.097
2024-05-06 16:00:00,7.175,7.199,7.118,7.127,57322.152
2024-05-06 17:00:00,7.127,7.215,7.127,7.195,87747.31
2024-05-06 18:00:00,7.195,7.245,7.172,7.235,50986.573
2024-05-06 19:00:00,7.235,7.235,7.13,7.193,50104.419
2024-05-06 20:00:00,7.193,7.225,7.188,7.219,18191.209
2024-05-06 21:00:00,7.219,7.225,7.192,7.215,21725.937
2024-05-06 22:00:00,7.215,7.215,7.155,7.171,11106.304
2024-05-06 23:00:00,7.171,7.175,7.12,7.122,13093.744
2024-05-07 00:00:00,7.122,7.158,7.085,7.118,25398.519
2024-05-07 01:00:00,7.118,7.198,7.108,7.19,25798.338
2024-05-07 02:00:00,7.19,7.197,7.159,7.177,22529.036
2024-05-07 03:00:00,7.177,7.187,7.023,7.091,142852.907
2024-05-07 04:00:00,7.091,7.13,7.077,7.126,28141.174
2024-05-07 05:00:00,7.126,7.146,7.076,7.123,42159.097
2024-05-07 06:00:00,7.123,7.136,7.083,7.11,21434.625
2024-05-07 07:00:00,7.11,7.186,7.097,7.17,64696.254
2024-05-07 08:00:00,7.17,7.269,7.161,7.26,107329.187
2024-05-07 09:00:00,7.26,7.298,7.234,7.235,64826.889
2024-05-07 10:00:00,7.235,7.24,7.196,7.205,45015.446
2024-05-07 11:00:00,7.205,7.227,7.134,7.137,52167.274
2024-05-07 12:00:00,7.137,7.198,7.131,7.189,47666.022
2024-05-07 13:00:00,7.189,7.224,7.132,7.169,45507.894
2024-05-07 14:00:00,7.169,7.247,7.15,7.242,92624.626
2024-05-07 15:00:00,7.242,7.273,7.181,7.197,65003.776
2024-05-07 16:00:00,7.197,7.227,7.184,7.193,34786.04
2024-05-07 17:00:00,7.193,7.194,7.162,7.184,13760.874
2024-05-07 18:00:00,7.184,7.188,7.095,7.162,74979.498
2024-05-07 19:00:00,7.162,7.177,7.113,7.121,27749.907
2024-05-07 20:00:00,7.121,7.15,7.097,7.129,27776.138
2024-05-07 21:00:00,7.129,7.16,7.073,7.107,27455.354
2024-05-07 22:00:00,7.107,7.113,7.044,7.064,26126.801
2024-05-07 23:00:00,7.064,7.068,6.98,6.997,96619.919
2024-05-08 00:00:00,6.997,7.024,6.918,7.004,88257.304
2024-05-08 01:00:00,7.004,7.038,6.988,7.005,31366.481
2024-05-08 02:00:00,7.005,7.09,7.003,7.073,30666.097
2024-05-08 03:00:00,7.073,7.109,7.06,7.087,30994.204
2024-05-08 04:00:00,7.087,7.097,6.998,7.028,28769.926
2024-05-08 05:00:00,7.028,7.08,7.004,7.056,30815.923
2024-05-08 06:00:00,7.056,7.084,6.996,7.072,51599.386
2024-05-08 07:00:00,7.072,7.092,6.987,7.014,38113.886
2024-05-08 08:00:00,7.014,7.13,6.986,7.085,89350.773
2024-05-08 09:00:00,7.085,7.098,6.986,7.029,54211.467
2024-05-08 10:00:00,7.029,7.054,7.013,7.017,59207.256
2024-05-08 11:00:00,7.017,7.017,6.932,6.954,82749.626
2024-05-08 12:00:00,6.954,6.997,6.893,6.941,61309.772
2024-05-08 13:00:00,6.941,7.071,6.919,7.069,98383.845
2024-05-08 14:00:00,7.069,7.159,7.053,7.157,126428.219
2024-05-08 15:00:00,7.157,7.188,7.043,7.154,121809.571
2024-05-08 16:00:00,7.154,7.165,7.069,7.144,95559.632
2024-05-08 17:00:00,7.144,7.17,7.073,7.088,62940.424
2024-05-08 18:00:00,7.088,7.15,7.083,7.093,40889.16
2024-05-08 19:00:00,7.093,7.106,7.009,7.055,63348.793
2024-05-08 20:00:00,7.055,7.094,6.93,6.961,111016.674
2024-05-08 21:00:00,6.961,7.023,6.937,6.993,31935.82
2024-05-08 22:00:00,6.993,7.018,6.948,7.001,35366.941
2024-05-08 23:00:00,7.001,7.039,6.978,6.984,42888.26
2024-05-09 00:00:00,6.984,7.066,6.973,7.037,52099.949
2024-05-09 01:00:00,7.037,7.051,7.003,7.029,69843.142
2024-05-09 02:00:00,7.029,7.029,6.993,7.01,19770.32
2024-05-09 03:00:00,7.01,7.047,6.978,7.046,24098.896
2024-05-09 04:00:00,7.046,7.07,7.024,7.027,29070.502
2024-05-09 05:00:00,7.027,7.055,7.015,7.022,14594.423
2024-05-09 06:00:00,7.022,7.055,6.982,6.99,24484.454
2024-05-09 07:00:00,6.99,6.997,6.9,6.924,37544.639
2024-05-09 08:00:00,6.924,6.941,6.855,6.928,88897.906
2024-05-09 09:00:00,6.928,6.941,6.837,6.87,74969.253
2024-05-09 10:00:00,6.87,6.873,6.789,6.792,51169.249
2024-05-09 11:00:00,6.792,6.856,6.786,6.844,36394.324
2024-05-09 12:00:00,6.844,6.915,6.834,6.89,36457.525
2024-05-09 13:00:00,6.89,6.915,6.829,6.876,51908.244
2024-05-09 14:00:00,6.876,6.93,6.861,6.909,64576.354
2024-05-09 15:00:00,6.909,6.982,6.889,6.961,103872.362
2024-05-09 16:00:00,6.961,7.025,6.954,6.958,57740.462
2024-05-09 17:00:00,6.958,7.004,6.948,6.961,26497.98
2024-05-09 18:00:00,6.961,6.989,6.957,6.988,39870.309
2024-05-09 19:00:00,6.988,7.042,6.98,7.039,52429.884
2024-05-09 20:00:00,7.039,7.065,7.0,7.025,51594.962
2024-05-09 21:00:00,7.025,7.04,7.001,7.013,22408.908
2024-05-09 22:00:00,7.013,7.09,7.006,7.077,27397.082
2024-05-09 23:00:00,7.077,7.08,7.028,7.052,21986.366
2024-05-10 00:00:00,7.052,7.052,7.01,7.022,15467.821
2024-05-10 01:00:00,7.022,7.099,7.0,7.079,34746.778
2024-05-10 02:00:00,7.079,7.095,7.05,7.091,48607.332
2024-05-10 03:00:00,7.091,7.119,7.075,7.11,33548.486
2024-05-10 04:00:00,7.11,7.15,7.096,7.119,25689.457
2024-05-10 05:00:00,7.119,7.12,7.055,7.063,38865.232
2024-05-10 06:00:00,7.063,7.108,7.061,7.097,18058.658
2024-05-10 07:00:00,7.097,7.131,7.078,7.121,31583.918
2024-05-10 08:00:00,7.121,7.131,7.071,7.096,18136.271
2024-05-10 09:00:00,7.096,7.102,7.066,7.083,21312.231
2024-05-10 10:00:00,7.083,7.103,7.069,7.08,21303.035
2024-05-10 11:00:00,7.08,7.135,7.071,7.129,29810.512
2024-05-10 12:00:00,7.129,7.133,7.063,7.084,35159.645
2024-05-10 13:00:00,7.084,7.091,7.049,7.082,23930.268
2024-05-10 14:00:00,7.082,7.088,6.803,6.86,306896.171
2024-05-10 15:00:00,6.86,6.925,6.813,6.861,214625.376
2024-05-10 16:00:00,6.861,6.88,6.75,6.86,154282.091
2024-05-10 17:00:00,6.86,6.868,6.757,6.795,57245.395
2024-05-10 18:00:00,6.795,6.847,6.766,6.829,39737.047
2024-05-10 19:00:00,6.829,6.842,6.784,6.812,30069.749
2024-05-10 20:00:00,6.812,6.836,6.748,6.79,33347.588
2024-05-10 21:00:00,6.79,6.821,6.768,6.781,13740.896
2024-05-10 22:00:00,6.781,6.807,6.691,6.739,43097.685
2024-05-10 23:00:00,6.739,6.78,6.733,6.746,28026.165
2024-05-11 00:00:00,6.746,6.788,6.728,6.75,37226.408
2024-05-11 01:00:00,6.75,6.813,6.742,6.763,33020.104
2024-05-11 02:00:00,6.763,6.776,6.725,6.745,54843.345
2024-05-11 03:00:00,6.745,6.759,6.717,6.733,26175.831
2024-05-11 04:00:00,6.733,6.749,6.712,6.728,22824.871
2024-05-11 05:00:00,6.728,6.775,6.726,6.773,16534.826
2024-05-11 06:00:00,6.773,6.799,6.76,6.77,16781.832
2024-05-11 07:00:00,6.77,6.792,6.756,6.769,26112.738
2024-05-11 08:00:00,6.769,6.778,6.708,6.713,22960.094
2024-05-11 09:00:00,6.713,6.726,6.689,6.703,79452.589
2024-05-11 10:00:00,6.703,6.704,6.648,6.673,57738.214
2024-05-11 11:00:00,6.673,6.695,6.636,6.681,28980.706
2024-05-11 12:00:00,6.681,6.718,6.678,6.707,43447.433
2024-05-11 13:00:00,6.707,6.742,6.694,6.737,20989.635
2024-05-11 14:00:00,6.737,6.746,6.705,6.708,12281.079
2024-05-11 15:00:00,6.708,6.789,6.703,6.733,40481.806
2024-05-11 16:00:00,6.733,6.743,6.703,6.712,27025.661
2024-05-11 17:00:00,6.712,6.738,6.694,6.719,27191.398
2024-05-11 18:00:00,6.719,6.742,6.7,6.722,27269.078
2024-05-11 19:00:00,6.722,6.735,6.713,6.731,12422.749
2024-05-11 20:00:00,6.731,6.731,6.676,6.721,12278.775
2024-05-11 21:00:00,6.721,6.721,6.684,6.692,25991.152
2024-05-11 22:00:00,6.692,6.711,6.675,6.688,18438.661
2024-05-11 23:00:00,6.688,6.698,6.653,6.662,11431.416
2024-05-12 00:00:00,6.662,6.719,6.652,6.699,9930.187
2024-05-12 01:00:00,6.699,6.716,6.69,6.693,7923.357
2024-05-12 02:00:00,6.693,6.704,6.676,6.693,4123.646
2024-05-12 03:00:00,6.693,6.709,6.681,6.702,5028.853
2024-05-12 04:00:00,6.702,6.724,6.694,6.719,13067.077
2024-05-12 05:00:00,6.719,6.721,6.702,6.714,3430.917
2024-05-12 06:00:00,6.714,6.716,6.69,6.702,7396.046
2024-05-12 07:00:00,6.702,6.712,6.64,6.654,29892.31
2024-05-12 08:00:00,6.654,6.7,6.646,6.686,21146.041
2024-05-12 09:00:00,6.686,6.694,6.667,6.691,9127.806
2024-05-12 10:00:00,6.691,6.75,6.682,6.722,58620.997
2024-05-12 11:00:00,6.722,6.74,6.715,6.734,11755.201
2024-05-12 12:00:00,6.734,6.749,6.732,6.738,20320.747
2024-05-12 13:00:00,6.738,6.751,6.724,6.746,14175.689
2024-05-12 14:00:00,6.746,6.757,6.725,6.729,13180.879
2024-05-12 15:00:00,6.729,6.765,6.723,6.753,13989.938
2024-05-12 16:00:00,6.753,6.793,6.719,6.719,35835.382
2024-05-12 17:00:00,6.719,6.747,6.705,6.72,14863.63
2024-05-12 18:00:00,6.72,6.72,6.682,6.687,11838.849
2024-05-12 19:00:00,6.687,6.691,6.669,6.687,29849.982
2024-05-12 20:00:00,6.687,6.69,6.668,6.68,7640.985
2024-05-12 21:00:00,6.68,6.68,6.59,6.646,36783.05
2024-05-12 22:00:00,6.646,6.646,6.621,6.624,29290.409
2024-05-12 23:00:00,6.624,6.643,6.618,6.618,7288.815
2024-05-13 00:00:00,6.618,6.689,6.618,6.658,32020.202
2024-05-13 01:00:00,6.658,6.663,6.549,6.589,93383.565
2024-05-13 02:00:00,6.589,6.601,6.468,6.513,106302.696
2024-05-13 03:00:00,6.513,6.516,6.435,6.511,80195.762
2024-05-13 04:00:00,6.511,6.512,6.448,6.47,25743.118
2024-05-13 05:00:00,6.47,6.503,6.46,6.473,22642.364
2024-05-13 06:00:00,6.473,6.607,6.472,6.604,47131.494
2024-05-13 07:00:00,6.604,6.703,6.598,6.695,112151.513
2024-05-13 08:00:00,6.695,6.775,6.695,6.744,103216.476
2024-05-13 09:00:00,6.744,6.788,6.741,6.775,43920.597
2024-05-13 10:00:00,6.775,6.777,6.685,6.742,49745.189
2024-05-13 11:00:00,6.742,6.755,6.694,6.732,69684.0
2024-05-13 12:00:00,6.732,6.735,6.675,6.712,47684.493
2024-05-13 13:00:00,6.712,6.742,6.694,6.705,46492.162
2024-05-13 14:00:00,6.705,6.78,6.698,6.716,38788.033
2024-05-13 15:00:00,6.716,6.781,6.716,6.759,47089.582
2024-05-13 16:00:00,6.759,6.828,6.745,6.801,65791.084
2024-05-13 17:00:00,6.801,6.807,6.674,6.687,59047.166
2024-05-13 18:00:00,6.687,6.691,6.643,6.688,100674.643
2024-05-13 19:00:00,6.688,6.723,6.687,6.704,85666.185
2024-05-13 20:00:00,6.704,6.711,6.686,6.693,11063.954
2024-05-13 21:00:00,6.693,6.702,6.657,6.669,20538.124
2024-05-13 22:00:00,6.669,6.675,6.652,6.667,125724.163
2024-05-13 23:00:00,6.667,6.699,6.659,6.674,9469.937
2024-05-14 00:00:00,6.674,6.699,6.643,6.659,19419.471
2024-05-14 01:00:00,6.659,6.7,6.626,6.647,18862.444
2024-05-14 02:00:00,6.647,6.654,6.607,6.646,29940.323
2024-05-14 03:00:00,6.646,6.666,6.633,6.649,12317.577
2024-05-14 04:00:00,6.649,6.669,6.618,6.636,21534.881
2024-05-14 05:00:00,6.636,6.67,6.627,6.644,14750.802
2024-05-14 06:00:00,6.644,6.644,6.492,6.586,98822.342
2024-05-14 07:00:00,6.586,6.617,6.578,6.61,12627.124
2024-05-14 08:00:00,6.61,6.624,6.59,6.615,32025.223
2024-05-14 09:00:00,6.615,6.628,6.583,6.59,42096.646
2024-05-14 10:00:00,6.59,6.615,6.584,6.609,14330.181
2024-05-14 11:00:00,6.609,6.663,6.608,6.653,14872.521
2024-05-14 12:00:00,6.653,6.687,6.612,6.64,67153.84
2024-05-14 13:00:00,6.64,6.686,6.612,6.616,35488.242
2024-05-14 14:00:00,6.616,6.672,6.536,6.614,83516.427
2024-05-14 15:00:00,6.614,6.691,6.593,6.644,90643.166
2024-05-14 16:00:00,6.644,6.651,6.607,6.619,40771.526
2024-05-14 17:00:00,6.619,6.621,6.499,6.576,85823.732
2024-05-14 18:00:00,6.576,6.593,6.551,6.56,39110.23
2024-05-14 19:00:00,6.56,6.573,6.546,6.563,15831.748
2024-05-14 20:00:00,6.563,6.581,6.534,6.536,12961.552
2024-05-14 21:00:00,6.536,6.552,6.509,6.539,9023.301
2024-05-14 22:00:00,6.539,6.539,6.477,6.5,20559.283
2024-05-14 23:00:00,6.5,6.5,6.47,6.485,9333.612
2024-05-15 00:00:00,6.485,6.535,6.462,6.488,19726.347
2024-05-15 01:00:00,6.488,6.534,6.485,6.516,9542.039
2024-05-15 02:00:00,6.516,6.535,6.513,6.526,9522.324
2024-05-15 03:00:00,6.526,6.54,6.519,6.521,9564.572
2024-05-15 04:00:00,6.521,6.529,6.493,6.503,46152.104
2024-05-15 05:00:00,6.503,6.513,6.474,6.498,17005.339
2024-05-15 06:00:00,6.498,6.512,6.469,6.491,10382.358
2024-05-15 07:00:00,6.491,6.534,6.491,6.525,21315.382
2024-05-15 08:00:00,6.525,6.647,6.525,6.581,172518.669
2024-05-15 09:00:00,6.581,6.677,6.525,6.638,48280.373
2024-05-15 10:00:00,6.638,6.665,6.612,6.641,33590.074
2024-05-15 11:00:00,6.641,6.645,6.486,6.551,152597.858
2024-05-15 12:00:00,6.551,6.834,6.52,6.783,362400.428
2024-05-15 13:00:00,6.783,6.925,6.775,6.852,137957.16
2024-05-15 14:00:00,6.852,6.913,6.827,6.91,83650.669
2024-05-15 15:00:00,6.91,6.938,6.861,6.865,90653.381
2024-05-15 16:00:00,6.865,6.909,6.838,6.887,59054.28
2024-05-15 17:00:00,6.887,6.95,6.887,6.932,57176.803
2024-05-15 18:00:00,6.932,6.96,6.895,6.937,128946.291
2024-05-15 19:00:00,6.937,7.012,6.907,7.009,63032.556
2024-05-15 20:00:00,7.009,7.031,6.958,6.987,66666.923
2024-05-15 21:00:00,6.987,6.999,6.926,6.942,32093.527
2024-05-15 22:00:00,6.942,6.967,6.942,6.949,17057.944
2024-05-15 23:00:00,6.949,6.983,6.943,6.96,35930.948
2024-05-16 00:00:00,6.96,6.997,6.934,6.969,48364.654
2024-05-16 01:00:00,6.969,7.019,6.962,7.016,25550.094
2024-05-16 02:00:00,7.016,7.016,6.929,6.952,51854.904
2024-05-16 03:00:00,6.952,6.993,6.931,6.979,29113.952
2024-05-16 04:00:00,6.979,6.992,6.958,6.982,15455.019
2024-05-16 05:00:00,6.982,6.988,6.954,6.968,30692.319
2024-05-16 06:00:00,6.968,6.985,6.939,6.95,25978.54
2024-05-16 07:00:00,6.95,6.971,6.946,6.958,34017.38
2024-05-16 08:00:00,6.958,6.972,6.921,6.928,29273.617
2024-05-16 09:00:00,6.928,6.95,6.898,6.95,44160.369
2024-05-16 10:00:00,6.95,6.95,6.895,6.911,30342.822
2024-05-16 11:00:00,6.911,6.916,6.884,6.908,39791.365
2024-05-16 12:00:00,6.908,6.908,6.814,6.857,113747.196
2024-05-16 13:00:00,6.857,6.932,6.819,6.93,46485.529
2024-05-16 14:00:00,6.93,6.944,6.819,6.837,73709.682
2024-05-16 15:00:00,6.837,6.963,6.825,6.929,50967.544
2024-05-16 16:00:00,6.929,6.981,6.901,6.966,67911.699
2024-05-16 17:00:00,6.966,6.987,6.889,6.93,33192.033
2024-05-16 18:00:00,6.93,6.943,6.91,6.92,18968.504
2024-05-16 19:00:00,6.92,7.001,6.912,6.957,52753.541
2024-05-16 20:00:00,6.957,6.968,6.903,6.911,61704.874
2024-05-16 21:00:00,6.911,6.984,6.891,6.984,19221.428
2024-05-16 22:00:00,6.984,7.015,6.935,7.011,42799.988
2024-05-16 23:00:00,7.011,7.066,6.999,7.025,40885.079
2024-05-17 00:00:00,7.025,7.07,7.019,7.065,45583.017
2024-05-17 01:00:00,7.065,7.088,7.022,7.077,29254.045
2024-05-17 02:00:00,7.077,7.082,7.006,7.018,63052.495
2024-05-17 03:00:00,7.018,7.038,6.999,7.005,63957.539
2024-05-17 04:00:00,7.005,7.118,7.002,7.051,94033.849
2024-05-17 05:00:00,7.051,7.069,7.023,7.066,38990.625
2024-05-17 06:00:00,7.066,7.154,7.052,7.127,76906.228
2024-05-17 07:00:00,7.127,7.3,7.127,7.274,160253.32
2024-05-17 08:00:00,7.274,7.287,7.199,7.26,116506.385
2024-05-17 09:00:00,7.26,7.271,7.218,7.228,72902.179
2024-05-17 10:00:00,7.228,7.263,7.219,7.242,33664.107
2024-05-17 11:00:00,7.242,7.25,7.201,7.203,27928.435
2024-05-17 12:00:00,7.203,7.262,7.168,7.242,41005.068
2024-05-17 13:00:00,7.242,7.247,7.14,7.167,75095.379
2024-05-17 14:00:00,7.167,7.188,7.157,7.184,61123.584
2024-05-17 15:00:00,7.184,7.241,7.145,7.236,136847.777
2024-05-17 16:00:00,7.236,7.274,7.227,7.233,35705.143
2024-05-17 17:00:00,7.233,7.258,7.214,7.225,51934.556
2024-05-17 18:00:00,7.225,7.234,7.181,7.224,30912.006
2024-05-17 19:00:00,7.224,7.225,7.187,7.198,19621.852
2024-05-17 20:00:00,7.198,7.23,7.178,7.18,54122.004
2024-05-17 21:00:00,7.18,7.211,7.18,7.195,28248.516
2024-05-17 22:00:00,7.195,7.204,7.184,7.202,21871.493
2024-05-17 23:00:00,7.202,7.207,7.178,7.198,17131.806
2024-05-18 00:00:00,7.198,7.198,7.175,7.177,72137.074
2024-05-18 01:00:00,7.177,7.209,7.148,7.207,24748.403
2024-05-18 02:00:00,7.207,7.216,7.172,7.188,13395.152
2024-05-18 03:00:00,7.188,7.228,7.188,7.209,23075.863
2024-05-18 04:00:00,7.209,7.209,7.178,7.183,13443.228
2024-05-18 05:00:00,7.183,7.19,7.155,7.171,17105.631
2024-05-18 06:00:00,7.171,7.213,7.165,7.191,19589.685
2024-05-18 07:00:00,7.191,7.217,7.188,7.196,34961.218
2024-05-18 08:00:00,7.196,7.227,7.195,7.205,18330.941
2024-05-18 09:00:00,7.205,7.207,7.184,7.202,15987.422
2024-05-18 10:00:00,7.202,7.207,7.17,7.183,16062.322
2024-05-18 11:00:00,7.183,7.201,7.174,7.185,37550.527
2024-05-18 12:00:00,7.185,7.186,7.114,7.122,58831.062
2024-05-18 13:00:00,7.122,7.133,7.08,7.083,38497.913
2024-05-18 14:00:00,7.083,7.118,7.064,7.102,36060.68
2024-05-18 15:00:00,7.102,7.148,7.102,7.135,19258.822
2024-05-18 16:00:00,7.135,7.155,7.121,7.127,11630.024
2024-05-18 17:00:00,7.127,7.17,7.125,7.159,10206.608
2024-05-18 18:00:00,7.159,7.184,7.159,7.176,23664.626
2024-05-18 19:00:00,7.176,7.185,7.17,7.177,4161.835
2024-05-18 20:00:00,7.177,7.181,7.16,7.161,10251.978
2024-05-18 21:00:00,7.161,7.167,7.127,7.13,15473.323
2024-05-18 22:00:00,7.13,7.156,7.12,7.147,8515.221
2024-05-18 23:00:00,7.147,7.163,7.139,7.156,6808.729
2024-05-19 00:00:00,7.156,7.16,7.116,7.121,21228.486
2024-05-19 01:00:00,7.121,7.146,7.121,7.133,7028.557
2024-05-19 02:00:00,7.133,7.16,7.133,7.16,7535.756
2024-05-19 03:00:00,7.16,7.18,7.14,7.148,20290.465
2024-05-19 04:00:00,7.148,7.154,7.112,7.13,8520.592
2024-05-19 05:00:00,7.13,7.137,7.114,7.115,16921.308
2024-05-19 06:00:00,7.115,7.121,7.075,7.087,9055.436
2024-05-19 07:00:00,7.087,7.113,7.077,7.109,7398.977
2024-05-19 08:00:00,7.109,7.118,7.072,7.081,11805.807
2024-05-19 09:00:00,7.081,7.086,7.058,7.084,16654.319
2024-05-19 10:00:00,7.084,7.126,7.076,7.115,19860.588
2024-05-19 11:00:00,7.115,7.119,7.045,7.106,68676.07
2024-05-19 12:00:00,7.106,7.106,7.008,7.019,51998.033
2024-05-19 13:00:00,7.019,7.038,6.964,7.017,67796.073
2024-05-19 14:00:00,7.017,7.038,7.0,7.03,40813.978
2024-05-19 15:00:00,7.03,7.042,6.985,7.031,35909.808
2024-05-19 16:00:00,7.031,7.038,6.954,6.969,58230.409
2024-05-19 17:00:00,6.969,7.012,6.958,6.99,21244.06
2024-05-19 18:00:00,6.99,6.993,6.929,6.932,17133.734
2024-05-19 19:00:00,6.932,6.982,6.916,6.928,26451.157
2024-05-19 20:00:00,6.928,6.961,6.928,6.957,17229.492
2024-05-19 21:00:00,6.957,6.97,6.89,6.947,17683.382
2024-05-19 22:00:00,6.947,6.967,6.937,6.96,8841.17
2024-05-19 23:00:00,6.96,6.961,6.927,6.932,6884.926
2024-05-20 00:00:00,6.932,6.963,6.909,6.938,12548.47
2024-05-20 01:00:00,6.938,6.949,6.853,6.927,63282.06
2024-05-20 02:00:00,6.927,6.965,6.924,6.964,23714.732
2024-05-20 03:00:00,6.964,6.971,6.944,6.948,9544.181
2024-05-20 04:00:00,6.948,7.042,6.945,7.019,22870.955
2024-05-20 05:00:00,7.019,7.071,7.019,7.057,26906.955
2024-05-20 06:00:00,7.057,7.058,6.88,6.904,60890.07
2024-05-20 07:00:00,6.904,7.015,6.894,7.001,60003.574
2024-05-20 08:00:00,7.001,7.05,7.001,7.047,25662.731
2024-05-20 09:00:00,7.047,7.063,7.004,7.006,33519.736
2024-05-20 10:00:00,7.006,7.058,6.998,7.044,33261.222
2024-05-20 11:00:00,7.044,7.066,7.003,7.014,37326.21
2024-05-20 12:00:00,7.014,7.017,6.972,6.977,33719.321
2024-05-20 13:00:00,6.977,7.029,6.971,7.018,56551.269
2024-05-20 14:00:00,7.018,7.023,6.954,7.0,28424.271
2024-05-20 15:00:00,7.0,7.053,6.987,7.051,42198.11
2024-05-20 16:00:00,7.051,7.147,6.999,7.118,171284.297
2024-05-20 17:00:00,7.118,7.154,7.09,7.141,56366.869
2024-05-20 18:00:00,7.141,7.193,7.13,7.169,45213.273
2024-05-20 19:00:00,7.169,7.449,7.145,7.408,171697.818
2024-05-20 20:00:00,7.408,7.455,7.322,7.411,111836.271
2024-05-20 21:00:00,7.411,7.539,7.357,7.529,58552.614
2024-05-20 22:00:00,7.529,7.575,7.506,7.52,48147.492
2024-05-20 23:00:00,7.52,7.586,7.503,7.574,38637.44
2024-05-21 00:00:00,7.574,7.66,7.566,7.578,64643.188
2024-05-21 01:00:00,7.578,7.583,7.464,7.534,66740.972
2024-05-21 02:00:00,7.534,7.545,7.481,7.482,33290.161
2024-05-21 03:00:00,7.482,7.51,7.475,7.491,20756.19
2024-05-21 04:00:00,7.491,7.615,7.457,7.47,89932.154
2024-05-21 05:00:00,7.47,7.52,7.431,7.496,38062.897
2024-05-21 06:00:00,7.496,7.545,7.484,7.532,43351.842
2024-05-21 07:00:00,7.532,7.552,7.504,7.541,21510.574
2024-05-21 08:00:00,7.541,7.576,7.519,7.576,48620.544
2024-05-21 09:00:00,7.576,7.591,7.53,7.561,50347.942
2024-05-21 10:00:00,7.561,7.572,7.52,7.543,33363.341
2024-05-21 11:00:00,7.543,7.599,7.531,7.582,68446.216
2024-05-21 12:00:00,7.582,7.59,7.522,7.538,60596.317
2024-05-21 13:00:00,7.538,7.669,7.496,7.573,169556.539
2024-05-21 14:00:00,7.573,7.648,7.573,7.595,76390.587
2024-05-21 15:00:00,7.595,7.652,7.508,7.531,125677.941
2024-05-21 16:00:00,7.531,7.623,7.5,7.587,95386.247
2024-05-21 17:00:00,7.587,7.636,7.57,7.622,40822.268
2024-05-21 18:00:00,7.622,7.656,7.573,7.599,17749.752
2024-05-21 19:00:00,7.599,7.605,7.486,7.535,59872.028
2024-05-21 20:00:00,7.535,7.616,7.534,7.588,35387.882
2024-05-21 21:00:00,7.588,7.592,7.531,7.565,17031.503
2024-05-21 22:00:00,7.565,7.632,7.565,7.627,45413.629
2024-05-21 23:00:00,7.627,7.627,7.598,7.613,19251.611
2024-05-22 00:00:00,7.613,7.697,7.609,7.632,153968.244
2024-05-22 01:00:00,7.632,7.7,7.625,7.648,11386.323
2024-05-22 02:00:00,7.648,7.658,7.597,7.614,17450.259
2024-05-22 03:00:00,7.614,7.615,7.568,7.61,21941.422
2024-05-22 04:00:00,7.61,7.614,7.459,7.532,43143.277
2024-05-22 05:00:00,7.532,7.574,7.506,7.574,30985.944
2024-05-22 06:00:00,7.574,7.628,7.574,7.624,23975.149
2024-05-22 07:00:00,7.624,7.662,7.608,7.638,27482.639
2024-05-22 08:00:00,7.638,7.686,7.597,7.61,35931.481
2024-05-22 09:00:00,7.61,7.616,7.544,7.554,36629.073
2024-05-22 10:00:00,7.554,7.622,7.537,7.62,17246.585
2024-05-22 11:00:00,7.62,7.639,7.566,7.566,31745.871
2024-05-22 12:00:00,7.566,7.629,7.424,7.432,55835.694
2024-05-22 13:00:00,7.432,7.541,7.432,7.541,46845.098
2024-05-22 14:00:00,7.541,7.607,7.506,7.587,68385.268
2024-05-22 15:00:00,7.587,7.657,7.525,7.61,33615.346
2024-05-22 16:00:00,7.61,7.612,7.529,7.565,132795.873
2024-05-22 17:00:00,7.565,7.628,7.527,7.54,23127.93
2024-05-22 18:00:00,7.54,7.551,7.434,7.492,53525.816
2024-05-22 19:00:00,7.492,7.493,7.438,7.445,47649.538
2024-05-22 20:00:00,7.445,7.509,7.394,7.432,72044.486
2024-05-22 21:00:00,7.432,7.482,7.38,7.482,45721.842
2024-05-22 22:00:00,7.482,7.497,7.436,7.457,10748.592
2024-05-22 23:00:00,7.457,7.468,7.441,7.463,7909.611
2024-05-23 00:00:00,7.463,7.559,7.463,7.537,122976.958
2024-05-23 01:00:00,7.537,7.556,7.477,7.523,11227.46
2024-05-23 02:00:00,7.523,7.554,7.513,7.537,8428.641
2024-05-23 03:00:00,7.537,7.59,7.53,7.585,15302.074
2024-05-23 04:00:00,7.585,7.603,7.558,7.592,10695.575
2024-05-23 05:00:00,7.592,7.592,7.522,7.536,8007.335
2024-05-23 06:00:00,7.536,7.586,7.517,7.563,7019.12
2024-05-23 07:00:00,7.563,7.603,7.537,7.587,21332.325
2024-05-23 08:00:00,7.587,7.591,7.547,7.547,34727.25
2024-05-23 09:00:00,7.547,7.584,7.503,7.504,45829.454
2024-05-23 10:00:00,7.504,7.51,7.412,7.419,87169.568
2024-05-23 11:00:00,7.419,7.514,7.419,7.509,44849.731
2024-05-23 12:00:00,7.509,7.542,7.313,7.387,187471.698
2024-05-23 13:00:00,7.387,7.45,7.171,7.256,371913.478
2024-05-23 14:00:00,7.256,7.309,7.179,7.192,73087.898
2024-05-23 15:00:00,7.192,7.28,7.182,7.208,88988.858
2024-05-23 16:00:00,7.208,7.213,7.114,7.144,157319.597
2024-05-23 17:00:00,7.144,7.17,7.113,7.123,64585.486
2024-05-23 18:00:00,7.123,7.132,7.013,7.12,183834.959
2024-05-23 19:00:00,7.12,7.155,7.067,7.13,75360.205
2024-05-23 20:00:00,7.13,7.157,6.88,7.149,406257.524
2024-05-23 21:00:00,7.149,7.25,7.088,7.236,279910.305
2024-05-23 22:00:00,7.236,7.258,7.183,7.21,38590.922
2024-05-23 23:00:00,7.21,7.218,7.171,7.204,37632.531
2024-05-24 00:00:00,7.204,7.317,7.183,7.296,33830.151
2024-05-24 01:00:00,7.296,7.296,7.234,7.27,10976.435
2024-05-24 02:00:00,7.27,7.278,7.205,7.263,23393.294
2024-05-24 03:00:00,7.263,7.291,7.246,7.26,29245.926
2024-05-24 04:00:00,7.26,7.277,7.233,7.245,11556.283
2024-05-24 05:00:00,7.245,7.249,7.104,7.121,93324.129
2024-05-24 06:00:00,7.121,7.169,7.056,7.056,76727.521
2024-05-24 07:00:00,7.056,7.121,7.019,7.11,36517.48
2024-05-24 08:00:00,7.11,7.144,7.032,7.138,61336.959
2024-05-24 09:00:00,7.138,7.172,7.119,7.153,35290.322
2024-05-24 10:00:00,7.153,7.192,7.148,7.16,28389.245
2024-05-24 11:00:00,7.16,7.222,7.157,7.216,16771.297
2024-05-24 12:00:00,7.216,7.278,7.202,7.262,40192.906
2024-05-24 13:00:00,7.262,7.292,7.225,7.234,25247.76
2024-05-24 14:00:00,7.234,7.336,7.225,7.329,40180.579
2024-05-24 15:00:00,7.329,7.385,7.248,7.263,87962.352
2024-05-24 16:00:00,7.263,7.265,7.183,7.189,43440.528
2024-05-24 17:00:00,7.189,7.266,7.186,7.263,24121.935
2024-05-24 18:00:00,7.263,7.318,7.235,7.254,38466.645
2024-05-24 19:00:00,7.254,7.288,7.238,7.268,38061.64
2024-05-24 20:00:00,7.268,7.293,7.227,7.227,45478.948
2024-05-24 21:00:00,7.227,7.27,7.219,7.261,12565.705
2024-05-24 22:00:00,7.261,7.265,7.228,7.235,7555.104
2024-05-24 23:00:00,7.235,7.256,7.226,7.244,6801.455
2024-05-25 00:00:00,7.244,7.262,7.223,7.232,13342.779
2024-05-25 01:00:00,7.232,7.293,7.23,7.274,13237.112
2024-05-25 02:00:00,7.274,7.293,7.26,7.277,14132.313
2024-05-25 03:00:00,7.277,7.312,7.27,7.307,14568.378
2024-05-25 04:00:00,7.307,7.33,7.293,7.317,17226.217
2024-05-25 05:00:00,7.317,7.33,7.3,7.302,8675.734
2024-05-25 06:00:00,7.302,7.31,7.264,7.288,15669.298
2024-05-25 07:00:00,7.288,7.302,7.275,7.296,5880.273
2024-05-25 08:00:00,7.296,7.304,7.272,7.277,5918.123
2024-05-25 09:00:00,7.277,7.312,7.272,7.309,13660.756
2024-05-25 10:00:00,7.309,7.332,7.298,7.331,14920.925
2024-05-25 11:00:00,7.331,7.343,7.296,7.307,13881.741
2024-05-25 12:00:00,7.307,7.316,7.277,7.293,10862.363
2024-05-25 13:00:00,7.293,7.316,7.262,7.274,16964.011
2024-05-25 14:00:00,7.274,7.31,7.262,7.307,15539.368
2024-05-25 15:00:00,7.307,7.352,7.305,7.333,33549.449
2024-05-25 16:00:00,7.333,7.368,7.332,7.347,16674.019
2024-05-25 17:00:00,7.347,7.357,7.332,7.348,5853.738
2024-05-25 18:00:00,7.348,7.401,7.347,7.377,48097.496
2024-05-25 19:00:00,7.377,7.382,7.361,7.362,13066.744
2024-05-25 20:00:00,7.362,7.375,7.34,7.34,20077.984
2024-05-25 21:00:00,7.34,7.365,7.336,7.354,18816.921
2024-05-25 22:00:00,7.354,7.385,7.337,7.382,20413.884
2024-05-25 23:00:00,7.382,7.435,7.382,7.421,43146.069
2024-05-26 00:00:00,7.421,7.491,7.412,7.471,65066.972
2024-05-26 01:00:00,7.471,7.519,7.471,7.485,40250.829
2024-05-26 02:00:00,7.485,7.493,7.416,7.436,27562.674
2024-05-26 03:00:00,7.436,7.477,7.409,7.473,29746.302
2024-05-26 04:00:00,7.473,7.473,7.397,7.412,14992.208
2024-05-26 05:00:00,7.412,7.434,7.407,7.411,5999.019
2024-05-26 06:00:00,7.411,7.416,7.383,7.399,9930.178
2024-05-26 07:00:00,7.399,7.459,7.389,7.437,16974.123
2024-05-26 08:00:00,7.437,7.492,7.418,7.433,104277.321
2024-05-26 09:00:00,7.433,7.451,7.366,7.39,25041.782
2024-05-26 10:00:00,7.39,7.461,7.387,7.461,18923.172
2024-05-26 11:00:00,7.461,7.466,7.428,7.444,36313.652
2024-05-26 12:00:00,7.444,7.478,7.417,7.463,30594.278
2024-05-26 13:00:00,7.463,7.503,7.442,7.502,40443.208
2024-05-26 14:00:00,7.502,7.595,7.489,7.582,86217.648
2024-05-26 15:00:00,7.582,7.641,7.549,7.581,120686.701
2024-05-26 16:00:00,7.581,7.626,7.534,7.541,48716.594
2024-05-26 17:00:00,7.541,7.548,7.512,7.517,29709.643
2024-05-26 18:00:00,7.517,7.539,7.491,7.51,32016.552
2024-05-26 19:00:00,7.51,7.572,7.51,7.55,28525.077
2024-05-26 20:00:00,7.55,7.573,7.54,7.55,13717.118
2024-05-26 21:00:00,7.55,7.559,7.475,7.558,23618.881
2024-05-26 22:00:00,7.558,7.588,7.543,7.576,22527.304
2024-05-26 23:00:00,7.576,7.593,7.531,7.557,35976.821
2024-05-27 00:00:00,7.557,7.564,7.498,7.538,89009.95
2024-05-27 01:00:00,7.538,7.575,7.495,7.532,30320.103
2024-05-27 02:00:00,7.532,7.539,7.484,7.488,20670.203
2024-05-27 03:00:00,7.488,7.502,7.477,7.488,15038.066
2024-05-27 04:00:00,7.488,7.503,7.465,7.468,16891.822
2024-05-27 05:00:00,7.468,7.472,7.401,7.426,19266.145
2024-05-27 06:00:00,7.426,7.426,7.38,7.391,30238.087
2024-05-27 07:00:00,7.391,7.424,7.378,7.412,43124.004
2024-05-27 08:00:00,7.412,7.461,7.411,7.443,31039.561
2024-05-27 09:00:00,7.443,7.484,7.42,7.458,39252.712
2024-05-27 10:00:00,7.458,7.49,7.441,7.48,25306.19
2024-05-27 11:00:00,7.48,7.488,7.441,7.482,20675.067
2024-05-27 12:00:00,7.482,7.494,7.456,7.465,24890.437
2024-05-27 13:00:00,7.465,7.519,7.465,7.504,35966.763
2024-05-27 14:00:00,7.504,7.531,7.475,7.531,102686.836
2024-05-27 15:00:00,7.531,7.737,7.526,7.722,259116.319
2024-05-27 16:00:00,7.722,7.777,7.674,7.713,167750.951
2024-05-27 17:00:00,7.713,7.733,7.66,7.68,49463.292
2024-05-27 18:00:00,7.68,7.695,7.629,7.631,34382.454
2024-05-27 19:00:00,7.631,7.672,7.509,7.555,137730.149
2024-05-27 20:00:00,7.555,7.678,7.543,7.668,77370.262
2024-05-27 21:00:00,7.668,7.688,7.627,7.645,37030.201
2024-05-27 22:00:00,7.645,7.645,7.604,7.604,7608.392
2024-05-27 23:00:00,7.604,7.642,7.592,7.64,16190.29
2024-05-28 00:00:00,7.64,7.656,7.577,7.6,146985.686
2024-05-28 01:00:00,7.6,7.666,7.522,7.544,201473.695
2024-05-28 02:00:00,7.544,7.592,7.481,7.578,247587.246
2024-05-28 03:00:00,7.578,7.599,7.508,7.539,164540.334
2024-05-28 04:00:00,7.539,7.543,7.378,7.4,181248.846
2024-05-28 05:00:00,7.4,7.447,7.37,7.419,136334.89
2024-05-28 06:00:00,7.419,7.427,7.362,7.4,141599.115
2024-05-28 07:00:00,7.4,7.409,7.32,7.334,126798.932
2024-05-28 08:00:00,7.334,7.417,7.323,7.413,67553.345
2024-05-28 09:00:00,7.413,7.443,7.38,7.429,46617.619
2024-05-28 10:00:00,7.429,7.485,7.416,7.433,53927.086
2024-05-28 11:00:00,7.433,7.464,7.386,7.396,114952.611
2024-05-28 12:00:00,7.396,7.408,7.355,7.365,51166.802
2024-05-28 13:00:00,7.365,7.414,7.288,7.317,181919.232
2024-05-28 14:00:00,7.317,7.368,7.277,7.319,163090.903
2024-05-28 15:00:00,7.319,7.39,7.278,7.39,157273.796
2024-05-28 16:00:00,7.39,7.405,7.324,7.349,75843.661
2024-05-28 17:00:00,7.349,7.407,7.339,7.379,63856.483
2024-05-28 18:00:00,7.379,7.421,7.303,7.356,76825.42
2024-05-28 19:00:00,7.356,7.441,7.352,7.429,40723.678
2024-05-28 20:00:00,7.429,7.493,7.398,7.402,55110.78
2024-05-28 21:00:00,7.402,7.414,7.379,7.405,26638.788
2024-05-28 22:00:00,7.405,7.416,7.369,7.369,20502.249
2024-05-28 23:00:00,7.369,7.383,7.345,7.37,24998.776
2024-05-29 00:00:00,7.37,7.389,7.331,7.342,15255.447
2024-05-29 01:00:00,7.342,7.375,7.306,7.34,29188.41
2024-05-29 02:00:00,7.34,7.379,7.308,7.355,31322.472
2024-05-29 03:00:00,7.355,7.411,7.354,7.387,45058.444
2024-05-29 04:00:00,7.387,7.436,7.38,7.417,37419.929
2024-05-29 05:00:00,7.417,7.44,7.395,7.428,28324.187
2024-05-29 06:00:00,7.428,7.565,7.428,7.469,220641.504
2024-05-29 07:00:00,7.469,7.501,7.403,7.406,82911.094
2024-05-29 08:00:00,7.406,7.437,7.318,7.425,146990.099
2024-05-29 09:00:00,7.425,7.484,7.402,7.411,118197.988
2024-05-29 10:00:00,7.411,7.48,7.398,7.47,84858.833
2024-05-29 11:00:00,7.47,7.484,7.363,7.374,139759.044
2024-05-29 12:00:00,7.374,7.41,7.319,7.349,118090.259
2024-05-29 13:00:00,7.349,7.397,7.277,7.312,159552.193
2024-05-29 14:00:00,7.312,7.325,7.239,7.254,103199.135
2024-05-29 15:00:00,7.254,7.297,7.211,7.228,143057.142
2024-05-29 16:00:00,7.228,7.255,7.179,7.251,110864.686
2024-05-29 17:00:00,7.251,7.276,7.202,7.248,30881.236
2024-05-29 18:00:00,7.248,7.253,7.189,7.215,107757.148
2024-05-29 19:00:00,7.215,7.236,7.18,7.184,42747.286
2024-05-29 20:00:00,7.184,7.199,7.159,7.179,49477.369
2024-05-29 21:00:00,7.179,7.214,7.143,7.195,32124.341
2024-05-29 22:00:00,7.195,7.204,7.171,7.179,15174.584
2024-05-29 23:00:00,7.179,7.205,7.169,7.178,8636.014
2024-05-30 00:00:00,7.178,7.217,7.151,7.16,24842.835
2024-05-30 01:00:00,7.16,7.211,7.147,7.198,20546.279
2024-05-30 02:00:00,7.198,7.235,7.189,7.202,13632.485
2024-05-30 03:00:00,7.202,7.244,7.202,7.227,24254.112
2024-05-30 04:00:00,7.227,7.234,7.173,7.177,17550.966
2024-05-30 05:00:00,7.177,7.179,7.139,7.143,22414.784
2024-05-30 06:00:00,7.143,7.145,7.03,7.043,62001.945
2024-05-30 07:00:00,7.043,7.06,6.92,6.973,135375.83
2024-05-30 08:00:00,6.973,7.056,6.924,7.047,64539.455
2024-05-30 09:00:00,7.047,7.051,7.0,7.033,18385.369
2024-05-30 10:00:00,7.033,7.068,7.002,7.058,26055.577
2024-05-30 11:00:00,7.058,7.082,7.042,7.047,25433.942
2024-05-30 12:00:00,7.047,7.094,7.027,7.078,63971.244
2024-05-30 13:00:00,7.078,7.108,7.06,7.093,33588.01
2024-05-30 14:00:00,7.093,7.114,7.048,7.055,38535.819
2024-05-30 15:00:00,7.055,7.078,7.029,7.07,27251.262
2024-05-30 16:00:00,7.07,7.089,7.04,7.061,23348.315
2024-05-30 17:00:00,7.061,7.141,7.053,7.117,45847.295
2024-05-30 18:00:00,7.117,7.13,7.068,7.094,40390.94
2024-05-30 19:00:00,7.094,7.107,7.028,7.054,60496.874
2024-05-30 20:00:00,7.054,7.055,6.967,7.011,33867.221
2024-05-30 21:00:00,7.011,7.024,6.981,7.023,13322.507
2024-05-30 22:00:00,7.023,7.024,7.001,7.004,13561.334
2024-05-30 23:00:00,7.004,7.021,6.994,7.0,16326.485
2024-05-31 00:00:00,7.0,7.0,6.955,6.985,21934.58
2024-05-31 01:00:00,6.985,7.013,6.955,6.972,33838.865
2024-05-31 02:00:00,6.972,7.015,6.965,6.988,30157.778
2024-05-31 03:00:00,6.988,7.016,6.983,7.003,14134.631
2024-05-31 04:00:00,7.003,7.014,6.989,6.994,15586.243
2024-05-31 05:00:00,6.994,6.994,6.918,6.977,27932.02
2024-05-31 06:00:00,6.977,7.002,6.958,6.976,14667.776
2024-05-31 07:00:00,6.976,7.02,6.975,6.991,16192.737
2024-05-31 08:00:00,6.991,7.013,6.988,7.0,10483.747
2024-05-31 09:00:00,7.0,7.001,6.964,6.986,27038.52
2024-05-31 10:00:00,6.986,7.022,6.968,6.98,29626.052
2024-05-31 11:00:00,6.98,7.004,6.967,6.995,28806.713
2024-05-31 12:00:00,6.995,7.055,6.985,7.028,72633.395
2024-05-31 13:00:00,7.028,7.045,6.966,6.974,76858.083
2024-05-31 14:00:00,6.974,6.976,6.913,6.954,94880.811
2024-05-31 15:00:00,6.954,6.968,6.86,6.863,71117.528
2024-05-31 16:00:00,6.863,6.921,6.803,6.914,97732.1
2024-05-31 17:00:00,6.914,6.958,6.907,6.957,34590.198
2024-05-31 18:00:00,6.957,6.973,6.937,6.963,40822.923
2024-05-31 19:00:00,6.963,7.006,6.953,6.991,28316.832
2024-05-31 20:00:00,6.991,7.001,6.964,6.993,25744.912
2024-05-31 21:00:00,6.993,7.019,6.988,7.0,20910.909
2024-05-31 22:00:00,7.0,7.008,6.984,6.998,11647.117
2024-05-31 23:00:00,6.998,7.011,6.954,6.984,24537.388
2024-06-01 00:00:00,6.984,7.003,6.969,6.987,5733.599
2024-06-01 01:00:00,6.987,6.996,6.959,6.969,9214.147
2024-06-01 02:00:00,6.969,6.986,6.963,6.981,6606.148
2024-06-01 03:00:00,6.981,7.008,6.972,7.001,17200.76
2024-06-01 04:00:00,7.001,7.029,6.993,7.021,9093.277
2024-06-01 05:00:00,7.021,7.043,7.008,7.031,10081.011
2024-06-01 06:00:00,7.031,7.048,7.022,7.045,4803.53
2024-06-01 07:00:00,7.045,7.045,7.004,7.012,30376.001
2024-06-01 08:00:00,7.012,7.029,7.005,7.027,9428.519
2024-06-01 09:00:00,7.027,7.086,7.016,7.064,40444.55
2024-06-01 10:00:00,7.064,7.065,7.037,7.054,17457.197
2024-06-01 11:00:00,7.054,7.072,7.053,7.066,12662.4
2024-06-01 12:00:00,7.066,7.096,7.062,7.085,25829.668
2024-06-01 13:00:00,7.085,7.127,7.085,7.106,19994.501
2024-06-01 14:00:00,7.106,7.134,7.106,7.121,15182.306
2024-06-01 15:00:00,7.121,7.123,7.089,7.09,13575.156
2024-06-01 16:00:00,7.09,7.104,7.079,7.087,17975.687
2024-06-01 17:00:00,7.087,7.1,7.063,7.099,25738.738
2024-06-01 18:00:00,7.099,7.101,7.063,7.064,8814.643
2024-06-01 19:00:00,7.064,7.087,7.063,7.077,9746.643
2024-06-01 20:00:00,7.077,7.089,7.073,7.088,10595.239
2024-06-01 21:00:00,7.088,7.109,7.082,7.1,7402.025
2024-06-01 22:00:00,7.1,7.105,7.084,7.087,3636.168
2024-06-01 23:00:00,7.087,7.09,7.049,7.063,6383.372
2024-06-02 00:00:00,7.063,7.086,7.053,7.084,6093.437
2024-06-02 01:00:00,7.084,7.095,7.058,7.073,12202.413
2024-06-02 02:00:00,7.073,7.087,7.054,7.068,9637.781
2024-06-02 03:00:00,7.068,7.09,7.064,7.081,4645.118
2024-06-02 04:00:00,7.081,7.113,7.067,7.112,10250.907
2024-06-02 05:00:00,7.112,7.117,7.065,7.07,11897.018
2024-06-02 06:00:00,7.07,7.106,7.066,7.098,10480.103
2024-06-02 07:00:00,7.098,7.099,7.039,7.04,19771.35
2024-06-02 08:00:00,7.04,7.072,7.04,7.054,11613.349
2024-06-02 09:00:00,7.054,7.057,6.99,7.003,27581.972
2024-06-02 10:00:00,7.003,7.035,6.992,7.035,15184.262
2024-06-02 11:00:00,7.035,7.095,7.015,7.088,17062.692
2024-06-02 12:00:00,7.088,7.1,7.06,7.072,16651.145
2024-06-02 13:00:00,7.072,7.092,7.05,7.083,10205.241
2024-06-02 14:00:00,7.083,7.123,7.068,7.119,13343.932
2024-06-02 15:00:00,7.119,7.125,7.076,7.084,11619.004
2024-06-02 16:00:00,7.084,7.099,7.042,7.052,20511.064
2024-06-02 17:00:00,7.052,7.052,6.974,6.977,49147.878
2024-06-02 18:00:00,6.977,7.002,6.917,7.001,46735.356
2024-06-02 19:00:00,7.001,7.016,6.943,7.004,32920.79
2024-06-02 20:00:00,7.004,7.01,6.958,7.0,25830.776
2024-06-02 21:00:00,7.0,7.02,6.991,7.007,7390.141
2024-06-02 22:00:00,7.007,7.029,6.974,6.98,22238.738
2024-06-02 23:00:00,6.98,7.003,6.98,6.994,5530.6
2024-06-03 00:00:00,6.994,7.008,6.933,6.972,12882.025
2024-06-03 01:00:00,6.972,7.076,6.962,7.062,43153.482
2024-06-03 02:00:00,7.062,7.105,7.06,7.091,16681.789
2024-06-03 03:00:00,7.091,7.096,7.049,7.075,14971.264
2024-06-03 04:00:00,7.075,7.1,7.028,7.09,36597.776
2024-06-03 05:00:00,7.09,7.152,7.086,7.105,44178.262
2024-06-03 06:00:00,7.105,7.168,7.089,7.156,38129.967
2024-06-03 07:00:00,7.156,7.173,7.126,7.133,20408.959
2024-06-03 08:00:00,7.133,7.18,7.132,7.139,19176.332
2024-06-03 09:00:00,7.139,7.152,7.109,7.114,39748.714
2024-06-03 10:00:00,7.114,7.135,7.11,7.116,17885.483
2024-06-03 11:00:00,7.116,7.148,7.097,7.118,35594.538
2024-06-03 12:00:00,7.118,7.171,7.114,7.169,27144.791
2024-06-03 13:00:00,7.169,7.188,7.139,7.159,73016.679
2024-06-03 14:00:00,7.159,7.185,7.021,7.05,105516.191
2024-06-03 15:00:00,7.05,7.141,7.043,7.134,43520.483
2024-06-03 16:00:00,7.134,7.141,7.058,7.079,48253.748
2024-06-03 17:00:00,7.079,7.114,7.059,7.105,23685.943
2024-06-03 18:00:00,7.105,7.132,7.1,7.119,15106.021
2024-06-03 19:00:00,7.119,7.126,7.083,7.106,9019.424
2024-06-03 20:00:00,7.106,7.115,7.071,7.072,11399.208
2024-06-03 21:00:00,7.072,7.074,7.025,7.049,11923.284
2024-06-03 22:00:00,7.049,7.051,7.019,7.039,9551.133
2024-06-03 23:00:00,7.039,7.045,7.002,7.011,8082.134
2024-06-04 00:00:00,7.011,7.023,6.973,6.985,31775.065
2024-06-04 01:00:00,6.985,7.018,6.962,7.015,13035.84
2024-06-04 02:00:00,7.015,7.026,6.996,7.007,7930.139
2024-06-04 03:00:00,7.007,7.033,7.006,7.03,8609.286
2024-06-04 04:00:00,7.03,7.033,6.993,6.996,15127.203
2024-06-04 05:00:00,6.996,7.028,6.98,7.013,14253.169
2024-06-04 06:00:00,7.013,7.029,6.983,7.005,11413.814
2024-06-04 07:00:00,7.005,7.024,6.986,7.006,16280.99
2024-06-04 08:00:00,7.006,7.028,6.972,6.981,34206.759
2024-06-04 09:00:00,6.981,6.99,6.942,6.95,29399.156
2024-06-04 10:00:00,6.95,7.005,6.946,7.0,37677.273
2024-06-04 11:00:00,7.0,7.011,6.984,7.009,25223.967
2024-06-04 12:00:00,7.009,7.016,6.982,6.992,22862.707
2024-06-04 13:00:00,6.992,7.045,6.99,7.029,29568.71
2024-06-04 14:00:00,7.029,7.148,7.026,7.095,102441.744
2024-06-04 15:00:00,7.095,7.208,7.095,7.166,65661.483
2024-06-04 16:00:00,7.166,7.198,7.129,7.182,50743.176
2024-06-04 17:00:00,7.182,7.187,7.146,7.171,29532.517
2024-06-04 18:00:00,7.171,7.223,7.167,7.199,47458.876
2024-06-04 19:00:00,7.199,7.216,7.136,7.191,37989.772
2024-06-04 20:00:00,7.191,7.22,7.178,7.22,24202.69
2024-06-04 21:00:00,7.22,7.233,7.181,7.191,22573.347
2024-06-04 22:00:00,7.191,7.207,7.191,7.198,7714.762
2024-06-04 23:00:00,7.198,7.198,7.17,7.18,14364.393
2024-06-05 00:00:00,7.18,7.226,7.18,7.2,30158.496
2024-06-05 01:00:00,7.2,7.237,7.174,7.219,25141.039
2024-06-05 02:00:00,7.219,7.234,7.184,7.193,27334.368
2024-06-05 03:00:00,7.193,7.227,7.193,7.214,9127.32
2024-06-05 04:00:00,7.214,7.232,7.201,7.225,8621.24
2024-06-05 05:00:00,7.225,7.231,7.181,7.223,21026.038
2024-06-05 06:00:00,7.223,7.272,7.215,7.262,24686.954
2024-06-05 07:00:00,7.262,7.298,7.251,7.259,29983.792
2024-06-05 08:00:00,7.259,7.26,7.209,7.216,26205.053
2024-06-05 09:00:00,7.216,7.239,7.197,7.209,18432.51
2024-06-05 10:00:00,7.209,7.211,7.173,7.193,33259.033
2024-06-05 11:00:00,7.193,7.229,7.193,7.209,35925.928
2024-06-05 12:00:00,7.209,7.214,7.176,7.2,17581.39
2024-06-05 13:00:00,7.2,7.211,7.166,7.182,19221.317
2024-06-05 14:00:00,7.182,7.217,7.15,7.194,31854.195
2024-06-05 15:00:00,7.194,7.237,7.18,7.229,23474.268
2024-06-05 16:00:00,7.229,7.258,7.22,7.235,28770.122
2024-06-05 17:00:00,7.235,7.288,7.229,7.278,16702.105
2024-06-05 18:00:00,7.278,7.291,7.23,7.243,22534.446
2024-06-05 19:00:00,7.243,7.275,7.206,7.27,21324.887
2024-06-05 20:00:00,7.27,7.287,7.259,7.281,13844.434
2024-06-05 21:00:00,7.281,7.284,7.25,7.25,6529.604
2024-06-05 22:00:00,7.25,7.257,7.22,7.222,5380.906
2024-06-05 23:00:00,7.222,7.26,7.217,7.253,15693.517
2024-06-06 00:00:00,7.253,7.277,7.24,7.24,14257.715
2024-06-06 01:00:00,7.24,7.256,7.217,7.235,6633.972
2024-06-06 02:00:00,7.235,7.261,7.234,7.247,6623.171
2024-06-06 03:00:00,7.247,7.253,7.208,7.208,8114.589
2024-06-06 04:00:00,7.208,7.218,7.189,7.211,10490.717
2024-06-06 05:00:00,7.211,7.217,7.168,7.173,19509.714
2024-06-06 06:00:00,7.173,7.185,7.153,7.169,8149.51
2024-06-06 07:00:00,7.169,7.179,7.149,7.178,13499.779
2024-06-06 08:00:00,7.178,7.179,7.164,7.175,6182.562
2024-06-06 09:00:00,7.175,7.207,7.173,7.203,35956.878
2024-06-06 10:00:00,7.203,7.207,7.182,7.205,20750.954
2024-06-06 11:00:00,7.205,7.223,7.195,7.221,22115.113
2024-06-06 12:00:00,7.221,7.252,7.191,7.211,73843.863
2024-06-06 13:00:00,7.211,7.254,7.179,7.225,16175.112
2024-06-06 14:00:00,7.225,7.288,7.209,7.279,21182.775
2024-06-06 15:00:00,7.279,7.287,7.249,7.25,20510.602
2024-06-06 16:00:00,7.25,7.264,7.197,7.226,16548.513
2024-06-06 17:00:00,7.226,7.249,7.197,7.231,20966.388
2024-06-06 18:00:00,7.231,7.233,7.183,7.217,21952.602
2024-06-06 19:00:00,7.217,7.22,7.119,7.124,31965.013
2024-06-06 20:00:00,7.124,7.152,7.055,7.148,36141.126
2024-06-06 21:00:00,7.148,7.149,7.123,7.126,4728.388
2024-06-06 22:00:00,7.126,7.142,7.109,7.137,3581.07
2024-06-06 23:00:00,7.137,7.154,7.135,7.144,14280.002
2024-06-07 00:00:00,7.144,7.149,7.133,7.133,9563.432
2024-06-07 01:00:00,7.133,7.135,7.085,7.103,22848.365
2024-06-07 02:00:00,7.103,7.113,7.073,7.095,6755.865
2024-06-07 03:00:00,7.095,7.103,7.079,7.1,3452.536
2024-06-07 04:00:00,7.1,7.164,7.094,7.162,12428.681
2024-06-07 05:00:00,7.162,7.194,7.161,7.167,15381.639
2024-06-07 06:00:00,7.167,7.185,7.16,7.18,5543.436
2024-06-07 07:00:00,7.18,7.184,7.137,7.152,22481.632
2024-06-07 08:00:00,7.152,7.156,7.137,7.137,23866.028
2024-06-07 09:00:00,7.137,7.152,7.127,7.142,21898.119
2024-06-07 10:00:00,7.142,7.21,7.138,7.205,25530.261
2024-06-07 11:00:00,7.205,7.273,7.205,7.263,44342.874
2024-06-07 12:00:00,7.263,7.293,7.083,7.159,106235.824
2024-06-07 13:00:00,7.159,7.241,7.136,7.23,25538.133
2024-06-07 14:00:00,7.23,7.277,7.207,7.257,28217.265
2024-06-07 15:00:00,7.257,7.257,7.194,7.218,27100.045
2024-06-07 16:00:00,7.218,7.22,7.117,7.135,26562.62
2024-06-07 17:00:00,7.135,7.138,6.975,6.978,57155.276
2024-06-07 18:00:00,6.978,6.986,6.021,6.54,782952.634
2024-06-07 19:00:00,6.54,6.631,6.471,6.591,236881.561
2024-06-07 20:00:00,6.591,6.666,6.568,6.645,104769.208
2024-06-07 21:00:00,6.645,6.645,6.607,6.626,50235.356
2024-06-07 22:00:00,6.626,6.671,6.616,6.664,20724.857
2024-06-07 23:00:00,6.664,6.665,6.645,6.657,16278.633
2024-06-08 00:00:00,6.657,6.658,6.616,6.649,30319.659
2024-06-08 01:00:00,6.649,6.683,6.637,6.666,16754.277
2024-06-08 02:00:00,6.666,6.666,6.61,6.628,12025.042
2024-06-08 03:00:00,6.628,6.648,6.617,6.625,10081.49
2024-06-08 04:00:00,6.625,6.631,6.609,6.617,7954.225
2024-06-08 05:00:00,6.617,6.635,6.602,6.631,11024.193
2024-06-08 06:00:00,6.631,6.64,6.6,6.617,10204.125
2024-06-08 07:00:00,6.617,6.63,6.612,6.626,24982.323
2024-06-08 08:00:00,6.626,6.626,6.582,6.591,30060.82
2024-06-08 09:00:00,6.591,6.592,6.546,6.561,33472.606
2024-06-08 10:00:00,6.561,6.561,6.518,6.545,17982.966
2024-06-08 11:00:00,6.545,6.552,6.425,6.444,28016.51
2024-06-08 12:00:00,6.444,6.479,6.395,6.416,25478.549
2024-06-08 13:00:00,6.416,6.455,6.358,6.455,45332.741
2024-06-08 14:00:00,6.455,6.481,6.411,6.474,31662.407
2024-06-08 15:00:00,6.474,6.48,6.44,6.467,16043.953
2024-06-08 16:00:00,6.467,6.484,6.427,6.453,21738.402
2024-06-08 17:00:00,6.453,6.469,6.394,6.457,17367.488
2024-06-08 18:00:00,6.457,6.486,6.404,6.415,8009.027
2024-06-08 19:00:00,6.415,6.431,6.382,6.395,12722.93
2024-06-08 20:00:00,6.395,6.397,6.354,6.382,18689.422
2024-06-08 21:00:00,6.382,6.41,6.363,6.391,12493.125
2024-06-08 22:00:00,6.391,6.41,6.339,6.383,24874.985
2024-06-08 23:00:00,6.383,6.391,6.373,6.387,4145.65
2024-06-09 00:00:00,6.387,6.411,6.376,6.395,10853.298
2024-06-09 01:00:00,6.395,6.441,6.393,6.44,13748.547
2024-06-09 02:00:00,6.44,6.441,6.382,6.392,7624.962
2024-06-09 03:00:00,6.392,6.438,6.388,6.428,5384.943
2024-06-09 04:00:00,6.428,6.447,6.41,6.415,7700.167
2024-06-09 05:00:00,6.415,6.436,6.38,6.421,10440.939
2024-06-09 06:00:00,6.421,6.438,6.412,6.421,39875.309
2024-06-09 07:00:00,6.421,6.434,6.415,6.424,19761.234
2024-06-09 08:00:00,6.424,6.474,6.414,6.473,15493.902
2024-06-09 09:00:00,6.473,6.503,6.466,6.496,21408.571
2024-06-09 10:00:00,6.496,6.497,6.479,6.485,31943.718
2024-06-09 11:00:00,6.485,6.49,6.461,6.463,15191.621
2024-06-09 12:00:00,6.463,6.495,6.45,6.48,34824.347
2024-06-09 13:00:00,6.48,6.484,6.427,6.455,20720.067
2024-06-09 14:00:00,6.455,6.493,6.447,6.492,8788.786
2024-06-09 15:00:00,6.492,6.499,6.466,6.473,8287.633
2024-06-09 16:00:00,6.473,6.49,6.463,6.477,5745.281
2024-06-09 17:00:00,6.477,6.485,6.463,6.479,6348.382
2024-06-09 18:00:00,6.479,6.519,6.476,6.512,15098.527
2024-06-09 19:00:00,6.512,6.53,6.501,6.53,8221.346
2024-06-09 20:00:00,6.53,6.536,6.5,6.507,10685.146
2024-06-09 21:00:00,6.507,6.532,6.497,6.531,10061.415
2024-06-09 22:00:00,6.531,6.538,6.511,6.517,7676.771
2024-06-09 23:00:00,6.517,6.532,6.505,6.528,9955.89
2024-06-10 00:00:00,6.528,6.533,6.509,6.533,13930.659
2024-06-10 01:00:00,6.533,6.543,6.507,6.508,8016.228
2024-06-10 02:00:00,6.508,6.535,6.501,6.51,4205.189
2024-06-10 03:00:00,6.51,6.51,6.441,6.464,13914.534
2024-06-10 04:00:00,6.464,6.474,6.439,6.461,10279.216
2024-06-10 05:00:00,6.461,6.473,6.428,6.446,43306.638
2024-06-10 06:00:00,6.446,6.458,6.391,6.42,91604.904
2024-06-10 07:00:00,6.42,6.433,6.356,6.366,35760.255
2024-06-10 08:00:00,6.366,6.457,6.364,6.453,113080.258
2024-06-10 09:00:00,6.453,6.506,6.438,6.503,27512.047
2024-06-10 10:00:00,6.503,6.53,6.487,6.491,24934.936
2024-06-10 11:00:00,6.491,6.513,6.479,6.49,19997.207
2024-06-10 12:00:00,6.49,6.492,6.437,6.461,18089.351
2024-06-10 13:00:00,6.461,6.511,6.42,6.45,67883.303
2024-06-10 14:00:00,6.45,6.506,6.432,6.506,23076.464
2024-06-10 15:00:00,6.506,6.583,6.501,6.551,36579.815
2024-06-10 16:00:00,6.551,6.56,6.496,6.541,31645.858
2024-06-10 17:00:00,6.541,6.545,6.514,6.537,24161.767
2024-06-10 18:00:00,6.537,6.569,6.511,6.548,26358.091
2024-06-10 19:00:00,6.548,6.554,6.504,6.513,20007.57
2024-06-10 20:00:00,6.513,6.54,6.472,6.52,25116.039
2024-06-10 21:00:00,6.52,6.541,6.481,6.518,11508.057
2024-06-10 22:00:00,6.518,6.518,6.477,6.51,11508.548
2024-06-10 23:00:00,6.51,6.52,6.484,6.507,11575.643
2024-06-11 00:00:00,6.507,6.514,6.473,6.474,11377.78
2024-06-11 01:00:00,6.474,6.527,6.338,6.405,96210.066
2024-06-11 02:00:00,6.405,6.462,6.342,6.433,64451.687
2024-06-11 03:00:00,6.433,6.488,6.428,6.441,50579.511
2024-06-11 04:00:00,6.441,6.462,6.385,6.45,66473.514
2024-06-11 05:00:00,6.45,6.451,6.4,6.44,24249.702
2024-06-11 06:00:00,6.44,6.445,6.296,6.355,38493.923
2024-06-11 07:00:00,6.355,6.407,6.332,6.366,22077.484
2024-06-11 08:00:00,6.366,6.388,6.339,6.384,30993.62
2024-06-11 09:00:00,6.384,6.397,6.357,6.377,26836.853
2024-06-11 10:00:00,6.377,6.421,6.365,6.388,29670.485
2024-06-11 11:00:00,6.388,6.401,6.351,6.355,32628.824
2024-06-11 12:00:00,6.355,6.377,6.298,6.3,34294.192
2024-06-11 13:00:00,6.3,6.344,6.219,6.24,62234.258
2024-06-11 14:00:00,6.24,6.295,6.224,6.278,31619.631
2024-06-11 15:00:00,6.278,6.338,6.223,6.304,196026.861
2024-06-11 16:00:00,6.304,6.374,6.29,6.325,57976.389
2024-06-11 17:00:00,6.325,6.431,6.245,6.404,47045.003
2024-06-11 18:00:00,6.404,6.45,6.381,6.44,23928.893
2024-06-11 19:00:00,6.44,6.46,6.402,6.425,28577.952
2024-06-11 20:00:00,6.425,6.428,6.377,6.391,16409.353
2024-06-11 21:00:00,6.391,6.395,6.368,6.375,5198.175
2024-06-11 22:00:00,6.375,6.395,6.341,6.389,20892.489
2024-06-11 23:00:00,6.389,6.417,6.37,6.378,9589.285
2024-06-12 00:00:00,6.378,6.396,6.34,6.35,15353.41
2024-06-12 01:00:00,6.35,6.367,6.274,6.337,18957.834
2024-06-12 02:00:00,6.337,6.411,6.334,6.391,28901.537
2024-06-12 03:00:00,6.391,6.425,6.388,6.405,13860.799
2024-06-12 04:00:00,6.405,6.436,6.388,6.419,10225.1
2024-06-12 05:00:00,6.419,6.421,6.396,6.398,17895.042
2024-06-12 06:00:00,6.398,6.414,6.39,6.391,23490.272
2024-06-12 07:00:00,6.391,6.408,6.378,6.407,23562.111
2024-06-12 08:00:00,6.407,6.434,6.382,6.385,21146.668
2024-06-12 09:00:00,6.385,6.415,6.365,6.405,36916.625
2024-06-12 10:00:00,6.405,6.445,6.402,6.431,21238.1
2024-06-12 11:00:00,6.431,6.432,6.377,6.381,15939.293
2024-06-12 12:00:00,6.381,6.604,6.379,6.604,115518.27
2024-06-12 13:00:00,6.604,6.644,6.585,6.625,61884.442
2024-06-12 14:00:00,6.625,6.698,6.619,6.697,44806.288
2024-06-12 15:00:00,6.697,6.712,6.668,6.706,44843.785
2024-06-12 16:00:00,6.706,6.759,6.688,6.738,59219.326
2024-06-12 17:00:00,6.738,6.798,6.722,6.788,74151.253
2024-06-12 18:00:00,6.788,6.832,6.608,6.786,223251.733
2024-06-12 19:00:00,6.786,6.929,6.655,6.706,206523.562
2024-06-12 20:00:00,6.706,6.816,6.676,6.8,51497.77
2024-06-12 21:00:00,6.8,6.8,6.747,6.753,27579.487
2024-06-12 22:00:00,6.753,6.756,6.727,6.73,22030.972
2024-06-12 23:00:00,6.73,6.758,6.73,6.738,12510.549
2024-06-13 00:00:00,6.738,6.742,6.683,6.702,24745.645
2024-06-13 01:00:00,6.702,6.704,6.618,6.626,19006.146
2024-06-13 02:00:00,6.626,6.65,6.563,6.566,31744.602
2024-06-13 03:00:00,6.566,6.57,6.476,6.543,43139.769
2024-06-13 04:00:00,6.543,6.599,6.542,6.57,26342.628
2024-06-13 05:00:00,6.57,6.596,6.561,6.563,9707.747
2024-06-13 06:00:00,6.563,6.571,6.506,6.519,19518.307
2024-06-13 07:00:00,6.519,6.538,6.498,6.528,21025.003
2024-06-13 08:00:00,6.528,6.539,6.489,6.49,38893.643
2024-06-13 09:00:00,6.49,6.49,6.447,6.488,21533.001
2024-06-13 10:00:00,6.488,6.526,6.466,6.515,23534.973
2024-06-13 11:00:00,6.515,6.515,6.464,6.471,33248.572
2024-06-13 12:00:00,6.471,6.565,6.448,6.486,57544.909
2024-06-13 13:00:00,6.486,6.545,6.467,6.501,22595.068
2024-06-13 14:00:00,6.501,6.527,6.451,6.481,47530.486
2024-06-13 15:00:00,6.481,6.506,6.366,6.384,55410.578
2024-06-13 16:00:00,6.384,6.43,6.339,6.428,59591.023
2024-06-13 17:00:00,6.428,6.481,6.418,6.474,22226.812
2024-06-13 18:00:00,6.474,6.495,6.457,6.488,30143.564
2024-06-13 19:00:00,6.488,6.496,6.459,6.459,14462.112
2024-06-13 20:00:00,6.459,6.468,6.389,6.413,22047.007
2024-06-13 21:00:00,6.413,6.429,6.353,6.424,31386.782
2024-06-13 22:00:00,6.424,6.424,6.382,6.392,11189.502
2024-06-13 23:00:00,6.392,6.392,6.338,6.36,16475.354
2024-06-14 00:00:00,6.36,6.373,6.306,6.341,27393.549
2024-06-14 01:00:00,6.341,6.39,6.297,6.378,24482.21
2024-06-14 02:00:00,6.378,6.416,6.376,6.392,24280.577
2024-06-14 03:00:00,6.392,6.402,6.342,6.351,19152.541
2024-06-14 04:00:00,6.351,6.386,6.351,6.374,14086.842
2024-06-14 05:00:00,6.374,6.43,6.374,6.418,31803.897
2024-06-14 06:00:00,6.418,6.418,6.378,6.388,14745.459
2024-06-14 07:00:00,6.388,6.473,6.371,6.438,66265.007
2024-06-14 08:00:00,6.438,6.456,6.416,6.435,39619.182
2024-06-14 09:00:00,6.435,6.452,6.417,6.447,28878.327
2024-06-14 10:00:00,6.447,6.47,6.436,6.47,29554.299
2024-06-14 11:00:00,6.47,6.49,6.399,6.404,105661.284
2024-06-14 12:00:00,6.404,6.414,6.367,6.38,42561.068
2024-06-14 13:00:00,6.38,6.397,6.353,6.353,46774.991
2024-06-14 14:00:00,6.353,6.355,6.23,6.287,117500.005
2024-06-14 15:00:00,6.287,6.304,6.197,6.22,96804.625
2024-06-14 16:00:00,6.22,6.23,5.96,6.122,341616.318
2024-06-14 17:00:00,6.122,6.128,6.075,6.111,38655.228
2024-06-14 18:00:00,6.111,6.123,6.034,6.093,89922.356
2024-06-14 19:00:00,6.093,6.122,6.066,6.116,30517.02
2024-06-14 20:00:00,6.116,6.15,6.082,6.082,34424.981
2024-06-14 21:00:00,6.082,6.209,6.08,6.2,58767.16
2024-06-14 22:00:00,6.2,6.204,6.138,6.172,41046.494
2024-06-14 23:00:00,6.172,6.183,6.149,6.164,29992.216
2024-06-15 00:00:00,6.164,6.178,6.118,6.151,24347.071
2024-06-15 01:00:00,6.151,6.167,6.115,6.117,8511.24
2024-06-15 02:00:00,6.117,6.148,6.109,6.143,8771.983
2024-06-15 03:00:00,6.143,6.169,6.141,6.166,13699.761
2024-06-15 04:00:00,6.166,6.19,6.155,6.171,14946.175
2024-06-15 05:00:00,6.171,6.217,6.171,6.207,18774.13
2024-06-15 06:00:00,6.207,6.258,6.207,6.232,27999.296
2024-06-15 07:00:00,6.232,6.249,6.208,6.223,16009.197
2024-06-15 08:00:00,6.223,6.241,6.22,6.235,7924.149
2024-06-15 09:00:00,6.235,6.239,6.196,6.196,16262.83
2024-06-15 10:00:00,6.196,6.215,6.19,6.21,16444.046
2024-06-15 11:00:00,6.21,6.22,6.202,6.206,8007.048
2024-06-15 12:00:00,6.206,6.227,6.2,6.223,17597.092
2024-06-15 13:00:00,6.223,6.231,6.196,6.231,17296.679
2024-06-15 14:00:00,6.231,6.233,6.184,6.213,54759.806
2024-06-15 15:00:00,6.213,6.248,6.21,6.226,14834.81
2024-06-15 16:00:00,6.226,6.245,6.216,6.216,17763.945
2024-06-15 17:00:00,6.216,6.229,6.205,6.223,13289.677
2024-06-15 18:00:00,6.223,6.224,6.197,6.2,11603.148
2024-06-15 19:00:00,6.2,6.211,6.174,6.198,11076.394
2024-06-15 20:00:00,6.198,6.202,6.157,6.183,14934.049
2024-06-15 21:00:00,6.183,6.206,6.173,6.204,5039.717
2024-06-15 22:00:00,6.204,6.224,6.2,6.222,11763.178
2024-06-15 23:00:00,6.222,6.236,6.218,6.224,6958.872
2024-06-16 00:00:00,6.224,6.228,6.209,6.214,9188.335
2024-06-16 01:00:00,6.214,6.238,6.194,6.217,17648.023
2024-06-16 02:00:00,6.217,6.23,6.195,6.203,9059.352
2024-06-16 03:00:00,6.203,6.216,6.17,6.183,19620.768
2024-06-16 04:00:00,6.183,6.188,6.147,6.171,10632.523
2024-06-16 05:00:00,6.171,6.228,6.17,6.223,14762.867
2024-06-16 06:00:00,6.223,6.246,6.217,6.234,7082.793
2024-06-16 07:00:00,6.234,6.24,6.207,6.211,12291.924
2024-06-16 08:00:00,6.211,6.211,6.18,6.186,7699.806
2024-06-16 09:00:00,6.186,6.194,6.172,6.186,7137.008
2024-06-16 10:00:00,6.186,6.208,6.166,6.201,11594.627
2024-06-16 11:00:00,6.201,6.226,6.198,6.217,10282.713
2024-06-16 12:00:00,6.217,6.229,6.204,6.228,14677.122
2024-06-16 13:00:00,6.228,6.242,6.212,6.241,19057.609
2024-06-16 14:00:00,6.241,6.286,6.218,6.276,48185.581
2024-06-16 15:00:00,6.276,6.357,6.255,6.345,73874.737
2024-06-16 16:00:00,6.345,6.364,6.311,6.349,61292.123
2024-06-16 17:00:00,6.349,6.369,6.329,6.347,37949.312
2024-06-16 18:00:00,6.347,6.347,6.322,6.33,19618.728
2024-06-16 19:00:00,6.33,6.38,6.33,6.365,53685.214
2024-06-16 20:00:00,6.365,6.401,6.364,6.39,48721.966
2024-06-16 21:00:00,6.39,6.397,6.348,6.378,21751.211
2024-06-16 22:00:00,6.378,6.424,6.371,6.383,58633.45
2024-06-16 23:00:00,6.383,6.397,6.37,6.396,16150.465
2024-06-17 00:00:00,6.396,6.416,6.364,6.37,20976.058
2024-06-17 01:00:00,6.37,6.387,6.33,6.348,48981.094
2024-06-17 02:00:00,6.348,6.35,6.296,6.322,96887.445
2024-06-17 03:00:00,6.322,6.333,6.296,6.307,70623.852
2024-06-17 04:00:00,6.307,6.338,6.292,6.328,60551.132
2024-06-17 05:00:00,6.328,6.345,6.285,6.302,49215.241
2024-06-17 06:00:00,6.302,6.305,6.24,6.247,62974.95
2024-06-17 07:00:00,6.247,6.294,6.204,6.272,92959.656
2024-06-17 08:00:00,6.272,6.284,6.168,6.216,82716.467
2024-06-17 09:00:00,6.216,6.254,6.169,6.191,78321.047
2024-06-17 10:00:00,6.191,6.207,6.11,6.188,106822.82
2024-06-17 11:00:00,6.188,6.209,6.174,6.203,36029.273
2024-06-17 12:00:00,6.203,6.217,6.184,6.196,40563.066
2024-06-17 13:00:00,6.196,6.229,6.13,6.144,56764.835
2024-06-17 14:00:00,6.144,6.22,6.143,6.188,51673.299
2024-06-17 15:00:00,6.188,6.214,6.092,6.108,83940.705
2024-06-17 16:00:00,6.108,6.19,5.985,6.164,192427.796
2024-06-17 17:00:00,6.164,6.203,6.138,6.19,51560.059
2024-06-17 18:00:00,6.19,6.27,6.187,6.265,61687.381
2024-06-17 19:00:00,6.265,6.309,6.238,6.248,45151.088
2024-06-17 20:00:00,6.248,6.248,6.121,6.155,61550.434
2024-06-17 21:00:00,6.155,6.175,6.096,6.135,35296.366
2024-06-17 22:00:00,6.135,6.148,6.11,6.131,31880.509
2024-06-17 23:00:00,6.131,6.137,6.061,6.071,30865.353
2024-06-18 00:00:00,6.071,6.089,5.949,6.036,84554.438
2024-06-18 01:00:00,6.036,6.064,5.419,5.643,876489.441
2024-06-18 02:00:00,5.643,5.743,5.579,5.724,230813.925
2024-06-18 03:00:00,5.724,5.766,5.692,5.762,127983.464
2024-06-18 04:00:00,5.762,5.79,5.736,5.771,91110.264
2024-06-18 05:00:00,5.771,5.815,5.766,5.772,87701.507
2024-06-18 06:00:00,5.772,5.837,5.77,5.827,122225.496
2024-06-18 07:00:00,5.827,5.863,5.815,5.859,59391.686
2024-06-18 08:00:00,5.859,5.935,5.847,5.927,97971.87
2024-06-18 09:00:00,5.927,5.951,5.863,5.865,101061.067
2024-06-18 10:00:00,5.865,5.894,5.85,5.887,78853.091
2024-06-18 11:00:00,5.887,5.913,5.816,5.867,201373.55
2024-06-18 12:00:00,5.867,5.88,5.786,5.847,207805.077
2024-06-18 13:00:00,5.847,5.858,5.714,5.727,151846.114
2024-06-18 14:00:00,5.727,5.857,5.681,5.783,248309.15
2024-06-18 15:00:00,5.783,5.823,5.733,5.8,88135.368
2024-06-18 16:00:00,5.8,5.8,5.676,5.736,72034.266
2024-06-18 17:00:00,5.736,5.756,5.67,5.681,66670.744
2024-06-18 18:00:00,5.681,5.704,5.62,5.625,146594.083
2024-06-18 19:00:00,5.625,5.682,5.589,5.681,123046.495
2024-06-18 20:00:00,5.681,5.76,5.644,5.735,138432.441
2024-06-18 21:00:00,5.735,5.797,5.687,5.775,86510.876
2024-06-18 22:00:00,5.775,5.789,5.718,5.778,37220.004
2024-06-18 23:00:00,5.778,5.789,5.751,5.772,27646.768
2024-06-19 00:00:00,5.772,5.81,5.73,5.8,61072.913
2024-06-19 01:00:00,5.8,5.878,5.787,5.814,68612.766
2024-06-19 02:00:00,5.814,5.892,5.814,5.845,63851.762
2024-06-19 03:00:00,5.845,5.895,5.84,5.856,67635.773
2024-06-19 04:00:00,5.856,5.89,5.846,5.882,35314.861
2024-06-19 05:00:00,5.882,5.923,5.86,5.894,30965.777
2024-06-19 06:00:00,5.894,5.949,5.891,5.949,53097.266
2024-06-19 07:00:00,5.949,5.983,5.925,5.963,118654.459
2024-06-19 08:00:00,5.963,5.97,5.907,5.942,92846.236
2024-06-19 09:00:00,5.942,5.992,5.939,5.964,72679.746
2024-06-19 10:00:00,5.964,5.989,5.937,5.986,61996.202
2024-06-19 11:00:00,5.986,5.992,5.878,5.905,104567.205
2024-06-19 12:00:00,5.905,5.937,5.878,5.903,59261.075
2024-06-19 13:00:00,5.903,5.906,5.863,5.864,41312.634
2024-06-19 14:00:00,5.864,5.864,5.786,5.812,71585.558
2024-06-19 15:00:00,5.812,5.843,5.789,5.808,41196.839
2024-06-19 16:00:00,5.808,5.842,5.777,5.818,51842.589
2024-06-19 17:00:00,5.818,5.912,5.816,5.847,55308.556
2024-06-19 18:00:00,5.847,5.89,5.847,5.853,39346.396
2024-06-19 19:00:00,5.853,5.857,5.812,5.829,52666.316
2024-06-19 20:00:00,5.829,5.854,5.799,5.833,48323.145
2024-06-19 21:00:00,5.833,5.874,5.825,5.859,14791.68
2024-06-19 22:00:00,5.859,5.867,5.8,5.805,29771.832
2024-06-19 23:00:00,5.805,5.823,5.777,5.799,17334.217
2024-06-20 00:00:00,5.799,5.84,5.769,5.809,50033.949
2024-06-20 01:00:00,5.809,5.917,5.796,5.843,54126.363
2024-06-20 02:00:00,5.843,5.859,5.806,5.827,38331.346
2024-06-20 03:00:00,5.827,5.836,5.805,5.819,25224.928
2024-06-20 04:00:00,5.819,5.87,5.785,5.861,35149.707
2024-06-20 05:00:00,5.861,5.898,5.85,5.897,33289.61
2024-06-20 06:00:00,5.897,5.945,5.88,5.902,36892.238
2024-06-20 07:00:00,5.902,5.974,5.902,5.939,87412.84
2024-06-20 08:00:00,5.939,5.943,5.879,5.897,40240.401
2024-06-20 09:00:00,5.897,5.91,5.882,5.887,34010.792
2024-06-20 10:00:00,5.887,5.922,5.861,5.919,56045.878
2024-06-20 11:00:00,5.919,5.971,5.887,5.891,108788.079
2024-06-20 12:00:00,5.891,5.898,5.823,5.826,124126.616
2024-06-20 13:00:00,5.826,5.833,5.724,5.739,103291.075
2024-06-20 14:00:00,5.739,5.747,5.659,5.705,103165.623
2024-06-20 15:00:00,5.705,5.714,5.642,5.654,211081.409
2024-06-20 16:00:00,5.654,5.681,5.6,5.674,146354.151
2024-06-20 17:00:00,5.674,5.694,5.652,5.694,41092.097
2024-06-20 18:00:00,5.694,5.736,5.691,5.722,37355.241
2024-06-20 19:00:00,5.722,5.737,5.698,5.725,34080.349
2024-06-20 20:00:00,5.725,5.74,5.681,5.693,49458.561
2024-06-20 21:00:00,5.693,5.7,5.664,5.671,18618.171
2024-06-20 22:00:00,5.671,5.685,5.658,5.669,22537.739
2024-06-20 23:00:00,5.669,5.676,5.64,5.644,33636.042
2024-06-21 00:00:00,5.644,5.649,5.578,5.607,88035.021
2024-06-21 01:00:00,5.607,5.695,5.6,5.688,35940.513
2024-06-21 02:00:00,5.688,5.709,5.645,5.669,28004.05
2024-06-21 03:00:00,5.669,5.703,5.646,5.696,25395.133
2024-06-21 04:00:00,5.696,5.731,5.667,5.73,18531.526
2024-06-21 05:00:00,5.73,5.738,5.683,5.719,29521.573
2024-06-21 06:00:00,5.719,5.72,5.682,5.688,23769.518
2024-06-21 07:00:00,5.688,5.703,5.62,5.662,52794.19
2024-06-21 08:00:00,5.662,5.674,5.563,5.584,91992.755
2024-06-21 09:00:00,5.584,5.69,5.576,5.677,62232.453
2024-06-21 10:00:00,5.677,5.692,5.629,5.653,49938.539
2024-06-21 11:00:00,5.653,5.71,5.651,5.696,52475.387
2024-06-21 12:00:00,5.696,5.715,5.642,5.666,52453.274
2024-06-21 13:00:00,5.666,5.671,5.586,5.612,153713.727
2024-06-21 14:00:00,5.612,5.716,5.59,5.688,94477.068
2024-06-21 15:00:00,5.688,5.722,5.624,5.653,87458.326
2024-06-21 16:00:00,5.653,5.681,5.624,5.63,29003.501
2024-06-21 17:00:00,5.63,5.644,5.55,5.583,76592.331
2024-06-21 18:00:00,5.583,5.653,5.57,5.649,51439.922
2024-06-21 19:00:00,5.649,5.656,5.615,5.622,25918.711
2024-06-21 20:00:00,5.622,5.669,5.611,5.63,39371.647
2024-06-21 21:00:00,5.63,5.64,5.584,5.612,40133.023
2024-06-21 22:00:00,5.612,5.622,5.606,5.616,11856.033
2024-06-21 23:00:00,5.616,5.625,5.607,5.611,10234.422
2024-06-22 00:00:00,5.611,5.612,5.543,5.554,25401.845
2024-06-22 01:00:00,5.554,5.585,5.546,5.578,23032.045
2024-06-22 02:00:00,5.578,5.607,5.574,5.584,10901.483
2024-06-22 03:00:00,5.584,5.598,5.566,5.574,13115.851
2024-06-22 04:00:00,5.574,5.593,5.561,5.592,12480.196
2024-06-22 05:00:00,5.592,5.598,5.565,5.595,55141.25
2024-06-22 06:00:00,5.595,5.655,5.583,5.653,87899.184
2024-06-22 07:00:00,5.653,5.662,5.636,5.655,35179.887
2024-06-22 08:00:00,5.655,5.674,5.632,5.647,40961.875
2024-06-22 09:00:00,5.647,5.707,5.646,5.705,54762.903
2024-06-22 10:00:00,5.705,5.742,5.701,5.734,62823.321
2024-06-22 11:00:00,5.734,5.755,5.722,5.724,52132.717
2024-06-22 12:00:00,5.724,5.755,5.716,5.753,63521.455
2024-06-22 13:00:00,5.753,5.805,5.75,5.774,51210.868
2024-06-22 14:00:00,5.774,5.802,5.758,5.76,43409.951
2024-06-22 15:00:00,5.76,5.76,5.733,5.748,30331.11
2024-06-22 16:00:00,5.748,5.764,5.742,5.744,18321.192
2024-06-22 17:00:00,5.744,5.755,5.738,5.745,19527.172
2024-06-22 18:00:00,5.745,5.756,5.742,5.744,13428.727
2024-06-22 19:00:00,5.744,5.762,5.739,5.755,14356.925
2024-06-22 20:00:00,5.755,5.761,5.738,5.746,42175.951
2024-06-22 21:00:00,5.746,5.758,5.741,5.752,9978.598
2024-06-22 22:00:00,5.752,5.758,5.74,5.756,18879.742
2024-06-22 23:00:00,5.756,5.764,5.736,5.751,12144.507
2024-06-23 00:00:00,5.751,5.79,5.749,5.771,17497.789
2024-06-23 01:00:00,5.771,5.78,5.728,5.771,82225.89
2024-06-23 02:00:00,5.771,5.774,5.75,5.764,10839.011
2024-06-23 03:00:00,5.764,5.781,5.756,5.77,28978.595
2024-06-23 04:00:00,5.77,5.781,5.765,5.767,16632.977
2024-06-23 05:00:00,5.767,5.772,5.755,5.756,11939.647
2024-06-23 06:00:00,5.756,5.769,5.756,5.761,11715.175
2024-06-23 07:00:00,5.761,5.765,5.748,5.758,12652.87
2024-06-23 08:00:00,5.758,5.772,5.753,5.764,17659.016
2024-06-23 09:00:00,5.764,5.819,5.763,5.8,49428.288
2024-06-23 10:00:00,5.8,5.804,5.764,5.771,25687.856
2024-06-23 11:00:00,5.771,5.787,5.745,5.781,20384.522
2024-06-23 12:00:00,5.781,5.784,5.764,5.779,9314.015
2024-06-23 13:00:00,5.779,5.785,5.748,5.757,17355.715
2024-06-23 14:00:00,5.757,5.761,5.715,5.739,17460.561
2024-06-23 15:00:00,5.739,5.748,5.693,5.705,54751.273
2024-06-23 16:00:00,5.705,5.708,5.639,5.656,36635.097
2024-06-23 17:00:00,5.656,5.704,5.648,5.673,24266.149
2024-06-23 18:00:00,5.673,5.695,5.672,5.681,31224.252
2024-06-23 19:00:00,5.681,5.707,5.674,5.689,26071.097
2024-06-23 20:00:00,5.689,5.692,5.581,5.661,109128.287
2024-06-23 21:00:00,5.661,5.692,5.647,5.682,20875.467
2024-06-23 22:00:00,5.682,5.682,5.625,5.642,17088.078
2024-06-23 23:00:00,5.642,5.658,5.619,5.65,56451.972
2024-06-24 00:00:00,5.65,5.702,5.644,5.672,68184.302
2024-06-24 01:00:00,5.672,5.677,5.621,5.672,31012.185
2024-06-24 02:00:00,5.672,5.712,5.62,5.67,51872.379
2024-06-24 03:00:00,5.67,5.728,5.668,5.69,36262.702
2024-06-24 04:00:00,5.69,5.696,5.658,5.677,46454.97
2024-06-24 05:00:00,5.677,5.681,5.546,5.567,105767.718
2024-06-24 06:00:00,5.567,5.655,5.567,5.645,37603.954
2024-06-24 07:00:00,5.645,5.647,5.586,5.606,55639.409
2024-06-24 08:00:00,5.606,5.641,5.57,5.602,71618.734
2024-06-24 09:00:00,5.602,5.618,5.372,5.567,357114.831
2024-06-24 10:00:00,5.567,5.613,5.552,5.605,74085.907
2024-06-24 11:00:00,5.605,5.627,5.548,5.587,73633.663
2024-06-24 12:00:00,5.587,5.645,5.573,5.629,56017.526
2024-06-24 13:00:00,5.629,5.702,5.61,5.686,82327.438
2024-06-24 14:00:00,5.686,5.722,5.64,5.665,48193.612
2024-06-24 15:00:00,5.665,5.677,5.523,5.544,79211.938
2024-06-24 16:00:00,5.544,5.639,5.538,5.617,195613.857
2024-06-24 17:00:00,5.617,5.684,5.563,5.621,106147.506
2024-06-24 18:00:00,5.621,5.693,5.581,5.69,64580.984
2024-06-24 19:00:00,5.69,5.699,5.558,5.59,90053.472
2024-06-24 20:00:00,5.59,5.67,5.531,5.613,202115.247
2024-06-24 21:00:00,5.613,5.697,5.604,5.672,106953.385
2024-06-24 22:00:00,5.672,5.712,5.672,5.683,22155.384
2024-06-24 23:00:00,5.683,5.74,5.676,5.727,34645.573
2024-06-25 00:00:00,5.727,5.766,5.723,5.743,39310.254
2024-06-25 01:00:00,5.743,5.753,5.706,5.747,26386.947
2024-06-25 02:00:00,5.747,5.788,5.746,5.765,78696.259
2024-06-25 03:00:00,5.765,5.837,5.763,5.802,104456.679
2024-06-25 04:00:00,5.802,5.821,5.778,5.81,26187.518
2024-06-25 05:00:00,5.81,5.812,5.781,5.785,27657.979
2024-06-25 06:00:00,5.785,5.82,5.769,5.784,69217.741
2024-06-25 07:00:00,5.784,5.822,5.784,5.805,58044.803
2024-06-25 08:00:00,5.805,5.817,5.722,5.735,142930.985
2024-06-25 09:00:00,5.735,5.829,5.735,5.824,82575.979
2024-06-25 10:00:00,5.824,5.828,5.794,5.805,52920.985
2024-06-25 11:00:00,5.805,5.871,5.802,5.866,161218.749
2024-06-25 12:00:00,5.866,5.877,5.848,5.876,47965.968
2024-06-25 13:00:00,5.876,5.91,5.863,5.892,51626.594
2024-06-25 14:00:00,5.892,5.926,5.866,5.903,122121.62
2024-06-25 15:00:00,5.903,5.975,5.877,5.942,110690.127
2024-06-25 16:00:00,5.942,5.954,5.886,5.892,65612.193
2024-06-25 17:00:00,5.892,5.915,5.881,5.883,43774.037
2024-06-25 18:00:00,5.883,5.943,5.867,5.929,40214.544
2024-06-25 19:00:00,5.929,5.949,5.901,5.905,18989.5
2024-06-25 20:00:00,5.905,5.912,5.884,5.889,13965.126
2024-06-25 21:00:00,5.889,5.9,5.883,5.884,11661.705
2024-06-25 22:00:00,5.884,5.891,5.869,5.869,39690.031
2024-06-25 23:00:00,5.869,5.87,5.836,5.842,17627.855
2024-06-26 00:00:00,5.842,5.844,5.819,5.824,22753.68
2024-06-26 01:00:00,5.824,5.861,5.819,5.848,43699.6
2024-06-26 02:00:00,5.848,5.874,5.831,5.834,30106.67
2024-06-26 03:00:00,5.834,5.844,5.801,5.826,71284.76
2024-06-26 04:00:00,5.826,5.834,5.799,5.81,25923.52
2024-06-26 05:00:00,5.81,5.825,5.786,5.796,44667.548
2024-06-26 06:00:00,5.796,5.86,5.796,5.84,70891.033
2024-06-26 07:00:00,5.84,5.891,5.832,5.88,71995.669
2024-06-26 08:00:00,5.88,5.9,5.852,5.853,59707.284
2024-06-26 09:00:00,5.853,5.871,5.846,5.867,24678.288
2024-06-26 10:00:00,5.867,5.873,5.842,5.846,27724.194
2024-06-26 11:00:00,5.846,5.888,5.842,5.878,64968.345
2024-06-26 12:00:00,5.878,5.895,5.863,5.884,49396.522
2024-06-26 13:00:00,5.884,5.94,5.869,5.936,113235.338
2024-06-26 14:00:00,5.936,5.947,5.892,5.911,104724.108
2024-06-26 15:00:00,5.911,5.911,5.841,5.853,74492.058
2024-06-26 16:00:00,5.853,5.868,5.817,5.831,100472.575
2024-06-26 17:00:00,5.831,5.833,5.757,5.829,113551.297
2024-06-26 18:00:00,5.829,5.83,5.789,5.812,14667.231
2024-06-26 19:00:00,5.812,5.874,5.799,5.874,48546.696
2024-06-26 20:00:00,5.874,5.886,5.826,5.849,23821.087
2024-06-26 21:00:00,5.849,5.858,5.814,5.825,21314.646
2024-06-26 22:00:00,5.825,5.828,5.798,5.815,10403.671
2024-06-26 23:00:00,5.815,5.82,5.787,5.799,49869.091
2024-06-27 00:00:00,5.799,5.801,5.756,5.771,21992.687
2024-06-27 01:00:00,5.771,5.773,5.747,5.762,14571.269
2024-06-27 02:00:00,5.762,5.769,5.734,5.743,19652.291
2024-06-27 03:00:00,5.743,5.768,5.734,5.758,18683.544
2024-06-27 04:00:00,5.758,5.761,5.749,5.759,9227.981
2024-06-27 05:00:00,5.759,5.764,5.707,5.711,45000.54
2024-06-27 06:00:00,5.711,5.822,5.711,5.8,173821.789
2024-06-27 07:00:00,5.8,5.816,5.769,5.803,57429.597
2024-06-27 08:00:00,5.803,5.836,5.796,5.805,60417.01
2024-06-27 09:00:00,5.805,5.898,5.796,5.888,179067.257
2024-06-27 10:00:00,5.888,5.952,5.888,5.924,149849.688
2024-06-27 11:00:00,5.924,5.958,5.924,5.937,60411.345
2024-06-27 12:00:00,5.937,5.99,5.93,5.953,98070.005
2024-06-27 13:00:00,5.953,6.197,5.951,6.181,555316.877
2024-06-27 14:00:00,6.181,6.331,6.177,6.266,510107.395
2024-06-27 15:00:00,6.266,6.372,6.258,6.289,390562.538
2024-06-27 16:00:00,6.289,6.297,6.234,6.243,139217.788
2024-06-27 17:00:00,6.243,6.378,6.238,6.337,220621.415
2024-06-27 18:00:00,6.337,6.379,6.318,6.333,73795.203
2024-06-27 19:00:00,6.333,6.356,6.307,6.344,37126.712
2024-06-27 20:00:00,6.344,6.357,6.309,6.339,46168.413
2024-06-27 21:00:00,6.339,6.355,6.313,6.325,26239.065
2024-06-27 22:00:00,6.325,6.328,6.28,6.293,72768.229
2024-06-27 23:00:00,6.293,6.305,6.27,6.287,14211.75
2024-06-28 00:00:00,6.287,6.287,6.257,6.259,22469.626
2024-06-28 01:00:00,6.259,6.31,6.258,6.296,34340.589
2024-06-28 02:00:00,6.296,6.309,6.239,6.253,28767.535
2024-06-28 03:00:00,6.253,6.266,6.244,6.254,18037.07
2024-06-28 04:00:00,6.254,6.255,6.216,6.249,15535.6
2024-06-28 05:00:00,6.249,6.268,6.238,6.254,18089.333
2024-06-28 06:00:00,6.254,6.278,6.24,6.276,11753.219
2024-06-28 07:00:00,6.276,6.29,6.25,6.288,29404.978
2024-06-28 08:00:00,6.288,6.304,6.26,6.298,24253.977
2024-06-28 09:00:00,6.298,6.335,6.273,6.331,45463.429
2024-06-28 10:00:00,6.331,6.357,6.308,6.355,41603.515
2024-06-28 11:00:00,6.355,6.41,6.344,6.374,159438.498
2024-06-28 12:00:00,6.374,6.407,6.352,6.371,138608.555
2024-06-28 13:00:00,6.371,6.442,6.335,6.376,84599.558
2024-06-28 14:00:00,6.376,6.436,6.3,6.301,123451.286
2024-06-28 15:00:00,6.301,6.345,6.287,6.307,33548.276
2024-06-28 16:00:00,6.307,6.392,6.257,6.335,168784.468
2024-06-28 17:00:00,6.335,6.335,6.241,6.274,48726.629
2024-06-28 18:00:00,6.274,6.307,6.261,6.271,68865.637
2024-06-28 19:00:00,6.271,6.278,6.234,6.261,163770.316
2024-06-28 20:00:00,6.261,6.299,6.238,6.245,124772.958
2024-06-28 21:00:00,6.245,6.245,6.171,6.189,121380.468
2024-06-28 22:00:00,6.189,6.194,6.159,6.179,63456.042
2024-06-28 23:00:00,6.179,6.195,6.17,6.189,48318.459
2024-06-29 00:00:00,6.189,6.228,6.179,6.224,222316.086
2024-06-29 01:00:00,6.224,6.256,6.207,6.248,64884.049
2024-06-29 02:00:00,6.248,6.303,6.244,6.251,93547.009
2024-06-29 03:00:00,6.251,6.275,6.245,6.258,86462.524
2024-06-29 04:00:00,6.258,6.258,6.222,6.228,57152.865
2024-06-29 05:00:00,6.228,6.235,6.209,6.214,36000.471
2024-06-29 06:00:00,6.214,6.219,6.2,6.203,14512.668
2024-06-29 07:00:00,6.203,6.236,6.203,6.218,17618.939
2024-06-29 08:00:00,6.218,6.224,6.177,6.184,19446.792
2024-06-29 09:00:00,6.184,6.191,6.151,6.174,16472.332
2024-06-29 10:00:00,6.174,6.181,6.137,6.139,39578.855
2024-06-29 11:00:00,6.139,6.155,6.129,6.136,28018.949
2024-06-29 12:00:00,6.136,6.142,6.124,6.131,18300.448
2024-06-29 13:00:00,6.131,6.137,6.122,6.125,14242.97
2024-06-29 14:00:00,6.125,6.133,6.089,6.097,30621.398
2024-06-29 15:00:00,6.097,6.12,6.075,6.111,30522.833
2024-06-29 16:00:00,6.111,6.116,6.077,6.084,20998.466
2024-06-29 17:00:00,6.084,6.102,6.066,6.085,16173.05
2024-06-29 18:00:00,6.085,6.101,6.08,6.101,14676.742
2024-06-29 19:00:00,6.101,6.129,6.088,6.124,18763.577
2024-06-29 20:00:00,6.124,6.129,6.095,6.105,18345.981
2024-06-29 21:00:00,6.105,6.121,6.093,6.093,15039.37
2024-06-29 22:00:00,6.093,6.098,6.065,6.078,26515.23
2024-06-29 23:00:00,6.078,6.098,6.077,6.083,10118.741
2024-06-30 00:00:00,6.083,6.12,6.071,6.103,15746.762
2024-06-30 01:00:00,6.103,6.108,6.056,6.074,19349.391
2024-06-30 02:00:00,6.074,6.082,6.022,6.043,54243.693
2024-06-30 03:00:00,6.043,6.087,6.04,6.087,14045.473
2024-06-30 04:00:00,6.087,6.087,6.058,6.066,25712.571
2024-06-30 05:00:00,6.066,6.109,6.065,6.088,19345.947
2024-06-30 06:00:00,6.088,6.116,6.082,6.109,27268.644
2024-06-30 07:00:00,6.109,6.2,6.106,6.156,63573.218
2024-06-30 08:00:00,6.156,6.166,6.132,6.143,31086.39
2024-06-30 09:00:00,6.143,6.175,6.129,6.13,17904.174
2024-06-30 10:00:00,6.13,6.137,6.092,6.1,18009.791
2024-06-30 11:00:00,6.1,6.135,6.095,6.111,15961.892
2024-06-30 12:00:00,6.111,6.13,6.086,6.108,18525.669
2024-06-30 13:00:00,6.108,6.155,6.105,6.127,22604.057
2024-06-30 14:00:00,6.127,6.146,6.094,6.106,24891.438
2024-06-30 15:00:00,6.106,6.16,6.105,6.14,45369.039
2024-06-30 16:00:00,6.14,6.155,6.113,6.121,30561.754
2024-06-30 17:00:00,6.121,6.165,6.12,6.142,38261.813
2024-06-30 18:00:00,6.142,6.216,6.118,6.202,82604.963
2024-06-30 19:00:00,6.202,6.211,6.167,6.198,34415.297
2024-06-30 20:00:00,6.198,6.222,6.183,6.183,40495.171
2024-06-30 21:00:00,6.183,6.19,6.151,6.167,35490.093
2024-06-30 22:00:00,6.167,6.259,6.164,6.228,51057.599
2024-06-30 23:00:00,6.228,6.251,6.209,6.213,21136.907
2024-07-01 00:00:00,6.213,6.246,6.195,6.224,35388.764
2024-07-01 01:00:00,6.224,6.343,6.218,6.294,77101.648
2024-07-01 02:00:00,6.294,6.312,6.269,6.287,31457.749
2024-07-01 03:00:00,6.287,6.302,6.262,6.275,44335.248
2024-07-01 04:00:00,6.275,6.293,6.271,6.289,12158.063
2024-07-01 05:00:00,6.289,6.309,6.277,6.309,49836.455
2024-07-01 06:00:00,6.309,6.341,6.28,6.289,67956.321
2024-07-01 07:00:00,6.289,6.34,6.282,6.303,165244.094
2024-07-01 08:00:00,6.303,6.362,6.292,6.33,221355.577
2024-07-01 09:00:00,6.33,6.39,6.319,6.376,168504.911
2024-07-01 10:00:00,6.376,6.382,6.33,6.358,122628.25
2024-07-01 11:00:00,6.358,6.379,6.339,6.361,75632.951
2024-07-01 12:00:00,6.361,6.391,6.36,6.366,47917.222
2024-07-01 13:00:00,6.366,6.378,6.304,6.318,122351.837
2024-07-01 14:00:00,6.318,6.337,6.274,6.306,135437.944
2024-07-01 15:00:00,6.306,6.393,6.301,6.362,337869.153
2024-07-01 16:00:00,6.362,6.37,6.328,6.331,51521.034
2024-07-01 17:00:00,6.331,6.389,6.316,6.386,70736.021
2024-07-01 18:00:00,6.386,6.417,6.347,6.381,109062.467
2024-07-01 19:00:00,6.381,6.401,6.364,6.379,84778.829
2024-07-01 20:00:00,6.379,6.444,6.379,6.433,74285.991
2024-07-01 21:00:00,6.433,6.449,6.385,6.412,106813.524
2024-07-01 22:00:00,6.412,6.425,6.359,6.378,74038.212
2024-07-01 23:00:00,6.378,6.386,6.327,6.33,33999.824
2024-07-02 00:00:00,6.33,6.361,6.323,6.335,45457.619
2024-07-02 01:00:00,6.335,6.382,6.332,6.382,34319.595
2024-07-02 02:00:00,6.382,6.413,6.374,6.394,93683.319
2024-07-02 03:00:00,6.394,6.453,6.388,6.45,168064.077
2024-07-02 04:00:00,6.45,6.498,6.441,6.45,245899.319
2024-07-02 05:00:00,6.45,6.537,6.44,6.495,216095.588
2024-07-02 06:00:00,6.495,6.511,6.432,6.439,67543.88
2024-07-02 07:00:00,6.439,6.443,6.366,6.375,58281.712
2024-07-02 08:00:00,6.375,6.384,6.348,6.365,84129.229
2024-07-02 09:00:00,6.365,6.373,6.327,6.35,55350.785
2024-07-02 10:00:00,6.35,6.429,6.334,6.427,165105.098
2024-07-02 11:00:00,6.427,6.431,6.378,6.403,133549.075
2024-07-02 12:00:00,6.403,6.459,6.376,6.429,91521.465
2024-07-02 13:00:00,6.429,6.488,6.395,6.409,129055.218
2024-07-02 14:00:00,6.409,6.415,6.319,6.401,146401.399
2024-07-02 15:00:00,6.401,6.426,6.376,6.38,99552.655
2024-07-02 16:00:00,6.38,6.38,6.345,6.348,61626.46
2024-07-02 17:00:00,6.348,6.38,6.312,6.37,202816.214
2024-07-02 18:00:00,6.37,6.567,6.366,6.528,292846.017
2024-07-02 19:00:00,6.528,6.561,6.453,6.507,209058.63
2024-07-02 20:00:00,6.507,6.552,6.488,6.531,221247.358
2024-07-02 21:00:00,6.531,6.587,6.517,6.564,218404.855
2024-07-02 22:00:00,6.564,6.61,6.552,6.566,163780.553
2024-07-02 23:00:00,6.566,6.577,6.514,6.53,81107.678
2024-07-03 00:00:00,6.53,6.545,6.488,6.499,94993.018
2024-07-03 01:00:00,6.499,6.501,6.401,6.41,181267.858
2024-07-03 02:00:00,6.41,6.414,6.36,6.381,80454.257
2024-07-03 03:00:00,6.381,6.381,6.28,6.333,95823.706
2024-07-03 04:00:00,6.333,6.389,6.313,6.347,114886.062
2024-07-03 05:00:00,6.347,6.357,6.327,6.342,22713.246
2024-07-03 06:00:00,6.342,6.379,6.325,6.366,94671.285
2024-07-03 07:00:00,6.366,6.366,6.292,6.305,107086.085
2024-07-03 08:00:00,6.305,6.318,6.255,6.271,127122.404
2024-07-03 09:00:00,6.271,6.294,6.242,6.246,82830.957
2024-07-03 10:00:00,6.246,6.246,6.131,6.169,196750.981
2024-07-03 11:00:00,6.169,6.17,6.1,6.131,68458.406
2024-07-03 12:00:00,6.131,6.15,6.074,6.086,109238.354
2024-07-03 13:00:00,6.086,6.201,6.058,6.194,80878.711
2024-07-03 14:00:00,6.194,6.218,6.153,6.157,68393.037
2024-07-03 15:00:00,6.157,6.219,6.128,6.214,54044.223
2024-07-03 16:00:00,6.214,6.228,6.156,6.176,41192.444
2024-07-03 17:00:00,6.176,6.181,6.059,6.102,58597.944
2024-07-03 18:00:00,6.102,6.134,6.086,6.108,51024.302
2024-07-03 19:00:00,6.108,6.108,6.031,6.065,94794.34
2024-07-03 20:00:00,6.065,6.09,6.022,6.034,69149.427
2024-07-03 21:00:00,6.034,6.098,5.942,6.092,126720.487
2024-07-03 22:00:00,6.092,6.094,6.014,6.051,85540.663
2024-07-03 23:00:00,6.051,6.094,6.022,6.079,86115.355
2024-07-04 00:00:00,6.079,6.135,6.055,6.079,116266.757
2024-07-04 01:00:00,6.079,6.089,5.799,5.846,218039.514
2024-07-04 02:00:00,5.846,5.936,5.757,5.9,127499.223
2024-07-04 03:00:00,5.9,5.926,5.878,5.909,121347.901
2024-07-04 04:00:00,5.909,5.933,5.892,5.901,45942.526
2024-07-04 05:00:00,5.901,5.938,5.881,5.933,35543.407
2024-07-04 06:00:00,5.933,5.948,5.879,5.907,138607.369
2024-07-04 07:00:00,5.907,5.933,5.836,5.842,66391.875
2024-07-04 08:00:00,5.842,5.882,5.759,5.871,83083.361
2024-07-04 09:00:00,5.871,5.878,5.805,5.862,69463.638
2024-07-04 10:00:00,5.862,5.865,5.775,5.832,75399.984
2024-07-04 11:00:00,5.832,5.848,5.808,5.812,114517.348
2024-07-04 12:00:00,5.812,5.821,5.715,5.719,73873.432
2024-07-04 13:00:00,5.719,5.749,5.606,5.732,119595.466
2024-07-04 14:00:00,5.732,5.767,5.7,5.756,89672.12
2024-07-04 15:00:00,5.756,5.856,5.723,5.839,134069.481
2024-07-04 16:00:00,5.839,5.856,5.806,5.839,43671.085
2024-07-04 17:00:00,5.839,5.854,5.786,5.81,26486.887
2024-07-04 18:00:00,5.81,5.81,5.754,5.769,37169.988
2024-07-04 19:00:00,5.769,5.796,5.736,5.74,26725.47
2024-07-04 20:00:00,5.74,5.759,5.706,5.759,28226.678
2024-07-04 21:00:00,5.759,5.814,5.736,5.761,81803.888
2024-07-04 22:00:00,5.761,5.788,5.692,5.705,222969.885
2024-07-04 23:00:00,5.705,5.71,5.542,5.555,153166.479
2024-07-05 00:00:00,5.555,5.561,5.281,5.462,351639.522
2024-07-05 01:00:00,5.462,5.474,5.267,5.425,103948.223
2024-07-05 02:00:00,5.425,5.425,4.984,5.038,341632.239
2024-07-05 03:00:00,5.038,5.134,4.924,5.047,462097.326
2024-07-05 04:00:00,5.047,5.188,4.907,5.154,384380.285
2024-07-05 05:00:00,5.154,5.302,5.139,5.3,313419.67
2024-07-05 06:00:00,5.3,5.333,5.217,5.264,336456.624
2024-07-05 07:00:00,5.264,5.401,5.261,5.385,298382.676
2024-07-05 08:00:00,5.385,5.387,5.224,5.238,181059.581
2024-07-05 09:00:00,5.238,5.367,5.227,5.346,210941.081
2024-07-05 10:00:00,5.346,5.504,5.338,5.474,309251.893
2024-07-05 11:00:00,5.474,5.621,5.469,5.608,185319.525
2024-07-05 12:00:00,5.608,5.62,5.526,5.539,236086.083
2024-07-05 13:00:00,5.539,5.717,5.497,5.663,198607.15
2024-07-05 14:00:00,5.663,5.712,5.555,5.696,299879.696
2024-07-05 15:00:00,5.696,5.885,5.66,5.867,362139.51
2024-07-05 16:00:00,5.867,5.918,5.775,5.775,428396.604
2024-07-05 17:00:00,5.775,5.849,5.765,5.826,90173.705
2024-07-05 18:00:00,5.826,5.877,5.757,5.867,48683.707
2024-07-05 19:00:00,5.867,5.867,5.783,5.794,22587.833
2024-07-05 20:00:00,5.794,5.828,5.758,5.823,23880.761
2024-07-05 21:00:00,5.823,5.837,5.705,5.716,67192.551
2024-07-05 22:00:00,5.716,5.748,5.679,5.701,26001.885
2024-07-05 23:00:00,5.701,5.737,5.654,5.687,200618.033
2024-07-06 00:00:00,5.687,5.796,5.652,5.692,201478.989
2024-07-06 01:00:00,5.692,5.697,5.633,5.669,117272.698
2024-07-06 02:00:00,5.669,5.698,5.638,5.685,80475.018
2024-07-06 03:00:00,5.685,5.691,5.636,5.68,87962.837
2024-07-06 04:00:00,5.68,5.702,5.632,5.65,58071.679
2024-07-06 05:00:00,5.65,5.756,5.642,5.738,115986.547
2024-07-06 06:00:00,5.738,5.838,5.727,5.819,117260.302
2024-07-06 07:00:00,5.819,5.881,5.801,5.833,166316.354
2024-07-06 08:00:00,5.833,5.875,5.771,5.796,80996.086
2024-07-06 09:00:00,5.796,5.899,5.779,5.872,160539.577
2024-07-06 10:00:00,5.872,5.966,5.859,5.936,174174.99
2024-07-06 11:00:00,5.936,5.998,5.932,5.993,72982.71
2024-07-06 12:00:00,5.993,6.023,5.922,5.972,79280.802
2024-07-06 13:00:00,5.972,5.988,5.918,5.954,88778.436
2024-07-06 14:00:00,5.954,5.975,5.874,5.93,150621.842
2024-07-06 15:00:00,5.93,6.045,5.928,6.009,101330.448
2024-07-06 16:00:00,6.009,6.197,5.994,6.186,218688.741
2024-07-06 17:00:00,6.186,6.254,6.164,6.241,151987.493
2024-07-06 18:00:00,6.241,6.289,6.222,6.274,117550.424
2024-07-06 19:00:00,6.274,6.308,6.251,6.269,119186.64
2024-07-06 20:00:00,6.269,6.269,6.217,6.217,19429.913
2024-07-06 21:00:00,6.217,6.253,6.2,6.204,22179.353
2024-07-06 22:00:00,6.204,6.242,6.201,6.221,10752.243
2024-07-06 23:00:00,6.221,6.248,6.211,6.24,12034.397
2024-07-07 00:00:00,6.24,6.249,6.19,6.192,16917.24
2024-07-07 01:00:00,6.192,6.267,6.186,6.241,29371.796
2024-07-07 02:00:00,6.241,6.273,6.214,6.228,8423.716
2024-07-07 03:00:00,6.228,6.256,6.174,6.248,17349.049
2024-07-07 04:00:00,6.248,6.271,6.173,6.181,101100.936
2024-07-07 05:00:00,6.181,6.302,6.164,6.284,69264.847
2024-07-07 06:00:00,6.284,6.3,6.223,6.269,102078.582
2024-07-07 07:00:00,6.269,6.312,6.177,6.213,51905.634
2024-07-07 08:00:00,6.213,6.243,6.174,6.233,37950.642
2024-07-07 09:00:00,6.233,6.259,6.186,6.236,26594.128
2024-07-07 10:00:00,6.236,6.298,6.228,6.275,87423.702
2024-07-07 11:00:00,6.275,6.275,6.189,6.22,56280.625
2024-07-07 12:00:00,6.22,6.229,6.137,6.169,48249.545
2024-07-07 13:00:00,6.169,6.175,6.059,6.068,44314.492
2024-07-07 14:00:00,6.068,6.075,5.992,6.035,59201.837
2024-07-07 15:00:00,6.035,6.081,6.011,6.025,22782.261
2024-07-07 16:00:00,6.025,6.077,6.001,6.068,13962.106
2024-07-07 17:00:00,6.068,6.134,6.043,6.118,20207.011
2024-07-07 18:00:00,6.118,6.147,6.07,6.076,25616.196
2024-07-07 19:00:00,6.076,6.108,6.053,6.102,13967.95
2024-07-07 20:00:00,6.102,6.107,6.055,6.074,10098.696
2024-07-07 21:00:00,6.074,6.074,5.94,5.996,32024.695
2024-07-07 22:00:00,5.996,6.021,5.916,5.927,17352.612
2024-07-07 23:00:00,5.927,5.972,5.883,5.909,23425.603
2024-07-08 00:00:00,5.909,5.924,5.764,5.783,68276.058
2024-07-08 01:00:00,5.783,5.811,5.694,5.811,40139.377
2024-07-08 02:00:00,5.811,5.951,5.78,5.923,40886.593
2024-07-08 03:00:00,5.923,5.957,5.861,5.923,83855.744
2024-07-08 04:00:00,5.923,6.013,5.888,6.011,160781.739
2024-07-08 05:00:00,6.011,6.05,5.947,5.96,52673.954
2024-07-08 06:00:00,5.96,5.99,5.917,5.955,52362.692
2024-07-08 07:00:00,5.955,5.969,5.908,5.936,39958.863
2024-07-08 08:00:00,5.936,6.256,5.922,6.242,70650.492
2024-07-08 09:00:00,6.242,6.3,6.146,6.164,57307.525
2024-07-08 10:00:00,6.164,6.221,6.104,6.121,26879.018
2024-07-08 11:00:00,6.121,6.193,6.118,6.162,39114.403
2024-07-08 12:00:00,6.162,6.192,6.114,6.155,33663.268
2024-07-08 13:00:00,6.155,6.189,6.068,6.09,114510.363
2024-07-08 14:00:00,6.09,6.117,5.813,6.022,209281.992
2024-07-08 15:00:00,6.022,6.092,5.976,5.981,48839.309
2024-07-08 16:00:00,5.981,6.03,5.922,5.966,21232.581
2024-07-08 17:00:00,5.966,6.026,5.931,5.982,36194.333
2024-07-08 18:00:00,5.982,6.001,5.961,5.971,18648.624
2024-07-08 19:00:00,5.971,6.0,5.949,5.961,10779.772
2024-07-08 20:00:00,5.961,5.986,5.907,5.919,37144.637
2024-07-08 21:00:00,5.919,5.954,5.887,5.931,39329.105
2024-07-08 22:00:00,5.931,5.96,5.911,5.923,23584.9
2024-07-08 23:00:00,5.923,5.961,5.916,5.945,22964.675
2024-07-09 00:00:00,5.945,5.945,5.881,5.898,37525.563
2024-07-09 01:00:00,5.898,6.002,5.86,5.881,61939.631
2024-07-09 02:00:00,5.881,5.947,5.842,5.945,41897.761
2024-07-09 03:00:00,5.945,5.953,5.889,5.934,18524.371
2024-07-09 04:00:00,5.934,5.954,5.89,5.916,27215.604
2024-07-09 05:00:00,5.916,6.075,5.888,6.039,133065.755
2024-07-09 06:00:00,6.039,6.108,5.984,6.063,210763.769
2024-07-09 07:00:00,6.063,6.122,6.044,6.083,154709.463
2024-07-09 08:00:00,6.083,6.188,6.06,6.122,36990.121
2024-07-09 09:00:00,6.122,6.161,6.108,6.118,44366.654
2024-07-09 10:00:00,6.118,6.147,6.098,6.109,50549.601
2024-07-09 11:00:00,6.109,6.148,6.066,6.11,21426.341
2024-07-09 12:00:00,6.11,6.122,6.055,6.077,35894.217
2024-07-09 13:00:00,6.077,6.099,6.037,6.071,34475.236
2024-07-09 14:00:00,6.071,6.156,6.045,6.053,139149.655
2024-07-09 15:00:00,6.053,6.161,6.039,6.153,66976.738
2024-07-09 16:00:00,6.153,6.164,6.08,6.098,72169.573
2024-07-09 17:00:00,6.098,6.11,6.043,6.051,56825.846
2024-07-09 18:00:00,6.051,6.111,6.039,6.065,61136.325
2024-07-09 19:00:00,6.065,6.105,6.061,6.077,50880.603
2024-07-09 20:00:00,6.077,6.123,6.058,6.09,59862.709
2024-07-09 21:00:00,6.09,6.116,6.068,6.104,99719.711
2024-07-09 22:00:00,6.104,6.126,6.08,6.086,13898.024
2024-07-09 23:00:00,6.086,6.125,6.079,6.116,9324.594
2024-07-10 00:00:00,6.116,6.124,6.064,6.075,13666.794
2024-07-10 01:00:00,6.075,6.15,6.051,6.133,34482.055
2024-07-10 02:00:00,6.133,6.175,6.113,6.146,20373.627
2024-07-10 03:00:00,6.146,6.176,6.144,6.176,9878.416
2024-07-10 04:00:00,6.176,6.26,6.172,6.249,51469.275
2024-07-10 05:00:00,6.249,6.253,6.203,6.219,14697.664
2024-07-10 06:00:00,6.219,6.227,6.185,6.211,12749.927
2024-07-10 07:00:00,6.211,6.217,6.138,6.16,10946.176
2024-07-10 08:00:00,6.16,6.172,6.103,6.162,41276.692
2024-07-10 09:00:00,6.162,6.173,6.118,6.169,61279.469
2024-07-10 10:00:00,6.169,6.169,6.13,6.135,65172.249
2024-07-10 11:00:00,6.135,6.16,6.086,6.112,78279.273
2024-07-10 12:00:00,6.112,6.135,6.07,6.135,85557.327
2024-07-10 13:00:00,6.135,6.142,6.058,6.088,126112.873
2024-07-10 14:00:00,6.088,6.139,6.071,6.099,52515.666
2024-07-10 15:00:00,6.099,6.163,6.081,6.131,19295.376
2024-07-10 16:00:00,6.131,6.177,6.11,6.124,66050.728
2024-07-10 17:00:00,6.124,6.137,6.08,6.128,18728.995
2024-07-10 18:00:00,6.128,6.153,6.116,6.123,12127.998
2024-07-10 19:00:00,6.123,6.123,6.088,6.106,19103.881
2024-07-10 20:00:00,6.106,6.121,6.077,6.11,6162.448
2024-07-10 21:00:00,6.11,6.11,6.063,6.063,7109.901
2024-07-10 22:00:00,6.063,6.115,6.057,6.082,5890.412
2024-07-10 23:00:00,6.082,6.116,6.067,6.098,5917.838
2024-07-11 00:00:00,6.098,6.104,6.062,6.096,25067.347
2024-07-11 01:00:00,6.096,6.148,6.05,6.142,31065.855
2024-07-11 02:00:00,6.142,6.147,6.081,6.104,9570.412
2024-07-11 03:00:00,6.104,6.114,6.016,6.066,25796.03
2024-07-11 04:00:00,6.066,6.088,6.054,6.069,8829.632
2024-07-11 05:00:00,6.069,6.107,6.068,6.104,10803.421
2024-07-11 06:00:00,6.104,6.118,6.089,6.116,17237.374
2024-07-11 07:00:00,6.116,6.146,6.111,6.137,12431.422
2024-07-11 08:00:00,6.137,6.137,6.11,6.122,12838.771
2024-07-11 09:00:00,6.122,6.133,6.11,6.127,26494.974
2024-07-11 10:00:00,6.127,6.143,6.106,6.116,29773.817
2024-07-11 11:00:00,6.116,6.167,6.114,6.156,62802.461
2024-07-11 12:00:00,6.156,6.247,6.127,6.19,92165.194
2024-07-11 13:00:00,6.19,6.219,6.144,6.194,41402.279
2024-07-11 14:00:00,6.194,6.211,6.108,6.124,59014.252
2024-07-11 15:00:00,6.124,6.156,5.988,6.007,61380.284
2024-07-11 16:00:00,6.007,6.032,5.944,6.007,36431.773
2024-07-11 17:00:00,6.007,6.044,5.993,6.005,12761.377
2024-07-11 18:00:00,6.005,6.027,5.993,6.008,23326.234
2024-07-11 19:00:00,6.008,6.008,5.937,5.945,11636.506
2024-07-11 20:00:00,5.945,5.956,5.913,5.943,31437.48
2024-07-11 21:00:00,5.943,5.954,5.897,5.925,13015.013
2024-07-11 22:00:00,5.925,5.946,5.897,5.925,12813.337
2024-07-11 23:00:00,5.925,5.932,5.897,5.905,14385.485
2024-07-12 00:00:00,5.905,5.94,5.889,5.893,40251.77
2024-07-12 01:00:00,5.893,5.931,5.833,5.913,28703.145
2024-07-12 02:00:00,5.913,5.935,5.9,5.931,6407.985
2024-07-12 03:00:00,5.931,5.936,5.885,5.893,6363.608
2024-07-12 04:00:00,5.893,5.894,5.84,5.879,9032.404
2024-07-12 05:00:00,5.879,5.892,5.866,5.876,8442.135
2024-07-12 06:00:00,5.876,5.921,5.87,5.889,13014.461
2024-07-12 07:00:00,5.889,5.898,5.845,5.859,17368.695
2024-07-12 08:00:00,5.859,5.88,5.844,5.873,6566.073
2024-07-12 09:00:00,5.873,5.875,5.825,5.839,13579.835
2024-07-12 10:00:00,5.839,5.861,5.803,5.844,22387.821
2024-07-12 11:00:00,5.844,5.857,5.82,5.828,10194.81
2024-07-12 12:00:00,5.828,5.887,5.821,5.886,58093.854
2024-07-12 13:00:00,5.886,5.967,5.881,5.963,87753.878
2024-07-12 14:00:00,5.963,6.003,5.939,6.002,67344.027
2024-07-12 15:00:00,6.002,6.015,5.966,6.002,17161.466
2024-07-12 16:00:00,6.002,6.04,5.975,6.039,14937.924
2024-07-12 17:00:00,6.039,6.063,6.013,6.046,20173.656
2024-07-12 18:00:00,6.046,6.102,6.035,6.089,35383.445
2024-07-12 19:00:00,6.089,6.092,5.997,6.001,24780.924
2024-07-12 20:00:00,6.001,6.039,5.957,6.023,33798.468
2024-07-12 21:00:00,6.023,6.038,6.023,6.034,6050.251
2024-07-12 22:00:00,6.034,6.085,6.034,6.074,5674.517
2024-07-12 23:00:00,6.074,6.102,6.074,6.102,9685.585
2024-07-13 00:00:00,6.102,6.108,6.076,6.091,19423.62
2024-07-13 01:00:00,6.091,6.11,6.087,6.097,11948.88
2024-07-13 02:00:00,6.097,6.103,6.077,6.101,5596.102
2024-07-13 03:00:00,6.101,6.133,6.096,6.128,13436.243
2024-07-13 04:00:00,6.128,6.149,6.121,6.143,33336.324
2024-07-13 05:00:00,6.143,6.244,6.14,6.231,41625.95
2024-07-13 06:00:00,6.231,6.258,6.214,6.248,48824.966
2024-07-13 07:00:00,6.248,6.281,6.231,6.263,49463.003
2024-07-13 08:00:00,6.263,6.29,6.209,6.209,44397.16
2024-07-13 09:00:00,6.209,6.264,6.209,6.244,44828.636
2024-07-13 10:00:00,6.244,6.274,6.2,6.229,19283.474
2024-07-13 11:00:00,6.229,6.237,6.199,6.222,22988.279
2024-07-13 12:00:00,6.222,6.238,6.212,6.227,12447.504
2024-07-13 13:00:00,6.227,6.227,6.186,6.194,9153.367
2024-07-13 14:00:00,6.194,6.224,6.177,6.221,19453.872
2024-07-13 15:00:00,6.221,6.277,6.203,6.271,23060.269
2024-07-13 16:00:00,6.271,6.286,6.247,6.254,15784.586
2024-07-13 17:00:00,6.254,6.278,6.235,6.262,13932.076
2024-07-13 18:00:00,6.262,6.271,6.238,6.266,24491.492
2024-07-13 19:00:00,6.266,6.308,6.251,6.305,14410.652
2024-07-13 20:00:00,6.305,6.305,6.249,6.249,14272.821
2024-07-13 21:00:00,6.249,6.252,6.223,6.228,4908.317
2024-07-13 22:00:00,6.228,6.269,6.191,6.267,25517.563
2024-07-13 23:00:00,6.267,6.288,6.233,6.235,19489.038
2024-07-14 00:00:00,6.235,6.264,6.203,6.239,10898.118
2024-07-14 01:00:00,6.239,6.268,6.224,6.244,14634.609
2024-07-14 02:00:00,6.244,6.245,6.16,6.178,19247.48
2024-07-14 03:00:00,6.178,6.211,6.178,6.188,31037.805
2024-07-14 04:00:00,6.188,6.236,6.186,6.206,30770.259
2024-07-14 05:00:00,6.206,6.228,6.174,6.217,21525.197
2024-07-14 06:00:00,6.217,6.235,6.189,6.234,58120.186
2024-07-14 07:00:00,6.234,6.252,6.217,6.226,69838.236
2024-07-14 08:00:00,6.226,6.268,6.226,6.255,45384.467
2024-07-14 09:00:00,6.255,6.323,6.249,6.291,139123.99
2024-07-14 10:00:00,6.291,6.3,6.231,6.234,27509.02
2024-07-14 11:00:00,6.234,6.272,6.234,6.24,66253.225
2024-07-14 12:00:00,6.24,6.242,6.181,6.213,52932.428
2024-07-14 13:00:00,6.213,6.236,6.203,6.21,28204.868
2024-07-14 14:00:00,6.21,6.247,6.185,6.242,45497.376
2024-07-14 15:00:00,6.242,6.291,6.224,6.29,53737.741
2024-07-14 16:00:00,6.29,6.293,6.257,6.273,37642.653
2024-07-14 17:00:00,6.273,6.273,6.24,6.26,23019.95
2024-07-14 18:00:00,6.26,6.26,6.226,6.237,10212.859
2024-07-14 19:00:00,6.237,6.241,6.216,6.234,60759.343
2024-07-14 20:00:00,6.234,6.316,6.231,6.28,140000.336
2024-07-14 21:00:00,6.28,6.346,6.272,6.345,31639.035
2024-07-14 22:00:00,6.345,6.352,6.299,6.323,42291.055
2024-07-14 23:00:00,6.323,6.358,6.305,6.32,43948.779
2024-07-15 00:00:00,6.32,6.389,6.31,6.372,73458.153
2024-07-15 01:00:00,6.372,6.398,6.354,6.36,49090.116
2024-07-15 02:00:00,6.36,6.515,6.36,6.487,263232.517
2024-07-15 03:00:00,6.487,6.52,6.457,6.514,115530.594
2024-07-15 04:00:00,6.514,6.533,6.49,6.51,43806.76
2024-07-15 05:00:00,6.51,6.538,6.463,6.471,60066.9
2024-07-15 06:00:00,6.471,6.511,6.457,6.494,74547.66
2024-07-15 07:00:00,6.494,6.535,6.475,6.503,125528.358
2024-07-15 08:00:00,6.503,6.517,6.423,6.435,118938.821
2024-07-15 09:00:00,6.435,6.435,6.343,6.366,262276.208
2024-07-15 10:00:00,6.366,6.37,6.318,6.326,75980.508
2024-07-15 11:00:00,6.326,6.356,6.312,6.322,89143.357
2024-07-15 12:00:00,6.322,6.361,6.322,6.33,83687.164
2024-07-15 13:00:00,6.33,6.371,6.311,6.339,80193.623
2024-07-15 14:00:00,6.339,6.366,6.298,6.364,67782.613
2024-07-15 15:00:00,6.364,6.389,6.298,6.325,72834.858
2024-07-15 16:00:00,6.325,6.401,6.302,6.36,93726.916
2024-07-15 17:00:00,6.36,6.402,6.337,6.349,50550.097
2024-07-15 18:00:00,6.349,6.413,6.338,6.377,43388.39
2024-07-15 19:00:00,6.377,6.428,6.357,6.394,122343.557
2024-07-15 20:00:00,6.394,6.45,6.389,6.427,75103.898
2024-07-15 21:00:00,6.427,6.449,6.419,6.424,31155.529
2024-07-15 22:00:00,6.424,6.501,6.412,6.456,71490.548
2024-07-15 23:00:00,6.456,6.51,6.432,6.489,42286.184
2024-07-16 00:00:00,6.489,6.517,6.44,6.471,100972.223
2024-07-16 01:00:00,6.471,6.494,6.438,6.494,51838.907
2024-07-16 02:00:00,6.494,6.494,6.44,6.46,40863.264
2024-07-16 03:00:00,6.46,6.484,6.43,6.477,69503.219
2024-07-16 04:00:00,6.477,6.489,6.418,6.431,44285.704
2024-07-16 05:00:00,6.431,6.457,6.289,6.321,141744.79
2024-07-16 06:00:00,6.321,6.353,6.198,6.216,76888.043
2024-07-16 07:00:00,6.216,6.272,6.192,6.215,102644.816
2024-07-16 08:00:00,6.215,6.25,6.128,6.228,108663.341
2024-07-16 09:00:00,6.228,6.256,6.2,6.243,63238.937
2024-07-16 10:00:00,6.243,6.287,6.218,6.249,35392.803
2024-07-16 11:00:00,6.249,6.292,6.22,6.277,48871.624
2024-07-16 12:00:00,6.277,6.309,6.24,6.256,54769.643
2024-07-16 13:00:00,6.256,6.302,6.228,6.268,67868.546
2024-07-16 14:00:00,6.268,6.406,6.254,6.406,95290.828
2024-07-16 15:00:00,6.406,6.482,6.406,6.462,105196.086
2024-07-16 16:00:00,6.462,6.483,6.382,6.468,107137.813
2024-07-16 17:00:00,6.468,6.471,6.402,6.424,51652.003
2024-07-16 18:00:00,6.424,6.425,6.358,6.379,21542.394
2024-07-16 19:00:00,6.379,6.413,6.358,6.385,20912.107
2024-07-16 20:00:00,6.385,6.401,6.339,6.342,60689.658
2024-07-16 21:00:00,6.342,6.384,6.328,6.342,25810.665
2024-07-16 22:00:00,6.342,6.352,6.299,6.326,31277.315
2024-07-16 23:00:00,6.326,6.373,6.312,6.337,25650.023
2024-07-17 00:00:00,6.337,6.417,6.334,6.409,31542.84
2024-07-17 01:00:00,6.409,6.481,6.409,6.44,74373.966
2024-07-17 02:00:00,6.44,6.478,6.426,6.441,41938.252
2024-07-17 03:00:00,6.441,6.442,6.386,6.422,30980.719
2024-07-17 04:00:00,6.422,6.502,6.422,6.498,63389.427
2024-07-17 05:00:00,6.498,6.498,6.453,6.454,38290.268
2024-07-17 06:00:00,6.454,6.499,6.432,6.468,37320.636
2024-07-17 07:00:00,6.468,6.492,6.455,6.47,50613.041
2024-07-17 08:00:00,6.47,6.49,6.395,6.441,138028.946
2024-07-17 09:00:00,6.441,6.49,6.437,6.48,37968.393
2024-07-17 10:00:00,6.48,6.51,6.461,6.473,53757.531
2024-07-17 11:00:00,6.473,6.475,6.405,6.438,50531.794
2024-07-17 12:00:00,6.438,6.487,6.425,6.453,46468.262
2024-07-17 13:00:00,6.453,6.535,6.421,6.519,85197.368
2024-07-17 14:00:00,6.519,6.534,6.457,6.471,57083.497
2024-07-17 15:00:00,6.471,6.483,6.38,6.385,71091.37
2024-07-17 16:00:00,6.385,6.391,6.284,6.343,152724.89
2024-07-17 17:00:00,6.343,6.361,6.31,6.326,52390.225
2024-07-17 18:00:00,6.326,6.359,6.323,6.348,13505.443
2024-07-17 19:00:00,6.348,6.398,6.346,6.372,24799.601
2024-07-17 20:00:00,6.372,6.388,6.327,6.329,13740.277
2024-07-17 21:00:00,6.329,6.333,6.277,6.3,38096.275
2024-07-17 22:00:00,6.3,6.313,6.263,6.28,45662.329
2024-07-17 23:00:00,6.28,6.302,6.247,6.257,32074.505
2024-07-18 00:00:00,6.257,6.369,6.256,6.359,42601.065
2024-07-18 01:00:00,6.359,6.397,6.354,6.389,36782.72
2024-07-18 02:00:00,6.389,6.408,6.306,6.35,35328.706
2024-07-18 03:00:00,6.35,6.383,6.342,6.364,35496.53
2024-07-18 04:00:00,6.364,6.375,6.329,6.334,11196.168
2024-07-18 05:00:00,6.334,6.353,6.304,6.341,28490.757
2024-07-18 06:00:00,6.341,6.396,6.334,6.375,30483.567
2024-07-18 07:00:00,6.375,6.378,6.27,6.273,100366.605
2024-07-18 08:00:00,6.273,6.288,6.185,6.242,147196.364
2024-07-18 09:00:00,6.242,6.242,6.19,6.196,43739.935
2024-07-18 10:00:00,6.196,6.196,6.127,6.171,47608.52
2024-07-18 11:00:00,6.171,6.2,6.133,6.195,37951.525
2024-07-18 12:00:00,6.195,6.24,6.183,6.228,40530.876
2024-07-18 13:00:00,6.228,6.261,6.182,6.219,82704.914
2024-07-18 14:00:00,6.219,6.277,6.134,6.183,88279.415
2024-07-18 15:00:00,6.183,6.189,6.078,6.085,106739.379
2024-07-18 16:00:00,6.085,6.145,6.02,6.134,189307.004
2024-07-18 17:00:00,6.134,6.143,6.076,6.083,37033.548
2024-07-18 18:00:00,6.083,6.098,6.064,6.082,33841.102
2024-07-18 19:00:00,6.082,6.104,6.039,6.091,53768.212
2024-07-18 20:00:00,6.091,6.103,6.06,6.1,36043.161
2024-07-18 21:00:00,6.1,6.102,6.056,6.09,36998.284
2024-07-18 22:00:00,6.09,6.131,6.078,6.107,23762.021
2024-07-18 23:00:00,6.107,6.113,6.089,6.093,11509.426
2024-07-19 00:00:00,6.093,6.109,6.058,6.067,22036.057
2024-07-19 01:00:00,6.067,6.07,5.983,6.064,62124.317
2024-07-19 02:00:00,6.064,6.078,6.033,6.05,9437.93
2024-07-19 03:00:00,6.05,6.136,6.045,6.134,25565.486
2024-07-19 04:00:00,6.134,6.139,6.083,6.083,16325.632
2024-07-19 05:00:00,6.083,6.098,6.064,6.091,15806.63
2024-07-19 06:00:00,6.091,6.248,6.091,6.163,218971.172
2024-07-19 07:00:00,6.163,6.164,6.069,6.091,56718.928
2024-07-19 08:00:00,6.091,6.123,6.053,6.107,54114.33
2024-07-19 09:00:00,6.107,6.143,6.064,6.071,53348.285
2024-07-19 10:00:00,6.071,6.123,6.062,6.09,47953.912
2024-07-19 11:00:00,6.09,6.125,6.09,6.124,18617.26
2024-07-19 12:00:00,6.124,6.17,6.106,6.156,33891.469
2024-07-19 13:00:00,6.156,6.222,6.123,6.202,65392.996
2024-07-19 14:00:00,6.202,6.252,6.189,6.246,105133.535
2024-07-19 15:00:00,6.246,6.258,6.197,6.244,46591.869
2024-07-19 16:00:00,6.244,6.302,6.242,6.287,73455.998
2024-07-19 17:00:00,6.287,6.299,6.261,6.285,69536.126
2024-07-19 18:00:00,6.285,6.298,6.266,6.285,36683.432
2024-07-19 19:00:00,6.285,6.323,6.281,6.322,50491.958
2024-07-19 20:00:00,6.322,6.35,6.309,6.322,40262.503
2024-07-19 21:00:00,6.322,6.342,6.31,6.31,13777.28
2024-07-19 22:00:00,6.31,6.334,6.31,6.324,13258.083
2024-07-19 23:00:00,6.324,6.346,6.322,6.338,16662.309
2024-07-20 00:00:00,6.338,6.36,6.293,6.337,78269.868
2024-07-20 01:00:00,6.337,6.362,6.314,6.325,18513.117
2024-07-20 02:00:00,6.325,6.341,6.321,6.33,7997.648
2024-07-20 03:00:00,6.33,6.344,6.325,6.326,11270.869
2024-07-20 04:00:00,6.326,6.365,6.324,6.364,18710.202
2024-07-20 05:00:00,6.364,6.364,6.313,6.323,10932.977
2024-07-20 06:00:00,6.323,6.34,6.318,6.339,11484.873
2024-07-20 07:00:00,6.339,6.349,6.318,6.319,9354.423
2024-07-20 08:00:00,6.319,6.344,6.311,6.322,10378.455
2024-07-20 09:00:00,6.322,6.332,6.299,6.305,11309.065
2024-07-20 10:00:00,6.305,6.32,6.288,6.302,8156.473
2024-07-20 11:00:00,6.302,6.302,6.258,6.261,23997.515
2024-07-20 12:00:00,6.261,6.289,6.253,6.268,27050.755
2024-07-20 13:00:00,6.268,6.277,6.223,6.266,50929.17
2024-07-20 14:00:00,6.266,6.329,6.26,6.312,15879.143
2024-07-20 15:00:00,6.312,6.342,6.31,6.328,19386.87
2024-07-20 16:00:00,6.328,6.361,6.309,6.321,27312.147
2024-07-20 17:00:00,6.321,6.396,6.308,6.38,73943.199
2024-07-20 18:00:00,6.38,6.382,6.345,6.367,31412.57
2024-07-20 19:00:00,6.367,6.377,6.328,6.329,23565.695
2024-07-20 20:00:00,6.329,6.35,6.327,6.342,16354.719
2024-07-20 21:00:00,6.342,6.343,6.306,6.328,17744.229
2024-07-20 22:00:00,6.328,6.342,6.308,6.317,5637.433
2024-07-20 23:00:00,6.317,6.338,6.313,6.332,6499.031
2024-07-21 00:00:00,6.332,6.369,6.326,6.326,8091.604
2024-07-21 01:00:00,6.326,6.374,6.325,6.366,4631.17
2024-07-21 02:00:00,6.366,6.368,6.345,6.345,9146.144
2024-07-21 03:00:00,6.345,6.364,6.34,6.34,10275.79
2024-07-21 04:00:00,6.34,6.35,6.318,6.322,6324.216
2024-07-21 05:00:00,6.322,6.325,6.297,6.308,7180.023
2024-07-21 06:00:00,6.308,6.315,6.256,6.259,27371.37
2024-07-21 07:00:00,6.259,6.276,6.232,6.256,24721.767
2024-07-21 08:00:00,6.256,6.281,6.253,6.268,6001.27
2024-07-21 09:00:00,6.268,6.298,6.265,6.288,13726.74
2024-07-21 10:00:00,6.288,6.303,6.278,6.279,15125.782
2024-07-21 11:00:00,6.279,6.29,6.253,6.269,21346.896
2024-07-21 12:00:00,6.269,6.288,6.249,6.263,21828.144
2024-07-21 13:00:00,6.263,6.275,6.23,6.243,15743.006
2024-07-21 14:00:00,6.243,6.311,6.21,6.304,17433.527
2024-07-21 15:00:00,6.304,6.334,6.271,6.286,22109.517
2024-07-21 16:00:00,6.286,6.33,6.262,6.325,23809.358
2024-07-21 17:00:00,6.325,6.34,6.21,6.243,44945.92
2024-07-21 18:00:00,6.243,6.263,6.102,6.2,112148.919
2024-07-21 19:00:00,6.2,6.275,6.17,6.268,38170.126
2024-07-21 20:00:00,6.268,6.403,6.262,6.367,119928.255
2024-07-21 21:00:00,6.367,6.423,6.357,6.421,39039.076
2024-07-21 22:00:00,6.421,6.448,6.397,6.398,10459.867
2024-07-21 23:00:00,6.398,6.432,6.398,6.431,17592.166
2024-07-22 00:00:00,6.431,6.476,6.428,6.451,28887.911
2024-07-22 01:00:00,6.451,6.457,6.399,6.405,24718.633
2024-07-22 02:00:00,6.405,6.42,6.374,6.409,44642.753
2024-07-22 03:00:00,6.409,6.413,6.364,6.372,9278.08
2024-07-22 04:00:00,6.372,6.373,6.347,6.35,42707.214
2024-07-22 05:00:00,6.35,6.351,6.26,6.298,21469.178
2024-07-22 06:00:00,6.298,6.309,6.219,6.255,22479.349
2024-07-22 07:00:00,6.255,6.267,6.222,6.251,42362.182
2024-07-22 08:00:00,6.251,6.274,6.216,6.224,18421.884
2024-07-22 09:00:00,6.224,6.264,6.209,6.261,22405.548
2024-07-22 10:00:00,6.261,6.3,6.251,6.298,26213.519
2024-07-22 11:00:00,6.298,6.319,6.285,6.315,16680.15
2024-07-22 12:00:00,6.315,6.335,6.28,6.332,19734.401
2024-07-22 13:00:00,6.332,6.352,6.238,6.246,75949.362
2024-07-22 14:00:00,6.246,6.274,6.203,6.222,46233.694
2024-07-22 15:00:00,6.222,6.246,6.202,6.22,14294.587
2024-07-22 16:00:00,6.22,6.227,6.173,6.184,37323.162
2024-07-22 17:00:00,6.184,6.204,6.172,6.196,25003.135
2024-07-22 18:00:00,6.196,6.212,6.166,6.187,36273.863
2024-07-22 19:00:00,6.187,6.234,6.175,6.231,15794.874
2024-07-22 20:00:00,6.231,6.239,6.206,6.233,17540.757
2024-07-22 21:00:00,6.233,6.235,6.15,6.173,41540.321
2024-07-22 22:00:00,6.173,6.173,6.102,6.129,26739.84
2024-07-22 23:00:00,6.129,6.13,6.081,6.098,27187.066
2024-07-23 00:00:00,6.098,6.137,6.084,6.117,12909.934
2024-07-23 01:00:00,6.117,6.165,6.105,6.139,18864.302
2024-07-23 02:00:00,6.139,6.162,6.11,6.15,15727.372
2024-07-23 03:00:00,6.15,6.155,6.119,6.121,11563.392
2024-07-23 04:00:00,6.121,6.133,6.046,6.056,16913.409
2024-07-23 05:00:00,6.056,6.069,5.981,6.013,50703.263
2024-07-23 06:00:00,6.013,6.038,5.979,6.017,36973.77
2024-07-23 07:00:00,6.017,6.022,5.979,5.998,64852.849
2024-07-23 08:00:00,5.998,6.13,5.992,6.118,61361.929
2024-07-23 09:00:00,6.118,6.14,6.087,6.102,30368.453
2024-07-23 10:00:00,6.102,6.114,6.071,6.08,19557.916
2024-07-23 11:00:00,6.08,6.08,6.023,6.05,25994.227
2024-07-23 12:00:00,6.05,6.052,5.97,6.017,65452.556
2024-07-23 13:00:00,6.017,6.034,5.939,5.962,77420.534
2024-07-23 14:00:00,5.962,6.062,5.944,6.02,102657.886
2024-07-23 15:00:00,6.02,6.021,5.936,5.946,52294.572
2024-07-23 16:00:00,5.946,5.948,5.812,5.817,76787.934
2024-07-23 17:00:00,5.817,5.896,5.803,5.896,69136.983
2024-07-23 18:00:00,5.896,5.901,5.855,5.887,18781.171
2024-07-23 19:00:00,5.887,5.943,5.883,5.936,20678.679
2024-07-23 20:00:00,5.936,5.958,5.922,5.941,45408.52
2024-07-23 21:00:00,5.941,5.959,5.913,5.913,19571.206
2024-07-23 22:00:00,5.913,5.93,5.899,5.918,8462.004
2024-07-23 23:00:00,5.918,5.932,5.898,5.919,4961.174
2024-07-24 00:00:00,5.919,5.947,5.885,5.89,25676.427
2024-07-24 01:00:00,5.89,5.937,5.877,5.893,19352.16
2024-07-24 02:00:00,5.893,5.934,5.886,5.931,18886.485
2024-07-24 03:00:00,5.931,5.95,5.923,5.942,24875.364
2024-07-24 04:00:00,5.942,5.948,5.919,5.921,13852.348
2024-07-24 05:00:00,5.921,5.925,5.894,5.923,13335.956
2024-07-24 06:00:00,5.923,5.947,5.916,5.937,18958.109
2024-07-24 07:00:00,5.937,5.973,5.931,5.963,19040.62
2024-07-24 08:00:00,5.963,5.983,5.947,5.979,23350.532
2024-07-24 09:00:00,5.979,5.98,5.963,5.976,19264.485
2024-07-24 10:00:00,5.976,5.998,5.971,5.994,20929.763
2024-07-24 11:00:00,5.994,5.995,5.973,5.988,20340.264
2024-07-24 12:00:00,5.988,5.994,5.961,5.963,14358.66
2024-07-24 13:00:00,5.963,5.996,5.951,5.955,23047.286
2024-07-24 14:00:00,5.955,5.981,5.938,5.959,44594.242
2024-07-24 15:00:00,5.959,5.968,5.891,5.896,46889.778
2024-07-24 16:00:00,5.896,5.915,5.865,5.908,27541.869
2024-07-24 17:00:00,5.908,5.93,5.903,5.914,19525.485
2024-07-24 18:00:00,5.914,5.917,5.837,5.841,48413.058
2024-07-24 19:00:00,5.841,5.881,5.822,5.831,33976.099
2024-07-24 20:00:00,5.831,5.851,5.806,5.808,24709.122
2024-07-24 21:00:00,5.808,5.812,5.657,5.747,73997.363
2024-07-24 22:00:00,5.747,5.747,5.708,5.72,18651.308
2024-07-24 23:00:00,5.72,5.752,5.687,5.747,34283.698
2024-07-25 00:00:00,5.747,5.778,5.738,5.759,27019.478
2024-07-25 01:00:00,5.759,5.759,5.56,5.658,224033.601
2024-07-25 02:00:00,5.658,5.661,5.584,5.651,71420.567
2024-07-25 03:00:00,5.651,5.656,5.614,5.635,53804.744
2024-07-25 04:00:00,5.635,5.687,5.611,5.687,58998.05
2024-07-25 05:00:00,5.687,5.71,5.661,5.667,29329.24
2024-07-25 06:00:00,5.667,5.708,5.652,5.693,19587.733
2024-07-25 07:00:00,5.693,5.714,5.682,5.701,29218.964
2024-07-25 08:00:00,5.701,5.753,5.677,5.751,42833.399
2024-07-25 09:00:00,5.751,5.769,5.735,5.753,28963.972
2024-07-25 10:00:00,5.753,5.753,5.694,5.713,27934.67
2024-07-25 11:00:00,5.713,5.744,5.709,5.717,21183.049
2024-07-25 12:00:00,5.717,5.746,5.675,5.692,37973.722
2024-07-25 13:00:00,5.692,5.734,5.659,5.703,51208.351
2024-07-25 14:00:00,5.703,5.751,5.635,5.731,65990.964
2024-07-25 15:00:00,5.731,5.747,5.662,5.676,37302.325
2024-07-25 16:00:00,5.676,5.741,5.64,5.722,83274.366
2024-07-25 17:00:00,5.722,5.762,5.718,5.755,89986.448
2024-07-25 18:00:00,5.755,5.755,5.616,5.645,77299.482
2024-07-25 19:00:00,5.645,5.68,5.593,5.642,55362.433
2024-07-25 20:00:00,5.642,5.682,5.541,5.682,98008.531
2024-07-25 21:00:00,5.682,5.736,5.678,5.719,48026.398
2024-07-25 22:00:00,5.719,5.75,5.711,5.739,17569.813
2024-07-25 23:00:00,5.739,5.759,5.733,5.757,16032.086
2024-07-26 00:00:00,5.757,5.773,5.731,5.758,33700.172
2024-07-26 01:00:00,5.758,5.779,5.727,5.74,34053.926
2024-07-26 02:00:00,5.74,5.803,5.727,5.803,112382.946
2024-07-26 03:00:00,5.803,5.837,5.787,5.797,43455.069
2024-07-26 04:00:00,5.797,5.82,5.789,5.797,26334.132
2024-07-26 05:00:00,5.797,5.828,5.79,5.828,12755.935
2024-07-26 06:00:00,5.828,5.867,5.822,5.86,20874.651
2024-07-26 07:00:00,5.86,5.873,5.825,5.862,65586.855
2024-07-26 08:00:00,5.862,5.866,5.844,5.864,19071.949
2024-07-26 09:00:00,5.864,5.893,5.856,5.884,24170.548
2024-07-26 10:00:00,5.884,5.885,5.849,5.86,27396.101
2024-07-26 11:00:00,5.86,5.866,5.824,5.824,60959.433
2024-07-26 12:00:00,5.824,5.838,5.799,5.807,29919.742
2024-07-26 13:00:00,5.807,5.855,5.706,5.85,134000.784
2024-07-26 14:00:00,5.85,5.87,5.772,5.801,45817.295
2024-07-26 15:00:00,5.801,5.832,5.797,5.82,19071.487
2024-07-26 16:00:00,5.82,5.863,5.808,5.839,74231.435
2024-07-26 17:00:00,5.839,5.856,5.838,5.847,16456.644
2024-07-26 18:00:00,5.847,5.866,5.844,5.853,15513.577
2024-07-26 19:00:00,5.853,5.873,5.847,5.855,105024.525
2024-07-26 20:00:00,5.855,5.858,5.825,5.832,21791.591
2024-07-26 21:00:00,5.832,5.866,5.825,5.845,9258.464
2024-07-26 22:00:00,5.845,5.859,5.838,5.859,18892.705
2024-07-26 23:00:00,5.859,5.873,5.855,5.868,7716.188
2024-07-27 00:00:00,5.868,5.869,5.846,5.848,19001.148
2024-07-27 01:00:00,5.848,5.851,5.814,5.818,20829.763
2024-07-27 02:00:00,5.818,5.851,5.816,5.851,12072.884
2024-07-27 03:00:00,5.851,5.856,5.824,5.827,16168.156
2024-07-27 04:00:00,5.827,5.844,5.825,5.844,5131.259
2024-07-27 05:00:00,5.844,5.868,5.842,5.849,6136.031
2024-07-27 06:00:00,5.849,5.865,5.847,5.865,8789.362
2024-07-27 07:00:00,5.865,5.902,5.863,5.876,28658.943
2024-07-27 08:00:00,5.876,5.89,5.85,5.858,22113.2
2024-07-27 09:00:00,5.858,5.874,5.845,5.863,12550.533
2024-07-27 10:00:00,5.863,5.875,5.854,5.863,15565.404
2024-07-27 11:00:00,5.863,5.887,5.854,5.879,18121.514
2024-07-27 12:00:00,5.879,5.895,5.868,5.875,51559.609
2024-07-27 13:00:00,5.875,5.942,5.874,5.927,39151.278
2024-07-27 14:00:00,5.927,5.941,5.858,5.879,61580.07
2024-07-27 15:00:00,5.879,5.887,5.794,5.836,58070.63
2024-07-27 16:00:00,5.836,5.869,5.814,5.824,40127.435
2024-07-27 17:00:00,5.824,5.847,5.804,5.813,16432.401
2024-07-27 18:00:00,5.813,5.852,5.797,5.804,33055.254
2024-07-27 19:00:00,5.804,5.842,5.77,5.836,95154.871
2024-07-27 20:00:00,5.836,5.836,5.714,5.803,124433.916
2024-07-27 21:00:00,5.803,5.883,5.783,5.878,49962.228
2024-07-27 22:00:00,5.878,5.893,5.865,5.874,21576.809
2024-07-27 23:00:00,5.874,5.876,5.82,5.825,22197.286
2024-07-28 00:00:00,5.825,5.832,5.769,5.817,48209.634
2024-07-28 01:00:00,5.817,5.842,5.81,5.819,10708.91
2024-07-28 02:00:00,5.819,5.828,5.806,5.817,8174.036
2024-07-28 03:00:00,5.817,5.818,5.789,5.789,9806.334
2024-07-28 04:00:00,5.789,5.79,5.715,5.716,36086.981
2024-07-28 05:00:00,5.716,5.743,5.686,5.734,55323.029
2024-07-28 06:00:00,5.734,5.749,5.728,5.746,15739.355
2024-07-28 07:00:00,5.746,5.756,5.734,5.751,17295.39
2024-07-28 08:00:00,5.751,5.77,5.73,5.744,9854.034
2024-07-28 09:00:00,5.744,5.762,5.743,5.749,11524.699
2024-07-28 10:00:00,5.749,5.774,5.747,5.757,13580.692
2024-07-28 11:00:00,5.757,5.771,5.74,5.74,12958.685
2024-07-28 12:00:00,5.74,5.764,5.737,5.756,10939.032
2024-07-28 13:00:00,5.756,5.762,5.74,5.745,10996.22
2024-07-28 14:00:00,5.745,5.745,5.697,5.709,23681.8
2024-07-28 15:00:00,5.709,5.726,5.7,5.71,15227.987
2024-07-28 16:00:00,5.71,5.719,5.684,5.684,37617.715
2024-07-28 17:00:00,5.684,5.712,5.672,5.705,22557.689
2024-07-28 18:00:00,5.705,5.736,5.693,5.731,20891.35
2024-07-28 19:00:00,5.731,5.758,5.72,5.749,23223.091
2024-07-28 20:00:00,5.749,5.755,5.701,5.705,18504.904
2024-07-28 21:00:00,5.705,5.715,5.683,5.702,6320.578
2024-07-28 22:00:00,5.702,5.72,5.682,5.703,24309.165
2024-07-28 23:00:00,5.703,5.729,5.701,5.72,18108.135
2024-07-29 00:00:00,5.72,5.79,5.719,5.774,74382.463
2024-07-29 01:00:00,5.774,5.788,5.742,5.744,17791.496
2024-07-29 02:00:00,5.744,5.849,5.737,5.846,31536.237
2024-07-29 03:00:00,5.846,5.868,5.811,5.827,57116.939
2024-07-29 04:00:00,5.827,5.844,5.807,5.819,10384.585
2024-07-29 05:00:00,5.819,5.851,5.809,5.851,37681.492
2024-07-29 06:00:00,5.851,5.866,5.828,5.845,59562.446
2024-07-29 07:00:00,5.845,5.859,5.832,5.859,48830.492
2024-07-29 08:00:00,5.859,5.862,5.834,5.844,41860.032
2024-07-29 09:00:00,5.844,5.876,5.841,5.864,30474.56
2024-07-29 10:00:00,5.864,5.864,5.825,5.83,16835.874
2024-07-29 11:00:00,5.83,5.833,5.814,5.817,26724.52
2024-07-29 12:00:00,5.817,5.85,5.809,5.84,35574.844
2024-07-29 13:00:00,5.84,5.85,5.809,5.818,115768.962
2024-07-29 14:00:00,5.818,5.825,5.755,5.763,60769.023
2024-07-29 15:00:00,5.763,5.774,5.681,5.719,88326.08
2024-07-29 16:00:00,5.719,5.732,5.655,5.667,49403.262
2024-07-29 17:00:00,5.667,5.724,5.659,5.708,55133.836
2024-07-29 18:00:00,5.708,5.732,5.7,5.717,35494.192
2024-07-29 19:00:00,5.717,5.717,5.674,5.703,29587.819
2024-07-29 20:00:00,5.703,5.712,5.667,5.684,56651.808
2024-07-29 21:00:00,5.684,5.684,5.647,5.68,11783.187
2024-07-29 22:00:00,5.68,5.69,5.637,5.642,11950.044
2024-07-29 23:00:00,5.642,5.669,5.623,5.651,26341.76
2024-07-30 00:00:00,5.651,5.679,5.608,5.679,32953.311
2024-07-30 01:00:00,5.679,5.715,5.645,5.657,25586.138
2024-07-30 02:00:00,5.657,5.685,5.627,5.667,16294.705
2024-07-30 03:00:00,5.667,5.692,5.662,5.689,7127.858
2024-07-30 04:00:00,5.689,5.696,5.674,5.691,9178.497
2024-07-30 05:00:00,5.691,5.693,5.658,5.68,17258.186
2024-07-30 06:00:00,5.68,5.702,5.676,5.701,13608.156
2024-07-30 07:00:00,5.701,5.725,5.695,5.698,22016.914
2024-07-30 08:00:00,5.698,5.706,5.682,5.682,17241.425
2024-07-30 09:00:00,5.682,5.693,5.671,5.683,18179.191
2024-07-30 10:00:00,5.683,5.698,5.661,5.69,21070.371
2024-07-30 11:00:00,5.69,5.7,5.668,5.69,18832.837
2024-07-30 12:00:00,5.69,5.704,5.666,5.684,15349.12
2024-07-30 13:00:00,5.684,5.708,5.647,5.656,20460.649
2024-07-30 14:00:00,5.656,5.677,5.636,5.643,26427.447
2024-07-30 15:00:00,5.643,5.664,5.622,5.649,28311.333
2024-07-30 16:00:00,5.649,5.672,5.628,5.628,25763.651
2024-07-30 17:00:00,5.628,5.629,5.575,5.583,48999.106
2024-07-30 18:00:00,5.583,5.596,5.558,5.582,25524.811
2024-07-30 19:00:00,5.582,5.582,5.511,5.564,117078.776
2024-07-30 20:00:00,5.564,5.571,5.483,5.564,47926.905
2024-07-30 21:00:00,5.564,5.564,5.493,5.524,20314.006
2024-07-30 22:00:00,5.524,5.527,5.495,5.525,25137.77
2024-07-30 23:00:00,5.525,5.53,5.496,5.523,14766.367
2024-07-31 00:00:00,5.523,5.532,5.499,5.521,21073.762
2024-07-31 01:00:00,5.521,5.532,5.494,5.52,31032.743
2024-07-31 02:00:00,5.52,5.531,5.473,5.488,30740.686
2024-07-31 03:00:00,5.488,5.519,5.478,5.515,17520.3
2024-07-31 04:00:00,5.515,5.526,5.457,5.482,60443.208
2024-07-31 05:00:00,5.482,5.529,5.457,5.507,69741.748
2024-07-31 06:00:00,5.507,5.556,5.507,5.55,41078.415
2024-07-31 07:00:00,5.55,5.552,5.521,5.525,35345.237
2024-07-31 08:00:00,5.525,5.542,5.512,5.536,21606.996
2024-07-31 09:00:00,5.536,5.551,5.518,5.539,45605.487
2024-07-31 10:00:00,5.539,5.552,5.532,5.535,38425.291
2024-07-31 11:00:00,5.535,5.552,5.529,5.542,19300.496
2024-07-31 12:00:00,5.542,5.555,5.527,5.529,50875.28
2024-07-31 13:00:00,5.529,5.558,5.529,5.538,78223.308
2024-07-31 14:00:00,5.538,5.55,5.472,5.488,52552.695
2024-07-31 15:00:00,5.488,5.496,5.458,5.46,39669.165
2024-07-31 16:00:00,5.46,5.5,5.414,5.436,99365.221
2024-07-31 17:00:00,5.436,5.521,5.429,5.493,62022.428
2024-07-31 18:00:00,5.493,5.52,5.456,5.509,66144.385
2024-07-31 19:00:00,5.509,5.522,5.391,5.442,77929.099
2024-07-31 20:00:00,5.442,5.442,5.335,5.354,125309.906
2024-07-31 21:00:00,5.354,5.408,5.348,5.408,34556.08
2024-07-31 22:00:00,5.408,5.415,5.365,5.405,15060.354
2024-07-31 23:00:00,5.405,5.405,5.371,5.388,16494.144
2024-08-01 00:00:00,5.388,5.422,5.377,5.416,38220.981
2024-08-01 01:00:00,5.416,5.425,5.36,5.402,54695.618
2024-08-01 02:00:00,5.402,5.412,5.358,5.381,46738.215
2024-08-01 03:00:00,5.381,5.393,5.351,5.365,60386.933
2024-08-01 04:00:00,5.365,5.379,5.272,5.288,114440.999
2024-08-01 05:00:00,5.288,5.36,5.263,5.353,60341.875
2024-08-01 06:00:00,5.353,5.365,5.333,5.34,23512.061
2024-08-01 07:00:00,5.34,5.38,5.336,5.363,21485.099
2024-08-01 08:00:00,5.363,5.381,5.356,5.377,50396.027
2024-08-01 09:00:00,5.377,5.378,5.342,5.346,36059.949
2024-08-01 10:00:00,5.346,5.374,5.337,5.372,30525.415
2024-08-01 11:00:00,5.372,5.379,5.36,5.369,49386.273
2024-08-01 12:00:00,5.369,5.387,5.349,5.359,84310.314
2024-08-01 13:00:00,5.359,5.364,5.324,5.34,31683.194
2024-08-01 14:00:00,5.34,5.345,5.211,5.212,92538.07
2024-08-01 15:00:00,5.212,5.215,5.132,5.161,266594.514
2024-08-01 16:00:00,5.161,5.179,5.084,5.128,154502.681
2024-08-01 17:00:00,5.128,5.146,5.071,5.143,107656.231
2024-08-01 18:00:00,5.143,5.16,5.028,5.142,156075.253
2024-08-01 19:00:00,5.142,5.212,5.137,5.201,52951.762
2024-08-01 20:00:00,5.201,5.272,5.171,5.271,62803.153
2024-08-01 21:00:00,5.271,5.307,5.264,5.278,31082.477
2024-08-01 22:00:00,5.278,5.359,5.274,5.35,49134.779
2024-08-01 23:00:00,5.35,5.367,5.328,5.34,26107.54
2024-08-02 00:00:00,5.34,5.37,5.327,5.327,19745.49
2024-08-02 01:00:00,5.327,5.336,5.291,5.292,40014.294
2024-08-02 02:00:00,5.292,5.315,5.228,5.261,50985.087
2024-08-02 03:00:00,5.261,5.298,5.249,5.282,42675.114
2024-08-02 04:00:00,5.282,5.286,5.236,5.254,42639.413
2024-08-02 05:00:00,5.254,5.257,5.202,5.212,32263.891
2024-08-02 06:00:00,5.212,5.246,5.152,5.226,44623.411
2024-08-02 07:00:00,5.226,5.26,5.19,5.245,27737.315
2024-08-02 08:00:00,5.245,5.28,5.185,5.279,69512.714
2024-08-02 09:00:00,5.279,5.28,5.247,5.263,36060.054
2024-08-02 10:00:00,5.263,5.28,5.234,5.266,26214.784
2024-08-02 11:00:00,5.266,5.274,5.221,5.237,77312.873
2024-08-02 12:00:00,5.237,5.257,5.195,5.255,93446.791
2024-08-02 13:00:00,5.255,5.289,5.221,5.254,109384.507
2024-08-02 14:00:00,5.254,5.265,5.089,5.097,95770.71
2024-08-02 15:00:00,5.097,5.14,5.0,5.127,245136.343
2024-08-02 16:00:00,5.127,5.127,5.069,5.104,124749.315
2024-08-02 17:00:00,5.104,5.133,5.088,5.102,38785.9
2024-08-02 18:00:00,5.102,5.138,5.083,5.104,73181.963
2024-08-02 19:00:00,5.104,5.123,5.066,5.11,67454.512
2024-08-02 20:00:00,5.11,5.153,5.072,5.122,72603.704
2024-08-02 21:00:00,5.122,5.129,5.05,5.12,39568.881
2024-08-02 22:00:00,5.12,5.125,5.088,5.107,46882.897
2024-08-02 23:00:00,5.107,5.135,5.079,5.124,48147.402
2024-08-03 00:00:00,5.124,5.154,5.072,5.094,48078.836
2024-08-03 01:00:00,5.094,5.111,4.998,5.1,111765.514
2024-08-03 02:00:00,5.1,5.13,5.08,5.11,44840.118
2024-08-03 03:00:00,5.11,5.135,5.093,5.135,30151.661
2024-08-03 04:00:00,5.135,5.168,5.121,5.147,47492.4
2024-08-03 05:00:00,5.147,5.177,5.144,5.177,24270.874
2024-08-03 06:00:00,5.177,5.191,5.164,5.179,30742.801
2024-08-03 07:00:00,5.179,5.209,5.171,5.182,26975.853
2024-08-03 08:00:00,5.182,5.185,5.144,5.161,39745.46
2024-08-03 09:00:00,5.161,5.175,5.143,5.164,39967.699
2024-08-03 10:00:00,5.164,5.178,5.15,5.173,24381.281
2024-08-03 11:00:00,5.173,5.179,5.159,5.162,7939.555
2024-08-03 12:00:00,5.162,5.198,5.156,5.172,40254.826
2024-08-03 13:00:00,5.172,5.182,5.161,5.18,12703.501
2024-08-03 14:00:00,5.18,5.207,5.165,5.168,28938.888
2024-08-03 15:00:00,5.168,5.173,5.049,5.057,79914.303
2024-08-03 16:00:00,5.057,5.073,4.98,5.018,102743.665
2024-08-03 17:00:00,5.018,5.018,4.875,4.894,197685.057
2024-08-03 18:00:00,4.894,4.939,4.857,4.903,105295.265
2024-08-03 19:00:00,4.903,4.954,4.886,4.887,97761.19
2024-08-03 20:00:00,4.887,4.958,4.868,4.909,59563.668
2024-08-03 21:00:00,4.909,5.039,4.884,5.038,93291.341
2024-08-03 22:00:00,5.038,5.063,5.022,5.04,38943.513
2024-08-03 23:00:00,5.04,5.069,5.028,5.044,27602.414
2024-08-04 00:00:00,5.044,5.08,5.022,5.077,44099.953
2024-08-04 01:00:00,5.077,5.083,5.022,5.053,45463.896
2024-08-04 02:00:00,5.053,5.098,5.036,5.064,39978.301
2024-08-04 03:00:00,5.064,5.075,5.053,5.072,22810.999
2024-08-04 04:00:00,5.072,5.081,5.031,5.032,28733.864
2024-08-04 05:00:00,5.032,5.059,5.032,5.047,23108.28
2024-08-04 06:00:00,5.047,5.056,5.016,5.029,49230.422
2024-08-04 07:00:00,5.029,5.033,4.952,4.957,79012.126
2024-08-04 08:00:00,4.957,5.0,4.939,4.972,41784.203
2024-08-04 09:00:00,4.972,4.989,4.965,4.972,13742.096
2024-08-04 10:00:00,4.972,4.979,4.946,4.976,17450.978
2024-08-04 11:00:00,4.976,4.981,4.901,4.904,103897.671
2024-08-04 12:00:00,4.904,4.908,4.866,4.904,75212.009
2024-08-04 13:00:00,4.904,4.91,4.888,4.89,26521.394
2024-08-04 14:00:00,4.89,4.897,4.755,4.781,223510.95
2024-08-04 15:00:00,4.781,4.782,4.715,4.721,138406.111
2024-08-04 16:00:00,4.721,4.755,4.639,4.655,200445.049
2024-08-04 17:00:00,4.655,4.663,4.534,4.613,356928.943
2024-08-04 18:00:00,4.613,4.691,4.566,4.688,141670.934
2024-08-04 19:00:00,4.688,4.788,4.658,4.767,96828.562
2024-08-04 20:00:00,4.767,4.827,4.749,4.782,109423.611
2024-08-04 21:00:00,4.782,4.793,4.742,4.753,35134.86
2024-08-04 22:00:00,4.753,4.803,4.74,4.762,53573.88
2024-08-04 23:00:00,4.762,4.763,4.673,4.687,102987.241
2024-08-05 00:00:00,4.687,4.725,4.431,4.475,626953.345
2024-08-05 01:00:00,4.475,4.491,3.944,4.119,2017802.589
2024-08-05 02:00:00,4.119,4.141,4.012,4.135,671532.296
2024-08-05 03:00:00,4.135,4.137,4.005,4.01,382616.538
2024-08-05 04:00:00,4.01,4.047,3.892,3.977,501358.766
2024-08-05 05:00:00,3.977,4.023,3.806,3.919,744168.35
2024-08-05 06:00:00,3.919,3.954,3.585,3.818,1437896.203
2024-08-05 07:00:00,3.818,4.05,3.792,4.014,565534.089
2024-08-05 08:00:00,4.014,4.017,3.894,3.91,667799.164
2024-08-05 09:00:00,3.91,3.98,3.893,3.966,491207.715
2024-08-05 10:00:00,3.966,3.966,3.809,3.848,335329.097
2024-08-05 11:00:00,3.848,3.891,3.719,3.889,392343.992
2024-08-05 12:00:00,3.889,3.925,3.781,3.821,444386.032
2024-08-05 13:00:00,3.821,4.081,3.793,4.057,825946.827
2024-08-05 14:00:00,4.057,4.231,4.057,4.187,634181.089
2024-08-05 15:00:00,4.187,4.25,4.149,4.235,276369.466
2024-08-05 16:00:00,4.235,4.29,4.185,4.187,346560.431
2024-08-05 17:00:00,4.187,4.268,4.169,4.228,195219.366
2024-08-05 18:00:00,4.228,4.23,4.091,4.093,177521.071
2024-08-05 19:00:00,4.093,4.152,4.073,4.123,205015.111
2024-08-05 20:00:00,4.123,4.194,4.118,4.18,198797.312
2024-08-05 21:00:00,4.18,4.238,4.151,4.187,136179.625
2024-08-05 22:00:00,4.187,4.256,4.176,4.244,120364.901
2024-08-05 23:00:00,4.244,4.283,4.196,4.199,124981.631
2024-08-06 00:00:00,4.199,4.384,4.193,4.384,134047.427
2024-08-06 01:00:00,4.384,4.421,4.334,4.361,118457.334
2024-08-06 02:00:00,4.361,4.37,4.31,4.34,102235.381
2024-08-06 03:00:00,4.34,4.358,4.314,4.34,54240.863
2024-08-06 04:00:00,4.34,4.388,4.328,4.374,104117.082
2024-08-06 05:00:00,4.374,4.429,4.349,4.425,79780.123
2024-08-06 06:00:00,4.425,4.456,4.392,4.416,116302.632
2024-08-06 07:00:00,4.416,4.441,4.382,4.436,75888.287
2024-08-06 08:00:00,4.436,4.439,4.307,4.344,148177.189
2024-08-06 09:00:00,4.344,4.363,4.312,4.361,84484.131
2024-08-06 10:00:00,4.361,4.371,4.325,4.349,68722.615
2024-08-06 11:00:00,4.349,4.372,4.324,4.346,46295.032
2024-08-06 12:00:00,4.346,4.365,4.298,4.32,151022.008
2024-08-06 13:00:00,4.32,4.355,4.267,4.322,243061.064
2024-08-06 14:00:00,4.322,4.485,4.314,4.42,252257.551
2024-08-06 15:00:00,4.42,4.492,4.4,4.488,170694.601
2024-08-06 16:00:00,4.488,4.549,4.472,4.527,153691.462
2024-08-06 17:00:00,4.527,4.568,4.515,4.533,117207.138
2024-08-06 18:00:00,4.533,4.603,4.531,4.566,61605.81
2024-08-06 19:00:00,4.566,4.591,4.54,4.55,46311.607
2024-08-06 20:00:00,4.55,4.56,4.49,4.516,77982.644
2024-08-06 21:00:00,4.516,4.547,4.498,4.546,25936.673
2024-08-06 22:00:00,4.546,4.587,4.49,4.518,107806.957
2024-08-06 23:00:00,4.518,4.534,4.481,4.511,49182.801
2024-08-07 00:00:00,4.511,4.554,4.476,4.534,62419.418
2024-08-07 01:00:00,4.534,4.598,4.48,4.586,76024.535
2024-08-07 02:00:00,4.586,4.637,4.517,4.533,87402.295
2024-08-07 03:00:00,4.533,4.569,4.517,4.549,45384.034
2024-08-07 04:00:00,4.549,4.6,4.543,4.56,84857.214
2024-08-07 05:00:00,4.56,4.591,4.546,4.566,91003.03
2024-08-07 06:00:00,4.566,4.589,4.547,4.561,77436.891
2024-08-07 07:00:00,4.561,4.589,4.532,4.57,63146.497
2024-08-07 08:00:00,4.57,4.596,4.536,4.563,76970.792
2024-08-07 09:00:00,4.563,4.617,4.539,4.6,121377.246
2024-08-07 10:00:00,4.6,4.626,4.574,4.576,65799.583
2024-08-07 11:00:00,4.576,4.582,4.544,4.545,35800.897
2024-08-07 12:00:00,4.545,4.644,4.53,4.629,181559.191
2024-08-07 13:00:00,4.629,4.643,4.548,4.568,137475.62
2024-08-07 14:00:00,4.568,4.576,4.402,4.5,373512.507
2024-08-07 15:00:00,4.5,4.544,4.466,4.511,100155.092
2024-08-07 16:00:00,4.511,4.558,4.472,4.548,112320.255
2024-08-07 17:00:00,4.548,4.611,4.51,4.559,218483.834
2024-08-07 18:00:00,4.559,4.574,4.481,4.491,127392.595
2024-08-07 19:00:00,4.491,4.587,4.488,4.583,99463.39
2024-08-07 20:00:00,4.583,4.616,4.506,4.58,150406.84
2024-08-07 21:00:00,4.58,4.604,4.535,4.565,83123.318
2024-08-07 22:00:00,4.565,4.576,4.489,4.563,40075.27
2024-08-07 23:00:00,4.563,4.603,4.556,4.58,29606.338
2024-08-08 00:00:00,4.58,4.598,4.48,4.535,61430.635
2024-08-08 01:00:00,4.535,4.706,4.534,4.693,133206.851
2024-08-08 02:00:00,4.693,4.812,4.69,4.791,128926.978
2024-08-08 03:00:00,4.791,4.824,4.734,4.734,99839.185
2024-08-08 04:00:00,4.734,4.774,4.707,4.72,52685.227
2024-08-08 05:00:00,4.72,4.765,4.715,4.746,34398.509
2024-08-08 06:00:00,4.746,4.781,4.724,4.731,72425.988
2024-08-08 07:00:00,4.731,4.756,4.718,4.72,60294.27
2024-08-08 08:00:00,4.72,4.744,4.716,4.73,47959.766
2024-08-08 09:00:00,4.73,4.73,4.683,4.684,60300.859
2024-08-08 10:00:00,4.684,4.69,4.653,4.67,36822.598
2024-08-08 11:00:00,4.67,4.678,4.61,4.615,133735.364
2024-08-08 12:00:00,4.615,4.708,4.577,4.664,141513.536
2024-08-08 13:00:00,4.664,4.709,4.62,4.672,51539.628
2024-08-08 14:00:00,4.672,4.774,4.668,4.745,87480.33
2024-08-08 15:00:00,4.745,4.761,4.724,4.75,40186.354
2024-08-08 16:00:00,4.75,4.79,4.733,4.745,86404.014
2024-08-08 17:00:00,4.745,4.773,4.722,4.724,53924.269
2024-08-08 18:00:00,4.724,4.762,4.724,4.759,42431.683
2024-08-08 19:00:00,4.759,4.779,4.75,4.76,29938.8
2024-08-08 20:00:00,4.76,4.77,4.748,4.748,27806.802
2024-08-08 21:00:00,4.748,4.849,4.743,4.841,53894.364
2024-08-08 22:00:00,4.841,4.909,4.811,4.89,122865.547
2024-08-08 23:00:00,4.89,4.909,4.847,4.88,92251.09
2024-08-09 00:00:00,4.88,4.925,4.834,4.876,62718.281
2024-08-09 01:00:00,4.876,4.88,4.845,4.861,28457.869
2024-08-09 02:00:00,4.861,4.878,4.839,4.855,20689.75
2024-08-09 03:00:00,4.855,4.871,4.824,4.83,22915.611
2024-08-09 04:00:00,4.83,4.832,4.781,4.784,31551.126
2024-08-09 05:00:00,4.784,4.82,4.764,4.815,38427.282
2024-08-09 06:00:00,4.815,4.825,4.795,4.813,33945.453
2024-08-09 07:00:00,4.813,4.821,4.804,4.817,40453.353
2024-08-09 08:00:00,4.817,4.838,4.802,4.828,37773.418
2024-08-09 09:00:00,4.828,4.833,4.785,4.792,56065.636
2024-08-09 10:00:00,4.792,4.807,4.748,4.767,43191.366
2024-08-09 11:00:00,4.767,4.792,4.759,4.786,51775.242
2024-08-09 12:00:00,4.786,4.79,4.755,4.786,37390.111
2024-08-09 13:00:00,4.786,4.812,4.733,4.792,60414.517
2024-08-09 14:00:00,4.792,4.843,4.732,4.796,146404.982
2024-08-09 15:00:00,4.796,4.814,4.758,4.761,58895.079
2024-08-09 16:00:00,4.761,4.811,4.752,4.804,56633.244
2024-08-09 17:00:00,4.804,4.841,4.795,4.823,38708.525
2024-08-09 18:00:00,4.823,4.842,4.812,4.82,22993.288
2024-08-09 19:00:00,4.82,4.82,4.791,4.799,14380.101
2024-08-09 20:00:00,4.799,4.815,4.777,4.791,21144.545
2024-08-09 21:00:00,4.791,4.798,4.759,4.788,47741.232
2024-08-09 22:00:00,4.788,4.805,4.763,4.771,22234.329
2024-08-09 23:00:00,4.771,4.792,4.748,4.784,16915.262
2024-08-10 00:00:00,4.784,4.831,4.758,4.764,71717.517
2024-08-10 01:00:00,4.764,4.794,4.756,4.76,12951.271
2024-08-10 02:00:00,4.76,4.772,4.749,4.761,10448.03
2024-08-10 03:00:00,4.761,4.761,4.734,4.745,9252.393
2024-08-10 04:00:00,4.745,4.75,4.731,4.748,7331.847
2024-08-10 05:00:00,4.748,4.748,4.731,4.738,6104.001
2024-08-10 06:00:00,4.738,4.769,4.734,4.767,10428.302
2024-08-10 07:00:00,4.767,4.775,4.757,4.771,36465.105
2024-08-10 08:00:00,4.771,4.781,4.751,4.755,7400.966
2024-08-10 09:00:00,4.755,4.767,4.735,4.735,41712.93
2024-08-10 10:00:00,4.735,4.758,4.728,4.754,24829.602
2024-08-10 11:00:00,4.754,4.77,4.747,4.765,22612.188
2024-08-10 12:00:00,4.765,4.767,4.748,4.755,7617.445
2024-08-10 13:00:00,4.755,4.764,4.735,4.738,15576.347
2024-08-10 14:00:00,4.738,4.753,4.733,4.75,16635.891
2024-08-10 15:00:00,4.75,4.777,4.745,4.748,16455.465
2024-08-10 16:00:00,4.748,4.762,4.74,4.748,6609.592
2024-08-10 17:00:00,4.748,4.757,4.737,4.746,20509.257
2024-08-10 18:00:00,4.746,4.757,4.723,4.747,47660.033
2024-08-10 19:00:00,4.747,4.754,4.728,4.749,27143.373
2024-08-10 20:00:00,4.749,4.761,4.743,4.761,15581.514
2024-08-10 21:00:00,4.761,4.777,4.761,4.773,5592.646
2024-08-10 22:00:00,4.773,4.779,4.756,4.759,6410.783
2024-08-10 23:00:00,4.759,4.764,4.75,4.752,18015.875
2024-08-11 00:00:00,4.752,4.775,4.747,4.77,13322.486
2024-08-11 01:00:00,4.77,4.787,4.762,4.785,8949.37
2024-08-11 02:00:00,4.785,4.788,4.773,4.781,8029.719
2024-08-11 03:00:00,4.781,4.814,4.779,4.787,36853.042
2024-08-11 04:00:00,4.787,4.787,4.754,4.763,15447.551
2024-08-11 05:00:00,4.763,4.77,4.752,4.765,16324.77
2024-08-11 06:00:00,4.765,4.776,4.76,4.767,7075.502
2024-08-11 07:00:00,4.767,4.79,4.767,4.788,6035.991
2024-08-11 08:00:00,4.788,4.808,4.777,4.797,8100.032
2024-08-11 09:00:00,4.797,4.828,4.775,4.785,16873.28
2024-08-11 10:00:00,4.785,4.797,4.769,4.775,11886.487
2024-08-11 11:00:00,4.775,4.778,4.706,4.716,39462.606
2024-08-11 12:00:00,4.716,4.721,4.664,4.691,49914.278
2024-08-11 13:00:00,4.691,4.691,4.645,4.668,18607.753
2024-08-11 14:00:00,4.668,4.673,4.612,4.626,19075.116
2024-08-11 15:00:00,4.626,4.646,4.602,4.625,19402.949
2024-08-11 16:00:00,4.625,4.646,4.601,4.638,27781.198
2024-08-11 17:00:00,4.638,4.645,4.611,4.627,19553.546
2024-08-11 18:00:00,4.627,4.639,4.617,4.637,11430.15
2024-08-11 19:00:00,4.637,4.637,4.564,4.565,63354.06
2024-08-11 20:00:00,4.565,4.566,4.512,4.519,73990.431
2024-08-11 21:00:00,4.519,4.532,4.484,4.526,27833.468
2024-08-11 22:00:00,4.526,4.543,4.466,4.513,25197.352
2024-08-11 23:00:00,4.513,4.513,4.482,4.496,25247.448
2024-08-12 00:00:00,4.496,4.56,4.495,4.536,40384.734
2024-08-12 01:00:00,4.536,4.557,4.519,4.537,30460.399
2024-08-12 02:00:00,4.537,4.542,4.518,4.538,16188.245
2024-08-12 03:00:00,4.538,4.551,4.516,4.527,9081.477
2024-08-12 04:00:00,4.527,4.539,4.516,4.524,19237.642
2024-08-12 05:00:00,4.524,4.534,4.513,4.53,16982.096
2024-08-12 06:00:00,4.53,4.534,4.493,4.509,15961.668
2024-08-12 07:00:00,4.509,4.556,4.45,4.538,42203.264
2024-08-12 08:00:00,4.538,4.582,4.5,4.507,38061.179
2024-08-12 09:00:00,4.507,4.55,4.505,4.545,22329.912
2024-08-12 10:00:00,4.545,4.597,4.529,4.59,64823.952
2024-08-12 11:00:00,4.59,4.66,4.588,4.649,61060.766
2024-08-12 12:00:00,4.649,4.663,4.621,4.642,56398.874
2024-08-12 13:00:00,4.642,4.66,4.488,4.507,154297.968
2024-08-12 14:00:00,4.507,4.676,4.464,4.657,189572.341
2024-08-12 15:00:00,4.657,4.68,4.571,4.643,93656.58
2024-08-12 16:00:00,4.643,4.66,4.605,4.614,46939.316
2024-08-12 17:00:00,4.614,4.633,4.587,4.591,29980.916
2024-08-12 18:00:00,4.591,4.592,4.499,4.506,35736.336
2024-08-12 19:00:00,4.506,4.56,4.506,4.537,32479.4
2024-08-12 20:00:00,4.537,4.566,4.525,4.534,24644.38
2024-08-12 21:00:00,4.534,4.542,4.493,4.54,15720.589
2024-08-12 22:00:00,4.54,4.552,4.522,4.542,11308.256
2024-08-12 23:00:00,4.542,4.608,4.542,4.586,41560.808
2024-08-13 00:00:00,4.586,4.616,4.574,4.593,34667.17
2024-08-13 01:00:00,4.593,4.603,4.572,4.588,29963.284
2024-08-13 02:00:00,4.588,4.588,4.541,4.568,34680.225
2024-08-13 03:00:00,4.568,4.568,4.511,4.519,44038.04
2024-08-13 04:00:00,4.519,4.538,4.498,4.537,15166.891
2024-08-13 05:00:00,4.537,4.543,4.515,4.517,24410.48
2024-08-13 06:00:00,4.517,4.533,4.495,4.526,38377.676
2024-08-13 07:00:00,4.526,4.532,4.501,4.503,26525.662
2024-08-13 08:00:00,4.503,4.519,4.476,4.482,32333.604
2024-08-13 09:00:00,4.482,4.482,4.423,4.423,85192.135
2024-08-13 10:00:00,4.423,4.445,4.399,4.433,100033.321
2024-08-13 11:00:00,4.433,4.45,4.424,4.448,24264.368
2024-08-13 12:00:00,4.448,4.479,4.442,4.476,93133.155
2024-08-13 13:00:00,4.476,4.511,4.457,4.506,67414.183
2024-08-13 14:00:00,4.506,4.527,4.46,4.513,63039.579
2024-08-13 15:00:00,4.513,4.519,4.492,4.507,33044.159
2024-08-13 16:00:00,4.507,4.598,4.504,4.596,109461.616
2024-08-13 17:00:00,4.596,4.61,4.575,4.603,112635.666
2024-08-13 18:00:00,4.603,4.611,4.562,4.57,89550.07
2024-08-13 19:00:00,4.57,4.576,4.531,4.559,61123.38
2024-08-13 20:00:00,4.559,4.564,4.54,4.543,17450.701
2024-08-13 21:00:00,4.543,4.569,4.54,4.566,17991.989
2024-08-13 22:00:00,4.566,4.567,4.544,4.549,13933.558
2024-08-13 23:00:00,4.549,4.553,4.531,4.547,21056.458
2024-08-14 00:00:00,4.547,4.553,4.531,4.544,19415.971
2024-08-14 01:00:00,4.544,4.548,4.501,4.502,31475.82
2024-08-14 02:00:00,4.502,4.532,4.495,4.516,46516.841
2024-08-14 03:00:00,4.516,4.545,4.51,4.523,22260.964
2024-08-14 04:00:00,4.523,4.533,4.518,4.521,15761.543
2024-08-14 05:00:00,4.521,4.529,4.492,4.498,32139.583
2024-08-14 06:00:00,4.498,4.527,4.486,4.517,47634.141
2024-08-14 07:00:00,4.517,4.518,4.504,4.51,39416.877
2024-08-14 08:00:00,4.51,4.519,4.495,4.505,22364.467
2024-08-14 09:00:00,4.505,4.549,4.502,4.519,57756.674
2024-08-14 10:00:00,4.519,4.55,4.518,4.524,50755.853
2024-08-14 11:00:00,4.524,4.527,4.502,4.508,54574.588
2024-08-14 12:00:00,4.508,4.555,4.494,4.523,217005.129
2024-08-14 13:00:00,4.523,4.541,4.425,4.435,192646.445
2024-08-14 14:00:00,4.435,4.439,4.374,4.435,162201.667
2024-08-14 15:00:00,4.435,4.467,4.42,4.443,96089.513
2024-08-14 16:00:00,4.443,4.443,4.374,4.398,109771.786
2024-08-14 17:00:00,4.398,4.405,4.384,4.392,38677.635
2024-08-14 18:00:00,4.392,4.395,4.356,4.367,35932.394
2024-08-14 19:00:00,4.367,4.386,4.349,4.383,37352.132
2024-08-14 20:00:00,4.383,4.406,4.379,4.404,18355.782
2024-08-14 21:00:00,4.404,4.407,4.385,4.387,8122.284
2024-08-14 22:00:00,4.387,4.402,4.359,4.396,9775.673
2024-08-14 23:00:00,4.396,4.398,4.383,4.385,8154.917
2024-08-15 00:00:00,4.385,4.409,4.376,4.397,20892.057
2024-08-15 01:00:00,4.397,4.401,4.366,4.373,26289.366
2024-08-15 02:00:00,4.373,4.4,4.365,4.377,100843.097
2024-08-15 03:00:00,4.377,4.4,4.375,4.396,12438.193
2024-08-15 04:00:00,4.396,4.415,4.39,4.413,37925.788
2024-08-15 05:00:00,4.413,4.421,4.378,4.385,38711.77
2024-08-15 06:00:00,4.385,4.403,4.365,4.38,41362.031
2024-08-15 07:00:00,4.38,4.406,4.37,4.402,64146.292
2024-08-15 08:00:00,4.402,4.41,4.393,4.405,36645.603
2024-08-15 09:00:00,4.405,4.415,4.388,4.39,38819.502
2024-08-15 10:00:00,4.39,4.398,4.376,4.384,24942.534
2024-08-15 11:00:00,4.384,4.429,4.384,4.424,55065.699
2024-08-15 12:00:00,4.424,4.482,4.417,4.439,178781.45
2024-08-15 13:00:00,4.439,4.473,4.424,4.464,80700.13
2024-08-15 14:00:00,4.464,4.482,4.443,4.463,118215.111
2024-08-15 15:00:00,4.463,4.481,4.443,4.454,64558.712
2024-08-15 16:00:00,4.454,4.472,4.427,4.441,53677.959
2024-08-15 17:00:00,4.441,4.441,4.359,4.361,89369.914
2024-08-15 18:00:00,4.361,4.361,4.254,4.291,378814.365
2024-08-15 19:00:00,4.291,4.295,4.253,4.276,160552.932
2024-08-15 20:00:00,4.276,4.284,4.238,4.267,59677.41
2024-08-15 21:00:00,4.267,4.274,4.229,4.265,38429.326
2024-08-15 22:00:00,4.265,4.306,4.242,4.283,37432.84
2024-08-15 23:00:00,4.283,4.3,4.272,4.278,26859.661
2024-08-16 00:00:00,4.278,4.288,4.266,4.272,31124.783
2024-08-16 01:00:00,4.272,4.285,4.244,4.262,43956.339
2024-08-16 02:00:00,4.262,4.316,4.243,4.291,56511.599
2024-08-16 03:00:00,4.291,4.296,4.277,4.279,23732.71
2024-08-16 04:00:00,4.279,4.308,4.274,4.307,16817.306
2024-08-16 05:00:00,4.307,4.318,4.301,4.311,18783.511
2024-08-16 06:00:00,4.311,4.362,4.305,4.36,36888.362
2024-08-16 07:00:00,4.36,4.386,4.344,4.368,41704.013
2024-08-16 08:00:00,4.368,4.379,4.352,4.364,37164.497
2024-08-16 09:00:00,4.364,4.372,4.354,4.371,37928.287
2024-08-16 10:00:00,4.371,4.371,4.339,4.34,41369.846
2024-08-16 11:00:00,4.34,4.344,4.304,4.31,33326.787
2024-08-16 12:00:00,4.31,4.322,4.212,4.244,130789.972
2024-08-16 13:00:00,4.244,4.333,4.231,4.298,192575.461
2024-08-16 14:00:00,4.298,4.307,4.252,4.264,70318.316
2024-08-16 15:00:00,4.264,4.295,4.227,4.255,98123.216
2024-08-16 16:00:00,4.255,4.314,4.251,4.289,67317.089
2024-08-16 17:00:00,4.289,4.329,4.238,4.316,85545.015
2024-08-16 18:00:00,4.316,4.34,4.292,4.325,71121.072
2024-08-16 19:00:00,4.325,4.342,4.319,4.334,40095.79
2024-08-16 20:00:00,4.334,4.358,4.326,4.328,66933.24
2024-08-16 21:00:00,4.328,4.345,4.325,4.325,15063.85
2024-08-16 22:00:00,4.325,4.325,4.298,4.301,9449.553
2024-08-16 23:00:00,4.301,4.303,4.287,4.293,12556.654
2024-08-17 00:00:00,4.293,4.314,4.276,4.31,19380.847
2024-08-17 01:00:00,4.31,4.322,4.304,4.311,22856.511
2024-08-17 02:00:00,4.311,4.322,4.293,4.293,12179.621
2024-08-17 03:00:00,4.293,4.3,4.274,4.29,10783.007
2024-08-17 04:00:00,4.29,4.3,4.28,4.296,11818.408
2024-08-17 05:00:00,4.296,4.313,4.292,4.311,17796.711
2024-08-17 06:00:00,4.311,4.321,4.305,4.305,8564.743
2024-08-17 07:00:00,4.305,4.312,4.298,4.311,8093.816
2024-08-17 08:00:00,4.311,4.317,4.301,4.314,8446.407
2024-08-17 09:00:00,4.314,4.328,4.305,4.323,22450.797
2024-08-17 10:00:00,4.323,4.325,4.303,4.307,25744.525
2024-08-17 11:00:00,4.307,4.316,4.297,4.309,21832.165
2024-08-17 12:00:00,4.309,4.34,4.303,4.339,30861.036
2024-08-17 13:00:00,4.339,4.36,4.327,4.336,38659.188
2024-08-17 14:00:00,4.336,4.342,4.314,4.339,23275.497
2024-08-17 15:00:00,4.339,4.355,4.324,4.326,35201.801
2024-08-17 16:00:00,4.326,4.351,4.324,4.348,28605.611
2024-08-17 17:00:00,4.348,4.368,4.346,4.351,17833.579
2024-08-17 18:00:00,4.351,4.359,4.341,4.348,9654.855
2024-08-17 19:00:00,4.348,4.36,4.342,4.36,10958.359
2024-08-17 20:00:00,4.36,4.369,4.353,4.364,8417.02
2024-08-17 21:00:00,4.364,4.374,4.355,4.374,7699.814
2024-08-17 22:00:00,4.374,4.384,4.354,4.354,5775.479
2024-08-17 23:00:00,4.354,4.371,4.347,4.37,16157.008
2024-08-18 00:00:00,4.37,4.395,4.357,4.376,55700.316
2024-08-18 01:00:00,4.376,4.393,4.36,4.361,31137.148
2024-08-18 02:00:00,4.361,4.396,4.352,4.392,25893.136
2024-08-18 03:00:00,4.392,4.401,4.359,4.36,19287.451
2024-08-18 04:00:00,4.36,4.364,4.345,4.355,13873.433
2024-08-18 05:00:00,4.355,4.378,4.355,4.362,25586.739
2024-08-18 06:00:00,4.362,4.385,4.357,4.381,29382.884
2024-08-18 07:00:00,4.381,4.386,4.373,4.376,17833.601
2024-08-18 08:00:00,4.376,4.376,4.358,4.373,13944.56
2024-08-18 09:00:00,4.373,4.39,4.355,4.373,33258.92
2024-08-18 10:00:00,4.373,4.428,4.373,4.421,67259.683
2024-08-18 11:00:00,4.421,4.432,4.416,4.43,25288.537
2024-08-18 12:00:00,4.43,4.468,4.423,4.442,39103.613
2024-08-18 13:00:00,4.442,4.457,4.418,4.42,24503.655
2024-08-18 14:00:00,4.42,4.429,4.4,4.41,31375.517
2024-08-18 15:00:00,4.41,4.442,4.402,4.432,28184.202
2024-08-18 16:00:00,4.432,4.439,4.417,4.419,27779.601
2024-08-18 17:00:00,4.419,4.425,4.379,4.381,31956.211
2024-08-18 18:00:00,4.381,4.401,4.375,4.401,13147.653
2024-08-18 19:00:00,4.401,4.527,4.398,4.505,122546.227
2024-08-18 20:00:00,4.505,4.507,4.464,4.481,63006.423
2024-08-18 21:00:00,4.481,4.507,4.477,4.483,26072.704
2024-08-18 22:00:00,4.483,4.515,4.479,4.504,19759.338
2024-08-18 23:00:00,4.504,4.514,4.384,4.391,199272.118
2024-08-19 00:00:00,4.391,4.392,4.346,4.35,118531.828
2024-08-19 01:00:00,4.35,4.403,4.346,4.373,73003.475
2024-08-19 02:00:00,4.373,4.406,4.362,4.398,32834.849
2024-08-19 03:00:00,4.398,4.427,4.385,4.415,76062.325
2024-08-19 04:00:00,4.415,4.415,4.382,4.396,25451.167
2024-08-19 05:00:00,4.396,4.405,4.375,4.395,24716.27
2024-08-19 06:00:00,4.395,4.423,4.381,4.409,21025.68
2024-08-19 07:00:00,4.409,4.427,4.393,4.411,31607.752
2024-08-19 08:00:00,4.411,4.42,4.399,4.419,24900.835
2024-08-19 09:00:00,4.419,4.424,4.382,4.386,52810.724
2024-08-19 10:00:00,4.386,4.405,4.359,4.377,69108.279
2024-08-19 11:00:00,4.377,4.43,4.372,4.424,49692.27
2024-08-19 12:00:00,4.424,4.463,4.423,4.457,67187.522
2024-08-19 13:00:00,4.457,4.504,4.451,4.459,113611.851
2024-08-19 14:00:00,4.459,4.485,4.43,4.481,101024.954
2024-08-19 15:00:00,4.481,4.497,4.448,4.45,175918.919
2024-08-19 16:00:00,4.45,4.467,4.395,4.432,85269.109
2024-08-19 17:00:00,4.432,4.493,4.414,4.445,55956.589
2024-08-19 18:00:00,4.445,4.465,4.425,4.46,36483.738
2024-08-19 19:00:00,4.46,4.486,4.454,4.481,41465.794
2024-08-19 20:00:00,4.481,4.495,4.467,4.476,35496.822
2024-08-19 21:00:00,4.476,4.476,4.456,4.459,12291.698
2024-08-19 22:00:00,4.459,4.473,4.456,4.465,10677.609
2024-08-19 23:00:00,4.465,4.484,4.452,4.483,49518.222
2024-08-20 00:00:00,4.483,4.555,4.464,4.537,128834.552
2024-08-20 01:00:00,4.537,4.581,4.536,4.571,42957.783
2024-08-20 02:00:00,4.571,4.603,4.565,4.6,49631.863
2024-08-20 03:00:00,4.6,4.603,4.567,4.574,43954.596
2024-08-20 04:00:00,4.574,4.576,4.554,4.573,59630.742
2024-08-20 05:00:00,4.573,4.59,4.556,4.569,75047.024
2024-08-20 06:00:00,4.569,4.584,4.562,4.582,22753.505
2024-08-20 07:00:00,4.582,4.587,4.565,4.577,43642.542
2024-08-20 08:00:00,4.577,4.581,4.541,4.545,46140.836
2024-08-20 09:00:00,4.545,4.56,4.541,4.554,52714.489
2024-08-20 10:00:00,4.554,4.565,4.544,4.55,29817.042
2024-08-20 11:00:00,4.55,4.556,4.52,4.528,41002.886
2024-08-20 12:00:00,4.528,4.547,4.523,4.545,42941.156
2024-08-20 13:00:00,4.545,4.572,4.518,4.566,47738.295
2024-08-20 14:00:00,4.566,4.566,4.494,4.509,138465.997
2024-08-20 15:00:00,4.509,4.509,4.455,4.5,88257.749
2024-08-20 16:00:00,4.5,4.515,4.473,4.497,38050.957
2024-08-20 17:00:00,4.497,4.499,4.478,4.496,36168.484
2024-08-20 18:00:00,4.496,4.535,4.488,4.527,37756.203
2024-08-20 19:00:00,4.527,4.56,4.524,4.554,29579.532
2024-08-20 20:00:00,4.554,4.575,4.54,4.542,30112.859
2024-08-20 21:00:00,4.542,4.542,4.518,4.527,29193.034
2024-08-20 22:00:00,4.527,4.545,4.524,4.533,9979.941
2024-08-20 23:00:00,4.533,4.54,4.518,4.522,16486.879
2024-08-21 00:00:00,4.522,4.549,4.511,4.515,20730.68
2024-08-21 01:00:00,4.515,4.532,4.496,4.529,31037.184
2024-08-21 02:00:00,4.529,4.569,4.529,4.553,20226.95
2024-08-21 03:00:00,4.553,4.573,4.55,4.56,13048.73
2024-08-21 04:00:00,4.56,4.595,4.56,4.59,37191.633
2024-08-21 05:00:00,4.59,4.601,4.573,4.59,20269.238
2024-08-21 06:00:00,4.59,4.616,4.59,4.595,23263.941
2024-08-21 07:00:00,4.595,4.604,4.577,4.588,48337.744
2024-08-21 08:00:00,4.588,4.595,4.554,4.557,54713.976
2024-08-21 09:00:00,4.557,4.558,4.532,4.555,39056.987
2024-08-21 10:00:00,4.555,4.563,4.536,4.55,27232.69
2024-08-21 11:00:00,4.55,4.559,4.531,4.539,19688.663
2024-08-21 12:00:00,4.539,4.542,4.525,4.531,24571.233
2024-08-21 13:00:00,4.531,4.57,4.491,4.56,65391.66
2024-08-21 14:00:00,4.56,4.598,4.522,4.536,93057.565
2024-08-21 15:00:00,4.536,4.573,4.527,4.552,44896.666
2024-08-21 16:00:00,4.552,4.577,4.533,4.572,43795.107
2024-08-21 17:00:00,4.572,4.659,4.563,4.641,116651.025
2024-08-21 18:00:00,4.641,4.673,4.63,4.649,53296.468
2024-08-21 19:00:00,4.649,4.726,4.648,4.726,96004.884
2024-08-21 20:00:00,4.726,4.748,4.682,4.692,71074.933
2024-08-21 21:00:00,4.692,4.694,4.667,4.688,50200.222
2024-08-21 22:00:00,4.688,4.704,4.655,4.662,35608.008
2024-08-21 23:00:00,4.662,4.684,4.645,4.664,73857.262
2024-08-22 00:00:00,4.664,4.674,4.653,4.66,25824.433
2024-08-22 01:00:00,4.66,4.672,4.653,4.664,15238.972
2024-08-22 02:00:00,4.664,4.664,4.595,4.627,46486.186
2024-08-22 03:00:00,4.627,4.661,4.619,4.655,37723.902
2024-08-22 04:00:00,4.655,4.671,4.647,4.671,19729.197
2024-08-22 05:00:00,4.671,4.672,4.657,4.662,12837.711
2024-08-22 06:00:00,4.662,4.677,4.658,4.661,20158.794
2024-08-22 07:00:00,4.661,4.679,4.654,4.668,33365.971
2024-08-22 08:00:00,4.668,4.672,4.647,4.654,23015.183
2024-08-22 09:00:00,4.654,4.666,4.645,4.658,17045.263
2024-08-22 10:00:00,4.658,4.696,4.655,4.691,35562.168
2024-08-22 11:00:00,4.691,4.693,4.675,4.69,23394.136
2024-08-22 12:00:00,4.69,4.707,4.671,4.673,44122.558
2024-08-22 13:00:00,4.673,4.714,4.671,4.692,43532.151
2024-08-22 14:00:00,4.692,4.695,4.644,4.663,36294.365
2024-08-22 15:00:00,4.663,4.682,4.621,4.636,82918.215
2024-08-22 16:00:00,4.636,4.655,4.62,4.628,109118.039
2024-08-22 17:00:00,4.628,4.64,4.612,4.615,56746.167
2024-08-22 18:00:00,4.615,4.648,4.61,4.627,19391.96
2024-08-22 19:00:00,4.627,4.637,4.609,4.613,30373.071
2024-08-22 20:00:00,4.613,4.646,4.613,4.643,51235.537
2024-08-22 21:00:00,4.643,4.649,4.621,4.631,11379.692
2024-08-22 22:00:00,4.631,4.652,4.631,4.648,19929.004
2024-08-22 23:00:00,4.648,4.708,4.633,4.693,109395.415
2024-08-23 00:00:00,4.693,4.766,4.686,4.737,60992.604
2024-08-23 01:00:00,4.737,4.743,4.705,4.72,18876.629
2024-08-23 02:00:00,4.72,4.737,4.709,4.717,25865.752
2024-08-23 03:00:00,4.717,4.734,4.715,4.719,23912.412
2024-08-23 04:00:00,4.719,4.728,4.706,4.712,29516.538
2024-08-23 05:00:00,4.712,4.753,4.709,4.748,39504.465
2024-08-23 06:00:00,4.748,4.764,4.724,4.762,36022.289
2024-08-23 07:00:00,4.762,4.763,4.741,4.755,20956.834
2024-08-23 08:00:00,4.755,4.784,4.754,4.775,31402.648
2024-08-23 09:00:00,4.775,4.779,4.719,4.728,101079.976
2024-08-23 10:00:00,4.728,4.754,4.728,4.752,20519.426
2024-08-23 11:00:00,4.752,4.752,4.704,4.721,44698.467
2024-08-23 12:00:00,4.721,4.756,4.72,4.752,41819.63
2024-08-23 13:00:00,4.752,4.755,4.726,4.738,70635.466
2024-08-23 14:00:00,4.738,4.824,4.668,4.727,252617.321
2024-08-23 15:00:00,4.727,4.797,4.721,4.791,68011.568
2024-08-23 16:00:00,4.791,4.81,4.771,4.807,43916.222
2024-08-23 17:00:00,4.807,4.868,4.806,4.859,98690.299
2024-08-23 18:00:00,4.859,4.888,4.842,4.877,66066.045
2024-08-23 19:00:00,4.877,4.895,4.861,4.864,55666.498
2024-08-23 20:00:00,4.864,4.893,4.863,4.874,34555.154
2024-08-23 21:00:00,4.874,4.912,4.874,4.907,32259.71
2024-08-23 22:00:00,4.907,4.974,4.893,4.902,94249.161
2024-08-23 23:00:00,4.902,4.93,4.888,4.893,43683.209
2024-08-24 00:00:00,4.893,4.917,4.881,4.902,40091.751
2024-08-24 01:00:00,4.902,4.902,4.857,4.882,34779.823
2024-08-24 02:00:00,4.882,4.898,4.875,4.888,14636.832
2024-08-24 03:00:00,4.888,4.89,4.865,4.865,7041.457
2024-08-24 04:00:00,4.865,4.876,4.851,4.852,9902.541
2024-08-24 05:00:00,4.852,4.872,4.848,4.871,19675.64
2024-08-24 06:00:00,4.871,4.881,4.859,4.863,19679.788
2024-08-24 07:00:00,4.863,4.878,4.861,4.876,14718.43
2024-08-24 08:00:00,4.876,4.905,4.871,4.903,27941.667
2024-08-24 09:00:00,4.903,4.943,4.887,4.941,55554.996
2024-08-24 10:00:00,4.941,4.984,4.926,4.952,66268.22
2024-08-24 11:00:00,4.952,4.978,4.922,4.925,51850.646
2024-08-24 12:00:00,4.925,4.961,4.911,4.937,43211.364
2024-08-24 13:00:00,4.937,4.97,4.931,4.967,19320.144
2024-08-24 14:00:00,4.967,4.974,4.943,4.973,29345.513
2024-08-24 15:00:00,4.973,4.979,4.939,4.959,68308.97
2024-08-24 16:00:00,4.959,5.044,4.954,5.03,115116.437
2024-08-24 17:00:00,5.03,5.053,4.99,5.0,64811.985
2024-08-24 18:00:00,5.0,5.06,4.983,5.054,107161.435
2024-08-24 19:00:00,5.054,5.102,5.049,5.067,76092.407
2024-08-24 20:00:00,5.067,5.072,5.028,5.03,35308.428
2024-08-24 21:00:00,5.03,5.03,4.914,4.925,85914.498
2024-08-24 22:00:00,4.925,4.962,4.923,4.943,59243.91
2024-08-24 23:00:00,4.943,4.987,4.941,4.985,13757.136
2024-08-25 00:00:00,4.985,4.994,4.906,4.911,23227.405
2024-08-25 01:00:00,4.911,4.941,4.846,4.878,91248.687
2024-08-25 02:00:00,4.878,4.918,4.877,4.903,23746.349
2024-08-25 03:00:00,4.903,4.91,4.859,4.9,82155.556
2024-08-25 04:00:00,4.9,4.9,4.851,4.892,29717.438
2024-08-25 05:00:00,4.892,4.904,4.869,4.877,24515.398
2024-08-25 06:00:00,4.877,4.882,4.837,4.844,52064.764
2024-08-25 07:00:00,4.844,4.844,4.75,4.773,120871.848
2024-08-25 08:00:00,4.773,4.806,4.745,4.786,45219.38
2024-08-25 09:00:00,4.786,4.811,4.785,4.801,19199.983
2024-08-25 10:00:00,4.801,4.808,4.775,4.787,22760.22
2024-08-25 11:00:00,4.787,4.833,4.786,4.803,13680.67
2024-08-25 12:00:00,4.803,4.816,4.793,4.813,19149.556
2024-08-25 13:00:00,4.813,4.876,4.81,4.846,107086.193
2024-08-25 14:00:00,4.846,4.883,4.844,4.877,36281.56
2024-08-25 15:00:00,4.877,4.897,4.855,4.865,87919.458
2024-08-25 16:00:00,4.865,4.897,4.837,4.841,25577.134
2024-08-25 17:00:00,4.841,4.868,4.833,4.848,21477.366
2024-08-25 18:00:00,4.848,4.868,4.821,4.824,46325.001
2024-08-25 19:00:00,4.824,4.828,4.81,4.825,38573.958
2024-08-25 20:00:00,4.825,4.846,4.822,4.832,22443.596
2024-08-25 21:00:00,4.832,4.888,4.831,4.873,77975.041
2024-08-25 22:00:00,4.873,4.894,4.847,4.863,40135.486
2024-08-25 23:00:00,4.863,4.883,4.811,4.824,34344.874
2024-08-26 00:00:00,4.824,4.865,4.813,4.833,33812.201
2024-08-26 01:00:00,4.833,4.85,4.796,4.805,39060.415
2024-08-26 02:00:00,4.805,4.808,4.75,4.805,54613.715
2024-08-26 03:00:00,4.805,4.822,4.793,4.819,50767.7
2024-08-26 04:00:00,4.819,4.827,4.799,4.82,22873.424
2024-08-26 05:00:00,4.82,4.822,4.787,4.794,16698.728
2024-08-26 06:00:00,4.794,4.805,4.756,4.763,32600.477
2024-08-26 07:00:00,4.763,4.765,4.72,4.72,79069.084
2024-08-26 08:00:00,4.72,4.752,4.718,4.745,39066.38
2024-08-26 09:00:00,4.745,4.762,4.694,4.762,64216.111
2024-08-26 10:00:00,4.762,4.767,4.727,4.731,26794.321
2024-08-26 11:00:00,4.731,4.754,4.716,4.722,13750.455
2024-08-26 12:00:00,4.722,4.728,4.652,4.675,82408.893
2024-08-26 13:00:00,4.675,4.703,4.66,4.693,41013.721
2024-08-26 14:00:00,4.693,4.704,4.651,4.686,57171.574
2024-08-26 15:00:00,4.686,4.686,4.626,4.659,61837.196
2024-08-26 16:00:00,4.659,4.674,4.635,4.655,28483.922
2024-08-26 17:00:00,4.655,4.663,4.566,4.581,103159.958
2024-08-26 18:00:00,4.581,4.607,4.54,4.589,83833.143
2024-08-26 19:00:00,4.589,4.599,4.549,4.558,26118.52
2024-08-26 20:00:00,4.558,4.589,4.534,4.575,14178.196
2024-08-26 21:00:00,4.575,4.576,4.529,4.57,12098.025
2024-08-26 22:00:00,4.57,4.582,4.556,4.576,14221.835
2024-08-26 23:00:00,4.576,4.593,4.552,4.558,14834.856
2024-08-27 00:00:00,4.558,4.604,4.557,4.582,17363.762
2024-08-27 01:00:00,4.582,4.622,4.579,4.604,30134.153
2024-08-27 02:00:00,4.604,4.624,4.591,4.602,22011.661
2024-08-27 03:00:00,4.602,4.611,4.585,4.61,21268.05
2024-08-27 04:00:00,4.61,4.641,4.6,4.628,11430.524
2024-08-27 05:00:00,4.628,4.656,4.623,4.654,25833.451
2024-08-27 06:00:00,4.654,4.658,4.614,4.62,22463.885
2024-08-27 07:00:00,4.62,4.629,4.61,4.618,13047.466
2024-08-27 08:00:00,4.618,4.641,4.574,4.588,29064.962
2024-08-27 09:00:00,4.588,4.603,4.548,4.557,55973.443
2024-08-27 10:00:00,4.557,4.561,4.51,4.512,25013.761
2024-08-27 11:00:00,4.512,4.545,4.501,4.523,28659.854
2024-08-27 12:00:00,4.523,4.548,4.501,4.548,21373.508
2024-08-27 13:00:00,4.548,4.555,4.526,4.529,17130.573
2024-08-27 14:00:00,4.529,4.569,4.497,4.537,31593.73
2024-08-27 15:00:00,4.537,4.543,4.511,4.524,28381.25
2024-08-27 16:00:00,4.524,4.558,4.5,4.518,36368.764
2024-08-27 17:00:00,4.518,4.552,4.507,4.552,11311.745
2024-08-27 18:00:00,4.552,4.583,4.542,4.574,25747.95
2024-08-27 19:00:00,4.574,4.575,4.541,4.551,13237.628
2024-08-27 20:00:00,4.551,4.551,4.515,4.516,41146.663
2024-08-27 21:00:00,4.516,4.526,4.332,4.392,124174.866
2024-08-27 22:00:00,4.392,4.398,4.24,4.359,204936.339
2024-08-27 23:00:00,4.359,4.39,4.336,4.383,37197.579
2024-08-28 00:00:00,4.383,4.383,4.324,4.35,41348.474
2024-08-28 01:00:00,4.35,4.366,4.325,4.361,37305.809
2024-08-28 02:00:00,4.361,4.361,4.316,4.326,48822.896
2024-08-28 03:00:00,4.326,4.361,4.319,4.354,24636.186
2024-08-28 04:00:00,4.354,4.362,4.341,4.345,19455.992
2024-08-28 05:00:00,4.345,4.382,4.339,4.364,19047.97
2024-08-28 06:00:00,4.364,4.374,4.346,4.356,21033.926
2024-08-28 07:00:00,4.356,4.363,4.3,4.3,53019.872
2024-08-28 08:00:00,4.3,4.365,4.276,4.347,41009.282
2024-08-28 09:00:00,4.347,4.453,4.333,4.444,84350.599
2024-08-28 10:00:00,4.444,4.449,4.361,4.37,218751.979
2024-08-28 11:00:00,4.37,4.397,4.361,4.38,21858.021
2024-08-28 12:00:00,4.38,4.413,4.378,4.393,30426.959
2024-08-28 13:00:00,4.393,4.399,4.332,4.338,38557.834
2024-08-28 14:00:00,4.338,4.402,4.316,4.345,89550.158
2024-08-28 15:00:00,4.345,4.345,4.277,4.306,36644.609
2024-08-28 16:00:00,4.306,4.306,4.167,4.283,110626.498
2024-08-28 17:00:00,4.283,4.293,4.229,4.232,30623.338
2024-08-28 18:00:00,4.232,4.314,4.22,4.309,40997.346
2024-08-28 19:00:00,4.309,4.337,4.263,4.27,43630.993
2024-08-28 20:00:00,4.27,4.344,4.254,4.291,82118.48
2024-08-28 21:00:00,4.291,4.305,4.267,4.272,15185.715
2024-08-28 22:00:00,4.272,4.272,4.213,4.259,33787.441
2024-08-28 23:00:00,4.259,4.281,4.243,4.255,20555.502
2024-08-29 00:00:00,4.255,4.293,4.25,4.284,44580.648
2024-08-29 01:00:00,4.284,4.296,4.246,4.258,25733.608
2024-08-29 02:00:00,4.258,4.287,4.252,4.285,15525.229
2024-08-29 03:00:00,4.285,4.293,4.274,4.281,10049.497
2024-08-29 04:00:00,4.281,4.291,4.262,4.266,19389.553
2024-08-29 05:00:00,4.266,4.307,4.264,4.305,13610.334
2024-08-29 06:00:00,4.305,4.321,4.296,4.306,23444.769
2024-08-29 07:00:00,4.306,4.324,4.301,4.305,14565.174
2024-08-29 08:00:00,4.305,4.309,4.278,4.288,47683.123
2024-08-29 09:00:00,4.288,4.303,4.28,4.283,13815.459
2024-08-29 10:00:00,4.283,4.302,4.28,4.287,12771.383
2024-08-29 11:00:00,4.287,4.343,4.281,4.312,37501.812
2024-08-29 12:00:00,4.312,4.341,4.302,4.333,40697.965
2024-08-29 13:00:00,4.333,4.361,4.324,4.36,44749.381
2024-08-29 14:00:00,4.36,4.377,4.354,4.362,24955.851
2024-08-29 15:00:00,4.362,4.404,4.362,4.388,39302.611
2024-08-29 16:00:00,4.388,4.389,4.326,4.339,32586.844
2024-08-29 17:00:00,4.339,4.349,4.321,4.34,23679.092
2024-08-29 18:00:00,4.34,4.34,4.203,4.215,100928.657
2024-08-29 19:00:00,4.215,4.256,4.192,4.225,42725.689
2024-08-29 20:00:00,4.225,4.247,4.207,4.226,21268.167
2024-08-29 21:00:00,4.226,4.231,4.202,4.22,14495.61
2024-08-29 22:00:00,4.22,4.236,4.177,4.22,34449.617
2024-08-29 23:00:00,4.22,4.253,4.209,4.253,14098.466
2024-08-30 00:00:00,4.253,4.274,4.222,4.253,31153.011
2024-08-30 01:00:00,4.253,4.267,4.24,4.264,16887.403
2024-08-30 02:00:00,4.264,4.272,4.242,4.26,20034.352
2024-08-30 03:00:00,4.26,4.26,4.236,4.249,16154.719
2024-08-30 04:00:00,4.249,4.273,4.248,4.266,6339.824
2024-08-30 05:00:00,4.266,4.289,4.244,4.274,28639.51
2024-08-30 06:00:00,4.274,4.316,4.259,4.315,19689.867
2024-08-30 07:00:00,4.315,4.334,4.297,4.3,15520.619
2024-08-30 08:00:00,4.3,4.331,4.299,4.319,11055.049
2024-08-30 09:00:00,4.319,4.326,4.31,4.317,12470.895
2024-08-30 10:00:00,4.317,4.317,4.292,4.3,12785.542
2024-08-30 11:00:00,4.3,4.307,4.273,4.273,11180.92
2024-08-30 12:00:00,4.273,4.312,4.272,4.286,32888.317
2024-08-30 13:00:00,4.286,4.295,4.234,4.284,38820.636
2024-08-30 14:00:00,4.284,4.302,4.18,4.18,30728.185
2024-08-30 15:00:00,4.18,4.196,4.101,4.121,160903.355
2024-08-30 16:00:00,4.121,4.196,4.106,4.19,79769.439
2024-08-30 17:00:00,4.19,4.222,4.179,4.208,36741.648
2024-08-30 18:00:00,4.208,4.277,4.203,4.263,71538.562
2024-08-30 19:00:00,4.263,4.264,4.214,4.225,36696.047
2024-08-30 20:00:00,4.225,4.245,4.224,4.237,20570.348
2024-08-30 21:00:00,4.237,4.256,4.237,4.248,7524.824
2024-08-30 22:00:00,4.248,4.278,4.248,4.271,14880.712
2024-08-30 23:00:00,4.271,4.291,4.267,4.278,24943.947
2024-08-31 00:00:00,4.278,4.314,4.278,4.297,19584.285
2024-08-31 01:00:00,4.297,4.306,4.285,4.296,13304.805
2024-08-31 02:00:00,4.296,4.299,4.278,4.292,16746.553
2024-08-31 03:00:00,4.292,4.306,4.288,4.295,6260.404
2024-08-31 04:00:00,4.295,4.314,4.295,4.311,5579.264
2024-08-31 05:00:00,4.311,4.318,4.293,4.293,9533.913
2024-08-31 06:00:00,4.293,4.3,4.29,4.295,17647.47
2024-08-31 07:00:00,4.295,4.301,4.29,4.29,4475.684
2024-08-31 08:00:00,4.29,4.295,4.271,4.271,13142.461
2024-08-31 09:00:00,4.271,4.283,4.259,4.266,16178.851
2024-08-31 10:00:00,4.266,4.293,4.266,4.292,6635.794
2024-08-31 11:00:00,4.292,4.299,4.283,4.286,6808.738
2024-08-31 12:00:00,4.286,4.288,4.276,4.282,3122.415
2024-08-31 13:00:00,4.282,4.288,4.257,4.257,24859.343
2024-08-31 14:00:00,4.257,4.276,4.252,4.263,15230.482
2024-08-31 15:00:00,4.263,4.275,4.257,4.27,19985.773
2024-08-31 16:00:00,4.27,4.275,4.234,4.241,15039.101
2024-08-31 17:00:00,4.241,4.251,4.219,4.245,13482.939
2024-08-31 18:00:00,4.245,4.271,4.239,4.248,10573.3
2024-08-31 19:00:00,4.248,4.248,4.233,4.238,5726.687
2024-08-31 20:00:00,4.238,4.245,4.228,4.237,20687.556
2024-08-31 21:00:00,4.237,4.273,4.23,4.26,7248.55
2024-08-31 22:00:00,4.26,4.26,4.246,4.253,5090.115
2024-08-31 23:00:00,4.253,4.262,4.248,4.259,7301.998
2024-09-01 00:00:00,4.259,4.259,4.241,4.245,7616.109
2024-09-01 01:00:00,4.245,4.25,4.207,4.21,17806.019
2024-09-01 02:00:00,4.21,4.214,4.187,4.209,31222.395
2024-09-01 03:00:00,4.209,4.225,4.204,4.218,7145.16
2024-09-01 04:00:00,4.218,4.225,4.204,4.213,11958.393
2024-09-01 05:00:00,4.213,4.217,4.145,4.158,85983.405
2024-09-01 06:00:00,4.158,4.193,4.155,4.179,4554.296
2024-09-01 07:00:00,4.179,4.205,4.172,4.204,17185.538
2024-09-01 08:00:00,4.204,4.206,4.186,4.186,14615.962
2024-09-01 09:00:00,4.186,4.201,4.172,4.187,40366.531
2024-09-01 10:00:00,4.187,4.187,4.159,4.159,16269.485
2024-09-01 11:00:00,4.159,4.196,4.157,4.195,27650.32
2024-09-01 12:00:00,4.195,4.202,4.163,4.168,15717.839
2024-09-01 13:00:00,4.168,4.184,4.132,4.167,70761.99
2024-09-01 14:00:00,4.167,4.167,4.111,4.143,39375.9
2024-09-01 15:00:00,4.143,4.195,4.14,4.19,37722.772
2024-09-01 16:00:00,4.19,4.2,4.141,4.155,99603.755
2024-09-01 17:00:00,4.155,4.165,4.099,4.123,139762.757
2024-09-01 18:00:00,4.123,4.208,4.123,4.19,59009.202
2024-09-01 19:00:00,4.19,4.221,4.181,4.195,29971.892
2024-09-01 20:00:00,4.195,4.217,4.179,4.192,25655.699
2024-09-01 21:00:00,4.192,4.192,4.151,4.173,18983.607
2024-09-01 22:00:00,4.173,4.176,4.032,4.051,102275.473
2024-09-01 23:00:00,4.051,4.086,4.043,4.071,38462.541
2024-09-02 00:00:00,4.071,4.105,4.066,4.099,38032.625
2024-09-02 01:00:00,4.099,4.126,4.092,4.097,17245.99
2024-09-02 02:00:00,4.097,4.126,4.086,4.106,36026.691
2024-09-02 03:00:00,4.106,4.117,4.1,4.113,10502.576
2024-09-02 04:00:00,4.113,4.117,4.066,4.068,17393.313
2024-09-02 05:00:00,4.068,4.134,4.067,4.118,48005.44
2024-09-02 06:00:00,4.118,4.128,4.099,4.107,18546.314
2024-09-02 07:00:00,4.107,4.11,4.052,4.069,30101.726
2024-09-02 08:00:00,4.069,4.148,4.069,4.125,50664.002
2024-09-02 09:00:00,4.125,4.163,4.111,4.159,102810.573
2024-09-02 10:00:00,4.159,4.198,4.158,4.198,44494.438
2024-09-02 11:00:00,4.198,4.211,4.184,4.189,31694.259
2024-09-02 12:00:00,4.189,4.204,4.177,4.181,26480.091
2024-09-02 13:00:00,4.181,4.184,4.144,4.149,114205.147
2024-09-02 14:00:00,4.149,4.184,4.122,4.175,83703.981
2024-09-02 15:00:00,4.175,4.183,4.156,4.158,14245.731
2024-09-02 16:00:00,4.158,4.173,4.135,4.139,18828.744
2024-09-02 17:00:00,4.139,4.17,4.136,4.168,43787.445
2024-09-02 18:00:00,4.168,4.173,4.139,4.151,16306.196
2024-09-02 19:00:00,4.151,4.17,4.142,4.163,21485.748
2024-09-02 20:00:00,4.163,4.226,4.163,4.214,32982.068
2024-09-02 21:00:00,4.214,4.234,4.203,4.22,23759.116
2024-09-02 22:00:00,4.22,4.224,4.202,4.21,11691.321
2024-09-02 23:00:00,4.21,4.222,4.202,4.21,13608.745
2024-09-03 00:00:00,4.21,4.222,4.201,4.222,11805.832
2024-09-03 01:00:00,4.222,4.237,4.211,4.233,17549.875
2024-09-03 02:00:00,4.233,4.279,4.226,4.251,46959.858
2024-09-03 03:00:00,4.251,4.27,4.244,4.26,18194.774
2024-09-03 04:00:00,4.26,4.261,4.234,4.248,33635.862
2024-09-03 05:00:00,4.248,4.265,4.24,4.265,12879.866
2024-09-03 06:00:00,4.265,4.265,4.242,4.245,21656.074
2024-09-03 07:00:00,4.245,4.268,4.245,4.265,12600.846
2024-09-03 08:00:00,4.265,4.276,4.226,4.236,28788.814
2024-09-03 09:00:00,4.236,4.25,4.23,4.243,35012.135
2024-09-03 10:00:00,4.243,4.272,4.243,4.254,25395.838
2024-09-03 11:00:00,4.254,4.267,4.242,4.264,10965.455
2024-09-03 12:00:00,4.264,4.286,4.256,4.256,20673.597
2024-09-03 13:00:00,4.256,4.264,4.166,4.193,59329.502
2024-09-03 14:00:00,4.193,4.193,4.135,4.143,46268.392
2024-09-03 15:00:00,4.143,4.158,4.097,4.107,33255.086
2024-09-03 16:00:00,4.107,4.125,4.096,4.111,15365.349
2024-09-03 17:00:00,4.111,4.156,4.105,4.125,56766.97
2024-09-03 18:00:00,4.125,4.135,4.105,4.111,30035.943
2024-09-03 19:00:00,4.111,4.136,4.103,4.107,20558.197
2024-09-03 20:00:00,4.107,4.138,4.105,4.138,15533.434
2024-09-03 21:00:00,4.138,4.138,4.111,4.124,15027.348
2024-09-03 22:00:00,4.124,4.134,4.108,4.109,12355.598
2024-09-03 23:00:00,4.109,4.109,4.056,4.062,45105.385
2024-09-04 00:00:00,4.062,4.096,4.002,4.019,88923.261
2024-09-04 01:00:00,4.019,4.021,3.868,3.977,399212.727
2024-09-04 02:00:00,3.977,4.001,3.965,3.99,20695.167
2024-09-04 03:00:00,3.99,4.039,3.99,4.036,16071.869
2024-09-04 04:00:00,4.036,4.06,4.033,4.058,24356.272
2024-09-04 05:00:00,4.058,4.065,4.036,4.036,40651.25
2024-09-04 06:00:00,4.036,4.07,4.036,4.049,18213.942
2024-09-04 07:00:00,4.049,4.09,4.048,4.084,30919.904
2024-09-04 08:00:00,4.084,4.089,4.058,4.071,108518.386
2024-09-04 09:00:00,4.071,4.077,4.047,4.047,32849.536
2024-09-04 10:00:00,4.047,4.055,4.015,4.015,28716.381
2024-09-04 11:00:00,4.015,4.033,4.013,4.016,16182.054
2024-09-04 12:00:00,4.016,4.043,4.004,4.027,29453.169
2024-09-04 13:00:00,4.027,4.035,4.009,4.025,23356.205
2024-09-04 14:00:00,4.025,4.149,4.006,4.128,202299.411
2024-09-04 15:00:00,4.128,4.162,4.099,4.158,106727.462
2024-09-04 16:00:00,4.158,4.197,4.141,4.174,59568.433
2024-09-04 17:00:00,4.174,4.178,4.133,4.134,19980.971
2024-09-04 18:00:00,4.134,4.143,4.097,4.107,68857.535
2024-09-04 19:00:00,4.107,4.126,4.104,4.123,45699.115
2024-09-04 20:00:00,4.123,4.148,4.118,4.144,60507.329
2024-09-04 21:00:00,4.144,4.175,4.142,4.173,15776.162
2024-09-04 22:00:00,4.173,4.25,4.109,4.128,245199.409
2024-09-04 23:00:00,4.128,4.132,4.1,4.114,57202.214
2024-09-05 00:00:00,4.114,4.127,4.09,4.09,37896.886
2024-09-05 01:00:00,4.09,4.111,4.083,4.102,30830.62
2024-09-05 02:00:00,4.102,4.106,4.058,4.061,29718.749
2024-09-05 03:00:00,4.061,4.061,4.011,4.017,45049.317
2024-09-05 04:00:00,4.017,4.042,4.01,4.037,21082.368
2024-09-05 05:00:00,4.037,4.045,4.026,4.035,14988.996
2024-09-05 06:00:00,4.035,4.042,4.005,4.036,100208.514
2024-09-05 07:00:00,4.036,4.08,4.032,4.072,42451.118
2024-09-05 08:00:00,4.072,4.089,4.059,4.067,29264.634
2024-09-05 09:00:00,4.067,4.072,4.049,4.055,32193.865
2024-09-05 10:00:00,4.055,4.061,4.041,4.054,18279.782
2024-09-05 11:00:00,4.054,4.063,4.043,4.044,14871.064
2024-09-05 12:00:00,4.044,4.051,4.02,4.041,40327.86
2024-09-05 13:00:00,4.041,4.076,4.04,4.068,27310.254
2024-09-05 14:00:00,4.068,4.089,4.006,4.017,43858.876
2024-09-05 15:00:00,4.017,4.035,3.974,4.0,70383.109
2024-09-05 16:00:00,4.0,4.017,3.98,4.003,32881.52
2024-09-05 17:00:00,4.003,4.033,3.998,4.032,18498.593
2024-09-05 18:00:00,4.032,4.046,4.023,4.038,19570.249
2024-09-05 19:00:00,4.038,4.045,3.993,4.017,57593.836
2024-09-05 20:00:00,4.017,4.048,4.013,4.034,35021.187
2024-09-05 21:00:00,4.034,4.043,3.973,4.026,59355.847
2024-09-05 22:00:00,4.026,4.03,3.993,4.008,41830.985
2024-09-05 23:00:00,4.008,4.022,4.004,4.022,22545.539
2024-09-06 00:00:00,4.022,4.033,4.009,4.027,21467.776
2024-09-06 01:00:00,4.027,4.056,4.012,4.049,28481.083
2024-09-06 02:00:00,4.049,4.071,4.044,4.051,36477.789
2024-09-06 03:00:00,4.051,4.082,4.05,4.066,25899.338
2024-09-06 04:00:00,4.066,4.075,4.054,4.055,16386.65
2024-09-06 05:00:00,4.055,4.059,4.031,4.044,34976.231
2024-09-06 06:00:00,4.044,4.045,4.026,4.038,15550.665
2024-09-06 07:00:00,4.038,4.038,3.95,4.001,149854.021
2024-09-06 08:00:00,4.001,4.011,3.974,3.982,67890.22
2024-09-06 09:00:00,3.982,4.007,3.976,4.006,35679.807
2024-09-06 10:00:00,4.006,4.037,4.001,4.027,45424.71
2024-09-06 11:00:00,4.027,4.032,4.009,4.016,26603.68
2024-09-06 12:00:00,4.016,4.093,4.004,4.089,102416.559
2024-09-06 13:00:00,4.089,4.097,4.011,4.014,114167.324
2024-09-06 14:00:00,4.014,4.014,3.942,3.989,141163.391
2024-09-06 15:00:00,3.989,4.033,3.947,4.012,93967.403
2024-09-06 16:00:00,4.012,4.012,3.942,3.965,82374.546
2024-09-06 17:00:00,3.965,4.0,3.942,3.976,112066.247
2024-09-06 18:00:00,3.976,3.978,3.922,3.923,90057.09
2024-09-06 19:00:00,3.923,3.958,3.913,3.925,108950.348
2024-09-06 20:00:00,3.925,3.96,3.838,3.848,142558.383
2024-09-06 21:00:00,3.848,3.934,3.819,3.934,75499.953
2024-09-06 22:00:00,3.934,3.946,3.925,3.934,18353.845
2024-09-06 23:00:00,3.934,3.965,3.933,3.961,22266.335
2024-09-07 00:00:00,3.961,3.991,3.961,3.972,30840.847
2024-09-07 01:00:00,3.972,3.973,3.935,3.944,31972.809
2024-09-07 02:00:00,3.944,3.982,3.935,3.977,16832.859
2024-09-07 03:00:00,3.977,3.992,3.974,3.974,14190.19
2024-09-07 04:00:00,3.974,4.016,3.974,4.016,23581.157
2024-09-07 05:00:00,4.016,4.053,4.016,4.038,57155.649
2024-09-07 06:00:00,4.038,4.046,4.032,4.04,17087.507
2024-09-07 07:00:00,4.04,4.052,4.03,4.041,27416.016
2024-09-07 08:00:00,4.041,4.062,4.037,4.054,32146.436
2024-09-07 09:00:00,4.054,4.063,4.039,4.044,11001.907
2024-09-07 10:00:00,4.044,4.065,4.044,4.053,20838.106
2024-09-07 11:00:00,4.053,4.063,4.048,4.062,16633.427
2024-09-07 12:00:00,4.062,4.072,4.061,4.063,12901.28
2024-09-07 13:00:00,4.063,4.072,4.054,4.061,21498.622
2024-09-07 14:00:00,4.061,4.076,4.057,4.072,24084.809
2024-09-07 15:00:00,4.072,4.132,4.072,4.122,45746.408
2024-09-07 16:00:00,4.122,4.133,4.106,4.123,53164.044
2024-09-07 17:00:00,4.123,4.13,4.078,4.098,34367.893
2024-09-07 18:00:00,4.098,4.109,4.08,4.086,23763.085
2024-09-07 19:00:00,4.086,4.122,4.082,4.116,9168.008
2024-09-07 20:00:00,4.116,4.116,4.088,4.09,17975.325
2024-09-07 21:00:00,4.09,4.099,4.067,4.069,36930.122
2024-09-07 22:00:00,4.069,4.082,4.053,4.065,21803.476
2024-09-07 23:00:00,4.065,4.082,4.049,4.082,14735.27
2024-09-08 00:00:00,4.082,4.084,4.058,4.076,10052.578
2024-09-08 01:00:00,4.076,4.114,4.076,4.108,16541.724
2024-09-08 02:00:00,4.108,4.111,4.094,4.106,18041.901
2024-09-08 03:00:00,4.106,4.117,4.102,4.113,11045.31
2024-09-08 04:00:00,4.113,4.141,4.113,4.14,15917.204
2024-09-08 05:00:00,4.14,4.143,4.121,4.122,12554.525
2024-09-08 06:00:00,4.122,4.13,4.107,4.107,18580.935
2024-09-08 07:00:00,4.107,4.139,4.106,4.133,21622.952
2024-09-08 08:00:00,4.133,4.148,4.119,4.148,18937.923
2024-09-08 09:00:00,4.148,4.178,4.146,4.166,37919.842
2024-09-08 10:00:00,4.166,4.184,4.165,4.178,19810.768
2024-09-08 11:00:00,4.178,4.2,4.171,4.19,43824.215
2024-09-08 12:00:00,4.19,4.197,4.131,4.146,131211.312
2024-09-08 13:00:00,4.146,4.153,4.125,4.14,28512.155
2024-09-08 14:00:00,4.14,4.146,4.121,4.127,27338.476
2024-09-08 15:00:00,4.127,4.146,4.109,4.118,27482.55
2024-09-08 16:00:00,4.118,4.13,4.093,4.117,50849.414
2024-09-08 17:00:00,4.117,4.161,4.117,4.159,24562.815
2024-09-08 18:00:00,4.159,4.165,4.135,4.137,48717.326
2024-09-08 19:00:00,4.137,4.142,4.124,4.125,26322.453
2024-09-08 20:00:00,4.125,4.14,4.119,4.14,15609.969
2024-09-08 21:00:00,4.14,4.169,4.139,4.15,17665.201
2024-09-08 22:00:00,4.15,4.206,4.146,4.156,95193.357
2024-09-08 23:00:00,4.156,4.177,4.146,4.163,13023.749
2024-09-09 00:00:00,4.163,4.184,4.14,4.16,26528.38
2024-09-09 01:00:00,4.16,4.184,4.147,4.163,12084.466
2024-09-09 02:00:00,4.163,4.164,4.133,4.144,12340.684
2024-09-09 03:00:00,4.144,4.153,4.122,4.141,30939.441
2024-09-09 04:00:00,4.141,4.148,4.123,4.124,22760.659
2024-09-09 05:00:00,4.124,4.133,4.112,4.126,21768.68
2024-09-09 06:00:00,4.126,4.161,4.123,4.155,12896.389
2024-09-09 07:00:00,4.155,4.195,4.146,4.194,22198.426
2024-09-09 08:00:00,4.194,4.207,4.186,4.198,27353.681
2024-09-09 09:00:00,4.198,4.208,4.182,4.186,33089.731
2024-09-09 10:00:00,4.186,4.207,4.186,4.19,19480.669
2024-09-09 11:00:00,4.19,4.196,4.171,4.171,15253.262
2024-09-09 12:00:00,4.171,4.182,4.16,4.177,21231.826
2024-09-09 13:00:00,4.177,4.194,4.167,4.188,44302.67
2024-09-09 14:00:00,4.188,4.201,4.165,4.169,79921.327
2024-09-09 15:00:00,4.169,4.207,4.166,4.2,17500.412
2024-09-09 16:00:00,4.2,4.259,4.197,4.252,55467.801
2024-09-09 17:00:00,4.252,4.277,4.249,4.274,68890.356
2024-09-09 18:00:00,4.274,4.309,4.27,4.294,85122.643
2024-09-09 19:00:00,4.294,4.32,4.29,4.319,38961.631
2024-09-09 20:00:00,4.319,4.322,4.29,4.292,21626.86
2024-09-09 21:00:00,4.292,4.34,4.289,4.314,63856.995
2024-09-09 22:00:00,4.314,4.328,4.303,4.321,26041.733
2024-09-09 23:00:00,4.321,4.323,4.278,4.285,42109.422
2024-09-10 00:00:00,4.285,4.288,4.26,4.273,45559.15
2024-09-10 01:00:00,4.273,4.273,4.24,4.255,8176.206
2024-09-10 02:00:00,4.255,4.259,4.244,4.257,4712.353
2024-09-10 03:00:00,4.257,4.26,4.236,4.238,21757.845
2024-09-10 04:00:00,4.238,4.253,4.227,4.245,16553.692
2024-09-10 05:00:00,4.245,4.268,4.245,4.267,20352.136
2024-09-10 06:00:00,4.267,4.267,4.238,4.238,8938.352
2024-09-10 07:00:00,4.238,4.269,4.228,4.258,19862.289
2024-09-10 08:00:00,4.258,4.267,4.224,4.227,26983.025
2024-09-10 09:00:00,4.227,4.235,4.204,4.23,34191.221
2024-09-10 10:00:00,4.23,4.235,4.211,4.231,13812.712
2024-09-10 11:00:00,4.231,4.245,4.226,4.243,13918.551
2024-09-10 12:00:00,4.243,4.25,4.223,4.223,35975.195
2024-09-10 13:00:00,4.223,4.23,4.204,4.217,29817.884
2024-09-10 14:00:00,4.217,4.245,4.203,4.231,18023.629
2024-09-10 15:00:00,4.231,4.245,4.201,4.202,19706.385
2024-09-10 16:00:00,4.202,4.223,4.199,4.214,19297.962
2024-09-10 17:00:00,4.214,4.25,4.213,4.244,32619.989
2024-09-10 18:00:00,4.244,4.269,4.237,4.238,31582.716
2024-09-10 19:00:00,4.238,4.262,4.231,4.256,18269.691
2024-09-10 20:00:00,4.256,4.26,4.241,4.244,31407.225
2024-09-10 21:00:00,4.244,4.251,4.232,4.239,20835.315
2024-09-10 22:00:00,4.239,4.263,4.238,4.26,5053.097
2024-09-10 23:00:00,4.26,4.267,4.246,4.25,34297.55
2024-09-11 00:00:00,4.25,4.257,4.238,4.256,19427.694
2024-09-11 01:00:00,4.256,4.256,4.185,4.193,68256.399
2024-09-11 02:00:00,4.193,4.21,4.186,4.195,60841.197
2024-09-11 03:00:00,4.195,4.2,4.176,4.181,37648.273
2024-09-11 04:00:00,4.181,4.181,4.127,4.153,33184.644
2024-09-11 05:00:00,4.153,4.153,4.113,4.121,29111.51
2024-09-11 06:00:00,4.121,4.144,4.114,4.126,31758.51
2024-09-11 07:00:00,4.126,4.154,4.118,4.15,23122.293
2024-09-11 08:00:00,4.15,4.153,4.107,4.114,34775.095
2024-09-11 09:00:00,4.114,4.145,4.111,4.136,17988.401
2024-09-11 10:00:00,4.136,4.136,4.105,4.124,35292.369
2024-09-11 11:00:00,4.124,4.16,4.124,4.147,24500.336
2024-09-11 12:00:00,4.147,4.168,4.116,4.156,70518.34
2024-09-11 13:00:00,4.156,4.193,4.084,4.087,92534.496
2024-09-11 14:00:00,4.087,4.111,4.06,4.096,114601.136
2024-09-11 15:00:00,4.096,4.163,4.085,4.124,86298.708
2024-09-11 16:00:00,4.124,4.169,4.12,4.158,49299.732
2024-09-11 17:00:00,4.158,4.191,4.157,4.175,27512.291
2024-09-11 18:00:00,4.175,4.181,4.145,4.153,42072.927
2024-09-11 19:00:00,4.153,4.166,4.135,4.159,47878.078
2024-09-11 20:00:00,4.159,4.189,4.157,4.165,75904.779
2024-09-11 21:00:00,4.165,4.173,4.156,4.166,13258.919
2024-09-11 22:00:00,4.166,4.188,4.159,4.188,28580.092
2024-09-11 23:00:00,4.188,4.195,4.182,4.19,18691.628
2024-09-12 00:00:00,4.19,4.235,4.19,4.216,70335.688
2024-09-12 01:00:00,4.216,4.244,4.215,4.24,34869.433
2024-09-12 02:00:00,4.24,4.262,4.214,4.218,28182.036
2024-09-12 03:00:00,4.218,4.24,4.218,4.239,17395.544
2024-09-12 04:00:00,4.239,4.261,4.23,4.231,23937.218
2024-09-12 05:00:00,4.231,4.244,4.202,4.211,40409.892
2024-09-12 06:00:00,4.211,4.222,4.198,4.208,31766.09
2024-09-12 07:00:00,4.208,4.217,4.206,4.21,15502.952
2024-09-12 08:00:00,4.21,4.227,4.205,4.216,30993.286
2024-09-12 09:00:00,4.216,4.223,4.21,4.211,15114.27
2024-09-12 10:00:00,4.211,4.218,4.209,4.21,13648.269
2024-09-12 11:00:00,4.21,4.222,4.207,4.219,21085.676
2024-09-12 12:00:00,4.219,4.225,4.195,4.215,68424.019
2024-09-12 13:00:00,4.215,4.242,4.209,4.228,42581.392
2024-09-12 14:00:00,4.228,4.277,4.218,4.219,84568.837
2024-09-12 15:00:00,4.219,4.26,4.208,4.217,30086.21
2024-09-12 16:00:00,4.217,4.255,4.215,4.254,28060.347
2024-09-12 17:00:00,4.254,4.275,4.246,4.265,25199.047
2024-09-12 18:00:00,4.265,4.281,4.245,4.262,42113.826
2024-09-12 19:00:00,4.262,4.296,4.259,4.29,34613.694
2024-09-12 20:00:00,4.29,4.295,4.272,4.274,21827.461
2024-09-12 21:00:00,4.274,4.292,4.267,4.283,25289.181
2024-09-12 22:00:00,4.283,4.3,4.276,4.297,12197.966
2024-09-12 23:00:00,4.297,4.299,4.286,4.294,10544.274
2024-09-13 00:00:00,4.294,4.297,4.279,4.287,16784.328
2024-09-13 01:00:00,4.287,4.305,4.276,4.297,47082.471
2024-09-13 02:00:00,4.297,4.307,4.29,4.291,17152.997
2024-09-13 03:00:00,4.291,4.303,4.289,4.294,16124.524
2024-09-13 04:00:00,4.294,4.306,4.284,4.286,13942.933
2024-09-13 05:00:00,4.286,4.307,4.283,4.306,22321.105
2024-09-13 06:00:00,4.306,4.313,4.284,4.289,50274.452
2024-09-13 07:00:00,4.289,4.303,4.283,4.301,30763.185
2024-09-13 08:00:00,4.301,4.315,4.297,4.303,52030.282
2024-09-13 09:00:00,4.303,4.325,4.302,4.317,32101.48
2024-09-13 10:00:00,4.317,4.335,4.305,4.334,45717.97
2024-09-13 11:00:00,4.334,4.343,4.3,4.3,69371.776
2024-09-13 12:00:00,4.3,4.313,4.272,4.299,141789.842
2024-09-13 13:00:00,4.299,4.316,4.279,4.312,35572.877
2024-09-13 14:00:00,4.312,4.342,4.299,4.336,94570.047
2024-09-13 15:00:00,4.336,4.428,4.334,4.421,116141.423
2024-09-13 16:00:00,4.421,4.438,4.401,4.43,209318.831
2024-09-13 17:00:00,4.43,4.467,4.43,4.431,86819.243
2024-09-13 18:00:00,4.431,4.462,4.429,4.453,65413.044
2024-09-13 19:00:00,4.453,4.457,4.42,4.422,30004.239
2024-09-13 20:00:00,4.422,4.442,4.413,4.425,77696.512
2024-09-13 21:00:00,4.425,4.47,4.421,4.447,89469.59
2024-09-13 22:00:00,4.447,4.465,4.433,4.433,33500.69
2024-09-13 23:00:00,4.433,4.438,4.415,4.42,13295.9
2024-09-14 00:00:00,4.42,4.435,4.403,4.407,41581.877
2024-09-14 01:00:00,4.407,4.435,4.404,4.418,47774.401
2024-09-14 02:00:00,4.418,4.432,4.416,4.421,14896.094
2024-09-14 03:00:00,4.421,4.438,4.419,4.428,9822.759
2024-09-14 04:00:00,4.428,4.434,4.411,4.414,14453.299
2024-09-14 05:00:00,4.414,4.415,4.379,4.38,65005.974
2024-09-14 06:00:00,4.38,4.402,4.379,4.386,30348.586
2024-09-14 07:00:00,4.386,4.396,4.377,4.395,8243.55
2024-09-14 08:00:00,4.395,4.404,4.381,4.384,22326.811
2024-09-14 09:00:00,4.384,4.391,4.367,4.381,49534.387
2024-09-14 10:00:00,4.381,4.382,4.361,4.37,10983.716
2024-09-14 11:00:00,4.37,4.37,4.346,4.363,22802.676
2024-09-14 12:00:00,4.363,4.385,4.352,4.382,27798.486
2024-09-14 13:00:00,4.382,4.389,4.375,4.387,13071.556
2024-09-14 14:00:00,4.387,4.405,4.375,4.396,13829.464
2024-09-14 15:00:00,4.396,4.41,4.391,4.402,17962.747
2024-09-14 16:00:00,4.402,4.416,4.401,4.413,14286.089
2024-09-14 17:00:00,4.413,4.413,4.398,4.411,9496.029
2024-09-14 18:00:00,4.411,4.411,4.374,4.401,84321.768
2024-09-14 19:00:00,4.401,4.42,4.397,4.409,19479.964
2024-09-14 20:00:00,4.409,4.426,4.404,4.419,55484.461
2024-09-14 21:00:00,4.419,4.431,4.412,4.416,21777.107
2024-09-14 22:00:00,4.416,4.425,4.411,4.422,7863.982
2024-09-14 23:00:00,4.422,4.444,4.42,4.436,19229.675
2024-09-15 00:00:00,4.436,4.464,4.436,4.454,34878.007
2024-09-15 01:00:00,4.454,4.466,4.447,4.466,18751.527
2024-09-15 02:00:00,4.466,4.5,4.462,4.498,34676.707
2024-09-15 03:00:00,4.498,4.518,4.488,4.499,44131.796
2024-09-15 04:00:00,4.499,4.508,4.468,4.479,24326.127
2024-09-15 05:00:00,4.479,4.499,4.473,4.498,16095.814
2024-09-15 06:00:00,4.498,4.514,4.493,4.5,29374.374
2024-09-15 07:00:00,4.5,4.523,4.495,4.513,32716.203
2024-09-15 08:00:00,4.513,4.521,4.489,4.497,21986.105
2024-09-15 09:00:00,4.497,4.538,4.494,4.535,40447.395
2024-09-15 10:00:00,4.535,4.538,4.509,4.528,25483.089
2024-09-15 11:00:00,4.528,4.529,4.481,4.495,22701.667
2024-09-15 12:00:00,4.495,4.515,4.478,4.503,26059.671
2024-09-15 13:00:00,4.503,4.537,4.503,4.513,12436.839
2024-09-15 14:00:00,4.513,4.532,4.487,4.529,17015.908
2024-09-15 15:00:00,4.529,4.557,4.529,4.542,73102.032
2024-09-15 16:00:00,4.542,4.552,4.485,4.486,43163.465
2024-09-15 17:00:00,4.486,4.505,4.463,4.489,45244.673
2024-09-15 18:00:00,4.489,4.493,4.463,4.478,51200.861
2024-09-15 19:00:00,4.478,4.503,4.471,4.473,27014.343
2024-09-15 20:00:00,4.473,4.477,4.444,4.457,23785.491
2024-09-15 21:00:00,4.457,4.458,4.407,4.434,39257.352
2024-09-15 22:00:00,4.434,4.436,4.413,4.424,7417.146
2024-09-15 23:00:00,4.424,4.425,4.358,4.398,115614.489
2024-09-16 00:00:00,4.398,4.398,4.355,4.37,37207.82
2024-09-16 01:00:00,4.37,4.37,4.305,4.32,36555.521
2024-09-16 02:00:00,4.32,4.32,4.234,4.247,53900.949
2024-09-16 03:00:00,4.247,4.291,4.243,4.283,27020.464
2024-09-16 04:00:00,4.283,4.304,4.279,4.283,22031.923
2024-09-16 05:00:00,4.283,4.314,4.283,4.314,27915.732
2024-09-16 06:00:00,4.314,4.318,4.285,4.299,28681.413
2024-09-16 07:00:00,4.299,4.35,4.294,4.344,26927.308
2024-09-16 08:00:00,4.344,4.362,4.326,4.329,26473.229
2024-09-16 09:00:00,4.329,4.337,4.285,4.307,34334.577
2024-09-16 10:00:00,4.307,4.333,4.288,4.322,21024.747
2024-09-16 11:00:00,4.322,4.325,4.309,4.314,7319.105
2024-09-16 12:00:00,4.314,4.317,4.278,4.278,25271.148
2024-09-16 13:00:00,4.278,4.29,4.253,4.286,53446.153
2024-09-16 14:00:00,4.286,4.288,4.218,4.23,58616.076
2024-09-16 15:00:00,4.23,4.262,4.222,4.239,48338.269
2024-09-16 16:00:00,4.239,4.242,4.211,4.221,27408.047
2024-09-16 17:00:00,4.221,4.24,4.185,4.236,79437.006
2024-09-16 18:00:00,4.236,4.236,4.205,4.222,32035.698
2024-09-16 19:00:00,4.222,4.23,4.203,4.219,30595.675
2024-09-16 20:00:00,4.219,4.227,4.181,4.183,56966.374
2024-09-16 21:00:00,4.183,4.186,4.167,4.181,39513.412
2024-09-16 22:00:00,4.181,4.181,4.148,4.156,100426.336
2024-09-16 23:00:00,4.156,4.209,4.156,4.198,26468.254
2024-09-17 00:00:00,4.198,4.201,4.144,4.147,24073.069
2024-09-17 01:00:00,4.147,4.164,4.136,4.158,35568.626
2024-09-17 02:00:00,4.158,4.181,4.157,4.169,25731.213
2024-09-17 03:00:00,4.169,4.189,4.163,4.176,24712.459
2024-09-17 04:00:00,4.176,4.19,4.165,4.189,37416.187
2024-09-17 05:00:00,4.189,4.227,4.189,4.224,24330.778
2024-09-17 06:00:00,4.224,4.225,4.193,4.199,24276.6
2024-09-17 07:00:00,4.199,4.206,4.186,4.203,19364.773
2024-09-17 08:00:00,4.203,4.218,4.18,4.181,52155.031
2024-09-17 09:00:00,4.181,4.194,4.157,4.169,100599.334
2024-09-17 10:00:00,4.169,4.188,4.163,4.187,32646.932
2024-09-17 11:00:00,4.187,4.196,4.161,4.171,26512.06
2024-09-17 12:00:00,4.171,4.2,4.17,4.194,90574.899
2024-09-17 13:00:00,4.194,4.198,4.16,4.168,32151.05
2024-09-17 14:00:00,4.168,4.245,4.166,4.225,104821.36
2024-09-17 15:00:00,4.225,4.287,4.223,4.255,114208.897
2024-09-17 16:00:00,4.255,4.255,4.187,4.194,63241.337
2024-09-17 17:00:00,4.194,4.207,4.179,4.194,35350.797
2024-09-17 18:00:00,4.194,4.199,4.163,4.177,35330.067
2024-09-17 19:00:00,4.177,4.186,4.129,4.159,70283.347
2024-09-17 20:00:00,4.159,4.172,4.145,4.146,100011.256
2024-09-17 21:00:00,4.146,4.175,4.144,4.172,41103.798
2024-09-17 22:00:00,4.172,4.172,4.145,4.155,13295.763
2024-09-17 23:00:00,4.155,4.16,4.144,4.158,27597.579
2024-09-18 00:00:00,4.158,4.158,4.114,4.14,55101.141
2024-09-18 01:00:00,4.14,4.14,4.111,4.127,20632.205
2024-09-18 02:00:00,4.127,4.152,4.117,4.152,16161.096
2024-09-18 03:00:00,4.152,4.176,4.15,4.162,19670.072
2024-09-18 04:00:00,4.162,4.169,4.125,4.142,35501.348
2024-09-18 05:00:00,4.142,4.142,4.12,4.134,17924.55
2024-09-18 06:00:00,4.134,4.14,4.125,4.131,23977.582
2024-09-18 07:00:00,4.131,4.147,4.129,4.131,18468.253
2024-09-18 08:00:00,4.131,4.132,4.099,4.108,71922.656
2024-09-18 09:00:00,4.108,4.108,4.053,4.056,58167.436
2024-09-18 10:00:00,4.056,4.074,4.027,4.072,81813.038
2024-09-18 11:00:00,4.072,4.085,4.061,4.061,39860.641
2024-09-18 12:00:00,4.061,4.075,4.039,4.072,19083.492
2024-09-18 13:00:00,4.072,4.079,4.009,4.02,60156.35
2024-09-18 14:00:00,4.02,4.037,4.014,4.018,35600.714
2024-09-18 15:00:00,4.018,4.032,3.978,3.993,71121.731
2024-09-18 16:00:00,3.993,4.024,3.972,4.008,51556.176
2024-09-18 17:00:00,4.008,4.023,3.976,4.009,43269.627
2024-09-18 18:00:00,4.009,4.123,4.001,4.083,322582.056
2024-09-18 19:00:00,4.083,4.092,4.04,4.054,71971.983
2024-09-18 20:00:00,4.054,4.092,4.032,4.086,125756.836
2024-09-18 21:00:00,4.086,4.117,4.082,4.094,40128.309
2024-09-18 22:00:00,4.094,4.124,4.094,4.116,38023.737
2024-09-18 23:00:00,4.116,4.179,4.11,4.175,77236.054
2024-09-19 00:00:00,4.175,4.266,4.175,4.244,161255.663
2024-09-19 01:00:00,4.244,4.255,4.189,4.221,60209.767
2024-09-19 02:00:00,4.221,4.23,4.199,4.228,30580.43
2024-09-19 03:00:00,4.228,4.241,4.221,4.224,41053.734
2024-09-19 04:00:00,4.224,4.232,4.213,4.227,16995.612
2024-09-19 05:00:00,4.227,4.235,4.211,4.224,104116.287
2024-09-19 06:00:00,4.224,4.229,4.21,4.215,26751.758
2024-09-19 07:00:00,4.215,4.24,4.212,4.239,119874.35
2024-09-19 08:00:00,4.239,4.243,4.184,4.184,147974.967
2024-09-19 09:00:00,4.184,4.206,4.179,4.198,121523.461
2024-09-19 10:00:00,4.198,4.221,4.191,4.191,47087.204
2024-09-19 11:00:00,4.191,4.215,4.189,4.215,98907.589
2024-09-19 12:00:00,4.215,4.245,4.21,4.214,105548.36
2024-09-19 13:00:00,4.214,4.242,4.199,4.225,51328.887
2024-09-19 14:00:00,4.225,4.258,4.217,4.246,84091.678
2024-09-19 15:00:00,4.246,4.298,4.246,4.277,77002.996
2024-09-19 16:00:00,4.277,4.346,4.267,4.33,244483.175
2024-09-19 17:00:00,4.33,4.35,4.306,4.338,119129.016
2024-09-19 18:00:00,4.338,4.347,4.306,4.319,86681.121
2024-09-19 19:00:00,4.319,4.323,4.287,4.298,64426.902
2024-09-19 20:00:00,4.298,4.307,4.291,4.293,24999.049
2024-09-19 21:00:00,4.293,4.296,4.24,4.241,42451.141
2024-09-19 22:00:00,4.241,4.266,4.233,4.259,74117.691
2024-09-19 23:00:00,4.259,4.269,4.249,4.255,28697.94
2024-09-20 00:00:00,4.255,4.269,4.214,4.22,56663.872
2024-09-20 01:00:00,4.22,4.243,4.19,4.241,41029.168
2024-09-20 02:00:00,4.241,4.271,4.231,4.271,27429.527
2024-09-20 03:00:00,4.271,4.332,4.27,4.329,65046.064
2024-09-20 04:00:00,4.329,4.379,4.329,4.371,127002.174
2024-09-20 05:00:00,4.371,4.386,4.34,4.36,67237.09
2024-09-20 06:00:00,4.36,4.393,4.342,4.392,90395.105
2024-09-20 07:00:00,4.392,4.403,4.351,4.394,78581.282
2024-09-20 08:00:00,4.394,4.398,4.353,4.378,36609.965
2024-09-20 09:00:00,4.378,4.394,4.368,4.368,24202.016
2024-09-20 10:00:00,4.368,4.389,4.361,4.378,31057.394
2024-09-20 11:00:00,4.378,4.381,4.312,4.329,45745.043
2024-09-20 12:00:00,4.329,4.344,4.322,4.328,22015.469
2024-09-20 13:00:00,4.328,4.332,4.263,4.293,162768.8
2024-09-20 14:00:00,4.293,4.324,4.275,4.299,116737.525
2024-09-20 15:00:00,4.299,4.317,4.277,4.311,60627.639
2024-09-20 16:00:00,4.311,4.315,4.266,4.274,150885.952
2024-09-20 17:00:00,4.274,4.277,4.251,4.265,72992.949
2024-09-20 18:00:00,4.265,4.282,4.238,4.281,72497.302
2024-09-20 19:00:00,4.281,4.295,4.271,4.282,53788.581
2024-09-20 20:00:00,4.282,4.297,4.28,4.292,14591.715
2024-09-20 21:00:00,4.292,4.308,4.291,4.3,17224.458
2024-09-20 22:00:00,4.3,4.332,4.3,4.332,22639.265
2024-09-20 23:00:00,4.332,4.342,4.321,4.342,25447.186
2024-09-21 00:00:00,4.342,4.361,4.324,4.358,39160.316
2024-09-21 01:00:00,4.358,4.368,4.325,4.325,41508.083
2024-09-21 02:00:00,4.325,4.336,4.314,4.328,7722.121
2024-09-21 03:00:00,4.328,4.352,4.323,4.328,18605.361
2024-09-21 04:00:00,4.328,4.33,4.287,4.298,41686.642
2024-09-21 05:00:00,4.298,4.324,4.283,4.312,13570.131
2024-09-21 06:00:00,4.312,4.337,4.3,4.323,27214.921
2024-09-21 07:00:00,4.323,4.344,4.323,4.344,33236.312
2024-09-21 08:00:00,4.344,4.349,4.322,4.323,24765.404
2024-09-21 09:00:00,4.323,4.341,4.319,4.336,11333.334
2024-09-21 10:00:00,4.336,4.34,4.309,4.31,32464.795
2024-09-21 11:00:00,4.31,4.335,4.305,4.333,14530.663
2024-09-21 12:00:00,4.333,4.372,4.332,4.372,27510.314
2024-09-21 13:00:00,4.372,4.385,4.357,4.374,44568.112
2024-09-21 14:00:00,4.374,4.433,4.373,4.431,59574.309
2024-09-21 15:00:00,4.431,4.435,4.393,4.427,50351.974
2024-09-21 16:00:00,4.427,4.453,4.426,4.438,77298.927
2024-09-21 17:00:00,4.438,4.45,4.406,4.414,48374.868
2024-09-21 18:00:00,4.414,4.428,4.411,4.413,22601.663
2024-09-21 19:00:00,4.413,4.426,4.405,4.423,29157.08
2024-09-21 20:00:00,4.423,4.432,4.415,4.416,20561.526
2024-09-21 21:00:00,4.416,4.427,4.411,4.426,26218.213
2024-09-21 22:00:00,4.426,4.463,4.426,4.455,37771.804
2024-09-21 23:00:00,4.455,4.477,4.446,4.464,30238.536
2024-09-22 00:00:00,4.464,4.484,4.435,4.448,62866.362
2024-09-22 01:00:00,4.448,4.46,4.427,4.429,26896.522
2024-09-22 02:00:00,4.429,4.435,4.389,4.405,43888.204
2024-09-22 03:00:00,4.405,4.424,4.4,4.407,33036.58
2024-09-22 04:00:00,4.407,4.426,4.406,4.418,9601.681
2024-09-22 05:00:00,4.418,4.421,4.378,4.391,86719.758
2024-09-22 06:00:00,4.391,4.406,4.37,4.378,31728.259
2024-09-22 07:00:00,4.378,4.385,4.358,4.377,77455.272
2024-09-22 08:00:00,4.377,4.41,4.374,4.409,17322.815
2024-09-22 09:00:00,4.409,4.409,4.358,4.367,26832.634
2024-09-22 10:00:00,4.367,4.375,4.332,4.342,49643.478
2024-09-22 11:00:00,4.342,4.357,4.326,4.348,30867.142
2024-09-22 12:00:00,4.348,4.374,4.348,4.373,20910.57
2024-09-22 13:00:00,4.373,4.373,4.316,4.327,33993.174
2024-09-22 14:00:00,4.327,4.346,4.305,4.323,47084.524
2024-09-22 15:00:00,4.323,4.333,4.31,4.325,28649.203
2024-09-22 16:00:00,4.325,4.33,4.281,4.321,73892.132
2024-09-22 17:00:00,4.321,4.352,4.321,4.351,20753.738
2024-09-22 18:00:00,4.351,4.352,4.331,4.336,19429.33
2024-09-22 19:00:00,4.336,4.349,4.307,4.342,23315.743
2024-09-22 20:00:00,4.342,4.358,4.335,4.337,18401.14
2024-09-22 21:00:00,4.337,4.343,4.268,4.275,16441.038
2024-09-22 22:00:00,4.275,4.337,4.236,4.33,86676.562
2024-09-22 23:00:00,4.33,4.339,4.297,4.31,35890.978
2024-09-23 00:00:00,4.31,4.345,4.233,4.333,71757.983
2024-09-23 01:00:00,4.333,4.377,4.323,4.37,79905.922
2024-09-23 02:00:00,4.37,4.383,4.339,4.372,47629.301
2024-09-23 03:00:00,4.372,4.443,4.369,4.399,116010.293
2024-09-23 04:00:00,4.399,4.413,4.356,4.367,40336.961
2024-09-23 05:00:00,4.367,4.392,4.346,4.379,32866.046
2024-09-23 06:00:00,4.379,4.415,4.361,4.405,85420.066
2024-09-23 07:00:00,4.405,4.41,4.351,4.365,34080.021
2024-09-23 08:00:00,4.365,4.367,4.335,4.347,42683.197
2024-09-23 09:00:00,4.347,4.38,4.344,4.379,51271.958
2024-09-23 10:00:00,4.379,4.384,4.342,4.366,31067.237
2024-09-23 11:00:00,4.366,4.385,4.338,4.371,51226.968
2024-09-23 12:00:00,4.371,4.385,4.348,4.364,68072.933
2024-09-23 13:00:00,4.364,4.378,4.346,4.366,63127.051
2024-09-23 14:00:00,4.366,4.423,4.362,4.413,95735.409
2024-09-23 15:00:00,4.413,4.452,4.38,4.421,122296.07
2024-09-23 16:00:00,4.421,4.437,4.38,4.382,77479.924
2024-09-23 17:00:00,4.382,4.401,4.37,4.398,34721.846
2024-09-23 18:00:00,4.398,4.435,4.391,4.417,59405.031
2024-09-23 19:00:00,4.417,4.429,4.405,4.412,32891.059
2024-09-23 20:00:00,4.412,4.426,4.405,4.415,26232.974
2024-09-23 21:00:00,4.415,4.426,4.395,4.423,65442.073
2024-09-23 22:00:00,4.423,4.451,4.41,4.438,39834.4
2024-09-23 23:00:00,4.438,4.462,4.431,4.457,35054.542
2024-09-24 00:00:00,4.457,4.472,4.418,4.419,106478.166
2024-09-24 01:00:00,4.419,4.459,4.41,4.434,81465.116
2024-09-24 02:00:00,4.434,4.445,4.402,4.438,45425.179
2024-09-24 03:00:00,4.438,4.494,4.438,4.491,72087.852
2024-09-24 04:00:00,4.491,4.498,4.453,4.458,67727.9
2024-09-24 05:00:00,4.458,4.496,4.458,4.485,55039.504
2024-09-24 06:00:00,4.485,4.506,4.478,4.497,33748.878
2024-09-24 07:00:00,4.497,4.541,4.497,4.528,46497.309
2024-09-24 08:00:00,4.528,4.575,4.513,4.567,83377.536
2024-09-24 09:00:00,4.567,4.582,4.542,4.543,38975.837
2024-09-24 10:00:00,4.543,4.58,4.54,4.568,42122.428
2024-09-24 11:00:00,4.568,4.597,4.552,4.587,47361.014
2024-09-24 12:00:00,4.587,4.61,4.563,4.564,58796.482
2024-09-24 13:00:00,4.564,4.607,4.564,4.569,67693.173
2024-09-24 14:00:00,4.569,4.569,4.486,4.518,239227.01
2024-09-24 15:00:00,4.518,4.531,4.487,4.496,102183.755
2024-09-24 16:00:00,4.496,4.535,4.496,4.522,101774.885
2024-09-24 17:00:00,4.522,4.585,4.516,4.566,82330.866
2024-09-24 18:00:00,4.566,4.576,4.547,4.553,38198.418
2024-09-24 19:00:00,4.553,4.597,4.55,4.592,47713.134
2024-09-24 20:00:00,4.592,4.61,4.573,4.592,83925.276
2024-09-24 21:00:00,4.592,4.616,4.576,4.615,20576.224
2024-09-24 22:00:00,4.615,4.684,4.615,4.673,156121.678
2024-09-24 23:00:00,4.673,4.68,4.635,4.635,72588.057
2024-09-25 00:00:00,4.635,4.671,4.622,4.64,74609.076
2024-09-25 01:00:00,4.64,4.684,4.634,4.652,112286.372
2024-09-25 02:00:00,4.652,4.68,4.647,4.68,47132.769
2024-09-25 03:00:00,4.68,4.68,4.661,4.678,38802.316
2024-09-25 04:00:00,4.678,4.686,4.651,4.653,59277.048
2024-09-25 05:00:00,4.653,4.674,4.649,4.655,56390.408
2024-09-25 06:00:00,4.655,4.657,4.607,4.611,66751.249
2024-09-25 07:00:00,4.611,4.619,4.59,4.603,63420.073
2024-09-25 08:00:00,4.603,4.645,4.603,4.622,46070.066
2024-09-25 09:00:00,4.622,4.647,4.618,4.625,37995.122
2024-09-25 10:00:00,4.625,4.675,4.614,4.662,71647.615
2024-09-25 11:00:00,4.662,4.678,4.639,4.675,54609.867
2024-09-25 12:00:00,4.675,4.678,4.655,4.664,37244.314
2024-09-25 13:00:00,4.664,4.714,4.657,4.707,98573.513
2024-09-25 14:00:00,4.707,4.751,4.687,4.747,109796.284
2024-09-25 15:00:00,4.747,4.751,4.697,4.701,124486.938
2024-09-25 16:00:00,4.701,4.764,4.698,4.739,106150.691
2024-09-25 17:00:00,4.739,4.75,4.699,4.719,96962.294
2024-09-25 18:00:00,4.719,4.776,4.719,4.744,77022.819
2024-09-25 19:00:00,4.744,4.752,4.706,4.708,47478.536
2024-09-25 20:00:00,4.708,4.733,4.708,4.72,34490.605
2024-09-25 21:00:00,4.72,4.724,4.686,4.688,43044.918
2024-09-25 22:00:00,4.688,4.696,4.651,4.668,53834.028
2024-09-25 23:00:00,4.668,4.671,4.622,4.637,49427.934
2024-09-26 00:00:00,4.637,4.658,4.57,4.584,103046.405
2024-09-26 01:00:00,4.584,4.62,4.564,4.618,65489.52
2024-09-26 02:00:00,4.618,4.646,4.616,4.643,48775.187
2024-09-26 03:00:00,4.643,4.672,4.636,4.663,40068.115
2024-09-26 04:00:00,4.663,4.686,4.661,4.68,27365.727
2024-09-26 05:00:00,4.68,4.784,4.678,4.77,116130.95
2024-09-26 06:00:00,4.77,4.797,4.756,4.794,144275.66
2024-09-26 07:00:00,4.794,4.812,4.779,4.808,79916.646
2024-09-26 08:00:00,4.808,4.817,4.771,4.772,93095.08
2024-09-26 09:00:00,4.772,4.794,4.76,4.767,70588.341
2024-09-26 10:00:00,4.767,4.804,4.766,4.779,103196.366
2024-09-26 11:00:00,4.779,4.78,4.763,4.764,48293.779
2024-09-26 12:00:00,4.764,4.795,4.755,4.775,95686.973
2024-09-26 13:00:00,4.775,4.799,4.765,4.788,92626.218
2024-09-26 14:00:00,4.788,4.833,4.786,4.793,141327.475
2024-09-26 15:00:00,4.793,4.852,4.781,4.839,127756.218
2024-09-26 16:00:00,4.839,4.875,4.817,4.846,108825.739
2024-09-26 17:00:00,4.846,4.868,4.793,4.805,102206.209
2024-09-26 18:00:00,4.805,4.838,4.802,4.832,23842.135
2024-09-26 19:00:00,4.832,4.832,4.779,4.783,58432.129
2024-09-26 20:00:00,4.783,4.793,4.76,4.761,47126.763
2024-09-26 21:00:00,4.761,4.809,4.756,4.792,50705.374
2024-09-26 22:00:00,4.792,4.82,4.788,4.813,27389.613
2024-09-26 23:00:00,4.813,4.819,4.759,4.816,44452.596
2024-09-27 00:00:00,4.816,4.863,4.811,4.854,62961.214
2024-09-27 01:00:00,4.854,4.89,4.848,4.889,36876.895
2024-09-27 02:00:00,4.889,4.899,4.86,4.889,57623.999
2024-09-27 03:00:00,4.889,4.932,4.879,4.93,83594.636
2024-09-27 04:00:00,4.93,4.935,4.895,4.921,29806.611
2024-09-27 05:00:00,4.921,4.95,4.917,4.947,37267.074
2024-09-27 06:00:00,4.947,4.965,4.915,4.917,50669.735
2024-09-27 07:00:00,4.917,4.924,4.878,4.888,21470.853
2024-09-27 08:00:00,4.888,4.919,4.887,4.906,61053.974
2024-09-27 09:00:00,4.906,4.916,4.875,4.895,47503.821
2024-09-27 10:00:00,4.895,4.896,4.849,4.866,26468.0
2024-09-27 11:00:00,4.866,4.894,4.862,4.884,39253.454
2024-09-27 12:00:00,4.884,4.932,4.877,4.932,39347.605
2024-09-27 13:00:00,4.932,4.932,4.879,4.904,41791.931
2024-09-27 14:00:00,4.904,4.937,4.887,4.902,88338.98
2024-09-27 15:00:00,4.902,4.925,4.894,4.9,40187.837
2024-09-27 16:00:00,4.9,4.942,4.883,4.933,70273.098
2024-09-27 17:00:00,4.933,4.936,4.876,4.901,111605.305
2024-09-27 18:00:00,4.901,4.903,4.871,4.883,51418.081
2024-09-27 19:00:00,4.883,4.894,4.86,4.864,28965.302
2024-09-27 20:00:00,4.864,4.896,4.854,4.888,65510.933
2024-09-27 21:00:00,4.888,4.895,4.88,4.889,9048.679
2024-09-27 22:00:00,4.889,4.909,4.88,4.905,22258.763
2024-09-27 23:00:00,4.905,4.91,4.882,4.882,4684.104
2024-09-28 00:00:00,4.882,4.907,4.87,4.892,45199.507
2024-09-28 01:00:00,4.892,4.892,4.879,4.89,7805.324
2024-09-28 02:00:00,4.89,4.93,4.889,4.921,35383.274
2024-09-28 03:00:00,4.921,4.926,4.886,4.895,17849.037
2024-09-28 04:00:00,4.895,4.916,4.876,4.899,13861.104
2024-09-28 05:00:00,4.899,4.899,4.853,4.853,19586.022
2024-09-28 06:00:00,4.853,4.861,4.81,4.823,30532.229
2024-09-28 07:00:00,4.823,4.848,4.82,4.82,18441.536
2024-09-28 08:00:00,4.82,4.825,4.791,4.792,60043.453
2024-09-28 09:00:00,4.792,4.818,4.754,4.818,32658.097
2024-09-28 10:00:00,4.818,4.848,4.804,4.837,58587.858
2024-09-28 11:00:00,4.837,4.839,4.809,4.821,15957.98
2024-09-28 12:00:00,4.821,4.823,4.795,4.803,37516.904
2024-09-28 13:00:00,4.803,4.806,4.774,4.792,52019.17
2024-09-28 14:00:00,4.792,4.838,4.79,4.818,29712.762
2024-09-28 15:00:00,4.818,4.818,4.798,4.8,14007.318
2024-09-28 16:00:00,4.8,4.81,4.779,4.788,55245.245
2024-09-28 17:00:00,4.788,4.81,4.785,4.796,21369.475
2024-09-28 18:00:00,4.796,4.818,4.792,4.807,7560.873
2024-09-28 19:00:00,4.807,4.82,4.805,4.808,6471.089
2024-09-28 20:00:00,4.808,4.824,4.796,4.797,6555.518
2024-09-28 21:00:00,4.797,4.798,4.746,4.79,17455.618
2024-09-28 22:00:00,4.79,4.807,4.772,4.8,7432.143
2024-09-28 23:00:00,4.8,4.81,4.785,4.796,24967.589
2024-09-29 00:00:00,4.796,4.831,4.776,4.78,18502.116
2024-09-29 01:00:00,4.78,4.798,4.774,4.798,14923.336
2024-09-29 02:00:00,4.798,4.831,4.792,4.806,19511.128
2024-09-29 03:00:00,4.806,4.82,4.793,4.815,10404.276
2024-09-29 04:00:00,4.815,4.815,4.767,4.782,20341.656
2024-09-29 05:00:00,4.782,4.797,4.77,4.777,20189.601
2024-09-29 06:00:00,4.777,4.779,4.752,4.767,18282.124
2024-09-29 07:00:00,4.767,4.78,4.708,4.711,50997.442
2024-09-29 08:00:00,4.711,4.736,4.692,4.715,77433.791
2024-09-29 09:00:00,4.715,4.747,4.715,4.727,22452.747
2024-09-29 10:00:00,4.727,4.73,4.701,4.72,15831.57
2024-09-29 11:00:00,4.72,4.743,4.718,4.739,25186.413
2024-09-29 12:00:00,4.739,4.753,4.7,4.705,46681.604
2024-09-29 13:00:00,4.705,4.742,4.684,4.737,64389.875
2024-09-29 14:00:00,4.737,4.768,4.733,4.759,37902.319
2024-09-29 15:00:00,4.759,4.781,4.752,4.781,52546.83
2024-09-29 16:00:00,4.781,4.794,4.758,4.779,80341.755
2024-09-29 17:00:00,4.779,4.815,4.779,4.796,24848.134
2024-09-29 18:00:00,4.796,4.816,4.796,4.804,24192.264
2024-09-29 19:00:00,4.804,4.835,4.802,4.834,23499.806
2024-09-29 20:00:00,4.834,4.858,4.801,4.806,37952.207
2024-09-29 21:00:00,4.806,4.838,4.8,4.817,15037.355
2024-09-29 22:00:00,4.817,4.823,4.775,4.779,31751.437
2024-09-29 23:00:00,4.779,4.783,4.742,4.765,18985.46
2024-09-30 00:00:00,4.765,4.77,4.702,4.749,30511.077
2024-09-30 01:00:00,4.749,4.762,4.678,4.684,39749.769
2024-09-30 02:00:00,4.684,4.696,4.655,4.665,39141.595
2024-09-30 03:00:00,4.665,4.692,4.634,4.691,40928.424
2024-09-30 04:00:00,4.691,4.691,4.65,4.673,20122.397
2024-09-30 05:00:00,4.673,4.688,4.662,4.685,55285.085
2024-09-30 06:00:00,4.685,4.706,4.668,4.668,59520.791
2024-09-30 07:00:00,4.668,4.736,4.666,4.711,115526.849
2024-09-30 08:00:00,4.711,4.713,4.677,4.705,65565.209
2024-09-30 09:00:00,4.705,4.705,4.612,4.612,67480.374
2024-09-30 10:00:00,4.612,4.626,4.583,4.615,84117.091
2024-09-30 11:00:00,4.615,4.645,4.601,4.628,50895.389
2024-09-30 12:00:00,4.628,4.634,4.599,4.628,32160.618
2024-09-30 13:00:00,4.628,4.648,4.573,4.59,108177.876
2024-09-30 14:00:00,4.59,4.59,4.546,4.55,73670.879
2024-09-30 15:00:00,4.55,4.575,4.513,4.515,61374.451
2024-09-30 16:00:00,4.515,4.549,4.511,4.524,40671.83
2024-09-30 17:00:00,4.524,4.559,4.515,4.559,44501.84
2024-09-30 18:00:00,4.559,4.56,4.501,4.537,87539.175
2024-09-30 19:00:00,4.537,4.542,4.515,4.517,34664.012
2024-09-30 20:00:00,4.517,4.554,4.515,4.536,63932.718
2024-09-30 21:00:00,4.536,4.543,4.516,4.52,29399.079
2024-09-30 22:00:00,4.52,4.521,4.468,4.468,43837.5
2024-09-30 23:00:00,4.468,4.48,4.4,4.435,144877.018
2024-10-01 00:00:00,4.435,4.485,4.394,4.478,103341.832
2024-10-01 01:00:00,4.478,4.503,4.47,4.498,45883.07
2024-10-01 02:00:00,4.498,4.506,4.468,4.506,36516.527
2024-10-01 03:00:00,4.506,4.542,4.501,4.529,42484.26
2024-10-01 04:00:00,4.529,4.545,4.511,4.534,81688.992
2024-10-01 05:00:00,4.534,4.542,4.514,4.541,25063.181
2024-10-01 06:00:00,4.541,4.558,4.531,4.557,72060.374
2024-10-01 07:00:00,4.557,4.562,4.533,4.537,77677.557
2024-10-01 08:00:00,4.537,4.543,4.517,4.525,40221.974
2024-10-01 09:00:00,4.525,4.537,4.519,4.525,42868.605
2024-10-01 10:00:00,4.525,4.539,4.516,4.539,29089.902
2024-10-01 11:00:00,4.539,4.542,4.506,4.51,36134.624
2024-10-01 12:00:00,4.51,4.518,4.493,4.499,30029.293
2024-10-01 13:00:00,4.499,4.504,4.366,4.431,194486.91
2024-10-01 14:00:00,4.431,4.452,4.32,4.335,214610.551
2024-10-01 15:00:00,4.335,4.348,4.194,4.293,569873.318
2024-10-01 16:00:00,4.293,4.313,4.219,4.262,268630.544
2024-10-01 17:00:00,4.262,4.262,4.049,4.21,755215.258
2024-10-01 18:00:00,4.21,4.245,4.167,4.188,284767.446
2024-10-01 19:00:00,4.188,4.211,4.156,4.167,213242.785
2024-10-01 20:00:00,4.167,4.193,4.1,4.185,282374.174
2024-10-01 21:00:00,4.185,4.2,4.131,4.199,48790.796
2024-10-01 22:00:00,4.199,4.199,4.143,4.158,86207.571
2024-10-01 23:00:00,4.158,4.168,4.141,4.156,31271.563
2024-10-02 00:00:00,4.156,4.257,4.127,4.186,177393.292
2024-10-02 01:00:00,4.186,4.23,4.18,4.226,82829.697
2024-10-02 02:00:00,4.226,4.239,4.214,4.23,38829.219
2024-10-02 03:00:00,4.23,4.239,4.211,4.231,30586.856
2024-10-02 04:00:00,4.231,4.231,4.204,4.21,29075.934
2024-10-02 05:00:00,4.21,4.226,4.187,4.2,75970.607
2024-10-02 06:00:00,4.2,4.249,4.186,4.239,62533.483
2024-10-02 07:00:00,4.239,4.272,4.225,4.251,112531.361
2024-10-02 08:00:00,4.251,4.258,4.231,4.245,118504.636
2024-10-02 09:00:00,4.245,4.248,4.155,4.169,90118.328
2024-10-02 10:00:00,4.169,4.207,4.146,4.146,55656.414
2024-10-02 11:00:00,4.146,4.178,4.122,4.15,79498.733
2024-10-02 12:00:00,4.15,4.168,4.114,4.124,86757.379
2024-10-02 13:00:00,4.124,4.167,4.093,4.155,98836.382
2024-10-02 14:00:00,4.155,4.177,4.125,4.128,81404.701
2024-10-02 15:00:00,4.128,4.181,4.125,4.161,140282.604
2024-10-02 16:00:00,4.161,4.203,4.119,4.119,85385.177
2024-10-02 17:00:00,4.119,4.134,4.101,4.116,59271.651
2024-10-02 18:00:00,4.116,4.116,4.035,4.039,127833.914
2024-10-02 19:00:00,4.039,4.08,4.005,4.063,162420.253
2024-10-02 20:00:00,4.063,4.128,4.047,4.117,98621.23
2024-10-02 21:00:00,4.117,4.123,4.082,4.093,38464.209
2024-10-02 22:00:00,4.093,4.104,4.053,4.104,29495.214
2024-10-02 23:00:00,4.104,4.11,4.091,4.101,34771.209
2024-10-03 00:00:00,4.101,4.123,4.065,4.112,65231.937
2024-10-03 01:00:00,4.112,4.151,4.11,4.141,78489.567
2024-10-03 02:00:00,4.141,4.155,4.129,4.142,29583.97
2024-10-03 03:00:00,4.142,4.169,4.135,4.169,58360.851
2024-10-03 04:00:00,4.169,4.172,4.146,4.15,50108.17
2024-10-03 05:00:00,4.15,4.154,4.116,4.123,32348.713
2024-10-03 06:00:00,4.123,4.136,4.116,4.124,60142.69
2024-10-03 07:00:00,4.124,4.135,4.081,4.084,78950.719
2024-10-03 08:00:00,4.084,4.088,4.026,4.04,71824.798
2024-10-03 09:00:00,4.04,4.075,4.001,4.061,129963.746
2024-10-03 10:00:00,4.061,4.092,4.044,4.092,141751.866
2024-10-03 11:00:00,4.092,4.097,4.037,4.04,45604.975
2024-10-03 12:00:00,4.04,4.063,4.008,4.041,56831.371
2024-10-03 13:00:00,4.041,4.069,3.998,4.055,100042.714
2024-10-03 14:00:00,4.055,4.091,4.013,4.017,94536.564
2024-10-03 15:00:00,4.017,4.074,3.992,4.058,112979.776
2024-10-03 16:00:00,4.058,4.077,4.005,4.049,83195.152
2024-10-03 17:00:00,4.049,4.078,4.016,4.07,80356.339
2024-10-03 18:00:00,4.07,4.091,4.06,4.081,72003.852
2024-10-03 19:00:00,4.081,4.122,4.074,4.12,57769.092
2024-10-03 20:00:00,4.12,4.127,4.105,4.111,33258.454
2024-10-03 21:00:00,4.111,4.13,4.09,4.123,35171.871
2024-10-03 22:00:00,4.123,4.127,4.102,4.126,11731.779
2024-10-03 23:00:00,4.126,4.135,4.111,4.13,28124.048
2024-10-04 00:00:00,4.13,4.143,4.111,4.111,29823.146
2024-10-04 01:00:00,4.111,4.163,4.111,4.142,43200.022
2024-10-04 02:00:00,4.142,4.155,4.131,4.132,21960.9
2024-10-04 03:00:00,4.132,4.135,4.107,4.12,39568.101
2024-10-04 04:00:00,4.12,4.158,4.12,4.135,22618.848
2024-10-04 05:00:00,4.135,4.165,4.132,4.165,26367.295
2024-10-04 06:00:00,4.165,4.171,4.138,4.141,16812.35
2024-10-04 07:00:00,4.141,4.154,4.129,4.146,16484.518
2024-10-04 08:00:00,4.146,4.173,4.134,4.134,42687.655
2024-10-04 09:00:00,4.134,4.173,4.134,4.152,38664.227
2024-10-04 10:00:00,4.152,4.164,4.148,4.153,16276.694
2024-10-04 11:00:00,4.153,4.17,4.15,4.168,14372.689
2024-10-04 12:00:00,4.168,4.196,4.141,4.194,91436.681
2024-10-04 13:00:00,4.194,4.198,4.159,4.171,52586.814
2024-10-04 14:00:00,4.171,4.173,4.119,4.152,66426.731
2024-10-04 15:00:00,4.152,4.178,4.15,4.174,53625.037
2024-10-04 16:00:00,4.174,4.211,4.16,4.202,78338.155
2024-10-04 17:00:00,4.202,4.212,4.174,4.181,21645.327
2024-10-04 18:00:00,4.181,4.191,4.171,4.184,29042.938
2024-10-04 19:00:00,4.184,4.189,4.169,4.184,26429.686
2024-10-04 20:00:00,4.184,4.188,4.164,4.179,29785.769
2024-10-04 21:00:00,4.179,4.201,4.173,4.2,25769.709
2024-10-04 22:00:00,4.2,4.213,4.191,4.194,28850.161
2024-10-04 23:00:00,4.194,4.197,4.186,4.194,10908.056
2024-10-05 00:00:00,4.194,4.22,4.193,4.22,20317.546
2024-10-05 01:00:00,4.22,4.232,4.199,4.202,37206.387
2024-10-05 02:00:00,4.202,4.202,4.171,4.171,11326.872
2024-10-05 03:00:00,4.171,4.181,4.154,4.16,21352.241
2024-10-05 04:00:00,4.16,4.186,4.153,4.181,14855.699
2024-10-05 05:00:00,4.181,4.211,4.181,4.205,16004.183
2024-10-05 06:00:00,4.205,4.205,4.179,4.202,37188.123
2024-10-05 07:00:00,4.202,4.204,4.18,4.181,21622.229
2024-10-05 08:00:00,4.181,4.197,4.181,4.191,20660.327
2024-10-05 09:00:00,4.191,4.205,4.191,4.201,14640.452
2024-10-05 10:00:00,4.201,4.21,4.195,4.198,21890.947
2024-10-05 11:00:00,4.198,4.209,4.195,4.199,18080.114
2024-10-05 12:00:00,4.199,4.207,4.195,4.206,22210.306
2024-10-05 13:00:00,4.206,4.213,4.173,4.179,15761.148
2024-10-05 14:00:00,4.179,4.191,4.162,4.185,34693.91
2024-10-05 15:00:00,4.185,4.191,4.167,4.175,24017.255
2024-10-05 16:00:00,4.175,4.176,4.135,4.139,108012.648
2024-10-05 17:00:00,4.139,4.146,4.127,4.145,50900.857
2024-10-05 18:00:00,4.145,4.148,4.126,4.136,14594.729
2024-10-05 19:00:00,4.136,4.136,4.124,4.128,16521.484
2024-10-05 20:00:00,4.128,4.128,4.081,4.086,66773.548
2024-10-05 21:00:00,4.086,4.121,4.078,4.11,15486.475
2024-10-05 22:00:00,4.11,4.142,4.109,4.141,28696.939
2024-10-05 23:00:00,4.141,4.141,4.129,4.138,8547.859
2024-10-06 00:00:00,4.138,4.138,4.122,4.133,12206.601
2024-10-06 01:00:00,4.133,4.165,4.133,4.16,19153.054
2024-10-06 02:00:00,4.16,4.164,4.137,4.14,8359.249
2024-10-06 03:00:00,4.14,4.15,4.122,4.122,16452.015
2024-10-06 04:00:00,4.122,4.133,4.099,4.116,22123.827
2024-10-06 05:00:00,4.116,4.133,4.11,4.131,17162.96
2024-10-06 06:00:00,4.131,4.139,4.122,4.124,7763.388
2024-10-06 07:00:00,4.124,4.143,4.124,4.135,10148.776
2024-10-06 08:00:00,4.135,4.14,4.121,4.132,15695.168
2024-10-06 09:00:00,4.132,4.15,4.131,4.135,12109.615
2024-10-06 10:00:00,4.135,4.143,4.129,4.131,10906.236
2024-10-06 11:00:00,4.131,4.15,4.128,4.145,12972.469
2024-10-06 12:00:00,4.145,4.158,4.143,4.155,26623.487
2024-10-06 13:00:00,4.155,4.158,4.133,4.142,33480.316
2024-10-06 14:00:00,4.142,4.194,4.135,4.189,34153.725
2024-10-06 15:00:00,4.189,4.191,4.163,4.18,26706.113
2024-10-06 16:00:00,4.18,4.19,4.164,4.167,31223.273
2024-10-06 17:00:00,4.167,4.182,4.153,4.155,22027.018
2024-10-06 18:00:00,4.155,4.178,4.154,4.172,37440.577
2024-10-06 19:00:00,4.172,4.186,4.155,4.158,24325.341
2024-10-06 20:00:00,4.158,4.175,4.156,4.173,12408.012
2024-10-06 21:00:00,4.173,4.182,4.147,4.15,7782.349
2024-10-06 22:00:00,4.15,4.179,4.15,4.178,13266.045
2024-10-06 23:00:00,4.178,4.196,4.176,4.191,35295.601
2024-10-07 00:00:00,4.191,4.227,4.176,4.226,101692.051
2024-10-07 01:00:00,4.226,4.26,4.221,4.257,74990.719
2024-10-07 02:00:00,4.257,4.266,4.242,4.258,50671.006
2024-10-07 03:00:00,4.258,4.27,4.234,4.255,36591.522
2024-10-07 04:00:00,4.255,4.271,4.25,4.253,21249.523
2024-10-07 05:00:00,4.253,4.264,4.221,4.224,98751.443
2024-10-07 06:00:00,4.224,4.261,4.224,4.259,31572.783
2024-10-07 07:00:00,4.259,4.26,4.237,4.246,25964.829
2024-10-07 08:00:00,4.246,4.259,4.239,4.239,26259.653
2024-10-07 09:00:00,4.239,4.241,4.178,4.203,49653.463
2024-10-07 10:00:00,4.203,4.203,4.152,4.161,51687.781
2024-10-07 11:00:00,4.161,4.187,4.131,4.186,48322.591
2024-10-07 12:00:00,4.186,4.187,4.161,4.165,26548.423
2024-10-07 13:00:00,4.165,4.199,4.161,4.191,40191.249
2024-10-07 14:00:00,4.191,4.257,4.19,4.22,84227.556
2024-10-07 15:00:00,4.22,4.227,4.19,4.202,52156.663
2024-10-07 16:00:00,4.202,4.24,4.192,4.236,40555.525
2024-10-07 17:00:00,4.236,4.248,4.219,4.241,58967.638
2024-10-07 18:00:00,4.241,4.245,4.147,4.158,90242.728
2024-10-07 19:00:00,4.158,4.208,4.155,4.206,53904.137
2024-10-07 20:00:00,4.206,4.22,4.181,4.184,39162.405
2024-10-07 21:00:00,4.184,4.23,4.18,4.225,17299.331
2024-10-07 22:00:00,4.225,4.227,4.168,4.173,48828.695
2024-10-07 23:00:00,4.173,4.179,4.126,4.133,98313.736
2024-10-08 00:00:00,4.133,4.163,4.116,4.161,49859.353
2024-10-08 01:00:00,4.161,4.175,4.14,4.165,43021.37
2024-10-08 02:00:00,4.165,4.179,4.147,4.179,39648.225
2024-10-08 03:00:00,4.179,4.184,4.166,4.175,34527.99
2024-10-08 04:00:00,4.175,4.185,4.156,4.17,26052.846
2024-10-08 05:00:00,4.17,4.175,4.113,4.136,45584.799
2024-10-08 06:00:00,4.136,4.149,4.108,4.144,24454.936
2024-10-08 07:00:00,4.144,4.145,4.092,4.119,33827.83
2024-10-08 08:00:00,4.119,4.134,4.107,4.13,22495.745
2024-10-08 09:00:00,4.13,4.141,4.107,4.136,38399.723
2024-10-08 10:00:00,4.136,4.15,4.128,4.14,19843.894
2024-10-08 11:00:00,4.14,4.16,4.137,4.156,15099.642
2024-10-08 12:00:00,4.156,4.157,4.117,4.12,24292.353
2024-10-08 13:00:00,4.12,4.157,4.041,4.157,391411.642
2024-10-08 14:00:00,4.157,4.172,4.101,4.14,101760.932
2024-10-08 15:00:00,4.14,4.143,4.071,4.112,96442.697
2024-10-08 16:00:00,4.112,4.14,4.092,4.124,63889.585
2024-10-08 17:00:00,4.124,4.128,4.096,4.116,34966.209
2024-10-08 18:00:00,4.116,4.139,4.085,4.102,33547.307
2024-10-08 19:00:00,4.102,4.119,4.082,4.099,58157.35
2024-10-08 20:00:00,4.099,4.12,4.09,4.115,33940.287
2024-10-08 21:00:00,4.115,4.135,4.115,4.129,10275.099
2024-10-08 22:00:00,4.129,4.129,4.09,4.091,19654.063
2024-10-08 23:00:00,4.091,4.106,4.076,4.103,24817.812
2024-10-09 00:00:00,4.103,4.118,4.092,4.11,28993.713
2024-10-09 01:00:00,4.11,4.145,4.105,4.137,35210.601
2024-10-09 02:00:00,4.137,4.141,4.12,4.122,17737.152
2024-10-09 03:00:00,4.122,4.129,4.097,4.117,37587.637
2024-10-09 04:00:00,4.117,4.129,4.107,4.113,20814.132
2024-10-09 05:00:00,4.113,4.15,4.113,4.145,34568.807
2024-10-09 06:00:00,4.145,4.15,4.127,4.132,15768.09
2024-10-09 07:00:00,4.132,4.132,4.104,4.114,38162.081
2024-10-09 08:00:00,4.114,4.122,4.094,4.102,32239.576
2024-10-09 09:00:00,4.102,4.114,4.092,4.112,23420.715
2024-10-09 10:00:00,4.112,4.115,4.092,4.096,20658.036
2024-10-09 11:00:00,4.096,4.105,4.093,4.102,18818.072
2024-10-09 12:00:00,4.102,4.102,4.048,4.069,50255.249
2024-10-09 13:00:00,4.069,4.07,4.034,4.046,143378.233
2024-10-09 14:00:00,4.046,4.076,4.039,4.07,56715.723
2024-10-09 15:00:00,4.07,4.112,4.07,4.101,50340.933
2024-10-09 16:00:00,4.101,4.103,4.064,4.073,46051.448
2024-10-09 17:00:00,4.073,4.075,4.06,4.069,21822.376
2024-10-09 18:00:00,4.069,4.076,4.041,4.049,68473.624
2024-10-09 19:00:00,4.049,4.064,4.033,4.049,37720.468
2024-10-09 20:00:00,4.049,4.049,3.959,3.961,138405.108
2024-10-09 21:00:00,3.961,4.02,3.954,4.018,29091.066
2024-10-09 22:00:00,4.018,4.018,4.0,4.016,15039.885
2024-10-09 23:00:00,4.016,4.034,4.014,4.024,15596.403
2024-10-10 00:00:00,4.024,4.037,3.999,4.008,47289.523
2024-10-10 01:00:00,4.008,4.055,4.007,4.042,40566.926
2024-10-10 02:00:00,4.042,4.061,4.037,4.06,36114.302
2024-10-10 03:00:00,4.06,4.068,4.052,4.06,8469.775
2024-10-10 04:00:00,4.06,4.071,4.056,4.059,15028.232
2024-10-10 05:00:00,4.059,4.078,4.056,4.065,26070.038
2024-10-10 06:00:00,4.065,4.073,4.06,4.071,19512.707
2024-10-10 07:00:00,4.071,4.071,4.043,4.043,19891.785
2024-10-10 08:00:00,4.043,4.051,4.017,4.02,40284.08
2024-10-10 09:00:00,4.02,4.027,3.992,4.022,55498.289
2024-10-10 10:00:00,4.022,4.053,4.019,4.05,53312.01
2024-10-10 11:00:00,4.05,4.074,4.05,4.073,25882.717
2024-10-10 12:00:00,4.073,4.077,4.013,4.036,91708.066
2024-10-10 13:00:00,4.036,4.057,4.01,4.034,73703.136
2024-10-10 14:00:00,4.034,4.041,4.006,4.032,74023.957
2024-10-10 15:00:00,4.032,4.058,4.024,4.057,56879.542
2024-10-10 16:00:00,4.057,4.061,4.026,4.026,55550.119
2024-10-10 17:00:00,4.026,4.038,3.98,3.998,78759.695
2024-10-10 18:00:00,3.998,4.027,3.967,4.025,102311.253
2024-10-10 19:00:00,4.025,4.036,4.016,4.033,35021.418
2024-10-10 20:00:00,4.033,4.052,4.027,4.046,46069.755
2024-10-10 21:00:00,4.046,4.071,4.04,4.071,23936.617
2024-10-10 22:00:00,4.071,4.076,4.051,4.064,36426.682
2024-10-10 23:00:00,4.064,4.075,4.063,4.075,28307.604
2024-10-11 00:00:00,4.075,4.095,4.073,4.077,56863.331
2024-10-11 01:00:00,4.077,4.106,4.055,4.096,51306.263
2024-10-11 02:00:00,4.096,4.105,4.088,4.099,27788.507
2024-10-11 03:00:00,4.099,4.117,4.099,4.104,29791.249
2024-10-11 04:00:00,4.104,4.116,4.094,4.099,20181.585
2024-10-11 05:00:00,4.099,4.107,4.085,4.085,28691.238
2024-10-11 06:00:00,4.085,4.102,4.075,4.094,35008.363
2024-10-11 07:00:00,4.094,4.108,4.091,4.104,21856.336
2024-10-11 08:00:00,4.104,4.112,4.09,4.091,19785.208
2024-10-11 09:00:00,4.091,4.125,4.091,4.119,23381.831
2024-10-11 10:00:00,4.119,4.132,4.119,4.129,34582.749
2024-10-11 11:00:00,4.129,4.136,4.122,4.127,24002.913
2024-10-11 12:00:00,4.127,4.148,4.127,4.145,26771.847
2024-10-11 13:00:00,4.145,4.157,4.123,4.153,27089.797
2024-10-11 14:00:00,4.153,4.16,4.132,4.14,63177.723
2024-10-11 15:00:00,4.14,4.171,4.14,4.169,75193.548
2024-10-11 16:00:00,4.169,4.187,4.159,4.167,86033.514
2024-10-11 17:00:00,4.167,4.187,4.148,4.177,47206.572
2024-10-11 18:00:00,4.177,4.184,4.166,4.179,48659.231
2024-10-11 19:00:00,4.179,4.194,4.174,4.178,39611.381
2024-10-11 20:00:00,4.178,4.186,4.175,4.178,14938.053
2024-10-11 21:00:00,4.178,4.191,4.177,4.18,11088.12
2024-10-11 22:00:00,4.18,4.189,4.168,4.172,22061.929
2024-10-11 23:00:00,4.172,4.179,4.158,4.172,27055.268
2024-10-12 00:00:00,4.172,4.198,4.17,4.198,23829.437
2024-10-12 01:00:00,4.198,4.202,4.181,4.197,66033.958
2024-10-12 02:00:00,4.197,4.2,4.165,4.167,25221.507
2024-10-12 03:00:00,4.167,4.173,4.151,4.164,24672.912
2024-10-12 04:00:00,4.164,4.181,4.164,4.178,26672.153
2024-10-12 05:00:00,4.178,4.193,4.176,4.193,11486.565
2024-10-12 06:00:00,4.193,4.207,4.191,4.195,34575.197
2024-10-12 07:00:00,4.195,4.207,4.192,4.204,38419.691
2024-10-12 08:00:00,4.204,4.221,4.202,4.21,20284.965
2024-10-12 09:00:00,4.21,4.234,4.208,4.229,28161.068
2024-10-12 10:00:00,4.229,4.247,4.229,4.243,31036.127
2024-10-12 11:00:00,4.243,4.25,4.222,4.241,39601.491
2024-10-12 12:00:00,4.241,4.248,4.23,4.248,21623.965
2024-10-12 13:00:00,4.248,4.254,4.241,4.25,25263.5
2024-10-12 14:00:00,4.25,4.259,4.244,4.244,22269.553
2024-10-12 15:00:00,4.244,4.262,4.225,4.23,51280.121
2024-10-12 16:00:00,4.23,4.251,4.208,4.209,46619.967
2024-10-12 17:00:00,4.209,4.225,4.202,4.211,36825.639
2024-10-12 18:00:00,4.211,4.22,4.195,4.197,37688.225
2024-10-12 19:00:00,4.197,4.207,4.188,4.206,15344.602
2024-10-12 20:00:00,4.206,4.208,4.193,4.198,12173.324
2024-10-12 21:00:00,4.198,4.216,4.195,4.216,7725.769
2024-10-12 22:00:00,4.216,4.221,4.201,4.218,14095.944
2024-10-12 23:00:00,4.218,4.22,4.204,4.205,19255.139
2024-10-13 00:00:00,4.205,4.216,4.201,4.201,11138.632
2024-10-13 01:00:00,4.201,4.202,4.16,4.174,50338.91
2024-10-13 02:00:00,4.174,4.186,4.169,4.183,14609.586
2024-10-13 03:00:00,4.183,4.187,4.156,4.162,22953.335
2024-10-13 04:00:00,4.162,4.185,4.161,4.182,10887.08
2024-10-13 05:00:00,4.182,4.2,4.18,4.192,8843.55
2024-10-13 06:00:00,4.192,4.202,4.188,4.191,10794.488
2024-10-13 07:00:00,4.191,4.196,4.177,4.19,8812.803
2024-10-13 08:00:00,4.19,4.2,4.175,4.176,18298.457
2024-10-13 09:00:00,4.176,4.193,4.175,4.193,16995.607
2024-10-13 10:00:00,4.193,4.196,4.168,4.168,30997.662
2024-10-13 11:00:00,4.168,4.175,4.157,4.159,24528.261
2024-10-13 12:00:00,4.159,4.184,4.158,4.172,15644.215
2024-10-13 13:00:00,4.172,4.186,4.168,4.178,9944.471
2024-10-13 14:00:00,4.178,4.178,4.123,4.125,39159.911
2024-10-13 15:00:00,4.125,4.141,4.087,4.106,50692.131
2024-10-13 16:00:00,4.106,4.136,4.096,4.133,32096.98
2024-10-13 17:00:00,4.133,4.148,4.111,4.118,19874.138
2024-10-13 18:00:00,4.118,4.125,4.096,4.106,25086.139
2024-10-13 19:00:00,4.106,4.132,4.104,4.126,14135.44
2024-10-13 20:00:00,4.126,4.128,4.118,4.126,10902.287
2024-10-13 21:00:00,4.126,4.149,4.119,4.139,13541.971
2024-10-13 22:00:00,4.139,4.171,4.137,4.144,46538.278
2024-10-13 23:00:00,4.144,4.163,4.137,4.162,24807.225
2024-10-14 00:00:00,4.162,4.18,4.134,4.137,40455.51
2024-10-14 01:00:00,4.137,4.174,4.137,4.157,34749.143
2024-10-14 02:00:00,4.157,4.159,4.14,4.154,19738.419
2024-10-14 03:00:00,4.154,4.26,4.154,4.256,94203.424
2024-10-14 04:00:00,4.256,4.281,4.248,4.258,68088.132
2024-10-14 05:00:00,4.258,4.264,4.215,4.229,60076.64
2024-10-14 06:00:00,4.229,4.258,4.223,4.254,26844.541
2024-10-14 07:00:00,4.254,4.274,4.243,4.273,35013.144
2024-10-14 08:00:00,4.273,4.279,4.256,4.258,30491.448
2024-10-14 09:00:00,4.258,4.287,4.245,4.282,50116.775
2024-10-14 10:00:00,4.282,4.295,4.277,4.283,23968.939
2024-10-14 11:00:00,4.283,4.292,4.273,4.279,59302.982
2024-10-14 12:00:00,4.279,4.295,4.27,4.292,46472.612
2024-10-14 13:00:00,4.292,4.317,4.276,4.315,46454.017
2024-10-14 14:00:00,4.315,4.355,4.315,4.33,88805.112
2024-10-14 15:00:00,4.33,4.358,4.325,4.343,75670.592
2024-10-14 16:00:00,4.343,4.374,4.328,4.333,93790.581
2024-10-14 17:00:00,4.333,4.347,4.327,4.339,35674.879
2024-10-14 18:00:00,4.339,4.369,4.336,4.356,28335.223
2024-10-14 19:00:00,4.356,4.373,4.351,4.354,31521.287
2024-10-14 20:00:00,4.354,4.369,4.347,4.355,22142.696
2024-10-14 21:00:00,4.355,4.372,4.347,4.353,28235.692
2024-10-14 22:00:00,4.353,4.399,4.353,4.399,57197.453
2024-10-14 23:00:00,4.399,4.399,4.364,4.374,32749.709
2024-10-15 00:00:00,4.374,4.41,4.369,4.384,61998.949
2024-10-15 01:00:00,4.384,4.406,4.374,4.389,18426.027
2024-10-15 02:00:00,4.389,4.427,4.389,4.417,28209.656
2024-10-15 03:00:00,4.417,4.421,4.365,4.375,46414.594
2024-10-15 04:00:00,4.375,4.406,4.371,4.402,21216.017
2024-10-15 05:00:00,4.402,4.409,4.366,4.383,61742.19
2024-10-15 06:00:00,4.383,4.418,4.374,4.415,46726.045
2024-10-15 07:00:00,4.415,4.428,4.415,4.422,28087.291
2024-10-15 08:00:00,4.422,4.455,4.422,4.454,30572.912
2024-10-15 09:00:00,4.454,4.472,4.44,4.462,28272.673
2024-10-15 10:00:00,4.462,4.534,4.454,4.497,83994.313
2024-10-15 11:00:00,4.497,4.506,4.365,4.38,107937.207
2024-10-15 12:00:00,4.38,4.467,4.379,4.454,41004.227
2024-10-15 13:00:00,4.454,4.522,4.434,4.507,86276.105
2024-10-15 14:00:00,4.507,4.525,4.325,4.351,276963.589
2024-10-15 15:00:00,4.351,4.39,4.291,4.368,113689.685
2024-10-15 16:00:00,4.368,4.445,4.368,4.422,103568.36
2024-10-15 17:00:00,4.422,4.43,4.393,4.409,25442.178
2024-10-15 18:00:00,4.409,4.436,4.4,4.4,22424.674
2024-10-15 19:00:00,4.4,4.412,4.365,4.386,30942.954
2024-10-15 20:00:00,4.386,4.393,4.31,4.32,76200.173
2024-10-15 21:00:00,4.32,4.363,4.31,4.363,25752.749
2024-10-15 22:00:00,4.363,4.386,4.348,4.374,14542.889
2024-10-15 23:00:00,4.374,4.408,4.368,4.406,17854.713
2024-10-16 00:00:00,4.406,4.408,4.376,4.377,14142.743
2024-10-16 01:00:00,4.377,4.402,4.358,4.381,26037.585
2024-10-16 02:00:00,4.381,4.41,4.381,4.386,37215.406
2024-10-16 03:00:00,4.386,4.395,4.373,4.376,44115.36
2024-10-16 04:00:00,4.376,4.388,4.341,4.355,25530.297
2024-10-16 05:00:00,4.355,4.384,4.353,4.377,55925.984
2024-10-16 06:00:00,4.377,4.386,4.341,4.357,53888.65
2024-10-16 07:00:00,4.357,4.357,4.302,4.311,47387.389
2024-10-16 08:00:00,4.311,4.332,4.306,4.317,41022.024
2024-10-16 09:00:00,4.317,4.349,4.31,4.341,29875.737
2024-10-16 10:00:00,4.341,4.35,4.33,4.343,47483.362
2024-10-16 11:00:00,4.343,4.384,4.325,4.365,78290.569
2024-10-16 12:00:00,4.365,4.377,4.344,4.345,52355.613
2024-10-16 13:00:00,4.345,4.345,4.295,4.301,73443.397
2024-10-16 14:00:00,4.301,4.356,4.297,4.322,45040.69
2024-10-16 15:00:00,4.322,4.342,4.309,4.319,24062.157
2024-10-16 16:00:00,4.319,4.328,4.287,4.317,46818.135
2024-10-16 17:00:00,4.317,4.333,4.304,4.315,20387.066
2024-10-16 18:00:00,4.315,4.322,4.309,4.312,40542.307
2024-10-16 19:00:00,4.312,4.325,4.302,4.309,20390.063
2024-10-16 20:00:00,4.309,4.342,4.307,4.326,11637.537
2024-10-16 21:00:00,4.326,4.333,4.318,4.322,15398.325
2024-10-16 22:00:00,4.322,4.35,4.322,4.344,11172.34
2024-10-16 23:00:00,4.344,4.345,4.31,4.315,12187.645
2024-10-17 00:00:00,4.315,4.336,4.314,4.314,11591.674
2024-10-17 01:00:00,4.314,4.346,4.306,4.345,21557.939
2024-10-17 02:00:00,4.345,4.349,4.317,4.322,8790.377
2024-10-17 03:00:00,4.322,4.338,4.319,4.332,5348.29
2024-10-17 04:00:00,4.332,4.332,4.297,4.298,15000.17
2024-10-17 05:00:00,4.298,4.312,4.268,4.279,38278.445
2024-10-17 06:00:00,4.279,4.279,4.247,4.248,47507.368
2024-10-17 07:00:00,4.248,4.257,4.23,4.245,31397.648
2024-10-17 08:00:00,4.245,4.249,4.227,4.245,15477.319
2024-10-17 09:00:00,4.245,4.257,4.226,4.231,16070.127
2024-10-17 10:00:00,4.231,4.238,4.191,4.214,41759.411
2024-10-17 11:00:00,4.214,4.218,4.182,4.188,36000.045
2024-10-17 12:00:00,4.188,4.224,4.184,4.219,26942.362
2024-10-17 13:00:00,4.219,4.233,4.195,4.218,33099.357
2024-10-17 14:00:00,4.218,4.22,4.192,4.204,38585.349
2024-10-17 15:00:00,4.204,4.252,4.192,4.239,58812.426
2024-10-17 16:00:00,4.239,4.239,4.198,4.217,24516.519
2024-10-17 17:00:00,4.217,4.23,4.196,4.199,49552.795
2024-10-17 18:00:00,4.199,4.199,4.147,4.172,72992.718
2024-10-17 19:00:00,4.172,4.19,4.165,4.179,26167.066
2024-10-17 20:00:00,4.179,4.197,4.177,4.188,21329.073
2024-10-17 21:00:00,4.188,4.193,4.174,4.189,26725.076
2024-10-17 22:00:00,4.189,4.203,4.182,4.201,11623.201
2024-10-17 23:00:00,4.201,4.201,4.183,4.192,11754.929
2024-10-18 00:00:00,4.192,4.197,4.175,4.175,17716.042
2024-10-18 01:00:00,4.175,4.243,4.174,4.234,27799.596
2024-10-18 02:00:00,4.234,4.249,4.227,4.246,21813.024
2024-10-18 03:00:00,4.246,4.246,4.208,4.212,17425.863
2024-10-18 04:00:00,4.212,4.231,4.212,4.221,10459.863
2024-10-18 05:00:00,4.221,4.24,4.213,4.239,9039.739
2024-10-18 06:00:00,4.239,4.263,4.235,4.254,14610.617
2024-10-18 07:00:00,4.254,4.268,4.251,4.267,18110.26
2024-10-18 08:00:00,4.267,4.272,4.246,4.249,12449.109
2024-10-18 09:00:00,4.249,4.252,4.237,4.238,38392.34
2024-10-18 10:00:00,4.238,4.24,4.227,4.238,16331.834
2024-10-18 11:00:00,4.238,4.245,4.215,4.215,24057.858
2024-10-18 12:00:00,4.215,4.224,4.203,4.207,15673.604
2024-10-18 13:00:00,4.207,4.234,4.2,4.234,22139.129
2024-10-18 14:00:00,4.234,4.252,4.215,4.244,51021.42
2024-10-18 15:00:00,4.244,4.267,4.239,4.262,29594.986
2024-10-18 16:00:00,4.262,4.296,4.236,4.29,61260.032
2024-10-18 17:00:00,4.29,4.298,4.273,4.281,28613.015
2024-10-18 18:00:00,4.281,4.294,4.272,4.289,16266.579
2024-10-18 19:00:00,4.289,4.291,4.272,4.275,27647.341
2024-10-18 20:00:00,4.275,4.28,4.26,4.261,25125.278
2024-10-18 21:00:00,4.261,4.264,4.247,4.261,4281.818
2024-10-18 22:00:00,4.261,4.279,4.252,4.279,15611.149
2024-10-18 23:00:00,4.279,4.31,4.279,4.31,13254.337
2024-10-19 00:00:00,4.31,4.35,4.31,4.347,44614.152
2024-10-19 01:00:00,4.347,4.388,4.344,4.372,18877.054
2024-10-19 02:00:00,4.372,4.447,4.372,4.442,52949.545
2024-10-19 03:00:00,4.442,4.482,4.399,4.399,90693.708
2024-10-19 04:00:00,4.399,4.413,4.378,4.384,33700.393
2024-10-19 05:00:00,4.384,4.407,4.383,4.407,15024.621
2024-10-19 06:00:00,4.407,4.411,4.39,4.39,30775.211
2024-10-19 07:00:00,4.39,4.395,4.37,4.376,27543.894
2024-10-19 08:00:00,4.376,4.394,4.375,4.38,16616.05
2024-10-19 09:00:00,4.38,4.393,4.375,4.377,13243.044
2024-10-19 10:00:00,4.377,4.388,4.348,4.351,24382.207
2024-10-19 11:00:00,4.351,4.364,4.329,4.33,32718.794
2024-10-19 12:00:00,4.33,4.394,4.329,4.376,25265.439
2024-10-19 13:00:00,4.376,4.377,4.355,4.356,15761.653
2024-10-19 14:00:00,4.356,4.398,4.356,4.397,30998.684
2024-10-19 15:00:00,4.397,4.407,4.39,4.406,18145.188
2024-10-19 16:00:00,4.406,4.431,4.385,4.401,61389.24
2024-10-19 17:00:00,4.401,4.428,4.396,4.404,69795.517
2024-10-19 18:00:00,4.404,4.43,4.403,4.417,33430.514
2024-10-19 19:00:00,4.417,4.428,4.407,4.407,26598.756
2024-10-19 20:00:00,4.407,4.435,4.406,4.421,22575.525
2024-10-19 21:00:00,4.421,4.439,4.412,4.412,31667.948
2024-10-19 22:00:00,4.412,4.439,4.406,4.433,14170.633
2024-10-19 23:00:00,4.433,4.441,4.426,4.431,10865.404
2024-10-20 00:00:00,4.431,4.442,4.401,4.403,22005.926
2024-10-20 01:00:00,4.403,4.404,4.382,4.382,15513.386
2024-10-20 02:00:00,4.382,4.39,4.366,4.369,9548.772
2024-10-20 03:00:00,4.369,4.384,4.358,4.383,12621.441
2024-10-20 04:00:00,4.383,4.409,4.378,4.394,16531.345
2024-10-20 05:00:00,4.394,4.42,4.381,4.394,28219.182
2024-10-20 06:00:00,4.394,4.429,4.388,4.426,12862.039
2024-10-20 07:00:00,4.426,4.431,4.409,4.41,16195.173
2024-10-20 08:00:00,4.41,4.425,4.39,4.395,22432.681
2024-10-20 09:00:00,4.395,4.421,4.391,4.419,12782.551
2024-10-20 10:00:00,4.419,4.421,4.398,4.399,27959.476
2024-10-20 11:00:00,4.399,4.428,4.399,4.42,10910.281
2024-10-20 12:00:00,4.42,4.434,4.409,4.415,28726.072
2024-10-20 13:00:00,4.415,4.505,4.412,4.504,86727.132
2024-10-20 14:00:00,4.504,4.542,4.499,4.54,92465.09
2024-10-20 15:00:00,4.54,4.558,4.502,4.551,69901.3
2024-10-20 16:00:00,4.551,4.585,4.539,4.545,95107.901
2024-10-20 17:00:00,4.545,4.565,4.526,4.533,26573.61
2024-10-20 18:00:00,4.533,4.555,4.52,4.53,27212.662
2024-10-20 19:00:00,4.53,4.534,4.518,4.529,19135.95
2024-10-20 20:00:00,4.529,4.558,4.528,4.55,34959.125
2024-10-20 21:00:00,4.55,4.556,4.534,4.539,15241.105
2024-10-20 22:00:00,4.539,4.592,4.539,4.582,82085.15
2024-10-20 23:00:00,4.582,4.594,4.563,4.578,24936.256
2024-10-21 00:00:00,4.578,4.616,4.578,4.597,36064.667
2024-10-21 01:00:00,4.597,4.597,4.569,4.57,52519.823
2024-10-21 02:00:00,4.57,4.577,4.525,4.53,54036.55
2024-10-21 03:00:00,4.53,4.543,4.514,4.537,31792.163
2024-10-21 04:00:00,4.537,4.562,4.523,4.562,21347.459
2024-10-21 05:00:00,4.562,4.576,4.558,4.558,23435.754
2024-10-21 06:00:00,4.558,4.566,4.509,4.516,39234.383
2024-10-21 07:00:00,4.516,4.531,4.504,4.508,48588.85
2024-10-21 08:00:00,4.508,4.53,4.5,4.5,56764.209
2024-10-21 09:00:00,4.5,4.525,4.478,4.497,50527.194
2024-10-21 10:00:00,4.497,4.5,4.466,4.469,36306.704
2024-10-21 11:00:00,4.469,4.485,4.458,4.474,23206.72
2024-10-21 12:00:00,4.474,4.489,4.443,4.451,47580.651
2024-10-21 13:00:00,4.451,4.464,4.358,4.383,150838.036
2024-10-21 14:00:00,4.383,4.404,4.374,4.397,106958.103
2024-10-21 15:00:00,4.397,4.397,4.359,4.379,41874.717
2024-10-21 16:00:00,4.379,4.379,4.334,4.362,45988.876
2024-10-21 17:00:00,4.362,4.395,4.359,4.38,18967.357
2024-10-21 18:00:00,4.38,4.38,4.355,4.362,14729.499
2024-10-21 19:00:00,4.362,4.401,4.361,4.398,17650.438
2024-10-21 20:00:00,4.398,4.406,4.385,4.401,14114.248
2024-10-21 21:00:00,4.401,4.409,4.394,4.401,13164.264
2024-10-21 22:00:00,4.401,4.41,4.387,4.395,18060.361
2024-10-21 23:00:00,4.395,4.395,4.376,4.379,32947.883
2024-10-22 00:00:00,4.379,4.4,4.325,4.384,78927.977
2024-10-22 01:00:00,4.384,4.421,4.367,4.417,26170.068
2024-10-22 02:00:00,4.417,4.429,4.376,4.379,25966.246
2024-10-22 03:00:00,4.379,4.405,4.379,4.405,15683.228
2024-10-22 04:00:00,4.405,4.415,4.393,4.403,16371.427
2024-10-22 05:00:00,4.403,4.422,4.399,4.415,20653.349
2024-10-22 06:00:00,4.415,4.431,4.413,4.425,17760.816
2024-10-22 07:00:00,4.425,4.436,4.391,4.393,20352.869
2024-10-22 08:00:00,4.393,4.395,4.337,4.338,46570.386
2024-10-22 09:00:00,4.338,4.351,4.311,4.33,43048.511
2024-10-22 10:00:00,4.33,4.357,4.315,4.356,29296.874
2024-10-22 11:00:00,4.356,4.368,4.348,4.352,36521.75
2024-10-22 12:00:00,4.352,4.367,4.317,4.319,32066.573
2024-10-22 13:00:00,4.319,4.323,4.272,4.309,49838.851
2024-10-22 14:00:00,4.309,4.353,4.297,4.351,72314.332
2024-10-22 15:00:00,4.351,4.354,4.306,4.329,34793.154
2024-10-22 16:00:00,4.329,4.334,4.287,4.293,55123.651
2024-10-22 17:00:00,4.293,4.328,4.291,4.326,48666.765
2024-10-22 18:00:00,4.326,4.336,4.3,4.302,21847.926
2024-10-22 19:00:00,4.302,4.33,4.302,4.317,22306.117
2024-10-22 20:00:00,4.317,4.323,4.3,4.321,38704.053
2024-10-22 21:00:00,4.321,4.326,4.305,4.325,17819.008
2024-10-22 22:00:00,4.325,4.349,4.319,4.343,18523.203
2024-10-22 23:00:00,4.343,4.344,4.318,4.324,11703.915
2024-10-23 00:00:00,4.324,4.333,4.299,4.304,44421.977
2024-10-23 01:00:00,4.304,4.316,4.293,4.311,55761.999
2024-10-23 02:00:00,4.311,4.312,4.277,4.281,42800.346
2024-10-23 03:00:00,4.281,4.288,4.247,4.28,84989.139
2024-10-23 04:00:00,4.28,4.285,4.267,4.279,29165.883
2024-10-23 05:00:00,4.279,4.286,4.261,4.272,37865.566
2024-10-23 06:00:00,4.272,4.307,4.269,4.28,36376.587
2024-10-23 07:00:00,4.28,4.284,4.238,4.249,44362.889
2024-10-23 08:00:00,4.249,4.268,4.225,4.235,57173.018
2024-10-23 09:00:00,4.235,4.241,4.215,4.228,34663.878
2024-10-23 10:00:00,4.228,4.245,4.211,4.215,22796.717
2024-10-23 11:00:00,4.215,4.231,4.207,4.216,37105.111
2024-10-23 12:00:00,4.216,4.237,4.2,4.224,54398.873
2024-10-23 13:00:00,4.224,4.247,4.218,4.245,28047.273
2024-10-23 14:00:00,4.245,4.248,4.213,4.22,38635.812
2024-10-23 15:00:00,4.22,4.222,4.158,4.191,82882.886
2024-10-23 16:00:00,4.191,4.196,4.159,4.164,57644.004
2024-10-23 17:00:00,4.164,4.194,4.16,4.165,47419.832
2024-10-23 18:00:00,4.165,4.166,4.104,4.163,129834.179
2024-10-23 19:00:00,4.163,4.2,4.155,4.197,39737.56
2024-10-23 20:00:00,4.197,4.217,4.185,4.214,22311.227
2024-10-23 21:00:00,4.214,4.215,4.178,4.181,17499.379
2024-10-23 22:00:00,4.181,4.207,4.173,4.198,18611.28
2024-10-23 23:00:00,4.198,4.217,4.195,4.211,26730.588
2024-10-24 00:00:00,4.211,4.256,4.194,4.255,24566.662
2024-10-24 01:00:00,4.255,4.261,4.227,4.232,34735.026
2024-10-24 02:00:00,4.232,4.254,4.228,4.249,18582.369
2024-10-24 03:00:00,4.249,4.25,4.216,4.216,14622.813
2024-10-24 04:00:00,4.216,4.236,4.215,4.236,15212.68
2024-10-24 05:00:00,4.236,4.238,4.219,4.223,25144.724
2024-10-24 06:00:00,4.223,4.259,4.211,4.211,64710.758
2024-10-24 07:00:00,4.211,4.22,4.186,4.189,31680.262
2024-10-24 08:00:00,4.189,4.204,4.155,4.155,27481.456
2024-10-24 09:00:00,4.155,4.172,4.144,4.16,50614.435
2024-10-24 10:00:00,4.16,4.186,4.157,4.171,16854.986
2024-10-24 11:00:00,4.171,4.189,4.17,4.18,24143.666
2024-10-24 12:00:00,4.18,4.2,4.176,4.191,20468.355
2024-10-24 13:00:00,4.191,4.21,4.182,4.204,46931.264
2024-10-24 14:00:00,4.204,4.208,4.176,4.195,39822.579
2024-10-24 15:00:00,4.195,4.211,4.182,4.196,21053.301
2024-10-24 16:00:00,4.196,4.201,4.182,4.185,15978.311
2024-10-24 17:00:00,4.185,4.192,4.168,4.185,21220.794
2024-10-24 18:00:00,4.185,4.208,4.182,4.197,16520.312
2024-10-24 19:00:00,4.197,4.227,4.193,4.222,18373.703
2024-10-24 20:00:00,4.222,4.231,4.218,4.229,26344.996
2024-10-24 21:00:00,4.229,4.253,4.219,4.222,30450.493
2024-10-24 22:00:00,4.222,4.231,4.204,4.207,16870.705
2024-10-24 23:00:00,4.207,4.212,4.199,4.207,18281.87
2024-10-25 00:00:00,4.207,4.22,4.189,4.193,22955.658
2024-10-25 01:00:00,4.193,4.196,4.173,4.179,13317.369
2024-10-25 02:00:00,4.179,4.188,4.159,4.167,18425.869
2024-10-25 03:00:00,4.167,4.178,4.158,4.161,10108.169
2024-10-25 04:00:00,4.161,4.164,4.107,4.124,38094.513
2024-10-25 05:00:00,4.124,4.142,4.112,4.132,23054.193
2024-10-25 06:00:00,4.132,4.14,4.121,4.123,15185.442
2024-10-25 07:00:00,4.123,4.131,4.106,4.12,44266.364
2024-10-25 08:00:00,4.12,4.165,4.116,4.154,33252.047
2024-10-25 09:00:00,4.154,4.171,4.149,4.167,28136.902
2024-10-25 10:00:00,4.167,4.168,4.149,4.154,15047.566
2024-10-25 11:00:00,4.154,4.164,4.147,4.159,12786.409
2024-10-25 12:00:00,4.159,4.174,4.138,4.141,18584.031
2024-10-25 13:00:00,4.141,4.176,4.134,4.173,19853.92
2024-10-25 14:00:00,4.173,4.2,4.158,4.187,71009.716
2024-10-25 15:00:00,4.187,4.194,4.117,4.143,64417.135
2024-10-25 16:00:00,4.143,4.165,4.123,4.154,29238.087
2024-10-25 17:00:00,4.154,4.165,4.098,4.107,64275.646
2024-10-25 18:00:00,4.107,4.133,4.038,4.099,143535.042
2024-10-25 19:00:00,4.099,4.106,4.079,4.097,39417.601
2024-10-25 20:00:00,4.097,4.102,4.071,4.093,27371.326
2024-10-25 21:00:00,4.093,4.126,4.09,4.126,11846.364
2024-10-25 22:00:00,4.126,4.126,4.083,4.085,7291.38
2024-10-25 23:00:00,4.085,4.09,3.847,4.002,456885.836
2024-10-26 00:00:00,4.002,4.015,3.945,4.006,87125.817
2024-10-26 01:00:00,4.006,4.019,3.996,4.011,39181.331
2024-10-26 02:00:00,4.011,4.049,3.992,4.039,26462.044
2024-10-26 03:00:00,4.039,4.055,4.028,4.029,40473.066
2024-10-26 04:00:00,4.029,4.034,4.018,4.02,38318.749
2024-10-26 05:00:00,4.02,4.045,4.019,4.043,34845.455
2024-10-26 06:00:00,4.043,4.061,4.038,4.051,13023.34
2024-10-26 07:00:00,4.051,4.055,4.035,4.035,15393.988
2024-10-26 08:00:00,4.035,4.048,4.032,4.043,22472.582
2024-10-26 09:00:00,4.043,4.05,4.039,4.041,17620.94
2024-10-26 10:00:00,4.041,4.046,4.024,4.029,20725.726
2024-10-26 11:00:00,4.029,4.054,4.021,4.043,18436.93
2024-10-26 12:00:00,4.043,4.052,4.039,4.049,14536.994
2024-10-26 13:00:00,4.049,4.053,4.019,4.022,18664.763
2024-10-26 14:00:00,4.022,4.024,3.979,3.982,40180.215
2024-10-26 15:00:00,3.982,4.016,3.979,4.004,29333.75
2024-10-26 16:00:00,4.004,4.022,3.994,4.014,48198.762
2024-10-26 17:00:00,4.014,4.022,3.984,4.011,87828.916
2024-10-26 18:00:00,4.011,4.024,4.001,4.001,21996.617
2024-10-26 19:00:00,4.001,4.019,4.0,4.012,13895.939
2024-10-26 20:00:00,4.012,4.055,4.008,4.03,42799.245
2024-10-26 21:00:00,4.03,4.042,4.026,4.032,13696.871
2024-10-26 22:00:00,4.032,4.038,4.028,4.032,7956.65
2024-10-26 23:00:00,4.032,4.043,4.027,4.036,10420.781
2024-10-27 00:00:00,4.036,4.041,4.017,4.02,9523.484
2024-10-27 01:00:00,4.02,4.029,4.013,4.026,9848.16
2024-10-27 02:00:00,4.026,4.032,4.007,4.013,18574.485
2024-10-27 03:00:00,4.013,4.041,4.01,4.036,24039.609
2024-10-27 04:00:00,4.036,4.042,4.027,4.027,9307.723
2024-10-27 05:00:00,4.027,4.039,4.027,4.033,10656.633
2024-10-27 06:00:00,4.033,4.036,4.015,4.024,31293.446
2024-10-27 07:00:00,4.024,4.03,4.009,4.026,34940.685
2024-10-27 08:00:00,4.026,4.036,4.025,4.035,12676.309
2024-10-27 09:00:00,4.035,4.035,4.016,4.022,9205.807
2024-10-27 10:00:00,4.022,4.031,4.013,4.014,15939.446
2024-10-27 11:00:00,4.014,4.026,4.011,4.015,8083.537
2024-10-27 12:00:00,4.015,4.062,4.011,4.046,52541.894
2024-10-27 13:00:00,4.046,4.076,4.041,4.072,31500.165
2024-10-27 14:00:00,4.072,4.081,4.066,4.071,13875.785
2024-10-27 15:00:00,4.071,4.092,4.071,4.09,19580.596
2024-10-27 16:00:00,4.09,4.103,4.083,4.103,18984.144
2024-10-27 17:00:00,4.103,4.106,4.085,4.095,17181.621
2024-10-27 18:00:00,4.095,4.097,4.087,4.09,9592.592
2024-10-27 19:00:00,4.09,4.109,4.089,4.104,13425.322
2024-10-27 20:00:00,4.104,4.121,4.104,4.106,21285.157
2024-10-27 21:00:00,4.106,4.128,4.103,4.114,16118.921
2024-10-27 22:00:00,4.114,4.129,4.114,4.12,33285.142
2024-10-27 23:00:00,4.12,4.135,4.12,4.13,13596.153
2024-10-28 00:00:00,4.13,4.142,4.128,4.136,24804.867
2024-10-28 01:00:00,4.136,4.141,4.129,4.132,14045.067
2024-10-28 02:00:00,4.132,4.143,4.123,4.137,35701.067
2024-10-28 03:00:00,4.137,4.139,4.094,4.097,33269.348
2024-10-28 04:00:00,4.097,4.113,4.084,4.094,27775.931
2024-10-28 05:00:00,4.094,4.122,4.073,4.115,32990.517
2024-10-28 06:00:00,4.115,4.121,4.101,4.119,12233.935
2024-10-28 07:00:00,4.119,4.162,4.119,4.154,45991.757
2024-10-28 08:00:00,4.154,4.185,4.154,4.181,58510.374
2024-10-28 09:00:00,4.181,4.219,4.172,4.219,35334.529
2024-10-28 10:00:00,4.219,4.227,4.208,4.215,33213.802
2024-10-28 11:00:00,4.215,4.225,4.195,4.197,46127.992
2024-10-28 12:00:00,4.197,4.201,4.172,4.191,46057.316
2024-10-28 13:00:00,4.191,4.197,4.145,4.145,82467.374
2024-10-28 14:00:00,4.145,4.15,4.117,4.125,64435.982
2024-10-28 15:00:00,4.125,4.125,4.014,4.016,105412.959
2024-10-28 16:00:00,4.016,4.052,4.004,4.022,70031.609
2024-10-28 17:00:00,4.022,4.073,4.003,4.039,48262.719
2024-10-28 18:00:00,4.039,4.065,4.03,4.053,54568.001
2024-10-28 19:00:00,4.053,4.097,4.051,4.077,85933.779
2024-10-28 20:00:00,4.077,4.094,4.072,4.079,26379.53
2024-10-28 21:00:00,4.079,4.11,4.072,4.105,14476.005
2024-10-28 22:00:00,4.105,4.156,4.105,4.141,84605.482
2024-10-28 23:00:00,4.141,4.148,4.123,4.133,17485.351
2024-10-29 00:00:00,4.133,4.187,4.126,4.168,131694.565
2024-10-29 01:00:00,4.168,4.179,4.154,4.178,27836.886
2024-10-29 02:00:00,4.178,4.208,4.175,4.194,90030.426
2024-10-29 03:00:00,4.194,4.207,4.188,4.189,21737.084
2024-10-29 04:00:00,4.189,4.205,4.178,4.18,37062.861
2024-10-29 05:00:00,4.18,4.184,4.154,4.16,24383.807
2024-10-29 06:00:00,4.16,4.172,4.145,4.151,75188.326
2024-10-29 07:00:00,4.151,4.155,4.128,4.135,33765.465
2024-10-29 08:00:00,4.135,4.162,4.119,4.133,49555.831
2024-10-29 09:00:00,4.133,4.154,4.12,4.147,54383.61
2024-10-29 10:00:00,4.147,4.15,4.129,4.135,26329.479
2024-10-29 11:00:00,4.135,4.181,4.13,4.164,83969.871
2024-10-29 12:00:00,4.164,4.181,4.153,4.157,84621.381
2024-10-29 13:00:00,4.157,4.175,4.148,4.17,58370.839
2024-10-29 14:00:00,4.17,4.18,4.152,4.166,38711.716
2024-10-29 15:00:00,4.166,4.178,4.141,4.178,72666.707
2024-10-29 16:00:00,4.178,4.237,4.175,4.228,104765.998
2024-10-29 17:00:00,4.228,4.247,4.21,4.225,39348.647
2024-10-29 18:00:00,4.225,4.245,4.224,4.239,34474.863
2024-10-29 19:00:00,4.239,4.251,4.164,4.173,117007.527
2024-10-29 20:00:00,4.173,4.185,4.135,4.167,57649.33
2024-10-29 21:00:00,4.167,4.195,4.159,4.188,14428.53
2024-10-29 22:00:00,4.188,4.202,4.183,4.192,24722.254
2024-10-29 23:00:00,4.192,4.199,4.183,4.193,15069.057
2024-10-30 00:00:00,4.193,4.199,4.171,4.178,14934.38
2024-10-30 01:00:00,4.178,4.185,4.147,4.179,20985.191
2024-10-30 02:00:00,4.179,4.2,4.179,4.187,14178.415
2024-10-30 03:00:00,4.187,4.203,4.186,4.201,21336.591
2024-10-30 04:00:00,4.201,4.205,4.187,4.187,26168.317
2024-10-30 05:00:00,4.187,4.194,4.17,4.183,12830.388
2024-10-30 06:00:00,4.183,4.217,4.182,4.199,15298.057
2024-10-30 07:00:00,4.199,4.214,4.19,4.194,19308.728
2024-10-30 08:00:00,4.194,4.218,4.156,4.161,25616.248
2024-10-30 09:00:00,4.161,4.187,4.159,4.18,43417.653
2024-10-30 10:00:00,4.18,4.189,4.161,4.163,42648.264
2024-10-30 11:00:00,4.163,4.172,4.14,4.143,54947.663
2024-10-30 12:00:00,4.143,4.166,4.125,4.147,103314.51
2024-10-30 13:00:00,4.147,4.165,4.12,4.16,32034.531
2024-10-30 14:00:00,4.16,4.202,4.158,4.199,133316.443
2024-10-30 15:00:00,4.199,4.21,4.154,4.197,72368.941
2024-10-30 16:00:00,4.197,4.212,4.163,4.171,35344.916
2024-10-30 17:00:00,4.171,4.192,4.154,4.163,75111.575
2024-10-30 18:00:00,4.163,4.185,4.163,4.171,22675.613
2024-10-30 19:00:00,4.171,4.176,4.143,4.151,28277.162
2024-10-30 20:00:00,4.151,4.2,4.139,4.2,51171.503
2024-10-30 21:00:00,4.2,4.206,4.167,4.194,28617.301
2024-10-30 22:00:00,4.194,4.206,4.178,4.19,30726.522
2024-10-30 23:00:00,4.19,4.203,4.19,4.191,13862.652
2024-10-31 00:00:00,4.191,4.214,4.191,4.197,25437.874
2024-10-31 01:00:00,4.197,4.212,4.16,4.191,56491.687
2024-10-31 02:00:00,4.191,4.201,4.172,4.196,16675.28
2024-10-31 03:00:00,4.196,4.208,4.181,4.184,39749.057
2024-10-31 04:00:00,4.184,4.184,4.152,4.162,26273.024
2024-10-31 05:00:00,4.162,4.172,4.153,4.162,13037.223
2024-10-31 06:00:00,4.162,4.166,4.14,4.149,26785.401
2024-10-31 07:00:00,4.149,4.168,4.133,4.154,38603.712
2024-10-31 08:00:00,4.154,4.154,4.086,4.1,49151.127
2024-10-31 09:00:00,4.1,4.125,4.092,4.108,51951.475
2024-10-31 10:00:00,4.108,4.118,4.091,4.117,25161.799
2024-10-31 11:00:00,4.117,4.119,4.093,4.102,26792.363
2024-10-31 12:00:00,4.102,4.102,4.055,4.062,64969.079
2024-10-31 13:00:00,4.062,4.078,4.022,4.032,98482.227
2024-10-31 14:00:00,4.032,4.032,3.975,4.008,124723.32
2024-10-31 15:00:00,4.008,4.032,3.99,3.997,74893.151
2024-10-31 16:00:00,3.997,3.997,3.961,3.969,49731.93
2024-10-31 17:00:00,3.969,3.969,3.922,3.941,73652.175
2024-10-31 18:00:00,3.941,3.942,3.903,3.924,68126.105
2024-10-31 19:00:00,3.924,3.94,3.91,3.911,36303.098
2024-10-31 20:00:00,3.911,3.937,3.903,3.931,44660.887
2024-10-31 21:00:00,3.931,3.962,3.922,3.961,26699.217
2024-10-31 22:00:00,3.961,3.961,3.93,3.952,21240.262
2024-10-31 23:00:00,3.952,3.971,3.943,3.96,15588.775
2024-11-01 00:00:00,3.96,3.972,3.94,3.946,23417.09
2024-11-01 01:00:00,3.946,3.95,3.911,3.929,47909.726
2024-11-01 02:00:00,3.929,3.944,3.881,3.942,66658.711
2024-11-01 03:00:00,3.942,3.957,3.938,3.95,14862.3
2024-11-01 04:00:00,3.95,3.975,3.945,3.965,17798.087
2024-11-01 05:00:00,3.965,3.969,3.944,3.945,23747.335
2024-11-01 06:00:00,3.945,3.945,3.905,3.906,45555.335
2024-11-01 07:00:00,3.906,3.924,3.89,3.918,34598.825
2024-11-01 08:00:00,3.918,3.947,3.918,3.943,24726.417
2024-11-01 09:00:00,3.943,3.951,3.937,3.946,14746.42
2024-11-01 10:00:00,3.946,3.948,3.928,3.943,26916.828
2024-11-01 11:00:00,3.943,3.949,3.93,3.93,18809.697
2024-11-01 12:00:00,3.93,3.968,3.926,3.957,30849.361
2024-11-01 13:00:00,3.957,3.964,3.933,3.964,47266.941
2024-11-01 14:00:00,3.964,3.994,3.951,3.973,155468.869
2024-11-01 15:00:00,3.973,3.976,3.846,3.894,97107.398
2024-11-01 16:00:00,3.894,3.943,3.884,3.937,52339.803
2024-11-01 17:00:00,3.937,3.95,3.918,3.928,48610.954
2024-11-01 18:00:00,3.928,3.94,3.92,3.924,30176.617
2024-11-01 19:00:00,3.924,3.929,3.906,3.923,35440.691
2024-11-01 20:00:00,3.923,3.928,3.912,3.916,20150.189
2024-11-01 21:00:00,3.916,3.916,3.861,3.904,40407.409
2024-11-01 22:00:00,3.904,3.91,3.887,3.902,23556.42
2024-11-01 23:00:00,3.902,3.911,3.896,3.909,13630.754
2024-11-02 00:00:00,3.909,3.927,3.905,3.912,23587.675
2024-11-02 01:00:00,3.912,3.92,3.911,3.92,13195.899
2024-11-02 02:00:00,3.92,3.939,3.92,3.921,14625.895
2024-11-02 03:00:00,3.921,3.928,3.91,3.911,8695.167
2024-11-02 04:00:00,3.911,3.925,3.907,3.912,7737.187
2024-11-02 05:00:00,3.912,3.925,3.899,3.923,16775.88
2024-11-02 06:00:00,3.923,3.946,3.911,3.924,40262.071
2024-11-02 07:00:00,3.924,3.924,3.906,3.918,12867.128
2024-11-02 08:00:00,3.918,3.922,3.894,3.901,19127.6
2024-11-02 09:00:00,3.901,3.922,3.897,3.912,13972.283
2024-11-02 10:00:00,3.912,3.913,3.891,3.897,20721.602
2024-11-02 11:00:00,3.897,3.909,3.895,3.898,13603.245
2024-11-02 12:00:00,3.898,3.901,3.853,3.863,48191.383
2024-11-02 13:00:00,3.863,3.879,3.824,3.833,76315.488
2024-11-02 14:00:00,3.833,3.859,3.83,3.854,47129.892
2024-11-02 15:00:00,3.854,3.862,3.832,3.859,18098.71
2024-11-02 16:00:00,3.859,3.884,3.854,3.88,25803.321
2024-11-02 17:00:00,3.88,3.888,3.87,3.878,29456.612
2024-11-02 18:00:00,3.878,3.887,3.858,3.873,15135.084
2024-11-02 19:00:00,3.873,3.884,3.866,3.881,28164.045
2024-11-02 20:00:00,3.881,3.899,3.876,3.895,23782.276
2024-11-02 21:00:00,3.895,3.915,3.895,3.907,15326.076
2024-11-02 22:00:00,3.907,3.914,3.899,3.901,10012.554
2024-11-02 23:00:00,3.901,3.908,3.883,3.908,14560.363
2024-11-03 00:00:00,3.908,3.929,3.905,3.911,32986.132
2024-11-03 01:00:00,3.911,3.915,3.867,3.868,42651.25
2024-11-03 02:00:00,3.868,3.884,3.737,3.775,147506.117
2024-11-03 03:00:00,3.775,3.801,3.741,3.792,42286.935
2024-11-03 04:00:00,3.792,3.828,3.789,3.825,20298.084
2024-11-03 05:00:00,3.825,3.825,3.796,3.798,19640.446
2024-11-03 06:00:00,3.798,3.838,3.798,3.827,17564.498
2024-11-03 07:00:00,3.827,3.84,3.822,3.828,20574.759
2024-11-03 08:00:00,3.828,3.834,3.813,3.82,33007.265
2024-11-03 09:00:00,3.82,3.824,3.775,3.778,23534.045
2024-11-03 10:00:00,3.778,3.801,3.775,3.779,18339.419
2024-11-03 11:00:00,3.779,3.79,3.746,3.751,36434.276
2024-11-03 12:00:00,3.751,3.776,3.749,3.751,27381.197
2024-11-03 13:00:00,3.751,3.76,3.689,3.699,56409.896
2024-11-03 14:00:00,3.699,3.716,3.667,3.696,94306.943
2024-11-03 15:00:00,3.696,3.738,3.673,3.735,61481.594
2024-11-03 16:00:00,3.735,3.759,3.727,3.744,48321.04
2024-11-03 17:00:00,3.744,3.777,3.744,3.762,42858.057
2024-11-03 18:00:00,3.762,3.771,3.711,3.724,60001.749
2024-11-03 19:00:00,3.724,3.787,3.721,3.784,36128.584
2024-11-03 20:00:00,3.784,3.801,3.772,3.795,35509.757
2024-11-03 21:00:00,3.795,3.822,3.795,3.805,43904.753
2024-11-03 22:00:00,3.805,3.816,3.792,3.799,21454.124
2024-11-03 23:00:00,3.799,3.799,3.78,3.783,21895.363
2024-11-04 00:00:00,3.783,3.785,3.749,3.78,28771.182
2024-11-04 01:00:00,3.78,3.818,3.774,3.801,41351.07
2024-11-04 02:00:00,3.801,3.825,3.795,3.825,22195.59
2024-11-04 03:00:00,3.825,3.837,3.805,3.805,24577.131
2024-11-04 04:00:00,3.805,3.82,3.804,3.804,17635.636
2024-11-04 05:00:00,3.804,3.804,3.771,3.775,14327.012
2024-11-04 06:00:00,3.775,3.805,3.774,3.804,27484.268
2024-11-04 07:00:00,3.804,3.809,3.771,3.775,22165.096
2024-11-04 08:00:00,3.775,3.783,3.75,3.764,59985.381
2024-11-04 09:00:00,3.764,3.777,3.744,3.764,35101.133
2024-11-04 10:00:00,3.764,3.8,3.757,3.789,32616.539
2024-11-04 11:00:00,3.789,3.809,3.782,3.797,41631.288
2024-11-04 12:00:00,3.797,3.819,3.791,3.812,36688.399
2024-11-04 13:00:00,3.812,3.828,3.785,3.785,33607.738
2024-11-04 14:00:00,3.785,3.831,3.768,3.789,149204.399
2024-11-04 15:00:00,3.789,3.805,3.78,3.799,40540.52
2024-11-04 16:00:00,3.799,3.803,3.746,3.761,55126.951
2024-11-04 17:00:00,3.761,3.783,3.758,3.772,57711.254
2024-11-04 18:00:00,3.772,3.787,3.764,3.771,34954.751
2024-11-04 19:00:00,3.771,3.793,3.771,3.783,27511.005
2024-11-04 20:00:00,3.783,3.792,3.761,3.765,27352.955
2024-11-04 21:00:00,3.765,3.782,3.678,3.693,216513.921
2024-11-04 22:00:00,3.693,3.769,3.687,3.758,67184.501
2024-11-04 23:00:00,3.758,3.763,3.737,3.751,80262.728
2024-11-05 00:00:00,3.751,3.78,3.749,3.775,48054.381
2024-11-05 01:00:00,3.775,3.788,3.746,3.787,59313.795
2024-11-05 02:00:00,3.787,3.796,3.766,3.774,17535.427
2024-11-05 03:00:00,3.774,3.803,3.774,3.8,27775.256
2024-11-05 04:00:00,3.8,3.827,3.791,3.819,36390.611
2024-11-05 05:00:00,3.819,3.831,3.814,3.826,39089.793
2024-11-05 06:00:00,3.826,3.829,3.805,3.807,35402.417
2024-11-05 07:00:00,3.807,3.834,3.802,3.831,36660.55
2024-11-05 08:00:00,3.831,3.846,3.825,3.845,26151.523
2024-11-05 09:00:00,3.845,3.861,3.843,3.846,24444.613
2024-11-05 10:00:00,3.846,3.846,3.825,3.83,21233.441
2024-11-05 11:00:00,3.83,3.844,3.83,3.841,25447.839
2024-11-05 12:00:00,3.841,3.856,3.832,3.852,25063.181
2024-11-05 13:00:00,3.852,3.857,3.837,3.856,45737.206
2024-11-05 14:00:00,3.856,3.919,3.852,3.901,133874.371
2024-11-05 15:00:00,3.901,3.902,3.854,3.868,67800.001
2024-11-05 16:00:00,3.868,3.915,3.863,3.903,58283.072
2024-11-05 17:00:00,3.903,3.917,3.892,3.892,34439.161
2024-11-05 18:00:00,3.892,3.909,3.886,3.896,26295.594
2024-11-05 19:00:00,3.896,3.903,3.825,3.839,103701.516
2024-11-05 20:00:00,3.839,3.9,3.829,3.896,38297.948
2024-11-05 21:00:00,3.896,3.896,3.855,3.859,27340.764
2024-11-05 22:00:00,3.859,3.88,3.848,3.88,20974.09
2024-11-05 23:00:00,3.88,3.881,3.853,3.857,14369.44
2024-11-06 00:00:00,3.857,3.936,3.857,3.928,68439.636
2024-11-06 01:00:00,3.928,3.955,3.92,3.924,59099.689
2024-11-06 02:00:00,3.924,4.029,3.916,4.016,149885.068
2024-11-06 03:00:00,4.016,4.089,4.008,4.078,266809.339
2024-11-06 04:00:00,4.078,4.094,4.061,4.061,89496.357
2024-11-06 05:00:00,4.061,4.078,4.015,4.075,126617.42
2024-11-06 06:00:00,4.075,4.113,4.055,4.076,110784.27
2024-11-06 07:00:00,4.076,4.13,4.054,4.067,102557.538
2024-11-06 08:00:00,4.067,4.075,4.007,4.058,132156.389
2024-11-06 09:00:00,4.058,4.092,4.047,4.083,50729.85
2024-11-06 10:00:00,4.083,4.102,4.068,4.093,53886.823
2024-11-06 11:00:00,4.093,4.1,4.08,4.09,45193.435
2024-11-06 12:00:00,4.09,4.105,4.069,4.069,67303.125
2024-11-06 13:00:00,4.069,4.085,4.046,4.085,48811.236
2024-11-06 14:00:00,4.085,4.092,4.038,4.041,127820.404
2024-11-06 15:00:00,4.041,4.059,4.028,4.047,70117.699
2024-11-06 16:00:00,4.047,4.074,4.025,4.056,117712.365
2024-11-06 17:00:00,4.056,4.067,4.05,4.051,29702.709
2024-11-06 18:00:00,4.051,4.081,4.051,4.079,43225.583
2024-11-06 19:00:00,4.079,4.091,4.062,4.085,67979.33
2024-11-06 20:00:00,4.085,4.103,4.077,4.09,48672.458
2024-11-06 21:00:00,4.09,4.09,4.053,4.063,79755.573
2024-11-06 22:00:00,4.063,4.128,4.054,4.122,95361.737
2024-11-06 23:00:00,4.122,4.126,4.108,4.111,48689.697
2024-11-07 00:00:00,4.111,4.125,4.097,4.114,62581.123
2024-11-07 01:00:00,4.114,4.196,4.11,4.172,139478.713
2024-11-07 02:00:00,4.172,4.199,4.171,4.184,83097.695
2024-11-07 03:00:00,4.184,4.195,4.166,4.17,55030.184
2024-11-07 04:00:00,4.17,4.173,4.105,4.135,72757.186
2024-11-07 05:00:00,4.135,4.148,4.126,4.141,28190.729
2024-11-07 06:00:00,4.141,4.143,4.058,4.094,82930.576
2024-11-07 07:00:00,4.094,4.098,4.08,4.086,74640.743
2024-11-07 08:00:00,4.086,4.122,4.083,4.106,88779.023
2024-11-07 09:00:00,4.106,4.106,4.069,4.073,63479.804
2024-11-07 10:00:00,4.073,4.075,4.046,4.069,32543.985
2024-11-07 11:00:00,4.069,4.073,4.057,4.063,44590.345
2024-11-07 12:00:00,4.063,4.099,4.061,4.095,28671.147
2024-11-07 13:00:00,4.095,4.099,4.049,4.058,58926.602
2024-11-07 14:00:00,4.058,4.092,4.048,4.077,45869.228
2024-11-07 15:00:00,4.077,4.149,4.064,4.148,67514.852
2024-11-07 16:00:00,4.148,4.168,4.108,4.15,153989.308
2024-11-07 17:00:00,4.15,4.156,4.125,4.147,53725.183
2024-11-07 18:00:00,4.147,4.157,4.115,4.146,99123.33
2024-11-07 19:00:00,4.146,4.152,4.11,4.137,83931.923
2024-11-07 20:00:00,4.137,4.161,4.132,4.143,61462.097
2024-11-07 21:00:00,4.143,4.178,4.142,4.161,46200.456
2024-11-07 22:00:00,4.161,4.171,4.121,4.139,26030.805
2024-11-07 23:00:00,4.139,4.171,4.122,4.164,32887.327
2024-11-08 00:00:00,4.164,4.218,4.164,4.188,82798.38
2024-11-08 01:00:00,4.188,4.206,4.146,4.167,41749.158
2024-11-08 02:00:00,4.167,4.17,4.123,4.124,32843.617
2024-11-08 03:00:00,4.124,4.154,4.116,4.149,33951.4
2024-11-08 04:00:00,4.149,4.195,4.145,4.172,47354.915
2024-11-08 05:00:00,4.172,4.203,4.17,4.199,52792.968
2024-11-08 06:00:00,4.199,4.3,4.183,4.27,167111.395
2024-11-08 07:00:00,4.27,4.391,4.259,4.322,217016.912
2024-11-08 08:00:00,4.322,4.331,4.254,4.255,142117.43
2024-11-08 09:00:00,4.255,4.306,4.255,4.304,68843.526
2024-11-08 10:00:00,4.304,4.323,4.278,4.304,69933.12
2024-11-08 11:00:00,4.304,4.32,4.264,4.288,83016.031
2024-11-08 12:00:00,4.288,4.318,4.288,4.315,116286.463
2024-11-08 13:00:00,4.315,4.318,4.292,4.31,72173.838
2024-11-08 14:00:00,4.31,4.383,4.291,4.301,194635.208
2024-11-08 15:00:00,4.301,4.359,4.288,4.341,156493.628
2024-11-08 16:00:00,4.341,4.391,4.262,4.282,162562.13
2024-11-08 17:00:00,4.282,4.315,4.24,4.306,138020.579
2024-11-08 18:00:00,4.306,4.337,4.288,4.323,85454.342
2024-11-08 19:00:00,4.323,4.354,4.31,4.334,94374.321
2024-11-08 20:00:00,4.334,4.345,4.27,4.293,108433.545
2024-11-08 21:00:00,4.293,4.34,4.263,4.334,68052.284
2024-11-08 22:00:00,4.334,4.346,4.317,4.341,37185.631
2024-11-08 23:00:00,4.341,4.342,4.324,4.327,33065.959
2024-11-09 00:00:00,4.327,4.345,4.313,4.321,88895.247
2024-11-09 01:00:00,4.321,4.325,4.288,4.298,54353.766
2024-11-09 02:00:00,4.298,4.303,4.274,4.294,35714.25
2024-11-09 03:00:00,4.294,4.307,4.263,4.266,29308.766
2024-11-09 04:00:00,4.266,4.294,4.266,4.286,42017.34
2024-11-09 05:00:00,4.286,4.341,4.28,4.34,57912.946
2024-11-09 06:00:00,4.34,4.391,4.336,4.356,93080.475
2024-11-09 07:00:00,4.356,4.372,4.342,4.367,30584.565
2024-11-09 08:00:00,4.367,4.394,4.341,4.383,62359.341
2024-11-09 09:00:00,4.383,4.396,4.358,4.373,86977.779
2024-11-09 10:00:00,4.373,4.374,4.337,4.357,36618.998
2024-11-09 11:00:00,4.357,4.395,4.349,4.388,48396.344
2024-11-09 12:00:00,4.388,4.395,4.332,4.333,60402.641
2024-11-09 13:00:00,4.333,4.382,4.333,4.37,40739.366
2024-11-09 14:00:00,4.37,4.375,4.316,4.345,47438.657
2024-11-09 15:00:00,4.345,4.38,4.321,4.374,75187.532
2024-11-09 16:00:00,4.374,4.386,4.343,4.373,47078.871
2024-11-09 17:00:00,4.373,4.389,4.316,4.378,152038.621
2024-11-09 18:00:00,4.378,4.414,4.37,4.412,67341.042
2024-11-09 19:00:00,4.412,4.43,4.38,4.396,66443.661
2024-11-09 20:00:00,4.396,4.468,4.396,4.461,41063.748
2024-11-09 21:00:00,4.461,4.536,4.461,4.508,144985.268
2024-11-09 22:00:00,4.508,4.56,4.507,4.554,86648.957
2024-11-09 23:00:00,4.554,4.643,4.551,4.633,181589.143
2024-11-10 00:00:00,4.633,4.654,4.585,4.628,150866.429
2024-11-10 01:00:00,4.628,4.681,4.604,4.679,89983.199
2024-11-10 02:00:00,4.679,4.701,4.649,4.665,116038.321
2024-11-10 03:00:00,4.665,4.858,4.655,4.834,276793.127
2024-11-10 04:00:00,4.834,4.894,4.798,4.869,238827.284
2024-11-10 05:00:00,4.869,5.153,4.845,4.978,639866.416
2024-11-10 06:00:00,4.978,4.988,4.9,4.935,253698.326
2024-11-10 07:00:00,4.935,4.951,4.899,4.923,192884.093
2024-11-10 08:00:00,4.923,4.995,4.922,4.986,164245.981
2024-11-10 09:00:00,4.986,5.045,4.978,5.016,246919.476
2024-11-10 10:00:00,5.016,5.158,5.004,5.132,363661.651
2024-11-10 11:00:00,5.132,5.172,5.09,5.156,241863.083
2024-11-10 12:00:00,5.156,5.268,5.079,5.231,410160.434
2024-11-10 13:00:00,5.231,5.341,5.206,5.326,360412.268
2024-11-10 14:00:00,5.326,5.446,5.179,5.181,539646.988
2024-11-10 15:00:00,5.181,5.254,5.149,5.24,281574.821
2024-11-10 16:00:00,5.24,5.336,5.206,5.316,379467.99
2024-11-10 17:00:00,5.316,5.474,5.288,5.349,286971.298
2024-11-10 18:00:00,5.349,5.45,5.349,5.404,269025.245
2024-11-10 19:00:00,5.404,5.426,5.261,5.311,361504.194
2024-11-10 20:00:00,5.311,5.332,5.099,5.104,212843.311
2024-11-10 21:00:00,5.104,5.176,4.974,5.141,332361.118
2024-11-10 22:00:00,5.141,5.25,5.116,5.226,257584.698
2024-11-10 23:00:00,5.226,5.261,5.162,5.24,110990.871
2024-11-11 00:00:00,5.24,5.295,5.194,5.252,185611.144
2024-11-11 01:00:00,5.252,5.295,5.206,5.26,160801.759
2024-11-11 02:00:00,5.26,5.375,5.252,5.289,210370.037
2024-11-11 03:00:00,5.289,5.311,5.223,5.251,186487.813
2024-11-11 04:00:00,5.251,5.268,5.145,5.191,216480.313
2024-11-11 05:00:00,5.191,5.201,4.979,5.009,215492.038
2024-11-11 06:00:00,5.009,5.07,4.972,5.035,172873.668
2024-11-11 07:00:00,5.035,5.085,5.016,5.079,78887.849
2024-11-11 08:00:00,5.079,5.11,5.068,5.093,92814.688
2024-11-11 09:00:00,5.093,5.098,5.031,5.098,112392.388
2024-11-11 10:00:00,5.098,5.14,5.072,5.118,154434.228
2024-11-11 11:00:00,5.118,5.168,5.111,5.165,145834.113
2024-11-11 12:00:00,5.165,5.175,5.073,5.131,136141.809
2024-11-11 13:00:00,5.131,5.139,5.047,5.112,157341.904
2024-11-11 14:00:00,5.112,5.153,5.077,5.13,191011.358
2024-11-11 15:00:00,5.13,5.269,5.116,5.195,395649.784
2024-11-11 16:00:00,5.195,5.269,5.17,5.22,263799.804
2024-11-11 17:00:00,5.22,5.258,5.191,5.233,224530.786
2024-11-11 18:00:00,5.233,5.282,5.18,5.273,280321.887
2024-11-11 19:00:00,5.273,5.294,5.2,5.243,192500.584
2024-11-11 20:00:00,5.243,5.364,5.211,5.306,286658.436
2024-11-11 21:00:00,5.306,5.369,5.29,5.353,246707.966
2024-11-11 22:00:00,5.353,5.513,5.23,5.431,206578.095
2024-11-11 23:00:00,5.431,5.781,5.418,5.706,449935.379
2024-11-12 00:00:00,5.706,5.726,5.436,5.569,509118.896
2024-11-12 01:00:00,5.569,5.609,5.501,5.524,294508.676
2024-11-12 02:00:00,5.524,5.571,5.48,5.544,216145.87
2024-11-12 03:00:00,5.544,5.584,5.511,5.569,185890.845
2024-11-12 04:00:00,5.569,5.569,5.464,5.473,204336.861
2024-11-12 05:00:00,5.473,5.533,5.407,5.445,151001.492
2024-11-12 06:00:00,5.445,5.544,5.43,5.52,158347.63
2024-11-12 07:00:00,5.52,5.596,5.503,5.578,193287.379
2024-11-12 08:00:00,5.578,5.795,5.574,5.779,348261.78
2024-11-12 09:00:00,5.779,5.838,5.441,5.443,320338.823
2024-11-12 10:00:00,5.443,5.531,5.165,5.386,685579.016
2024-11-12 11:00:00,5.386,5.467,5.326,5.369,277655.672
2024-11-12 12:00:00,5.369,5.46,5.246,5.353,366640.791
2024-11-12 13:00:00,5.353,5.37,5.12,5.263,370141.914
2024-11-12 14:00:00,5.263,5.386,5.194,5.352,270645.785
2024-11-12 15:00:00,5.352,5.352,5.261,5.288,207421.326
2024-11-12 16:00:00,5.288,5.332,5.202,5.287,168181.294
2024-11-12 17:00:00,5.287,5.351,5.274,5.308,101468.528
2024-11-12 18:00:00,5.308,5.43,5.306,5.412,90584.384
2024-11-12 19:00:00,5.412,5.428,5.352,5.355,100975.538
2024-11-12 20:00:00,5.355,5.387,5.321,5.336,80894.15
2024-11-12 21:00:00,5.336,5.376,5.279,5.362,96953.705
2024-11-12 22:00:00,5.362,5.428,5.319,5.426,64239.984
2024-11-12 23:00:00,5.426,5.429,5.304,5.31,37611.141
2024-11-13 00:00:00,5.31,5.372,5.284,5.286,59215.196
2024-11-13 01:00:00,5.286,5.345,5.2,5.266,141869.449
2024-11-13 02:00:00,5.266,5.281,5.121,5.203,142851.033
2024-11-13 03:00:00,5.203,5.22,5.078,5.083,98276.078
2024-11-13 04:00:00,5.083,5.166,4.907,5.056,294279.662
2024-11-13 05:00:00,5.056,5.066,4.974,4.991,176564.78
2024-11-13 06:00:00,4.991,5.05,4.951,5.014,89305.673
2024-11-13 07:00:00,5.014,5.096,4.997,5.084,79181.798
2024-11-13 08:00:00,5.084,5.114,5.035,5.051,53610.875
2024-11-13 09:00:00,5.051,5.07,4.998,5.022,61690.436
2024-11-13 10:00:00,5.022,5.075,4.973,5.065,86091.263
2024-11-13 11:00:00,5.065,5.113,5.052,5.069,57483.501
2024-11-13 12:00:00,5.069,5.104,5.007,5.066,88843.319
2024-11-13 13:00:00,5.066,5.247,5.036,5.194,318896.64
2024-11-13 14:00:00,5.194,5.424,5.138,5.418,410714.063
2024-11-13 15:00:00,5.418,5.431,5.284,5.372,287066.3
2024-11-13 16:00:00,5.372,5.403,5.234,5.297,234475.659
2024-11-13 17:00:00,5.297,5.347,5.256,5.289,108283.702
2024-11-13 18:00:00,5.289,5.3,5.214,5.254,97982.781
2024-11-13 19:00:00,5.254,5.27,5.029,5.055,294490.9
2024-11-13 20:00:00,5.055,5.124,4.989,5.062,165251.848
2024-11-13 21:00:00,5.062,5.079,4.953,5.0,205349.739
2024-11-13 22:00:00,5.0,5.073,4.986,5.058,71612.375
2024-11-13 23:00:00,5.058,5.103,5.018,5.073,150993.287
2024-11-14 00:00:00,5.073,5.094,5.014,5.016,97932.041
2024-11-14 01:00:00,5.016,5.065,4.987,5.053,108932.5
2024-11-14 02:00:00,5.053,5.09,4.991,5.039,94425.78
2024-11-14 03:00:00,5.039,5.079,4.983,5.075,91430.233
2024-11-14 04:00:00,5.075,5.132,5.059,5.131,111545.151
2024-11-14 05:00:00,5.131,5.183,5.092,5.179,87112.685
2024-11-14 06:00:00,5.179,5.216,5.062,5.062,108980.208
2024-11-14 07:00:00,5.062,5.14,5.041,5.124,116416.172
2024-11-14 08:00:00,5.124,5.154,5.079,5.092,76330.761
2024-11-14 09:00:00,5.092,5.11,5.052,5.077,38985.86
2024-11-14 10:00:00,5.077,5.102,4.989,4.996,110497.852
2024-11-14 11:00:00,4.996,5.011,4.913,5.003,125027.864
2024-11-14 12:00:00,5.003,5.008,4.958,4.981,46737.286
2024-11-14 13:00:00,4.981,5.018,4.943,4.954,82415.155
2024-11-14 14:00:00,4.954,5.021,4.808,4.828,270860.014
2024-11-14 15:00:00,4.828,4.88,4.772,4.828,221412.155
2024-11-14 16:00:00,4.828,4.933,4.798,4.921,105287.187
2024-11-14 17:00:00,4.921,4.934,4.876,4.92,78591.355
2024-11-14 18:00:00,4.92,4.933,4.891,4.899,96323.447
2024-11-14 19:00:00,4.899,4.935,4.887,4.922,43709.059
2024-11-14 20:00:00,4.922,4.922,4.85,4.853,65889.365
2024-11-14 21:00:00,4.853,4.926,4.833,4.923,92059.663
2024-11-14 22:00:00,4.923,4.933,4.812,4.816,81745.264
2024-11-14 23:00:00,4.816,4.833,4.687,4.775,161273.782
2024-11-15 00:00:00,4.775,4.855,4.746,4.749,110343.024
2024-11-15 01:00:00,4.749,4.829,4.722,4.822,80052.521
2024-11-15 02:00:00,4.822,4.848,4.764,4.845,37625.721
2024-11-15 03:00:00,4.845,4.857,4.807,4.845,46515.456
2024-11-15 04:00:00,4.845,4.856,4.705,4.768,104335.94
2024-11-15 05:00:00,4.768,4.831,4.733,4.83,49991.128
2024-11-15 06:00:00,4.83,4.896,4.83,4.869,55110.035
2024-11-15 07:00:00,4.869,4.887,4.846,4.859,26077.853
2024-11-15 08:00:00,4.859,4.917,4.812,4.913,55793.24
2024-11-15 09:00:00,4.913,4.956,4.91,4.942,132248.553
2024-11-15 10:00:00,4.942,4.949,4.924,4.941,40650.101
2024-11-15 11:00:00,4.941,4.975,4.929,4.966,77995.247
2024-11-15 12:00:00,4.966,4.998,4.929,4.985,106357.244
2024-11-15 13:00:00,4.985,5.056,4.97,5.03,124692.874
2024-11-15 14:00:00,5.03,5.045,4.932,4.96,165160.645
2024-11-15 15:00:00,4.96,4.96,4.856,4.922,146061.99
2024-11-15 16:00:00,4.922,5.012,4.891,4.969,174220.711
2024-11-15 17:00:00,4.969,5.048,4.969,5.008,82191.681
2024-11-15 18:00:00,5.008,5.041,4.982,5.029,63848.436
2024-11-15 19:00:00,5.029,5.076,5.011,5.05,66893.935
2024-11-15 20:00:00,5.05,5.097,5.048,5.097,157667.907
2024-11-15 21:00:00,5.097,5.174,5.081,5.151,123325.742
2024-11-15 22:00:00,5.151,5.172,5.096,5.145,50927.596
2024-11-15 23:00:00,5.145,5.165,5.128,5.161,60402.812
2024-11-16 00:00:00,5.161,5.185,5.133,5.155,66898.118
2024-11-16 01:00:00,5.155,5.205,5.15,5.197,56861.564
2024-11-16 02:00:00,5.197,5.201,5.159,5.167,39890.304
2024-11-16 03:00:00,5.167,5.268,5.164,5.267,34643.692
2024-11-16 04:00:00,5.267,5.267,5.208,5.22,36708.553
2024-11-16 05:00:00,5.22,5.311,5.22,5.307,112391.771
2024-11-16 06:00:00,5.307,5.319,5.224,5.247,89134.587
2024-11-16 07:00:00,5.247,5.265,5.23,5.244,52239.64
2024-11-16 08:00:00,5.244,5.277,5.222,5.277,43276.531
2024-11-16 09:00:00,5.277,5.36,5.272,5.336,96294.017
2024-11-16 10:00:00,5.336,5.449,5.336,5.441,214885.346
2024-11-16 11:00:00,5.441,5.496,5.383,5.492,196105.94
2024-11-16 12:00:00,5.492,5.504,5.362,5.384,129741.965
2024-11-16 13:00:00,5.384,5.411,5.359,5.403,68603.603
2024-11-16 14:00:00,5.403,5.557,5.391,5.552,155720.323
2024-11-16 15:00:00,5.552,5.569,5.366,5.459,237249.058
2024-11-16 16:00:00,5.459,5.617,5.42,5.552,183273.276
2024-11-16 17:00:00,5.552,5.598,5.519,5.596,100056.856
2024-11-16 18:00:00,5.596,5.789,5.596,5.777,275255.466
2024-11-16 19:00:00,5.777,5.788,5.672,5.709,123941.268
2024-11-16 20:00:00,5.709,5.796,5.65,5.728,169329.628
2024-11-16 21:00:00,5.728,5.793,5.715,5.782,151028.408
2024-11-16 22:00:00,5.782,5.788,5.662,5.671,79068.139
2024-11-16 23:00:00,5.671,5.801,5.671,5.782,122972.407
2024-11-17 00:00:00,5.782,6.143,5.778,6.064,407638.923
2024-11-17 01:00:00,6.064,6.082,5.6,5.674,334722.27
2024-11-17 02:00:00,5.674,5.74,5.513,5.681,404650.303
2024-11-17 03:00:00,5.681,5.745,5.628,5.726,199231.489
2024-11-17 04:00:00,5.726,5.729,5.624,5.685,93199.786
2024-11-17 05:00:00,5.685,5.702,5.589,5.592,114032.043
2024-11-17 06:00:00,5.592,5.732,5.58,5.704,86847.136
2024-11-17 07:00:00,5.704,5.75,5.668,5.669,96557.6
2024-11-17 08:00:00,5.669,5.698,5.632,5.652,58297.559
2024-11-17 09:00:00,5.652,5.695,5.614,5.69,84380.466
2024-11-17 10:00:00,5.69,5.699,5.619,5.629,81817.753
2024-11-17 11:00:00,5.629,5.629,5.473,5.48,131640.642
2024-11-17 12:00:00,5.48,5.594,5.471,5.568,86884.929
2024-11-17 13:00:00,5.568,5.596,5.522,5.591,93436.213
2024-11-17 14:00:00,5.591,5.591,5.522,5.574,75394.295
2024-11-17 15:00:00,5.574,5.579,5.527,5.543,61929.517
2024-11-17 16:00:00,5.543,5.599,5.523,5.582,50666.495
2024-11-17 17:00:00,5.582,5.601,5.53,5.581,40910.181
2024-11-17 18:00:00,5.581,5.581,5.442,5.456,124847.972
2024-11-17 19:00:00,5.456,5.474,5.402,5.437,98038.128
2024-11-17 20:00:00,5.437,5.466,5.376,5.397,126480.946
2024-11-17 21:00:00,5.397,5.409,5.342,5.346,73104.065
2024-11-17 22:00:00,5.346,5.397,5.309,5.376,57757.486
2024-11-17 23:00:00,5.376,5.423,5.342,5.423,52211.774
2024-11-18 00:00:00,5.423,5.561,5.394,5.538,85137.952
2024-11-18 01:00:00,5.538,5.801,5.536,5.786,245080.116
2024-11-18 02:00:00,5.786,5.799,5.681,5.715,148377.869
2024-11-18 03:00:00,5.715,5.761,5.681,5.76,129883.799
2024-11-18 04:00:00,5.76,5.822,5.734,5.738,129242.198
2024-11-18 05:00:00,5.738,5.846,5.738,5.841,199942.046
2024-11-18 06:00:00,5.841,5.982,5.841,5.88,228671.362
2024-11-18 07:00:00,5.88,5.937,5.856,5.908,101576.352
2024-11-18 08:00:00,5.908,5.95,5.805,5.817,129063.119
2024-11-18 09:00:00,5.817,5.839,5.744,5.796,88308.094
2024-11-18 10:00:00,5.796,5.84,5.776,5.836,69224.731
2024-11-18 11:00:00,5.836,5.86,5.702,5.738,188866.688
2024-11-18 12:00:00,5.738,5.791,5.702,5.751,93958.783
2024-11-18 13:00:00,5.751,5.761,5.631,5.701,120784.725
2024-11-18 14:00:00,5.701,5.861,5.683,5.78,152557.674
2024-11-18 15:00:00,5.78,5.884,5.772,5.845,157928.779
2024-11-18 16:00:00,5.845,5.894,5.789,5.887,170493.961
2024-11-18 17:00:00,5.887,5.999,5.864,5.922,181566.333
2024-11-18 18:00:00,5.922,5.973,5.844,5.873,130931.643
2024-11-18 19:00:00,5.873,5.882,5.701,5.832,171777.978
2024-11-18 20:00:00,5.832,5.886,5.768,5.848,107915.445
2024-11-18 21:00:00,5.848,5.98,5.837,5.942,93327.05
2024-11-18 22:00:00,5.942,6.096,5.942,6.047,124820.136
2024-11-18 23:00:00,6.047,6.081,5.959,6.011,104137.796
2024-11-19 00:00:00,6.011,6.011,5.891,5.951,86957.797
2024-11-19 01:00:00,5.951,6.0,5.92,5.926,62125.213
2024-11-19 02:00:00,5.926,5.97,5.913,5.966,40839.251
2024-11-19 03:00:00,5.966,6.045,5.952,6.026,65824.471
2024-11-19 04:00:00,6.026,6.04,5.826,5.847,117499.817
2024-11-19 05:00:00,5.847,5.939,5.832,5.937,72682.127
2024-11-19 06:00:00,5.937,5.965,5.907,5.961,49324.77
2024-11-19 07:00:00,5.961,5.973,5.824,5.825,64777.693
2024-11-19 08:00:00,5.825,5.832,5.776,5.797,68903.964
2024-11-19 09:00:00,5.797,5.823,5.744,5.763,75427.299
2024-11-19 10:00:00,5.763,5.804,5.743,5.801,43883.482
2024-11-19 11:00:00,5.801,5.884,5.782,5.881,61236.728
2024-11-19 12:00:00,5.881,6.035,5.881,5.904,204721.138
2024-11-19 13:00:00,5.904,5.904,5.763,5.781,121351.396
2024-11-19 14:00:00,5.781,5.848,5.775,5.805,96245.551
2024-11-19 15:00:00,5.805,5.836,5.785,5.835,48236.062
2024-11-19 16:00:00,5.835,5.85,5.796,5.801,67918.734
2024-11-19 17:00:00,5.801,5.845,5.776,5.791,56429.247
2024-11-19 18:00:00,5.791,5.852,5.784,5.844,85183.313
2024-11-19 19:00:00,5.844,5.896,5.817,5.826,85584.857
2024-11-19 20:00:00,5.826,5.851,5.706,5.757,90299.597
2024-11-19 21:00:00,5.757,5.767,5.659,5.737,135907.643
2024-11-19 22:00:00,5.737,5.772,5.67,5.743,67251.243
2024-11-19 23:00:00,5.743,5.806,5.724,5.806,40672.064
2024-11-20 00:00:00,5.806,5.839,5.762,5.796,60857.716
2024-11-20 01:00:00,5.796,5.874,5.776,5.815,159504.332
2024-11-20 02:00:00,5.815,5.882,5.792,5.803,158242.046
2024-11-20 03:00:00,5.803,5.809,5.646,5.742,271100.782
2024-11-20 04:00:00,5.742,5.751,5.675,5.717,126701.797
2024-11-20 05:00:00,5.717,5.851,5.698,5.814,87370.546
2024-11-20 06:00:00,5.814,5.885,5.814,5.829,79457.459
2024-11-20 07:00:00,5.829,5.855,5.8,5.811,48904.392
2024-11-20 08:00:00,5.811,5.993,5.805,5.991,128549.795
2024-11-20 09:00:00,5.991,6.074,5.94,6.018,257357.521
2024-11-20 10:00:00,6.018,6.069,5.985,6.028,224923.316
2024-11-20 11:00:00,6.028,6.063,5.918,6.061,188962.72
2024-11-20 12:00:00,6.061,6.064,5.85,5.885,197865.67
2024-11-20 13:00:00,5.885,6.052,5.87,6.051,187216.097
2024-11-20 14:00:00,6.051,6.08,5.923,5.961,260645.121
2024-11-20 15:00:00,5.961,5.991,5.881,5.923,166895.025
2024-11-20 16:00:00,5.923,5.951,5.745,5.782,219077.312
2024-11-20 17:00:00,5.782,5.825,5.665,5.665,150998.083
2024-11-20 18:00:00,5.665,5.692,5.6,5.643,227051.634
2024-11-20 19:00:00,5.643,5.65,5.533,5.601,117504.764
2024-11-20 20:00:00,5.601,5.683,5.579,5.65,73710.784
2024-11-20 21:00:00,5.65,5.793,5.631,5.705,107149.454
2024-11-20 22:00:00,5.705,5.822,5.7,5.756,72781.148
2024-11-20 23:00:00,5.756,5.777,5.693,5.722,56512.248
2024-11-21 00:00:00,5.722,5.798,5.694,5.73,87644.697
2024-11-21 01:00:00,5.73,5.76,5.686,5.706,67926.526
2024-11-21 02:00:00,5.706,5.706,5.483,5.497,232013.966
2024-11-21 03:00:00,5.497,5.623,5.475,5.549,150462.103
2024-11-21 04:00:00,5.549,5.763,5.543,5.69,166456.293
2024-11-21 05:00:00,5.69,5.752,5.638,5.671,90035.533
2024-11-21 06:00:00,5.671,5.706,5.634,5.693,97482.213
2024-11-21 07:00:00,5.693,5.724,5.666,5.704,68231.743
2024-11-21 08:00:00,5.704,5.72,5.676,5.691,67512.553
2024-11-21 09:00:00,5.691,5.702,5.6,5.603,71813.109
2024-11-21 10:00:00,5.603,5.646,5.56,5.618,107166.22
2024-11-21 11:00:00,5.618,5.751,5.605,5.724,98004.059
2024-11-21 12:00:00,5.724,5.967,5.719,5.882,204413.045
2024-11-21 13:00:00,5.882,5.962,5.878,5.895,133062.689
2024-11-21 14:00:00,5.895,5.962,5.815,5.862,182992.556
2024-11-21 15:00:00,5.862,5.871,5.708,5.773,251486.875
2024-11-21 16:00:00,5.773,5.86,5.764,5.793,193406.707
2024-11-21 17:00:00,5.793,5.833,5.757,5.829,192196.258
2024-11-21 18:00:00,5.829,5.901,5.792,5.889,107422.075
2024-11-21 19:00:00,5.889,5.9,5.803,5.825,138406.447
2024-11-21 20:00:00,5.825,5.901,5.816,5.854,83529.325
2024-11-21 21:00:00,5.854,5.883,5.807,5.871,118050.122
2024-11-21 22:00:00,5.871,5.925,5.866,5.924,57294.965
2024-11-21 23:00:00,5.924,5.945,5.91,5.929,61890.797
2024-11-22 00:00:00,5.929,5.954,5.877,5.941,50287.569
2024-11-22 01:00:00,5.941,6.165,5.925,6.164,356225.904
2024-11-22 02:00:00,6.164,6.249,6.064,6.148,222417.797
2024-11-22 03:00:00,6.148,6.211,6.12,6.159,142325.32
2024-11-22 04:00:00,6.159,6.271,6.147,6.215,104273.953
2024-11-22 05:00:00,6.215,6.248,6.177,6.224,97467.993
2024-11-22 06:00:00,6.224,6.251,6.155,6.187,110790.209
2024-11-22 07:00:00,6.187,6.191,6.076,6.085,58582.057
2024-11-22 08:00:00,6.085,6.155,6.085,6.149,68369.28
2024-11-22 09:00:00,6.149,6.149,6.039,6.066,125580.388
2024-11-22 10:00:00,6.066,6.095,6.021,6.022,72341.294
2024-11-22 11:00:00,6.022,6.187,6.002,6.172,163832.239
2024-11-22 12:00:00,6.172,6.245,6.146,6.22,139051.557
2024-11-22 13:00:00,6.22,6.226,5.956,6.05,212043.489
2024-11-22 14:00:00,6.05,6.22,6.043,6.128,150488.992
2024-11-22 15:00:00,6.128,6.366,6.113,6.355,226614.456
2024-11-22 16:00:00,6.355,6.419,6.269,6.296,279441.275
2024-11-22 17:00:00,6.296,6.353,6.264,6.311,163823.255
2024-11-22 18:00:00,6.311,6.384,6.26,6.276,186819.566
2024-11-22 19:00:00,6.276,6.38,6.234,6.358,144048.155
2024-11-22 20:00:00,6.358,6.457,6.306,6.435,132678.452
2024-11-22 21:00:00,6.435,6.45,6.357,6.422,114809.101
2024-11-22 22:00:00,6.422,6.494,6.402,6.487,106934.91
2024-11-22 23:00:00,6.487,6.684,6.452,6.628,309002.639
2024-11-23 00:00:00,6.628,6.91,6.586,6.832,471264.764
2024-11-23 01:00:00,6.832,7.193,6.825,7.152,582538.093
2024-11-23 02:00:00,7.152,7.172,6.911,6.96,347565.846
2024-11-23 03:00:00,6.96,7.262,6.959,7.197,221647.106
2024-11-23 04:00:00,7.197,7.496,7.179,7.468,435444.607
2024-11-23 05:00:00,7.468,7.59,7.13,7.4,471671.64
2024-11-23 06:00:00,7.4,7.604,7.382,7.519,345805.265
2024-11-23 07:00:00,7.519,7.705,7.493,7.622,344912.28
2024-11-23 08:00:00,7.622,7.761,7.581,7.649,323075.189
2024-11-23 09:00:00,7.649,7.793,7.581,7.666,291744.392
2024-11-23 10:00:00,7.666,7.737,7.532,7.656,334390.285
2024-11-23 11:00:00,7.656,7.993,7.642,7.924,543749.801
2024-11-23 12:00:00,7.924,8.368,7.857,8.099,878076.131
2024-11-23 13:00:00,8.099,8.215,7.919,8.096,627527.591
2024-11-23 14:00:00,8.096,8.309,8.091,8.299,381789.877
2024-11-23 15:00:00,8.299,8.989,8.267,8.845,1091803.254
2024-11-23 16:00:00,8.845,9.425,8.351,8.555,2200932.702
2024-11-23 17:00:00,8.555,8.892,8.363,8.635,943376.069
2024-11-23 18:00:00,8.635,8.868,8.481,8.836,466133.566
2024-11-23 19:00:00,8.836,8.836,8.581,8.649,467314.991
2024-11-23 20:00:00,8.649,8.677,8.266,8.498,550454.209
2024-11-23 21:00:00,8.498,8.707,8.482,8.65,338363.489
2024-11-23 22:00:00,8.65,8.704,8.545,8.642,228697.832
2024-11-23 23:00:00,8.642,8.675,8.307,8.515,220148.197
2024-11-24 00:00:00,8.515,10.5,8.511,9.663,2790368.62
2024-11-24 01:00:00,9.663,9.738,9.33,9.49,656269.486
2024-11-24 02:00:00,9.49,9.599,9.211,9.421,422943.658
2024-11-24 03:00:00,9.421,9.526,9.253,9.392,368578.152
2024-11-24 04:00:00,9.392,9.466,9.015,9.125,358644.602
2024-11-24 05:00:00,9.125,9.235,8.944,8.982,341008.348
2024-11-24 06:00:00,8.982,9.091,8.766,8.932,305844.185
2024-11-24 07:00:00,8.932,9.16,8.925,9.12,221804.048
2024-11-24 08:00:00,9.12,9.148,8.805,8.822,303825.675
2024-11-24 09:00:00,8.822,8.992,8.772,8.838,234454.964
2024-11-24 10:00:00,8.838,8.898,8.59,8.711,291169.076
2024-11-24 11:00:00,8.711,8.763,8.473,8.482,431838.324
2024-11-24 12:00:00,8.482,8.615,8.038,8.296,673548.791
2024-11-24 13:00:00,8.296,8.786,8.204,8.77,837140.494
2024-11-24 14:00:00,8.77,8.77,8.467,8.633,581640.494
2024-11-24 15:00:00,8.633,8.692,8.233,8.237,407157.72
2024-11-24 16:00:00,8.237,8.555,8.163,8.424,352026.198
2024-11-24 17:00:00,8.424,8.515,8.294,8.412,252795.766
2024-11-24 18:00:00,8.412,8.557,8.383,8.515,218249.954
2024-11-24 19:00:00,8.515,8.526,8.409,8.481,166586.342
2024-11-24 20:00:00,8.481,8.83,8.443,8.769,379913.252
2024-11-24 21:00:00,8.769,8.906,8.66,8.905,193443.23
2024-11-24 22:00:00,8.905,8.992,8.731,8.986,301112.736
2024-11-24 23:00:00,8.986,9.027,8.758,8.823,311520.192
2024-11-25 00:00:00,8.823,8.825,8.553,8.612,266369.215
2024-11-25 01:00:00,8.612,8.628,8.404,8.538,238571.174
2024-11-25 02:00:00,8.538,8.604,8.521,8.584,60663.362
2024-11-25 03:00:00,8.584,8.74,8.584,8.718,93798.36
2024-11-25 04:00:00,8.718,8.97,8.701,8.862,204638.847
2024-11-25 05:00:00,8.862,9.115,8.832,9.074,235188.732
2024-11-25 06:00:00,9.074,9.291,9.032,9.186,478079.702
2024-11-25 07:00:00,9.186,9.36,9.093,9.191,280092.03
2024-11-25 08:00:00,9.191,9.239,9.074,9.101,224681.938
2024-11-25 09:00:00,9.101,9.206,9.061,9.141,161048.732
2024-11-25 10:00:00,9.141,9.141,8.963,9.0,180345.534
2024-11-25 11:00:00,9.0,9.028,8.881,8.982,135674.337
2024-11-25 12:00:00,8.982,8.997,8.835,8.842,133787.345
2024-11-25 13:00:00,8.842,8.866,8.645,8.65,234275.249
2024-11-25 14:00:00,8.65,8.821,8.51,8.521,209876.894
2024-11-25 15:00:00,8.521,8.671,8.351,8.579,283254.87
2024-11-25 16:00:00,8.579,8.643,8.425,8.528,120991.654
2024-11-25 17:00:00,8.528,8.534,8.349,8.426,127198.231
2024-11-25 18:00:00,8.426,8.534,8.403,8.451,105264.653
2024-11-25 19:00:00,8.451,8.604,8.396,8.504,103025.783
2024-11-25 20:00:00,8.504,8.583,8.46,8.511,88790.272
2024-11-25 21:00:00,8.511,8.534,8.297,8.386,107151.432
2024-11-25 22:00:00,8.386,8.419,8.109,8.344,212090.782
2024-11-25 23:00:00,8.344,8.366,8.208,8.236,214650.986
2024-11-26 00:00:00,8.236,8.467,8.181,8.36,196333.895
2024-11-26 01:00:00,8.36,8.423,8.317,8.4,57946.32
2024-11-26 02:00:00,8.4,8.435,8.363,8.369,58977.966
2024-11-26 03:00:00,8.369,8.39,8.221,8.329,83667.117
2024-11-26 04:00:00,8.329,8.356,8.225,8.301,64040.264
2024-11-26 05:00:00,8.301,8.447,8.287,8.433,70021.692
2024-11-26 06:00:00,8.433,8.444,8.32,8.332,72666.612
2024-11-26 07:00:00,8.332,8.332,8.156,8.223,132996.139
2024-11-26 08:00:00,8.223,8.232,7.922,7.992,415918.782
2024-11-26 09:00:00,7.992,8.108,7.924,8.024,247287.667
2024-11-26 10:00:00,8.024,8.065,7.777,7.78,448235.489
2024-11-26 11:00:00,7.78,7.892,7.55,7.85,603330.256
2024-11-26 12:00:00,7.85,7.955,7.754,7.821,214594.203
2024-11-26 13:00:00,7.821,7.951,7.766,7.846,135735.9
2024-11-26 14:00:00,7.846,8.031,7.756,7.97,204487.971
2024-11-26 15:00:00,7.97,7.993,7.84,7.879,121907.342
2024-11-26 16:00:00,7.879,8.166,7.852,8.112,170432.559
2024-11-26 17:00:00,8.112,8.125,8.025,8.043,79905.52
2024-11-26 18:00:00,8.043,8.063,7.779,7.921,148500.152
2024-11-26 19:00:00,7.921,8.02,7.823,8.009,160672.73
2024-11-26 20:00:00,8.009,8.124,7.955,8.064,88660.76
2024-11-26 21:00:00,8.064,8.136,8.002,8.033,75109.015
2024-11-26 22:00:00,8.033,8.146,8.023,8.05,51635.524
2024-11-26 23:00:00,8.05,8.1,8.014,8.069,54450.094
2024-11-27 00:00:00,8.069,8.169,7.867,7.876,205572.471
2024-11-27 01:00:00,7.876,8.117,7.842,8.091,99451.831
2024-11-27 02:00:00,8.091,8.144,7.988,8.109,51306.063
2024-11-27 03:00:00,8.109,8.131,8.012,8.058,46530.01
2024-11-27 04:00:00,8.058,8.197,8.03,8.051,50877.651
2024-11-27 05:00:00,8.051,8.16,7.977,8.107,57398.762
2024-11-27 06:00:00,8.107,8.204,8.08,8.122,69553.191
2024-11-27 07:00:00,8.122,8.311,8.1,8.282,149350.516
2024-11-27 08:00:00,8.282,8.296,8.205,8.293,77693.252
2024-11-27 09:00:00,8.293,8.394,8.16,8.378,132072.846
2024-11-27 10:00:00,8.378,8.443,8.292,8.359,124444.807
2024-11-27 11:00:00,8.359,8.359,8.252,8.296,87114.094
2024-11-27 12:00:00,8.296,8.304,8.144,8.274,124965.365
2024-11-27 13:00:00,8.274,8.387,8.259,8.387,111349.268
2024-11-27 14:00:00,8.387,8.432,8.267,8.348,251515.421
2024-11-27 15:00:00,8.348,8.486,8.26,8.401,189440.15
2024-11-27 16:00:00,8.401,8.458,8.243,8.279,166590.673
2024-11-27 17:00:00,8.279,8.35,8.222,8.336,90479.749
2024-11-27 18:00:00,8.336,8.404,8.311,8.359,65486.584
2024-11-27 19:00:00,8.359,8.416,8.339,8.384,66845.456
2024-11-27 20:00:00,8.384,8.568,8.376,8.439,127465.343
2024-11-27 21:00:00,8.439,8.456,8.328,8.379,77893.894
2024-11-27 22:00:00,8.379,8.488,8.346,8.403,126450.677
2024-11-27 23:00:00,8.403,8.498,8.379,8.456,105758.171
2024-11-28 00:00:00,8.456,8.458,8.318,8.427,153862.412
2024-11-28 01:00:00,8.427,8.5,8.37,8.485,128633.133
2024-11-28 02:00:00,8.485,8.486,8.234,8.262,141068.414
2024-11-28 03:00:00,8.262,8.287,8.105,8.208,106537.868
2024-11-28 04:00:00,8.208,8.27,8.175,8.229,50556.063
2024-11-28 05:00:00,8.229,8.264,8.169,8.184,55947.489
2024-11-28 06:00:00,8.184,8.233,8.105,8.212,66222.166
2024-11-28 07:00:00,8.212,8.252,8.132,8.17,54621.816
2024-11-28 08:00:00,8.17,8.247,8.123,8.217,78555.584
2024-11-28 09:00:00,8.217,8.228,8.131,8.134,67614.865
2024-11-28 10:00:00,8.134,8.199,8.103,8.147,83149.4
2024-11-28 11:00:00,8.147,8.239,8.113,8.2,69078.607
2024-11-28 12:00:00,8.2,8.219,8.133,8.178,40176.914
2024-11-28 13:00:00,8.178,8.198,8.108,8.18,65670.22
2024-11-28 14:00:00,8.18,8.268,8.158,8.17,74587.507
2024-11-28 15:00:00,8.17,8.23,8.001,8.023,125229.471
2024-11-28 16:00:00,8.023,8.14,8.023,8.098,53093.029
2024-11-28 17:00:00,8.098,8.364,8.098,8.241,153914.52
2024-11-28 18:00:00,8.241,8.455,8.237,8.43,80282.906
2024-11-28 19:00:00,8.43,8.584,8.396,8.572,115818.471
2024-11-28 20:00:00,8.572,8.579,8.414,8.471,89728.054
2024-11-28 21:00:00,8.471,8.563,8.471,8.502,60383.618
2024-11-28 22:00:00,8.502,8.752,8.5,8.654,80190.959
2024-11-28 23:00:00,8.654,8.712,8.567,8.615,99478.242
2024-11-29 00:00:00,8.615,8.671,8.572,8.574,78045.669
2024-11-29 01:00:00,8.574,8.658,8.514,8.596,68765.027
2024-11-29 02:00:00,8.596,8.749,8.596,8.623,73007.735
2024-11-29 03:00:00,8.623,8.675,8.541,8.566,73980.792
2024-11-29 04:00:00,8.566,8.591,8.487,8.532,41512.678
2024-11-29 05:00:00,8.532,8.545,8.441,8.451,39918.278
2024-11-29 06:00:00,8.451,8.532,8.448,8.515,25777.362
2024-11-29 07:00:00,8.515,8.588,8.437,8.448,69146.552
2024-11-29 08:00:00,8.448,8.658,8.448,8.649,87113.2
2024-11-29 09:00:00,8.649,8.76,8.619,8.637,97102.95
2024-11-29 10:00:00,8.637,8.802,8.637,8.726,89172.307
2024-11-29 11:00:00,8.726,8.775,8.68,8.706,113512.427
2024-11-29 12:00:00,8.706,8.724,8.636,8.649,74351.738
2024-11-29 13:00:00,8.649,8.692,8.608,8.668,58382.086
2024-11-29 14:00:00,8.668,8.886,8.658,8.872,100945.636
2024-11-29 15:00:00,8.872,9.012,8.674,8.698,236628.717
2024-11-29 16:00:00,8.698,8.752,8.578,8.615,91090.342
2024-11-29 17:00:00,8.615,8.708,8.574,8.598,104164.782
2024-11-29 18:00:00,8.598,8.685,8.594,8.645,52515.414
2024-11-29 19:00:00,8.645,8.719,8.585,8.719,69479.198
2024-11-29 20:00:00,8.719,8.77,8.642,8.662,73730.178
2024-11-29 21:00:00,8.662,8.746,8.615,8.721,69691.235
2024-11-29 22:00:00,8.721,8.756,8.68,8.736,57139.538
2024-11-29 23:00:00,8.736,9.077,8.702,9.026,144421.144
2024-11-30 00:00:00,9.026,9.031,8.687,8.729,169451.669
2024-11-30 01:00:00,8.729,8.854,8.665,8.702,71255.561
2024-11-30 02:00:00,8.702,8.728,8.603,8.658,81029.679
2024-11-30 03:00:00,8.658,8.693,8.603,8.674,43382.81
2024-11-30 04:00:00,8.674,8.74,8.649,8.687,36019.064
2024-11-30 05:00:00,8.687,8.798,8.668,8.753,60872.142
2024-11-30 06:00:00,8.753,8.839,8.721,8.733,116870.167
2024-11-30 07:00:00,8.733,8.898,8.694,8.873,98197.308
2024-11-30 08:00:00,8.873,9.151,8.869,9.091,312247.21
2024-11-30 09:00:00,9.091,9.141,9.0,9.04,136898.557
2024-11-30 10:00:00,9.04,9.061,8.757,8.775,151267.005
2024-11-30 11:00:00,8.775,8.938,8.751,8.881,133942.003
2024-11-30 12:00:00,8.881,8.988,8.835,8.983,137109.392
2024-11-30 13:00:00,8.983,8.986,8.821,8.835,95625.867
2024-11-30 14:00:00,8.835,8.969,8.783,8.807,74907.994
2024-11-30 15:00:00,8.807,8.885,8.771,8.848,120116.642
2024-11-30 16:00:00,8.848,8.932,8.784,8.886,197241.256
2024-11-30 17:00:00,8.886,8.979,8.868,8.93,104546.587
2024-11-30 18:00:00,8.93,9.021,8.882,9.017,96397.69
2024-11-30 19:00:00,9.017,9.122,8.979,9.116,149802.046
2024-11-30 20:00:00,9.116,9.143,9.03,9.114,105059.614
2024-11-30 21:00:00,9.114,9.132,9.038,9.109,77652.303
2024-11-30 22:00:00,9.109,9.222,8.952,8.997,154994.417
2024-11-30 23:00:00,8.997,9.042,8.939,8.943,35326.784
2024-12-01 00:00:00,8.943,9.152,8.86,8.868,164126.788
2024-12-01 01:00:00,8.868,8.932,8.767,8.827,102137.662
2024-12-01 02:00:00,8.827,8.855,8.695,8.717,112898.9
2024-12-01 03:00:00,8.717,8.876,8.716,8.844,73823.495
2024-12-01 04:00:00,8.844,8.847,8.757,8.833,33841.511
2024-12-01 05:00:00,8.833,8.833,8.738,8.747,56950.848
2024-12-01 06:00:00,8.747,8.827,8.744,8.787,51109.642
2024-12-01 07:00:00,8.787,8.855,8.771,8.807,40542.997
2024-12-01 08:00:00,8.807,8.993,8.773,8.975,69500.706
2024-12-01 09:00:00,8.975,8.983,8.91,8.933,89953.909
2024-12-01 10:00:00,8.933,9.055,8.885,9.045,102036.588
2024-12-01 11:00:00,9.045,9.226,9.03,9.175,176593.226
2024-12-01 12:00:00,9.175,9.227,9.104,9.146,117782.994
2024-12-01 13:00:00,9.146,9.24,9.035,9.069,188577.99
2024-12-01 14:00:00,9.069,9.14,9.034,9.107,69659.037
2024-12-01 15:00:00,9.107,9.171,9.075,9.107,69800.55
2024-12-01 16:00:00,9.107,9.147,9.027,9.043,157552.711
2024-12-01 17:00:00,9.043,9.057,8.95,9.019,81740.724
2024-12-01 18:00:00,9.019,9.055,8.971,9.025,55609.023
2024-12-01 19:00:00,9.025,9.222,9.012,9.134,122036.822
2024-12-01 20:00:00,9.134,9.28,8.97,9.278,173061.656
2024-12-01 21:00:00,9.278,9.388,9.208,9.261,162916.188
2024-12-01 22:00:00,9.261,9.321,9.172,9.226,66256.614
2024-12-01 23:00:00,9.226,9.362,9.226,9.288,81368.785
2024-12-02 00:00:00,9.288,9.346,9.121,9.212,96451.935
2024-12-02 01:00:00,9.212,9.485,9.197,9.479,142611.533
2024-12-02 02:00:00,9.479,9.518,9.25,9.44,176792.756
2024-12-02 03:00:00,9.44,9.485,9.058,9.103,118428.953
2024-12-02 04:00:00,9.103,9.2,8.908,9.108,396743.309
2024-12-02 05:00:00,9.108,9.199,9.038,9.162,165632.519
2024-12-02 06:00:00,9.162,9.203,8.973,9.174,118103.787
2024-12-02 07:00:00,9.174,9.206,8.965,9.037,106651.69
2024-12-02 08:00:00,9.037,9.1,8.516,8.619,423818.589
2024-12-02 09:00:00,8.619,8.784,8.563,8.727,191971.64
2024-12-02 10:00:00,8.727,8.733,8.455,8.477,134373.831
2024-12-02 11:00:00,8.477,8.615,8.456,8.541,124032.966
2024-12-02 12:00:00,8.541,8.7,8.505,8.58,228080.021
2024-12-02 13:00:00,8.58,8.861,8.578,8.856,136912.981
2024-12-02 14:00:00,8.856,9.073,8.76,8.966,162599.972
2024-12-02 15:00:00,8.966,9.19,8.897,9.138,184630.31
2024-12-02 16:00:00,9.138,9.215,8.862,9.032,263767.4
2024-12-02 17:00:00,9.032,9.095,8.767,8.817,165026.587
2024-12-02 18:00:00,8.817,9.079,8.81,9.058,96069.923
2024-12-02 19:00:00,9.058,9.258,8.903,9.221,169302.863
2024-12-02 20:00:00,9.221,9.429,9.205,9.389,251292.006
2024-12-02 21:00:00,9.389,9.97,9.386,9.893,596440.459
2024-12-02 22:00:00,9.893,9.947,9.663,9.8,294478.195
2024-12-02 23:00:00,9.8,10.206,9.779,10.017,916402.23
2024-12-03 00:00:00,10.017,10.046,9.818,9.917,899502.776
2024-12-03 01:00:00,9.917,10.388,9.9,10.037,435210.011
2024-12-03 02:00:00,10.037,10.198,9.921,10.19,194376.709
2024-12-03 03:00:00,10.19,10.298,10.132,10.139,238412.475
2024-12-03 04:00:00,10.139,10.193,9.989,10.015,189887.098
2024-12-03 05:00:00,10.015,10.22,9.947,10.193,139708.258
2024-12-03 06:00:00,10.193,10.343,9.994,10.04,310873.539
2024-12-03 07:00:00,10.04,10.112,9.789,9.857,399894.414
2024-12-03 08:00:00,9.857,10.062,9.846,10.056,177171.005
2024-12-03 09:00:00,10.056,10.126,9.893,10.008,227426.352
2024-12-03 10:00:00,10.008,10.087,9.762,9.79,198235.967
2024-12-03 11:00:00,9.79,10.115,9.774,10.068,183739.229
2024-12-03 12:00:00,10.068,10.077,9.904,10.053,164031.153
2024-12-03 13:00:00,10.053,10.114,9.355,9.534,604540.125
2024-12-03 14:00:00,9.534,9.719,9.055,9.521,599436.277
2024-12-03 15:00:00,9.521,9.72,9.389,9.568,407603.431
2024-12-03 16:00:00,9.568,9.745,9.406,9.443,241724.471
2024-12-03 17:00:00,9.443,9.578,9.318,9.575,126967.786
2024-12-03 18:00:00,9.575,9.721,9.532,9.628,116291.288
2024-12-03 19:00:00,9.628,9.63,9.41,9.556,130237.567
2024-12-03 20:00:00,9.556,9.749,9.542,9.71,148152.889
2024-12-03 21:00:00,9.71,9.871,9.701,9.753,182149.493
2024-12-03 22:00:00,9.753,9.838,9.612,9.83,126923.015
2024-12-03 23:00:00,9.83,9.905,9.76,9.779,131537.384
2024-12-04 00:00:00,9.779,9.915,9.731,9.755,197731.181
2024-12-04 01:00:00,9.755,9.937,9.689,9.876,122409.756
2024-12-04 02:00:00,9.876,9.896,9.663,9.765,134686.907
2024-12-04 03:00:00,9.765,10.044,9.76,9.959,113524.265
2024-12-04 04:00:00,9.959,10.036,9.942,10.009,114541.021
2024-12-04 05:00:00,10.009,10.098,9.982,10.066,170676.362
2024-12-04 06:00:00,10.066,10.068,9.925,10.039,112471.822
2024-12-04 07:00:00,10.039,10.107,9.97,10.044,143844.749
2024-12-04 08:00:00,10.044,10.116,9.985,10.05,176419.47
2024-12-04 09:00:00,10.05,10.513,10.049,10.451,378806.489
2024-12-04 10:00:00,10.451,11.032,10.371,10.918,854774.419
2024-12-04 11:00:00,10.918,11.261,10.829,10.983,485674.177
2024-12-04 12:00:00,10.983,11.415,10.773,11.318,576474.909
2024-12-04 13:00:00,11.318,11.65,11.101,11.398,587430.963
2024-12-04 14:00:00,11.398,11.463,11.013,11.041,444815.006
2024-12-04 15:00:00,11.041,11.152,10.922,10.98,262996.509
2024-12-04 16:00:00,10.98,10.992,10.34,10.369,655674.102
2024-12-04 17:00:00,10.369,10.603,10.354,10.57,318759.765
2024-12-04 18:00:00,10.57,10.89,10.554,10.802,190543.772
2024-12-04 19:00:00,10.802,11.318,10.774,11.067,364800.544
2024-12-04 20:00:00,11.067,11.11,10.729,10.825,281972.956
2024-12-04 21:00:00,10.825,10.971,10.664,10.836,265625.958
2024-12-04 22:00:00,10.836,10.976,10.658,10.699,148821.392
2024-12-04 23:00:00,10.699,10.735,10.404,10.514,196439.88
2024-12-05 00:00:00,10.514,10.617,10.281,10.317,172888.465
2024-12-05 01:00:00,10.317,10.317,9.898,10.001,232096.538
2024-12-05 02:00:00,10.001,10.432,9.99,10.358,474700.612
2024-12-05 03:00:00,10.358,10.622,10.181,10.268,356096.94
2024-12-05 04:00:00,10.268,10.629,10.199,10.436,127775.323
2024-12-05 05:00:00,10.436,10.458,10.239,10.357,104915.237
2024-12-05 06:00:00,10.357,10.51,10.317,10.474,136761.551
2024-12-05 07:00:00,10.474,10.747,10.458,10.715,140778.204
2024-12-05 08:00:00,10.715,10.857,10.634,10.679,259761.977
2024-12-05 09:00:00,10.679,10.778,10.597,10.716,111516.081
2024-12-05 10:00:00,10.716,10.848,10.693,10.787,173226.153
2024-12-05 11:00:00,10.787,11.2,10.78,11.114,402018.985
2024-12-05 12:00:00,11.114,11.23,10.821,10.947,528424.814
2024-12-05 13:00:00,10.947,11.168,10.867,10.871,198236.287
2024-12-05 14:00:00,10.871,10.962,10.74,10.766,175161.86
2024-12-05 15:00:00,10.766,10.96,10.691,10.899,269919.62
2024-12-05 16:00:00,10.899,11.142,10.807,10.981,221571.543
2024-12-05 17:00:00,10.981,11.067,10.875,10.966,158015.604
2024-12-05 18:00:00,10.966,11.235,10.965,10.984,192161.406
2024-12-05 19:00:00,10.984,11.111,10.756,10.81,181719.746
2024-12-05 20:00:00,10.81,10.922,10.566,10.695,404238.213
2024-12-05 21:00:00,10.695,10.792,10.514,10.732,203913.261
2024-12-05 22:00:00,10.732,10.868,10.162,10.512,266365.971
2024-12-05 23:00:00,10.512,10.616,10.304,10.37,208523.719
2024-12-06 00:00:00,10.37,10.597,10.241,10.554,190617.371
2024-12-06 01:00:00,10.554,10.749,10.488,10.679,114861.323
2024-12-06 02:00:00,10.679,10.683,10.51,10.576,87980.71
2024-12-06 03:00:00,10.576,10.626,10.43,10.594,107946.601
2024-12-06 04:00:00,10.594,10.741,10.575,10.696,154175.058
2024-12-06 05:00:00,10.696,10.755,10.63,10.645,117172.784
2024-12-06 06:00:00,10.645,10.718,10.551,10.624,147684.386
2024-12-06 07:00:00,10.624,10.64,10.472,10.503,92244.949
2024-12-06 08:00:00,10.503,10.617,10.423,10.433,90884.352
2024-12-06 09:00:00,10.433,10.45,10.195,10.275,179498.795
2024-12-06 10:00:00,10.275,10.3,10.095,10.26,211098.023
2024-12-06 11:00:00,10.26,10.314,10.169,10.24,144786.189
2024-12-06 12:00:00,10.24,10.353,10.016,10.039,216992.012
2024-12-06 13:00:00,10.039,10.341,10.024,10.246,223729.465
2024-12-06 14:00:00,10.246,10.528,10.17,10.528,234363.186
2024-12-06 15:00:00,10.528,10.67,10.418,10.56,324292.656
2024-12-06 16:00:00,10.56,10.623,10.425,10.442,142366.39
2024-12-06 17:00:00,10.442,10.586,10.43,10.482,175260.828
2024-12-06 18:00:00,10.482,10.61,10.448,10.575,101407.039
2024-12-06 19:00:00,10.575,10.772,10.565,10.723,93948.838
2024-12-06 20:00:00,10.723,10.773,10.582,10.676,140035.389
2024-12-06 21:00:00,10.676,10.736,10.584,10.587,138740.849
2024-12-06 22:00:00,10.587,10.776,10.581,10.747,49161.099
2024-12-06 23:00:00,10.747,10.879,10.633,10.672,186817.992
2024-12-07 00:00:00,10.672,10.727,10.516,10.595,121256.164
2024-12-07 01:00:00,10.595,10.695,10.549,10.554,89656.295
2024-12-07 02:00:00,10.554,10.646,10.513,10.576,62308.559
2024-12-07 03:00:00,10.576,10.609,10.454,10.505,68732.974
2024-12-07 04:00:00,10.505,10.625,10.45,10.589,105124.656
2024-12-07 05:00:00,10.589,10.618,10.483,10.504,47979.229
2024-12-07 06:00:00,10.504,10.748,10.487,10.643,96675.652
2024-12-07 07:00:00,10.643,10.643,10.407,10.503,85770.14
2024-12-07 08:00:00,10.503,10.58,10.422,10.429,97077.989
2024-12-07 09:00:00,10.429,10.5,10.378,10.424,103454.596
2024-12-07 10:00:00,10.424,10.461,10.308,10.387,60894.572
2024-12-07 11:00:00,10.387,10.531,10.357,10.444,76295.77
2024-12-07 12:00:00,10.444,10.584,10.426,10.565,105693.116
2024-12-07 13:00:00,10.565,10.645,10.49,10.615,107593.754
2024-12-07 14:00:00,10.615,10.786,10.56,10.708,125416.228
2024-12-07 15:00:00,10.708,10.84,10.665,10.76,203736.418
2024-12-07 16:00:00,10.76,10.842,10.629,10.798,186290.776
2024-12-07 17:00:00,10.798,10.884,10.511,10.551,142459.162
2024-12-07 18:00:00,10.551,10.831,10.551,10.83,95917.102
2024-12-07 19:00:00,10.83,10.933,10.661,10.676,116944.365
2024-12-07 20:00:00,10.676,10.786,10.667,10.709,120541.758
2024-12-07 21:00:00,10.709,10.765,10.603,10.644,123966.172
2024-12-07 22:00:00,10.644,10.656,10.545,10.545,72316.77
2024-12-07 23:00:00,10.545,10.708,10.54,10.596,65253.867
2024-12-08 00:00:00,10.596,10.787,10.544,10.724,96170.62
2024-12-08 01:00:00,10.724,10.812,10.647,10.674,69109.534
2024-12-08 02:00:00,10.674,10.717,10.629,10.643,36492.547
2024-12-08 03:00:00,10.643,10.678,10.571,10.574,68152.914
2024-12-08 04:00:00,10.574,10.624,10.448,10.451,73298.21
2024-12-08 05:00:00,10.451,10.475,10.366,10.419,72495.689
2024-12-08 06:00:00,10.419,10.477,10.35,10.476,94348.036
2024-12-08 07:00:00,10.476,10.559,10.467,10.472,111400.509
2024-12-08 08:00:00,10.472,10.482,10.256,10.257,143363.275
2024-12-08 09:00:00,10.257,10.368,10.191,10.244,88893.243
2024-12-08 10:00:00,10.244,10.422,10.24,10.414,61192.65
2024-12-08 11:00:00,10.414,10.502,10.37,10.459,105027.051
2024-12-08 12:00:00,10.459,10.463,10.306,10.443,127273.223
2024-12-08 13:00:00,10.443,10.551,10.418,10.542,74756.79
2024-12-08 14:00:00,10.542,10.544,10.386,10.39,67745.081
2024-12-08 15:00:00,10.39,10.41,10.283,10.342,134219.816
2024-12-08 16:00:00,10.342,10.408,10.262,10.287,141826.552
2024-12-08 17:00:00,10.287,10.365,10.225,10.358,108621.662
2024-12-08 18:00:00,10.358,10.376,10.259,10.278,57860.531
2024-12-08 19:00:00,10.278,10.327,10.243,10.312,60877.108
2024-12-08 20:00:00,10.312,10.332,10.245,10.273,47983.551
2024-12-08 21:00:00,10.273,10.356,10.253,10.338,83767.45
2024-12-08 22:00:00,10.338,10.422,10.307,10.417,74967.196
2024-12-08 23:00:00,10.417,10.436,10.326,10.392,52106.1
2024-12-09 00:00:00,10.392,10.398,10.148,10.204,109312.582
2024-12-09 01:00:00,10.204,10.298,10.163,10.18,67537.668
2024-12-09 02:00:00,10.18,10.245,10.072,10.147,77213.413
2024-12-09 03:00:00,10.147,10.22,9.907,10.054,142254.254
2024-12-09 04:00:00,10.054,10.117,9.931,10.113,102770.57
2024-12-09 05:00:00,10.113,10.154,10.076,10.117,47074.869
2024-12-09 06:00:00,10.117,10.122,9.897,9.936,88803.714
2024-12-09 07:00:00,9.936,9.941,9.706,9.875,284998.459
2024-12-09 08:00:00,9.875,9.878,9.516,9.55,221287.099
2024-12-09 09:00:00,9.55,9.68,9.414,9.505,273736.154
2024-12-09 10:00:00,9.505,9.677,9.505,9.669,260022.076
2024-12-09 11:00:00,9.669,9.669,9.405,9.453,227739.265
2024-12-09 12:00:00,9.453,9.591,9.362,9.588,216806.613
2024-12-09 13:00:00,9.588,9.752,9.514,9.673,235352.737
2024-12-09 14:00:00,9.673,9.841,9.588,9.817,176443.566
2024-12-09 15:00:00,9.817,9.836,9.436,9.492,249887.256
2024-12-09 16:00:00,9.492,9.648,9.444,9.554,137198.094
2024-12-09 17:00:00,9.554,9.666,9.494,9.497,97194.46
2024-12-09 18:00:00,9.497,9.614,9.497,9.56,63404.269
2024-12-09 19:00:00,9.56,9.587,9.48,9.493,81604.135
2024-12-09 20:00:00,9.493,9.525,8.563,8.785,901510.63
2024-12-09 21:00:00,8.785,8.802,7.5,8.391,1740283.197
2024-12-09 22:00:00,8.391,8.511,7.604,8.505,918354.843
2024-12-09 23:00:00,8.505,8.596,8.334,8.467,337042.405
2024-12-10 00:00:00,8.467,8.716,8.307,8.604,249181.335
2024-12-10 01:00:00,8.604,8.665,8.411,8.585,127410.164
2024-12-10 02:00:00,8.585,8.585,8.248,8.248,165043.816
2024-12-10 03:00:00,8.248,8.345,7.934,8.319,374268.118
2024-12-10 04:00:00,8.319,8.434,8.103,8.427,274889.273
2024-12-10 05:00:00,8.427,8.588,8.378,8.561,270048.12
2024-12-10 06:00:00,8.561,8.659,8.492,8.616,173085.521
2024-12-10 07:00:00,8.616,8.623,8.481,8.575,90564.492
2024-12-10 08:00:00,8.575,8.617,8.458,8.591,122829.6
2024-12-10 09:00:00,8.591,8.683,8.491,8.555,189868.818
2024-12-10 10:00:00,8.555,8.702,8.552,8.661,94785.974
2024-12-10 11:00:00,8.661,8.695,8.568,8.644,89043.27
2024-12-10 12:00:00,8.644,8.662,8.221,8.267,258404.406
2024-12-10 13:00:00,8.267,8.467,8.261,8.372,175460.297
2024-12-10 14:00:00,8.372,8.537,8.329,8.371,217090.031
2024-12-10 15:00:00,8.371,8.419,7.866,7.885,453914.871
2024-12-10 16:00:00,7.885,8.098,7.744,8.068,424672.534
2024-12-10 17:00:00,8.068,8.071,7.614,7.614,380449.199
2024-12-10 18:00:00,7.614,7.957,7.592,7.882,232505.539
2024-12-10 19:00:00,7.882,8.128,7.876,8.108,130462.822
2024-12-10 20:00:00,8.108,8.287,8.071,8.262,172217.479
2024-12-10 21:00:00,8.262,8.468,8.255,8.384,212265.324
2024-12-10 22:00:00,8.384,8.454,8.331,8.377,58401.971
2024-12-10 23:00:00,8.377,8.442,8.338,8.394,75479.893
2024-12-11 00:00:00,8.394,8.417,8.164,8.276,140305.094
2024-12-11 01:00:00,8.276,8.277,8.04,8.058,180699.094
2024-12-11 02:00:00,8.058,8.388,8.028,8.336,140043.116
2024-12-11 03:00:00,8.336,8.416,8.316,8.371,104603.108
2024-12-11 04:00:00,8.371,8.429,8.34,8.405,102887.171
2024-12-11 05:00:00,8.405,8.444,8.343,8.375,41072.319
2024-12-11 06:00:00,8.375,8.394,8.315,8.341,50439.699
2024-12-11 07:00:00,8.341,8.406,8.258,8.268,84183.605
2024-12-11 08:00:00,8.268,8.571,8.26,8.553,372944.62
2024-12-11 09:00:00,8.553,8.566,8.448,8.538,97609.72
2024-12-11 10:00:00,8.538,8.58,8.491,8.576,53419.263
2024-12-11 11:00:00,8.576,8.65,8.532,8.609,137208.215
2024-12-11 12:00:00,8.609,8.93,8.609,8.908,522530.444
2024-12-11 13:00:00,8.908,9.173,8.807,9.087,425581.653
2024-12-11 14:00:00,9.087,9.226,8.924,9.176,268840.612
2024-12-11 15:00:00,9.176,9.265,9.093,9.192,279569.393
2024-12-11 16:00:00,9.192,9.218,9.031,9.079,198267.707
2024-12-11 17:00:00,9.079,9.124,8.951,8.969,70060.399
2024-12-11 18:00:00,8.969,9.049,8.946,8.96,86344.022
2024-12-11 19:00:00,8.96,9.055,8.96,9.028,66284.792
2024-12-11 20:00:00,9.028,9.095,9.022,9.049,35463.727
2024-12-11 21:00:00,9.049,9.103,9.013,9.082,70561.749
2024-12-11 22:00:00,9.082,9.106,9.034,9.063,59527.39
2024-12-11 23:00:00,9.063,9.134,8.986,8.991,111102.114
2024-12-12 00:00:00,8.991,9.06,8.926,8.979,79099.87
2024-12-12 01:00:00,8.979,9.048,8.937,8.969,41964.438
2024-12-12 02:00:00,8.969,9.269,8.969,9.246,110976.367
2024-12-12 03:00:00,9.246,9.424,9.175,9.267,154315.366
2024-12-12 04:00:00,9.267,9.422,9.257,9.378,158085.886
2024-12-12 05:00:00,9.378,9.67,9.374,9.502,186631.712
2024-12-12 06:00:00,9.502,9.556,9.365,9.431,148280.089
2024-12-12 07:00:00,9.431,9.506,9.304,9.315,127092.728
2024-12-12 08:00:00,9.315,9.389,9.282,9.358,142538.036
2024-12-12 09:00:00,9.358,9.411,9.233,9.267,94450.966
2024-12-12 10:00:00,9.267,9.281,9.128,9.172,153716.466
2024-12-12 11:00:00,9.172,9.175,9.035,9.1,100697.556
2024-12-12 12:00:00,9.1,9.295,9.1,9.292,127581.826
2024-12-12 13:00:00,9.292,9.397,9.106,9.174,303144.108
2024-12-12 14:00:00,9.174,9.292,9.106,9.242,136507.383
2024-12-12 15:00:00,9.242,9.295,9.106,9.233,93014.186
2024-12-12 16:00:00,9.233,9.394,9.183,9.271,199268.975
2024-12-12 17:00:00,9.271,9.369,9.269,9.322,60506.437
2024-12-12 18:00:00,9.322,9.356,9.217,9.256,52826.925
2024-12-12 19:00:00,9.256,9.322,8.938,8.97,191623.978
2024-12-12 20:00:00,8.97,9.162,8.945,9.111,132898.67
2024-12-12 21:00:00,9.111,9.137,9.011,9.05,71872.917
2024-12-12 22:00:00,9.05,9.058,8.912,8.993,116317.064
2024-12-12 23:00:00,8.993,9.073,8.925,9.059,85016.57
2024-12-13 00:00:00,9.059,9.166,9.018,9.073,72179.002
2024-12-13 01:00:00,9.073,9.073,8.849,8.966,126926.932
2024-12-13 02:00:00,8.966,9.236,8.956,9.121,94939.146
2024-12-13 03:00:00,9.121,9.193,9.09,9.132,48731.698
2024-12-13 04:00:00,9.132,9.156,8.977,9.057,133605.075
2024-12-13 05:00:00,9.057,9.12,8.995,9.021,62050.128
2024-12-13 06:00:00,9.021,9.076,8.867,8.867,118581.075
2024-12-13 07:00:00,8.867,8.935,8.779,8.884,191734.013
2024-12-13 08:00:00,8.884,9.006,8.836,8.988,90233.032
2024-12-13 09:00:00,8.988,9.025,8.88,8.973,55694.524
2024-12-13 10:00:00,8.973,9.06,8.889,9.021,66955.564
2024-12-13 11:00:00,9.021,9.177,9.011,9.027,109187.83
2024-12-13 12:00:00,9.027,9.132,9.02,9.09,73230.671
2024-12-13 13:00:00,9.09,9.106,8.938,9.014,66974.824
2024-12-13 14:00:00,9.014,9.146,8.953,9.137,95398.974
2024-12-13 15:00:00,9.137,9.207,8.831,8.833,175942.628
2024-12-13 16:00:00,8.833,9.064,8.796,8.962,196733.045
2024-12-13 17:00:00,8.962,9.004,8.881,8.983,90044.747
2024-12-13 18:00:00,8.983,9.01,8.899,8.906,85759.654
2024-12-13 19:00:00,8.906,9.057,8.902,9.042,61627.359
2024-12-13 20:00:00,9.042,9.14,9.035,9.072,79106.694
2024-12-13 21:00:00,9.072,9.09,8.983,8.986,34255.001
2024-12-13 22:00:00,8.986,9.003,8.942,8.96,33877.252
2024-12-13 23:00:00,8.96,9.097,8.942,9.09,70788.276
2024-12-14 00:00:00,9.09,9.151,9.026,9.071,65088.703
2024-12-14 01:00:00,9.071,9.211,9.067,9.12,78056.126
2024-12-14 02:00:00,9.12,9.126,9.047,9.073,37681.212
2024-12-14 03:00:00,9.073,9.097,9.002,9.027,32076.058
2024-12-14 04:00:00,9.027,9.044,8.982,9.006,24924.24
2024-12-14 05:00:00,9.006,9.044,8.973,9.027,29814.607
2024-12-14 06:00:00,9.027,9.1,9.018,9.038,47385.397
2024-12-14 07:00:00,9.038,9.047,8.969,8.975,47551.355
2024-12-14 08:00:00,8.975,9.037,8.974,9.009,42921.386
2024-12-14 09:00:00,9.009,9.013,8.932,8.939,51320.404
2024-12-14 10:00:00,8.939,8.946,8.786,8.799,217464.209
2024-12-14 11:00:00,8.799,8.826,8.74,8.755,88152.633
2024-12-14 12:00:00,8.755,8.776,8.605,8.613,92010.659
2024-12-14 13:00:00,8.613,8.646,8.464,8.547,128961.679
2024-12-14 14:00:00,8.547,8.686,8.547,8.616,68887.499
2024-12-14 15:00:00,8.616,8.662,8.578,8.642,47735.65
2024-12-14 16:00:00,8.642,8.66,8.531,8.645,68604.871
2024-12-14 17:00:00,8.645,8.655,8.467,8.504,82365.317
2024-12-14 18:00:00,8.504,8.54,8.413,8.431,56717.481
2024-12-14 19:00:00,8.431,8.521,8.417,8.496,64802.748
2024-12-14 20:00:00,8.496,8.552,8.354,8.376,101505.083
2024-12-14 21:00:00,8.376,8.487,8.375,8.475,54158.551
2024-12-14 22:00:00,8.475,8.566,8.465,8.535,39136.573
2024-12-14 23:00:00,8.535,8.587,8.505,8.554,21348.289
2024-12-15 00:00:00,8.554,8.558,8.456,8.51,11773.23
2024-12-15 01:00:00,8.51,8.652,8.508,8.637,56651.601
2024-12-15 02:00:00,8.637,8.662,8.586,8.589,90796.971
2024-12-15 03:00:00,8.589,8.6,8.501,8.508,84578.078
2024-12-15 04:00:00,8.508,8.64,8.501,8.574,71231.813
2024-12-15 05:00:00,8.574,8.628,8.557,8.571,23838.985
2024-12-15 06:00:00,8.571,8.582,8.491,8.496,25675.481
2024-12-15 07:00:00,8.496,8.524,8.367,8.428,96143.709
2024-12-15 08:00:00,8.428,8.6,8.422,8.592,48875.65
2024-12-15 09:00:00,8.592,8.685,8.524,8.659,72823.681
2024-12-15 10:00:00,8.659,8.772,8.635,8.641,111246.479
2024-12-15 11:00:00,8.641,8.741,8.631,8.726,74111.959
2024-12-15 12:00:00,8.726,8.997,8.68,8.962,158374.905
2024-12-15 13:00:00,8.962,8.994,8.827,8.906,86487.585
2024-12-15 14:00:00,8.906,9.262,8.906,9.158,240917.053
2024-12-15 15:00:00,9.158,9.212,9.029,9.045,103610.093
2024-12-15 16:00:00,9.045,9.109,9.011,9.041,74626.242
2024-12-15 17:00:00,9.041,9.05,8.93,8.947,95360.829
2024-12-15 18:00:00,8.947,8.995,8.914,8.975,59180.017
2024-12-15 19:00:00,8.975,9.029,8.958,8.959,24037.336
2024-12-15 20:00:00,8.959,8.972,8.878,8.891,44973.723
2024-12-15 21:00:00,8.891,8.901,8.716,8.719,87485.503
2024-12-15 22:00:00,8.719,8.89,8.642,8.88,85998.172
2024-12-15 23:00:00,8.88,9.108,8.868,9.026,235625.623
2024-12-16 00:00:00,9.026,9.185,8.971,9.175,132915.197
2024-12-16 01:00:00,9.175,9.206,9.058,9.081,59560.982
2024-12-16 02:00:00,9.081,9.087,8.907,8.958,64583.239
2024-12-16 03:00:00,8.958,9.005,8.83,8.921,82667.171
2024-12-16 04:00:00,8.921,8.96,8.888,8.939,30959.928
2024-12-16 05:00:00,8.939,8.994,8.885,8.936,37143.696
2024-12-16 06:00:00,8.936,8.964,8.826,8.85,45178.196
2024-12-16 07:00:00,8.85,8.929,8.815,8.885,42217.142
2024-12-16 08:00:00,8.885,8.908,8.758,8.768,95907.537
2024-12-16 09:00:00,8.768,8.816,8.716,8.738,133459.425
2024-12-16 10:00:00,8.738,8.771,8.686,8.753,94988.634
2024-12-16 11:00:00,8.753,8.774,8.606,8.635,101666.565
2024-12-16 12:00:00,8.635,8.698,8.588,8.629,84842.66
2024-12-16 13:00:00,8.629,8.723,8.6,8.691,80174.171
2024-12-16 14:00:00,8.691,8.832,8.686,8.735,134467.573
2024-12-16 15:00:00,8.735,8.932,8.718,8.907,114768.218
2024-12-16 16:00:00,8.907,9.171,8.907,9.069,191456.294
2024-12-16 17:00:00,9.069,9.103,8.963,9.026,128389.478
2024-12-16 18:00:00,9.026,9.103,8.951,9.098,74214.177
2024-12-16 19:00:00,9.098,9.103,8.891,8.946,79409.762
2024-12-16 20:00:00,8.946,8.99,8.862,8.877,48002.038
2024-12-16 21:00:00,8.877,8.965,8.875,8.956,49785.599
2024-12-16 22:00:00,8.956,8.988,8.828,8.859,84804.667
2024-12-16 23:00:00,8.859,8.872,8.719,8.756,89285.578
2024-12-17 00:00:00,8.756,8.761,8.622,8.635,127677.111
2024-12-17 01:00:00,8.635,8.745,8.626,8.74,51336.26
2024-12-17 02:00:00,8.74,8.792,8.691,8.702,64007.111
2024-12-17 03:00:00,8.702,8.777,8.692,8.764,70589.016
2024-12-17 04:00:00,8.764,8.766,8.619,8.685,72484.736
2024-12-17 05:00:00,8.685,8.718,8.633,8.705,31350.857
2024-12-17 06:00:00,8.705,8.716,8.623,8.662,30594.07
2024-12-17 07:00:00,8.662,8.716,8.605,8.642,30409.092
2024-12-17 08:00:00,8.642,8.764,8.64,8.73,72352.355
2024-12-17 09:00:00,8.73,8.919,8.7,8.88,63750.383
2024-12-17 10:00:00,8.88,8.952,8.826,8.887,86875.607
2024-12-17 11:00:00,8.887,8.973,8.846,8.894,64256.038
2024-12-17 12:00:00,8.894,8.957,8.827,8.892,56728.325
2024-12-17 13:00:00,8.892,8.941,8.826,8.882,59807.313
2024-12-17 14:00:00,8.882,8.886,8.682,8.802,159258.202
2024-12-17 15:00:00,8.802,8.803,8.532,8.605,313685.77
2024-12-17 16:00:00,8.605,8.715,8.516,8.662,134676.372
2024-12-17 17:00:00,8.662,8.869,8.622,8.812,124301.11
2024-12-17 18:00:00,8.812,8.822,8.601,8.613,81268.23
2024-12-17 19:00:00,8.613,8.67,8.565,8.664,53885.079
2024-12-17 20:00:00,8.664,8.725,8.634,8.645,64293.879
2024-12-17 21:00:00,8.645,8.689,8.564,8.662,59931.644
2024-12-17 22:00:00,8.662,8.675,8.455,8.5,78083.652
2024-12-17 23:00:00,8.5,8.501,8.376,8.49,145956.593
2024-12-18 00:00:00,8.49,8.548,8.375,8.442,88209.485
2024-12-18 01:00:00,8.442,8.53,8.371,8.406,42149.691
2024-12-18 02:00:00,8.406,8.503,8.358,8.463,66531.957
2024-12-18 03:00:00,8.463,8.49,8.356,8.364,85046.122
2024-12-18 04:00:00,8.364,8.373,8.174,8.253,120556.15
2024-12-18 05:00:00,8.253,8.325,8.206,8.227,103574.273
2024-12-18 06:00:00,8.227,8.292,8.137,8.207,82352.961
2024-12-18 07:00:00,8.207,8.28,8.191,8.23,61446.046
2024-12-18 08:00:00,8.23,8.269,8.16,8.235,44732.827
2024-12-18 09:00:00,8.235,8.337,8.227,8.297,74080.853
2024-12-18 10:00:00,8.297,8.305,8.245,8.285,48007.139
2024-12-18 11:00:00,8.285,8.39,8.28,8.366,81421.437
2024-12-18 12:00:00,8.366,8.37,8.143,8.195,68580.232
2024-12-18 13:00:00,8.195,8.267,8.152,8.229,43762.2
2024-12-18 14:00:00,8.229,8.293,8.171,8.174,52506.559
2024-12-18 15:00:00,8.174,8.25,8.089,8.193,106804.964
2024-12-18 16:00:00,8.193,8.268,8.139,8.241,64233.218
2024-12-18 17:00:00,8.241,8.334,8.145,8.287,81902.11
2024-12-18 18:00:00,8.287,8.447,8.263,8.445,98534.396
2024-12-18 19:00:00,8.445,8.469,8.098,8.098,151870.973
2024-12-18 20:00:00,8.098,8.158,7.55,7.792,811805.305
2024-12-18 21:00:00,7.792,7.988,7.728,7.874,232650.063
2024-12-18 22:00:00,7.874,7.916,7.774,7.798,83362.66
2024-12-18 23:00:00,7.798,7.836,7.66,7.68,144380.09
2024-12-19 00:00:00,7.68,7.771,7.6,7.737,194730.699
2024-12-19 01:00:00,7.737,7.746,7.447,7.502,176992.236
2024-12-19 02:00:00,7.502,7.536,7.166,7.517,484881.804
2024-12-19 03:00:00,7.517,7.673,7.5,7.653,214587.49
2024-12-19 04:00:00,7.653,7.674,7.597,7.597,42805.787
2024-12-19 05:00:00,7.597,7.676,7.592,7.636,97496.404
2024-12-19 06:00:00,7.636,7.644,7.565,7.601,109760.274
2024-12-19 07:00:00,7.601,7.671,7.587,7.642,57643.138
2024-12-19 08:00:00,7.642,7.642,7.519,7.541,67572.766
2024-12-19 09:00:00,7.541,7.622,7.531,7.605,51266.538
2024-12-19 10:00:00,7.605,7.858,7.566,7.745,122105.419
2024-12-19 11:00:00,7.745,7.782,7.682,7.735,71075.455
2024-12-19 12:00:00,7.735,7.757,7.576,7.586,66886.102
2024-12-19 13:00:00,7.586,7.649,7.534,7.601,95825.418
2024-12-19 14:00:00,7.601,7.718,7.518,7.537,108013.614
2024-12-19 15:00:00,7.537,7.541,7.277,7.435,219412.545
2024-12-19 16:00:00,7.435,7.691,7.341,7.537,197610.044
2024-12-19 17:00:00,7.537,7.691,6.993,7.155,742426.055
2024-12-19 18:00:00,7.155,7.181,6.85,7.145,644829.049
2024-12-19 19:00:00,7.145,7.166,6.836,6.961,293180.391
2024-12-19 20:00:00,6.961,7.083,6.763,6.959,386191.239
2024-12-19 21:00:00,6.959,7.154,6.912,7.069,148969.437
2024-12-19 22:00:00,7.069,7.125,7.034,7.1,69262.295
2024-12-19 23:00:00,7.1,7.103,6.939,6.941,47093.572
2024-12-20 00:00:00,6.941,7.06,6.832,7.004,138879.971
2024-12-20 01:00:00,7.004,7.083,6.953,7.016,75376.938
2024-12-20 02:00:00,7.016,7.272,7.008,7.221,93273.044
2024-12-20 03:00:00,7.221,7.228,7.11,7.122,43284.509
2024-12-20 04:00:00,7.122,7.185,7.094,7.101,40073.567
2024-12-20 05:00:00,7.101,7.122,6.968,6.968,50243.926
2024-12-20 06:00:00,6.968,7.051,6.814,6.877,77789.814
2024-12-20 07:00:00,6.877,7.093,6.877,6.955,99782.766
2024-12-20 08:00:00,6.955,6.955,6.472,6.531,342284.826
2024-12-20 09:00:00,6.531,6.596,6.408,6.408,245428.87
2024-12-20 10:00:00,6.408,6.451,6.209,6.281,358714.488
2024-12-20 11:00:00,6.281,6.4,6.033,6.078,437588.897
2024-12-20 12:00:00,6.078,6.506,6.063,6.461,368917.962
2024-12-20 13:00:00,6.461,6.702,6.367,6.673,343374.661
2024-12-20 14:00:00,6.673,6.74,6.587,6.691,177144.751
2024-12-20 15:00:00,6.691,6.939,6.689,6.861,218871.24
2024-12-20 16:00:00,6.861,7.047,6.807,6.971,236609.807
2024-12-20 17:00:00,6.971,7.135,6.938,7.117,127809.398
2024-12-20 18:00:00,7.117,7.132,7.021,7.07,188885.343
2024-12-20 19:00:00,7.07,7.272,7.058,7.181,121574.687
2024-12-20 20:00:00,7.181,7.242,7.098,7.15,86032.6
2024-12-20 21:00:00,7.15,7.207,7.046,7.196,88248.954
2024-12-20 22:00:00,7.196,7.352,7.155,7.329,76963.077
2024-12-20 23:00:00,7.329,7.359,7.264,7.289,62008.952
2024-12-21 00:00:00,7.289,7.302,7.224,7.248,56112.356
2024-12-21 01:00:00,7.248,7.38,7.245,7.307,70620.352
2024-12-21 02:00:00,7.307,7.391,7.261,7.306,96407.647
2024-12-21 03:00:00,7.306,7.332,7.266,7.306,54155.891
2024-12-21 04:00:00,7.306,7.406,7.305,7.401,57417.191
2024-12-21 05:00:00,7.401,7.655,7.396,7.655,192458.128
2024-12-21 06:00:00,7.655,7.739,7.592,7.73,187261.465
2024-12-21 07:00:00,7.73,7.801,7.665,7.703,180194.985
2024-12-21 08:00:00,7.703,7.722,7.488,7.504,112279.442
2024-12-21 09:00:00,7.504,7.554,7.411,7.533,123458.774
2024-12-21 10:00:00,7.533,7.603,7.467,7.509,65318.691
2024-12-21 11:00:00,7.509,7.525,7.369,7.452,92395.099
2024-12-21 12:00:00,7.452,7.456,7.194,7.204,181445.799
2024-12-21 13:00:00,7.204,7.269,6.955,7.109,219684.078
2024-12-21 14:00:00,7.109,7.177,7.014,7.025,147050.706
2024-12-21 15:00:00,7.025,7.155,7.025,7.121,164426.759
2024-12-21 16:00:00,7.121,7.14,6.987,7.021,92559.887
2024-12-21 17:00:00,7.021,7.086,6.942,7.059,113845.126
2024-12-21 18:00:00,7.059,7.083,6.918,6.949,56056.338
2024-12-21 19:00:00,6.949,6.956,6.836,6.954,107390.506
2024-12-21 20:00:00,6.954,7.058,6.919,6.989,75460.971
2024-12-21 21:00:00,6.989,7.022,6.894,6.935,64401.086
2024-12-21 22:00:00,6.935,6.994,6.865,6.953,42223.116
2024-12-21 23:00:00,6.953,6.981,6.871,6.974,30244.627
2024-12-22 00:00:00,6.974,7.036,6.891,6.978,67577.653
2024-12-22 01:00:00,6.978,7.038,6.878,6.966,50446.494
2024-12-22 02:00:00,6.966,7.028,6.927,6.96,55625.168
2024-12-22 03:00:00,6.96,7.006,6.875,6.976,64180.261
2024-12-22 04:00:00,6.976,6.992,6.819,6.828,88118.442
2024-12-22 05:00:00,6.828,6.939,6.765,6.911,75358.909
2024-12-22 06:00:00,6.911,7.016,6.891,6.989,91149.003
2024-12-22 07:00:00,6.989,7.018,6.924,6.959,44123.508
2024-12-22 08:00:00,6.959,7.121,6.959,7.071,77542.612
2024-12-22 09:00:00,7.071,7.267,7.031,7.178,123705.341
2024-12-22 10:00:00,7.178,7.214,7.125,7.146,121303.051
2024-12-22 11:00:00,7.146,7.157,7.085,7.102,50632.274
2024-12-22 12:00:00,7.102,7.145,7.023,7.05,80940.647
2024-12-22 13:00:00,7.05,7.112,7.009,7.066,50617.108
2024-12-22 14:00:00,7.066,7.083,6.814,6.829,140059.817
2024-12-22 15:00:00,6.829,6.942,6.829,6.891,83777.404
2024-12-22 16:00:00,6.891,7.024,6.832,6.987,91114.901
2024-12-22 17:00:00,6.987,7.009,6.93,6.949,39699.456
2024-12-22 18:00:00,6.949,7.037,6.915,6.947,52374.486
2024-12-22 19:00:00,6.947,6.965,6.741,6.765,48164.556
2024-12-22 20:00:00,6.765,6.864,6.682,6.862,102305.95
2024-12-22 21:00:00,6.862,6.931,6.819,6.866,58251.496
2024-12-22 22:00:00,6.866,6.875,6.741,6.87,63851.425
2024-12-22 23:00:00,6.87,6.927,6.811,6.843,52031.562
2024-12-23 00:00:00,6.843,6.854,6.74,6.77,52684.567
2024-12-23 01:00:00,6.77,6.859,6.651,6.755,101337.108
2024-12-23 02:00:00,6.755,6.83,6.68,6.803,87215.543
2024-12-23 03:00:00,6.803,7.087,6.779,7.064,82012.52
2024-12-23 04:00:00,7.064,7.136,6.97,6.994,132328.143
2024-12-23 05:00:00,6.994,7.024,6.936,6.969,52404.813
2024-12-23 06:00:00,6.969,6.99,6.804,6.822,84459.142
2024-12-23 07:00:00,6.822,6.929,6.811,6.907,60246.08
2024-12-23 08:00:00,6.907,6.966,6.86,6.963,55442.938
2024-12-23 09:00:00,6.963,7.05,6.959,6.996,71960.338
2024-12-23 10:00:00,6.996,7.048,6.975,7.021,45088.238
2024-12-23 11:00:00,7.021,7.039,6.962,6.983,50093.826
2024-12-23 12:00:00,6.983,7.07,6.972,7.043,35222.823
2024-12-23 13:00:00,7.043,7.057,6.884,6.921,71873.319
2024-12-23 14:00:00,6.921,7.037,6.84,6.909,78377.261
2024-12-23 15:00:00,6.909,6.952,6.849,6.866,72712.345
2024-12-23 16:00:00,6.866,7.135,6.852,7.093,88578.712
2024-12-23 17:00:00,7.093,7.117,6.988,7.0,152169.437
2024-12-23 18:00:00,7.0,7.045,6.929,6.954,61226.173
2024-12-23 19:00:00,6.954,7.099,6.952,7.05,72049.935
2024-12-23 20:00:00,7.05,7.352,7.048,7.332,73900.76
2024-12-23 21:00:00,7.332,7.568,7.332,7.361,190463.65
2024-12-23 22:00:00,7.361,7.454,7.299,7.435,198614.216
2024-12-23 23:00:00,7.435,7.493,7.329,7.382,87782.233
2024-12-24 00:00:00,7.382,7.387,7.275,7.334,85030.185
2024-12-24 01:00:00,7.334,7.347,7.222,7.23,90949.885
2024-12-24 02:00:00,7.23,7.27,7.155,7.234,43066.793
2024-12-24 03:00:00,7.234,7.329,7.234,7.327,17011.756
2024-12-24 04:00:00,7.327,7.357,7.285,7.328,41773.995
2024-12-24 05:00:00,7.328,7.337,7.29,7.304,31088.634
2024-12-24 06:00:00,7.304,7.309,7.194,7.206,31513.252
2024-12-24 07:00:00,7.206,7.259,7.188,7.225,17749.653
2024-12-24 08:00:00,7.225,7.315,7.207,7.305,76977.485
2024-12-24 09:00:00,7.305,7.314,7.22,7.226,30398.454
2024-12-24 10:00:00,7.226,7.249,7.189,7.209,57776.09
2024-12-24 11:00:00,7.209,7.307,7.199,7.305,171854.728
2024-12-24 12:00:00,7.305,7.307,7.234,7.276,77454.359
2024-12-24 13:00:00,7.276,7.509,7.262,7.502,133457.731
2024-12-24 14:00:00,7.502,7.549,7.426,7.541,111111.171
2024-12-24 15:00:00,7.541,7.638,7.489,7.569,91580.997
2024-12-24 16:00:00,7.569,7.608,7.49,7.518,74360.625
2024-12-24 17:00:00,7.518,7.568,7.5,7.551,60682.36
2024-12-24 18:00:00,7.551,7.623,7.517,7.552,114230.576
2024-12-24 19:00:00,7.552,7.561,7.451,7.454,80910.991
2024-12-24 20:00:00,7.454,7.467,7.365,7.428,116692.218
2024-12-24 21:00:00,7.428,7.58,7.424,7.575,58146.519
2024-12-24 22:00:00,7.575,7.614,7.535,7.56,41931.92
2024-12-24 23:00:00,7.56,7.612,7.548,7.55,56512.237
2024-12-25 00:00:00,7.55,7.573,7.512,7.533,24909.58
2024-12-25 01:00:00,7.533,7.558,7.487,7.511,16988.164
2024-12-25 02:00:00,7.511,7.524,7.463,7.5,49054.105
2024-12-25 03:00:00,7.5,7.511,7.419,7.461,65219.814
2024-12-25 04:00:00,7.461,7.504,7.428,7.444,70285.497
2024-12-25 05:00:00,7.444,7.494,7.439,7.468,10235.431
2024-12-25 06:00:00,7.468,7.513,7.417,7.425,27338.395
2024-12-25 07:00:00,7.425,7.485,7.392,7.403,69554.275
2024-12-25 08:00:00,7.403,7.495,7.395,7.454,24997.601
2024-12-25 09:00:00,7.454,7.542,7.44,7.519,19795.925
2024-12-25 10:00:00,7.519,7.678,7.487,7.518,92862.359
2024-12-25 11:00:00,7.518,7.554,7.393,7.408,53982.931
2024-12-25 12:00:00,7.408,7.473,7.354,7.434,76919.725
2024-12-25 13:00:00,7.434,7.498,7.423,7.462,26054.051
2024-12-25 14:00:00,7.462,7.561,7.457,7.537,62496.485
2024-12-25 15:00:00,7.537,7.549,7.436,7.446,38326.9
2024-12-25 16:00:00,7.446,7.482,7.358,7.415,62148.776
2024-12-25 17:00:00,7.415,7.483,7.392,7.481,45485.78
2024-12-25 18:00:00,7.481,7.504,7.454,7.487,13897.227
2024-12-25 19:00:00,7.487,7.541,7.473,7.518,24907.86
2024-12-25 20:00:00,7.518,7.585,7.457,7.476,46888.569
2024-12-25 21:00:00,7.476,7.512,7.414,7.488,36573.277
2024-12-25 22:00:00,7.488,7.517,7.426,7.483,20809.425
2024-12-25 23:00:00,7.483,7.525,7.474,7.503,45586.521
2024-12-26 00:00:00,7.503,7.591,7.42,7.438,43218.997
2024-12-26 01:00:00,7.438,7.475,7.39,7.435,55780.797
2024-12-26 02:00:00,7.435,7.467,7.334,7.34,33156.628
2024-12-26 03:00:00,7.34,7.372,7.324,7.343,27968.962
2024-12-26 04:00:00,7.343,7.343,7.263,7.29,37410.651
2024-12-26 05:00:00,7.29,7.296,7.235,7.259,45019.418
2024-12-26 06:00:00,7.259,7.27,7.192,7.225,24050.972
2024-12-26 07:00:00,7.225,7.243,7.151,7.164,114139.901
2024-12-26 08:00:00,7.164,7.18,6.935,7.008,164644.709
2024-12-26 09:00:00,7.008,7.041,6.992,7.009,23777.658
2024-12-26 10:00:00,7.009,7.03,6.98,7.008,34018.498
2024-12-26 11:00:00,7.008,7.099,7.002,7.034,163897.907
2024-12-26 12:00:00,7.034,7.064,7.004,7.017,61489.79
2024-12-26 13:00:00,7.017,7.019,6.94,6.996,65202.147
2024-12-26 14:00:00,6.996,7.066,6.95,6.975,31720.97
2024-12-26 15:00:00,6.975,7.024,6.942,6.957,132466.737
2024-12-26 16:00:00,6.957,7.054,6.955,7.039,41695.302
2024-12-26 17:00:00,7.039,7.039,6.882,6.94,75138.137
2024-12-26 18:00:00,6.94,6.985,6.909,6.979,27127.296
2024-12-26 19:00:00,6.979,6.993,6.92,6.985,25612.734
2024-12-26 20:00:00,6.985,6.99,6.902,6.938,36515.533
2024-12-26 21:00:00,6.938,6.98,6.88,6.975,50048.315
2024-12-26 22:00:00,6.975,7.048,6.975,7.003,99388.038
2024-12-26 23:00:00,7.003,7.003,6.923,6.934,37113.369
2024-12-27 00:00:00,6.934,6.972,6.871,6.97,53023.693
2024-12-27 01:00:00,6.97,7.047,6.94,7.011,37975.42
2024-12-27 02:00:00,7.011,7.067,6.98,6.992,13717.766
2024-12-27 03:00:00,6.992,7.049,6.976,7.024,16654.068
2024-12-27 04:00:00,7.024,7.062,6.982,6.99,15700.277
2024-12-27 05:00:00,6.99,7.005,6.933,7.001,26748.849
2024-12-27 06:00:00,7.001,7.114,7.001,7.113,17035.129
2024-12-27 07:00:00,7.113,7.114,6.888,6.954,37298.607
2024-12-27 08:00:00,6.954,7.087,6.954,7.028,31126.333
2024-12-27 09:00:00,7.028,7.31,7.028,7.243,111337.239
2024-12-27 10:00:00,7.243,7.267,7.115,7.204,33421.947
2024-12-27 11:00:00,7.204,7.237,7.182,7.218,16011.237
2024-12-27 12:00:00,7.218,7.234,7.178,7.181,38313.123
2024-12-27 13:00:00,7.181,7.19,7.055,7.085,35315.275
2024-12-27 14:00:00,7.085,7.085,6.92,6.975,85613.121
2024-12-27 15:00:00,6.975,6.98,6.837,6.872,87920.159
2024-12-27 16:00:00,6.872,6.893,6.817,6.878,42595.362
2024-12-27 17:00:00,6.878,7.042,6.855,7.037,89308.066
2024-12-27 18:00:00,7.037,7.07,6.995,7.027,50859.985
2024-12-27 19:00:00,7.027,7.033,6.977,6.991,28387.497
2024-12-27 20:00:00,6.991,7.003,6.927,6.962,32073.017
2024-12-27 21:00:00,6.962,6.981,6.902,6.909,177826.034
2024-12-27 22:00:00,6.909,6.968,6.88,6.897,59687.995
2024-12-27 23:00:00,6.897,6.92,6.87,6.91,55590.172
2024-12-28 00:00:00,6.91,6.939,6.891,6.907,44953.498
2024-12-28 01:00:00,6.907,6.919,6.829,6.883,131405.357
2024-12-28 02:00:00,6.883,6.918,6.849,6.87,57732.056
2024-12-28 03:00:00,6.87,6.935,6.867,6.923,13260.322
2024-12-28 04:00:00,6.923,6.923,6.88,6.892,19588.985
2024-12-28 05:00:00,6.892,6.938,6.892,6.903,31423.685
2024-12-28 06:00:00,6.903,6.92,6.848,6.856,34120.675
2024-12-28 07:00:00,6.856,6.887,6.793,6.814,45301.962
2024-12-28 08:00:00,6.814,6.876,6.809,6.864,65582.972
2024-12-28 09:00:00,6.864,6.898,6.857,6.885,48929.739
2024-12-28 10:00:00,6.885,6.89,6.84,6.844,26395.31
2024-12-28 11:00:00,6.844,6.9,6.841,6.896,11079.503
2024-12-28 12:00:00,6.896,6.907,6.846,6.862,40650.844
2024-12-28 13:00:00,6.862,6.982,6.858,6.955,122064.941
2024-12-28 14:00:00,6.955,7.06,6.929,6.957,221027.362
2024-12-28 15:00:00,6.957,7.03,6.939,6.948,49746.426
2024-12-28 16:00:00,6.948,7.038,6.936,7.033,46881.444
2024-12-28 17:00:00,7.033,7.125,7.032,7.074,87759.202
2024-12-28 18:00:00,7.074,7.098,7.026,7.042,22997.568
2024-12-28 19:00:00,7.042,7.065,7.03,7.048,10468.448
2024-12-28 20:00:00,7.048,7.068,7.03,7.059,10583.144
2024-12-28 21:00:00,7.059,7.114,7.047,7.114,13257.345
2024-12-28 22:00:00,7.114,7.185,7.099,7.152,90055.009
2024-12-28 23:00:00,7.152,7.16,7.099,7.113,18394.748
2024-12-29 00:00:00,7.113,7.137,7.07,7.082,28955.352
2024-12-29 01:00:00,7.082,7.111,7.01,7.034,65443.936
2024-12-29 02:00:00,7.034,7.101,7.034,7.092,48296.848
2024-12-29 03:00:00,7.092,7.118,7.068,7.118,7981.061
2024-12-29 04:00:00,7.118,7.136,7.078,7.088,30748.627
2024-12-29 05:00:00,7.088,7.096,7.059,7.063,14301.49
2024-12-29 06:00:00,7.063,7.111,7.036,7.106,34160.44
2024-12-29 07:00:00,7.106,7.148,7.078,7.142,37007.052
2024-12-29 08:00:00,7.142,7.153,7.074,7.083,28952.374
2024-12-29 09:00:00,7.083,7.111,7.062,7.083,163881.013
2024-12-29 10:00:00,7.083,7.109,7.078,7.079,59100.414
2024-12-29 11:00:00,7.079,7.091,7.036,7.036,28577.12
2024-12-29 12:00:00,7.036,7.061,6.989,7.004,72700.275
2024-12-29 13:00:00,7.004,7.059,6.974,7.05,43481.647
2024-12-29 14:00:00,7.05,7.108,6.943,6.996,62390.728
2024-12-29 15:00:00,6.996,7.021,6.966,6.989,63561.193
2024-12-29 16:00:00,6.989,6.992,6.906,6.936,205170.819
2024-12-29 17:00:00,6.936,6.962,6.906,6.927,66917.152
2024-12-29 18:00:00,6.927,6.927,6.884,6.914,43102.376
2024-12-29 19:00:00,6.914,6.941,6.899,6.93,73037.103
2024-12-29 20:00:00,6.93,6.93,6.848,6.919,21192.891
2024-12-29 21:00:00,6.919,6.937,6.867,6.885,30577.402
2024-12-29 22:00:00,6.885,6.892,6.81,6.844,77262.778
2024-12-29 23:00:00,6.844,6.886,6.818,6.868,50481.951
2024-12-30 00:00:00,6.868,6.95,6.835,6.928,60661.403
2024-12-30 01:00:00,6.928,7.111,6.918,7.041,68107.596
2024-12-30 02:00:00,7.041,7.062,6.978,7.015,33991.858
2024-12-30 03:00:00,7.015,7.045,6.96,6.961,24991.941
2024-12-30 04:00:00,6.961,7.004,6.922,6.927,54765.985
2024-12-30 05:00:00,6.927,6.97,6.9,6.944,43962.981
2024-12-30 06:00:00,6.944,7.059,6.944,6.996,51281.909
2024-12-30 07:00:00,6.996,7.005,6.912,6.964,59462.154
2024-12-30 08:00:00,6.964,7.014,6.925,6.951,15590.705
2024-12-30 09:00:00,6.951,6.955,6.878,6.905,53837.693
2024-12-30 10:00:00,6.905,6.914,6.83,6.833,40864.522
2024-12-30 11:00:00,6.833,6.847,6.764,6.837,55514.96
2024-12-30 12:00:00,6.837,6.943,6.829,6.846,56983.683
2024-12-30 13:00:00,6.846,6.87,6.586,6.61,122812.271
2024-12-30 14:00:00,6.61,6.676,6.558,6.618,195257.189
2024-12-30 15:00:00,6.618,6.666,6.573,6.615,203044.347
2024-12-30 16:00:00,6.615,6.624,6.54,6.568,39437.401
2024-12-30 17:00:00,6.568,6.829,6.568,6.811,68730.57
2024-12-30 18:00:00,6.811,6.888,6.772,6.876,54328.42
2024-12-30 19:00:00,6.876,6.901,6.819,6.853,90479.027
2024-12-30 20:00:00,6.853,6.942,6.848,6.862,211612.684
2024-12-30 21:00:00,6.862,6.866,6.612,6.63,69915.133
2024-12-30 22:00:00,6.63,6.723,6.627,6.685,42682.463
2024-12-30 23:00:00,6.685,6.72,6.654,6.704,39078.758
2024-12-31 00:00:00,6.704,6.704,6.626,6.636,21004.972
2024-12-31 01:00:00,6.636,6.657,6.589,6.639,48418.562
2024-12-31 02:00:00,6.639,6.669,6.607,6.658,28353.759
2024-12-31 03:00:00,6.658,6.662,6.6,6.609,31059.191
2024-12-31 04:00:00,6.609,6.652,6.574,6.582,16405.414
2024-12-31 05:00:00,6.582,6.623,6.572,6.595,22726.355
2024-12-31 06:00:00,6.595,6.641,6.566,6.591,16398.499
2024-12-31 07:00:00,6.591,6.617,6.586,6.606,14738.245
2024-12-31 08:00:00,6.606,6.814,6.605,6.703,94919.322
2024-12-31 09:00:00,6.703,6.748,6.687,6.71,29989.604
2024-12-31 10:00:00,6.71,6.718,6.66,6.68,35026.396
2024-12-31 11:00:00,6.68,6.716,6.674,6.707,183779.676
2024-12-31 12:00:00,6.707,6.789,6.705,6.72,276979.013
2024-12-31 13:00:00,6.72,6.894,6.717,6.847,63396.848
2024-12-31 14:00:00,6.847,6.931,6.844,6.87,61106.333
2024-12-31 15:00:00,6.87,6.886,6.811,6.844,26460.165
2024-12-31 16:00:00,6.844,6.857,6.785,6.836,51822.415
2024-12-31 17:00:00,6.836,6.836,6.625,6.715,126908.429
2024-12-31 18:00:00,6.715,6.733,6.668,6.681,92641.884
2024-12-31 19:00:00,6.681,6.711,6.673,6.703,69719.933
2024-12-31 20:00:00,6.703,6.725,6.644,6.678,23122.076
2024-12-31 21:00:00,6.678,6.704,6.655,6.695,24987.414
2024-12-31 22:00:00,6.695,6.695,6.624,6.639,35036.045
2024-12-31 23:00:00,6.639,6.663,6.621,6.64,5912.135
2025-01-01 00:00:00,6.64,6.755,6.631,6.752,50446.075
2025-01-01 01:00:00,6.752,6.752,6.665,6.674,29603.416
2025-01-01 02:00:00,6.674,6.694,6.656,6.686,22660.366
2025-01-01 03:00:00,6.686,6.687,6.657,6.665,20012.825
2025-01-01 04:00:00,6.665,6.665,6.629,6.629,12176.74
2025-01-01 05:00:00,6.629,6.688,6.628,6.674,10732.343
2025-01-01 06:00:00,6.674,6.684,6.645,6.669,9745.433
2025-01-01 07:00:00,6.669,6.676,6.647,6.647,10952.891
2025-01-01 08:00:00,6.647,6.663,6.591,6.593,24459.775
2025-01-01 09:00:00,6.593,6.608,6.521,6.556,56236.833
2025-01-01 10:00:00,6.556,6.585,6.55,6.567,15214.984
2025-01-01 11:00:00,6.567,6.652,6.542,6.627,27106.964
2025-01-01 12:00:00,6.627,6.712,6.619,6.711,28261.982
2025-01-01 13:00:00,6.711,6.754,6.673,6.701,54643.335
2025-01-01 14:00:00,6.701,6.754,6.645,6.703,23019.187
2025-01-01 15:00:00,6.703,6.812,6.673,6.802,50456.3
2025-01-01 16:00:00,6.802,6.88,6.779,6.811,71850.998
2025-01-01 17:00:00,6.811,6.852,6.729,6.838,58136.551
2025-01-01 18:00:00,6.838,6.992,6.795,6.973,110170.012
2025-01-01 19:00:00,6.973,7.044,6.916,6.999,145474.078
2025-01-01 20:00:00,6.999,7.131,6.999,7.105,139173.747
2025-01-01 21:00:00,7.105,7.145,7.076,7.125,90069.045
2025-01-01 22:00:00,7.125,7.135,7.051,7.103,84393.192
2025-01-01 23:00:00,7.103,7.106,7.024,7.052,70306.182
2025-01-02 00:00:00,7.052,7.228,7.052,7.184,107235.597
2025-01-02 01:00:00,7.184,7.229,7.15,7.178,93256.366
2025-01-02 02:00:00,7.178,7.211,7.152,7.201,33621.45
2025-01-02 03:00:00,7.201,7.212,7.164,7.165,23170.753
2025-01-02 04:00:00,7.165,7.271,7.148,7.249,83934.653
2025-01-02 05:00:00,7.249,7.262,7.183,7.193,33451.337
2025-01-02 06:00:00,7.193,7.222,7.127,7.141,22101.887
2025-01-02 07:00:00,7.141,7.246,7.131,7.226,21985.155
2025-01-02 08:00:00,7.226,7.274,7.177,7.268,47506.085
2025-01-02 09:00:00,7.268,7.36,7.26,7.333,56684.252
2025-01-02 10:00:00,7.333,7.36,7.287,7.335,26133.868
2025-01-02 11:00:00,7.335,7.342,7.281,7.295,103924.041
2025-01-02 12:00:00,7.295,7.334,7.26,7.291,98662.697
2025-01-02 13:00:00,7.291,7.303,7.226,7.242,48423.498
2025-01-02 14:00:00,7.242,7.336,7.173,7.253,102523.956
2025-01-02 15:00:00,7.253,7.261,7.162,7.189,42879.731
2025-01-02 16:00:00,7.189,7.24,7.152,7.206,37115.294
2025-01-02 17:00:00,7.206,7.251,7.111,7.158,33162.943
2025-01-02 18:00:00,7.158,7.187,7.14,7.187,26221.79
2025-01-02 19:00:00,7.187,7.203,7.15,7.159,20915.024
2025-01-02 20:00:00,7.159,7.207,7.133,7.163,27408.4
2025-01-02 21:00:00,7.163,7.184,7.146,7.172,22154.143
2025-01-02 22:00:00,7.172,7.173,7.106,7.16,15799.48
2025-01-02 23:00:00,7.16,7.2,7.141,7.175,30375.005
2025-01-03 00:00:00,7.175,7.222,7.158,7.167,13288.895
2025-01-03 01:00:00,7.167,7.235,7.135,7.222,26972.795
2025-01-03 02:00:00,7.222,7.324,7.213,7.257,36392.261
2025-01-03 03:00:00,7.257,7.348,7.224,7.328,30196.033
2025-01-03 04:00:00,7.328,7.328,7.225,7.249,41821.227
2025-01-03 05:00:00,7.249,7.26,7.195,7.236,21231.02
2025-01-03 06:00:00,7.236,7.337,7.236,7.261,32150.188
2025-01-03 07:00:00,7.261,7.269,7.204,7.221,30624.946
2025-01-03 08:00:00,7.221,7.361,7.221,7.331,109762.508
2025-01-03 09:00:00,7.331,7.513,7.33,7.497,89784.239
2025-01-03 10:00:00,7.497,7.589,7.458,7.586,127518.715
2025-01-03 11:00:00,7.586,7.794,7.586,7.687,175953.934
2025-01-03 12:00:00,7.687,7.824,7.687,7.738,147747.259
2025-01-03 13:00:00,7.738,7.822,7.679,7.731,200838.474
2025-01-03 14:00:00,7.731,7.882,7.731,7.847,128188.73
2025-01-03 15:00:00,7.847,7.938,7.834,7.867,84791.325
2025-01-03 16:00:00,7.867,8.014,7.829,7.895,240141.617
2025-01-03 17:00:00,7.895,7.909,7.762,7.779,152935.793
2025-01-03 18:00:00,7.779,7.818,7.771,7.791,69001.508
2025-01-03 19:00:00,7.791,7.814,7.748,7.755,60217.854
2025-01-03 20:00:00,7.755,7.755,7.674,7.674,52042.891
2025-01-03 21:00:00,7.674,7.727,7.64,7.709,42891.964
2025-01-03 22:00:00,7.709,7.775,7.704,7.751,45658.683
2025-01-03 23:00:00,7.751,7.774,7.735,7.751,31634.537
2025-01-04 00:00:00,7.751,7.773,7.672,7.691,27426.354
2025-01-04 01:00:00,7.691,7.803,7.632,7.791,38445.517
2025-01-04 02:00:00,7.791,7.845,7.742,7.788,64219.54
2025-01-04 03:00:00,7.788,7.8,7.736,7.77,18189.925
2025-01-04 04:00:00,7.77,7.779,7.693,7.768,22118.202
2025-01-04 05:00:00,7.768,7.774,7.734,7.763,12870.227
2025-01-04 06:00:00,7.763,7.822,7.762,7.784,28920.496
2025-01-04 07:00:00,7.784,7.797,7.749,7.755,21201.749
2025-01-04 08:00:00,7.755,7.755,7.665,7.681,35203.66
2025-01-04 09:00:00,7.681,7.717,7.674,7.675,43521.793
2025-01-04 10:00:00,7.675,7.69,7.634,7.673,34806.941
2025-01-04 11:00:00,7.673,7.695,7.651,7.693,26312.751
2025-01-04 12:00:00,7.693,7.815,7.686,7.799,64885.134
2025-01-04 13:00:00,7.799,7.83,7.764,7.804,49185.906
2025-01-04 14:00:00,7.804,7.882,7.765,7.847,29622.06
2025-01-04 15:00:00,7.847,7.857,7.607,7.686,94499.786
2025-01-04 16:00:00,7.686,7.754,7.672,7.699,32408.908
2025-01-04 17:00:00,7.699,7.74,7.68,7.713,21453.956
2025-01-04 18:00:00,7.713,7.724,7.673,7.685,17973.336
2025-01-04 19:00:00,7.685,7.719,7.664,7.688,17756.371
2025-01-04 20:00:00,7.688,7.739,7.67,7.709,39805.464
2025-01-04 21:00:00,7.709,7.731,7.663,7.672,26357.3
2025-01-04 22:00:00,7.672,7.705,7.648,7.704,16747.299
2025-01-04 23:00:00,7.704,7.716,7.675,7.678,18315.005
2025-01-05 00:00:00,7.678,7.712,7.641,7.669,35557.821
2025-01-05 01:00:00,7.669,7.677,7.571,7.62,71075.972
2025-01-05 02:00:00,7.62,7.656,7.614,7.638,16603.572
2025-01-05 03:00:00,7.638,7.639,7.579,7.611,19689.713
2025-01-05 04:00:00,7.611,7.677,7.608,7.669,15195.442
2025-01-05 05:00:00,7.669,7.68,7.615,7.618,15565.497
2025-01-05 06:00:00,7.618,7.694,7.596,7.672,42917.452
2025-01-05 07:00:00,7.672,7.735,7.645,7.653,39889.54
2025-01-05 08:00:00,7.653,7.665,7.555,7.611,52317.515
2025-01-05 09:00:00,7.611,7.622,7.536,7.541,70628.649
2025-01-05 10:00:00,7.541,7.575,7.505,7.559,38033.677
2025-01-05 11:00:00,7.559,7.591,7.539,7.552,23824.192
2025-01-05 12:00:00,7.552,7.606,7.507,7.571,26619.752
2025-01-05 13:00:00,7.571,7.612,7.552,7.552,34305.398
2025-01-05 14:00:00,7.552,7.589,7.462,7.568,68466.562
2025-01-05 15:00:00,7.568,7.597,7.527,7.573,40055.151
2025-01-05 16:00:00,7.573,7.61,7.536,7.562,20769.296
2025-01-05 17:00:00,7.562,7.648,7.562,7.581,36436.53
2025-01-05 18:00:00,7.581,7.627,7.545,7.62,31944.754
2025-01-05 19:00:00,7.62,7.632,7.586,7.611,30894.134
2025-01-05 20:00:00,7.611,7.668,7.576,7.592,40487.76
2025-01-05 21:00:00,7.592,7.66,7.586,7.647,17764.989
2025-01-05 22:00:00,7.647,7.703,7.625,7.696,91189.456
2025-01-05 23:00:00,7.696,7.736,7.667,7.673,22340.784
2025-01-06 00:00:00,7.673,7.696,7.575,7.584,22934.566
2025-01-06 01:00:00,7.584,7.741,7.542,7.72,28112.423
2025-01-06 02:00:00,7.72,7.831,7.703,7.741,86699.673
2025-01-06 03:00:00,7.741,7.822,7.729,7.809,31615.46
2025-01-06 04:00:00,7.809,7.835,7.768,7.814,27795.66
2025-01-06 05:00:00,7.814,7.837,7.779,7.794,26825.387
2025-01-06 06:00:00,7.794,7.814,7.729,7.736,16056.879
2025-01-06 07:00:00,7.736,7.761,7.676,7.706,55430.534
2025-01-06 08:00:00,7.706,7.767,7.664,7.668,41751.972
2025-01-06 09:00:00,7.668,7.748,7.648,7.654,37924.268
2025-01-06 10:00:00,7.654,7.669,7.586,7.645,38871.613
2025-01-06 11:00:00,7.645,7.741,7.625,7.706,23596.667
2025-01-06 12:00:00,7.706,7.73,7.645,7.654,29141.18
2025-01-06 13:00:00,7.654,7.715,7.605,7.711,26990.375
2025-01-06 14:00:00,7.711,7.832,7.601,7.767,76205.3
2025-01-06 15:00:00,7.767,7.885,7.722,7.882,78849.053
2025-01-06 16:00:00,7.882,7.99,7.822,7.867,103212.863
2025-01-06 17:00:00,7.867,7.87,7.698,7.76,89928.372
2025-01-06 18:00:00,7.76,7.795,7.72,7.763,43706.186
2025-01-06 19:00:00,7.763,7.855,7.741,7.813,55327.632
2025-01-06 20:00:00,7.813,7.84,7.769,7.796,78534.042
2025-01-06 21:00:00,7.796,7.807,7.707,7.717,31376.402
2025-01-06 22:00:00,7.717,7.772,7.704,7.75,30200.803
2025-01-06 23:00:00,7.75,7.782,7.688,7.774,25266.141
2025-01-07 00:00:00,7.774,7.786,7.718,7.722,21533.948
2025-01-07 01:00:00,7.722,7.791,7.675,7.787,22069.706
2025-01-07 02:00:00,7.787,7.79,7.656,7.666,26129.46
2025-01-07 03:00:00,7.666,7.728,7.653,7.72,10169.943
2025-01-07 04:00:00,7.72,7.738,7.675,7.681,10889.523
2025-01-07 05:00:00,7.681,7.711,7.66,7.706,10990.349
2025-01-07 06:00:00,7.706,7.84,7.696,7.824,45731.598
2025-01-07 07:00:00,7.824,7.85,7.752,7.772,48654.441
2025-01-07 08:00:00,7.772,7.89,7.772,7.864,49209.747
2025-01-07 09:00:00,7.864,7.886,7.751,7.794,26141.758
2025-01-07 10:00:00,7.794,7.831,7.755,7.794,41570.032
2025-01-07 11:00:00,7.794,7.823,7.654,7.725,61534.261
2025-01-07 12:00:00,7.725,7.792,7.699,7.781,63456.515
2025-01-07 13:00:00,7.781,7.86,7.772,7.806,50601.394
2025-01-07 14:00:00,7.806,7.859,7.674,7.732,127858.242
2025-01-07 15:00:00,7.732,7.752,7.028,7.306,761334.031
2025-01-07 16:00:00,7.306,7.395,7.244,7.293,111751.798
2025-01-07 17:00:00,7.293,7.329,7.154,7.215,116401.958
2025-01-07 18:00:00,7.215,7.265,7.103,7.134,109942.853
2025-01-07 19:00:00,7.134,7.197,7.046,7.102,335010.576
2025-01-07 20:00:00,7.102,7.118,7.017,7.101,145590.043
2025-01-07 21:00:00,7.101,7.163,7.027,7.027,79752.357
2025-01-07 22:00:00,7.027,7.113,7.01,7.112,54327.94
2025-01-07 23:00:00,7.112,7.112,7.007,7.014,42468.393
2025-01-08 00:00:00,7.014,7.134,7.008,7.129,27827.494
2025-01-08 01:00:00,7.129,7.131,6.99,7.06,57725.081
2025-01-08 02:00:00,7.06,7.094,6.998,7.0,33281.536
2025-01-08 03:00:00,7.0,7.015,6.87,6.946,146871.029
2025-01-08 04:00:00,6.946,6.966,6.85,6.877,72427.938
2025-01-08 05:00:00,6.877,6.935,6.843,6.86,46867.747
2025-01-08 06:00:00,6.86,6.9,6.714,6.716,107996.907
2025-01-08 07:00:00,6.716,6.884,6.713,6.874,61803.634
2025-01-08 08:00:00,6.874,7.013,6.866,6.989,86848.861
2025-01-08 09:00:00,6.989,6.999,6.897,6.903,31346.489
2025-01-08 10:00:00,6.903,6.969,6.9,6.935,40969.185
2025-01-08 11:00:00,6.935,6.941,6.797,6.87,53199.463
2025-01-08 12:00:00,6.87,6.905,6.773,6.778,42271.787
2025-01-08 13:00:00,6.778,6.875,6.777,6.808,54897.754
2025-01-08 14:00:00,6.808,6.918,6.808,6.864,45670.252
2025-01-08 15:00:00,6.864,6.941,6.777,6.852,108757.092
2025-01-08 16:00:00,6.852,6.857,6.681,6.702,197998.584
2025-01-08 17:00:00,6.702,6.732,6.426,6.663,597816.012
2025-01-08 18:00:00,6.663,6.796,6.621,6.689,96777.577
2025-01-08 19:00:00,6.689,6.741,6.644,6.649,43108.353
2025-01-08 20:00:00,6.649,6.689,6.609,6.666,61128.59
2025-01-08 21:00:00,6.666,6.722,6.605,6.682,25636.642
2025-01-08 22:00:00,6.682,6.794,6.679,6.787,59191.524
2025-01-08 23:00:00,6.787,6.793,6.727,6.76,58238.371
2025-01-09 00:00:00,6.76,6.802,6.726,6.8,33184.085
2025-01-09 01:00:00,6.8,6.845,6.773,6.787,36423.404
2025-01-09 02:00:00,6.787,6.804,6.681,6.782,50139.968
2025-01-09 03:00:00,6.782,6.787,6.72,6.734,31505.99
2025-01-09 04:00:00,6.734,6.765,6.691,6.762,19711.249
2025-01-09 05:00:00,6.762,6.762,6.724,6.73,10381.097
2025-01-09 06:00:00,6.73,6.745,6.673,6.678,25782.546
2025-01-09 07:00:00,6.678,6.707,6.562,6.574,134100.708
2025-01-09 08:00:00,6.574,6.689,6.553,6.642,55775.499
2025-01-09 09:00:00,6.642,6.701,6.641,6.659,59051.806
2025-01-09 10:00:00,6.659,6.676,6.558,6.644,59302.897
2025-01-09 11:00:00,6.644,6.717,6.609,6.687,31859.63
2025-01-09 12:00:00,6.687,6.746,6.661,6.703,27594.562
2025-01-09 13:00:00,6.703,6.737,6.491,6.5,111013.744
2025-01-09 14:00:00,6.5,6.636,6.466,6.616,101012.12
2025-01-09 15:00:00,6.616,6.838,6.578,6.793,116915.686
2025-01-09 16:00:00,6.793,6.834,6.724,6.797,91953.39
2025-01-09 17:00:00,6.797,6.801,6.594,6.65,55420.234
2025-01-09 18:00:00,6.65,6.71,6.629,6.673,38082.243
2025-01-09 19:00:00,6.673,6.678,6.528,6.538,65203.105
2025-01-09 20:00:00,6.538,6.577,6.453,6.542,106844.785
2025-01-09 21:00:00,6.542,6.593,6.498,6.511,45168.719
2025-01-09 22:00:00,6.511,6.619,6.49,6.577,38820.35
2025-01-09 23:00:00,6.577,6.584,6.535,6.557,10977.602
2025-01-10 00:00:00,6.557,6.607,6.557,6.563,22590.973
2025-01-10 01:00:00,6.563,6.619,6.541,6.612,23247.86
2025-01-10 02:00:00,6.612,6.663,6.595,6.631,16779.426
2025-01-10 03:00:00,6.631,6.643,6.602,6.629,22170.62
2025-01-10 04:00:00,6.629,6.66,6.595,6.607,12053.264
2025-01-10 05:00:00,6.607,6.696,6.583,6.648,16962.738
2025-01-10 06:00:00,6.648,6.699,6.62,6.695,22144.151
2025-01-10 07:00:00,6.695,6.808,6.668,6.759,37705.335
2025-01-10 08:00:00,6.759,6.791,6.73,6.745,25895.249
2025-01-10 09:00:00,6.745,6.767,6.712,6.732,59688.665
2025-01-10 10:00:00,6.732,6.775,6.705,6.772,29040.048
2025-01-10 11:00:00,6.772,6.772,6.68,6.728,44733.312
2025-01-10 12:00:00,6.728,6.739,6.664,6.727,46297.292
2025-01-10 13:00:00,6.727,6.792,6.484,6.573,499115.375
2025-01-10 14:00:00,6.573,6.718,6.556,6.634,150659.896
2025-01-10 15:00:00,6.634,6.694,6.492,6.63,113558.535
2025-01-10 16:00:00,6.63,6.647,6.555,6.583,67359.579
2025-01-10 17:00:00,6.583,6.809,6.561,6.801,74919.019
2025-01-10 18:00:00,6.801,6.802,6.704,6.735,57342.723
2025-01-10 19:00:00,6.735,6.776,6.687,6.771,26611.703
2025-01-10 20:00:00,6.771,6.777,6.702,6.74,20663.784
2025-01-10 21:00:00,6.74,6.763,6.724,6.726,15311.712
2025-01-10 22:00:00,6.726,6.783,6.712,6.763,28015.754
2025-01-10 23:00:00,6.763,6.765,6.73,6.731,14379.062
2025-01-11 00:00:00,6.731,6.757,6.71,6.751,15626.194
2025-01-11 01:00:00,6.751,6.77,6.678,6.693,25355.016
2025-01-11 02:00:00,6.693,6.722,6.654,6.696,30281.056
2025-01-11 03:00:00,6.696,6.696,6.647,6.659,13038.816
2025-01-11 04:00:00,6.659,6.688,6.627,6.654,16609.966
2025-01-11 05:00:00,6.654,6.685,6.638,6.678,16988.222
2025-01-11 06:00:00,6.678,6.702,6.646,6.646,6596.198
2025-01-11 07:00:00,6.646,6.666,6.617,6.639,29502.562
2025-01-11 08:00:00,6.639,6.667,6.594,6.611,17389.825
2025-01-11 09:00:00,6.611,6.646,6.608,6.636,15700.675
2025-01-11 10:00:00,6.636,6.703,6.636,6.689,13234.603
2025-01-11 11:00:00,6.689,6.729,6.67,6.712,18259.832
2025-01-11 12:00:00,6.712,6.718,6.659,6.667,17067.444
2025-01-11 13:00:00,6.667,6.676,6.615,6.633,13503.138
2025-01-11 14:00:00,6.633,6.673,6.616,6.67,13034.278
2025-01-11 15:00:00,6.67,6.672,6.631,6.637,8537.006
2025-01-11 16:00:00,6.637,6.668,6.585,6.659,27093.583
2025-01-11 17:00:00,6.659,6.659,6.603,6.62,10710.39
2025-01-11 18:00:00,6.62,6.645,6.592,6.628,15050.914
2025-01-11 19:00:00,6.628,6.643,6.606,6.637,8420.886
2025-01-11 20:00:00,6.637,6.8,6.631,6.792,33370.456
2025-01-11 21:00:00,6.792,6.88,6.788,6.855,67763.641
2025-01-11 22:00:00,6.855,6.878,6.747,6.753,24800.069
2025-01-11 23:00:00,6.753,6.78,6.732,6.742,20219.428
2025-01-12 00:00:00,6.742,6.795,6.71,6.765,23074.907
2025-01-12 01:00:00,6.765,6.796,6.724,6.796,10692.668
2025-01-12 02:00:00,6.796,6.813,6.749,6.808,13320.645
2025-01-12 03:00:00,6.808,6.817,6.742,6.781,15148.656
2025-01-12 04:00:00,6.781,6.788,6.75,6.761,14304.315
2025-01-12 05:00:00,6.761,6.77,6.73,6.744,7773.17
2025-01-12 06:00:00,6.744,6.758,6.692,6.693,15193.081
2025-01-12 07:00:00,6.693,6.731,6.664,6.72,16575.944
2025-01-12 08:00:00,6.72,6.752,6.67,6.682,21138.778
2025-01-12 09:00:00,6.682,6.703,6.64,6.661,15196.202
2025-01-12 10:00:00,6.661,6.672,6.612,6.665,12273.186
2025-01-12 11:00:00,6.665,6.704,6.647,6.681,27829.291
2025-01-12 12:00:00,6.681,6.725,6.645,6.664,14790.336
2025-01-12 13:00:00,6.664,6.717,6.658,6.699,16157.067
2025-01-12 14:00:00,6.699,6.719,6.678,6.69,12482.831
2025-01-12 15:00:00,6.69,6.759,6.666,6.741,13706.385
2025-01-12 16:00:00,6.741,6.75,6.687,6.722,15107.123
2025-01-12 17:00:00,6.722,6.746,6.702,6.733,18793.714
2025-01-12 18:00:00,6.733,6.765,6.692,6.696,11915.342
2025-01-12 19:00:00,6.696,6.716,6.675,6.692,6019.363
2025-01-12 20:00:00,6.692,6.713,6.655,6.673,9891.731
2025-01-12 21:00:00,6.673,6.685,6.616,6.625,12672.057
2025-01-12 22:00:00,6.625,6.625,6.545,6.577,29955.119
2025-01-12 23:00:00,6.577,6.637,6.576,6.63,17217.43
2025-01-13 00:00:00,6.63,6.807,6.617,6.742,46939.229
2025-01-13 01:00:00,6.742,6.746,6.605,6.619,26951.925
2025-01-13 02:00:00,6.619,6.637,6.447,6.508,122405.887
2025-01-13 03:00:00,6.508,6.547,6.426,6.454,51239.13
2025-01-13 04:00:00,6.454,6.564,6.435,6.524,24482.825
2025-01-13 05:00:00,6.524,6.531,6.432,6.463,24130.671
2025-01-13 06:00:00,6.463,6.504,6.343,6.373,50094.161
2025-01-13 07:00:00,6.373,6.445,6.342,6.402,30274.115
2025-01-13 08:00:00,6.402,6.412,6.309,6.352,35763.538
2025-01-13 09:00:00,6.352,6.378,6.247,6.286,71790.865
2025-01-13 10:00:00,6.286,6.289,6.142,6.172,99931.751
2025-01-13 11:00:00,6.172,6.188,6.058,6.058,87965.728
2025-01-13 12:00:00,6.058,6.163,6.052,6.123,77575.039
2025-01-13 13:00:00,6.123,6.27,6.096,6.178,114943.688
2025-01-13 14:00:00,6.178,6.308,6.001,6.245,208317.016
2025-01-13 15:00:00,6.245,6.353,6.211,6.285,78618.223
2025-01-13 16:00:00,6.285,6.321,6.197,6.203,33030.392
2025-01-13 17:00:00,6.203,6.262,6.171,6.194,30807.251
2025-01-13 18:00:00,6.194,6.245,6.121,6.194,20813.085
2025-01-13 19:00:00,6.194,6.243,6.136,6.197,27838.254
2025-01-13 20:00:00,6.197,6.387,6.16,6.356,29219.956
2025-01-13 21:00:00,6.356,6.424,6.319,6.401,72317.002
2025-01-13 22:00:00,6.401,6.481,6.396,6.433,28706.062
2025-01-13 23:00:00,6.433,6.434,6.387,6.398,21720.749
2025-01-14 00:00:00,6.398,6.423,6.369,6.377,54116.474
2025-01-14 01:00:00,6.377,6.438,6.377,6.391,12572.499
2025-01-14 02:00:00,6.391,6.46,6.382,6.408,7132.251
2025-01-14 03:00:00,6.408,6.454,6.407,6.412,7903.162
2025-01-14 04:00:00,6.412,6.46,6.412,6.452,12194.94
2025-01-14 05:00:00,6.452,6.499,6.413,6.416,22940.1
2025-01-14 06:00:00,6.416,6.453,6.402,6.444,26148.391
2025-01-14 07:00:00,6.444,6.46,6.402,6.403,22228.859
2025-01-14 08:00:00,6.403,6.475,6.403,6.425,25719.739
2025-01-14 09:00:00,6.425,6.589,6.415,6.546,65784.707
2025-01-14 10:00:00,6.546,6.55,6.492,6.515,51150.101
2025-01-14 11:00:00,6.515,6.521,6.447,6.469,26727.485
2025-01-14 12:00:00,6.469,6.484,6.395,6.42,19269.991
2025-01-14 13:00:00,6.42,6.523,6.394,6.48,121153.463
2025-01-14 14:00:00,6.48,6.572,6.454,6.496,60533.823
2025-01-14 15:00:00,6.496,6.558,6.487,6.521,17633.821
2025-01-14 16:00:00,6.521,6.525,6.467,6.516,25147.886
2025-01-14 17:00:00,6.516,6.591,6.496,6.583,15539.49
2025-01-14 18:00:00,6.583,6.682,6.582,6.66,47227.999
2025-01-14 19:00:00,6.66,6.664,6.612,6.626,35201.256
2025-01-14 20:00:00,6.626,6.655,6.569,6.633,29188.301
2025-01-14 21:00:00,6.633,6.657,6.619,6.64,18212.288
2025-01-14 22:00:00,6.64,6.688,6.64,6.677,10639.881
2025-01-14 23:00:00,6.677,6.683,6.65,6.663,4787.88
2025-01-15 00:00:00,6.663,6.706,6.644,6.652,17147.525
2025-01-15 01:00:00,6.652,6.735,6.615,6.687,42167.545
2025-01-15 02:00:00,6.687,6.739,6.654,6.685,16912.844
2025-01-15 03:00:00,6.685,6.703,6.633,6.703,10968.921
2025-01-15 04:00:00,6.703,6.734,6.663,6.683,10804.739
2025-01-15 05:00:00,6.683,6.703,6.636,6.696,36384.393
2025-01-15 06:00:00,6.696,6.711,6.673,6.699,17546.963
2025-01-15 07:00:00,6.699,6.806,6.698,6.78,149683.787
2025-01-15 08:00:00,6.78,6.842,6.754,6.773,206263.214
2025-01-15 09:00:00,6.773,6.788,6.623,6.649,40761.953
2025-01-15 10:00:00,6.649,6.688,6.644,6.653,19925.718
2025-01-15 11:00:00,6.653,6.655,6.56,6.583,41582.332
2025-01-15 12:00:00,6.583,6.63,6.557,6.585,23833.261
2025-01-15 13:00:00,6.585,6.914,6.585,6.914,296147.515
2025-01-15 14:00:00,6.914,6.971,6.855,6.958,130909.917
2025-01-15 15:00:00,6.958,7.066,6.92,7.018,94859.595
2025-01-15 16:00:00,7.018,7.095,6.962,6.968,83216.757
2025-01-15 17:00:00,6.968,6.999,6.878,6.891,77733.43
2025-01-15 18:00:00,6.891,6.994,6.891,6.993,57304.264
2025-01-15 19:00:00,6.993,7.034,6.976,7.03,30301.645
2025-01-15 20:00:00,7.03,7.087,6.962,6.989,52416.375
2025-01-15 21:00:00,6.989,7.021,6.971,7.0,39024.206
2025-01-15 22:00:00,7.0,7.065,6.985,7.059,48149.987
2025-01-15 23:00:00,7.059,7.195,7.043,7.164,50572.353
2025-01-16 00:00:00,7.164,7.193,6.989,7.044,39968.039
2025-01-16 01:00:00,7.044,7.126,7.044,7.103,16170.781
2025-01-16 02:00:00,7.103,7.105,7.042,7.068,14943.196
2025-01-16 03:00:00,7.068,7.116,7.01,7.06,15462.981
2025-01-16 04:00:00,7.06,7.085,7.043,7.078,27559.858
2025-01-16 05:00:00,7.078,7.078,7.037,7.04,19481.915
2025-01-16 06:00:00,7.04,7.056,7.011,7.044,17189.382
2025-01-16 07:00:00,7.044,7.064,7.013,7.014,9280.566
2025-01-16 08:00:00,7.014,7.027,6.847,6.892,86609.709
2025-01-16 09:00:00,6.892,6.933,6.858,6.924,56872.581
2025-01-16 10:00:00,6.924,6.953,6.91,6.947,32634.768
2025-01-16 11:00:00,6.947,7.088,6.915,7.08,52746.653
2025-01-16 12:00:00,7.08,7.379,7.039,7.293,139586.88
2025-01-16 13:00:00,7.293,7.396,7.121,7.172,124691.239
2025-01-16 14:00:00,7.172,7.227,6.984,7.046,156577.186
2025-01-16 15:00:00,7.046,7.24,7.018,7.24,71117.451
2025-01-16 16:00:00,7.24,7.352,7.235,7.277,74908.233
2025-01-16 17:00:00,7.277,7.32,7.219,7.295,51553.104
2025-01-16 18:00:00,7.295,7.344,7.209,7.224,49987.052
2025-01-16 19:00:00,7.224,7.331,7.212,7.33,39500.778
2025-01-16 20:00:00,7.33,7.35,7.25,7.277,31940.087
2025-01-16 21:00:00,7.277,7.3,7.216,7.232,28757.63
2025-01-16 22:00:00,7.232,7.241,7.109,7.134,36142.972
2025-01-16 23:00:00,7.134,7.161,7.098,7.148,15529.069
2025-01-17 00:00:00,7.148,7.25,7.148,7.25,19880.852
2025-01-17 01:00:00,7.25,7.348,7.217,7.342,60549.53
2025-01-17 02:00:00,7.342,7.41,7.296,7.334,46722.029
2025-01-17 03:00:00,7.334,7.342,7.277,7.287,44559.407
2025-01-17 04:00:00,7.287,7.355,7.248,7.354,39351.18
2025-01-17 05:00:00,7.354,7.392,7.311,7.375,43359.696
2025-01-17 06:00:00,7.375,7.407,7.343,7.38,22663.491
2025-01-17 07:00:00,7.38,7.385,7.321,7.328,26296.144
2025-01-17 08:00:00,7.328,7.417,7.29,7.4,58194.132
2025-01-17 09:00:00,7.4,7.433,7.356,7.395,54492.344
2025-01-17 10:00:00,7.395,7.444,7.389,7.419,45293.087
2025-01-17 11:00:00,7.419,7.428,7.372,7.4,39620.863
2025-01-17 12:00:00,7.4,7.408,7.294,7.303,45504.505
2025-01-17 13:00:00,7.303,7.382,7.289,7.333,98831.87
2025-01-17 14:00:00,7.333,7.418,7.316,7.375,68360.531
2025-01-17 15:00:00,7.375,7.45,7.34,7.408,48742.021
2025-01-17 16:00:00,7.408,7.483,7.378,7.464,56917.971
2025-01-17 17:00:00,7.464,7.503,7.372,7.383,49068.916
2025-01-17 18:00:00,7.383,7.453,7.357,7.409,21835.964
2025-01-17 19:00:00,7.409,7.5,7.409,7.482,20703.62
2025-01-17 20:00:00,7.482,7.594,7.47,7.546,40733.105
2025-01-17 21:00:00,7.546,7.588,7.524,7.562,169719.337
2025-01-17 22:00:00,7.562,7.601,7.529,7.535,65348.485
2025-01-17 23:00:00,7.535,7.535,7.492,7.502,9332.901
2025-01-18 00:00:00,7.502,7.587,7.502,7.559,30185.531
2025-01-18 01:00:00,7.559,7.559,7.438,7.451,15161.5
2025-01-18 02:00:00,7.451,7.488,7.415,7.429,23556.721
2025-01-18 03:00:00,7.429,7.453,7.235,7.286,67849.986
2025-01-18 04:00:00,7.286,7.318,7.212,7.262,72123.275
2025-01-18 05:00:00,7.262,7.29,6.985,6.985,110431.537
2025-01-18 06:00:00,6.985,7.161,6.983,7.133,71066.009
2025-01-18 07:00:00,7.133,7.141,7.013,7.042,93213.659
2025-01-18 08:00:00,7.042,7.089,6.936,7.081,65992.658
2025-01-18 09:00:00,7.081,7.09,6.974,7.018,40098.322
2025-01-18 10:00:00,7.018,7.038,6.92,6.998,72330.767
2025-01-18 11:00:00,6.998,7.111,6.956,7.092,55703.986
2025-01-18 12:00:00,7.092,7.096,6.991,7.036,58633.638
2025-01-18 13:00:00,7.036,7.122,7.002,7.122,77202.644
2025-01-18 14:00:00,7.122,7.124,7.0,7.008,49000.482
2025-01-18 15:00:00,7.008,7.098,6.965,7.009,43931.4
2025-01-18 16:00:00,7.009,7.028,6.799,6.866,130978.407
2025-01-18 17:00:00,6.866,6.955,6.863,6.884,60758.21
2025-01-18 18:00:00,6.884,6.956,6.841,6.884,84469.451
2025-01-18 19:00:00,6.884,6.98,6.88,6.979,40323.653
2025-01-18 20:00:00,6.979,6.982,6.876,6.899,30260.208
2025-01-18 21:00:00,6.899,6.951,6.896,6.909,36127.585
2025-01-18 22:00:00,6.909,6.979,6.894,6.951,23279.501
2025-01-18 23:00:00,6.951,7.059,6.944,7.041,34316.388
2025-01-19 00:00:00,7.041,7.133,7.013,7.099,57286.28
2025-01-19 01:00:00,7.099,7.234,7.085,7.212,39123.702
2025-01-19 02:00:00,7.212,7.237,7.148,7.157,43999.336
2025-01-19 03:00:00,7.157,7.161,7.04,7.043,42587.302
2025-01-19 04:00:00,7.043,7.053,6.898,6.91,105182.119
2025-01-19 05:00:00,6.91,6.942,6.852,6.939,56163.967
2025-01-19 06:00:00,6.939,6.942,6.854,6.855,29915.158
2025-01-19 07:00:00,6.855,6.886,6.763,6.795,82342.022
2025-01-19 08:00:00,6.795,6.795,6.591,6.605,98671.756
2025-01-19 09:00:00,6.605,6.651,6.451,6.648,218451.498
2025-01-19 10:00:00,6.648,6.666,6.539,6.606,57928.272
2025-01-19 11:00:00,6.606,6.618,6.413,6.463,80783.876
2025-01-19 12:00:00,6.463,6.598,6.451,6.585,73482.201
2025-01-19 13:00:00,6.585,6.691,6.561,6.689,42670.72
2025-01-19 14:00:00,6.689,6.871,6.664,6.856,139970.966
2025-01-19 15:00:00,6.856,6.903,6.78,6.818,73508.786
2025-01-19 16:00:00,6.818,6.857,6.763,6.797,65641.27
2025-01-19 17:00:00,6.797,6.896,6.762,6.894,63267.022
2025-01-19 18:00:00,6.894,6.905,6.802,6.807,50821.886
2025-01-19 19:00:00,6.807,6.826,6.772,6.826,55483.777
2025-01-19 20:00:00,6.826,6.844,6.722,6.758,46551.545
2025-01-19 21:00:00,6.758,6.763,6.398,6.42,370383.26
2025-01-19 22:00:00,6.42,6.516,6.134,6.356,239357.461
2025-01-19 23:00:00,6.356,6.356,6.101,6.247,306967.216
2025-01-20 00:00:00,6.247,6.253,6.057,6.067,290518.304
2025-01-20 01:00:00,6.067,6.184,6.062,6.126,84020.047
2025-01-20 02:00:00,6.126,6.371,6.113,6.241,63588.624
2025-01-20 03:00:00,6.241,6.325,6.205,6.306,39591.707
2025-01-20 04:00:00,6.306,6.374,6.227,6.312,170461.602
2025-01-20 05:00:00,6.312,6.397,6.288,6.348,56524.983
2025-01-20 06:00:00,6.348,6.688,6.341,6.625,138981.947
2025-01-20 07:00:00,6.625,7.431,6.617,6.772,866312.91
2025-01-20 08:00:00,6.772,6.868,6.746,6.811,83995.825
2025-01-20 09:00:00,6.811,6.834,6.679,6.708,91704.945
2025-01-20 10:00:00,6.708,6.743,6.589,6.65,152857.221
2025-01-20 11:00:00,6.65,6.699,6.605,6.695,53852.013
2025-01-20 12:00:00,6.695,6.7,6.421,6.527,241656.622
2025-01-20 13:00:00,6.527,6.611,6.5,6.599,148751.366
2025-01-20 14:00:00,6.599,6.648,6.58,6.644,44687.361
2025-01-20 15:00:00,6.644,6.654,6.473,6.498,97098.678
2025-01-20 16:00:00,6.498,6.61,6.383,6.599,89802.476
2025-01-20 17:00:00,6.599,6.605,6.15,6.3,825482.545
2025-01-20 18:00:00,6.3,6.452,6.296,6.437,61099.016
2025-01-20 19:00:00,6.437,6.461,6.375,6.431,26365.548
2025-01-20 20:00:00,6.431,6.478,6.378,6.453,77488.195
2025-01-20 21:00:00,6.453,6.482,6.344,6.35,64398.819
2025-01-20 22:00:00,6.35,6.454,6.286,6.432,174861.022
2025-01-20 23:00:00,6.432,6.445,6.351,6.38,124502.263
2025-01-21 00:00:00,6.38,6.406,6.27,6.277,41837.98
2025-01-21 01:00:00,6.277,6.402,6.233,6.286,94372.769
2025-01-21 02:00:00,6.286,6.31,6.196,6.272,39338.087
2025-01-21 03:00:00,6.272,6.306,6.232,6.276,18709.917
2025-01-21 04:00:00,6.276,6.278,6.155,6.26,47153.616
2025-01-21 05:00:00,6.26,6.277,6.194,6.21,20670.849
2025-01-21 06:00:00,6.21,6.28,6.171,6.253,28663.77
2025-01-21 07:00:00,6.253,6.359,6.231,6.319,28451.91
2025-01-21 08:00:00,6.319,6.383,6.282,6.333,41470.191
2025-01-21 09:00:00,6.333,6.41,6.303,6.399,45500.974
2025-01-21 10:00:00,6.399,6.543,6.395,6.525,226852.032
2025-01-21 11:00:00,6.525,6.537,6.462,6.524,39731.125
2025-01-21 12:00:00,6.524,6.612,6.503,6.562,54812.652
2025-01-21 13:00:00,6.562,6.592,6.52,6.562,34481.102
2025-01-21 14:00:00,6.562,6.61,6.5,6.526,90554.631
2025-01-21 15:00:00,6.526,6.591,6.476,6.568,29073.678
2025-01-21 16:00:00,6.568,6.712,6.548,6.682,65777.544
2025-01-21 17:00:00,6.682,6.789,6.68,6.782,63205.744
2025-01-21 18:00:00,6.782,6.846,6.76,6.816,69569.352
2025-01-21 19:00:00,6.816,6.822,6.693,6.718,51737.787
2025-01-21 20:00:00,6.718,6.745,6.683,6.745,28733.985
2025-01-21 21:00:00,6.745,6.763,6.714,6.734,13326.43
2025-01-21 22:00:00,6.734,6.745,6.653,6.655,43982.235
2025-01-21 23:00:00,6.655,6.666,6.6,6.626,33326.383
2025-01-22 00:00:00,6.626,6.694,6.613,6.686,24288.326
2025-01-22 01:00:00,6.686,6.687,6.593,6.603,16435.516
2025-01-22 02:00:00,6.603,6.674,6.561,6.645,40550.037
2025-01-22 03:00:00,6.645,6.653,6.595,6.609,16454.89
2025-01-22 04:00:00,6.609,6.628,6.556,6.592,48352.606
2025-01-22 05:00:00,6.592,6.625,6.583,6.583,9198.212
2025-01-22 06:00:00,6.583,6.62,6.565,6.616,16370.097
2025-01-22 07:00:00,6.616,6.622,6.575,6.583,56164.863
2025-01-22 08:00:00,6.583,6.599,6.491,6.582,36019.151
2025-01-22 09:00:00,6.582,6.6,6.546,6.575,9619.11
2025-01-22 10:00:00,6.575,6.601,6.533,6.589,48153.771
2025-01-22 11:00:00,6.589,6.639,6.559,6.626,55862.45
2025-01-22 12:00:00,6.626,6.655,6.597,6.604,69787.289
2025-01-22 13:00:00,6.604,6.605,6.512,6.528,77809.589
2025-01-22 14:00:00,6.528,6.58,6.487,6.551,88240.159
2025-01-22 15:00:00,6.551,6.588,6.497,6.517,23345.489
2025-01-22 16:00:00,6.517,6.557,6.468,6.546,56003.906
2025-01-22 17:00:00,6.546,6.6,6.527,6.579,34936.541
2025-01-22 18:00:00,6.579,6.597,6.458,6.485,24425.361
2025-01-22 19:00:00,6.485,6.571,6.476,6.522,25551.233
2025-01-22 20:00:00,6.522,6.559,6.499,6.507,19045.613
2025-01-22 21:00:00,6.507,6.523,6.462,6.498,13719.027
2025-01-22 22:00:00,6.498,6.518,6.427,6.437,21462.198
2025-01-22 23:00:00,6.437,6.466,6.413,6.446,21719.85
2025-01-23 00:00:00,6.446,6.473,6.414,6.428,16454.431
2025-01-23 01:00:00,6.428,6.438,6.343,6.353,38205.605
2025-01-23 02:00:00,6.353,6.363,6.294,6.34,48157.264
2025-01-23 03:00:00,6.34,6.4,6.326,6.356,9236.424
2025-01-23 04:00:00,6.356,6.366,6.279,6.313,39581.865
2025-01-23 05:00:00,6.313,6.364,6.313,6.343,10789.946
2025-01-23 06:00:00,6.343,6.362,6.31,6.321,8587.455
2025-01-23 07:00:00,6.321,6.367,6.288,6.359,39324.853
2025-01-23 08:00:00,6.359,6.379,6.309,6.318,11321.71
2025-01-23 09:00:00,6.318,6.343,6.272,6.29,30517.081
2025-01-23 10:00:00,6.29,6.319,6.243,6.272,39060.833
2025-01-23 11:00:00,6.272,6.336,6.252,6.315,68713.733
2025-01-23 12:00:00,6.315,6.315,6.244,6.262,15724.97
2025-01-23 13:00:00,6.262,6.359,6.242,6.337,59887.915
2025-01-23 14:00:00,6.337,6.482,6.298,6.434,71663.004
2025-01-23 15:00:00,6.434,6.46,6.305,6.403,118361.634
2025-01-23 16:00:00,6.403,6.503,6.368,6.373,89342.565
2025-01-23 17:00:00,6.373,6.402,6.308,6.398,30930.977
2025-01-23 18:00:00,6.398,6.408,6.304,6.309,15982.925
2025-01-23 19:00:00,6.309,6.31,6.211,6.231,55332.992
2025-01-23 20:00:00,6.231,6.417,6.221,6.293,147236.908
2025-01-23 21:00:00,6.293,6.31,6.195,6.252,32517.489
2025-01-23 22:00:00,6.252,6.374,6.235,6.363,38360.674
2025-01-23 23:00:00,6.363,6.388,6.34,6.351,12036.367
2025-01-24 00:00:00,6.351,6.368,6.244,6.248,15267.099
2025-01-24 01:00:00,6.248,6.288,6.213,6.272,18373.479
2025-01-24 02:00:00,6.272,6.282,6.203,6.209,13265.02
2025-01-24 03:00:00,6.209,6.307,6.204,6.286,24891.314
2025-01-24 04:00:00,6.286,6.391,6.258,6.38,24836.902
2025-01-24 05:00:00,6.38,6.494,6.37,6.492,27006.566
2025-01-24 06:00:00,6.492,6.503,6.425,6.438,27596.84
2025-01-24 07:00:00,6.438,6.464,6.392,6.418,18831.577
2025-01-24 08:00:00,6.418,6.476,6.398,6.472,25953.068
2025-01-24 09:00:00,6.472,6.496,6.425,6.445,33670.121
2025-01-24 10:00:00,6.445,6.499,6.423,6.492,23692.73
2025-01-24 11:00:00,6.492,6.494,6.455,6.46,17744.479
2025-01-24 12:00:00,6.46,6.506,6.449,6.5,22825.071
2025-01-24 13:00:00,6.5,6.543,6.472,6.49,22249.21
2025-01-24 14:00:00,6.49,6.531,6.438,6.496,43105.343
2025-01-24 15:00:00,6.496,6.524,6.411,6.464,42078.2
2025-01-24 16:00:00,6.464,6.485,6.427,6.429,29457.632
2025-01-24 17:00:00,6.429,6.503,6.41,6.477,23642.497
2025-01-24 18:00:00,6.477,6.495,6.455,6.466,16250.181
2025-01-24 19:00:00,6.466,6.475,6.415,6.43,35702.693
2025-01-24 20:00:00,6.43,6.451,6.321,6.321,26842.337
2025-01-24 21:00:00,6.321,6.382,6.318,6.365,14815.417
2025-01-24 22:00:00,6.365,6.365,6.308,6.313,20955.811
2025-01-24 23:00:00,6.313,6.321,6.285,6.321,7751.872
2025-01-25 00:00:00,6.321,6.322,6.25,6.259,14891.941
2025-01-25 01:00:00,6.259,6.369,6.246,6.314,19911.122
2025-01-25 02:00:00,6.314,6.338,6.296,6.327,3874.533
2025-01-25 03:00:00,6.327,6.388,6.313,6.384,21830.338
2025-01-25 04:00:00,6.384,6.384,6.33,6.332,20763.701
2025-01-25 05:00:00,6.332,6.344,6.303,6.318,25861.42
2025-01-25 06:00:00,6.318,6.348,6.302,6.322,16932.092
2025-01-25 07:00:00,6.322,6.322,6.29,6.296,25033.744
2025-01-25 08:00:00,6.296,6.319,6.275,6.296,17194.143
2025-01-25 09:00:00,6.296,6.306,6.272,6.282,19983.478
2025-01-25 10:00:00,6.282,6.305,6.261,6.302,23176.373
2025-01-25 11:00:00,6.302,6.333,6.294,6.326,15775.215
2025-01-25 12:00:00,6.326,6.33,6.285,6.33,16200.345
2025-01-25 13:00:00,6.33,6.357,6.313,6.327,11814.182
2025-01-25 14:00:00,6.327,6.33,6.283,6.323,23238.337
2025-01-25 15:00:00,6.323,6.38,6.32,6.367,36484.809
2025-01-25 16:00:00,6.367,6.41,6.355,6.381,32769.343
2025-01-25 17:00:00,6.381,6.384,6.341,6.371,10591.842
2025-01-25 18:00:00,6.371,6.383,6.343,6.355,11407.685
2025-01-25 19:00:00,6.355,6.372,6.342,6.358,18058.651
2025-01-25 20:00:00,6.358,6.396,6.358,6.36,10658.077
2025-01-25 21:00:00,6.36,6.365,6.335,6.36,7889.046
2025-01-25 22:00:00,6.36,6.394,6.353,6.361,6016.213
2025-01-25 23:00:00,6.361,6.368,6.314,6.321,11987.677
2025-01-26 00:00:00,6.321,6.346,6.275,6.275,25874.224
2025-01-26 01:00:00,6.275,6.318,6.272,6.299,13977.016
2025-01-26 02:00:00,6.299,6.299,6.265,6.291,11173.796
2025-01-26 03:00:00,6.291,6.352,6.291,6.328,9914.343
2025-01-26 04:00:00,6.328,6.393,6.32,6.361,16739.186
2025-01-26 05:00:00,6.361,6.367,6.336,6.35,14408.996
2025-01-26 06:00:00,6.35,6.368,6.335,6.347,18086.11
2025-01-26 07:00:00,6.347,6.368,6.331,6.362,14288.652
2025-01-26 08:00:00,6.362,6.384,6.336,6.346,9517.446
2025-01-26 09:00:00,6.346,6.348,6.278,6.298,17957.95
2025-01-26 10:00:00,6.298,6.334,6.283,6.333,20709.565
2025-01-26 11:00:00,6.333,6.375,6.332,6.371,54590.633
2025-01-26 12:00:00,6.371,6.377,6.337,6.37,27748.95
2025-01-26 13:00:00,6.37,6.392,6.358,6.377,28593.171
2025-01-26 14:00:00,6.377,6.377,6.353,6.372,10657.1
2025-01-26 15:00:00,6.372,6.382,6.351,6.353,11527.471
2025-01-26 16:00:00,6.353,6.364,6.321,6.351,24018.643
2025-01-26 17:00:00,6.351,6.392,6.34,6.385,22398.069
2025-01-26 18:00:00,6.385,6.437,6.374,6.414,25229.378
2025-01-26 19:00:00,6.414,6.463,6.412,6.452,20909.007
2025-01-26 20:00:00,6.452,6.47,6.428,6.43,30279.224
2025-01-26 21:00:00,6.43,6.43,6.355,6.361,20586.431
2025-01-26 22:00:00,6.361,6.394,6.308,6.34,32175.055
2025-01-26 23:00:00,6.34,6.34,6.168,6.174,81503.502
2025-01-27 00:00:00,6.174,6.213,6.086,6.098,56610.875
2025-01-27 01:00:00,6.098,6.112,6.01,6.01,51028.434
2025-01-27 02:00:00,6.01,6.011,5.908,5.923,97849.544
2025-01-27 03:00:00,5.923,6.022,5.882,5.986,40444.032
2025-01-27 04:00:00,5.986,5.986,5.878,5.885,66320.732
2025-01-27 05:00:00,5.885,5.91,5.806,5.865,104457.874
2025-01-27 06:00:00,5.865,5.888,5.72,5.749,79027.592
2025-01-27 07:00:00,5.749,5.773,5.488,5.705,279796.699
2025-01-27 08:00:00,5.705,5.709,5.576,5.664,142903.463
2025-01-27 09:00:00,5.664,5.73,5.628,5.7,107209.24
2025-01-27 10:00:00,5.7,5.703,5.573,5.589,61112.947
2025-01-27 11:00:00,5.589,5.694,5.589,5.636,41693.656
2025-01-27 12:00:00,5.636,5.793,5.597,5.759,83870.675
2025-01-27 13:00:00,5.759,5.854,5.733,5.765,88262.735
2025-01-27 14:00:00,5.765,5.905,5.738,5.887,61527.402
2025-01-27 15:00:00,5.887,5.9,5.829,5.842,41059.311
2025-01-27 16:00:00,5.842,5.861,5.733,5.746,37553.473
2025-01-27 17:00:00,5.746,5.792,5.707,5.738,39984.923
2025-01-27 18:00:00,5.738,5.785,5.685,5.702,23524.759
2025-01-27 19:00:00,5.702,5.785,5.702,5.745,16218.311
2025-01-27 20:00:00,5.745,5.947,5.745,5.935,32416.02
2025-01-27 21:00:00,5.935,6.02,5.897,5.913,72917.31
2025-01-27 22:00:00,5.913,5.969,5.895,5.949,23326.172
2025-01-27 23:00:00,5.949,5.966,5.917,5.953,12069.209
2025-01-28 00:00:00,5.953,6.003,5.921,5.927,38435.323
2025-01-28 01:00:00,5.927,5.931,5.879,5.893,15312.501
2025-01-28 02:00:00,5.893,5.956,5.888,5.95,12495.738
2025-01-28 03:00:00,5.95,5.992,5.913,5.971,11436.831
2025-01-28 04:00:00,5.971,6.032,5.97,6.009,42332.798
2025-01-28 05:00:00,6.009,6.037,5.99,5.997,202877.939
2025-01-28 06:00:00,5.997,6.001,5.936,5.94,37582.191
2025-01-28 07:00:00,5.94,5.979,5.914,5.933,39281.078
2025-01-28 08:00:00,5.933,5.973,5.909,5.943,68780.705
2025-01-28 09:00:00,5.943,5.948,5.888,5.932,41448.608
2025-01-28 10:00:00,5.932,5.966,5.916,5.926,15197.519
2025-01-28 11:00:00,5.926,5.961,5.897,5.925,16088.752
2025-01-28 12:00:00,5.925,5.947,5.863,5.881,30324.711
2025-01-28 13:00:00,5.881,5.918,5.878,5.888,21982.887
2025-01-28 14:00:00,5.888,5.888,5.815,5.849,25236.89
2025-01-28 15:00:00,5.849,5.955,5.849,5.899,52463.311
2025-01-28 16:00:00,5.899,5.904,5.782,5.812,26606.541
2025-01-28 17:00:00,5.812,5.875,5.805,5.822,23549.343
2025-01-28 18:00:00,5.822,5.858,5.765,5.781,20370.333
2025-01-28 19:00:00,5.781,5.814,5.743,5.805,14589.929
2025-01-28 20:00:00,5.805,5.828,5.71,5.714,35961.733
2025-01-28 21:00:00,5.714,5.759,5.626,5.626,55849.865
2025-01-28 22:00:00,5.626,5.683,5.6,5.676,60803.557
2025-01-28 23:00:00,5.676,5.69,5.613,5.649,22713.115
2025-01-29 00:00:00,5.649,5.709,5.637,5.682,25567.564
2025-01-29 01:00:00,5.682,5.745,5.682,5.739,17958.359
2025-01-29 02:00:00,5.739,5.802,5.733,5.743,9232.237
2025-01-29 03:00:00,5.743,5.789,5.73,5.777,22985.667
2025-01-29 04:00:00,5.777,5.807,5.758,5.786,9434.782
2025-01-29 05:00:00,5.786,5.802,5.762,5.79,17809.639
2025-01-29 06:00:00,5.79,5.837,5.79,5.826,46477.002
2025-01-29 07:00:00,5.826,5.846,5.798,5.833,21557.129
2025-01-29 08:00:00,5.833,5.849,5.799,5.804,14655.906
2025-01-29 09:00:00,5.804,5.808,5.737,5.749,29403.812
2025-01-29 10:00:00,5.749,5.799,5.729,5.757,18386.582
2025-01-29 11:00:00,5.757,5.768,5.705,5.735,23557.815
2025-01-29 12:00:00,5.735,5.746,5.677,5.689,14379.819
2025-01-29 13:00:00,5.689,5.696,5.615,5.64,33643.298
2025-01-29 14:00:00,5.64,5.679,5.6,5.63,40982.357
2025-01-29 15:00:00,5.63,5.679,5.625,5.646,12388.955
2025-01-29 16:00:00,5.646,5.652,5.591,5.62,32159.809
2025-01-29 17:00:00,5.62,5.701,5.62,5.665,22277.819
2025-01-29 18:00:00,5.665,5.73,5.62,5.714,23998.383
2025-01-29 19:00:00,5.714,5.822,5.543,5.753,182123.209
2025-01-29 20:00:00,5.753,5.878,5.675,5.804,85944.539
2025-01-29 21:00:00,5.804,5.877,5.752,5.837,56917.186
2025-01-29 22:00:00,5.837,5.876,5.772,5.819,53079.834
2025-01-29 23:00:00,5.819,5.836,5.758,5.766,22245.228
2025-01-30 00:00:00,5.766,5.804,5.72,5.802,30716.455
2025-01-30 01:00:00,5.802,5.886,5.787,5.836,14666.079
2025-01-30 02:00:00,5.836,5.897,5.816,5.895,14818.889
2025-01-30 03:00:00,5.895,5.959,5.89,5.955,29243.55
2025-01-30 04:00:00,5.955,5.98,5.924,5.967,19560.323
2025-01-30 05:00:00,5.967,5.986,5.922,5.946,14870.681
2025-01-30 06:00:00,5.946,5.962,5.932,5.936,13643.971
2025-01-30 07:00:00,5.936,5.952,5.897,5.923,22497.837
2025-01-30 08:00:00,5.923,5.941,5.896,5.932,11778.662
2025-01-30 09:00:00,5.932,5.981,5.925,5.971,29882.599
2025-01-30 10:00:00,5.971,5.991,5.93,5.99,15115.778
2025-01-30 11:00:00,5.99,6.012,5.974,6.005,52007.12
2025-01-30 12:00:00,6.005,6.047,5.983,6.039,30484.783
2025-01-30 13:00:00,6.039,6.107,5.999,6.068,49245.173
2025-01-30 14:00:00,6.068,6.189,6.066,6.18,74967.723
2025-01-30 15:00:00,6.18,6.255,6.173,6.216,86506.663
2025-01-30 16:00:00,6.216,6.25,6.155,6.174,26465.622
2025-01-30 17:00:00,6.174,6.183,6.132,6.171,16990.377
2025-01-30 18:00:00,6.171,6.195,6.137,6.179,28217.529
2025-01-30 19:00:00,6.179,6.184,6.134,6.175,14965.699
2025-01-30 20:00:00,6.175,6.207,6.123,6.133,31782.474
2025-01-30 21:00:00,6.133,6.16,6.112,6.132,8663.405
2025-01-30 22:00:00,6.132,6.171,6.116,6.148,14790.597
2025-01-30 23:00:00,6.148,6.181,6.122,6.125,13823.961
2025-01-31 00:00:00,6.125,6.179,6.091,6.171,27995.867
2025-01-31 01:00:00,6.171,6.185,6.13,6.154,17155.803
2025-01-31 02:00:00,6.154,6.154,6.083,6.086,20223.834
2025-01-31 03:00:00,6.086,6.086,6.03,6.056,18022.658
2025-01-31 04:00:00,6.056,6.065,6.03,6.037,21649.919
2025-01-31 05:00:00,6.037,6.117,6.035,6.115,7194.048
2025-01-31 06:00:00,6.115,6.229,6.112,6.229,28133.981
2025-01-31 07:00:00,6.229,6.313,6.208,6.213,55138.703
2025-01-31 08:00:00,6.213,6.236,6.135,6.144,32216.851
2025-01-31 09:00:00,6.144,6.238,6.139,6.21,23561.921
2025-01-31 10:00:00,6.21,6.237,6.158,6.215,23877.211
2025-01-31 11:00:00,6.215,6.308,6.208,6.302,59888.065
2025-01-31 12:00:00,6.302,6.358,6.291,6.34,62385.547
2025-01-31 13:00:00,6.34,6.407,6.322,6.33,86220.024
2025-01-31 14:00:00,6.33,6.38,6.298,6.362,49558.881
2025-01-31 15:00:00,6.362,6.486,6.357,6.467,70186.475
2025-01-31 16:00:00,6.467,6.5,6.444,6.456,53049.936
2025-01-31 17:00:00,6.456,6.457,6.344,6.357,54845.514
2025-01-31 18:00:00,6.357,6.382,6.235,6.268,56569.935
2025-01-31 19:00:00,6.268,6.326,6.24,6.264,38908.383
2025-01-31 20:00:00,6.264,6.283,6.194,6.234,42427.41
2025-01-31 21:00:00,6.234,6.419,6.194,6.368,383131.367
2025-01-31 22:00:00,6.368,6.455,6.335,6.372,86865.465
2025-01-31 23:00:00,6.372,6.372,6.295,6.322,26830.214
2025-02-01 00:00:00,6.322,6.407,6.294,6.404,69343.017
2025-02-01 01:00:00,6.404,6.431,6.362,6.363,23162.763
2025-02-01 02:00:00,6.363,6.441,6.353,6.426,26328.965
2025-02-01 03:00:00,6.426,6.438,6.378,6.396,27526.016
2025-02-01 04:00:00,6.396,6.42,6.346,6.351,27006.623
2025-02-01 05:00:00,6.351,6.487,6.351,6.479,49996.546
2025-02-01 06:00:00,6.479,6.49,6.414,6.466,23412.63
2025-02-01 07:00:00,6.466,6.483,6.402,6.41,32906.044
2025-02-01 08:00:00,6.41,6.43,6.335,6.418,40530.591
2025-02-01 09:00:00,6.418,6.421,6.286,6.302,77256.307
2025-02-01 10:00:00,6.302,6.341,6.25,6.255,46090.826
2025-02-01 11:00:00,6.255,6.403,6.246,6.4,25656.58
2025-02-01 12:00:00,6.4,6.411,6.333,6.346,20404.403
2025-02-01 13:00:00,6.346,6.365,6.256,6.26,24167.826
2025-02-01 14:00:00,6.26,6.315,6.246,6.246,18790.827
2025-02-01 15:00:00,6.246,6.267,6.181,6.231,36776.174
2025-02-01 16:00:00,6.231,6.257,6.19,6.195,36898.874
2025-02-01 17:00:00,6.195,6.264,6.195,6.232,26572.614
2025-02-01 18:00:00,6.232,6.252,6.16,6.17,26916.818
2025-02-01 19:00:00,6.17,6.171,6.054,6.089,55118.709
2025-02-01 20:00:00,6.089,6.091,5.977,6.03,68780.618
2025-02-01 21:00:00,6.03,6.081,5.984,6.004,41929.32
2025-02-01 22:00:00,6.004,6.03,5.935,5.988,36741.755
2025-02-01 23:00:00,5.988,5.988,5.856,5.907,145152.927
2025-02-02 00:00:00,5.907,6.047,5.886,6.013,59481.799
2025-02-02 01:00:00,6.013,6.033,5.967,5.979,15082.93
2025-02-02 02:00:00,5.979,5.979,5.838,5.841,27694.015
2025-02-02 03:00:00,5.841,5.88,5.708,5.721,77339.873
2025-02-02 04:00:00,5.721,5.8,5.7,5.737,55052.709
2025-02-02 05:00:00,5.737,5.857,5.737,5.844,31921.465
2025-02-02 06:00:00,5.844,5.874,5.81,5.826,14906.686
2025-02-02 07:00:00,5.826,5.829,5.772,5.805,15524.131
2025-02-02 08:00:00,5.805,5.913,5.797,5.866,30937.831
2025-02-02 09:00:00,5.866,5.866,5.812,5.841,57767.99
2025-02-02 10:00:00,5.841,5.841,5.723,5.741,95827.758
2025-02-02 11:00:00,5.741,5.76,5.61,5.628,103697.17
2025-02-02 12:00:00,5.628,5.681,5.572,5.574,72804.502
2025-02-02 13:00:00,5.574,5.714,5.574,5.713,52881.5
2025-02-02 14:00:00,5.713,5.735,5.666,5.666,32311.697
2025-02-02 15:00:00,5.666,5.666,5.567,5.648,34763.257
2025-02-02 16:00:00,5.648,5.65,5.419,5.459,136480.117
2025-02-02 17:00:00,5.459,5.498,5.205,5.235,364146.388
2025-02-02 18:00:00,5.235,5.34,5.12,5.148,205919.842
2025-02-02 19:00:00,5.148,5.352,5.087,5.294,265786.012
2025-02-02 20:00:00,5.294,5.36,5.189,5.195,105632.835
2025-02-02 21:00:00,5.195,5.223,5.11,5.131,97608.613
2025-02-02 22:00:00,5.131,5.226,4.861,5.14,547101.295
2025-02-02 23:00:00,5.14,5.159,4.933,5.152,203699.087
2025-02-03 00:00:00,5.152,5.155,4.726,4.924,623902.366
2025-02-03 01:00:00,4.924,4.947,3.988,4.25,1341195.885
2025-02-03 02:00:00,4.25,4.342,3.757,4.156,1562386.486
2025-02-03 03:00:00,4.156,4.389,4.149,4.338,458199.147
2025-02-03 04:00:00,4.338,4.39,4.136,4.144,474939.13
2025-02-03 05:00:00,4.144,4.399,4.144,4.395,383392.816
2025-02-03 06:00:00,4.395,4.553,4.334,4.529,813474.711
2025-02-03 07:00:00,4.529,4.711,4.5,4.704,726621.815
2025-02-03 08:00:00,4.704,4.704,4.513,4.576,317420.655
2025-02-03 09:00:00,4.576,4.66,4.552,4.582,273858.483
2025-02-03 10:00:00,4.582,4.784,4.582,4.766,395780.051
2025-02-03 11:00:00,4.766,4.773,4.662,4.685,135994.887
2025-02-03 12:00:00,4.685,4.784,4.638,4.648,202603.088
2025-02-03 13:00:00,4.648,4.692,4.573,4.626,359353.663
2025-02-03 14:00:00,4.626,4.77,4.488,4.728,585832.039
2025-02-03 15:00:00,4.728,4.942,4.685,4.915,361539.005
2025-02-03 16:00:00,4.915,4.991,4.866,4.931,223113.2
2025-02-03 17:00:00,4.931,4.982,4.88,4.947,119243.606
2025-02-03 18:00:00,4.947,5.012,4.903,5.008,93716.791
2025-02-03 19:00:00,5.008,5.18,5.005,5.169,132180.476
2025-02-03 20:00:00,5.169,5.169,4.994,5.028,112092.862
2025-02-03 21:00:00,5.028,5.199,5.028,5.186,106402.643
2025-02-03 22:00:00,5.186,5.279,5.166,5.222,144966.957
2025-02-03 23:00:00,5.222,5.242,5.143,5.178,48782.618
2025-02-04 00:00:00,5.178,5.228,5.12,5.121,42736.979
2025-02-04 01:00:00,5.121,5.18,5.121,5.161,20366.644
2025-02-04 02:00:00,5.161,5.174,5.044,5.05,29263.083
2025-02-04 03:00:00,5.05,5.076,4.995,5.037,36811.525
2025-02-04 04:00:00,5.037,5.059,4.935,4.946,113957.74
2025-02-04 05:00:00,4.946,4.952,4.686,4.698,192284.579
2025-02-04 06:00:00,4.698,4.801,4.698,4.801,92249.205
2025-02-04 07:00:00,4.801,4.803,4.635,4.649,129095.734
2025-02-04 08:00:00,4.649,4.718,4.63,4.674,104376.869
2025-02-04 09:00:00,4.674,4.734,4.671,4.672,88091.682
2025-02-04 10:00:00,4.672,4.824,4.672,4.8,83245.72
2025-02-04 11:00:00,4.8,4.892,4.768,4.773,216049.965
2025-02-04 12:00:00,4.773,4.832,4.744,4.805,249779.262
2025-02-04 13:00:00,4.805,4.867,4.786,4.799,61142.708
2025-02-04 14:00:00,4.799,4.918,4.751,4.863,109080.803
2025-02-04 15:00:00,4.863,4.887,4.726,4.797,161889.722
2025-02-04 16:00:00,4.797,4.864,4.773,4.802,143474.521
2025-02-04 17:00:00,4.802,4.868,4.758,4.791,142400.745
2025-02-04 18:00:00,4.791,4.857,4.766,4.835,82772.869
2025-02-04 19:00:00,4.835,4.946,4.747,4.749,126075.592
2025-02-04 20:00:00,4.749,4.801,4.663,4.709,219974.078
2025-02-04 21:00:00,4.709,4.711,4.582,4.588,178340.176
2025-02-04 22:00:00,4.588,4.715,4.585,4.7,131992.221
2025-02-04 23:00:00,4.7,4.779,4.681,4.74,131258.257
2025-02-05 00:00:00,4.74,4.754,4.699,4.723,34531.893
2025-02-05 01:00:00,4.723,4.794,4.706,4.711,69894.604
2025-02-05 02:00:00,4.711,4.798,4.691,4.771,59676.188
2025-02-05 03:00:00,4.771,4.782,4.73,4.743,59004.727
2025-02-05 04:00:00,4.743,4.763,4.718,4.743,30269.397
2025-02-05 05:00:00,4.743,4.807,4.694,4.789,131015.167
2025-02-05 06:00:00,4.789,4.789,4.714,4.726,200061.056
2025-02-05 07:00:00,4.726,4.77,4.697,4.75,203668.151
2025-02-05 08:00:00,4.75,4.78,4.71,4.74,89350.813
2025-02-05 09:00:00,4.74,4.773,4.699,4.724,75692.436
2025-02-05 10:00:00,4.724,4.762,4.719,4.748,45982.405
2025-02-05 11:00:00,4.748,4.829,4.744,4.825,46882.621
2025-02-05 12:00:00,4.825,4.861,4.772,4.785,51346.502
2025-02-05 13:00:00,4.785,4.857,4.777,4.842,48628.189
2025-02-05 14:00:00,4.842,4.856,4.776,4.787,52937.817
2025-02-05 15:00:00,4.787,4.836,4.725,4.814,85134.385
2025-02-05 16:00:00,4.814,4.829,4.69,4.748,95332.613
2025-02-05 17:00:00,4.748,4.766,4.627,4.67,125859.937
2025-02-05 18:00:00,4.67,4.716,4.638,4.659,121587.134
2025-02-05 19:00:00,4.659,4.778,4.643,4.762,100708.712
2025-02-05 20:00:00,4.762,4.789,4.671,4.708,56505.539
2025-02-05 21:00:00,4.708,4.744,4.69,4.708,29014.525
2025-02-05 22:00:00,4.708,4.727,4.628,4.663,32399.729
2025-02-05 23:00:00,4.663,4.699,4.654,4.689,42008.369
2025-02-06 00:00:00,4.689,4.736,4.684,4.686,37032.288
2025-02-06 01:00:00,4.686,4.755,4.667,4.723,23612.397
2025-02-06 02:00:00,4.723,4.781,4.718,4.757,21981.797
2025-02-06 03:00:00,4.757,4.77,4.727,4.756,12326.51
2025-02-06 04:00:00,4.756,4.786,4.741,4.773,174749.121
2025-02-06 05:00:00,4.773,4.791,4.749,4.784,42607.822
2025-02-06 06:00:00,4.784,4.841,4.756,4.836,36984.77
2025-02-06 07:00:00,4.836,4.836,4.771,4.781,43893.711
2025-02-06 08:00:00,4.781,4.797,4.746,4.751,25421.258
2025-02-06 09:00:00,4.751,4.818,4.739,4.808,69248.965
2025-02-06 10:00:00,4.808,4.824,4.77,4.801,52361.003
2025-02-06 11:00:00,4.801,4.806,4.717,4.755,53110.93
2025-02-06 12:00:00,4.755,4.759,4.662,4.685,53757.295
2025-02-06 13:00:00,4.685,4.758,4.684,4.721,96986.16
2025-02-06 14:00:00,4.721,4.733,4.614,4.628,71132.722
2025-02-06 15:00:00,4.628,4.653,4.494,4.53,111206.15
2025-02-06 16:00:00,4.53,4.58,4.504,4.521,130367.313
2025-02-06 17:00:00,4.521,4.597,4.499,4.529,39492.257
2025-02-06 18:00:00,4.529,4.548,4.49,4.505,82974.342
2025-02-06 19:00:00,4.505,4.568,4.472,4.501,52548.242
2025-02-06 20:00:00,4.501,4.593,4.493,4.578,30165.571
2025-02-06 21:00:00,4.578,4.581,4.484,4.537,36002.3
2025-02-06 22:00:00,4.537,4.537,4.47,4.527,50757.473
2025-02-06 23:00:00,4.527,4.534,4.442,4.489,67559.126
2025-02-07 00:00:00,4.489,4.563,4.485,4.516,46255.091
2025-02-07 01:00:00,4.516,4.628,4.515,4.6,21961.18
2025-02-07 02:00:00,4.6,4.618,4.577,4.596,21740.89
2025-02-07 03:00:00,4.596,4.614,4.551,4.581,38425.532
2025-02-07 04:00:00,4.581,4.61,4.576,4.586,40841.187
2025-02-07 05:00:00,4.586,4.614,4.579,4.612,45518.646
2025-02-07 06:00:00,4.612,4.616,4.507,4.545,83911.839
2025-02-07 07:00:00,4.545,4.619,4.544,4.585,89257.837
2025-02-07 08:00:00,4.585,4.659,4.563,4.632,84201.577
2025-02-07 09:00:00,4.632,4.701,4.623,4.7,48261.783
2025-02-07 10:00:00,4.7,4.719,4.675,4.678,47147.039
2025-02-07 11:00:00,4.678,4.727,4.673,4.717,264209.162
2025-02-07 12:00:00,4.717,4.757,4.69,4.734,104829.121
2025-02-07 13:00:00,4.734,4.857,4.704,4.85,185309.708
2025-02-07 14:00:00,4.85,4.936,4.834,4.918,285770.786
2025-02-07 15:00:00,4.918,4.918,4.768,4.835,180914.344
2025-02-07 16:00:00,4.835,4.838,4.743,4.755,72895.292
2025-02-07 17:00:00,4.755,4.763,4.668,4.682,137447.396
2025-02-07 18:00:00,4.682,4.761,4.671,4.715,59048.918
2025-02-07 19:00:00,4.715,4.732,4.672,4.681,41825.959
2025-02-07 20:00:00,4.681,4.681,4.508,4.518,153973.465
2025-02-07 21:00:00,4.518,4.566,4.505,4.516,85123.381
2025-02-07 22:00:00,4.516,4.523,4.458,4.521,74685.162
2025-02-07 23:00:00,4.521,4.594,4.508,4.592,66148.02
2025-02-08 00:00:00,4.592,4.652,4.563,4.628,53030.063
2025-02-08 01:00:00,4.628,4.628,4.567,4.567,27110.563
2025-02-08 02:00:00,4.567,4.611,4.556,4.598,33241.438
2025-02-08 03:00:00,4.598,4.617,4.562,4.573,13726.858
2025-02-08 04:00:00,4.573,4.574,4.537,4.545,13217.849
2025-02-08 05:00:00,4.545,4.55,4.504,4.539,14313.671
2025-02-08 06:00:00,4.539,4.61,4.527,4.575,44033.501
2025-02-08 07:00:00,4.575,4.631,4.531,4.601,58910.806
2025-02-08 08:00:00,4.601,4.617,4.538,4.542,40171.895
2025-02-08 09:00:00,4.542,4.57,4.538,4.551,29003.186
2025-02-08 10:00:00,4.551,4.56,4.52,4.536,29649.449
2025-02-08 11:00:00,4.536,4.547,4.508,4.537,20487.249
2025-02-08 12:00:00,4.537,4.553,4.499,4.535,24322.864
2025-02-08 13:00:00,4.535,4.598,4.524,4.565,21219.979
2025-02-08 14:00:00,4.565,4.593,4.545,4.587,21668.394
2025-02-08 15:00:00,4.587,4.622,4.545,4.569,34906.016
2025-02-08 16:00:00,4.569,4.606,4.548,4.597,37643.91
2025-02-08 17:00:00,4.597,4.655,4.597,4.649,83821.123
2025-02-08 18:00:00,4.649,4.671,4.617,4.664,56430.741
2025-02-08 19:00:00,4.664,4.679,4.641,4.665,35341.088
2025-02-08 20:00:00,4.665,4.703,4.646,4.692,41631.376
2025-02-08 21:00:00,4.692,4.715,4.673,4.703,33988.655
2025-02-08 22:00:00,4.703,4.728,4.691,4.728,30201.662
2025-02-08 23:00:00,4.728,4.765,4.721,4.744,41042.493
2025-02-09 00:00:00,4.744,4.768,4.727,4.736,46065.943
2025-02-09 01:00:00,4.736,4.79,4.724,4.764,28687.412
2025-02-09 02:00:00,4.764,4.774,4.724,4.724,20470.445
2025-02-09 03:00:00,4.724,4.845,4.714,4.828,52026.579
2025-02-09 04:00:00,4.828,4.83,4.743,4.773,43163.814
2025-02-09 05:00:00,4.773,4.774,4.74,4.751,12594.241
2025-02-09 06:00:00,4.751,4.767,4.715,4.766,28131.387
2025-02-09 07:00:00,4.766,4.8,4.754,4.792,21182.412
2025-02-09 08:00:00,4.792,4.81,4.78,4.792,42047.47
2025-02-09 09:00:00,4.792,4.802,4.757,4.784,51912.886
2025-02-09 10:00:00,4.784,4.883,4.773,4.855,105333.518
2025-02-09 11:00:00,4.855,4.87,4.795,4.796,57854.222
2025-02-09 12:00:00,4.796,4.845,4.79,4.824,49548.855
2025-02-09 13:00:00,4.824,4.836,4.697,4.718,127846.908
2025-02-09 14:00:00,4.718,4.78,4.715,4.756,42520.724
2025-02-09 15:00:00,4.756,4.821,4.756,4.804,39016.131
2025-02-09 16:00:00,4.804,4.85,4.788,4.827,26029.617
2025-02-09 17:00:00,4.827,4.839,4.763,4.781,27844.199
2025-02-09 18:00:00,4.781,4.791,4.754,4.778,28775.04
2025-02-09 19:00:00,4.778,4.789,4.716,4.726,33213.839
2025-02-09 20:00:00,4.726,4.783,4.721,4.759,32831.462
2025-02-09 21:00:00,4.759,4.764,4.536,4.572,235600.613
2025-02-09 22:00:00,4.572,4.729,4.512,4.693,245232.521
2025-02-09 23:00:00,4.693,4.778,4.661,4.767,59435.119
2025-02-10 00:00:00,4.767,4.886,4.763,4.802,118488.257
2025-02-10 01:00:00,4.802,4.809,4.63,4.657,83895.169
2025-02-10 02:00:00,4.657,4.686,4.608,4.654,61534.568
2025-02-10 03:00:00,4.654,4.844,4.628,4.778,51285.291
2025-02-10 04:00:00,4.778,4.83,4.76,4.769,34152.122
2025-02-10 05:00:00,4.769,4.843,4.733,4.796,65275.56
2025-02-10 06:00:00,4.796,4.811,4.77,4.809,21449.317
2025-02-10 07:00:00,4.809,4.833,4.788,4.821,47377.183
2025-02-10 08:00:00,4.821,4.886,4.804,4.862,61139.931
2025-02-10 09:00:00,4.862,4.883,4.816,4.833,34815.831
2025-02-10 10:00:00,4.833,4.85,4.801,4.825,41611.48
2025-02-10 11:00:00,4.825,4.865,4.814,4.846,28158.863
2025-02-10 12:00:00,4.846,4.858,4.773,4.798,27451.394
2025-02-10 13:00:00,4.798,4.918,4.795,4.896,52396.835
2025-02-10 14:00:00,4.896,4.919,4.828,4.848,65153.603
2025-02-10 15:00:00,4.848,4.868,4.802,4.835,43548.384
2025-02-10 16:00:00,4.835,4.889,4.823,4.876,42305.868
2025-02-10 17:00:00,4.876,4.906,4.846,4.892,73099.283
2025-02-10 18:00:00,4.892,4.913,4.867,4.896,44266.688
2025-02-10 19:00:00,4.896,4.9,4.846,4.861,36077.706
2025-02-10 20:00:00,4.861,4.891,4.848,4.87,35180.548
2025-02-10 21:00:00,4.87,4.871,4.825,4.852,26818.128
2025-02-10 22:00:00,4.852,4.865,4.822,4.837,20495.108
2025-02-10 23:00:00,4.837,4.846,4.819,4.845,17545.683
2025-02-11 00:00:00,4.845,4.926,4.844,4.926,37258.478
2025-02-11 01:00:00,4.926,4.949,4.889,4.928,40769.157
2025-02-11 02:00:00,4.928,4.935,4.864,4.892,21396.165
2025-02-11 03:00:00,4.892,4.991,4.863,4.985,85069.473
2025-02-11 04:00:00,4.985,5.14,4.969,5.119,96595.83
2025-02-11 05:00:00,5.119,5.209,5.105,5.192,126515.509
2025-02-11 06:00:00,5.192,5.21,5.145,5.195,52463.111
2025-02-11 07:00:00,5.195,5.195,5.133,5.14,90916.884
2025-02-11 08:00:00,5.14,5.176,5.122,5.166,69084.252
2025-02-11 09:00:00,5.166,5.183,5.032,5.038,194834.854
2025-02-11 10:00:00,5.038,5.077,5.034,5.053,149488.828
2025-02-11 11:00:00,5.053,5.097,5.044,5.092,26528.802
2025-02-11 12:00:00,5.092,5.106,5.027,5.042,32891.722
2025-02-11 13:00:00,5.042,5.074,4.883,4.907,122760.966
2025-02-11 14:00:00,4.907,5.017,4.894,4.994,45616.204
2025-02-11 15:00:00,4.994,5.037,4.963,4.976,48280.165
2025-02-11 16:00:00,4.976,5.008,4.933,4.95,155218.396
2025-02-11 17:00:00,4.95,4.95,4.874,4.879,61010.9
2025-02-11 18:00:00,4.879,4.886,4.795,4.804,101750.565
2025-02-11 19:00:00,4.804,4.828,4.749,4.768,107513.63
2025-02-11 20:00:00,4.768,4.836,4.757,4.793,53474.949
2025-02-11 21:00:00,4.793,4.873,4.792,4.834,73326.866
2025-02-11 22:00:00,4.834,4.875,4.763,4.787,55973.241
2025-02-11 23:00:00,4.787,4.83,4.78,4.809,21278.009
2025-02-12 00:00:00,4.809,4.862,4.787,4.853,112939.363
2025-02-12 01:00:00,4.853,4.871,4.823,4.862,41670.134
2025-02-12 02:00:00,4.862,4.863,4.79,4.802,79649.616
2025-02-12 03:00:00,4.802,4.851,4.788,4.816,36026.426
2025-02-12 04:00:00,4.816,4.838,4.777,4.805,14200.913
2025-02-12 05:00:00,4.805,4.848,4.796,4.833,11377.137
2025-02-12 06:00:00,4.833,4.847,4.793,4.803,22791.678
2025-02-12 07:00:00,4.803,4.851,4.796,4.823,22255.345
2025-02-12 08:00:00,4.823,4.882,4.823,4.857,72056.211
2025-02-12 09:00:00,4.857,4.874,4.817,4.864,25114.705
2025-02-12 10:00:00,4.864,4.935,4.864,4.912,87437.89
2025-02-12 11:00:00,4.912,4.997,4.908,4.954,58900.407
2025-02-12 12:00:00,4.954,5.023,4.946,4.951,43519.53
2025-02-12 13:00:00,4.951,5.014,4.752,4.88,399925.226
2025-02-12 14:00:00,4.88,4.906,4.76,4.9,159241.323
2025-02-12 15:00:00,4.9,5.224,4.816,5.094,646297.887
2025-02-12 16:00:00,5.094,5.179,5.013,5.151,202797.138
2025-02-12 17:00:00,5.151,5.225,5.142,5.19,170993.908
2025-02-12 18:00:00,5.19,5.218,5.135,5.216,78969.481
2025-02-12 19:00:00,5.216,5.328,5.146,5.285,202805.678
2025-02-12 20:00:00,5.285,5.318,5.231,5.294,123602.179
2025-02-12 21:00:00,5.294,5.295,5.214,5.216,101628.901
2025-02-12 22:00:00,5.216,5.309,5.19,5.225,141329.169
2025-02-12 23:00:00,5.225,5.254,5.202,5.226,45981.044
2025-02-13 00:00:00,5.226,5.263,5.2,5.241,62798.72
2025-02-13 01:00:00,5.241,5.278,5.215,5.26,19348.433
2025-02-13 02:00:00,5.26,5.26,5.185,5.198,43695.484
2025-02-13 03:00:00,5.198,5.235,5.187,5.211,32477.95
2025-02-13 04:00:00,5.211,5.221,5.124,5.134,53624.286
2025-02-13 05:00:00,5.134,5.175,5.107,5.17,37807.051
2025-02-13 06:00:00,5.17,5.179,5.067,5.098,29337.725
2025-02-13 07:00:00,5.098,5.166,5.076,5.147,48204.942
2025-02-13 08:00:00,5.147,5.159,5.091,5.125,39752.738
2025-02-13 09:00:00,5.125,5.158,5.109,5.155,19946.87
2025-02-13 10:00:00,5.155,5.188,5.126,5.17,19562.215
2025-02-13 11:00:00,5.17,5.194,5.119,5.155,71534.053
2025-02-13 12:00:00,5.155,5.196,5.126,5.146,90818.34
2025-02-13 13:00:00,5.146,5.208,5.128,5.163,178676.553
2025-02-13 14:00:00,5.163,5.177,5.067,5.131,81109.51
2025-02-13 15:00:00,5.131,5.193,5.088,5.163,66812.447
2025-02-13 16:00:00,5.163,5.167,5.08,5.099,88280.089
2025-02-13 17:00:00,5.099,5.169,5.097,5.116,109189.49
2025-02-13 18:00:00,5.116,5.165,5.09,5.164,24921.907
2025-02-13 19:00:00,5.164,5.196,5.111,5.135,154461.594
2025-02-13 20:00:00,5.135,5.181,5.134,5.147,31970.407
2025-02-13 21:00:00,5.147,5.192,5.147,5.164,33312.752
2025-02-13 22:00:00,5.164,5.17,5.113,5.121,68953.577
2025-02-13 23:00:00,5.121,5.136,5.113,5.132,54474.73
2025-02-14 00:00:00,5.132,5.142,5.098,5.137,21280.182
2025-02-14 01:00:00,5.137,5.146,5.106,5.134,65224.938
2025-02-14 02:00:00,5.134,5.189,5.13,5.159,28098.931
2025-02-14 03:00:00,5.159,5.246,5.159,5.231,21629.377
2025-02-14 04:00:00,5.231,5.235,5.179,5.209,55873.524
2025-02-14 05:00:00,5.209,5.243,5.189,5.194,55510.807
2025-02-14 06:00:00,5.194,5.196,5.133,5.163,32649.737
2025-02-14 07:00:00,5.163,5.192,5.152,5.176,53414.969
2025-02-14 08:00:00,5.176,5.268,5.176,5.223,114155.875
2025-02-14 09:00:00,5.223,5.286,5.22,5.275,67314.258
2025-02-14 10:00:00,5.275,5.296,5.231,5.236,43717.905
2025-02-14 11:00:00,5.236,5.277,5.195,5.221,28813.547
2025-02-14 12:00:00,5.221,5.226,5.175,5.198,33035.166
2025-02-14 13:00:00,5.198,5.252,5.185,5.238,37004.947
2025-02-14 14:00:00,5.238,5.278,5.196,5.244,40089.103
2025-02-14 15:00:00,5.244,5.25,5.155,5.227,31348.037
2025-02-14 16:00:00,5.227,5.244,5.189,5.243,30331.953
2025-02-14 17:00:00,5.243,5.346,5.207,5.327,67051.504
2025-02-14 18:00:00,5.327,5.378,5.261,5.271,100789.037
2025-02-14 19:00:00,5.271,5.32,5.253,5.288,66673.316
2025-02-14 20:00:00,5.288,5.31,5.205,5.222,90207.704
2025-02-14 21:00:00,5.222,5.262,5.183,5.229,39921.981
2025-02-14 22:00:00,5.229,5.249,5.129,5.162,46304.522
2025-02-14 23:00:00,5.162,5.197,5.145,5.172,21828.377
2025-02-15 00:00:00,5.172,5.176,5.115,5.147,23206.612
2025-02-15 01:00:00,5.147,5.204,5.144,5.202,12275.135
2025-02-15 02:00:00,5.202,5.22,5.179,5.216,9919.772
2025-02-15 03:00:00,5.216,5.217,5.181,5.187,22912.806
2025-02-15 04:00:00,5.187,5.206,5.161,5.172,15533.715
2025-02-15 05:00:00,5.172,5.184,5.15,5.156,11980.793
2025-02-15 06:00:00,5.156,5.163,5.115,5.127,87465.146
2025-02-15 07:00:00,5.127,5.132,5.095,5.103,41170.033
2025-02-15 08:00:00,5.103,5.127,5.045,5.051,52408.291
2025-02-15 09:00:00,5.051,5.08,5.032,5.056,20357.844
2025-02-15 10:00:00,5.056,5.076,5.041,5.058,32759.77
2025-02-15 11:00:00,5.058,5.092,5.035,5.061,90979.425
2025-02-15 12:00:00,5.061,5.099,5.055,5.092,56885.272
2025-02-15 13:00:00,5.092,5.118,5.077,5.097,45845.554
2025-02-15 14:00:00,5.097,5.097,5.0,5.034,70717.652
2025-02-15 15:00:00,5.034,5.06,5.021,5.044,19957.426
2025-02-15 16:00:00,5.044,5.08,5.037,5.048,37003.102
2025-02-15 17:00:00,5.048,5.055,5.013,5.038,34182.428
2025-02-15 18:00:00,5.038,5.118,5.033,5.108,49753.31
2025-02-15 19:00:00,5.108,5.123,5.055,5.058,31639.677
2025-02-15 20:00:00,5.058,5.068,5.01,5.035,30184.963
2025-02-15 21:00:00,5.035,5.051,5.029,5.033,18168.056
2025-02-15 22:00:00,5.033,5.042,4.98,5.018,93892.097
2025-02-15 23:00:00,5.018,5.035,5.004,5.021,86933.538
2025-02-16 00:00:00,5.021,5.047,5.006,5.015,46540.352
2025-02-16 01:00:00,5.015,5.015,4.974,5.004,22999.294
2025-02-16 02:00:00,5.004,5.006,4.952,4.967,68202.481
2025-02-16 03:00:00,4.967,4.976,4.944,4.974,28386.147
2025-02-16 04:00:00,4.974,4.994,4.97,4.987,14414.46
2025-02-16 05:00:00,4.987,5.009,4.956,4.998,42966.619
2025-02-16 06:00:00,4.998,5.015,4.984,4.991,46215.374
2025-02-16 07:00:00,4.991,4.991,4.886,4.908,38783.379
2025-02-16 08:00:00,4.908,4.942,4.899,4.925,25656.506
2025-02-16 09:00:00,4.925,4.971,4.908,4.967,20404.234
2025-02-16 10:00:00,4.967,4.993,4.961,4.972,9845.97
2025-02-16 11:00:00,4.972,5.02,4.965,5.012,14948.715
2025-02-16 12:00:00,5.012,5.026,4.981,4.987,13783.147
2025-02-16 13:00:00,4.987,4.99,4.902,4.912,23700.61
2025-02-16 14:00:00,4.912,4.964,4.879,4.95,41365.524
2025-02-16 15:00:00,4.95,4.962,4.931,4.942,14691.402
2025-02-16 16:00:00,4.942,4.957,4.911,4.935,22454.165
2025-02-16 17:00:00,4.935,4.947,4.901,4.906,22966.474
2025-02-16 18:00:00,4.906,4.906,4.826,4.878,56259.004
2025-02-16 19:00:00,4.878,4.899,4.856,4.896,15372.824
2025-02-16 20:00:00,4.896,4.917,4.876,4.883,15928.296
2025-02-16 21:00:00,4.883,4.931,4.857,4.914,33545.731
2025-02-16 22:00:00,4.914,4.917,4.868,4.9,42040.887
2025-02-16 23:00:00,4.9,4.908,4.861,4.881,160629.062
2025-02-17 00:00:00,4.881,4.932,4.878,4.92,68038.326
2025-02-17 01:00:00,4.92,4.953,4.906,4.944,13083.992
2025-02-17 02:00:00,4.944,4.952,4.901,4.905,5136.681
2025-02-17 03:00:00,4.905,4.906,4.877,4.898,11160.934
2025-02-17 04:00:00,4.898,4.898,4.842,4.861,59617.597
2025-02-17 05:00:00,4.861,4.879,4.791,4.845,73252.033
2025-02-17 06:00:00,4.845,4.89,4.834,4.889,39524.968
2025-02-17 07:00:00,4.889,4.931,4.848,4.877,62066.477
2025-02-17 08:00:00,4.877,4.928,4.857,4.913,34410.216
2025-02-17 09:00:00,4.913,4.958,4.904,4.94,60560.781
2025-02-17 10:00:00,4.94,4.985,4.934,4.941,89581.504
2025-02-17 11:00:00,4.941,4.977,4.928,4.954,24173.545
2025-02-17 12:00:00,4.954,5.001,4.953,4.994,66451.49
2025-02-17 13:00:00,4.994,5.016,4.971,5.005,32496.088
2025-02-17 14:00:00,5.005,5.071,5.002,5.025,61813.412
2025-02-17 15:00:00,5.025,5.044,4.892,4.906,94164.946
2025-02-17 16:00:00,4.906,4.944,4.838,4.857,93354.206
2025-02-17 17:00:00,4.857,4.905,4.852,4.869,35561.966
2025-02-17 18:00:00,4.869,4.885,4.814,4.817,39642.02
2025-02-17 19:00:00,4.817,4.876,4.776,4.863,155963.176
2025-02-17 20:00:00,4.863,4.906,4.857,4.894,41012.663
2025-02-17 21:00:00,4.894,4.932,4.879,4.931,29204.571
2025-02-17 22:00:00,4.931,4.931,4.869,4.877,59419.715
2025-02-17 23:00:00,4.877,4.905,4.873,4.89,4985.785
2025-02-18 00:00:00,4.89,4.908,4.841,4.853,44694.446
2025-02-18 01:00:00,4.853,4.909,4.844,4.904,27870.197
2025-02-18 02:00:00,4.904,4.914,4.875,4.89,15795.961
2025-02-18 03:00:00,4.89,4.912,4.872,4.906,52083.86
2025-02-18 04:00:00,4.906,4.918,4.855,4.87,33932.042
2025-02-18 05:00:00,4.87,4.882,4.774,4.788,46569.855
2025-02-18 06:00:00,4.788,4.792,4.678,4.697,61186.206
2025-02-18 07:00:00,4.697,4.742,4.682,4.714,49564.433
2025-02-18 08:00:00,4.714,4.747,4.673,4.688,46124.721
2025-02-18 09:00:00,4.688,4.785,4.672,4.781,34636.574
2025-02-18 10:00:00,4.781,4.807,4.765,4.768,30175.124
2025-02-18 11:00:00,4.768,4.796,4.748,4.771,246771.677
2025-02-18 12:00:00,4.771,4.818,4.756,4.813,77385.107
2025-02-18 13:00:00,4.813,4.821,4.768,4.787,31290.912
2025-02-18 14:00:00,4.787,4.839,4.696,4.732,47905.317
2025-02-18 15:00:00,4.732,4.749,4.621,4.655,68827.622
2025-02-18 16:00:00,4.655,4.689,4.574,4.593,181251.903
2025-02-18 17:00:00,4.593,4.638,4.56,4.627,78771.916
2025-02-18 18:00:00,4.627,4.706,4.611,4.669,920547.213
2025-02-18 19:00:00,4.669,4.702,4.639,4.677,144330.306
2025-02-18 20:00:00,4.677,4.703,4.655,4.682,48473.506
2025-02-18 21:00:00,4.682,4.748,4.676,4.722,65599.639
2025-02-18 22:00:00,4.722,4.77,4.711,4.74,33168.851
2025-02-18 23:00:00,4.74,4.774,4.723,4.77,31414.728
2025-02-19 00:00:00,4.77,4.789,4.734,4.74,62581.528
2025-02-19 01:00:00,4.74,4.748,4.707,4.742,40768.923
2025-02-19 02:00:00,4.742,4.797,4.742,4.785,19190.959
2025-02-19 03:00:00,4.785,4.788,4.748,4.78,26835.136
2025-02-19 04:00:00,4.78,4.792,4.707,4.707,27699.113
2025-02-19 05:00:00,4.707,4.751,4.7,4.739,53634.894
2025-02-19 06:00:00,4.739,4.794,4.738,4.783,39477.381
2025-02-19 07:00:00,4.783,4.835,4.772,4.797,65773.379
2025-02-19 08:00:00,4.797,4.807,4.766,4.767,67054.188
2025-02-19 09:00:00,4.767,4.803,4.759,4.792,18852.636
2025-02-19 10:00:00,4.792,4.818,4.783,4.798,27554.377
2025-02-19 11:00:00,4.798,4.861,4.785,4.836,70971.718
2025-02-19 12:00:00,4.836,4.879,4.814,4.839,49313.234
2025-02-19 13:00:00,4.839,4.889,4.835,4.864,25720.948
2025-02-19 14:00:00,4.864,4.893,4.797,4.799,57446.995
2025-02-19 15:00:00,4.799,4.855,4.785,4.822,32877.842
2025-02-19 16:00:00,4.822,4.886,4.809,4.871,78528.624
2025-02-19 17:00:00,4.871,4.888,4.84,4.87,25732.868
2025-02-19 18:00:00,4.87,4.876,4.84,4.84,26045.921
2025-02-19 19:00:00,4.84,4.879,4.816,4.868,31214.494
2025-02-19 20:00:00,4.868,4.893,4.86,4.869,22262.057
2025-02-19 21:00:00,4.869,4.886,4.824,4.837,26697.077
2025-02-19 22:00:00,4.837,4.885,4.827,4.873,27087.33
2025-02-19 23:00:00,4.873,4.908,4.873,4.885,22463.158
2025-02-20 00:00:00,4.885,4.957,4.88,4.952,36352.551
2025-02-20 01:00:00,4.952,4.994,4.889,4.919,93832.406
2025-02-20 02:00:00,4.919,4.996,4.915,4.982,39972.652
2025-02-20 03:00:00,4.982,5.0,4.963,4.978,17288.191
2025-02-20 04:00:00,4.978,5.019,4.977,4.998,34655.221
2025-02-20 05:00:00,4.998,5.04,4.982,4.99,28696.389
2025-02-20 06:00:00,4.99,4.994,4.956,4.962,27672.339
2025-02-20 07:00:00,4.962,4.974,4.939,4.939,11076.613
2025-02-20 08:00:00,4.939,4.976,4.927,4.968,38114.99
2025-02-20 09:00:00,4.968,4.985,4.958,4.963,14856.405
2025-02-20 10:00:00,4.963,4.989,4.951,4.988,29464.627
2025-02-20 11:00:00,4.988,4.994,4.958,4.968,20705.81
2025-02-20 12:00:00,4.968,4.98,4.952,4.961,105572.331
2025-02-20 13:00:00,4.961,4.987,4.937,4.976,83648.883
2025-02-20 14:00:00,4.976,5.034,4.951,4.954,111320.111
2025-02-20 15:00:00,4.954,4.975,4.916,4.922,87122.568
2025-02-20 16:00:00,4.922,5.017,4.919,4.986,49779.467
2025-02-20 17:00:00,4.986,5.014,4.986,5.014,18160.068
2025-02-20 18:00:00,5.014,5.064,5.011,5.023,46547.692
2025-02-20 19:00:00,5.023,5.051,5.015,5.043,25937.205
2025-02-20 20:00:00,5.043,5.061,5.023,5.035,54779.123
2025-02-20 21:00:00,5.035,5.057,5.017,5.031,33661.462
2025-02-20 22:00:00,5.031,5.057,5.014,5.047,25427.902
2025-02-20 23:00:00,5.047,5.069,5.035,5.047,30498.338
2025-02-21 00:00:00,5.047,5.063,5.026,5.043,23706.251
2025-02-21 01:00:00,5.043,5.056,5.028,5.043,21429.24
2025-02-21 02:00:00,5.043,5.055,5.024,5.034,21780.711
2025-02-21 03:00:00,5.034,5.061,5.024,5.027,13678.07
2025-02-21 04:00:00,5.027,5.086,5.027,5.08,37103.593
2025-02-21 05:00:00,5.08,5.095,5.04,5.052,72842.437
2025-02-21 06:00:00,5.052,5.085,5.052,5.079,29338.609
2025-02-21 07:00:00,5.079,5.079,5.038,5.04,27936.222
2025-02-21 08:00:00,5.04,5.096,5.033,5.081,20752.27
2025-02-21 09:00:00,5.081,5.153,5.081,5.108,72993.082
2025-02-21 10:00:00,5.108,5.154,5.097,5.146,33289.047
2025-02-21 11:00:00,5.146,5.183,5.133,5.158,43260.721
2025-02-21 12:00:00,5.158,5.212,5.155,5.212,85215.242
2025-02-21 13:00:00,5.212,5.338,5.204,5.321,198358.867
2025-02-21 14:00:00,5.321,5.329,5.234,5.304,123066.084
2025-02-21 15:00:00,5.304,5.327,5.095,5.204,163332.127
2025-02-21 16:00:00,5.204,5.268,5.183,5.246,281031.812
2025-02-21 17:00:00,5.246,5.293,5.126,5.135,305390.862
2025-02-21 18:00:00,5.135,5.157,5.1,5.101,221919.206
2025-02-21 19:00:00,5.101,5.114,4.939,4.972,323346.148
2025-02-21 20:00:00,4.972,5.055,4.962,5.024,163002.509
2025-02-21 21:00:00,5.024,5.055,4.967,5.016,68354.091
2025-02-21 22:00:00,5.016,5.095,5.01,5.068,130091.961
2025-02-21 23:00:00,5.068,5.068,5.016,5.038,10548.744
2025-02-22 00:00:00,5.038,5.195,5.025,5.17,70771.9
2025-02-22 01:00:00,5.17,5.193,5.141,5.151,32775.207
2025-02-22 02:00:00,5.151,5.153,5.107,5.12,79896.552
2025-02-22 03:00:00,5.12,5.141,5.098,5.13,127653.608
2025-02-22 04:00:00,5.13,5.18,5.122,5.174,76465.918
2025-02-22 05:00:00,5.174,5.19,5.153,5.157,43235.429
2025-02-22 06:00:00,5.157,5.166,5.07,5.105,53647.746
2025-02-22 07:00:00,5.105,5.128,5.089,5.092,51345.358
2025-02-22 08:00:00,5.092,5.099,5.069,5.086,38622.238
2025-02-22 09:00:00,5.086,5.12,5.085,5.101,47856.008
2025-02-22 10:00:00,5.101,5.122,5.086,5.087,20138.096
2025-02-22 11:00:00,5.087,5.107,5.084,5.089,15989.16
2025-02-22 12:00:00,5.089,5.114,5.061,5.108,52182.145
2025-02-22 13:00:00,5.108,5.131,5.077,5.077,61924.055
2025-02-22 14:00:00,5.077,5.085,5.037,5.039,40225.731
2025-02-22 15:00:00,5.039,5.072,5.024,5.067,99842.95
2025-02-22 16:00:00,5.067,5.103,5.067,5.083,41636.206
2025-02-22 17:00:00,5.083,5.142,5.076,5.134,34030.237
2025-02-22 18:00:00,5.134,5.14,5.096,5.111,21756.17
2025-02-22 19:00:00,5.111,5.112,5.085,5.089,26990.215
2025-02-22 20:00:00,5.089,5.09,5.049,5.056,22273.084
2025-02-22 21:00:00,5.056,5.069,5.049,5.061,26018.874
2025-02-22 22:00:00,5.061,5.069,5.045,5.051,26106.195
2025-02-22 23:00:00,5.051,5.057,5.028,5.04,15413.751
2025-02-23 00:00:00,5.04,5.09,5.029,5.09,21207.816
2025-02-23 01:00:00,5.09,5.126,5.054,5.069,19252.295
2025-02-23 02:00:00,5.069,5.079,5.039,5.041,9788.722
2025-02-23 03:00:00,5.041,5.072,5.03,5.058,4308.615
2025-02-23 04:00:00,5.058,5.06,5.033,5.034,5054.825
2025-02-23 05:00:00,5.034,5.059,5.03,5.044,4318.523
2025-02-23 06:00:00,5.044,5.059,5.024,5.049,22564.359
2025-02-23 07:00:00,5.049,5.11,5.047,5.103,20344.375
2025-02-23 08:00:00,5.103,5.116,5.081,5.089,16063.898
2025-02-23 09:00:00,5.089,5.092,5.054,5.071,9546.227
2025-02-23 10:00:00,5.071,5.075,5.032,5.043,10568.386
2025-02-23 11:00:00,5.043,5.054,5.011,5.011,11741.668
2025-02-23 12:00:00,5.011,5.027,4.98,4.994,21911.269
2025-02-23 13:00:00,4.994,5.034,4.994,5.021,7263.909
2025-02-23 14:00:00,5.021,5.03,4.989,4.995,15052.587
2025-02-23 15:00:00,4.995,5.023,4.946,4.954,20616.829
2025-02-23 16:00:00,4.954,4.979,4.95,4.957,19109.756
2025-02-23 17:00:00,4.957,4.993,4.957,4.974,6308.008
2025-02-23 18:00:00,4.974,4.975,4.929,4.94,9243.882
2025-02-23 19:00:00,4.94,4.953,4.935,4.941,47842.416
2025-02-23 20:00:00,4.941,4.948,4.925,4.948,9851.894
2025-02-23 21:00:00,4.948,4.948,4.918,4.935,12368.361
2025-02-23 22:00:00,4.935,4.938,4.907,4.924,5150.919
2025-02-23 23:00:00,4.924,4.979,4.924,4.956,14562.169
2025-02-24 00:00:00,4.956,4.988,4.929,4.939,13478.631
2025-02-24 01:00:00,4.939,4.942,4.869,4.885,22366.505
2025-02-24 02:00:00,4.885,4.902,4.853,4.862,16057.862
2025-02-24 03:00:00,4.862,4.862,4.789,4.795,50233.014
2025-02-24 04:00:00,4.795,4.798,4.742,4.778,40754.395
2025-02-24 05:00:00,4.778,4.826,4.763,4.818,10558.043
2025-02-24 06:00:00,4.818,4.829,4.796,4.816,18655.679
2025-02-24 07:00:00,4.816,4.832,4.791,4.801,5963.065
2025-02-24 08:00:00,4.801,4.803,4.696,4.71,898000.531
2025-02-24 09:00:00,4.71,4.787,4.704,4.751,56282.326
2025-02-24 10:00:00,4.751,4.758,4.66,4.707,52168.477
2025-02-24 11:00:00,4.707,4.741,4.685,4.732,27900.867
2025-02-24 12:00:00,4.732,4.735,4.702,4.722,13994.913
2025-02-24 13:00:00,4.722,4.761,4.69,4.717,14620.48
2025-02-24 14:00:00,4.717,4.733,4.647,4.657,49256.646
2025-02-24 15:00:00,4.657,4.695,4.61,4.669,82729.611
2025-02-24 16:00:00,4.669,4.694,4.648,4.653,26063.911
2025-02-24 17:00:00,4.653,4.711,4.649,4.683,14839.348
2025-02-24 18:00:00,4.683,4.703,4.645,4.65,6721.059
2025-02-24 19:00:00,4.65,4.673,4.581,4.62,24660.627
2025-02-24 20:00:00,4.62,4.677,4.608,4.633,9215.127
2025-02-24 21:00:00,4.633,4.659,4.598,4.598,15320.616
2025-02-24 22:00:00,4.598,4.598,4.337,4.393,256101.75
2025-02-24 23:00:00,4.393,4.487,4.386,4.414,81781.285
2025-02-25 00:00:00,4.414,4.451,4.3,4.367,89545.705
2025-02-25 01:00:00,4.367,4.423,4.309,4.37,44214.5
2025-02-25 02:00:00,4.37,4.456,4.321,4.444,46845.158
2025-02-25 03:00:00,4.444,4.463,4.377,4.391,44628.232
2025-02-25 04:00:00,4.391,4.406,4.324,4.356,53309.27
2025-02-25 05:00:00,4.356,4.425,4.331,4.411,46722.104
2025-02-25 06:00:00,4.411,4.419,4.331,4.332,52279.899
2025-02-25 07:00:00,4.332,4.342,4.136,4.268,239570.125
2025-02-25 08:00:00,4.268,4.35,4.245,4.314,58299.464
2025-02-25 09:00:00,4.314,4.333,4.234,4.252,87741.237
2025-02-25 10:00:00,4.252,4.333,4.187,4.303,117877.337
2025-02-25 11:00:00,4.303,4.411,4.236,4.406,85585.381
2025-02-25 12:00:00,4.406,4.515,4.365,4.435,237893.777
2025-02-25 13:00:00,4.435,4.463,4.406,4.431,157970.158
2025-02-25 14:00:00,4.431,4.469,4.332,4.358,64000.739
2025-02-25 15:00:00,4.358,4.463,4.328,4.429,49095.689
2025-02-25 16:00:00,4.429,4.499,4.371,4.466,49897.823
2025-02-25 17:00:00,4.466,4.535,4.444,4.523,40680.397
2025-02-25 18:00:00,4.523,4.559,4.482,4.502,83291.359
2025-02-25 19:00:00,4.502,4.638,4.494,4.637,52710.11
2025-02-25 20:00:00,4.637,4.757,4.61,4.712,120373.526
2025-02-25 21:00:00,4.712,4.722,4.652,4.717,21445.358
2025-02-25 22:00:00,4.717,4.733,4.664,4.695,29468.775
2025-02-25 23:00:00,4.695,4.709,4.615,4.639,46699.501
2025-02-26 00:00:00,4.639,4.65,4.593,4.595,33841.299
2025-02-26 01:00:00,4.595,4.676,4.594,4.666,12067.659
2025-02-26 02:00:00,4.666,4.736,4.643,4.724,29329.922
2025-02-26 03:00:00,4.724,4.745,4.706,4.708,32104.222
2025-02-26 04:00:00,4.708,4.759,4.687,4.741,31294.183
2025-02-26 05:00:00,4.741,4.753,4.694,4.702,21610.859
2025-02-26 06:00:00,4.702,4.767,4.702,4.751,36499.812
2025-02-26 07:00:00,4.751,4.799,4.734,4.764,77449.18
2025-02-26 08:00:00,4.764,4.778,4.72,4.743,48562.268
2025-02-26 09:00:00,4.743,4.841,4.741,4.838,39086.584
2025-02-26 10:00:00,4.838,4.856,4.805,4.846,59223.516
2025-02-26 11:00:00,4.846,4.87,4.802,4.804,60922.64
2025-02-26 12:00:00,4.804,4.852,4.742,4.778,362140.48
2025-02-26 13:00:00,4.778,4.815,4.751,4.759,53846.771
2025-02-26 14:00:00,4.759,4.835,4.635,4.824,157821.519
2025-02-26 15:00:00,4.824,4.902,4.824,4.846,77858.905
2025-02-26 16:00:00,4.846,4.925,4.789,4.903,32617.888
2025-02-26 17:00:00,4.903,4.93,4.778,4.82,51227.727
2025-02-26 18:00:00,4.82,4.842,4.663,4.68,139158.483
2025-02-26 19:00:00,4.68,4.747,4.646,4.688,43263.301
2025-02-26 20:00:00,4.688,4.862,4.616,4.818,86160.386
2025-02-26 21:00:00,4.818,4.821,4.755,4.801,41082.645
2025-02-26 22:00:00,4.801,4.867,4.792,4.803,46275.638
2025-02-26 23:00:00,4.803,4.83,4.738,4.753,18024.808
2025-02-27 00:00:00,4.753,4.778,4.715,4.752,18797.198
2025-02-27 01:00:00,4.752,4.884,4.724,4.864,42710.385
2025-02-27 02:00:00,4.864,4.91,4.798,4.812,34276.11
2025-02-27 03:00:00,4.812,4.863,4.795,4.852,25601.437
2025-02-27 04:00:00,4.852,4.89,4.808,4.833,17921.781
2025-02-27 05:00:00,4.833,4.89,4.833,4.883,13208.393
2025-02-27 06:00:00,4.883,4.928,4.855,4.909,16462.837
2025-02-27 07:00:00,4.909,5.037,4.909,5.0,65831.65
2025-02-27 08:00:00,5.0,5.047,4.972,4.982,48686.882
2025-02-27 09:00:00,4.982,5.088,4.979,5.055,45092.121
2025-02-27 10:00:00,5.055,5.173,5.049,5.159,65123.244
2025-02-27 11:00:00,5.159,5.182,5.065,5.068,64006.42
2025-02-27 12:00:00,5.068,5.126,5.049,5.059,59522.909
2025-02-27 13:00:00,5.059,5.116,5.039,5.06,95366.346
2025-02-27 14:00:00,5.06,5.138,5.027,5.063,72066.673
2025-02-27 15:00:00,5.063,5.169,5.028,5.087,69623.682
2025-02-27 16:00:00,5.087,5.112,4.977,4.982,89891.423
2025-02-27 17:00:00,4.982,5.016,4.95,4.994,48452.104
2025-02-27 18:00:00,4.994,5.03,4.983,4.992,26378.754
2025-02-27 19:00:00,4.992,4.992,4.906,4.923,65859.436
2025-02-27 20:00:00,4.923,4.93,4.852,4.886,58167.651
2025-02-27 21:00:00,4.886,4.906,4.845,4.897,71774.448
2025-02-27 22:00:00,4.897,4.957,4.866,4.947,30507.538
2025-02-27 23:00:00,4.947,4.955,4.894,4.936,74854.464
2025-02-28 00:00:00,4.936,4.936,4.848,4.848,28165.612
2025-02-28 01:00:00,4.848,4.865,4.686,4.705,124765.822
2025-02-28 02:00:00,4.705,4.756,4.6,4.653,458469.31
2025-02-28 03:00:00,4.653,4.72,4.593,4.604,51128.504
2025-02-28 04:00:00,4.604,4.624,4.531,4.581,100230.228
2025-02-28 05:00:00,4.581,4.601,4.508,4.556,46153.563
2025-02-28 06:00:00,4.556,4.58,4.489,4.536,91275.579
2025-02-28 07:00:00,4.536,4.603,4.501,4.538,58434.223
2025-02-28 08:00:00,4.538,4.562,4.449,4.561,95896.291
2025-02-28 09:00:00,4.561,4.676,4.548,4.642,72639.941
2025-02-28 10:00:00,4.642,4.647,4.544,4.55,25998.644
2025-02-28 11:00:00,4.55,4.613,4.548,4.576,61309.664
2025-02-28 12:00:00,4.576,4.592,4.484,4.577,94493.274
2025-02-28 13:00:00,4.577,4.67,4.562,4.615,79046.352
2025-02-28 14:00:00,4.615,4.701,4.613,4.675,39604.268
2025-02-28 15:00:00,4.675,4.796,4.669,4.743,43856.088
2025-02-28 16:00:00,4.743,4.754,4.685,4.701,33718.387
2025-02-28 17:00:00,4.701,4.722,4.668,4.669,24698.466
2025-02-28 18:00:00,4.669,4.759,4.663,4.729,39503.011
2025-02-28 19:00:00,4.729,4.746,4.71,4.722,23480.491
2025-02-28 20:00:00,4.722,4.735,4.676,4.701,16586.794
2025-02-28 21:00:00,4.701,4.741,4.695,4.717,11978.67
2025-02-28 22:00:00,4.717,4.733,4.689,4.702,9894.575
2025-02-28 23:00:00,4.702,4.736,4.7,4.712,2972.786
2025-03-01 00:00:00,4.712,4.732,4.688,4.711,9374.126
2025-03-01 01:00:00,4.711,4.796,4.703,4.793,19932.858
2025-03-01 02:00:00,4.793,4.818,4.767,4.782,26493.191
2025-03-01 03:00:00,4.782,4.783,4.718,4.724,36737.453
2025-03-01 04:00:00,4.724,4.769,4.718,4.747,17845.255
2025-03-01 05:00:00,4.747,4.748,4.7,4.706,15449.516
2025-03-01 06:00:00,4.706,4.709,4.651,4.667,19388.545
2025-03-01 07:00:00,4.667,4.671,4.618,4.619,12781.432
2025-03-01 08:00:00,4.619,4.66,4.618,4.651,25545.274
2025-03-01 09:00:00,4.651,4.686,4.62,4.637,14273.845
2025-03-01 10:00:00,4.637,4.637,4.581,4.585,27714.067
2025-03-01 11:00:00,4.585,4.598,4.556,4.583,30440.526
2025-03-01 12:00:00,4.583,4.594,4.557,4.585,22581.081
2025-03-01 13:00:00,4.585,4.596,4.525,4.563,98452.374
2025-03-01 14:00:00,4.563,4.583,4.55,4.569,26373.731
2025-03-01 15:00:00,4.569,4.59,4.552,4.581,17917.953
2025-03-01 16:00:00,4.581,4.609,4.565,4.607,18595.539
2025-03-01 17:00:00,4.607,4.607,4.579,4.59,15333.152
2025-03-01 18:00:00,4.59,4.638,4.578,4.617,17351.655
2025-03-01 19:00:00,4.617,4.654,4.61,4.649,15983.559
2025-03-01 20:00:00,4.649,4.65,4.625,4.649,16929.426
2025-03-01 21:00:00,4.649,4.712,4.637,4.704,24580.463
2025-03-01 22:00:00,4.704,4.731,4.659,4.674,16557.145
2025-03-01 23:00:00,4.674,4.682,4.636,4.664,10408.548
2025-03-02 00:00:00,4.664,4.693,4.639,4.675,8598.482
2025-03-02 01:00:00,4.675,4.701,4.664,4.687,7627.626
2025-03-02 02:00:00,4.687,4.712,4.666,4.681,11470.608
2025-03-02 03:00:00,4.681,4.705,4.68,4.683,3204.756
2025-03-02 04:00:00,4.683,4.7,4.666,4.674,3672.173
2025-03-02 05:00:00,4.674,4.69,4.659,4.668,6631.412
2025-03-02 06:00:00,4.668,4.682,4.639,4.664,15832.716
2025-03-02 07:00:00,4.664,4.67,4.628,4.63,10108.925
2025-03-02 08:00:00,4.63,4.631,4.6,4.616,13986.938
2025-03-02 09:00:00,4.616,4.664,4.615,4.642,16549.031
2025-03-02 10:00:00,4.642,4.665,4.636,4.652,13269.968
2025-03-02 11:00:00,4.652,4.652,4.626,4.638,73681.044
2025-03-02 12:00:00,4.638,4.638,4.609,4.622,34526.576
2025-03-02 13:00:00,4.622,4.626,4.589,4.613,17355.072
2025-03-02 14:00:00,4.613,4.622,4.568,4.595,10989.849
2025-03-02 15:00:00,4.595,4.844,4.583,4.749,206762.457
2025-03-02 16:00:00,4.749,5.101,4.741,5.044,446721.309
2025-03-02 17:00:00,5.044,5.179,4.991,5.099,218523.471
2025-03-02 18:00:00,5.099,5.13,5.012,5.048,96053.817
2025-03-02 19:00:00,5.048,5.115,5.029,5.107,50845.671
2025-03-02 20:00:00,5.107,5.127,5.071,5.112,62843.82
2025-03-02 21:00:00,5.112,5.151,5.085,5.121,43368.331
2025-03-02 22:00:00,5.121,5.15,5.088,5.145,30959.319
2025-03-02 23:00:00,5.145,5.227,5.126,5.201,89175.067
2025-03-03 00:00:00,5.201,5.247,5.139,5.195,51596.094
2025-03-03 01:00:00,5.195,5.209,5.114,5.126,31682.966
2025-03-03 02:00:00,5.126,5.137,5.054,5.13,25987.658
2025-03-03 03:00:00,5.13,5.137,5.063,5.096,12782.395
2025-03-03 04:00:00,5.096,5.124,5.075,5.115,11283.939
2025-03-03 05:00:00,5.115,5.144,5.099,5.142,20350.874
2025-03-03 06:00:00,5.142,5.148,4.909,4.945,82865.888
2025-03-03 07:00:00,4.945,4.975,4.895,4.967,47775.426
2025-03-03 08:00:00,4.967,4.975,4.82,4.85,56126.517
2025-03-03 09:00:00,4.85,4.901,4.806,4.884,50070.172
2025-03-03 10:00:00,4.884,4.942,4.87,4.931,49719.026
2025-03-03 11:00:00,4.931,4.937,4.883,4.913,23176.686
2025-03-03 12:00:00,4.913,4.974,4.893,4.941,40050.483
2025-03-03 13:00:00,4.941,5.023,4.937,4.997,43338.762
2025-03-03 14:00:00,4.997,5.0,4.802,4.808,64508.724
2025-03-03 15:00:00,4.808,4.944,4.805,4.863,74726.743
2025-03-03 16:00:00,4.863,4.886,4.825,4.848,21133.227
2025-03-03 17:00:00,4.848,4.913,4.829,4.864,39906.869
2025-03-03 18:00:00,4.864,4.87,4.626,4.646,169749.29
2025-03-03 19:00:00,4.646,4.692,4.457,4.492,210958.11
2025-03-03 20:00:00,4.492,4.552,4.446,4.511,91176.697
2025-03-03 21:00:00,4.511,4.555,4.435,4.447,49059.501
2025-03-03 22:00:00,4.447,4.551,4.447,4.54,17374.527
2025-03-03 23:00:00,4.54,4.54,4.469,4.475,28686.023
2025-03-04 00:00:00,4.475,4.515,4.437,4.455,39962.512
2025-03-04 01:00:00,4.455,4.472,4.229,4.268,248510.287
2025-03-04 02:00:00,4.268,4.301,4.145,4.277,291472.705
2025-03-04 03:00:00,4.277,4.296,4.192,4.226,41340.45
2025-03-04 04:00:00,4.226,4.283,4.217,4.251,29224.154
2025-03-04 05:00:00,4.251,4.339,4.24,4.295,60452.278
2025-03-04 06:00:00,4.295,4.32,4.276,4.283,66630.688
2025-03-04 07:00:00,4.283,4.289,4.241,4.248,31319.125
2025-03-04 08:00:00,4.248,4.313,4.236,4.299,58785.853
2025-03-04 09:00:00,4.299,4.305,4.237,4.241,36238.528
2025-03-04 10:00:00,4.241,4.259,4.211,4.239,51155.986
2025-03-04 11:00:00,4.239,4.285,4.223,4.23,40943.06
2025-03-04 12:00:00,4.23,4.24,4.166,4.222,45421.108
2025-03-04 13:00:00,4.222,4.222,4.119,4.142,87354.333
2025-03-04 14:00:00,4.142,4.359,4.131,4.179,132615.911
2025-03-04 15:00:00,4.179,4.24,4.107,4.223,72193.268
2025-03-04 16:00:00,4.223,4.241,4.015,4.181,146768.39
2025-03-04 17:00:00,4.181,4.325,4.172,4.271,51572.576
2025-03-04 18:00:00,4.271,4.346,4.264,4.336,39928.773
2025-03-04 19:00:00,4.336,4.387,4.312,4.377,35537.374
2025-03-04 20:00:00,4.377,4.386,4.285,4.29,42398.978
2025-03-04 21:00:00,4.29,4.422,4.281,4.35,54307.907
2025-03-04 22:00:00,4.35,4.382,4.337,4.34,14956.641
2025-03-04 23:00:00,4.34,4.347,4.309,4.327,16345.936
2025-03-05 00:00:00,4.327,4.354,4.29,4.311,24350.672
2025-03-05 01:00:00,4.311,4.367,4.28,4.367,18441.543
2025-03-05 02:00:00,4.367,4.399,4.337,4.368,24603.735
2025-03-05 03:00:00,4.368,4.378,4.289,4.291,18990.56
2025-03-05 04:00:00,4.291,4.322,4.29,4.306,10050.418
2025-03-05 05:00:00,4.306,4.32,4.293,4.31,7465.745
2025-03-05 06:00:00,4.31,4.332,4.279,4.324,13229.388
2025-03-05 07:00:00,4.324,4.344,4.303,4.339,26376.04
2025-03-05 08:00:00,4.339,4.387,4.331,4.372,52937.752
2025-03-05 09:00:00,4.372,4.45,4.368,4.421,55333.58
2025-03-05 10:00:00,4.421,4.483,4.399,4.439,59515.054
2025-03-05 11:00:00,4.439,4.444,4.391,4.401,51856.789
2025-03-05 12:00:00,4.401,4.444,4.396,4.409,28620.14
2025-03-05 13:00:00,4.409,4.421,4.365,4.396,56742.56
2025-03-05 14:00:00,4.396,4.415,4.335,4.348,50634.411
2025-03-05 15:00:00,4.348,4.411,4.31,4.366,82411.133
2025-03-05 16:00:00,4.366,4.393,4.333,4.383,30220.415
2025-03-05 17:00:00,4.383,4.449,4.375,4.418,20828.92
2025-03-05 18:00:00,4.418,4.462,4.388,4.457,37827.0
2025-03-05 19:00:00,4.457,4.496,4.457,4.49,37507.3
2025-03-05 20:00:00,4.49,4.546,4.49,4.53,18018.982
2025-03-05 21:00:00,4.53,4.547,4.507,4.542,20885.632
2025-03-05 22:00:00,4.542,4.55,4.513,4.522,24623.123
2025-03-05 23:00:00,4.522,4.542,4.498,4.526,18028.042
2025-03-06 00:00:00,4.526,4.543,4.476,4.485,18698.981
2025-03-06 01:00:00,4.485,4.557,4.453,4.507,23116.581
2025-03-06 02:00:00,4.507,4.55,4.505,4.542,15294.686
2025-03-06 03:00:00,4.542,4.559,4.526,4.559,12550.014
2025-03-06 04:00:00,4.559,4.63,4.55,4.618,43105.287
2025-03-06 05:00:00,4.618,4.663,4.604,4.632,53530.662
2025-03-06 06:00:00,4.632,4.639,4.576,4.58,40023.182
2025-03-06 07:00:00,4.58,4.584,4.522,4.531,32008.108
2025-03-06 08:00:00,4.531,4.577,4.529,4.564,29879.242
2025-03-06 09:00:00,4.564,4.565,4.523,4.538,34349.098
2025-03-06 10:00:00,4.538,4.603,4.535,4.591,51681.312
2025-03-06 11:00:00,4.591,4.597,4.569,4.575,22035.94
2025-03-06 12:00:00,4.575,4.582,4.488,4.51,45153.819
2025-03-06 13:00:00,4.51,4.529,4.471,4.477,32797.448
2025-03-06 14:00:00,4.477,4.516,4.428,4.465,38256.939
2025-03-06 15:00:00,4.465,4.537,4.461,4.496,32990.655
2025-03-06 16:00:00,4.496,4.514,4.428,4.434,32171.958
2025-03-06 17:00:00,4.434,4.434,4.364,4.39,48689.613
2025-03-06 18:00:00,4.39,4.403,4.363,4.384,30545.08
2025-03-06 19:00:00,4.384,4.413,4.343,4.377,37752.552
2025-03-06 20:00:00,4.377,4.411,4.373,4.398,22489.468
2025-03-06 21:00:00,4.398,4.459,4.397,4.432,61804.264
2025-03-06 22:00:00,4.432,4.494,4.432,4.446,46174.59
2025-03-06 23:00:00,4.446,4.468,4.427,4.429,105516.147
2025-03-07 00:00:00,4.429,4.476,4.212,4.232,248055.853
2025-03-07 01:00:00,4.232,4.427,4.215,4.394,66665.417
2025-03-07 02:00:00,4.394,4.458,4.384,4.425,34072.382
2025-03-07 03:00:00,4.425,4.441,4.375,4.376,24014.689
2025-03-07 04:00:00,4.376,4.42,4.369,4.391,26720.536
2025-03-07 05:00:00,4.391,4.457,4.386,4.435,12582.929
2025-03-07 06:00:00,4.435,4.483,4.417,4.474,18981.412
2025-03-07 07:00:00,4.474,4.553,4.467,4.548,46490.979
2025-03-07 08:00:00,4.548,4.575,4.524,4.547,43603.595
2025-03-07 09:00:00,4.547,4.636,4.54,4.584,51764.017
2025-03-07 10:00:00,4.584,4.604,4.561,4.602,37907.52
2025-03-07 11:00:00,4.602,4.636,4.595,4.627,42524.982
2025-03-07 12:00:00,4.627,4.673,4.579,4.602,80270.042
2025-03-07 13:00:00,4.602,4.677,4.586,4.597,131286.218
2025-03-07 14:00:00,4.597,4.652,4.554,4.607,69989.825
2025-03-07 15:00:00,4.607,4.64,4.521,4.579,67531.593
2025-03-07 16:00:00,4.579,4.586,4.479,4.507,69707.035
2025-03-07 17:00:00,4.507,4.566,4.465,4.533,44852.237
2025-03-07 18:00:00,4.533,4.625,4.524,4.605,37992.85
2025-03-07 19:00:00,4.605,4.621,4.535,4.554,23505.28
2025-03-07 20:00:00,4.554,4.578,4.504,4.526,25134.619
2025-03-07 21:00:00,4.526,4.53,4.434,4.461,96088.571
2025-03-07 22:00:00,4.461,4.474,4.415,4.456,18386.854
2025-03-07 23:00:00,4.456,4.456,4.373,4.413,25104.857
2025-03-08 00:00:00,4.413,4.445,4.376,4.434,33840.292
2025-03-08 01:00:00,4.434,4.442,4.323,4.354,31024.298
2025-03-08 02:00:00,4.354,4.392,4.313,4.384,35961.776
2025-03-08 03:00:00,4.384,4.406,4.336,4.392,9299.194
2025-03-08 04:00:00,4.392,4.422,4.371,4.421,13851.254
2025-03-08 05:00:00,4.421,4.421,4.366,4.375,11088.474
2025-03-08 06:00:00,4.375,4.385,4.354,4.367,12149.558
2025-03-08 07:00:00,4.367,4.395,4.362,4.378,11600.614
2025-03-08 08:00:00,4.378,4.388,4.344,4.354,17055.896
2025-03-08 09:00:00,4.354,4.409,4.327,4.331,27916.509
2025-03-08 10:00:00,4.331,4.375,4.331,4.362,12857.025
2025-03-08 11:00:00,4.362,4.362,4.29,4.332,56596.959
2025-03-08 12:00:00,4.332,4.397,4.332,4.381,15756.636
2025-03-08 13:00:00,4.381,4.405,4.365,4.368,297079.62
2025-03-08 14:00:00,4.368,4.395,4.339,4.351,50564.258
2025-03-08 15:00:00,4.351,4.363,4.331,4.34,16491.665
2025-03-08 16:00:00,4.34,4.346,4.259,4.306,52766.226
2025-03-08 17:00:00,4.306,4.345,4.277,4.321,34183.735
2025-03-08 18:00:00,4.321,4.367,4.31,4.354,34378.269
2025-03-08 19:00:00,4.354,4.374,4.336,4.356,13194.978
2025-03-08 20:00:00,4.356,4.357,4.328,4.329,15213.822
2025-03-08 21:00:00,4.329,4.345,4.314,4.314,11746.681
2025-03-08 22:00:00,4.314,4.316,4.266,4.304,14959.275
2025-03-08 23:00:00,4.304,4.313,4.279,4.29,14414.494
2025-03-09 00:00:00,4.29,4.312,4.272,4.296,52575.457
2025-03-09 01:00:00,4.296,4.312,4.28,4.285,82671.446
2025-03-09 02:00:00,4.285,4.297,4.268,4.288,25305.24
2025-03-09 03:00:00,4.288,4.35,4.287,4.31,42247.228
2025-03-09 04:00:00,4.31,4.338,4.301,4.337,21846.299
2025-03-09 05:00:00,4.337,4.348,4.316,4.32,20343.263
2025-03-09 06:00:00,4.32,4.32,4.291,4.297,30234.993
2025-03-09 07:00:00,4.297,4.34,4.292,4.317,14585.255
2025-03-09 08:00:00,4.317,4.318,4.291,4.292,20034.973
2025-03-09 09:00:00,4.292,4.298,4.252,4.258,43729.768
2025-03-09 10:00:00,4.258,4.275,4.204,4.212,69454.686
2025-03-09 11:00:00,4.212,4.248,4.203,4.224,66921.37
2025-03-09 12:00:00,4.224,4.242,4.182,4.241,35930.354
2025-03-09 13:00:00,4.241,4.268,4.187,4.188,83989.26
2025-03-09 14:00:00,4.188,4.23,4.172,4.211,44606.263
2025-03-09 15:00:00,4.211,4.23,4.133,4.163,40383.277
2025-03-09 16:00:00,4.163,4.19,4.079,4.082,81406.639
2025-03-09 17:00:00,4.082,4.123,3.991,4.008,362950.67
2025-03-09 18:00:00,4.008,4.069,3.979,4.023,100650.759
2025-03-09 19:00:00,4.023,4.072,4.02,4.06,48208.534
2025-03-09 20:00:00,4.06,4.093,4.045,4.061,30988.646
2025-03-09 21:00:00,4.061,4.07,3.992,4.005,47230.558
2025-03-09 22:00:00,4.005,4.034,3.988,4.016,46435.415
2025-03-09 23:00:00,4.016,4.058,3.994,4.015,35464.025
2025-03-10 00:00:00,4.015,4.092,3.971,4.074,55088.847
2025-03-10 01:00:00,4.074,4.11,4.052,4.095,31920.986
2025-03-10 02:00:00,4.095,4.182,4.092,4.172,51180.061
2025-03-10 03:00:00,4.172,4.225,4.152,4.202,77562.381
2025-03-10 04:00:00,4.202,4.25,4.199,4.216,53346.437
2025-03-10 05:00:00,4.216,4.229,4.159,4.17,49587.346
2025-03-10 06:00:00,4.17,4.179,4.149,4.166,21973.747
2025-03-10 07:00:00,4.166,4.191,4.15,4.169,18346.314
2025-03-10 08:00:00,4.169,4.173,4.123,4.15,33033.996
2025-03-10 09:00:00,4.15,4.284,4.136,4.187,98775.621
2025-03-10 10:00:00,4.187,4.206,4.156,4.196,29096.628
2025-03-10 11:00:00,4.196,4.232,4.175,4.217,21657.065
2025-03-10 12:00:00,4.217,4.239,4.195,4.22,59388.131
2025-03-10 13:00:00,4.22,4.229,4.112,4.122,96444.411
2025-03-10 14:00:00,4.122,4.122,3.995,4.028,100641.784
2025-03-10 15:00:00,4.028,4.12,4.01,4.065,56008.597
2025-03-10 16:00:00,4.065,4.083,4.001,4.011,45886.337
2025-03-10 17:00:00,4.011,4.023,3.895,3.91,152726.734
2025-03-10 18:00:00,3.91,3.966,3.779,3.786,226682.513
2025-03-10 19:00:00,3.786,3.964,3.773,3.935,179113.642
2025-03-10 20:00:00,3.935,3.944,3.869,3.917,74720.412
2025-03-10 21:00:00,3.917,3.964,3.897,3.951,73349.565
2025-03-10 22:00:00,3.951,3.974,3.909,3.92,33394.092
2025-03-10 23:00:00,3.92,3.943,3.864,3.869,47058.084
2025-03-11 00:00:00,3.869,3.913,3.652,3.734,591285.501
2025-03-11 01:00:00,3.734,3.885,3.67,3.885,203326.643
2025-03-11 02:00:00,3.885,3.927,3.862,3.898,105891.586
2025-03-11 03:00:00,3.898,3.924,3.88,3.883,56892.244
2025-03-11 04:00:00,3.883,3.928,3.879,3.904,36285.182
2025-03-11 05:00:00,3.904,3.987,3.901,3.956,55747.154
2025-03-11 06:00:00,3.956,3.984,3.937,3.939,36211.304
2025-03-11 07:00:00,3.939,3.991,3.938,3.948,39153.532
2025-03-11 08:00:00,3.948,3.999,3.937,3.975,28863.369
2025-03-11 09:00:00,3.975,4.0,3.968,3.972,66067.783
2025-03-11 10:00:00,3.972,4.007,3.958,3.988,28300.344
2025-03-11 11:00:00,3.988,4.024,3.965,3.998,37020.016
2025-03-11 12:00:00,3.998,4.003,3.932,3.939,82836.933
2025-03-11 13:00:00,3.939,4.021,3.891,3.946,215333.103
2025-03-11 14:00:00,3.946,3.97,3.817,3.858,126653.033
2025-03-11 15:00:00,3.858,3.99,3.852,3.974,50552.283
2025-03-11 16:00:00,3.974,4.037,3.948,4.003,85902.529
2025-03-11 17:00:00,4.003,4.007,3.935,3.964,29574.174
2025-03-11 18:00:00,3.964,4.121,3.964,4.095,82434.522
2025-03-11 19:00:00,4.095,4.115,4.066,4.105,42704.628
2025-03-11 20:00:00,4.105,4.114,4.077,4.077,18389.983
2025-03-11 21:00:00,4.077,4.104,4.074,4.083,35419.812
2025-03-11 22:00:00,4.083,4.104,4.079,4.096,29362.618
2025-03-11 23:00:00,4.096,4.098,4.034,4.043,30410.239
2025-03-12 00:00:00,4.043,4.056,3.997,4.017,20353.825
2025-03-12 01:00:00,4.017,4.095,4.016,4.067,21821.446
2025-03-12 02:00:00,4.067,4.074,3.995,4.005,27629.248
2025-03-12 03:00:00,4.005,4.017,3.95,3.954,31033.246
2025-03-12 04:00:00,3.954,3.966,3.913,3.938,45164.829
2025-03-12 05:00:00,3.938,3.982,3.935,3.976,66716.578
2025-03-12 06:00:00,3.976,3.986,3.945,3.981,15352.671
2025-03-12 07:00:00,3.981,4.015,3.931,3.989,75771.948
2025-03-12 08:00:00,3.989,4.064,3.973,4.033,87942.254
2025-03-12 09:00:00,4.033,4.067,3.951,3.981,63961.631
2025-03-12 10:00:00,3.981,3.996,3.955,3.973,18385.478
2025-03-12 11:00:00,3.973,4.022,3.971,4.02,38665.631
2025-03-12 12:00:00,4.02,4.096,3.991,4.044,163487.086
2025-03-12 13:00:00,4.044,4.06,3.939,3.961,56124.358
2025-03-12 14:00:00,3.961,3.976,3.906,3.907,75643.114
2025-03-12 15:00:00,3.907,3.935,3.848,3.933,56873.993
2025-03-12 16:00:00,3.933,3.977,3.919,3.951,42630.106
2025-03-12 17:00:00,3.951,3.987,3.927,3.929,25027.824
2025-03-12 18:00:00,3.929,3.979,3.925,3.956,17673.775
2025-03-12 19:00:00,3.956,3.986,3.94,3.973,15855.604
2025-03-12 20:00:00,3.973,3.989,3.948,3.951,38813.228
2025-03-12 21:00:00,3.951,3.998,3.95,3.967,21376.297
2025-03-12 22:00:00,3.967,3.978,3.955,3.972,15047.412
2025-03-12 23:00:00,3.972,3.98,3.954,3.968,15497.531
2025-03-13 00:00:00,3.968,3.976,3.933,3.945,32496.805
2025-03-13 01:00:00,3.945,4.003,3.927,3.99,83332.625
2025-03-13 02:00:00,3.99,4.03,3.966,3.971,27275.094
2025-03-13 03:00:00,3.971,4.006,3.963,3.974,30543.288
2025-03-13 04:00:00,3.974,3.987,3.939,3.951,24957.204
2025-03-13 05:00:00,3.951,3.981,3.934,3.94,25459.229
2025-03-13 06:00:00,3.94,3.946,3.913,3.941,28489.118
2025-03-13 07:00:00,3.941,3.969,3.934,3.949,15859.613
2025-03-13 08:00:00,3.949,3.968,3.922,3.964,27541.652
2025-03-13 09:00:00,3.964,4.034,3.963,4.034,31612.36
2025-03-13 10:00:00,4.034,4.066,4.015,4.054,52207.453
2025-03-13 11:00:00,4.054,4.07,4.024,4.069,39085.822
2025-03-13 12:00:00,4.069,4.108,4.024,4.034,92302.892
2025-03-13 13:00:00,4.034,4.072,3.955,3.973,85918.343
2025-03-13 14:00:00,3.973,4.024,3.956,3.987,116039.022
2025-03-13 15:00:00,3.987,4.0,3.943,3.959,34633.31
2025-03-13 16:00:00,3.959,3.965,3.887,3.901,69141.302
2025-03-13 17:00:00,3.901,3.915,3.826,3.84,95679.515
2025-03-13 18:00:00,3.84,3.925,3.837,3.906,123835.784
2025-03-13 19:00:00,3.906,3.922,3.878,3.887,16851.575
2025-03-13 20:00:00,3.887,3.915,3.876,3.885,23205.405
2025-03-13 21:00:00,3.885,3.919,3.877,3.919,14232.756
2025-03-13 22:00:00,3.919,3.987,3.91,3.987,27343.697
2025-03-13 23:00:00,3.987,4.006,3.963,3.98,29085.405
2025-03-14 00:00:00,3.98,4.049,3.97,4.033,24587.357
2025-03-14 01:00:00,4.033,4.052,4.016,4.031,15456.442
2025-03-14 02:00:00,4.031,4.058,4.021,4.054,35000.717
2025-03-14 03:00:00,4.054,4.062,4.018,4.029,80156.602
2025-03-14 04:00:00,4.029,4.049,4.026,4.034,25656.739
2025-03-14 05:00:00,4.034,4.043,4.02,4.039,15069.755
2025-03-14 06:00:00,4.039,4.043,4.015,4.028,38819.977
2025-03-14 07:00:00,4.028,4.049,4.016,4.027,58816.523
2025-03-14 08:00:00,4.027,4.087,4.025,4.065,30232.152
2025-03-14 09:00:00,4.065,4.131,4.057,4.119,79597.563
2025-03-14 10:00:00,4.119,4.166,4.106,4.156,75916.827
2025-03-14 11:00:00,4.156,4.193,4.156,4.163,52564.128
2025-03-14 12:00:00,4.163,4.168,4.137,4.15,93913.88
2025-03-14 13:00:00,4.15,4.199,4.131,4.141,96591.958
2025-03-14 14:00:00,4.141,4.16,4.097,4.143,224068.884
2025-03-14 15:00:00,4.143,4.204,4.143,4.17,79726.296
2025-03-14 16:00:00,4.17,4.219,4.168,4.205,68881.539
2025-03-14 17:00:00,4.205,4.213,4.169,4.184,24688.595
2025-03-14 18:00:00,4.184,4.206,4.18,4.194,36285.985
2025-03-14 19:00:00,4.194,4.214,4.17,4.186,31825.486
2025-03-14 20:00:00,4.186,4.198,4.159,4.195,80302.365
2025-03-14 21:00:00,4.195,4.204,4.18,4.203,35589.655
2025-03-14 22:00:00,4.203,4.227,4.19,4.218,17451.462
2025-03-14 23:00:00,4.218,4.222,4.177,4.187,14791.782
2025-03-15 00:00:00,4.187,4.221,4.183,4.217,75828.365
2025-03-15 01:00:00,4.217,4.224,4.187,4.21,161384.418
2025-03-15 02:00:00,4.21,4.238,4.197,4.226,30693.367
2025-03-15 03:00:00,4.226,4.252,4.219,4.238,41214.202
2025-03-15 04:00:00,4.238,4.297,4.228,4.283,71872.927
2025-03-15 05:00:00,4.283,4.31,4.271,4.285,37319.067
2025-03-15 06:00:00,4.285,4.298,4.272,4.281,24675.265
2025-03-15 07:00:00,4.281,4.286,4.235,4.257,41850.65
2025-03-15 08:00:00,4.257,4.309,4.248,4.302,120309.942
2025-03-15 09:00:00,4.302,4.318,4.278,4.313,38244.028
2025-03-15 10:00:00,4.313,4.342,4.298,4.326,49974.376
2025-03-15 11:00:00,4.326,4.352,4.318,4.349,42181.38
2025-03-15 12:00:00,4.349,4.395,4.344,4.388,85481.403
2025-03-15 13:00:00,4.388,4.412,4.382,4.396,43130.925
2025-03-15 14:00:00,4.396,4.413,4.364,4.401,64023.518
2025-03-15 15:00:00,4.401,4.428,4.37,4.379,68542.301
2025-03-15 16:00:00,4.379,4.404,4.357,4.395,70782.049
2025-03-15 17:00:00,4.395,4.402,4.372,4.385,49326.907
2025-03-15 18:00:00,4.385,4.394,4.356,4.365,93995.422
2025-03-15 19:00:00,4.365,4.366,4.335,4.354,54272.297
2025-03-15 20:00:00,4.354,4.376,4.348,4.376,40529.509
2025-03-15 21:00:00,4.376,4.402,4.371,4.384,27191.304
2025-03-15 22:00:00,4.384,4.393,4.364,4.375,16285.253
2025-03-15 23:00:00,4.375,4.376,4.344,4.35,36076.373
2025-03-16 00:00:00,4.35,4.361,4.333,4.339,23420.773
2025-03-16 01:00:00,4.339,4.348,4.308,4.309,19416.201
2025-03-16 02:00:00,4.309,4.327,4.294,4.307,27377.684
2025-03-16 03:00:00,4.307,4.341,4.303,4.331,9759.357
2025-03-16 04:00:00,4.331,4.349,4.324,4.34,13177.955
2025-03-16 05:00:00,4.34,4.357,4.337,4.349,21652.709
2025-03-16 06:00:00,4.349,4.349,4.317,4.317,15784.136
2025-03-16 07:00:00,4.317,4.333,4.303,4.315,48133.11
2025-03-16 08:00:00,4.315,4.327,4.309,4.317,40761.061
2025-03-16 09:00:00,4.317,4.32,4.261,4.268,125749.267
2025-03-16 10:00:00,4.268,4.281,4.253,4.256,14229.275
2025-03-16 11:00:00,4.256,4.257,4.185,4.198,95435.488
2025-03-16 12:00:00,4.198,4.255,4.197,4.234,78174.317
2025-03-16 13:00:00,4.234,4.262,4.196,4.204,48077.357
2025-03-16 14:00:00,4.204,4.254,4.203,4.254,30168.308
2025-03-16 15:00:00,4.254,4.262,4.224,4.238,39888.458
2025-03-16 16:00:00,4.238,4.342,4.231,4.291,74125.263
2025-03-16 17:00:00,4.291,4.319,4.253,4.276,17538.757
2025-03-16 18:00:00,4.276,4.281,4.25,4.259,23188.722
2025-03-16 19:00:00,4.259,4.264,4.205,4.231,30031.935
2025-03-16 20:00:00,4.231,4.349,4.226,4.349,28930.927
2025-03-16 21:00:00,4.349,4.365,4.293,4.311,45197.465
2025-03-16 22:00:00,4.311,4.336,4.292,4.304,29152.699
2025-03-16 23:00:00,4.304,4.313,4.27,4.303,21608.147
2025-03-17 00:00:00,4.303,4.399,4.298,4.39,58421.107
2025-03-17 01:00:00,4.39,4.451,4.383,4.441,91792.704
2025-03-17 02:00:00,4.441,4.469,4.406,4.435,47655.583
2025-03-17 03:00:00,4.435,4.467,4.43,4.436,34050.13
2025-03-17 04:00:00,4.436,4.444,4.408,4.423,34941.02
2025-03-17 05:00:00,4.423,4.423,4.378,4.382,53506.141
2025-03-17 06:00:00,4.382,4.399,4.343,4.39,43245.592
2025-03-17 07:00:00,4.39,4.406,4.384,4.39,38057.838
2025-03-17 08:00:00,4.39,4.406,4.362,4.39,72480.426
2025-03-17 09:00:00,4.39,4.437,4.389,4.412,72584.983
2025-03-17 10:00:00,4.412,4.414,4.371,4.384,39070.597
2025-03-17 11:00:00,4.384,4.39,4.364,4.372,26452.809
2025-03-17 12:00:00,4.372,4.419,4.336,4.345,176817.508
2025-03-17 13:00:00,4.345,4.381,4.326,4.355,49505.692
2025-03-17 14:00:00,4.355,4.379,4.339,4.356,66720.405
2025-03-17 15:00:00,4.356,4.39,4.34,4.374,41663.158
2025-03-17 16:00:00,4.374,4.392,4.341,4.361,29001.451
2025-03-17 17:00:00,4.361,4.402,4.352,4.388,21423.188
2025-03-17 18:00:00,4.388,4.431,4.384,4.43,32597.625
2025-03-17 19:00:00,4.43,4.437,4.403,4.405,30926.515
2025-03-17 20:00:00,4.405,4.422,4.392,4.407,22570.928
2025-03-17 21:00:00,4.407,4.435,4.406,4.411,23201.659
2025-03-17 22:00:00,4.411,4.419,4.387,4.387,6652.077
2025-03-17 23:00:00,4.387,4.411,4.369,4.37,77195.579
2025-03-18 00:00:00,4.37,4.371,4.336,4.349,36118.254
2025-03-18 01:00:00,4.349,4.361,4.284,4.295,30464.464
2025-03-18 02:00:00,4.295,4.318,4.292,4.307,23609.302
2025-03-18 03:00:00,4.307,4.307,4.259,4.263,61377.526
2025-03-18 04:00:00,4.263,4.28,4.246,4.256,30858.21
2025-03-18 05:00:00,4.256,4.295,4.256,4.28,28205.302
2025-03-18 06:00:00,4.28,4.291,4.234,4.246,27651.599
2025-03-18 07:00:00,4.246,4.312,4.239,4.299,56946.413
2025-03-18 08:00:00,4.299,4.335,4.295,4.317,136139.803
2025-03-18 09:00:00,4.317,4.329,4.281,4.282,39549.326
2025-03-18 10:00:00,4.282,4.296,4.265,4.274,32612.631
2025-03-18 11:00:00,4.274,4.29,4.253,4.263,18675.178
2025-03-18 12:00:00,4.263,4.291,4.259,4.279,25942.187
2025-03-18 13:00:00,4.279,4.335,4.255,4.28,183161.821
2025-03-18 14:00:00,4.28,4.33,4.27,4.32,115558.407
2025-03-18 15:00:00,4.32,4.322,4.28,4.281,33503.309
2025-03-18 16:00:00,4.281,4.305,4.259,4.277,36137.94
2025-03-18 17:00:00,4.277,4.281,4.242,4.271,40232.891
2025-03-18 18:00:00,4.271,4.317,4.264,4.312,34338.165
2025-03-18 19:00:00,4.312,4.4,4.309,4.384,66115.556
2025-03-18 20:00:00,4.384,4.401,4.36,4.4,46696.439
2025-03-18 21:00:00,4.4,4.432,4.391,4.42,97526.532
2025-03-18 22:00:00,4.42,4.487,4.406,4.476,74159.832
2025-03-18 23:00:00,4.476,4.488,4.452,4.452,63370.464
2025-03-19 00:00:00,4.452,4.512,4.452,4.49,78250.17
2025-03-19 01:00:00,4.49,4.508,4.447,4.45,65911.95
2025-03-19 02:00:00,4.45,4.504,4.438,4.496,94163.856
2025-03-19 03:00:00,4.496,4.534,4.484,4.527,54671.132
2025-03-19 04:00:00,4.527,4.545,4.508,4.533,56163.575
2025-03-19 05:00:00,4.533,4.549,4.497,4.498,57474.755
2025-03-19 06:00:00,4.498,4.556,4.497,4.546,83833.883
2025-03-19 07:00:00,4.546,4.546,4.507,4.509,57904.84
2025-03-19 08:00:00,4.509,4.522,4.481,4.488,78706.041
2025-03-19 09:00:00,4.488,4.517,4.488,4.504,52760.423
2025-03-19 10:00:00,4.504,4.523,4.473,4.487,108995.824
2025-03-19 11:00:00,4.487,4.559,4.483,4.537,100757.544
2025-03-19 12:00:00,4.537,4.544,4.49,4.509,46481.43
2025-03-19 13:00:00,4.509,4.59,4.496,4.556,206591.551
2025-03-19 14:00:00,4.556,4.567,4.506,4.518,79498.418
2025-03-19 15:00:00,4.518,4.557,4.503,4.535,95140.823
2025-03-19 16:00:00,4.535,4.55,4.51,4.538,74187.584
2025-03-19 17:00:00,4.538,4.54,4.469,4.499,104621.864
2025-03-19 18:00:00,4.499,4.577,4.457,4.56,198566.582
2025-03-19 19:00:00,4.56,4.597,4.54,4.564,87108.78
2025-03-19 20:00:00,4.564,4.573,4.505,4.511,55602.4
2025-03-19 21:00:00,4.511,4.548,4.509,4.541,14650.777
2025-03-19 22:00:00,4.541,4.579,4.531,4.553,53201.889
2025-03-19 23:00:00,4.553,4.557,4.527,4.536,418094.59
2025-03-20 00:00:00,4.536,4.567,4.52,4.536,160182.775
2025-03-20 01:00:00,4.536,4.542,4.488,4.49,74501.339
2025-03-20 02:00:00,4.49,4.501,4.475,4.498,42468.851
2025-03-20 03:00:00,4.498,4.501,4.471,4.475,39642.018
2025-03-20 04:00:00,4.475,4.475,4.451,4.458,46486.86
2025-03-20 05:00:00,4.458,4.46,4.435,4.448,43978.998
2025-03-20 06:00:00,4.448,4.464,4.441,4.457,40802.496
2025-03-20 07:00:00,4.457,4.478,4.453,4.47,43042.772
2025-03-20 08:00:00,4.47,4.499,4.457,4.492,44386.211
2025-03-20 09:00:00,4.492,4.492,4.443,4.453,118759.941
2025-03-20 10:00:00,4.453,4.453,4.387,4.389,88025.064
2025-03-20 11:00:00,4.389,4.407,4.385,4.398,28627.545
2025-03-20 12:00:00,4.398,4.41,4.385,4.404,27017.2
2025-03-20 13:00:00,4.404,4.433,4.392,4.413,53457.293
2025-03-20 14:00:00,4.413,4.457,4.412,4.446,63662.25
2025-03-20 15:00:00,4.446,4.449,4.385,4.389,73161.039
2025-03-20 16:00:00,4.389,4.407,4.344,4.357,90317.913
2025-03-20 17:00:00,4.357,4.381,4.353,4.367,78109.39
2025-03-20 18:00:00,4.367,4.382,4.331,4.334,57653.945
2025-03-20 19:00:00,4.334,4.351,4.326,4.344,50408.915
2025-03-20 20:00:00,4.344,4.398,4.34,4.377,58882.944
2025-03-20 21:00:00,4.377,4.401,4.348,4.348,38906.459
2025-03-20 22:00:00,4.348,4.401,4.345,4.386,138160.487
2025-03-20 23:00:00,4.386,4.401,4.364,4.399,40413.703
2025-03-21 00:00:00,4.399,4.45,4.391,4.428,138745.009
2025-03-21 01:00:00,4.428,4.475,4.422,4.473,43171.208
2025-03-21 02:00:00,4.473,4.539,4.469,4.536,61810.379
2025-03-21 03:00:00,4.536,4.54,4.463,4.463,40629.79
2025-03-21 04:00:00,4.463,4.549,4.463,4.548,63364.717
2025-03-21 05:00:00,4.548,4.553,4.502,4.531,104029.094
2025-03-21 06:00:00,4.531,4.567,4.514,4.527,59558.659
2025-03-21 07:00:00,4.527,4.551,4.493,4.511,43713.043
2025-03-21 08:00:00,4.511,4.537,4.459,4.489,48976.85
2025-03-21 09:00:00,4.489,4.518,4.476,4.481,60308.142
2025-03-21 10:00:00,4.481,4.488,4.436,4.457,115005.898
2025-03-21 11:00:00,4.457,4.457,4.41,4.425,68190.14
2025-03-21 12:00:00,4.425,4.46,4.387,4.394,47336.275
2025-03-21 13:00:00,4.394,4.439,4.38,4.43,61904.367
2025-03-21 14:00:00,4.43,4.451,4.392,4.441,21497.472
2025-03-21 15:00:00,4.441,4.47,4.412,4.441,88543.526
2025-03-21 16:00:00,4.441,4.488,4.422,4.485,80697.748
2025-03-21 17:00:00,4.485,4.524,4.46,4.51,37051.587
2025-03-21 18:00:00,4.51,4.579,4.509,4.556,100078.278
2025-03-21 19:00:00,4.556,4.565,4.503,4.516,52639.423
2025-03-21 20:00:00,4.516,4.585,4.516,4.582,50500.88
2025-03-21 21:00:00,4.582,4.583,4.537,4.545,30899.894
2025-03-21 22:00:00,4.545,4.553,4.51,4.524,40418.277
2025-03-21 23:00:00,4.524,4.524,4.491,4.501,25245.762
2025-03-22 00:00:00,4.501,4.504,4.475,4.491,42148.237
2025-03-22 01:00:00,4.491,4.504,4.451,4.453,37664.267
2025-03-22 02:00:00,4.453,4.476,4.442,4.471,27843.805
2025-03-22 03:00:00,4.471,4.474,4.448,4.46,16893.954
2025-03-22 04:00:00,4.46,4.478,4.449,4.474,30424.616
2025-03-22 05:00:00,4.474,4.494,4.467,4.486,85020.803
2025-03-22 06:00:00,4.486,4.531,4.482,4.508,70299.741
2025-03-22 07:00:00,4.508,4.508,4.473,4.474,76461.53
2025-03-22 08:00:00,4.474,4.475,4.447,4.47,29761.886
2025-03-22 09:00:00,4.47,4.508,4.463,4.491,56606.185
2025-03-22 10:00:00,4.491,4.497,4.465,4.472,39498.431
2025-03-22 11:00:00,4.472,4.473,4.451,4.466,38359.282
2025-03-22 12:00:00,4.466,4.482,4.452,4.473,51344.757
2025-03-22 13:00:00,4.473,4.485,4.451,4.463,19995.21
2025-03-22 14:00:00,4.463,4.463,4.416,4.428,137783.026
2025-03-22 15:00:00,4.428,4.467,4.418,4.465,93798.319
2025-03-22 16:00:00,4.465,4.487,4.453,4.486,45745.312
2025-03-22 17:00:00,4.486,4.536,4.483,4.519,76074.715
2025-03-22 18:00:00,4.519,4.545,4.51,4.518,68063.124
2025-03-22 19:00:00,4.518,4.535,4.514,4.525,38237.756
2025-03-22 20:00:00,4.525,4.532,4.476,4.479,47945.747
2025-03-22 21:00:00,4.479,4.494,4.462,4.471,39304.135
2025-03-22 22:00:00,4.471,4.484,4.461,4.461,23909.091
2025-03-22 23:00:00,4.461,4.462,4.429,4.447,41327.076
2025-03-23 00:00:00,4.447,4.468,4.432,4.454,67963.594
2025-03-23 01:00:00,4.454,4.467,4.441,4.456,27285.72
2025-03-23 02:00:00,4.456,4.458,4.438,4.448,10244.886
2025-03-23 03:00:00,4.448,4.454,4.433,4.453,19843.505
2025-03-23 04:00:00,4.453,4.457,4.418,4.425,22083.699
2025-03-23 05:00:00,4.425,4.436,4.405,4.434,30388.303
2025-03-23 06:00:00,4.434,4.453,4.417,4.449,29453.325
2025-03-23 07:00:00,4.449,4.487,4.445,4.458,32518.662
2025-03-23 08:00:00,4.458,4.462,4.432,4.433,10130.256
2025-03-23 09:00:00,4.433,4.445,4.422,4.438,19782.623
2025-03-23 10:00:00,4.438,4.461,4.438,4.459,11431.546
2025-03-23 11:00:00,4.459,4.488,4.459,4.472,38243.826
2025-03-23 12:00:00,4.472,4.481,4.458,4.46,21144.637
2025-03-23 13:00:00,4.46,4.494,4.458,4.489,23069.089
2025-03-23 14:00:00,4.489,4.497,4.465,4.465,23664.177
2025-03-23 15:00:00,4.465,4.488,4.452,4.454,28706.755
2025-03-23 16:00:00,4.454,4.465,4.437,4.451,20729.67
2025-03-23 17:00:00,4.451,4.458,4.401,4.412,27172.74
2025-03-23 18:00:00,4.412,4.433,4.4,4.42,17021.124
2025-03-23 19:00:00,4.42,4.469,4.419,4.468,18910.055
2025-03-23 20:00:00,4.468,4.517,4.468,4.477,42905.091
2025-03-23 21:00:00,4.477,4.48,4.446,4.472,23834.622
2025-03-23 22:00:00,4.472,4.494,4.463,4.478,31124.337
2025-03-23 23:00:00,4.478,4.502,4.478,4.502,21858.957
2025-03-24 00:00:00,4.502,4.551,4.494,4.509,92616.809
2025-03-24 01:00:00,4.509,4.518,4.472,4.475,60465.687
2025-03-24 02:00:00,4.475,4.51,4.471,4.507,30702.787
2025-03-24 03:00:00,4.507,4.57,4.504,4.551,73193.872
2025-03-24 04:00:00,4.551,4.627,4.55,4.615,184305.167
2025-03-24 05:00:00,4.615,4.67,4.615,4.629,88023.288
2025-03-24 06:00:00,4.629,4.749,4.628,4.733,184663.373
2025-03-24 07:00:00,4.733,4.749,4.704,4.711,65491.211
2025-03-24 08:00:00,4.711,4.771,4.711,4.746,132640.394
2025-03-24 09:00:00,4.746,4.773,4.725,4.757,87543.806
2025-03-24 10:00:00,4.757,4.757,4.733,4.747,47892.318
2025-03-24 11:00:00,4.747,4.752,4.689,4.693,76342.028
2025-03-24 12:00:00,4.693,4.703,4.674,4.694,52375.626
2025-03-24 13:00:00,4.694,4.699,4.661,4.682,51255.189
2025-03-24 14:00:00,4.682,4.752,4.676,4.707,86657.897
2025-03-24 15:00:00,4.707,4.734,4.692,4.727,41920.199
2025-03-24 16:00:00,4.727,4.731,4.669,4.689,117181.357
2025-03-24 17:00:00,4.689,4.727,4.674,4.7,48553.073
2025-03-24 18:00:00,4.7,4.717,4.672,4.706,37029.43
2025-03-24 19:00:00,4.706,4.719,4.684,4.688,43689.38
2025-03-24 20:00:00,4.688,4.695,4.662,4.679,20932.169
2025-03-24 21:00:00,4.679,4.703,4.665,4.695,20465.97
2025-03-24 22:00:00,4.695,4.703,4.666,4.681,14687.443
2025-03-24 23:00:00,4.681,4.681,4.582,4.624,147366.261
2025-03-25 00:00:00,4.624,4.678,4.604,4.644,60864.217
2025-03-25 01:00:00,4.644,4.645,4.597,4.615,28678.904
2025-03-25 02:00:00,4.615,4.646,4.606,4.632,9626.437
2025-03-25 03:00:00,4.632,4.64,4.584,4.599,15116.864
2025-03-25 04:00:00,4.599,4.629,4.586,4.61,33389.013
2025-03-25 05:00:00,4.61,4.631,4.599,4.612,12142.459
2025-03-25 06:00:00,4.612,4.645,4.607,4.618,16052.562
2025-03-25 07:00:00,4.618,4.639,4.603,4.611,15778.686
2025-03-25 08:00:00,4.611,4.655,4.611,4.653,65559.817
2025-03-25 09:00:00,4.653,4.662,4.631,4.653,32483.059
2025-03-25 10:00:00,4.653,4.658,4.625,4.653,19073.768
2025-03-25 11:00:00,4.653,4.684,4.65,4.672,23963.346
2025-03-25 12:00:00,4.672,4.69,4.652,4.658,21808.9
2025-03-25 13:00:00,4.658,4.716,4.655,4.672,86559.852
2025-03-25 14:00:00,4.672,4.722,4.668,4.717,78553.992
2025-03-25 15:00:00,4.717,4.721,4.658,4.67,92354.205
2025-03-25 16:00:00,4.67,4.686,4.635,4.651,28093.615
2025-03-25 17:00:00,4.651,4.682,4.65,4.676,17990.967
2025-03-25 18:00:00,4.676,4.681,4.65,4.651,30571.494
2025-03-25 19:00:00,4.651,4.672,4.651,4.661,13286.549
2025-03-25 20:00:00,4.661,4.688,4.649,4.649,32675.55
2025-03-25 21:00:00,4.649,4.686,4.64,4.646,18663.878
2025-03-25 22:00:00,4.646,4.652,4.62,4.633,28622.485
2025-03-25 23:00:00,4.633,4.643,4.609,4.64,17779.924
2025-03-26 00:00:00,4.64,4.675,4.616,4.658,27778.79
2025-03-26 01:00:00,4.658,4.696,4.656,4.681,23783.318
2025-03-26 02:00:00,4.681,4.681,4.613,4.617,41028.871
2025-03-26 03:00:00,4.617,4.638,4.596,4.607,34761.705
2025-03-26 04:00:00,4.607,4.629,4.6,4.621,29891.3
2025-03-26 05:00:00,4.621,4.648,4.605,4.642,43070.187
2025-03-26 06:00:00,4.642,4.671,4.634,4.669,40978.524
2025-03-26 07:00:00,4.669,4.729,4.66,4.721,68996.548
2025-03-26 08:00:00,4.721,4.739,4.683,4.692,45148.217
2025-03-26 09:00:00,4.692,4.742,4.689,4.706,50036.351
2025-03-26 10:00:00,4.706,4.759,4.706,4.746,46062.779
2025-03-26 11:00:00,4.746,4.768,4.739,4.756,41995.827
2025-03-26 12:00:00,4.756,4.764,4.714,4.745,83044.537
2025-03-26 13:00:00,4.745,4.755,4.657,4.657,93387.245
2025-03-26 14:00:00,4.657,4.695,4.615,4.663,87072.642
2025-03-26 15:00:00,4.663,4.715,4.656,4.712,69519.041
2025-03-26 16:00:00,4.712,4.739,4.687,4.71,120803.171
2025-03-26 17:00:00,4.71,4.725,4.676,4.681,67607.596
2025-03-26 18:00:00,4.681,4.715,4.646,4.647,59139.329
2025-03-26 19:00:00,4.647,4.681,4.606,4.669,192827.118
2025-03-26 20:00:00,4.669,4.733,4.663,4.708,113803.659
2025-03-26 21:00:00,4.708,4.732,4.647,4.72,97941.92
2025-03-26 22:00:00,4.72,4.723,4.658,4.698,62856.437
2025-03-26 23:00:00,4.698,4.701,4.651,4.693,29845.654
2025-03-27 00:00:00,4.693,4.749,4.686,4.749,34626.748
2025-03-27 01:00:00,4.749,4.753,4.708,4.719,26649.397
2025-03-27 02:00:00,4.719,4.758,4.715,4.735,35956.904
2025-03-27 03:00:00,4.735,4.75,4.718,4.739,23207.705
2025-03-27 04:00:00,4.739,4.742,4.719,4.723,23038.865
2025-03-27 05:00:00,4.723,4.725,4.679,4.681,27880.625
2025-03-27 06:00:00,4.681,4.716,4.677,4.685,21192.904
2025-03-27 07:00:00,4.685,4.707,4.666,4.675,37943.532
2025-03-27 08:00:00,4.675,4.688,4.647,4.659,15833.313
2025-03-27 09:00:00,4.659,4.659,4.626,4.632,21235.771
2025-03-27 10:00:00,4.632,4.652,4.614,4.614,15617.639
2025-03-27 11:00:00,4.614,4.635,4.58,4.582,47068.959
2025-03-27 12:00:00,4.582,4.584,4.542,4.561,48025.313
2025-03-27 13:00:00,4.561,4.582,4.496,4.54,89538.282
2025-03-27 14:00:00,4.54,4.632,4.531,4.628,66565.915
2025-03-27 15:00:00,4.628,4.659,4.573,4.574,90484.32
2025-03-27 16:00:00,4.574,4.614,4.558,4.558,41508.511
2025-03-27 17:00:00,4.558,4.599,4.55,4.579,112890.628
2025-03-27 18:00:00,4.579,4.614,4.575,4.605,24744.764
2025-03-27 19:00:00,4.605,4.612,4.585,4.586,23246.832
2025-03-27 20:00:00,4.586,4.635,4.582,4.635,22029.86
2025-03-27 21:00:00,4.635,4.665,4.624,4.665,39751.266
2025-03-27 22:00:00,4.665,4.668,4.634,4.634,17226.577
2025-03-27 23:00:00,4.634,4.639,4.61,4.624,13116.33
2025-03-28 00:00:00,4.624,4.625,4.584,4.614,49414.792
2025-03-28 01:00:00,4.614,4.646,4.589,4.624,40786.219
2025-03-28 02:00:00,4.624,4.634,4.599,4.601,24752.29
2025-03-28 03:00:00,4.601,4.601,4.556,4.573,36453.044
2025-03-28 04:00:00,4.573,4.574,4.439,4.49,244254.895
2025-03-28 05:00:00,4.49,4.49,4.386,4.397,129442.943
2025-03-28 06:00:00,4.397,4.412,4.333,4.339,80148.159
2025-03-28 07:00:00,4.339,4.358,4.309,4.309,83416.15
2025-03-28 08:00:00,4.309,4.333,4.283,4.297,69952.01
2025-03-28 09:00:00,4.297,4.323,4.277,4.293,62994.158
2025-03-28 10:00:00,4.293,4.305,4.271,4.275,42488.643
2025-03-28 11:00:00,4.275,4.299,4.248,4.291,114006.994
2025-03-28 12:00:00,4.291,4.306,4.243,4.255,74697.035
2025-03-28 13:00:00,4.255,4.353,4.251,4.31,156889.893
2025-03-28 14:00:00,4.31,4.316,4.255,4.283,114419.386
2025-03-28 15:00:00,4.283,4.328,4.268,4.29,104741.23
2025-03-28 16:00:00,4.29,4.317,4.251,4.276,41810.399
2025-03-28 17:00:00,4.276,4.318,4.269,4.306,64846.217
2025-03-28 18:00:00,4.306,4.316,4.281,4.294,35455.394
2025-03-28 19:00:00,4.294,4.303,4.26,4.27,22802.609
2025-03-28 20:00:00,4.27,4.304,4.255,4.26,38371.0
2025-03-28 21:00:00,4.26,4.292,4.25,4.273,23118.239
2025-03-28 22:00:00,4.273,4.31,4.272,4.307,15999.271
2025-03-28 23:00:00,4.307,4.307,4.276,4.281,33244.08
2025-03-29 00:00:00,4.281,4.304,4.268,4.269,14849.143
2025-03-29 01:00:00,4.269,4.279,4.228,4.243,45701.901
2025-03-29 02:00:00,4.243,4.256,4.192,4.198,84894.888
2025-03-29 03:00:00,4.198,4.24,4.17,4.233,105522.599
2025-03-29 04:00:00,4.233,4.242,4.205,4.215,18926.931
2025-03-29 05:00:00,4.215,4.215,4.184,4.197,16225.483
2025-03-29 06:00:00,4.197,4.197,4.148,4.168,65492.823
2025-03-29 07:00:00,4.168,4.175,4.127,4.141,43247.076
2025-03-29 08:00:00,4.141,4.18,4.126,4.175,26825.607
2025-03-29 09:00:00,4.175,4.18,4.105,4.136,54482.632
2025-03-29 10:00:00,4.136,4.137,4.103,4.108,22912.041
2025-03-29 11:00:00,4.108,4.126,4.053,4.079,88047.418
2025-03-29 12:00:00,4.079,4.093,4.066,4.086,34318.494
2025-03-29 13:00:00,4.086,4.117,4.086,4.117,47306.915
2025-03-29 14:00:00,4.117,4.117,4.063,4.082,14868.053
2025-03-29 15:00:00,4.082,4.1,4.067,4.072,19839.139
2025-03-29 16:00:00,4.072,4.092,4.049,4.056,53906.035
2025-03-29 17:00:00,4.056,4.087,4.005,4.071,88610.673
2025-03-29 18:00:00,4.071,4.083,4.05,4.057,43289.874
2025-03-29 19:00:00,4.057,4.069,4.028,4.069,41370.938
2025-03-29 20:00:00,4.069,4.071,4.013,4.019,49832.001
2025-03-29 21:00:00,4.019,4.054,4.014,4.025,25462.722
2025-03-29 22:00:00,4.025,4.033,4.002,4.017,27792.421
2025-03-29 23:00:00,4.017,4.061,3.996,4.049,82501.921
2025-03-30 00:00:00,4.049,4.065,4.028,4.051,30622.08
2025-03-30 01:00:00,4.051,4.138,4.051,4.107,84184.216
2025-03-30 02:00:00,4.107,4.149,4.106,4.129,31936.489
2025-03-30 03:00:00,4.129,4.144,4.106,4.106,26741.539
2025-03-30 04:00:00,4.106,4.135,4.106,4.118,17457.594
2025-03-30 05:00:00,4.118,4.135,4.101,4.109,17012.004
2025-03-30 06:00:00,4.109,4.127,4.091,4.117,22092.594
2025-03-30 07:00:00,4.117,4.136,4.116,4.127,15511.491
2025-03-30 08:00:00,4.127,4.166,4.12,4.163,33476.276
2025-03-30 09:00:00,4.163,4.173,4.134,4.14,31694.539
2025-03-30 10:00:00,4.14,4.149,4.093,4.106,34219.295
2025-03-30 11:00:00,4.106,4.127,4.09,4.097,22357.551
2025-03-30 12:00:00,4.097,4.111,4.086,4.093,33758.389
2025-03-30 13:00:00,4.093,4.1,4.04,4.044,47522.372
2025-03-30 14:00:00,4.044,4.074,4.027,4.062,33950.047
2025-03-30 15:00:00,4.062,4.09,4.057,4.061,19434.745
2025-03-30 16:00:00,4.061,4.079,4.018,4.028,28180.876
2025-03-30 17:00:00,4.028,4.046,4.001,4.045,41330.662
2025-03-30 18:00:00,4.045,4.106,4.045,4.103,50263.585
2025-03-30 19:00:00,4.103,4.121,4.081,4.081,28483.924
2025-03-30 20:00:00,4.081,4.086,4.062,4.067,24799.569
2025-03-30 21:00:00,4.067,4.084,4.028,4.045,24448.92
2025-03-30 22:00:00,4.045,4.063,3.988,4.041,53074.761
2025-03-30 23:00:00,4.041,4.046,4.007,4.044,31693.727
2025-03-31 00:00:00,4.044,4.047,3.974,3.998,31001.749
2025-03-31 01:00:00,3.998,4.063,3.994,4.059,18382.837
2025-03-31 02:00:00,4.059,4.082,4.031,4.055,23188.064
2025-03-31 03:00:00,4.055,4.07,4.012,4.019,15856.752
2025-03-31 04:00:00,4.019,4.069,4.007,4.064,63481.36
2025-03-31 05:00:00,4.064,4.086,4.041,4.043,28303.428
2025-03-31 06:00:00,4.043,4.054,4.011,4.023,42665.394
2025-03-31 07:00:00,4.023,4.044,3.978,4.0,41353.799
2025-03-31 08:00:00,4.0,4.028,3.98,3.983,34589.729
2025-03-31 09:00:00,3.983,4.013,3.949,3.965,62472.63
2025-03-31 10:00:00,3.965,4.027,3.95,4.021,41175.843
2025-03-31 11:00:00,4.021,4.041,3.997,4.027,23515.539
2025-03-31 12:00:00,4.027,4.048,3.997,4.042,88808.899
2025-03-31 13:00:00,4.042,4.048,3.965,4.01,74828.065
2025-03-31 14:00:00,4.01,4.079,4.01,4.065,74122.461
2025-03-31 15:00:00,4.065,4.093,4.055,4.056,55410.379
2025-03-31 16:00:00,4.056,4.072,4.036,4.053,27581.613
2025-03-31 17:00:00,4.053,4.071,4.018,4.032,18790.743
2025-03-31 18:00:00,4.032,4.085,4.032,4.07,9798.547
2025-03-31 19:00:00,4.07,4.084,4.035,4.037,17128.267
2025-03-31 20:00:00,4.037,4.058,4.026,4.031,10936.228
2025-03-31 21:00:00,4.031,4.051,4.029,4.033,16361.431
2025-03-31 22:00:00,4.033,4.033,4.008,4.033,25839.192
2025-03-31 23:00:00,4.033,4.045,4.016,4.021,15207.197
2025-04-01 00:00:00,4.021,4.059,4.016,4.049,32439.422
2025-04-01 01:00:00,4.049,4.051,4.016,4.03,23366.241
2025-04-01 02:00:00,4.03,4.07,4.027,4.07,14862.742
2025-04-01 03:00:00,4.07,4.091,4.066,4.08,19390.07
2025-04-01 04:00:00,4.08,4.107,4.078,4.103,20273.567
2025-04-01 05:00:00,4.103,4.134,4.103,4.104,24879.571
2025-04-01 06:00:00,4.104,4.162,4.095,4.143,40378.121
2025-04-01 07:00:00,4.143,4.167,4.141,4.143,32823.81
2025-04-01 08:00:00,4.143,4.226,4.143,4.225,72904.34
2025-04-01 09:00:00,4.225,4.261,4.224,4.25,100371.517
2025-04-01 10:00:00,4.25,4.251,4.205,4.208,76304.677
2025-04-01 11:00:00,4.208,4.218,4.161,4.193,47083.36
2025-04-01 12:00:00,4.193,4.212,4.165,4.188,50337.372
2025-04-01 13:00:00,4.188,4.22,4.181,4.203,48851.666
2025-04-01 14:00:00,4.203,4.224,4.131,4.21,109552.477
2025-04-01 15:00:00,4.21,4.283,4.21,4.252,96072.676
2025-04-01 16:00:00,4.252,4.262,4.203,4.212,40794.385
2025-04-01 17:00:00,4.212,4.217,4.184,4.186,33461.44
2025-04-01 18:00:00,4.186,4.187,4.151,4.182,47054.883
2025-04-01 19:00:00,4.182,4.186,4.146,4.154,91691.963
2025-04-01 20:00:00,4.154,4.165,4.129,4.162,43914.689
2025-04-01 21:00:00,4.162,4.184,4.156,4.166,30324.274
2025-04-01 22:00:00,4.166,4.197,4.163,4.175,23361.271
2025-04-01 23:00:00,4.175,4.189,4.156,4.171,32426.709
2025-04-02 00:00:00,4.171,4.176,4.115,4.12,52849.555
2025-04-02 01:00:00,4.12,4.132,4.098,4.115,32707.822
2025-04-02 02:00:00,4.115,4.12,4.064,4.081,35752.765
2025-04-02 03:00:00,4.081,4.119,4.076,4.108,22417.113
2025-04-02 04:00:00,4.108,4.121,4.083,4.1,22719.181
2025-04-02 05:00:00,4.1,4.1,4.035,4.036,42414.249
2025-04-02 06:00:00,4.036,4.056,4.018,4.02,50416.159
2025-04-02 07:00:00,4.02,4.085,4.016,4.067,85093.373
2025-04-02 08:00:00,4.067,4.11,4.051,4.086,47166.176
2025-04-02 09:00:00,4.086,4.135,4.083,4.106,35441.811
2025-04-02 10:00:00,4.106,4.121,4.077,4.08,27884.796
2025-04-02 11:00:00,4.08,4.092,4.065,4.065,23543.758
2025-04-02 12:00:00,4.065,4.092,4.051,4.092,27393.131
2025-04-02 13:00:00,4.092,4.145,4.045,4.103,128478.578
2025-04-02 14:00:00,4.103,4.132,4.088,4.124,53132.264
2025-04-02 15:00:00,4.124,4.238,4.123,4.204,128410.315
2025-04-02 16:00:00,4.204,4.227,4.177,4.185,75953.573
2025-04-02 17:00:00,4.185,4.205,4.119,4.143,64704.931
2025-04-02 18:00:00,4.143,4.173,4.132,4.147,30229.031
2025-04-02 19:00:00,4.147,4.15,4.126,4.149,34426.927
2025-04-02 20:00:00,4.149,4.236,4.082,4.133,407057.597
2025-04-02 21:00:00,4.133,4.142,4.072,4.1,59469.871
2025-04-02 22:00:00,4.1,4.102,3.919,3.941,186703.612
2025-04-02 23:00:00,3.941,3.982,3.911,3.966,129589.295
2025-04-03 00:00:00,3.966,4.041,3.942,4.038,88029.398
2025-04-03 01:00:00,4.038,4.078,4.023,4.068,50988.472
2025-04-03 02:00:00,4.068,4.108,4.052,4.083,71278.435
2025-04-03 03:00:00,4.083,4.085,4.033,4.039,33329.268
2025-04-03 04:00:00,4.039,4.066,4.033,4.057,26560.452
2025-04-03 05:00:00,4.057,4.068,4.026,4.026,29459.938
2025-04-03 06:00:00,4.026,4.037,3.986,3.989,34665.948
2025-04-03 07:00:00,3.989,4.01,3.975,4.0,58709.364
2025-04-03 08:00:00,4.0,4.025,3.992,4.018,82062.893
2025-04-03 09:00:00,4.018,4.025,3.991,3.994,51006.956
2025-04-03 10:00:00,3.994,4.009,3.949,3.95,76845.068
2025-04-03 11:00:00,3.95,3.969,3.929,3.943,76150.164
2025-04-03 12:00:00,3.943,3.949,3.845,3.86,232780.46
2025-04-03 13:00:00,3.86,3.945,3.852,3.943,129409.621
2025-04-03 14:00:00,3.943,3.943,3.862,3.874,102426.333
2025-04-03 15:00:00,3.874,3.963,3.873,3.959,112306.077
2025-04-03 16:00:00,3.959,3.988,3.947,3.952,59166.986
2025-04-03 17:00:00,3.952,3.991,3.952,3.981,35340.525
2025-04-03 18:00:00,3.981,4.036,3.97,4.027,52792.286
2025-04-03 19:00:00,4.027,4.06,4.02,4.023,49504.591
2025-04-03 20:00:00,4.023,4.047,4.004,4.031,31747.331
2025-04-03 21:00:00,4.031,4.08,4.031,4.067,33672.898
2025-04-03 22:00:00,4.067,4.079,4.05,4.053,16848.093
2025-04-03 23:00:00,4.053,4.064,4.026,4.06,41698.72
2025-04-04 00:00:00,4.06,4.073,4.022,4.027,40513.519
2025-04-04 01:00:00,4.027,4.037,3.988,3.994,51648.821
2025-04-04 02:00:00,3.994,4.05,3.994,4.023,42358.166
2025-04-04 03:00:00,4.023,4.026,4.003,4.019,24413.224
2025-04-04 04:00:00,4.019,4.024,3.996,3.998,24105.399
2025-04-04 05:00:00,3.998,4.038,3.981,4.037,29320.383
2025-04-04 06:00:00,4.037,4.047,4.023,4.023,14662.949
2025-04-04 07:00:00,4.023,4.094,4.023,4.081,53522.307
2025-04-04 08:00:00,4.081,4.132,4.081,4.108,53282.466
2025-04-04 09:00:00,4.108,4.123,4.098,4.101,27237.756
2025-04-04 10:00:00,4.101,4.108,3.986,3.999,78167.494
2025-04-04 11:00:00,3.999,4.022,3.947,4.022,60613.393
2025-04-04 12:00:00,4.022,4.069,3.996,4.05,79528.797
2025-04-04 13:00:00,4.05,4.093,4.017,4.081,72631.902
2025-04-04 14:00:00,4.081,4.092,4.027,4.063,33678.248
2025-04-04 15:00:00,4.063,4.122,4.047,4.056,90193.198
2025-04-04 16:00:00,4.056,4.087,4.021,4.048,62894.103
2025-04-04 17:00:00,4.048,4.099,4.022,4.085,43412.206
2025-04-04 18:00:00,4.085,4.092,4.044,4.046,42062.148
2025-04-04 19:00:00,4.046,4.06,4.034,4.044,26805.286
2025-04-04 20:00:00,4.044,4.055,4.028,4.05,23697.289
2025-04-04 21:00:00,4.05,4.078,4.04,4.053,30264.665
2025-04-04 22:00:00,4.053,4.059,4.033,4.033,19294.34
2025-04-04 23:00:00,4.033,4.036,4.012,4.034,33558.12
2025-04-05 00:00:00,4.034,4.04,4.016,4.037,20192.42
2025-04-05 01:00:00,4.037,4.069,4.031,4.047,30193.184
2025-04-05 02:00:00,4.047,4.048,4.03,4.034,18350.446
2025-04-05 03:00:00,4.034,4.037,4.021,4.025,17813.842
2025-04-05 04:00:00,4.025,4.03,3.999,4.007,39883.578
2025-04-05 05:00:00,4.007,4.025,4.003,4.005,14620.933
2025-04-05 06:00:00,4.005,4.01,3.991,4.006,21568.383
2025-04-05 07:00:00,4.006,4.018,3.995,4.005,29595.262
2025-04-05 08:00:00,4.005,4.01,3.992,4.006,17513.382
2025-04-05 09:00:00,4.006,4.016,3.995,4.008,23398.155
2025-04-05 10:00:00,4.008,4.012,3.995,3.995,13301.554
2025-04-05 11:00:00,3.995,3.999,3.981,3.985,23035.316
2025-04-05 12:00:00,3.985,3.991,3.953,3.966,62329.511
2025-04-05 13:00:00,3.966,3.968,3.912,3.918,41571.772
2025-04-05 14:00:00,3.918,3.937,3.91,3.925,61973.418
2025-04-05 15:00:00,3.925,3.925,3.898,3.913,37389.109
2025-04-05 16:00:00,3.913,3.923,3.904,3.911,30889.672
2025-04-05 17:00:00,3.911,3.934,3.905,3.924,14436.917
2025-04-05 18:00:00,3.924,3.95,3.923,3.949,16881.904
2025-04-05 19:00:00,3.949,3.955,3.92,3.924,16974.4
2025-04-05 20:00:00,3.924,3.954,3.923,3.941,44364.706
2025-04-05 21:00:00,3.941,3.951,3.926,3.93,24898.559
2025-04-05 22:00:00,3.93,3.944,3.929,3.944,10999.418
2025-04-05 23:00:00,3.944,3.963,3.941,3.956,14221.431
2025-04-06 00:00:00,3.956,3.976,3.943,3.961,28031.138
2025-04-06 01:00:00,3.961,3.974,3.943,3.945,17000.108
2025-04-06 02:00:00,3.945,3.947,3.921,3.922,18603.798
2025-04-06 03:00:00,3.922,3.933,3.914,3.931,14193.175
2025-04-06 04:00:00,3.931,3.946,3.91,3.944,35705.7
2025-04-06 05:00:00,3.944,3.96,3.933,3.952,8935.79
2025-04-06 06:00:00,3.952,3.957,3.925,3.925,11216.119
2025-04-06 07:00:00,3.925,3.933,3.916,3.92,16539.867
2025-04-06 08:00:00,3.92,3.938,3.906,3.934,29653.253
2025-04-06 09:00:00,3.934,3.94,3.921,3.932,21170.839
2025-04-06 10:00:00,3.932,3.944,3.922,3.942,18037.553
2025-04-06 11:00:00,3.942,3.944,3.921,3.939,25340.223
2025-04-06 12:00:00,3.939,3.943,3.917,3.925,17335.689
2025-04-06 13:00:00,3.925,3.926,3.84,3.852,75367.938
2025-04-06 14:00:00,3.852,3.904,3.843,3.903,82342.179
2025-04-06 15:00:00,3.903,3.911,3.881,3.894,40158.688
2025-04-06 16:00:00,3.894,3.902,3.843,3.853,62418.224
2025-04-06 17:00:00,3.853,3.858,3.778,3.791,132873.68
2025-04-06 18:00:00,3.791,3.794,3.684,3.706,394172.003
2025-04-06 19:00:00,3.706,3.754,3.693,3.738,139710.452
2025-04-06 20:00:00,3.738,3.757,3.639,3.68,124220.708
2025-04-06 21:00:00,3.68,3.742,3.676,3.706,104066.486
2025-04-06 22:00:00,3.706,3.737,3.649,3.672,124067.954
2025-04-06 23:00:00,3.672,3.694,3.602,3.685,124945.154
2025-04-07 00:00:00,3.685,3.689,3.611,3.632,173757.757
2025-04-07 01:00:00,3.632,3.708,3.626,3.683,85953.002
2025-04-07 02:00:00,3.683,3.69,3.626,3.627,181812.672
2025-04-07 03:00:00,3.627,3.631,3.444,3.5,303829.311
2025-04-07 04:00:00,3.5,3.54,3.486,3.515,134652.96
2025-04-07 05:00:00,3.515,3.545,3.476,3.484,136752.786
2025-04-07 06:00:00,3.484,3.509,3.283,3.308,627337.707
2025-04-07 07:00:00,3.308,3.399,3.308,3.332,298263.181
2025-04-07 08:00:00,3.332,3.45,3.306,3.406,212193.271
2025-04-07 09:00:00,3.406,3.454,3.372,3.413,83803.203
2025-04-07 10:00:00,3.413,3.481,3.409,3.436,89797.124
2025-04-07 11:00:00,3.436,3.458,3.381,3.404,237852.136
2025-04-07 12:00:00,3.404,3.478,3.389,3.457,128174.435
2025-04-07 13:00:00,3.457,3.567,3.385,3.556,419237.128
2025-04-07 14:00:00,3.556,3.734,3.544,3.619,646804.281
2025-04-07 15:00:00,3.619,3.65,3.573,3.603,173564.3
2025-04-07 16:00:00,3.603,3.607,3.519,3.524,188323.015
2025-04-07 17:00:00,3.524,3.65,3.524,3.616,138492.273
2025-04-07 18:00:00,3.616,3.628,3.584,3.588,64413.053
2025-04-07 19:00:00,3.588,3.619,3.565,3.566,108630.235
2025-04-07 20:00:00,3.566,3.632,3.559,3.616,47377.992
2025-04-07 21:00:00,3.616,3.635,3.589,3.62,32873.524
2025-04-07 22:00:00,3.62,3.652,3.62,3.64,18301.597
2025-04-07 23:00:00,3.64,3.644,3.584,3.593,34308.873
2025-04-08 00:00:00,3.593,3.616,3.582,3.583,32878.556
2025-04-08 01:00:00,3.583,3.674,3.575,3.666,63499.9
2025-04-08 02:00:00,3.666,3.704,3.664,3.681,43616.786
2025-04-08 03:00:00,3.681,3.695,3.639,3.651,29197.497
2025-04-08 04:00:00,3.651,3.678,3.642,3.665,30355.841
2025-04-08 05:00:00,3.665,3.669,3.615,3.625,65188.168
2025-04-08 06:00:00,3.625,3.625,3.59,3.596,41312.194
2025-04-08 07:00:00,3.596,3.614,3.58,3.603,36591.608
2025-04-08 08:00:00,3.603,3.605,3.567,3.588,36842.673
2025-04-08 09:00:00,3.588,3.61,3.577,3.587,31967.699
2025-04-08 10:00:00,3.587,3.618,3.583,3.598,27334.219
2025-04-08 11:00:00,3.598,3.677,3.596,3.671,45575.001
2025-04-08 12:00:00,3.671,3.682,3.623,3.642,85527.031
2025-04-08 13:00:00,3.642,3.686,3.636,3.664,73137.59
2025-04-08 14:00:00,3.664,3.684,3.588,3.588,115006.159
2025-04-08 15:00:00,3.588,3.609,3.57,3.593,52508.989
2025-04-08 16:00:00,3.593,3.595,3.506,3.514,126702.093
2025-04-08 17:00:00,3.514,3.523,3.429,3.482,309802.747
2025-04-08 18:00:00,3.482,3.525,3.466,3.47,76765.3
2025-04-08 19:00:00,3.47,3.481,3.392,3.405,173792.872
2025-04-08 20:00:00,3.405,3.451,3.388,3.43,134333.092
2025-04-08 21:00:00,3.43,3.441,3.39,3.429,30191.566
2025-04-08 22:00:00,3.429,3.43,3.367,3.407,63486.734
2025-04-08 23:00:00,3.407,3.407,3.341,3.377,116999.795
2025-04-09 00:00:00,3.377,3.399,3.338,3.357,118868.054
2025-04-09 01:00:00,3.357,3.383,3.249,3.379,366185.394
2025-04-09 02:00:00,3.379,3.421,3.37,3.375,99708.249
2025-04-09 03:00:00,3.375,3.385,3.331,3.355,74717.3
2025-04-09 04:00:00,3.355,3.425,3.346,3.396,118283.551
2025-04-09 05:00:00,3.396,3.429,3.392,3.424,69659.851
2025-04-09 06:00:00,3.424,3.463,3.421,3.436,70792.029
2025-04-09 07:00:00,3.436,3.491,3.436,3.479,116816.601
2025-04-09 08:00:00,3.479,3.491,3.462,3.481,60460.849
2025-04-09 09:00:00,3.481,3.482,3.449,3.455,71915.534
2025-04-09 10:00:00,3.455,3.463,3.422,3.448,73576.294
2025-04-09 11:00:00,3.448,3.452,3.364,3.385,191626.498
2025-04-09 12:00:00,3.385,3.401,3.34,3.387,116322.163
2025-04-09 13:00:00,3.387,3.455,3.371,3.421,163668.024
2025-04-09 14:00:00,3.421,3.447,3.363,3.365,167592.953
2025-04-09 15:00:00,3.365,3.398,3.358,3.368,97668.643
2025-04-09 16:00:00,3.368,3.43,3.363,3.422,104138.501
2025-04-09 17:00:00,3.422,3.705,3.389,3.698,569706.579
2025-04-09 18:00:00,3.698,3.739,3.661,3.664,228599.873
2025-04-09 19:00:00,3.664,3.709,3.657,3.691,101500.946
2025-04-09 20:00:00,3.691,3.734,3.691,3.729,104702.911
2025-04-09 21:00:00,3.729,3.751,3.699,3.712,62366.253
2025-04-09 22:00:00,3.712,3.724,3.683,3.685,81805.817
2025-04-09 23:00:00,3.685,3.687,3.629,3.642,74756.494
2025-04-10 00:00:00,3.642,3.649,3.576,3.616,55254.655
2025-04-10 01:00:00,3.616,3.622,3.574,3.578,38542.779
2025-04-10 02:00:00,3.578,3.596,3.57,3.577,25614.39
2025-04-10 03:00:00,3.577,3.582,3.506,3.55,72099.549
2025-04-10 04:00:00,3.55,3.562,3.519,3.562,63894.077
2025-04-10 05:00:00,3.562,3.599,3.558,3.587,59159.839
2025-04-10 06:00:00,3.587,3.61,3.577,3.59,39273.272
2025-04-10 07:00:00,3.59,3.6,3.547,3.556,112504.608
2025-04-10 08:00:00,3.556,3.563,3.528,3.532,44700.862
2025-04-10 09:00:00,3.532,3.554,3.51,3.526,118778.232
2025-04-10 10:00:00,3.526,3.533,3.458,3.479,282764.569
2025-04-10 11:00:00,3.479,3.509,3.457,3.502,152898.121
2025-04-10 12:00:00,3.502,3.566,3.488,3.513,183726.963
2025-04-10 13:00:00,3.513,3.551,3.485,3.501,88331.044
2025-04-10 14:00:00,3.501,3.543,3.483,3.505,56460.469
2025-04-10 15:00:00,3.505,3.51,3.393,3.413,134698.994
2025-04-10 16:00:00,3.413,3.444,3.393,3.439,101966.645
2025-04-10 17:00:00,3.439,3.452,3.4,3.423,88022.809
2025-04-10 18:00:00,3.423,3.459,3.415,3.442,30333.743
2025-04-10 19:00:00,3.442,3.467,3.426,3.45,40877.945
2025-04-10 20:00:00,3.45,3.473,3.45,3.464,37257.01
2025-04-10 21:00:00,3.464,3.481,3.449,3.46,37446.874
2025-04-10 22:00:00,3.46,3.495,3.451,3.476,16935.37
2025-04-10 23:00:00,3.476,3.478,3.458,3.464,31694.252
2025-04-11 00:00:00,3.464,3.478,3.452,3.454,46840.921
2025-04-11 01:00:00,3.454,3.522,3.454,3.521,72079.975
2025-04-11 02:00:00,3.521,3.54,3.501,3.515,56749.972
2025-04-11 03:00:00,3.515,3.539,3.514,3.533,38274.554
2025-04-11 04:00:00,3.533,3.543,3.519,3.535,32927.624
2025-04-11 05:00:00,3.535,3.538,3.479,3.503,152924.244
2025-04-11 06:00:00,3.503,3.528,3.5,3.506,40394.598
2025-04-11 07:00:00,3.506,3.514,3.491,3.504,41590.828
2025-04-11 08:00:00,3.504,3.524,3.485,3.503,140898.337
2025-04-11 09:00:00,3.503,3.526,3.485,3.52,72721.651
2025-04-11 10:00:00,3.52,3.547,3.504,3.535,121130.617
2025-04-11 11:00:00,3.535,3.539,3.508,3.512,47816.407
2025-04-11 12:00:00,3.512,3.541,3.5,3.515,59327.568
2025-04-11 13:00:00,3.515,3.554,3.495,3.541,68426.863
2025-04-11 14:00:00,3.541,3.541,3.487,3.515,101156.84
2025-04-11 15:00:00,3.515,3.537,3.502,3.531,57971.851
2025-04-11 16:00:00,3.531,3.558,3.522,3.542,101373.467
2025-04-11 17:00:00,3.542,3.59,3.538,3.583,162953.932
2025-04-11 18:00:00,3.583,3.596,3.566,3.569,149481.457
2025-04-11 19:00:00,3.569,3.58,3.561,3.57,19639.064
2025-04-11 20:00:00,3.57,3.579,3.561,3.575,18027.505
2025-04-11 21:00:00,3.575,3.6,3.565,3.574,15318.351
2025-04-11 22:00:00,3.574,3.578,3.557,3.562,24156.552
2025-04-11 23:00:00,3.562,3.565,3.541,3.557,19368.904
2025-04-12 00:00:00,3.557,3.569,3.551,3.561,15938.935
2025-04-12 01:00:00,3.561,3.571,3.552,3.56,14701.976
2025-04-12 02:00:00,3.56,3.565,3.53,3.53,17119.24
2025-04-12 03:00:00,3.53,3.555,3.527,3.548,17528.438
2025-04-12 04:00:00,3.548,3.575,3.537,3.569,30958.037
2025-04-12 05:00:00,3.569,3.582,3.566,3.577,63713.712
2025-04-12 06:00:00,3.577,3.589,3.567,3.576,33826.562
2025-04-12 07:00:00,3.576,3.585,3.567,3.576,18552.798
2025-04-12 08:00:00,3.576,3.608,3.569,3.588,29648.167
2025-04-12 09:00:00,3.588,3.598,3.58,3.588,11375.695
2025-04-12 10:00:00,3.588,3.597,3.574,3.581,20589.084
2025-04-12 11:00:00,3.581,3.6,3.581,3.598,15629.231
2025-04-12 12:00:00,3.598,3.635,3.589,3.627,52079.627
2025-04-12 13:00:00,3.627,3.682,3.625,3.67,70267.389
2025-04-12 14:00:00,3.67,3.739,3.668,3.727,121907.359
2025-04-12 15:00:00,3.727,3.759,3.714,3.726,68517.627
2025-04-12 16:00:00,3.726,3.741,3.689,3.705,73872.354
2025-04-12 17:00:00,3.705,3.711,3.682,3.691,35107.771
2025-04-12 18:00:00,3.691,3.728,3.691,3.727,64835.394
2025-04-12 19:00:00,3.727,3.729,3.691,3.702,55249.971
2025-04-12 20:00:00,3.702,3.733,3.696,3.713,104217.759
2025-04-12 21:00:00,3.713,3.733,3.708,3.724,64237.313
2025-04-12 22:00:00,3.724,3.746,3.722,3.727,47232.815
2025-04-12 23:00:00,3.727,3.732,3.709,3.712,37588.157
2025-04-13 00:00:00,3.712,3.734,3.708,3.728,63814.025
2025-04-13 01:00:00,3.728,3.736,3.681,3.686,67328.544
2025-04-13 02:00:00,3.686,3.694,3.671,3.687,41114.916
2025-04-13 03:00:00,3.687,3.692,3.673,3.688,19664.699
2025-04-13 04:00:00,3.688,3.692,3.645,3.649,32708.138
2025-04-13 05:00:00,3.649,3.659,3.633,3.641,27757.643
2025-04-13 06:00:00,3.641,3.661,3.635,3.655,29786.911
2025-04-13 07:00:00,3.655,3.659,3.637,3.637,20203.115
2025-04-13 08:00:00,3.637,3.674,3.625,3.673,43716.521
2025-04-13 09:00:00,3.673,3.723,3.667,3.721,97388.542
2025-04-13 10:00:00,3.721,3.763,3.705,3.752,122325.464
2025-04-13 11:00:00,3.752,3.767,3.708,3.734,117587.849
2025-04-13 12:00:00,3.734,3.758,3.716,3.739,73993.441
2025-04-13 13:00:00,3.739,3.763,3.643,3.66,104548.645
2025-04-13 14:00:00,3.66,3.698,3.651,3.691,58308.274
2025-04-13 15:00:00,3.691,3.705,3.659,3.705,58254.06
2025-04-13 16:00:00,3.705,3.717,3.693,3.71,66212.813
2025-04-13 17:00:00,3.71,3.798,3.71,3.783,126234.891
2025-04-13 18:00:00,3.783,3.815,3.774,3.804,83459.383
2025-04-13 19:00:00,3.804,3.805,3.656,3.705,124004.847
2025-04-13 20:00:00,3.705,3.766,3.691,3.7,108190.998
2025-04-13 21:00:00,3.7,3.71,3.633,3.664,93860.816
2025-04-13 22:00:00,3.664,3.681,3.618,3.624,107756.589
2025-04-13 23:00:00,3.624,3.67,3.616,3.668,58963.309
2025-04-14 00:00:00,3.668,3.753,3.665,3.703,94807.441
2025-04-14 01:00:00,3.703,3.717,3.667,3.676,45929.324
2025-04-14 02:00:00,3.676,3.772,3.666,3.733,67093.288
2025-04-14 03:00:00,3.733,3.733,3.684,3.69,52440.495
2025-04-14 04:00:00,3.69,3.734,3.687,3.716,36824.473
2025-04-14 05:00:00,3.716,3.737,3.693,3.702,64535.19
2025-04-14 06:00:00,3.702,3.703,3.665,3.665,33088.47
2025-04-14 07:00:00,3.665,3.668,3.633,3.667,62619.341
2025-04-14 08:00:00,3.667,3.691,3.649,3.688,65503.34
2025-04-14 09:00:00,3.688,3.691,3.641,3.658,44596.133
2025-04-14 10:00:00,3.658,3.752,3.657,3.75,88570.944
2025-04-14 11:00:00,3.75,3.791,3.736,3.776,78489.187
2025-04-14 12:00:00,3.776,3.791,3.741,3.757,62706.234
2025-04-14 13:00:00,3.757,3.773,3.692,3.712,74169.822
2025-04-14 14:00:00,3.712,3.798,3.708,3.779,86862.717
2025-04-14 15:00:00,3.779,3.784,3.683,3.709,127066.523
2025-04-14 16:00:00,3.709,3.724,3.677,3.687,109216.862
2025-04-14 17:00:00,3.687,3.746,3.683,3.743,100271.997
2025-04-14 18:00:00,3.743,3.765,3.716,3.737,49840.999
2025-04-14 19:00:00,3.737,3.757,3.733,3.734,30703.677
2025-04-14 20:00:00,3.734,3.741,3.708,3.719,42876.183
2025-04-14 21:00:00,3.719,3.721,3.679,3.711,29333.201
2025-04-14 22:00:00,3.711,3.723,3.692,3.693,15536.654
2025-04-14 23:00:00,3.693,3.698,3.663,3.675,35177.109
2025-04-15 00:00:00,3.675,3.699,3.656,3.69,29365.478
2025-04-15 01:00:00,3.69,3.695,3.658,3.687,37047.459
2025-04-15 02:00:00,3.687,3.694,3.633,3.669,42064.095
2025-04-15 03:00:00,3.669,3.702,3.656,3.699,28448.264
2025-04-15 04:00:00,3.699,3.699,3.655,3.682,26429.58
2025-04-15 05:00:00,3.682,3.693,3.67,3.673,40757.41
2025-04-15 06:00:00,3.673,3.678,3.65,3.657,17852.344
2025-04-15 07:00:00,3.657,3.702,3.655,3.699,34560.049
2025-04-15 08:00:00,3.699,3.709,3.691,3.693,23353.135
2025-04-15 09:00:00,3.693,3.735,3.689,3.701,49341.524
2025-04-15 10:00:00,3.701,3.701,3.635,3.661,115136.055
2025-04-15 11:00:00,3.661,3.668,3.643,3.659,30284.18
2025-04-15 12:00:00,3.659,3.673,3.65,3.672,27451.53
2025-04-15 13:00:00,3.672,3.722,3.666,3.674,79364.353
2025-04-15 14:00:00,3.674,3.686,3.613,3.63,146066.936
2025-04-15 15:00:00,3.63,3.653,3.579,3.603,102581.305
2025-04-15 16:00:00,3.603,3.62,3.591,3.595,62540.685
2025-04-15 17:00:00,3.595,3.61,3.566,3.576,65696.261
2025-04-15 18:00:00,3.576,3.602,3.555,3.587,61438.808
2025-04-15 19:00:00,3.587,3.604,3.578,3.58,34795.252
2025-04-15 20:00:00,3.58,3.606,3.548,3.563,84157.266
2025-04-15 21:00:00,3.563,3.593,3.559,3.576,22652.464
2025-04-15 22:00:00,3.576,3.576,3.521,3.537,35895.015
2025-04-15 23:00:00,3.537,3.544,3.517,3.52,29973.5
2025-04-16 00:00:00,3.52,3.54,3.505,3.516,37242.918
2025-04-16 01:00:00,3.516,3.56,3.513,3.55,28546.834
2025-04-16 02:00:00,3.55,3.568,3.544,3.555,34010.737
2025-04-16 03:00:00,3.555,3.572,3.552,3.555,21651.384
2025-04-16 04:00:00,3.555,3.559,3.524,3.542,28944.874
2025-04-16 05:00:00,3.542,3.559,3.513,3.534,44168.739
2025-04-16 06:00:00,3.534,3.554,3.53,3.544,20727.465
2025-04-16 07:00:00,3.544,3.548,3.511,3.519,19665.849
2025-04-16 08:00:00,3.519,3.554,3.486,3.538,68208.46
2025-04-16 09:00:00,3.538,3.543,3.504,3.504,28403.648
2025-04-16 10:00:00,3.504,3.528,3.501,3.522,20573.291
2025-04-16 11:00:00,3.522,3.54,3.507,3.526,67788.67
2025-04-16 12:00:00,3.526,3.536,3.498,3.499,26150.74
2025-04-16 13:00:00,3.499,3.532,3.485,3.507,66100.855
2025-04-16 14:00:00,3.507,3.574,3.507,3.557,56212.792
2025-04-16 15:00:00,3.557,3.611,3.555,3.556,66725.221
2025-04-16 16:00:00,3.556,3.576,3.525,3.56,51998.223
2025-04-16 17:00:00,3.56,3.607,3.469,3.483,153579.205
2025-04-16 18:00:00,3.483,3.565,3.478,3.536,100293.541
2025-04-16 19:00:00,3.536,3.592,3.51,3.576,57614.32
2025-04-16 20:00:00,3.576,3.608,3.563,3.564,47522.152
2025-04-16 21:00:00,3.564,3.62,3.562,3.603,83155.454
2025-04-16 22:00:00,3.603,3.606,3.581,3.589,15287.753
2025-04-16 23:00:00,3.589,3.589,3.542,3.556,17505.663
2025-04-17 00:00:00,3.556,3.578,3.551,3.56,21671.137
2025-04-17 01:00:00,3.56,3.594,3.551,3.579,21968.174
2025-04-17 02:00:00,3.579,3.579,3.552,3.559,17288.518
2025-04-17 03:00:00,3.559,3.569,3.54,3.561,20527.818
2025-04-17 04:00:00,3.561,3.591,3.552,3.588,29311.369
2025-04-17 05:00:00,3.588,3.625,3.588,3.614,23171.06
2025-04-17 06:00:00,3.614,3.689,3.611,3.684,112605.363
2025-04-17 07:00:00,3.684,3.698,3.652,3.658,76834.825
2025-04-17 08:00:00,3.658,3.681,3.628,3.636,75340.396
2025-04-17 09:00:00,3.636,3.648,3.624,3.638,23938.493
2025-04-17 10:00:00,3.638,3.645,3.62,3.64,17160.413
2025-04-17 11:00:00,3.64,3.658,3.638,3.641,26312.478
2025-04-17 12:00:00,3.641,3.66,3.619,3.628,93602.276
2025-04-17 13:00:00,3.628,3.638,3.619,3.628,39406.45
2025-04-17 14:00:00,3.628,3.631,3.571,3.586,48741.943
2025-04-17 15:00:00,3.586,3.644,3.584,3.641,69694.514
2025-04-17 16:00:00,3.641,3.686,3.626,3.652,120953.125
2025-04-17 17:00:00,3.652,3.669,3.643,3.66,41754.513
2025-04-17 18:00:00,3.66,3.674,3.65,3.65,31716.109
2025-04-17 19:00:00,3.65,3.659,3.606,3.633,43446.661
2025-04-17 20:00:00,3.633,3.662,3.633,3.649,35168.197
2025-04-17 21:00:00,3.649,3.656,3.635,3.639,43576.386
2025-04-17 22:00:00,3.639,3.647,3.609,3.61,51018.563
2025-04-17 23:00:00,3.61,3.635,3.61,3.634,54745.789
2025-04-18 00:00:00,3.634,3.641,3.617,3.619,38325.765
2025-04-18 01:00:00,3.619,3.651,3.612,3.636,27478.955
2025-04-18 02:00:00,3.636,3.661,3.627,3.653,14087.491
2025-04-18 03:00:00,3.653,3.662,3.633,3.661,13190.578
2025-04-18 04:00:00,3.661,3.68,3.644,3.676,24804.471
2025-04-18 05:00:00,3.676,3.686,3.657,3.685,30307.582
2025-04-18 06:00:00,3.685,3.69,3.66,3.668,40108.677
2025-04-18 07:00:00,3.668,3.681,3.649,3.677,26937.928
2025-04-18 08:00:00,3.677,3.695,3.674,3.682,50917.952
2025-04-18 09:00:00,3.682,3.725,3.68,3.709,58514.269
2025-04-18 10:00:00,3.709,3.719,3.697,3.706,41249.978
2025-04-18 11:00:00,3.706,3.716,3.695,3.716,55018.128
2025-04-18 12:00:00,3.716,3.747,3.714,3.729,70565.759
2025-04-18 13:00:00,3.729,3.734,3.706,3.72,26895.763
2025-04-18 14:00:00,3.72,3.727,3.692,3.704,22863.394
2025-04-18 15:00:00,3.704,3.708,3.676,3.688,33570.073
2025-04-18 16:00:00,3.688,3.709,3.683,3.697,27664.62
2025-04-18 17:00:00,3.697,3.714,3.688,3.711,20510.949
2025-04-18 18:00:00,3.711,3.711,3.694,3.702,38222.797
2025-04-18 19:00:00,3.702,3.709,3.691,3.694,15539.73
2025-04-18 20:00:00,3.694,3.701,3.69,3.695,12483.421
2025-04-18 21:00:00,3.695,3.717,3.687,3.71,26300.741
2025-04-18 22:00:00,3.71,3.714,3.696,3.696,13485.045
2025-04-18 23:00:00,3.696,3.696,3.675,3.675,18828.899
2025-04-19 00:00:00,3.675,3.679,3.647,3.653,64775.728
2025-04-19 01:00:00,3.653,3.703,3.646,3.697,48732.361
2025-04-19 02:00:00,3.697,3.726,3.687,3.72,26112.571
2025-04-19 03:00:00,3.72,3.74,3.719,3.73,24192.918
2025-04-19 04:00:00,3.73,3.738,3.717,3.728,31079.361
2025-04-19 05:00:00,3.728,3.737,3.726,3.729,14735.862
2025-04-19 06:00:00,3.729,3.732,3.715,3.715,29861.808
2025-04-19 07:00:00,3.715,3.736,3.715,3.73,16316.717
2025-04-19 08:00:00,3.73,3.735,3.722,3.724,23996.575
2025-04-19 09:00:00,3.724,3.733,3.72,3.73,47981.118
2025-04-19 10:00:00,3.73,3.732,3.72,3.728,21850.206
2025-04-19 11:00:00,3.728,3.738,3.727,3.737,26758.097
2025-04-19 12:00:00,3.737,3.744,3.734,3.74,18953.556
2025-04-19 13:00:00,3.74,3.751,3.732,3.736,44087.806
2025-04-19 14:00:00,3.736,3.739,3.717,3.728,62644.32
2025-04-19 15:00:00,3.728,3.744,3.717,3.732,73087.194
2025-04-19 16:00:00,3.732,3.742,3.716,3.72,34152.566
2025-04-19 17:00:00,3.72,3.764,3.72,3.764,40768.868
2025-04-19 18:00:00,3.764,3.786,3.76,3.769,34039.848
2025-04-19 19:00:00,3.769,3.78,3.757,3.779,18511.211
2025-04-19 20:00:00,3.779,3.798,3.779,3.795,27425.749
2025-04-19 21:00:00,3.795,3.85,3.794,3.847,39218.002
2025-04-19 22:00:00,3.847,3.875,3.84,3.872,40923.011
2025-04-19 23:00:00,3.872,3.891,3.868,3.879,42503.642
2025-04-20 00:00:00,3.879,3.921,3.874,3.876,100665.449
2025-04-20 01:00:00,3.876,3.901,3.869,3.889,88161.873
2025-04-20 02:00:00,3.889,3.891,3.868,3.878,57108.671
2025-04-20 03:00:00,3.878,3.916,3.873,3.914,25721.183
2025-04-20 04:00:00,3.914,3.94,3.903,3.938,38351.723
2025-04-20 05:00:00,3.938,3.95,3.924,3.925,53938.593
2025-04-20 06:00:00,3.925,3.937,3.903,3.91,37445.36
2025-04-20 07:00:00,3.91,3.91,3.869,3.881,74711.304
2025-04-20 08:00:00,3.881,3.882,3.855,3.864,66732.07
2025-04-20 09:00:00,3.864,3.878,3.853,3.871,31453.218
2025-04-20 10:00:00,3.871,3.874,3.811,3.829,66550.139
2025-04-20 11:00:00,3.829,3.841,3.811,3.827,34351.84
2025-04-20 12:00:00,3.827,3.83,3.807,3.811,28717.627
2025-04-20 13:00:00,3.811,3.842,3.789,3.841,35912.244
2025-04-20 14:00:00,3.841,3.868,3.837,3.865,40479.355
2025-04-20 15:00:00,3.865,3.873,3.842,3.862,21392.521
2025-04-20 16:00:00,3.862,3.914,3.855,3.914,37561.181
2025-04-20 17:00:00,3.914,3.915,3.887,3.9,39330.567
2025-04-20 18:00:00,3.9,3.909,3.875,3.891,40859.415
2025-04-20 19:00:00,3.891,3.896,3.877,3.889,16069.623
2025-04-20 20:00:00,3.889,3.921,3.887,3.911,35050.512
2025-04-20 21:00:00,3.911,3.926,3.894,3.901,21920.775
2025-04-20 22:00:00,3.901,3.902,3.874,3.888,17934.59
2025-04-20 23:00:00,3.888,3.898,3.872,3.879,22056.369
2025-04-21 00:00:00,3.879,3.956,3.873,3.932,139157.478
2025-04-21 01:00:00,3.932,3.948,3.921,3.942,35393.336
2025-04-21 02:00:00,3.942,3.946,3.912,3.928,45838.857
2025-04-21 03:00:00,3.928,3.936,3.906,3.908,23696.74
2025-04-21 04:00:00,3.908,3.921,3.893,3.907,25169.603
2025-04-21 05:00:00,3.907,3.935,3.899,3.923,26765.714
2025-04-21 06:00:00,3.923,3.968,3.923,3.933,36554.9
2025-04-21 07:00:00,3.933,3.955,3.928,3.953,23057.587
2025-04-21 08:00:00,3.953,3.981,3.952,3.964,82195.363
2025-04-21 09:00:00,3.964,3.965,3.922,3.924,35402.05
2025-04-21 10:00:00,3.924,3.934,3.91,3.919,32951.987
2025-04-21 11:00:00,3.919,3.922,3.887,3.9,33147.733
2025-04-21 12:00:00,3.9,3.916,3.885,3.888,34171.308
2025-04-21 13:00:00,3.888,3.919,3.883,3.891,28924.019
2025-04-21 14:00:00,3.891,3.943,3.87,3.922,79387.032
2025-04-21 15:00:00,3.922,3.927,3.874,3.886,35281.354
2025-04-21 16:00:00,3.886,3.897,3.823,3.828,54876.093
2025-04-21 17:00:00,3.828,3.843,3.796,3.828,80279.39
2025-04-21 18:00:00,3.828,3.831,3.812,3.812,29259.205
2025-04-21 19:00:00,3.812,3.848,3.808,3.844,43317.125
2025-04-21 20:00:00,3.844,3.844,3.82,3.833,18416.219
2025-04-21 21:00:00,3.833,3.835,3.805,3.811,26645.991
2025-04-21 22:00:00,3.811,3.811,3.787,3.793,25739.681
2025-04-21 23:00:00,3.793,3.797,3.771,3.781,30884.968
2025-04-22 00:00:00,3.781,3.783,3.724,3.752,46178.519
2025-04-22 01:00:00,3.752,3.812,3.743,3.794,29699.066
2025-04-22 02:00:00,3.794,3.803,3.751,3.767,28549.434
2025-04-22 03:00:00,3.767,3.768,3.745,3.751,37048.138
2025-04-22 04:00:00,3.751,3.761,3.725,3.727,19806.043
2025-04-22 05:00:00,3.727,3.748,3.718,3.741,36204.447
2025-04-22 06:00:00,3.741,3.751,3.69,3.711,38088.919
2025-04-22 07:00:00,3.711,3.782,3.702,3.766,42879.924
2025-04-22 08:00:00,3.766,3.798,3.76,3.768,40466.741
2025-04-22 09:00:00,3.768,3.772,3.728,3.735,42871.677
2025-04-22 10:00:00,3.735,3.771,3.728,3.77,28726.552
2025-04-22 11:00:00,3.77,3.794,3.769,3.781,40248.636
2025-04-22 12:00:00,3.781,3.792,3.759,3.774,51629.579
2025-04-22 13:00:00,3.774,3.828,3.769,3.82,134199.07
2025-04-22 14:00:00,3.82,3.88,3.81,3.88,90015.505
2025-04-22 15:00:00,3.88,3.931,3.842,3.864,136366.602
2025-04-22 16:00:00,3.864,3.897,3.852,3.876,151516.543
2025-04-22 17:00:00,3.876,3.908,3.866,3.905,64376.071
2025-04-22 18:00:00,3.905,3.923,3.897,3.921,42577.359
2025-04-22 19:00:00,3.921,3.923,3.873,3.905,58918.837
2025-04-22 20:00:00,3.905,3.915,3.898,3.901,46032.458
2025-04-22 21:00:00,3.901,4.023,3.897,4.01,124029.687
2025-04-22 22:00:00,4.01,4.039,3.991,4.009,148595.194
2025-04-22 23:00:00,4.009,4.035,4.002,4.009,106086.45
2025-04-23 00:00:00,4.009,4.044,4.007,4.013,76946.867
2025-04-23 01:00:00,4.013,4.055,4.007,4.009,57363.127
2025-04-23 02:00:00,4.009,4.056,4.0,4.051,40931.515
2025-04-23 03:00:00,4.051,4.097,4.03,4.09,87887.5
2025-04-23 04:00:00,4.09,4.116,4.064,4.114,67483.285
2025-04-23 05:00:00,4.114,4.115,4.059,4.062,165067.851
2025-04-23 06:00:00,4.062,4.093,4.057,4.082,44285.265
2025-04-23 07:00:00,4.082,4.1,4.053,4.099,48450.191
2025-04-23 08:00:00,4.099,4.165,4.081,4.165,96479.029
2025-04-23 09:00:00,4.165,4.198,4.128,4.129,96264.412
2025-04-23 10:00:00,4.129,4.13,4.086,4.122,62253.716
2025-04-23 11:00:00,4.122,4.153,4.103,4.111,59904.704
2025-04-23 12:00:00,4.111,4.143,4.093,4.124,82016.704
2025-04-23 13:00:00,4.124,4.172,4.07,4.077,201901.252
2025-04-23 14:00:00,4.077,4.127,4.069,4.082,124080.115
2025-04-23 15:00:00,4.082,4.092,4.014,4.078,162242.259
2025-04-23 16:00:00,4.078,4.106,4.043,4.1,74153.807
2025-04-23 17:00:00,4.1,4.131,4.083,4.11,82481.523
2025-04-23 18:00:00,4.11,4.15,4.101,4.101,51353.427
2025-04-23 19:00:00,4.101,4.104,4.049,4.07,49654.602
2025-04-23 20:00:00,4.07,4.1,4.068,4.095,140305.358
2025-04-23 21:00:00,4.095,4.108,4.063,4.086,31776.113
2025-04-23 22:00:00,4.086,4.113,4.076,4.112,30562.46
2025-04-23 23:00:00,4.112,4.114,4.084,4.093,26665.502
2025-04-24 00:00:00,4.093,4.102,4.062,4.077,19296.761
2025-04-24 01:00:00,4.077,4.082,4.042,4.067,20401.773
2025-04-24 02:00:00,4.067,4.084,4.027,4.028,25568.809
2025-04-24 03:00:00,4.028,4.044,3.979,3.982,71451.382
2025-04-24 04:00:00,3.982,3.999,3.967,3.997,49153.927
2025-04-24 05:00:00,3.997,4.02,3.997,4.004,25332.195
2025-04-24 06:00:00,4.004,4.043,3.985,4.0,44253.808
2025-04-24 07:00:00,4.0,4.027,3.972,3.981,113215.682
2025-04-24 08:00:00,3.981,3.995,3.932,3.946,93064.618
2025-04-24 09:00:00,3.946,3.991,3.937,3.986,78206.284
2025-04-24 10:00:00,3.986,4.025,3.983,4.016,51707.137
2025-04-24 11:00:00,4.016,4.016,3.989,4.001,50828.883
2025-04-24 12:00:00,4.001,4.025,3.985,4.025,54206.309
2025-04-24 13:00:00,4.025,4.059,4.008,4.03,82035.923
2025-04-24 14:00:00,4.03,4.121,4.028,4.1,92439.656
2025-04-24 15:00:00,4.1,4.17,4.093,4.126,189179.981
2025-04-24 16:00:00,4.126,4.211,4.12,4.199,114082.37
2025-04-24 17:00:00,4.199,4.227,4.135,4.204,167472.702
2025-04-24 18:00:00,4.204,4.244,4.202,4.228,133937.972
2025-04-24 19:00:00,4.228,4.234,4.193,4.209,66032.712
2025-04-24 20:00:00,4.209,4.257,4.209,4.248,104489.825
2025-04-24 21:00:00,4.248,4.272,4.232,4.258,57516.54
2025-04-24 22:00:00,4.258,4.285,4.247,4.257,43109.936
2025-04-24 23:00:00,4.257,4.27,4.231,4.269,36225.478
2025-04-25 00:00:00,4.269,4.31,4.263,4.304,71027.81
2025-04-25 01:00:00,4.304,4.372,4.303,4.312,83290.966
2025-04-25 02:00:00,4.312,4.326,4.216,4.234,99260.857
2025-04-25 03:00:00,4.234,4.273,4.23,4.259,39147.756
2025-04-25 04:00:00,4.259,4.279,4.24,4.263,41417.567
2025-04-25 05:00:00,4.263,4.308,4.262,4.297,56779.687
2025-04-25 06:00:00,4.297,4.352,4.292,4.342,79261.029
2025-04-25 07:00:00,4.342,4.363,4.319,4.33,45020.887
2025-04-25 08:00:00,4.33,4.348,4.303,4.343,60876.121
2025-04-25 09:00:00,4.343,4.351,4.296,4.318,65706.919
2025-04-25 10:00:00,4.318,4.324,4.262,4.283,56027.632
2025-04-25 11:00:00,4.283,4.315,4.283,4.303,43189.208
2025-04-25 12:00:00,4.303,4.327,4.238,4.25,109456.645
2025-04-25 13:00:00,4.25,4.274,4.226,4.253,77556.411
2025-04-25 14:00:00,4.253,4.328,4.252,4.318,110524.322
2025-04-25 15:00:00,4.318,4.326,4.278,4.302,67492.082
2025-04-25 16:00:00,4.302,4.319,4.265,4.309,51624.814
2025-04-25 17:00:00,4.309,4.323,4.256,4.269,35664.234
2025-04-25 18:00:00,4.269,4.3,4.268,4.278,20398.264
2025-04-25 19:00:00,4.278,4.284,4.255,4.273,26520.699
2025-04-25 20:00:00,4.273,4.28,4.258,4.268,32696.221
2025-04-25 21:00:00,4.268,4.284,4.23,4.24,25125.768
2025-04-25 22:00:00,4.24,4.303,4.24,4.291,29146.87
2025-04-25 23:00:00,4.291,4.294,4.251,4.253,32709.979
2025-04-26 00:00:00,4.253,4.304,4.253,4.3,30772.031
2025-04-26 01:00:00,4.3,4.35,4.273,4.35,91418.681
2025-04-26 02:00:00,4.35,4.362,4.317,4.337,38803.518
2025-04-26 03:00:00,4.337,4.348,4.257,4.267,55664.294
2025-04-26 04:00:00,4.267,4.297,4.256,4.257,56651.325
2025-04-26 05:00:00,4.257,4.28,4.242,4.269,21271.106
2025-04-26 06:00:00,4.269,4.31,4.265,4.303,23221.899
2025-04-26 07:00:00,4.303,4.331,4.301,4.305,34083.096
2025-04-26 08:00:00,4.305,4.342,4.274,4.28,53817.047
2025-04-26 09:00:00,4.28,4.294,4.256,4.275,36617.281
2025-04-26 10:00:00,4.275,4.298,4.268,4.282,26903.309
2025-04-26 11:00:00,4.282,4.286,4.23,4.238,67739.837
2025-04-26 12:00:00,4.238,4.267,4.233,4.234,32636.833
2025-04-26 13:00:00,4.234,4.252,4.201,4.234,41772.648
2025-04-26 14:00:00,4.234,4.274,4.209,4.262,34076.022
2025-04-26 15:00:00,4.262,4.293,4.259,4.285,22431.588
2025-04-26 16:00:00,4.285,4.294,4.262,4.276,17870.616
2025-04-26 17:00:00,4.276,4.295,4.274,4.284,34257.039
2025-04-26 18:00:00,4.284,4.289,4.273,4.275,23380.446
2025-04-26 19:00:00,4.275,4.28,4.262,4.277,18015.918
2025-04-26 20:00:00,4.277,4.292,4.257,4.257,15527.309
2025-04-26 21:00:00,4.257,4.297,4.257,4.283,25477.71
2025-04-26 22:00:00,4.283,4.3,4.27,4.279,11196.087
2025-04-26 23:00:00,4.279,4.28,4.261,4.264,11429.033
2025-04-27 00:00:00,4.264,4.29,4.254,4.273,30587.684
2025-04-27 01:00:00,4.273,4.277,4.151,4.157,73415.491
2025-04-27 02:00:00,4.157,4.185,4.152,4.174,42055.757
2025-04-27 03:00:00,4.174,4.192,4.166,4.179,20740.298
2025-04-27 04:00:00,4.179,4.189,4.138,4.141,68241.58
2025-04-27 05:00:00,4.141,4.156,4.112,4.135,69523.509
2025-04-27 06:00:00,4.135,4.147,4.12,4.13,27430.078
2025-04-27 07:00:00,4.13,4.147,4.122,4.145,23509.409
2025-04-27 08:00:00,4.145,4.162,4.133,4.152,33615.64
2025-04-27 09:00:00,4.152,4.152,4.133,4.142,24671.097
2025-04-27 10:00:00,4.142,4.144,4.116,4.126,24723.838
2025-04-27 11:00:00,4.126,4.131,4.11,4.114,19884.283
2025-04-27 12:00:00,4.114,4.135,4.089,4.1,55989.939
2025-04-27 13:00:00,4.1,4.126,4.075,4.118,29117.23
2025-04-27 14:00:00,4.118,4.141,4.107,4.134,48600.252
2025-04-27 15:00:00,4.134,4.134,4.088,4.094,70600.862
2025-04-27 16:00:00,4.094,4.099,4.057,4.07,149888.754
2025-04-27 17:00:00,4.07,4.091,4.061,4.08,29718.235
2025-04-27 18:00:00,4.08,4.117,4.071,4.108,33212.74
2025-04-27 19:00:00,4.108,4.139,4.102,4.139,24792.287
2025-04-27 20:00:00,4.139,4.139,4.116,4.119,27743.69
2025-04-27 21:00:00,4.119,4.145,4.099,4.137,24192.643
2025-04-27 22:00:00,4.137,4.148,4.114,4.115,120159.594
2025-04-27 23:00:00,4.115,4.115,4.088,4.088,30318.258
2025-04-28 00:00:00,4.088,4.11,4.051,4.084,78408.707
2025-04-28 01:00:00,4.084,4.088,4.011,4.034,44357.841
2025-04-28 02:00:00,4.034,4.086,4.024,4.082,22537.826
2025-04-28 03:00:00,4.082,4.125,4.073,4.113,20570.467
2025-04-28 04:00:00,4.113,4.149,4.113,4.124,35331.77
2025-04-28 05:00:00,4.124,4.132,4.109,4.123,20175.442
2025-04-28 06:00:00,4.123,4.192,4.123,4.178,89802.56
2025-04-28 07:00:00,4.178,4.232,4.167,4.222,100372.789
2025-04-28 08:00:00,4.222,4.257,4.205,4.212,35075.684
2025-04-28 09:00:00,4.212,4.264,4.212,4.223,75027.037
2025-04-28 10:00:00,4.223,4.245,4.183,4.226,69704.8
2025-04-28 11:00:00,4.226,4.259,4.217,4.228,42111.66
2025-04-28 12:00:00,4.228,4.231,4.2,4.205,37719.95
2025-04-28 13:00:00,4.205,4.216,4.139,4.141,78677.591
2025-04-28 14:00:00,4.141,4.198,4.13,4.154,57614.774
2025-04-28 15:00:00,4.154,4.165,4.087,4.112,46554.419
2025-04-28 16:00:00,4.112,4.149,4.089,4.137,43351.325
2025-04-28 17:00:00,4.137,4.19,4.134,4.19,35983.115
2025-04-28 18:00:00,4.19,4.204,4.167,4.199,50178.193
2025-04-28 19:00:00,4.199,4.246,4.199,4.241,46290.94
2025-04-28 20:00:00,4.241,4.252,4.215,4.23,32002.399
2025-04-28 21:00:00,4.23,4.24,4.209,4.233,34845.606
2025-04-28 22:00:00,4.233,4.266,4.23,4.256,32906.677
2025-04-28 23:00:00,4.256,4.258,4.228,4.239,19347.004
2025-04-29 00:00:00,4.239,4.304,4.239,4.302,117377.166
2025-04-29 01:00:00,4.302,4.313,4.277,4.281,27841.073
2025-04-29 02:00:00,4.281,4.286,4.252,4.265,24004.474
2025-04-29 03:00:00,4.265,4.286,4.265,4.277,13195.173
2025-04-29 04:00:00,4.277,4.291,4.239,4.249,20297.875
2025-04-29 05:00:00,4.249,4.27,4.243,4.265,22136.589
2025-04-29 06:00:00,4.265,4.328,4.265,4.312,67009.922
2025-04-29 07:00:00,4.312,4.316,4.288,4.299,30800.125
2025-04-29 08:00:00,4.299,4.31,4.278,4.296,29118.946
2025-04-29 09:00:00,4.296,4.302,4.265,4.284,44325.661
2025-04-29 10:00:00,4.284,4.302,4.241,4.253,35738.065
2025-04-29 11:00:00,4.253,4.268,4.244,4.255,84944.984
2025-04-29 12:00:00,4.255,4.255,4.208,4.211,34038.517
2025-04-29 13:00:00,4.211,4.252,4.2,4.243,40463.827
2025-04-29 14:00:00,4.243,4.288,4.232,4.271,68921.823
2025-04-29 15:00:00,4.271,4.277,4.24,4.273,22397.128
2025-04-29 16:00:00,4.273,4.282,4.249,4.256,39322.354
2025-04-29 17:00:00,4.256,4.265,4.233,4.248,29527.769
2025-04-29 18:00:00,4.248,4.25,4.235,4.243,17315.251
2025-04-29 19:00:00,4.243,4.249,4.226,4.228,12162.306
2025-04-29 20:00:00,4.228,4.232,4.188,4.193,38078.827
2025-04-29 21:00:00,4.193,4.193,4.145,4.169,41653.459
2025-04-29 22:00:00,4.169,4.169,4.124,4.135,35106.168
2025-04-29 23:00:00,4.135,4.147,4.102,4.146,50239.312
2025-04-30 00:00:00,4.146,4.151,4.115,4.135,151654.622
2025-04-30 01:00:00,4.135,4.138,4.09,4.121,53476.159
2025-04-30 02:00:00,4.121,4.157,4.111,4.148,40600.245
2025-04-30 03:00:00,4.148,4.173,4.14,4.168,47240.811
2025-04-30 04:00:00,4.168,4.174,4.151,4.163,50210.995
2025-04-30 05:00:00,4.163,4.166,4.138,4.14,41353.575
2025-04-30 06:00:00,4.14,4.145,4.119,4.122,36530.573
2025-04-30 07:00:00,4.122,4.129,4.09,4.114,44576.031
2025-04-30 08:00:00,4.114,4.122,4.085,4.093,55252.121
2025-04-30 09:00:00,4.093,4.142,4.093,4.128,29343.756
2025-04-30 10:00:00,4.128,4.164,4.126,4.157,30165.449
2025-04-30 11:00:00,4.157,4.172,4.155,4.158,17195.634
2025-04-30 12:00:00,4.158,4.16,4.07,4.097,54432.65
2025-04-30 13:00:00,4.097,4.109,4.036,4.041,79355.737
2025-04-30 14:00:00,4.041,4.101,4.027,4.079,95334.121
2025-04-30 15:00:00,4.079,4.102,4.066,4.076,22642.391
2025-04-30 16:00:00,4.076,4.079,4.038,4.068,29514.623
2025-04-30 17:00:00,4.068,4.094,4.047,4.089,34535.459
2025-04-30 18:00:00,4.089,4.112,4.075,4.077,31671.661
2025-04-30 19:00:00,4.077,4.09,4.048,4.076,17405.051
2025-04-30 20:00:00,4.076,4.138,4.074,4.116,62285.889
2025-04-30 21:00:00,4.116,4.124,4.094,4.1,20152.183
2025-04-30 22:00:00,4.1,4.114,4.076,4.084,12955.212
2025-04-30 23:00:00,4.084,4.089,4.064,4.066,33616.806
2025-05-01 00:00:00,4.066,4.097,4.064,4.095,58848.08
2025-05-01 01:00:00,4.095,4.123,4.094,4.118,18858.359
2025-05-01 02:00:00,4.118,4.13,4.095,4.097,33713.489
2025-05-01 03:00:00,4.097,4.12,4.097,4.099,21252.474
2025-05-01 04:00:00,4.099,4.1,4.077,4.096,28494.742
2025-05-01 05:00:00,4.096,4.122,4.092,4.113,16368.414
2025-05-01 06:00:00,4.113,4.118,4.091,4.096,18432.902
2025-05-01 07:00:00,4.096,4.124,4.087,4.119,36044.161
2025-05-01 08:00:00,4.119,4.149,4.109,4.149,41524.435
2025-05-01 09:00:00,4.149,4.159,4.142,4.154,38676.966
2025-05-01 10:00:00,4.154,4.186,4.145,4.181,43831.733
2025-05-01 11:00:00,4.181,4.19,4.166,4.177,27458.594
2025-05-01 12:00:00,4.177,4.183,4.162,4.18,44932.252
2025-05-01 13:00:00,4.18,4.193,4.122,4.123,70136.752
2025-05-01 14:00:00,4.123,4.177,4.123,4.176,73561.469
2025-05-01 15:00:00,4.176,4.214,4.152,4.158,61369.128
2025-05-01 16:00:00,4.158,4.207,4.158,4.176,67245.699
2025-05-01 17:00:00,4.176,4.201,4.158,4.169,47527.032
2025-05-01 18:00:00,4.169,4.173,4.142,4.173,26670.203
2025-05-01 19:00:00,4.173,4.191,4.161,4.168,31065.913
2025-05-01 20:00:00,4.168,4.205,4.156,4.196,33420.215
2025-05-01 21:00:00,4.196,4.224,4.193,4.2,42786.104
2025-05-01 22:00:00,4.2,4.215,4.186,4.188,20098.892
2025-05-01 23:00:00,4.188,4.197,4.162,4.177,17847.394
2025-05-02 00:00:00,4.177,4.223,4.168,4.22,33159.873
2025-05-02 01:00:00,4.22,4.233,4.19,4.215,26703.139
2025-05-02 02:00:00,4.215,4.268,4.208,4.268,24648.37
2025-05-02 03:00:00,4.268,4.287,4.241,4.242,49809.018
2025-05-02 04:00:00,4.242,4.251,4.186,4.199,44087.674
2025-05-02 05:00:00,4.199,4.207,4.172,4.186,19438.659
2025-05-02 06:00:00,4.186,4.236,4.177,4.22,30486.862
2025-05-02 07:00:00,4.22,4.22,4.184,4.187,23392.889
2025-05-02 08:00:00,4.187,4.233,4.185,4.222,31128.357
2025-05-02 09:00:00,4.222,4.229,4.196,4.197,18759.807
2025-05-02 10:00:00,4.197,4.211,4.167,4.17,30926.707
2025-05-02 11:00:00,4.17,4.193,4.17,4.174,32570.144
2025-05-02 12:00:00,4.174,4.207,4.158,4.202,69788.372
2025-05-02 13:00:00,4.202,4.209,4.175,4.191,22692.504
2025-05-02 14:00:00,4.191,4.24,4.191,4.233,36867.682
2025-05-02 15:00:00,4.233,4.24,4.192,4.202,25495.209
2025-05-02 16:00:00,4.202,4.231,4.202,4.214,29360.131
2025-05-02 17:00:00,4.214,4.216,4.18,4.184,15556.803
2025-05-02 18:00:00,4.184,4.2,4.171,4.172,15622.299
2025-05-02 19:00:00,4.172,4.172,4.125,4.139,39983.882
2025-05-02 20:00:00,4.139,4.158,4.131,4.151,32783.707
2025-05-02 21:00:00,4.151,4.17,4.143,4.157,12049.093
2025-05-02 22:00:00,4.157,4.161,4.141,4.151,14912.31
2025-05-02 23:00:00,4.151,4.162,4.148,4.161,42277.301
2025-05-03 00:00:00,4.161,4.161,4.116,4.121,27979.226
2025-05-03 01:00:00,4.121,4.124,4.1,4.11,46163.225
2025-05-03 02:00:00,4.11,4.13,4.105,4.122,20335.175
2025-05-03 03:00:00,4.122,4.144,4.12,4.138,13719.38
2025-05-03 04:00:00,4.138,4.162,4.132,4.158,14128.893
2025-05-03 05:00:00,4.158,4.172,4.149,4.161,24227.187
2025-05-03 06:00:00,4.161,4.161,4.139,4.147,25711.958
2025-05-03 07:00:00,4.147,4.163,4.14,4.142,17440.159
2025-05-03 08:00:00,4.142,4.15,4.118,4.134,20584.478
2025-05-03 09:00:00,4.134,4.139,4.111,4.118,21075.374
2025-05-03 10:00:00,4.118,4.118,4.077,4.078,35776.229
2025-05-03 11:00:00,4.078,4.097,4.075,4.084,44485.395
2025-05-03 12:00:00,4.084,4.115,4.084,4.106,17445.718
2025-05-03 13:00:00,4.106,4.124,4.106,4.111,20800.355
2025-05-03 14:00:00,4.111,4.128,4.106,4.127,10879.583
2025-05-03 15:00:00,4.127,4.144,4.114,4.114,8376.785
2025-05-03 16:00:00,4.114,4.114,4.054,4.071,42379.738
2025-05-03 17:00:00,4.071,4.071,4.013,4.057,52895.993
2025-05-03 18:00:00,4.057,4.071,4.035,4.043,29657.812
2025-05-03 19:00:00,4.043,4.069,4.036,4.068,22146.026
2025-05-03 20:00:00,4.068,4.073,4.047,4.058,13786.33
2025-05-03 21:00:00,4.058,4.075,4.033,4.046,27745.632
2025-05-03 22:00:00,4.046,4.055,4.032,4.049,11647.789
2025-05-03 23:00:00,4.049,4.053,4.026,4.027,39534.639
2025-05-04 00:00:00,4.027,4.037,3.995,4.001,84160.367
2025-05-04 01:00:00,4.001,4.027,3.988,4.024,20486.089
2025-05-04 02:00:00,4.024,4.051,4.008,4.017,26331.776
2025-05-04 03:00:00,4.017,4.023,3.994,4.004,27664.552
2025-05-04 04:00:00,4.004,4.016,3.982,3.998,43644.201
2025-05-04 05:00:00,3.998,4.042,3.991,4.027,99499.402
2025-05-04 06:00:00,4.027,4.04,4.001,4.033,24882.919
2025-05-04 07:00:00,4.033,4.035,4.003,4.022,28025.956
2025-05-04 08:00:00,4.022,4.029,3.977,3.985,57623.017
2025-05-04 09:00:00,3.985,3.987,3.957,3.959,27258.269
2025-05-04 10:00:00,3.959,3.978,3.953,3.969,18343.754
2025-05-04 11:00:00,3.969,3.98,3.96,3.965,26554.751
2025-05-04 12:00:00,3.965,3.974,3.955,3.965,17773.203
2025-05-04 13:00:00,3.965,3.973,3.93,3.949,40987.417
2025-05-04 14:00:00,3.949,3.994,3.945,3.989,26020.874
2025-05-04 15:00:00,3.989,3.998,3.951,3.964,90339.709
2025-05-04 16:00:00,3.964,3.969,3.911,3.923,45751.401
2025-05-04 17:00:00,3.923,3.94,3.9,3.932,31328.106
2025-05-04 18:00:00,3.932,3.947,3.922,3.923,10728.852
2025-05-04 19:00:00,3.923,3.953,3.919,3.943,11971.394
2025-05-04 20:00:00,3.943,3.968,3.937,3.964,19600.336
2025-05-04 21:00:00,3.964,3.975,3.953,3.971,16020.695
2025-05-04 22:00:00,3.971,3.971,3.911,3.939,28063.392
2025-05-04 23:00:00,3.939,3.939,3.906,3.92,44173.191
2025-05-05 00:00:00,3.92,3.971,3.917,3.966,18792.586
2025-05-05 01:00:00,3.966,3.97,3.915,3.939,32233.512
2025-05-05 02:00:00,3.939,4.005,3.926,3.987,46685.495
2025-05-05 03:00:00,3.987,3.996,3.973,3.973,13312.48
2025-05-05 04:00:00,3.973,3.999,3.959,3.997,33037.792
2025-05-05 05:00:00,3.997,4.018,3.989,4.016,20999.907
2025-05-05 06:00:00,4.016,4.022,3.98,3.984,14418.261
2025-05-05 07:00:00,3.984,3.985,3.958,3.981,22035.872
2025-05-05 08:00:00,3.981,3.992,3.974,3.978,31006.117
2025-05-05 09:00:00,3.978,3.985,3.956,3.957,28535.453
2025-05-05 10:00:00,3.957,3.957,3.894,3.923,61737.61
2025-05-05 11:00:00,3.923,3.943,3.901,3.914,62315.339
2025-05-05 12:00:00,3.914,3.935,3.904,3.923,23949.788
2025-05-05 13:00:00,3.923,3.935,3.898,3.921,37585.826
2025-05-05 14:00:00,3.921,3.938,3.91,3.923,20129.508
2025-05-05 15:00:00,3.923,3.928,3.889,3.894,25540.093
2025-05-05 16:00:00,3.894,3.933,3.894,3.92,17930.244
2025-05-05 17:00:00,3.92,3.965,3.912,3.953,35464.673
2025-05-05 18:00:00,3.953,3.984,3.951,3.976,38966.113
2025-05-05 19:00:00,3.976,3.986,3.936,3.937,35241.354
2025-05-05 20:00:00,3.937,3.941,3.885,3.918,58292.416
2025-05-05 21:00:00,3.918,3.94,3.911,3.932,32365.042
2025-05-05 22:00:00,3.932,3.959,3.927,3.947,27320.179
2025-05-05 23:00:00,3.947,3.949,3.916,3.919,25137.86
2025-05-06 00:00:00,3.919,3.932,3.901,3.906,36084.886
2025-05-06 01:00:00,3.906,3.929,3.892,3.898,35110.947
2025-05-06 02:00:00,3.898,3.904,3.86,3.9,32622.491
2025-05-06 03:00:00,3.9,3.922,3.891,3.917,30802.2
2025-05-06 04:00:00,3.917,3.929,3.913,3.915,17324.904
2025-05-06 05:00:00,3.915,3.916,3.883,3.886,14397.55
2025-05-06 06:00:00,3.886,3.9,3.883,3.9,19314.69
2025-05-06 07:00:00,3.9,3.917,3.888,3.892,32602.545
2025-05-06 08:00:00,3.892,3.892,3.848,3.886,39387.157
2025-05-06 09:00:00,3.886,3.901,3.865,3.887,92262.861
2025-05-06 10:00:00,3.887,3.895,3.855,3.86,33849.093
2025-05-06 11:00:00,3.86,3.889,3.824,3.841,43660.938
2025-05-06 12:00:00,3.841,3.877,3.827,3.868,68124.317
2025-05-06 13:00:00,3.868,3.876,3.839,3.859,147425.758
2025-05-06 14:00:00,3.859,3.929,3.859,3.9,69060.02
2025-05-06 15:00:00,3.9,3.931,3.889,3.907,32082.523
2025-05-06 16:00:00,3.907,3.93,3.886,3.886,36046.756
2025-05-06 17:00:00,3.886,3.934,3.886,3.91,20690.136
2025-05-06 18:00:00,3.91,3.954,3.907,3.954,21434.581
2025-05-06 19:00:00,3.954,3.963,3.926,3.936,23433.917
2025-05-06 20:00:00,3.936,3.949,3.887,3.904,22440.51
2025-05-06 21:00:00,3.904,3.918,3.848,3.883,26316.22
2025-05-06 22:00:00,3.883,3.959,3.882,3.956,63939.566
2025-05-06 23:00:00,3.956,3.976,3.931,3.971,51102.341
2025-05-07 00:00:00,3.971,4.0,3.955,3.99,47476.377
2025-05-07 01:00:00,3.99,4.006,3.982,3.992,46406.953
2025-05-07 02:00:00,3.992,3.993,3.947,3.954,35686.498
2025-05-07 03:00:00,3.954,3.965,3.934,3.961,35351.926
2025-05-07 04:00:00,3.961,3.978,3.954,3.963,15111.965
2025-05-07 05:00:00,3.963,3.966,3.932,3.941,22769.351
2025-05-07 06:00:00,3.941,3.955,3.934,3.948,29755.273
2025-05-07 07:00:00,3.948,3.985,3.946,3.982,27883.256
2025-05-07 08:00:00,3.982,3.998,3.966,3.997,34450.782
2025-05-07 09:00:00,3.997,4.004,3.986,3.989,24929.078
2025-05-07 10:00:00,3.989,3.999,3.973,3.98,24558.764
2025-05-07 11:00:00,3.98,3.981,3.966,3.977,13217.341
2025-05-07 12:00:00,3.977,3.98,3.952,3.963,16747.25
2025-05-07 13:00:00,3.963,3.974,3.938,3.962,46000.606
2025-05-07 14:00:00,3.962,3.974,3.939,3.95,24157.874
2025-05-07 15:00:00,3.95,3.95,3.916,3.922,21304.423
2025-05-07 16:00:00,3.922,3.922,3.88,3.908,39558.077
2025-05-07 17:00:00,3.908,3.915,3.884,3.9,28539.152
2025-05-07 18:00:00,3.9,3.939,3.88,3.921,94800.321
2025-05-07 19:00:00,3.921,3.924,3.886,3.903,26868.795
2025-05-07 20:00:00,3.903,3.915,3.892,3.912,10925.326
2025-05-07 21:00:00,3.912,3.945,3.904,3.928,16376.813
2025-05-07 22:00:00,3.928,3.967,3.925,3.966,27398.761
2025-05-07 23:00:00,3.966,3.986,3.962,3.968,33296.44
2025-05-08 00:00:00,3.968,4.015,3.966,4.011,25937.778
2025-05-08 01:00:00,4.011,4.063,4.011,4.045,65396.546
2025-05-08 02:00:00,4.045,4.1,4.045,4.092,43527.382
2025-05-08 03:00:00,4.092,4.169,4.09,4.168,76216.832
2025-05-08 04:00:00,4.168,4.238,4.168,4.208,91947.766
2025-05-08 05:00:00,4.208,4.245,4.208,4.239,66332.245
2025-05-08 06:00:00,4.239,4.266,4.221,4.229,52840.617
2025-05-08 07:00:00,4.229,4.249,4.21,4.212,90085.106
2025-05-08 08:00:00,4.212,4.247,4.212,4.238,33680.268
2025-05-08 09:00:00,4.238,4.285,4.233,4.278,53806.112
2025-05-08 10:00:00,4.278,4.326,4.26,4.274,198833.029
2025-05-08 11:00:00,4.274,4.277,4.237,4.246,100187.452
2025-05-08 12:00:00,4.246,4.254,4.221,4.223,70814.797
2025-05-08 13:00:00,4.223,4.24,4.215,4.22,67386.356
2025-05-08 14:00:00,4.22,4.255,4.206,4.237,50998.496
2025-05-08 15:00:00,4.237,4.348,4.235,4.298,159925.334
2025-05-08 16:00:00,4.298,4.331,4.298,4.323,102892.983
2025-05-08 17:00:00,4.323,4.329,4.277,4.292,90112.097
2025-05-08 18:00:00,4.292,4.318,4.292,4.31,57005.284
2025-05-08 19:00:00,4.31,4.335,4.295,4.329,58099.306
2025-05-08 20:00:00,4.329,4.442,4.314,4.441,138926.422
2025-05-08 21:00:00,4.441,4.491,4.39,4.443,171034.486
2025-05-08 22:00:00,4.443,4.449,4.407,4.423,61783.803
2025-05-08 23:00:00,4.423,4.456,4.409,4.456,33614.238
2025-05-09 00:00:00,4.456,4.475,4.434,4.468,73150.684
2025-05-09 01:00:00,4.468,4.532,4.457,4.515,81958.102
2025-05-09 02:00:00,4.515,4.523,4.489,4.506,51648.584
2025-05-09 03:00:00,4.506,4.55,4.466,4.474,72464.287
2025-05-09 04:00:00,4.474,4.496,4.448,4.46,55141.193
2025-05-09 05:00:00,4.46,4.507,4.453,4.502,59254.343
2025-05-09 06:00:00,4.502,4.534,4.487,4.529,62478.493
2025-05-09 07:00:00,4.529,4.634,4.528,4.605,178430.593
2025-05-09 08:00:00,4.605,4.708,4.551,4.625,286750.005
2025-05-09 09:00:00,4.625,4.67,4.56,4.592,121177.916
2025-05-09 10:00:00,4.592,4.681,4.574,4.671,168191.226
2025-05-09 11:00:00,4.671,4.753,4.646,4.687,218916.124
2025-05-09 12:00:00,4.687,4.7,4.634,4.669,113330.535
2025-05-09 13:00:00,4.669,4.745,4.665,4.724,128309.506
2025-05-09 14:00:00,4.724,4.762,4.627,4.699,160824.008
2025-05-09 15:00:00,4.699,4.741,4.659,4.731,102361.833
2025-05-09 16:00:00,4.731,4.768,4.692,4.716,106102.748
2025-05-09 17:00:00,4.716,4.862,4.707,4.845,183544.296
2025-05-09 18:00:00,4.845,4.849,4.771,4.771,113164.1
2025-05-09 19:00:00,4.771,4.781,4.733,4.761,114123.601
2025-05-09 20:00:00,4.761,4.793,4.746,4.789,41565.153
2025-05-09 21:00:00,4.789,4.819,4.768,4.782,82561.395
2025-05-09 22:00:00,4.782,4.809,4.769,4.78,13777.907
2025-05-09 23:00:00,4.78,4.805,4.76,4.8,21486.771
2025-05-10 00:00:00,4.8,4.926,4.797,4.82,183321.512
2025-05-10 01:00:00,4.82,4.908,4.812,4.877,116326.005
2025-05-10 02:00:00,4.877,5.028,4.874,5.022,125424.355
2025-05-10 03:00:00,5.022,5.037,4.951,4.981,117769.039
2025-05-10 04:00:00,4.981,5.074,4.933,5.057,87067.365
2025-05-10 05:00:00,5.057,5.11,4.99,5.096,85168.899
2025-05-10 06:00:00,5.096,5.131,5.049,5.1,101834.074
2025-05-10 07:00:00,5.1,5.112,5.025,5.062,77160.566
2025-05-10 08:00:00,5.062,5.131,5.015,5.084,102138.31
2025-05-10 09:00:00,5.084,5.146,5.046,5.132,65663.57
2025-05-10 10:00:00,5.132,5.208,5.103,5.104,181555.948
2025-05-10 11:00:00,5.104,5.168,5.038,5.051,125929.033
2025-05-10 12:00:00,5.051,5.085,5.02,5.04,157411.876
2025-05-10 13:00:00,5.04,5.066,5.013,5.05,68301.19
2025-05-10 14:00:00,5.05,5.098,5.007,5.097,55929.568
2025-05-10 15:00:00,5.097,5.116,4.959,5.004,234295.742
2025-05-10 16:00:00,5.004,5.077,4.986,5.071,77822.973
2025-05-10 17:00:00,5.071,5.138,5.039,5.058,132835.884
2025-05-10 18:00:00,5.058,5.108,5.049,5.095,61573.868
2025-05-10 19:00:00,5.095,5.095,5.045,5.074,30937.676
2025-05-10 20:00:00,5.074,5.107,5.042,5.098,34248.032
2025-05-10 21:00:00,5.098,5.144,5.091,5.132,59193.016
2025-05-10 22:00:00,5.132,5.178,5.108,5.175,59620.436
2025-05-10 23:00:00,5.175,5.321,5.168,5.309,207601.64
2025-05-11 00:00:00,5.309,5.361,5.122,5.18,187590.983
2025-05-11 01:00:00,5.18,5.196,5.048,5.095,136393.546
2025-05-11 02:00:00,5.095,5.139,5.062,5.093,90954.834
2025-05-11 03:00:00,5.093,5.174,5.076,5.127,71384.631
2025-05-11 04:00:00,5.127,5.212,5.119,5.199,91035.939
2025-05-11 05:00:00,5.199,5.2,5.112,5.116,98277.864
2025-05-11 06:00:00,5.116,5.135,5.049,5.076,76928.98
2025-05-11 07:00:00,5.076,5.076,4.952,5.003,145252.594
2025-05-11 08:00:00,5.003,5.058,4.979,4.991,99520.26
2025-05-11 09:00:00,4.991,5.079,4.991,5.057,92522.98
2025-05-11 10:00:00,5.057,5.112,5.053,5.09,52055.061
2025-05-11 11:00:00,5.09,5.114,5.077,5.108,32090.038
2025-05-11 12:00:00,5.108,5.121,5.07,5.106,41947.914
2025-05-11 13:00:00,5.106,5.114,4.998,5.001,64048.666
2025-05-11 14:00:00,5.001,5.075,5.0,5.054,43814.781
2025-05-11 15:00:00,5.054,5.105,5.003,5.049,66241.31
2025-05-11 16:00:00,5.049,5.067,4.985,5.036,71110.636
2025-05-11 17:00:00,5.036,5.119,5.024,5.106,43198.883
2025-05-11 18:00:00,5.106,5.151,5.061,5.126,79043.971
2025-05-11 19:00:00,5.126,5.152,5.094,5.103,38179.356
2025-05-11 20:00:00,5.103,5.122,5.077,5.09,23933.911
2025-05-11 21:00:00,5.09,5.129,5.061,5.124,45575.729
2025-05-11 22:00:00,5.124,5.147,5.054,5.094,58972.763
2025-05-11 23:00:00,5.094,5.111,5.077,5.097,22531.332
2025-05-12 00:00:00,5.097,5.146,5.083,5.115,51163.19
2025-05-12 01:00:00,5.115,5.158,5.017,5.068,52200.367
2025-05-12 02:00:00,5.068,5.138,5.065,5.104,46913.255
2025-05-12 03:00:00,5.104,5.147,5.07,5.147,41994.349
2025-05-12 04:00:00,5.147,5.175,5.11,5.166,40410.003
2025-05-12 05:00:00,5.166,5.181,5.095,5.141,40666.767
2025-05-12 06:00:00,5.141,5.208,5.127,5.188,63026.917
2025-05-12 07:00:00,5.188,5.394,5.188,5.267,247562.429
2025-05-12 08:00:00,5.267,5.297,5.189,5.291,113037.005
2025-05-12 09:00:00,5.291,5.31,5.221,5.23,89038.206
2025-05-12 10:00:00,5.23,5.25,5.194,5.244,56205.253
2025-05-12 11:00:00,5.244,5.276,5.18,5.201,127929.542
2025-05-12 12:00:00,5.201,5.341,5.197,5.322,94373.123
2025-05-12 13:00:00,5.322,5.375,5.243,5.294,148302.405
2025-05-12 14:00:00,5.294,5.319,5.085,5.133,216392.254
2025-05-12 15:00:00,5.133,5.175,5.061,5.105,154515.827
2025-05-12 16:00:00,5.105,5.169,5.073,5.153,83318.44
2025-05-12 17:00:00,5.153,5.184,5.082,5.101,42184.141
2025-05-12 18:00:00,5.101,5.126,4.888,4.981,260101.343
2025-05-12 19:00:00,4.981,5.062,4.978,5.049,116566.454
2025-05-12 20:00:00,5.049,5.114,5.013,5.087,54576.773
2025-05-12 21:00:00,5.087,5.113,5.07,5.087,86309.176
2025-05-12 22:00:00,5.087,5.114,5.074,5.086,20792.302
2025-05-12 23:00:00,5.086,5.108,5.067,5.073,23897.196
2025-05-13 00:00:00,5.073,5.073,4.98,4.985,49566.373
2025-05-13 01:00:00,4.985,5.013,4.907,4.942,82879.849
2025-05-13 02:00:00,4.942,4.961,4.844,4.874,144199.596
2025-05-13 03:00:00,4.874,4.907,4.822,4.843,82035.58
2025-05-13 04:00:00,4.843,4.948,4.833,4.936,61160.962
2025-05-13 05:00:00,4.936,4.955,4.907,4.942,34275.483
2025-05-13 06:00:00,4.942,4.983,4.942,4.949,32696.517
2025-05-13 07:00:00,4.949,5.012,4.942,4.972,58461.495
2025-05-13 08:00:00,4.972,4.997,4.943,4.959,37298.449
2025-05-13 09:00:00,4.959,5.042,4.959,5.031,65534.684
2025-05-13 10:00:00,5.031,5.035,4.996,5.012,38712.587
2025-05-13 11:00:00,5.012,5.064,4.989,5.006,90549.937
2025-05-13 12:00:00,5.006,5.052,4.953,5.026,148257.669
2025-05-13 13:00:00,5.026,5.073,5.013,5.036,80293.026
2025-05-13 14:00:00,5.036,5.039,4.962,4.992,63439.881
2025-05-13 15:00:00,4.992,5.047,4.986,5.043,45203.125
2025-05-13 16:00:00,5.043,5.127,5.037,5.093,75285.412
2025-05-13 17:00:00,5.093,5.147,5.086,5.139,52321.292
2025-05-13 18:00:00,5.139,5.174,5.119,5.173,75296.182
2025-05-13 19:00:00,5.173,5.273,5.137,5.212,152785.661
2025-05-13 20:00:00,5.212,5.234,5.156,5.209,57924.058
2025-05-13 21:00:00,5.209,5.212,5.17,5.197,26622.849
2025-05-13 22:00:00,5.197,5.214,5.148,5.191,40315.679
2025-05-13 23:00:00,5.191,5.212,5.161,5.195,40338.797
2025-05-14 00:00:00,5.195,5.235,5.191,5.22,40300.912
2025-05-14 01:00:00,5.22,5.266,5.184,5.198,55946.421
2025-05-14 02:00:00,5.198,5.198,5.123,5.183,51032.246
2025-05-14 03:00:00,5.183,5.195,5.15,5.195,21889.741
2025-05-14 04:00:00,5.195,5.228,5.165,5.219,38199.509
2025-05-14 05:00:00,5.219,5.25,5.212,5.236,38008.26
2025-05-14 06:00:00,5.236,5.246,5.189,5.207,34956.503
2025-05-14 07:00:00,5.207,5.21,5.137,5.15,41643.824
2025-05-14 08:00:00,5.15,5.166,5.019,5.025,150578.03
2025-05-14 09:00:00,5.025,5.091,5.022,5.079,58584.059
2025-05-14 10:00:00,5.079,5.117,5.079,5.093,61355.957
2025-05-14 11:00:00,5.093,5.14,5.093,5.127,54831.855
2025-05-14 12:00:00,5.127,5.132,5.053,5.066,44842.75
2025-05-14 13:00:00,5.066,5.098,4.998,5.053,130502.347
2025-05-14 14:00:00,5.053,5.056,4.974,5.011,98487.646
2025-05-14 15:00:00,5.011,5.036,4.986,5.022,45232.11
2025-05-14 16:00:00,5.022,5.044,4.977,5.0,78060.833
2025-05-14 17:00:00,5.0,5.01,4.953,5.009,71701.929
2025-05-14 18:00:00,5.009,5.038,5.0,5.027,75167.419
2025-05-14 19:00:00,5.027,5.042,5.006,5.016,22385.623
2025-05-14 20:00:00,5.016,5.027,5.001,5.002,23209.223
2025-05-14 21:00:00,5.002,5.027,4.982,5.021,22186.774
2025-05-14 22:00:00,5.021,5.026,4.97,4.983,12446.43
2025-05-14 23:00:00,4.983,4.988,4.948,4.98,29120.233
2025-05-15 00:00:00,4.98,5.027,4.975,5.006,15904.441
2025-05-15 01:00:00,5.006,5.011,4.887,4.906,53761.634
2025-05-15 02:00:00,4.906,4.948,4.893,4.928,37740.085
2025-05-15 03:00:00,4.928,4.944,4.896,4.904,25329.661
2025-05-15 04:00:00,4.904,4.93,4.895,4.918,25920.826
2025-05-15 05:00:00,4.918,4.92,4.851,4.857,39184.053
2025-05-15 06:00:00,4.857,4.89,4.825,4.862,64759.332
2025-05-15 07:00:00,4.862,4.874,4.756,4.762,117959.583
2025-05-15 08:00:00,4.762,4.852,4.761,4.845,92352.516
2025-05-15 09:00:00,4.845,4.851,4.75,4.788,72526.322
2025-05-15 10:00:00,4.788,4.794,4.718,4.756,47178.171
2025-05-15 11:00:00,4.756,4.801,4.754,4.789,39651.064
2025-05-15 12:00:00,4.789,4.826,4.764,4.794,96473.732
2025-05-15 13:00:00,4.794,4.892,4.722,4.766,179282.698
2025-05-15 14:00:00,4.766,4.781,4.684,4.742,154351.675
2025-05-15 15:00:00,4.742,4.844,4.725,4.838,68627.946
2025-05-15 16:00:00,4.838,4.884,4.796,4.884,67226.262
2025-05-15 17:00:00,4.884,4.931,4.856,4.889,58603.448
2025-05-15 18:00:00,4.889,4.894,4.755,4.768,85704.323
2025-05-15 19:00:00,4.768,4.822,4.748,4.804,37430.442
2025-05-15 20:00:00,4.804,4.841,4.766,4.786,160341.16
2025-05-15 21:00:00,4.786,4.787,4.708,4.777,60306.925
2025-05-15 22:00:00,4.777,4.821,4.754,4.762,45290.859
2025-05-15 23:00:00,4.762,4.779,4.679,4.776,83912.204
2025-05-16 00:00:00,4.776,4.825,4.753,4.799,41440.109
2025-05-16 01:00:00,4.799,4.833,4.75,4.832,40623.185
2025-05-16 02:00:00,4.832,4.881,4.816,4.852,94582.492
2025-05-16 03:00:00,4.852,4.878,4.84,4.873,48643.793
2025-05-16 04:00:00,4.873,4.892,4.818,4.847,31896.197
2025-05-16 05:00:00,4.847,4.882,4.847,4.867,43539.891
2025-05-16 06:00:00,4.867,4.898,4.857,4.889,40871.769
2025-05-16 07:00:00,4.889,4.915,4.858,4.88,46093.488
2025-05-16 08:00:00,4.88,4.892,4.795,4.831,64390.085
2025-05-16 09:00:00,4.831,4.913,4.829,4.913,59220.123
2025-05-16 10:00:00,4.913,4.938,4.892,4.935,80226.604
2025-05-16 11:00:00,4.935,4.959,4.905,4.929,106651.377
2025-05-16 12:00:00,4.929,4.943,4.885,4.887,36315.401
2025-05-16 13:00:00,4.887,4.939,4.883,4.935,25962.062
2025-05-16 14:00:00,4.935,4.935,4.85,4.875,65545.746
2025-05-16 15:00:00,4.875,4.921,4.875,4.907,61735.589
2025-05-16 16:00:00,4.907,4.928,4.83,4.88,39599.793
2025-05-16 17:00:00,4.88,4.887,4.807,4.821,18157.195
2025-05-16 18:00:00,4.821,4.839,4.807,4.824,23862.731
2025-05-16 19:00:00,4.824,4.853,4.815,4.842,24830.369
2025-05-16 20:00:00,4.842,4.843,4.76,4.807,139505.379
2025-05-16 21:00:00,4.807,4.827,4.777,4.799,40337.56
2025-05-16 22:00:00,4.799,4.803,4.712,4.737,60922.548
2025-05-16 23:00:00,4.737,4.781,4.737,4.755,50892.616
2025-05-17 00:00:00,4.755,4.769,4.684,4.706,82941.857
2025-05-17 01:00:00,4.706,4.706,4.612,4.635,125531.935
2025-05-17 02:00:00,4.635,4.683,4.606,4.658,52810.709
2025-05-17 03:00:00,4.658,4.689,4.61,4.684,43889.045
2025-05-17 04:00:00,4.684,4.752,4.674,4.736,36920.345
2025-05-17 05:00:00,4.736,4.745,4.685,4.688,26593.711
2025-05-17 06:00:00,4.688,4.731,4.688,4.727,55275.03
2025-05-17 07:00:00,4.727,4.763,4.706,4.729,30795.648
2025-05-17 08:00:00,4.729,4.749,4.695,4.696,31946.114
2025-05-17 09:00:00,4.696,4.704,4.657,4.679,40161.216
2025-05-17 10:00:00,4.679,4.718,4.666,4.695,18929.359
2025-05-17 11:00:00,4.695,4.709,4.655,4.686,55976.509
2025-05-17 12:00:00,4.686,4.701,4.659,4.663,35025.994
2025-05-17 13:00:00,4.663,4.683,4.606,4.621,32247.383
2025-05-17 14:00:00,4.621,4.699,4.621,4.69,19349.754
2025-05-17 15:00:00,4.69,4.698,4.661,4.661,15265.547
2025-05-17 16:00:00,4.661,4.673,4.57,4.618,48805.694
2025-05-17 17:00:00,4.618,4.669,4.613,4.626,30313.032
2025-05-17 18:00:00,4.626,4.679,4.597,4.602,120310.777
2025-05-17 19:00:00,4.602,4.636,4.584,4.594,28853.706
2025-05-17 20:00:00,4.594,4.682,4.586,4.668,60867.604
2025-05-17 21:00:00,4.668,4.673,4.625,4.651,21654.443
2025-05-17 22:00:00,4.651,4.653,4.557,4.591,32640.911
2025-05-17 23:00:00,4.591,4.631,4.578,4.613,18218.034
2025-05-18 00:00:00,4.613,4.624,4.582,4.618,31305.979
2025-05-18 01:00:00,4.618,4.646,4.594,4.629,25436.944
2025-05-18 02:00:00,4.629,4.639,4.608,4.617,17393.024
2025-05-18 03:00:00,4.617,4.636,4.588,4.608,66215.213
2025-05-18 04:00:00,4.608,4.658,4.606,4.648,17153.942
2025-05-18 05:00:00,4.648,4.736,4.648,4.729,42316.785
2025-05-18 06:00:00,4.729,4.729,4.687,4.694,37052.968
2025-05-18 07:00:00,4.694,4.756,4.691,4.752,25978.054
2025-05-18 08:00:00,4.752,4.8,4.75,4.786,56086.83
2025-05-18 09:00:00,4.786,4.801,4.748,4.758,28349.444
2025-05-18 10:00:00,4.758,4.772,4.736,4.755,17160.831
2025-05-18 11:00:00,4.755,4.779,4.742,4.745,23542.215
2025-05-18 12:00:00,4.745,4.768,4.719,4.768,25370.67
2025-05-18 13:00:00,4.768,4.817,4.758,4.812,30098.787
2025-05-18 14:00:00,4.812,4.864,4.804,4.854,62079.682
2025-05-18 15:00:00,4.854,4.92,4.835,4.91,100243.476
2025-05-18 16:00:00,4.91,4.919,4.863,4.881,96479.527
2025-05-18 17:00:00,4.881,4.883,4.736,4.74,95114.997
2025-05-18 18:00:00,4.74,4.746,4.645,4.683,163615.455
2025-05-18 19:00:00,4.683,4.703,4.586,4.586,119062.735
2025-05-18 20:00:00,4.586,4.632,4.508,4.622,243418.189
2025-05-18 21:00:00,4.622,4.685,4.616,4.637,28516.414
2025-05-18 22:00:00,4.637,4.712,4.596,4.71,50537.71
2025-05-18 23:00:00,4.71,4.814,4.679,4.793,63708.305
2025-05-19 00:00:00,4.793,4.822,4.671,4.681,100617.906
2025-05-19 01:00:00,4.681,4.691,4.626,4.635,39418.652
2025-05-19 02:00:00,4.635,4.65,4.582,4.601,42779.41
2025-05-19 03:00:00,4.601,4.601,4.543,4.553,32679.862
2025-05-19 04:00:00,4.553,4.582,4.465,4.478,67739.345
2025-05-19 05:00:00,4.478,4.522,4.457,4.504,78847.284
2025-05-19 06:00:00,4.504,4.541,4.417,4.417,56349.125
2025-05-19 07:00:00,4.417,4.519,4.415,4.5,57644.818
2025-05-19 08:00:00,4.5,4.515,4.468,4.495,29310.561
2025-05-19 09:00:00,4.495,4.514,4.462,4.489,61988.607
2025-05-19 10:00:00,4.489,4.518,4.468,4.496,29706.851
2025-05-19 11:00:00,4.496,4.536,4.493,4.525,25649.539
2025-05-19 12:00:00,4.525,4.528,4.436,4.461,49391.571
2025-05-19 13:00:00,4.461,4.55,4.456,4.523,65764.115
2025-05-19 14:00:00,4.523,4.572,4.509,4.558,37928.083
2025-05-19 15:00:00,4.558,4.584,4.537,4.559,27448.099
2025-05-19 16:00:00,4.559,4.614,4.523,4.608,40622.586
2025-05-19 17:00:00,4.608,4.651,4.596,4.602,54649.8
2025-05-19 18:00:00,4.602,4.617,4.541,4.564,44177.03
2025-05-19 19:00:00,4.564,4.607,4.555,4.6,48198.595
2025-05-19 20:00:00,4.6,4.614,4.584,4.591,54829.355
2025-05-19 21:00:00,4.591,4.601,4.558,4.597,12684.961
2025-05-19 22:00:00,4.597,4.597,4.565,4.573,19274.368
2025-05-19 23:00:00,4.573,4.601,4.568,4.596,13437.287
2025-05-20 00:00:00,4.596,4.648,4.577,4.58,30387.521
2025-05-20 01:00:00,4.58,4.664,4.575,4.647,28124.075
2025-05-20 02:00:00,4.647,4.728,4.647,4.678,63029.405
2025-05-20 03:00:00,4.678,4.693,4.631,4.648,35757.703
2025-05-20 04:00:00,4.648,4.667,4.62,4.662,27154.268
2025-05-20 05:00:00,4.662,4.685,4.651,4.653,16295.424
2025-05-20 06:00:00,4.653,4.662,4.616,4.632,29055.976
2025-05-20 07:00:00,4.632,4.638,4.576,4.593,68550.528
2025-05-20 08:00:00,4.593,4.611,4.558,4.586,45546.36
2025-05-20 09:00:00,4.586,4.6,4.564,4.567,19846.337
2025-05-20 10:00:00,4.567,4.585,4.536,4.561,51657.851
2025-05-20 11:00:00,4.561,4.579,4.53,4.57,42984.953
2025-05-20 12:00:00,4.57,4.572,4.52,4.548,50605.932
2025-05-20 13:00:00,4.548,4.56,4.52,4.533,50795.322
2025-05-20 14:00:00,4.533,4.571,4.52,4.545,32958.104
2025-05-20 15:00:00,4.545,4.608,4.544,4.606,22201.273
2025-05-20 16:00:00,4.606,4.615,4.569,4.572,22131.584
2025-05-20 17:00:00,4.572,4.638,4.567,4.628,28160.076
2025-05-20 18:00:00,4.628,4.643,4.526,4.537,54782.083
2025-05-20 19:00:00,4.537,4.656,4.529,4.635,42685.937
2025-05-20 20:00:00,4.635,4.678,4.617,4.661,37066.797
2025-05-20 21:00:00,4.661,4.703,4.66,4.69,33796.443
2025-05-20 22:00:00,4.69,4.704,4.637,4.675,46229.715
2025-05-20 23:00:00,4.675,4.699,4.657,4.676,27886.383
2025-05-21 00:00:00,4.676,4.706,4.671,4.68,49601.624
2025-05-21 01:00:00,4.68,4.711,4.653,4.657,31038.728
2025-05-21 02:00:00,4.657,4.691,4.622,4.689,18746.961
2025-05-21 03:00:00,4.689,4.752,4.686,4.727,72678.036
2025-05-21 04:00:00,4.727,4.766,4.703,4.723,64481.342
2025-05-21 05:00:00,4.723,4.773,4.718,4.759,51047.317
2025-05-21 06:00:00,4.759,4.774,4.725,4.752,32900.333
2025-05-21 07:00:00,4.752,4.76,4.67,4.683,76990.017
2025-05-21 08:00:00,4.683,4.7,4.639,4.642,39573.018
2025-05-21 09:00:00,4.642,4.652,4.622,4.639,30604.337
2025-05-21 10:00:00,4.639,4.662,4.631,4.659,19640.763
2025-05-21 11:00:00,4.659,4.717,4.657,4.681,36002.839
2025-05-21 12:00:00,4.681,4.706,4.661,4.676,35061.561
2025-05-21 13:00:00,4.676,4.733,4.651,4.704,38571.578
2025-05-21 14:00:00,4.704,4.745,4.679,4.745,85632.071
2025-05-21 15:00:00,4.745,4.777,4.709,4.759,83683.762
2025-05-21 16:00:00,4.759,4.876,4.746,4.827,132690.9
2025-05-21 17:00:00,4.827,4.848,4.613,4.647,256447.603
2025-05-21 18:00:00,4.647,4.731,4.627,4.689,98034.725
2025-05-21 19:00:00,4.689,4.762,4.672,4.753,43692.371
2025-05-21 20:00:00,4.753,4.765,4.707,4.733,51555.966
2025-05-21 21:00:00,4.733,4.745,4.708,4.708,31069.654
2025-05-21 22:00:00,4.708,4.756,4.706,4.749,42576.114
2025-05-21 23:00:00,4.749,4.801,4.723,4.739,100645.819
2025-05-22 00:00:00,4.739,4.802,4.731,4.801,60607.352
2025-05-22 01:00:00,4.801,4.814,4.765,4.774,40885.934
2025-05-22 02:00:00,4.774,4.816,4.772,4.807,28694.986
2025-05-22 03:00:00,4.807,4.861,4.798,4.841,52442.638
2025-05-22 04:00:00,4.841,4.862,4.825,4.858,31612.104
2025-05-22 05:00:00,4.858,4.865,4.808,4.81,49693.71
2025-05-22 06:00:00,4.81,4.828,4.784,4.791,42652.832
2025-05-22 07:00:00,4.791,4.86,4.788,4.856,49413.879
2025-05-22 08:00:00,4.856,4.915,4.849,4.891,60457.869
2025-05-22 09:00:00,4.891,4.95,4.885,4.907,58145.116
2025-05-22 10:00:00,4.907,4.916,4.875,4.877,73499.943
2025-05-22 11:00:00,4.877,4.891,4.848,4.88,63507.173
2025-05-22 12:00:00,4.88,4.909,4.859,4.902,48357.37
2025-05-22 13:00:00,4.902,4.905,4.844,4.856,49490.52
2025-05-22 14:00:00,4.856,4.937,4.856,4.919,122474.935
2025-05-22 15:00:00,4.919,4.977,4.914,4.932,69756.326
2025-05-22 16:00:00,4.932,4.967,4.913,4.92,40837.526
2025-05-22 17:00:00,4.92,4.963,4.909,4.943,70111.285
2025-05-22 18:00:00,4.943,4.959,4.93,4.945,26772.387
2025-05-22 19:00:00,4.945,4.95,4.89,4.902,48178.345
2025-05-22 20:00:00,4.902,4.934,4.895,4.899,45386.703
2025-05-22 21:00:00,4.899,4.914,4.883,4.903,20876.473
2025-05-22 22:00:00,4.903,4.946,4.903,4.916,29166.221
2025-05-22 23:00:00,4.916,4.958,4.916,4.948,22997.078
2025-05-23 00:00:00,4.948,4.984,4.93,4.959,52927.015
2025-05-23 01:00:00,4.959,5.013,4.937,4.99,60985.213
2025-05-23 02:00:00,4.99,5.101,4.981,5.067,241659.236
2025-05-23 03:00:00,5.067,5.111,5.065,5.107,47498.24
2025-05-23 04:00:00,5.107,5.119,5.005,5.041,51156.22
2025-05-23 05:00:00,5.041,5.044,4.973,5.003,46222.766
2025-05-23 06:00:00,5.003,5.005,4.901,4.918,70182.384
2025-05-23 07:00:00,4.918,4.966,4.911,4.923,30443.966
2025-05-23 08:00:00,4.923,4.974,4.923,4.964,43167.108
2025-05-23 09:00:00,4.964,5.014,4.953,5.004,76239.463
2025-05-23 10:00:00,5.004,5.006,4.939,4.965,65839.106
2025-05-23 11:00:00,4.965,4.966,4.719,4.747,290944.197
2025-05-23 12:00:00,4.747,4.751,4.599,4.687,418067.725
2025-05-23 13:00:00,4.687,4.782,4.66,4.771,137342.317
2025-05-23 14:00:00,4.771,4.819,4.75,4.781,74310.454
2025-05-23 15:00:00,4.781,4.795,4.711,4.716,44988.843
2025-05-23 16:00:00,4.716,4.744,4.678,4.735,58368.518
2025-05-23 17:00:00,4.735,4.769,4.729,4.745,19626.441
2025-05-23 18:00:00,4.745,4.76,4.691,4.7,60056.582
2025-05-23 19:00:00,4.7,4.73,4.688,4.692,35389.124
2025-05-23 20:00:00,4.692,4.692,4.643,4.65,40103.803
2025-05-23 21:00:00,4.65,4.679,4.624,4.643,99570.075
2025-05-23 22:00:00,4.643,4.671,4.609,4.609,42171.346
2025-05-23 23:00:00,4.609,4.62,4.531,4.561,103597.445
2025-05-24 00:00:00,4.561,4.607,4.54,4.57,102154.201
2025-05-24 01:00:00,4.57,4.612,4.567,4.577,14636.609
2025-05-24 02:00:00,4.577,4.617,4.563,4.606,12029.629
2025-05-24 03:00:00,4.606,4.634,4.606,4.616,21095.105
2025-05-24 04:00:00,4.616,4.632,4.6,4.621,20799.659
2025-05-24 05:00:00,4.621,4.624,4.583,4.598,16639.472
2025-05-24 06:00:00,4.598,4.611,4.565,4.59,19256.354
2025-05-24 07:00:00,4.59,4.618,4.581,4.592,23236.033
2025-05-24 08:00:00,4.592,4.612,4.576,4.61,28512.631
2025-05-24 09:00:00,4.61,4.618,4.587,4.588,16102.932
2025-05-24 10:00:00,4.588,4.632,4.586,4.618,22480.173
2025-05-24 11:00:00,4.618,4.634,4.608,4.608,24460.308
2025-05-24 12:00:00,4.608,4.615,4.587,4.597,16225.798
2025-05-24 13:00:00,4.597,4.597,4.567,4.569,24318.254
2025-05-24 14:00:00,4.569,4.592,4.561,4.587,25287.465
2025-05-24 15:00:00,4.587,4.597,4.559,4.57,22856.791
2025-05-24 16:00:00,4.57,4.591,4.544,4.579,24169.333
2025-05-24 17:00:00,4.579,4.601,4.578,4.585,26872.529
2025-05-24 18:00:00,4.585,4.612,4.569,4.572,24595.015
2025-05-24 19:00:00,4.572,4.596,4.566,4.593,17298.422
2025-05-24 20:00:00,4.593,4.607,4.585,4.59,13057.112
2025-05-24 21:00:00,4.59,4.592,4.546,4.575,15899.572
2025-05-24 22:00:00,4.575,4.575,4.528,4.531,26909.56
2025-05-24 23:00:00,4.531,4.555,4.514,4.546,32522.824
2025-05-25 00:00:00,4.546,4.565,4.472,4.487,72666.276
2025-05-25 01:00:00,4.487,4.5,4.457,4.48,28404.973
2025-05-25 02:00:00,4.48,4.515,4.46,4.513,15702.467
2025-05-25 03:00:00,4.513,4.531,4.513,4.52,11962.979
2025-05-25 04:00:00,4.52,4.544,4.506,4.544,12657.632
2025-05-25 05:00:00,4.544,4.548,4.528,4.548,10640.129
2025-05-25 06:00:00,4.548,4.549,4.525,4.534,12189.093
2025-05-25 07:00:00,4.534,4.535,4.495,4.512,19022.916
2025-05-25 08:00:00,4.512,4.513,4.437,4.46,69040.553
2025-05-25 09:00:00,4.46,4.473,4.429,4.46,39877.484
2025-05-25 10:00:00,4.46,4.471,4.438,4.441,21793.527
2025-05-25 11:00:00,4.441,4.465,4.434,4.458,21426.178
2025-05-25 12:00:00,4.458,4.489,4.436,4.484,52079.583
2025-05-25 13:00:00,4.484,4.491,4.462,4.47,14588.777
2025-05-25 14:00:00,4.47,4.476,4.421,4.438,31259.569
2025-05-25 15:00:00,4.438,4.444,4.352,4.412,65113.444
2025-05-25 16:00:00,4.412,4.412,4.37,4.408,15767.37
2025-05-25 17:00:00,4.408,4.422,4.398,4.415,10011.259
2025-05-25 18:00:00,4.415,4.438,4.41,4.42,9195.303
2025-05-25 19:00:00,4.42,4.463,4.412,4.446,19731.458
2025-05-25 20:00:00,4.446,4.448,4.422,4.427,14007.119
2025-05-25 21:00:00,4.427,4.445,4.394,4.411,16650.342
2025-05-25 22:00:00,4.411,4.515,4.405,4.513,47170.507
2025-05-25 23:00:00,4.513,4.531,4.487,4.525,24637.346
2025-05-26 00:00:00,4.525,4.568,4.495,4.566,26416.069
2025-05-26 01:00:00,4.566,4.576,4.536,4.558,20647.602
2025-05-26 02:00:00,4.558,4.56,4.525,4.532,15863.477
2025-05-26 03:00:00,4.532,4.572,4.523,4.563,26206.672
2025-05-26 04:00:00,4.563,4.574,4.548,4.558,61518.923
2025-05-26 05:00:00,4.558,4.572,4.548,4.568,16712.649
2025-05-26 06:00:00,4.568,4.588,4.562,4.582,35207.808
2025-05-26 07:00:00,4.582,4.618,4.582,4.607,55642.373
2025-05-26 08:00:00,4.607,4.609,4.566,4.57,45170.364
2025-05-26 09:00:00,4.57,4.588,4.555,4.559,21744.676
2025-05-26 10:00:00,4.559,4.57,4.538,4.548,18946.172
2025-05-26 11:00:00,4.548,4.55,4.512,4.52,44207.11
2025-05-26 12:00:00,4.52,4.55,4.504,4.54,32362.096
2025-05-26 13:00:00,4.54,4.553,4.484,4.495,62335.986
2025-05-26 14:00:00,4.495,4.551,4.464,4.486,78815.435
2025-05-26 15:00:00,4.486,4.55,4.477,4.526,46444.838
2025-05-26 16:00:00,4.526,4.548,4.463,4.484,47769.523
2025-05-26 17:00:00,4.484,4.499,4.427,4.441,36822.682
2025-05-26 18:00:00,4.441,4.479,4.43,4.45,22829.28
2025-05-26 19:00:00,4.45,4.466,4.436,4.448,34324.051
2025-05-26 20:00:00,4.448,4.485,4.434,4.485,21909.279
2025-05-26 21:00:00,4.485,4.488,4.459,4.47,19180.411
2025-05-26 22:00:00,4.47,4.5,4.451,4.454,18598.511
2025-05-26 23:00:00,4.454,4.471,4.441,4.468,24437.386
2025-05-27 00:00:00,4.468,4.493,4.442,4.442,22323.401
2025-05-27 01:00:00,4.442,4.443,4.372,4.408,40871.062
2025-05-27 02:00:00,4.408,4.436,4.408,4.418,9758.4
2025-05-27 03:00:00,4.418,4.456,4.418,4.426,19084.876
2025-05-27 04:00:00,4.426,4.466,4.426,4.445,14966.621
2025-05-27 05:00:00,4.445,4.467,4.428,4.467,11112.737
2025-05-27 06:00:00,4.467,4.533,4.467,4.487,44871.019
2025-05-27 07:00:00,4.487,4.538,4.487,4.522,22279.738
2025-05-27 08:00:00,4.522,4.567,4.522,4.563,27849.375
2025-05-27 09:00:00,4.563,4.574,4.548,4.562,49946.918
2025-05-27 10:00:00,4.562,4.572,4.553,4.561,29659.527
2025-05-27 11:00:00,4.561,4.566,4.534,4.563,39151.04
2025-05-27 12:00:00,4.563,4.579,4.542,4.567,45323.337
2025-05-27 13:00:00,4.567,4.615,4.551,4.554,132529.449
2025-05-27 14:00:00,4.554,4.576,4.497,4.534,60468.336
2025-05-27 15:00:00,4.534,4.589,4.518,4.583,73284.254
2025-05-27 16:00:00,4.583,4.613,4.577,4.593,47415.707
2025-05-27 17:00:00,4.593,4.615,4.576,4.59,52329.365
2025-05-27 18:00:00,4.59,4.603,4.566,4.57,34584.225
2025-05-27 19:00:00,4.57,4.573,4.552,4.556,20441.312
2025-05-27 20:00:00,4.556,4.586,4.551,4.569,40206.5
2025-05-27 21:00:00,4.569,4.588,4.535,4.546,50105.661
2025-05-27 22:00:00,4.546,4.55,4.516,4.537,55622.137
2025-05-27 23:00:00,4.537,4.543,4.522,4.535,40426.918
2025-05-28 00:00:00,4.535,4.553,4.506,4.553,43499.43
2025-05-28 01:00:00,4.553,4.561,4.512,4.517,53173.235
2025-05-28 02:00:00,4.517,4.525,4.486,4.517,38124.986
2025-05-28 03:00:00,4.517,4.556,4.511,4.548,37138.154
2025-05-28 04:00:00,4.548,4.573,4.521,4.556,21035.518
2025-05-28 05:00:00,4.556,4.558,4.532,4.534,29023.001
2025-05-28 06:00:00,4.534,4.534,4.495,4.504,36263.888
2025-05-28 07:00:00,4.504,4.554,4.501,4.537,35853.714
2025-05-28 08:00:00,4.537,4.567,4.519,4.557,30391.841
2025-05-28 09:00:00,4.557,4.562,4.521,4.534,43724.509
2025-05-28 10:00:00,4.534,4.566,4.505,4.563,34771.919
2025-05-28 11:00:00,4.563,4.616,4.563,4.616,54687.477
2025-05-28 12:00:00,4.616,4.664,4.596,4.634,69755.42
2025-05-28 13:00:00,4.634,4.65,4.55,4.561,60304.689
2025-05-28 14:00:00,4.561,4.576,4.516,4.52,137620.035
2025-05-28 15:00:00,4.52,4.538,4.475,4.49,87334.278
2025-05-28 16:00:00,4.49,4.523,4.486,4.523,26172.233
2025-05-28 17:00:00,4.523,4.558,4.502,4.521,29007.877
2025-05-28 18:00:00,4.521,4.529,4.459,4.459,53136.636
2025-05-28 19:00:00,4.459,4.494,4.419,4.425,53702.29
2025-05-28 20:00:00,4.425,4.485,4.422,4.481,40475.708
2025-05-28 21:00:00,4.481,4.511,4.464,4.507,20543.072
2025-05-28 22:00:00,4.507,4.514,4.479,4.504,18659.309
2025-05-28 23:00:00,4.504,4.598,4.502,4.588,119048.903
2025-05-29 00:00:00,4.588,4.646,4.564,4.646,101722.878
2025-05-29 01:00:00,4.646,4.647,4.587,4.623,88026.831
2025-05-29 02:00:00,4.623,4.678,4.6,4.675,66370.676
2025-05-29 03:00:00,4.675,4.683,4.624,4.628,60386.95
2025-05-29 04:00:00,4.628,4.635,4.524,4.559,57935.799
2025-05-29 05:00:00,4.559,4.572,4.541,4.551,30781.991
2025-05-29 06:00:00,4.551,4.584,4.55,4.569,29349.377
2025-05-29 07:00:00,4.569,4.575,4.55,4.553,18135.196
2025-05-29 08:00:00,4.553,4.576,4.539,4.558,53213.568
2025-05-29 09:00:00,4.558,4.568,4.541,4.561,86364.835
2025-05-29 10:00:00,4.561,4.584,4.55,4.583,73208.898
2025-05-29 11:00:00,4.583,4.599,4.572,4.586,30844.192
2025-05-29 12:00:00,4.586,4.588,4.518,4.536,38323.363
2025-05-29 13:00:00,4.536,4.57,4.5,4.51,55161.9
2025-05-29 14:00:00,4.51,4.534,4.457,4.528,52345.317
2025-05-29 15:00:00,4.528,4.538,4.493,4.497,22762.741
2025-05-29 16:00:00,4.497,4.519,4.473,4.473,54937.558
2025-05-29 17:00:00,4.473,4.508,4.465,4.486,48759.908
2025-05-29 18:00:00,4.486,4.507,4.445,4.445,30902.849
2025-05-29 19:00:00,4.445,4.455,4.404,4.435,57367.875
2025-05-29 20:00:00,4.435,4.459,4.421,4.431,64218.724
2025-05-29 21:00:00,4.431,4.468,4.425,4.465,17297.749
2025-05-29 22:00:00,4.465,4.466,4.41,4.41,25368.752
2025-05-29 23:00:00,4.41,4.418,4.331,4.333,127766.618
2025-05-30 00:00:00,4.333,4.358,4.101,4.157,545303.401
2025-05-30 01:00:00,4.157,4.239,4.148,4.204,121094.169
2025-05-30 02:00:00,4.204,4.239,4.196,4.204,63590.888
2025-05-30 03:00:00,4.204,4.231,4.195,4.211,37110.96
2025-05-30 04:00:00,4.211,4.223,4.182,4.205,37858.225
2025-05-30 05:00:00,4.205,4.226,4.184,4.217,33770.571
2025-05-30 06:00:00,4.217,4.219,4.143,4.162,45496.597
2025-05-30 07:00:00,4.162,4.215,4.162,4.189,55493.492
2025-05-30 08:00:00,4.189,4.211,4.166,4.191,45537.053
2025-05-30 09:00:00,4.191,4.217,4.164,4.209,79009.195
2025-05-30 10:00:00,4.209,4.217,4.181,4.209,49060.402
2025-05-30 11:00:00,4.209,4.225,4.189,4.217,31970.404
2025-05-30 12:00:00,4.217,4.223,4.159,4.199,64754.768
2025-05-30 13:00:00,4.199,4.212,4.159,4.162,51664.838
2025-05-30 14:00:00,4.162,4.207,4.159,4.191,56100.856
2025-05-30 15:00:00,4.191,4.21,4.175,4.176,37472.525
2025-05-30 16:00:00,4.176,4.196,4.042,4.095,316667.38
2025-05-30 17:00:00,4.095,4.138,4.092,4.138,76578.477
2025-05-30 18:00:00,4.138,4.186,4.129,4.181,37185.352
2025-05-30 19:00:00,4.181,4.196,4.176,4.184,34433.769
2025-05-30 20:00:00,4.184,4.186,4.152,4.152,29203.332
2025-05-30 21:00:00,4.152,4.168,4.122,4.13,30132.618
2025-05-30 22:00:00,4.13,4.14,4.041,4.043,86360.793
2025-05-30 23:00:00,4.043,4.072,4.009,4.05,80820.935
2025-05-31 00:00:00,4.05,4.067,3.957,3.985,120095.528
2025-05-31 01:00:00,3.985,4.023,3.914,3.965,188327.171
2025-05-31 02:00:00,3.965,4.007,3.936,3.944,96212.235
2025-05-31 03:00:00,3.944,3.969,3.896,3.962,74014.666
2025-05-31 04:00:00,3.962,3.991,3.928,3.987,34276.634
2025-05-31 05:00:00,3.987,3.995,3.964,3.965,52094.257
2025-05-31 06:00:00,3.965,4.008,3.961,3.994,40592.829
2025-05-31 07:00:00,3.994,4.011,3.986,3.987,80946.247
2025-05-31 08:00:00,3.987,4.011,3.968,3.99,42981.882
2025-05-31 09:00:00,3.99,4.003,3.967,3.982,30979.914
2025-05-31 10:00:00,3.982,4.016,3.966,3.989,47601.358
2025-05-31 11:00:00,3.989,3.991,3.967,3.981,29704.018
2025-05-31 12:00:00,3.981,4.058,3.976,4.058,31900.257
2025-05-31 13:00:00,4.058,4.085,4.048,4.059,37254.197
2025-05-31 14:00:00,4.059,4.095,4.058,4.092,34992.016
2025-05-31 15:00:00,4.092,4.12,4.072,4.078,57711.707
2025-05-31 16:00:00,4.078,4.12,4.07,4.105,33451.869
2025-05-31 17:00:00,4.105,4.106,4.069,4.071,26331.966
2025-05-31 18:00:00,4.071,4.101,4.07,4.095,17666.895
2025-05-31 19:00:00,4.095,4.11,4.092,4.097,25766.106
2025-05-31 20:00:00,4.097,4.105,4.084,4.103,13257.47
2025-05-31 21:00:00,4.103,4.118,4.099,4.102,42739.919
2025-05-31 22:00:00,4.102,4.106,4.077,4.078,10480.565
2025-05-31 23:00:00,4.078,4.097,4.07,4.077,34488.463
2025-06-01 00:00:00,4.077,4.078,4.043,4.068,29762.934
2025-06-01 01:00:00,4.068,4.088,4.038,4.053,19728.392
2025-06-01 02:00:00,4.053,4.073,4.028,4.066,24790.993
2025-06-01 03:00:00,4.066,4.082,4.046,4.068,13604.81
2025-06-01 04:00:00,4.068,4.101,4.06,4.087,28274.938
2025-06-01 05:00:00,4.087,4.097,4.07,4.077,110177.05
2025-06-01 06:00:00,4.077,4.078,4.05,4.055,41304.01
2025-06-01 07:00:00,4.055,4.057,4.037,4.046,35015.048
2025-06-01 08:00:00,4.046,4.049,4.019,4.027,137216.705
2025-06-01 09:00:00,4.027,4.038,3.971,3.998,149047.569
2025-06-01 10:00:00,3.998,4.012,3.984,4.01,35887.21
2025-06-01 11:00:00,4.01,4.037,4.0,4.027,77154.531
2025-06-01 12:00:00,4.027,4.035,3.993,4.007,114376.271
2025-06-01 13:00:00,4.007,4.032,4.004,4.021,136525.333
2025-06-01 14:00:00,4.021,4.068,4.021,4.048,45232.856
2025-06-01 15:00:00,4.048,4.056,4.036,4.049,23420.432
2025-06-01 16:00:00,4.049,4.087,4.043,4.065,63223.723
2025-06-01 17:00:00,4.065,4.07,4.05,4.056,27267.703
2025-06-01 18:00:00,4.056,4.057,3.994,4.023,37893.428
2025-06-01 19:00:00,4.023,4.041,4.021,4.04,25899.518
2025-06-01 20:00:00,4.04,4.051,4.024,4.03,22864.914
2025-06-01 21:00:00,4.03,4.069,4.028,4.063,14301.271
2025-06-01 22:00:00,4.063,4.081,4.053,4.061,21180.341
2025-06-01 23:00:00,4.061,4.081,4.061,4.066,18204.751
2025-06-02 00:00:00,4.066,4.075,4.054,4.062,11991.557
2025-06-02 01:00:00,4.062,4.09,4.061,4.061,28365.327
2025-06-02 02:00:00,4.061,4.062,4.024,4.03,16562.158
2025-06-02 03:00:00,4.03,4.032,4.003,4.02,11781.896
2025-06-02 04:00:00,4.02,4.04,4.014,4.018,9003.497
2025-06-02 05:00:00,4.018,4.04,4.01,4.028,10144.793
2025-06-02 06:00:00,4.028,4.039,4.011,4.026,28813.016
2025-06-02 07:00:00,4.026,4.05,4.011,4.014,20596.95
2025-06-02 08:00:00,4.014,4.025,3.972,3.984,38432.352
2025-06-02 09:00:00,3.984,3.985,3.955,3.965,67021.245
2025-06-02 10:00:00,3.965,3.983,3.953,3.968,48619.503
2025-06-02 11:00:00,3.968,3.981,3.957,3.971,24715.857
2025-06-02 12:00:00,3.971,4.017,3.965,4.015,51068.416
2025-06-02 13:00:00,4.015,4.045,3.997,4.01,48968.237
2025-06-02 14:00:00,4.01,4.057,4.001,4.029,45504.464
2025-06-02 15:00:00,4.029,4.049,4.012,4.033,25673.125
2025-06-02 16:00:00,4.033,4.045,4.017,4.041,25756.183
2025-06-02 17:00:00,4.041,4.049,4.024,4.044,33098.965
2025-06-02 18:00:00,4.044,4.061,4.031,4.038,72030.958
2025-06-02 19:00:00,4.038,4.057,4.01,4.036,35765.458
2025-06-02 20:00:00,4.036,4.082,4.036,4.082,21073.201
2025-06-02 21:00:00,4.082,4.131,4.082,4.128,51088.067
2025-06-02 22:00:00,4.128,4.171,4.127,4.146,49285.157
2025-06-02 23:00:00,4.146,4.16,4.139,4.147,43204.994
2025-06-03 00:00:00,4.147,4.183,4.142,4.179,30462.38
2025-06-03 01:00:00,4.179,4.221,4.178,4.215,33772.603
2025-06-03 02:00:00,4.215,4.224,4.171,4.175,49429.696
2025-06-03 03:00:00,4.175,4.182,4.146,4.148,30336.542
2025-06-03 04:00:00,4.148,4.15,4.124,4.129,37880.039
2025-06-03 05:00:00,4.129,4.174,4.129,4.172,51483.559
2025-06-03 06:00:00,4.172,4.184,4.16,4.183,199596.77
2025-06-03 07:00:00,4.183,4.193,4.165,4.167,206714.511
2025-06-03 08:00:00,4.167,4.177,4.138,4.156,115371.133
2025-06-03 09:00:00,4.156,4.172,4.144,4.167,56237.38
2025-06-03 10:00:00,4.167,4.182,4.163,4.175,56980.733
2025-06-03 11:00:00,4.175,4.184,4.149,4.154,65384.619
2025-06-03 12:00:00,4.154,4.167,4.132,4.147,96694.181
2025-06-03 13:00:00,4.147,4.177,4.14,4.159,83618.302
2025-06-03 14:00:00,4.159,4.203,4.139,4.198,95278.266
2025-06-03 15:00:00,4.198,4.206,4.176,4.185,85676.725
2025-06-03 16:00:00,4.185,4.199,4.169,4.171,54365.923
2025-06-03 17:00:00,4.171,4.205,4.167,4.193,90198.528
2025-06-03 18:00:00,4.193,4.194,4.169,4.184,76171.224
2025-06-03 19:00:00,4.184,4.208,4.181,4.194,42150.685
2025-06-03 20:00:00,4.194,4.196,4.115,4.149,66023.667
2025-06-03 21:00:00,4.149,4.161,4.096,4.117,32572.121
2025-06-03 22:00:00,4.117,4.161,4.114,4.156,77751.549
2025-06-03 23:00:00,4.156,4.16,4.133,4.136,49286.394
2025-06-04 00:00:00,4.136,4.165,4.124,4.162,43251.497
2025-06-04 01:00:00,4.162,4.206,4.162,4.179,39213.102
2025-06-04 02:00:00,4.179,4.204,4.17,4.172,14065.401
2025-06-04 03:00:00,4.172,4.205,4.168,4.189,20130.102
2025-06-04 04:00:00,4.189,4.207,4.188,4.198,10516.182
2025-06-04 05:00:00,4.198,4.214,4.181,4.184,21532.919
2025-06-04 06:00:00,4.184,4.209,4.174,4.195,71079.075
2025-06-04 07:00:00,4.195,4.203,4.171,4.183,33671.617
2025-06-04 08:00:00,4.183,4.204,4.168,4.171,23316.92
2025-06-04 09:00:00,4.171,4.179,4.156,4.175,34810.971
2025-06-04 10:00:00,4.175,4.184,4.144,4.147,50214.234
2025-06-04 11:00:00,4.147,4.158,4.127,4.13,30188.699
2025-06-04 12:00:00,4.13,4.137,4.072,4.076,105876.956
2025-06-04 13:00:00,4.076,4.493,4.056,4.068,160699.188
2025-06-04 14:00:00,4.068,4.089,4.039,4.089,95028.312
2025-06-04 15:00:00,4.089,4.119,4.076,4.107,93743.269
2025-06-04 16:00:00,4.107,4.108,4.083,4.09,61958.51
2025-06-04 17:00:00,4.09,4.091,4.032,4.055,31566.982
2025-06-04 18:00:00,4.055,4.074,4.045,4.054,21638.861
2025-06-04 19:00:00,4.054,4.067,4.04,4.041,17973.709
2025-06-04 20:00:00,4.041,4.044,3.993,4.008,77031.06
2025-06-04 21:00:00,4.008,4.047,3.985,4.039,52836.14
2025-06-04 22:00:00,4.039,4.045,4.018,4.029,33617.905
2025-06-04 23:00:00,4.029,4.035,4.004,4.006,65253.912
2025-06-05 00:00:00,4.006,4.031,3.998,4.029,36780.17
2025-06-05 01:00:00,4.029,4.042,4.006,4.015,19874.909
2025-06-05 02:00:00,4.015,4.046,4.015,4.026,43026.55
2025-06-05 03:00:00,4.026,4.04,4.017,4.034,13925.857
2025-06-05 04:00:00,4.034,4.057,4.028,4.054,14277.626
2025-06-05 05:00:00,4.054,4.056,4.016,4.023,18458.191
2025-06-05 06:00:00,4.023,4.041,4.01,4.016,38393.075
2025-06-05 07:00:00,4.016,4.056,4.01,4.029,35073.149
2025-06-05 08:00:00,4.029,4.04,4.004,4.009,34664.305
2025-06-05 09:00:00,4.009,4.033,4.008,4.03,20259.302
2025-06-05 10:00:00,4.03,4.033,3.987,4.01,37116.832
2025-06-05 11:00:00,4.01,4.013,3.996,4.007,17114.926
2025-06-05 12:00:00,4.007,4.072,3.996,4.062,86626.491
2025-06-05 13:00:00,4.062,4.077,3.996,4.001,64700.323
2025-06-05 14:00:00,4.001,4.044,3.962,4.026,64177.633
2025-06-05 15:00:00,4.026,4.037,4.012,4.019,22147.951
2025-06-05 16:00:00,4.019,4.02,3.957,3.97,59164.523
2025-06-05 17:00:00,3.97,3.995,3.969,3.989,16655.753
2025-06-05 18:00:00,3.989,3.994,3.943,3.975,45239.144
2025-06-05 19:00:00,3.975,3.976,3.827,3.894,280064.5
2025-06-05 20:00:00,3.894,3.914,3.742,3.751,279111.242
2025-06-05 21:00:00,3.751,3.833,3.748,3.824,147875.127
2025-06-05 22:00:00,3.824,3.841,3.787,3.827,61385.95
2025-06-05 23:00:00,3.827,3.845,3.813,3.815,64432.774
2025-06-06 00:00:00,3.815,3.863,3.801,3.861,60643.2
2025-06-06 01:00:00,3.861,3.869,3.845,3.866,31444.018
2025-06-06 02:00:00,3.866,3.892,3.844,3.891,38317.139
2025-06-06 03:00:00,3.891,3.919,3.879,3.916,40656.137
2025-06-06 04:00:00,3.916,3.922,3.895,3.918,31957.744
2025-06-06 05:00:00,3.918,3.922,3.897,3.903,17582.625
2025-06-06 06:00:00,3.903,3.918,3.889,3.903,29731.8
2025-06-06 07:00:00,3.903,3.913,3.877,3.88,21080.924
2025-06-06 08:00:00,3.88,3.893,3.873,3.878,30131.672
2025-06-06 09:00:00,3.878,3.907,3.878,3.882,31732.349
2025-06-06 10:00:00,3.882,3.907,3.882,3.9,25123.507
2025-06-06 11:00:00,3.9,3.918,3.898,3.909,16107.252
2025-06-06 12:00:00,3.909,3.963,3.908,3.93,73071.125
2025-06-06 13:00:00,3.93,3.978,3.93,3.953,37595.616
2025-06-06 14:00:00,3.953,3.98,3.95,3.98,22542.005
2025-06-06 15:00:00,3.98,3.991,3.955,3.969,25988.601
2025-06-06 16:00:00,3.969,3.981,3.941,3.948,37987.392
2025-06-06 17:00:00,3.948,3.951,3.918,3.938,33521.494
2025-06-06 18:00:00,3.938,3.943,3.895,3.899,30198.902
2025-06-06 19:00:00,3.899,3.904,3.88,3.891,23109.119
2025-06-06 20:00:00,3.891,3.911,3.886,3.896,99920.796
2025-06-06 21:00:00,3.896,3.911,3.882,3.904,27622.539
2025-06-06 22:00:00,3.904,3.906,3.884,3.896,21421.316
2025-06-06 23:00:00,3.896,3.896,3.876,3.885,20038.609
2025-06-07 00:00:00,3.885,3.929,3.867,3.929,44505.494
2025-06-07 01:00:00,3.929,3.936,3.911,3.921,20930.893
2025-06-07 02:00:00,3.921,3.956,3.917,3.954,20342.262
2025-06-07 03:00:00,3.954,3.981,3.952,3.978,23842.861
2025-06-07 04:00:00,3.978,3.979,3.958,3.97,19791.783
2025-06-07 05:00:00,3.97,4.008,3.963,4.008,36407.467
2025-06-07 06:00:00,4.008,4.027,3.991,4.026,38363.291
2025-06-07 07:00:00,4.026,4.032,4.008,4.027,29052.707
2025-06-07 08:00:00,4.027,4.036,4.008,4.012,17666.108
2025-06-07 09:00:00,4.012,4.02,3.987,3.994,26484.176
2025-06-07 10:00:00,3.994,4.033,3.994,4.028,29163.006
2025-06-07 11:00:00,4.028,4.036,4.018,4.026,16609.878
2025-06-07 12:00:00,4.026,4.048,4.025,4.036,17485.881
2025-06-07 13:00:00,4.036,4.049,4.028,4.04,33395.308
2025-06-07 14:00:00,4.04,4.056,4.031,4.051,18073.551
2025-06-07 15:00:00,4.051,4.058,4.027,4.04,39272.962
2025-06-07 16:00:00,4.04,4.046,4.013,4.014,26548.352
2025-06-07 17:00:00,4.014,4.025,4.004,4.008,26786.693
2025-06-07 18:00:00,4.008,4.031,4.008,4.014,17214.553
2025-06-07 19:00:00,4.014,4.03,4.014,4.015,8627.444
2025-06-07 20:00:00,4.015,4.027,4.015,4.025,8484.841
2025-06-07 21:00:00,4.025,4.045,4.024,4.035,10314.262
2025-06-07 22:00:00,4.035,4.053,4.028,4.038,10546.006
2025-06-07 23:00:00,4.038,4.038,4.019,4.031,19209.249
2025-06-08 00:00:00,4.031,4.034,4.013,4.019,12973.637
2025-06-08 01:00:00,4.019,4.039,4.011,4.039,8906.031
2025-06-08 02:00:00,4.039,4.04,4.025,4.025,9860.444
2025-06-08 03:00:00,4.025,4.03,4.018,4.021,7500.726
2025-06-08 04:00:00,4.021,4.045,4.015,4.045,19085.236
2025-06-08 05:00:00,4.045,4.047,4.024,4.029,13915.594
2025-06-08 06:00:00,4.029,4.057,4.028,4.042,19944.719
2025-06-08 07:00:00,4.042,4.053,4.021,4.023,15419.713
2025-06-08 08:00:00,4.023,4.031,4.017,4.02,15290.877
2025-06-08 09:00:00,4.02,4.022,3.978,3.995,50494.411
2025-06-08 10:00:00,3.995,4.013,3.987,4.013,19026.57
2025-06-08 11:00:00,4.013,4.046,4.012,4.043,36269.128
2025-06-08 12:00:00,4.043,4.059,4.03,4.047,24773.008
2025-06-08 13:00:00,4.047,4.094,4.034,4.058,24223.133
2025-06-08 14:00:00,4.058,4.085,4.054,4.08,19481.083
2025-06-08 15:00:00,4.08,4.098,4.07,4.075,20796.872
2025-06-08 16:00:00,4.075,4.11,4.075,4.104,26962.394
2025-06-08 17:00:00,4.104,4.112,4.064,4.068,34484.855
2025-06-08 18:00:00,4.068,4.089,4.061,4.086,24707.556
2025-06-08 19:00:00,4.086,4.086,4.063,4.077,13693.364
2025-06-08 20:00:00,4.077,4.083,4.053,4.055,21342.335
2025-06-08 21:00:00,4.055,4.072,4.05,4.061,16585.324
2025-06-08 22:00:00,4.061,4.066,4.024,4.028,37105.876
2025-06-08 23:00:00,4.028,4.033,4.017,4.025,14826.852
2025-06-09 00:00:00,4.025,4.039,4.01,4.023,24865.962
2025-06-09 01:00:00,4.023,4.023,3.999,4.005,18105.622
2025-06-09 02:00:00,4.005,4.022,3.994,4.0,17740.16
2025-06-09 03:00:00,4.0,4.011,3.986,4.006,14490.377
2025-06-09 04:00:00,4.006,4.011,3.987,3.991,19706.052
2025-06-09 05:00:00,3.991,3.993,3.97,3.97,22693.667
2025-06-09 06:00:00,3.97,3.994,3.963,3.992,19587.029
2025-06-09 07:00:00,3.992,4.003,3.981,3.987,22213.654
2025-06-09 08:00:00,3.987,4.013,3.975,4.011,37246.219
2025-06-09 09:00:00,4.011,4.055,4.002,4.042,39638.321
2025-06-09 10:00:00,4.042,4.077,4.035,4.051,73761.856
2025-06-09 11:00:00,4.051,4.072,4.044,4.056,33948.179
2025-06-09 12:00:00,4.056,4.058,4.023,4.039,44491.265
2025-06-09 13:00:00,4.039,4.043,3.983,3.991,67657.097
2025-06-09 14:00:00,3.991,4.024,3.99,4.013,36865.642
2025-06-09 15:00:00,4.013,4.043,4.012,4.022,26005.158
2025-06-09 16:00:00,4.022,4.068,4.022,4.047,43789.064
2025-06-09 17:00:00,4.047,4.076,4.045,4.074,46178.772
2025-06-09 18:00:00,4.074,4.096,4.063,4.079,47545.569
2025-06-09 19:00:00,4.079,4.085,4.052,4.065,32722.565
2025-06-09 20:00:00,4.065,4.086,4.065,4.085,16848.816
2025-06-09 21:00:00,4.085,4.143,4.085,4.137,64608.254
2025-06-09 22:00:00,4.137,4.158,4.13,4.156,30283.883
2025-06-09 23:00:00,4.156,4.161,4.13,4.153,18936.635
2025-06-10 00:00:00,4.153,4.194,4.15,4.179,31266.324
2025-06-10 01:00:00,4.179,4.214,4.166,4.203,32771.427
2025-06-10 02:00:00,4.203,4.204,4.166,4.174,21127.342
2025-06-10 03:00:00,4.174,4.174,4.144,4.15,14833.154
2025-06-10 04:00:00,4.15,4.154,4.125,4.145,26469.792
2025-06-10 05:00:00,4.145,4.155,4.104,4.118,29932.745
2025-06-10 06:00:00,4.118,4.14,4.097,4.128,23120.625
2025-06-10 07:00:00,4.128,4.139,4.106,4.126,18398.216
2025-06-10 08:00:00,4.126,4.137,4.104,4.105,14046.235
2025-06-10 09:00:00,4.105,4.144,4.105,4.144,30357.275
2025-06-10 10:00:00,4.144,4.147,4.11,4.13,34824.423
2025-06-10 11:00:00,4.13,4.239,4.113,4.234,75581.092
2025-06-10 12:00:00,4.234,4.309,4.221,4.288,102941.049
2025-06-10 13:00:00,4.288,4.298,4.214,4.249,83817.12
2025-06-10 14:00:00,4.249,4.262,4.193,4.214,63102.902
2025-06-10 15:00:00,4.214,4.254,4.191,4.238,66410.088
2025-06-10 16:00:00,4.238,4.283,4.232,4.233,65026.248
2025-06-10 17:00:00,4.233,4.27,4.231,4.24,21550.362
2025-06-10 18:00:00,4.24,4.287,4.226,4.276,36772.361
2025-06-10 19:00:00,4.276,4.314,4.256,4.274,51935.618
2025-06-10 20:00:00,4.274,4.275,4.232,4.258,53567.552
2025-06-10 21:00:00,4.258,4.271,4.233,4.257,44816.221
2025-06-10 22:00:00,4.257,4.316,4.257,4.297,64567.475
2025-06-10 23:00:00,4.297,4.299,4.262,4.292,98835.749
2025-06-11 00:00:00,4.292,4.311,4.264,4.265,44541.477
2025-06-11 01:00:00,4.265,4.268,4.238,4.252,21955.25
2025-06-11 02:00:00,4.252,4.268,4.244,4.256,22156.23
2025-06-11 03:00:00,4.256,4.28,4.249,4.275,22797.861
2025-06-11 04:00:00,4.275,4.276,4.259,4.265,18854.376
2025-06-11 05:00:00,4.265,4.277,4.251,4.277,22291.866
2025-06-11 06:00:00,4.277,4.298,4.269,4.294,46477.162
2025-06-11 07:00:00,4.294,4.335,4.288,4.316,72512.559
2025-06-11 08:00:00,4.316,4.325,4.269,4.283,54764.835
2025-06-11 09:00:00,4.283,4.291,4.243,4.248,41977.694
2025-06-11 10:00:00,4.248,4.263,4.235,4.263,29695.524
2025-06-11 11:00:00,4.263,4.264,4.212,4.228,55870.959
2025-06-11 12:00:00,4.228,4.307,4.215,4.283,152824.029
2025-06-11 13:00:00,4.283,4.299,4.261,4.272,75693.868
2025-06-11 14:00:00,4.272,4.345,4.267,4.306,97016.568
2025-06-11 15:00:00,4.306,4.342,4.289,4.333,70127.096
2025-06-11 16:00:00,4.333,4.34,4.304,4.314,77373.185
2025-06-11 17:00:00,4.314,4.314,4.254,4.254,61292.479
2025-06-11 18:00:00,4.254,4.261,4.224,4.234,68352.227
2025-06-11 19:00:00,4.234,4.26,4.219,4.245,53986.217
2025-06-11 20:00:00,4.245,4.257,4.208,4.237,80296.484
2025-06-11 21:00:00,4.237,4.267,4.163,4.175,104048.615
2025-06-11 22:00:00,4.175,4.196,4.145,4.168,64393.19
2025-06-11 23:00:00,4.168,4.194,4.164,4.189,31066.663
2025-06-12 00:00:00,4.189,4.202,4.151,4.172,29256.31
2025-06-12 01:00:00,4.172,4.187,4.137,4.185,70993.152
2025-06-12 02:00:00,4.185,4.199,4.152,4.16,29993.443
2025-06-12 03:00:00,4.16,4.165,4.125,4.14,43379.563
2025-06-12 04:00:00,4.14,4.146,4.119,4.137,30058.058
2025-06-12 05:00:00,4.137,4.147,4.112,4.133,28922.792
2025-06-12 06:00:00,4.133,4.14,4.096,4.111,60973.032
2025-06-12 07:00:00,4.111,4.12,4.057,4.057,84315.952
2025-06-12 08:00:00,4.057,4.065,4.003,4.06,272086.964
2025-06-12 09:00:00,4.06,4.082,4.045,4.081,43775.663
2025-06-12 10:00:00,4.081,4.083,4.043,4.054,49165.944
2025-06-12 11:00:00,4.054,4.057,4.012,4.014,67282.801
2025-06-12 12:00:00,4.014,4.075,4.008,4.064,64359.688
2025-06-12 13:00:00,4.064,4.098,4.063,4.081,41104.372
2025-06-12 14:00:00,4.081,4.104,4.081,4.092,30251.938
2025-06-12 15:00:00,4.092,4.102,4.017,4.027,42034.465
2025-06-12 16:00:00,4.027,4.07,4.021,4.061,44962.072
2025-06-12 17:00:00,4.061,4.096,4.055,4.08,31996.775
2025-06-12 18:00:00,4.08,4.082,4.023,4.038,26263.427
2025-06-12 19:00:00,4.038,4.05,3.969,3.983,58977.678
2025-06-12 20:00:00,3.983,3.996,3.907,3.934,103864.636
2025-06-12 21:00:00,3.934,3.974,3.924,3.928,57208.851
2025-06-12 22:00:00,3.928,3.941,3.91,3.921,83402.521
2025-06-12 23:00:00,3.921,3.935,3.909,3.92,44786.12
2025-06-13 00:00:00,3.92,3.92,3.709,3.759,502034.628
2025-06-13 01:00:00,3.759,3.759,3.663,3.724,306036.041
2025-06-13 02:00:00,3.724,3.738,3.682,3.72,167417.45
2025-06-13 03:00:00,3.72,3.796,3.712,3.779,160908.72
2025-06-13 04:00:00,3.779,3.79,3.754,3.786,124319.205
2025-06-13 05:00:00,3.786,3.803,3.774,3.792,88205.882
2025-06-13 06:00:00,3.792,3.826,3.761,3.826,74384.234
2025-06-13 07:00:00,3.826,3.832,3.8,3.823,65886.841
2025-06-13 08:00:00,3.823,3.854,3.798,3.811,86004.975
2025-06-13 09:00:00,3.811,3.819,3.784,3.807,107173.936
2025-06-13 10:00:00,3.807,3.857,3.794,3.837,161643.937
2025-06-13 11:00:00,3.837,3.85,3.812,3.845,51713.517
2025-06-13 12:00:00,3.845,3.858,3.812,3.823,90220.326
2025-06-13 13:00:00,3.823,3.846,3.81,3.819,63997.3
2025-06-13 14:00:00,3.819,3.843,3.783,3.813,112199.709
2025-06-13 15:00:00,3.813,3.85,3.806,3.824,73981.495
2025-06-13 16:00:00,3.824,3.858,3.812,3.843,69771.629
2025-06-13 17:00:00,3.843,3.843,3.809,3.84,44306.11
2025-06-13 18:00:00,3.84,3.848,3.755,3.775,74940.664
2025-06-13 19:00:00,3.775,3.786,3.751,3.766,57443.718
2025-06-13 20:00:00,3.766,3.819,3.759,3.813,37948.998
2025-06-13 21:00:00,3.813,3.83,3.793,3.814,36831.293
2025-06-13 22:00:00,3.814,3.835,3.812,3.828,20850.261
2025-06-13 23:00:00,3.828,3.844,3.824,3.838,35415.257
2025-06-14 00:00:00,3.838,3.846,3.816,3.826,64945.461
2025-06-14 01:00:00,3.826,3.826,3.798,3.804,27821.592
2025-06-14 02:00:00,3.804,3.813,3.796,3.808,21954.544
2025-06-14 03:00:00,3.808,3.822,3.806,3.819,21026.652
2025-06-14 04:00:00,3.819,3.829,3.814,3.824,15661.803
2025-06-14 05:00:00,3.824,3.829,3.811,3.826,16779.612
2025-06-14 06:00:00,3.826,3.828,3.809,3.81,25237.035
2025-06-14 07:00:00,3.81,3.818,3.786,3.812,32948.552
2025-06-14 08:00:00,3.812,3.812,3.791,3.801,17695.096
2025-06-14 09:00:00,3.801,3.803,3.784,3.785,20710.519
2025-06-14 10:00:00,3.785,3.804,3.779,3.796,13390.705
2025-06-14 11:00:00,3.796,3.81,3.793,3.805,20667.017
2025-06-14 12:00:00,3.805,3.809,3.783,3.805,15689.906
2025-06-14 13:00:00,3.805,3.816,3.784,3.795,22277.499
2025-06-14 14:00:00,3.795,3.797,3.771,3.777,45785.446
2025-06-14 15:00:00,3.777,3.784,3.75,3.764,38918.435
2025-06-14 16:00:00,3.764,3.768,3.717,3.73,46652.466
2025-06-14 17:00:00,3.73,3.764,3.722,3.753,26351.164
2025-06-14 18:00:00,3.753,3.768,3.719,3.747,20957.133
2025-06-14 19:00:00,3.747,3.766,3.741,3.743,17243.113
2025-06-14 20:00:00,3.743,3.747,3.719,3.742,18783.906
2025-06-14 21:00:00,3.742,3.784,3.742,3.777,21397.194
2025-06-14 22:00:00,3.777,3.792,3.769,3.782,11077.373
2025-06-14 23:00:00,3.782,3.793,3.78,3.781,9318.301
2025-06-15 00:00:00,3.781,3.795,3.776,3.794,16407.492
2025-06-15 01:00:00,3.794,3.795,3.77,3.772,20132.342
2025-06-15 02:00:00,3.772,3.792,3.772,3.782,18074.758
2025-06-15 03:00:00,3.782,3.793,3.781,3.787,6126.343
2025-06-15 04:00:00,3.787,3.802,3.785,3.801,17693.63
2025-06-15 05:00:00,3.801,3.816,3.784,3.813,16557.956
2025-06-15 06:00:00,3.813,3.817,3.782,3.783,14354.94
2025-06-15 07:00:00,3.783,3.783,3.769,3.777,16704.543
2025-06-15 08:00:00,3.777,3.78,3.766,3.773,16758.078
2025-06-15 09:00:00,3.773,3.773,3.755,3.761,31600.855
2025-06-15 10:00:00,3.761,3.79,3.759,3.785,14038.397
2025-06-15 11:00:00,3.785,3.79,3.771,3.782,16531.177
2025-06-15 12:00:00,3.782,3.799,3.773,3.798,13902.127
2025-06-15 13:00:00,3.798,3.814,3.789,3.814,26187.205
2025-06-15 14:00:00,3.814,3.833,3.795,3.826,45169.022
2025-06-15 15:00:00,3.826,3.83,3.802,3.804,30431.478
2025-06-15 16:00:00,3.804,3.811,3.778,3.793,97261.888
2025-06-15 17:00:00,3.793,3.795,3.776,3.785,30531.682
2025-06-15 18:00:00,3.785,3.787,3.766,3.786,17272.85
2025-06-15 19:00:00,3.786,3.798,3.772,3.785,15488.929
2025-06-15 20:00:00,3.785,3.786,3.736,3.752,48934.719
2025-06-15 21:00:00,3.752,3.772,3.735,3.772,20102.964
2025-06-15 22:00:00,3.772,3.823,3.769,3.816,36544.798
2025-06-15 23:00:00,3.816,3.828,3.808,3.821,23221.17
2025-06-16 00:00:00,3.821,3.828,3.802,3.818,25129.19
2025-06-16 01:00:00,3.818,3.839,3.787,3.835,38052.16
2025-06-16 02:00:00,3.835,3.858,3.835,3.849,32956.682
2025-06-16 03:00:00,3.849,3.853,3.84,3.843,13911.895
2025-06-16 04:00:00,3.843,3.867,3.842,3.856,23810.493
2025-06-16 05:00:00,3.856,3.89,3.844,3.886,32026.08
2025-06-16 06:00:00,3.886,3.9,3.882,3.888,23004.782
2025-06-16 07:00:00,3.888,3.907,3.888,3.903,26756.126
2025-06-16 08:00:00,3.903,3.917,3.885,3.91,211795.679
2025-06-16 09:00:00,3.91,3.918,3.902,3.907,36784.47
2025-06-16 10:00:00,3.907,3.919,3.887,3.898,103151.672
2025-06-16 11:00:00,3.898,3.914,3.877,3.907,39180.573
2025-06-16 12:00:00,3.907,3.913,3.888,3.903,39563.961
2025-06-16 13:00:00,3.903,3.944,3.901,3.939,33014.146
2025-06-16 14:00:00,3.939,3.957,3.93,3.947,60977.054
2025-06-16 15:00:00,3.947,3.961,3.931,3.936,45325.882
2025-06-16 16:00:00,3.936,3.98,3.936,3.959,60286.169
2025-06-16 17:00:00,3.959,3.979,3.954,3.966,32396.563
2025-06-16 18:00:00,3.966,3.983,3.965,3.978,24082.985
2025-06-16 19:00:00,3.978,3.991,3.967,3.973,34340.244
2025-06-16 20:00:00,3.973,3.991,3.961,3.983,61696.178
2025-06-16 21:00:00,3.983,3.991,3.959,3.973,22742.614
2025-06-16 22:00:00,3.973,3.983,3.871,3.896,101049.154
2025-06-16 23:00:00,3.896,3.921,3.837,3.846,65926.638
2025-06-17 00:00:00,3.846,3.885,3.772,3.884,151915.462
2025-06-17 01:00:00,3.884,3.891,3.861,3.863,25995.765
2025-06-17 02:00:00,3.863,3.886,3.838,3.884,34898.678
2025-06-17 03:00:00,3.884,3.897,3.868,3.872,25576.281
2025-06-17 04:00:00,3.872,3.875,3.861,3.866,22173.376
2025-06-17 05:00:00,3.866,3.874,3.842,3.855,28448.43
2025-06-17 06:00:00,3.855,3.867,3.836,3.84,33888.893
2025-06-17 07:00:00,3.84,3.854,3.825,3.833,30491.077
2025-06-17 08:00:00,3.833,3.835,3.785,3.796,57659.93
2025-06-17 09:00:00,3.796,3.81,3.786,3.795,55372.602
2025-06-17 10:00:00,3.795,3.799,3.771,3.796,43647.103
2025-06-17 11:00:00,3.796,3.796,3.762,3.776,56040.509
2025-06-17 12:00:00,3.776,3.787,3.76,3.767,27694.401
2025-06-17 13:00:00,3.767,3.789,3.754,3.758,67199.101
2025-06-17 14:00:00,3.758,3.787,3.744,3.746,58480.692
2025-06-17 15:00:00,3.746,3.748,3.699,3.727,160452.607
2025-06-17 16:00:00,3.727,3.728,3.668,3.669,98457.105
2025-06-17 17:00:00,3.669,3.719,3.663,3.689,117796.288
2025-06-17 18:00:00,3.689,3.726,3.682,3.725,41916.891
2025-06-17 19:00:00,3.725,3.767,3.723,3.747,56768.437
2025-06-17 20:00:00,3.747,3.755,3.727,3.731,34674.053
2025-06-17 21:00:00,3.731,3.737,3.704,3.719,36927.095
2025-06-17 22:00:00,3.719,3.721,3.697,3.702,31694.734
2025-06-17 23:00:00,3.702,3.737,3.7,3.719,20628.483
2025-06-18 00:00:00,3.719,3.751,3.717,3.746,25260.479
2025-06-18 01:00:00,3.746,3.761,3.732,3.733,20156.592
2025-06-18 02:00:00,3.733,3.748,3.727,3.732,16881.07
2025-06-18 03:00:00,3.732,3.76,3.73,3.752,31701.452
2025-06-18 04:00:00,3.752,3.78,3.75,3.775,18842.538
2025-06-18 05:00:00,3.775,3.786,3.77,3.774,16218.726
2025-06-18 06:00:00,3.774,3.777,3.743,3.752,20118.655
2025-06-18 07:00:00,3.752,3.756,3.742,3.751,18945.518
2025-06-18 08:00:00,3.751,3.761,3.716,3.73,23659.589
2025-06-18 09:00:00,3.73,3.735,3.703,3.709,21213.888
2025-06-18 10:00:00,3.709,3.71,3.636,3.646,69294.278
2025-06-18 11:00:00,3.646,3.696,3.638,3.69,47585.776
2025-06-18 12:00:00,3.69,3.698,3.643,3.65,65716.775
2025-06-18 13:00:00,3.65,3.651,3.587,3.638,144443.87
2025-06-18 14:00:00,3.638,3.691,3.627,3.644,93959.695
2025-06-18 15:00:00,3.644,3.656,3.615,3.636,41501.728
2025-06-18 16:00:00,3.636,3.639,3.594,3.609,38094.905
2025-06-18 17:00:00,3.609,3.632,3.574,3.62,99361.822
2025-06-18 18:00:00,3.62,3.646,3.588,3.592,129980.163
2025-06-18 19:00:00,3.592,3.637,3.583,3.601,73565.259
2025-06-18 20:00:00,3.601,3.674,3.591,3.665,47472.123
2025-06-18 21:00:00,3.665,3.673,3.644,3.663,30245.501
2025-06-18 22:00:00,3.663,3.67,3.635,3.637,20142.339
2025-06-18 23:00:00,3.637,3.649,3.599,3.624,34283.055
2025-06-19 00:00:00,3.624,3.658,3.605,3.63,38281.536
2025-06-19 01:00:00,3.63,3.631,3.585,3.592,41089.837
2025-06-19 02:00:00,3.592,3.612,3.583,3.592,34010.102
2025-06-19 03:00:00,3.592,3.61,3.592,3.606,24273.245
2025-06-19 04:00:00,3.606,3.611,3.586,3.605,20991.535
2025-06-19 05:00:00,3.605,3.618,3.586,3.588,24488.096
2025-06-19 06:00:00,3.588,3.596,3.562,3.571,41905.002
2025-06-19 07:00:00,3.571,3.581,3.569,3.572,21857.605
2025-06-19 08:00:00,3.572,3.587,3.559,3.559,22556.311
2025-06-19 09:00:00,3.559,3.589,3.555,3.578,48889.9
2025-06-19 10:00:00,3.578,3.586,3.565,3.571,28205.386
2025-06-19 11:00:00,3.571,3.581,3.56,3.579,22110.87
2025-06-19 12:00:00,3.579,3.592,3.569,3.585,21638.524
2025-06-19 13:00:00,3.585,3.596,3.56,3.565,33235.546
2025-06-19 14:00:00,3.565,3.581,3.535,3.539,74343.769
2025-06-19 15:00:00,3.539,3.561,3.525,3.528,58182.707
2025-06-19 16:00:00,3.528,3.539,3.496,3.502,80741.359
2025-06-19 17:00:00,3.502,3.568,3.501,3.557,67503.094
2025-06-19 18:00:00,3.557,3.58,3.549,3.569,26944.267
2025-06-19 19:00:00,3.569,3.577,3.549,3.555,46693.059
2025-06-19 20:00:00,3.555,3.572,3.544,3.552,28969.41
2025-06-19 21:00:00,3.552,3.567,3.545,3.55,42248.959
2025-06-19 22:00:00,3.55,3.573,3.55,3.559,43629.552
2025-06-19 23:00:00,3.559,3.559,3.537,3.548,28375.926
2025-06-20 00:00:00,3.548,3.563,3.542,3.551,34947.229
2025-06-20 01:00:00,3.551,3.555,3.531,3.552,37374.369
2025-06-20 02:00:00,3.552,3.553,3.522,3.527,40153.197
2025-06-20 03:00:00,3.527,3.528,3.505,3.512,31937.03
2025-06-20 04:00:00,3.512,3.515,3.469,3.475,66946.359
2025-06-20 05:00:00,3.475,3.493,3.46,3.489,95885.076
2025-06-20 06:00:00,3.489,3.499,3.472,3.479,34003.94
2025-06-20 07:00:00,3.479,3.543,3.472,3.54,78581.536
2025-06-20 08:00:00,3.54,3.695,3.529,3.538,268348.956
2025-06-20 09:00:00,3.538,3.546,3.517,3.517,178811.377
2025-06-20 10:00:00,3.517,3.535,3.499,3.531,132225.682
2025-06-20 11:00:00,3.531,3.549,3.525,3.548,83794.063
2025-06-20 12:00:00,3.548,3.571,3.548,3.563,58187.309
2025-06-20 13:00:00,3.563,3.578,3.54,3.562,66335.663
2025-06-20 14:00:00,3.562,3.575,3.477,3.481,75424.286
2025-06-20 15:00:00,3.481,3.502,3.464,3.475,109078.42
2025-06-20 16:00:00,3.475,3.477,3.424,3.429,129909.24
2025-06-20 17:00:00,3.429,3.444,3.332,3.424,498044.447
2025-06-20 18:00:00,3.424,3.445,3.411,3.414,105490.608
2025-06-20 19:00:00,3.414,3.429,3.396,3.423,41853.388
2025-06-20 20:00:00,3.423,3.456,3.423,3.449,46326.575
2025-06-20 21:00:00,3.449,3.452,3.431,3.433,28474.04
2025-06-20 22:00:00,3.433,3.435,3.399,3.418,56473.555
2025-06-20 23:00:00,3.418,3.441,3.411,3.438,26646.755
2025-06-21 00:00:00,3.438,3.454,3.435,3.437,49174.865
2025-06-21 01:00:00,3.437,3.463,3.436,3.462,30793.796
2025-06-21 02:00:00,3.462,3.465,3.445,3.451,18878.395
2025-06-21 03:00:00,3.451,3.463,3.447,3.46,44374.177
2025-06-21 04:00:00,3.46,3.464,3.447,3.451,50745.106
2025-06-21 05:00:00,3.451,3.487,3.451,3.487,54612.019
2025-06-21 06:00:00,3.487,3.498,3.48,3.492,44520.03
2025-06-21 07:00:00,3.492,3.498,3.479,3.484,55733.13
2025-06-21 08:00:00,3.484,3.51,3.476,3.508,30504.635
2025-06-21 09:00:00,3.508,3.508,3.489,3.493,30750.915
2025-06-21 10:00:00,3.493,3.499,3.471,3.482,21509.153
2025-06-21 11:00:00,3.482,3.486,3.461,3.464,18483.319
2025-06-21 12:00:00,3.464,3.468,3.432,3.435,29734.018
2025-06-21 13:00:00,3.435,3.445,3.403,3.408,36165.472
2025-06-21 14:00:00,3.408,3.42,3.389,3.407,34445.125
2025-06-21 15:00:00,3.407,3.415,3.39,3.41,30146.71
2025-06-21 16:00:00,3.41,3.418,3.391,3.407,49665.517
2025-06-21 17:00:00,3.407,3.424,3.375,3.385,49463.434
2025-06-21 18:00:00,3.385,3.415,3.369,3.374,71035.605
2025-06-21 19:00:00,3.374,3.377,3.346,3.348,67755.505
2025-06-21 20:00:00,3.348,3.382,3.343,3.374,44794.393
2025-06-21 21:00:00,3.374,3.376,3.21,3.277,160205.417
2025-06-21 22:00:00,3.277,3.318,3.272,3.316,71424.823
2025-06-21 23:00:00,3.316,3.331,3.261,3.322,207555.18
2025-06-22 00:00:00,3.322,3.363,3.3,3.34,76549.842
2025-06-22 01:00:00,3.34,3.35,3.293,3.293,50525.86
2025-06-22 02:00:00,3.293,3.309,3.252,3.271,86392.352
2025-06-22 03:00:00,3.271,3.277,3.236,3.259,64896.428
2025-06-22 04:00:00,3.259,3.289,3.248,3.278,45608.037
2025-06-22 05:00:00,3.278,3.295,3.272,3.293,33954.221
2025-06-22 06:00:00,3.293,3.322,3.286,3.318,43594.306
2025-06-22 07:00:00,3.318,3.325,3.28,3.286,39740.795
2025-06-22 08:00:00,3.286,3.3,3.269,3.29,42098.418
2025-06-22 09:00:00,3.29,3.305,3.247,3.256,59095.2
2025-06-22 10:00:00,3.256,3.297,3.251,3.274,43697.338
2025-06-22 11:00:00,3.274,3.297,3.267,3.283,36235.888
2025-06-22 12:00:00,3.283,3.297,3.253,3.288,65169.717
2025-06-22 13:00:00,3.288,3.295,3.125,3.183,588088.857
2025-06-22 14:00:00,3.183,3.232,3.132,3.23,272810.965
2025-06-22 15:00:00,3.23,3.232,3.168,3.174,176836.827
2025-06-22 16:00:00,3.174,3.181,3.146,3.166,104255.621
2025-06-22 17:00:00,3.166,3.204,3.15,3.185,79256.773
2025-06-22 18:00:00,3.185,3.192,3.163,3.166,59157.555
2025-06-22 19:00:00,3.166,3.177,3.134,3.146,56094.262
2025-06-22 20:00:00,3.146,3.15,3.015,3.107,463723.859
2025-06-22 21:00:00,3.107,3.136,3.065,3.071,76411.037
2025-06-22 22:00:00,3.071,3.148,3.07,3.148,133053.76
2025-06-22 23:00:00,3.148,3.16,3.131,3.154,52782.082
2025-06-23 00:00:00,3.154,3.182,3.136,3.15,106391.166
2025-06-23 01:00:00,3.15,3.16,3.124,3.16,37899.199
2025-06-23 02:00:00,3.16,3.172,3.15,3.166,35073.327
2025-06-23 03:00:00,3.166,3.181,3.155,3.178,27163.695
2025-06-23 04:00:00,3.178,3.205,3.167,3.195,50962.036
2025-06-23 05:00:00,3.195,3.238,3.195,3.227,62700.143
2025-06-23 06:00:00,3.227,3.245,3.21,3.229,70706.45
2025-06-23 07:00:00,3.229,3.247,3.199,3.215,51955.089
2025-06-23 08:00:00,3.215,3.229,3.2,3.208,36753.211
2025-06-23 09:00:00,3.208,3.211,3.189,3.202,123096.477
2025-06-23 10:00:00,3.202,3.204,3.174,3.185,91311.592
2025-06-23 11:00:00,3.185,3.201,3.172,3.192,36478.24
2025-06-23 12:00:00,3.192,3.229,3.18,3.229,43300.661
2025-06-23 13:00:00,3.229,3.289,3.189,3.28,177738.118
2025-06-23 14:00:00,3.28,3.3,3.245,3.251,151491.208
2025-06-23 15:00:00,3.251,3.271,3.205,3.207,52739.841
2025-06-23 16:00:00,3.207,3.213,3.112,3.129,173557.55
2025-06-23 17:00:00,3.129,3.246,3.119,3.231,185225.747
2025-06-23 18:00:00,3.231,3.291,3.231,3.272,168561.482
2025-06-23 19:00:00,3.272,3.296,3.255,3.284,113391.514
2025-06-23 20:00:00,3.284,3.36,3.28,3.321,159050.944
2025-06-23 21:00:00,3.321,3.337,3.298,3.306,80522.263
2025-06-23 22:00:00,3.306,3.421,3.306,3.404,320417.671
2025-06-23 23:00:00,3.404,3.421,3.39,3.416,102770.5
2025-06-24 00:00:00,3.416,3.431,3.397,3.414,60262.13
2025-06-24 01:00:00,3.414,3.427,3.404,3.419,31143.545
2025-06-24 02:00:00,3.419,3.426,3.389,3.393,56008.984
2025-06-24 03:00:00,3.393,3.407,3.387,3.401,35328.422
2025-06-24 04:00:00,3.401,3.407,3.387,3.399,37330.432
2025-06-24 05:00:00,3.399,3.471,3.394,3.468,81532.342
2025-06-24 06:00:00,3.468,3.483,3.453,3.473,82443.69
2025-06-24 07:00:00,3.473,3.485,3.41,3.414,172387.112
2025-06-24 08:00:00,3.414,3.42,3.385,3.404,114414.501
2025-06-24 09:00:00,3.404,3.451,3.401,3.416,57084.757
2025-06-24 10:00:00,3.416,3.432,3.412,3.424,27697.915
2025-06-24 11:00:00,3.424,3.436,3.406,3.428,78788.759
2025-06-24 12:00:00,3.428,3.442,3.414,3.43,40926.732
2025-06-24 13:00:00,3.43,3.449,3.417,3.439,83408.571
2025-06-24 14:00:00,3.439,3.48,3.435,3.462,102788.418
2025-06-24 15:00:00,3.462,3.475,3.433,3.449,65777.81
2025-06-24 16:00:00,3.449,3.519,3.448,3.516,87054.035
2025-06-24 17:00:00,3.516,3.522,3.461,3.466,77911.698
2025-06-24 18:00:00,3.466,3.473,3.436,3.447,38551.069
2025-06-24 19:00:00,3.447,3.449,3.416,3.433,61293.713
2025-06-24 20:00:00,3.433,3.462,3.424,3.461,51466.448
2025-06-24 21:00:00,3.461,3.463,3.435,3.457,31248.151
2025-06-24 22:00:00,3.457,3.457,3.438,3.452,24725.222
2025-06-24 23:00:00,3.452,3.453,3.421,3.439,31381.325
2025-06-25 00:00:00,3.439,3.45,3.408,3.445,76535.507
2025-06-25 01:00:00,3.445,3.451,3.413,3.432,41913.834
2025-06-25 02:00:00,3.432,3.459,3.428,3.441,47116.14
2025-06-25 03:00:00,3.441,3.456,3.425,3.427,29975.756
2025-06-25 04:00:00,3.427,3.43,3.41,3.417,20998.017
2025-06-25 05:00:00,3.417,3.422,3.399,3.404,35192.832
2025-06-25 06:00:00,3.404,3.421,3.397,3.421,99149.297
2025-06-25 07:00:00,3.421,3.442,3.411,3.431,24986.153
2025-06-25 08:00:00,3.431,3.442,3.391,3.409,49052.407
2025-06-25 09:00:00,3.409,3.42,3.374,3.39,49134.053
2025-06-25 10:00:00,3.39,3.403,3.382,3.396,26353.454
2025-06-25 11:00:00,3.396,3.424,3.387,3.423,19723.293
2025-06-25 12:00:00,3.423,3.424,3.404,3.415,30584.252
2025-06-25 13:00:00,3.415,3.462,3.412,3.448,78248.709
2025-06-25 14:00:00,3.448,3.449,3.378,3.41,101463.084
2025-06-25 15:00:00,3.41,3.41,3.351,3.362,67960.854
2025-06-25 16:00:00,3.362,3.385,3.346,3.358,63360.917
2025-06-25 17:00:00,3.358,3.41,3.355,3.389,102128.452
2025-06-25 18:00:00,3.389,3.397,3.376,3.387,27633.067
2025-06-25 19:00:00,3.387,3.414,3.387,3.396,36094.43
2025-06-25 20:00:00,3.396,3.409,3.386,3.406,18053.416
2025-06-25 21:00:00,3.406,3.418,3.373,3.381,30102.745
2025-06-25 22:00:00,3.381,3.381,3.349,3.359,23971.261
2025-06-25 23:00:00,3.359,3.36,3.341,3.351,25206.518
2025-06-26 00:00:00,3.351,3.373,3.344,3.356,26524.409
2025-06-26 01:00:00,3.356,3.4,3.335,3.378,52696.341
2025-06-26 02:00:00,3.378,3.408,3.366,3.403,42556.84
2025-06-26 03:00:00,3.403,3.433,3.375,3.381,40667.018
2025-06-26 04:00:00,3.381,3.384,3.327,3.357,105694.156
2025-06-26 05:00:00,3.357,3.357,3.334,3.344,19071.917
2025-06-26 06:00:00,3.344,3.365,3.34,3.365,17378.82
2025-06-26 07:00:00,3.365,3.396,3.359,3.375,64633.395
2025-06-26 08:00:00,3.375,3.382,3.35,3.356,48719.142
2025-06-26 09:00:00,3.356,3.36,3.325,3.33,47314.147
2025-06-26 10:00:00,3.33,3.343,3.323,3.338,28855.449
2025-06-26 11:00:00,3.338,3.338,3.315,3.328,49697.482
2025-06-26 12:00:00,3.328,3.33,3.292,3.299,53692.448
2025-06-26 13:00:00,3.299,3.305,3.271,3.282,66738.653
2025-06-26 14:00:00,3.282,3.332,3.271,3.311,35223.961
2025-06-26 15:00:00,3.311,3.325,3.282,3.314,58372.957
2025-06-26 16:00:00,3.314,3.315,3.287,3.297,43607.514
2025-06-26 17:00:00,3.297,3.321,3.286,3.289,24516.299
2025-06-26 18:00:00,3.289,3.313,3.286,3.298,32998.328
2025-06-26 19:00:00,3.298,3.331,3.293,3.322,36862.79
2025-06-26 20:00:00,3.322,3.356,3.316,3.344,45675.675
2025-06-26 21:00:00,3.344,3.344,3.296,3.314,48560.584
2025-06-26 22:00:00,3.314,3.328,3.296,3.3,40257.917
2025-06-26 23:00:00,3.3,3.306,3.292,3.299,29387.554
2025-06-27 00:00:00,3.299,3.321,3.283,3.289,41853.819
2025-06-27 01:00:00,3.289,3.346,3.275,3.339,63053.785
2025-06-27 02:00:00,3.339,3.351,3.334,3.345,16716.861
2025-06-27 03:00:00,3.345,3.355,3.34,3.345,16391.32
2025-06-27 04:00:00,3.345,3.365,3.335,3.358,60501.378
2025-06-27 05:00:00,3.358,3.378,3.312,3.314,29599.191
2025-06-27 06:00:00,3.314,3.32,3.292,3.312,36815.893
2025-06-27 07:00:00,3.312,3.327,3.288,3.295,27292.025
2025-06-27 08:00:00,3.295,3.332,3.294,3.323,46683.461
2025-06-27 09:00:00,3.323,3.329,3.309,3.324,41045.492
2025-06-27 10:00:00,3.324,3.325,3.304,3.306,28368.088
2025-06-27 11:00:00,3.306,3.318,3.302,3.312,18188.741
2025-06-27 12:00:00,3.312,3.327,3.295,3.298,42687.3
2025-06-27 13:00:00,3.298,3.329,3.294,3.322,65710.196
2025-06-27 14:00:00,3.322,3.344,3.315,3.327,85379.573
2025-06-27 15:00:00,3.327,3.362,3.317,3.357,36988.959
2025-06-27 16:00:00,3.357,3.395,3.348,3.375,116241.097
2025-06-27 17:00:00,3.375,3.378,3.323,3.332,42761.759
2025-06-27 18:00:00,3.332,3.333,3.293,3.3,87536.791
2025-06-27 19:00:00,3.3,3.331,3.296,3.326,36275.38
2025-06-27 20:00:00,3.326,3.345,3.319,3.341,47479.158
2025-06-27 21:00:00,3.341,3.362,3.337,3.355,31921.571
2025-06-27 22:00:00,3.355,3.378,3.355,3.368,31819.537
2025-06-27 23:00:00,3.368,3.368,3.348,3.359,16848.652
2025-06-28 00:00:00,3.359,3.37,3.355,3.358,29536.414
2025-06-28 01:00:00,3.358,3.376,3.348,3.373,23559.415
2025-06-28 02:00:00,3.373,3.389,3.364,3.364,23960.389
2025-06-28 03:00:00,3.364,3.368,3.359,3.362,11885.121
2025-06-28 04:00:00,3.362,3.362,3.343,3.35,63316.209
2025-06-28 05:00:00,3.35,3.361,3.345,3.347,15708.051
2025-06-28 06:00:00,3.347,3.358,3.34,3.35,12719.575
2025-06-28 07:00:00,3.35,3.355,3.342,3.354,12647.422
2025-06-28 08:00:00,3.354,3.357,3.334,3.336,15347.146
2025-06-28 09:00:00,3.336,3.355,3.331,3.348,14380.531
2025-06-28 10:00:00,3.348,3.361,3.343,3.354,34250.926
2025-06-28 11:00:00,3.354,3.363,3.353,3.356,12029.872
2025-06-28 12:00:00,3.356,3.36,3.35,3.353,12516.168
2025-06-28 13:00:00,3.353,3.358,3.34,3.341,16397.299
2025-06-28 14:00:00,3.341,3.357,3.341,3.354,11667.224
2025-06-28 15:00:00,3.354,3.376,3.349,3.375,39467.275
2025-06-28 16:00:00,3.375,3.391,3.367,3.37,42837.973
2025-06-28 17:00:00,3.37,3.398,3.365,3.392,33467.922
2025-06-28 18:00:00,3.392,3.397,3.38,3.397,17713.471
2025-06-28 19:00:00,3.397,3.418,3.395,3.403,25243.82
2025-06-28 20:00:00,3.403,3.416,3.4,3.403,24266.268
2025-06-28 21:00:00,3.403,3.416,3.393,3.414,21825.064
2025-06-28 22:00:00,3.414,3.425,3.408,3.415,20552.251
2025-06-28 23:00:00,3.415,3.417,3.4,3.407,22778.943
2025-06-29 00:00:00,3.407,3.424,3.402,3.411,39852.306
2025-06-29 01:00:00,3.411,3.413,3.391,3.393,11402.802
2025-06-29 02:00:00,3.393,3.396,3.384,3.392,47487.454
2025-06-29 03:00:00,3.392,3.398,3.381,3.382,8945.647
2025-06-29 04:00:00,3.382,3.389,3.38,3.386,10259.931
2025-06-29 05:00:00,3.386,3.397,3.379,3.396,7072.18
2025-06-29 06:00:00,3.396,3.411,3.395,3.41,10878.498
2025-06-29 07:00:00,3.41,3.411,3.396,3.411,41180.71
2025-06-29 08:00:00,3.411,3.423,3.408,3.423,19615.214
2025-06-29 09:00:00,3.423,3.43,3.415,3.422,28981.551
2025-06-29 10:00:00,3.422,3.437,3.416,3.427,20035.857
2025-06-29 11:00:00,3.427,3.436,3.421,3.433,13319.49
2025-06-29 12:00:00,3.433,3.439,3.422,3.437,23420.928
2025-06-29 13:00:00,3.437,3.441,3.418,3.418,28196.659
2025-06-29 14:00:00,3.418,3.427,3.404,3.407,37163.061
2025-06-29 15:00:00,3.407,3.409,3.394,3.4,42583.633
2025-06-29 16:00:00,3.4,3.419,3.397,3.418,18181.651
2025-06-29 17:00:00,3.418,3.424,3.405,3.423,14023.406
2025-06-29 18:00:00,3.423,3.438,3.418,3.435,17677.116
2025-06-29 19:00:00,3.435,3.438,3.424,3.433,21164.663
2025-06-29 20:00:00,3.433,3.435,3.418,3.418,29651.119
2025-06-29 21:00:00,3.418,3.442,3.402,3.441,32201.125
2025-06-29 22:00:00,3.441,3.578,3.441,3.567,174337.344
2025-06-29 23:00:00,3.567,3.582,3.541,3.543,112982.038
2025-06-30 00:00:00,3.543,3.56,3.532,3.54,114840.794
2025-06-30 01:00:00,3.54,3.541,3.508,3.509,50334.287
2025-06-30 02:00:00,3.509,3.512,3.484,3.486,32844.278
2025-06-30 03:00:00,3.486,3.492,3.472,3.481,26423.919
2025-06-30 04:00:00,3.481,3.481,3.448,3.453,25689.642
2025-06-30 05:00:00,3.453,3.462,3.447,3.461,24775.693
2025-06-30 06:00:00,3.461,3.467,3.413,3.433,48657.009
2025-06-30 07:00:00,3.433,3.464,3.423,3.459,31085.439
2025-06-30 08:00:00,3.459,3.466,3.428,3.429,44609.59
2025-06-30 09:00:00,3.429,3.441,3.414,3.415,49756.228
2025-06-30 10:00:00,3.415,3.424,3.409,3.414,61077.117
2025-06-30 11:00:00,3.414,3.436,3.41,3.42,50658.224
2025-06-30 12:00:00,3.42,3.432,3.392,3.402,55976.229
2025-06-30 13:00:00,3.402,3.426,3.395,3.401,79762.204
2025-06-30 14:00:00,3.401,3.415,3.382,3.388,106964.943
2025-06-30 15:00:00,3.388,3.437,3.352,3.395,169156.385
2025-06-30 16:00:00,3.395,3.412,3.382,3.404,41763.886
2025-06-30 17:00:00,3.404,3.422,3.395,3.4,37752.389
2025-06-30 18:00:00,3.4,3.412,3.383,3.389,18417.671
2025-06-30 19:00:00,3.389,3.46,3.388,3.456,154354.791
2025-06-30 20:00:00,3.456,3.464,3.426,3.428,82296.206
2025-06-30 21:00:00,3.428,3.433,3.4,3.409,173260.926
2025-06-30 22:00:00,3.409,3.419,3.401,3.404,52762.293
2025-06-30 23:00:00,3.404,3.417,3.395,3.397,50199.69
2025-07-01 00:00:00,3.397,3.419,3.386,3.399,54824.664
2025-07-01 01:00:00,3.399,3.418,3.389,3.393,37584.88
2025-07-01 02:00:00,3.393,3.407,3.379,3.381,28810.305
2025-07-01 03:00:00,3.381,3.391,3.373,3.385,39232.94
2025-07-01 04:00:00,3.385,3.385,3.338,3.342,79386.995
2025-07-01 05:00:00,3.342,3.347,3.328,3.337,60576.082
2025-07-01 06:00:00,3.337,3.343,3.326,3.338,34116.688
2025-07-01 07:00:00,3.338,3.36,3.313,3.355,58706.637
2025-07-01 08:00:00,3.355,3.355,3.328,3.332,28536.639
2025-07-01 09:00:00,3.332,3.341,3.325,3.337,48456.064
2025-07-01 10:00:00,3.337,3.353,3.323,3.335,53216.614
2025-07-01 11:00:00,3.335,3.338,3.322,3.332,40396.678
2025-07-01 12:00:00,3.332,3.339,3.324,3.329,34809.537
2025-07-01 13:00:00,3.329,3.346,3.308,3.343,64777.113
2025-07-01 14:00:00,3.343,3.361,3.321,3.348,92708.689
2025-07-01 15:00:00,3.348,3.354,3.324,3.334,64503.181
2025-07-01 16:00:00,3.334,3.349,3.327,3.335,43536.875
2025-07-01 17:00:00,3.335,3.337,3.316,3.327,29233.692
2025-07-01 18:00:00,3.327,3.327,3.286,3.294,53923.026
2025-07-01 19:00:00,3.294,3.305,3.281,3.281,32204.582
2025-07-01 20:00:00,3.281,3.298,3.264,3.291,80195.047
2025-07-01 21:00:00,3.291,3.3,3.27,3.288,28735.572
2025-07-01 22:00:00,3.288,3.297,3.274,3.279,18889.086
2025-07-01 23:00:00,3.279,3.284,3.256,3.281,35644.863
2025-07-02 00:00:00,3.281,3.283,3.264,3.269,44684.329
2025-07-02 01:00:00,3.269,3.295,3.244,3.289,51180.852
2025-07-02 02:00:00,3.289,3.296,3.277,3.287,20761.772
2025-07-02 03:00:00,3.287,3.315,3.287,3.302,26496.967
2025-07-02 04:00:00,3.302,3.33,3.297,3.329,21060.181
2025-07-02 05:00:00,3.329,3.339,3.323,3.335,33385.667
2025-07-02 06:00:00,3.335,3.34,3.321,3.338,51384.456
2025-07-02 07:00:00,3.338,3.339,3.312,3.315,56025.652
2025-07-02 08:00:00,3.315,3.32,3.301,3.306,148726.725
2025-07-02 09:00:00,3.306,3.313,3.3,3.304,93754.617
2025-07-02 10:00:00,3.304,3.323,3.295,3.322,43093.047
2025-07-02 11:00:00,3.322,3.335,3.317,3.325,31809.018
2025-07-02 12:00:00,3.325,3.33,3.318,3.33,20182.681
2025-07-02 13:00:00,3.33,3.363,3.327,3.355,46861.571
2025-07-02 14:00:00,3.355,3.393,3.353,3.391,56721.626
2025-07-02 15:00:00,3.391,3.433,3.387,3.432,102641.298
2025-07-02 16:00:00,3.432,3.562,3.432,3.552,405441.875
2025-07-02 17:00:00,3.552,3.588,3.52,3.56,258438.512
2025-07-02 18:00:00,3.56,3.589,3.56,3.575,114616.416
2025-07-02 19:00:00,3.575,3.584,3.558,3.579,70905.15
2025-07-02 20:00:00,3.579,3.608,3.569,3.584,148719.256
2025-07-02 21:00:00,3.584,3.613,3.577,3.605,94124.547
2025-07-02 22:00:00,3.605,3.624,3.59,3.594,54286.837
2025-07-02 23:00:00,3.594,3.595,3.538,3.545,54678.25
2025-07-03 00:00:00,3.545,3.563,3.534,3.548,38567.203
2025-07-03 01:00:00,3.548,3.57,3.539,3.567,23572.664
2025-07-03 02:00:00,3.567,3.571,3.532,3.554,45192.617
2025-07-03 03:00:00,3.554,3.559,3.534,3.536,35604.458
2025-07-03 04:00:00,3.536,3.563,3.533,3.563,45405.738
2025-07-03 05:00:00,3.563,3.62,3.561,3.615,134842.606
2025-07-03 06:00:00,3.615,3.648,3.603,3.639,86954.655
2025-07-03 07:00:00,3.639,3.664,3.624,3.654,86633.467
2025-07-03 08:00:00,3.654,3.66,3.62,3.621,77337.34
2025-07-03 09:00:00,3.621,3.646,3.619,3.632,158840.328
2025-07-03 10:00:00,3.632,3.636,3.593,3.607,66582.952
2025-07-03 11:00:00,3.607,3.607,3.579,3.59,53832.503
2025-07-03 12:00:00,3.59,3.624,3.542,3.577,113087.869
2025-07-03 13:00:00,3.577,3.622,3.564,3.606,105758.309
2025-07-03 14:00:00,3.606,3.625,3.558,3.562,75935.088
2025-07-03 15:00:00,3.562,3.572,3.498,3.505,105609.521
2025-07-03 16:00:00,3.505,3.536,3.504,3.525,54326.914
2025-07-03 17:00:00,3.525,3.543,3.525,3.543,31828.337
2025-07-03 18:00:00,3.543,3.551,3.528,3.536,43143.572
2025-07-03 19:00:00,3.536,3.552,3.534,3.545,29226.229
2025-07-03 20:00:00,3.545,3.564,3.544,3.56,19184.453
2025-07-03 21:00:00,3.56,3.566,3.541,3.552,41432.336
2025-07-03 22:00:00,3.552,3.554,3.542,3.552,12225.4
2025-07-03 23:00:00,3.552,3.552,3.532,3.539,18373.315
2025-07-04 00:00:00,3.539,3.556,3.53,3.545,21903.605
2025-07-04 01:00:00,3.545,3.561,3.539,3.542,24753.995
2025-07-04 02:00:00,3.542,3.542,3.504,3.509,97317.562
2025-07-04 03:00:00,3.509,3.525,3.505,3.515,17723.233
2025-07-04 04:00:00,3.515,3.525,3.491,3.491,38758.965
2025-07-04 05:00:00,3.491,3.511,3.489,3.496,24835.807
2025-07-04 06:00:00,3.496,3.496,3.47,3.479,43945.182
2025-07-04 07:00:00,3.479,3.485,3.444,3.446,67756.801
2025-07-04 08:00:00,3.446,3.462,3.412,3.45,115907.418
2025-07-04 09:00:00,3.45,3.459,3.442,3.448,46294.877
2025-07-04 10:00:00,3.448,3.454,3.428,3.432,39105.537
2025-07-04 11:00:00,3.432,3.445,3.426,3.438,38603.854
2025-07-04 12:00:00,3.438,3.444,3.424,3.43,22280.241
2025-07-04 13:00:00,3.43,3.438,3.398,3.402,56308.455
2025-07-04 14:00:00,3.402,3.405,3.363,3.383,107667.43
2025-07-04 15:00:00,3.383,3.385,3.351,3.352,51243.206
2025-07-04 16:00:00,3.352,3.357,3.314,3.337,73638.008
2025-07-04 17:00:00,3.337,3.342,3.32,3.338,37854.139
2025-07-04 18:00:00,3.338,3.345,3.32,3.339,38464.909
2025-07-04 19:00:00,3.339,3.35,3.326,3.33,29648.658
2025-07-04 20:00:00,3.33,3.396,3.325,3.346,156961.667
2025-07-04 21:00:00,3.346,3.356,3.335,3.355,27348.273
2025-07-04 22:00:00,3.355,3.374,3.349,3.371,18237.112
2025-07-04 23:00:00,3.371,3.375,3.352,3.357,15895.28
2025-07-05 00:00:00,3.357,3.382,3.357,3.382,29442.677
2025-07-05 01:00:00,3.382,3.382,3.351,3.36,27195.733
2025-07-05 02:00:00,3.36,3.368,3.336,3.361,35696.629
2025-07-05 03:00:00,3.361,3.374,3.361,3.368,26897.05
2025-07-05 04:00:00,3.368,3.376,3.349,3.349,25424.304
2025-07-05 05:00:00,3.349,3.37,3.344,3.369,32115.362
2025-07-05 06:00:00,3.369,3.387,3.363,3.386,36602.218
2025-07-05 07:00:00,3.386,3.389,3.369,3.373,18329.488
2025-07-05 08:00:00,3.373,3.383,3.354,3.363,22628.413
2025-07-05 09:00:00,3.363,3.365,3.347,3.364,28713.768
2025-07-05 10:00:00,3.364,3.373,3.358,3.359,13535.879
2025-07-05 11:00:00,3.359,3.378,3.359,3.364,16189.638
2025-07-05 12:00:00,3.364,3.366,3.342,3.358,20102.347
2025-07-05 13:00:00,3.358,3.363,3.347,3.347,12103.705
2025-07-05 14:00:00,3.347,3.354,3.339,3.352,19095.556
2025-07-05 15:00:00,3.352,3.355,3.339,3.346,33774.55
2025-07-05 16:00:00,3.346,3.35,3.326,3.345,46020.075
2025-07-05 17:00:00,3.345,3.351,3.325,3.338,25619.116
2025-07-05 18:00:00,3.338,3.338,3.309,3.312,25556.953
2025-07-05 19:00:00,3.312,3.34,3.308,3.339,19622.232
2025-07-05 20:00:00,3.339,3.349,3.331,3.348,16116.722
2025-07-05 21:00:00,3.348,3.358,3.342,3.352,10457.003
2025-07-05 22:00:00,3.352,3.36,3.343,3.359,14407.111
2025-07-05 23:00:00,3.359,3.363,3.35,3.356,16284.055
2025-07-06 00:00:00,3.356,3.359,3.349,3.358,14586.868
2025-07-06 01:00:00,3.358,3.358,3.343,3.35,9976.67
2025-07-06 02:00:00,3.35,3.354,3.339,3.339,10632.504
2025-07-06 03:00:00,3.339,3.346,3.337,3.345,8904.179
2025-07-06 04:00:00,3.345,3.353,3.342,3.342,18363.076
2025-07-06 05:00:00,3.342,3.344,3.329,3.331,19149.202
2025-07-06 06:00:00,3.331,3.348,3.329,3.345,11738.773
2025-07-06 07:00:00,3.345,3.356,3.345,3.347,10857.893
2025-07-06 08:00:00,3.347,3.363,3.337,3.355,27302.531
2025-07-06 09:00:00,3.355,3.361,3.344,3.344,7837.341
2025-07-06 10:00:00,3.344,3.36,3.342,3.355,17262.316
2025-07-06 11:00:00,3.355,3.37,3.351,3.37,29929.856
2025-07-06 12:00:00,3.37,3.378,3.348,3.377,32511.278
2025-07-06 13:00:00,3.377,3.423,3.37,3.41,102682.556
2025-07-06 14:00:00,3.41,3.417,3.38,3.396,46744.523
2025-07-06 15:00:00,3.396,3.398,3.383,3.389,30723.049
2025-07-06 16:00:00,3.389,3.404,3.384,3.403,40114.847
2025-07-06 17:00:00,3.403,3.407,3.385,3.401,13294.141
2025-07-06 18:00:00,3.401,3.401,3.37,3.385,17637.59
2025-07-06 19:00:00,3.385,3.394,3.38,3.392,11437.607
2025-07-06 20:00:00,3.392,3.405,3.358,3.381,215489.573
2025-07-06 21:00:00,3.381,3.439,3.38,3.42,88230.675
2025-07-06 22:00:00,3.42,3.447,3.417,3.418,34728.336
2025-07-06 23:00:00,3.418,3.422,3.385,3.394,51669.823
2025-07-07 00:00:00,3.394,3.402,3.381,3.39,18421.498
2025-07-07 01:00:00,3.39,3.396,3.379,3.393,17533.164
2025-07-07 02:00:00,3.393,3.427,3.393,3.419,18012.938
2025-07-07 03:00:00,3.419,3.437,3.413,3.414,26042.567
2025-07-07 04:00:00,3.414,3.428,3.41,3.411,20140.136
2025-07-07 05:00:00,3.411,3.416,3.401,3.405,14130.872
2025-07-07 06:00:00,3.405,3.406,3.388,3.389,9237.624
2025-07-07 07:00:00,3.389,3.411,3.382,3.411,18183.58
2025-07-07 08:00:00,3.411,3.416,3.404,3.41,20807.029
2025-07-07 09:00:00,3.41,3.412,3.39,3.393,18571.233
2025-07-07 10:00:00,3.393,3.393,3.382,3.383,18859.993
2025-07-07 11:00:00,3.383,3.393,3.372,3.383,32156.288
2025-07-07 12:00:00,3.383,3.386,3.367,3.378,31099.915
2025-07-07 13:00:00,3.378,3.419,3.373,3.419,56084.185
2025-07-07 14:00:00,3.419,3.428,3.374,3.382,67149.6
2025-07-07 15:00:00,3.382,3.404,3.382,3.393,25868.926
2025-07-07 16:00:00,3.393,3.405,3.369,3.376,76015.914
2025-07-07 17:00:00,3.376,3.397,3.37,3.378,33575.89
2025-07-07 18:00:00,3.378,3.382,3.348,3.368,37277.63
2025-07-07 19:00:00,3.368,3.395,3.367,3.382,39968.433
2025-07-07 20:00:00,3.382,3.382,3.346,3.353,34010.176
2025-07-07 21:00:00,3.353,3.365,3.325,3.356,27382.457
2025-07-07 22:00:00,3.356,3.363,3.343,3.35,18924.861
2025-07-07 23:00:00,3.35,3.37,3.35,3.369,17682.7
2025-07-08 00:00:00,3.369,3.386,3.359,3.365,100176.01
2025-07-08 01:00:00,3.365,3.365,3.34,3.342,33492.95
2025-07-08 02:00:00,3.342,3.357,3.334,3.337,75088.726
2025-07-08 03:00:00,3.337,3.355,3.337,3.348,16374.405
2025-07-08 04:00:00,3.348,3.35,3.333,3.35,26646.873
2025-07-08 05:00:00,3.35,3.356,3.344,3.356,20366.128
2025-07-08 06:00:00,3.356,3.356,3.342,3.35,35535.862
2025-07-08 07:00:00,3.35,3.357,3.336,3.355,22808.82
2025-07-08 08:00:00,3.355,3.357,3.327,3.331,40878.039
2025-07-08 09:00:00,3.331,3.346,3.33,3.341,17376.383
2025-07-08 10:00:00,3.341,3.377,3.339,3.376,29540.507
2025-07-08 11:00:00,3.376,3.4,3.374,3.385,56399.339
2025-07-08 12:00:00,3.385,3.406,3.379,3.404,29289.958
2025-07-08 13:00:00,3.404,3.415,3.386,3.406,57746.963
2025-07-08 14:00:00,3.406,3.41,3.368,3.372,31496.593
2025-07-08 15:00:00,3.372,3.38,3.366,3.373,73447.595
2025-07-08 16:00:00,3.373,3.397,3.361,3.397,51219.992
2025-07-08 17:00:00,3.397,3.465,3.397,3.453,100081.636
2025-07-08 18:00:00,3.453,3.467,3.448,3.466,44661.857
2025-07-08 19:00:00,3.466,3.468,3.429,3.439,40010.831
2025-07-08 20:00:00,3.439,3.451,3.43,3.434,18749.484
2025-07-08 21:00:00,3.434,3.469,3.432,3.464,37546.906
2025-07-08 22:00:00,3.464,3.475,3.45,3.451,24689.875
2025-07-08 23:00:00,3.451,3.453,3.438,3.447,17124.668
2025-07-09 00:00:00,3.447,3.453,3.43,3.438,19615.478
2025-07-09 01:00:00,3.438,3.455,3.418,3.426,22660.197
2025-07-09 02:00:00,3.426,3.433,3.421,3.427,14185.592
2025-07-09 03:00:00,3.427,3.435,3.417,3.419,16310.394
2025-07-09 04:00:00,3.419,3.444,3.418,3.444,12801.254
2025-07-09 05:00:00,3.444,3.484,3.436,3.473,81312.246
2025-07-09 06:00:00,3.473,3.483,3.464,3.482,52287.393
2025-07-09 07:00:00,3.482,3.488,3.47,3.483,17284.883
2025-07-09 08:00:00,3.483,3.5,3.475,3.491,38698.964
2025-07-09 09:00:00,3.491,3.494,3.477,3.48,30928.104
2025-07-09 10:00:00,3.48,3.506,3.473,3.504,65263.431
2025-07-09 11:00:00,3.504,3.528,3.503,3.523,42322.911
2025-07-09 12:00:00,3.523,3.553,3.52,3.546,143444.304
2025-07-09 13:00:00,3.546,3.566,3.534,3.538,75613.368
2025-07-09 14:00:00,3.538,3.547,3.492,3.51,101743.248
2025-07-09 15:00:00,3.51,3.531,3.504,3.523,25457.358
2025-07-09 16:00:00,3.523,3.546,3.523,3.537,31385.445
2025-07-09 17:00:00,3.537,3.537,3.501,3.51,65269.097
2025-07-09 18:00:00,3.51,3.558,3.509,3.54,98749.499
2025-07-09 19:00:00,3.54,3.635,3.54,3.623,165193.39
2025-07-09 20:00:00,3.623,3.638,3.586,3.619,113658.411
2025-07-09 21:00:00,3.619,3.659,3.615,3.634,54969.929
2025-07-09 22:00:00,3.634,3.657,3.634,3.65,46832.132
2025-07-09 23:00:00,3.65,3.65,3.613,3.62,40713.226
2025-07-10 00:00:00,3.62,3.634,3.59,3.592,77265.615
2025-07-10 01:00:00,3.592,3.623,3.592,3.614,39193.53
2025-07-10 02:00:00,3.614,3.643,3.614,3.643,46339.138
2025-07-10 03:00:00,3.643,3.649,3.634,3.641,32016.421
2025-07-10 04:00:00,3.641,3.653,3.625,3.65,40609.029
2025-07-10 05:00:00,3.65,3.656,3.635,3.641,57804.974
2025-07-10 06:00:00,3.641,3.662,3.63,3.661,39037.06
2025-07-10 07:00:00,3.661,3.683,3.655,3.66,111203.682
2025-07-10 08:00:00,3.66,3.674,3.648,3.671,29410.267
2025-07-10 09:00:00,3.671,3.683,3.663,3.673,33992.189
2025-07-10 10:00:00,3.673,3.699,3.659,3.698,47554.264
2025-07-10 11:00:00,3.698,3.698,3.668,3.669,65269.28
2025-07-10 12:00:00,3.669,3.67,3.632,3.655,110406.79
2025-07-10 13:00:00,3.655,3.685,3.642,3.649,72578.539
2025-07-10 14:00:00,3.649,3.657,3.617,3.644,82174.61
2025-07-10 15:00:00,3.644,3.645,3.618,3.631,62902.011
2025-07-10 16:00:00,3.631,3.696,3.623,3.693,106284.627
2025-07-10 17:00:00,3.693,3.75,3.681,3.746,97797.411
2025-07-10 18:00:00,3.746,3.758,3.703,3.721,113039.363
2025-07-10 19:00:00,3.721,3.736,3.704,3.713,55581.371
2025-07-10 20:00:00,3.713,3.744,3.711,3.74,66814.174
2025-07-10 21:00:00,3.74,3.856,3.732,3.838,243203.337
2025-07-10 22:00:00,3.838,3.883,3.837,3.877,122120.798
2025-07-10 23:00:00,3.877,3.893,3.856,3.881,110826.83
2025-07-11 00:00:00,3.881,3.886,3.812,3.843,113806.819
2025-07-11 01:00:00,3.843,3.906,3.841,3.905,100344.25
2025-07-11 02:00:00,3.905,3.933,3.889,3.924,90538.489
2025-07-11 03:00:00,3.924,3.928,3.904,3.917,48821.523
2025-07-11 04:00:00,3.917,3.958,3.895,3.954,99881.627
2025-07-11 05:00:00,3.954,4.016,3.952,3.979,297726.693
2025-07-11 06:00:00,3.979,4.004,3.909,3.918,284341.048
2025-07-11 07:00:00,3.918,3.94,3.891,3.908,107220.291
2025-07-11 08:00:00,3.908,3.954,3.908,3.954,48407.046
2025-07-11 09:00:00,3.954,4.0,3.944,3.978,107183.717
2025-07-11 10:00:00,3.978,3.997,3.961,3.967,60622.03
2025-07-11 11:00:00,3.967,3.971,3.928,3.934,81184.451
2025-07-11 12:00:00,3.934,4.002,3.933,3.996,50324.905
2025-07-11 13:00:00,3.996,4.06,3.964,4.045,192105.526
2025-07-11 14:00:00,4.045,4.085,4.011,4.06,128687.768
2025-07-11 15:00:00,4.06,4.294,3.962,3.978,389852.653
2025-07-11 16:00:00,3.978,4.025,3.96,4.007,150438.397
2025-07-11 17:00:00,4.007,4.053,4.004,4.045,82773.361
2025-07-11 18:00:00,4.045,4.074,4.029,4.06,152876.52
2025-07-11 19:00:00,4.06,4.084,4.033,4.076,97839.766
2025-07-11 20:00:00,4.076,4.076,3.988,3.991,108853.549
2025-07-11 21:00:00,3.991,4.005,3.918,3.943,94663.748
2025-07-11 22:00:00,3.943,3.953,3.829,3.897,138013.133
2025-07-11 23:00:00,3.897,3.931,3.891,3.906,50502.799
2025-07-12 00:00:00,3.906,3.93,3.85,3.893,84129.781
2025-07-12 01:00:00,3.893,3.987,3.893,3.98,49234.467
2025-07-12 02:00:00,3.98,4.012,3.97,3.974,42264.137
2025-07-12 03:00:00,3.974,4.014,3.973,4.014,37580.514
2025-07-12 04:00:00,4.014,4.066,3.931,3.938,208252.347
2025-07-12 05:00:00,3.938,3.967,3.908,3.955,52284.892
2025-07-12 06:00:00,3.955,4.004,3.944,4.0,50902.449
2025-07-12 07:00:00,4.0,4.02,3.972,3.986,47272.551
2025-07-12 08:00:00,3.986,4.004,3.959,3.973,23987.887
2025-07-12 09:00:00,3.973,4.024,3.966,4.015,36948.165
2025-07-12 10:00:00,4.015,4.017,3.985,4.002,46911.756
2025-07-12 11:00:00,4.002,4.013,3.984,3.989,45349.209
2025-07-12 12:00:00,3.989,4.005,3.895,3.935,119621.245
2025-07-12 13:00:00,3.935,3.935,3.855,3.907,79209.961
2025-07-12 14:00:00,3.907,3.931,3.87,3.874,63050.477
2025-07-12 15:00:00,3.874,3.879,3.796,3.824,157600.53
2025-07-12 16:00:00,3.824,3.881,3.807,3.848,58315.076
2025-07-12 17:00:00,3.848,3.911,3.845,3.904,38502.294
2025-07-12 18:00:00,3.904,3.909,3.873,3.9,45428.086
2025-07-12 19:00:00,3.9,3.906,3.882,3.9,34208.249
2025-07-12 20:00:00,3.9,3.902,3.833,3.834,54820.769
2025-07-12 21:00:00,3.834,3.893,3.832,3.892,55101.425
2025-07-12 22:00:00,3.892,3.894,3.853,3.885,52931.872
2025-07-12 23:00:00,3.885,3.907,3.87,3.893,74683.682
2025-07-13 00:00:00,3.893,3.909,3.878,3.889,137369.772
2025-07-13 01:00:00,3.889,3.923,3.887,3.915,60779.944
2025-07-13 02:00:00,3.915,3.93,3.884,3.923,51676.023
2025-07-13 03:00:00,3.923,3.93,3.905,3.921,27146.009
2025-07-13 04:00:00,3.921,3.958,3.899,3.953,30500.688
2025-07-13 05:00:00,3.953,3.959,3.934,3.937,36242.017
2025-07-13 06:00:00,3.937,3.995,3.932,3.964,38736.158
2025-07-13 07:00:00,3.964,4.002,3.963,4.001,23186.16
2025-07-13 08:00:00,4.001,4.014,3.966,3.989,80790.706
2025-07-13 09:00:00,3.989,4.001,3.944,3.949,28409.343
2025-07-13 10:00:00,3.949,3.979,3.938,3.955,53331.237
2025-07-13 11:00:00,3.955,3.971,3.946,3.969,42543.355
2025-07-13 12:00:00,3.969,4.015,3.957,4.003,108398.957
2025-07-13 13:00:00,4.003,4.023,3.967,4.007,48955.708
2025-07-13 14:00:00,4.007,4.068,3.99,4.004,121456.88
2025-07-13 15:00:00,4.004,4.062,4.002,4.009,63076.196
2025-07-13 16:00:00,4.009,4.04,3.985,3.989,36961.889
2025-07-13 17:00:00,3.989,4.022,3.973,4.016,70941.334
2025-07-13 18:00:00,4.016,4.058,4.007,4.036,80040.489
2025-07-13 19:00:00,4.036,4.059,4.019,4.021,43306.134
2025-07-13 20:00:00,4.021,4.043,4.001,4.041,38180.903
2025-07-13 21:00:00,4.041,4.041,3.944,3.973,70051.882
2025-07-13 22:00:00,3.973,3.993,3.938,3.963,35097.516
2025-07-13 23:00:00,3.963,3.994,3.955,3.985,33014.991
2025-07-14 00:00:00,3.985,4.03,3.973,4.003,42063.817
2025-07-14 01:00:00,4.003,4.055,3.993,4.05,50999.247
2025-07-14 02:00:00,4.05,4.106,4.039,4.08,85538.422
2025-07-14 03:00:00,4.08,4.161,4.071,4.141,109678.512
2025-07-14 04:00:00,4.141,4.196,4.14,4.194,107912.399
2025-07-14 05:00:00,4.194,4.194,4.076,4.116,148183.461
2025-07-14 06:00:00,4.116,4.133,4.085,4.109,80983.329
2025-07-14 07:00:00,4.109,4.168,4.107,4.153,91677.463
2025-07-14 08:00:00,4.153,4.154,4.083,4.122,76907.509
2025-07-14 09:00:00,4.122,4.155,4.106,4.125,66885.005
2025-07-14 10:00:00,4.125,4.147,4.091,4.138,95178.3
2025-07-14 11:00:00,4.138,4.138,4.08,4.087,71568.434
2025-07-14 12:00:00,4.087,4.106,4.068,4.093,103271.872
2025-07-14 13:00:00,4.093,4.119,4.062,4.102,57083.414
2025-07-14 14:00:00,4.102,4.131,4.018,4.056,125832.408
2025-07-14 15:00:00,4.056,4.056,3.97,4.004,108949.873
2025-07-14 16:00:00,4.004,4.038,3.977,4.026,98167.881
2025-07-14 17:00:00,4.026,4.027,3.981,4.001,27582.878
2025-07-14 18:00:00,4.001,4.002,3.946,3.954,44625.687
2025-07-14 19:00:00,3.954,3.967,3.931,3.945,53226.322
2025-07-14 20:00:00,3.945,3.977,3.902,3.957,157215.693
2025-07-14 21:00:00,3.957,3.974,3.949,3.96,45325.084
2025-07-14 22:00:00,3.96,3.968,3.938,3.953,33137.465
2025-07-14 23:00:00,3.953,3.958,3.929,3.949,30547.599
2025-07-15 00:00:00,3.949,3.984,3.911,3.912,59121.702
2025-07-15 01:00:00,3.912,3.93,3.869,3.897,84344.591
2025-07-15 02:00:00,3.897,3.914,3.857,3.869,60542.007
2025-07-15 03:00:00,3.869,3.869,3.806,3.832,119817.824
2025-07-15 04:00:00,3.832,3.877,3.803,3.867,61314.246
2025-07-15 05:00:00,3.867,3.884,3.859,3.875,46056.946
2025-07-15 06:00:00,3.875,3.895,3.862,3.881,38923.434
2025-07-15 07:00:00,3.881,3.897,3.86,3.865,32171.785
2025-07-15 08:00:00,3.865,3.877,3.834,3.856,30504.32
2025-07-15 09:00:00,3.856,3.891,3.856,3.866,25197.251
2025-07-15 10:00:00,3.866,3.897,3.866,3.889,86698.623
2025-07-15 11:00:00,3.889,3.901,3.852,3.883,78769.41
2025-07-15 12:00:00,3.883,3.925,3.841,3.897,222531.197
2025-07-15 13:00:00,3.897,3.962,3.894,3.942,118615.03
2025-07-15 14:00:00,3.942,3.964,3.839,3.853,153581.669
2025-07-15 15:00:00,3.853,3.956,3.847,3.947,97967.872
2025-07-15 16:00:00,3.947,4.015,3.945,3.99,160409.329
2025-07-15 17:00:00,3.99,4.093,3.972,4.092,208839.975
2025-07-15 18:00:00,4.092,4.098,3.991,4.012,205494.389
2025-07-15 19:00:00,4.012,4.046,3.948,3.948,67632.818
2025-07-15 20:00:00,3.948,3.99,3.936,3.967,73976.249
2025-07-15 21:00:00,3.967,4.044,3.964,4.04,90557.988
2025-07-15 22:00:00,4.04,4.042,4.006,4.032,30604.863
2025-07-15 23:00:00,4.032,4.099,4.032,4.083,137548.713
2025-07-16 00:00:00,4.083,4.12,4.058,4.114,146626.943
2025-07-16 01:00:00,4.114,4.124,4.094,4.099,68764.29
2025-07-16 02:00:00,4.099,4.101,4.012,4.033,61705.201
2025-07-16 03:00:00,4.033,4.055,4.029,4.042,17577.116
2025-07-16 04:00:00,4.042,4.062,4.013,4.061,26161.104
2025-07-16 05:00:00,4.061,4.082,4.06,4.069,55344.009
2025-07-16 06:00:00,4.069,4.104,4.057,4.102,46580.408
2025-07-16 07:00:00,4.102,4.145,4.095,4.128,84262.863
2025-07-16 08:00:00,4.128,4.14,4.114,4.118,67148.985
2025-07-16 09:00:00,4.118,4.139,4.094,4.107,102296.61
2025-07-16 10:00:00,4.107,4.125,4.093,4.096,72440.668
2025-07-16 11:00:00,4.096,4.128,4.096,4.115,35014.839
2025-07-16 12:00:00,4.115,4.144,4.105,4.109,74082.556
2025-07-16 13:00:00,4.109,4.138,4.095,4.119,67207.482
2025-07-16 14:00:00,4.119,4.171,4.081,4.169,135542.493
2025-07-16 15:00:00,4.169,4.186,4.094,4.133,145177.412
2025-07-16 16:00:00,4.133,4.188,4.112,4.186,89112.022
2025-07-16 17:00:00,4.186,4.336,4.159,4.19,238645.981
2025-07-16 18:00:00,4.19,4.234,4.181,4.182,143347.268
2025-07-16 19:00:00,4.182,4.191,4.144,4.171,96832.926
2025-07-16 20:00:00,4.171,4.238,4.171,4.204,129756.022
2025-07-16 21:00:00,4.204,4.269,4.193,4.241,127895.886
2025-07-16 22:00:00,4.241,4.266,4.175,4.188,102135.091
2025-07-16 23:00:00,4.188,4.194,4.136,4.157,76675.706
2025-07-17 00:00:00,4.157,4.215,4.153,4.163,77361.19
2025-07-17 01:00:00,4.163,4.185,4.065,4.11,266711.587
2025-07-17 02:00:00,4.11,4.151,4.105,4.143,105750.441
2025-07-17 03:00:00,4.143,4.146,4.068,4.097,77043.852
2025-07-17 04:00:00,4.097,4.144,4.081,4.144,33149.139
2025-07-17 05:00:00,4.144,4.176,4.12,4.175,83186.843
2025-07-17 06:00:00,4.175,4.224,4.158,4.212,85988.344
2025-07-17 07:00:00,4.212,4.214,4.157,4.186,83203.922
2025-07-17 08:00:00,4.186,4.228,4.181,4.226,93973.298
2025-07-17 09:00:00,4.226,4.278,4.217,4.255,93437.163
2025-07-17 10:00:00,4.255,4.265,4.212,4.23,76325.313
2025-07-17 11:00:00,4.23,4.243,4.207,4.225,61182.562
2025-07-17 12:00:00,4.225,4.269,4.184,4.256,92354.351
2025-07-17 13:00:00,4.256,4.268,4.14,4.2,130581.165
2025-07-17 14:00:00,4.2,4.232,4.181,4.209,60381.565
2025-07-17 15:00:00,4.209,4.214,4.155,4.189,51009.02
2025-07-17 16:00:00,4.189,4.2,4.101,4.138,136485.102
2025-07-17 17:00:00,4.138,4.192,4.122,4.188,71667.397
2025-07-17 18:00:00,4.188,4.198,4.172,4.191,39499.388
2025-07-17 19:00:00,4.191,4.208,4.118,4.121,65959.747
2025-07-17 20:00:00,4.121,4.141,4.075,4.132,89086.571
2025-07-17 21:00:00,4.132,4.226,4.132,4.209,102437.165
2025-07-17 22:00:00,4.209,4.288,4.198,4.258,120732.186
2025-07-17 23:00:00,4.258,4.304,4.237,4.259,81892.157
2025-07-18 00:00:00,4.259,4.352,4.234,4.351,127128.42
2025-07-18 01:00:00,4.351,4.424,4.34,4.414,185083.27
2025-07-18 02:00:00,4.414,4.414,4.368,4.396,115785.928
2025-07-18 03:00:00,4.396,4.436,4.378,4.433,218494.973
2025-07-18 04:00:00,4.433,4.508,4.409,4.507,167395.796
2025-07-18 05:00:00,4.507,4.624,4.47,4.616,411657.432
2025-07-18 06:00:00,4.616,4.945,4.512,4.562,302887.751
2025-07-18 07:00:00,4.562,4.588,4.478,4.484,219508.729
2025-07-18 08:00:00,4.484,4.538,4.42,4.435,352468.327
2025-07-18 09:00:00,4.435,4.452,4.398,4.449,167053.42
2025-07-18 10:00:00,4.449,4.467,4.389,4.467,79482.099
2025-07-18 11:00:00,4.467,4.483,4.38,4.425,132067.552
2025-07-18 12:00:00,4.425,4.465,4.404,4.465,137655.962
2025-07-18 13:00:00,4.465,4.493,4.417,4.446,206597.42
2025-07-18 14:00:00,4.446,4.477,4.321,4.365,318370.806
2025-07-18 15:00:00,4.365,4.371,4.251,4.294,439898.372
2025-07-18 16:00:00,4.294,4.36,4.276,4.326,180584.776
2025-07-18 17:00:00,4.326,4.355,4.295,4.336,115220.337
2025-07-18 18:00:00,4.336,4.34,4.27,4.274,190484.355
2025-07-18 19:00:00,4.274,4.291,4.225,4.256,189542.306
2025-07-18 20:00:00,4.256,4.262,4.136,4.204,325189.917
2025-07-18 21:00:00,4.204,4.27,4.199,4.231,128966.237
2025-07-18 22:00:00,4.231,4.263,4.186,4.193,191173.673
2025-07-18 23:00:00,4.193,4.232,4.16,4.228,146191.511
2025-07-19 00:00:00,4.228,4.256,4.163,4.165,163075.047
2025-07-19 01:00:00,4.165,4.211,4.133,4.204,124380.645
2025-07-19 02:00:00,4.204,4.244,4.174,4.238,117746.796
2025-07-19 03:00:00,4.238,4.299,4.238,4.296,76478.569
2025-07-19 04:00:00,4.296,4.334,4.295,4.313,99115.095
2025-07-19 05:00:00,4.313,4.32,4.277,4.294,39140.637
2025-07-19 06:00:00,4.294,4.312,4.272,4.303,80442.619
2025-07-19 07:00:00,4.303,4.32,4.279,4.285,92592.106
2025-07-19 08:00:00,4.285,4.295,4.249,4.275,42697.597
2025-07-19 09:00:00,4.275,4.303,4.268,4.277,62598.868
2025-07-19 10:00:00,4.277,4.302,4.262,4.272,50853.032
2025-07-19 11:00:00,4.272,4.284,4.225,4.23,61358.35
2025-07-19 12:00:00,4.23,4.252,4.208,4.249,81274.943
2025-07-19 13:00:00,4.249,4.251,4.207,4.221,59403.323
2025-07-19 14:00:00,4.221,4.229,4.166,4.174,63051.802
2025-07-19 15:00:00,4.174,4.239,4.171,4.221,85392.384
2025-07-19 16:00:00,4.221,4.272,4.204,4.262,44665.596
2025-07-19 17:00:00,4.262,4.266,4.227,4.249,42680.444
2025-07-19 18:00:00,4.249,4.303,4.245,4.285,53145.329
2025-07-19 19:00:00,4.285,4.406,4.282,4.389,81057.274
2025-07-19 20:00:00,4.389,4.453,4.371,4.421,147903.796
2025-07-19 21:00:00,4.421,4.43,4.31,4.367,173857.367
2025-07-19 22:00:00,4.367,4.388,4.34,4.361,60048.456
2025-07-19 23:00:00,4.361,4.42,4.356,4.411,127494.664
2025-07-20 00:00:00,4.411,4.417,4.359,4.38,84078.666
2025-07-20 01:00:00,4.38,4.416,4.376,4.382,72797.957
2025-07-20 02:00:00,4.382,4.399,4.363,4.382,142155.089
2025-07-20 03:00:00,4.382,4.434,4.367,4.389,122682.54
2025-07-20 04:00:00,4.389,4.4,4.35,4.361,176506.445
2025-07-20 05:00:00,4.361,4.415,4.351,4.408,128365.512
2025-07-20 06:00:00,4.408,4.423,4.386,4.389,161434.981
2025-07-20 07:00:00,4.389,4.443,4.386,4.415,151099.054
2025-07-20 08:00:00,4.415,4.466,4.415,4.466,148582.437
2025-07-20 09:00:00,4.466,4.489,4.435,4.467,182965.671
2025-07-20 10:00:00,4.467,4.48,4.447,4.453,131979.348
2025-07-20 11:00:00,4.453,4.509,4.45,4.49,187731.958
2025-07-20 12:00:00,4.49,4.496,4.461,4.491,117534.367
2025-07-20 13:00:00,4.491,4.541,4.487,4.535,124186.725
2025-07-20 14:00:00,4.535,4.536,4.48,4.5,199087.462
2025-07-20 15:00:00,4.5,4.555,4.491,4.54,143714.183
2025-07-20 16:00:00,4.54,4.587,4.53,4.556,245155.917
2025-07-20 17:00:00,4.556,4.569,4.493,4.498,256289.916
2025-07-20 18:00:00,4.498,4.529,4.471,4.524,155548.828
2025-07-20 19:00:00,4.524,4.553,4.524,4.525,79097.549
2025-07-20 20:00:00,4.525,4.538,4.479,4.511,118592.781
2025-07-20 21:00:00,4.511,4.531,4.47,4.531,86260.519
2025-07-20 22:00:00,4.531,4.534,4.38,4.486,409345.877
2025-07-20 23:00:00,4.486,4.507,4.443,4.48,186689.014
2025-07-21 00:00:00,4.48,4.488,4.394,4.464,234767.362
2025-07-21 01:00:00,4.464,4.469,4.401,4.458,142870.019
2025-07-21 02:00:00,4.458,4.516,4.455,4.516,104543.747
2025-07-21 03:00:00,4.516,4.548,4.512,4.538,96049.798
2025-07-21 04:00:00,4.538,4.557,4.516,4.527,86629.701
2025-07-21 05:00:00,4.527,4.546,4.503,4.542,108424.624
2025-07-21 06:00:00,4.542,4.582,4.537,4.562,91278.475
2025-07-21 07:00:00,4.562,4.603,4.561,4.582,138787.721
2025-07-21 08:00:00,4.582,4.614,4.561,4.572,119832.441
2025-07-21 09:00:00,4.572,4.578,4.518,4.549,144597.973
2025-07-21 10:00:00,4.549,4.578,4.513,4.577,73880.626
2025-07-21 11:00:00,4.577,4.62,4.569,4.583,83161.873
2025-07-21 12:00:00,4.583,4.602,4.55,4.59,88091.814
2025-07-21 13:00:00,4.59,4.637,4.552,4.625,141230.714
2025-07-21 14:00:00,4.625,4.674,4.591,4.652,146204.171
2025-07-21 15:00:00,4.652,4.671,4.58,4.595,134842.706
2025-07-21 16:00:00,4.595,4.599,4.457,4.517,219318.886
2025-07-21 17:00:00,4.517,4.549,4.496,4.536,129033.656
2025-07-21 18:00:00,4.536,4.577,4.468,4.478,123227.857
2025-07-21 19:00:00,4.478,4.509,4.429,4.444,135920.047
2025-07-21 20:00:00,4.444,4.486,4.43,4.442,97958.234
2025-07-21 21:00:00,4.442,4.49,4.427,4.481,81801.616
2025-07-21 22:00:00,4.481,4.515,4.479,4.498,47594.625
2025-07-21 23:00:00,4.498,4.519,4.478,4.499,45188.726
2025-07-22 00:00:00,4.499,4.529,4.45,4.457,71374.548
2025-07-22 01:00:00,4.457,4.54,4.36,4.521,263741.033
2025-07-22 02:00:00,4.521,4.528,4.42,4.438,132895.815
2025-07-22 03:00:00,4.438,4.448,4.375,4.415,139051.812
2025-07-22 04:00:00,4.415,4.427,4.309,4.313,260599.049
2025-07-22 05:00:00,4.313,4.422,4.308,4.392,251517.191
2025-07-22 06:00:00,4.392,4.418,4.372,4.388,82750.456
2025-07-22 07:00:00,4.388,4.44,4.378,4.388,116587.459
2025-07-22 08:00:00,4.388,4.389,4.294,4.345,181098.412
2025-07-22 09:00:00,4.345,4.355,4.279,4.339,147013.586
2025-07-22 10:00:00,4.339,4.4,4.332,4.4,67799.124
2025-07-22 11:00:00,4.4,4.415,4.36,4.408,96417.918
2025-07-22 12:00:00,4.408,4.42,4.393,4.406,65805.671
2025-07-22 13:00:00,4.406,4.453,4.354,4.375,409355.716
2025-07-22 14:00:00,4.375,4.455,4.332,4.454,242593.506
2025-07-22 15:00:00,4.454,4.498,4.412,4.421,226800.195
2025-07-22 16:00:00,4.421,4.472,4.402,4.428,92715.918
2025-07-22 17:00:00,4.428,4.438,4.369,4.391,190455.943
2025-07-22 18:00:00,4.391,4.471,4.367,4.447,161010.083
2025-07-22 19:00:00,4.447,4.454,4.356,4.369,103416.529
2025-07-22 20:00:00,4.369,4.442,3.984,4.437,300494.361
2025-07-22 21:00:00,4.437,4.488,4.416,4.478,126424.74
2025-07-22 22:00:00,4.478,4.493,4.463,4.485,60387.593
2025-07-22 23:00:00,4.485,4.553,4.478,4.55,91908.742
2025-07-23 00:00:00,4.55,4.55,4.467,4.468,136737.014
2025-07-23 01:00:00,4.468,4.49,4.445,4.479,46820.774
2025-07-23 02:00:00,4.479,4.495,4.456,4.483,109865.825
2025-07-23 03:00:00,4.483,4.507,4.461,4.473,61527.021
2025-07-23 04:00:00,4.473,4.539,4.461,4.529,161129.042
2025-07-23 05:00:00,4.529,4.529,4.497,4.504,51230.864
2025-07-23 06:00:00,4.504,4.51,4.444,4.465,78240.679
2025-07-23 07:00:00,4.465,4.492,4.429,4.447,94385.163
2025-07-23 08:00:00,4.447,4.463,4.421,4.449,74415.925
2025-07-23 09:00:00,4.449,4.449,4.36,4.363,106701.301
2025-07-23 10:00:00,4.363,4.368,4.326,4.365,127514.543
2025-07-23 11:00:00,4.365,4.367,4.337,4.366,69179.742
2025-07-23 12:00:00,4.366,4.376,4.228,4.242,245500.45
2025-07-23 13:00:00,4.242,4.277,4.12,4.176,909196.435
2025-07-23 14:00:00,4.176,4.276,4.166,4.231,446301.909
2025-07-23 15:00:00,4.231,4.254,4.185,4.24,107350.605
2025-07-23 16:00:00,4.24,4.241,4.129,4.144,253177.559
2025-07-23 17:00:00,4.144,4.163,4.075,4.144,363611.668
2025-07-23 18:00:00,4.144,4.184,4.138,4.177,114454.805
2025-07-23 19:00:00,4.177,4.18,4.136,4.139,114325.806
2025-07-23 20:00:00,4.139,4.165,4.024,4.097,328828.687
2025-07-23 21:00:00,4.097,4.119,4.0,4.1,217240.64
2025-07-23 22:00:00,4.1,4.149,4.07,4.128,81568.213
2025-07-23 23:00:00,4.128,4.148,4.107,4.114,96396.775
2025-07-24 00:00:00,4.114,4.178,4.088,4.178,134611.758
2025-07-24 01:00:00,4.178,4.183,4.129,4.182,117594.935
2025-07-24 02:00:00,4.182,4.193,4.154,4.169,51697.039
2025-07-24 03:00:00,4.169,4.201,4.139,4.14,59627.071
2025-07-24 04:00:00,4.14,4.155,4.059,4.069,147479.388
2025-07-24 05:00:00,4.069,4.073,3.939,3.952,542670.382
2025-07-24 06:00:00,3.952,4.041,3.894,3.944,551735.526
2025-07-24 07:00:00,3.944,4.015,3.893,4.009,199633.686
2025-07-24 08:00:00,4.009,4.042,3.985,4.007,141607.491
2025-07-24 09:00:00,4.007,4.018,3.958,3.971,171815.555
2025-07-24 10:00:00,3.971,3.995,3.914,3.963,123648.384
2025-07-24 11:00:00,3.963,4.035,3.96,4.02,89258.965
2025-07-24 12:00:00,4.02,4.03,3.974,3.993,88149.083
2025-07-24 13:00:00,3.993,4.035,3.969,3.974,92314.037
2025-07-24 14:00:00,3.974,4.106,3.939,4.099,130611.66
2025-07-24 15:00:00,4.099,4.135,4.057,4.082,151963.776
2025-07-24 16:00:00,4.082,4.088,3.983,4.012,123330.981
2025-07-24 17:00:00,4.012,4.101,4.007,4.078,45922.665
2025-07-24 18:00:00,4.078,4.103,4.052,4.09,67395.446
2025-07-24 19:00:00,4.09,4.11,4.056,4.06,54288.173
2025-07-24 20:00:00,4.06,4.096,4.055,4.088,33195.205
2025-07-24 21:00:00,4.088,4.089,4.024,4.037,25178.141
2025-07-24 22:00:00,4.037,4.06,4.009,4.032,49115.196
2025-07-24 23:00:00,4.032,4.032,3.983,4.0,80194.459
2025-07-25 00:00:00,4.0,4.006,3.932,3.952,100702.241
2025-07-25 01:00:00,3.952,4.01,3.931,3.998,133269.369
2025-07-25 02:00:00,3.998,4.014,3.921,3.931,81271.717
2025-07-25 03:00:00,3.931,3.958,3.864,3.929,207479.525
2025-07-25 04:00:00,3.929,3.962,3.882,3.958,141936.447
2025-07-25 05:00:00,3.958,3.968,3.914,3.918,93286.348
2025-07-25 06:00:00,3.918,3.955,3.892,3.937,100103.758
2025-07-25 07:00:00,3.937,3.982,3.893,3.939,130990.527
2025-07-25 08:00:00,3.939,3.982,3.924,3.949,176634.679
2025-07-25 09:00:00,3.949,4.025,3.937,4.022,119796.017
2025-07-25 10:00:00,4.022,4.048,4.008,4.04,98271.305
2025-07-25 11:00:00,4.04,4.06,4.031,4.046,60787.609
2025-07-25 12:00:00,4.046,4.076,4.021,4.043,72706.258
2025-07-25 13:00:00,4.043,4.057,4.002,4.037,71040.403
2025-07-25 14:00:00,4.037,4.042,3.922,3.928,171446.853
2025-07-25 15:00:00,3.928,3.967,3.899,3.953,139313.666
2025-07-25 16:00:00,3.953,3.997,3.93,3.99,101954.455
2025-07-25 17:00:00,3.99,4.012,3.973,3.981,75290.045
2025-07-25 18:00:00,3.981,3.998,3.976,3.988,29667.439
2025-07-25 19:00:00,3.988,4.021,3.978,3.995,28266.321
2025-07-25 20:00:00,3.995,4.074,3.994,4.062,62291.707
2025-07-25 21:00:00,4.062,4.09,4.062,4.086,43002.403
2025-07-25 22:00:00,4.086,4.1,4.08,4.095,53168.762
2025-07-25 23:00:00,4.095,4.096,4.078,4.087,30643.887
2025-07-26 00:00:00,4.087,4.093,4.069,4.089,46840.638
2025-07-26 01:00:00,4.089,4.095,4.074,4.075,23539.908
2025-07-26 02:00:00,4.075,4.127,4.075,4.118,40807.329
2025-07-26 03:00:00,4.118,4.129,4.1,4.121,17494.424
2025-07-26 04:00:00,4.121,4.125,4.104,4.107,14243.732
2025-07-26 05:00:00,4.107,4.111,4.097,4.105,8103.365
2025-07-26 06:00:00,4.105,4.106,4.088,4.091,19996.03
2025-07-26 07:00:00,4.091,4.1,4.089,4.093,11144.309
2025-07-26 08:00:00,4.093,4.114,4.088,4.091,56053.795
2025-07-26 09:00:00,4.091,4.101,4.083,4.097,20528.972
2025-07-26 10:00:00,4.097,4.117,4.091,4.098,29849.295
2025-07-26 11:00:00,4.098,4.116,4.089,4.104,22088.864
2025-07-26 12:00:00,4.104,4.111,4.088,4.107,24958.17
2025-07-26 13:00:00,4.107,4.127,4.097,4.118,23121.171
2025-07-26 14:00:00,4.118,4.145,4.105,4.124,35116.294
2025-07-26 15:00:00,4.124,4.143,4.11,4.143,40822.341
2025-07-26 16:00:00,4.143,4.154,4.127,4.144,37234.701
2025-07-26 17:00:00,4.144,4.144,4.111,4.122,29372.608
2025-07-26 18:00:00,4.122,4.173,4.104,4.169,22850.287
2025-07-26 19:00:00,4.169,4.193,4.159,4.193,22288.477
2025-07-26 20:00:00,4.193,4.193,4.168,4.174,20881.29
2025-07-26 21:00:00,4.174,4.178,4.161,4.175,12717.328
2025-07-26 22:00:00,4.175,4.195,4.145,4.147,31734.16
2025-07-26 23:00:00,4.147,4.148,4.12,4.123,14082.671
2025-07-27 00:00:00,4.123,4.132,4.114,4.131,24728.339
2025-07-27 01:00:00,4.131,4.164,4.121,4.151,40073.397
2025-07-27 02:00:00,4.151,4.192,4.146,4.176,28969.045
2025-07-27 03:00:00,4.176,4.185,4.16,4.161,40606.01
2025-07-27 04:00:00,4.161,4.176,4.155,4.171,14846.746
2025-07-27 05:00:00,4.171,4.206,4.17,4.182,52466.565
2025-07-27 06:00:00,4.182,4.182,4.161,4.167,31361.721
2025-07-27 07:00:00,4.167,4.179,4.154,4.164,80885.913
2025-07-27 08:00:00,4.164,4.17,4.138,4.143,21374.327
2025-07-27 09:00:00,4.143,4.143,4.115,4.124,32449.713
2025-07-27 10:00:00,4.124,4.189,4.124,4.179,33559.042
2025-07-27 11:00:00,4.179,4.184,4.142,4.151,36289.584
2025-07-27 12:00:00,4.151,4.179,4.139,4.178,43007.733
2025-07-27 13:00:00,4.178,4.186,4.153,4.16,51593.783
2025-07-27 14:00:00,4.16,4.179,4.14,4.159,35152.171
2025-07-27 15:00:00,4.159,4.171,4.137,4.171,27451.098
2025-07-27 16:00:00,4.171,4.219,4.164,4.176,63561.192
2025-07-27 17:00:00,4.176,4.195,4.164,4.192,38118.588
2025-07-27 18:00:00,4.192,4.212,4.182,4.193,44050.254
2025-07-27 19:00:00,4.193,4.197,4.172,4.181,22726.176
2025-07-27 20:00:00,4.181,4.199,4.169,4.173,22424.392
2025-07-27 21:00:00,4.173,4.205,4.164,4.202,12289.011
2025-07-27 22:00:00,4.202,4.307,4.202,4.238,141923.132
2025-07-27 23:00:00,4.238,4.243,4.208,4.241,44440.401
2025-07-28 00:00:00,4.241,4.265,4.222,4.222,57996.966
2025-07-28 01:00:00,4.222,4.223,4.183,4.193,78597.091
2025-07-28 02:00:00,4.193,4.268,4.185,4.251,57705.131
2025-07-28 03:00:00,4.251,4.261,4.235,4.247,29673.704
2025-07-28 04:00:00,4.247,4.277,4.227,4.274,79102.703
2025-07-28 05:00:00,4.274,4.31,4.269,4.301,59563.812
2025-07-28 06:00:00,4.301,4.31,4.28,4.301,50205.983
2025-07-28 07:00:00,4.301,4.301,4.255,4.272,61838.763
2025-07-28 08:00:00,4.272,4.282,4.24,4.256,49403.541
2025-07-28 09:00:00,4.256,4.284,4.244,4.275,51951.361
2025-07-28 10:00:00,4.275,4.279,4.234,4.246,69941.936
2025-07-28 11:00:00,4.246,4.248,4.207,4.224,58272.179
2025-07-28 12:00:00,4.224,4.237,4.201,4.208,42585.163
2025-07-28 13:00:00,4.208,4.209,4.143,4.156,105300.369
2025-07-28 14:00:00,4.156,4.17,4.074,4.091,114508.072
2025-07-28 15:00:00,4.091,4.12,4.049,4.071,107038.164
2025-07-28 16:00:00,4.071,4.094,4.035,4.063,80805.691
2025-07-28 17:00:00,4.063,4.074,4.037,4.042,41498.187
2025-07-28 18:00:00,4.042,4.047,3.986,4.006,102799.257
2025-07-28 19:00:00,4.006,4.035,3.975,4.003,94477.701
2025-07-28 20:00:00,4.003,4.013,3.959,3.98,60309.7
2025-07-28 21:00:00,3.98,4.003,3.946,3.975,69319.407
2025-07-28 22:00:00,3.975,3.991,3.93,3.955,55446.236
2025-07-28 23:00:00,3.955,3.972,3.939,3.964,53724.917
2025-07-29 00:00:00,3.964,4.003,3.905,3.956,146594.291
2025-07-29 01:00:00,3.956,3.985,3.941,3.946,34784.987
2025-07-29 02:00:00,3.946,3.954,3.911,3.93,66596.016
2025-07-29 03:00:00,3.93,3.995,3.928,3.992,37624.531
2025-07-29 04:00:00,3.992,4.005,3.966,3.97,37975.225
2025-07-29 05:00:00,3.97,4.035,3.969,4.035,45509.554
2025-07-29 06:00:00,4.035,4.061,4.024,4.053,40677.684
2025-07-29 07:00:00,4.053,4.082,4.039,4.073,48976.51
2025-07-29 08:00:00,4.073,4.074,4.037,4.048,38544.486
2025-07-29 09:00:00,4.048,4.051,4.016,4.019,48273.307
2025-07-29 10:00:00,4.019,4.022,3.962,3.968,68887.107
2025-07-29 11:00:00,3.968,4.0,3.966,3.994,35369.086
2025-07-29 12:00:00,3.994,4.039,3.987,4.027,40332.823
2025-07-29 13:00:00,4.027,4.041,3.974,3.982,44176.842
2025-07-29 14:00:00,3.982,3.984,3.899,3.928,86084.636
2025-07-29 15:00:00,3.928,3.941,3.891,3.917,104352.985
2025-07-29 16:00:00,3.917,3.923,3.84,3.893,115484.799
2025-07-29 17:00:00,3.893,3.922,3.88,3.898,63721.001
2025-07-29 18:00:00,3.898,3.912,3.875,3.894,42189.296
2025-07-29 19:00:00,3.894,3.92,3.853,3.855,113691.881
2025-07-29 20:00:00,3.855,3.885,3.821,3.854,116046.652
2025-07-29 21:00:00,3.854,3.916,3.839,3.901,33300.464
2025-07-29 22:00:00,3.901,3.908,3.869,3.896,28216.955
2025-07-29 23:00:00,3.896,3.907,3.885,3.905,31948.029
2025-07-30 00:00:00,3.905,3.905,3.819,3.876,144939.088
2025-07-30 01:00:00,3.876,3.912,3.836,3.896,77470.889
2025-07-30 02:00:00,3.896,3.921,3.885,3.902,36032.553
2025-07-30 03:00:00,3.902,3.918,3.889,3.896,14709.164
2025-07-30 04:00:00,3.896,3.908,3.863,3.869,21068.482
2025-07-30 05:00:00,3.869,3.904,3.854,3.893,53761.778
2025-07-30 06:00:00,3.893,3.901,3.869,3.89,29247.386
2025-07-30 07:00:00,3.89,3.902,3.858,3.871,31621.294
2025-07-30 08:00:00,3.871,3.888,3.843,3.869,50498.956
2025-07-30 09:00:00,3.869,3.877,3.817,3.826,232015.833
2025-07-30 10:00:00,3.826,3.853,3.798,3.81,98354.676
2025-07-30 11:00:00,3.81,3.831,3.738,3.759,181092.585
2025-07-30 12:00:00,3.759,3.792,3.734,3.773,135327.856
2025-07-30 13:00:00,3.773,3.796,3.753,3.786,118959.992
2025-07-30 14:00:00,3.786,3.858,3.765,3.849,98208.593
2025-07-30 15:00:00,3.849,3.853,3.807,3.819,76459.903
2025-07-30 16:00:00,3.819,3.858,3.807,3.833,115516.446
2025-07-30 17:00:00,3.833,3.841,3.815,3.839,66506.654
2025-07-30 18:00:00,3.839,3.858,3.745,3.749,227189.673
2025-07-30 19:00:00,3.749,3.787,3.626,3.779,566958.787
2025-07-30 20:00:00,3.779,3.81,3.768,3.776,73656.113
2025-07-30 21:00:00,3.776,3.795,3.737,3.766,43622.441
2025-07-30 22:00:00,3.766,3.776,3.748,3.764,11850.623
2025-07-30 23:00:00,3.764,3.812,3.764,3.806,33188.401
2025-07-31 00:00:00,3.806,3.849,3.8,3.845,29986.407
2025-07-31 01:00:00,3.845,3.852,3.828,3.836,21094.868
2025-07-31 02:00:00,3.836,3.858,3.829,3.855,40547.53
2025-07-31 03:00:00,3.855,3.884,3.852,3.877,64577.452
2025-07-31 04:00:00,3.877,3.89,3.865,3.883,62820.739
2025-07-31 05:00:00,3.883,3.891,3.877,3.88,24667.897
2025-07-31 06:00:00,3.88,3.904,3.869,3.899,49289.893
2025-07-31 07:00:00,3.899,3.9,3.884,3.888,23575.899
2025-07-31 08:00:00,3.888,3.905,3.888,3.894,26684.032
2025-07-31 09:00:00,3.894,3.911,3.887,3.904,21390.829
2025-07-31 10:00:00,3.904,3.924,3.899,3.918,121688.901
2025-07-31 11:00:00,3.918,3.92,3.883,3.89,192814.556
2025-07-31 12:00:00,3.89,3.893,3.843,3.856,60012.111
2025-07-31 13:00:00,3.856,3.856,3.785,3.814,106941.513
2025-07-31 14:00:00,3.814,3.821,3.745,3.758,93324.752
2025-07-31 15:00:00,3.758,3.804,3.755,3.787,71579.664
2025-07-31 16:00:00,3.787,3.871,3.785,3.843,84495.689
2025-07-31 17:00:00,3.843,3.845,3.775,3.782,87075.684
2025-07-31 18:00:00,3.782,3.807,3.751,3.781,67189.558
2025-07-31 19:00:00,3.781,3.787,3.737,3.75,170534.061
2025-07-31 20:00:00,3.75,3.759,3.717,3.739,75243.364
2025-07-31 21:00:00,3.739,3.764,3.686,3.729,58411.683
2025-07-31 22:00:00,3.729,3.729,3.676,3.69,88825.405
2025-07-31 23:00:00,3.69,3.716,3.666,3.682,75408.638
2025-08-01 00:00:00,3.682,3.689,3.586,3.672,192249.2
2025-08-01 01:00:00,3.672,3.688,3.623,3.667,119964.993
2025-08-01 02:00:00,3.667,3.715,3.659,3.707,78689.869
2025-08-01 03:00:00,3.707,3.723,3.687,3.692,140111.673
2025-08-01 04:00:00,3.692,3.693,3.657,3.666,78377.311
2025-08-01 05:00:00,3.666,3.687,3.635,3.652,92591.173
2025-08-01 06:00:00,3.652,3.659,3.619,3.654,123166.974
2025-08-01 07:00:00,3.654,3.672,3.638,3.657,138709.519
2025-08-01 08:00:00,3.657,3.657,3.565,3.61,252635.919
2025-08-01 09:00:00,3.61,3.658,3.607,3.608,101470.784
2025-08-01 10:00:00,3.608,3.641,3.605,3.629,56401.049
2025-08-01 11:00:00,3.629,3.655,3.611,3.652,27848.329
2025-08-01 12:00:00,3.652,3.693,3.639,3.667,102015.602
2025-08-01 13:00:00,3.667,3.68,3.545,3.571,170690.579
2025-08-01 14:00:00,3.571,3.666,3.545,3.656,156625.345
2025-08-01 15:00:00,3.656,3.659,3.602,3.645,112894.3
2025-08-01 16:00:00,3.645,3.671,3.596,3.605,92948.946
2025-08-01 17:00:00,3.605,3.622,3.569,3.578,143582.193
2025-08-01 18:00:00,3.578,3.612,3.536,3.581,188578.628
2025-08-01 19:00:00,3.581,3.633,3.574,3.627,127765.263
2025-08-01 20:00:00,3.627,3.632,3.538,3.597,191505.043
2025-08-01 21:00:00,3.597,3.625,3.592,3.598,46542.752
2025-08-01 22:00:00,3.598,3.602,3.446,3.508,319566.177
2025-08-01 23:00:00,3.508,3.559,3.501,3.548,53256.026
2025-08-02 00:00:00,3.548,3.588,3.538,3.587,83847.997
2025-08-02 01:00:00,3.587,3.595,3.563,3.589,39484.954
2025-08-02 02:00:00,3.589,3.594,3.582,3.59,25669.81
2025-08-02 03:00:00,3.59,3.6,3.586,3.597,15980.106
2025-08-02 04:00:00,3.597,3.628,3.592,3.628,24564.721
2025-08-02 05:00:00,3.628,3.63,3.61,3.61,28012.992
2025-08-02 06:00:00,3.61,3.612,3.514,3.539,90476.489
2025-08-02 07:00:00,3.539,3.59,3.509,3.587,60246.071
2025-08-02 08:00:00,3.587,3.592,3.535,3.541,59400.115
2025-08-02 09:00:00,3.541,3.561,3.529,3.548,37749.126
2025-08-02 10:00:00,3.548,3.55,3.515,3.54,55170.739
2025-08-02 11:00:00,3.54,3.574,3.519,3.553,36508.304
2025-08-02 12:00:00,3.553,3.561,3.53,3.556,29415.139
2025-08-02 13:00:00,3.556,3.574,3.533,3.564,62693.488
2025-08-02 14:00:00,3.564,3.568,3.494,3.515,89448.209
2025-08-02 15:00:00,3.515,3.549,3.485,3.497,79074.148
2025-08-02 16:00:00,3.497,3.528,3.464,3.51,102096.404
2025-08-02 17:00:00,3.51,3.536,3.45,3.464,120478.684
2025-08-02 18:00:00,3.464,3.482,3.428,3.445,206232.855
2025-08-02 19:00:00,3.445,3.516,3.432,3.48,106955.371
2025-08-02 20:00:00,3.48,3.512,3.478,3.506,53660.068
2025-08-02 21:00:00,3.506,3.526,3.491,3.51,43514.04
2025-08-02 22:00:00,3.51,3.529,3.485,3.521,84179.438
2025-08-02 23:00:00,3.521,3.525,3.476,3.509,14699.559
2025-08-03 00:00:00,3.509,3.529,3.459,3.526,31612.012
2025-08-03 01:00:00,3.526,3.535,3.514,3.528,12294.71
2025-08-03 02:00:00,3.528,3.557,3.528,3.556,17229.644
2025-08-03 03:00:00,3.556,3.556,3.541,3.541,39012.067
2025-08-03 04:00:00,3.541,3.547,3.529,3.545,30063.469
2025-08-03 05:00:00,3.545,3.559,3.544,3.555,37070.859
2025-08-03 06:00:00,3.555,3.573,3.544,3.573,44579.489
2025-08-03 07:00:00,3.573,3.581,3.567,3.577,25237.23
2025-08-03 08:00:00,3.577,3.584,3.572,3.583,17709.336
2025-08-03 09:00:00,3.583,3.587,3.572,3.583,24375.183
2025-08-03 10:00:00,3.583,3.596,3.583,3.594,64903.776
2025-08-03 11:00:00,3.594,3.616,3.593,3.606,60709.468
2025-08-03 12:00:00,3.606,3.616,3.589,3.609,22662.007
2025-08-03 13:00:00,3.609,3.615,3.587,3.597,24898.391
2025-08-03 14:00:00,3.597,3.602,3.568,3.584,46951.625
2025-08-03 15:00:00,3.584,3.597,3.573,3.588,31400.388
2025-08-03 16:00:00,3.588,3.6,3.572,3.599,32890.688
2025-08-03 17:00:00,3.599,3.604,3.582,3.596,16325.72
2025-08-03 18:00:00,3.596,3.602,3.587,3.601,22334.062
2025-08-03 19:00:00,3.601,3.616,3.592,3.599,44551.687
2025-08-03 20:00:00,3.599,3.608,3.589,3.604,12048.564
2025-08-03 21:00:00,3.604,3.621,3.601,3.617,28657.496
2025-08-03 22:00:00,3.617,3.626,3.594,3.609,19959.463
2025-08-03 23:00:00,3.609,3.626,3.602,3.603,26745.48
2025-08-04 00:00:00,3.603,3.662,3.598,3.661,55056.46
2025-08-04 01:00:00,3.661,3.667,3.622,3.625,33485.381
2025-08-04 02:00:00,3.625,3.647,3.612,3.645,22119.681
2025-08-04 03:00:00,3.645,3.646,3.621,3.624,28188.793
2025-08-04 04:00:00,3.624,3.632,3.607,3.612,19948.263
2025-08-04 05:00:00,3.612,3.628,3.607,3.625,37973.734
2025-08-04 06:00:00,3.625,3.641,3.609,3.637,35351.985
2025-08-04 07:00:00,3.637,3.653,3.634,3.637,59578.649
2025-08-04 08:00:00,3.637,3.646,3.618,3.623,96624.229
2025-08-04 09:00:00,3.623,3.639,3.621,3.626,37178.482
2025-08-04 10:00:00,3.626,3.642,3.621,3.628,35651.493
2025-08-04 11:00:00,3.628,3.63,3.612,3.621,29802.326
2025-08-04 12:00:00,3.621,3.637,3.615,3.637,54714.773
2025-08-04 13:00:00,3.637,3.683,3.629,3.682,108233.462
2025-08-04 14:00:00,3.682,3.711,3.672,3.681,126192.289
2025-08-04 15:00:00,3.681,3.703,3.676,3.695,161729.026
2025-08-04 16:00:00,3.695,3.732,3.691,3.732,67551.944
2025-08-04 17:00:00,3.732,3.757,3.72,3.723,94014.687
2025-08-04 18:00:00,3.723,3.725,3.688,3.696,84379.418
2025-08-04 19:00:00,3.696,3.696,3.67,3.681,42943.354
2025-08-04 20:00:00,3.681,3.7,3.674,3.696,56162.973
2025-08-04 21:00:00,3.696,3.73,3.694,3.718,55692.596
2025-08-04 22:00:00,3.718,3.734,3.718,3.734,39022.155
2025-08-04 23:00:00,3.734,3.734,3.715,3.72,49067.804
2025-08-05 00:00:00,3.72,3.725,3.708,3.712,31171.259
2025-08-05 01:00:00,3.712,3.721,3.691,3.696,45976.125
2025-08-05 02:00:00,3.696,3.708,3.688,3.698,21050.77
2025-08-05 03:00:00,3.698,3.698,3.661,3.662,24293.449
2025-08-05 04:00:00,3.662,3.675,3.649,3.656,46124.408
2025-08-05 05:00:00,3.656,3.674,3.652,3.672,26041.109
2025-08-05 06:00:00,3.672,3.678,3.636,3.644,38663.462
2025-08-05 07:00:00,3.644,3.645,3.587,3.597,111886.325
2025-08-05 08:00:00,3.597,3.625,3.593,3.625,37151.612
2025-08-05 09:00:00,3.625,3.663,3.625,3.657,45263.007
2025-08-05 10:00:00,3.657,3.691,3.649,3.681,49757.273
2025-08-05 11:00:00,3.681,3.705,3.676,3.702,112445.977
2025-08-05 12:00:00,3.702,3.707,3.633,3.655,143878.984
2025-08-05 13:00:00,3.655,3.678,3.649,3.673,83071.757
2025-08-05 14:00:00,3.673,3.678,3.591,3.608,268504.03
2025-08-05 15:00:00,3.608,3.624,3.561,3.579,116921.182
2025-08-05 16:00:00,3.579,3.614,3.571,3.588,53157.301
2025-08-05 17:00:00,3.588,3.619,3.584,3.614,47169.572
2025-08-05 18:00:00,3.614,3.618,3.576,3.596,40183.486
2025-08-05 19:00:00,3.596,3.608,3.572,3.584,45786.665
2025-08-05 20:00:00,3.584,3.613,3.584,3.588,40024.061
2025-08-05 21:00:00,3.588,3.602,3.564,3.568,34931.68
2025-08-05 22:00:00,3.568,3.596,3.538,3.594,69009.632
2025-08-05 23:00:00,3.594,3.625,3.592,3.62,50992.508
2025-08-06 00:00:00,3.62,3.62,3.584,3.588,42687.325
2025-08-06 01:00:00,3.588,3.602,3.574,3.602,53380.971
2025-08-06 02:00:00,3.602,3.602,3.574,3.587,36091.348
2025-08-06 03:00:00,3.587,3.588,3.56,3.572,94675.267
2025-08-06 04:00:00,3.572,3.573,3.553,3.564,86816.923
2025-08-06 05:00:00,3.564,3.646,3.556,3.619,120633.01
2025-08-06 06:00:00,3.619,3.629,3.598,3.624,36527.626
2025-08-06 07:00:00,3.624,3.648,3.619,3.634,45033.43
2025-08-06 08:00:00,3.634,3.643,3.597,3.611,57367.04
2025-08-06 09:00:00,3.611,3.638,3.603,3.617,53950.781
2025-08-06 10:00:00,3.617,3.622,3.595,3.598,38553.396
2025-08-06 11:00:00,3.598,3.63,3.598,3.608,44481.963
2025-08-06 12:00:00,3.608,3.617,3.574,3.583,70330.166
2025-08-06 13:00:00,3.583,3.614,3.577,3.604,91822.749
2025-08-06 14:00:00,3.604,3.653,3.591,3.651,89846.811
2025-08-06 15:00:00,3.651,3.682,3.638,3.679,123178.451
2025-08-06 16:00:00,3.679,3.689,3.65,3.655,95474.143
2025-08-06 17:00:00,3.655,3.68,3.644,3.68,48311.427
2025-08-06 18:00:00,3.68,3.697,3.671,3.673,31148.765
2025-08-06 19:00:00,3.673,3.681,3.664,3.674,18877.297
2025-08-06 20:00:00,3.674,3.676,3.66,3.668,13008.725
2025-08-06 21:00:00,3.668,3.679,3.666,3.678,12464.781
2025-08-06 22:00:00,3.678,3.686,3.677,3.683,13221.998
2025-08-06 23:00:00,3.683,3.684,3.672,3.675,16278.338
2025-08-07 00:00:00,3.675,3.683,3.663,3.672,18695.608
2025-08-07 01:00:00,3.672,3.697,3.661,3.664,18871.66
2025-08-07 02:00:00,3.664,3.671,3.65,3.654,23418.537
2025-08-07 03:00:00,3.654,3.658,3.646,3.648,9113.97
2025-08-07 04:00:00,3.648,3.669,3.646,3.655,8661.443
2025-08-07 05:00:00,3.655,3.673,3.648,3.672,43755.974
2025-08-07 06:00:00,3.672,3.69,3.669,3.678,40422.455
2025-08-07 07:00:00,3.678,3.693,3.678,3.685,48986.49
2025-08-07 08:00:00,3.685,3.701,3.679,3.682,31266.897
2025-08-07 09:00:00,3.682,3.69,3.673,3.682,29842.897
2025-08-07 10:00:00,3.682,3.769,3.681,3.761,214258.73
2025-08-07 11:00:00,3.761,3.79,3.761,3.788,92547.805
2025-08-07 12:00:00,3.788,3.8,3.769,3.792,52374.186
2025-08-07 13:00:00,3.792,3.806,3.777,3.786,300907.236
2025-08-07 14:00:00,3.786,3.788,3.75,3.758,73727.02
2025-08-07 15:00:00,3.758,3.775,3.743,3.767,82594.91
2025-08-07 16:00:00,3.767,3.771,3.693,3.738,140980.949
2025-08-07 17:00:00,3.738,3.744,3.725,3.737,57533.927
2025-08-07 18:00:00,3.737,3.742,3.723,3.74,28457.209
2025-08-07 19:00:00,3.74,3.788,3.734,3.786,53778.534
2025-08-07 20:00:00,3.786,3.816,3.786,3.81,51318.645
2025-08-07 21:00:00,3.81,3.832,3.8,3.814,105207.124
2025-08-07 22:00:00,3.814,3.876,3.812,3.865,131453.867
2025-08-07 23:00:00,3.865,3.867,3.846,3.867,44640.271
2025-08-08 00:00:00,3.867,3.93,3.81,3.873,445663.565
2025-08-08 01:00:00,3.873,3.891,3.814,3.864,628314.069
2025-08-08 02:00:00,3.864,3.879,3.847,3.863,64178.241
2025-08-08 03:00:00,3.863,3.91,3.857,3.878,84762.582
2025-08-08 04:00:00,3.878,3.884,3.861,3.866,37558.125
2025-08-08 05:00:00,3.866,3.874,3.844,3.845,39805.119
2025-08-08 06:00:00,3.845,3.907,3.841,3.905,101185.408
2025-08-08 07:00:00,3.905,3.95,3.883,3.921,162931.179
2025-08-08 08:00:00,3.921,3.944,3.89,3.904,97856.883
2025-08-08 09:00:00,3.904,3.921,3.888,3.917,55602.919
2025-08-08 10:00:00,3.917,3.93,3.899,3.915,69757.903
2025-08-08 11:00:00,3.915,3.932,3.911,3.916,45651.453
2025-08-08 12:00:00,3.916,3.917,3.871,3.873,59285.612
2025-08-08 13:00:00,3.873,3.952,3.873,3.952,75690.643
2025-08-08 14:00:00,3.952,3.965,3.898,3.916,189598.36
2025-08-08 15:00:00,3.916,3.923,3.859,3.884,100602.648
2025-08-08 16:00:00,3.884,3.913,3.881,3.907,63013.584
2025-08-08 17:00:00,3.907,3.977,3.907,3.976,127120.785
2025-08-08 18:00:00,3.976,3.988,3.954,3.963,143513.207
2025-08-08 19:00:00,3.963,3.989,3.955,3.989,72683.186
2025-08-08 20:00:00,3.989,3.994,3.964,3.974,35763.744
2025-08-08 21:00:00,3.974,3.983,3.959,3.976,18014.496
2025-08-08 22:00:00,3.976,3.997,3.969,3.991,27194.095
2025-08-08 23:00:00,3.991,3.998,3.973,3.978,20721.408
2025-08-09 00:00:00,3.978,3.991,3.972,3.987,22523.863
2025-08-09 01:00:00,3.987,4.012,3.98,4.009,32589.245
2025-08-09 02:00:00,4.009,4.024,3.997,4.005,29636.997
2025-08-09 03:00:00,4.005,4.014,3.993,4.001,25231.195
2025-08-09 04:00:00,4.001,4.03,3.99,4.022,33081.777
2025-08-09 05:00:00,4.022,4.092,4.016,4.074,159275.04
2025-08-09 06:00:00,4.074,4.079,4.043,4.051,77247.119
2025-08-09 07:00:00,4.051,4.076,4.045,4.074,31490.796
2025-08-09 08:00:00,4.074,4.099,4.07,4.072,116072.308
2025-08-09 09:00:00,4.072,4.1,4.071,4.09,112836.878
2025-08-09 10:00:00,4.09,4.111,4.086,4.09,102121.545
2025-08-09 11:00:00,4.09,4.105,4.082,4.101,52539.099
2025-08-09 12:00:00,4.101,4.142,4.092,4.137,138468.204
2025-08-09 13:00:00,4.137,4.137,4.08,4.083,71759.326
2025-08-09 14:00:00,4.083,4.094,4.053,4.091,72647.44
2025-08-09 15:00:00,4.091,4.103,4.06,4.076,42099.713
2025-08-09 16:00:00,4.076,4.113,4.076,4.095,67804.09
2025-08-09 17:00:00,4.095,4.127,4.088,4.117,46774.512
2025-08-09 18:00:00,4.117,4.127,4.107,4.125,27951.889
2025-08-09 19:00:00,4.125,4.141,4.121,4.13,32142.362
2025-08-09 20:00:00,4.13,4.165,4.115,4.156,101417.015
2025-08-09 21:00:00,4.156,4.158,4.111,4.129,38160.862
2025-08-09 22:00:00,4.129,4.166,4.116,4.124,61688.032
2025-08-09 23:00:00,4.124,4.147,4.111,4.139,30040.308
2025-08-10 00:00:00,4.139,4.182,4.135,4.167,66614.334
2025-08-10 01:00:00,4.167,4.181,4.137,4.142,52592.35
2025-08-10 02:00:00,4.142,4.148,4.105,4.106,58831.126
2025-08-10 03:00:00,4.106,4.146,4.084,4.137,121038.771
2025-08-10 04:00:00,4.137,4.17,4.12,4.156,40962.06
2025-08-10 05:00:00,4.156,4.158,4.101,4.101,80682.21
2025-08-10 06:00:00,4.101,4.104,4.055,4.079,247319.739
2025-08-10 07:00:00,4.079,4.09,4.006,4.011,108565.334
2025-08-10 08:00:00,4.011,4.043,3.966,4.038,79482.679
2025-08-10 09:00:00,4.038,4.057,4.031,4.034,28163.243
2025-08-10 10:00:00,4.034,4.041,3.985,3.999,52871.163
2025-08-10 11:00:00,3.999,4.022,3.992,3.992,65592.997
2025-08-10 12:00:00,3.992,4.018,3.984,4.016,28983.154
2025-08-10 13:00:00,4.016,4.031,3.982,3.986,32162.778
2025-08-10 14:00:00,3.986,4.061,3.976,4.046,51651.908
2025-08-10 15:00:00,4.046,4.083,4.034,4.057,48343.246
2025-08-10 16:00:00,4.057,4.074,4.048,4.059,61703.27
2025-08-10 17:00:00,4.059,4.064,4.035,4.056,34349.024
2025-08-10 18:00:00,4.056,4.091,4.055,4.086,164141.162
2025-08-10 19:00:00,4.086,4.092,4.07,4.074,37376.859
2025-08-10 20:00:00,4.074,4.082,4.046,4.047,106097.715
2025-08-10 21:00:00,4.047,4.048,4.013,4.042,48788.893
2025-08-10 22:00:00,4.042,4.051,4.025,4.051,33567.966
2025-08-10 23:00:00,4.051,4.071,4.033,4.048,54343.188
2025-08-11 00:00:00,4.048,4.076,4.033,4.042,56315.005
2025-08-11 01:00:00,4.042,4.114,4.037,4.089,89759.827
2025-08-11 02:00:00,4.089,4.158,4.088,4.151,112890.275
2025-08-11 03:00:00,4.151,4.151,4.114,4.13,68350.488
2025-08-11 04:00:00,4.13,4.159,4.128,4.128,57609.449
2025-08-11 05:00:00,4.128,4.138,4.121,4.129,66169.893
2025-08-11 06:00:00,4.129,4.138,4.108,4.118,33043.22
2025-08-11 07:00:00,4.118,4.12,4.04,4.049,50211.54
2025-08-11 08:00:00,4.049,4.073,4.027,4.057,63144.988
2025-08-11 09:00:00,4.057,4.072,4.037,4.045,43053.721
2025-08-11 10:00:00,4.045,4.048,4.009,4.017,57488.746
2025-08-11 11:00:00,4.017,4.017,3.912,3.932,148920.643
2025-08-11 12:00:00,3.932,3.942,3.9,3.919,161932.759
2025-08-11 13:00:00,3.919,3.958,3.884,3.943,144036.509
2025-08-11 14:00:00,3.943,3.986,3.93,3.942,85740.85
2025-08-11 15:00:00,3.942,3.966,3.92,3.965,85069.472
2025-08-11 16:00:00,3.965,4.021,3.946,3.959,136217.795
2025-08-11 17:00:00,3.959,3.973,3.926,3.94,55441.434
2025-08-11 18:00:00,3.94,3.948,3.908,3.94,105355.704
2025-08-11 19:00:00,3.94,3.942,3.88,3.908,102635.903
2025-08-11 20:00:00,3.908,3.915,3.887,3.906,92850.17
2025-08-11 21:00:00,3.906,3.924,3.832,3.864,70871.289
2025-08-11 22:00:00,3.864,3.866,3.819,3.856,67715.453
2025-08-11 23:00:00,3.856,3.87,3.849,3.855,29318.427
2025-08-12 00:00:00,3.855,3.901,3.846,3.892,47618.053
2025-08-12 01:00:00,3.892,3.904,3.879,3.9,17769.226
2025-08-12 02:00:00,3.9,3.934,3.895,3.919,26924.923
2025-08-12 03:00:00,3.919,3.919,3.891,3.898,16923.303
2025-08-12 04:00:00,3.898,3.924,3.893,3.923,15341.961
2025-08-12 05:00:00,3.923,3.923,3.861,3.881,43338.915
2025-08-12 06:00:00,3.881,3.904,3.852,3.89,158950.292
2025-08-12 07:00:00,3.89,3.936,3.89,3.921,136225.982
2025-08-12 08:00:00,3.921,3.924,3.884,3.886,54982.004
2025-08-12 09:00:00,3.886,3.892,3.864,3.867,49233.09
2025-08-12 10:00:00,3.867,3.886,3.858,3.864,24163.545
2025-08-12 11:00:00,3.864,3.891,3.837,3.885,58320.659
2025-08-12 12:00:00,3.885,4.002,3.871,3.986,305304.714
2025-08-12 13:00:00,3.986,4.007,3.935,3.956,163057.22
2025-08-12 14:00:00,3.956,4.028,3.949,4.021,110132.995
2025-08-12 15:00:00,4.021,4.096,4.018,4.096,114451.231
2025-08-12 16:00:00,4.096,4.194,4.073,4.187,182758.45
2025-08-12 17:00:00,4.187,4.232,4.16,4.167,204804.117
2025-08-12 18:00:00,4.167,4.212,4.141,4.156,223694.268
2025-08-12 19:00:00,4.156,4.181,4.145,4.174,136403.559
2025-08-12 20:00:00,4.174,4.21,4.166,4.194,105877.93
2025-08-12 21:00:00,4.194,4.197,4.157,4.166,66813.681
2025-08-12 22:00:00,4.166,4.173,4.142,4.153,35222.148
2025-08-12 23:00:00,4.153,4.162,4.128,4.157,63794.129
2025-08-13 00:00:00,4.157,4.191,4.157,4.174,78612.233
2025-08-13 01:00:00,4.174,4.175,4.109,4.121,81286.95
2025-08-13 02:00:00,4.121,4.176,4.097,4.17,46556.403
2025-08-13 03:00:00,4.17,4.199,4.153,4.189,91269.175
2025-08-13 04:00:00,4.189,4.225,4.179,4.202,119924.613
2025-08-13 05:00:00,4.202,4.202,4.149,4.15,53382.881
2025-08-13 06:00:00,4.15,4.178,4.134,4.165,76413.698
2025-08-13 07:00:00,4.165,4.202,4.164,4.201,132442.008
2025-08-13 08:00:00,4.201,4.242,4.198,4.215,177474.796
2025-08-13 09:00:00,4.215,4.262,4.213,4.258,202254.321
2025-08-13 10:00:00,4.258,4.291,4.255,4.285,375534.875
2025-08-13 11:00:00,4.285,4.294,4.252,4.262,312433.174
2025-08-13 12:00:00,4.262,4.278,4.233,4.234,124169.756
2025-08-13 13:00:00,4.234,4.319,4.229,4.266,203992.398
2025-08-13 14:00:00,4.266,4.285,4.2,4.226,192167.476
2025-08-13 15:00:00,4.226,4.242,4.185,4.22,229774.237
2025-08-13 16:00:00,4.22,4.258,4.206,4.217,145650.592
2025-08-13 17:00:00,4.217,4.249,4.214,4.231,83127.909
2025-08-13 18:00:00,4.231,4.243,4.178,4.207,250182.924
2025-08-13 19:00:00,4.207,4.251,4.197,4.251,81166.644
2025-08-13 20:00:00,4.251,4.255,4.222,4.242,39582.177
2025-08-13 21:00:00,4.242,4.272,4.227,4.244,79787.754
2025-08-13 22:00:00,4.244,4.313,4.237,4.288,91395.802
2025-08-13 23:00:00,4.288,4.318,4.272,4.277,111800.164
2025-08-14 00:00:00,4.277,4.322,4.271,4.282,100023.092
2025-08-14 01:00:00,4.282,4.329,4.246,4.317,101139.842
2025-08-14 02:00:00,4.317,4.368,4.291,4.365,145511.962
2025-08-14 03:00:00,4.365,4.368,4.331,4.334,110875.956
2025-08-14 04:00:00,4.334,4.349,4.3,4.301,72603.201
2025-08-14 05:00:00,4.301,4.319,4.247,4.271,153376.072
2025-08-14 06:00:00,4.271,4.296,4.217,4.294,178637.806
2025-08-14 07:00:00,4.294,4.296,4.238,4.255,66659.586
2025-08-14 08:00:00,4.255,4.256,4.184,4.196,89701.683
2025-08-14 09:00:00,4.196,4.245,4.179,4.238,54872.81
2025-08-14 10:00:00,4.238,4.238,4.167,4.2,110166.173
2025-08-14 11:00:00,4.2,4.213,4.182,4.196,70677.847
2025-08-14 12:00:00,4.196,4.226,3.911,4.007,1702655.235
2025-08-14 13:00:00,4.007,4.074,3.927,4.045,518369.903
2025-08-14 14:00:00,4.045,4.085,4.022,4.057,209636.134
2025-08-14 15:00:00,4.057,4.077,4.01,4.028,260685.626
2025-08-14 16:00:00,4.028,4.028,3.946,3.975,212217.562
2025-08-14 17:00:00,3.975,4.004,3.941,3.993,198421.339
2025-08-14 18:00:00,3.993,4.008,3.939,3.996,110135.231
2025-08-14 19:00:00,3.996,4.028,3.992,3.995,57576.054
2025-08-14 20:00:00,3.995,4.002,3.965,3.986,91876.954
2025-08-14 21:00:00,3.986,3.99,3.9,3.95,140119.115
2025-08-14 22:00:00,3.95,3.978,3.924,3.974,55226.358
2025-08-14 23:00:00,3.974,3.997,3.972,3.986,75608.367
2025-08-15 00:00:00,3.986,4.006,3.966,3.98,58766.365
2025-08-15 01:00:00,3.98,4.008,3.968,3.999,39733.647
2025-08-15 02:00:00,3.999,4.016,3.987,4.002,37071.423
2025-08-15 03:00:00,4.002,4.051,3.994,4.036,44300.134
2025-08-15 04:00:00,4.036,4.048,4.008,4.011,68618.902
2025-08-15 05:00:00,4.011,4.038,3.997,4.038,29596.197
2025-08-15 06:00:00,4.038,4.104,4.037,4.074,70618.78
2025-08-15 07:00:00,4.074,4.074,4.018,4.03,262730.624
2025-08-15 08:00:00,4.03,4.041,4.016,4.018,53324.12
2025-08-15 09:00:00,4.018,4.028,3.976,3.991,92562.129
2025-08-15 10:00:00,3.991,4.021,3.986,3.99,109075.82
2025-08-15 11:00:00,3.99,4.003,3.979,3.989,43386.391
2025-08-15 12:00:00,3.989,4.037,3.956,3.988,197670.851
2025-08-15 13:00:00,3.988,4.001,3.939,3.958,153097.596
2025-08-15 14:00:00,3.958,3.981,3.907,3.924,216867.399
2025-08-15 15:00:00,3.924,3.928,3.832,3.86,285005.955
2025-08-15 16:00:00,3.86,3.895,3.819,3.885,227544.401
2025-08-15 17:00:00,3.885,3.911,3.85,3.879,111147.423
2025-08-15 18:00:00,3.879,3.884,3.839,3.848,90232.651
2025-08-15 19:00:00,3.848,3.872,3.83,3.832,63460.046
2025-08-15 20:00:00,3.832,3.877,3.821,3.877,64673.651
2025-08-15 21:00:00,3.877,3.889,3.862,3.884,36871.487
2025-08-15 22:00:00,3.884,3.935,3.875,3.933,26007.012
2025-08-15 23:00:00,3.933,3.938,3.876,3.896,26421.524
2025-08-16 00:00:00,3.896,3.954,3.889,3.945,39127.33
2025-08-16 01:00:00,3.945,3.948,3.929,3.937,17688.909
2025-08-16 02:00:00,3.937,3.937,3.914,3.92,19386.93
2025-08-16 03:00:00,3.92,3.935,3.906,3.908,21927.889
2025-08-16 04:00:00,3.908,3.937,3.906,3.93,20130.018
2025-08-16 05:00:00,3.93,3.931,3.898,3.904,30442.565
2025-08-16 06:00:00,3.904,3.911,3.891,3.902,31664.051
2025-08-16 07:00:00,3.902,3.94,3.9,3.935,18669.821
2025-08-16 08:00:00,3.935,3.953,3.934,3.941,22317.293
2025-08-16 09:00:00,3.941,3.966,3.906,3.907,27703.591
2025-08-16 10:00:00,3.907,3.93,3.896,3.912,38085.003
2025-08-16 11:00:00,3.912,3.938,3.896,3.899,32143.276
2025-08-16 12:00:00,3.899,3.94,3.893,3.937,47702.029
2025-08-16 13:00:00,3.937,3.957,3.918,3.918,24926.074
2025-08-16 14:00:00,3.918,3.961,3.914,3.958,33084.726
2025-08-16 15:00:00,3.958,3.997,3.957,3.981,80918.767
2025-08-16 16:00:00,3.981,3.99,3.957,3.964,30530.321
2025-08-16 17:00:00,3.964,3.965,3.937,3.945,21764.727
2025-08-16 18:00:00,3.945,3.964,3.938,3.946,20184.95
2025-08-16 19:00:00,3.946,3.966,3.945,3.948,10783.976
2025-08-16 20:00:00,3.948,3.97,3.944,3.961,13339.56
2025-08-16 21:00:00,3.961,3.962,3.946,3.948,32118.213
2025-08-16 22:00:00,3.948,3.983,3.942,3.978,13949.59
2025-08-16 23:00:00,3.978,3.979,3.955,3.965,9134.095
2025-08-17 00:00:00,3.965,3.965,3.941,3.942,13171.35
2025-08-17 01:00:00,3.942,3.949,3.927,3.943,18814.775
2025-08-17 02:00:00,3.943,3.969,3.93,3.968,9461.855
2025-08-17 03:00:00,3.968,3.989,3.957,3.981,17452.362
2025-08-17 04:00:00,3.981,4.025,3.98,4.024,29707.466
2025-08-17 05:00:00,4.024,4.038,4.014,4.016,43209.748
2025-08-17 06:00:00,4.016,4.028,3.997,3.999,22702.013
2025-08-17 07:00:00,3.999,4.027,3.998,4.023,26963.838
2025-08-17 08:00:00,4.023,4.059,4.02,4.059,41912.368
2025-08-17 09:00:00,4.059,4.067,4.038,4.066,51980.002
2025-08-17 10:00:00,4.066,4.082,4.05,4.079,41399.761
2025-08-17 11:00:00,4.079,4.096,4.063,4.09,68187.724
2025-08-17 12:00:00,4.09,4.09,4.053,4.057,77961.363
2025-08-17 13:00:00,4.057,4.082,4.05,4.067,71967.507
2025-08-17 14:00:00,4.067,4.107,4.061,4.098,31215.662
2025-08-17 15:00:00,4.098,4.22,4.094,4.172,381640.875
2025-08-17 16:00:00,4.172,4.194,4.117,4.135,122732.162
2025-08-17 17:00:00,4.135,4.145,4.11,4.11,49885.213
2025-08-17 18:00:00,4.11,4.128,4.045,4.084,99783.941
2025-08-17 19:00:00,4.084,4.094,4.056,4.062,275733.677
2025-08-17 20:00:00,4.062,4.091,4.058,4.071,52088.138
2025-08-17 21:00:00,4.071,4.08,4.059,4.063,63231.276
2025-08-17 22:00:00,4.063,4.103,4.06,4.088,33380.61
2025-08-17 23:00:00,4.088,4.09,4.051,4.052,100152.128
2025-08-18 00:00:00,4.052,4.061,4.023,4.045,62125.108
2025-08-18 01:00:00,4.045,4.049,3.969,3.978,180322.784
2025-08-18 02:00:00,3.978,3.983,3.884,3.891,209039.028
2025-08-18 03:00:00,3.891,3.91,3.85,3.898,143936.589
2025-08-18 04:00:00,3.898,3.928,3.875,3.921,115831.54
2025-08-18 05:00:00,3.921,3.931,3.869,3.912,46847.069
2025-08-18 06:00:00,3.912,3.912,3.836,3.865,83284.596
2025-08-18 07:00:00,3.865,3.885,3.86,3.866,24851.492
2025-08-18 08:00:00,3.866,3.88,3.846,3.849,110487.189
2025-08-18 09:00:00,3.849,3.893,3.833,3.884,108049.303
2025-08-18 10:00:00,3.884,3.911,3.875,3.903,103384.574
2025-08-18 11:00:00,3.903,3.927,3.894,3.919,66247.274
2025-08-18 12:00:00,3.919,3.969,3.911,3.969,106410.274
2025-08-18 13:00:00,3.969,3.98,3.892,3.893,116774.993
2025-08-18 14:00:00,3.893,3.92,3.867,3.914,111975.924
2025-08-18 15:00:00,3.914,3.921,3.875,3.919,53657.046
2025-08-18 16:00:00,3.919,3.934,3.877,3.886,111064.203
2025-08-18 17:00:00,3.886,3.954,3.881,3.913,47787.381
2025-08-18 18:00:00,3.913,3.945,3.898,3.943,31769.631
2025-08-18 19:00:00,3.943,3.957,3.924,3.93,54782.716
2025-08-18 20:00:00,3.93,3.938,3.899,3.918,66380.806
2025-08-18 21:00:00,3.918,3.952,3.913,3.941,34570.237
2025-08-18 22:00:00,3.941,3.974,3.937,3.938,18660.77
2025-08-18 23:00:00,3.938,3.944,3.907,3.913,25915.752
2025-08-19 00:00:00,3.913,3.944,3.863,3.944,103709.38
2025-08-19 01:00:00,3.944,3.96,3.893,3.903,62789.49
2025-08-19 02:00:00,3.903,3.913,3.885,3.889,43877.698
2025-08-19 03:00:00,3.889,3.893,3.813,3.824,178594.403
2025-08-19 04:00:00,3.824,3.841,3.786,3.841,165158.665
2025-08-19 05:00:00,3.841,3.852,3.816,3.833,56225.776
2025-08-19 06:00:00,3.833,3.848,3.82,3.834,32824.458
2025-08-19 07:00:00,3.834,3.838,3.807,3.837,72456.286
2025-08-19 08:00:00,3.837,3.856,3.809,3.843,203415.453
2025-08-19 09:00:00,3.843,3.882,3.84,3.86,193270.729
2025-08-19 10:00:00,3.86,3.898,3.855,3.885,120402.456
2025-08-19 11:00:00,3.885,3.895,3.869,3.887,121936.135
2025-08-19 12:00:00,3.887,3.887,3.856,3.874,410595.959
2025-08-19 13:00:00,3.874,3.907,3.832,3.859,556389.61
2025-08-19 14:00:00,3.859,3.872,3.785,3.804,278271.596
2025-08-19 15:00:00,3.804,3.826,3.771,3.773,146422.43
2025-08-19 16:00:00,3.773,3.793,3.763,3.78,116441.877
2025-08-19 17:00:00,3.78,3.804,3.751,3.803,95645.799
2025-08-19 18:00:00,3.803,3.805,3.744,3.756,62863.112
2025-08-19 19:00:00,3.756,3.778,3.72,3.74,107976.252
2025-08-19 20:00:00,3.74,3.776,3.724,3.776,45158.149
2025-08-19 21:00:00,3.776,3.784,3.763,3.784,21375.717
2025-08-19 22:00:00,3.784,3.784,3.753,3.758,41757.734
2025-08-19 23:00:00,3.758,3.758,3.712,3.72,57353.883
2025-08-20 00:00:00,3.72,3.752,3.718,3.741,35167.001
2025-08-20 01:00:00,3.741,3.754,3.696,3.748,83616.505
2025-08-20 02:00:00,3.748,3.763,3.735,3.74,136733.639
2025-08-20 03:00:00,3.74,3.777,3.732,3.753,78367.631
2025-08-20 04:00:00,3.753,3.787,3.753,3.78,90401.315
2025-08-20 05:00:00,3.78,3.786,3.762,3.786,32197.501
2025-08-20 06:00:00,3.786,3.786,3.752,3.77,40249.588
2025-08-20 07:00:00,3.77,3.788,3.767,3.77,41838.107
2025-08-20 08:00:00,3.77,3.818,3.765,3.815,53725.357
2025-08-20 09:00:00,3.815,3.817,3.796,3.809,78070.077
2025-08-20 10:00:00,3.809,3.814,3.791,3.794,67282.482
2025-08-20 11:00:00,3.794,3.796,3.734,3.777,58317.247
2025-08-20 12:00:00,3.777,3.81,3.775,3.796,57838.546
2025-08-20 13:00:00,3.796,3.799,3.723,3.734,107814.454
2025-08-20 14:00:00,3.734,3.817,3.71,3.789,113785.648
2025-08-20 15:00:00,3.789,3.866,3.784,3.821,196146.944
2025-08-20 16:00:00,3.821,3.878,3.821,3.851,90366.675
2025-08-20 17:00:00,3.851,3.892,3.844,3.879,125643.743
2025-08-20 18:00:00,3.879,3.88,3.818,3.849,134986.133
2025-08-20 19:00:00,3.849,3.904,3.846,3.901,48838.985
2025-08-20 20:00:00,3.901,3.905,3.886,3.895,53909.807
2025-08-20 21:00:00,3.895,3.905,3.877,3.891,58696.978
2025-08-20 22:00:00,3.891,3.905,3.886,3.9,39081.572
2025-08-20 23:00:00,3.9,3.9,3.879,3.885,15543.977
2025-08-21 00:00:00,3.885,3.89,3.866,3.885,27751.121
2025-08-21 01:00:00,3.885,3.912,3.871,3.911,32225.826
2025-08-21 02:00:00,3.911,3.92,3.857,3.877,43977.493
2025-08-21 03:00:00,3.877,3.923,3.877,3.881,52529.751
2025-08-21 04:00:00,3.881,3.897,3.869,3.884,19447.204
2025-08-21 05:00:00,3.884,3.899,3.868,3.899,34256.306
2025-08-21 06:00:00,3.899,3.899,3.865,3.871,23567.998
2025-08-21 07:00:00,3.871,3.876,3.842,3.871,35065.565
2025-08-21 08:00:00,3.871,3.874,3.844,3.844,61897.572
2025-08-21 09:00:00,3.844,3.851,3.822,3.832,88926.499
2025-08-21 10:00:00,3.832,3.843,3.823,3.835,24067.665
2025-08-21 11:00:00,3.835,3.851,3.82,3.83,26239.36
2025-08-21 12:00:00,3.83,3.847,3.801,3.816,57308.663
2025-08-21 13:00:00,3.816,3.864,3.808,3.833,56948.506
2025-08-21 14:00:00,3.833,3.873,3.808,3.826,49132.757
2025-08-21 15:00:00,3.826,3.832,3.785,3.795,67110.184
2025-08-21 16:00:00,3.795,3.821,3.781,3.787,41165.047
2025-08-21 17:00:00,3.787,3.81,3.774,3.808,56875.312
2025-08-21 18:00:00,3.808,3.842,3.802,3.839,31719.407
2025-08-21 19:00:00,3.839,3.848,3.794,3.799,33219.168
2025-08-21 20:00:00,3.799,3.831,3.783,3.817,45651.203
2025-08-21 21:00:00,3.817,3.835,3.795,3.825,35867.105
2025-08-21 22:00:00,3.825,3.84,3.82,3.824,16980.346
2025-08-21 23:00:00,3.824,3.824,3.78,3.797,13732.684
2025-08-22 00:00:00,3.797,3.82,3.789,3.795,22025.371
2025-08-22 01:00:00,3.795,3.819,3.77,3.813,28310.456
2025-08-22 02:00:00,3.813,3.853,3.809,3.828,24999.777
2025-08-22 03:00:00,3.828,3.836,3.791,3.798,20255.703
2025-08-22 04:00:00,3.798,3.837,3.798,3.808,34241.203
2025-08-22 05:00:00,3.808,3.825,3.797,3.819,10297.944
2025-08-22 06:00:00,3.819,3.837,3.804,3.812,40424.376
2025-08-22 07:00:00,3.812,3.851,3.808,3.841,28746.523
2025-08-22 08:00:00,3.841,3.854,3.824,3.825,46814.365
2025-08-22 09:00:00,3.825,3.833,3.806,3.82,25707.77
2025-08-22 10:00:00,3.82,3.82,3.785,3.793,36087.028
2025-08-22 11:00:00,3.793,3.795,3.753,3.753,56042.228
2025-08-22 12:00:00,3.753,3.755,3.69,3.73,150849.709
2025-08-22 13:00:00,3.73,3.771,3.7,3.736,116976.899
2025-08-22 14:00:00,3.736,3.96,3.736,3.929,1074343.273
2025-08-22 15:00:00,3.929,4.003,3.929,3.96,184381.077
2025-08-22 16:00:00,3.96,4.069,3.96,4.038,289320.169
2025-08-22 17:00:00,4.038,4.108,4.038,4.067,200232.326
2025-08-22 18:00:00,4.067,4.09,4.052,4.079,122431.218
2025-08-22 19:00:00,4.079,4.115,4.074,4.099,107277.034
2025-08-22 20:00:00,4.099,4.133,4.099,4.133,92360.902
2025-08-22 21:00:00,4.133,4.208,4.132,4.197,257189.271
2025-08-22 22:00:00,4.197,4.2,4.16,4.181,87722.689
2025-08-22 23:00:00,4.181,4.198,4.172,4.18,42669.431
2025-08-23 00:00:00,4.18,4.192,4.14,4.145,94555.832
2025-08-23 01:00:00,4.145,4.152,4.076,4.111,80828.975
2025-08-23 02:00:00,4.111,4.125,4.026,4.062,104744.486
2025-08-23 03:00:00,4.062,4.072,4.039,4.049,65015.089
2025-08-23 04:00:00,4.049,4.128,4.048,4.128,71836.911
2025-08-23 05:00:00,4.128,4.179,4.121,4.177,118174.649
2025-08-23 06:00:00,4.177,4.185,4.148,4.161,56499.568
2025-08-23 07:00:00,4.161,4.183,4.134,4.144,98176.098
2025-08-23 08:00:00,4.144,4.164,4.132,4.142,66769.008
2025-08-23 09:00:00,4.142,4.161,4.127,4.153,79133.731
2025-08-23 10:00:00,4.153,4.16,4.123,4.125,85685.721
2025-08-23 11:00:00,4.125,4.147,4.121,4.141,86982.405
2025-08-23 12:00:00,4.141,4.166,4.121,4.147,88744.525
2025-08-23 13:00:00,4.147,4.16,4.125,4.132,79089.099
2025-08-23 14:00:00,4.132,4.173,4.123,4.148,54082.074
2025-08-23 15:00:00,4.148,4.165,4.148,4.156,31513.591
2025-08-23 16:00:00,4.156,4.16,4.135,4.148,39785.024
2025-08-23 17:00:00,4.148,4.163,4.144,4.148,37487.862
2025-08-23 18:00:00,4.148,4.168,4.148,4.168,44124.76
2025-08-23 19:00:00,4.168,4.242,4.168,4.237,454606.709
2025-08-23 20:00:00,4.237,4.267,4.188,4.21,230054.275
2025-08-23 21:00:00,4.21,4.214,4.182,4.204,83692.898
2025-08-23 22:00:00,4.204,4.24,4.203,4.237,38685.727
2025-08-23 23:00:00,4.237,4.244,4.217,4.228,67441.352
2025-08-24 00:00:00,4.228,4.24,4.217,4.222,43623.465
2025-08-24 01:00:00,4.222,4.222,4.183,4.188,31083.092
2025-08-24 02:00:00,4.188,4.189,4.163,4.167,77040.796
2025-08-24 03:00:00,4.167,4.17,4.14,4.163,32913.8
2025-08-24 04:00:00,4.163,4.173,4.148,4.159,23681.749
2025-08-24 05:00:00,4.159,4.159,4.129,4.134,35595.361
2025-08-24 06:00:00,4.134,4.136,4.079,4.08,75294.142
2025-08-24 07:00:00,4.08,4.115,4.076,4.089,28354.066
2025-08-24 08:00:00,4.089,4.112,4.08,4.103,31037.892
2025-08-24 09:00:00,4.103,4.109,4.073,4.073,28687.72
2025-08-24 10:00:00,4.073,4.075,4.029,4.042,76130.358
2025-08-24 11:00:00,4.042,4.054,4.015,4.037,67524.753
2025-08-24 12:00:00,4.037,4.057,4.033,4.057,23955.489
2025-08-24 13:00:00,4.057,4.065,4.034,4.035,24644.705
2025-08-24 14:00:00,4.035,4.065,4.023,4.062,24678.364
2025-08-24 15:00:00,4.062,4.107,4.054,4.063,106220.225
2025-08-24 16:00:00,4.063,4.084,4.045,4.077,33734.528
2025-08-24 17:00:00,4.077,4.152,4.076,4.145,86292.09
2025-08-24 18:00:00,4.145,4.267,4.131,4.253,262065.817
2025-08-24 19:00:00,4.253,4.286,4.054,4.135,978146.785
2025-08-24 20:00:00,4.135,4.157,4.041,4.124,336648.098
2025-08-24 21:00:00,4.124,4.161,4.095,4.124,128603.28
2025-08-24 22:00:00,4.124,4.131,4.061,4.115,66613.008
2025-08-24 23:00:00,4.115,4.135,4.106,4.11,33255.734
2025-08-25 00:00:00,4.11,4.139,4.035,4.064,238681.5
2025-08-25 01:00:00,4.064,4.111,4.051,4.088,64431.742
2025-08-25 02:00:00,4.088,4.144,4.087,4.131,48571.027
2025-08-25 03:00:00,4.131,4.146,4.094,4.102,35656.788
2025-08-25 04:00:00,4.102,4.11,4.058,4.061,57138.355
2025-08-25 05:00:00,4.061,4.079,4.03,4.033,58750.066
2025-08-25 06:00:00,4.033,4.039,3.967,3.968,179340.367
2025-08-25 07:00:00,3.968,3.991,3.897,3.914,275908.543
2025-08-25 08:00:00,3.914,3.939,3.879,3.929,119833.017
2025-08-25 09:00:00,3.929,3.934,3.897,3.923,55549.29
2025-08-25 10:00:00,3.923,3.923,3.853,3.869,149576.894
2025-08-25 11:00:00,3.869,3.901,3.863,3.901,68189.471
2025-08-25 12:00:00,3.901,3.911,3.884,3.911,58180.27
2025-08-25 13:00:00,3.911,3.913,3.862,3.892,102586.68
2025-08-25 14:00:00,3.892,3.932,3.884,3.909,55309.946
2025-08-25 15:00:00,3.909,3.916,3.863,3.87,69100.73
2025-08-25 16:00:00,3.87,3.896,3.847,3.867,50031.095
2025-08-25 17:00:00,3.867,3.867,3.835,3.848,74252.646
2025-08-25 18:00:00,3.848,3.862,3.832,3.846,144496.395
2025-08-25 19:00:00,3.846,3.852,3.772,3.778,259502.699
2025-08-25 20:00:00,3.778,3.795,3.703,3.705,584870.185
2025-08-25 21:00:00,3.705,3.739,3.689,3.712,304927.853
2025-08-25 22:00:00,3.712,3.762,3.708,3.743,108253.709
2025-08-25 23:00:00,3.743,3.743,3.712,3.733,64682.02
2025-08-26 00:00:00,3.733,3.751,3.709,3.732,122414.407
2025-08-26 01:00:00,3.732,3.792,3.716,3.791,101672.903
2025-08-26 02:00:00,3.791,3.81,3.768,3.779,54412.332
2025-08-26 03:00:00,3.779,3.8,3.764,3.79,33432.858
2025-08-26 04:00:00,3.79,3.815,3.789,3.803,46942.188
2025-08-26 05:00:00,3.803,3.814,3.793,3.793,30361.626
2025-08-26 06:00:00,3.793,3.804,3.762,3.769,90943.295
2025-08-26 07:00:00,3.769,3.814,3.755,3.795,83575.326
2025-08-26 08:00:00,3.795,3.8,3.764,3.776,48527.328
2025-08-26 09:00:00,3.776,3.795,3.772,3.785,64423.133
2025-08-26 10:00:00,3.785,3.813,3.785,3.8,35109.193
2025-08-26 11:00:00,3.8,3.805,3.763,3.782,40011.185
2025-08-26 12:00:00,3.782,3.856,3.761,3.83,261537.157
2025-08-26 13:00:00,3.83,3.839,3.763,3.809,224926.27
2025-08-26 14:00:00,3.809,3.852,3.787,3.84,186272.264
2025-08-26 15:00:00,3.84,3.855,3.803,3.813,77430.065
2025-08-26 16:00:00,3.813,3.85,3.806,3.849,49206.577
2025-08-26 17:00:00,3.849,3.85,3.813,3.831,40432.287
2025-08-26 18:00:00,3.831,3.867,3.83,3.858,72389.914
2025-08-26 19:00:00,3.858,3.913,3.849,3.907,108931.513
2025-08-26 20:00:00,3.907,3.922,3.886,3.897,78885.117
2025-08-26 21:00:00,3.897,3.906,3.881,3.906,36405.244
2025-08-26 22:00:00,3.906,3.911,3.883,3.897,50078.07
2025-08-26 23:00:00,3.897,3.911,3.884,3.886,43628.453
2025-08-27 00:00:00,3.886,3.891,3.865,3.869,30412.143
2025-08-27 01:00:00,3.869,3.872,3.85,3.872,27871.56
2025-08-27 02:00:00,3.872,3.887,3.848,3.874,34056.086
2025-08-27 03:00:00,3.874,3.911,3.855,3.893,46839.572
2025-08-27 04:00:00,3.893,3.925,3.888,3.922,77116.853
2025-08-27 05:00:00,3.922,3.925,3.893,3.898,40523.047
2025-08-27 06:00:00,3.898,3.904,3.878,3.88,19733.041
2025-08-27 07:00:00,3.88,3.88,3.849,3.85,63085.675
2025-08-27 08:00:00,3.85,3.869,3.839,3.869,42118.413
2025-08-27 09:00:00,3.869,3.885,3.865,3.866,39894.095
2025-08-27 10:00:00,3.866,3.878,3.856,3.867,39581.611
2025-08-27 11:00:00,3.867,3.889,3.867,3.884,26664.716
2025-08-27 12:00:00,3.884,3.894,3.862,3.879,52897.516
2025-08-27 13:00:00,3.879,3.911,3.857,3.874,174812.063
2025-08-27 14:00:00,3.874,3.934,3.865,3.903,132620.926
2025-08-27 15:00:00,3.903,3.932,3.897,3.913,102113.292
2025-08-27 16:00:00,3.913,3.915,3.87,3.896,78764.813
2025-08-27 17:00:00,3.896,3.913,3.879,3.908,49995.117
2025-08-27 18:00:00,3.908,3.917,3.883,3.884,49471.279
2025-08-27 19:00:00,3.884,3.892,3.841,3.866,110919.728
2025-08-27 20:00:00,3.866,3.912,3.823,3.905,661948.511
2025-08-27 21:00:00,3.905,3.913,3.858,3.866,45757.058
2025-08-27 22:00:00,3.866,3.876,3.834,3.86,64760.151
2025-08-27 23:00:00,3.86,3.862,3.829,3.837,49590.267
2025-08-28 00:00:00,3.837,3.856,3.807,3.835,70798.644
2025-08-28 01:00:00,3.835,3.872,3.835,3.862,30802.978
2025-08-28 02:00:00,3.862,3.874,3.843,3.848,26471.363
2025-08-28 03:00:00,3.848,3.877,3.843,3.874,38650.013
2025-08-28 04:00:00,3.874,3.933,3.867,3.916,138989.545
2025-08-28 05:00:00,3.916,3.941,3.913,3.936,80853.978
2025-08-28 06:00:00,3.936,3.936,3.914,3.929,30969.253
2025-08-28 07:00:00,3.929,3.937,3.904,3.934,34668.18
2025-08-28 08:00:00,3.934,3.99,3.934,3.977,328193.786
2025-08-28 09:00:00,3.977,3.983,3.934,3.939,65605.751
2025-08-28 10:00:00,3.939,3.965,3.931,3.963,40040.993
2025-08-28 11:00:00,3.963,3.965,3.943,3.965,71332.83
2025-08-28 12:00:00,3.965,3.985,3.96,3.971,103694.138
2025-08-28 13:00:00,3.971,3.984,3.949,3.97,127998.674
2025-08-28 14:00:00,3.97,4.016,3.961,4.008,136883.344
2025-08-28 15:00:00,4.008,4.021,3.947,3.956,239888.35
2025-08-28 16:00:00,3.956,3.984,3.897,3.899,120325.436
2025-08-28 17:00:00,3.899,3.939,3.893,3.93,124871.357
2025-08-28 18:00:00,3.93,3.948,3.914,3.925,49954.793
2025-08-28 19:00:00,3.925,3.943,3.881,3.881,95018.718
2025-08-28 20:00:00,3.881,3.92,3.875,3.913,145305.234
2025-08-28 21:00:00,3.913,3.943,3.912,3.942,58812.561
2025-08-28 22:00:00,3.942,4.001,3.942,3.999,91565.118
2025-08-28 23:00:00,3.999,4.005,3.97,3.981,80644.933
2025-08-29 00:00:00,3.981,4.003,3.961,3.971,107150.727
2025-08-29 01:00:00,3.971,3.978,3.924,3.934,80443.072
2025-08-29 02:00:00,3.934,3.976,3.926,3.946,42953.945
2025-08-29 03:00:00,3.946,3.963,3.932,3.952,40845.778
2025-08-29 04:00:00,3.952,3.959,3.922,3.928,37667.61
2025-08-29 05:00:00,3.928,3.943,3.905,3.924,156044.64
2025-08-29 06:00:00,3.924,3.932,3.886,3.907,414706.823
2025-08-29 07:00:00,3.907,3.907,3.81,3.815,205258.374
2025-08-29 08:00:00,3.815,3.825,3.77,3.776,171002.87
2025-08-29 09:00:00,3.776,3.808,3.75,3.803,115019.718
2025-08-29 10:00:00,3.803,3.822,3.794,3.806,69207.57
2025-08-29 11:00:00,3.806,3.833,3.794,3.828,128910.649
2025-08-29 12:00:00,3.828,3.915,3.824,3.858,435952.519
2025-08-29 13:00:00,3.858,3.861,3.782,3.808,351964.64
2025-08-29 14:00:00,3.808,3.831,3.754,3.765,498514.013
2025-08-29 15:00:00,3.765,3.799,3.762,3.771,85527.152
2025-08-29 16:00:00,3.771,3.79,3.74,3.775,177131.743
2025-08-29 17:00:00,3.775,3.775,3.737,3.753,70560.281
2025-08-29 18:00:00,3.753,3.765,3.725,3.733,73178.315
2025-08-29 19:00:00,3.733,3.779,3.724,3.762,81029.343
2025-08-29 20:00:00,3.762,3.776,3.734,3.741,233594.981
2025-08-29 21:00:00,3.741,3.787,3.724,3.782,88516.307
2025-08-29 22:00:00,3.782,3.782,3.754,3.774,29418.347
2025-08-29 23:00:00,3.774,3.787,3.771,3.774,23474.768
2025-08-30 00:00:00,3.774,3.789,3.757,3.763,42414.009
2025-08-30 01:00:00,3.763,3.771,3.713,3.718,86466.316
2025-08-30 02:00:00,3.718,3.777,3.713,3.771,60554.916
2025-08-30 03:00:00,3.771,3.824,3.77,3.819,78325.826
2025-08-30 04:00:00,3.819,3.822,3.794,3.796,66071.723
2025-08-30 05:00:00,3.796,3.818,3.791,3.803,41547.376
2025-08-30 06:00:00,3.803,3.816,3.795,3.801,37837.458
2025-08-30 07:00:00,3.801,3.814,3.798,3.812,25898.025
2025-08-30 08:00:00,3.812,3.813,3.792,3.793,22587.963
2025-08-30 09:00:00,3.793,3.796,3.777,3.785,30370.918
2025-08-30 10:00:00,3.785,3.801,3.782,3.793,21003.084
2025-08-30 11:00:00,3.793,3.798,3.776,3.797,28737.34
2025-08-30 12:00:00,3.797,3.797,3.755,3.767,63623.75
2025-08-30 13:00:00,3.767,3.767,3.733,3.758,92747.08
2025-08-30 14:00:00,3.758,3.769,3.737,3.764,59649.773
2025-08-30 15:00:00,3.764,3.793,3.759,3.787,50808.362
2025-08-30 16:00:00,3.787,3.787,3.759,3.76,40736.629
2025-08-30 17:00:00,3.76,3.777,3.758,3.775,41294.62
2025-08-30 18:00:00,3.775,3.785,3.759,3.768,28431.411
2025-08-30 19:00:00,3.768,3.794,3.764,3.791,33071.491
2025-08-30 20:00:00,3.791,3.795,3.775,3.791,74532.402
2025-08-30 21:00:00,3.791,3.797,3.781,3.794,33533.715
2025-08-30 22:00:00,3.794,3.802,3.783,3.801,14983.729
2025-08-30 23:00:00,3.801,3.812,3.801,3.81,23282.662
2025-08-31 00:00:00,3.81,3.857,3.81,3.857,74597.483
2025-08-31 01:00:00,3.857,3.874,3.841,3.868,81283.678
2025-08-31 02:00:00,3.868,3.875,3.85,3.856,30255.719
2025-08-31 03:00:00,3.856,3.862,3.848,3.859,40931.652
2025-08-31 04:00:00,3.859,3.862,3.824,3.832,104895.799
2025-08-31 05:00:00,3.832,3.832,3.808,3.819,104840.313
2025-08-31 06:00:00,3.819,3.822,3.8,3.802,42767.855
2025-08-31 07:00:00,3.802,3.815,3.8,3.802,36243.773
2025-08-31 08:00:00,3.802,3.833,3.802,3.832,32518.43
2025-08-31 09:00:00,3.832,3.846,3.817,3.818,58927.593
2025-08-31 10:00:00,3.818,3.822,3.785,3.797,69823.976
2025-08-31 11:00:00,3.797,3.817,3.791,3.816,30721.16
2025-08-31 12:00:00,3.816,3.825,3.8,3.821,36370.294
2025-08-31 13:00:00,3.821,3.829,3.79,3.798,103131.805
2025-08-31 14:00:00,3.798,3.803,3.779,3.791,35891.058
2025-08-31 15:00:00,3.791,3.818,3.79,3.817,22480.148
2025-08-31 16:00:00,3.817,3.817,3.796,3.804,18746.98
2025-08-31 17:00:00,3.804,3.806,3.788,3.797,28146.926
2025-08-31 18:00:00,3.797,3.83,3.796,3.826,33633.754
2025-08-31 19:00:00,3.826,3.828,3.797,3.798,42735.567
2025-08-31 20:00:00,3.798,3.809,3.779,3.801,85433.332
2025-08-31 21:00:00,3.801,3.815,3.796,3.808,20167.954
2025-08-31 22:00:00,3.808,3.808,3.768,3.774,94363.82
2025-08-31 23:00:00,3.774,3.774,3.735,3.742,95499.28
2025-09-01 00:00:00,3.742,3.747,3.706,3.727,106596.43
2025-09-01 01:00:00,3.727,3.752,3.711,3.734,58910.775
2025-09-01 02:00:00,3.734,3.737,3.677,3.687,119172.971
2025-09-01 03:00:00,3.687,3.699,3.674,3.687,53690.155
2025-09-01 04:00:00,3.687,3.691,3.655,3.67,51200.358
2025-09-01 05:00:00,3.67,3.695,3.656,3.691,54672.754
2025-09-01 06:00:00,3.691,3.713,3.667,3.703,91599.732
2025-09-01 07:00:00,3.703,3.821,3.683,3.82,207083.073
2025-09-01 08:00:00,3.82,3.851,3.794,3.85,269958.331
2025-09-01 09:00:00,3.85,3.885,3.832,3.843,264528.139
2025-09-01 10:00:00,3.843,3.843,3.776,3.798,92740.025
2025-09-01 11:00:00,3.798,3.799,3.76,3.77,80608.63
2025-09-01 12:00:00,3.77,3.797,3.761,3.777,44753.438
2025-09-01 13:00:00,3.777,3.779,3.739,3.749,125602.037
2025-09-01 14:00:00,3.749,3.77,3.734,3.758,90989.492
2025-09-01 15:00:00,3.758,3.77,3.72,3.733,72394.481
2025-09-01 16:00:00,3.733,3.742,3.714,3.72,50673.376
2025-09-01 17:00:00,3.72,3.727,3.694,3.708,107983.414
2025-09-01 18:00:00,3.708,3.733,3.706,3.725,38902.67
2025-09-01 19:00:00,3.725,3.742,3.72,3.741,38355.797
2025-09-01 20:00:00,3.741,3.741,3.645,3.678,267634.5
2025-09-01 21:00:00,3.678,3.679,3.613,3.641,111070.373
2025-09-01 22:00:00,3.641,3.665,3.631,3.654,48161.268
2025-09-01 23:00:00,3.654,3.7,3.653,3.693,47477.855
2025-09-02 00:00:00,3.693,3.702,3.676,3.685,62250.476
2025-09-02 01:00:00,3.685,3.731,3.681,3.713,162177.145
2025-09-02 02:00:00,3.713,3.763,3.708,3.761,75257.047
2025-09-02 03:00:00,3.761,3.786,3.752,3.773,114831.277
2025-09-02 04:00:00,3.773,3.785,3.763,3.782,51137.339
2025-09-02 05:00:00,3.782,3.786,3.769,3.777,49454.248
2025-09-02 06:00:00,3.777,3.789,3.772,3.785,66347.181
2025-09-02 07:00:00,3.785,3.785,3.747,3.753,62308.971
2025-09-02 08:00:00,3.753,3.777,3.751,3.764,45350.013
2025-09-02 09:00:00,3.764,3.785,3.76,3.78,35015.481
2025-09-02 10:00:00,3.78,3.783,3.769,3.778,29130.893
2025-09-02 11:00:00,3.778,3.778,3.752,3.753,42245.633
2025-09-02 12:00:00,3.753,3.761,3.691,3.7,141265.034
2025-09-02 13:00:00,3.7,3.808,3.697,3.796,240212.604
2025-09-02 14:00:00,3.796,3.817,3.77,3.79,174306.449
2025-09-02 15:00:00,3.79,3.793,3.728,3.734,69205.117
2025-09-02 16:00:00,3.734,3.766,3.733,3.76,58344.576
2025-09-02 17:00:00,3.76,3.788,3.76,3.774,31028.348
2025-09-02 18:00:00,3.774,3.778,3.737,3.768,26934.522
2025-09-02 19:00:00,3.768,3.779,3.74,3.75,42562.551
2025-09-02 20:00:00,3.75,3.798,3.745,3.791,72341.467
2025-09-02 21:00:00,3.791,3.811,3.787,3.81,44027.508
2025-09-02 22:00:00,3.81,3.831,3.794,3.822,489274.459
2025-09-02 23:00:00,3.822,3.827,3.807,3.82,70313.18
2025-09-03 00:00:00,3.82,3.833,3.812,3.818,228216.908
2025-09-03 01:00:00,3.818,3.827,3.793,3.827,98285.265
2025-09-03 02:00:00,3.827,3.842,3.816,3.83,90442.503
2025-09-03 03:00:00,3.83,3.833,3.81,3.821,14494.949
2025-09-03 04:00:00,3.821,3.828,3.807,3.815,16958.575
2025-09-03 05:00:00,3.815,3.816,3.797,3.8,33235.754
2025-09-03 06:00:00,3.8,3.815,3.786,3.803,35244.104
2025-09-03 07:00:00,3.803,3.812,3.792,3.81,41684.588
2025-09-03 08:00:00,3.81,3.838,3.808,3.82,60547.134
2025-09-03 09:00:00,3.82,3.836,3.808,3.836,32183.513
2025-09-03 10:00:00,3.836,3.851,3.83,3.832,76351.666
2025-09-03 11:00:00,3.832,3.845,3.827,3.827,42388.66
2025-09-03 12:00:00,3.827,3.84,3.812,3.819,48212.434
2025-09-03 13:00:00,3.819,3.875,3.815,3.85,161031.814
2025-09-03 14:00:00,3.85,3.889,3.85,3.879,76043.603
2025-09-03 15:00:00,3.879,3.911,3.871,3.893,811155.107
2025-09-03 16:00:00,3.893,3.906,3.865,3.872,74539.075
2025-09-03 17:00:00,3.872,3.89,3.872,3.88,50362.571
2025-09-03 18:00:00,3.88,3.887,3.874,3.883,26879.09
2025-09-03 19:00:00,3.883,3.894,3.873,3.893,25313.185
2025-09-03 20:00:00,3.893,3.9,3.884,3.894,19600.231
2025-09-03 21:00:00,3.894,3.896,3.877,3.885,36714.483
2025-09-03 22:00:00,3.885,3.895,3.872,3.876,37528.546
2025-09-03 23:00:00,3.876,3.879,3.86,3.865,17733.472
2025-09-04 00:00:00,3.865,3.876,3.861,3.871,12996.688
2025-09-04 01:00:00,3.871,3.871,3.852,3.86,17228.137
2025-09-04 02:00:00,3.86,3.861,3.833,3.835,32945.113
2025-09-04 03:00:00,3.835,3.837,3.809,3.811,21003.5
2025-09-04 04:00:00,3.811,3.82,3.804,3.804,38222.888
2025-09-04 05:00:00,3.804,3.804,3.769,3.778,160626.694
2025-09-04 06:00:00,3.778,3.778,3.761,3.769,33886.841
2025-09-04 07:00:00,3.769,3.788,3.766,3.785,36220.068
2025-09-04 08:00:00,3.785,3.799,3.777,3.778,40674.889
2025-09-04 09:00:00,3.778,3.786,3.767,3.778,35789.366
2025-09-04 10:00:00,3.778,3.797,3.773,3.786,31359.627
2025-09-04 11:00:00,3.786,3.805,3.782,3.782,23965.869
2025-09-04 12:00:00,3.782,3.798,3.767,3.793,49352.695
2025-09-04 13:00:00,3.793,3.801,3.772,3.783,35408.165
2025-09-04 14:00:00,3.783,3.784,3.741,3.766,100426.211
2025-09-04 15:00:00,3.766,3.769,3.744,3.757,59568.533
2025-09-04 16:00:00,3.757,3.772,3.753,3.767,41395.642
2025-09-04 17:00:00,3.767,3.777,3.756,3.756,50519.796
2025-09-04 18:00:00,3.756,3.766,3.727,3.742,64200.585
2025-09-04 19:00:00,3.742,3.754,3.734,3.741,19835.014
2025-09-04 20:00:00,3.741,3.774,3.736,3.771,38975.892
2025-09-04 21:00:00,3.771,3.784,3.768,3.781,18931.075
2025-09-04 22:00:00,3.781,3.801,3.777,3.798,33725.033
2025-09-04 23:00:00,3.798,3.805,3.764,3.764,53992.602
2025-09-05 00:00:00,3.764,3.779,3.758,3.762,31183.173
2025-09-05 01:00:00,3.762,3.787,3.758,3.783,17983.321
2025-09-05 02:00:00,3.783,3.791,3.773,3.785,30159.957
2025-09-05 03:00:00,3.785,3.786,3.771,3.786,30420.124
2025-09-05 04:00:00,3.786,3.792,3.776,3.791,14115.913
2025-09-05 05:00:00,3.791,3.795,3.788,3.791,17741.535
2025-09-05 06:00:00,3.791,3.794,3.778,3.794,29007.078
2025-09-05 07:00:00,3.794,3.844,3.794,3.84,62862.952
2025-09-05 08:00:00,3.84,3.843,3.821,3.825,62262.252
2025-09-05 09:00:00,3.825,3.828,3.81,3.828,42193.246
2025-09-05 10:00:00,3.828,3.841,3.828,3.829,20657.046
2025-09-05 11:00:00,3.829,3.836,3.821,3.831,43182.852
2025-09-05 12:00:00,3.831,3.893,3.817,3.888,418705.692
2025-09-05 13:00:00,3.888,3.896,3.865,3.88,203746.327
2025-09-05 14:00:00,3.88,3.882,3.776,3.795,657064.604
2025-09-05 15:00:00,3.795,3.825,3.782,3.809,84487.516
2025-09-05 16:00:00,3.809,3.823,3.799,3.816,40125.83
2025-09-05 17:00:00,3.816,3.817,3.796,3.805,82705.669
2025-09-05 18:00:00,3.805,3.829,3.788,3.819,68510.497
2025-09-05 19:00:00,3.819,3.829,3.815,3.828,43017.253
2025-09-05 20:00:00,3.828,3.846,3.823,3.846,55987.35
2025-09-05 21:00:00,3.846,3.847,3.807,3.815,120718.989
2025-09-05 22:00:00,3.815,3.835,3.812,3.831,12296.571
2025-09-05 23:00:00,3.831,3.835,3.824,3.827,9868.432
2025-09-06 00:00:00,3.827,3.85,3.826,3.842,59597.923
2025-09-06 01:00:00,3.842,3.849,3.836,3.849,12324.048
2025-09-06 02:00:00,3.849,3.866,3.848,3.866,52470.581
2025-09-06 03:00:00,3.866,3.884,3.863,3.883,60549.118
2025-09-06 04:00:00,3.883,3.883,3.848,3.856,133036.102
2025-09-06 05:00:00,3.856,3.857,3.83,3.832,23254.233
2025-09-06 06:00:00,3.832,3.838,3.826,3.831,22711.632
2025-09-06 07:00:00,3.831,3.835,3.821,3.827,36817.922
2025-09-06 08:00:00,3.827,3.829,3.812,3.814,9691.836
2025-09-06 09:00:00,3.814,3.814,3.797,3.802,43190.589
2025-09-06 10:00:00,3.802,3.821,3.797,3.819,24761.954
2025-09-06 11:00:00,3.819,3.819,3.805,3.814,14321.438
2025-09-06 12:00:00,3.814,3.822,3.808,3.81,13601.123
2025-09-06 13:00:00,3.81,3.814,3.802,3.811,11999.667
2025-09-06 14:00:00,3.811,3.826,3.808,3.819,17371.656
2025-09-06 15:00:00,3.819,3.82,3.791,3.795,29016.211
2025-09-06 16:00:00,3.795,3.823,3.782,3.812,68142.388
2025-09-06 17:00:00,3.812,3.817,3.792,3.8,24523.089
2025-09-06 18:00:00,3.8,3.813,3.797,3.809,13061.566
2025-09-06 19:00:00,3.809,3.81,3.79,3.793,18658.663
2025-09-06 20:00:00,3.793,3.815,3.792,3.815,17729.723
2025-09-06 21:00:00,3.815,3.818,3.806,3.818,19000.588
2025-09-06 22:00:00,3.818,3.824,3.813,3.818,18193.345
2025-09-06 23:00:00,3.818,3.835,3.812,3.824,19913.744
2025-09-07 00:00:00,3.824,3.836,3.822,3.833,18788.805
2025-09-07 01:00:00,3.833,3.855,3.832,3.848,22200.666
2025-09-07 02:00:00,3.848,3.856,3.843,3.856,28383.767
2025-09-07 03:00:00,3.856,3.861,3.848,3.851,32849.351
2025-09-07 04:00:00,3.851,3.853,3.845,3.851,24796.394
2025-09-07 05:00:00,3.851,3.868,3.847,3.867,13295.89
2025-09-07 06:00:00,3.867,3.869,3.85,3.851,23398.58
2025-09-07 07:00:00,3.851,3.865,3.848,3.853,17152.778
2025-09-07 08:00:00,3.853,3.866,3.853,3.862,14978.607
2025-09-07 09:00:00,3.862,3.862,3.847,3.856,13273.363
2025-09-07 10:00:00,3.856,3.862,3.856,3.859,9928.947
2025-09-07 11:00:00,3.859,3.866,3.853,3.866,27428.095
2025-09-07 12:00:00,3.866,3.968,3.865,3.961,312289.527
2025-09-07 13:00:00,3.961,4.088,3.961,4.078,438442.377
2025-09-07 14:00:00,4.078,4.078,4.007,4.016,272555.81
2025-09-07 15:00:00,4.016,4.027,3.962,3.967,180101.85
2025-09-07 16:00:00,3.967,3.996,3.967,3.98,79939.178
2025-09-07 17:00:00,3.98,3.984,3.953,3.954,58210.603
2025-09-07 18:00:00,3.954,3.982,3.954,3.967,52625.725
2025-09-07 19:00:00,3.967,4.014,3.959,3.99,58290.745
2025-09-07 20:00:00,3.99,3.998,3.979,3.991,34330.869
2025-09-07 21:00:00,3.991,3.992,3.977,3.981,44119.809
2025-09-07 22:00:00,3.981,4.014,3.98,4.013,46405.462
2025-09-07 23:00:00,4.013,4.016,3.99,3.994,31044.924
2025-09-08 00:00:00,3.994,4.019,3.982,3.999,148309.477
2025-09-08 01:00:00,3.999,4.027,3.994,4.017,76951.722
2025-09-08 02:00:00,4.017,4.059,3.996,4.049,103138.608
2025-09-08 03:00:00,4.049,4.073,4.042,4.05,57499.968
2025-09-08 04:00:00,4.05,4.056,4.022,4.029,65570.517
2025-09-08 05:00:00,4.029,4.049,4.022,4.034,43017.181
2025-09-08 06:00:00,4.034,4.036,4.002,4.003,50563.61
2025-09-08 07:00:00,4.003,4.015,3.987,3.998,183301.628
2025-09-08 08:00:00,3.998,4.02,3.997,4.004,51151.793
2025-09-08 09:00:00,4.004,4.04,4.0,4.037,46365.299
2025-09-08 10:00:00,4.037,4.055,4.03,4.033,57879.069
2025-09-08 11:00:00,4.033,4.035,4.01,4.024,81889.662
2025-09-08 12:00:00,4.024,4.032,4.01,4.028,46214.654
2025-09-08 13:00:00,4.028,4.051,4.009,4.011,81020.21
2025-09-08 14:00:00,4.011,4.058,4.007,4.049,76754.416
2025-09-08 15:00:00,4.049,4.076,4.036,4.07,138864.006
2025-09-08 16:00:00,4.07,4.082,4.046,4.051,102790.573
2025-09-08 17:00:00,4.051,4.068,4.031,4.032,70284.701
2025-09-08 18:00:00,4.032,4.057,4.026,4.054,42754.055
2025-09-08 19:00:00,4.054,4.055,4.016,4.022,68494.204
2025-09-08 20:00:00,4.022,4.031,4.003,4.016,35389.502
2025-09-08 21:00:00,4.016,4.063,4.009,4.058,57057.317
2025-09-08 22:00:00,4.058,4.072,4.049,4.049,51271.395
2025-09-08 23:00:00,4.049,4.061,4.033,4.046,61096.131
2025-09-09 00:00:00,4.046,4.085,4.046,4.082,94682.796
2025-09-09 01:00:00,4.082,4.099,4.049,4.057,100608.771
2025-09-09 02:00:00,4.057,4.062,4.02,4.029,59507.98
2025-09-09 03:00:00,4.029,4.047,4.004,4.045,82475.851
2025-09-09 04:00:00,4.045,4.059,4.03,4.052,40899.925
2025-09-09 05:00:00,4.052,4.057,4.031,4.057,31358.343
2025-09-09 06:00:00,4.057,4.128,4.051,4.112,119245.072
2025-09-09 07:00:00,4.112,4.174,4.111,4.126,293586.668
2025-09-09 08:00:00,4.126,4.147,4.12,4.136,58526.128
2025-09-09 09:00:00,4.136,4.151,4.127,4.142,63308.713
2025-09-09 10:00:00,4.142,4.161,4.128,4.152,105204.918
2025-09-09 11:00:00,4.152,4.182,4.146,4.149,123920.12
2025-09-09 12:00:00,4.149,4.181,4.134,4.138,138836.289
2025-09-09 13:00:00,4.138,4.179,4.117,4.173,135152.355
2025-09-09 14:00:00,4.173,4.183,4.061,4.11,502100.78
2025-09-09 15:00:00,4.11,4.116,4.049,4.07,187045.606
2025-09-09 16:00:00,4.07,4.082,4.03,4.047,91367.245
2025-09-09 17:00:00,4.047,4.079,4.047,4.059,50930.235
2025-09-09 18:00:00,4.059,4.085,4.054,4.082,41399.525
2025-09-09 19:00:00,4.082,4.116,4.08,4.106,48845.497
2025-09-09 20:00:00,4.106,4.127,4.089,4.127,58779.489
2025-09-09 21:00:00,4.127,4.141,4.1,4.106,75496.875
2025-09-09 22:00:00,4.106,4.142,4.098,4.142,25787.124
2025-09-09 23:00:00,4.142,4.144,4.12,4.138,36445.207
2025-09-10 00:00:00,4.138,4.148,4.098,4.101,79424.942
2025-09-10 01:00:00,4.101,4.154,4.098,4.126,167383.662
2025-09-10 02:00:00,4.126,4.142,4.121,4.136,91649.648
2025-09-10 03:00:00,4.136,4.138,4.119,4.133,46841.117
2025-09-10 04:00:00,4.133,4.133,4.103,4.121,40490.296
2025-09-10 05:00:00,4.121,4.121,4.075,4.093,64975.925
2025-09-10 06:00:00,4.093,4.114,4.081,4.104,38450.263
2025-09-10 07:00:00,4.104,4.124,4.1,4.115,52963.218
2025-09-10 08:00:00,4.115,4.126,4.082,4.087,79182.965
2025-09-10 09:00:00,4.087,4.096,4.07,4.091,85726.353
2025-09-10 10:00:00,4.091,4.099,4.054,4.058,77811.678
2025-09-10 11:00:00,4.058,4.087,4.057,4.082,64068.794
2025-09-10 12:00:00,4.082,4.172,4.078,4.172,278637.712
2025-09-10 13:00:00,4.172,4.208,4.147,4.188,218412.489
2025-09-10 14:00:00,4.188,4.204,4.158,4.165,102164.998
2025-09-10 15:00:00,4.165,4.184,4.158,4.172,86864.875
2025-09-10 16:00:00,4.172,4.194,4.145,4.194,152962.913
2025-09-10 17:00:00,4.194,4.197,4.161,4.189,60825.757
2025-09-10 18:00:00,4.189,4.2,4.17,4.195,64466.814
2025-09-10 19:00:00,4.195,4.196,4.143,4.161,78783.284
2025-09-10 20:00:00,4.161,4.19,4.16,4.171,36778.041
2025-09-10 21:00:00,4.171,4.197,4.171,4.196,38375.973
2025-09-10 22:00:00,4.196,4.226,4.191,4.205,123372.666
2025-09-10 23:00:00,4.205,4.217,4.191,4.217,84617.885
2025-09-11 00:00:00,4.217,4.244,4.197,4.241,73275.462
2025-09-11 01:00:00,4.241,4.25,4.226,4.24,58463.824
2025-09-11 02:00:00,4.24,4.258,4.211,4.214,68556.579
2025-09-11 03:00:00,4.214,4.247,4.21,4.243,39015.983
2025-09-11 04:00:00,4.243,4.244,4.219,4.226,40410.791
2025-09-11 05:00:00,4.226,4.226,4.196,4.219,56524.376
2025-09-11 06:00:00,4.219,4.232,4.207,4.224,38496.459
2025-09-11 07:00:00,4.224,4.232,4.211,4.226,41407.918
2025-09-11 08:00:00,4.226,4.228,4.204,4.207,55317.429
2025-09-11 09:00:00,4.207,4.208,4.174,4.189,87730.261
2025-09-11 10:00:00,4.189,4.21,4.185,4.206,72378.472
2025-09-11 11:00:00,4.206,4.219,4.19,4.194,35826.965
2025-09-11 12:00:00,4.194,4.246,4.128,4.19,429271.446
2025-09-11 13:00:00,4.19,4.206,4.143,4.206,97481.121
2025-09-11 14:00:00,4.206,4.208,4.151,4.183,86124.428
2025-09-11 15:00:00,4.183,4.184,4.158,4.163,25758.719
2025-09-11 16:00:00,4.163,4.191,4.161,4.182,47052.553
2025-09-11 17:00:00,4.182,4.197,4.169,4.191,35942.258
2025-09-11 18:00:00,4.191,4.191,4.175,4.188,27739.33
2025-09-11 19:00:00,4.188,4.232,4.186,4.213,69437.576
2025-09-11 20:00:00,4.213,4.226,4.204,4.218,30852.869
2025-09-11 21:00:00,4.218,4.238,4.218,4.234,39676.296
2025-09-11 22:00:00,4.234,4.25,4.231,4.241,22001.318
2025-09-11 23:00:00,4.241,4.257,4.234,4.243,43993.908
2025-09-12 00:00:00,4.243,4.28,4.23,4.265,73568.717
2025-09-12 01:00:00,4.265,4.275,4.242,4.244,45274.805
2025-09-12 02:00:00,4.244,4.257,4.222,4.227,52630.252
2025-09-12 03:00:00,4.227,4.231,4.201,4.218,42844.46
2025-09-12 04:00:00,4.218,4.227,4.206,4.222,31566.501
2025-09-12 05:00:00,4.222,4.251,4.216,4.251,41977.936
2025-09-12 06:00:00,4.251,4.271,4.249,4.256,59767.931
2025-09-12 07:00:00,4.256,4.261,4.231,4.233,43271.039
2025-09-12 08:00:00,4.233,4.234,4.206,4.215,57751.416
2025-09-12 09:00:00,4.215,4.219,4.187,4.195,47720.612
2025-09-12 10:00:00,4.195,4.202,4.174,4.199,39219.802
2025-09-12 11:00:00,4.199,4.207,4.17,4.174,54910.432
2025-09-12 12:00:00,4.174,4.199,4.153,4.197,66536.916
2025-09-12 13:00:00,4.197,4.223,4.191,4.221,57692.454
2025-09-12 14:00:00,4.221,4.245,4.208,4.219,101535.576
2025-09-12 15:00:00,4.219,4.221,4.188,4.196,54918.879
2025-09-12 16:00:00,4.196,4.233,4.195,4.221,57774.071
2025-09-12 17:00:00,4.221,4.266,4.213,4.251,105180.141
2025-09-12 18:00:00,4.251,4.292,4.244,4.292,130991.396
2025-09-12 19:00:00,4.292,4.296,4.273,4.293,139291.513
2025-09-12 20:00:00,4.293,4.295,4.251,4.27,181552.385
2025-09-12 21:00:00,4.27,4.278,4.259,4.274,49184.972
2025-09-12 22:00:00,4.274,4.32,4.273,4.316,137015.781
2025-09-12 23:00:00,4.316,4.321,4.309,4.318,141674.063
2025-09-13 00:00:00,4.318,4.343,4.307,4.34,193127.835
2025-09-13 01:00:00,4.34,4.353,4.313,4.316,61237.041
2025-09-13 02:00:00,4.316,4.344,4.304,4.34,94033.878
2025-09-13 03:00:00,4.34,4.383,4.34,4.378,85861.429
2025-09-13 04:00:00,4.378,4.399,4.366,4.389,74368.386
2025-09-13 05:00:00,4.389,4.418,4.363,4.416,130206.057
2025-09-13 06:00:00,4.416,4.503,4.412,4.451,376893.255
2025-09-13 07:00:00,4.451,4.488,4.43,4.459,151154.126
2025-09-13 08:00:00,4.459,4.532,4.453,4.508,178448.64
2025-09-13 09:00:00,4.508,4.521,4.493,4.512,152544.88
2025-09-13 10:00:00,4.512,4.595,4.505,4.575,455020.174
2025-09-13 11:00:00,4.575,4.587,4.511,4.586,302505.999
2025-09-13 12:00:00,4.586,4.626,4.545,4.616,480818.901
2025-09-13 13:00:00,4.616,4.624,4.487,4.539,312668.526
2025-09-13 14:00:00,4.539,4.575,4.493,4.534,179715.484
2025-09-13 15:00:00,4.534,4.555,4.494,4.511,158339.437
2025-09-13 16:00:00,4.511,4.542,4.443,4.466,182413.547
2025-09-13 17:00:00,4.466,4.492,4.416,4.485,140251.139
2025-09-13 18:00:00,4.485,4.485,4.454,4.474,36021.238
2025-09-13 19:00:00,4.474,4.475,4.455,4.464,62347.81
2025-09-13 20:00:00,4.464,4.495,4.46,4.486,46317.762
2025-09-13 21:00:00,4.486,4.515,4.485,4.492,30449.003
2025-09-13 22:00:00,4.492,4.513,4.484,4.491,19649.674
2025-09-13 23:00:00,4.491,4.509,4.488,4.493,23393.814
2025-09-14 00:00:00,4.493,4.496,4.437,4.449,57901.974
2025-09-14 01:00:00,4.449,4.458,4.404,4.456,97518.884
2025-09-14 02:00:00,4.456,4.482,4.44,4.448,62542.069
2025-09-14 03:00:00,4.448,4.453,4.396,4.399,44415.831
2025-09-14 04:00:00,4.399,4.413,4.363,4.397,83501.113
2025-09-14 05:00:00,4.397,4.44,4.395,4.44,46340.219
2025-09-14 06:00:00,4.44,4.447,4.407,4.418,41653.166
2025-09-14 07:00:00,4.418,4.441,4.405,4.419,30810.992
2025-09-14 08:00:00,4.419,4.441,4.399,4.422,40382.449
2025-09-14 09:00:00,4.422,4.467,4.407,4.454,71595.982
2025-09-14 10:00:00,4.454,4.463,4.434,4.449,32963.814
2025-09-14 11:00:00,4.449,4.454,4.367,4.375,109213.22
2025-09-14 12:00:00,4.375,4.395,4.327,4.348,118505.219
2025-09-14 13:00:00,4.348,4.364,4.306,4.328,85716.91
2025-09-14 14:00:00,4.328,4.357,4.279,4.315,175042.398
2025-09-14 15:00:00,4.315,4.335,4.284,4.327,65975.956
2025-09-14 16:00:00,4.327,4.364,4.321,4.346,32783.396
2025-09-14 17:00:00,4.346,4.376,4.331,4.362,38674.001
2025-09-14 18:00:00,4.362,4.362,4.329,4.332,19486.268
2025-09-14 19:00:00,4.332,4.349,4.317,4.33,37441.033
2025-09-14 20:00:00,4.33,4.349,4.327,4.334,28567.774
2025-09-14 21:00:00,4.334,4.361,4.31,4.343,32505.551
2025-09-14 22:00:00,4.343,4.373,4.332,4.365,29385.434
2025-09-14 23:00:00,4.365,4.365,4.309,4.317,44810.471
2025-09-15 00:00:00,4.317,4.36,4.315,4.343,37038.848
2025-09-15 01:00:00,4.343,4.35,4.286,4.331,77099.47
2025-09-15 02:00:00,4.331,4.365,4.328,4.334,61314.157
2025-09-15 03:00:00,4.334,4.377,4.332,4.368,42638.677
2025-09-15 04:00:00,4.368,4.387,4.353,4.362,62264.65
2025-09-15 05:00:00,4.362,4.401,4.357,4.399,55227.177
2025-09-15 06:00:00,4.399,4.404,4.303,4.319,94960.873
2025-09-15 07:00:00,4.319,4.349,4.239,4.251,172350.727
2025-09-15 08:00:00,4.251,4.251,4.137,4.143,537361.536
2025-09-15 09:00:00,4.143,4.201,4.139,4.196,211847.98
2025-09-15 10:00:00,4.196,4.209,4.153,4.202,151972.823
2025-09-15 11:00:00,4.202,4.211,4.174,4.189,131099.571
2025-09-15 12:00:00,4.189,4.205,4.159,4.164,42049.849
2025-09-15 13:00:00,4.164,4.204,4.157,4.184,118077.588
2025-09-15 14:00:00,4.184,4.187,4.145,4.152,113676.113
2025-09-15 15:00:00,4.152,4.165,4.116,4.145,135964.848
2025-09-15 16:00:00,4.145,4.15,4.105,4.115,86153.384
2025-09-15 17:00:00,4.115,4.146,4.108,4.144,73450.905
2025-09-15 18:00:00,4.144,4.15,4.118,4.144,75888.83
2025-09-15 19:00:00,4.144,4.161,4.125,4.144,50317.797
2025-09-15 20:00:00,4.144,4.17,4.14,4.165,29465.981
2025-09-15 21:00:00,4.165,4.178,4.155,4.172,34080.701
2025-09-15 22:00:00,4.172,4.178,4.149,4.154,19014.725
2025-09-15 23:00:00,4.154,4.162,4.138,4.151,28643.407
2025-09-16 00:00:00,4.151,4.151,4.123,4.137,26229.249
2025-09-16 01:00:00,4.137,4.163,4.126,4.128,40569.534
2025-09-16 02:00:00,4.128,4.148,4.123,4.123,47397.317
2025-09-16 03:00:00,4.123,4.16,4.123,4.154,64084.587
2025-09-16 04:00:00,4.154,4.161,4.11,4.152,93153.704
2025-09-16 05:00:00,4.152,4.206,4.148,4.206,91647.658
2025-09-16 06:00:00,4.206,4.21,4.145,4.155,85718.737
2025-09-16 07:00:00,4.155,4.175,4.147,4.167,45618.666
2025-09-16 08:00:00,4.167,4.224,4.167,4.222,277981.381
2025-09-16 09:00:00,4.222,4.254,4.213,4.245,188144.648
2025-09-16 10:00:00,4.245,4.251,4.216,4.216,81665.95
2025-09-16 11:00:00,4.216,4.224,4.196,4.21,78208.46
2025-09-16 12:00:00,4.21,4.222,4.204,4.21,64783.224
2025-09-16 13:00:00,4.21,4.247,4.168,4.205,235543.63
2025-09-16 14:00:00,4.205,4.206,4.152,4.184,86219.63
2025-09-16 15:00:00,4.184,4.231,4.164,4.228,78872.204
2025-09-16 16:00:00,4.228,4.232,4.195,4.216,44352.818
2025-09-16 17:00:00,4.216,4.286,4.215,4.266,95756.862
2025-09-16 18:00:00,4.266,4.283,4.253,4.266,39822.654
2025-09-16 19:00:00,4.266,4.279,4.255,4.277,29233.319
2025-09-16 20:00:00,4.277,4.289,4.259,4.265,73607.271
2025-09-16 21:00:00,4.265,4.285,4.263,4.283,30034.989
2025-09-16 22:00:00,4.283,4.296,4.273,4.279,20652.967
2025-09-16 23:00:00,4.279,4.279,4.246,4.255,25059.468
2025-09-17 00:00:00,4.255,4.256,4.238,4.245,44603.02
2025-09-17 01:00:00,4.245,4.253,4.225,4.236,39492.91
2025-09-17 02:00:00,4.236,4.264,4.228,4.247,47641.846
2025-09-17 03:00:00,4.247,4.254,4.212,4.213,50327.124
2025-09-17 04:00:00,4.213,4.225,4.179,4.187,33360.829
2025-09-17 05:00:00,4.187,4.212,4.173,4.211,38041.5
2025-09-17 06:00:00,4.211,4.232,4.199,4.23,66632.734
2025-09-17 07:00:00,4.23,4.239,4.223,4.231,80709.211
2025-09-17 08:00:00,4.231,4.231,4.184,4.191,74991.282
2025-09-17 09:00:00,4.191,4.193,4.175,4.179,23591.39
2025-09-17 10:00:00,4.179,4.186,4.161,4.17,50706.636
2025-09-17 11:00:00,4.17,4.192,4.168,4.181,64152.24
2025-09-17 12:00:00,4.181,4.2,4.171,4.192,45435.638
2025-09-17 13:00:00,4.192,4.202,4.175,4.189,35036.347
2025-09-17 14:00:00,4.189,4.198,4.161,4.161,50989.045
2025-09-17 15:00:00,4.161,4.176,4.154,4.17,43966.682
2025-09-17 16:00:00,4.17,4.194,4.136,4.191,72283.975
2025-09-17 17:00:00,4.191,4.234,4.149,4.156,118004.535
2025-09-17 18:00:00,4.156,4.247,4.15,4.18,476688.664
2025-09-17 19:00:00,4.18,4.283,4.18,4.283,112110.003
2025-09-17 20:00:00,4.283,4.339,4.244,4.252,95664.49
2025-09-17 21:00:00,4.252,4.317,4.225,4.312,47551.047
2025-09-17 22:00:00,4.312,4.424,4.312,4.409,209047.314
2025-09-17 23:00:00,4.409,4.431,4.388,4.403,136853.044
2025-09-18 00:00:00,4.403,4.422,4.374,4.384,59543.503
2025-09-18 01:00:00,4.384,4.469,4.377,4.445,120761.018
2025-09-18 02:00:00,4.445,4.453,4.415,4.452,68161.417
2025-09-18 03:00:00,4.452,4.489,4.443,4.476,103013.155
2025-09-18 04:00:00,4.476,4.487,4.461,4.478,73938.306
2025-09-18 05:00:00,4.478,4.504,4.437,4.457,278092.227
2025-09-18 06:00:00,4.457,4.473,4.419,4.456,95476.45
2025-09-18 07:00:00,4.456,4.517,4.445,4.49,147431.251
2025-09-18 08:00:00,4.49,4.525,4.477,4.516,147417.126
2025-09-18 09:00:00,4.516,4.542,4.5,4.537,212917.474
2025-09-18 10:00:00,4.537,4.57,4.511,4.539,149545.777
2025-09-18 11:00:00,4.539,4.551,4.506,4.525,220506.947
2025-09-18 12:00:00,4.525,4.543,4.513,4.54,82336.176
2025-09-18 13:00:00,4.54,4.584,4.524,4.571,246097.115
2025-09-18 14:00:00,4.571,4.576,4.538,4.564,185694.252
2025-09-18 15:00:00,4.564,4.567,4.54,4.55,76550.913
2025-09-18 16:00:00,4.55,4.565,4.545,4.551,97888.641
2025-09-18 17:00:00,4.551,4.592,4.543,4.584,108408.069
2025-09-18 18:00:00,4.584,4.594,4.558,4.588,116595.219
2025-09-18 19:00:00,4.588,4.594,4.528,4.561,96233.382
2025-09-18 20:00:00,4.561,4.572,4.55,4.571,55019.068
2025-09-18 21:00:00,4.571,4.573,4.545,4.549,32313.047
2025-09-18 22:00:00,4.549,4.565,4.533,4.543,39896.526
2025-09-18 23:00:00,4.543,4.548,4.512,4.533,75599.79
2025-09-19 00:00:00,4.533,4.806,4.533,4.799,473146.171
2025-09-19 01:00:00,4.799,4.879,4.706,4.722,673314.753
2025-09-19 02:00:00,4.722,4.741,4.645,4.684,294587.847
2025-09-19 03:00:00,4.684,4.71,4.614,4.631,146764.867
2025-09-19 04:00:00,4.631,4.69,4.569,4.664,253333.446
2025-09-19 05:00:00,4.664,4.675,4.616,4.651,84168.0
2025-09-19 06:00:00,4.651,4.654,4.576,4.583,259549.396
2025-09-19 07:00:00,4.583,4.625,4.572,4.605,70322.549
2025-09-19 08:00:00,4.605,4.64,4.59,4.594,80299.3
2025-09-19 09:00:00,4.594,4.631,4.531,4.55,117210.193
2025-09-19 10:00:00,4.55,4.567,4.532,4.553,78046.041
2025-09-19 11:00:00,4.553,4.555,4.461,4.495,195322.832
2025-09-19 12:00:00,4.495,4.528,4.483,4.489,73135.335
2025-09-19 13:00:00,4.489,4.541,4.482,4.522,59199.818
2025-09-19 14:00:00,4.522,4.53,4.468,4.489,101353.729
2025-09-19 15:00:00,4.489,4.495,4.412,4.442,189150.192
2025-09-19 16:00:00,4.442,4.458,4.424,4.447,72528.412
2025-09-19 17:00:00,4.447,4.45,4.376,4.377,102671.657
2025-09-19 18:00:00,4.377,4.417,4.353,4.397,120903.144
2025-09-19 19:00:00,4.397,4.42,4.385,4.389,55967.64
2025-09-19 20:00:00,4.389,4.409,4.381,4.389,53889.096
2025-09-19 21:00:00,4.389,4.415,4.377,4.411,32833.744
2025-09-19 22:00:00,4.411,4.418,4.392,4.392,19871.529
2025-09-19 23:00:00,4.392,4.393,4.319,4.359,120295.733
2025-09-20 00:00:00,4.359,4.387,4.343,4.387,74465.713
2025-09-20 01:00:00,4.387,4.388,4.353,4.36,40067.283
2025-09-20 02:00:00,4.36,4.361,4.291,4.339,201230.924
2025-09-20 03:00:00,4.339,4.339,4.313,4.336,42024.025
2025-09-20 04:00:00,4.336,4.352,4.322,4.343,24673.143
2025-09-20 05:00:00,4.343,4.379,4.334,4.375,45111.476
2025-09-20 06:00:00,4.375,4.398,4.354,4.398,63619.209
2025-09-20 07:00:00,4.398,4.416,4.385,4.416,77527.245
2025-09-20 08:00:00,4.416,4.416,4.357,4.362,114618.476
2025-09-20 09:00:00,4.362,4.373,4.336,4.344,45627.691
2025-09-20 10:00:00,4.344,4.363,4.337,4.338,63272.302
2025-09-20 11:00:00,4.338,4.364,4.334,4.359,38426.721
2025-09-20 12:00:00,4.359,4.365,4.342,4.355,45004.815
2025-09-20 13:00:00,4.355,4.355,4.329,4.345,71186.267
2025-09-20 14:00:00,4.345,4.403,4.323,4.4,69432.048
2025-09-20 15:00:00,4.4,4.461,4.392,4.402,209850.562
2025-09-20 16:00:00,4.402,4.419,4.377,4.419,52815.898
2025-09-20 17:00:00,4.419,4.42,4.385,4.401,102062.4
2025-09-20 18:00:00,4.401,4.401,4.354,4.362,81795.494
2025-09-20 19:00:00,4.362,4.372,4.345,4.357,35377.853
2025-09-20 20:00:00,4.357,4.384,4.35,4.382,44224.268
2025-09-20 21:00:00,4.382,4.393,4.361,4.364,49600.798
2025-09-20 22:00:00,4.364,4.367,4.348,4.366,14599.382
2025-09-20 23:00:00,4.366,4.366,4.342,4.355,13363.049
2025-09-21 00:00:00,4.355,4.373,4.34,4.366,15530.761
2025-09-21 01:00:00,4.366,4.369,4.327,4.333,33272.324
2025-09-21 02:00:00,4.333,4.357,4.319,4.354,64261.402
2025-09-21 03:00:00,4.354,4.359,4.347,4.357,22876.316
2025-09-21 04:00:00,4.357,4.358,4.333,4.342,39223.866
2025-09-21 05:00:00,4.342,4.373,4.334,4.372,22287.872
2025-09-21 06:00:00,4.372,4.386,4.367,4.369,40312.132
2025-09-21 07:00:00,4.369,4.382,4.359,4.368,42209.572
2025-09-21 08:00:00,4.368,4.378,4.348,4.352,31700.727
2025-09-21 09:00:00,4.352,4.357,4.286,4.322,123065.329
2025-09-21 10:00:00,4.322,4.326,4.292,4.294,61847.714
2025-09-21 11:00:00,4.294,4.322,4.29,4.305,22105.084
2025-09-21 12:00:00,4.305,4.339,4.303,4.32,53565.411
2025-09-21 13:00:00,4.32,4.334,4.309,4.322,26793.243
2025-09-21 14:00:00,4.322,4.328,4.301,4.302,27931.83
2025-09-21 15:00:00,4.302,4.312,4.277,4.282,45661.117
2025-09-21 16:00:00,4.282,4.29,4.248,4.267,107876.907
2025-09-21 17:00:00,4.267,4.285,4.236,4.284,34306.703
2025-09-21 18:00:00,4.284,4.3,4.276,4.3,28194.525
2025-09-21 19:00:00,4.3,4.301,4.264,4.288,19769.44
2025-09-21 20:00:00,4.288,4.29,4.264,4.267,23226.197
2025-09-21 21:00:00,4.267,4.29,4.264,4.282,16404.452
2025-09-21 22:00:00,4.282,4.291,4.254,4.287,21990.104
2025-09-21 23:00:00,4.287,4.288,4.256,4.263,22399.3
2025-09-22 00:00:00,4.263,4.279,4.158,4.177,366983.456
2025-09-22 01:00:00,4.177,4.212,4.159,4.179,197414.352
2025-09-22 02:00:00,4.179,4.196,4.084,4.121,260266.019
2025-09-22 03:00:00,4.121,4.151,4.121,4.137,48093.422
2025-09-22 04:00:00,4.137,4.149,4.125,4.133,52168.477
2025-09-22 05:00:00,4.133,4.137,4.045,4.049,115373.229
2025-09-22 06:00:00,4.049,4.053,3.803,4.008,1270061.35
2025-09-22 07:00:00,4.008,4.015,3.976,3.979,138949.618
2025-09-22 08:00:00,3.979,4.0,3.938,3.981,214010.796
2025-09-22 09:00:00,3.981,3.983,3.94,3.942,150865.977
2025-09-22 10:00:00,3.942,3.999,3.938,3.997,77323.944
2025-09-22 11:00:00,3.997,4.004,3.968,3.974,147211.123
2025-09-22 12:00:00,3.974,4.001,3.965,3.993,46277.782
2025-09-22 13:00:00,3.993,4.025,3.975,4.024,98598.001
2025-09-22 14:00:00,4.024,4.026,3.981,3.989,141175.87
2025-09-22 15:00:00,3.989,3.997,3.969,3.976,123244.008
2025-09-22 16:00:00,3.976,3.997,3.964,3.975,58317.562
2025-09-22 17:00:00,3.975,3.991,3.956,3.985,51737.969
2025-09-22 18:00:00,3.985,3.992,3.964,3.964,73628.91
2025-09-22 19:00:00,3.964,3.969,3.929,3.945,160974.58
2025-09-22 20:00:00,3.945,3.995,3.941,3.993,75909.991
2025-09-22 21:00:00,3.993,4.034,3.986,4.032,68387.09
2025-09-22 22:00:00,4.032,4.032,4.009,4.017,30871.473
2025-09-22 23:00:00,4.017,4.038,4.01,4.036,36233.527
2025-09-23 00:00:00,4.036,4.059,4.016,4.018,83006.775
2025-09-23 01:00:00,4.018,4.02,3.983,3.983,75513.841
2025-09-23 02:00:00,3.983,3.998,3.954,3.956,55108.168
2025-09-23 03:00:00,3.956,4.032,3.937,4.019,135840.215
2025-09-23 04:00:00,4.019,4.04,3.99,4.0,89090.632
2025-09-23 05:00:00,4.0,4.021,3.986,3.993,98259.271
2025-09-23 06:00:00,3.993,4.039,3.986,4.029,119117.266
2025-09-23 07:00:00,4.029,4.045,4.013,4.013,54283.237
2025-09-23 08:00:00,4.013,4.044,4.01,4.032,112759.142
2025-09-23 09:00:00,4.032,4.043,4.0,4.008,51148.884
2025-09-23 10:00:00,4.008,4.034,4.003,4.028,108274.829
2025-09-23 11:00:00,4.028,4.028,4.002,4.02,28286.113
2025-09-23 12:00:00,4.02,4.043,4.014,4.033,76774.709
2025-09-23 13:00:00,4.033,4.044,4.011,4.02,47808.024
2025-09-23 14:00:00,4.02,4.051,4.012,4.013,76543.264
2025-09-23 15:00:00,4.013,4.048,3.997,4.033,66833.22
2025-09-23 16:00:00,4.033,4.056,4.005,4.039,67161.987
2025-09-23 17:00:00,4.039,4.041,3.978,3.984,96571.787
2025-09-23 18:00:00,3.984,3.999,3.961,3.97,38913.855
2025-09-23 19:00:00,3.97,4.001,3.959,3.967,59089.532
2025-09-23 20:00:00,3.967,3.994,3.96,3.994,36751.468
2025-09-23 21:00:00,3.994,4.015,3.977,4.008,61891.239
2025-09-23 22:00:00,4.008,4.012,3.985,3.993,21163.383
2025-09-23 23:00:00,3.993,4.003,3.964,3.965,54594.282
2025-09-24 00:00:00,3.965,4.005,3.958,3.979,94620.088
2025-09-24 01:00:00,3.979,4.02,3.97,4.019,42419.087
2025-09-24 02:00:00,4.019,4.022,3.983,4.0,54301.888
2025-09-24 03:00:00,4.0,4.007,3.931,3.942,136974.102
2025-09-24 04:00:00,3.942,4.001,3.891,3.972,204418.766
2025-09-24 05:00:00,3.972,4.034,3.97,4.033,113231.808
2025-09-24 06:00:00,4.033,4.047,4.016,4.036,386625.632
2025-09-24 07:00:00,4.036,4.039,4.015,4.032,56945.046
2025-09-24 08:00:00,4.032,4.041,4.025,4.037,245223.134
2025-09-24 09:00:00,4.037,4.053,4.026,4.042,363742.166
2025-09-24 10:00:00,4.042,4.058,4.037,4.054,107099.702
2025-09-24 11:00:00,4.054,4.082,4.051,4.066,122636.937
2025-09-24 12:00:00,4.066,4.074,4.051,4.062,66048.177
2025-09-24 13:00:00,4.062,4.081,4.053,4.054,138350.711
2025-09-24 14:00:00,4.054,4.116,4.052,4.093,112847.545
2025-09-24 15:00:00,4.093,4.099,4.059,4.062,158384.717
2025-09-24 16:00:00,4.062,4.071,4.047,4.062,81614.375
2025-09-24 17:00:00,4.062,4.068,4.046,4.053,77305.01
2025-09-24 18:00:00,4.053,4.059,4.033,4.042,52586.014
2025-09-24 19:00:00,4.042,4.047,4.023,4.039,76894.83
2025-09-24 20:00:00,4.039,4.052,4.013,4.032,63241.968
2025-09-24 21:00:00,4.032,4.04,3.987,3.997,46332.259
2025-09-24 22:00:00,3.997,4.017,3.995,4.004,60743.829
2025-09-24 23:00:00,4.004,4.012,3.979,3.992,52043.056
2025-09-25 00:00:00,3.992,4.004,3.958,3.968,81185.57
2025-09-25 01:00:00,3.968,3.979,3.942,3.954,118610.341
2025-09-25 02:00:00,3.954,4.003,3.935,3.984,113150.142
2025-09-25 03:00:00,3.984,3.985,3.923,3.954,258275.963
2025-09-25 04:00:00,3.954,3.964,3.875,3.901,168510.059
2025-09-25 05:00:00,3.901,3.955,3.885,3.94,78763.728
2025-09-25 06:00:00,3.94,3.944,3.903,3.908,70189.808
2025-09-25 07:00:00,3.908,3.936,3.902,3.908,93842.268
2025-09-25 08:00:00,3.908,3.929,3.891,3.919,91960.008
2025-09-25 09:00:00,3.919,3.958,3.909,3.911,72055.103
2025-09-25 10:00:00,3.911,3.942,3.909,3.918,42640.261
2025-09-25 11:00:00,3.918,3.929,3.883,3.902,101083.196
2025-09-25 12:00:00,3.902,3.922,3.83,3.901,323894.055
2025-09-25 13:00:00,3.901,3.964,3.88,3.917,195023.645
2025-09-25 14:00:00,3.917,3.991,3.917,3.953,99356.332
2025-09-25 15:00:00,3.953,3.959,3.914,3.931,50279.337
2025-09-25 16:00:00,3.931,3.939,3.866,3.874,45406.455
2025-09-25 17:00:00,3.874,3.877,3.777,3.793,337985.143
2025-09-25 18:00:00,3.793,3.895,3.776,3.892,250283.297
2025-09-25 19:00:00,3.892,3.911,3.854,3.857,58867.302
2025-09-25 20:00:00,3.857,3.869,3.812,3.824,41386.977
2025-09-25 21:00:00,3.824,3.866,3.808,3.847,41904.93
2025-09-25 22:00:00,3.847,3.869,3.817,3.829,42156.969
2025-09-25 23:00:00,3.829,3.85,3.772,3.803,98958.833
2025-09-26 00:00:00,3.803,3.856,3.794,3.851,65291.814
2025-09-26 01:00:00,3.851,3.862,3.832,3.844,54579.569
2025-09-26 02:00:00,3.844,3.862,3.822,3.829,30393.149
2025-09-26 03:00:00,3.829,3.84,3.809,3.836,34645.237
2025-09-26 04:00:00,3.836,3.851,3.823,3.833,45918.877
2025-09-26 05:00:00,3.833,3.86,3.818,3.826,141507.361
2025-09-26 06:00:00,3.826,3.848,3.804,3.817,68512.288
2025-09-26 07:00:00,3.817,3.843,3.802,3.833,108421.956
2025-09-26 08:00:00,3.833,3.853,3.831,3.836,131821.727
2025-09-26 09:00:00,3.836,3.847,3.805,3.818,34596.5
2025-09-26 10:00:00,3.818,3.822,3.78,3.796,76415.088
2025-09-26 11:00:00,3.796,3.83,3.776,3.821,47288.413
2025-09-26 12:00:00,3.821,3.882,3.785,3.863,224199.933
2025-09-26 13:00:00,3.863,3.902,3.85,3.89,136116.7
2025-09-26 14:00:00,3.89,3.896,3.853,3.863,52473.708
2025-09-26 15:00:00,3.863,3.909,3.862,3.899,50511.366
2025-09-26 16:00:00,3.899,3.944,3.897,3.934,115541.725
2025-09-26 17:00:00,3.934,3.968,3.928,3.957,112744.417
2025-09-26 18:00:00,3.957,3.97,3.943,3.953,43362.16
2025-09-26 19:00:00,3.953,3.953,3.902,3.921,51068.114
2025-09-26 20:00:00,3.921,3.939,3.909,3.916,62242.022
2025-09-26 21:00:00,3.916,3.928,3.907,3.926,29049.397
2025-09-26 22:00:00,3.926,3.94,3.921,3.923,12943.952
2025-09-26 23:00:00,3.923,3.928,3.91,3.926,21985.273
2025-09-27 00:00:00,3.926,3.926,3.91,3.921,10696.361
2025-09-27 01:00:00,3.921,3.923,3.899,3.91,19915.06
2025-09-27 02:00:00,3.91,3.915,3.902,3.903,44473.185
2025-09-27 03:00:00,3.903,3.923,3.902,3.908,30813.691
2025-09-27 04:00:00,3.908,3.92,3.899,3.904,60088.865
2025-09-27 05:00:00,3.904,3.906,3.883,3.899,84238.288
2025-09-27 06:00:00,3.899,3.899,3.885,3.894,15903.233
2025-09-27 07:00:00,3.894,3.9,3.875,3.886,25172.083
2025-09-27 08:00:00,3.886,3.886,3.861,3.863,29724.581
2025-09-27 09:00:00,3.863,3.879,3.851,3.876,23888.254
2025-09-27 10:00:00,3.876,3.894,3.867,3.882,72275.24
2025-09-27 11:00:00,3.882,3.886,3.875,3.878,12319.518
2025-09-27 12:00:00,3.878,3.894,3.868,3.892,47638.392
2025-09-27 13:00:00,3.892,3.894,3.882,3.885,14820.292
2025-09-27 14:00:00,3.885,3.89,3.874,3.879,38678.089
2025-09-27 15:00:00,3.879,3.899,3.86,3.896,76136.766
2025-09-27 16:00:00,3.896,3.898,3.877,3.881,30634.958
2025-09-27 17:00:00,3.881,3.881,3.854,3.869,94436.588
2025-09-27 18:00:00,3.869,3.873,3.854,3.873,37316.748
2025-09-27 19:00:00,3.873,3.878,3.865,3.877,23997.179
2025-09-27 20:00:00,3.877,3.883,3.868,3.874,23294.781
2025-09-27 21:00:00,3.874,3.894,3.871,3.891,11866.737
2025-09-27 22:00:00,3.891,3.916,3.891,3.902,71941.488
2025-09-27 23:00:00,3.902,3.908,3.888,3.89,14512.016
2025-09-28 00:00:00,3.89,3.89,3.858,3.859,91566.251
2025-09-28 01:00:00,3.859,3.863,3.824,3.83,33044.457
2025-09-28 02:00:00,3.83,3.843,3.824,3.834,14467.464
2025-09-28 03:00:00,3.834,3.842,3.822,3.836,14959.166
2025-09-28 04:00:00,3.836,3.836,3.821,3.829,9563.466
2025-09-28 05:00:00,3.829,3.839,3.818,3.827,16229.631
2025-09-28 06:00:00,3.827,3.83,3.805,3.819,24763.866
2025-09-28 07:00:00,3.819,3.832,3.81,3.829,28111.558
2025-09-28 08:00:00,3.829,3.834,3.806,3.812,72760.745
2025-09-28 09:00:00,3.812,3.816,3.797,3.806,31696.35
2025-09-28 10:00:00,3.806,3.822,3.793,3.822,26156.437
2025-09-28 11:00:00,3.822,3.822,3.802,3.814,18369.112
2025-09-28 12:00:00,3.814,3.816,3.797,3.81,31622.807
2025-09-28 13:00:00,3.81,3.869,3.808,3.863,122838.004
2025-09-28 14:00:00,3.863,3.87,3.853,3.865,55450.845
2025-09-28 15:00:00,3.865,3.872,3.855,3.865,66554.199
2025-09-28 16:00:00,3.865,3.895,3.865,3.883,40642.785
2025-09-28 17:00:00,3.883,3.895,3.872,3.888,18997.733
2025-09-28 18:00:00,3.888,3.909,3.884,3.906,37977.635
2025-09-28 19:00:00,3.906,3.911,3.888,3.901,53292.252
2025-09-28 20:00:00,3.901,3.941,3.897,3.936,101952.188
2025-09-28 21:00:00,3.936,3.962,3.936,3.962,26639.267
2025-09-28 22:00:00,3.962,4.028,3.962,4.003,151446.053
2025-09-28 23:00:00,4.003,4.008,3.988,3.996,55422.063
2025-09-29 00:00:00,3.996,4.008,3.967,3.989,151851.713
2025-09-29 01:00:00,3.989,3.995,3.965,3.965,68559.485
2025-09-29 02:00:00,3.965,3.991,3.96,3.982,58862.669
2025-09-29 03:00:00,3.982,3.989,3.969,3.985,21960.939
2025-09-29 04:00:00,3.985,3.988,3.965,3.979,48870.723
2025-09-29 05:00:00,3.979,3.981,3.946,3.964,41929.15
2025-09-29 06:00:00,3.964,3.965,3.939,3.94,36878.152
2025-09-29 07:00:00,3.94,3.952,3.925,3.941,30252.681
2025-09-29 08:00:00,3.941,3.994,3.931,3.989,160636.425
2025-09-29 09:00:00,3.989,4.003,3.964,3.972,152042.89
2025-09-29 10:00:00,3.972,3.986,3.946,3.949,68044.625
2025-09-29 11:00:00,3.949,3.951,3.916,3.934,93078.394
2025-09-29 12:00:00,3.934,3.949,3.898,3.906,47243.673
2025-09-29 13:00:00,3.906,3.957,3.859,3.943,152169.534
2025-09-29 14:00:00,3.943,4.002,3.941,3.985,121842.178
2025-09-29 15:00:00,3.985,4.002,3.952,3.957,69456.994
2025-09-29 16:00:00,3.957,3.981,3.933,3.936,55091.361
2025-09-29 17:00:00,3.936,3.963,3.917,3.958,58658.218
2025-09-29 18:00:00,3.958,3.96,3.938,3.952,25790.99
2025-09-29 19:00:00,3.952,3.98,3.944,3.976,44478.685
2025-09-29 20:00:00,3.976,4.023,3.972,4.019,92538.042
2025-09-29 21:00:00,4.019,4.022,3.997,4.0,55877.213
2025-09-29 22:00:00,4.0,4.012,3.987,3.997,48545.818
2025-09-29 23:00:00,3.997,3.997,3.98,3.981,59385.724
2025-09-30 00:00:00,3.981,3.992,3.95,3.953,68125.289
2025-09-30 01:00:00,3.953,3.974,3.929,3.942,45327.531
2025-09-30 02:00:00,3.942,3.955,3.928,3.932,38680.066
2025-09-30 03:00:00,3.932,3.953,3.93,3.934,24663.592
2025-09-30 04:00:00,3.934,3.94,3.923,3.923,16729.175
2025-09-30 05:00:00,3.923,3.938,3.915,3.93,18519.82
2025-09-30 06:00:00,3.93,3.94,3.92,3.923,27089.862
2025-09-30 07:00:00,3.923,3.935,3.897,3.902,88847.371
2025-09-30 08:00:00,3.902,3.906,3.885,3.885,31063.382
2025-09-30 09:00:00,3.885,3.889,3.86,3.864,60005.802
2025-09-30 10:00:00,3.864,3.884,3.86,3.877,33149.663
2025-09-30 11:00:00,3.877,3.906,3.864,3.905,30068.785
2025-09-30 12:00:00,3.905,3.905,3.876,3.878,36886.576
2025-09-30 13:00:00,3.878,3.909,3.864,3.882,104446.44
2025-09-30 14:00:00,3.882,3.89,3.857,3.88,53547.513
2025-09-30 15:00:00,3.88,3.88,3.808,3.838,132056.411
2025-09-30 16:00:00,3.838,3.838,3.808,3.822,60702.156
2025-09-30 17:00:00,3.822,3.84,3.814,3.819,66076.293
2025-09-30 18:00:00,3.819,3.856,3.809,3.853,54219.17
2025-09-30 19:00:00,3.853,3.907,3.842,3.902,57673.626
2025-09-30 20:00:00,3.902,3.929,3.895,3.925,47382.027
2025-09-30 21:00:00,3.925,3.934,3.903,3.903,45771.487
2025-09-30 22:00:00,3.903,3.927,3.887,3.892,65734.075
2025-09-30 23:00:00,3.892,3.908,3.88,3.908,65844.698
2025-10-01 00:00:00,3.908,3.92,3.884,3.903,63383.828
2025-10-01 01:00:00,3.903,3.938,3.897,3.937,57417.996
2025-10-01 02:00:00,3.937,3.939,3.914,3.915,24154.607
2025-10-01 03:00:00,3.915,3.926,3.891,3.896,107993.945
2025-10-01 04:00:00,3.896,3.929,3.89,3.912,38420.643
2025-10-01 05:00:00,3.912,3.937,3.912,3.925,16725.549
2025-10-01 06:00:00,3.925,3.926,3.893,3.896,24295.048
2025-10-01 07:00:00,3.896,3.924,3.892,3.915,34559.267
2025-10-01 08:00:00,3.915,4.081,3.912,4.075,438363.852
2025-10-01 09:00:00,4.075,4.11,4.072,4.109,184452.264
2025-10-01 10:00:00,4.109,4.11,4.073,4.079,62719.668
2025-10-01 11:00:00,4.079,4.099,4.075,4.08,77030.682
2025-10-01 12:00:00,4.08,4.087,4.044,4.046,112855.353
2025-10-01 13:00:00,4.046,4.068,4.041,4.05,38027.333
2025-10-01 14:00:00,4.05,4.085,4.043,4.067,85733.791
2025-10-01 15:00:00,4.067,4.084,4.051,4.073,123935.436
2025-10-01 16:00:00,4.073,4.083,4.051,4.06,64408.765
2025-10-01 17:00:00,4.06,4.075,4.05,4.058,68683.187
2025-10-01 18:00:00,4.058,4.108,4.057,4.1,72207.286
2025-10-01 19:00:00,4.1,4.122,4.095,4.111,66235.611
2025-10-01 20:00:00,4.111,4.117,4.096,4.107,55864.354
2025-10-01 21:00:00,4.107,4.107,4.086,4.096,50261.718
2025-10-01 22:00:00,4.096,4.113,4.087,4.101,37746.747
2025-10-01 23:00:00,4.101,4.125,4.094,4.125,36705.826
2025-10-02 00:00:00,4.125,4.144,4.104,4.105,71943.811
2025-10-02 01:00:00,4.105,4.162,4.1,4.159,47902.72
2025-10-02 02:00:00,4.159,4.185,4.142,4.18,47142.715
2025-10-02 03:00:00,4.18,4.185,4.17,4.174,83028.558
2025-10-02 04:00:00,4.174,4.197,4.159,4.195,40791.125
2025-10-02 05:00:00,4.195,4.212,4.181,4.198,52989.096
2025-10-02 06:00:00,4.198,4.25,4.198,4.224,86713.881
2025-10-02 07:00:00,4.224,4.233,4.193,4.194,93417.686
2025-10-02 08:00:00,4.194,4.203,4.179,4.194,72563.066
2025-10-02 09:00:00,4.194,4.214,4.183,4.209,48761.089
2025-10-02 10:00:00,4.209,4.246,4.204,4.24,57143.435
2025-10-02 11:00:00,4.24,4.268,4.235,4.253,148896.737
2025-10-02 12:00:00,4.253,4.285,4.247,4.274,75097.604
2025-10-02 13:00:00,4.274,4.316,4.243,4.278,220302.216
2025-10-02 14:00:00,4.278,4.282,4.185,4.209,258239.176
2025-10-02 15:00:00,4.209,4.242,4.172,4.241,166489.293
2025-10-02 16:00:00,4.241,4.279,4.23,4.267,123498.758
2025-10-02 17:00:00,4.267,4.309,4.255,4.295,120409.581
2025-10-02 18:00:00,4.295,4.339,4.295,4.316,95602.245
2025-10-02 19:00:00,4.316,4.333,4.308,4.316,76170.671
2025-10-02 20:00:00,4.316,4.325,4.29,4.316,53774.841
2025-10-02 21:00:00,4.316,4.329,4.302,4.302,53884.631
2025-10-02 22:00:00,4.302,4.318,4.293,4.297,48294.425
2025-10-02 23:00:00,4.297,4.31,4.284,4.306,45898.248
2025-10-03 00:00:00,4.306,4.311,4.246,4.253,102078.401
2025-10-03 01:00:00,4.253,4.266,4.224,4.23,50622.072
2025-10-03 02:00:00,4.23,4.255,4.224,4.241,31526.483
2025-10-03 03:00:00,4.241,4.279,4.235,4.24,35120.33
2025-10-03 04:00:00,4.24,4.281,4.237,4.265,30981.475
2025-10-03 05:00:00,4.265,4.268,4.219,4.229,42447.464
2025-10-03 06:00:00,4.229,4.244,4.192,4.211,57763.428
2025-10-03 07:00:00,4.211,4.215,4.187,4.203,171300.693
2025-10-03 08:00:00,4.203,4.232,4.178,4.224,114920.779
2025-10-03 09:00:00,4.224,4.237,4.205,4.231,40903.853
2025-10-03 10:00:00,4.231,4.249,4.22,4.236,13498.187
2025-10-03 11:00:00,4.236,4.238,4.214,4.227,17761.839
2025-10-03 12:00:00,4.227,4.241,4.217,4.238,43058.674
2025-10-03 13:00:00,4.238,4.277,4.201,4.261,95376.042
2025-10-03 14:00:00,4.261,4.274,4.201,4.262,81585.411
2025-10-03 15:00:00,4.262,4.323,4.248,4.319,93492.209
2025-10-03 16:00:00,4.319,4.381,4.309,4.314,224118.724
2025-10-03 17:00:00,4.314,4.316,4.24,4.263,278850.306
2025-10-03 18:00:00,4.263,4.318,4.24,4.316,47681.807
2025-10-03 19:00:00,4.316,4.347,4.305,4.316,92140.311
2025-10-03 20:00:00,4.316,4.335,4.295,4.334,153969.322
2025-10-03 21:00:00,4.334,4.34,4.315,4.326,41618.924
2025-10-03 22:00:00,4.326,4.343,4.326,4.334,44065.285
2025-10-03 23:00:00,4.334,4.335,4.316,4.319,22217.259
2025-10-04 00:00:00,4.319,4.327,4.295,4.318,30335.608
2025-10-04 01:00:00,4.318,4.32,4.266,4.275,62153.949
2025-10-04 02:00:00,4.275,4.291,4.254,4.288,18279.562
2025-10-04 03:00:00,4.288,4.292,4.251,4.269,33444.46
2025-10-04 04:00:00,4.269,4.278,4.248,4.261,24354.327
2025-10-04 05:00:00,4.261,4.296,4.257,4.288,54348.857
2025-10-04 06:00:00,4.288,4.31,4.278,4.296,35958.801
2025-10-04 07:00:00,4.296,4.296,4.268,4.278,45535.012
2025-10-04 08:00:00,4.278,4.282,4.227,4.233,139530.256
2025-10-04 09:00:00,4.233,4.251,4.207,4.21,49842.221
2025-10-04 10:00:00,4.21,4.229,4.194,4.2,48952.504
2025-10-04 11:00:00,4.2,4.216,4.191,4.205,24560.105
2025-10-04 12:00:00,4.205,4.221,4.196,4.197,36822.964
2025-10-04 13:00:00,4.197,4.247,4.195,4.223,83534.513
2025-10-04 14:00:00,4.223,4.234,4.179,4.179,30929.661
2025-10-04 15:00:00,4.179,4.192,4.138,4.152,155015.56
2025-10-04 16:00:00,4.152,4.174,4.135,4.169,60036.151
2025-10-04 17:00:00,4.169,4.182,4.159,4.172,35086.462
2025-10-04 18:00:00,4.172,4.177,4.154,4.157,20380.161
2025-10-04 19:00:00,4.157,4.18,4.157,4.175,52472.77
2025-10-04 20:00:00,4.175,4.19,4.17,4.17,17852.774
2025-10-04 21:00:00,4.17,4.194,4.168,4.183,26647.803
2025-10-04 22:00:00,4.183,4.208,4.178,4.198,52448.898
2025-10-04 23:00:00,4.198,4.205,4.188,4.19,23030.43
2025-10-05 00:00:00,4.19,4.21,4.166,4.169,23861.361
2025-10-05 01:00:00,4.169,4.198,4.168,4.195,14199.72
2025-10-05 02:00:00,4.195,4.267,4.188,4.265,101425.706
2025-10-05 03:00:00,4.265,4.277,4.242,4.248,84853.358
2025-10-05 04:00:00,4.248,4.303,4.24,4.29,132009.016
2025-10-05 05:00:00,4.29,4.314,4.283,4.308,72534.489
2025-10-05 06:00:00,4.308,4.309,4.277,4.282,29741.837
2025-10-05 07:00:00,4.282,4.357,4.282,4.357,127711.75
2025-10-05 08:00:00,4.357,4.376,4.314,4.323,106910.858
2025-10-05 09:00:00,4.323,4.327,4.273,4.276,184050.228
2025-10-05 10:00:00,4.276,4.285,4.246,4.261,80598.979
2025-10-05 11:00:00,4.261,4.268,4.231,4.265,56648.428
2025-10-05 12:00:00,4.265,4.265,4.229,4.229,40015.797
2025-10-05 13:00:00,4.229,4.256,4.228,4.242,18701.107
2025-10-05 14:00:00,4.242,4.265,4.212,4.229,39778.992
2025-10-05 15:00:00,4.229,4.251,4.225,4.241,60247.523
2025-10-05 16:00:00,4.241,4.252,4.202,4.239,99061.335
2025-10-05 17:00:00,4.239,4.247,4.162,4.176,118848.543
2025-10-05 18:00:00,4.176,4.194,4.161,4.185,75787.985
2025-10-05 19:00:00,4.185,4.185,4.075,4.1,324036.915
2025-10-05 20:00:00,4.1,4.134,4.079,4.12,86348.864
2025-10-05 21:00:00,4.12,4.134,4.113,4.128,37618.127
2025-10-05 22:00:00,4.128,4.146,4.119,4.143,45912.076
2025-10-05 23:00:00,4.143,4.15,4.133,4.135,48231.889
2025-10-06 00:00:00,4.135,4.183,4.11,4.126,166208.797
2025-10-06 01:00:00,4.126,4.172,4.113,4.149,34655.423
2025-10-06 02:00:00,4.149,4.176,4.127,4.16,35638.191
2025-10-06 03:00:00,4.16,4.169,4.151,4.159,13253.307
2025-10-06 04:00:00,4.159,4.17,4.143,4.146,23914.624
2025-10-06 05:00:00,4.146,4.17,4.135,4.168,21458.126
2025-10-06 06:00:00,4.168,4.197,4.165,4.179,34182.343
2025-10-06 07:00:00,4.179,4.192,4.147,4.162,60546.776
2025-10-06 08:00:00,4.162,4.194,4.162,4.183,49829.138
2025-10-06 09:00:00,4.183,4.199,4.172,4.194,136768.868
2025-10-06 10:00:00,4.194,4.219,4.184,4.219,61381.741
2025-10-06 11:00:00,4.219,4.239,4.205,4.216,87692.65
2025-10-06 12:00:00,4.216,4.261,4.212,4.259,218194.408
2025-10-06 13:00:00,4.259,4.436,4.258,4.392,580585.786
2025-10-06 14:00:00,4.392,4.41,4.348,4.361,345365.13
2025-10-06 15:00:00,4.361,4.413,4.361,4.378,116819.383
2025-10-06 16:00:00,4.378,4.393,4.349,4.367,72900.064
2025-10-06 17:00:00,4.367,4.399,4.357,4.384,136415.342
2025-10-06 18:00:00,4.384,4.396,4.369,4.391,77486.853
2025-10-06 19:00:00,4.391,4.406,4.377,4.39,55712.475
2025-10-06 20:00:00,4.39,4.4,4.372,4.379,57735.603
2025-10-06 21:00:00,4.379,4.398,4.352,4.388,96871.989
2025-10-06 22:00:00,4.388,4.409,4.381,4.394,178162.778
2025-10-06 23:00:00,4.394,4.403,4.378,4.397,58861.948
2025-10-07 00:00:00,4.397,4.413,4.376,4.41,102552.006
2025-10-07 01:00:00,4.41,4.434,4.386,4.398,159402.617
2025-10-07 02:00:00,4.398,4.403,4.372,4.374,39344.296
2025-10-07 03:00:00,4.374,4.39,4.361,4.367,37081.683
2025-10-07 04:00:00,4.367,4.387,4.33,4.38,96781.653
2025-10-07 05:00:00,4.38,4.382,4.358,4.362,23002.966
2025-10-07 06:00:00,4.362,4.366,4.293,4.293,90688.504
2025-10-07 07:00:00,4.293,4.315,4.28,4.291,46881.395
2025-10-07 08:00:00,4.291,4.304,4.249,4.297,92366.532
2025-10-07 09:00:00,4.297,4.316,4.293,4.304,34072.194
2025-10-07 10:00:00,4.304,4.336,4.289,4.322,110188.734
2025-10-07 11:00:00,4.322,4.336,4.312,4.33,58387.025
2025-10-07 12:00:00,4.33,4.362,4.318,4.361,77535.536
2025-10-07 13:00:00,4.361,4.364,4.27,4.313,158195.491
2025-10-07 14:00:00,4.313,4.318,4.199,4.208,194102.195
2025-10-07 15:00:00,4.208,4.224,4.13,4.155,409819.025
2025-10-07 16:00:00,4.155,4.202,4.108,4.181,276286.822
2025-10-07 17:00:00,4.181,4.196,4.151,4.152,37437.056
2025-10-07 18:00:00,4.152,4.164,4.139,4.142,32576.979
2025-10-07 19:00:00,4.142,4.165,4.131,4.142,36420.245
2025-10-07 20:00:00,4.142,4.191,4.138,4.17,28225.924
2025-10-07 21:00:00,4.17,4.187,4.15,4.16,16842.392
2025-10-07 22:00:00,4.16,4.181,4.15,4.167,8576.135
2025-10-07 23:00:00,4.167,4.169,4.134,4.139,45439.513
2025-10-08 00:00:00,4.139,4.186,4.134,4.171,29905.922
2025-10-08 01:00:00,4.171,4.182,4.157,4.17,31803.861
2025-10-08 02:00:00,4.17,4.178,4.148,4.154,27405.035
2025-10-08 03:00:00,4.154,4.154,4.085,4.099,160125.121
2025-10-08 04:00:00,4.099,4.119,4.063,4.113,108640.657
2025-10-08 05:00:00,4.113,4.119,4.076,4.105,132718.144
2025-10-08 06:00:00,4.105,4.132,4.097,4.129,76456.944
2025-10-08 07:00:00,4.129,4.156,4.123,4.154,98845.382
2025-10-08 08:00:00,4.154,4.166,4.113,4.145,148323.939
2025-10-08 09:00:00,4.145,4.149,4.123,4.133,43299.579
2025-10-08 10:00:00,4.133,4.178,4.132,4.177,53702.586
2025-10-08 11:00:00,4.177,4.186,4.148,4.154,34438.709
2025-10-08 12:00:00,4.154,4.165,4.14,4.146,39808.175
2025-10-08 13:00:00,4.146,4.157,4.113,4.155,61201.162
2025-10-08 14:00:00,4.155,4.199,4.122,4.131,76103.56
2025-10-08 15:00:00,4.131,4.16,4.13,4.137,23463.5
2025-10-08 16:00:00,4.137,4.176,4.128,4.175,33527.008
2025-10-08 17:00:00,4.175,4.242,4.172,4.232,72853.492
2025-10-08 18:00:00,4.232,4.24,4.204,4.222,58952.166
2025-10-08 19:00:00,4.222,4.231,4.198,4.219,125052.652
2025-10-08 20:00:00,4.219,4.229,4.191,4.194,21078.829
2025-10-08 21:00:00,4.194,4.222,4.193,4.206,17197.146
2025-10-08 22:00:00,4.206,4.224,4.203,4.204,11219.667
2025-10-08 23:00:00,4.204,4.211,4.187,4.195,18282.879
2025-10-09 00:00:00,4.195,4.198,4.17,4.171,37786.601
2025-10-09 01:00:00,4.171,4.172,4.125,4.142,142194.177
2025-10-09 02:00:00,4.142,4.142,4.066,4.077,100878.226
2025-10-09 03:00:00,4.077,4.118,4.076,4.11,82974.745
2025-10-09 04:00:00,4.11,4.125,4.101,4.125,23146.822
2025-10-09 05:00:00,4.125,4.13,4.097,4.106,42075.24
2025-10-09 06:00:00,4.106,4.107,4.081,4.089,60513.185
2025-10-09 07:00:00,4.089,4.096,4.054,4.056,56358.303
2025-10-09 08:00:00,4.056,4.06,3.984,3.987,229304.849
2025-10-09 09:00:00,3.987,4.041,3.986,4.021,223701.021
2025-10-09 10:00:00,4.021,4.038,4.006,4.029,101538.626
2025-10-09 11:00:00,4.029,4.052,4.029,4.037,25019.504
2025-10-09 12:00:00,4.037,4.079,4.034,4.071,45956.758
2025-10-09 13:00:00,4.071,4.074,4.011,4.013,128033.801
2025-10-09 14:00:00,4.013,4.039,3.98,4.016,154189.891
2025-10-09 15:00:00,4.016,4.033,3.985,4.005,54843.756
2025-10-09 16:00:00,4.005,4.019,3.963,3.974,106241.277
2025-10-09 17:00:00,3.974,4.063,3.971,4.036,148237.785
2025-10-09 18:00:00,4.036,4.04,4.018,4.018,72130.836
2025-10-09 19:00:00,4.018,4.043,4.017,4.035,65143.503
2025-10-09 20:00:00,4.035,4.051,4.026,4.035,27834.055
2025-10-09 21:00:00,4.035,4.05,4.031,4.049,38456.356
2025-10-09 22:00:00,4.049,4.105,4.045,4.085,94303.367
2025-10-09 23:00:00,4.085,4.087,4.055,4.074,90795.663
2025-10-10 00:00:00,4.074,4.095,4.074,4.08,16724.477
2025-10-10 01:00:00,4.08,4.094,4.071,4.083,16995.151
2025-10-10 02:00:00,4.083,4.089,4.062,4.07,20736.369
2025-10-10 03:00:00,4.07,4.151,4.051,4.115,68240.385
2025-10-10 04:00:00,4.115,4.132,4.094,4.111,48732.694
2025-10-10 05:00:00,4.111,4.15,4.084,4.147,51720.984
2025-10-10 06:00:00,4.147,4.151,4.09,4.102,53830.22
2025-10-10 07:00:00,4.102,4.102,4.075,4.081,57254.857
2025-10-10 08:00:00,4.081,4.106,4.064,4.106,57287.032
2025-10-10 09:00:00,4.106,4.146,4.095,4.103,113078.037
2025-10-10 10:00:00,4.103,4.145,4.103,4.14,51368.94
2025-10-10 11:00:00,4.14,4.187,4.132,4.178,141783.556
2025-10-10 12:00:00,4.178,4.24,4.171,4.234,125914.393
2025-10-10 13:00:00,4.234,4.289,4.204,4.246,481081.692
2025-10-10 14:00:00,4.246,4.27,4.176,4.194,152947.069
2025-10-10 15:00:00,4.194,4.2,4.011,4.058,633472.79
2025-10-10 16:00:00,4.058,4.088,4.02,4.026,138075.352
2025-10-10 17:00:00,4.026,4.038,3.982,3.996,217522.138
2025-10-10 18:00:00,3.996,4.023,3.972,3.979,101390.1
2025-10-10 19:00:00,3.979,3.987,3.878,3.929,253017.464
2025-10-10 20:00:00,3.929,3.968,3.66,3.706,755193.746
2025-10-10 21:00:00,3.706,3.752,0.966,2.824,4355212.785
2025-10-10 22:00:00,2.824,2.874,2.523,2.822,2226596.573
2025-10-10 23:00:00,2.822,3.063,2.77,2.918,2195263.984
2025-10-11 00:00:00,2.918,2.995,2.854,2.941,3059525.834
2025-10-11 01:00:00,2.941,2.964,2.879,2.901,938314.465
2025-10-11 02:00:00,2.901,3.182,2.897,3.14,1067748.161
2025-10-11 03:00:00,3.14,3.15,3.045,3.113,1326176.363
2025-10-11 04:00:00,3.113,3.189,3.094,3.177,612388.175
2025-10-11 05:00:00,3.177,3.184,3.09,3.126,462277.241
2025-10-11 06:00:00,3.126,3.207,3.114,3.156,571986.357
2025-10-11 07:00:00,3.156,3.209,3.141,3.19,491706.751
2025-10-11 08:00:00,3.19,3.285,3.16,3.278,797351.19
2025-10-11 09:00:00,3.278,3.302,3.237,3.256,1098863.613
2025-10-11 10:00:00,3.256,3.314,3.252,3.258,516961.35
2025-10-11 11:00:00,3.258,3.261,3.191,3.222,373074.339
2025-10-11 12:00:00,3.222,3.222,3.122,3.141,374900.888
2025-10-11 13:00:00,3.141,3.145,3.071,3.132,515726.542
2025-10-11 14:00:00,3.132,3.143,3.096,3.127,278937.849
2025-10-11 15:00:00,3.127,3.154,3.124,3.14,264936.945
2025-10-11 16:00:00,3.14,3.163,3.111,3.124,299749.498
2025-10-11 17:00:00,3.124,3.152,3.119,3.145,202749.999
2025-10-11 18:00:00,3.145,3.145,3.122,3.125,186337.866
2025-10-11 19:00:00,3.125,3.129,2.984,3.015,468157.045
2025-10-11 20:00:00,3.015,3.022,2.931,2.955,472858.043
2025-10-11 21:00:00,2.955,3.01,2.898,3.0,360113.233
2025-10-11 22:00:00,3.0,3.024,2.985,3.006,500523.667
2025-10-11 23:00:00,3.006,3.012,2.991,2.997,241312.468
2025-10-12 00:00:00,2.997,3.0,2.937,2.942,270665.156
2025-10-12 01:00:00,2.942,2.98,2.923,2.927,306452.875
2025-10-12 02:00:00,2.927,2.963,2.908,2.937,262215.195
2025-10-12 03:00:00,2.937,3.002,2.933,2.976,257065.935
2025-10-12 04:00:00,2.976,3.037,2.974,3.018,164643.267
2025-10-12 05:00:00,3.018,3.031,3.004,3.021,94986.296
2025-10-12 06:00:00,3.021,3.06,3.017,3.034,112816.171
2025-10-12 07:00:00,3.034,3.041,3.015,3.019,241061.357
2025-10-12 08:00:00,3.019,3.036,2.996,2.997,178225.302
2025-10-12 09:00:00,2.997,3.017,2.968,3.014,194276.322
2025-10-12 10:00:00,3.014,3.03,3.0,3.008,120280.24
2025-10-12 11:00:00,3.008,3.038,3.008,3.024,124661.342
2025-10-12 12:00:00,3.024,3.057,3.022,3.04,245337.802
2025-10-12 13:00:00,3.04,3.053,2.986,3.006,188859.22
2025-10-12 14:00:00,3.006,3.148,3.004,3.105,615883.563
2025-10-12 15:00:00,3.105,3.21,3.102,3.2,557624.904
2025-10-12 16:00:00,3.2,3.289,3.2,3.246,450880.386
2025-10-12 17:00:00,3.246,3.281,3.231,3.26,293107.512
2025-10-12 18:00:00,3.26,3.277,3.209,3.229,120522.514
2025-10-12 19:00:00,3.229,3.28,3.224,3.279,112880.381
2025-10-12 20:00:00,3.279,3.308,3.26,3.269,148719.738
2025-10-12 21:00:00,3.269,3.289,3.195,3.247,178773.603
2025-10-12 22:00:00,3.247,3.272,3.224,3.247,163041.711
2025-10-12 23:00:00,3.247,3.247,3.212,3.241,151524.474
2025-10-13 00:00:00,3.241,3.265,3.198,3.216,103749.552
2025-10-13 01:00:00,3.216,3.251,3.194,3.251,101773.583
2025-10-13 02:00:00,3.251,3.26,3.215,3.24,107464.417
2025-10-13 03:00:00,3.24,3.251,3.221,3.223,119752.68
2025-10-13 04:00:00,3.223,3.242,3.201,3.239,80731.973
2025-10-13 05:00:00,3.239,3.243,3.217,3.231,85828.377
2025-10-13 06:00:00,3.231,3.285,3.212,3.276,146144.101
2025-10-13 07:00:00,3.276,3.328,3.271,3.296,674147.972
2025-10-13 08:00:00,3.296,3.351,3.288,3.34,272134.834
2025-10-13 09:00:00,3.34,3.357,3.313,3.357,260383.88
2025-10-13 10:00:00,3.357,3.364,3.324,3.341,74027.708
2025-10-13 11:00:00,3.341,3.348,3.22,3.273,683507.683
2025-10-13 12:00:00,3.273,3.306,3.24,3.254,1340831.981
2025-10-13 13:00:00,3.254,3.349,3.238,3.336,696860.698
2025-10-13 14:00:00,3.336,3.346,3.259,3.273,326837.052
2025-10-13 15:00:00,3.273,3.334,3.273,3.319,97623.253
2025-10-13 16:00:00,3.319,3.339,3.286,3.319,165176.669
2025-10-13 17:00:00,3.319,3.378,3.307,3.371,187281.404
2025-10-13 18:00:00,3.371,3.4,3.351,3.363,149641.297
2025-10-13 19:00:00,3.363,3.409,3.358,3.395,425003.871
2025-10-13 20:00:00,3.395,3.422,3.379,3.419,694017.751
2025-10-13 21:00:00,3.419,3.444,3.402,3.406,274597.551
2025-10-13 22:00:00,3.406,3.425,3.396,3.405,84274.241
2025-10-13 23:00:00,3.405,3.409,3.367,3.374,147310.555
2025-10-14 00:00:00,3.374,3.399,3.359,3.385,84497.872
2025-10-14 01:00:00,3.385,3.385,3.349,3.359,59943.608
2025-10-14 02:00:00,3.359,3.359,3.313,3.319,113431.916
2025-10-14 03:00:00,3.319,3.319,3.29,3.3,109734.731
2025-10-14 04:00:00,3.3,3.311,3.236,3.253,198863.381
2025-10-14 05:00:00,3.253,3.279,3.196,3.216,271421.176
2025-10-14 06:00:00,3.216,3.237,3.07,3.134,569976.1
2025-10-14 07:00:00,3.134,3.159,3.098,3.115,233456.453
2025-10-14 08:00:00,3.115,3.171,3.092,3.145,982948.964
2025-10-14 09:00:00,3.145,3.174,3.142,3.155,100072.227
2025-10-14 10:00:00,3.155,3.155,3.074,3.116,141113.512
2025-10-14 11:00:00,3.116,3.163,3.115,3.139,126607.856
2025-10-14 12:00:00,3.139,3.142,3.092,3.099,143811.542
2025-10-14 13:00:00,3.099,3.152,3.066,3.132,244906.823
2025-10-14 14:00:00,3.132,3.194,3.119,3.159,200366.104
2025-10-14 15:00:00,3.159,3.24,3.144,3.238,223002.106
2025-10-14 16:00:00,3.238,3.284,3.212,3.227,167501.444
2025-10-14 17:00:00,3.227,3.264,3.185,3.24,174472.113
2025-10-14 18:00:00,3.24,3.278,3.238,3.253,79890.274
2025-10-14 19:00:00,3.253,3.281,3.188,3.235,1216428.67
2025-10-14 20:00:00,3.235,3.247,3.209,3.241,138390.993
2025-10-14 21:00:00,3.241,3.248,3.214,3.244,61928.293
2025-10-14 22:00:00,3.244,3.266,3.233,3.244,48079.876
2025-10-14 23:00:00,3.244,3.259,3.243,3.248,44526.459
2025-10-15 00:00:00,3.248,3.254,3.217,3.238,66749.61
2025-10-15 01:00:00,3.238,3.242,3.209,3.229,47919.903
2025-10-15 02:00:00,3.229,3.265,3.222,3.243,198139.535
2025-10-15 03:00:00,3.243,3.25,3.202,3.224,115772.885
2025-10-15 04:00:00,3.224,3.258,3.206,3.255,96929.729
2025-10-15 05:00:00,3.255,3.276,3.248,3.256,93154.028
2025-10-15 06:00:00,3.256,3.275,3.233,3.271,173879.809
2025-10-15 07:00:00,3.271,3.286,3.261,3.279,93857.89
2025-10-15 08:00:00,3.279,3.341,3.274,3.302,200134.65
2025-10-15 09:00:00,3.302,3.309,3.257,3.268,100734.162
2025-10-15 10:00:00,3.268,3.278,3.236,3.249,83533.317
2025-10-15 11:00:00,3.249,3.257,3.216,3.224,131874.44
2025-10-15 12:00:00,3.224,3.236,3.179,3.198,517642.124
2025-10-15 13:00:00,3.198,3.21,3.119,3.184,859694.689
2025-10-15 14:00:00,3.184,3.221,3.143,3.163,226157.058
2025-10-15 15:00:00,3.163,3.187,3.124,3.145,106521.133
2025-10-15 16:00:00,3.145,3.167,3.127,3.152,70475.094
2025-10-15 17:00:00,3.152,3.164,3.122,3.164,80306.74
2025-10-15 18:00:00,3.164,3.201,3.15,3.184,835989.06
2025-10-15 19:00:00,3.184,3.184,3.134,3.147,152464.73
2025-10-15 20:00:00,3.147,3.168,3.088,3.124,199865.886
2025-10-15 21:00:00,3.124,3.154,3.098,3.124,132408.937
2025-10-15 22:00:00,3.124,3.149,3.116,3.125,44350.844
2025-10-15 23:00:00,3.125,3.144,3.117,3.137,58247.525
2025-10-16 00:00:00,3.137,3.151,3.125,3.127,84557.846
2025-10-16 01:00:00,3.127,3.17,3.125,3.166,47951.2
2025-10-16 02:00:00,3.166,3.178,3.133,3.146,53906.637
2025-10-16 03:00:00,3.146,3.152,3.12,3.123,33992.357
2025-10-16 04:00:00,3.123,3.152,3.117,3.126,50532.24
2025-10-16 05:00:00,3.126,3.152,3.114,3.134,58719.466
2025-10-16 06:00:00,3.134,3.177,3.132,3.171,79312.82
2025-10-16 07:00:00,3.171,3.173,3.134,3.148,120084.775
2025-10-16 08:00:00,3.148,3.152,3.118,3.133,313957.389
2025-10-16 09:00:00,3.133,3.177,3.048,3.161,671429.774
2025-10-16 10:00:00,3.161,3.199,3.158,3.175,154429.993
2025-10-16 11:00:00,3.175,3.188,3.156,3.183,208828.793
2025-10-16 12:00:00,3.183,3.207,3.173,3.179,161076.836
2025-10-16 13:00:00,3.179,3.19,3.144,3.153,155034.52
2025-10-16 14:00:00,3.153,3.178,3.101,3.14,194848.523
2025-10-16 15:00:00,3.14,3.153,3.043,3.058,360444.844
2025-10-16 16:00:00,3.058,3.129,3.02,3.126,276960.628
2025-10-16 17:00:00,3.126,3.126,3.067,3.074,94638.34
2025-10-16 18:00:00,3.074,3.079,3.036,3.063,136991.547
2025-10-16 19:00:00,3.063,3.069,2.994,3.021,183886.782
2025-10-16 20:00:00,3.021,3.03,2.968,2.989,225623.605
2025-10-16 21:00:00,2.989,3.033,2.986,3.032,108679.663
2025-10-16 22:00:00,3.032,3.037,2.989,2.989,98787.167
2025-10-16 23:00:00,2.989,3.022,2.983,3.016,93612.158
2025-10-17 00:00:00,3.016,3.041,3.013,3.036,45541.442
2025-10-17 01:00:00,3.036,3.06,3.019,3.03,95624.602
2025-10-17 02:00:00,3.03,3.039,3.009,3.032,76675.782
2025-10-17 03:00:00,3.032,3.045,3.028,3.044,49156.638
2025-10-17 04:00:00,3.044,3.047,3.027,3.031,57475.996
2025-10-17 05:00:00,3.031,3.036,3.001,3.01,69158.853
2025-10-17 06:00:00,3.01,3.017,2.893,2.904,366997.208
2025-10-17 07:00:00,2.904,2.911,2.81,2.82,715512.607
2025-10-17 08:00:00,2.82,2.84,2.77,2.8,737558.588
2025-10-17 09:00:00,2.8,2.895,2.793,2.842,376481.772
2025-10-17 10:00:00,2.842,2.859,2.797,2.846,275895.053
2025-10-17 11:00:00,2.846,2.937,2.844,2.91,375975.386
2025-10-17 12:00:00,2.91,2.926,2.889,2.891,261348.895
2025-10-17 13:00:00,2.891,2.931,2.866,2.91,209036.467
2025-10-17 14:00:00,2.91,2.92,2.856,2.881,141185.273
2025-10-17 15:00:00,2.881,2.925,2.868,2.923,80740.71
2025-10-17 16:00:00,2.923,2.959,2.892,2.901,140801.617
2025-10-17 17:00:00,2.901,2.921,2.894,2.915,81566.691
2025-10-17 18:00:00,2.915,2.933,2.904,2.911,60627.243
2025-10-17 19:00:00,2.911,2.921,2.889,2.903,93443.324
2025-10-17 20:00:00,2.903,2.934,2.898,2.926,31345.688
2025-10-17 21:00:00,2.926,2.948,2.923,2.938,41579.192
2025-10-17 22:00:00,2.938,2.943,2.907,2.909,67889.811
2025-10-17 23:00:00,2.909,2.909,2.885,2.892,52461.108
2025-10-18 00:00:00,2.892,2.917,2.889,2.912,79554.158
2025-10-18 01:00:00,2.912,2.941,2.912,2.94,38063.302
2025-10-18 02:00:00,2.94,2.946,2.913,2.921,38104.738
2025-10-18 03:00:00,2.921,2.942,2.921,2.934,13908.474
2025-10-18 04:00:00,2.934,2.935,2.904,2.904,37674.001
2025-10-18 05:00:00,2.904,2.924,2.899,2.922,159528.126
2025-10-18 06:00:00,2.922,2.934,2.912,2.931,95636.822
2025-10-18 07:00:00,2.931,2.969,2.917,2.923,127505.691
2025-10-18 08:00:00,2.923,2.933,2.916,2.916,116570.328
2025-10-18 09:00:00,2.916,2.937,2.913,2.934,70574.329
2025-10-18 10:00:00,2.934,2.943,2.922,2.936,40755.017
2025-10-18 11:00:00,2.936,2.949,2.931,2.945,35758.762
2025-10-18 12:00:00,2.945,2.955,2.935,2.936,58948.409
2025-10-18 13:00:00,2.936,2.936,2.909,2.915,78994.683
2025-10-18 14:00:00,2.915,2.934,2.901,2.927,36563.229
2025-10-18 15:00:00,2.927,2.934,2.909,2.921,26555.017
2025-10-18 16:00:00,2.921,2.925,2.893,2.909,51682.18
2025-10-18 17:00:00,2.909,2.939,2.9,2.935,41677.503
2025-10-18 18:00:00,2.935,2.94,2.927,2.929,34896.552
2025-10-18 19:00:00,2.929,2.936,2.923,2.934,23640.196
2025-10-18 20:00:00,2.934,2.95,2.929,2.93,26194.306
2025-10-18 21:00:00,2.93,2.941,2.919,2.938,18734.686
2025-10-18 22:00:00,2.938,2.944,2.929,2.931,61804.172
2025-10-18 23:00:00,2.931,2.932,2.925,2.932,49015.932
2025-10-19 00:00:00,2.932,2.938,2.905,2.914,41171.951
2025-10-19 01:00:00,2.914,2.929,2.905,2.926,47853.953
2025-10-19 02:00:00,2.926,2.93,2.907,2.912,36836.838
2025-10-19 03:00:00,2.912,2.942,2.908,2.937,25703.196
2025-10-19 04:00:00,2.937,2.94,2.918,2.922,27750.338
2025-10-19 05:00:00,2.922,2.934,2.914,2.92,107386.23
2025-10-19 06:00:00,2.92,2.925,2.9,2.908,51385.922
2025-10-19 07:00:00,2.908,2.917,2.904,2.916,31109.959
2025-10-19 08:00:00,2.916,2.948,2.897,2.903,218925.914
2025-10-19 09:00:00,2.903,2.964,2.886,2.942,211338.735
2025-10-19 10:00:00,2.942,2.996,2.934,2.992,155621.001
2025-10-19 11:00:00,2.992,3.019,2.98,2.984,106426.256
2025-10-19 12:00:00,2.984,2.988,2.965,2.978,44633.686
2025-10-19 13:00:00,2.978,3.035,2.97,3.029,94322.285
2025-10-19 14:00:00,3.029,3.044,3.013,3.039,67862.396
2025-10-19 15:00:00,3.039,3.041,3.025,3.031,43899.282
2025-10-19 16:00:00,3.031,3.042,3.012,3.031,66195.524
2025-10-19 17:00:00,3.031,3.057,3.021,3.023,115774.152
2025-10-19 18:00:00,3.023,3.032,3.019,3.029,60660.568
2025-10-19 19:00:00,3.029,3.03,3.013,3.026,68498.12
2025-10-19 20:00:00,3.026,3.038,3.02,3.035,45913.102
2025-10-19 21:00:00,3.035,3.036,3.014,3.023,38071.319
2025-10-19 22:00:00,3.023,3.038,3.023,3.031,40400.037
2025-10-19 23:00:00,3.031,3.031,3.004,3.009,39926.25
2025-10-20 00:00:00,3.009,3.009,2.948,2.983,150042.092
2025-10-20 01:00:00,2.983,2.993,2.971,2.978,41989.825
2025-10-20 02:00:00,2.978,2.999,2.963,2.991,49510.048
2025-10-20 03:00:00,2.991,3.071,2.983,3.062,74059.536
2025-10-20 04:00:00,3.062,3.075,3.052,3.067,59992.283
2025-10-20 05:00:00,3.067,3.089,3.056,3.085,49471.163
2025-10-20 06:00:00,3.085,3.123,3.079,3.108,111471.577
2025-10-20 07:00:00,3.108,3.118,3.081,3.091,79692.232
2025-10-20 08:00:00,3.091,3.103,3.076,3.082,70735.341
2025-10-20 09:00:00,3.082,3.09,3.071,3.089,48300.645
2025-10-20 10:00:00,3.089,3.114,3.083,3.093,65532.749
2025-10-20 11:00:00,3.093,3.095,3.077,3.093,87817.721
2025-10-20 12:00:00,3.093,3.103,3.086,3.093,59149.051
2025-10-20 13:00:00,3.093,3.116,3.08,3.114,169536.673
2025-10-20 14:00:00,3.114,3.125,3.088,3.122,70261.832
2025-10-20 15:00:00,3.122,3.132,3.088,3.088,101806.54
2025-10-20 16:00:00,3.088,3.088,3.033,3.064,217478.798
2025-10-20 17:00:00,3.064,3.081,3.045,3.067,50050.511
2025-10-20 18:00:00,3.067,3.1,3.063,3.087,315966.385
2025-10-20 19:00:00,3.087,3.111,3.074,3.099,329367.808
2025-10-20 20:00:00,3.099,3.107,3.091,3.105,52570.108
2025-10-20 21:00:00,3.105,3.114,3.076,3.08,66814.924
2025-10-20 22:00:00,3.08,3.095,3.075,3.092,22053.224
2025-10-20 23:00:00,3.092,3.095,3.083,3.086,51817.213
2025-10-21 00:00:00,3.086,3.091,3.076,3.08,65824.684
2025-10-21 01:00:00,3.08,3.081,3.049,3.058,116948.371
2025-10-21 02:00:00,3.058,3.06,3.037,3.04,52809.778
2025-10-21 03:00:00,3.04,3.046,3.02,3.024,46791.249
2025-10-21 04:00:00,3.024,3.025,2.953,2.959,176083.71
2025-10-21 05:00:00,2.959,2.977,2.95,2.963,88921.756
2025-10-21 06:00:00,2.963,2.99,2.959,2.984,73922.035
2025-10-21 07:00:00,2.984,3.0,2.976,2.994,46674.843
2025-10-21 08:00:00,2.994,2.994,2.961,2.973,118964.543
2025-10-21 09:00:00,2.973,2.98,2.966,2.974,54946.144
2025-10-21 10:00:00,2.974,3.012,2.971,3.001,44972.252
2025-10-21 11:00:00,3.001,3.011,2.991,3.005,44872.31
2025-10-21 12:00:00,3.005,3.036,2.996,3.008,102019.717
2025-10-21 13:00:00,3.008,3.025,2.99,3.003,97168.009
2025-10-21 14:00:00,3.003,3.135,3.002,3.131,219624.209
2025-10-21 15:00:00,3.131,3.183,3.113,3.173,178295.351
2025-10-21 16:00:00,3.173,3.188,3.125,3.132,263797.702
2025-10-21 17:00:00,3.132,3.159,3.111,3.14,175768.972
2025-10-21 18:00:00,3.14,3.151,3.12,3.135,76621.47
2025-10-21 19:00:00,3.135,3.143,3.126,3.131,44331.482
2025-10-21 20:00:00,3.131,3.134,3.088,3.099,109452.695
2025-10-21 21:00:00,3.099,3.118,3.059,3.095,71489.664
2025-10-21 22:00:00,3.095,3.099,3.03,3.043,136301.878
2025-10-21 23:00:00,3.043,3.05,2.998,3.005,85455.493
2025-10-22 00:00:00,3.005,3.023,2.983,3.001,75809.567
2025-10-22 01:00:00,3.001,3.024,3.001,3.015,65867.835
2025-10-22 02:00:00,3.015,3.028,3.015,3.015,16123.914
2025-10-22 03:00:00,3.015,3.015,2.994,3.007,35337.138
2025-10-22 04:00:00,3.007,3.026,3.007,3.024,32103.775
2025-10-22 05:00:00,3.024,3.026,2.971,2.993,125569.658
2025-10-22 06:00:00,2.993,2.993,2.975,2.977,67872.158
2025-10-22 07:00:00,2.977,2.992,2.965,2.988,69766.111
2025-10-22 08:00:00,2.988,2.988,2.974,2.977,23488.571
2025-10-22 09:00:00,2.977,2.981,2.952,2.961,68674.479
2025-10-22 10:00:00,2.961,2.971,2.949,2.952,33990.972
2025-10-22 11:00:00,2.952,2.993,2.92,2.975,211162.81
2025-10-22 12:00:00,2.975,3.003,2.969,2.992,57111.718
2025-10-22 13:00:00,2.992,3.028,2.979,3.024,144249.388
2025-10-22 14:00:00,3.024,3.025,2.953,3.008,193087.72
2025-10-22 15:00:00,3.008,3.02,2.964,2.988,110994.832
2025-10-22 16:00:00,2.988,2.998,2.955,2.974,227347.976
2025-10-22 17:00:00,2.974,2.982,2.941,2.947,49298.548
2025-10-22 18:00:00,2.947,2.959,2.931,2.943,71170.625
2025-10-22 19:00:00,2.943,2.974,2.919,2.945,91490.525
2025-10-22 20:00:00,2.945,2.952,2.914,2.918,100289.098
2025-10-22 21:00:00,2.918,2.919,2.829,2.87,1192829.349
2025-10-22 22:00:00,2.87,2.888,2.853,2.867,240604.176
2025-10-22 23:00:00,2.867,2.924,2.866,2.918,201165.352
2025-10-23 00:00:00,2.918,2.933,2.913,2.928,78094.242
2025-10-23 01:00:00,2.928,2.947,2.928,2.93,86213.975
2025-10-23 02:00:00,2.93,2.936,2.927,2.931,14023.19
2025-10-23 03:00:00,2.931,2.939,2.918,2.921,59811.174
2025-10-23 04:00:00,2.921,2.937,2.915,2.926,55319.182
2025-10-23 05:00:00,2.926,2.933,2.917,2.929,56259.241
2025-10-23 06:00:00,2.929,2.985,2.926,2.977,122138.751
2025-10-23 07:00:00,2.977,2.98,2.957,2.967,47461.047
2025-10-23 08:00:00,2.967,2.987,2.967,2.977,51019.237
2025-10-23 09:00:00,2.977,2.979,2.966,2.971,67960.97
2025-10-23 10:00:00,2.971,2.983,2.97,2.974,111542.2
2025-10-23 11:00:00,2.974,2.981,2.958,2.962,62592.744
2025-10-23 12:00:00,2.962,2.962,2.935,2.96,115361.165
2025-10-23 13:00:00,2.96,2.988,2.944,2.976,102784.708
2025-10-23 14:00:00,2.976,2.979,2.944,2.966,113450.715
2025-10-23 15:00:00,2.966,3.008,2.961,2.994,115139.654
2025-10-23 16:00:00,2.994,3.023,2.989,3.017,112445.501
2025-10-23 17:00:00,3.017,3.037,2.99,3.031,161285.445
2025-10-23 18:00:00,3.031,3.034,2.994,2.998,98732.084
2025-10-23 19:00:00,2.998,3.0,2.984,2.996,47722.966
2025-10-23 20:00:00,2.996,2.996,2.956,2.969,98253.348
2025-10-23 21:00:00,2.969,2.979,2.963,2.967,42344.24
2025-10-23 22:00:00,2.967,2.99,2.967,2.987,82937.624
2025-10-23 23:00:00,2.987,3.005,2.984,3.003,47311.692
2025-10-24 00:00:00,3.003,3.011,2.995,3.005,93968.473
2025-10-24 01:00:00,3.005,3.01,2.992,3.001,49814.426
2025-10-24 02:00:00,3.001,3.009,2.995,3.005,76154.618
2025-10-24 03:00:00,3.005,3.005,2.997,3.004,62640.479
2025-10-24 04:00:00,3.004,3.058,3.0,3.05,192773.107
2025-10-24 05:00:00,3.05,3.059,3.042,3.055,115182.164
2025-10-24 06:00:00,3.055,3.063,3.047,3.063,76999.724
2025-10-24 07:00:00,3.063,3.065,3.036,3.052,73843.866
2025-10-24 08:00:00,3.052,3.076,3.043,3.067,72156.63
2025-10-24 09:00:00,3.067,3.069,3.058,3.061,40867.214
2025-10-24 10:00:00,3.061,3.063,3.045,3.045,40799.632
2025-10-24 11:00:00,3.045,3.058,3.024,3.058,107684.654
2025-10-24 12:00:00,3.058,3.122,3.055,3.078,309966.459
2025-10-24 13:00:00,3.078,3.088,3.045,3.075,132519.276
2025-10-24 14:00:00,3.075,3.075,3.023,3.039,189434.655
2025-10-24 15:00:00,3.039,3.054,3.02,3.03,188927.835
2025-10-24 16:00:00,3.03,3.037,3.012,3.028,492432.436
2025-10-24 17:00:00,3.028,3.045,3.027,3.032,51255.822
2025-10-24 18:00:00,3.032,3.052,3.029,3.051,31226.178
2025-10-24 19:00:00,3.051,3.077,3.051,3.07,55820.287
2025-10-24 20:00:00,3.07,3.084,3.069,3.079,33227.93
2025-10-24 21:00:00,3.079,3.09,3.075,3.089,45135.504
2025-10-24 22:00:00,3.089,3.093,3.081,3.087,41938.354
2025-10-24 23:00:00,3.087,3.087,3.074,3.079,30463.261
2025-10-25 00:00:00,3.079,3.082,3.063,3.067,35260.486
2025-10-25 01:00:00,3.067,3.082,3.063,3.069,23043.862
2025-10-25 02:00:00,3.069,3.077,3.059,3.067,51418.468
2025-10-25 03:00:00,3.067,3.068,3.052,3.053,26054.388
2025-10-25 04:00:00,3.053,3.066,3.051,3.057,45969.01
2025-10-25 05:00:00,3.057,3.057,3.046,3.053,56196.661
2025-10-25 06:00:00,3.053,3.057,3.041,3.042,38141.234
2025-10-25 07:00:00,3.042,3.063,3.042,3.047,46989.67
2025-10-25 08:00:00,3.047,3.058,3.046,3.054,56213.095
2025-10-25 09:00:00,3.054,3.056,3.037,3.04,39848.518
2025-10-25 10:00:00,3.04,3.043,3.028,3.037,23530.86
2025-10-25 11:00:00,3.037,3.049,3.034,3.047,37042.7
2025-10-25 12:00:00,3.047,3.076,3.045,3.063,79600.866
2025-10-25 13:00:00,3.063,3.064,3.05,3.057,49231.077
2025-10-25 14:00:00,3.057,3.078,3.055,3.076,53169.391
2025-10-25 15:00:00,3.076,3.077,3.061,3.066,56982.532
2025-10-25 16:00:00,3.066,3.07,3.058,3.064,40214.515
2025-10-25 17:00:00,3.064,3.076,3.061,3.065,17176.161
2025-10-25 18:00:00,3.065,3.09,3.06,3.086,41192.529
2025-10-25 19:00:00,3.086,3.094,3.08,3.094,24246.368
2025-10-25 20:00:00,3.094,3.097,3.082,3.09,29813.915
2025-10-25 21:00:00,3.09,3.095,3.08,3.089,32199.69
2025-10-25 22:00:00,3.089,3.107,3.082,3.102,36120.453
2025-10-25 23:00:00,3.102,3.102,3.09,3.091,41692.906
2025-10-26 00:00:00,3.091,3.099,3.077,3.094,68482.385
2025-10-26 01:00:00,3.094,3.095,3.067,3.075,61721.516
2025-10-26 02:00:00,3.075,3.082,3.063,3.069,88907.604
2025-10-26 03:00:00,3.069,3.075,3.059,3.066,23278.071
2025-10-26 04:00:00,3.066,3.09,3.062,3.087,34302.288
2025-10-26 05:00:00,3.087,3.095,3.08,3.091,36458.855
2025-10-26 06:00:00,3.091,3.095,3.084,3.092,34881.485
2025-10-26 07:00:00,3.092,3.101,3.087,3.099,61166.969
2025-10-26 08:00:00,3.099,3.114,3.097,3.109,65481.438
2025-10-26 09:00:00,3.109,3.147,3.103,3.137,148077.66
2025-10-26 10:00:00,3.137,3.138,3.109,3.11,89166.951
2025-10-26 11:00:00,3.11,3.148,3.102,3.143,231060.703
2025-10-26 12:00:00,3.143,3.159,3.139,3.155,91731.904
2025-10-26 13:00:00,3.155,3.186,3.148,3.178,79460.683
2025-10-26 14:00:00,3.178,3.184,3.166,3.175,63839.522
2025-10-26 15:00:00,3.175,3.182,3.162,3.181,42272.535
2025-10-26 16:00:00,3.181,3.181,3.158,3.162,64499.158
2025-10-26 17:00:00,3.162,3.174,3.157,3.168,22755.068
2025-10-26 18:00:00,3.168,3.18,3.168,3.174,60801.698
2025-10-26 19:00:00,3.174,3.178,3.168,3.176,19122.529
2025-10-26 20:00:00,3.176,3.176,3.157,3.165,34964.756
2025-10-26 21:00:00,3.165,3.178,3.146,3.173,59313.399
2025-10-26 22:00:00,3.173,3.24,3.173,3.215,288907.267
2025-10-26 23:00:00,3.215,3.221,3.194,3.195,79948.874
2025-10-27 00:00:00,3.195,3.214,3.187,3.206,94877.75
2025-10-27 01:00:00,3.206,3.229,3.197,3.225,66478.238
2025-10-27 02:00:00,3.225,3.232,3.203,3.213,73219.926
2025-10-27 03:00:00,3.213,3.225,3.202,3.208,47336.675
2025-10-27 04:00:00,3.208,3.219,3.198,3.217,71584.865
2025-10-27 05:00:00,3.217,3.247,3.215,3.223,72998.904
2025-10-27 06:00:00,3.223,3.241,3.209,3.231,58645.139
2025-10-27 07:00:00,3.231,3.244,3.186,3.203,113041.034
2025-10-27 08:00:00,3.203,3.212,3.165,3.177,208004.672
2025-10-27 09:00:00,3.177,3.177,3.148,3.157,149715.077
2025-10-27 10:00:00,3.157,3.171,3.153,3.161,63129.957
2025-10-27 11:00:00,3.161,3.174,3.143,3.174,148777.946
2025-10-27 12:00:00,3.174,3.176,3.144,3.147,172224.075
2025-10-27 13:00:00,3.147,3.163,3.118,3.157,185113.827
2025-10-27 14:00:00,3.157,3.161,3.126,3.135,83479.552
2025-10-27 15:00:00,3.135,3.163,3.135,3.153,86574.718
2025-10-27 16:00:00,3.153,3.202,3.153,3.199,81418.193
2025-10-27 17:00:00,3.199,3.216,3.189,3.209,60398.2
2025-10-27 18:00:00,3.209,3.215,3.193,3.196,65205.338
2025-10-27 19:00:00,3.196,3.197,3.17,3.173,87039.732
2025-10-27 20:00:00,3.173,3.174,3.148,3.15,99645.447
2025-10-27 21:00:00,3.15,3.167,3.137,3.15,46678.909
2025-10-27 22:00:00,3.15,3.165,3.134,3.136,74671.312
2025-10-27 23:00:00,3.136,3.147,3.121,3.14,87512.108
2025-10-28 00:00:00,3.14,3.155,3.128,3.14,46523.469
2025-10-28 01:00:00,3.14,3.165,3.14,3.153,37055.325
2025-10-28 02:00:00,3.153,3.161,3.113,3.137,55820.959
2025-10-28 03:00:00,3.137,3.148,3.111,3.127,94985.025
2025-10-28 04:00:00,3.127,3.15,3.117,3.143,41004.427
2025-10-28 05:00:00,3.143,3.152,3.104,3.107,83672.213
2025-10-28 06:00:00,3.107,3.171,3.099,3.168,216977.176
2025-10-28 07:00:00,3.168,3.179,3.136,3.14,75719.199
2025-10-28 08:00:00,3.14,3.156,3.132,3.146,25486.85
2025-10-28 09:00:00,3.146,3.15,3.126,3.141,45329.776
2025-10-28 10:00:00,3.141,3.141,3.127,3.134,28521.769
2025-10-28 11:00:00,3.134,3.15,3.13,3.133,31311.66
2025-10-28 12:00:00,3.133,3.165,3.13,3.165,37223.174
2025-10-28 13:00:00,3.165,3.191,3.165,3.178,95486.912
2025-10-28 14:00:00,3.178,3.194,3.092,3.149,145221.284
2025-10-28 15:00:00,3.149,3.164,3.124,3.136,66091.803
2025-10-28 16:00:00,3.136,3.169,3.126,3.16,99532.008
2025-10-28 17:00:00,3.16,3.167,3.147,3.159,29165.133
2025-10-28 18:00:00,3.159,3.165,3.128,3.138,77208.463
2025-10-28 19:00:00,3.138,3.142,3.072,3.086,215428.078
2025-10-28 20:00:00,3.086,3.086,3.013,3.031,402805.722
2025-10-28 21:00:00,3.031,3.047,2.99,3.031,185702.414
2025-10-28 22:00:00,3.031,3.059,3.023,3.057,65011.35
2025-10-28 23:00:00,3.057,3.058,3.039,3.051,43311.193
2025-10-29 00:00:00,3.051,3.062,3.042,3.044,50054.789
2025-10-29 01:00:00,3.044,3.07,3.038,3.056,37796.176
2025-10-29 02:00:00,3.056,3.064,3.048,3.061,26306.836
2025-10-29 03:00:00,3.061,3.061,3.043,3.052,30247.207
2025-10-29 04:00:00,3.052,3.074,3.05,3.067,25226.82
2025-10-29 05:00:00,3.067,3.076,3.062,3.068,45970.734
2025-10-29 06:00:00,3.068,3.082,3.06,3.08,53870.397
2025-10-29 07:00:00,3.08,3.089,3.068,3.078,199890.006
2025-10-29 08:00:00,3.078,3.079,3.05,3.054,95975.86
2025-10-29 09:00:00,3.054,3.065,3.047,3.061,31980.807
2025-10-29 10:00:00,3.061,3.099,3.06,3.084,39575.493
2025-10-29 11:00:00,3.084,3.109,3.081,3.105,37823.245
2025-10-29 12:00:00,3.105,3.113,3.102,3.106,28478.86
2025-10-29 13:00:00,3.106,3.132,3.103,3.109,71796.016
2025-10-29 14:00:00,3.109,3.114,3.085,3.103,124119.523
2025-10-29 15:00:00,3.103,3.109,3.046,3.062,113410.403
2025-10-29 16:00:00,3.062,3.091,3.046,3.073,97422.542
2025-10-29 17:00:00,3.073,3.171,3.073,3.171,115434.147
2025-10-29 18:00:00,3.171,3.176,3.02,3.128,896764.884
2025-10-29 19:00:00,3.128,3.169,3.112,3.141,185087.333
2025-10-29 20:00:00,3.141,3.177,3.124,3.154,129842.808
2025-10-29 21:00:00,3.154,3.162,3.14,3.145,70997.829
2025-10-29 22:00:00,3.145,3.149,3.125,3.126,24999.932
2025-10-29 23:00:00,3.126,3.127,3.067,3.08,116680.525
2025-10-30 00:00:00,3.08,3.106,3.061,3.104,45877.836
2025-10-30 01:00:00,3.104,3.112,3.082,3.098,34440.233
2025-10-30 02:00:00,3.098,3.118,3.091,3.112,47647.848
2025-10-30 03:00:00,3.112,3.112,3.079,3.088,62284.894
2025-10-30 04:00:00,3.088,3.088,2.965,3.002,397645.255
2025-10-30 05:00:00,3.002,3.061,2.995,3.056,148664.95
2025-10-30 06:00:00,3.056,3.076,3.034,3.063,68132.479
2025-10-30 07:00:00,3.063,3.1,3.06,3.091,52794.652
2025-10-30 08:00:00,3.091,3.091,3.03,3.035,140277.285
2025-10-30 09:00:00,3.035,3.038,3.01,3.016,91588.657
2025-10-30 10:00:00,3.016,3.028,3.001,3.01,50847.998
2025-10-30 11:00:00,3.01,3.017,2.995,2.996,34896.449
2025-10-30 12:00:00,2.996,3.001,2.909,2.938,381127.299
2025-10-30 13:00:00,2.938,2.938,2.858,2.875,391130.064
2025-10-30 14:00:00,2.875,2.903,2.872,2.887,102511.024
2025-10-30 15:00:00,2.887,2.892,2.851,2.863,213121.199
2025-10-30 16:00:00,2.863,2.88,2.846,2.873,115979.096
2025-10-30 17:00:00,2.873,2.875,2.8,2.84,191067.515
2025-10-30 18:00:00,2.84,2.847,2.804,2.813,135763.239
2025-10-30 19:00:00,2.813,2.823,2.781,2.798,140202.435
2025-10-30 20:00:00,2.798,2.837,2.789,2.832,148206.278
2025-10-30 21:00:00,2.832,2.846,2.819,2.838,50888.007
2025-10-30 22:00:00,2.838,2.852,2.833,2.852,61936.11
2025-10-30 23:00:00,2.852,2.877,2.842,2.872,101826.334
2025-10-31 00:00:00,2.872,2.904,2.868,2.896,82480.888
2025-10-31 01:00:00,2.896,2.916,2.891,2.913,52769.805
2025-10-31 02:00:00,2.913,2.915,2.881,2.895,75029.895
2025-10-31 03:00:00,2.895,2.905,2.887,2.896,35187.439
2025-10-31 04:00:00,2.896,2.924,2.896,2.922,65570.79
2025-10-31 05:00:00,2.922,2.922,2.906,2.909,44736.206
2025-10-31 06:00:00,2.909,2.914,2.89,2.893,52722.151
2025-10-31 07:00:00,2.893,2.902,2.887,2.895,46701.204
2025-10-31 08:00:00,2.895,2.906,2.883,2.903,31176.003
2025-10-31 09:00:00,2.903,2.908,2.889,2.895,63010.526
2025-10-31 10:00:00,2.895,2.9,2.868,2.878,78354.561
2025-10-31 11:00:00,2.878,2.914,2.872,2.912,57795.119
2025-10-31 12:00:00,2.912,2.924,2.889,2.889,48975.24
2025-10-31 13:00:00,2.889,2.911,2.882,2.907,69813.016
2025-10-31 14:00:00,2.907,2.915,2.89,2.91,144885.496
2025-10-31 15:00:00,2.91,2.924,2.895,2.901,63502.862
2025-10-31 16:00:00,2.901,2.906,2.842,2.846,84315.58
2025-10-31 17:00:00,2.846,2.859,2.827,2.844,128927.462
2025-10-31 18:00:00,2.844,2.872,2.835,2.864,78814.241
2025-10-31 19:00:00,2.864,2.909,2.847,2.896,80228.612
2025-10-31 20:00:00,2.896,2.898,2.867,2.871,53503.339
2025-10-31 21:00:00,2.871,2.879,2.862,2.873,52557.403
2025-10-31 22:00:00,2.873,2.886,2.872,2.877,29768.89
2025-10-31 23:00:00,2.877,2.886,2.875,2.883,55481.0
2025-11-01 00:00:00,2.883,2.887,2.867,2.886,57124.509
2025-11-01 01:00:00,2.886,2.896,2.879,2.879,33945.499
2025-11-01 02:00:00,2.879,2.895,2.865,2.895,20354.924
2025-11-01 03:00:00,2.895,2.913,2.895,2.911,18222.354
2025-11-01 04:00:00,2.911,2.916,2.896,2.899,38940.085
2025-11-01 05:00:00,2.899,2.901,2.882,2.884,28298.983
2025-11-01 06:00:00,2.884,2.893,2.877,2.893,35717.671
2025-11-01 07:00:00,2.893,2.905,2.886,2.903,115124.537
2025-11-01 08:00:00,2.903,2.924,2.903,2.922,81840.845
2025-11-01 09:00:00,2.922,2.931,2.907,2.914,41378.506
2025-11-01 10:00:00,2.914,2.937,2.914,2.93,76610.986
2025-11-01 11:00:00,2.93,2.946,2.929,2.941,80356.402
2025-11-01 12:00:00,2.941,2.952,2.936,2.941,36460.789
2025-11-01 13:00:00,2.941,2.955,2.926,2.942,60460.115
2025-11-01 14:00:00,2.942,2.947,2.906,2.924,129867.086
2025-11-01 15:00:00,2.924,2.952,2.921,2.95,66172.667
2025-11-01 16:00:00,2.95,2.968,2.945,2.96,65973.365
2025-11-01 17:00:00,2.96,2.964,2.953,2.956,43306.485
2025-11-01 18:00:00,2.956,2.959,2.945,2.953,25801.084
2025-11-01 19:00:00,2.953,2.953,2.942,2.95,14808.036
2025-11-01 20:00:00,2.95,2.971,2.95,2.96,97614.619
2025-11-01 21:00:00,2.96,2.963,2.93,2.933,48845.464
2025-11-01 22:00:00,2.933,2.955,2.933,2.953,38262.049
2025-11-01 23:00:00,2.953,2.974,2.949,2.971,33970.963
2025-11-02 00:00:00,2.971,2.971,2.955,2.957,33092.323
2025-11-02 01:00:00,2.957,2.966,2.948,2.96,97077.104
2025-11-02 02:00:00,2.96,2.969,2.951,2.957,45922.389
2025-11-02 03:00:00,2.957,2.963,2.948,2.952,24636.948
2025-11-02 04:00:00,2.952,2.988,2.95,2.986,41469.001
2025-11-02 05:00:00,2.986,3.001,2.976,3.001,43558.218
2025-11-02 06:00:00,3.001,3.008,2.991,3.002,47745.461
2025-11-02 07:00:00,3.002,3.014,2.995,3.009,38224.461
2025-11-02 08:00:00,3.009,3.012,2.989,2.995,55641.82
2025-11-02 09:00:00,2.995,3.014,2.986,2.99,61674.728
2025-11-02 10:00:00,2.99,2.998,2.962,2.97,144316.842
2025-11-02 11:00:00,2.97,3.003,2.968,3.001,64931.789
2025-11-02 12:00:00,3.001,3.002,2.98,2.984,76674.77
2025-11-02 13:00:00,2.984,2.985,2.955,2.966,76127.165
2025-11-02 14:00:00,2.966,2.971,2.903,2.918,120196.998
2025-11-02 15:00:00,2.918,2.931,2.901,2.907,204078.883
2025-11-02 16:00:00,2.907,2.919,2.865,2.919,164335.282
2025-11-02 17:00:00,2.919,2.924,2.907,2.922,49402.814
2025-11-02 18:00:00,2.922,2.925,2.905,2.907,25740.387
2025-11-02 19:00:00,2.907,2.91,2.887,2.903,25197.808
2025-11-02 20:00:00,2.903,2.918,2.896,2.913,31526.604
2025-11-02 21:00:00,2.913,2.928,2.91,2.919,20607.407
2025-11-02 22:00:00,2.919,2.93,2.908,2.922,36072.908
2025-11-02 23:00:00,2.922,2.992,2.922,2.985,110608.474
2025-11-03 00:00:00,2.985,2.993,2.932,2.937,71373.888
2025-11-03 01:00:00,2.937,2.938,2.902,2.908,64945.764
2025-11-03 02:00:00,2.908,2.911,2.861,2.878,112932.962
2025-11-03 03:00:00,2.878,2.883,2.781,2.789,168556.481
2025-11-03 04:00:00,2.789,2.805,2.76,2.804,112355.868
2025-11-03 05:00:00,2.804,2.823,2.777,2.778,76784.982
2025-11-03 06:00:00,2.778,2.787,2.725,2.759,149164.458
2025-11-03 07:00:00,2.759,2.783,2.74,2.768,60601.247
2025-11-03 08:00:00,2.768,2.785,2.749,2.774,78738.097
2025-11-03 09:00:00,2.774,2.805,2.754,2.757,172899.178
2025-11-03 10:00:00,2.757,2.774,2.722,2.731,126334.391
2025-11-03 11:00:00,2.731,2.776,2.731,2.761,65010.455
2025-11-03 12:00:00,2.761,2.782,2.754,2.759,90650.534
2025-11-03 13:00:00,2.759,2.779,2.744,2.765,170718.647
2025-11-03 14:00:00,2.765,2.794,2.751,2.776,89565.916
2025-11-03 15:00:00,2.776,2.781,2.479,2.583,1462164.368
2025-11-03 16:00:00,2.583,2.642,2.563,2.622,362461.974
2025-11-03 17:00:00,2.622,2.668,2.617,2.656,254166.817
2025-11-03 18:00:00,2.656,2.656,2.603,2.606,106165.65
2025-11-03 19:00:00,2.606,2.617,2.576,2.579,170576.812
2025-11-03 20:00:00,2.579,2.582,2.522,2.536,315237.602
2025-11-03 21:00:00,2.536,2.577,2.522,2.572,204515.08
2025-11-03 22:00:00,2.572,2.582,2.531,2.565,93490.742
2025-11-03 23:00:00,2.565,2.586,2.542,2.585,60079.008
2025-11-04 00:00:00,2.585,2.629,2.566,2.612,189977.407
2025-11-04 01:00:00,2.612,2.629,2.602,2.619,124777.76
2025-11-04 02:00:00,2.619,2.629,2.613,2.62,47997.735
2025-11-04 03:00:00,2.62,2.654,2.616,2.65,69790.403
2025-11-04 04:00:00,2.65,2.663,2.638,2.638,54705.238
2025-11-04 05:00:00,2.638,2.64,2.506,2.513,299202.959
2025-11-04 06:00:00,2.513,2.601,2.51,2.559,243548.942
2025-11-04 07:00:00,2.559,2.566,2.517,2.533,220000.951
2025-11-04 08:00:00,2.533,2.587,2.52,2.569,173169.404
2025-11-04 09:00:00,2.569,2.6,2.558,2.598,101888.498
2025-11-04 10:00:00,2.598,2.61,2.59,2.608,145621.402
2025-11-04 11:00:00,2.608,2.637,2.604,2.611,104871.627
2025-11-04 12:00:00,2.611,2.611,2.573,2.582,71466.74
2025-11-04 13:00:00,2.582,2.591,2.56,2.58,278384.945
2025-11-04 14:00:00,2.58,2.647,2.558,2.633,207769.676
2025-11-04 15:00:00,2.633,2.654,2.593,2.601,232214.1
2025-11-04 16:00:00,2.601,2.62,2.545,2.551,205900.939
2025-11-04 17:00:00,2.551,2.559,2.467,2.529,355188.786
2025-11-04 18:00:00,2.529,2.53,2.419,2.501,528389.145
2025-11-04 19:00:00,2.501,2.519,2.454,2.457,234977.259
2025-11-04 20:00:00,2.457,2.482,2.343,2.449,848651.416
2025-11-04 21:00:00,2.449,2.461,2.342,2.445,574543.913
2025-11-04 22:00:00,2.445,2.52,2.431,2.508,269267.955
2025-11-04 23:00:00,2.508,2.528,2.501,2.509,149084.387
2025-11-05 00:00:00,2.509,2.519,2.464,2.479,127541.458
2025-11-05 01:00:00,2.479,2.481,2.384,2.472,351338.839
2025-11-05 02:00:00,2.472,2.561,2.472,2.557,290792.456
2025-11-05 03:00:00,2.557,2.576,2.543,2.568,138611.189
2025-11-05 04:00:00,2.568,2.58,2.551,2.565,94523.318
2025-11-05 05:00:00,2.565,2.583,2.56,2.566,80136.49
2025-11-05 06:00:00,2.566,2.577,2.548,2.576,64029.374
2025-11-05 07:00:00,2.576,2.59,2.551,2.587,139452.357
2025-11-05 08:00:00,2.587,2.587,2.535,2.555,160685.78
2025-11-05 09:00:00,2.555,2.578,2.549,2.57,63447.573
2025-11-05 10:00:00,2.57,2.574,2.536,2.54,93322.114
2025-11-05 11:00:00,2.54,2.611,2.538,2.609,273900.948
2025-11-05 12:00:00,2.609,2.62,2.593,2.605,136796.518
2025-11-05 13:00:00,2.605,2.63,2.589,2.616,64804.513
2025-11-05 14:00:00,2.616,2.621,2.575,2.603,112431.662
2025-11-05 15:00:00,2.603,2.634,2.596,2.634,113879.364
2025-11-05 16:00:00,2.634,2.641,2.6,2.64,85818.674
2025-11-05 17:00:00,2.64,2.646,2.623,2.638,49560.453
2025-11-05 18:00:00,2.638,2.657,2.633,2.64,88933.195
2025-11-05 19:00:00,2.64,2.646,2.626,2.643,100710.496
2025-11-05 20:00:00,2.643,2.668,2.64,2.655,133002.967
2025-11-05 21:00:00,2.655,2.655,2.636,2.654,75871.256
2025-11-05 22:00:00,2.654,2.676,2.642,2.669,84438.095
2025-11-05 23:00:00,2.669,2.678,2.66,2.671,41713.803
2025-11-06 00:00:00,2.671,2.68,2.648,2.656,140766.506
2025-11-06 01:00:00,2.656,2.656,2.616,2.643,63437.212
2025-11-06 02:00:00,2.643,2.683,2.618,2.667,164288.028
2025-11-06 03:00:00,2.667,2.675,2.657,2.658,69745.782
2025-11-06 04:00:00,2.658,2.669,2.647,2.662,62632.319
2025-11-06 05:00:00,2.662,2.662,2.61,2.613,64418.148
2025-11-06 06:00:00,2.613,2.628,2.608,2.608,36999.375
2025-11-06 07:00:00,2.608,2.625,2.594,2.604,79550.368
2025-11-06 08:00:00,2.604,2.615,2.595,2.605,55103.186
2025-11-06 09:00:00,2.605,2.618,2.595,2.602,52616.1
2025-11-06 10:00:00,2.602,2.613,2.581,2.607,303859.382
2025-11-06 11:00:00,2.607,2.619,2.592,2.612,91802.945
2025-11-06 12:00:00,2.612,2.618,2.571,2.578,140728.277
2025-11-06 13:00:00,2.578,2.639,2.575,2.626,305554.89
2025-11-06 14:00:00,2.626,2.651,2.585,2.63,472217.329
2025-11-06 15:00:00,2.63,2.642,2.559,2.575,406213.262
2025-11-06 16:00:00,2.575,2.593,2.531,2.569,242299.455
2025-11-06 17:00:00,2.569,2.609,2.558,2.605,249434.035
2025-11-06 18:00:00,2.605,2.646,2.576,2.627,254711.501
2025-11-06 19:00:00,2.627,2.66,2.622,2.656,301869.276
2025-11-06 20:00:00,2.656,2.67,2.623,2.646,211906.784
2025-11-06 21:00:00,2.646,2.653,2.624,2.643,142371.976
2025-11-06 22:00:00,2.643,2.669,2.633,2.669,126841.585
2025-11-06 23:00:00,2.669,2.669,2.63,2.666,100441.701
2025-11-07 00:00:00,2.666,2.8,2.663,2.788,477331.601
2025-11-07 01:00:00,2.788,2.819,2.736,2.769,313590.38
2025-11-07 02:00:00,2.769,2.783,2.722,2.781,138736.06
2025-11-07 03:00:00,2.781,2.818,2.777,2.796,193098.424
2025-11-07 04:00:00,2.796,2.814,2.741,2.76,227574.348
2025-11-07 05:00:00,2.76,2.83,2.758,2.83,111971.095
2025-11-07 06:00:00,2.83,2.861,2.802,2.806,251001.18
2025-11-07 07:00:00,2.806,2.856,2.787,2.853,107380.867
2025-11-07 08:00:00,2.853,2.856,2.825,2.834,185067.886
2025-11-07 09:00:00,2.834,2.841,2.773,2.829,151707.381
2025-11-07 10:00:00,2.829,2.856,2.805,2.818,213609.573
2025-11-07 11:00:00,2.818,2.818,2.744,2.782,255585.721
2025-11-07 12:00:00,2.782,2.79,2.705,2.733,93697.218
2025-11-07 13:00:00,2.733,2.783,2.72,2.767,100648.403
2025-11-07 14:00:00,2.767,2.83,2.721,2.82,203825.708
2025-11-07 15:00:00,2.82,2.907,2.791,2.889,366240.595
2025-11-07 16:00:00,2.889,3.12,2.878,3.103,1005333.346
2025-11-07 17:00:00,3.103,3.206,3.072,3.2,584191.587
2025-11-07 18:00:00,3.2,3.34,3.18,3.247,884376.845
2025-11-07 19:00:00,3.247,3.289,3.215,3.261,355899.835
2025-11-07 20:00:00,3.261,3.279,3.194,3.204,278300.737
2025-11-07 21:00:00,3.204,3.276,3.198,3.261,222486.403
2025-11-07 22:00:00,3.261,3.276,3.225,3.263,103753.45
2025-11-07 23:00:00,3.263,3.297,3.21,3.252,342500.634
2025-11-08 00:00:00,3.252,3.312,3.194,3.197,316760.642
2025-11-08 01:00:00,3.197,3.401,3.19,3.38,629730.017
2025-11-08 02:00:00,3.38,3.528,3.377,3.439,705303.377
2025-11-08 03:00:00,3.439,3.468,3.367,3.371,445128.617
2025-11-08 04:00:00,3.371,3.454,3.37,3.422,645689.863
2025-11-08 05:00:00,3.422,3.439,3.305,3.33,641495.244
2025-11-08 06:00:00,3.33,3.349,3.261,3.286,480483.786
2025-11-08 07:00:00,3.286,3.293,3.215,3.256,228251.218
2025-11-08 08:00:00,3.256,3.314,3.232,3.296,272442.812
2025-11-08 09:00:00,3.296,3.296,3.217,3.226,113225.524
2025-11-08 10:00:00,3.226,3.245,3.208,3.238,164083.593
2025-11-08 11:00:00,3.238,3.287,3.236,3.277,144004.735
2025-11-08 12:00:00,3.277,3.286,3.243,3.282,183512.958
2025-11-08 13:00:00,3.282,3.289,3.233,3.233,123974.747
2025-11-08 14:00:00,3.233,3.26,3.158,3.189,350139.222
2025-11-08 15:00:00,3.189,3.199,3.119,3.126,171116.724
2025-11-08 16:00:00,3.126,3.171,3.087,3.153,321524.449
2025-11-08 17:00:00,3.153,3.23,3.148,3.209,200396.931
2025-11-08 18:00:00,3.209,3.232,3.196,3.211,75076.819
2025-11-08 19:00:00,3.211,3.213,3.142,3.164,100349.72
2025-11-08 20:00:00,3.164,3.23,3.148,3.198,82992.641
2025-11-08 21:00:00,3.198,3.206,3.18,3.201,61795.143
2025-11-08 22:00:00,3.201,3.229,3.198,3.218,64787.481
2025-11-08 23:00:00,3.218,3.255,3.216,3.254,133709.253
2025-11-09 00:00:00,3.254,3.298,3.225,3.255,574708.593
2025-11-09 01:00:00,3.255,3.309,3.25,3.272,300812.264
2025-11-09 02:00:00,3.272,3.279,3.183,3.197,246118.503
2025-11-09 03:00:00,3.197,3.21,3.126,3.132,234388.224
2025-11-09 04:00:00,3.132,3.168,3.113,3.116,104001.458
2025-11-09 05:00:00,3.116,3.116,3.085,3.104,139207.73
2025-11-09 06:00:00,3.104,3.141,3.09,3.137,49223.237
2025-11-09 07:00:00,3.137,3.163,3.128,3.147,51964.752
2025-11-09 08:00:00,3.147,3.147,3.109,3.114,45171.753
2025-11-09 09:00:00,3.114,3.133,3.061,3.067,369248.95
2025-11-09 10:00:00,3.067,3.084,3.039,3.083,386824.158
2025-11-09 11:00:00,3.083,3.173,3.081,3.145,355495.722
2025-11-09 12:00:00,3.145,3.165,3.127,3.139,192975.05
2025-11-09 13:00:00,3.139,3.219,3.131,3.195,190258.957
2025-11-09 14:00:00,3.195,3.245,3.171,3.207,249280.002
2025-11-09 15:00:00,3.207,3.265,3.204,3.24,211439.115
2025-11-09 16:00:00,3.24,3.252,3.195,3.218,271074.077
2025-11-09 17:00:00,3.218,3.22,3.165,3.176,145256.684
2025-11-09 18:00:00,3.176,3.245,3.16,3.236,176346.128
2025-11-09 19:00:00,3.236,3.239,3.203,3.225,152024.347
2025-11-09 20:00:00,3.225,3.225,3.183,3.192,105454.051
2025-11-09 21:00:00,3.192,3.203,3.183,3.191,56040.944
2025-11-09 22:00:00,3.191,3.231,3.18,3.221,179295.166
2025-11-09 23:00:00,3.221,3.249,3.202,3.234,113533.007
2025-11-10 00:00:00,3.234,3.271,3.201,3.238,323568.909
2025-11-10 01:00:00,3.238,3.265,3.21,3.215,155134.642
2025-11-10 02:00:00,3.215,3.236,3.202,3.227,49533.435
2025-11-10 03:00:00,3.227,3.271,3.227,3.257,51709.162
2025-11-10 04:00:00,3.257,3.265,3.216,3.235,90498.879
2025-11-10 05:00:00,3.235,3.25,3.214,3.243,58612.549
2025-11-10 06:00:00,3.243,3.279,3.237,3.258,233249.367
2025-11-10 07:00:00,3.258,3.267,3.238,3.258,229717.278
2025-11-10 08:00:00,3.258,3.263,3.209,3.229,201081.096
2025-11-10 09:00:00,3.229,3.275,3.188,3.266,146575.764
2025-11-10 10:00:00,3.266,3.279,3.216,3.227,76812.635
2025-11-10 11:00:00,3.227,3.265,3.227,3.256,91711.564
2025-11-10 12:00:00,3.256,3.275,3.229,3.24,247043.831
2025-11-10 13:00:00,3.24,3.318,3.238,3.288,374722.156
2025-11-10 14:00:00,3.288,3.295,3.168,3.193,421228.43
2025-11-10 15:00:00,3.193,3.244,3.163,3.174,391509.795
2025-11-10 16:00:00,3.174,3.2,3.127,3.146,270356.274
2025-11-10 17:00:00,3.146,3.211,3.145,3.199,82233.9
2025-11-10 18:00:00,3.199,3.224,3.189,3.194,34953.003
2025-11-10 19:00:00,3.194,3.256,3.187,3.223,82229.756
2025-11-10 20:00:00,3.223,3.265,3.223,3.245,83358.969
2025-11-10 21:00:00,3.245,3.245,3.204,3.238,127858.926
2025-11-10 22:00:00,3.238,3.307,3.195,3.293,190329.271
2025-11-10 23:00:00,3.293,3.299,3.253,3.265,80346.209
2025-11-11 00:00:00,3.265,3.278,3.217,3.249,135644.542
2025-11-11 01:00:00,3.249,3.386,3.248,3.26,355209.78
2025-11-11 02:00:00,3.26,3.341,3.247,3.309,209734.136
2025-11-11 03:00:00,3.309,3.33,3.297,3.314,76277.295
2025-11-11 04:00:00,3.314,3.326,3.251,3.255,66823.452
2025-11-11 05:00:00,3.255,3.255,3.198,3.209,81633.598
2025-11-11 06:00:00,3.209,3.224,3.189,3.209,128828.725
2025-11-11 07:00:00,3.209,3.209,3.147,3.148,201826.117
2025-11-11 08:00:00,3.148,3.176,3.14,3.164,70962.218
2025-11-11 09:00:00,3.164,3.192,3.152,3.152,158252.479
2025-11-11 10:00:00,3.152,3.172,3.15,3.162,97110.36
2025-11-11 11:00:00,3.162,3.202,3.157,3.169,185493.256
2025-11-11 12:00:00,3.169,3.191,3.156,3.176,98472.514
2025-11-11 13:00:00,3.176,3.209,3.166,3.169,92420.171
2025-11-11 14:00:00,3.169,3.219,3.153,3.216,101107.18
2025-11-11 15:00:00,3.216,3.216,3.178,3.193,92538.577
2025-11-11 16:00:00,3.193,3.22,3.177,3.199,59079.318
2025-11-11 17:00:00,3.199,3.225,3.171,3.198,61146.56
2025-11-11 18:00:00,3.198,3.206,3.158,3.166,56902.5
2025-11-11 19:00:00,3.166,3.167,3.123,3.129,43032.443
2025-11-11 20:00:00,3.129,3.137,3.081,3.092,99606.977
2025-11-11 21:00:00,3.092,3.117,3.062,3.076,85936.79
2025-11-11 22:00:00,3.076,3.122,3.057,3.113,46608.61
2025-11-11 23:00:00,3.113,3.114,3.042,3.055,86694.562
2025-11-12 00:00:00,3.055,3.081,3.04,3.043,70198.81
2025-11-12 01:00:00,3.043,3.089,3.04,3.069,35945.708
2025-11-12 02:00:00,3.069,3.085,3.039,3.07,115756.945
2025-11-12 03:00:00,3.07,3.094,3.064,3.087,33904.467
2025-11-12 04:00:00,3.087,3.095,3.066,3.087,49416.624
2025-11-12 05:00:00,3.087,3.1,3.078,3.086,16895.465
2025-11-12 06:00:00,3.086,3.105,3.08,3.082,21608.154
2025-11-12 07:00:00,3.082,3.09,3.057,3.061,40523.97
2025-11-12 08:00:00,3.061,3.132,3.061,3.114,207376.042
2025-11-12 09:00:00,3.114,3.149,3.113,3.136,75803.788
2025-11-12 10:00:00,3.136,3.141,3.109,3.112,55765.192
2025-11-12 11:00:00,3.112,3.12,3.088,3.093,111125.779
2025-11-12 12:00:00,3.093,3.113,3.075,3.087,82459.483
2025-11-12 13:00:00,3.087,3.121,3.074,3.12,64991.837
2025-11-12 14:00:00,3.12,3.123,3.015,3.054,138896.813
2025-11-12 15:00:00,3.054,3.076,2.95,2.965,180712.921
2025-11-12 16:00:00,2.965,2.974,2.899,2.907,154800.316
2025-11-12 17:00:00,2.907,2.955,2.89,2.941,88432.262
2025-11-12 18:00:00,2.941,2.948,2.914,2.914,57810.06
2025-11-12 19:00:00,2.914,2.919,2.877,2.903,85948.875
2025-11-12 20:00:00,2.903,2.942,2.896,2.928,45509.377
2025-11-12 21:00:00,2.928,2.942,2.924,2.934,30171.477
2025-11-12 22:00:00,2.934,2.941,2.917,2.939,23917.297
2025-11-12 23:00:00,2.939,2.939,2.917,2.928,19765.231
2025-11-13 00:00:00,2.928,2.95,2.919,2.932,26767.939
2025-11-13 01:00:00,2.932,2.978,2.93,2.964,44828.33
2025-11-13 02:00:00,2.964,2.975,2.949,2.954,29176.251
2025-11-13 03:00:00,2.954,3.012,2.909,2.991,126313.362
2025-11-13 04:00:00,2.991,3.012,2.971,2.999,74522.569
2025-11-13 05:00:00,2.999,3.035,2.98,3.023,34572.771
2025-11-13 06:00:00,3.023,3.046,3.018,3.025,63278.291
2025-11-13 07:00:00,3.025,3.026,2.974,2.98,70968.602
2025-11-13 08:00:00,2.98,3.006,2.973,2.992,145891.187
2025-11-13 09:00:00,2.992,2.995,2.958,2.971,54937.924
2025-11-13 10:00:00,2.971,3.007,2.971,2.983,224967.24
2025-11-13 11:00:00,2.983,3.011,2.981,3.002,50528.141
2025-11-13 12:00:00,3.002,3.012,2.993,3.009,52509.288
2025-11-13 13:00:00,3.009,3.029,2.978,2.996,108695.398
2025-11-13 14:00:00,2.996,3.053,2.961,3.028,184564.247
2025-11-13 15:00:00,3.028,3.038,2.937,2.974,329414.395
2025-11-13 16:00:00,2.974,2.983,2.913,2.918,148883.741
2025-11-13 17:00:00,2.918,2.936,2.858,2.861,143173.523
2025-11-13 18:00:00,2.861,2.879,2.798,2.827,362909.895
2025-11-13 19:00:00,2.827,2.856,2.778,2.795,99234.922
2025-11-13 20:00:00,2.795,2.817,2.769,2.794,72731.185
2025-11-13 21:00:00,2.794,2.806,2.765,2.789,51002.491
2025-11-13 22:00:00,2.789,2.891,2.782,2.856,198511.804
2025-11-13 23:00:00,2.856,2.882,2.842,2.857,266163.151
2025-11-14 00:00:00,2.857,2.886,2.836,2.846,151052.195
2025-11-14 01:00:00,2.846,2.866,2.834,2.839,109962.569
2025-11-14 02:00:00,2.839,2.871,2.838,2.855,60595.768
2025-11-14 03:00:00,2.855,2.87,2.839,2.856,97388.904
2025-11-14 04:00:00,2.856,2.858,2.753,2.824,189167.518
2025-11-14 05:00:00,2.824,2.888,2.824,2.882,85385.494
2025-11-14 06:00:00,2.882,2.919,2.84,2.917,93916.043
2025-11-14 07:00:00,2.917,2.924,2.883,2.893,75144.063
2025-11-14 08:00:00,2.893,2.899,2.85,2.866,553530.487
2025-11-14 09:00:00,2.866,2.873,2.82,2.828,99783.057
2025-11-14 10:00:00,2.828,2.869,2.828,2.865,54338.791
2025-11-14 11:00:00,2.865,2.865,2.823,2.836,77995.373
2025-11-14 12:00:00,2.836,2.839,2.765,2.833,152714.016
2025-11-14 13:00:00,2.833,2.851,2.804,2.832,61904.054
2025-11-14 14:00:00,2.832,2.888,2.799,2.867,100802.954
2025-11-14 15:00:00,2.867,2.897,2.843,2.858,43119.88
2025-11-14 16:00:00,2.858,2.894,2.849,2.881,105707.855
2025-11-14 17:00:00,2.881,2.892,2.841,2.856,38334.888
2025-11-14 18:00:00,2.856,2.893,2.847,2.852,49005.756
2025-11-14 19:00:00,2.852,2.896,2.847,2.885,35062.89
2025-11-14 20:00:00,2.885,2.889,2.796,2.811,41514.589
2025-11-14 21:00:00,2.811,2.861,2.8,2.859,73587.797
2025-11-14 22:00:00,2.859,2.911,2.842,2.851,135790.428
2025-11-14 23:00:00,2.851,2.851,2.775,2.815,151694.382
2025-11-15 00:00:00,2.815,2.854,2.813,2.848,47788.866
2025-11-15 01:00:00,2.848,2.883,2.832,2.876,35997.052
2025-11-15 02:00:00,2.876,2.893,2.864,2.893,26648.963
2025-11-15 03:00:00,2.893,2.907,2.884,2.885,45742.479
2025-11-15 04:00:00,2.885,2.899,2.874,2.876,54054.999
2025-11-15 05:00:00,2.876,2.905,2.872,2.902,55116.828
2025-11-15 06:00:00,2.902,2.95,2.897,2.928,116499.352
2025-11-15 07:00:00,2.928,2.928,2.909,2.915,30145.542
2025-11-15 08:00:00,2.915,2.918,2.86,2.866,83256.648
2025-11-15 09:00:00,2.866,2.894,2.859,2.867,36967.189
2025-11-15 10:00:00,2.867,2.891,2.857,2.89,28192.08
2025-11-15 11:00:00,2.89,2.898,2.85,2.859,65767.1
2025-11-15 12:00:00,2.859,2.901,2.852,2.898,66590.699
2025-11-15 13:00:00,2.898,2.933,2.895,2.91,46544.57
2025-11-15 14:00:00,2.91,2.911,2.874,2.88,34555.93
2025-11-15 15:00:00,2.88,2.885,2.868,2.87,24857.213
2025-11-15 16:00:00,2.87,2.872,2.843,2.872,63871.481
2025-11-15 17:00:00,2.872,2.892,2.862,2.884,35814.679
2025-11-15 18:00:00,2.884,2.893,2.868,2.872,41767.018
2025-11-15 19:00:00,2.872,2.875,2.86,2.864,27551.853
2025-11-15 20:00:00,2.864,2.869,2.843,2.843,22271.797
2025-11-15 21:00:00,2.843,2.863,2.821,2.826,65113.405
2025-11-15 22:00:00,2.826,2.852,2.822,2.85,77013.11
2025-11-15 23:00:00,2.85,2.851,2.83,2.831,43724.801
2025-11-16 00:00:00,2.831,2.839,2.804,2.826,96821.06
2025-11-16 01:00:00,2.826,2.829,2.785,2.818,73219.971
2025-11-16 02:00:00,2.818,2.863,2.811,2.861,43151.979
2025-11-16 03:00:00,2.861,2.879,2.854,2.871,36492.576
2025-11-16 04:00:00,2.871,2.875,2.852,2.862,24342.982
2025-11-16 05:00:00,2.862,2.883,2.861,2.864,25978.387
2025-11-16 06:00:00,2.864,2.88,2.858,2.859,31128.238
2025-11-16 07:00:00,2.859,2.879,2.856,2.879,32340.802
2025-11-16 08:00:00,2.879,2.881,2.856,2.868,18230.554
2025-11-16 09:00:00,2.868,2.896,2.86,2.895,59905.224
2025-11-16 10:00:00,2.895,2.899,2.885,2.891,24379.243
2025-11-16 11:00:00,2.891,2.895,2.82,2.827,72420.289
2025-11-16 12:00:00,2.827,2.843,2.81,2.836,60481.714
2025-11-16 13:00:00,2.836,2.842,2.794,2.808,82563.406
2025-11-16 14:00:00,2.808,2.836,2.803,2.829,34208.337
2025-11-16 15:00:00,2.829,2.832,2.771,2.777,95348.955
2025-11-16 16:00:00,2.777,2.794,2.72,2.732,116500.074
2025-11-16 17:00:00,2.732,2.744,2.695,2.735,176319.117
2025-11-16 18:00:00,2.735,2.798,2.725,2.734,131956.773
2025-11-16 19:00:00,2.734,2.777,2.734,2.742,48650.88
2025-11-16 20:00:00,2.742,2.772,2.738,2.75,26000.806
2025-11-16 21:00:00,2.75,2.752,2.711,2.749,108649.59
2025-11-16 22:00:00,2.749,2.788,2.723,2.774,66157.624
2025-11-16 23:00:00,2.774,2.805,2.723,2.786,90084.526
2025-11-17 00:00:00,2.786,2.841,2.774,2.829,77179.056
2025-11-17 01:00:00,2.829,2.83,2.793,2.799,35589.498
2025-11-17 02:00:00,2.799,2.819,2.792,2.817,27579.167
2025-11-17 03:00:00,2.817,2.843,2.817,2.825,27125.061
2025-11-17 04:00:00,2.825,2.836,2.814,2.816,25032.135
2025-11-17 05:00:00,2.816,2.821,2.81,2.815,20789.099
2025-11-17 06:00:00,2.815,2.837,2.807,2.836,19808.373
2025-11-17 07:00:00,2.836,2.845,2.828,2.835,35517.788
2025-11-17 08:00:00,2.835,2.84,2.825,2.826,50728.443
2025-11-17 09:00:00,2.826,2.84,2.814,2.816,57936.677
2025-11-17 10:00:00,2.816,2.828,2.81,2.814,26589.529
2025-11-17 11:00:00,2.814,2.845,2.811,2.833,28229.423
2025-11-17 12:00:00,2.833,2.834,2.821,2.827,16006.452
2025-11-17 13:00:00,2.827,2.831,2.74,2.761,176017.064
2025-11-17 14:00:00,2.761,2.868,2.748,2.811,235802.983
2025-11-17 15:00:00,2.811,2.825,2.766,2.775,148159.974
2025-11-17 16:00:00,2.775,2.797,2.718,2.795,120488.027
2025-11-17 17:00:00,2.795,2.799,2.714,2.72,68845.374
2025-11-17 18:00:00,2.72,2.746,2.674,2.697,128716.837
2025-11-17 19:00:00,2.697,2.709,2.642,2.655,150932.474
2025-11-17 20:00:00,2.655,2.675,2.63,2.663,120253.895
2025-11-17 21:00:00,2.663,2.682,2.632,2.657,51806.657
2025-11-17 22:00:00,2.657,2.684,2.647,2.669,45761.93
2025-11-17 23:00:00,2.669,2.672,2.65,2.666,31861.279
2025-11-18 00:00:00,2.666,2.683,2.619,2.68,90727.253
2025-11-18 01:00:00,2.68,2.699,2.674,2.688,32370.467
2025-11-18 02:00:00,2.688,2.738,2.658,2.696,453974.8
2025-11-18 03:00:00,2.696,2.75,2.664,2.739,101983.319
2025-11-18 04:00:00,2.739,2.756,2.706,2.754,94552.14
2025-11-18 05:00:00,2.754,2.766,2.73,2.736,48431.698
2025-11-18 06:00:00,2.736,2.743,2.711,2.717,66989.076
2025-11-18 07:00:00,2.717,2.737,2.704,2.729,122541.696
2025-11-18 08:00:00,2.729,2.755,2.725,2.745,399170.355
2025-11-18 09:00:00,2.745,2.752,2.72,2.728,201018.887
2025-11-18 10:00:00,2.728,2.734,2.71,2.732,81167.698
2025-11-18 11:00:00,2.732,2.732,2.708,2.715,73578.499
2025-11-18 12:00:00,2.715,2.727,2.696,2.72,86211.979
2025-11-18 13:00:00,2.72,2.72,2.689,2.709,43997.412
2025-11-18 14:00:00,2.709,2.751,2.698,2.707,180014.418
2025-11-18 15:00:00,2.707,2.774,2.693,2.753,149863.926
2025-11-18 16:00:00,2.753,2.805,2.745,2.791,99421.93
2025-11-18 17:00:00,2.791,2.798,2.765,2.774,60431.189
2025-11-18 18:00:00,2.774,2.805,2.774,2.785,34230.198
2025-11-18 19:00:00,2.785,2.802,2.776,2.784,45969.724
2025-11-18 20:00:00,2.784,2.79,2.768,2.768,19725.967
2025-11-18 21:00:00,2.768,2.772,2.736,2.737,30052.213
2025-11-18 22:00:00,2.737,2.78,2.737,2.772,25054.79
2025-11-18 23:00:00,2.772,2.772,2.752,2.759,13363.447
2025-11-19 00:00:00,2.759,2.759,2.721,2.754,40339.772
2025-11-19 01:00:00,2.754,2.765,2.739,2.751,47821.292
2025-11-19 02:00:00,2.751,2.77,2.746,2.753,25670.382
2025-11-19 03:00:00,2.753,2.756,2.714,2.719,30867.071
2025-11-19 04:00:00,2.719,2.726,2.704,2.705,33376.023
2025-11-19 05:00:00,2.705,2.706,2.643,2.662,86521.734
2025-11-19 06:00:00,2.662,2.69,2.656,2.689,31273.366
2025-11-19 07:00:00,2.689,2.715,2.683,2.711,34507.55
2025-11-19 08:00:00,2.711,2.726,2.703,2.705,43431.97
2025-11-19 09:00:00,2.705,2.717,2.693,2.715,28305.325
2025-11-19 10:00:00,2.715,2.733,2.711,2.718,25087.806
2025-11-19 11:00:00,2.718,2.722,2.705,2.708,55160.205
2025-11-19 12:00:00,2.708,2.732,2.702,2.732,49235.023
2025-11-19 13:00:00,2.732,2.735,2.7,2.7,45284.559
2025-11-19 14:00:00,2.7,2.709,2.673,2.703,93311.689
2025-11-19 15:00:00,2.703,2.741,2.643,2.647,130415.125
2025-11-19 16:00:00,2.647,2.667,2.607,2.617,148803.461
2025-11-19 17:00:00,2.617,2.63,2.575,2.613,168939.926
2025-11-19 18:00:00,2.613,2.623,2.57,2.592,64625.275
2025-11-19 19:00:00,2.592,2.609,2.582,2.596,46878.282
2025-11-19 20:00:00,2.596,2.638,2.587,2.635,41234.448
2025-11-19 21:00:00,2.635,2.689,2.627,2.682,109233.861
2025-11-19 22:00:00,2.682,2.682,2.656,2.667,38350.488
2025-11-19 23:00:00,2.667,2.705,2.666,2.694,43787.641
2025-11-20 00:00:00,2.694,2.696,2.672,2.676,53396.878
2025-11-20 01:00:00,2.676,2.697,2.675,2.693,48509.069
2025-11-20 02:00:00,2.693,2.71,2.692,2.708,42450.476
2025-11-20 03:00:00,2.708,2.718,2.702,2.706,24218.225
2025-11-20 04:00:00,2.706,2.737,2.701,2.737,34024.344
2025-11-20 05:00:00,2.737,2.744,2.723,2.724,45156.084
2025-11-20 06:00:00,2.724,2.729,2.712,2.722,24544.345
2025-11-20 07:00:00,2.722,2.746,2.719,2.743,40970.347
2025-11-20 08:00:00,2.743,2.753,2.739,2.753,44497.69
2025-11-20 09:00:00,2.753,2.771,2.75,2.761,85761.541
2025-11-20 10:00:00,2.761,2.764,2.741,2.76,38884.848
2025-11-20 11:00:00,2.76,2.767,2.749,2.76,49286.72
2025-11-20 12:00:00,2.76,2.803,2.755,2.802,67126.471
2025-11-20 13:00:00,2.802,2.824,2.783,2.788,85360.453
2025-11-20 14:00:00,2.788,2.811,2.751,2.792,98955.955
2025-11-20 15:00:00,2.792,2.793,2.725,2.729,118969.2
2025-11-20 16:00:00,2.729,2.73,2.585,2.6,208908.751
2025-11-20 17:00:00,2.6,2.612,2.547,2.559,173601.426
2025-11-20 18:00:00,2.559,2.582,2.525,2.532,136405.523
2025-11-20 19:00:00,2.532,2.563,2.509,2.558,83568.091
2025-11-20 20:00:00,2.558,2.563,2.528,2.543,55302.276
2025-11-20 21:00:00,2.543,2.596,2.543,2.578,31495.989
2025-11-20 22:00:00,2.578,2.623,2.576,2.601,40792.716
2025-11-20 23:00:00,2.601,2.601,2.538,2.547,62497.058
2025-11-21 00:00:00,2.547,2.577,2.54,2.572,115218.482
2025-11-21 01:00:00,2.572,2.593,2.56,2.576,89870.288
2025-11-21 02:00:00,2.576,2.576,2.513,2.522,136356.956
2025-11-21 03:00:00,2.522,2.563,2.519,2.54,64998.929
2025-11-21 04:00:00,2.54,2.543,2.501,2.538,56710.413
2025-11-21 05:00:00,2.538,2.547,2.516,2.522,37594.055
2025-11-21 06:00:00,2.522,2.527,2.504,2.513,104566.827
2025-11-21 07:00:00,2.513,2.521,2.274,2.403,695326.758
2025-11-21 08:00:00,2.403,2.445,2.393,2.423,150261.136
2025-11-21 09:00:00,2.423,2.443,2.362,2.366,374228.818
2025-11-21 10:00:00,2.366,2.401,2.353,2.376,179335.841
2025-11-21 11:00:00,2.376,2.398,2.339,2.346,198536.242
2025-11-21 12:00:00,2.346,2.404,2.296,2.382,233662.325
2025-11-21 13:00:00,2.382,2.416,2.373,2.402,151749.654
2025-11-21 14:00:00,2.402,2.433,2.375,2.415,152326.907
2025-11-21 15:00:00,2.415,2.42,2.348,2.357,135095.055
2025-11-21 16:00:00,2.357,2.413,2.328,2.413,146678.451
2025-11-21 17:00:00,2.413,2.435,2.401,2.404,78085.711
2025-11-21 18:00:00,2.404,2.427,2.355,2.409,72163.749
2025-11-21 19:00:00,2.409,2.414,2.37,2.376,36760.537
2025-11-21 20:00:00,2.376,2.377,2.322,2.341,73684.624
2025-11-21 21:00:00,2.341,2.385,2.328,2.372,63738.714
2025-11-21 22:00:00,2.372,2.379,2.295,2.297,78584.557
2025-11-21 23:00:00,2.297,2.356,2.274,2.349,128640.103
2025-11-22 00:00:00,2.349,2.357,2.319,2.337,58848.278
2025-11-22 01:00:00,2.337,2.356,2.337,2.356,28361.922
2025-11-22 02:00:00,2.356,2.357,2.316,2.33,32452.964
2025-11-22 03:00:00,2.33,2.341,2.317,2.325,37378.883
2025-11-22 04:00:00,2.325,2.325,2.27,2.303,48862.999
2025-11-22 05:00:00,2.303,2.307,2.266,2.287,45499.335
2025-11-22 06:00:00,2.287,2.317,2.267,2.316,36466.748
2025-11-22 07:00:00,2.316,2.323,2.297,2.314,72636.405
2025-11-22 08:00:00,2.314,2.317,2.275,2.277,132612.044
2025-11-22 09:00:00,2.277,2.319,2.277,2.306,57189.224
2025-11-22 10:00:00,2.306,2.317,2.287,2.297,37829.122
2025-11-22 11:00:00,2.297,2.322,2.291,2.316,93611.067
2025-11-22 12:00:00,2.316,2.316,2.281,2.289,31376.815
2025-11-22 13:00:00,2.289,2.291,2.258,2.27,75240.893
2025-11-22 14:00:00,2.27,2.314,2.27,2.306,107100.184
2025-11-22 15:00:00,2.306,2.31,2.277,2.29,33625.221
2025-11-22 16:00:00,2.29,2.316,2.279,2.307,44668.5
2025-11-22 17:00:00,2.307,2.308,2.287,2.292,29302.204
2025-11-22 18:00:00,2.292,2.302,2.283,2.299,40854.854
2025-11-22 19:00:00,2.299,2.306,2.285,2.295,18157.942
2025-11-22 20:00:00,2.295,2.309,2.282,2.29,40976.503
2025-11-22 21:00:00,2.29,2.31,2.288,2.308,21304.397
2025-11-22 22:00:00,2.308,2.344,2.296,2.333,57389.587
2025-11-22 23:00:00,2.333,2.336,2.307,2.311,17132.301
2025-11-23 00:00:00,2.311,2.327,2.305,2.308,32030.703
2025-11-23 01:00:00,2.308,2.35,2.308,2.338,79975.886
2025-11-23 02:00:00,2.338,2.358,2.336,2.346,32523.217
2025-11-23 03:00:00,2.346,2.349,2.332,2.345,28595.918
2025-11-23 04:00:00,2.345,2.369,2.343,2.356,44186.757
2025-11-23 05:00:00,2.356,2.36,2.347,2.355,27397.618
2025-11-23 06:00:00,2.355,2.364,2.343,2.351,69534.921
2025-11-23 07:00:00,2.351,2.352,2.323,2.34,40795.37
2025-11-23 08:00:00,2.34,2.352,2.34,2.35,39894.153
2025-11-23 09:00:00,2.35,2.358,2.347,2.349,25815.354
2025-11-23 10:00:00,2.349,2.349,2.335,2.343,24604.744
2025-11-23 11:00:00,2.343,2.343,2.32,2.337,22448.063
2025-11-23 12:00:00,2.337,2.359,2.336,2.344,31525.087
2025-11-23 13:00:00,2.344,2.349,2.332,2.343,25954.294
2025-11-23 14:00:00,2.343,2.356,2.314,2.315,55646.598
2025-11-23 15:00:00,2.315,2.334,2.31,2.329,48377.119
2025-11-23 16:00:00,2.329,2.334,2.297,2.298,57893.016
2025-11-23 17:00:00,2.298,2.303,2.275,2.285,47313.433
2025-11-23 18:00:00,2.285,2.308,2.284,2.292,28913.851
2025-11-23 19:00:00,2.292,2.322,2.292,2.309,34334.661
2025-11-23 20:00:00,2.309,2.312,2.298,2.303,21246.152
2025-11-23 21:00:00,2.303,2.327,2.291,2.321,50730.694
2025-11-23 22:00:00,2.321,2.324,2.302,2.311,65005.823
2025-11-23 23:00:00,2.311,2.317,2.249,2.258,118273.239
2025-11-24 00:00:00,2.258,2.298,2.245,2.282,84928.471
2025-11-24 01:00:00,2.282,2.291,2.265,2.289,90351.198
2025-11-24 02:00:00,2.289,2.338,2.286,2.315,78232.483
2025-11-24 03:00:00,2.315,2.333,2.303,2.315,35242.426
2025-11-24 04:00:00,2.315,2.325,2.275,2.276,62238.656
2025-11-24 05:00:00,2.276,2.331,2.273,2.303,57636.056
2025-11-24 06:00:00,2.303,2.304,2.274,2.288,75712.916
2025-11-24 07:00:00,2.288,2.3,2.276,2.285,58102.451
2025-11-24 08:00:00,2.285,2.3,2.278,2.293,42626.242
2025-11-24 09:00:00,2.293,2.294,2.243,2.249,64087.458
2025-11-24 10:00:00,2.249,2.262,2.246,2.258,42240.183
2025-11-24 11:00:00,2.258,2.281,2.252,2.278,41972.3
2025-11-24 12:00:00,2.278,2.281,2.252,2.26,30154.005
2025-11-24 13:00:00,2.26,2.296,2.257,2.277,56656.515
2025-11-24 14:00:00,2.277,2.311,2.251,2.292,96362.201
2025-11-24 15:00:00,2.292,2.312,2.271,2.3,74929.71
2025-11-24 16:00:00,2.3,2.32,2.3,2.306,68242.141
2025-11-24 17:00:00,2.306,2.361,2.303,2.358,134246.183
2025-11-24 18:00:00,2.358,2.371,2.345,2.354,82335.627
2025-11-24 19:00:00,2.354,2.37,2.353,2.359,86723.954
2025-11-24 20:00:00,2.359,2.397,2.359,2.385,94188.47
2025-11-24 21:00:00,2.385,2.39,2.36,2.364,73894.111
2025-11-24 22:00:00,2.364,2.378,2.354,2.364,32047.634
2025-11-24 23:00:00,2.364,2.364,2.338,2.341,23524.581
2025-11-25 00:00:00,2.341,2.347,2.329,2.34,59927.247
2025-11-25 01:00:00,2.34,2.349,2.326,2.326,44459.411
2025-11-25 02:00:00,2.326,2.329,2.305,2.325,47730.557
2025-11-25 03:00:00,2.325,2.333,2.311,2.315,39061.179
2025-11-25 04:00:00,2.315,2.328,2.311,2.326,57178.353
2025-11-25 05:00:00,2.326,2.327,2.307,2.311,33004.433
2025-11-25 06:00:00,2.311,2.311,2.282,2.291,37815.292
2025-11-25 07:00:00,2.291,2.298,2.264,2.266,55178.427
2025-11-25 08:00:00,2.266,2.278,2.255,2.256,70615.674
2025-11-25 09:00:00,2.256,2.275,2.247,2.273,61522.462
2025-11-25 10:00:00,2.273,2.274,2.262,2.273,34777.444
2025-11-25 11:00:00,2.273,2.273,2.253,2.256,54111.36
2025-11-25 12:00:00,2.256,2.279,2.253,2.266,72530.175
2025-11-25 13:00:00,2.266,2.275,2.213,2.238,151316.694
2025-11-25 14:00:00,2.238,2.239,2.184,2.205,161282.849
2025-11-25 15:00:00,2.205,2.238,2.177,2.223,170456.204
2025-11-25 16:00:00,2.223,2.259,2.218,2.254,129662.4
2025-11-25 17:00:00,2.254,2.289,2.249,2.268,156000.186
2025-11-25 18:00:00,2.268,2.288,2.265,2.265,77564.866
2025-11-25 19:00:00,2.265,2.272,2.234,2.263,55941.609
2025-11-25 20:00:00,2.263,2.29,2.261,2.281,53253.851
2025-11-25 21:00:00,2.281,2.291,2.276,2.278,33193.274
2025-11-25 22:00:00,2.278,2.303,2.248,2.295,48372.442
2025-11-25 23:00:00,2.295,2.315,2.288,2.296,50293.241
2025-11-26 00:00:00,2.296,2.303,2.288,2.29,29807.387
2025-11-26 01:00:00,2.29,2.309,2.283,2.292,20757.834
2025-11-26 02:00:00,2.292,2.299,2.287,2.288,42990.518
2025-11-26 03:00:00,2.288,2.293,2.267,2.269,24687.921
2025-11-26 04:00:00,2.269,2.274,2.263,2.267,33105.171
2025-11-26 05:00:00,2.267,2.294,2.265,2.29,22221.962
2025-11-26 06:00:00,2.29,2.303,2.283,2.301,43584.226
2025-11-26 07:00:00,2.301,2.316,2.297,2.313,84595.142
2025-11-26 08:00:00,2.313,2.318,2.291,2.292,64322.125
2025-11-26 09:00:00,2.292,2.292,2.262,2.268,70767.891
2025-11-26 10:00:00,2.268,2.275,2.256,2.272,33415.832
2025-11-26 11:00:00,2.272,2.272,2.256,2.261,21320.046
2025-11-26 12:00:00,2.261,2.265,2.24,2.254,55215.832
2025-11-26 13:00:00,2.254,2.272,2.253,2.269,51497.576
2025-11-26 14:00:00,2.269,2.293,2.26,2.264,85736.595
2025-11-26 15:00:00,2.264,2.277,2.247,2.261,56942.473
2025-11-26 16:00:00,2.261,2.299,2.261,2.283,66215.376
2025-11-26 17:00:00,2.283,2.355,2.27,2.351,161533.848
2025-11-26 18:00:00,2.351,2.371,2.34,2.368,106643.661
2025-11-26 19:00:00,2.368,2.369,2.355,2.362,41708.107
2025-11-26 20:00:00,2.362,2.363,2.344,2.353,73063.211
2025-11-26 21:00:00,2.353,2.371,2.343,2.36,48383.34
2025-11-26 22:00:00,2.36,2.366,2.349,2.352,92252.861
2025-11-26 23:00:00,2.352,2.355,2.341,2.344,65927.308
2025-11-27 00:00:00,2.344,2.348,2.331,2.339,88907.291
2025-11-27 01:00:00,2.339,2.354,2.335,2.347,28683.378
2025-11-27 02:00:00,2.347,2.359,2.339,2.34,41591.435
2025-11-27 03:00:00,2.34,2.343,2.316,2.316,45843.197
2025-11-27 04:00:00,2.316,2.333,2.316,2.33,19680.519
2025-11-27 05:00:00,2.33,2.333,2.316,2.319,22350.999
2025-11-27 06:00:00,2.319,2.343,2.319,2.338,23453.451
2025-11-27 07:00:00,2.338,2.339,2.327,2.33,19678.471
2025-11-27 08:00:00,2.33,2.343,2.318,2.342,44370.916
2025-11-27 09:00:00,2.342,2.352,2.336,2.336,19232.797
2025-11-27 10:00:00,2.336,2.338,2.324,2.338,49946.143
2025-11-27 11:00:00,2.338,2.341,2.327,2.33,49241.632
2025-11-27 12:00:00,2.33,2.331,2.309,2.312,90652.24
2025-11-27 13:00:00,2.312,2.327,2.311,2.323,39158.456
2025-11-27 14:00:00,2.323,2.335,2.318,2.335,30848.078
2025-11-27 15:00:00,2.335,2.352,2.324,2.349,58146.689
2025-11-27 16:00:00,2.349,2.375,2.344,2.372,91291.028
2025-11-27 17:00:00,2.372,2.378,2.364,2.372,115571.727
2025-11-27 18:00:00,2.372,2.385,2.366,2.379,58022.214
2025-11-27 19:00:00,2.379,2.381,2.366,2.381,74770.993
2025-11-27 20:00:00,2.381,2.383,2.372,2.378,44584.77
2025-11-27 21:00:00,2.378,2.391,2.371,2.376,94765.257
2025-11-27 22:00:00,2.376,2.377,2.337,2.342,78069.636
2025-11-27 23:00:00,2.342,2.348,2.331,2.337,48483.096
2025-11-28 00:00:00,2.337,2.345,2.332,2.339,41644.207
2025-11-28 01:00:00,2.339,2.339,2.304,2.305,151622.544
2025-11-28 02:00:00,2.305,2.316,2.293,2.312,89190.587
2025-11-28 03:00:00,2.312,2.321,2.311,2.316,53028.465
2025-11-28 04:00:00,2.316,2.325,2.312,2.312,51348.567
2025-11-28 05:00:00,2.312,2.322,2.305,2.32,41064.956
2025-11-28 06:00:00,2.32,2.32,2.302,2.308,24509.683
2025-11-28 07:00:00,2.308,2.324,2.305,2.318,45094.354
2025-11-28 08:00:00,2.318,2.375,2.318,2.37,198321.394
2025-11-28 09:00:00,2.37,2.377,2.346,2.348,111515.775
2025-11-28 10:00:00,2.348,2.349,2.341,2.345,62914.749
2025-11-28 11:00:00,2.345,2.345,2.307,2.32,131904.91
2025-11-28 12:00:00,2.32,2.325,2.316,2.32,66331.861
2025-11-28 13:00:00,2.32,2.355,2.312,2.343,104802.583
2025-11-28 14:00:00,2.343,2.355,2.324,2.335,130145.096
2025-11-28 15:00:00,2.335,2.366,2.328,2.351,80290.902
2025-11-28 16:00:00,2.351,2.351,2.3,2.302,104080.437
2025-11-28 17:00:00,2.302,2.304,2.274,2.285,125563.386
2025-11-28 18:00:00,2.285,2.297,2.261,2.29,115532.321
2025-11-28 19:00:00,2.29,2.305,2.287,2.3,71556.284
2025-11-28 20:00:00,2.3,2.302,2.287,2.295,51267.334
2025-11-28 21:00:00,2.295,2.3,2.283,2.283,48988.962
2025-11-28 22:00:00,2.283,2.299,2.277,2.298,106053.116
2025-11-28 23:00:00,2.298,2.301,2.284,2.284,56626.733
2025-11-29 00:00:00,2.284,2.29,2.28,2.289,18547.182
2025-11-29 01:00:00,2.289,2.298,2.284,2.287,26340.22
2025-11-29 02:00:00,2.287,2.29,2.275,2.28,35693.068
2025-11-29 03:00:00,2.28,2.286,2.275,2.275,31974.691
2025-11-29 04:00:00,2.275,2.291,2.27,2.29,40511.329
2025-11-29 05:00:00,2.29,2.29,2.279,2.28,22759.487
2025-11-29 06:00:00,2.28,2.287,2.26,2.268,91890.899
2025-11-29 07:00:00,2.268,2.276,2.266,2.269,27688.983
2025-11-29 08:00:00,2.269,2.272,2.263,2.266,39195.851
2025-11-29 09:00:00,2.266,2.273,2.266,2.269,35802.153
2025-11-29 10:00:00,2.269,2.277,2.253,2.274,95211.725
2025-11-29 11:00:00,2.274,2.28,2.272,2.277,68130.32
2025-11-29 12:00:00,2.277,2.28,2.26,2.26,48798.332
2025-11-29 13:00:00,2.26,2.27,2.26,2.264,28250.089
2025-11-29 14:00:00,2.264,2.265,2.247,2.257,91608.417
2025-11-29 15:00:00,2.257,2.275,2.257,2.271,56313.268
2025-11-29 16:00:00,2.271,2.273,2.259,2.264,37721.01
2025-11-29 17:00:00,2.264,2.267,2.238,2.241,74099.529
2025-11-29 18:00:00,2.241,2.25,2.227,2.245,97412.557
2025-11-29 19:00:00,2.245,2.249,2.24,2.242,28481.685
2025-11-29 20:00:00,2.242,2.259,2.238,2.255,59365.458
2025-11-29 21:00:00,2.255,2.263,2.246,2.263,50708.5
2025-11-29 22:00:00,2.263,2.263,2.251,2.254,25038.453
2025-11-29 23:00:00,2.254,2.262,2.246,2.258,23169.257
2025-11-30 00:00:00,2.258,2.267,2.257,2.257,29355.337
2025-11-30 01:00:00,2.257,2.267,2.255,2.26,35648.162
2025-11-30 02:00:00,2.26,2.27,2.26,2.262,41899.402
2025-11-30 03:00:00,2.262,2.273,2.245,2.273,48649.306
2025-11-30 04:00:00,2.273,2.274,2.259,2.261,24746.432
2025-11-30 05:00:00,2.261,2.261,2.249,2.255,43256.118
2025-11-30 06:00:00,2.255,2.268,2.251,2.262,36006.673
2025-11-30 07:00:00,2.262,2.267,2.261,2.266,18403.237
2025-11-30 08:00:00,2.266,2.275,2.257,2.266,72401.854
2025-11-30 09:00:00,2.266,2.274,2.264,2.272,45304.269
2025-11-30 10:00:00,2.272,2.272,2.264,2.266,20417.607
2025-11-30 11:00:00,2.266,2.272,2.255,2.256,35789.832
2025-11-30 12:00:00,2.256,2.276,2.249,2.271,42771.304
2025-11-30 13:00:00,2.271,2.294,2.269,2.287,100574.413
2025-11-30 14:00:00,2.287,2.288,2.265,2.268,45463.055
2025-11-30 15:00:00,2.268,2.268,2.255,2.261,46238.367
2025-11-30 16:00:00,2.261,2.288,2.26,2.285,98653.032
2025-11-30 17:00:00,2.285,2.285,2.27,2.277,100531.636
2025-11-30 18:00:00,2.277,2.281,2.268,2.28,85351.581
2025-11-30 19:00:00,2.28,2.282,2.267,2.27,86220.02
2025-11-30 20:00:00,2.27,2.279,2.259,2.266,58124.79
2025-11-30 21:00:00,2.266,2.267,2.251,2.263,66600.51
2025-11-30 22:00:00,2.263,2.273,2.255,2.266,56541.022
2025-11-30 23:00:00,2.266,2.267,2.204,2.209,169570.203
2025-12-01 00:00:00,2.209,2.209,2.05,2.054,869426.494
2025-12-01 01:00:00,2.054,2.096,2.046,2.075,204846.388
2025-12-01 02:00:00,2.075,2.088,2.064,2.066,175724.825
2025-12-01 03:00:00,2.066,2.066,2.045,2.049,151555.132
2025-12-01 04:00:00,2.049,2.053,1.999,2.009,1452383.1
2025-12-01 05:00:00,2.009,2.038,2.009,2.027,249840.672
2025-12-01 06:00:00,2.027,2.035,2.015,2.018,222092.833
2025-12-01 07:00:00,2.018,2.038,2.014,2.038,150435.953
2025-12-01 08:00:00,2.038,2.055,2.035,2.049,84247.227
2025-12-01 09:00:00,2.049,2.056,2.038,2.046,87635.063
2025-12-01 10:00:00,2.046,2.057,2.045,2.049,74914.597
2025-12-01 11:00:00,2.049,2.05,2.031,2.036,118821.398
2025-12-01 12:00:00,2.036,2.04,1.999,2.031,198731.778
2025-12-01 13:00:00,2.031,2.043,2.019,2.026,145234.59
2025-12-01 14:00:00,2.026,2.05,2.021,2.025,127685.876
2025-12-01 15:00:00,2.025,2.028,1.962,1.997,427437.907
2025-12-01 16:00:00,1.997,2.004,1.979,1.986,149963.627
2025-12-01 17:00:00,1.986,2.003,1.983,1.987,99744.242
2025-12-01 18:00:00,1.987,2.01,1.987,2.004,128222.37
2025-12-01 19:00:00,2.004,2.005,1.988,1.995,106552.039
2025-12-01 20:00:00,1.995,2.026,1.994,2.018,175254.77
2025-12-01 21:00:00,2.018,2.039,2.016,2.031,186815.076
2025-12-01 22:00:00,2.031,2.044,2.03,2.035,99077.592
2025-12-01 23:00:00,2.035,2.049,2.034,2.041,88705.432
2025-12-02 00:00:00,2.041,2.048,2.036,2.042,41821.269
2025-12-02 01:00:00,2.042,2.065,2.034,2.038,210524.636
2025-12-02 02:00:00,2.038,2.048,2.032,2.04,65210.543
2025-12-02 03:00:00,2.04,2.058,2.033,2.056,45233.723
2025-12-02 04:00:00,2.056,2.06,2.047,2.048,73579.822
2025-12-02 05:00:00,2.048,2.057,2.048,2.057,55501.938
2025-12-02 06:00:00,2.057,2.074,2.055,2.072,221424.272
2025-12-02 07:00:00,2.072,2.074,2.063,2.066,144951.915
2025-12-02 08:00:00,2.066,2.068,2.044,2.05,96697.988
2025-12-02 09:00:00,2.05,2.065,2.05,2.06,51756.842
2025-12-02 10:00:00,2.06,2.091,2.06,2.082,272059.018
2025-12-02 11:00:00,2.082,2.122,2.08,2.094,197629.193
2025-12-02 12:00:00,2.094,2.097,2.08,2.085,74673.284
2025-12-02 13:00:00,2.085,2.115,2.079,2.111,107577.246
2025-12-02 14:00:00,2.111,2.146,2.11,2.144,164079.844
2025-12-02 15:00:00,2.144,2.252,2.144,2.246,397744.848
2025-12-02 16:00:00,2.246,2.282,2.244,2.276,333683.188
2025-12-02 17:00:00,2.276,2.286,2.248,2.248,188783.397
2025-12-02 18:00:00,2.248,2.262,2.24,2.243,101091.005
2025-12-02 19:00:00,2.243,2.249,2.232,2.233,56361.534
2025-12-02 20:00:00,2.233,2.263,2.224,2.262,227495.779
2025-12-02 21:00:00,2.262,2.265,2.246,2.255,49635.966
2025-12-02 22:00:00,2.255,2.266,2.254,2.263,84806.805
2025-12-02 23:00:00,2.263,2.265,2.244,2.247,44278.935
2025-12-03 00:00:00,2.247,2.267,2.247,2.264,67592.276
2025-12-03 01:00:00,2.264,2.276,2.26,2.273,57797.493
2025-12-03 02:00:00,2.273,2.304,2.273,2.288,108433.512
2025-12-03 03:00:00,2.288,2.298,2.285,2.291,56747.936
2025-12-03 04:00:00,2.291,2.319,2.289,2.319,79915.744
2025-12-03 05:00:00,2.319,2.331,2.312,2.315,122720.572
2025-12-03 06:00:00,2.315,2.33,2.296,2.304,105235.062
2025-12-03 07:00:00,2.304,2.304,2.29,2.292,48267.427
2025-12-03 08:00:00,2.292,2.308,2.29,2.306,56445.397
2025-12-03 09:00:00,2.306,2.31,2.294,2.31,51085.38
2025-12-03 10:00:00,2.31,2.312,2.287,2.292,46566.876
2025-12-03 11:00:00,2.292,2.3,2.286,2.296,48882.15
2025-12-03 12:00:00,2.296,2.3,2.275,2.279,76180.77
2025-12-03 13:00:00,2.279,2.294,2.278,2.286,65175.126
2025-12-03 14:00:00,2.286,2.313,2.24,2.282,421459.4
2025-12-03 15:00:00,2.282,2.306,2.279,2.301,111758.493
2025-12-03 16:00:00,2.301,2.305,2.284,2.295,46670.151
2025-12-03 17:00:00,2.295,2.337,2.294,2.329,75724.236
2025-12-03 18:00:00,2.329,2.336,2.305,2.31,59872.87
2025-12-03 19:00:00,2.31,2.327,2.31,2.326,37298.115
2025-12-03 20:00:00,2.326,2.342,2.319,2.329,45812.045
2025-12-03 21:00:00,2.329,2.362,2.327,2.36,54410.13
2025-12-03 22:00:00,2.36,2.388,2.347,2.385,226568.431
2025-12-03 23:00:00,2.385,2.398,2.361,2.365,135907.463
2025-12-04 00:00:00,2.365,2.37,2.343,2.347,97763.215
2025-12-04 01:00:00,2.347,2.375,2.343,2.349,62393.809
2025-12-04 02:00:00,2.349,2.36,2.347,2.358,42249.841
2025-12-04 03:00:00,2.358,2.364,2.341,2.341,33976.47
2025-12-04 04:00:00,2.341,2.345,2.335,2.341,34694.331
2025-12-04 05:00:00,2.341,2.345,2.329,2.341,54211.064
2025-12-04 06:00:00,2.341,2.352,2.337,2.35,42902.8
2025-12-04 07:00:00,2.35,2.35,2.327,2.339,66360.398
2025-12-04 08:00:00,2.339,2.346,2.333,2.337,51267.193
2025-12-04 09:00:00,2.337,2.352,2.337,2.337,33538.441
2025-12-04 10:00:00,2.337,2.34,2.325,2.327,44201.967
2025-12-04 11:00:00,2.327,2.327,2.319,2.326,37920.277
2025-12-04 12:00:00,2.326,2.332,2.316,2.322,68961.996
2025-12-04 13:00:00,2.322,2.331,2.317,2.318,80189.58
2025-12-04 14:00:00,2.318,2.337,2.301,2.309,174703.716
2025-12-04 15:00:00,2.309,2.338,2.305,2.329,207749.938
2025-12-04 16:00:00,2.329,2.342,2.312,2.314,104836.689
2025-12-04 17:00:00,2.314,2.315,2.29,2.309,55010.46
2025-12-04 18:00:00,2.309,2.315,2.287,2.291,39058.983
2025-12-04 19:00:00,2.291,2.295,2.245,2.29,232964.029
2025-12-04 20:00:00,2.29,2.303,2.277,2.298,40385.892
2025-12-04 21:00:00,2.298,2.301,2.277,2.279,36871.314
2025-12-04 22:00:00,2.279,2.29,2.277,2.286,42372.579
2025-12-04 23:00:00,2.286,2.286,2.271,2.273,18595.959
2025-12-05 00:00:00,2.273,2.29,2.272,2.278,31578.147
2025-12-05 01:00:00,2.278,2.29,2.276,2.285,75734.786
2025-12-05 02:00:00,2.285,2.307,2.279,2.3,44338.89
2025-12-05 03:00:00,2.3,2.301,2.283,2.286,40793.673
2025-12-05 04:00:00,2.286,2.293,2.254,2.265,105221.385
2025-12-05 05:00:00,2.265,2.27,2.258,2.265,35221.898
2025-12-05 06:00:00,2.265,2.276,2.265,2.273,33016.047
2025-12-05 07:00:00,2.273,2.287,2.271,2.282,26274.195
2025-12-05 08:00:00,2.282,2.284,2.264,2.27,42526.336
2025-12-05 09:00:00,2.27,2.27,2.236,2.241,103927.178
2025-12-05 10:00:00,2.241,2.257,2.238,2.247,51026.607
2025-12-05 11:00:00,2.247,2.251,2.224,2.235,91677.941
2025-12-05 12:00:00,2.235,2.242,2.23,2.237,56353.81
2025-12-05 13:00:00,2.237,2.244,2.209,2.216,92091.514
2025-12-05 14:00:00,2.216,2.223,2.184,2.19,156255.748
2025-12-05 15:00:00,2.19,2.241,2.19,2.208,277618.563
2025-12-05 16:00:00,2.208,2.209,2.113,2.136,414969.304
2025-12-05 17:00:00,2.136,2.145,2.11,2.129,293006.635
2025-12-05 18:00:00,2.129,2.14,2.095,2.095,142737.349
2025-12-05 19:00:00,2.095,2.132,2.085,2.123,241477.972
2025-12-05 20:00:00,2.123,2.124,2.105,2.11,81818.558
2025-12-05 21:00:00,2.11,2.125,2.11,2.119,89831.348
2025-12-05 22:00:00,2.119,2.126,2.109,2.117,69466.507
2025-12-05 23:00:00,2.117,2.131,2.105,2.125,78926.621
2025-12-06 00:00:00,2.125,2.126,2.109,2.126,34638.98
2025-12-06 01:00:00,2.126,2.127,2.111,2.112,30877.54
2025-12-06 02:00:00,2.112,2.12,2.106,2.119,25149.171
2025-12-06 03:00:00,2.119,2.128,2.116,2.122,22528.717
2025-12-06 04:00:00,2.122,2.122,2.105,2.11,32112.345
2025-12-06 05:00:00,2.11,2.112,2.105,2.109,46866.195
2025-12-06 06:00:00,2.109,2.115,2.103,2.103,51075.13
2025-12-06 07:00:00,2.103,2.11,2.099,2.105,87275.943
2025-12-06 08:00:00,2.105,2.107,2.088,2.089,95207.44
2025-12-06 09:00:00,2.089,2.105,2.087,2.101,43305.006
2025-12-06 10:00:00,2.101,2.105,2.095,2.098,31701.959
2025-12-06 11:00:00,2.098,2.11,2.095,2.107,32146.579
2025-12-06 12:00:00,2.107,2.109,2.102,2.105,35763.638
2025-12-06 13:00:00,2.105,2.116,2.102,2.112,21742.251
2025-12-06 14:00:00,2.112,2.14,2.11,2.133,135041.198
2025-12-06 15:00:00,2.133,2.135,2.115,2.119,68588.474
2025-12-06 16:00:00,2.119,2.146,2.119,2.137,56173.88
2025-12-06 17:00:00,2.137,2.153,2.135,2.152,48975.23
2025-12-06 18:00:00,2.152,2.166,2.148,2.153,62211.788
2025-12-06 19:00:00,2.153,2.155,2.125,2.13,115477.467
2025-12-06 20:00:00,2.13,2.14,2.129,2.139,27737.319
2025-12-06 21:00:00,2.139,2.152,2.136,2.139,63549.529
2025-12-06 22:00:00,2.139,2.146,2.13,2.132,54386.305
2025-12-06 23:00:00,2.132,2.136,2.12,2.128,29697.358
2025-12-07 00:00:00,2.128,2.144,2.127,2.136,32863.993
2025-12-07 01:00:00,2.136,2.136,2.128,2.13,23376.181
2025-12-07 02:00:00,2.13,2.143,2.13,2.141,15997.932
2025-12-07 03:00:00,2.141,2.142,2.134,2.142,16765.356
2025-12-07 04:00:00,2.142,2.144,2.128,2.131,18728.478
2025-12-07 05:00:00,2.131,2.149,2.13,2.143,105945.448
2025-12-07 06:00:00,2.143,2.156,2.142,2.155,48003.817
2025-12-07 07:00:00,2.155,2.155,2.127,2.13,32834.894
2025-12-07 08:00:00,2.13,2.132,2.118,2.122,41581.643
2025-12-07 09:00:00,2.122,2.124,2.1,2.1,47436.877
2025-12-07 10:00:00,2.1,2.107,2.087,2.089,91903.738
2025-12-07 11:00:00,2.089,2.101,2.089,2.093,37239.36
2025-12-07 12:00:00,2.093,2.112,2.091,2.106,132751.721
2025-12-07 13:00:00,2.106,2.11,2.081,2.092,74557.764
2025-12-07 14:00:00,2.092,2.094,2.039,2.055,229346.266
2025-12-07 15:00:00,2.055,2.119,2.052,2.118,166490.237
2025-12-07 16:00:00,2.118,2.118,2.096,2.115,74231.461
2025-12-07 17:00:00,2.115,2.16,2.102,2.144,165055.773
2025-12-07 18:00:00,2.144,2.153,2.14,2.143,57548.672
2025-12-07 19:00:00,2.143,2.148,2.136,2.141,79445.095
2025-12-07 20:00:00,2.141,2.15,2.14,2.147,44171.109
2025-12-07 21:00:00,2.147,2.147,2.094,2.105,79525.022
2025-12-07 22:00:00,2.105,2.105,2.054,2.081,171363.809
2025-12-07 23:00:00,2.081,2.096,2.07,2.094,48462.817
2025-12-08 00:00:00,2.094,2.104,2.084,2.09,43949.239
2025-12-08 01:00:00,2.09,2.14,2.09,2.113,94625.787
2025-12-08 02:00:00,2.113,2.128,2.11,2.125,39556.434
2025-12-08 03:00:00,2.125,2.13,2.117,2.12,28823.363
2025-12-08 04:00:00,2.12,2.139,2.12,2.126,65157.211
2025-12-08 05:00:00,2.126,2.131,2.117,2.126,69439.338
2025-12-08 06:00:00,2.126,2.147,2.124,2.141,130606.485
2025-12-08 07:00:00,2.141,2.148,2.136,2.138,97051.417
2025-12-08 08:00:00,2.138,2.155,2.133,2.153,75657.399
2025-12-08 09:00:00,2.153,2.179,2.153,2.156,145747.31
2025-12-08 10:00:00,2.156,2.157,2.149,2.153,45901.18
2025-12-08 11:00:00,2.153,2.153,2.126,2.131,101431.076
2025-12-08 12:00:00,2.131,2.132,2.118,2.13,100903.373
2025-12-08 13:00:00,2.13,2.144,2.13,2.137,93050.531
2025-12-08 14:00:00,2.137,2.17,2.134,2.144,586943.647
2025-12-08 15:00:00,2.144,2.154,2.12,2.133,432132.705
2025-12-08 16:00:00,2.133,2.155,2.12,2.138,176345.333
2025-12-08 17:00:00,2.138,2.149,2.122,2.144,132474.54
2025-12-08 18:00:00,2.144,2.151,2.112,2.122,144077.543
2025-12-08 19:00:00,2.122,2.133,2.111,2.123,110150.569
2025-12-08 20:00:00,2.123,2.145,2.123,2.143,148917.219
2025-12-08 21:00:00,2.143,2.155,2.138,2.154,66219.212
2025-12-08 22:00:00,2.154,2.155,2.13,2.138,55570.043
2025-12-08 23:00:00,2.138,2.141,2.122,2.13,25585.817
2025-12-09 00:00:00,2.13,2.139,2.124,2.127,25505.028
2025-12-09 01:00:00,2.127,2.131,2.105,2.107,72614.446
2025-12-09 02:00:00,2.107,2.118,2.106,2.107,39745.045
2025-12-09 03:00:00,2.107,2.131,2.096,2.128,119861.026
2025-12-09 04:00:00,2.128,2.131,2.103,2.106,74899.789
2025-12-09 05:00:00,2.106,2.111,2.094,2.1,85526.548
2025-12-09 06:00:00,2.1,2.106,2.09,2.104,46884.259
2025-12-09 07:00:00,2.104,2.12,2.102,2.116,34006.799
2025-12-09 08:00:00,2.116,2.119,2.106,2.11,34477.117
2025-12-09 09:00:00,2.11,2.111,2.096,2.1,17570.151
2025-12-09 10:00:00,2.1,2.107,2.09,2.102,74771.166
2025-12-09 11:00:00,2.102,2.11,2.1,2.109,35493.661
2025-12-09 12:00:00,2.109,2.13,2.107,2.126,77583.548
2025-12-09 13:00:00,2.126,2.137,2.117,2.123,111625.163
2025-12-09 14:00:00,2.123,2.133,2.106,2.118,158885.179
2025-12-09 15:00:00,2.118,2.22,2.117,2.218,470722.343
2025-12-09 16:00:00,2.218,2.392,2.218,2.337,848530.643
2025-12-09 17:00:00,2.337,2.378,2.314,2.329,474219.233
2025-12-09 18:00:00,2.329,2.355,2.321,2.328,240887.266
2025-12-09 19:00:00,2.328,2.334,2.306,2.313,186248.095
2025-12-09 20:00:00,2.313,2.321,2.276,2.29,263468.734
2025-12-09 21:00:00,2.29,2.297,2.259,2.276,177697.332
2025-12-09 22:00:00,2.276,2.304,2.276,2.292,116394.042
2025-12-09 23:00:00,2.292,2.301,2.282,2.293,67968.185
2025-12-10 00:00:00,2.293,2.298,2.259,2.26,132325.724
2025-12-10 01:00:00,2.26,2.263,2.243,2.253,85354.374
2025-12-10 02:00:00,2.253,2.256,2.241,2.249,46339.467
2025-12-10 03:00:00,2.249,2.251,2.235,2.245,36263.63
2025-12-10 04:00:00,2.245,2.25,2.232,2.232,55769.823
2025-12-10 05:00:00,2.232,2.244,2.228,2.232,60867.278
2025-12-10 06:00:00,2.232,2.233,2.222,2.229,87773.203
2025-12-10 07:00:00,2.229,2.229,2.204,2.222,95732.812
2025-12-10 08:00:00,2.222,2.225,2.212,2.218,116106.54
2025-12-10 09:00:00,2.218,2.246,2.204,2.225,186299.516
2025-12-10 10:00:00,2.225,2.248,2.191,2.199,242609.772
2025-12-10 11:00:00,2.199,2.202,2.191,2.202,117569.005
2025-12-10 12:00:00,2.202,2.208,2.19,2.202,118440.185
2025-12-10 13:00:00,2.202,2.215,2.199,2.209,100063.187
2025-12-10 14:00:00,2.209,2.209,2.19,2.2,85534.534
2025-12-10 15:00:00,2.2,2.216,2.196,2.203,116037.024
2025-12-10 16:00:00,2.203,2.23,2.2,2.224,75625.163
2025-12-10 17:00:00,2.224,2.242,2.221,2.231,101623.797
2025-12-10 18:00:00,2.231,2.271,2.225,2.242,138113.898
2025-12-10 19:00:00,2.242,2.281,2.217,2.267,613326.554
2025-12-10 20:00:00,2.267,2.317,2.235,2.242,574488.691
2025-12-10 21:00:00,2.242,2.259,2.214,2.217,288401.544
2025-12-10 22:00:00,2.217,2.227,2.183,2.219,199160.469
2025-12-10 23:00:00,2.219,2.221,2.19,2.191,94094.392
2025-12-11 00:00:00,2.191,2.194,2.136,2.141,227268.901
2025-12-11 01:00:00,2.141,2.141,2.098,2.099,238458.962
2025-12-11 02:00:00,2.099,2.099,2.066,2.084,178095.272
2025-12-11 03:00:00,2.084,2.084,2.057,2.062,217959.231
2025-12-11 04:00:00,2.062,2.081,2.052,2.078,231497.372
2025-12-11 05:00:00,2.078,2.081,2.068,2.078,83462.588
2025-12-11 06:00:00,2.078,2.088,2.069,2.08,73291.67
2025-12-11 07:00:00,2.08,2.08,2.066,2.069,82567.283
2025-12-11 08:00:00,2.069,2.069,2.048,2.061,83615.657
2025-12-11 09:00:00,2.061,2.065,2.046,2.048,59823.644
2025-12-11 10:00:00,2.048,2.05,2.037,2.047,85951.894
2025-12-11 11:00:00,2.047,2.051,2.041,2.045,61843.825
2025-12-11 12:00:00,2.045,2.047,2.038,2.041,107323.654
2025-12-11 13:00:00,2.041,2.054,2.041,2.05,74980.582
2025-12-11 14:00:00,2.05,2.057,2.021,2.034,219865.765
2025-12-11 15:00:00,2.034,2.052,2.017,2.028,231897.467
2025-12-11 16:00:00,2.028,2.04,2.011,2.02,134465.514
2025-12-11 17:00:00,2.02,2.032,2.013,2.015,71095.467
2025-12-11 18:00:00,2.015,2.05,2.009,2.028,152026.997
2025-12-11 19:00:00,2.028,2.06,2.024,2.032,155579.25
2025-12-11 20:00:00,2.032,2.058,2.027,2.056,170495.914
2025-12-11 21:00:00,2.056,2.093,2.053,2.076,294168.088
2025-12-11 22:00:00,2.076,2.084,2.052,2.068,114790.993
2025-12-11 23:00:00,2.068,2.074,2.058,2.066,80521.574
2025-12-12 00:00:00,2.066,2.071,2.029,2.03,83455.146
2025-12-12 01:00:00,2.03,2.063,2.03,2.052,93849.341
2025-12-12 02:00:00,2.052,2.079,2.048,2.076,96348.91
2025-12-12 03:00:00,2.076,2.082,2.06,2.067,56815.976
2025-12-12 04:00:00,2.067,2.068,2.055,2.057,48216.341
2025-12-12 05:00:00,2.057,2.078,2.051,2.078,88904.48
2025-12-12 06:00:00,2.078,2.096,2.066,2.067,129058.151
2025-12-12 07:00:00,2.067,2.068,2.057,2.057,64919.38
2025-12-12 08:00:00,2.057,2.061,2.04,2.043,68412.101
2025-12-12 09:00:00,2.043,2.048,2.027,2.045,94803.49
2025-12-12 10:00:00,2.045,2.059,2.041,2.046,89773.674
2025-12-12 11:00:00,2.046,2.051,2.037,2.048,77174.795
2025-12-12 12:00:00,2.048,2.061,2.043,2.059,59005.026
2025-12-12 13:00:00,2.059,2.067,2.054,2.065,110693.259
2025-12-12 14:00:00,2.065,2.069,2.05,2.062,149814.632
2025-12-12 15:00:00,2.062,2.062,1.955,1.97,486105.565
2025-12-12 16:00:00,1.97,1.977,1.946,1.958,331358.61
2025-12-12 17:00:00,1.958,1.987,1.957,1.972,130892.953
2025-12-12 18:00:00,1.972,2.009,1.97,1.991,152075.779
2025-12-12 19:00:00,1.991,1.991,1.98,1.986,80424.38
2025-12-12 20:00:00,1.986,1.995,1.979,1.991,81738.237
2025-12-12 21:00:00,1.991,2.009,1.991,2.001,45278.24
2025-12-12 22:00:00,2.001,2.017,2.001,2.011,44938.599
2025-12-12 23:00:00,2.011,2.017,2.01,2.012,27327.252
2025-12-13 00:00:00,2.012,2.024,2.01,2.018,51407.235
2025-12-13 01:00:00,2.018,2.022,2.014,2.019,20565.583
2025-12-13 02:00:00,2.019,2.028,2.019,2.024,15972.34
2025-12-13 03:00:00,2.024,2.04,2.022,2.03,45363.681
2025-12-13 04:00:00,2.03,2.04,2.027,2.035,32907.449
2025-12-13 05:00:00,2.035,2.039,2.03,2.034,49900.159
2025-12-13 06:00:00,2.034,2.034,2.024,2.027,29527.061
2025-12-13 07:00:00,2.027,2.04,2.027,2.038,32403.6
2025-12-13 08:00:00,2.038,2.051,2.036,2.039,46465.1
2025-12-13 09:00:00,2.039,2.044,2.035,2.039,22226.432
2025-12-13 10:00:00,2.039,2.056,2.038,2.051,72237.615
2025-12-13 11:00:00,2.051,2.052,2.038,2.038,45888.41
2025-12-13 12:00:00,2.038,2.048,2.037,2.045,81936.361
2025-12-13 13:00:00,2.045,2.048,2.04,2.04,31403.486
2025-12-13 14:00:00,2.04,2.044,2.028,2.034,69832.494
2025-12-13 15:00:00,2.034,2.046,2.034,2.046,65319.768
2025-12-13 16:00:00,2.046,2.057,2.044,2.047,53387.297
2025-12-13 17:00:00,2.047,2.047,2.033,2.034,31879.544
2025-12-13 18:00:00,2.034,2.035,2.028,2.031,26332.257
2025-12-13 19:00:00,2.031,2.04,2.031,2.04,22394.667
2025-12-13 20:00:00,2.04,2.044,2.037,2.039,21812.95
2025-12-13 21:00:00,2.039,2.04,2.023,2.038,32166.734
2025-12-13 22:00:00,2.038,2.042,2.027,2.037,34236.655
2025-12-13 23:00:00,2.037,2.041,2.032,2.038,66811.273
2025-12-14 00:00:00,2.038,2.041,2.031,2.036,44904.867
2025-12-14 01:00:00,2.036,2.042,2.033,2.035,29454.885
2025-12-14 02:00:00,2.035,2.045,2.035,2.04,24088.165
2025-12-14 03:00:00,2.04,2.042,2.026,2.028,38120.969
2025-12-14 04:00:00,2.028,2.032,2.02,2.02,52724.241
2025-12-14 05:00:00,2.02,2.02,2.002,2.01,95579.417
2025-12-14 06:00:00,2.01,2.011,2.001,2.006,41877.398
2025-12-14 07:00:00,2.006,2.012,2.006,2.009,34553.56
2025-12-14 08:00:00,2.009,2.016,2.007,2.007,38592.929
2025-12-14 09:00:00,2.007,2.01,2.004,2.005,19166.131
2025-12-14 10:00:00,2.005,2.01,1.987,1.997,129143.485
2025-12-14 11:00:00,1.997,1.997,1.963,1.985,136798.092
2025-12-14 12:00:00,1.985,1.991,1.977,1.989,67818.058
2025-12-14 13:00:00,1.989,1.989,1.974,1.985,89336.316
2025-12-14 14:00:00,1.985,1.988,1.962,1.968,93019.569
2025-12-14 15:00:00,1.968,1.975,1.963,1.974,63071.134
2025-12-14 16:00:00,1.974,1.991,1.971,1.979,112549.421
2025-12-14 17:00:00,1.979,1.983,1.947,1.95,195845.658
2025-12-14 18:00:00,1.95,1.975,1.948,1.974,117187.262
2025-12-14 19:00:00,1.974,1.975,1.954,1.962,110812.017
2025-12-14 20:00:00,1.962,1.972,1.951,1.96,151430.281
2025-12-14 21:00:00,1.96,1.967,1.949,1.953,70220.197
2025-12-14 22:00:00,1.953,1.963,1.938,1.956,98984.154
2025-12-14 23:00:00,1.956,1.967,1.932,1.952,183268.383
2025-12-15 00:00:00,1.952,1.972,1.952,1.966,111389.657
2025-12-15 01:00:00,1.966,1.996,1.963,1.99,113566.747
2025-12-15 02:00:00,1.99,2.009,1.985,1.986,90690.564
2025-12-15 03:00:00,1.986,1.993,1.982,1.988,59547.981
2025-12-15 04:00:00,1.988,2.001,1.988,2.0,57185.381
2025-12-15 05:00:00,2.0,2.007,1.997,2.002,28215.973
2025-12-15 06:00:00,2.002,2.009,1.997,2.002,51812.05
2025-12-15 07:00:00,2.002,2.004,1.986,1.993,57041.45
2025-12-15 08:00:00,1.993,2.001,1.99,1.994,65675.267
2025-12-15 09:00:00,1.994,2.003,1.994,2.001,55042.967
2025-12-15 10:00:00,2.001,2.007,1.993,1.997,71088.008
2025-12-15 11:00:00,1.997,2.001,1.99,1.996,68258.354
2025-12-15 12:00:00,1.996,2.007,1.99,2.007,69133.271
2025-12-15 13:00:00,2.007,2.007,1.985,1.993,112571.673
2025-12-15 14:00:00,1.993,2.008,1.941,1.956,353686.494
2025-12-15 15:00:00,1.956,1.956,1.872,1.885,836045.418
2025-12-15 16:00:00,1.885,1.892,1.851,1.869,284236.489
2025-12-15 17:00:00,1.869,1.872,1.849,1.853,146439.055
2025-12-15 18:00:00,1.853,1.866,1.831,1.865,210871.205
2025-12-15 19:00:00,1.865,1.886,1.864,1.874,157672.815
2025-12-15 20:00:00,1.874,1.877,1.856,1.864,136658.553
2025-12-15 21:00:00,1.864,1.888,1.862,1.887,65040.789
2025-12-15 22:00:00,1.887,1.895,1.88,1.894,61588.584
2025-12-15 23:00:00,1.894,1.905,1.893,1.902,121073.994
2025-12-16 00:00:00,1.902,1.905,1.88,1.881,108097.537
2025-12-16 01:00:00,1.881,1.896,1.88,1.89,118738.173
2025-12-16 02:00:00,1.89,1.899,1.883,1.891,71053.71
2025-12-16 03:00:00,1.891,1.895,1.875,1.892,51010.958
2025-12-16 04:00:00,1.892,1.895,1.862,1.885,78833.752
2025-12-16 05:00:00,1.885,1.892,1.882,1.885,46151.89
2025-12-16 06:00:00,1.885,1.903,1.885,1.901,46027.297
2025-12-16 07:00:00,1.901,1.902,1.874,1.878,87587.15
2025-12-16 08:00:00,1.878,1.897,1.878,1.89,65877.267
2025-12-16 09:00:00,1.89,1.892,1.884,1.888,69960.543
2025-12-16 10:00:00,1.888,1.943,1.886,1.921,176757.894
2025-12-16 11:00:00,1.921,1.93,1.916,1.926,98484.325
2025-12-16 12:00:00,1.926,1.927,1.915,1.918,66606.887
2025-12-16 13:00:00,1.918,1.936,1.885,1.885,304050.096
2025-12-16 14:00:00,1.885,1.917,1.874,1.901,418131.64
2025-12-16 15:00:00,1.901,1.926,1.886,1.921,264503.232
2025-12-16 16:00:00,1.921,1.923,1.898,1.907,121565.778
2025-12-16 17:00:00,1.907,1.916,1.893,1.894,62237.786
2025-12-16 18:00:00,1.894,1.919,1.889,1.909,82007.549
2025-12-16 19:00:00,1.909,1.914,1.892,1.907,70649.082
2025-12-16 20:00:00,1.907,1.912,1.901,1.901,92303.989
2025-12-16 21:00:00,1.901,1.909,1.896,1.902,52249.937
2025-12-16 22:00:00,1.902,1.908,1.898,1.901,46813.622
2025-12-16 23:00:00,1.901,1.901,1.891,1.899,45741.07
2025-12-17 00:00:00,1.899,1.899,1.886,1.891,44647.163
2025-12-17 01:00:00,1.891,1.91,1.891,1.894,54153.382
2025-12-17 02:00:00,1.894,1.901,1.883,1.898,46498.274
2025-12-17 03:00:00,1.898,1.903,1.887,1.889,35385.841
2025-12-17 04:00:00,1.889,1.892,1.86,1.872,112701.752
2025-12-17 05:00:00,1.872,1.879,1.862,1.876,63156.721
2025-12-17 06:00:00,1.876,1.885,1.874,1.876,46261.476
2025-12-17 07:00:00,1.876,1.887,1.874,1.878,78204.102
2025-12-17 08:00:00,1.878,1.878,1.864,1.866,58233.315
2025-12-17 09:00:00,1.866,1.87,1.858,1.864,62977.832
2025-12-17 10:00:00,1.864,1.873,1.856,1.865,62930.316
2025-12-17 11:00:00,1.865,1.878,1.863,1.869,117549.963
2025-12-17 12:00:00,1.869,1.877,1.866,1.873,69051.42
2025-12-17 13:00:00,1.873,1.894,1.866,1.892,106139.47
2025-12-17 14:00:00,1.892,1.931,1.86,1.93,286271.789
2025-12-17 15:00:00,1.93,1.955,1.863,1.87,452542.957
2025-12-17 16:00:00,1.87,1.888,1.814,1.836,346786.837
2025-12-17 17:00:00,1.836,1.845,1.815,1.819,166936.007
2025-12-17 18:00:00,1.819,1.836,1.799,1.805,187788.519
2025-12-17 19:00:00,1.805,1.817,1.791,1.817,149888.611
2025-12-17 20:00:00,1.817,1.831,1.808,1.812,89199.482
2025-12-17 21:00:00,1.812,1.818,1.795,1.799,54296.981
2025-12-17 22:00:00,1.799,1.82,1.793,1.818,71869.112
2025-12-17 23:00:00,1.818,1.818,1.805,1.815,48367.578
2025-12-18 00:00:00,1.815,1.818,1.807,1.812,35370.89
2025-12-18 01:00:00,1.812,1.812,1.792,1.797,60758.974
2025-12-18 02:00:00,1.797,1.818,1.792,1.806,61360.235
2025-12-18 03:00:00,1.806,1.806,1.781,1.792,77049.908
2025-12-18 04:00:00,1.792,1.8,1.791,1.793,31947.424
2025-12-18 05:00:00,1.793,1.794,1.771,1.777,87303.472
2025-12-18 06:00:00,1.777,1.787,1.773,1.787,93335.241
2025-12-18 07:00:00,1.787,1.795,1.785,1.789,65949.557
2025-12-18 08:00:00,1.789,1.806,1.788,1.803,55214.962
2025-12-18 09:00:00,1.803,1.81,1.796,1.802,40373.942
2025-12-18 10:00:00,1.802,1.807,1.8,1.805,71026.263
2025-12-18 11:00:00,1.805,1.809,1.798,1.808,35424.091
2025-12-18 12:00:00,1.808,1.816,1.802,1.815,42851.368
2025-12-18 13:00:00,1.815,1.874,1.815,1.872,249532.357
2025-12-18 14:00:00,1.872,1.888,1.835,1.85,169905.663
2025-12-18 15:00:00,1.85,1.883,1.839,1.861,134554.062
2025-12-18 16:00:00,1.861,1.863,1.845,1.854,64891.247
2025-12-18 17:00:00,1.854,1.854,1.758,1.798,330433.098
2025-12-18 18:00:00,1.798,1.813,1.765,1.77,101540.032
2025-12-18 19:00:00,1.77,1.775,1.722,1.727,297490.955
2025-12-18 20:00:00,1.727,1.751,1.726,1.736,146628.03
2025-12-18 21:00:00,1.736,1.775,1.736,1.774,99099.689
2025-12-18 22:00:00,1.774,1.78,1.766,1.769,35979.576
2025-12-18 23:00:00,1.769,1.769,1.757,1.76,28503.878
2025-12-19 00:00:00,1.76,1.767,1.753,1.761,45156.027
2025-12-19 01:00:00,1.761,1.761,1.74,1.748,69649.225
2025-12-19 02:00:00,1.748,1.753,1.74,1.74,153870.31
2025-12-19 03:00:00,1.74,1.804,1.74,1.784,270036.63
2025-12-19 04:00:00,1.784,1.793,1.782,1.785,91118.578
2025-12-19 05:00:00,1.785,1.785,1.774,1.775,61388.436
2025-12-19 06:00:00,1.775,1.783,1.77,1.78,54204.526
2025-12-19 07:00:00,1.78,1.81,1.78,1.797,161589.416
2025-12-19 08:00:00,1.797,1.809,1.79,1.806,127749.017
2025-12-19 09:00:00,1.806,1.807,1.793,1.8,59977.715
2025-12-19 10:00:00,1.8,1.804,1.795,1.799,77510.521
2025-12-19 11:00:00,1.799,1.81,1.797,1.808,25613.206
2025-12-19 12:00:00,1.808,1.814,1.799,1.81,50497.512
2025-12-19 13:00:00,1.81,1.82,1.809,1.814,71088.425
2025-12-19 14:00:00,1.814,1.844,1.805,1.833,186932.945
2025-12-19 15:00:00,1.833,1.867,1.825,1.835,268574.385
2025-12-19 16:00:00,1.835,1.874,1.832,1.851,123770.465
2025-12-19 17:00:00,1.851,1.869,1.822,1.822,136868.682
2025-12-19 18:00:00,1.822,1.842,1.819,1.838,100042.26
2025-12-19 19:00:00,1.838,1.878,1.838,1.869,90977.882
2025-12-19 20:00:00,1.869,1.881,1.864,1.872,82200.847
2025-12-19 21:00:00,1.872,1.872,1.851,1.852,31077.756
2025-12-19 22:00:00,1.852,1.865,1.852,1.861,31968.598
2025-12-19 23:00:00,1.861,1.861,1.849,1.849,39585.005
2025-12-20 00:00:00,1.849,1.85,1.839,1.843,44320.812
2025-12-20 01:00:00,1.843,1.847,1.836,1.837,15273.916
2025-12-20 02:00:00,1.837,1.839,1.832,1.833,101815.24
2025-12-20 03:00:00,1.833,1.848,1.832,1.841,33291.203
2025-12-20 04:00:00,1.841,1.842,1.829,1.83,41474.041
2025-12-20 05:00:00,1.83,1.841,1.829,1.835,22201.521
2025-12-20 06:00:00,1.835,1.84,1.834,1.838,26089.411
2025-12-20 07:00:00,1.838,1.858,1.836,1.856,54740.865
2025-12-20 08:00:00,1.856,1.869,1.855,1.857,78050.36
2025-12-20 09:00:00,1.857,1.866,1.857,1.861,16845.514
2025-12-20 10:00:00,1.861,1.863,1.849,1.851,25332.824
2025-12-20 11:00:00,1.851,1.862,1.847,1.862,31245.716
2025-12-20 12:00:00,1.862,1.862,1.846,1.847,27793.38
2025-12-20 13:00:00,1.847,1.851,1.834,1.841,57157.936
2025-12-20 14:00:00,1.841,1.841,1.829,1.84,48495.759
2025-12-20 15:00:00,1.84,1.84,1.828,1.833,47430.72
2025-12-20 16:00:00,1.833,1.837,1.828,1.83,25331.591
2025-12-20 17:00:00,1.83,1.838,1.829,1.831,42274.843
2025-12-20 18:00:00,1.831,1.839,1.828,1.835,59020.709
2025-12-20 19:00:00,1.835,1.839,1.832,1.834,36111.139
2025-12-20 20:00:00,1.834,1.836,1.83,1.834,53677.748
2025-12-20 21:00:00,1.834,1.84,1.833,1.833,34288.882
2025-12-20 22:00:00,1.833,1.839,1.828,1.838,12887.896
2025-12-20 23:00:00,1.838,1.838,1.831,1.832,13043.468
2025-12-21 00:00:00,1.832,1.837,1.828,1.831,10457.807
2025-12-21 01:00:00,1.831,1.831,1.812,1.812,45428.093
2025-12-21 02:00:00,1.812,1.818,1.8,1.804,47049.858
2025-12-21 03:00:00,1.804,1.816,1.803,1.809,23749.624
2025-12-21 04:00:00,1.809,1.812,1.804,1.806,8255.261
2025-12-21 05:00:00,1.806,1.817,1.805,1.811,29327.102
2025-12-21 06:00:00,1.811,1.823,1.81,1.822,54335.017
2025-12-21 07:00:00,1.822,1.832,1.82,1.831,41727.381
2025-12-21 08:00:00,1.831,1.841,1.825,1.84,44196.586
2025-12-21 09:00:00,1.84,1.852,1.835,1.845,48658.139
2025-12-21 10:00:00,1.845,1.847,1.828,1.83,50683.809
2025-12-21 11:00:00,1.83,1.834,1.825,1.825,29816.517
2025-12-21 12:00:00,1.825,1.83,1.809,1.814,30012.733
2025-12-21 13:00:00,1.814,1.814,1.751,1.754,187021.86
2025-12-21 14:00:00,1.754,1.777,1.752,1.766,113831.856
2025-12-21 15:00:00,1.766,1.774,1.756,1.77,94040.579
2025-12-21 16:00:00,1.77,1.78,1.762,1.78,51651.429
2025-12-21 17:00:00,1.78,1.792,1.777,1.779,54761.049
2025-12-21 18:00:00,1.779,1.782,1.766,1.782,69787.738
2025-12-21 19:00:00,1.782,1.797,1.778,1.794,50222.84
2025-12-21 20:00:00,1.794,1.795,1.782,1.782,31766.296
2025-12-21 21:00:00,1.782,1.785,1.767,1.768,28882.379
2025-12-21 22:00:00,1.768,1.792,1.767,1.792,25648.219
2025-12-21 23:00:00,1.792,1.813,1.79,1.802,92121.213
2025-12-22 00:00:00,1.802,1.844,1.802,1.81,192795.836
2025-12-22 01:00:00,1.81,1.827,1.804,1.806,56683.479
2025-12-22 02:00:00,1.806,1.806,1.778,1.803,101990.483
2025-12-22 03:00:00,1.803,1.82,1.799,1.814,78739.775
2025-12-22 04:00:00,1.814,1.822,1.813,1.818,42668.844
2025-12-22 05:00:00,1.818,1.821,1.808,1.809,78702.412
2025-12-22 06:00:00,1.809,1.817,1.806,1.811,42901.267
2025-12-22 07:00:00,1.811,1.82,1.808,1.813,52977.758
2025-12-22 08:00:00,1.813,1.836,1.81,1.814,72197.485
2025-12-22 09:00:00,1.814,1.821,1.812,1.817,27224.238
2025-12-22 10:00:00,1.817,1.825,1.813,1.817,90296.139
2025-12-22 11:00:00,1.817,1.829,1.812,1.823,45487.788
2025-12-22 12:00:00,1.823,1.841,1.822,1.828,116699.889
2025-12-22 13:00:00,1.828,1.833,1.82,1.831,48553.591
2025-12-22 14:00:00,1.831,1.848,1.824,1.84,111653.993
2025-12-22 15:00:00,1.84,1.853,1.814,1.834,96967.103
2025-12-22 16:00:00,1.834,1.848,1.831,1.833,42637.428
2025-12-22 17:00:00,1.833,1.833,1.814,1.817,80942.498
2025-12-22 18:00:00,1.817,1.82,1.799,1.804,97687.82
2025-12-22 19:00:00,1.804,1.804,1.765,1.769,140579.127
2025-12-22 20:00:00,1.769,1.781,1.757,1.767,89644.859
2025-12-22 21:00:00,1.767,1.779,1.767,1.769,45121.522
2025-12-22 22:00:00,1.769,1.792,1.76,1.79,69733.866
2025-12-22 23:00:00,1.79,1.79,1.778,1.784,24615.246
2025-12-23 00:00:00,1.784,1.801,1.781,1.796,34576.548
2025-12-23 01:00:00,1.796,1.799,1.782,1.789,21831.585
2025-12-23 02:00:00,1.789,1.795,1.771,1.772,47899.281
2025-12-23 03:00:00,1.772,1.78,1.762,1.776,29670.46
2025-12-23 04:00:00,1.776,1.78,1.769,1.77,22184.559
2025-12-23 05:00:00,1.77,1.774,1.759,1.77,35223.415
2025-12-23 06:00:00,1.77,1.772,1.755,1.758,57870.496
2025-12-23 07:00:00,1.758,1.764,1.754,1.76,45969.538
2025-12-23 08:00:00,1.76,1.768,1.758,1.761,121932.794
2025-12-23 09:00:00,1.761,1.766,1.756,1.762,51680.888
2025-12-23 10:00:00,1.762,1.776,1.761,1.773,42110.94
2025-12-23 11:00:00,1.773,1.779,1.772,1.775,43550.781
2025-12-23 12:00:00,1.775,1.775,1.759,1.762,66943.05
2025-12-23 13:00:00,1.762,1.766,1.736,1.748,174869.777
2025-12-23 14:00:00,1.748,1.758,1.729,1.741,149567.021
2025-12-23 15:00:00,1.741,1.755,1.735,1.748,116840.362
2025-12-23 16:00:00,1.748,1.77,1.743,1.765,101373.642
2025-12-23 17:00:00,1.765,1.774,1.739,1.74,92467.804
2025-12-23 18:00:00,1.74,1.774,1.74,1.773,94786.765
2025-12-23 19:00:00,1.773,1.777,1.756,1.76,96914.493
2025-12-23 20:00:00,1.76,1.786,1.755,1.77,47146.788
2025-12-23 21:00:00,1.77,1.772,1.765,1.766,20725.522
2025-12-23 22:00:00,1.766,1.77,1.755,1.762,24347.767
2025-12-23 23:00:00,1.762,1.766,1.756,1.764,65969.92
2025-12-24 00:00:00,1.764,1.774,1.762,1.769,56483.684
2025-12-24 01:00:00,1.769,1.775,1.757,1.76,33242.155
2025-12-24 02:00:00,1.76,1.76,1.733,1.739,72522.668
2025-12-24 03:00:00,1.739,1.751,1.73,1.749,74388.544
2025-12-24 04:00:00,1.749,1.758,1.736,1.736,36794.304
2025-12-24 05:00:00,1.736,1.739,1.719,1.727,115699.071
2025-12-24 06:00:00,1.727,1.732,1.718,1.729,34021.751
2025-12-24 07:00:00,1.729,1.733,1.724,1.724,52309.355
2025-12-24 08:00:00,1.724,1.728,1.715,1.72,71090.515
2025-12-24 09:00:00,1.72,1.729,1.72,1.723,47077.075
2025-12-24 10:00:00,1.723,1.731,1.723,1.724,48923.948
2025-12-24 11:00:00,1.724,1.735,1.724,1.728,36511.503
2025-12-24 12:00:00,1.728,1.739,1.726,1.738,46874.309
2025-12-24 13:00:00,1.738,1.738,1.723,1.729,96010.935
2025-12-24 14:00:00,1.729,1.737,1.706,1.724,157638.112
2025-12-24 15:00:00,1.724,1.737,1.713,1.732,74839.065
2025-12-24 16:00:00,1.732,1.745,1.721,1.732,115573.224
2025-12-24 17:00:00,1.732,1.737,1.72,1.722,69339.468
2025-12-24 18:00:00,1.722,1.727,1.718,1.722,46191.682
2025-12-24 19:00:00,1.722,1.73,1.717,1.729,50776.554
2025-12-24 20:00:00,1.729,1.737,1.729,1.73,33183.99
2025-12-24 21:00:00,1.73,1.733,1.727,1.732,26082.169
2025-12-24 22:00:00,1.732,1.747,1.73,1.743,54668.715
2025-12-24 23:00:00,1.743,1.745,1.732,1.738,40185.563
2025-12-25 00:00:00,1.738,1.745,1.732,1.733,36853.965
2025-12-25 01:00:00,1.733,1.745,1.733,1.742,25666.95
2025-12-25 02:00:00,1.742,1.753,1.738,1.751,56530.91
2025-12-25 03:00:00,1.751,1.753,1.745,1.747,62993.004
2025-12-25 04:00:00,1.747,1.748,1.741,1.746,34972.525
2025-12-25 05:00:00,1.746,1.746,1.74,1.74,16490.49
2025-12-25 06:00:00,1.74,1.744,1.737,1.743,31438.167
2025-12-25 07:00:00,1.743,1.743,1.736,1.737,33038.83
2025-12-25 08:00:00,1.737,1.742,1.734,1.736,64476.934
2025-12-25 09:00:00,1.736,1.738,1.73,1.731,35602.286
2025-12-25 10:00:00,1.731,1.731,1.705,1.707,70279.413
2025-12-25 11:00:00,1.707,1.717,1.704,1.713,78169.7
2025-12-25 12:00:00,1.713,1.721,1.711,1.721,33885.1
2025-12-25 13:00:00,1.721,1.725,1.716,1.72,27721.409
2025-12-25 14:00:00,1.72,1.722,1.705,1.709,29697.011
2025-12-25 15:00:00,1.709,1.737,1.707,1.733,135296.053
2025-12-25 16:00:00,1.733,1.739,1.727,1.734,70489.729
2025-12-25 17:00:00,1.734,1.735,1.729,1.73,35731.57
2025-12-25 18:00:00,1.73,1.735,1.729,1.733,39731.632
2025-12-25 19:00:00,1.733,1.735,1.731,1.735,23521.536
2025-12-25 20:00:00,1.735,1.735,1.729,1.733,51862.481
2025-12-25 21:00:00,1.733,1.735,1.733,1.734,26009.169
2025-12-25 22:00:00,1.734,1.735,1.709,1.72,64643.232
2025-12-25 23:00:00,1.72,1.72,1.678,1.685,180088.769
2025-12-26 00:00:00,1.685,1.689,1.654,1.661,231616.714
2025-12-26 01:00:00,1.661,1.69,1.66,1.688,53661.986
2025-12-26 02:00:00,1.688,1.753,1.688,1.743,215104.773
2025-12-26 03:00:00,1.743,1.749,1.731,1.738,65817.02
2025-12-26 04:00:00,1.738,1.743,1.728,1.739,62835.945
2025-12-26 05:00:00,1.739,1.743,1.732,1.736,56219.874
2025-12-26 06:00:00,1.736,1.745,1.731,1.733,49501.654
2025-12-26 07:00:00,1.733,1.741,1.713,1.718,54585.226
2025-12-26 08:00:00,1.718,1.725,1.709,1.716,36818.436
2025-12-26 09:00:00,1.716,1.719,1.711,1.718,73975.635
2025-12-26 10:00:00,1.718,1.721,1.711,1.719,35745.242
2025-12-26 11:00:00,1.719,1.719,1.705,1.714,105886.468
2025-12-26 12:00:00,1.714,1.726,1.714,1.725,37089.564
2025-12-26 13:00:00,1.725,1.733,1.722,1.73,55776.08
2025-12-26 14:00:00,1.73,1.732,1.696,1.703,88456.85
2025-12-26 15:00:00,1.703,1.711,1.684,1.707,113860.839
2025-12-26 16:00:00,1.707,1.712,1.693,1.694,51093.9
2025-12-26 17:00:00,1.694,1.714,1.694,1.706,53402.569
2025-12-26 18:00:00,1.706,1.713,1.706,1.709,39779.237
2025-12-26 19:00:00,1.709,1.723,1.709,1.72,22289.442
2025-12-26 20:00:00,1.72,1.733,1.718,1.726,32591.543
2025-12-26 21:00:00,1.726,1.729,1.72,1.72,31100.653
2025-12-26 22:00:00,1.72,1.73,1.72,1.73,26949.485
2025-12-26 23:00:00,1.73,1.73,1.723,1.723,21846.96
2025-12-27 00:00:00,1.723,1.731,1.723,1.727,27418.829
2025-12-27 01:00:00,1.727,1.737,1.723,1.737,20992.729
2025-12-27 02:00:00,1.737,1.75,1.734,1.746,54244.852
2025-12-27 03:00:00,1.746,1.774,1.746,1.763,76069.93
2025-12-27 04:00:00,1.763,1.765,1.747,1.747,36302.713
2025-12-27 05:00:00,1.747,1.755,1.747,1.755,26083.995
2025-12-27 06:00:00,1.755,1.757,1.752,1.754,18230.377
2025-12-27 07:00:00,1.754,1.759,1.75,1.751,18494.633
2025-12-27 08:00:00,1.751,1.752,1.747,1.748,55441.749
2025-12-27 09:00:00,1.748,1.748,1.743,1.745,51633.746
2025-12-27 10:00:00,1.745,1.749,1.735,1.749,33061.053
2025-12-27 11:00:00,1.749,1.767,1.749,1.766,46090.986
2025-12-27 12:00:00,1.766,1.772,1.761,1.769,56588.651
2025-12-27 13:00:00,1.769,1.776,1.763,1.766,45954.772
2025-12-27 14:00:00,1.766,1.775,1.766,1.775,18029.845
2025-12-27 15:00:00,1.775,1.823,1.773,1.801,234606.128
2025-12-27 16:00:00,1.801,1.822,1.801,1.803,144141.548
2025-12-27 17:00:00,1.803,1.819,1.798,1.819,60157.469
2025-12-27 18:00:00,1.819,1.847,1.817,1.831,112031.742
2025-12-27 19:00:00,1.831,1.843,1.822,1.834,112109.165
2025-12-27 20:00:00,1.834,1.851,1.833,1.845,88638.45
2025-12-27 21:00:00,1.845,1.884,1.843,1.881,138774.549
2025-12-27 22:00:00,1.881,1.894,1.859,1.874,90609.711
2025-12-27 23:00:00,1.874,1.927,1.871,1.91,455791.261
2025-12-28 00:00:00,1.91,1.915,1.885,1.886,88721.617
2025-12-28 01:00:00,1.886,1.888,1.873,1.882,38205.319
2025-12-28 02:00:00,1.882,1.887,1.877,1.877,27214.608
2025-12-28 03:00:00,1.877,1.883,1.869,1.871,30972.022
2025-12-28 04:00:00,1.871,1.884,1.867,1.88,43213.25
2025-12-28 05:00:00,1.88,1.895,1.877,1.89,40615.239
2025-12-28 06:00:00,1.89,1.894,1.884,1.89,29141.459
2025-12-28 07:00:00,1.89,1.896,1.886,1.891,42161.659
2025-12-28 08:00:00,1.891,1.899,1.888,1.889,67580.834
2025-12-28 09:00:00,1.889,1.892,1.879,1.881,43236.447
2025-12-28 10:00:00,1.881,1.893,1.879,1.887,109483.378
2025-12-28 11:00:00,1.887,1.893,1.876,1.881,44084.721
2025-12-28 12:00:00,1.881,1.882,1.869,1.872,30057.511
2025-12-28 13:00:00,1.872,1.88,1.871,1.877,26918.602
2025-12-28 14:00:00,1.877,1.886,1.873,1.881,26001.564
2025-12-28 15:00:00,1.881,1.888,1.875,1.877,34476.744
2025-12-28 16:00:00,1.877,1.88,1.87,1.875,33136.195
2025-12-28 17:00:00,1.875,1.882,1.873,1.877,25184.825
2025-12-28 18:00:00,1.877,1.878,1.843,1.845,139423.718
2025-12-28 19:00:00,1.845,1.847,1.834,1.843,97544.505
2025-12-28 20:00:00,1.843,1.847,1.838,1.839,19069.638
2025-12-28 21:00:00,1.839,1.844,1.836,1.843,23070.648
2025-12-28 22:00:00,1.843,1.847,1.829,1.844,73475.586
2025-12-28 23:00:00,1.844,1.853,1.838,1.85,43429.015
2025-12-29 00:00:00,1.85,1.868,1.844,1.86,56577.066
2025-12-29 01:00:00,1.86,1.88,1.847,1.868,81080.31
2025-12-29 02:00:00,1.868,1.885,1.857,1.868,92424.52
2025-12-29 03:00:00,1.868,1.898,1.868,1.897,91963.193
2025-12-29 04:00:00,1.897,1.904,1.89,1.89,78466.581
2025-12-29 05:00:00,1.89,1.901,1.884,1.893,55779.779
2025-12-29 06:00:00,1.893,1.899,1.887,1.892,56660.251
2025-12-29 07:00:00,1.892,1.894,1.872,1.889,108337.87
2025-12-29 08:00:00,1.889,1.891,1.873,1.875,45505.305
2025-12-29 09:00:00,1.875,1.879,1.843,1.856,87802.307
2025-12-29 10:00:00,1.856,1.868,1.853,1.862,53188.457
2025-12-29 11:00:00,1.862,1.862,1.848,1.848,56958.499
2025-12-29 12:00:00,1.848,1.855,1.819,1.838,102988.682
2025-12-29 13:00:00,1.838,1.841,1.823,1.827,70875.493
2025-12-29 14:00:00,1.827,1.858,1.825,1.839,91621.107
2025-12-29 15:00:00,1.839,1.872,1.836,1.857,100784.169
2025-12-29 16:00:00,1.857,1.86,1.835,1.847,65641.738
2025-12-29 17:00:00,1.847,1.857,1.838,1.847,61131.269
2025-12-29 18:00:00,1.847,1.852,1.832,1.837,58197.145
2025-12-29 19:00:00,1.837,1.848,1.833,1.84,98874.022
2025-12-29 20:00:00,1.84,1.848,1.831,1.833,66463.448
2025-12-29 21:00:00,1.833,1.841,1.832,1.835,52287.083
2025-12-29 22:00:00,1.835,1.839,1.828,1.835,49833.602
2025-12-29 23:00:00,1.835,1.837,1.822,1.824,62168.589
2025-12-30 00:00:00,1.824,1.829,1.802,1.813,76739.803
2025-12-30 01:00:00,1.813,1.815,1.806,1.809,34686.341
2025-12-30 02:00:00,1.809,1.812,1.797,1.804,42618.401
2025-12-30 03:00:00,1.804,1.812,1.791,1.81,65134.563
2025-12-30 04:00:00,1.81,1.814,1.804,1.806,22489.168
2025-12-30 05:00:00,1.806,1.81,1.795,1.802,61750.91
2025-12-30 06:00:00,1.802,1.819,1.801,1.815,35075.4
2025-12-30 07:00:00,1.815,1.82,1.811,1.812,33357.284
2025-12-30 08:00:00,1.812,1.842,1.812,1.83,153128.032
2025-12-30 09:00:00,1.83,1.834,1.822,1.83,64862.532
2025-12-30 10:00:00,1.83,1.835,1.825,1.827,49429.987
2025-12-30 11:00:00,1.827,1.827,1.82,1.826,32377.76
2025-12-30 12:00:00,1.826,1.833,1.821,1.823,22391.998
2025-12-30 13:00:00,1.823,1.827,1.818,1.818,52001.895
2025-12-30 14:00:00,1.818,1.835,1.798,1.827,198139.75
2025-12-30 15:00:00,1.827,1.847,1.808,1.844,149876.657
2025-12-30 16:00:00,1.844,1.846,1.825,1.832,97391.554
2025-12-30 17:00:00,1.832,1.834,1.82,1.827,52989.871
2025-12-30 18:00:00,1.827,1.831,1.816,1.819,37135.368
2025-12-30 19:00:00,1.819,1.83,1.808,1.829,62862.588
2025-12-30 20:00:00,1.829,1.83,1.816,1.818,28336.493
2025-12-30 21:00:00,1.818,1.82,1.81,1.814,23366.181
2025-12-30 22:00:00,1.814,1.818,1.808,1.813,61045.516
2025-12-30 23:00:00,1.813,1.817,1.81,1.812,45505.924
2025-12-31 00:00:00,1.812,1.812,1.801,1.811,70344.936
2025-12-31 01:00:00,1.811,1.835,1.81,1.825,58003.307
2025-12-31 02:00:00,1.825,1.829,1.82,1.824,25469.662
2025-12-31 03:00:00,1.824,1.825,1.811,1.813,30694.915
2025-12-31 04:00:00,1.813,1.818,1.811,1.815,39576.092
2025-12-31 05:00:00,1.815,1.82,1.812,1.812,33764.04
2025-12-31 06:00:00,1.812,1.815,1.808,1.812,36871.662
2025-12-31 07:00:00,1.812,1.815,1.806,1.81,78180.577
2025-12-31 08:00:00,1.81,1.817,1.804,1.807,146516.438
2025-12-31 09:00:00,1.807,1.812,1.806,1.812,63180.269
2025-12-31 10:00:00,1.812,1.813,1.803,1.806,37158.071
2025-12-31 11:00:00,1.806,1.824,1.806,1.823,84635.853
2025-12-31 12:00:00,1.823,1.824,1.811,1.815,54142.231
2025-12-31 13:00:00,1.815,1.83,1.812,1.827,50385.864
2025-12-31 14:00:00,1.827,1.845,1.812,1.821,312847.272
2025-12-31 15:00:00,1.821,1.824,1.803,1.813,154284.605
2025-12-31 16:00:00,1.813,1.813,1.763,1.781,286927.668
2025-12-31 17:00:00,1.781,1.787,1.77,1.772,52161.527
2025-12-31 18:00:00,1.772,1.783,1.765,1.773,72294.759
2025-12-31 19:00:00,1.773,1.787,1.773,1.777,69949.151
2025-12-31 20:00:00,1.777,1.789,1.765,1.785,147493.444
2025-12-31 21:00:00,1.785,1.797,1.785,1.796,94505.716
2025-12-31 22:00:00,1.796,1.798,1.787,1.787,59768.246
2025-12-31 23:00:00,1.787,1.796,1.782,1.791,58594.594
2026-01-01 00:00:00,1.791,1.792,1.78,1.781,79448.621
2026-01-01 01:00:00,1.781,1.792,1.78,1.783,38130.281
2026-01-01 02:00:00,1.783,1.784,1.778,1.78,30578.756
2026-01-01 03:00:00,1.78,1.782,1.775,1.776,15712.213
2026-01-01 04:00:00,1.776,1.777,1.765,1.771,45500.567
2026-01-01 05:00:00,1.771,1.791,1.771,1.787,48164.38
2026-01-01 06:00:00,1.787,1.789,1.783,1.784,33173.372
2026-01-01 07:00:00,1.784,1.79,1.784,1.786,18776.677
2026-01-01 08:00:00,1.786,1.795,1.785,1.795,47188.476
2026-01-01 09:00:00,1.795,1.808,1.795,1.802,82052.274
2026-01-01 10:00:00,1.802,1.803,1.797,1.803,21511.509
2026-01-01 11:00:00,1.803,1.81,1.802,1.808,21982.995
2026-01-01 12:00:00,1.808,1.818,1.805,1.816,65602.352
2026-01-01 13:00:00,1.816,1.842,1.816,1.842,122732.222
2026-01-01 14:00:00,1.842,1.876,1.832,1.862,1453699.874
2026-01-01 15:00:00,1.862,1.903,1.86,1.894,228696.266
2026-01-01 16:00:00,1.894,1.918,1.894,1.905,219882.564
2026-01-01 17:00:00,1.905,1.945,1.905,1.945,135227.803
2026-01-01 18:00:00,1.945,1.98,1.94,1.976,209817.837
2026-01-01 19:00:00,1.976,2.005,1.958,2.001,235885.88
2026-01-01 20:00:00,2.001,2.014,1.979,1.991,158292.371
2026-01-01 21:00:00,1.991,2.009,1.978,2.003,98649.789
2026-01-01 22:00:00,2.003,2.033,1.991,2.021,143612.997
2026-01-01 23:00:00,2.021,2.027,1.996,1.998,88662.547
2026-01-02 00:00:00,1.998,2.008,1.989,1.996,161600.474
2026-01-02 01:00:00,1.996,2.002,1.988,1.996,151118.283
2026-01-02 02:00:00,1.996,2.005,1.983,2.0,132446.19
2026-01-02 03:00:00,2.0,2.013,1.996,2.008,58775.065
2026-01-02 04:00:00,2.008,2.01,1.983,1.988,44169.415
2026-01-02 05:00:00,1.988,1.997,1.982,1.996,24209.609
2026-01-02 06:00:00,1.996,2.004,1.993,1.994,45423.527
2026-01-02 07:00:00,1.994,1.999,1.982,1.983,37390.257
2026-01-02 08:00:00,1.983,1.991,1.969,1.977,85301.92
2026-01-02 09:00:00,1.977,2.01,1.976,1.997,126984.364
2026-01-02 10:00:00,1.997,2.003,1.99,1.999,106986.384
2026-01-02 11:00:00,1.999,2.001,1.982,1.99,61721.264
2026-01-02 12:00:00,1.99,2.007,1.98,2.003,54853.875
2026-01-02 13:00:00,2.003,2.006,1.99,1.993,48340.608
2026-01-02 14:00:00,1.993,2.02,1.979,2.003,192864.303
2026-01-02 15:00:00,2.003,2.024,1.986,2.008,100689.692
2026-01-02 16:00:00,2.008,2.054,2.004,2.053,197150.586
2026-01-02 17:00:00,2.053,2.066,2.04,2.052,307061.163
2026-01-02 18:00:00,2.052,2.056,2.036,2.05,70173.66
2026-01-02 19:00:00,2.05,2.125,2.046,2.113,229565.383
2026-01-02 20:00:00,2.113,2.128,2.083,2.091,138970.072
2026-01-02 21:00:00,2.091,2.135,2.08,2.122,238198.405
2026-01-02 22:00:00,2.122,2.157,2.116,2.137,183870.276
2026-01-02 23:00:00,2.137,2.171,2.131,2.165,180938.052
2026-01-03 00:00:00,2.165,2.218,2.16,2.192,441626.704
2026-01-03 01:00:00,2.192,2.198,2.162,2.168,82185.473
2026-01-03 02:00:00,2.168,2.173,2.154,2.163,162675.633
2026-01-03 03:00:00,2.163,2.169,2.148,2.164,71435.054
2026-01-03 04:00:00,2.164,2.164,2.144,2.148,45135.353
2026-01-03 05:00:00,2.148,2.152,2.137,2.145,76197.095
2026-01-03 06:00:00,2.145,2.159,2.133,2.142,36110.195
2026-01-03 07:00:00,2.142,2.146,2.109,2.113,113304.021
2026-01-03 08:00:00,2.113,2.142,2.107,2.123,121720.376
2026-01-03 09:00:00,2.123,2.133,2.111,2.124,57425.131
2026-01-03 10:00:00,2.124,2.125,2.112,2.112,41668.61
2026-01-03 11:00:00,2.112,2.12,2.111,2.114,25066.521
2026-01-03 12:00:00,2.114,2.128,2.112,2.125,43089.089
2026-01-03 13:00:00,2.125,2.134,2.11,2.123,86046.047
2026-01-03 14:00:00,2.123,2.133,2.12,2.127,36953.152
2026-01-03 15:00:00,2.127,2.14,2.123,2.129,83161.675
2026-01-03 16:00:00,2.129,2.149,2.129,2.14,82819.669
2026-01-03 17:00:00,2.14,2.141,2.123,2.133,24973.811
2026-01-03 18:00:00,2.133,2.142,2.129,2.141,27652.616
2026-01-03 19:00:00,2.141,2.141,2.134,2.137,45250.391
2026-01-03 20:00:00,2.137,2.139,2.127,2.13,61899.995
2026-01-03 21:00:00,2.13,2.146,2.122,2.124,84923.378
2026-01-03 22:00:00,2.124,2.134,2.122,2.13,50211.515
2026-01-03 23:00:00,2.13,2.13,2.123,2.125,23164.569
2026-01-04 00:00:00,2.125,2.147,2.122,2.13,92721.974
2026-01-04 01:00:00,2.13,2.131,2.115,2.129,42894.432
2026-01-04 02:00:00,2.129,2.134,2.122,2.125,22546.456
2026-01-04 03:00:00,2.125,2.14,2.125,2.13,43663.571
2026-01-04 04:00:00,2.13,2.141,2.127,2.135,37920.862
2026-01-04 05:00:00,2.135,2.147,2.133,2.145,18901.381
2026-01-04 06:00:00,2.145,2.158,2.12,2.124,75901.992
2026-01-04 07:00:00,2.124,2.143,2.123,2.137,29257.607
2026-01-04 08:00:00,2.137,2.14,2.123,2.136,84911.56
2026-01-04 09:00:00,2.136,2.153,2.129,2.147,69298.92
2026-01-04 10:00:00,2.147,2.155,2.143,2.144,77438.051
2026-01-04 11:00:00,2.144,2.158,2.137,2.157,58098.308
2026-01-04 12:00:00,2.157,2.18,2.154,2.16,77497.432
2026-01-04 13:00:00,2.16,2.165,2.148,2.163,74549.851
2026-01-04 14:00:00,2.163,2.167,2.15,2.161,59364.218
2026-01-04 15:00:00,2.161,2.169,2.156,2.167,50623.764
2026-01-04 16:00:00,2.167,2.18,2.165,2.18,58468.214
2026-01-04 17:00:00,2.18,2.18,2.163,2.168,68243.282
2026-01-04 18:00:00,2.168,2.169,2.139,2.149,155992.233
2026-01-04 19:00:00,2.149,2.149,2.119,2.138,138238.392
2026-01-04 20:00:00,2.138,2.144,2.133,2.14,43617.618
2026-01-04 21:00:00,2.14,2.153,2.131,2.138,45754.638
2026-01-04 22:00:00,2.138,2.152,2.135,2.148,58330.151
2026-01-04 23:00:00,2.148,2.161,2.136,2.143,43535.232
2026-01-05 00:00:00,2.143,2.157,2.122,2.141,101221.209
2026-01-05 01:00:00,2.141,2.173,2.127,2.159,163898.623
2026-01-05 02:00:00,2.159,2.168,2.137,2.15,77141.331
2026-01-05 03:00:00,2.15,2.158,2.14,2.153,26500.177
2026-01-05 04:00:00,2.153,2.156,2.109,2.138,83777.167
2026-01-05 05:00:00,2.138,2.142,2.126,2.127,41682.266
2026-01-05 06:00:00,2.127,2.133,2.109,2.131,37756.524
2026-01-05 07:00:00,2.131,2.151,2.126,2.147,21055.568
2026-01-05 08:00:00,2.147,2.153,2.123,2.126,108145.028
2026-01-05 09:00:00,2.126,2.126,2.109,2.113,44792.655
2026-01-05 10:00:00,2.113,2.134,2.108,2.11,61003.827
2026-01-05 11:00:00,2.11,2.116,2.095,2.115,88980.566
2026-01-05 12:00:00,2.115,2.138,2.108,2.133,47599.2
2026-01-05 13:00:00,2.133,2.135,2.115,2.127,59130.781
2026-01-05 14:00:00,2.127,2.166,2.121,2.156,88359.294
2026-01-05 15:00:00,2.156,2.203,2.142,2.195,169995.953
2026-01-05 16:00:00,2.195,2.202,2.165,2.182,203644.718
2026-01-05 17:00:00,2.182,2.208,2.154,2.201,118564.77
2026-01-05 18:00:00,2.201,2.22,2.19,2.218,113430.559
2026-01-05 19:00:00,2.218,2.218,2.183,2.191,89519.13
2026-01-05 20:00:00,2.191,2.22,2.189,2.2,82260.118
2026-01-05 21:00:00,2.2,2.213,2.198,2.208,59158.053
2026-01-05 22:00:00,2.208,2.235,2.201,2.219,86769.945
2026-01-05 23:00:00,2.219,2.219,2.203,2.207,79357.089
2026-01-06 00:00:00,2.207,2.211,2.182,2.211,101901.465
2026-01-06 01:00:00,2.211,2.238,2.2,2.202,131829.669
2026-01-06 02:00:00,2.202,2.216,2.196,2.205,45988.422
2026-01-06 03:00:00,2.205,2.228,2.2,2.221,44894.037
2026-01-06 04:00:00,2.221,2.224,2.211,2.211,152643.543
2026-01-06 05:00:00,2.211,2.227,2.207,2.211,93734.883
2026-01-06 06:00:00,2.211,2.246,2.198,2.234,152425.289
2026-01-06 07:00:00,2.234,2.235,2.18,2.187,94978.543
2026-01-06 08:00:00,2.187,2.207,2.185,2.191,51626.232
2026-01-06 09:00:00,2.191,2.203,2.187,2.188,66228.281
2026-01-06 10:00:00,2.188,2.21,2.183,2.208,129759.997
2026-01-06 11:00:00,2.208,2.225,2.205,2.219,56884.148
2026-01-06 12:00:00,2.219,2.247,2.218,2.24,132881.629
2026-01-06 13:00:00,2.24,2.24,2.221,2.226,124705.053
2026-01-06 14:00:00,2.226,2.263,2.208,2.22,236748.125
2026-01-06 15:00:00,2.22,2.238,2.184,2.197,179833.936
2026-01-06 16:00:00,2.197,2.205,2.147,2.167,178408.54
2026-01-06 17:00:00,2.167,2.187,2.117,2.12,270500.224
2026-01-06 18:00:00,2.12,2.162,2.115,2.156,133498.972
2026-01-06 19:00:00,2.156,2.159,2.146,2.15,34364.254
2026-01-06 20:00:00,2.15,2.179,2.15,2.172,34331.899
2026-01-06 21:00:00,2.172,2.23,2.165,2.224,152479.357
2026-01-06 22:00:00,2.224,2.234,2.206,2.22,88159.907
2026-01-06 23:00:00,2.22,2.241,2.22,2.234,89601.392
2026-01-07 00:00:00,2.234,2.237,2.19,2.195,72349.477
2026-01-07 01:00:00,2.195,2.202,2.18,2.184,40333.11
2026-01-07 02:00:00,2.184,2.196,2.174,2.192,58473.655
2026-01-07 03:00:00,2.192,2.205,2.183,2.191,22726.525
2026-01-07 04:00:00,2.191,2.21,2.189,2.195,77531.44
2026-01-07 05:00:00,2.195,2.214,2.194,2.195,40255.687
2026-01-07 06:00:00,2.195,2.202,2.19,2.193,23662.115
2026-01-07 07:00:00,2.193,2.239,2.192,2.237,71877.858
2026-01-07 08:00:00,2.237,2.251,2.219,2.236,106843.207
2026-01-07 09:00:00,2.236,2.236,2.179,2.183,135427.3
2026-01-07 10:00:00,2.183,2.191,2.178,2.184,46619.066
2026-01-07 11:00:00,2.184,2.198,2.179,2.198,28068.354
2026-01-07 12:00:00,2.198,2.198,2.174,2.177,31737.684
2026-01-07 13:00:00,2.177,2.189,2.166,2.168,67579.205
2026-01-07 14:00:00,2.168,2.173,2.132,2.167,375337.438
2026-01-07 15:00:00,2.167,2.168,2.128,2.137,91400.808
2026-01-07 16:00:00,2.137,2.154,2.131,2.142,44211.594
2026-01-07 17:00:00,2.142,2.173,2.139,2.152,75017.226
2026-01-07 18:00:00,2.152,2.17,2.145,2.152,71833.557
2026-01-07 19:00:00,2.152,2.157,2.129,2.146,37385.921
2026-01-07 20:00:00,2.146,2.149,2.124,2.135,47215.88
2026-01-07 21:00:00,2.135,2.142,2.132,2.133,26107.59
2026-01-07 22:00:00,2.133,2.151,2.125,2.134,35251.832
2026-01-07 23:00:00,2.134,2.159,2.121,2.145,62866.23
2026-01-08 00:00:00,2.145,2.156,2.137,2.152,29497.222
2026-01-08 01:00:00,2.152,2.156,2.143,2.151,43752.36
2026-01-08 02:00:00,2.151,2.157,2.13,2.135,44228.963
2026-01-08 03:00:00,2.135,2.149,2.118,2.121,30421.902
2026-01-08 04:00:00,2.121,2.145,2.117,2.139,33250.438
2026-01-08 05:00:00,2.139,2.15,2.133,2.134,26841.969
2026-01-08 06:00:00,2.134,2.136,2.096,2.096,75035.765
2026-01-08 07:00:00,2.096,2.132,2.084,2.128,122700.483
2026-01-08 08:00:00,2.128,2.141,2.11,2.112,39655.518
2026-01-08 09:00:00,2.112,2.123,2.094,2.097,56274.5
2026-01-08 10:00:00,2.097,2.131,2.084,2.126,104937.182
2026-01-08 11:00:00,2.126,2.129,2.108,2.123,83450.229
2026-01-08 12:00:00,2.123,2.126,2.096,2.103,53603.243
2026-01-08 13:00:00,2.103,2.106,2.089,2.106,34999.047
2026-01-08 14:00:00,2.106,2.124,2.089,2.121,124726.295
2026-01-08 15:00:00,2.121,2.156,2.11,2.156,91200.4
2026-01-08 16:00:00,2.156,2.158,2.125,2.148,85833.238
2026-01-08 17:00:00,2.148,2.153,2.131,2.149,48582.022
2026-01-08 18:00:00,2.149,2.15,2.115,2.117,42197.486
2026-01-08 19:00:00,2.117,2.131,2.112,2.115,46383.555
2026-01-08 20:00:00,2.115,2.115,2.094,2.108,50825.92
2026-01-08 21:00:00,2.108,2.124,2.104,2.12,53064.837
2026-01-08 22:00:00,2.12,2.131,2.107,2.121,36393.543
2026-01-08 23:00:00,2.121,2.125,2.11,2.11,22046.116
2026-01-09 00:00:00,2.11,2.118,2.097,2.103,94010.538
2026-01-09 01:00:00,2.103,2.127,2.085,2.097,154140.283
2026-01-09 02:00:00,2.097,2.114,2.091,2.093,51545.196
2026-01-09 03:00:00,2.093,2.112,2.089,2.11,44925.236
2026-01-09 04:00:00,2.11,2.114,2.101,2.104,15037.261
2026-01-09 05:00:00,2.104,2.109,2.097,2.108,13791.524
2026-01-09 06:00:00,2.108,2.117,2.102,2.116,60228.163
2026-01-09 07:00:00,2.116,2.116,2.104,2.104,31272.846
2026-01-09 08:00:00,2.104,2.108,2.061,2.073,137094.42
2026-01-09 09:00:00,2.073,2.095,2.072,2.082,41267.045
2026-01-09 10:00:00,2.082,2.089,2.077,2.082,39276.04
2026-01-09 11:00:00,2.082,2.09,2.08,2.081,22616.882
2026-01-09 12:00:00,2.081,2.083,2.05,2.058,80095.432
2026-01-09 13:00:00,2.058,2.083,2.056,2.07,175689.067
2026-01-09 14:00:00,2.07,2.072,2.049,2.062,75180.058
2026-01-09 15:00:00,2.062,2.138,2.052,2.105,186904.785
2026-01-09 16:00:00,2.105,2.142,2.105,2.12,99536.632
2026-01-09 17:00:00,2.12,2.123,2.092,2.111,53154.379
2026-01-09 18:00:00,2.111,2.112,2.062,2.085,44760.301
2026-01-09 19:00:00,2.085,2.085,2.059,2.065,31776.376
2026-01-09 20:00:00,2.065,2.087,2.062,2.076,47593.929
2026-01-09 21:00:00,2.076,2.094,2.071,2.087,51084.896
2026-01-09 22:00:00,2.087,2.096,2.08,2.09,43519.069
2026-01-09 23:00:00,2.09,2.093,2.082,2.082,23113.546
2026-01-10 00:00:00,2.082,2.086,2.077,2.08,19869.367
2026-01-10 01:00:00,2.08,2.092,2.08,2.088,12527.359
2026-01-10 02:00:00,2.088,2.088,2.072,2.076,13280.053
2026-01-10 03:00:00,2.076,2.09,2.069,2.09,26477.782
2026-01-10 04:00:00,2.09,2.091,2.079,2.087,22256.592
2026-01-10 05:00:00,2.087,2.094,2.085,2.087,29886.204
2026-01-10 06:00:00,2.087,2.092,2.078,2.087,14669.186
2026-01-10 07:00:00,2.087,2.117,2.087,2.102,57631.276
2026-01-10 08:00:00,2.102,2.105,2.082,2.09,32593.229
2026-01-10 09:00:00,2.09,2.109,2.09,2.107,34479.365
2026-01-10 10:00:00,2.107,2.108,2.097,2.106,19728.881
2026-01-10 11:00:00,2.106,2.107,2.1,2.106,23283.094
2026-01-10 12:00:00,2.106,2.127,2.104,2.124,22727.699
2026-01-10 13:00:00,2.124,2.13,2.118,2.125,32421.574
2026-01-10 14:00:00,2.125,2.126,2.111,2.118,30350.585
2026-01-10 15:00:00,2.118,2.124,2.114,2.119,17133.874
2026-01-10 16:00:00,2.119,2.119,2.103,2.106,30202.879
2026-01-10 17:00:00,2.106,2.119,2.098,2.098,14738.233
2026-01-10 18:00:00,2.098,2.109,2.096,2.103,23698.595
2026-01-10 19:00:00,2.103,2.129,2.103,2.128,53551.89
2026-01-10 20:00:00,2.128,2.131,2.115,2.116,30213.513
2026-01-10 21:00:00,2.116,2.116,2.103,2.104,22157.683
2026-01-10 22:00:00,2.104,2.107,2.085,2.086,38263.361
2026-01-10 23:00:00,2.086,2.097,2.086,2.093,34554.41
2026-01-11 00:00:00,2.093,2.095,2.085,2.093,22673.027
2026-01-11 01:00:00,2.093,2.097,2.09,2.097,17460.927
2026-01-11 02:00:00,2.097,2.104,2.093,2.095,22068.046
2026-01-11 03:00:00,2.095,2.102,2.094,2.101,7501.711
2026-01-11 04:00:00,2.101,2.107,2.094,2.106,18992.398
2026-01-11 05:00:00,2.106,2.109,2.101,2.106,17963.161
2026-01-11 06:00:00,2.106,2.112,2.099,2.11,18654.331
2026-01-11 07:00:00,2.11,2.117,2.108,2.117,18031.584
2026-01-11 08:00:00,2.117,2.12,2.109,2.115,48927.115
2026-01-11 09:00:00,2.115,2.119,2.112,2.116,22551.69
2026-01-11 10:00:00,2.116,2.116,2.106,2.108,24769.529
2026-01-11 11:00:00,2.108,2.114,2.105,2.111,14255.534
2026-01-11 12:00:00,2.111,2.126,2.11,2.123,27556.838
2026-01-11 13:00:00,2.123,2.124,2.1,2.101,22479.013
2026-01-11 14:00:00,2.101,2.117,2.098,2.11,59574.215
2026-01-11 15:00:00,2.11,2.113,2.071,2.08,48403.928
2026-01-11 16:00:00,2.08,2.113,2.074,2.096,86334.07
2026-01-11 17:00:00,2.096,2.106,2.086,2.102,37706.168
2026-01-11 18:00:00,2.102,2.102,2.088,2.097,21765.253
2026-01-11 19:00:00,2.097,2.102,2.086,2.089,12538.146
2026-01-11 20:00:00,2.089,2.089,2.061,2.069,49184.894
2026-01-11 21:00:00,2.069,2.076,2.056,2.075,37825.696
2026-01-11 22:00:00,2.075,2.075,2.05,2.052,25801.373
2026-01-11 23:00:00,2.052,2.075,2.035,2.071,76953.999
2026-01-12 00:00:00,2.071,2.083,2.048,2.08,81957.911
2026-01-12 01:00:00,2.08,2.106,2.075,2.098,91188.553
2026-01-12 02:00:00,2.098,2.142,2.098,2.138,96756.744
2026-01-12 03:00:00,2.138,2.152,2.115,2.116,99845.718
2026-01-12 04:00:00,2.116,2.135,2.112,2.131,31354.122
2026-01-12 05:00:00,2.131,2.137,2.119,2.121,33353.472
2026-01-12 06:00:00,2.121,2.122,2.1,2.103,63993.261
2026-01-12 07:00:00,2.103,2.117,2.064,2.064,81512.53
2026-01-12 08:00:00,2.064,2.081,2.035,2.051,131596.401
2026-01-12 09:00:00,2.051,2.059,2.045,2.05,65503.186
2026-01-12 10:00:00,2.05,2.061,2.046,2.048,30513.813
2026-01-12 11:00:00,2.048,2.063,2.048,2.059,34472.227
2026-01-12 12:00:00,2.059,2.061,2.048,2.051,50767.388
2026-01-12 13:00:00,2.051,2.055,2.03,2.037,59638.711
2026-01-12 14:00:00,2.037,2.068,2.02,2.061,119686.678
2026-01-12 15:00:00,2.061,2.089,2.051,2.086,60530.493
2026-01-12 16:00:00,2.086,2.115,2.081,2.087,91486.82
2026-01-12 17:00:00,2.087,2.097,2.054,2.073,102626.183
2026-01-12 18:00:00,2.073,2.087,2.065,2.07,40948.287
2026-01-12 19:00:00,2.07,2.077,2.061,2.075,31873.039
2026-01-12 20:00:00,2.075,2.085,2.056,2.059,46111.578
2026-01-12 21:00:00,2.059,2.06,2.039,2.047,59663.928
2026-01-12 22:00:00,2.047,2.06,2.047,2.055,30926.683
2026-01-12 23:00:00,2.055,2.06,2.044,2.054,30418.628
2026-01-13 00:00:00,2.054,2.069,2.052,2.068,96997.525
2026-01-13 01:00:00,2.068,2.082,2.065,2.082,31513.3
2026-01-13 02:00:00,2.082,2.097,2.057,2.059,82957.245
2026-01-13 03:00:00,2.059,2.067,2.054,2.064,25088.357
2026-01-13 04:00:00,2.064,2.081,2.064,2.08,44179.326
2026-01-13 05:00:00,2.08,2.106,2.08,2.092,36722.381
2026-01-13 06:00:00,2.092,2.102,2.088,2.097,56708.195
2026-01-13 07:00:00,2.097,2.098,2.077,2.078,28246.157
2026-01-13 08:00:00,2.078,2.095,2.076,2.092,24231.779
2026-01-13 09:00:00,2.092,2.099,2.073,2.081,95498.063
2026-01-13 10:00:00,2.081,2.086,2.075,2.083,226608.917
2026-01-13 11:00:00,2.083,2.093,2.079,2.087,526320.159
2026-01-13 12:00:00,2.087,2.109,2.081,2.107,106680.011
2026-01-13 13:00:00,2.107,2.145,2.106,2.14,374809.233
2026-01-13 14:00:00,2.14,2.226,2.134,2.186,516692.63
2026-01-13 15:00:00,2.186,2.246,2.175,2.241,359931.695
2026-01-13 16:00:00,2.241,2.343,2.241,2.264,586810.999
2026-01-13 17:00:00,2.264,2.269,2.227,2.246,156500.453
2026-01-13 18:00:00,2.246,2.259,2.229,2.23,149483.071
2026-01-13 19:00:00,2.23,2.261,2.229,2.248,197514.838
2026-01-13 20:00:00,2.248,2.253,2.215,2.226,110847.115
2026-01-13 21:00:00,2.226,2.256,2.224,2.251,56940.912
2026-01-13 22:00:00,2.251,2.328,2.251,2.32,497868.586
2026-01-13 23:00:00,2.32,2.332,2.272,2.282,152553.304
2026-01-14 00:00:00,2.282,2.297,2.267,2.281,77678.794
2026-01-14 01:00:00,2.281,2.288,2.27,2.272,71580.93
2026-01-14 02:00:00,2.272,2.285,2.263,2.271,59798.489
2026-01-14 03:00:00,2.271,2.28,2.261,2.28,45968.486
2026-01-14 04:00:00,2.28,2.286,2.261,2.27,112789.138
2026-01-14 05:00:00,2.27,2.28,2.258,2.275,60599.51
2026-01-14 06:00:00,2.275,2.293,2.264,2.293,46777.123
2026-01-14 07:00:00,2.293,2.297,2.27,2.277,61857.752
2026-01-14 08:00:00,2.277,2.294,2.277,2.282,44605.204
2026-01-14 09:00:00,2.282,2.296,2.26,2.284,164102.897
2026-01-14 10:00:00,2.284,2.294,2.272,2.272,91600.802
2026-01-14 11:00:00,2.272,2.272,2.251,2.253,101623.128
2026-01-14 12:00:00,2.253,2.263,2.251,2.255,38481.423
2026-01-14 13:00:00,2.255,2.26,2.236,2.24,56512.798
2026-01-14 14:00:00,2.24,2.282,2.239,2.268,110304.976
2026-01-14 15:00:00,2.268,2.297,2.251,2.267,210186.626
2026-01-14 16:00:00,2.267,2.283,2.257,2.261,138779.403
2026-01-14 17:00:00,2.261,2.271,2.235,2.24,100016.837
2026-01-14 18:00:00,2.24,2.246,2.195,2.215,165081.066
2026-01-14 19:00:00,2.215,2.254,2.21,2.239,121378.801
2026-01-14 20:00:00,2.239,2.256,2.234,2.244,54090.051
2026-01-14 21:00:00,2.244,2.247,2.227,2.236,29646.952
2026-01-14 22:00:00,2.236,2.236,2.212,2.217,42162.128
2026-01-14 23:00:00,2.217,2.233,2.216,2.225,30671.866
2026-01-15 00:00:00,2.225,2.231,2.217,2.226,53863.28
2026-01-15 01:00:00,2.226,2.238,2.214,2.216,77427.332
2026-01-15 02:00:00,2.216,2.219,2.187,2.196,84980.267
2026-01-15 03:00:00,2.196,2.201,2.158,2.169,130399.375
2026-01-15 04:00:00,2.169,2.186,2.165,2.178,43441.066
2026-01-15 05:00:00,2.178,2.185,2.171,2.175,37053.78
2026-01-15 06:00:00,2.175,2.184,2.173,2.176,24010.432
2026-01-15 07:00:00,2.176,2.204,2.176,2.197,93134.188
2026-01-15 08:00:00,2.197,2.199,2.184,2.192,57338.908
2026-01-15 09:00:00,2.192,2.213,2.182,2.207,57077.471
2026-01-15 10:00:00,2.207,2.209,2.199,2.205,99312.551
2026-01-15 11:00:00,2.205,2.211,2.197,2.2,95644.987
2026-01-15 12:00:00,2.2,2.222,2.199,2.221,42070.558
2026-01-15 13:00:00,2.221,2.237,2.219,2.227,42360.869
2026-01-15 14:00:00,2.227,2.234,2.181,2.195,71987.489
2026-01-15 15:00:00,2.195,2.208,2.129,2.165,133358.887
2026-01-15 16:00:00,2.165,2.173,2.144,2.165,68915.027
2026-01-15 17:00:00,2.165,2.171,2.137,2.141,90213.129
2026-01-15 18:00:00,2.141,2.144,2.109,2.114,102009.808
2026-01-15 19:00:00,2.114,2.123,2.099,2.121,75230.188
2026-01-15 20:00:00,2.121,2.129,2.096,2.104,75382.581
2026-01-15 21:00:00,2.104,2.116,2.104,2.113,46801.505
2026-01-15 22:00:00,2.113,2.128,2.109,2.114,54663.734
2026-01-15 23:00:00,2.114,2.121,2.104,2.118,64722.048
2026-01-16 00:00:00,2.118,2.124,2.114,2.118,43984.375
2026-01-16 01:00:00,2.118,2.125,2.112,2.119,36585.898
2026-01-16 02:00:00,2.119,2.134,2.104,2.13,64510.558
2026-01-16 03:00:00,2.13,2.131,2.111,2.113,29966.213
2026-01-16 04:00:00,2.113,2.114,2.098,2.105,51074.935
2026-01-16 05:00:00,2.105,2.127,2.105,2.122,67445.968
2026-01-16 06:00:00,2.122,2.137,2.119,2.137,39031.916
2026-01-16 07:00:00,2.137,2.151,2.134,2.137,61490.465
2026-01-16 08:00:00,2.137,2.155,2.134,2.152,62378.047
2026-01-16 09:00:00,2.152,2.156,2.141,2.141,40038.933
2026-01-16 10:00:00,2.141,2.142,2.134,2.136,25162.813
2026-01-16 11:00:00,2.136,2.139,2.119,2.129,38517.006
2026-01-16 12:00:00,2.129,2.129,2.117,2.122,21975.381
2026-01-16 13:00:00,2.122,2.122,2.101,2.109,53832.489
2026-01-16 14:00:00,2.109,2.127,2.109,2.114,45587.851
2026-01-16 15:00:00,2.114,2.126,2.062,2.075,104997.06
2026-01-16 16:00:00,2.075,2.083,2.055,2.072,102607.913
2026-01-16 17:00:00,2.072,2.089,2.059,2.088,120969.871
2026-01-16 18:00:00,2.088,2.092,2.084,2.085,34138.051
2026-01-16 19:00:00,2.085,2.098,2.076,2.093,45869.132
2026-01-16 20:00:00,2.093,2.129,2.084,2.128,73478.589
2026-01-16 21:00:00,2.128,2.136,2.125,2.128,77759.331
2026-01-16 22:00:00,2.128,2.137,2.121,2.126,57820.685
2026-01-16 23:00:00,2.126,2.129,2.115,2.119,45758.889
2026-01-17 00:00:00,2.119,2.131,2.114,2.128,51330.375
2026-01-17 01:00:00,2.128,2.136,2.124,2.127,36284.926
2026-01-17 02:00:00,2.127,2.13,2.118,2.123,32355.703
2026-01-17 03:00:00,2.123,2.132,2.119,2.129,27230.266
2026-01-17 04:00:00,2.129,2.135,2.122,2.133,34517.55
2026-01-17 05:00:00,2.133,2.139,2.132,2.133,35089.666
2026-01-17 06:00:00,2.133,2.146,2.133,2.139,35569.305
2026-01-17 07:00:00,2.139,2.161,2.134,2.157,77347.235
2026-01-17 08:00:00,2.157,2.192,2.157,2.186,141353.232
2026-01-17 09:00:00,2.186,2.207,2.183,2.186,141185.558
2026-01-17 10:00:00,2.186,2.236,2.184,2.217,204504.691
2026-01-17 11:00:00,2.217,2.217,2.182,2.182,87198.853
2026-01-17 12:00:00,2.182,2.217,2.177,2.211,84817.063
2026-01-17 13:00:00,2.211,2.215,2.199,2.201,63300.518
2026-01-17 14:00:00,2.201,2.226,2.188,2.224,79417.634
2026-01-17 15:00:00,2.224,2.227,2.193,2.209,83558.239
2026-01-17 16:00:00,2.209,2.216,2.183,2.204,82897.062
2026-01-17 17:00:00,2.204,2.211,2.194,2.204,33086.515
2026-01-17 18:00:00,2.204,2.214,2.201,2.206,47692.267
2026-01-17 19:00:00,2.206,2.214,2.192,2.199,49657.112
2026-01-17 20:00:00,2.199,2.204,2.188,2.194,58421.016
2026-01-17 21:00:00,2.194,2.194,2.184,2.191,25892.373
2026-01-17 22:00:00,2.191,2.196,2.172,2.181,61157.74
2026-01-17 23:00:00,2.181,2.187,2.172,2.178,27307.903
2026-01-18 00:00:00,2.178,2.202,2.178,2.186,53471.916
2026-01-18 01:00:00,2.186,2.189,2.163,2.169,97270.053
2026-01-18 02:00:00,2.169,2.178,2.16,2.164,68752.365
2026-01-18 03:00:00,2.164,2.172,2.162,2.164,36188.236
2026-01-18 04:00:00,2.164,2.164,2.152,2.159,42650.215
2026-01-18 05:00:00,2.159,2.159,2.152,2.159,19904.208
2026-01-18 06:00:00,2.159,2.162,2.147,2.153,24051.936
2026-01-18 07:00:00,2.153,2.16,2.141,2.152,34269.539
2026-01-18 08:00:00,2.152,2.16,2.147,2.159,31470.88
2026-01-18 09:00:00,2.159,2.163,2.147,2.155,90771.71
2026-01-18 10:00:00,2.155,2.157,2.143,2.145,28365.373
2026-01-18 11:00:00,2.145,2.153,2.143,2.148,16960.652
2026-01-18 12:00:00,2.148,2.155,2.143,2.145,24903.453
2026-01-18 13:00:00,2.145,2.156,2.14,2.149,44597.682
2026-01-18 14:00:00,2.149,2.162,2.136,2.137,53752.502
2026-01-18 15:00:00,2.137,2.171,2.13,2.163,121058.103
2026-01-18 16:00:00,2.163,2.176,2.16,2.164,65509.363
2026-01-18 17:00:00,2.164,2.166,2.15,2.16,46157.543
2026-01-18 18:00:00,2.16,2.19,2.157,2.187,51160.276
2026-01-18 19:00:00,2.187,2.191,2.165,2.171,40292.061
2026-01-18 20:00:00,2.171,2.19,2.168,2.181,36600.007
2026-01-18 21:00:00,2.181,2.185,2.173,2.179,17397.882
2026-01-18 22:00:00,2.179,2.199,2.179,2.196,72354.731
2026-01-18 23:00:00,2.196,2.196,2.063,2.066,383348.285
2026-01-19 00:00:00,2.066,2.066,1.841,1.955,1761500.518
2026-01-19 01:00:00,1.955,1.974,1.945,1.962,130304.938
2026-01-19 02:00:00,1.962,1.974,1.955,1.968,80126.356
2026-01-19 03:00:00,1.968,1.983,1.96,1.979,96054.994
2026-01-19 04:00:00,1.979,1.983,1.96,1.96,74417.609
2026-01-19 05:00:00,1.96,1.976,1.955,1.971,103429.71
2026-01-19 06:00:00,1.971,1.978,1.957,1.958,101288.182
2026-01-19 07:00:00,1.958,1.973,1.956,1.97,46477.992
2026-01-19 08:00:00,1.97,2.0,1.967,1.995,119167.289
2026-01-19 09:00:00,1.995,1.995,1.979,1.983,69885.265
2026-01-19 10:00:00,1.983,1.983,1.971,1.976,41086.161
2026-01-19 11:00:00,1.976,1.986,1.972,1.973,58040.671
2026-01-19 12:00:00,1.973,1.978,1.965,1.974,51332.337
2026-01-19 13:00:00,1.974,1.981,1.97,1.974,58908.458
2026-01-19 14:00:00,1.974,1.99,1.97,1.976,66498.425
2026-01-19 15:00:00,1.976,1.985,1.972,1.977,99637.14
2026-01-19 16:00:00,1.977,2.024,1.976,2.023,154329.454
2026-01-19 17:00:00,2.023,2.029,2.006,2.015,98318.07
2026-01-19 18:00:00,2.015,2.024,2.003,2.023,52921.825
2026-01-19 19:00:00,2.023,2.064,2.023,2.046,195631.705
2026-01-19 20:00:00,2.046,2.05,2.032,2.034,55012.45
2026-01-19 21:00:00,2.034,2.039,2.022,2.022,91845.72
2026-01-19 22:00:00,2.022,2.029,2.007,2.008,59004.707
2026-01-19 23:00:00,2.008,2.04,2.006,2.029,92155.487
2026-01-20 00:00:00,2.029,2.032,2.019,2.021,87155.379
2026-01-20 01:00:00,2.021,2.038,2.014,2.025,35442.527
2026-01-20 02:00:00,2.025,2.051,2.016,2.044,121042.584
2026-01-20 03:00:00,2.044,2.048,2.02,2.033,70238.135
2026-01-20 04:00:00,2.033,2.05,2.019,2.036,174129.309
2026-01-20 05:00:00,2.036,2.047,2.022,2.029,197062.122
2026-01-20 06:00:00,2.029,2.029,1.986,1.991,195772.817
2026-01-20 07:00:00,1.991,2.006,1.989,1.991,95096.495
2026-01-20 08:00:00,1.991,1.996,1.971,1.987,147178.544
2026-01-20 09:00:00,1.987,1.994,1.978,1.983,86762.114
2026-01-20 10:00:00,1.983,1.995,1.976,1.976,112566.748
2026-01-20 11:00:00,1.976,1.988,1.958,1.96,183490.097
2026-01-20 12:00:00,1.96,1.984,1.957,1.977,126683.275
2026-01-20 13:00:00,1.977,1.977,1.936,1.94,119283.334
2026-01-20 14:00:00,1.94,1.976,1.939,1.96,153049.775
2026-01-20 15:00:00,1.96,1.962,1.93,1.94,151364.288
2026-01-20 16:00:00,1.94,1.951,1.903,1.913,133125.963
2026-01-20 17:00:00,1.913,1.927,1.897,1.907,94890.879
2026-01-20 18:00:00,1.907,1.916,1.897,1.905,51073.234
2026-01-20 19:00:00,1.905,1.919,1.905,1.913,34548.986
2026-01-20 20:00:00,1.913,1.934,1.91,1.932,52937.548
2026-01-20 21:00:00,1.932,1.933,1.911,1.913,28218.33
2026-01-20 22:00:00,1.913,1.92,1.881,1.906,112055.674
2026-01-20 23:00:00,1.906,1.907,1.893,1.897,76340.669
2026-01-21 00:00:00,1.897,1.932,1.895,1.931,112935.315
2026-01-21 01:00:00,1.931,1.941,1.928,1.936,87073.414
2026-01-21 02:00:00,1.936,1.959,1.936,1.956,139141.187
2026-01-21 03:00:00,1.956,1.96,1.946,1.947,60823.59
2026-01-21 04:00:00,1.947,1.951,1.943,1.947,21955.662
2026-01-21 05:00:00,1.947,1.96,1.945,1.957,35018.766
2026-01-21 06:00:00,1.957,1.957,1.94,1.942,33344.007
2026-01-21 07:00:00,1.942,1.954,1.939,1.944,37683.807
2026-01-21 08:00:00,1.944,1.949,1.927,1.94,56185.116
2026-01-21 09:00:00,1.94,1.94,1.932,1.936,78762.304
2026-01-21 10:00:00,1.936,1.948,1.93,1.93,30307.526
2026-01-21 11:00:00,1.93,1.94,1.916,1.918,52409.335
2026-01-21 12:00:00,1.918,1.921,1.896,1.921,90516.911
2026-01-21 13:00:00,1.921,1.929,1.906,1.91,45617.659
2026-01-21 14:00:00,1.91,1.979,1.909,1.971,210524.499
2026-01-21 15:00:00,1.971,1.98,1.949,1.969,142103.319
2026-01-21 16:00:00,1.969,1.969,1.891,1.895,183442.471
2026-01-21 17:00:00,1.895,1.916,1.873,1.899,146258.204
2026-01-21 18:00:00,1.899,1.923,1.888,1.916,63557.33
2026-01-21 19:00:00,1.916,1.993,1.908,1.992,234967.831
2026-01-21 20:00:00,1.992,1.998,1.959,1.987,66586.183
2026-01-21 21:00:00,1.987,1.999,1.98,1.99,55114.681
2026-01-21 22:00:00,1.99,2.0,1.968,1.973,36599.731
2026-01-21 23:00:00,1.973,1.976,1.942,1.955,67851.339
2026-01-22 00:00:00,1.955,1.971,1.955,1.963,52765.976
2026-01-22 01:00:00,1.963,1.98,1.962,1.979,26010.846
2026-01-22 02:00:00,1.979,1.982,1.964,1.967,30793.317
2026-01-22 03:00:00,1.967,1.971,1.95,1.956,43311.968
2026-01-22 04:00:00,1.956,1.96,1.953,1.955,31563.983
2026-01-22 05:00:00,1.955,1.959,1.938,1.943,36242.463
2026-01-22 06:00:00,1.943,1.948,1.93,1.947,50123.331
2026-01-22 07:00:00,1.947,1.949,1.934,1.946,30674.277
2026-01-22 08:00:00,1.946,1.954,1.94,1.953,23646.19
2026-01-22 09:00:00,1.953,1.961,1.949,1.957,28508.369
2026-01-22 10:00:00,1.957,1.961,1.956,1.959,223264.271
2026-01-22 11:00:00,1.959,1.961,1.95,1.95,528727.604
2026-01-22 12:00:00,1.95,1.951,1.944,1.95,94681.675
2026-01-22 13:00:00,1.95,1.963,1.939,1.949,109908.99
2026-01-22 14:00:00,1.949,1.951,1.917,1.92,173793.54
2026-01-22 15:00:00,1.92,1.936,1.905,1.926,76455.539
2026-01-22 16:00:00,1.926,1.943,1.922,1.939,78014.256
2026-01-22 17:00:00,1.939,1.945,1.926,1.94,52764.967
2026-01-22 18:00:00,1.94,1.942,1.923,1.923,51561.729
2026-01-22 19:00:00,1.923,1.943,1.919,1.938,34467.164
2026-01-22 20:00:00,1.938,1.942,1.921,1.927,45515.183
2026-01-22 21:00:00,1.927,1.936,1.926,1.928,20001.919
2026-01-22 22:00:00,1.928,1.936,1.923,1.928,29396.633
2026-01-22 23:00:00,1.928,1.93,1.914,1.926,51924.974
2026-01-23 00:00:00,1.926,1.933,1.924,1.929,39502.453
2026-01-23 01:00:00,1.929,1.952,1.929,1.95,34308.262
2026-01-23 02:00:00,1.95,1.953,1.941,1.942,20219.594
2026-01-23 03:00:00,1.942,1.967,1.942,1.957,61540.476
2026-01-23 04:00:00,1.957,1.984,1.953,1.977,72215.572
2026-01-23 05:00:00,1.977,1.977,1.959,1.962,28300.761
2026-01-23 06:00:00,1.962,1.966,1.943,1.943,51340.625
2026-01-23 07:00:00,1.943,1.948,1.936,1.94,64025.919
2026-01-23 08:00:00,1.94,1.947,1.926,1.931,65862.093
2026-01-23 09:00:00,1.931,1.939,1.928,1.934,91236.323
2026-01-23 10:00:00,1.934,1.936,1.92,1.932,169570.86
2026-01-23 11:00:00,1.932,1.948,1.932,1.945,79438.578
2026-01-23 12:00:00,1.945,1.947,1.934,1.942,47420.884
2026-01-23 13:00:00,1.942,1.951,1.939,1.94,35909.839
2026-01-23 14:00:00,1.94,1.942,1.897,1.912,151681.103
2026-01-23 15:00:00,1.912,1.947,1.9,1.945,82125.821
2026-01-23 16:00:00,1.945,1.96,1.921,1.949,73594.065
2026-01-23 17:00:00,1.949,1.981,1.935,1.955,98220.102
2026-01-23 18:00:00,1.955,1.972,1.95,1.959,87648.826
2026-01-23 19:00:00,1.959,1.959,1.92,1.927,103782.149
2026-01-23 20:00:00,1.927,1.93,1.903,1.914,46892.219
2026-01-23 21:00:00,1.914,1.925,1.912,1.915,21309.372
2026-01-23 22:00:00,1.915,1.932,1.914,1.931,32435.092
2026-01-23 23:00:00,1.931,1.931,1.92,1.925,31508.782
2026-01-24 00:00:00,1.925,1.932,1.924,1.925,35270.598
2026-01-24 01:00:00,1.925,1.933,1.923,1.931,25750.372
2026-01-24 02:00:00,1.931,1.938,1.927,1.93,29845.695
2026-01-24 03:00:00,1.93,1.94,1.928,1.931,27715.052
2026-01-24 04:00:00,1.931,1.942,1.926,1.937,42392.168
2026-01-24 05:00:00,1.937,1.939,1.927,1.932,22322.655
2026-01-24 06:00:00,1.932,1.936,1.931,1.934,15451.968
2026-01-24 07:00:00,1.934,1.934,1.925,1.925,20193.05
2026-01-24 08:00:00,1.925,1.933,1.922,1.932,26869.889
2026-01-24 09:00:00,1.932,1.932,1.919,1.921,23536.288
2026-01-24 10:00:00,1.921,1.924,1.914,1.921,28365.833
2026-01-24 11:00:00,1.921,1.923,1.917,1.919,21864.563
2026-01-24 12:00:00,1.919,1.922,1.915,1.918,29403.755
2026-01-24 13:00:00,1.918,1.918,1.909,1.909,20367.795
2026-01-24 14:00:00,1.909,1.924,1.906,1.917,41339.129
2026-01-24 15:00:00,1.917,1.921,1.904,1.906,30169.102
2026-01-24 16:00:00,1.906,1.913,1.9,1.911,41716.361
2026-01-24 17:00:00,1.911,1.916,1.908,1.916,25866.462
2026-01-24 18:00:00,1.916,1.924,1.914,1.915,35748.792
2026-01-24 19:00:00,1.915,1.917,1.91,1.912,19631.469
2026-01-24 20:00:00,1.912,1.924,1.912,1.923,33919.462
2026-01-24 21:00:00,1.923,1.925,1.915,1.924,12834.057
2026-01-24 22:00:00,1.924,1.932,1.922,1.93,36114.727
2026-01-24 23:00:00,1.93,1.933,1.925,1.929,15589.144
2026-01-25 00:00:00,1.929,1.943,1.926,1.935,70612.441
2026-01-25 01:00:00,1.935,1.939,1.922,1.923,29445.226
2026-01-25 02:00:00,1.923,1.927,1.917,1.92,17373.095
2026-01-25 03:00:00,1.92,1.923,1.901,1.906,47129.039
2026-01-25 04:00:00,1.906,1.911,1.901,1.904,23371.726
2026-01-25 05:00:00,1.904,1.909,1.901,1.908,11252.853
2026-01-25 06:00:00,1.908,1.91,1.902,1.906,23700.256
2026-01-25 07:00:00,1.906,1.906,1.895,1.9,32297.704
2026-01-25 08:00:00,1.9,1.904,1.883,1.89,83108.449
2026-01-25 09:00:00,1.89,1.913,1.888,1.908,27993.362
2026-01-25 10:00:00,1.908,1.92,1.908,1.911,24264.719
2026-01-25 11:00:00,1.911,1.912,1.897,1.899,23850.388
2026-01-25 12:00:00,1.899,1.9,1.889,1.9,40361.217
2026-01-25 13:00:00,1.9,1.903,1.891,1.901,17870.048
2026-01-25 14:00:00,1.901,1.902,1.879,1.888,39576.668
2026-01-25 15:00:00,1.888,1.894,1.882,1.887,30550.261
2026-01-25 16:00:00,1.887,1.887,1.834,1.848,183558.663
2026-01-25 17:00:00,1.848,1.852,1.835,1.843,45818.088
2026-01-25 18:00:00,1.843,1.847,1.816,1.823,128981.782
2026-01-25 19:00:00,1.823,1.828,1.782,1.791,198819.221
2026-01-25 20:00:00,1.791,1.808,1.789,1.807,112425.16
2026-01-25 21:00:00,1.807,1.824,1.807,1.82,50900.905
2026-01-25 22:00:00,1.82,1.821,1.805,1.813,62906.094
2026-01-25 23:00:00,1.813,1.828,1.806,1.824,42376.358
2026-01-26 00:00:00,1.824,1.839,1.818,1.839,134559.75
2026-01-26 01:00:00,1.839,1.862,1.837,1.857,83206.785
2026-01-26 02:00:00,1.857,1.857,1.836,1.837,69422.172
2026-01-26 03:00:00,1.837,1.841,1.825,1.83,67242.625
2026-01-26 04:00:00,1.83,1.855,1.83,1.843,26845.952
2026-01-26 05:00:00,1.843,1.848,1.841,1.844,15587.501
2026-01-26 06:00:00,1.844,1.863,1.839,1.863,26601.128
2026-01-26 07:00:00,1.863,1.865,1.85,1.855,46943.766
2026-01-26 08:00:00,1.855,1.873,1.852,1.857,80171.602
2026-01-26 09:00:00,1.857,1.857,1.841,1.842,43646.5
2026-01-26 10:00:00,1.842,1.85,1.842,1.847,23969.359
2026-01-26 11:00:00,1.847,1.852,1.843,1.845,28508.731
2026-01-26 12:00:00,1.845,1.855,1.842,1.852,36749.463
2026-01-26 13:00:00,1.852,1.862,1.851,1.858,63621.098
2026-01-26 14:00:00,1.858,1.881,1.844,1.879,123245.972
2026-01-26 15:00:00,1.879,1.897,1.86,1.871,144521.151
2026-01-26 16:00:00,1.871,1.885,1.859,1.876,107056.646
2026-01-26 17:00:00,1.876,1.88,1.853,1.871,104522.444
2026-01-26 18:00:00,1.871,1.888,1.867,1.88,69671.136
2026-01-26 19:00:00,1.88,1.886,1.867,1.869,50288.188
2026-01-26 20:00:00,1.869,1.873,1.857,1.86,35362.936
2026-01-26 21:00:00,1.86,1.889,1.857,1.88,63001.845
2026-01-26 22:00:00,1.88,1.885,1.875,1.879,34706.403
2026-01-26 23:00:00,1.879,1.883,1.873,1.876,32468.04
2026-01-27 00:00:00,1.876,1.878,1.87,1.874,54681.248
2026-01-27 01:00:00,1.874,1.884,1.867,1.877,48057.37
2026-01-27 02:00:00,1.877,1.884,1.876,1.883,46830.183
2026-01-27 03:00:00,1.883,1.884,1.874,1.876,13883.113
2026-01-27 04:00:00,1.876,1.887,1.873,1.878,21985.054
2026-01-27 05:00:00,1.878,1.879,1.872,1.875,16913.557
2026-01-27 06:00:00,1.875,1.876,1.862,1.863,15657.505
2026-01-27 07:00:00,1.863,1.874,1.863,1.867,25320.375
2026-01-27 08:00:00,1.867,1.872,1.86,1.861,26652.345
2026-01-27 09:00:00,1.861,1.861,1.85,1.851,32893.772
2026-01-27 10:00:00,1.851,1.855,1.848,1.851,26060.51
2026-01-27 11:00:00,1.851,1.856,1.848,1.852,17106.622
2026-01-27 12:00:00,1.852,1.853,1.845,1.85,19751.652
2026-01-27 13:00:00,1.85,1.853,1.836,1.836,50502.151
2026-01-27 14:00:00,1.836,1.854,1.829,1.833,132048.793
2026-01-27 15:00:00,1.833,1.855,1.829,1.854,56536.658
2026-01-27 16:00:00,1.854,1.881,1.851,1.871,96562.145
2026-01-27 17:00:00,1.871,1.874,1.829,1.836,87120.777
2026-01-27 18:00:00,1.836,1.872,1.833,1.866,55984.958
2026-01-27 19:00:00,1.866,1.873,1.859,1.871,45160.027
2026-01-27 20:00:00,1.871,1.899,1.869,1.892,57106.681
2026-01-27 21:00:00,1.892,1.895,1.871,1.874,61748.859
2026-01-27 22:00:00,1.874,1.888,1.874,1.882,37645.173
2026-01-27 23:00:00,1.882,1.883,1.874,1.876,31475.665
2026-01-28 00:00:00,1.876,1.879,1.866,1.878,57158.629
2026-01-28 01:00:00,1.878,1.878,1.863,1.87,31772.66
2026-01-28 02:00:00,1.87,1.875,1.864,1.872,40494.012
2026-01-28 03:00:00,1.872,1.872,1.859,1.863,60446.29
2026-01-28 04:00:00,1.863,1.863,1.853,1.856,42842.164
2026-01-28 05:00:00,1.856,1.863,1.848,1.862,66724.452
2026-01-28 06:00:00,1.862,1.867,1.853,1.864,74956.23
2026-01-28 07:00:00,1.864,1.866,1.855,1.861,58901.506
2026-01-28 08:00:00,1.861,1.864,1.856,1.857,55476.106
2026-01-28 09:00:00,1.857,1.884,1.853,1.884,78701.975
2026-01-28 10:00:00,1.884,1.888,1.875,1.877,88107.559
2026-01-28 11:00:00,1.877,1.895,1.875,1.894,56134.951
2026-01-28 12:00:00,1.894,1.895,1.874,1.879,63702.756
2026-01-28 13:00:00,1.879,1.887,1.866,1.868,128362.412
2026-01-28 14:00:00,1.868,1.871,1.853,1.856,63503.834
2026-01-28 15:00:00,1.856,1.861,1.834,1.847,55683.445
2026-01-28 16:00:00,1.847,1.853,1.837,1.842,42501.982
2026-01-28 17:00:00,1.842,1.862,1.831,1.854,92917.5
2026-01-28 18:00:00,1.854,1.854,1.838,1.847,71417.82
2026-01-28 19:00:00,1.847,1.863,1.841,1.859,47017.213
2026-01-28 20:00:00,1.859,1.877,1.85,1.857,60216.868
2026-01-28 21:00:00,1.857,1.87,1.841,1.863,67510.346
2026-01-28 22:00:00,1.863,1.889,1.858,1.884,39573.199
2026-01-28 23:00:00,1.884,1.886,1.868,1.871,55952.252
2026-01-29 00:00:00,1.871,1.875,1.848,1.858,90130.979
2026-01-29 01:00:00,1.858,1.861,1.838,1.843,37050.838
2026-01-29 02:00:00,1.843,1.846,1.808,1.815,121820.961
2026-01-29 03:00:00,1.815,1.829,1.811,1.816,63559.512
2026-01-29 04:00:00,1.816,1.818,1.802,1.812,45050.479
2026-01-29 05:00:00,1.812,1.815,1.809,1.81,47839.824
2026-01-29 06:00:00,1.81,1.816,1.809,1.816,26913.193
2026-01-29 07:00:00,1.816,1.817,1.81,1.81,41864.815
2026-01-29 08:00:00,1.81,1.815,1.8,1.803,67012.172
2026-01-29 09:00:00,1.803,1.805,1.797,1.798,54051.158
2026-01-29 10:00:00,1.798,1.8,1.791,1.794,53207.804
2026-01-29 11:00:00,1.794,1.797,1.787,1.789,124339.414
2026-01-29 12:00:00,1.789,1.792,1.774,1.784,72499.092
2026-01-29 13:00:00,1.784,1.795,1.784,1.795,98557.832
2026-01-29 14:00:00,1.795,1.796,1.758,1.759,114867.3
2026-01-29 15:00:00,1.759,1.759,1.713,1.731,381650.324
2026-01-29 16:00:00,1.731,1.75,1.717,1.748,128725.279
2026-01-29 17:00:00,1.748,1.765,1.724,1.724,142490.841
2026-01-29 18:00:00,1.724,1.73,1.698,1.7,261367.988
2026-01-29 19:00:00,1.7,1.733,1.698,1.725,189219.47
2026-01-29 20:00:00,1.725,1.741,1.721,1.739,88135.684
2026-01-29 21:00:00,1.739,1.744,1.734,1.739,70453.984
2026-01-29 22:00:00,1.739,1.745,1.733,1.738,32134.155
2026-01-29 23:00:00,1.738,1.738,1.728,1.736,44847.247
2026-01-30 00:00:00,1.736,1.745,1.736,1.741,92026.357
2026-01-30 01:00:00,1.741,1.748,1.672,1.718,635919.484
2026-01-30 02:00:00,1.718,1.718,1.681,1.703,140124.822
2026-01-30 03:00:00,1.703,1.714,1.7,1.703,61478.909
2026-01-30 04:00:00,1.703,1.727,1.703,1.716,44863.37
2026-01-30 05:00:00,1.716,1.719,1.712,1.714,21473.258
2026-01-30 06:00:00,1.714,1.714,1.672,1.685,1069130.767
2026-01-30 07:00:00,1.685,1.717,1.685,1.71,108692.638
2026-01-30 08:00:00,1.71,1.715,1.694,1.701,70219.848
2026-01-30 09:00:00,1.701,1.706,1.693,1.7,55543.173
2026-01-30 10:00:00,1.7,1.707,1.695,1.705,93198.716
2026-01-30 11:00:00,1.705,1.726,1.699,1.719,61684.063
2026-01-30 12:00:00,1.719,1.722,1.698,1.704,63535.281
2026-01-30 13:00:00,1.704,1.708,1.687,1.695,131754.471
2026-01-30 14:00:00,1.695,1.715,1.684,1.687,161744.316
2026-01-30 15:00:00,1.687,1.695,1.662,1.686,201183.467
2026-01-30 16:00:00,1.686,1.697,1.67,1.678,120125.477
2026-01-30 17:00:00,1.678,1.697,1.671,1.688,97951.061
2026-01-30 18:00:00,1.688,1.717,1.652,1.711,156093.276
2026-01-30 19:00:00,1.711,1.722,1.708,1.714,103225.19
2026-01-30 20:00:00,1.714,1.714,1.681,1.687,190624.747
2026-01-30 21:00:00,1.687,1.702,1.683,1.696,106154.147
2026-01-30 22:00:00,1.696,1.7,1.684,1.694,43987.748
2026-01-30 23:00:00,1.694,1.695,1.683,1.689,54434.27
2026-01-31 00:00:00,1.689,1.69,1.682,1.684,57952.432
2026-01-31 01:00:00,1.684,1.691,1.682,1.687,34745.776
2026-01-31 02:00:00,1.687,1.689,1.675,1.683,39158.076
2026-01-31 03:00:00,1.683,1.686,1.678,1.681,30169.323
2026-01-31 04:00:00,1.681,1.687,1.675,1.677,23757.83
2026-01-31 05:00:00,1.677,1.678,1.671,1.675,32711.012
2026-01-31 06:00:00,1.675,1.676,1.657,1.665,55336.566
2026-01-31 07:00:00,1.665,1.667,1.646,1.658,70525.699
2026-01-31 08:00:00,1.658,1.661,1.616,1.634,295746.69
2026-01-31 09:00:00,1.634,1.647,1.631,1.639,67897.48
2026-01-31 10:00:00,1.639,1.649,1.633,1.643,120844.603
2026-01-31 11:00:00,1.643,1.643,1.634,1.636,61051.848
2026-01-31 12:00:00,1.636,1.638,1.631,1.633,72516.45
2026-01-31 13:00:00,1.633,1.634,1.616,1.622,93513.264
2026-01-31 14:00:00,1.622,1.625,1.535,1.567,992391.969
2026-01-31 15:00:00,1.567,1.591,1.566,1.571,172755.504
2026-01-31 16:00:00,1.571,1.592,1.546,1.553,341618.23
2026-01-31 17:00:00,1.553,1.559,1.465,1.497,1179018.681
2026-01-31 18:00:00,1.497,1.506,1.397,1.472,1393728.794
2026-01-31 19:00:00,1.472,1.506,1.471,1.496,310475.023
2026-01-31 20:00:00,1.496,1.508,1.479,1.501,141311.471
2026-01-31 21:00:00,1.501,1.528,1.494,1.523,125326.352
2026-01-31 22:00:00,1.523,1.527,1.511,1.523,76869.609
2026-01-31 23:00:00,1.523,1.556,1.52,1.547,167261.815
2026-02-01 00:00:00,1.547,1.556,1.544,1.552,138565.481
2026-02-01 01:00:00,1.552,1.554,1.535,1.551,84690.555
2026-02-01 02:00:00,1.551,1.558,1.546,1.556,53688.813
2026-02-01 03:00:00,1.556,1.558,1.55,1.554,55297.452
2026-02-01 04:00:00,1.554,1.56,1.552,1.553,55613.823
2026-02-01 05:00:00,1.553,1.56,1.547,1.551,77431.815
2026-02-01 06:00:00,1.551,1.558,1.541,1.544,74956.063
2026-02-01 07:00:00,1.544,1.556,1.537,1.547,96748.572
2026-02-01 08:00:00,1.547,1.557,1.54,1.546,92312.242
2026-02-01 09:00:00,1.546,1.555,1.534,1.552,80890.096
2026-02-01 10:00:00,1.552,1.56,1.529,1.531,145156.311
2026-02-01 11:00:00,1.531,1.553,1.531,1.547,67888.204
2026-02-01 12:00:00,1.547,1.547,1.531,1.536,104489.426
2026-02-01 13:00:00,1.536,1.547,1.521,1.528,74036.227
2026-02-01 14:00:00,1.528,1.54,1.505,1.526,144080.607
2026-02-01 15:00:00,1.526,1.526,1.481,1.499,158670.454
2026-02-01 16:00:00,1.499,1.514,1.488,1.5,144298.267
2026-02-01 17:00:00,1.5,1.506,1.488,1.503,72742.807
2026-02-01 18:00:00,1.503,1.531,1.503,1.515,103608.088
2026-02-01 19:00:00,1.515,1.52,1.495,1.503,70417.994
2026-02-01 20:00:00,1.503,1.521,1.489,1.506,103570.754
2026-02-01 21:00:00,1.506,1.506,1.491,1.496,90893.966
2026-02-01 22:00:00,1.496,1.522,1.496,1.511,74292.407
2026-02-01 23:00:00,1.511,1.518,1.458,1.495,279442.352
2026-02-02 00:00:00,1.495,1.532,1.484,1.519,180915.796
2026-02-02 01:00:00,1.519,1.535,1.498,1.525,103757.232
2026-02-02 02:00:00,1.525,1.533,1.509,1.511,79739.951
2026-02-02 03:00:00,1.511,1.514,1.451,1.51,254215.358
2026-02-02 04:00:00,1.51,1.52,1.481,1.496,130882.53
2026-02-02 05:00:00,1.496,1.497,1.456,1.471,155317.689
2026-02-02 06:00:00,1.471,1.516,1.454,1.493,391284.273
2026-02-02 07:00:00,1.493,1.509,1.489,1.496,135879.473
2026-02-02 08:00:00,1.496,1.511,1.496,1.506,89129.383
2026-02-02 09:00:00,1.506,1.532,1.498,1.522,166745.313
2026-02-02 10:00:00,1.522,1.526,1.514,1.516,115933.51
2026-02-02 11:00:00,1.516,1.523,1.512,1.513,106029.79
2026-02-02 12:00:00,1.513,1.529,1.513,1.527,104790.972
2026-02-02 13:00:00,1.527,1.537,1.521,1.534,68948.285
2026-02-02 14:00:00,1.534,1.556,1.52,1.545,181419.558
2026-02-02 15:00:00,1.545,1.576,1.539,1.571,224779.457
2026-02-02 16:00:00,1.571,1.576,1.556,1.558,139915.637
2026-02-02 17:00:00,1.558,1.567,1.551,1.557,83852.735
2026-02-02 18:00:00,1.557,1.565,1.549,1.56,72383.146
2026-02-02 19:00:00,1.56,1.561,1.546,1.546,60595.782
2026-02-02 20:00:00,1.546,1.551,1.537,1.541,94315.242
2026-02-02 21:00:00,1.541,1.551,1.541,1.548,63357.216
2026-02-02 22:00:00,1.548,1.555,1.547,1.552,41043.515
2026-02-02 23:00:00,1.552,1.552,1.542,1.543,48592.504
2026-02-03 00:00:00,1.543,1.546,1.536,1.545,52713.251
2026-02-03 01:00:00,1.545,1.547,1.533,1.539,49278.601
2026-02-03 02:00:00,1.539,1.539,1.512,1.513,66808.887
2026-02-03 03:00:00,1.513,1.54,1.509,1.538,92629.607
2026-02-03 04:00:00,1.538,1.55,1.532,1.544,59994.204
2026-02-03 05:00:00,1.544,1.545,1.528,1.53,39571.037
2026-02-03 06:00:00,1.53,1.538,1.521,1.536,82304.57
2026-02-03 07:00:00,1.536,1.545,1.532,1.537,41930.05
2026-02-03 08:00:00,1.537,1.544,1.531,1.532,56849.401
2026-02-03 09:00:00,1.532,1.536,1.51,1.518,185605.957
2026-02-03 10:00:00,1.518,1.524,1.512,1.521,76386.212
2026-02-03 11:00:00,1.521,1.523,1.511,1.519,153904.45
2026-02-03 12:00:00,1.519,1.526,1.514,1.523,74036.16
2026-02-03 13:00:00,1.523,1.531,1.518,1.528,89502.729
2026-02-03 14:00:00,1.528,1.533,1.497,1.497,135668.881
2026-02-03 15:00:00,1.497,1.531,1.491,1.525,246878.911
2026-02-03 16:00:00,1.525,1.525,1.484,1.491,208435.673
2026-02-03 17:00:00,1.491,1.494,1.464,1.464,131453.172
2026-02-03 18:00:00,1.464,1.471,1.432,1.435,306173.698
2026-02-03 19:00:00,1.435,1.516,1.432,1.504,247949.968
2026-02-03 20:00:00,1.504,1.567,1.49,1.554,315699.967
2026-02-03 21:00:00,1.554,1.565,1.522,1.524,142617.864
2026-02-03 22:00:00,1.524,1.525,1.5,1.504,155544.041
2026-02-03 23:00:00,1.504,1.505,1.488,1.5,101707.082
2026-02-04 00:00:00,1.5,1.513,1.493,1.507,55941.854
2026-02-04 01:00:00,1.507,1.527,1.507,1.519,54571.121
2026-02-04 02:00:00,1.519,1.52,1.507,1.512,67942.069
2026-02-04 03:00:00,1.512,1.533,1.51,1.528,112851.953
2026-02-04 04:00:00,1.528,1.531,1.518,1.519,55983.573
2026-02-04 05:00:00,1.519,1.52,1.502,1.507,40150.104
2026-02-04 06:00:00,1.507,1.521,1.506,1.517,41766.799
2026-02-04 07:00:00,1.517,1.524,1.51,1.518,63735.165
2026-02-04 08:00:00,1.518,1.525,1.513,1.521,48178.177
2026-02-04 09:00:00,1.521,1.521,1.506,1.508,57124.113
2026-02-04 10:00:00,1.508,1.51,1.504,1.506,46128.706
2026-02-04 11:00:00,1.506,1.509,1.489,1.501,82914.15
2026-02-04 12:00:00,1.501,1.504,1.493,1.499,59058.984
2026-02-04 13:00:00,1.499,1.5,1.475,1.476,94096.817
2026-02-04 14:00:00,1.476,1.485,1.453,1.454,141042.349
2026-02-04 15:00:00,1.454,1.472,1.436,1.451,185089.241
2026-02-04 16:00:00,1.451,1.457,1.426,1.443,499889.584
2026-02-04 17:00:00,1.443,1.453,1.429,1.445,229114.609
2026-02-04 18:00:00,1.445,1.477,1.426,1.458,296332.788
2026-02-04 19:00:00,1.458,1.49,1.453,1.487,225706.237
2026-02-04 20:00:00,1.487,1.491,1.47,1.473,113533.453
2026-02-04 21:00:00,1.473,1.478,1.447,1.458,134160.172
2026-02-04 22:00:00,1.458,1.481,1.433,1.457,158009.684
