sharpe,sortino,calmar,max_drawdown,max_dd_duration,profit_factor,win_rate,payoff_ratio,expectancy,tail_ratio,time_in_market,skewness,kurtosis,total_return,n_trades,mean_return,std_return,t_stat,p_value,n_long,n_short,mean_long,mean_short,asset,timeframe,strategy,type,holding,grade,pass_raw,pass_bonf
-59.6973,-75.4869,-1.0,-1.0,24991,0.2945,0.2673,0.8073,-0.000977,0.5161,0.2174,-0.7943,23.599,-1.0,24996,-0.000977,0.002476,-62.4183,0.0,11863,13133,-0.0009792812862284767,-0.000975827849516707,BTC,5m,vwap_mr,mean_reversion,15m,F,False,False
-17.0161,-21.4888,-0.9996,-0.9996,7914,0.5341,0.3798,0.8721,-0.000966,0.6846,0.0688,-0.3667,10.9624,-0.9996,7917,-0.000966,0.004831,-17.7917,0.0,3807,4110,-0.000979509277624595,-0.0009536690561665793,BTC,5m,vwap_mr,mean_reversion,1h,F,False,False
-4.433,-5.9655,-0.9703,-0.9014,2275,0.7431,0.4416,0.9397,-0.000949,0.8262,0.0198,0.2421,7.1129,-0.8967,2276,-0.000949,0.00977,-4.635,3.77e-06,1097,1179,-0.0010347684127944663,-0.0008696425860863499,BTC,5m,vwap_mr,mean_reversion,4h,F,False,False
-43.9289,-57.1592,-1.0,-1.0,13186,0.2951,0.2602,0.839,-0.000977,0.5535,0.1147,-0.8075,30.2262,-1.0,13190,-0.000977,0.002444,-45.9312,0.0,6586,6604,-0.0009751451250263023,-0.0009798145898617394,BTC,5m,stoch_rsi,mean_reversion,15m,F,False,False
-16.3504,-21.1562,-0.999,-0.9988,6720,0.527,0.3624,0.9269,-0.000983,0.7367,0.0584,-0.4761,10.388,-0.9988,6721,-0.000983,0.004716,-17.0956,0.0,3342,3379,-0.0009785976918503562,-0.000988053748090052,BTC,5m,stoch_rsi,mean_reversion,1h,F,False,False
-6.2948,-8.1459,-0.9817,-0.9538,2162,0.6563,0.4145,0.927,-0.001345,0.8108,0.0188,-0.3975,4.8329,-0.9508,2164,-0.001345,0.009509,-6.5817,0.0,1085,1079,-0.0013502774559919217,-0.0013403621004110927,BTC,5m,stoch_rsi,mean_reversion,4h,F,False,False
-67.8367,-97.2505,-1.0,-1.0,31017,0.3031,0.2468,0.9253,-0.001002,0.6049,0.2697,0.8193,22.8364,-1.0,31018,-0.001002,0.002487,-70.9288,0.0,15818,15200,-0.001003143803361753,-0.0009999504459665936,BTC,5m,ema_ribbon,trend,15m,F,False,False
-18.1784,-25.2296,-0.9998,-0.9999,8813,0.536,0.3435,1.0243,-0.000988,0.8621,0.0766,0.02,12.1442,-0.9999,8814,-0.000988,0.004878,-19.007,0.0,4452,4362,-0.0009920103962767362,-0.000983037230761902,BTC,5m,ema_ribbon,trend,1h,F,False,False
-4.0142,-5.9235,-0.9522,-0.8926,2322,0.7705,0.4093,1.1121,-0.000836,1.0143,0.0204,0.2807,7.8053,-0.8743,2348,-0.000836,0.009654,-4.1972,2.803e-05,1215,1133,-0.000956437036530923,-0.000707195170717973,BTC,5m,ema_ribbon,trend,4h,F,False,False
-14.0435,-15.6418,-0.9825,-0.9364,2750,0.3562,0.3057,0.8089,-0.000997,0.5375,0.0239,-7.1546,206.0488,-0.9368,2751,-0.000997,0.00356,-14.6837,0.0,1430,1321,-0.0009613118990615927,-0.0010350801566185995,BTC,5m,rsi_extreme,mean_reversion,15m,F,False,False
-9.1705,-11.6936,-0.9784,-0.9185,2110,0.5184,0.3709,0.8792,-0.00115,0.6762,0.0187,-0.3239,14.7385,-0.9182,2146,-0.00115,0.005558,-9.5885,0.0,1111,1035,-0.0010681166340537243,-0.001238747936128519,BTC,5m,rsi_extreme,mean_reversion,1h,F,False,False
-4.2492,-5.4111,-0.9525,-0.8264,1278,0.683,0.4484,0.8402,-0.001251,0.7035,0.0113,0.1379,10.3649,-0.8158,1298,-0.001251,0.010144,-4.4429,9.63e-06,686,612,-0.0011078803574696477,-0.0014112454671687319,BTC,5m,rsi_extreme,mean_reversion,4h,F,False,False
-22.4547,-33.0071,-0.9997,-0.9998,7992,0.468,0.329,0.9543,-0.001031,0.7835,0.0695,0.5579,12.6995,-0.9998,7993,-0.001031,0.003926,-23.4782,0.0,3959,4034,-0.0010344402699425667,-0.0010275384885886014,BTC,5m,momentum,trend,15m,F,False,False
-9.8411,-13.7947,-0.9929,-0.9864,3796,0.6145,0.3831,0.9897,-0.001091,0.8788,0.0332,-0.1589,10.0659,-0.9857,3814,-0.001091,0.006548,-10.2897,0.0,1924,1890,-0.0011206529394801362,-0.0010607085450774435,BTC,5m,momentum,trend,1h,F,False,False
-1.7911,-2.7881,-0.7987,-0.7014,1484,0.8715,0.4363,1.1259,-0.00054,0.9884,0.013,0.5029,3.7356,-0.5927,1492,-0.00054,0.011137,-1.8728,0.06129414,742,750,-0.0006112194659778638,-0.00046946445087594016,BTC,5m,momentum,trend,4h,F,False,False
-32.0154,-46.9781,-0.9998,-0.9999,8094,0.3228,0.2322,1.0676,-0.001096,0.6335,0.0705,0.8254,20.9042,-0.9999,8106,-0.001096,0.002947,-33.4747,0.0,4071,4035,-0.0011299301506793077,-0.0010607991664209984,BTC,5m,range_breakout,trend,15m,F,False,False
-14.0268,-20.2999,-0.9971,-0.9951,4731,0.5212,0.3257,1.0787,-0.001104,0.842,0.0412,0.4423,10.5313,-0.995,4743,-0.001104,0.005185,-14.6662,0.0,2392,2351,-0.0011458089069208688,-0.0010617160647285282,BTC,5m,range_breakout,trend,1h,F,False,False
-3.9159,-5.7882,-0.9703,-0.8481,1910,0.7586,0.4085,1.0984,-0.000931,0.9397,0.0168,0.461,5.5047,-0.8493,1929,-0.000931,0.009986,-4.0944,4.407e-05,977,952,-0.0010201526379032475,-0.0008392961346934866,BTC,5m,range_breakout,trend,4h,F,False,False
-43.7748,-60.1045,-1.0,-1.0,11832,0.2904,0.2529,0.8582,-0.001003,0.5405,0.1029,0.1434,9.7665,-1.0,11837,-0.001003,0.002385,-45.7701,0.0,5940,5897,-0.000985900801295246,-0.0010209650251794859,BTC,5m,macd_scalp,trend,15m,F,False,False
-17.1077,-23.7442,-0.9992,-0.9991,6472,0.5073,0.3408,0.9812,-0.001065,0.7309,0.0563,0.3061,9.3192,-0.9991,6476,-0.001065,0.00479,-17.8874,0.0,3213,3263,-0.0010518575806732872,-0.0010773345597763853,BTC,5m,macd_scalp,trend,1h,F,False,False
-4.0015,-5.9384,-0.925,-0.9007,1975,0.7609,0.4233,1.0364,-0.000871,0.9036,0.0185,0.719,6.4337,-0.8588,2133,-0.000871,0.009617,-4.1839,2.981e-05,1030,1103,-0.0008899463332852276,-0.0008537778816744521,BTC,5m,macd_scalp,trend,4h,F,False,False
-12.762,-13.5044,-0.9711,-0.8813,2059,0.2977,0.2658,0.8225,-0.00102,0.5194,0.0179,-10.3762,294.5523,-0.8796,2062,-0.00102,0.003471,-13.3437,0.0,982,1080,-0.0011097021515282203,-0.0009385496224459148,BTC,5m,keltner_mr,mean_reversion,15m,F,False,False
-8.0852,-9.7929,-0.9574,-0.8406,1671,0.5161,0.3718,0.8719,-0.001049,0.6455,0.0146,-0.8524,10.7329,-0.8323,1681,-0.001049,0.005087,-8.4538,0.0,815,866,-0.0010608465180801264,-0.0010375297184100735,BTC,5m,keltner_mr,mean_reversion,1h,F,False,False
-5.9086,-7.1092,-0.963,-0.8598,1087,0.5688,0.4258,0.7669,-0.001707,0.594,0.0096,-0.7115,4.6716,-0.854,1099,-0.001707,0.009161,-6.1779,0.0,539,560,-0.002033741536695975,-0.0013930620552900924,BTC,5m,keltner_mr,mean_reversion,4h,F,False,False
-28.462,-38.4902,-0.9963,-0.9932,4724,0.2719,0.2385,0.8682,-0.001051,0.5047,0.0411,0.0354,12.6984,-0.9931,4726,-0.001051,0.002428,-29.7593,0.0,2391,2335,-0.0010798381071613424,-0.0010213304129711874,BTC,5m,dual_ema_adx,trend,15m,F,False,False
-11.7163,-15.5328,-0.9891,-0.9721,3291,0.5047,0.3444,0.9609,-0.001069,0.7102,0.0286,-0.3454,25.1122,-0.9716,3293,-0.001069,0.005006,-12.2503,0.0,1671,1622,-0.00111690572721544,-0.0010189082617472083,BTC,5m,dual_ema_adx,trend,1h,F,False,False
-4.4387,-5.7466,-0.9389,-0.8773,1664,0.7081,0.4318,0.9316,-0.001092,0.8447,0.0145,-0.3023,5.9405,-0.85,1665,-0.001092,0.009604,-4.641,3.74e-06,838,827,-0.0012827619712663817,-0.0008993964208598454,BTC,5m,dual_ema_adx,trend,4h,F,False,False
-16.5868,-25.1617,-0.9899,-0.974,3405,0.4079,0.265,1.1313,-0.00106,0.7559,0.0297,0.8477,16.4999,-0.9737,3411,-0.00106,0.003569,-17.3428,0.0,1568,1843,-0.001138683530027257,-0.000992427400814432,BTC,5m,vol_spike_brk,trend,15m,F,False,False
-8.8552,-13.0008,-0.9797,-0.9376,2530,0.5736,0.3358,1.1345,-0.001065,0.8935,0.022,0.3915,8.2162,-0.9355,2534,-0.001065,0.005788,-9.2588,0.0,1201,1333,-0.0011338898919521104,-0.0010021932831978685,BTC,5m,vol_spike_brk,trend,1h,F,False,False
-3.8403,-5.5701,-0.9544,-0.8294,1463,0.7292,0.3981,1.1026,-0.001112,1.0294,0.0128,0.1132,8.1639,-0.8199,1467,-0.001112,0.010604,-4.0154,6.235e-05,668,799,-0.0011171831091967576,-0.0011070616530497316,BTC,5m,vol_spike_brk,trend,4h,F,False,False
-25.6444,-32.1456,-0.9948,-0.989,4537,0.2827,0.2631,0.7917,-0.00099,0.4945,0.0395,-0.8309,35.6362,-0.989,4538,-0.00099,0.002488,-26.8133,0.0,2138,2400,-0.0009880649900070513,-0.000992033381653548,BTC,5m,stoch_cross,mean_reversion,15m,F,False,False
-12.4465,-16.1254,-0.9896,-0.9715,3348,0.4962,0.3547,0.9027,-0.001051,0.6908,0.0291,-0.326,10.7512,-0.9715,3349,-0.001051,0.004671,-13.0139,0.0,1565,1784,-0.0009923216664903887,-0.001101544798937571,BTC,5m,stoch_cross,mean_reversion,1h,F,False,False
-3.6652,-5.0078,-0.9436,-0.7972,1614,0.75,0.4303,0.9928,-0.0009,0.8637,0.014,0.1293,5.7357,-0.7825,1615,-0.0009,0.009435,-3.8322,0.00013185,746,869,-0.0009101777593741398,-0.0008906607082146018,BTC,5m,stoch_cross,mean_reversion,4h,F,False,False
-37.1704,-44.3326,-1.0,-1.0,23203,0.4462,0.3649,0.7764,-0.001025,0.5984,0.2018,-1.4985,35.9955,-1.0,23210,-0.001025,0.004019,-38.8648,0.0,10711,12499,-0.0010245912349421704,-0.0010260038029110696,ETH,5m,vwap_mr,mean_reversion,15m,F,False,False
-11.997,-14.355,-0.9998,-0.9998,7616,0.6441,0.4373,0.8289,-0.001094,0.7273,0.0662,-1.0244,10.9125,-0.9998,7618,-0.001094,0.00761,-12.5439,0.0,3579,4039,-0.0011140742175364603,-0.0010755740114229077,ETH,5m,vwap_mr,mean_reversion,1h,F,False,False
-4.5211,-5.5878,-0.99,-0.9753,2234,0.7457,0.4695,0.8426,-0.00152,0.741,0.0195,-0.5342,3.6528,-0.9748,2247,-0.00152,0.015242,-4.7272,2.42e-06,1046,1201,-0.0015164529223551592,-0.0015230720215317582,ETH,5m,vwap_mr,mean_reversion,4h,F,False,False
-30.4188,-38.404,-1.0,-1.0,13252,0.4273,0.3412,0.8253,-0.001042,0.6491,0.1153,-0.8709,21.9152,-1.0,13258,-0.001042,0.003773,-31.8054,0.0,6624,6634,-0.0010230713659443592,-0.0010614932103031488,ETH,5m,stoch_rsi,mean_reversion,15m,F,False,False
-10.591,-14.4884,-0.9991,-0.9991,6655,0.6625,0.4136,0.9394,-0.000997,0.7952,0.0585,0.3221,12.8236,-0.999,6729,-0.000997,0.007383,-11.0738,0.0,3364,3365,-0.0009672128989027016,-0.001026097134415923,ETH,5m,stoch_rsi,mean_reversion,1h,F,False,False
-3.5158,-4.6871,-0.9753,-0.951,2105,0.79,0.457,0.9386,-0.001208,0.8288,0.0188,0.0845,7.318,-0.9432,2164,-0.001208,0.015282,-3.6761,0.0002426,1117,1047,-0.0010254662553656586,-0.00140197155435585,ETH,5m,stoch_rsi,mean_reversion,4h,F,False,False
-41.724,-62.4453,-1.0,-1.0,30937,0.4774,0.3203,1.0131,-0.000977,0.7841,0.2695,0.7601,15.6415,-1.0,30993,-0.000977,0.003941,-43.626,0.0,16090,14903,-0.0009694170508464274,-0.0009844614069924626,ETH,5m,ema_ribbon,trend,15m,F,False,False
-10.1552,-15.4257,-0.9996,-0.9996,8806,0.7086,0.3884,1.1156,-0.00087,0.9738,0.0766,0.9387,11.0658,-0.9996,8807,-0.00087,0.007687,-10.6181,0.0,4558,4249,-0.0008317104734269055,-0.0009105548555951134,ETH,5m,ema_ribbon,trend,1h,F,False,False
-2.4977,-3.5151,-0.9643,-0.9118,2343,0.8485,0.4395,1.082,-0.000857,1.0195,0.0204,0.1944,8.1869,-0.9008,2348,-0.000857,0.015903,-2.6116,0.00907065,1208,1140,-0.0008043678370702713,-0.0009129285436537515,ETH,5m,ema_ribbon,trend,4h,F,False,False
-10.54,-11.7961,-0.9838,-0.9519,2768,0.4949,0.3861,0.7869,-0.001072,0.6027,0.0241,-3.5,71.6734,-0.9509,2774,-0.001072,0.005125,-11.0205,0.0,1433,1341,-0.0010686338090924008,-0.0010765294634025016,ETH,5m,rsi_extreme,mean_reversion,15m,F,False,False
-6.3162,-7.44,-0.9727,-0.9467,2122,0.6367,0.442,0.8038,-0.001247,0.6987,0.0187,-1.1708,17.4711,-0.9376,2156,-0.001247,0.008767,-6.6042,0.0,1114,1042,-0.0011111818062255281,-0.0013919548326789288,ETH,5m,rsi_extreme,mean_reversion,1h,F,False,False
-4.3392,-5.4672,-0.9718,-0.9436,1311,0.6922,0.4634,0.8015,-0.00195,0.7109,0.0114,-0.394,3.9635,-0.9342,1312,-0.00195,0.01557,-4.537,6.23e-06,677,635,-0.0017943007420745953,-0.00211662599530709,ETH,5m,rsi_extreme,mean_reversion,4h,F,False,False
-24.5061,-38.9433,-1.0,-1.0,15613,0.5524,0.3451,1.0484,-0.000997,0.876,0.1367,1.3632,19.8893,-1.0,15725,-0.000997,0.004879,-25.6232,0.0,7866,7859,-0.0010100727818586803,-0.0009838982844759467,ETH,5m,momentum,trend,15m,F,False,False
-8.829,-13.4435,-0.9988,-0.9988,6331,0.7108,0.4028,1.0537,-0.001002,0.9126,0.0553,0.7549,7.7798,-0.9986,6355,-0.001002,0.008652,-9.2314,0.0,3128,3227,-0.0009878083158932336,-0.001015501650832435,ETH,5m,momentum,trend,1h,F,False,False
-1.6859,-2.5466,-0.9155,-0.8219,1338,0.8931,0.4515,1.0851,-0.000622,1.0619,0.0177,0.448,4.9688,-0.7827,2040,-0.000622,0.015929,-1.7627,0.07809968,1004,1036,-0.0005494325931466358,-0.0006916600379433887,ETH,5m,momentum,trend,4h,F,False,False
-17.9531,-28.6328,-0.9995,-0.9994,6833,0.5084,0.3039,1.1648,-0.001073,0.8788,0.0596,1.1826,13.2415,-0.9994,6852,-0.001073,0.004733,-18.7715,0.0,3461,3391,-0.0011939199395023853,-0.0009501485677098264,ETH,5m,range_breakout,trend,15m,F,False,False
-8.5815,-12.7611,-0.9968,-0.9943,4323,0.6625,0.3759,1.0999,-0.001154,0.9676,0.0377,0.5456,8.3531,-0.9943,4336,-0.001154,0.008468,-8.9727,0.0,2194,2142,-0.0010745099609338483,-0.0012351893592570308,ETH,5m,range_breakout,trend,1h,F,False,False
-2.4319,-3.6376,-0.9506,-0.88,1857,0.8415,0.4339,1.0977,-0.000937,1.04,0.0162,0.3518,4.7633,-0.862,1862,-0.000937,0.015898,-2.5428,0.0110782,951,911,-0.000796024454007618,-0.0010838310874641585,ETH,5m,range_breakout,trend,4h,F,False,False
-26.9039,-39.1654,-1.0,-1.0,11762,0.4618,0.3271,0.9501,-0.000973,0.7045,0.1023,0.6288,10.6771,-1.0,11768,-0.000973,0.003752,-28.1303,0.0,5886,5882,-0.0009866225970610414,-0.0009594184537909223,ETH,5m,macd_scalp,trend,15m,F,False,False
-11.3159,-15.0324,-0.9994,-0.9995,6412,0.6335,0.4026,0.9402,-0.001123,0.7984,0.0559,-0.1795,12.5404,-0.9994,6424,-0.001123,0.007609,-11.8317,0.0,3215,3209,-0.0010775766668936495,-0.0011689348012154598,ETH,5m,macd_scalp,trend,1h,F,False,False
-4.0423,-5.432,-0.9814,-0.9656,2128,0.7591,0.4444,0.9491,-0.001395,0.8376,0.0185,0.0687,9.5294,-0.9602,2131,-0.001395,0.015241,-4.2266,2.473e-05,1086,1045,-0.0014217376327523286,-0.001368138950447615,ETH,5m,macd_scalp,trend,4h,F,False,False
-7.234,-7.6352,-0.9644,-0.8152,1450,0.4959,0.3941,0.7624,-0.001138,0.6022,0.0127,-4.6227,79.808,-0.8148,1459,-0.001138,0.005749,-7.5637,0.0,725,734,-0.0011815291540071089,-0.001095654571535733,ETH,5m,keltner_mr,mean_reversion,15m,F,False,False
-5.0857,-6.569,-0.9473,-0.829,1225,0.6283,0.4313,0.8284,-0.001319,0.6736,0.0108,0.0264,6.3723,-0.814,1238,-0.001319,0.00873,-5.3176,1.2e-07,626,612,-0.0011129786579697858,-0.0015306389392674314,ETH,5m,keltner_mr,mean_reversion,1h,F,False,False
-2.8339,-3.8457,-0.9341,-0.825,875,0.7426,0.4634,0.8597,-0.001669,0.7101,0.0077,0.4958,7.5983,-0.8001,889,-0.001669,0.016792,-2.9631,0.00312676,443,446,-0.0013217595446392604,-0.0020133777669802456,ETH,5m,keltner_mr,mean_reversion,4h,F,False,False
-17.4828,-25.4085,-0.9956,-0.9912,4809,0.4638,0.3229,0.9727,-0.000977,0.8087,0.0418,0.3802,7.4338,-0.9912,4810,-0.000977,0.003705,-18.2798,0.0,2455,2355,-0.0010970344858678874,-0.0008511607577979968,ETH,5m,dual_ema_adx,trend,15m,F,False,False
-6.9543,-9.6881,-0.9842,-0.967,3367,0.6827,0.4107,0.9795,-0.000953,0.8174,0.0293,0.4917,9.9256,-0.9636,3372,-0.000953,0.007611,-7.2713,0.0,1716,1656,-0.0011063788722576187,-0.0007941661947028365,ETH,5m,dual_ema_adx,trend,1h,F,False,False
-3.2627,-4.285,-0.9788,-0.904,1666,0.7727,0.4524,0.9354,-0.001294,0.8012,0.0145,0.2378,10.4301,-0.9058,1669,-0.001294,0.015502,-3.4114,0.00066173,836,833,-0.0012188110030000607,-0.001370444405268478,ETH,5m,dual_ema_adx,trend,4h,F,False,False
-12.7087,-19.909,-0.9938,-0.9883,3721,0.5252,0.3104,1.1672,-0.001166,0.8719,0.0324,0.8181,9.0088,-0.9877,3728,-0.001166,0.005357,-13.288,0.0,1773,1955,-0.0013056374961230132,-0.0010389674326528055,ETH,5m,vol_spike_brk,trend,15m,F,False,False
-6.1318,-9.4044,-0.9827,-0.9593,2786,0.6965,0.3768,1.1521,-0.001079,1.0245,0.0243,0.592,6.7956,-0.9561,2792,-0.001079,0.008895,-6.4113,0.0,1335,1457,-0.0009849682119431212,-0.001165825476272011,ETH,5m,vol_spike_brk,trend,1h,F,False,False
-1.6893,-2.4655,-0.9063,-0.7866,1535,0.8748,0.4379,1.1227,-0.000748,1.0761,0.0134,0.0916,7.0167,-0.7444,1539,-0.000748,0.016611,-1.7663,0.07753905,754,785,-0.0006868575979876786,-0.0008065802052537348,ETH,5m,vol_spike_brk,trend,4h,F,False,False
-12.2882,-14.6318,-0.9847,-0.9547,3020,0.472,0.3803,0.769,-0.001009,0.6196,0.0263,-0.6009,13.669,-0.954,3021,-0.001009,0.004317,-12.8483,0.0,1342,1679,-0.0010242625978670815,-0.0009968681571147608,ETH,5m,stoch_cross,mean_reversion,15m,F,False,False
-6.8055,-8.8792,-0.9767,-0.9416,2353,0.6395,0.4077,0.929,-0.001113,0.7841,0.021,-0.0579,8.389,-0.9365,2411,-0.001113,0.007682,-7.1158,0.0,1082,1329,-0.0010730993164308935,-0.0011460738163931372,ETH,5m,stoch_cross,mean_reversion,1h,F,False,False
-4.1641,-5.462,-0.9592,-0.9273,1321,0.71,0.4404,0.9024,-0.001671,0.7594,0.0118,-0.291,3.7243,-0.91,1358,-0.001671,0.014146,-4.354,1.437e-05,591,767,-0.0020932845726542313,-0.0013462154493771574,ETH,5m,stoch_cross,mean_reversion,4h,F,False,False
-32.24,-40.6134,-1.0,-1.0,23728,0.5145,0.3934,0.7932,-0.000991,0.6719,0.2064,-0.8514,36.8636,-1.0,23739,-0.000991,0.004531,-33.7098,0.0,11511,12228,-0.0010167483028055812,-0.0009674275951890898,SOL,5m,vwap_mr,mean_reversion,15m,F,False,False
-10.3367,-13.6847,-0.9998,-0.9998,7672,0.6916,0.4448,0.8632,-0.001074,0.7576,0.0667,0.5611,22.9518,-0.9998,7673,-0.001074,0.008705,-10.8079,0.0,3728,3945,-0.0011901600597978338,-0.0009644105582023746,SOL,5m,vwap_mr,mean_reversion,1h,F,False,False
-4.2663,-5.6895,-0.9929,-0.9828,2162,0.7597,0.4633,0.8798,-0.001653,0.81,0.0196,0.3601,13.8637,-0.983,2251,-0.001653,0.017584,-4.4608,8.57e-06,1108,1143,-0.0019002056988005511,-0.0014139283200421957,SOL,5m,vwap_mr,mean_reversion,4h,F,False,False
-25.8307,-32.7975,-1.0,-1.0,13257,0.4895,0.3734,0.8215,-0.001056,0.682,0.1154,-1.5834,48.4432,-1.0,13266,-0.001056,0.004505,-27.0083,0.0,6600,6666,-0.001073268814504408,-0.0010398433294441962,SOL,5m,stoch_rsi,mean_reversion,15m,F,False,False
-8.2859,-10.8884,-0.9989,-0.9989,6675,0.7239,0.4323,0.9508,-0.000956,0.8742,0.0584,-0.851,43.6997,-0.9988,6716,-0.000956,0.009042,-8.6637,0.0,3348,3368,-0.0009429432442718825,-0.0009688178770555977,SOL,5m,stoch_rsi,mean_reversion,1h,F,False,False
-1.9524,-2.6186,-0.9225,-0.9104,2038,0.8816,0.4806,0.9529,-0.00077,0.921,0.0188,-0.5566,10.737,-0.865,2162,-0.00077,0.017547,-2.0414,0.04133595,1088,1074,-0.0008486275876041003,-0.0006911101733209826,SOL,5m,stoch_rsi,mean_reversion,4h,F,False,False
-35.4993,-51.9079,-1.0,-1.0,30887,0.536,0.3543,0.9766,-0.000958,0.8016,0.2691,0.7492,34.117,-1.0,30945,-0.000958,0.004538,-37.1177,0.0,15713,15232,-0.0009687640409470033,-0.0009459569451570969,SOL,5m,ema_ribbon,trend,15m,F,False,False
-9.0917,-12.6801,-0.9997,-0.9998,8777,0.7391,0.4203,1.0193,-0.0009,0.9528,0.0765,-0.2343,19.3579,-0.9997,8803,-0.0009,0.008882,-9.5061,0.0,4453,4350,-0.0009350132341900814,-0.000863895474183787,SOL,5m,ema_ribbon,trend,1h,F,False,False
-2.3526,-3.2712,-0.9526,-0.9414,2187,0.8623,0.4573,1.0232,-0.0009,0.9663,0.0204,-0.3557,11.0231,-0.9165,2344,-0.0009,0.017721,-2.4598,0.01397309,1177,1167,-0.0011019231084804407,-0.0006970368557941395,SOL,5m,ema_ribbon,trend,4h,F,False,False
-10.9742,-12.5701,-0.9898,-0.9735,2816,0.4835,0.3921,0.7496,-0.001259,0.6041,0.0247,-2.1641,42.9409,-0.9732,2836,-0.001259,0.005841,-11.4746,0.0,1468,1368,-0.0012215839813051932,-0.0012983330303750085,SOL,5m,rsi_extreme,mean_reversion,15m,F,False,False
-6.2048,-7.6797,-0.9848,-0.9574,2162,0.6543,0.4342,0.8526,-0.001374,0.7223,0.0191,-0.8848,17.0164,-0.9563,2197,-0.001374,0.009925,-6.4876,0.0,1134,1063,-0.0012871674422028439,-0.001466084802246111,SOL,5m,rsi_extreme,mean_reversion,1h,F,False,False
-2.6332,-3.8748,-0.9527,-0.8968,1208,0.8017,0.4506,0.9775,-0.001404,0.8147,0.0116,1.0317,13.2743,-0.8784,1336,-0.001404,0.018636,-2.7532,0.00598073,694,642,-0.001368187232047174,-0.0014421530989548418,SOL,5m,rsi_extreme,mean_reversion,4h,F,False,False
-25.9209,-39.2934,-1.0,-1.0,19517,0.5608,0.3679,0.9635,-0.001032,0.8202,0.1698,2.1004,54.623,-1.0,19533,-0.001032,0.005324,-27.1026,0.0,9729,9804,-0.001065260529369664,-0.0009998175116296693,SOL,5m,momentum,trend,15m,F,False,False
-9.6541,-13.542,-0.9998,-0.9999,7322,0.7032,0.4246,0.9531,-0.001152,0.8912,0.0637,0.3895,29.8139,-0.9998,7330,-0.001152,0.009767,-10.0943,0.0,3648,3682,-0.001224917036515592,-0.0010788665076229462,SOL,5m,momentum,trend,1h,F,False,False
-2.9466,-4.0037,-0.9817,-0.9501,2180,0.8267,0.4638,0.9557,-0.001187,0.9646,0.019,-0.4266,9.6273,-0.9477,2184,-0.001187,0.018004,-3.0809,0.00208956,1136,1048,-0.0014811561233231936,-0.0008679127404377728,SOL,5m,momentum,trend,4h,F,False,False
-17.5748,-28.4544,-0.9998,-0.9998,7666,0.5256,0.3387,1.0262,-0.001109,0.8215,0.0669,2.9114,54.9146,-0.9998,7688,-0.001109,0.00529,-18.376,0.0,3890,3798,-0.0012309770130108665,-0.000983403036162479,SOL,5m,range_breakout,trend,15m,F,False,False
-7.0797,-11.0453,-0.9961,-0.9929,4647,0.7243,0.4135,1.0276,-0.001017,0.928,0.0404,1.7333,31.0521,-0.9928,4651,-0.001017,0.009366,-7.4024,0.0,2351,2300,-0.0009966678060690077,-0.0010370713843009807,SOL,5m,range_breakout,trend,1h,F,False,False
-2.8025,-4.0541,-0.9755,-0.9364,1916,0.8239,0.4416,1.042,-0.001222,1.0016,0.0167,0.1479,8.588,-0.9312,1925,-0.001222,0.018292,-2.9303,0.00342616,948,977,-0.0012545809973253184,-0.0011898173806051716,SOL,5m,range_breakout,trend,4h,F,False,False
-26.7259,-36.5117,-1.0,-1.0,11678,0.4751,0.3567,0.8568,-0.001096,0.7152,0.1021,-0.1752,7.8415,-1.0,11744,-0.001096,0.00425,-27.9444,0.0,5853,5891,-0.0010715603769694028,-0.0011199981108779434,SOL,5m,macd_scalp,trend,15m,F,False,False
-9.1366,-12.901,-0.9989,-0.999,6365,0.7064,0.4295,0.9383,-0.001014,0.8504,0.0557,0.3114,9.6853,-0.9988,6403,-0.001014,0.00849,-9.5531,0.0,3195,3208,-0.0010105075598863872,-0.0010165778021024613,SOL,5m,macd_scalp,trend,1h,F,False,False
-3.054,-4.1257,-0.961,-0.9714,1986,0.8167,0.4506,0.9957,-0.001233,0.9212,0.0185,-0.4846,11.3176,-0.9483,2126,-0.001233,0.017799,-3.1932,0.00142759,1049,1077,-0.001483656820724533,-0.0009882328413743505,SOL,5m,macd_scalp,trend,4h,F,False,False
-4.5196,-5.9567,-0.9402,-0.7117,1468,0.6246,0.4215,0.8573,-0.000801,0.6579,0.0128,3.3935,128.2722,-0.7015,1471,-0.000801,0.006498,-4.7257,2.51e-06,745,726,-0.0009511608381531424,-0.0006463027767644911,SOL,5m,keltner_mr,mean_reversion,15m,F,False,False
-4.0198,-4.9612,-0.9578,-0.7919,1198,0.6946,0.451,0.8455,-0.001176,0.7602,0.011,-0.5148,14.3721,-0.7884,1266,-0.001176,0.009957,-4.2031,2.818e-05,636,630,-0.0013480952877987932,-0.001002697654014345,SOL,5m,keltner_mr,mean_reversion,1h,F,False,False
-3.0825,-4.0557,-0.9642,-0.8493,911,0.7369,0.4535,0.8881,-0.001886,0.7619,0.0079,-0.3511,3.8155,-0.8455,913,-0.001886,0.017684,-3.223,0.00131343,463,450,-0.0020711364108328407,-0.0016960090382165992,SOL,5m,keltner_mr,mean_reversion,4h,F,False,False
-15.7614,-22.6257,-0.9973,-0.9954,4676,0.4651,0.3455,0.8811,-0.00114,0.7134,0.0407,3.4642,113.2874,-0.9954,4677,-0.00114,0.00473,-16.4799,0.0,2340,2337,-0.0010946208152777046,-0.0011849726526379123,SOL,5m,dual_ema_adx,trend,15m,F,False,False
-5.9589,-8.0081,-0.9869,-0.9716,3295,0.7122,0.4371,0.917,-0.001012,0.829,0.0287,0.5828,62.7318,-0.9694,3301,-0.001012,0.009336,-6.2306,0.0,1658,1643,-0.0009622694344458236,-0.0010630258831931746,SOL,5m,dual_ema_adx,trend,1h,F,False,False
-2.7598,-3.9102,-0.963,-0.9051,1664,0.8145,0.4607,0.9536,-0.001203,0.9292,0.0145,0.6582,13.3595,-0.894,1665,-0.001203,0.017011,-2.8856,0.00395663,837,828,-0.0013375810746472554,-0.001066992284666418,SOL,5m,dual_ema_adx,trend,4h,F,False,False
-9.2347,-14.9693,-0.9901,-0.9755,3356,0.5874,0.3462,1.1092,-0.001077,0.8898,0.0292,3.1362,53.7218,-0.9751,3362,-0.001077,0.006467,-9.6557,0.0,1588,1774,-0.0011461102172753827,-0.0010151415418397682,SOL,5m,vol_spike_brk,trend,15m,F,False,False
-5.287,-8.3887,-0.9866,-0.9528,2537,0.7164,0.4061,1.0476,-0.001155,0.9174,0.0221,2.1808,35.4816,-0.9539,2541,-0.001155,0.010533,-5.528,4e-08,1218,1323,-0.0010837488382363686,-0.0012207253767172169,SOL,5m,vol_spike_brk,trend,1h,F,False,False
-2.8151,-3.7017,-0.9731,-0.9316,1459,0.7939,0.4292,1.056,-0.001563,1.0133,0.0127,-0.801,15.8828,-0.9251,1461,-0.001563,0.020293,-2.9434,0.00329714,685,776,-0.0012938786284184443,-0.0017999443977660104,SOL,5m,vol_spike_brk,trend,4h,F,False,False
-12.8409,-16.3588,-0.9914,-0.982,3789,0.5042,0.3893,0.7909,-0.001036,0.6188,0.033,-0.2178,25.3507,-0.9812,3791,-0.001036,0.004752,-13.4263,0.0,1777,2014,-0.0011097994151284887,-0.000971176947417086,SOL,5m,stoch_cross,mean_reversion,15m,F,False,False
-6.7856,-9.196,-0.9832,-0.9756,2803,0.6758,0.425,0.9144,-0.001172,0.8182,0.0251,0.1347,8.2714,-0.9697,2885,-0.001172,0.008874,-7.095,0.0,1362,1523,-0.001120772576767228,-0.0012182412604902506,SOL,5m,stoch_cross,mean_reversion,1h,F,False,False
-1.3594,-2.1796,-0.8818,-0.7599,1506,0.8987,0.4492,1.1018,-0.000649,1.0339,0.0131,1.2144,11.6782,-0.7025,1507,-0.000649,0.017725,-1.4214,0.15541297,744,763,-0.00036018201777358796,-0.0009305837464413337,SOL,5m,stoch_cross,mean_reversion,4h,F,False,False
-48.0972,-62.4704,-1.0,-1.0,24857,0.3609,0.3033,0.829,-0.001,0.5646,0.2162,1.2604,126.7693,-1.0,24867,-0.001,0.003136,-50.2896,0.0,11338,13529,-0.001000765858746357,-0.0009993779859749565,BNB,5m,vwap_mr,mean_reversion,15m,F,False,False
-14.2764,-17.8871,-0.9997,-0.9997,7867,0.5976,0.4044,0.8802,-0.000996,0.7838,0.0684,-0.7681,12.3897,-0.9997,7871,-0.000996,0.005921,-14.9271,0.0,3638,4233,-0.0009960208659560209,-0.0009963392071988863,BNB,5m,vwap_mr,mean_reversion,1h,F,False,False
-4.6954,-6.302,-0.9806,-0.9477,2242,0.7321,0.4336,0.9564,-0.001209,0.8727,0.0197,0.2292,11.4154,-0.9448,2265,-0.001209,0.011725,-4.9094,9.8e-07,1032,1233,-0.0011632491311681563,-0.0012481283249544664,BNB,5m,vwap_mr,mean_reversion,4h,F,False,False
-36.2764,-47.0841,-1.0,-1.0,13355,0.3623,0.3005,0.8434,-0.000988,0.5884,0.1162,-0.3493,24.3984,-1.0,13360,-0.000988,0.003011,-37.9299,0.0,6617,6743,-0.0009894918505883408,-0.0009864134030027013,BNB,5m,stoch_rsi,mean_reversion,15m,F,False,False
-13.0999,-17.5404,-0.999,-0.9988,6748,0.6029,0.3928,0.9319,-0.000974,0.7644,0.0587,0.1163,10.473,-0.9988,6751,-0.000974,0.00584,-13.697,0.0,3341,3410,-0.000960365115041045,-0.0009866010043879274,BNB,5m,stoch_rsi,mean_reversion,1h,F,False,False
-3.3676,-4.5418,-0.9654,-0.8757,2165,0.7984,0.4398,1.0171,-0.000874,0.9339,0.0188,-0.1955,7.3276,-0.8701,2167,-0.000874,0.01156,-3.5211,0.00043859,1068,1099,-0.0008341256867940916,-0.0009135645689858637,BNB,5m,stoch_rsi,mean_reversion,4h,F,False,False
-51.9761,-73.3998,-1.0,-1.0,30894,0.3798,0.2819,0.9675,-0.000984,0.6791,0.2692,0.8169,164.5234,-1.0,30955,-0.000984,0.003186,-54.3452,0.0,16466,14489,-0.000980880353392406,-0.0009875222343360094,BNB,5m,ema_ribbon,trend,15m,F,False,False
-15.5008,-22.8156,-0.9998,-0.9999,8782,0.5943,0.3719,1.0038,-0.001003,0.8025,0.0766,1.0073,17.3018,-0.9999,8806,-0.001003,0.005805,-16.2074,0.0,4664,4142,-0.0009871896411057528,-0.0010198670769594814,BNB,5m,ema_ribbon,trend,1h,F,False,False
-3.7119,-5.4915,-0.9564,-0.9199,2286,0.7899,0.4433,0.9919,-0.000921,0.9262,0.0204,0.5369,6.3145,-0.9013,2346,-0.000921,0.011491,-3.8811,0.00010687,1247,1099,-0.0008055346481879479,-0.0010515431078026325,BNB,5m,ema_ribbon,trend,4h,F,False,False
-15.6105,-19.1652,-0.9873,-0.9636,3020,0.3751,0.3227,0.7871,-0.001087,0.5748,0.0263,-0.5827,35.6118,-0.9633,3021,-0.001087,0.003659,-16.3221,0.0,1493,1528,-0.0011025483282131332,-0.0010711943801379178,BNB,5m,rsi_extreme,mean_reversion,15m,F,False,False
-8.3703,-10.1076,-0.9813,-0.9438,2341,0.5644,0.4095,0.814,-0.001194,0.7043,0.0204,-0.4452,12.4981,-0.9421,2342,-0.001194,0.006601,-8.7518,0.0,1166,1176,-0.0010372547982007714,-0.0013490495567333727,BNB,5m,rsi_extreme,mean_reversion,1h,F,False,False
-3.957,-4.8935,-0.9643,-0.8524,1335,0.7189,0.4483,0.8848,-0.001287,0.7892,0.0121,-0.7326,5.6226,-0.8485,1392,-0.001287,0.011606,-4.1374,3.724e-05,703,689,-0.001039390493167243,-0.0015396785613515254,BNB,5m,rsi_extreme,mean_reversion,4h,F,False,False
-21.5876,-31.3478,-1.0,-1.0,10964,0.5251,0.351,0.9711,-0.000944,0.8056,0.0954,0.6394,35.8201,-1.0,10973,-0.000944,0.00438,-22.5715,0.0,5445,5528,-0.0009372437564739968,-0.0009504093768695754,BNB,5m,momentum,trend,15m,F,False,False
-6.5681,-10.4309,-0.9885,-0.9784,4889,0.7421,0.4087,1.0738,-0.000733,0.9541,0.0427,2.4585,51.3309,-0.9762,4911,-0.000733,0.007479,-6.8675,0.0,2458,2453,-0.0006800633621821016,-0.0007859396922919728,BNB,5m,momentum,trend,1h,F,False,False
-2.983,-3.9505,-0.9677,-0.8436,1755,0.8019,0.4527,0.9693,-0.000969,0.9561,0.0153,-0.4781,9.408,-0.8431,1756,-0.000969,0.013021,-3.119,0.00184415,893,863,-0.0009047188812955925,-0.0010357837323752225,BNB,5m,momentum,trend,4h,F,False,False
-22.1759,-35.2299,-0.9996,-0.9996,8113,0.4315,0.2894,1.0596,-0.000959,0.7305,0.0706,5.7768,178.3983,-0.9996,8114,-0.000959,0.003726,-23.1867,0.0,4252,3862,-0.0009692343331732472,-0.0009479091270650336,BNB,5m,range_breakout,trend,15m,F,False,False
-10.0641,-14.3848,-0.9939,-0.9899,4705,0.6273,0.3754,1.0437,-0.000937,0.8679,0.041,0.3974,13.8148,-0.989,4720,-0.000937,0.006116,-10.5228,0.0,2491,2229,-0.0008459691879193514,-0.0010383174332555224,BNB,5m,range_breakout,trend,1h,F,False,False
-4.0155,-5.7232,-0.9704,-0.9094,1888,0.7515,0.4355,0.9741,-0.001141,0.8364,0.0168,0.324,7.1037,-0.9038,1931,-0.001141,0.011938,-4.1985,2.809e-05,1012,919,-0.000983191536483085,-0.001313980527803369,BNB,5m,range_breakout,trend,4h,F,False,False
-36.0051,-48.4412,-1.0,-1.0,11561,0.3543,0.2912,0.8624,-0.000995,0.6147,0.1005,-0.1211,9.9421,-1.0,11563,-0.000995,0.002843,-37.6462,0.0,5798,5765,-0.0010054415068115406,-0.0009851622006536382,BNB,5m,macd_scalp,trend,15m,F,False,False
-12.4635,-18.0017,-0.9988,-0.9985,6387,0.5976,0.3861,0.9501,-0.000988,0.774,0.0556,3.117,87.45,-0.9984,6394,-0.000988,0.006062,-13.0316,0.0,3174,3220,-0.0009620131010975654,-0.0010133756602987948,BNB,5m,macd_scalp,trend,1h,F,False,False
-5.1382,-6.9638,-0.982,-0.9525,2122,0.7049,0.4305,0.9325,-0.001343,0.8676,0.0185,0.1391,6.6043,-0.95,2123,-0.001343,0.011522,-5.3724,9e-08,1074,1049,-0.0012319538472958672,-0.0014576421134054264,BNB,5m,macd_scalp,trend,4h,F,False,False
-12.7879,-16.9342,-0.9744,-0.8918,2059,0.3769,0.3118,0.8318,-0.00107,0.536,0.0179,1.279,31.3537,-0.8916,2062,-0.00107,0.003635,-13.3708,0.0,966,1096,-0.0009789018851946614,-0.0011510846622110335,BNB,5m,keltner_mr,mean_reversion,15m,F,False,False
-7.3048,-9.194,-0.9686,-0.8689,1651,0.5476,0.405,0.8046,-0.001199,0.6902,0.0144,0.2441,15.7987,-0.8666,1652,-0.001199,0.006378,-7.6377,0.0,785,867,-0.0010498586537237191,-0.0013330856674746865,BNB,5m,keltner_mr,mean_reversion,1h,F,False,False
-3.187,-4.0237,-0.9569,-0.7438,1097,0.7381,0.4545,0.886,-0.00117,0.8063,0.0095,-0.3081,5.9991,-0.7433,1098,-0.00117,0.011632,-3.3322,0.00089021,510,588,-0.0010427495308900075,-0.00127989913457962,BNB,5m,keltner_mr,mean_reversion,4h,F,False,False
-25.334,-35.3215,-0.9965,-0.9939,4779,0.3293,0.2735,0.8745,-0.001058,0.5962,0.0416,0.2931,7.2632,-0.9938,4782,-0.001058,0.002762,-26.4887,0.0,2422,2360,-0.0010354007889045135,-0.001081089388262843,BNB,5m,dual_ema_adx,trend,15m,F,False,False
-7.9443,-11.416,-0.9806,-0.9366,3386,0.6581,0.3995,0.9893,-0.000792,0.828,0.0295,0.1922,6.2774,-0.9355,3392,-0.000792,0.005555,-8.3064,0.0,1711,1681,-0.0007745724419504018,-0.0008101663576525469,BNB,5m,dual_ema_adx,trend,1h,F,False,False
-3.7912,-4.9738,-0.9508,-0.8746,1601,0.7516,0.4533,0.9064,-0.001094,0.8846,0.0146,-0.2871,5.9956,-0.8574,1681,-0.001094,0.011311,-3.9641,7.678e-05,855,826,-0.0011898486771032607,-0.0009940153816692398,BNB,5m,dual_ema_adx,trend,4h,F,False,False
-11.0868,-18.6612,-0.9865,-0.9592,3359,0.5065,0.3054,1.1523,-0.000939,0.8082,0.0292,6.6567,166.8985,-0.959,3360,-0.000939,0.004698,-11.5922,0.0,1666,1694,-0.0009506574850399285,-0.0009284948007588998,BNB,5m,vol_spike_brk,trend,15m,F,False,False
-7.0197,-10.7787,-0.9777,-0.9242,2541,0.6471,0.3602,1.1495,-0.000981,0.885,0.0221,0.9112,11.7266,-0.9225,2546,-0.000981,0.006745,-7.3397,0.0,1264,1282,-0.0007051238379198922,-0.001253400525223879,BNB,5m,vol_spike_brk,trend,1h,F,False,False
-3.2784,-5.0308,-0.952,-0.8375,1419,0.7677,0.424,1.0431,-0.001123,0.9984,0.0126,0.7122,5.6615,-0.8253,1453,-0.001123,0.012483,-3.4279,0.00062533,696,757,-0.0007556588054104383,-0.0014599048992818158,BNB,5m,vol_spike_brk,trend,4h,F,False,False
-19.761,-26.2211,-0.9948,-0.9903,4649,0.3746,0.3024,0.8642,-0.000983,0.5725,0.0405,0.9556,28.998,-0.99,4653,-0.000983,0.003246,-20.6617,0.0,2037,2616,-0.0009134606802738611,-0.0010374775537790723,BNB,5m,stoch_cross,mean_reversion,15m,F,False,False
-9.5204,-12.0964,-0.9881,-0.9734,3408,0.5881,0.3915,0.9141,-0.001028,0.7285,0.0297,-0.2417,12.1302,-0.9719,3410,-0.001028,0.006033,-9.9543,0.0,1506,1904,-0.000908319451177447,-0.0011233701558493792,BNB,5m,stoch_cross,mean_reversion,1h,F,False,False
-3.2521,-4.1764,-0.9491,-0.8231,1615,0.7801,0.4516,0.9472,-0.000947,0.8303,0.0143,-0.4459,5.7656,-0.8101,1643,-0.000947,0.011286,-3.4004,0.00068911,721,922,-0.0007253738009890257,-0.0011199373888691572,BNB,5m,stoch_cross,mean_reversion,4h,F,False,False
-22.5631,-23.6562,-1.0,-1.0,23086,0.5699,0.4095,0.822,-0.000945,0.698,0.2008,-17.6404,1160.6788,-1.0,23096,-0.000945,0.006088,-23.5913,0.0,11538,11558,-0.0009594998671512891,-0.0009307232381465369,ADA,5m,vwap_mr,mean_reversion,15m,F,False,False
-6.1908,-8.8021,-0.9988,-0.9992,7039,0.7728,0.4637,0.8936,-0.000839,0.8048,0.0657,10.0613,490.6116,-0.9989,7554,-0.000839,0.011261,-6.4729,0.0,3792,3762,-0.000889372764771621,-0.0007875238385046711,ADA,5m,vwap_mr,mean_reversion,1h,F,False,False
-1.6564,-2.4399,-0.9172,-0.9499,2048,0.8878,0.4819,0.9545,-0.000783,0.8969,0.0194,4.2846,105.6394,-0.8936,2235,-0.000783,0.021376,-1.7318,0.0834394,1141,1094,-0.0008592054509891243,-0.0007036847661057317,ADA,5m,vwap_mr,mean_reversion,4h,F,False,False
-17.912,-18.6994,-1.0,-1.0,13240,0.5369,0.3877,0.848,-0.001024,0.7417,0.1152,-22.2335,1535.2914,-1.0,13246,-0.001024,0.006296,-18.7282,0.0,6632,6614,-0.0010500972573827215,-0.0009987106815596235,ADA,5m,stoch_rsi,mean_reversion,15m,F,False,False
-5.4626,-6.3532,-0.9983,-0.9983,6714,0.7742,0.4482,0.9531,-0.00084,0.8881,0.0586,-5.6211,526.6154,-0.998,6742,-0.00084,0.012072,-5.7115,1e-08,3381,3361,-0.0009164358370192795,-0.0007624893267414055,ADA,5m,stoch_rsi,mean_reversion,1h,F,False,False
-0.775,-1.313,-0.7683,-0.8808,2012,0.9449,0.4773,1.0347,-0.000365,0.9423,0.0188,5.7717,124.6211,-0.7091,2162,-0.000365,0.020937,-0.8104,0.41782517,1067,1095,-0.0006074848172199501,-0.00012851028256599662,ADA,5m,stoch_rsi,mean_reversion,4h,F,False,False
-30.4237,-42.7604,-1.0,-1.0,30938,0.5354,0.3608,0.9486,-0.001071,0.795,0.2696,8.183,997.938,-1.0,31008,-0.001071,0.00593,-31.81,0.0,15205,15803,-0.001072823529373687,-0.001069542180476567,ADA,5m,ema_ribbon,trend,15m,F,False,False
-9.3084,-11.7151,-0.9999,-1.0,8827,0.715,0.4102,1.0282,-0.001091,0.9433,0.0768,-5.4411,271.7663,-1.0,8828,-0.001091,0.010532,-9.7326,0.0,4331,4497,-0.0011514367623086403,-0.0010327472209610588,ADA,5m,ema_ribbon,trend,1h,F,False,False
-2.93,-3.2137,-0.9896,-0.9865,2300,0.8053,0.4563,0.9595,-0.001436,0.9397,0.0204,-6.2888,179.9724,-0.9832,2347,-0.001436,0.022703,-3.0636,0.00221208,1152,1195,-0.0016541868068355536,-0.0012250388732788216,ADA,5m,ema_ribbon,trend,4h,F,False,False
-5.563,-7.7732,-0.9795,-0.9314,2776,0.6239,0.4163,0.8749,-0.000924,0.6985,0.0241,10.3623,482.9568,-0.93,2777,-0.000924,0.00837,-5.8165,1e-08,1424,1353,-0.0007373879033201971,-0.0011200070796766695,ADA,5m,rsi_extreme,mean_reversion,15m,F,False,False
-2.8717,-3.1509,-0.953,-0.8946,2126,0.7836,0.4658,0.8985,-0.00087,0.7915,0.0188,-3.7165,205.4274,-0.8767,2166,-0.00087,0.013483,-3.0025,0.00270813,1107,1059,-0.0005158887786039468,-0.001239907980034342,ADA,5m,rsi_extreme,mean_reversion,1h,F,False,False
-1.2702,-1.3835,-0.867,-0.8126,1249,0.8893,0.5072,0.864,-0.000774,0.9292,0.0115,-3.143,48.7824,-0.7363,1317,-0.000774,0.021158,-1.328,0.18439521,689,628,-0.0005075796015757853,-0.0010668979256295368,ADA,5m,rsi_extreme,mean_reversion,4h,F,False,False
-21.8269,-31.1706,-1.0,-1.0,21471,0.5724,0.377,0.946,-0.001085,0.8212,0.1868,9.9014,834.018,-1.0,21479,-0.001085,0.006969,-22.8215,0.0,10647,10832,-0.0010789732162003918,-0.001091179963374312,ADA,5m,momentum,trend,15m,F,False,False
-8.4576,-9.6198,-0.9999,-0.9999,7710,0.7119,0.4198,0.984,-0.00118,0.9222,0.0672,-11.1588,549.8957,-0.9999,7728,-0.00118,0.01173,-8.843,0.0,3807,3921,-0.001224598286367368,-0.0011365323526845823,ADA,5m,momentum,trend,1h,F,False,False
-3.947,-3.7902,-0.998,-0.9981,2237,0.7184,0.4518,0.8715,-0.002269,0.8901,0.0195,-9.3475,203.3031,-0.9977,2242,-0.002269,0.026029,-4.1268,3.812e-05,1112,1130,-0.00239451786223667,-0.002144717685654438,ADA,5m,momentum,trend,4h,F,False,False
-13.1595,-18.0327,-0.9998,-0.9999,7360,0.5479,0.3546,0.9974,-0.001186,0.8205,0.0642,2.6849,484.8702,-0.9999,7378,-0.001186,0.007405,-13.7591,0.0,3618,3760,-0.0012194965142968374,-0.0011540418234183376,ADA,5m,range_breakout,trend,15m,F,False,False
-6.5226,-7.0313,-0.9986,-0.9986,4503,0.6846,0.401,1.0227,-0.001318,0.9762,0.0393,-14.1087,625.8262,-0.9984,4514,-0.001318,0.01298,-6.8198,0.0,2206,2308,-0.0012477938028173997,-0.0013841505914218182,ADA,5m,range_breakout,trend,1h,F,False,False
-2.7231,-3.3449,-0.9748,-0.9646,1897,0.8129,0.4519,0.9861,-0.001383,1.0037,0.0165,-2.4694,63.1915,-0.9541,1901,-0.001383,0.021177,-2.8472,0.00445776,927,974,-0.0015125970280251274,-0.001259527108758076,ADA,5m,range_breakout,trend,4h,F,False,False
-21.9377,-31.1333,-1.0,-1.0,11691,0.5399,0.3767,0.8934,-0.001005,0.7366,0.1018,0.3278,10.2176,-1.0,11712,-0.001005,0.004743,-22.9374,0.0,5871,5841,-0.001022731685949154,-0.0009877719457732355,ADA,5m,macd_scalp,trend,15m,F,False,False
-6.3927,-10.6979,-0.9979,-0.9981,6309,0.7578,0.4411,0.9602,-0.000886,0.8541,0.0559,9.7284,350.5096,-0.9976,6432,-0.000886,0.010637,-6.684,0.0,3265,3167,-0.0009503043111931885,-0.0008207074162884326,ADA,5m,macd_scalp,trend,1h,F,False,False
-1.8455,-3.1372,-0.9256,-0.9685,1947,0.8646,0.4547,1.037,-0.000936,0.9428,0.0185,8.719,227.1817,-0.9161,2129,-0.000936,0.022375,-1.9296,0.05378606,1052,1077,-0.0011890908729806323,-0.0006882230189260495,ADA,5m,macd_scalp,trend,4h,F,False,False
-2.7644,-2.2345,-0.9709,-0.8742,1342,0.5607,0.4472,0.6931,-0.001318,0.6564,0.0118,-23.6198,749.7539,-0.8732,1355,-0.001318,0.016788,-2.8904,0.00390892,682,673,-0.0014163481040992505,-0.001218711824965477,ADA,5m,keltner_mr,mean_reversion,15m,F,False,False
-2.3145,-2.1076,-0.9183,-0.7714,1160,0.7666,0.5013,0.7627,-0.001031,0.7352,0.0102,-7.7484,130.8703,-0.7401,1173,-0.001031,0.014599,-2.4199,0.01567504,600,573,-0.0011011754243596325,-0.000958541130213337,ADA,5m,keltner_mr,mean_reversion,1h,F,False,False
-1.5223,-1.7641,-0.8078,-0.8033,815,0.8478,0.4832,0.9067,-0.001107,0.8498,0.0075,-1.786,18.7243,-0.6815,865,-0.001107,0.020448,-1.5917,0.11182115,443,422,-0.0013132915871706691,-0.0008896279639929747,ADA,5m,keltner_mr,mean_reversion,4h,F,False,False
-11.1323,-18.8138,-0.9966,-0.9937,4530,0.5214,0.3611,0.9226,-0.0011,0.7377,0.0394,15.9777,693.2859,-0.9937,4531,-0.0011,0.006362,-11.6396,0.0,2306,2225,-0.001035657327639098,-0.0011668800277349083,ADA,5m,dual_ema_adx,trend,15m,F,False,False
-4.1387,-4.3394,-0.9932,-0.9877,3217,0.6974,0.4363,0.9009,-0.001196,0.8021,0.028,-7.4037,696.1241,-0.9869,3220,-0.001196,0.015687,-4.3273,1.555e-05,1668,1552,-0.0013110758207828205,-0.0010728310629859762,ADA,5m,dual_ema_adx,trend,1h,F,False,False
-1.5415,-2.4494,-0.9445,-0.863,1647,0.8714,0.4628,1.0115,-0.000885,0.938,0.0144,6.9269,169.6121,-0.842,1653,-0.000885,0.022316,-1.6117,0.10721718,867,786,-0.0010950472676391396,-0.0006525413645512488,ADA,5m,dual_ema_adx,trend,4h,F,False,False
-6.3642,-13.4673,-0.9903,-0.9796,3384,0.6218,0.3556,1.1269,-0.00109,0.8364,0.0295,14.6131,412.9493,-0.9785,3389,-0.00109,0.009534,-6.6542,0.0,1529,1860,-0.0011351606404235105,-0.0010523834090358983,ADA,5m,vol_spike_brk,trend,15m,F,False,False
-3.4311,-7.0471,-0.9727,-0.9529,2398,0.7654,0.3951,1.1717,-0.001014,1.0207,0.0224,12.5075,359.7474,-0.9427,2579,-0.001014,0.014357,-3.5875,0.00034009,1164,1415,-0.0005837328198801486,-0.0013683673065393582,ADA,5m,vol_spike_brk,trend,1h,F,False,False
-2.0524,-2.2012,-0.9874,-0.9253,1464,0.8178,0.4277,1.0942,-0.001422,0.9961,0.0127,-7.8021,192.8791,-0.9313,1466,-0.001422,0.025372,-2.146,0.0320396,676,790,-0.0013994940760294317,-0.0014413704998219275,ADA,5m,vol_spike_brk,trend,4h,F,False,False
-11.5007,-13.8426,-0.9922,-0.9826,3939,0.5533,0.4065,0.8077,-0.001007,0.6877,0.0343,-1.2094,15.4384,-0.9822,3943,-0.001007,0.005259,-12.0248,0.0,1931,2012,-0.0010059207913509483,-0.0010081156175196628,ADA,5m,stoch_cross,mean_reversion,15m,F,False,False
-4.3348,-6.8157,-0.9799,-0.9624,2864,0.7461,0.4631,0.8648,-0.000984,0.7461,0.0259,10.7905,356.679,-0.9564,2984,-0.000984,0.011857,-4.5324,6.06e-06,1482,1502,-0.001007338405860932,-0.0009604651224753091,ADA,5m,stoch_cross,mean_reversion,1h,F,False,False
-3.1313,-3.1622,-0.9839,-0.973,1534,0.7435,0.4664,0.8504,-0.001921,0.8247,0.0133,-8.2143,200.3515,-0.9682,1535,-0.001921,0.02299,-3.274,0.00108415,754,781,-0.0020135736670085923,-0.0018319011183949177,ADA,5m,stoch_cross,mean_reversion,4h,F,False,False
-29.1359,-38.8968,-1.0,-1.0,22747,0.5558,0.4034,0.822,-0.00098,0.6922,0.1979,0.1996,16.3249,-1.0,22755,-0.00098,0.004854,-30.4639,0.0,11629,11126,-0.0009720755326058355,-0.0009886998526881761,AVAX,5m,vwap_mr,mean_reversion,15m,F,False,False
-8.8203,-11.2158,-0.9996,-0.9997,7435,0.7321,0.4603,0.8584,-0.001018,0.8134,0.0647,-0.851,15.6027,-0.9996,7439,-0.001018,0.009522,-9.2223,0.0,3791,3648,-0.0010944624979142162,-0.0009389502451423845,AVAX,5m,vwap_mr,mean_reversion,1h,F,False,False
-2.0709,-2.6225,-0.9673,-0.9212,1676,0.8748,0.4897,0.9118,-0.000895,0.9419,0.0194,-0.8818,10.8849,-0.9114,2226,-0.000895,0.019506,-2.1653,0.03047393,1126,1100,-0.001107638136393421,-0.0006777025982553358,AVAX,5m,vwap_mr,mean_reversion,4h,F,False,False
-16.7881,-16.1464,-1.0,-1.0,12869,0.5333,0.3868,0.8455,-0.001042,0.7239,0.112,-41.7765,3405.5178,-1.0,12884,-0.001042,0.006739,-17.5533,0.0,6407,6477,-0.001074713037505387,-0.0010100597278534993,AVAX,5m,stoch_rsi,mean_reversion,15m,F,False,False
-5.4346,-9.5324,-0.9975,-0.9974,6629,0.7803,0.4354,1.0119,-0.000809,0.8878,0.0579,17.7523,869.6769,-0.9969,6654,-0.000809,0.011611,-5.6823,1e-08,3304,3350,-0.0008470353331935826,-0.0007711831279090951,AVAX,5m,stoch_rsi,mean_reversion,1h,F,False,False
-2.8115,-4.0062,-0.9543,-0.9734,1949,0.8345,0.4663,0.9551,-0.001173,0.8807,0.0187,0.6663,13.2333,-0.9445,2151,-0.001173,0.018503,-2.9397,0.00332066,1032,1119,-0.001549246450390494,-0.000825617790180119,AVAX,5m,stoch_rsi,mean_reversion,4h,F,False,False
-33.4317,-49.6769,-1.0,-1.0,30838,0.5429,0.3636,0.9502,-0.001015,0.8104,0.2689,6.4308,473.8705,-1.0,30923,-0.001015,0.005109,-34.9556,0.0,15065,15858,-0.00102340266142374,-0.0010079808645167714,AVAX,5m,ema_ribbon,trend,15m,F,False,False
-9.9498,-14.7051,-0.9999,-0.9999,8803,0.7232,0.4161,1.015,-0.001048,0.9204,0.0766,0.7231,15.7236,-0.9999,8804,-0.001048,0.00945,-10.4033,0.0,4292,4512,-0.001102324619475502,-0.0009957871223449397,AVAX,5m,ema_ribbon,trend,1h,F,False,False
-3.4489,-4.9439,-0.9837,-0.9832,2290,0.8081,0.4506,0.9851,-0.001409,0.9296,0.0204,0.1889,6.1723,-0.9762,2350,-0.001409,0.018944,-3.6061,0.00031734,1169,1181,-0.0016637643624786715,-0.0011572949363093193,AVAX,5m,ema_ribbon,trend,4h,F,False,False
-5.9316,-4.9484,-0.9953,-0.9907,2866,0.467,0.3911,0.7272,-0.001504,0.6484,0.0249,-30.9371,1216.1203,-0.9906,2869,-0.001504,0.012987,-6.2019,0.0,1493,1376,-0.0017724304107582646,-0.0012121642858530567,AVAX,5m,rsi_extreme,mean_reversion,15m,F,False,False
-4.7925,-5.594,-0.9768,-0.9408,2188,0.7231,0.4533,0.872,-0.00117,0.7521,0.0194,-2.2263,32.2103,-0.9359,2228,-0.00117,0.011025,-5.011,5.8e-07,1156,1072,-0.0012508291550927834,-0.0010836135056782573,AVAX,5m,rsi_extreme,mean_reversion,1h,F,False,False
-2.6523,-3.3406,-0.9563,-0.9067,1254,0.8059,0.4728,0.8988,-0.001477,0.8207,0.0115,-0.8759,6.0623,-0.8898,1322,-0.001477,0.019366,-2.7732,0.00562921,694,628,-0.0016162198315466804,-0.0013232324797190977,AVAX,5m,rsi_extreme,mean_reversion,4h,F,False,False
-25.4378,-36.8509,-1.0,-1.0,21397,0.5842,0.3824,0.9435,-0.001007,0.826,0.1871,0.5828,114.6583,-1.0,21516,-0.001007,0.005551,-26.5972,0.0,10606,10910,-0.0010383576306197773,-0.0009755568633879261,AVAX,5m,momentum,trend,15m,F,False,False
-7.4731,-11.2563,-0.9993,-0.9993,7675,0.7747,0.4311,1.0222,-0.000882,0.9405,0.0668,0.7542,14.9853,-0.9992,7680,-0.000882,0.009889,-7.8138,0.0,3750,3930,-0.0008509291008339363,-0.0009110906187295426,AVAX,5m,momentum,trend,1h,F,False,False
-2.1074,-3.0699,-0.9558,-0.9244,2040,0.876,0.4694,0.9902,-0.000881,0.9365,0.0193,0.3183,5.6446,-0.9047,2222,-0.000881,0.018837,-2.2035,0.02766258,1075,1147,-0.0010435704465425616,-0.0007277497960844837,AVAX,5m,momentum,trend,4h,F,False,False
-12.2489,-20.7138,-0.9988,-0.9986,6828,0.6218,0.3723,1.0484,-0.000929,0.9121,0.0596,4.9089,135.3249,-0.9985,6855,-0.000929,0.006005,-12.8072,0.0,3324,3531,-0.0009481986003038437,-0.0009108599584314154,AVAX,5m,range_breakout,trend,15m,F,False,False
-5.1778,-8.3746,-0.9893,-0.9809,4250,0.7889,0.4252,1.0665,-0.00085,0.9659,0.0371,0.9483,10.255,-0.9787,4264,-0.00085,0.010255,-5.4138,7e-08,2083,2181,-0.000880668288700045,-0.0008211859922611506,AVAX,5m,range_breakout,trend,1h,F,False,False
-1.1665,-1.8967,-0.9094,-0.7831,1839,0.9218,0.4569,1.0959,-0.000552,1.0325,0.016,0.9815,10.7586,-0.7436,1843,-0.000552,0.019419,-1.2196,0.22275545,923,920,-0.001235778610678313,0.00013461457907720773,AVAX,5m,range_breakout,trend,4h,F,False,False
-23.168,-32.6574,-1.0,-1.0,11628,0.5275,0.3699,0.8987,-0.001021,0.7297,0.1017,0.1233,9.2943,-1.0,11691,-0.001021,0.004559,-24.224,0.0,5856,5835,-0.001096807782814995,-0.0009455841736494269,AVAX,5m,macd_scalp,trend,15m,F,False,False
-7.2621,-10.8251,-0.9977,-0.9976,6312,0.7602,0.4339,0.9918,-0.000869,0.8818,0.056,1.0454,18.0631,-0.9972,6437,-0.000869,0.009185,-7.5931,0.0,3251,3186,-0.0009368025907142449,-0.0008003814223299033,AVAX,5m,macd_scalp,trend,1h,F,False,False
-0.6397,-0.966,-0.8634,-0.6656,1692,0.9592,0.48,1.0392,-0.000269,1.0278,0.0185,0.6077,8.5053,-0.6073,2123,-0.000269,0.018547,-0.6688,0.50367526,1095,1028,-0.0006479911996755516,0.0001342267842671179,AVAX,5m,macd_scalp,trend,4h,F,False,False
-3.5616,-2.9146,-0.9761,-0.9183,1158,0.4438,0.3969,0.6743,-0.001893,0.6433,0.0101,-27.067,852.1764,-0.9161,1164,-0.001893,0.017347,-3.7239,0.00020556,551,613,-0.0026086226179730452,-0.001250509498309131,AVAX,5m,keltner_mr,mean_reversion,15m,F,False,False
-3.5254,-3.9794,-0.947,-0.7917,977,0.6909,0.449,0.8478,-0.001448,0.8168,0.0086,-2.8866,40.8004,-0.7801,991,-0.001448,0.01237,-3.6861,0.00024008,470,521,-0.0020122467963028224,-0.0009397551276572059,AVAX,5m,keltner_mr,mean_reversion,1h,F,False,False
-2.7095,-3.4778,-0.9662,-0.8197,733,0.7451,0.47,0.8401,-0.002126,0.7834,0.0064,-0.753,6.2665,-0.8203,734,-0.002126,0.020333,-2.833,0.00473773,348,386,-0.00332601908968071,-0.0010445684668848646,AVAX,5m,keltner_mr,mean_reversion,4h,F,False,False
-15.6538,-22.1883,-0.9973,-0.9953,4737,0.5,0.3504,0.927,-0.001121,0.7432,0.0412,0.1235,13.3264,-0.9953,4738,-0.001121,0.004715,-16.3673,0.0,2426,2312,-0.0011856349352845502,-0.0010534990660486764,AVAX,5m,dual_ema_adx,trend,15m,F,False,False
-5.7045,-8.2024,-0.984,-0.9639,3271,0.7432,0.4376,0.9553,-0.000932,0.8676,0.029,0.264,5.9761,-0.961,3332,-0.000932,0.009022,-5.9645,0.0,1744,1588,-0.0011230198230898706,-0.0007226882935631547,AVAX,5m,dual_ema_adx,trend,1h,F,False,False
-2.8407,-3.7187,-0.9743,-0.9295,1660,0.8082,0.4618,0.9419,-0.001371,0.934,0.0145,-0.8011,13.6041,-0.9242,1663,-0.001371,0.018817,-2.9702,0.00301868,870,793,-0.0016260911306763275,-0.0010902023598853621,AVAX,5m,dual_ema_adx,trend,4h,F,False,False
-6.6339,-11.4728,-0.9815,-0.9456,3251,0.6693,0.3784,1.0996,-0.000859,0.9479,0.0283,6.0859,147.0098,-0.9437,3256,-0.000859,0.007066,-6.9363,0.0,1550,1706,-0.0008718054525688025,-0.0008471772938315344,AVAX,5m,vol_spike_brk,trend,15m,F,False,False
-3.2099,-5.3432,-0.9726,-0.8601,2463,0.8202,0.4191,1.1367,-0.000742,0.9963,0.0215,1.3218,11.6099,-0.8619,2467,-0.000742,0.010988,-3.3562,0.00080213,1171,1296,-0.0007259845499666712,-0.0007573477658567203,AVAX,5m,vol_spike_brk,trend,1h,F,False,False
-1.0557,-1.5029,-0.878,-0.7229,1420,0.9189,0.4803,0.9941,-0.000578,1.0578,0.0124,0.1503,5.9918,-0.6674,1424,-0.000578,0.019753,-1.1038,0.26984891,673,751,-0.0007640057019848693,-0.00041097652652806867,AVAX,5m,vol_spike_brk,trend,4h,F,False,False
-13.0692,-17.1178,-0.994,-0.989,3961,0.5338,0.399,0.8041,-0.001098,0.7005,0.0349,-0.2679,7.3119,-0.9884,4008,-0.001098,0.005087,-13.6649,0.0,1971,2037,-0.0011208136566084475,-0.001076091060648237,AVAX,5m,stoch_cross,mean_reversion,15m,F,False,False
-5.0251,-7.5456,-0.987,-0.9613,2967,0.738,0.4461,0.9164,-0.001038,0.8011,0.0258,5.1729,139.6223,-0.9612,2968,-0.001038,0.010765,-5.2542,1.6e-07,1488,1480,-0.0010547761578673868,-0.0010215883796537604,AVAX,5m,stoch_cross,mean_reversion,1h,F,False,False
-2.7334,-3.9943,-0.9694,-0.9135,1530,0.809,0.4631,0.938,-0.001372,0.8311,0.0133,0.8731,12.1523,-0.9065,1531,-0.001372,0.018777,-2.8579,0.00432174,765,766,-0.0017119426822935382,-0.001031546419053602,AVAX,5m,stoch_cross,mean_reversion,4h,F,False,False
-22.8306,-24.1844,-1.0,-1.0,23599,0.5591,0.4034,0.8268,-0.000944,0.7024,0.2053,-24.102,2519.3019,-1.0,23609,-0.000944,0.006077,-23.8712,0.0,11728,11881,-0.0009626668838105117,-0.0009256625638835648,DOT,5m,vwap_mr,mean_reversion,15m,F,False,False
-7.5059,-9.0473,-0.999,-0.9992,7649,0.7638,0.464,0.8823,-0.000855,0.8302,0.0665,-2.4471,56.1564,-0.999,7653,-0.000855,0.009528,-7.848,0.0,3823,3830,-0.0009342019549015477,-0.0007754315478544578,DOT,5m,vwap_mr,mean_reversion,1h,F,False,False
-2.2011,-2.7425,-0.9677,-0.9298,2023,0.8635,0.4783,0.9417,-0.000934,0.9412,0.0195,-1.336,25.4283,-0.9191,2237,-0.000934,0.019204,-2.3014,0.02145826,1151,1086,-0.0010607509069731084,-0.0008006351864966411,DOT,5m,vwap_mr,mean_reversion,4h,F,False,False
-17.0152,-16.3531,-1.0,-1.0,13092,0.5295,0.3859,0.8427,-0.001016,0.7205,0.1139,-39.7975,3190.7614,-1.0,13098,-0.001016,0.006533,-17.7908,0.0,6552,6546,-0.001098192904614691,-0.0009329130210898181,DOT,5m,stoch_rsi,mean_reversion,15m,F,False,False
-5.831,-9.597,-0.9966,-0.9972,6668,0.7829,0.4453,0.9752,-0.000775,0.8885,0.0584,10.7104,445.9794,-0.9961,6717,-0.000775,0.010412,-6.0968,0.0,3358,3359,-0.0008057563755237292,-0.0007433008205577452,DOT,5m,stoch_rsi,mean_reversion,1h,F,False,False
-1.3878,-2.037,-0.8641,-0.8879,2120,0.9126,0.4787,0.9938,-0.000571,0.9546,0.0188,1.0957,19.1895,-0.7968,2162,-0.000571,0.0183,-1.4511,0.14690922,1043,1119,-0.0009820282027302822,-0.00018807600798971362,DOT,5m,stoch_rsi,mean_reversion,4h,F,False,False
-29.0766,-39.8468,-1.0,-1.0,30959,0.5282,0.364,0.9227,-0.001044,0.7721,0.2697,13.0233,2279.1795,-1.0,31018,-0.001044,0.006045,-30.402,0.0,15210,15808,-0.0010475097124157556,-0.0010396833547903798,DOT,5m,ema_ribbon,trend,15m,F,False,False
-10.0902,-15.6704,-0.9999,-0.9999,8806,0.7119,0.4181,0.9909,-0.001068,0.9079,0.0766,3.0199,86.1092,-0.9999,8807,-0.001068,0.009503,-10.5501,0.0,4296,4511,-0.0010980899138087665,-0.0010398687939326664,DOT,5m,ema_ribbon,trend,1h,F,False,False
-1.6962,-2.6242,-0.9215,-0.9093,2290,0.8964,0.4561,1.0688,-0.000678,1.0235,0.0204,1.6942,26.6997,-0.8632,2348,-0.000678,0.018528,-1.7735,0.0762786,1160,1188,-0.0009812468081624385,-0.00038216726211260787,DOT,5m,ema_ribbon,trend,4h,F,False,False
-3.642,-3.4383,-0.9852,-0.9655,2783,0.5952,0.4047,0.8756,-0.001029,0.7399,0.0244,-20.3996,1236.1301,-0.9631,2807,-0.001029,0.014313,-3.808,0.0001431,1464,1343,-0.00107828357752791,-0.0009747489778909143,DOT,5m,rsi_extreme,mean_reversion,15m,F,False,False
-3.4679,-3.6502,-0.9543,-0.9007,2169,0.7698,0.4703,0.8672,-0.000901,0.7724,0.0192,-5.9338,142.4001,-0.883,2203,-0.000901,0.011669,-3.6259,0.00029446,1144,1059,-0.0011155586748601643,-0.0006701143765950398,DOT,5m,rsi_extreme,mean_reversion,1h,F,False,False
-2.4842,-2.8644,-0.9374,-0.9021,1245,0.8032,0.4811,0.8662,-0.001382,0.8147,0.0113,-1.7297,19.4418,-0.8703,1299,-0.001382,0.019182,-2.5974,0.00949982,678,621,-0.001784843459441364,-0.0009429355318567564,DOT,5m,rsi_extreme,mean_reversion,4h,F,False,False
-23.7629,-32.2462,-1.0,-1.0,21244,0.5553,0.3709,0.9418,-0.001094,0.7873,0.1854,2.2371,1080.6565,-1.0,21316,-0.001094,0.006429,-24.846,0.0,10528,10788,-0.00107374013170039,-0.0011139654840726164,DOT,5m,momentum,trend,15m,F,False,False
-8.2451,-8.1522,-1.0,-1.0,7751,0.6908,0.4239,0.9388,-0.001241,0.8903,0.0675,-18.6692,787.6501,-1.0,7759,-0.001241,0.012683,-8.621,0.0,3755,4004,-0.0012061699690468705,-0.0012742262993478803,DOT,5m,momentum,trend,1h,F,False,False
-1.9982,-3.0039,-0.9487,-0.9097,2196,0.8787,0.4646,1.0128,-0.000804,0.9526,0.0195,1.1382,15.238,-0.8862,2243,-0.000804,0.018226,-2.0893,0.0367971,1112,1131,-0.0010634580010187582,-0.0005489542747740134,DOT,5m,momentum,trend,4h,F,False,False
-12.8674,-25.0466,-0.9998,-0.9998,7326,0.5509,0.3423,1.0585,-0.001112,0.802,0.064,22.4207,1201.05,-0.9998,7356,-0.001112,0.007088,-13.4539,0.0,3618,3738,-0.0010611873932502528,-0.0011609576512043944,DOT,5m,range_breakout,trend,15m,F,False,False
-7.2679,-12.0099,-0.9968,-0.9956,4476,0.7103,0.3989,1.0702,-0.001141,0.9559,0.039,3.0702,59.3908,-0.9952,4487,-0.001141,0.010059,-7.5991,0.0,2202,2285,-0.0010362070023728334,-0.0012422953573009363,DOT,5m,range_breakout,trend,1h,F,False,False
-3.332,-4.981,-0.9804,-0.9643,1839,0.7893,0.4437,0.9897,-0.001512,0.9439,0.0164,0.8556,12.2831,-0.9584,1882,-0.001512,0.018828,-3.4838,0.00050562,929,953,-0.0017535526293299339,-0.0012765545670526555,DOT,5m,range_breakout,trend,4h,F,False,False
-24.5098,-34.3013,-1.0,-1.0,11720,0.5147,0.3717,0.87,-0.001042,0.7508,0.1026,-0.0679,6.5105,-1.0,11795,-0.001042,0.004417,-25.627,0.0,5883,5912,-0.0010358508321164754,-0.0010484244112240971,DOT,5m,macd_scalp,trend,15m,F,False,False
-8.2722,-12.2101,-0.9988,-0.999,6289,0.7231,0.4316,0.9522,-0.001,0.8194,0.0558,2.284,59.2881,-0.9988,6420,-0.001,0.009268,-8.6493,0.0,3241,3179,-0.001033647456418326,-0.0009666710931458672,DOT,5m,macd_scalp,trend,1h,F,False,False
-2.3454,-3.4116,-0.9512,-0.9371,1978,0.8551,0.4669,0.9763,-0.000972,0.947,0.0185,0.954,18.0776,-0.9117,2131,-0.000972,0.018297,-2.4523,0.01427415,1035,1096,-0.001180190727890703,-0.000775334788187338,DOT,5m,macd_scalp,trend,4h,F,False,False
-1.823,-1.5502,-0.9378,-0.8371,1342,0.6501,0.4368,0.8381,-0.000915,0.7808,0.0125,-22.8304,853.6094,-0.8137,1433,-0.000915,0.01818,-1.9061,0.05683718,705,728,-0.0009247871275772995,-0.0009062889448863236,DOT,5m,keltner_mr,mean_reversion,15m,F,False,False
-2.1525,-2.0846,-0.8737,-0.7277,1173,0.7946,0.4882,0.8331,-0.000812,0.8373,0.0107,-8.2769,180.6725,-0.6685,1227,-0.000812,0.012646,-2.2506,0.0245861,622,605,-0.0006830290986013931,-0.0009455970175701773,DOT,5m,keltner_mr,mean_reversion,1h,F,False,False
-1.4719,-1.6981,-0.8693,-0.7331,860,0.8562,0.5006,0.8543,-0.001031,0.8749,0.0078,-1.8955,22.0372,-0.67,895,-0.001031,0.020038,-1.539,0.12415672,456,439,-0.0006919307252520789,-0.0013828565595584443,DOT,5m,keltner_mr,mean_reversion,4h,F,False,False
-16.7818,-22.924,-0.9977,-0.9962,4619,0.4769,0.3579,0.8558,-0.001195,0.6979,0.0402,-0.2735,10.7685,-0.9962,4622,-0.001195,0.004631,-17.5467,0.0,2331,2291,-0.0012116044341053877,-0.0011784857095143075,DOT,5m,dual_ema_adx,trend,15m,F,False,False
-5.0053,-4.6306,-0.9933,-0.9862,3265,0.684,0.4354,0.8868,-0.001187,0.8242,0.0284,-23.2938,996.879,-0.9858,3268,-0.001187,0.012968,-5.2334,1.8e-07,1697,1571,-0.0015225809449907314,-0.00082482074502406,DOT,5m,dual_ema_adx,trend,1h,F,False,False
-3.4227,-4.2288,-0.9838,-0.9515,1649,0.7659,0.4582,0.9057,-0.001642,0.822,0.0143,-1.5008,27.8105,-0.9506,1650,-0.001642,0.018642,-3.5787,0.00035524,835,815,-0.0024561873040458817,-0.0008086983733320898,DOT,5m,dual_ema_adx,trend,4h,F,False,False
-6.567,-14.3438,-0.9904,-0.9782,3310,0.6024,0.3558,1.0906,-0.001102,0.8145,0.0289,22.2392,916.0645,-0.9774,3322,-0.001102,0.009248,-6.8664,0.0,1493,1829,-0.001057117081956062,-0.0011382342406166637,DOT,5m,vol_spike_brk,trend,15m,F,False,False
-5.2577,-8.8383,-0.9863,-0.9641,2525,0.7125,0.4002,1.0677,-0.001238,0.9309,0.022,3.5818,64.2385,-0.9629,2531,-0.001238,0.011326,-5.4973,4e-08,1149,1382,-0.0008291089610774951,-0.0015771645023125824,DOT,5m,vol_spike_brk,trend,1h,F,False,False
-1.8574,-2.8532,-0.9479,-0.8481,1459,0.854,0.446,1.061,-0.00102,1.029,0.0127,2.0354,31.9716,-0.8315,1462,-0.00102,0.020082,-1.942,0.05232731,662,800,-0.000830806003235291,-0.0011764678608165613,DOT,5m,vol_spike_brk,trend,4h,F,False,False
-10.9714,-13.8404,-0.9905,-0.9761,4167,0.5835,0.3995,0.877,-0.00088,0.741,0.0363,-1.2481,25.5768,-0.9758,4170,-0.00088,0.004954,-11.4715,0.0,1979,2191,-0.0009377292660832505,-0.0008278670873961914,DOT,5m,stoch_cross,mean_reversion,15m,F,False,False
-5.3376,-7.0067,-0.978,-0.9547,2933,0.7495,0.4484,0.9219,-0.000914,0.8989,0.027,-0.5861,8.6548,-0.9485,3102,-0.000914,0.009121,-5.5809,3e-08,1492,1610,-0.0009261267513229151,-0.0009027101070472399,DOT,5m,stoch_cross,mean_reversion,1h,F,False,False
-1.5344,-2.0619,-0.8631,-0.8133,1254,0.8894,0.4826,0.9536,-0.000704,0.9365,0.0135,-0.2303,4.472,-0.7338,1550,-0.000704,0.01727,-1.6043,0.10885209,736,814,-0.0007344116606434396,-0.000676009113166476,DOT,5m,stoch_cross,mean_reversion,4h,F,False,False
-20.6148,-22.7863,-1.0,-1.0,21596,0.6017,0.4132,0.8544,-0.000874,0.7442,0.1879,-15.4869,1325.7227,-1.0,21603,-0.000874,0.005959,-21.5545,0.0,10703,10900,-0.0009053218098774208,-0.0008431536966640488,LINK,5m,vwap_mr,mean_reversion,15m,F,False,False
-6.6141,-8.207,-0.9981,-0.998,7247,0.786,0.4778,0.8591,-0.000789,0.788,0.063,-0.835,11.3193,-0.9977,7250,-0.000789,0.009713,-6.9156,0.0,3596,3654,-0.0008801924165670258,-0.0006990075658786922,LINK,5m,vwap_mr,mean_reversion,1h,F,False,False
-2.5539,-3.3714,-0.9572,-0.9567,2050,0.8488,0.4857,0.8987,-0.001053,0.8395,0.0192,-0.2036,7.722,-0.9331,2207,-0.001053,0.018519,-2.6703,0.00763334,1101,1106,-0.0011099890420471236,-0.0009955892654105877,LINK,5m,vwap_mr,mean_reversion,4h,F,False,False
-20.3522,-23.0425,-1.0,-1.0,12727,0.5429,0.3911,0.8454,-0.001021,0.7467,0.1108,-10.745,542.533,-1.0,12740,-0.001021,0.005414,-21.2799,0.0,6411,6329,-0.001064182795553146,-0.0009768075784671818,LINK,5m,stoch_rsi,mean_reversion,15m,F,False,False
-6.8297,-10.2009,-0.9984,-0.9981,6571,0.7576,0.4477,0.9346,-0.000887,0.8624,0.0573,5.3565,182.3405,-0.9979,6585,-0.000887,0.010077,-7.141,0.0,3334,3251,-0.0009318226908117004,-0.0008406227859735722,LINK,5m,stoch_rsi,mean_reversion,1h,F,False,False
-1.8962,-2.6684,-0.933,-0.9083,2132,0.8848,0.4844,0.9417,-0.000787,0.9195,0.0187,0.1291,5.5148,-0.872,2149,-0.000787,0.018396,-1.9826,0.04753614,1096,1053,-0.0009754990290792322,-0.000590363970300101,LINK,5m,stoch_rsi,mean_reversion,4h,F,False,False
-34.1661,-46.2146,-1.0,-1.0,31032,0.526,0.3647,0.9161,-0.00109,0.7657,0.2701,-1.2724,572.8177,-1.0,31060,-0.00109,0.005375,-35.7235,0.0,15385,15675,-0.001074605601816875,-0.0011042405449161509,LINK,5m,ema_ribbon,trend,15m,F,False,False
-10.818,-15.5185,-1.0,-1.0,8826,0.7004,0.4109,1.0041,-0.001157,0.9103,0.0768,0.238,14.3076,-1.0,8827,-0.001157,0.009614,-11.3111,0.0,4366,4461,-0.0011787171389507922,-0.0011366566717503706,LINK,5m,ema_ribbon,trend,1h,F,False,False
-1.979,-2.4914,-0.9734,-0.957,2339,0.8629,0.4599,1.0134,-0.000975,0.9301,0.0204,-0.3413,148.5164,-0.9466,2344,-0.000975,0.02282,-2.0692,0.03863486,1166,1178,-0.0010507489793303057,-0.0009006157265130614,LINK,5m,ema_ribbon,trend,4h,F,False,False
-4.2767,-4.3127,-0.9822,-0.9471,2638,0.6151,0.4163,0.8625,-0.001021,0.7194,0.023,-11.7605,853.6348,-0.9455,2640,-0.001021,0.011731,-4.4717,8.09e-06,1345,1295,-0.0010304632191860993,-0.0010110306705989516,LINK,5m,rsi_extreme,mean_reversion,15m,F,False,False
-4.4537,-5.0823,-0.9708,-0.931,2051,0.7248,0.4619,0.8445,-0.001161,0.8506,0.0181,-2.8699,48.8429,-0.9227,2085,-0.001161,0.011381,-4.6567,3.42e-06,1061,1024,-0.0011339827132945974,-0.0011883128556909588,LINK,5m,rsi_extreme,mean_reversion,1h,F,False,False
-2.0878,-2.84,-0.925,-0.8625,1246,0.8366,0.4727,0.9331,-0.001192,0.8585,0.011,0.1653,7.924,-0.8258,1265,-0.001192,0.01942,-2.183,0.02922149,646,619,-0.0011798483438187509,-0.0012045055145717498,LINK,5m,rsi_extreme,mean_reversion,4h,F,False,False
-24.2821,-38.2798,-1.0,-1.0,22093,0.5646,0.3764,0.9352,-0.001097,0.7957,0.1931,13.4853,996.8924,-1.0,22211,-0.001097,0.006437,-25.389,0.0,10920,11291,-0.0010789245054399583,-0.0011137329166172186,LINK,5m,momentum,trend,15m,F,False,False
-10.6459,-14.6061,-1.0,-1.0,7861,0.6879,0.4116,0.9833,-0.001294,0.8703,0.0684,-0.6524,28.8516,-1.0,7869,-0.001294,0.010313,-11.1312,0.0,3880,3989,-0.0013109299609974227,-0.0012777018215470231,LINK,5m,momentum,trend,1h,F,False,False
-3.8361,-4.3356,-0.9926,-0.9936,2213,0.7615,0.4522,0.9226,-0.001821,0.9103,0.0196,-4.0091,72.618,-0.9908,2258,-0.001821,0.021575,-4.011,6.243e-05,1110,1148,-0.001932904874915911,-0.001713069480553761,LINK,5m,momentum,trend,4h,F,False,False
-13.1616,-23.3374,-0.9995,-0.9995,6303,0.5578,0.3501,1.0354,-0.001178,0.8309,0.055,11.1234,439.5949,-0.9995,6324,-0.001178,0.006805,-13.7616,0.0,3113,3211,-0.0012373738732387566,-0.0011196786943704542,LINK,5m,range_breakout,trend,15m,F,False,False
-7.6248,-12.131,-0.9974,-0.9966,4045,0.691,0.3887,1.0867,-0.001322,0.9503,0.0353,1.4313,18.3285,-0.9963,4057,-0.001322,0.010562,-7.9723,0.0,2019,2038,-0.0014031427062101923,-0.001241669084881317,LINK,5m,range_breakout,trend,1h,F,False,False
-1.9312,-2.9203,-0.915,-0.9176,1655,0.8729,0.4428,1.0984,-0.00091,1.0085,0.0159,0.3637,5.3597,-0.8648,1827,-0.00091,0.019258,-2.0192,0.04361041,885,942,-0.0009080067459504625,-0.0009114162921517797,LINK,5m,range_breakout,trend,4h,F,False,False
-23.7193,-34.298,-1.0,-1.0,11894,0.5208,0.3735,0.8736,-0.001079,0.7226,0.1034,0.4034,9.5302,-1.0,11896,-0.001079,0.004747,-24.8005,0.0,5920,5976,-0.0010586879220570076,-0.001099736457524401,LINK,5m,macd_scalp,trend,15m,F,False,False
-9.2474,-12.9201,-0.9994,-0.9994,6470,0.7063,0.4305,0.9343,-0.001094,0.8714,0.0564,0.0707,6.3644,-0.9994,6483,-0.001094,0.009107,-9.669,0.0,3304,3179,-0.0010546369527472043,-0.0011341171731760905,LINK,5m,macd_scalp,trend,1h,F,False,False
-2.7741,-4.1221,-0.9781,-0.9495,2133,0.8331,0.4433,1.0462,-0.001177,0.9282,0.0186,0.7354,10.3887,-0.9443,2134,-0.001177,0.01875,-2.9006,0.00376261,1097,1037,-0.0014028738595008598,-0.0009386987789566467,LINK,5m,macd_scalp,trend,4h,F,False,False
-1.9622,-1.6931,-0.9533,-0.6989,691,0.61,0.4368,0.7864,-0.001361,0.639,0.0066,-15.5887,410.6017,-0.6987,760,-0.001361,0.018285,-2.0516,0.04055167,343,417,-0.0019608061324785935,-0.0008672534429073938,LINK,5m,keltner_mr,mean_reversion,15m,F,False,False
-2.6673,-2.7539,-0.9046,-0.7006,633,0.7006,0.4738,0.778,-0.001534,0.7772,0.0058,-4.2381,55.6365,-0.6665,669,-0.001534,0.014226,-2.7889,0.00543871,303,366,-0.0017091182850432454,-0.0013889525126766522,LINK,5m,keltner_mr,mean_reversion,1h,F,False,False
-2.0093,-2.4742,-0.9424,-0.6896,525,0.773,0.4862,0.817,-0.001889,0.8175,0.0047,-0.7901,4.4211,-0.6826,543,-0.001889,0.020949,-2.1009,0.03611517,250,293,-0.0019087572053527308,-0.0018716122971111646,LINK,5m,keltner_mr,mean_reversion,4h,F,False,False
-16.1129,-22.5903,-0.998,-0.9971,4827,0.4869,0.354,0.8884,-0.001193,0.7362,0.042,0.273,15.0049,-0.997,4830,-0.001193,0.00492,-16.8474,0.0,2457,2373,-0.001378393750196562,-0.0010004074421985022,LINK,5m,dual_ema_adx,trend,15m,F,False,False
-7.5484,-9.2759,-0.9947,-0.9915,3367,0.6543,0.4223,0.8949,-0.001338,0.7747,0.0293,-2.3568,59.1897,-0.9908,3374,-0.001338,0.009845,-7.8925,0.0,1737,1637,-0.0016087695370568334,-0.0010500550858022514,LINK,5m,dual_ema_adx,trend,1h,F,False,False
-3.1829,-4.1535,-0.9777,-0.9475,1561,0.7871,0.4629,0.9132,-0.001515,0.8329,0.0147,-0.3711,8.0426,-0.9422,1685,-0.001515,0.018687,-3.328,0.00089363,838,847,-0.0014469795584763673,-0.0015822830769358783,LINK,5m,dual_ema_adx,trend,4h,F,False,False
-7.3325,-13.8731,-0.9886,-0.974,2825,0.5915,0.3512,1.0926,-0.001236,0.8949,0.0246,12.1735,386.9797,-0.9727,2833,-0.001236,0.008579,-7.6668,0.0,1353,1480,-0.0014138069983388776,-0.001073059476875685,LINK,5m,vol_spike_brk,trend,15m,F,False,False
-4.8972,-8.0251,-0.9834,-0.9476,2207,0.723,0.3922,1.1204,-0.00126,0.9918,0.0192,1.7869,21.1962,-0.947,2213,-0.00126,0.011576,-5.1205,3.3e-07,1062,1151,-0.0013158843765592235,-0.0012085458525541311,LINK,5m,vol_spike_brk,trend,1h,F,False,False
-2.856,-3.8319,-0.9832,-0.929,1353,0.7819,0.4373,1.0061,-0.001739,0.9052,0.0118,-0.1656,9.0527,-0.9311,1356,-0.001739,0.021444,-2.9862,0.00287505,661,695,-0.0018752306230645176,-0.0016094891785905945,LINK,5m,vol_spike_brk,trend,4h,F,False,False
-10.5989,-12.797,-0.9902,-0.9756,3673,0.5707,0.4053,0.8375,-0.000991,0.732,0.0319,-1.0457,15.4034,-0.9752,3674,-0.000991,0.00542,-11.082,0.0,1842,1832,-0.0010063996937011922,-0.0009755258357866373,LINK,5m,stoch_cross,mean_reversion,15m,F,False,False
-5.5084,-6.9391,-0.9848,-0.9559,2808,0.7261,0.4578,0.8599,-0.001056,0.8323,0.0244,-0.6233,6.8636,-0.955,2809,-0.001056,0.009718,-5.7595,1e-08,1412,1397,-0.0008930390357739737,-0.001220739180134341,LINK,5m,stoch_cross,mean_reversion,1h,F,False,False
-2.1887,-2.9857,-0.9498,-0.864,1385,0.8439,0.4628,0.9795,-0.001098,0.9627,0.0129,-0.1572,3.4504,-0.8472,1480,-0.001098,0.018454,-2.2885,0.02224884,754,726,-0.0008318766725916915,-0.0013739376759846246,LINK,5m,stoch_cross,mean_reversion,4h,F,False,False
-21.6202,-22.8281,-1.0,-1.0,23601,0.5795,0.4115,0.8288,-0.00101,0.7259,0.2052,-15.6499,1456.5946,-1.0,23602,-0.00101,0.006864,-22.6053,0.0,12164,11438,-0.001042176770655868,-0.0009756315851268126,UNI,5m,vwap_mr,mean_reversion,15m,F,False,False
-7.3103,-7.882,-0.9998,-0.9999,7621,0.7378,0.4608,0.8634,-0.0011,0.8075,0.0663,-5.7778,234.0814,-0.9999,7622,-0.0011,0.012559,-7.6434,0.0,3923,3699,-0.0011191628449423651,-0.0010787071330787843,UNI,5m,vwap_mr,mean_reversion,1h,F,False,False
-3.4718,-4.0051,-0.9914,-0.992,2209,0.792,0.4898,0.8251,-0.001728,0.8495,0.0195,-1.6075,16.2917,-0.9887,2248,-0.001728,0.022573,-3.6299,0.00028982,1151,1097,-0.001834968095608984,-0.0016161738360559283,UNI,5m,vwap_mr,mean_reversion,4h,F,False,False
-17.5927,-19.6656,-1.0,-1.0,13063,0.5786,0.3955,0.8844,-0.000978,0.7521,0.1137,-13.1947,751.1208,-1.0,13075,-0.000978,0.006079,-18.3943,0.0,6597,6478,-0.0009636983890419489,-0.0009925187231128875,UNI,5m,stoch_rsi,mean_reversion,15m,F,False,False
-4.7801,-7.0461,-0.996,-0.9954,6585,0.8195,0.4594,0.9644,-0.000712,0.8962,0.0582,5.8018,201.9314,-0.9945,6694,-0.000712,0.011648,-4.9979,5.9e-07,3379,3315,-0.0006999332954230577,-0.0007233208103063776,UNI,5m,stoch_rsi,mean_reversion,1h,F,False,False
-1.6389,-2.5359,-0.937,-0.9404,2031,0.8938,0.4762,0.983,-0.000828,0.9051,0.0188,2.1534,30.1909,-0.9025,2165,-0.000828,0.02249,-1.7136,0.08674563,1104,1061,-0.0008697945171743074,-0.0007850236107857492,UNI,5m,stoch_rsi,mean_reversion,4h,F,False,False
-25.5413,-38.2781,-1.0,-1.0,31074,0.5856,0.377,0.9679,-0.001004,0.8133,0.2702,12.7251,1268.9007,-1.0,31075,-0.001004,0.006627,-26.705,0.0,14941,16134,-0.001008843361718003,-0.000999496565771357,UNI,5m,ema_ribbon,trend,15m,F,False,False
-7.6371,-11.7422,-0.9999,-0.9999,8808,0.7651,0.4302,1.0132,-0.000979,0.9229,0.0768,3.0141,68.0685,-0.9999,8828,-0.000979,0.011514,-7.9851,0.0,4247,4581,-0.000990258767382818,-0.0009677293176295655,UNI,5m,ema_ribbon,trend,1h,F,False,False
-0.7628,-1.1219,-0.9222,-0.799,2344,0.9508,0.4585,1.123,-0.00037,1.0579,0.0204,0.8658,26.4483,-0.7676,2349,-0.00037,0.022479,-0.7976,0.42520642,1137,1212,-0.0004766766279537804,-0.0002697496920739376,UNI,5m,ema_ribbon,trend,4h,F,False,False
-4.0835,-3.6518,-0.9826,-0.9527,2653,0.6362,0.4377,0.8172,-0.000995,0.7663,0.0239,-23.4713,1087.0775,-0.9506,2746,-0.000995,0.012217,-4.2696,2.025e-05,1465,1281,-0.0010126867306867388,-0.0009757253116373116,UNI,5m,rsi_extreme,mean_reversion,15m,F,False,False
-3.7556,-3.8257,-0.9696,-0.941,2044,0.7489,0.4809,0.8085,-0.001131,0.8156,0.0189,-5.0647,87.0153,-0.9302,2169,-0.001131,0.01342,-3.9268,8.878e-05,1146,1023,-0.0011686307372934324,-0.001089849481216637,UNI,5m,rsi_extreme,mean_reversion,1h,F,False,False
-3.2853,-3.6024,-0.9834,-0.9703,1226,0.7402,0.4934,0.7599,-0.002294,0.8018,0.0113,-2.6506,30.4583,-0.9656,1295,-0.002294,0.024036,-3.4349,0.00061145,676,619,-0.0024467395939210446,-0.0021277261896914938,UNI,5m,rsi_extreme,mean_reversion,4h,F,False,False
-21.1105,-33.6841,-1.0,-1.0,23318,0.595,0.3795,0.9731,-0.001078,0.8087,0.2029,13.9288,1111.2702,-1.0,23328,-0.001078,0.007461,-22.0723,0.0,11387,11941,-0.0010581369280230654,-0.0010974418516177943,UNI,5m,momentum,trend,15m,F,False,False
-7.3925,-9.8356,-0.9999,-0.9999,8049,0.7534,0.4302,0.9979,-0.001083,0.9332,0.07,-1.9288,171.9505,-0.9999,8050,-0.001083,0.012568,-7.7293,0.0,3917,4133,-0.0010918871859128822,-0.0010740339093160845,UNI,5m,momentum,trend,1h,F,False,False
-1.6787,-2.5652,-0.9685,-0.9259,2273,0.8957,0.4719,1.0026,-0.000837,0.8714,0.0198,1.3224,15.1292,-0.9164,2274,-0.000837,0.022731,-1.7552,0.07935843,1122,1152,-0.0009749043716129043,-0.0007020425397095689,UNI,5m,momentum,trend,4h,F,False,False
-10.0257,-20.6206,-0.9995,-0.9995,7437,0.6342,0.3635,1.1106,-0.000981,0.8713,0.0647,15.1924,565.7266,-0.9995,7439,-0.000981,0.008068,-10.4825,0.0,3584,3855,-0.00103603661456339,-0.0009288890099753745,UNI,5m,range_breakout,trend,15m,F,False,False
-4.67,-8.0747,-0.9939,-0.9889,4526,0.7908,0.4192,1.0957,-0.000905,1.0181,0.0394,4.0156,66.9488,-0.9883,4535,-0.000905,0.012485,-4.8827,1.08e-06,2192,2343,-0.0008797649231714166,-0.0009291194442586161,UNI,5m,range_breakout,trend,1h,F,False,False
-0.5644,-0.9541,-0.7418,-0.8709,1890,0.9589,0.4627,1.1134,-0.000325,1.1505,0.0164,3.1738,50.8141,-0.6786,1891,-0.000325,0.023935,-0.5901,0.55516352,933,958,-0.00041599854495820914,-0.0002360368848924932,UNI,5m,range_breakout,trend,4h,F,False,False
-19.5788,-28.2193,-1.0,-1.0,11807,0.5767,0.3849,0.9214,-0.000992,0.7884,0.1027,0.4603,12.1875,-1.0,11812,-0.000992,0.005266,-20.4709,0.0,5948,5864,-0.0010136103134955063,-0.0009699760142051802,UNI,5m,macd_scalp,trend,15m,F,False,False
-5.7478,-8.6939,-0.9971,-0.998,6236,0.7891,0.4506,0.962,-0.000836,0.8792,0.0564,3.2973,70.4944,-0.997,6482,-0.000836,0.011203,-6.0097,0.0,3268,3214,-0.000864780808454439,-0.0008071909450784095,UNI,5m,macd_scalp,trend,1h,F,False,False
-1.4151,-2.2615,-0.9255,-0.9137,1795,0.9059,0.4707,1.0187,-0.000715,0.9693,0.0185,2.6508,40.0677,-0.8703,2133,-0.000715,0.022332,-1.4796,0.13912625,1107,1026,-0.0007975404152519931,-0.0006268432994052656,UNI,5m,macd_scalp,trend,4h,F,False,False
-2.4291,-2.104,-0.9614,-0.8394,1393,0.6527,0.4458,0.8115,-0.001016,0.7662,0.0132,-20.3047,737.1441,-0.8345,1521,-0.001016,0.015602,-2.5398,0.01119183,754,767,-0.0011679325816133452,-0.000866756683680835,UNI,5m,keltner_mr,mean_reversion,15m,F,False,False
-3.6771,-3.5007,-0.9591,-0.9146,1222,0.6729,0.4656,0.7724,-0.001645,0.6888,0.0112,-6.0397,87.3352,-0.899,1293,-0.001645,0.015382,-3.8447,0.00012659,645,648,-0.0013292629065513632,-0.0019584738534069697,UNI,5m,keltner_mr,mean_reversion,1h,F,False,False
-2.9574,-3.2231,-0.9556,-0.9452,854,0.7239,0.4825,0.7763,-0.002474,0.8105,0.008,-2.6583,29.7325,-0.9222,916,-0.002474,0.024213,-3.0922,0.00204731,456,460,-0.0020134894615300943,-0.0029300938169306828,UNI,5m,keltner_mr,mean_reversion,4h,F,False,False
-14.5289,-20.2483,-0.9978,-0.997,4635,0.5129,0.3628,0.9009,-0.001221,0.7515,0.0404,0.3353,17.2366,-0.9968,4642,-0.001221,0.005476,-15.1909,0.0,2300,2342,-0.0010938785481982797,-0.0013456209309367407,UNI,5m,dual_ema_adx,trend,15m,F,False,False
-7.154,-9.4,-0.9951,-0.9901,3269,0.676,0.4402,0.8598,-0.001352,0.7726,0.0285,-0.1915,8.8386,-0.99,3276,-0.001352,0.010346,-7.48,0.0,1641,1635,-0.001354251292434563,-0.001349865456202875,UNI,5m,dual_ema_adx,trend,1h,F,False,False
-3.2481,-4.5423,-0.9876,-0.9561,1642,0.7864,0.4467,0.9739,-0.00171,0.8742,0.0143,0.0388,4.2031,-0.9574,1643,-0.00171,0.02041,-3.3961,0.00069994,839,804,-0.0019624695432865088,-0.0014465412043211691,UNI,5m,dual_ema_adx,trend,4h,F,False,False
-4.9899,-11.8881,-0.9859,-0.9633,3371,0.6907,0.3629,1.2124,-0.000919,0.934,0.0294,15.9812,476.4094,-0.9619,3378,-0.000919,0.010241,-5.2173,1.9e-07,1565,1813,-0.0008909957938893049,-0.0009437826510208649,UNI,5m,vol_spike_brk,trend,15m,F,False,False
-3.0869,-5.6835,-0.9746,-0.9259,2566,0.8096,0.4138,1.1467,-0.000894,0.9869,0.0224,4.4804,67.0639,-0.9214,2571,-0.000894,0.014038,-3.2275,0.00126429,1208,1363,-0.0005885357053409585,-0.0011639046757357847,UNI,5m,vol_spike_brk,trend,1h,F,False,False
-0.855,-1.4153,-0.9882,-0.7004,1455,0.9285,0.4534,1.1195,-0.000584,1.0607,0.0127,2.7567,36.3704,-0.7242,1458,-0.000584,0.024925,-0.894,0.37149061,699,759,-0.0009466134375506615,-0.000249164404912496,UNI,5m,vol_spike_brk,trend,4h,F,False,False
-9.4092,-10.7206,-0.9904,-0.9802,4000,0.6059,0.4199,0.8371,-0.000945,0.7389,0.0348,-2.078,28.64,-0.979,4006,-0.000945,0.006078,-9.8379,0.0,2101,1905,-0.000926105834319991,-0.0009651774314521868,UNI,5m,stoch_cross,mean_reversion,15m,F,False,False
-4.9932,-5.9759,-0.9846,-0.9678,2988,0.7446,0.4547,0.8928,-0.001054,0.813,0.026,-1.4204,20.7161,-0.9646,2993,-0.001054,0.011043,-5.2207,1.9e-07,1591,1402,-0.0009953434056620808,-0.001120179910772948,UNI,5m,stoch_cross,mean_reversion,1h,F,False,False
-4.1588,-4.7714,-0.987,-0.9888,1430,0.7151,0.4737,0.7944,-0.0024,0.7641,0.0134,-1.4365,10.0931,-0.983,1541,-0.0024,0.02167,-4.3483,1.462e-05,811,730,-0.002398279765461615,-0.002402612739444325,UNI,5m,stoch_cross,mean_reversion,4h,F,False,False
-26.1799,-28.6553,-1.0,-1.0,24544,0.5358,0.3879,0.8454,-0.000936,0.7214,0.2135,-23.7789,2443.8553,-1.0,24554,-0.000936,0.005356,-27.3731,0.0,12365,12189,-0.0009220658332979286,-0.0009494015127698303,ATOM,5m,vwap_mr,mean_reversion,15m,F,False,False
-8.4835,-10.6275,-0.9992,-0.9993,7860,0.7432,0.4514,0.9031,-0.000872,0.8474,0.0684,-2.326,64.7815,-0.9992,7864,-0.000872,0.008719,-8.8701,0.0,4007,3857,-0.0008938400202339848,-0.0008495251358300906,ATOM,5m,vwap_mr,mean_reversion,1h,F,False,False
-3.5254,-4.2816,-0.9851,-0.9636,2162,0.7961,0.4745,0.8817,-0.0013,0.8986,0.0196,-1.999,29.0432,-0.9616,2255,-0.0013,0.016746,-3.6861,0.0002331,1143,1112,-0.0015636685908866172,-0.0010288107484824503,ATOM,5m,vwap_mr,mean_reversion,4h,F,False,False
-19.5467,-19.2347,-1.0,-1.0,13044,0.4937,0.3721,0.833,-0.001044,0.6966,0.1135,-38.7221,3089.8834,-1.0,13049,-0.001044,0.005838,-20.4376,0.0,6458,6591,-0.0011062181360516064,-0.0009838724813402934,ATOM,5m,stoch_rsi,mean_reversion,15m,F,False,False
-7.599,-12.4747,-0.9986,-0.9985,6594,0.7313,0.4416,0.9246,-0.000915,0.8251,0.058,9.7503,388.7581,-0.9983,6666,-0.000915,0.0094,-7.9453,0.0,3260,3406,-0.0011122200151165913,-0.0007256934826793976,ATOM,5m,stoch_rsi,mean_reversion,1h,F,False,False
-1.4287,-1.8992,-0.8381,-0.8647,1944,0.9121,0.478,0.9961,-0.000521,1.0273,0.0188,-1.0994,18.3675,-0.7559,2157,-0.000521,0.016185,-1.4938,0.13536848,1066,1091,-0.0008609269455765238,-0.0001880434685697919,ATOM,5m,stoch_rsi,mean_reversion,4h,F,False,False
-33.3964,-48.3479,-1.0,-1.0,31069,0.5007,0.359,0.8941,-0.001048,0.7516,0.2707,17.4714,2097.3806,-1.0,31129,-0.001048,0.005297,-34.9185,0.0,15191,15938,-0.0010617845784084334,-0.0010354453956733145,ATOM,5m,ema_ribbon,trend,15m,F,False,False
-11.1526,-16.855,-0.9999,-1.0,8805,0.6916,0.4219,0.9475,-0.001084,0.8802,0.0769,3.0143,92.6351,-1.0,8838,-0.001084,0.008742,-11.6608,0.0,4301,4537,-0.0011264430851961288,-0.001044384398666486,ATOM,5m,ema_ribbon,trend,1h,F,False,False
-2.9148,-4.3214,-0.9774,-0.9609,2342,0.823,0.4546,0.9873,-0.001143,0.907,0.0204,3.3411,88.0313,-0.9531,2347,-0.001143,0.018167,-3.0476,0.00233225,1168,1179,-0.0012724550218512708,-0.0010144467182669431,ATOM,5m,ema_ribbon,trend,4h,F,False,False
-5.2963,-4.519,-0.9884,-0.9683,2906,0.5386,0.4009,0.8048,-0.001092,0.6956,0.0255,-35.7884,1702.4798,-0.9679,2931,-0.001092,0.010676,-5.5376,3e-08,1498,1433,-0.001157826065568894,-0.0010232631961986805,ATOM,5m,rsi_extreme,mean_reversion,15m,F,False,False
-4.4313,-4.6589,-0.9776,-0.9174,2243,0.7256,0.4656,0.833,-0.001029,0.7612,0.0198,-6.6814,159.4665,-0.9165,2279,-0.001029,0.010606,-4.6333,3.8e-06,1175,1104,-0.0009212691464447195,-0.001144400643981053,ATOM,5m,rsi_extreme,mean_reversion,1h,F,False,False
-3.0971,-3.7491,-0.9576,-0.9143,1283,0.7694,0.4734,0.8559,-0.001548,0.8234,0.0116,-1.8277,25.4723,-0.8976,1335,-0.001548,0.017472,-3.2382,0.00123243,678,657,-0.0018306600959523546,-0.0012572052539318347,ATOM,5m,rsi_extreme,mean_reversion,4h,F,False,False
-22.8699,-36.9053,-1.0,-1.0,20095,0.5476,0.374,0.9164,-0.001046,0.7796,0.1748,20.684,1729.6974,-1.0,20103,-0.001046,0.0062,-23.9122,0.0,9980,10123,-0.0010322246058558757,-0.0010587444436256502,ATOM,5m,momentum,trend,15m,F,False,False
-9.6732,-9.6762,-1.0,-1.0,7529,0.658,0.428,0.8792,-0.001313,0.8391,0.0655,-17.0559,695.8905,-1.0,7530,-0.001313,0.011261,-10.1141,0.0,3723,3807,-0.0012971261289007865,-0.0013276336571925948,ATOM,5m,momentum,trend,1h,F,False,False
-1.3076,-2.2169,-0.913,-0.8304,2217,0.913,0.4626,1.0604,-0.000535,0.9875,0.0193,4.5131,86.4119,-0.7881,2222,-0.000535,0.018456,-1.3672,0.17171515,1095,1127,-0.0007853088821297076,-0.00029233574281281897,ATOM,5m,momentum,trend,4h,F,False,False
-16.7068,-30.192,-0.9998,-0.9999,7846,0.5214,0.3538,0.9524,-0.001098,0.7678,0.0685,13.7172,625.4406,-0.9998,7875,-0.001098,0.005578,-17.4682,0.0,3952,3923,-0.0011052550172685927,-0.0010906322696412215,ATOM,5m,range_breakout,trend,15m,F,False,False
-8.077,-13.2675,-0.9972,-0.9963,4644,0.6933,0.4122,0.9887,-0.00114,0.9129,0.0405,3.5707,83.8507,-0.9959,4658,-0.00114,0.009213,-8.4452,0.0,2313,2345,-0.001083312235447645,-0.0011958888643357347,ATOM,5m,range_breakout,trend,1h,F,False,False
-3.3374,-5.2178,-0.9845,-0.9509,1926,0.7867,0.4409,0.9974,-0.001404,0.8833,0.0168,2.5228,41.5476,-0.9506,1930,-0.001404,0.017679,-3.4895,0.00049482,924,1006,-0.0013930644549107586,-0.0014145422587315143,ATOM,5m,range_breakout,trend,4h,F,False,False
-26.9018,-37.7236,-1.0,-1.0,11739,0.4805,0.3581,0.8614,-0.001074,0.7156,0.1021,0.0249,6.2978,-1.0,11741,-0.001074,0.004137,-28.1278,0.0,5898,5843,-0.0010960578702847962,-0.0010513403690336075,ATOM,5m,macd_scalp,trend,15m,F,False,False
-9.3803,-13.758,-0.9993,-0.9993,6337,0.6947,0.4359,0.8989,-0.001064,0.8201,0.0561,2.7195,76.7581,-0.9992,6455,-0.001064,0.008717,-9.8078,0.0,3287,3168,-0.001098644189882189,-0.0010282447536985142,ATOM,5m,macd_scalp,trend,1h,F,False,False
-3.4741,-5.0812,-0.9838,-0.9589,2120,0.7931,0.4592,0.934,-0.001338,0.8728,0.0184,2.0209,43.2242,-0.9567,2121,-0.001338,0.01696,-3.6324,0.00028742,1058,1063,-0.0015105160689459032,-0.0011657394829848256,ATOM,5m,macd_scalp,trend,4h,F,False,False
-2.7913,-2.446,-0.9602,-0.8657,1714,0.5758,0.4067,0.8399,-0.000988,0.7291,0.015,-24.4154,994.7188,-0.8571,1726,-0.000988,0.014069,-2.9185,0.00356261,836,890,-0.0009850443319667683,-0.0009914777188714345,ATOM,5m,keltner_mr,mean_reversion,15m,F,False,False
-3.8681,-3.8052,-0.9577,-0.8389,1379,0.6861,0.4536,0.8265,-0.001183,0.8153,0.0124,-9.3785,214.8275,-0.831,1422,-0.001183,0.011034,-4.0444,5.527e-05,700,722,-0.0010564686518853023,-0.0013065868296686463,ATOM,5m,keltner_mr,mean_reversion,1h,F,False,False
-2.7264,-3.2731,-0.9593,-0.8228,978,0.7646,0.4612,0.8934,-0.001563,0.8022,0.0086,-2.12,28.6947,-0.8178,991,-0.001563,0.01726,-2.8507,0.00445339,487,504,-0.0016374605008608093,-0.001491006160844309,ATOM,5m,keltner_mr,mean_reversion,4h,F,False,False
-15.4785,-22.4187,-0.9943,-0.9877,4408,0.5091,0.3669,0.8785,-0.000988,0.7586,0.0383,0.1398,4.5856,-0.9877,4410,-0.000988,0.004055,-16.184,0.0,2246,2164,-0.0010420303149731183,-0.0009322936061899989,ATOM,5m,dual_ema_adx,trend,15m,F,False,False
-4.9009,-4.5391,-0.9895,-0.9763,3163,0.6886,0.4352,0.8934,-0.001077,0.8502,0.0275,-22.4323,930.9011,-0.9752,3166,-0.001077,0.01183,-5.1243,3.2e-07,1648,1518,-0.0014198742531617281,-0.0007056284308262218,ATOM,5m,dual_ema_adx,trend,1h,F,False,False
-4.6281,-5.5226,-0.9896,-0.971,1618,0.6989,0.446,0.8682,-0.002038,0.8754,0.0141,-2.4904,37.5598,-0.9711,1619,-0.002038,0.016949,-4.839,1.43e-06,845,774,-0.00256841260785253,-0.0014597112069755307,ATOM,5m,dual_ema_adx,trend,4h,F,False,False
-9.0336,-17.9961,-0.9908,-0.9777,3297,0.5369,0.3525,0.9862,-0.001125,0.7447,0.0287,17.3644,656.916,-0.9774,3302,-0.001125,0.006842,-9.4453,0.0,1628,1674,-0.001144380379748103,-0.0011054089270236733,ATOM,5m,vol_spike_brk,trend,15m,F,False,False
-5.9804,-9.8831,-0.9879,-0.9665,2562,0.6818,0.4092,0.9843,-0.001267,0.8743,0.0223,4.5572,98.542,-0.9661,2566,-0.001267,0.010261,-6.253,0.0,1271,1295,-0.0012031293927353404,-0.0013289036777031713,ATOM,5m,vol_spike_brk,trend,1h,F,False,False
-2.0675,-3.2673,-0.923,-0.856,1438,0.844,0.45,1.0314,-0.001004,0.9892,0.0128,2.1728,34.8153,-0.8185,1471,-0.001004,0.017815,-2.1617,0.03079942,721,750,-0.0013172127101689648,-0.000703152860816731,ATOM,5m,vol_spike_brk,trend,4h,F,False,False
-15.3654,-20.7921,-0.9952,-0.9903,4686,0.5148,0.3776,0.8484,-0.000979,0.7075,0.0408,-0.2641,7.4924,-0.9903,4687,-0.000979,0.004173,-16.0657,0.0,2257,2430,-0.0009308228452841693,-0.0010241633775257683,ATOM,5m,stoch_cross,mean_reversion,15m,F,False,False
-6.6064,-9.115,-0.9846,-0.9732,3399,0.713,0.4497,0.8725,-0.000986,0.7977,0.0296,0.1004,5.6239,-0.9689,3400,-0.000986,0.008322,-6.9075,0.0,1687,1713,-0.0009450008247147196,-0.001026069255350032,ATOM,5m,stoch_cross,mean_reversion,1h,F,False,False
-2.2661,-2.2556,-0.9586,-0.9287,1544,0.8128,0.4756,0.8962,-0.001223,0.941,0.0141,-10.1277,261.0405,-0.9107,1619,-0.001223,0.02077,-2.3694,0.01793262,770,849,-0.0017480927353945043,-0.0007468782928261872,ATOM,5m,stoch_cross,mean_reversion,4h,F,False,False
-21.7877,-28.9103,-1.0,-1.0,11210,0.6521,0.4277,0.8725,-0.001055,0.7538,0.206,-0.232,8.3055,-1.0,11211,-0.001055,0.007125,-15.6714,0.0,5699,5512,-0.0009104246610436671,-0.0012036048516260234,FTM,5m,vwap_mr,mean_reversion,15m,F,False,False
-7.0317,-9.3754,-1.0104,-0.9896,3608,0.7857,0.4702,0.8853,-0.001171,0.8261,0.0663,-0.1756,5.2401,-0.9897,3609,-0.001171,0.013911,-5.0578,4.5e-07,1845,1764,-0.0008862341032426958,-0.0014692215049140012,FTM,5m,vwap_mr,mean_reversion,1h,F,False,False
-1.8701,-2.7839,-1.2101,-0.7823,1055,0.8929,0.4867,0.9416,-0.001089,0.9113,0.0194,0.2071,2.6884,-0.7805,1056,-0.001089,0.026317,-1.3451,0.17886905,553,503,-4.382982229034798e-05,-0.002238824418695043,FTM,5m,vwap_mr,mean_reversion,4h,F,False,False
-16.6282,-22.8695,-1.0014,-0.9986,6178,0.6486,0.4134,0.9205,-0.001033,0.8133,0.1139,-0.2293,9.0983,-0.9986,6198,-0.001033,0.006799,-11.9603,0.0,3154,3044,-0.0010129395932012635,-0.0010536086589445382,FTM,5m,stoch_rsi,mean_reversion,15m,F,False,False
-3.079,-4.3833,-1.0942,-0.895,3082,0.8934,0.4741,0.9911,-0.00054,0.9466,0.0582,0.2426,5.9388,-0.8654,3166,-0.00054,0.013707,-2.2146,0.02685599,1610,1556,-0.0007121079931431478,-0.00036092374166906994,FTM,5m,stoch_rsi,mean_reversion,1h,F,False,False
-2.1335,-3.0733,-1.0858,-0.8847,1025,0.8758,0.48,0.9486,-0.001273,0.8598,0.0189,-0.0428,2.882,-0.8123,1027,-0.001273,0.026585,-1.5346,0.12519883,502,525,-0.0006918390681250399,-0.001828787934585493,FTM,5m,stoch_rsi,mean_reversion,4h,F,False,False
-24.5172,-35.8913,-1.0,-1.0,14677,0.6606,0.4078,0.9594,-0.001022,0.8752,0.27,0.295,6.9335,-1.0,14696,-0.001022,0.007022,-17.6347,0.0,7248,7448,-0.0009595235546972142,-0.0010818611057096022,FTM,5m,ema_ribbon,trend,15m,F,False,False
-7.4079,-10.4698,-1.0052,-0.9947,4133,0.7891,0.4394,1.0065,-0.001133,0.9288,0.0768,0.0049,5.8622,-0.9941,4178,-0.001133,0.013746,-5.3284,1e-07,2060,2118,-0.0008927255552959956,-0.0013669775185307196,FTM,5m,ema_ribbon,trend,1h,F,False,False
-1.7973,-2.5706,-1.0942,-0.8669,1097,0.8987,0.4833,0.9607,-0.001028,0.9467,0.0204,-0.0789,3.2215,-0.7846,1111,-0.001028,0.026515,-1.2927,0.19637477,542,569,-0.00016443539726595596,-0.0018512614873899907,FTM,5m,ema_ribbon,trend,4h,F,False,False
-5.2599,-7.4551,-1.2519,-0.7109,1412,0.7557,0.4466,0.9366,-0.000773,0.8474,0.0261,0.0373,3.7631,-0.6809,1422,-0.000773,0.007706,-3.7833,0.00016118,722,700,-0.0004359796781635604,-0.0011209434295254865,FTM,5m,rsi_extreme,mean_reversion,15m,F,False,False
0.2972,0.4501,-0.0624,-0.3922,729,1.0186,0.5009,1.0148,9.5e-05,1.0307,0.02,0.4997,5.0892,-0.0127,1090,9.5e-05,0.014631,0.2137,0.8307901,564,526,0.0007893808519400351,-0.0006501242570464903,FTM,5m,rsi_extreme,mean_reversion,1h,D,False,False
0.3866,0.5358,-0.2062,-0.4883,426,1.0307,0.5245,0.9343,0.000302,0.9936,0.012,-0.2346,2.9977,-0.0534,652,0.000302,0.027725,0.2781,0.78105001,343,309,0.0012396161266283892,-0.0007389578409883669,FTM,5m,rsi_extreme,mean_reversion,4h,D,False,False
-23.3779,-34.1549,-1.0,-1.0,13215,0.6605,0.4105,0.9486,-0.001076,0.8809,0.243,0.2598,5.8868,-1.0,13224,-0.001076,0.00736,-16.8152,0.0,6446,6778,-0.0009957125229213214,-0.0011528809889096018,FTM,5m,momentum,trend,15m,F,False,False
-5.8895,-8.5793,-1.0124,-0.9874,4108,0.8295,0.4544,0.9961,-0.000912,0.959,0.0755,0.0815,4.9006,-0.9841,4109,-0.000912,0.013801,-4.2362,2.323e-05,1973,2136,-0.0006544164615544762,-0.0011500843546940324,FTM,5m,momentum,trend,1h,F,False,False
-1.2017,-1.9051,-1.0118,-0.874,1101,0.9319,0.4792,1.0129,-0.000675,1.0672,0.0203,0.3411,2.4837,-0.6724,1104,-0.000675,0.025949,-0.8644,0.38756439,553,551,0.00014862836892926844,-0.0015017227266894582,FTM,5m,momentum,trend,4h,F,False,False
-10.115,-14.0106,-1.0213,-0.9785,3652,0.7018,0.4123,1.0003,-0.000994,0.9586,0.0672,-0.3603,14.7574,-0.9767,3655,-0.000994,0.008261,-7.2755,0.0,1813,1842,-0.0008016984739964189,-0.001183615689584221,FTM,5m,range_breakout,trend,15m,F,False,False
-4.2183,-6.1149,-1.0778,-0.9181,2154,0.8289,0.4473,1.0241,-0.00098,1.1038,0.0396,0.0676,6.4399,-0.9052,2155,-0.00098,0.014997,-3.0342,0.00244097,1053,1102,-0.00032370509593422034,-0.0016075344775455904,FTM,5m,range_breakout,trend,1h,F,False,False
-1.7334,-2.3999,-1.1444,-0.8102,903,0.891,0.473,0.9925,-0.00112,0.8808,0.0167,-0.1993,4.5879,-0.7421,909,-0.00112,0.027096,-1.2468,0.21279987,439,470,2.0950189005188204e-05,-0.0021866396254586746,FTM,5m,range_breakout,trend,4h,F,False,False
-13.0792,-19.2846,-1.0066,-0.9934,5511,0.7,0.4211,0.9623,-0.000839,0.9158,0.1026,0.2152,6.2554,-0.9919,5583,-0.000839,0.006668,-9.4076,0.0,2792,2791,-0.0007248197450756405,-0.0009541853904798204,FTM,5m,macd_scalp,trend,15m,F,False,False
-7.788,-11.0198,-1.0111,-0.9887,3017,0.7515,0.4479,0.9264,-0.001343,0.8275,0.0555,-0.0161,3.508,-0.9867,3021,-0.001343,0.013173,-5.6017,2e-08,1538,1483,-0.0009960993221759511,-0.0017017920896611183,FTM,5m,macd_scalp,trend,1h,F,False,False
-1.5491,-2.0746,-1.0624,-0.8645,1006,0.9059,0.4737,1.0066,-0.000931,0.9956,0.0185,-0.4728,3.928,-0.7266,1007,-0.000931,0.026524,-1.1142,0.26545612,524,483,5.946105359885653e-05,-0.0020061369252267723,FTM,5m,macd_scalp,trend,4h,F,False,False
-4.832,-6.2617,-1.3915,-0.567,716,0.6952,0.4568,0.8267,-0.001069,0.7523,0.0134,-0.4135,3.0147,-0.5529,729,-0.001069,0.008304,-3.4756,0.00053997,341,388,-0.0005776549028320452,-0.0015007154589725508,FTM,5m,keltner_mr,mean_reversion,15m,F,False,False
-1.5602,-2.1307,-1.3439,-0.467,593,0.8772,0.495,0.8947,-0.000719,0.9131,0.0111,-0.1155,10.2442,-0.4001,606,-0.000719,0.015762,-1.1222,0.26222861,286,320,-0.0001504309421287691,-0.0012262393215870145,FTM,5m,keltner_mr,mean_reversion,1h,F,False,False
-1.5037,-1.9827,-1.3304,-0.605,417,0.8644,0.4965,0.8767,-0.001541,0.889,0.0078,-0.4214,2.6535,-0.5706,427,-0.001541,0.029435,-1.0816,0.2800632,215,212,-0.00015311235094863033,-0.0029477814245435978,FTM,5m,keltner_mr,mean_reversion,4h,F,False,False
-10.7755,-15.5465,-1.0839,-0.9144,2139,0.6291,0.396,0.9594,-0.0011,0.883,0.0399,-0.0435,3.8576,-0.9129,2174,-0.0011,0.006617,-7.7506,0.0,1101,1073,-0.0011047769347581706,-0.0010948819248003784,FTM,5m,dual_ema_adx,trend,15m,F,False,False
-4.6259,-6.2856,-1.1436,-0.854,1510,0.7813,0.45,0.9548,-0.001188,0.9092,0.0278,-0.2465,6.3713,-0.8568,1511,-0.001188,0.013884,-3.3273,0.0008981,755,756,-0.001187813148229739,-0.001189085997086786,FTM,5m,dual_ema_adx,trend,1h,F,False,False
-2.8588,-3.82,-1.1249,-0.8536,529,0.8189,0.4993,0.821,-0.001861,0.8392,0.0141,-0.5312,2.1095,-0.8113,765,-0.001861,0.02503,-2.0563,0.04009247,377,388,-0.0021423516064159732,-0.001587451633900436,FTM,5m,dual_ema_adx,trend,4h,F,False,False
-6.5161,-9.0968,-1.1413,-0.8528,1752,0.7158,0.4041,1.0555,-0.001024,1.0083,0.0323,-0.3506,17.1663,-0.8466,1757,-0.001024,0.009161,-4.6868,2.99e-06,878,879,-0.0008768598029855556,-0.0011715479822065748,FTM,5m,vol_spike_brk,trend,15m,F,False,False
-4.545,-6.4929,-1.1164,-0.8787,1310,0.7663,0.4333,1.0024,-0.001436,1.0869,0.0241,0.1594,7.0041,-0.8712,1311,-0.001436,0.015901,-3.2691,0.00110679,662,649,-0.0009466677225072774,-0.0019345038912816433,FTM,5m,vol_spike_brk,trend,1h,F,False,False
-2.5321,-3.6097,-1.1169,-0.8612,722,0.8254,0.4368,1.0642,-0.001915,0.9864,0.0134,-0.1143,4.852,-0.8156,728,-0.001915,0.028372,-1.8213,0.06897548,368,360,-0.0008728656120483562,-0.0029805981055042374,FTM,5m,vol_spike_brk,trend,4h,F,False,False
-10.8251,-13.6312,-1.0544,-0.9449,2028,0.5996,0.4052,0.8801,-0.00139,0.7793,0.0374,-0.7459,12.1994,-0.9449,2036,-0.00139,0.008053,-7.7862,0.0,1047,989,-0.0013419403556213761,-0.0014402363352610285,FTM,5m,stoch_cross,mean_reversion,15m,F,False,False
-4.7714,-6.4851,-1.1228,-0.8724,1402,0.778,0.4657,0.8926,-0.001242,0.8165,0.0276,-0.065,5.5101,-0.8665,1501,-0.001242,0.014024,-3.4319,0.00061559,763,738,-0.0012102482477901269,-0.0012754696442382049,FTM,5m,stoch_cross,mean_reversion,1h,F,False,False
-3.6261,-4.8886,-1.0981,-0.8975,684,0.7676,0.4673,0.875,-0.002556,0.9238,0.0138,-0.4291,2.9254,-0.8881,749,-0.002556,0.026824,-2.6082,0.00928455,380,369,-0.0017969259000905557,-0.003338315991178584,FTM,5m,stoch_cross,mean_reversion,4h,F,False,False
-24.9167,-32.1041,-1.0,-1.0,23780,0.6096,0.4129,0.8667,-0.000938,0.7698,0.2069,-1.6315,52.6501,-1.0,23789,-0.000938,0.005553,-26.0526,0.0,12175,11614,-0.0009550989332806747,-0.0009199434382360061,NEAR,5m,vwap_mr,mean_reversion,15m,F,False,False
-7.3982,-9.6032,-0.9995,-0.9996,7646,0.7746,0.4559,0.9245,-0.000945,0.8686,0.0665,-1.0783,20.5022,-0.9995,7649,-0.000945,0.010683,-7.7355,0.0,3940,3709,-0.0009150220015774281,-0.0009766105656992428,NEAR,5m,vwap_mr,mean_reversion,1h,F,False,False
-3.5465,-4.7455,-0.9933,-0.9824,2247,0.7985,0.4635,0.9241,-0.001598,0.8783,0.0195,-0.126,10.623,-0.9829,2248,-0.001598,0.020438,-3.7082,0.00021383,1175,1073,-0.001583991108931956,-0.0016142703596829107,NEAR,5m,vwap_mr,mean_reversion,4h,F,False,False
-19.2561,-24.5931,-1.0,-1.0,12911,0.588,0.3977,0.8906,-0.000999,0.792,0.1135,-2.4996,87.4154,-1.0,13049,-0.000999,0.005667,-20.134,0.0,6576,6473,-0.001021089745683843,-0.0009760619584589928,NEAR,5m,stoch_rsi,mean_reversion,15m,F,False,False
-6.047,-8.2434,-0.9977,-0.9978,6641,0.7986,0.4571,0.9484,-0.000826,0.9072,0.058,-0.5067,14.5472,-0.9972,6672,-0.000826,0.010671,-6.3226,0.0,3402,3270,-0.0008638350396689946,-0.0007867005927601608,NEAR,5m,stoch_rsi,mean_reversion,1h,F,False,False
-2.2758,-3.0627,-0.9602,-0.9583,1812,0.8656,0.4882,0.9074,-0.00106,0.9499,0.0188,-0.4616,4.919,-0.9369,2163,-0.00106,0.020718,-2.3795,0.01742102,1097,1066,-0.001284616511705106,-0.0008288714705711805,NEAR,5m,stoch_rsi,mean_reversion,4h,F,False,False
-27.0525,-35.1579,-1.0,-1.0,30975,0.58,0.3824,0.9369,-0.001038,0.8029,0.27,-1.8704,1447.5868,-1.0,31045,-0.001038,0.006467,-28.2859,0.0,15028,16017,-0.0010510528518970627,-0.0010260374478648691,NEAR,5m,ema_ribbon,trend,15m,F,False,False
-8.2182,-12.0387,-0.9999,-0.9999,8782,0.768,0.4403,0.9764,-0.000972,0.8929,0.0767,0.7101,12.9736,-0.9999,8815,-0.000972,0.010621,-8.5929,0.0,4259,4556,-0.0010157149218675918,-0.0009313135062452522,NEAR,5m,ema_ribbon,trend,1h,F,False,False
-1.1189,-1.4625,-0.9204,-0.9327,2220,0.9237,0.474,1.0249,-0.000595,1.022,0.0204,0.2761,118.331,-0.882,2348,-0.000595,0.024632,-1.1699,0.24215039,1146,1202,-0.0007643462687668443,-0.00043300833224870075,NEAR,5m,ema_ribbon,trend,4h,F,False,False
-7.3015,-10.0534,-0.9782,-0.9295,2849,0.6562,0.4245,0.8894,-0.000892,0.767,0.025,0.3911,13.3845,-0.9274,2876,-0.000892,0.006266,-7.6344,0.0,1420,1456,-0.00081121296739255,-0.0009709549811706071,NEAR,5m,rsi_extreme,mean_reversion,15m,F,False,False
-2.6588,-3.5924,-0.9429,-0.8432,2209,0.8433,0.4657,0.9674,-0.000705,0.8479,0.0194,-0.1866,6.8963,-0.8232,2231,-0.000705,0.01197,-2.7801,0.00548043,1108,1123,-0.0003645195274007086,-0.001040009294285605,NEAR,5m,rsi_extreme,mean_reversion,1h,F,False,False
-1.2461,-1.6884,-0.8286,-0.8452,1131,0.905,0.483,0.9686,-0.000763,0.9766,0.0115,-0.3807,3.4713,-0.7322,1327,-0.000763,0.021339,-1.3029,0.1928371,673,654,-0.00041431662115160234,-0.0011222361646911734,NEAR,5m,rsi_extreme,mean_reversion,4h,F,False,False
-25.7458,-37.703,-1.0,-1.0,23975,0.6064,0.3936,0.9343,-0.001037,0.8159,0.2095,1.2699,40.9601,-1.0,24095,-0.001037,0.005982,-26.9196,0.0,11852,12243,-0.0010314080715280467,-0.0010433383127160586,NEAR,5m,momentum,trend,15m,F,False,False
-7.8378,-10.2202,-0.9999,-1.0,8163,0.7396,0.4323,0.9711,-0.001169,0.9181,0.0711,0.7008,363.9604,-1.0,8181,-0.001169,0.012907,-8.1951,0.0,3995,4186,-0.0012007695533938151,-0.0011394474637422636,NEAR,5m,momentum,trend,1h,F,False,False
-1.0497,-1.5456,-0.9108,-0.8523,2214,0.9371,0.4801,1.0147,-0.000488,0.9405,0.0199,0.2225,11.0238,-0.8054,2289,-0.000488,0.021284,-1.0975,0.27251845,1135,1154,-0.0006366602000957338,-0.00034230727777678495,NEAR,5m,momentum,trend,4h,F,False,False
-15.3443,-22.7815,-0.9999,-0.9999,7338,0.5689,0.3735,0.9542,-0.001213,0.8192,0.064,1.8636,58.0914,-0.9999,7362,-0.001213,0.006486,-16.0439,0.0,3645,3717,-0.001244478979394452,-0.0011818884031772315,NEAR,5m,range_breakout,trend,15m,F,False,False
-6.7435,-10.1547,-0.9975,-0.9967,4467,0.7377,0.4197,1.0198,-0.001194,0.939,0.0389,0.9616,15.7528,-0.9964,4479,-0.001194,0.011334,-7.0509,0.0,2205,2274,-0.0012606790040766008,-0.0011295390561968633,NEAR,5m,range_breakout,trend,1h,F,False,False
-2.2558,-3.6518,-0.9733,-0.9367,1878,0.8563,0.444,1.0724,-0.001177,0.9913,0.0164,1.2835,13.7081,-0.9295,1883,-0.001177,0.02165,-2.3586,0.01844419,906,977,-0.0010634897259142705,-0.0012818155408260042,NEAR,5m,range_breakout,trend,4h,F,False,False
-21.2775,-29.7895,-1.0,-1.0,11869,0.5583,0.3855,0.89,-0.001073,0.7677,0.1032,0.0635,8.2879,-1.0,11871,-0.001073,0.005257,-22.2476,0.0,5925,5946,-0.0011024728902384634,-0.0010443980001833232,NEAR,5m,macd_scalp,trend,15m,F,False,False
-8.4603,-12.1422,-0.9996,-0.9996,6455,0.7264,0.4341,0.9467,-0.001163,0.8683,0.0562,0.7565,15.7196,-0.9996,6461,-0.001163,0.010565,-8.846,0.0,3253,3208,-0.0011848148933068007,-0.001140255404541128,NEAR,5m,macd_scalp,trend,1h,F,False,False
-3.154,-4.327,-0.9881,-0.9753,2131,0.8148,0.4639,0.9417,-0.001482,0.9052,0.0185,-0.4772,12.17,-0.9734,2132,-0.001482,0.020744,-3.2978,0.00099057,1065,1067,-0.0016911655652347745,-0.0012724164588702805,NEAR,5m,macd_scalp,trend,4h,F,False,False
-2.9659,-2.5019,-0.9622,-0.824,1367,0.6269,0.4354,0.813,-0.001136,0.7931,0.0119,-23.1441,737.4781,-0.8211,1369,-0.001136,0.013549,-3.1011,0.00196758,627,742,-0.001540914942668229,-0.0007929956815665028,NEAR,5m,keltner_mr,mean_reversion,15m,F,False,False
-0.3483,-0.4062,-0.4655,-0.4899,823,0.9675,0.5004,0.9658,-0.000146,0.9224,0.0101,-2.5286,42.6153,-0.2465,1167,-0.000146,0.013699,-0.3642,0.71577604,544,623,-0.00010945678718611259,-0.00017800012361546112,NEAR,5m,keltner_mr,mean_reversion,1h,F,False,False
-0.6211,-0.8438,-0.6092,-0.735,625,0.9404,0.5081,0.9105,-0.000494,0.9166,0.0075,-0.3474,5.2223,-0.4775,868,-0.000494,0.022431,-0.6494,0.51624966,414,454,0.00011606646056076533,-0.0010511172342245292,NEAR,5m,keltner_mr,mean_reversion,4h,F,False,False
-12.6686,-18.1415,-0.9958,-0.9924,4577,0.5754,0.3876,0.909,-0.001045,0.7584,0.0398,0.1197,5.1052,-0.9922,4579,-0.001045,0.00534,-13.2462,0.0,2302,2277,-0.0010819869505631476,-0.0010083019598965154,NEAR,5m,dual_ema_adx,trend,15m,F,False,False
-6.1625,-8.8014,-0.99,-0.9818,3080,0.7295,0.4347,0.9486,-0.001142,0.9009,0.0284,0.0636,4.5186,-0.9799,3271,-0.001142,0.010135,-6.4435,0.0,1662,1609,-0.0012551232408238393,-0.0010248733155522462,NEAR,5m,dual_ema_adx,trend,1h,F,False,False
-3.1466,-4.6585,-0.9841,-0.9551,1644,0.7969,0.4419,1.0063,-0.001659,0.9643,0.0143,0.3986,6.2128,-0.9538,1645,-0.001659,0.020449,-3.2901,0.00102271,847,798,-0.001929189747978729,-0.0013717599561174165,NEAR,5m,dual_ema_adx,trend,4h,F,False,False
-8.7412,-12.9382,-0.9917,-0.9842,3063,0.5908,0.3724,0.9955,-0.001282,0.8322,0.027,2.4369,63.3644,-0.983,3104,-0.001282,0.007813,-9.1397,0.0,1490,1614,-0.0012156872131690079,-0.0013427089116781726,NEAR,5m,vol_spike_brk,trend,15m,F,False,False
-4.9623,-7.5456,-0.9877,-0.9672,2430,0.7338,0.4137,1.0399,-0.001317,0.8732,0.0212,1.3526,19.523,-0.9666,2434,-0.001317,0.012526,-5.1886,2.3e-07,1156,1278,-0.0011844124503130324,-0.0014375754973520078,NEAR,5m,vol_spike_brk,trend,1h,F,False,False
-2.1584,-3.267,-0.9801,-0.8975,1429,0.8434,0.4441,1.0556,-0.001357,1.0067,0.0125,0.4789,6.3441,-0.9012,1432,-0.001357,0.022756,-2.2568,0.02416944,673,759,-0.0015607348079285396,-0.0011766143128219952,NEAR,5m,vol_spike_brk,trend,4h,F,False,False
-11.815,-14.6543,-0.995,-0.9898,4169,0.5689,0.4132,0.8078,-0.001081,0.7323,0.0363,-1.1878,15.9626,-0.9897,4172,-0.001081,0.005653,-12.3536,0.0,2115,2057,-0.001209744378799508,-0.0009488236896357536,NEAR,5m,stoch_cross,mean_reversion,15m,F,False,False
-5.8257,-8.4095,-0.9892,-0.9792,3106,0.7388,0.4435,0.9269,-0.001151,0.8313,0.0273,0.1185,3.8256,-0.9773,3134,-0.001151,0.010579,-6.0913,0.0,1607,1527,-0.0011605399010646165,-0.0011410985760812748,NEAR,5m,stoch_cross,mean_reversion,1h,F,False,False
-2.3569,-2.6261,-0.9745,-0.9479,1524,0.8222,0.4791,0.8941,-0.001468,0.8686,0.0137,-4.9242,102.6987,-0.94,1576,-0.001468,0.023656,-2.4644,0.01383029,832,744,-0.0019101168646090529,-0.0009745931785486747,NEAR,5m,stoch_cross,mean_reversion,4h,F,False,False
-19.6791,-21.6126,-1.0,-1.0,23309,0.6262,0.4343,0.8155,-0.00092,0.737,0.2028,-16.107,1613.931,-1.0,23318,-0.00092,0.006829,-20.5762,0.0,11922,11396,-0.0009742436767299796,-0.0008635356482098945,OP,5m,vwap_mr,mean_reversion,15m,F,False,False
-4.7578,-5.5456,-0.9988,-0.9992,7571,0.8153,0.4778,0.8912,-0.000788,0.8557,0.0659,-2.7884,569.3858,-0.9988,7577,-0.000788,0.013785,-4.9747,6.7e-07,3887,3690,-0.0009727210868038153,-0.0005929870651251754,OP,5m,vwap_mr,mean_reversion,1h,F,False,False
-2.2895,-2.8593,-0.9718,-0.9647,2080,0.8615,0.4815,0.9279,-0.001107,0.9116,0.0195,-1.3818,21.7952,-0.9517,2239,-0.001107,0.021878,-2.3939,0.01675086,1142,1097,-0.0018215137334213316,-0.00036283987200085564,OP,5m,vwap_mr,mean_reversion,4h,F,False,False
-17.8153,-19.2116,-1.0,-1.0,12678,0.5723,0.4053,0.8396,-0.00109,0.769,0.1115,-16.4676,959.5491,-1.0,12819,-0.00109,0.006626,-18.6275,0.0,6451,6368,-0.0012234055340328382,-0.0009549678583395689,OP,5m,stoch_rsi,mean_reversion,15m,F,False,False
-6.4784,-9.8809,-0.9991,-0.9995,6597,0.7671,0.4516,0.9315,-0.001014,0.857,0.0576,6.6252,238.3397,-0.9992,6623,-0.001014,0.012183,-6.7737,0.0,3306,3317,-0.0012764137272651397,-0.0007525199343203385,OP,5m,stoch_rsi,mean_reversion,1h,F,False,False
-2.3278,-3.1298,-0.9579,-0.9595,2066,0.8637,0.4784,0.9418,-0.001069,0.87,0.0187,-0.3897,3.2699,-0.936,2151,-0.001069,0.020362,-2.434,0.01501574,1104,1047,-0.0016467419869042252,-0.0004590111791993301,OP,5m,stoch_rsi,mean_reversion,4h,F,False,False
-26.749,-38.9614,-1.0,-1.0,30949,0.5886,0.3905,0.9188,-0.001048,0.8195,0.2698,12.6059,1414.9661,-1.0,31029,-0.001048,0.006602,-27.9685,0.0,15169,15860,-0.0010876762550674805,-0.0010104078981867423,OP,5m,ema_ribbon,trend,15m,F,False,False
-8.7941,-13.0619,-1.0,-1.0,8788,0.7352,0.4318,0.9672,-0.001189,0.9171,0.0767,5.0374,213.9137,-1.0,8818,-0.001189,0.012138,-9.195,0.0,4303,4515,-0.001374002356084204,-0.001011795408821615,OP,5m,ema_ribbon,trend,1h,F,False,False
-0.7423,-1.1275,-0.7884,-0.9355,2134,0.9537,0.4819,1.0254,-0.000366,1.003,0.0204,1.5591,26.1734,-0.7683,2347,-0.000366,0.022858,-0.7762,0.43771887,1154,1193,-0.0009515444701839476,0.00019995141149003947,OP,5m,ema_ribbon,trend,4h,F,False,False
-6.3836,-10.149,-0.9788,-0.9465,2813,0.6463,0.4313,0.8523,-0.000976,0.7266,0.0247,9.1207,276.3353,-0.9423,2838,-0.000976,0.007786,-6.6746,0.0,1459,1379,-0.0011102562172801702,-0.0008329747307583702,OP,5m,rsi_extreme,mean_reversion,15m,F,False,False
-3.4477,-4.795,-0.9596,-0.9125,2131,0.7933,0.4688,0.8991,-0.000955,0.7773,0.0192,1.5178,34.7789,-0.8976,2208,-0.000955,0.012448,-3.6049,0.00031919,1134,1074,-0.0011432662069257816,-0.0007561917249983819,OP,5m,rsi_extreme,mean_reversion,1h,F,False,False
-3.6735,-4.6373,-0.9783,-0.9767,1254,0.7391,0.4679,0.8405,-0.002322,0.7844,0.0115,-1.0789,11.8725,-0.9667,1323,-0.002322,0.021987,-3.8409,0.00012837,675,648,-0.0030210062706410943,-0.001593523700611797,OP,5m,rsi_extreme,mean_reversion,4h,F,False,False
-24.0945,-36.5874,-1.0,-1.0,24718,0.584,0.3913,0.9085,-0.001153,0.8102,0.2159,13.5799,1242.6812,-1.0,24831,-0.001153,0.00721,-25.193,0.0,12162,12669,-0.0011863277195535249,-0.0011205310731567434,OP,5m,momentum,trend,15m,F,False,False
-7.429,-7.6562,-1.0,-1.0,8294,0.7416,0.4461,0.9209,-0.001177,0.8921,0.0721,-13.4176,519.2247,-1.0,8297,-0.001177,0.013798,-7.7677,0.0,4114,4183,-0.0013479371663650467,-0.0010081637636133386,OP,5m,momentum,trend,1h,F,False,False
-3.0241,-3.2971,-0.993,-0.9929,2301,0.809,0.4714,0.9073,-0.001656,0.9542,0.0201,-5.5058,106.9711,-0.9906,2306,-0.001656,0.025152,-3.162,0.00158744,1111,1195,-0.0022389883952017384,-0.0011143433026379011,OP,5m,momentum,trend,4h,F,False,False
-11.8754,-23.0272,-0.9997,-0.9998,6829,0.5895,0.3667,1.0182,-0.001186,0.8596,0.0594,18.3238,891.4358,-0.9998,6832,-0.001186,0.007894,-12.4168,0.0,3376,3456,-0.0013296654426360967,-0.0010454969491385249,OP,5m,range_breakout,trend,15m,F,False,False
-5.8186,-9.4435,-0.9966,-0.994,4263,0.7553,0.4312,0.9964,-0.001126,0.9868,0.0371,3.7166,89.782,-0.9939,4265,-0.001126,0.012082,-6.0839,0.0,2095,2170,-0.0013212946810799832,-0.0009365452744776495,OP,5m,range_breakout,trend,1h,F,False,False
-1.3312,-2.3058,-0.9353,-0.8666,1841,0.9097,0.4502,1.1112,-0.000734,1.1039,0.0161,2.0927,25.3553,-0.8378,1846,-0.000734,0.022669,-1.3919,0.16411413,909,937,-0.0014180887534876758,-7.112925981671678e-05,OP,5m,range_breakout,trend,4h,F,False,False
-20.5789,-28.9804,-1.0,-1.0,11755,0.5692,0.3975,0.8626,-0.001087,0.7793,0.1022,0.0207,7.9974,-1.0,11758,-0.001087,0.005479,-21.5171,0.0,5897,5861,-0.0011810909723047468,-0.0009926700583278202,OP,5m,macd_scalp,trend,15m,F,False,False
-7.2305,-10.8164,-0.9992,-0.9993,6324,0.7562,0.451,0.9207,-0.001046,0.8513,0.056,2.9901,82.6325,-0.9992,6444,-0.001046,0.01111,-7.5601,0.0,3257,3187,-0.0012599878469139447,-0.0008279120982354426,OP,5m,macd_scalp,trend,1h,F,False,False
-1.1647,-1.8037,-0.9084,-0.8742,1972,0.9278,0.4773,1.0161,-0.000574,0.9843,0.0186,0.8303,8.2088,-0.8224,2135,-0.000574,0.021784,-1.2178,0.22343184,1096,1039,-0.0009540321334224272,-0.00017341252885478932,OP,5m,macd_scalp,trend,4h,F,False,False
-1.7556,-1.5465,-0.948,-0.7985,1270,0.6899,0.4496,0.8444,-0.000959,0.811,0.0111,-17.2138,641.1504,-0.787,1281,-0.000959,0.018702,-1.8356,0.0666498,646,635,-0.0013599873257584875,-0.0005513654772217275,OP,5m,keltner_mr,mean_reversion,15m,F,False,False
-2.1048,-2.0892,-0.8883,-0.7716,1054,0.7859,0.4658,0.9013,-0.001022,0.774,0.0095,-7.3536,149.0962,-0.7176,1097,-0.001022,0.015379,-2.2008,0.02795973,558,539,-0.0011892134099411454,-0.0008486141953861181,OP,5m,keltner_mr,mean_reversion,1h,F,False,False
-0.8122,-1.0348,-0.7387,-0.7139,761,0.9136,0.5,0.9136,-0.000715,0.9355,0.0071,-0.7967,14.4476,-0.5593,812,-0.000715,0.024001,-0.8493,0.39598017,400,412,-0.00180281244590505,0.00034050615952368216,OP,5m,keltner_mr,mean_reversion,4h,F,False,False
-12.1541,-16.0749,-0.9962,-0.9937,4578,0.5777,0.3999,0.867,-0.001063,0.8075,0.0405,-1.0972,22.5117,-0.9935,4659,-0.001063,0.005709,-12.7083,0.0,2331,2328,-0.0010307067914921146,-0.0010952158106793278,OP,5m,dual_ema_adx,trend,15m,F,False,False
-4.5697,-5.1288,-0.9894,-0.9759,3280,0.7612,0.4496,0.932,-0.001038,0.9277,0.0285,-6.1974,178.353,-0.9748,3283,-0.001038,0.012445,-4.7781,1.85e-06,1638,1645,-0.0011929042175199307,-0.0008833844636230377,OP,5m,dual_ema_adx,trend,1h,F,False,False
-3.1556,-3.97,-0.9792,-0.9746,1640,0.7899,0.4699,0.8911,-0.00178,0.9191,0.0145,-1.1333,13.3648,-0.9657,1662,-0.00178,0.021996,-3.2995,0.0009891,864,798,-0.0026148861146282733,-0.0008764812174374458,OP,5m,dual_ema_adx,trend,4h,F,False,False
-6.4608,-14.1054,-0.9912,-0.9795,2893,0.607,0.3651,1.0555,-0.001287,0.839,0.0252,19.5915,738.472,-0.9791,2895,-0.001287,0.010253,-6.7554,0.0,1384,1511,-0.0015341833646588517,-0.0010611590669106431,OP,5m,vol_spike_brk,trend,15m,F,False,False
-5.6392,-9.6056,-0.9935,-0.9835,2290,0.6819,0.397,1.0355,-0.001708,0.9264,0.0199,4.6655,95.347,-0.9839,2292,-0.001708,0.013868,-5.8963,0.0,1101,1191,-0.0020636483392175694,-0.0013792290837656928,OP,5m,vol_spike_brk,trend,1h,F,False,False
-1.1132,-1.8786,-0.8633,-0.8265,1387,0.913,0.4443,1.142,-0.000721,1.0979,0.0121,1.5506,15.9658,-0.7451,1391,-0.000721,0.023092,-1.1639,0.24465173,678,713,-0.0015114894825910834,3.135587138398742e-05,OP,5m,vol_spike_brk,trend,4h,F,False,False
-9.217,-11.7203,-0.9887,-0.9746,3924,0.6342,0.4274,0.8496,-0.000903,0.7903,0.0342,-0.9402,15.1349,-0.9732,3933,-0.000903,0.005875,-9.6372,0.0,2009,1924,-0.0011144225026091142,-0.0006819661691224795,OP,5m,stoch_cross,mean_reversion,15m,F,False,False
-3.202,-4.3551,-0.9579,-0.9109,2964,0.8361,0.471,0.939,-0.000695,0.8736,0.0258,-0.1634,8.1611,-0.8948,2968,-0.000695,0.011301,-3.348,0.00082413,1524,1444,-0.0008688169345902902,-0.0005105660146363086,OP,5m,stoch_cross,mean_reversion,1h,F,False,False
-1.2548,-1.8318,-0.8877,-0.8164,1491,0.9111,0.4823,0.9781,-0.000705,1.0336,0.0133,0.0676,2.3017,-0.7559,1524,-0.000705,0.020974,-1.312,0.1897329,770,754,-0.0015208630984558968,0.00012841246780068304,OP,5m,stoch_cross,mean_reversion,4h,F,False,False
-22.7329,-24.9993,-1.0,-1.0,24118,0.5878,0.4125,0.8373,-0.000993,0.726,0.2098,-16.2785,1461.7706,-1.0,24124,-0.000993,0.006486,-23.769,0.0,12201,11923,-0.0010174907932640482,-0.0009671377439616419,ARB,5m,vwap_mr,mean_reversion,15m,F,False,False
-7.3057,-9.143,-0.9996,-0.9997,7662,0.7694,0.4575,0.9123,-0.000958,0.8153,0.0671,-1.4137,45.653,-0.9996,7716,-0.000958,0.011016,-7.6386,0.0,3916,3800,-0.0010563068575533,-0.000856660635091201,ARB,5m,vwap_mr,mean_reversion,1h,F,False,False
-1.8087,-2.4233,-0.9312,-0.9539,2240,0.8938,0.4885,0.9361,-0.00084,0.9168,0.0196,-0.3491,5.8465,-0.909,2252,-0.00084,0.021076,-1.8912,0.0587292,1146,1106,-0.0012191085824854375,-0.0004470218829523956,ARB,5m,vwap_mr,mean_reversion,4h,F,False,False
-18.8855,-21.1853,-1.0,-1.0,13126,0.5682,0.4009,0.8489,-0.001047,0.7419,0.1143,-11.9713,642.3414,-1.0,13139,-0.001047,0.006081,-19.7462,0.0,6595,6544,-0.0010720040924177127,-0.001022785486378254,ARB,5m,stoch_rsi,mean_reversion,15m,F,False,False
-6.215,-8.5626,-0.9984,-0.9985,6349,0.7889,0.4497,0.9654,-0.000876,0.8914,0.0585,0.0464,20.9843,-0.9982,6731,-0.000876,0.011064,-6.4982,0.0,3411,3320,-0.0008972003042344757,-0.0008548356309579771,ARB,5m,stoch_rsi,mean_reversion,1h,F,False,False
-0.9601,-1.3445,-0.8524,-0.8563,1816,0.9408,0.4769,1.0318,-0.000445,1.0407,0.0189,-0.2146,4.7856,-0.761,2168,-0.000445,0.020663,-1.0038,0.3155819,1082,1086,-0.0008550690405381529,-3.735566145725935e-05,ARB,5m,stoch_rsi,mean_reversion,4h,F,False,False
-28.7112,-41.862,-1.0,-1.0,30934,0.5891,0.3798,0.9622,-0.001001,0.8378,0.2696,3.9515,400.987,-1.0,30999,-0.001001,0.005874,-30.0198,0.0,15113,15886,-0.001024676601687212,-0.0009794239006944904,ARB,5m,ema_ribbon,trend,15m,F,False,False
-7.2638,-11.1683,-0.9997,-0.9997,8812,0.7882,0.4342,1.0269,-0.000867,0.9765,0.0766,1.8528,43.5017,-0.9997,8813,-0.000867,0.010718,-7.5948,0.0,4282,4531,-0.0009442388296128896,-0.0007941738393739147,ARB,5m,ema_ribbon,trend,1h,F,False,False
-1.323,-1.9837,-0.9313,-0.9051,2149,0.9189,0.473,1.0239,-0.000624,0.9879,0.0204,1.3442,26.4424,-0.8679,2351,-0.000624,0.021883,-1.3833,0.16670323,1133,1218,-0.001021195049797774,-0.0002551124229281623,ARB,5m,ema_ribbon,trend,4h,F,False,False
-6.886,-10.8726,-0.9851,-0.9545,2886,0.6167,0.4108,0.8845,-0.001038,0.7403,0.0251,10.4464,339.4836,-0.9541,2887,-0.001038,0.007749,-7.1998,0.0,1468,1419,-0.0010868105555676421,-0.0009881809094272281,ARB,5m,rsi_extreme,mean_reversion,15m,F,False,False
-2.4123,-4.0689,-0.9479,-0.8845,2218,0.8192,0.4725,0.9145,-0.000784,0.7898,0.0196,12.4738,387.2504,-0.8637,2256,-0.000784,0.014761,-2.5223,0.01172807,1136,1120,-0.000706773136221466,-0.0008620267576895051,ARB,5m,rsi_extreme,mean_reversion,1h,F,False,False
-2.682,-3.3733,-0.9814,-0.9186,1341,0.8,0.4732,0.8908,-0.001649,0.7987,0.0117,-0.9344,11.2871,-0.9206,1342,-0.001649,0.021548,-2.8042,0.00511636,661,681,-0.0023216134928556054,-0.000997091048651947,ARB,5m,rsi_extreme,mean_reversion,4h,F,False,False
-21.0556,-33.5637,-1.0,-1.0,23672,0.6152,0.387,0.9744,-0.001009,0.8338,0.2069,14.5478,1113.3224,-1.0,23790,-0.001009,0.007067,-22.0152,0.0,11655,12135,-0.0009899211203257365,-0.0010267610463405028,ARB,5m,momentum,trend,15m,F,False,False
-8.3744,-10.4946,-0.9999,-1.0,8132,0.738,0.4287,0.9833,-0.001162,0.9131,0.0708,-4.9194,195.8402,-1.0,8140,-0.001162,0.011974,-8.7561,0.0,3973,4167,-0.0012499271330951294,-0.0010782697873374253,ARB,5m,momentum,trend,1h,F,False,False
-3.4992,-3.942,-0.9937,-0.9951,1920,0.7868,0.4533,0.9488,-0.001833,0.9906,0.0198,-4.23,74.3021,-0.9926,2281,-0.001833,0.023926,-3.6587,0.00025922,1130,1151,-0.0022355523039576317,-0.0014376147887708336,ARB,5m,momentum,trend,4h,F,False,False
-11.227,-20.4334,-0.9996,-0.9995,7395,0.6285,0.3668,1.085,-0.001007,0.8689,0.0643,12.4451,528.1064,-0.9995,7397,-0.001007,0.007375,-11.7387,0.0,3587,3810,-0.0010533468079864524,-0.0009625941652310199,ARB,5m,range_breakout,trend,15m,F,False,False
-5.2551,-8.638,-0.9941,-0.9908,4493,0.7819,0.4176,1.0905,-0.000953,0.9639,0.0391,2.7798,53.0134,-0.9899,4502,-0.000953,0.011637,-5.4946,4e-08,2170,2332,-0.0008672209753176302,-0.001032698727556784,ARB,5m,range_breakout,trend,1h,F,False,False
-1.8055,-2.7641,-0.9697,-0.9053,1881,0.8811,0.4634,1.0202,-0.000972,0.9794,0.0164,1.1499,16.7482,-0.8996,1886,-0.000972,0.02235,-1.8878,0.05920599,907,979,-0.0011597159467606683,-0.0007972282457671523,ARB,5m,range_breakout,trend,4h,F,False,False
-19.4662,-27.4937,-1.0,-1.0,11705,0.5828,0.3962,0.8883,-0.000985,0.7809,0.1018,0.1205,7.4809,-1.0,11707,-0.000985,0.005238,-20.3534,0.0,5899,5808,-0.001014397998988396,-0.0009558046061268429,ARB,5m,macd_scalp,trend,15m,F,False,False
-7.5608,-11.2881,-0.9992,-0.9992,6432,0.7478,0.4414,0.9463,-0.001043,0.8375,0.056,2.1907,54.2295,-0.9992,6445,-0.001043,0.010595,-7.9054,0.0,3236,3209,-0.0010907279569302693,-0.0009954057894762064,ARB,5m,macd_scalp,trend,1h,F,False,False
-2.4671,-3.5752,-0.9752,-0.9543,2117,0.8513,0.4649,0.98,-0.00116,0.8968,0.0184,0.555,10.2998,-0.9458,2121,-0.00116,0.020715,-2.5796,0.00995959,1072,1049,-0.0010251360384442732,-0.0012983161690539459,ARB,5m,macd_scalp,trend,4h,F,False,False
-2.6855,-2.2679,-0.9753,-0.9258,1584,0.5839,0.426,0.7868,-0.001309,0.7386,0.0139,-25.5049,957.3334,-0.922,1594,-0.001309,0.018606,-2.8079,0.00504748,791,803,-0.001571056863338295,-0.0010499553526867797,ARB,5m,keltner_mr,mean_reversion,15m,F,False,False
-3.7792,-3.9206,-0.9605,-0.8991,1313,0.6861,0.4545,0.8236,-0.001532,0.6869,0.0116,-4.851,89.0562,-0.8867,1329,-0.001532,0.014132,-3.9515,8.176e-05,655,674,-0.0016406809618072563,-0.0014258758612518989,ARB,5m,keltner_mr,mean_reversion,1h,F,False,False
-1.6352,-2.1003,-0.9077,-0.7958,739,0.849,0.4888,0.8877,-0.001238,0.8948,0.0082,-0.4271,9.8783,-0.7536,941,-0.001238,0.022217,-1.7097,0.0876474,456,485,-0.0019191740239270173,-0.0005980824085876529,ARB,5m,keltner_mr,mean_reversion,4h,F,False,False
-12.1114,-17.2067,-0.9951,-0.99,4624,0.5864,0.3833,0.9437,-0.00098,0.8164,0.0402,-0.2526,12.9647,-0.9899,4626,-0.00098,0.005263,-12.6634,0.0,2308,2318,-0.0009802351613235622,-0.0009797190493307862,ARB,5m,dual_ema_adx,trend,15m,F,False,False
-4.8599,-5.794,-0.9884,-0.9734,3277,0.753,0.4461,0.9349,-0.00102,0.8573,0.0286,-3.8745,105.2347,-0.972,3284,-0.00102,0.011501,-5.0814,4e-07,1669,1615,-0.001357332385399341,-0.000670969699754273,ARB,5m,dual_ema_adx,trend,1h,F,False,False
-1.7188,-2.2493,-0.9671,-0.8735,1653,0.8776,0.474,0.9739,-0.000981,0.947,0.0144,-0.4528,12.5752,-0.8695,1654,-0.000981,0.022206,-1.7971,0.07249461,844,810,-0.0015020035394014899,-0.00043867569892629284,ARB,5m,dual_ema_adx,trend,4h,F,False,False
-6.7564,-13.0763,-0.9913,-0.9791,3203,0.6281,0.3649,1.0935,-0.001161,0.8427,0.0279,14.0016,479.3618,-0.9788,3204,-0.001161,0.009306,-7.0644,0.0,1484,1720,-0.001398007126609933,-0.0009573878404512668,ARB,5m,vol_spike_brk,trend,15m,F,False,False
-4.8069,-8.0135,-0.9895,-0.9674,2477,0.7326,0.3998,1.1001,-0.001307,0.9428,0.0216,3.4376,61.9505,-0.9681,2479,-0.001307,0.012949,-5.0259,5.4e-07,1159,1320,-0.001429759441057627,-0.0011995019119771533,ARB,5m,vol_spike_brk,trend,1h,F,False,False
-0.6315,-1.0072,-0.9132,-0.6595,1453,0.9495,0.465,1.0926,-0.000413,1.1202,0.0127,1.463,17.7123,-0.635,1456,-0.000413,0.023853,-0.6603,0.50915814,692,764,-0.0009969472901294966,0.00011636140087149913,ARB,5m,vol_spike_brk,trend,4h,F,False,False
-9.9724,-12.3681,-0.9909,-0.985,4194,0.6151,0.4139,0.8708,-0.000953,0.7668,0.0365,-1.0741,17.0545,-0.9831,4201,-0.000953,0.005923,-10.4269,0.0,2099,2102,-0.0009044097652944543,-0.0010010604208437227,ARB,5m,stoch_cross,mean_reversion,15m,F,False,False
-4.7986,-6.3567,-0.9795,-0.968,3009,0.7689,0.4605,0.9008,-0.000979,0.7996,0.0271,-0.0449,11.1682,-0.9606,3114,-0.000979,0.010885,-5.0173,5.5e-07,1556,1558,-0.0010663479828285519,-0.0008910619706917656,ARB,5m,stoch_cross,mean_reversion,1h,F,False,False
-1.9572,-2.5247,-0.9383,-0.9033,1487,0.8631,0.4865,0.9112,-0.001074,0.9302,0.0138,-0.7135,6.8276,-0.872,1587,-0.001074,0.020898,-2.0464,0.04087682,812,775,-0.0011739712731377138,-0.0009683588784175367,ARB,5m,stoch_cross,mean_reversion,4h,F,False,False
-18.4904,-21.3118,-1.0,-1.0,22908,0.6129,0.4227,0.8369,-0.000943,0.7276,0.1993,-6.0103,1993.0161,-1.0,22917,-0.000943,0.007384,-19.3333,0.0,11708,11209,-0.0009505838181940335,-0.000935068732109184,SUI,5m,vwap_mr,mean_reversion,15m,F,False,False
-8.0637,-9.7084,-0.9998,-0.9998,7509,0.746,0.47,0.8411,-0.001074,0.7814,0.0653,-1.4011,26.2176,-0.9998,7512,-0.001074,0.011039,-8.4313,0.0,3846,3666,-0.0010736088819059014,-0.00107419880791694,SUI,5m,vwap_mr,mean_reversion,1h,F,False,False
-2.7801,-3.3203,-0.9876,-0.9697,2235,0.8363,0.4933,0.859,-0.001311,0.8,0.0195,-1.0829,6.6879,-0.9684,2238,-0.001311,0.021339,-2.9068,0.00368737,1161,1077,-0.0015740529561978787,-0.0010278283391757573,SUI,5m,vwap_mr,mean_reversion,4h,F,False,False
-19.8753,-23.4745,-1.0,-1.0,13206,0.5625,0.3968,0.8552,-0.001075,0.7408,0.1149,-7.1543,333.7422,-1.0,13212,-0.001075,0.005944,-20.7814,0.0,6642,6570,-0.0010072224113526955,-0.0011428864730562269,SUI,5m,stoch_rsi,mean_reversion,15m,F,False,False
-4.0417,-8.7992,-0.9987,-0.9987,6719,0.7977,0.4502,0.9743,-0.000856,0.8235,0.0585,25.3734,1107.9824,-0.9985,6722,-0.000856,0.016616,-4.2259,2.411e-05,3423,3299,-0.0008499274461921196,-0.0008632445878885352,SUI,5m,stoch_rsi,mean_reversion,1h,F,False,False
-2.3802,-3.1781,-0.9759,-0.9572,2161,0.856,0.4794,0.9294,-0.001142,0.9805,0.0188,-0.3909,8.0306,-0.9488,2165,-0.001142,0.021354,-2.4888,0.01289392,1076,1089,-0.001319168801516944,-0.0009672904021657134,SUI,5m,stoch_rsi,mean_reversion,4h,F,False,False
-24.8284,-32.7864,-1.0,-1.0,30892,0.5855,0.3788,0.9602,-0.001026,0.8227,0.2694,4.5682,1897.3862,-1.0,30982,-0.001026,0.006958,-25.9603,0.0,14939,16043,-0.0010322928983506916,-0.0010207050009133575,SUI,5m,ema_ribbon,trend,15m,F,False,False
-8.0087,-11.7517,-0.9999,-0.9999,8810,0.7662,0.419,1.0624,-0.000988,0.9719,0.0766,0.6409,26.7356,-0.9999,8811,-0.000988,0.011069,-8.3739,0.0,4255,4556,-0.0010285675433869834,-0.0009491504668657105,SUI,5m,ema_ribbon,trend,1h,F,False,False
-0.2421,-0.37,-0.699,-0.7991,1975,0.984,0.4764,1.0817,-0.00012,1.0942,0.0204,1.8081,47.867,-0.591,2347,-0.00012,0.023019,-0.2531,0.80018971,1115,1232,-0.0003258657259994736,6.579091113621942e-05,SUI,5m,ema_ribbon,trend,4h,F,False,False
-6.826,-10.3345,-0.9833,-0.9451,2799,0.6317,0.4217,0.8665,-0.001004,0.723,0.0244,7.0648,201.7551,-0.9448,2808,-0.001004,0.007456,-7.1372,0.0,1445,1363,-0.0007338139485132066,-0.0012909950740362444,SUI,5m,rsi_extreme,mean_reversion,15m,F,False,False
-3.7753,-4.86,-0.9706,-0.9357,2079,0.7646,0.4873,0.8044,-0.001119,0.7356,0.0188,1.1689,39.6228,-0.9265,2165,-0.001119,0.013187,-3.9475,8.151e-05,1119,1046,-0.0005339670733815141,-0.0017443630526262843,SUI,5m,rsi_extreme,mean_reversion,1h,F,False,False
-1.5192,-1.9673,-0.9208,-0.8488,1241,0.8759,0.495,0.8937,-0.001015,0.7575,0.0113,0.631,19.216,-0.8105,1299,-0.001015,0.023038,-1.5884,0.11243365,668,631,-0.00032259498501434043,-0.0017486956501130586,SUI,5m,rsi_extreme,mean_reversion,4h,F,False,False
-19.9604,-27.2716,-1.0,-1.0,23655,0.6089,0.3849,0.9732,-0.001052,0.8371,0.2069,5.887,1584.0863,-1.0,23789,-0.001052,0.007777,-20.8704,0.0,11686,12103,-0.0010330954083706465,-0.0010708759039023952,SUI,5m,momentum,trend,15m,F,False,False
-8.0531,-12.8339,-0.9999,-0.9999,8101,0.7592,0.426,1.0228,-0.001075,0.9078,0.0706,1.8777,28.4581,-0.9999,8119,-0.001075,0.011499,-8.4203,0.0,4000,4119,-0.0011476472279973152,-0.0010035524734804471,SUI,5m,momentum,trend,1h,F,False,False
-2.7332,-4.0203,-0.9809,-0.975,2278,0.8407,0.4562,1.0022,-0.001274,0.9574,0.0198,0.44,6.2165,-0.9675,2282,-0.001274,0.021298,-2.8578,0.00430458,1142,1140,-0.0016555087311916957,-0.0008920808194728253,SUI,5m,momentum,trend,4h,F,False,False
-11.6725,-18.9806,-0.9996,-0.9996,7442,0.6271,0.3731,1.0537,-0.001025,0.9223,0.065,7.2169,274.9131,-0.9996,7470,-0.001025,0.007262,-12.2046,0.0,3675,3795,-0.001049689888048333,-0.001001976068866495,SUI,5m,range_breakout,trend,15m,F,False,False
-5.3244,-8.6446,-0.994,-0.9915,4434,0.7807,0.4116,1.1163,-0.000974,1.0507,0.0387,1.4829,19.5639,-0.9903,4449,-0.000974,0.011666,-5.5671,3e-08,2181,2268,-0.0009942272557445404,-0.000953881116339706,SUI,5m,range_breakout,trend,1h,F,False,False
-2.7726,-4.2303,-0.9864,-0.9671,1889,0.823,0.4369,1.0605,-0.001516,1.0211,0.0165,0.8471,12.48,-0.9654,1895,-0.001516,0.022769,-2.899,0.00378625,937,958,-0.0017058086732488775,-0.0013310545786814915,SUI,5m,range_breakout,trend,4h,F,False,False
-18.8387,-26.6088,-1.0,-1.0,11688,0.5864,0.3902,0.9166,-0.000991,0.8162,0.1018,0.3045,10.3292,-1.0,11705,-0.000991,0.005441,-19.6976,0.0,5840,5865,-0.001011886878421732,-0.0009696038149885771,SUI,5m,macd_scalp,trend,15m,F,False,False
-6.339,-9.375,-0.9976,-0.9984,6349,0.7832,0.4487,0.9624,-0.000879,0.8777,0.0562,1.52,30.2761,-0.9976,6459,-0.000879,0.010661,-6.628,0.0,3229,3230,-0.0009985568393525446,-0.0007598414404045427,SUI,5m,macd_scalp,trend,1h,F,False,False
-4.1799,-5.6493,-0.9943,-0.9936,2127,0.7577,0.4547,0.9086,-0.002033,0.8636,0.0185,0.0686,8.6054,-0.992,2131,-0.002033,0.021472,-4.3704,1.3e-05,1058,1073,-0.002183009658335393,-0.0018847881557182127,SUI,5m,macd_scalp,trend,4h,F,False,False
-1.9015,-1.786,-0.9729,-0.9029,1514,0.6447,0.4376,0.8284,-0.001138,0.7477,0.0132,-12.5376,703.6535,-0.9002,1515,-0.001138,0.022272,-1.9882,0.04697097,756,759,-0.0009076270853628102,-0.0013667320733610734,SUI,5m,keltner_mr,mean_reversion,15m,F,False,False
-2.5576,-2.9212,-0.8705,-0.8442,1232,0.7838,0.4846,0.8337,-0.001047,0.7643,0.011,-2.132,41.5731,-0.7658,1265,-0.001047,0.013929,-2.6742,0.00758675,644,621,-0.0006952323097773391,-0.0014124625685663335,SUI,5m,keltner_mr,mean_reversion,1h,F,False,False
-0.9002,-1.1997,-0.6791,-0.8011,600,0.9118,0.4786,0.9934,-0.000694,0.9789,0.0079,-0.0793,8.5234,-0.5762,911,-0.000694,0.022243,-0.9412,0.34684304,473,438,9.208916841575707e-05,-0.0015421469831397526,SUI,5m,keltner_mr,mean_reversion,4h,F,False,False
-12.9272,-17.9331,-0.9968,-0.9951,4565,0.5526,0.3698,0.9418,-0.001114,0.7723,0.0405,-0.0686,17.7677,-0.9948,4654,-0.001114,0.005624,-13.5165,0.0,2337,2317,-0.0012423244252444206,-0.0009850419922058887,SUI,5m,dual_ema_adx,trend,15m,F,False,False
-6.8962,-8.7766,-0.9942,-0.9924,3069,0.6846,0.4353,0.8881,-0.001365,0.817,0.0288,-0.8587,18.7346,-0.991,3308,-0.001365,0.010885,-7.2106,0.0,1676,1632,-0.0015786587066476947,-0.00114489902900436,SUI,5m,dual_ema_adx,trend,1h,F,False,False
-3.5517,-4.4998,-0.9904,-0.9742,1648,0.766,0.4554,0.9161,-0.001968,0.8159,0.0144,-0.7282,7.5422,-0.9742,1658,-0.001968,0.021574,-3.7137,0.00021104,852,806,-0.002102931199219595,-0.0018245586304950262,SUI,5m,dual_ema_adx,trend,4h,F,False,False
-6.8102,-11.8425,-0.9906,-0.9786,3479,0.6542,0.3783,1.0749,-0.001058,0.8704,0.0303,8.942,272.8,-0.9779,3481,-0.001058,0.008765,-7.1206,0.0,1631,1850,-0.0009943795775912022,-0.0011138329853817466,SUI,5m,vol_spike_brk,trend,15m,F,False,False
-5.0512,-8.137,-0.9901,-0.9748,2626,0.7355,0.402,1.0942,-0.001315,0.9487,0.0228,1.6016,19.9716,-0.9745,2627,-0.001315,0.012765,-5.2815,1.4e-07,1235,1392,-0.0011890820695735823,-0.0014273838610383122,SUI,5m,vol_spike_brk,trend,1h,F,False,False
-2.6508,-3.8397,-0.9843,-0.9428,1519,0.8114,0.4347,1.0553,-0.001625,1.0399,0.0132,0.2105,7.0071,-0.9437,1523,-0.001625,0.022882,-2.7716,0.0056455,738,785,-0.002052261756535181,-0.0012235269212251473,SUI,5m,vol_spike_brk,trend,4h,F,False,False
-9.6476,-12.6156,-0.9898,-0.9808,3961,0.611,0.4181,0.8502,-0.000956,0.7304,0.0345,0.4016,21.4043,-0.979,3963,-0.000956,0.005969,-10.0874,0.0,2000,1963,-0.0008321532602596919,-0.0010831364571447662,SUI,5m,stoch_cross,mean_reversion,15m,F,False,False
-3.5918,-4.5727,-0.97,-0.922,3014,0.8167,0.4819,0.878,-0.000753,0.8769,0.0262,-0.8297,13.8183,-0.9143,3015,-0.000753,0.011017,-3.7555,0.00017625,1548,1467,-0.0005330239025588025,-0.0009861238421871627,SUI,5m,stoch_cross,mean_reversion,1h,F,False,False
-1.9853,-2.6682,-0.9259,-0.9226,1390,0.8585,0.4795,0.9319,-0.001137,0.8715,0.0134,-0.1137,5.0619,-0.8782,1537,-0.001137,0.021476,-2.0758,0.03807443,795,742,-0.0011117406932513228,-0.001164290976530795,SUI,5m,stoch_cross,mean_reversion,4h,F,False,False
-26.2083,-29.2715,-1.0,-1.0,22837,0.5436,0.4044,0.8007,-0.001006,0.6816,0.1987,-11.2951,792.1726,-1.0,22846,-0.001006,0.005549,-27.4029,0.0,11126,11720,-0.0010396112344130278,-0.0009740424136499369,DOGE,5m,vwap_mr,mean_reversion,15m,F,False,False
-8.9814,-11.0833,-0.9997,-0.9997,7486,0.72,0.4604,0.8438,-0.001048,0.759,0.0651,-0.794,14.5143,-0.9997,7489,-0.001048,0.00966,-9.3908,0.0,3668,3821,-0.0011456472750327096,-0.0009548611883971264,DOGE,5m,vwap_mr,mean_reversion,1h,F,False,False
-4.4143,-5.7848,-0.9945,-0.987,2217,0.7544,0.4689,0.8545,-0.001797,0.7719,0.0193,-0.296,5.3937,-0.9873,2218,-0.001797,0.018336,-4.6155,4.15e-06,1079,1139,-0.0019504546757646414,-0.001651489494331587,DOGE,5m,vwap_mr,mean_reversion,4h,F,False,False
-19.1679,-21.0523,-1.0,-1.0,13349,0.531,0.3853,0.8472,-0.001006,0.7056,0.1162,-16.1193,1133.3148,-1.0,13362,-0.001006,0.005802,-20.0416,0.0,6723,6639,-0.0010201631431782426,-0.0009915875990325822,DOGE,5m,stoch_rsi,mean_reversion,15m,F,False,False
-6.6591,-9.7249,-0.9979,-0.9986,6576,0.7626,0.4389,0.9751,-0.000857,0.9304,0.0592,3.6881,109.9571,-0.9979,6813,-0.000857,0.010155,-6.9627,0.0,3497,3316,-0.0008314873825162734,-0.00088312626615401,DOGE,5m,stoch_rsi,mean_reversion,1h,F,False,False
-3.5703,-4.707,-0.9835,-0.98,2113,0.7938,0.457,0.9431,-0.001492,0.9186,0.0189,-0.5336,6.3505,-0.9734,2175,-0.001492,0.018635,-3.7331,0.00019402,1110,1065,-0.0015716655458198052,-0.0014081705288232311,DOGE,5m,stoch_rsi,mean_reversion,4h,F,False,False
-31.6345,-47.5896,-1.0,-1.0,30817,0.5461,0.3583,0.9782,-0.001009,0.822,0.2685,8.6671,693.5132,-1.0,30876,-0.001009,0.005362,-33.0764,0.0,15396,15480,-0.001022972203111922,-0.0009956823249095336,DOGE,5m,ema_ribbon,trend,15m,F,False,False
-8.9619,-13.2327,-0.9998,-0.9998,8790,0.7417,0.4119,1.059,-0.00095,0.9502,0.0766,1.0272,22.2482,-0.9998,8813,-0.00095,0.009521,-9.3704,0.0,4403,4410,-0.001010111853870838,-0.0008906946951442777,DOGE,5m,ema_ribbon,trend,1h,F,False,False
-0.3803,-0.5805,-0.605,-0.8245,1772,0.9767,0.4648,1.1244,-0.000152,1.1242,0.0204,0.4625,5.4793,-0.5301,2347,-0.000152,0.018482,-0.3976,0.69093913,1154,1193,-0.00032118234667182627,1.224660548073206e-05,DOGE,5m,ema_ribbon,trend,4h,F,False,False
-4.9738,-4.3433,-0.9871,-0.9635,2867,0.577,0.4242,0.7832,-0.001068,0.6793,0.0249,-29.0248,1333.5837,-0.9631,2869,-0.001068,0.010998,-5.2005,2.1e-07,1523,1346,-0.0011596812330018319,-0.0009638422570842183,DOGE,5m,rsi_extreme,mean_reversion,15m,F,False,False
-4.1517,-4.732,-0.9689,-0.9254,2201,0.747,0.4682,0.8484,-0.001044,0.8018,0.0194,-2.4123,39.1422,-0.9164,2234,-0.001044,0.011368,-4.3409,1.482e-05,1181,1053,-0.0009922597469663602,-0.0011020692405463606,DOGE,5m,rsi_extreme,mean_reversion,1h,F,False,False
-3.3439,-4.3106,-0.9696,-0.9449,1250,0.7546,0.4598,0.8865,-0.001881,0.8638,0.0114,-0.5029,5.4523,-0.9335,1307,-0.001881,0.019447,-3.4963,0.00048751,685,622,-0.0020188304657689903,-0.001728675252579722,DOGE,5m,rsi_extreme,mean_reversion,4h,F,False,False
-25.1338,-37.4935,-1.0,-1.0,20713,0.5811,0.3719,0.9816,-0.001046,0.8347,0.1807,1.4775,50.8199,-1.0,20779,-0.001046,0.005736,-26.2794,0.0,10352,10427,-0.0010423442969837297,-0.0010491473971581083,DOGE,5m,momentum,trend,15m,F,False,False
-9.6384,-12.4405,-0.9999,-0.9999,7514,0.7032,0.4144,0.9939,-0.001218,0.9517,0.0655,-2.6003,79.0515,-0.9999,7537,-0.001218,0.010489,-10.0778,0.0,3677,3860,-0.0012372902099308935,-0.0011987419064953906,DOGE,5m,momentum,trend,1h,F,False,False
-1.4749,-2.1952,-0.9178,-0.869,2187,0.9102,0.4663,1.0416,-0.000614,1.0148,0.0192,0.401,6.2311,-0.8255,2213,-0.000614,0.018728,-1.5421,0.12318814,1081,1132,-0.0009224946217767955,-0.0003192393577332849,DOGE,5m,momentum,trend,4h,F,False,False
-15.7516,-26.0656,-0.9998,-0.9998,7340,0.5576,0.3404,1.0804,-0.001124,0.8721,0.0638,3.652,90.5869,-0.9998,7341,-0.001124,0.005848,-16.4695,0.0,3630,3711,-0.001227275204585512,-0.0010230587615574715,DOGE,5m,range_breakout,trend,15m,F,False,False
-6.6244,-10.5511,-0.996,-0.9941,4496,0.7313,0.3968,1.1117,-0.001067,1.0048,0.0392,1.9355,30.2582,-0.9936,4506,-0.001067,0.010339,-6.9263,0.0,2215,2291,-0.0010028068741186687,-0.0011286474622557796,DOGE,5m,range_breakout,trend,1h,F,False,False
-2.3126,-3.1965,-0.962,-0.9194,1883,0.8514,0.447,1.0531,-0.001065,0.9866,0.0164,-0.1906,5.4983,-0.9055,1888,-0.001065,0.019133,-2.4181,0.01569798,913,975,-0.0010652716969404474,-0.0010642445063906904,DOGE,5m,range_breakout,trend,4h,F,False,False
-22.1317,-31.3282,-1.0,-1.0,11782,0.534,0.3655,0.9268,-0.001001,0.7448,0.1031,0.3743,10.2117,-1.0,11859,-0.001001,0.004709,-23.1405,0.0,5884,5975,-0.0009778244278644836,-0.0010232782513566168,DOGE,5m,macd_scalp,trend,15m,F,False,False
-7.9225,-11.5435,-0.9987,-0.9987,6362,0.7347,0.4298,0.9748,-0.000961,0.882,0.0563,1.4378,28.6494,-0.9985,6478,-0.000961,0.009339,-8.2836,0.0,3253,3225,-0.0010367335264968506,-0.0008848498944865314,DOGE,5m,macd_scalp,trend,1h,F,False,False
-3.6343,-5.2549,-0.9838,-0.9796,1969,0.7873,0.4478,0.9707,-0.001531,0.9123,0.0185,0.5225,7.8398,-0.9734,2128,-0.001531,0.01858,-3.8,0.00014879,1051,1077,-0.0018014923966849711,-0.0012660667975330944,DOGE,5m,macd_scalp,trend,4h,F,False,False
-2.7189,-2.2924,-0.9616,-0.8415,1454,0.6047,0.4376,0.7772,-0.001092,0.6619,0.0127,-24.0105,828.1331,-0.8364,1458,-0.001092,0.01467,-2.8428,0.0045336,737,721,-0.0011865878834214077,-0.0009957023844872172,DOGE,5m,keltner_mr,mean_reversion,15m,F,False,False
-2.8516,-3.2214,-0.8977,-0.8049,1048,0.7561,0.4765,0.8308,-0.001058,0.7735,0.0107,-2.6187,45.4117,-0.7539,1232,-0.001058,0.012451,-2.9816,0.00292365,625,607,-0.0011165194936372704,-0.0009970507512102615,DOGE,5m,keltner_mr,mean_reversion,1h,F,False,False
-1.6453,-2.2499,-0.8621,-0.7808,761,0.8448,0.4861,0.8933,-0.001159,0.8288,0.0078,0.1482,6.1416,-0.7055,897,-0.001159,0.020169,-1.7203,0.08571961,447,450,-0.0009324419031440973,-0.0013831088999387265,DOGE,5m,keltner_mr,mean_reversion,4h,F,False,False
-14.5739,-20.0694,-0.9964,-0.9934,4684,0.5112,0.348,0.9578,-0.001058,0.7852,0.0408,-0.2028,17.0324,-0.9934,4687,-0.001058,0.004753,-15.2381,0.0,2401,2286,-0.001146983406775527,-0.0009642852096062999,DOGE,5m,dual_ema_adx,trend,15m,F,False,False
-4.659,-4.5458,-0.9901,-0.9828,3324,0.7097,0.4217,0.9732,-0.001082,0.9102,0.0289,-18.789,767.5952,-0.9808,3327,-0.001082,0.012817,-4.8713,1.16e-06,1729,1598,-0.0013411824636400354,-0.0008025943204344947,DOGE,5m,dual_ema_adx,trend,1h,F,False,False
-3.2284,-4.3142,-0.9836,-0.9412,1670,0.7833,0.4452,0.976,-0.001528,0.8515,0.0145,-0.2966,10.0703,-0.9417,1671,-0.001528,0.0185,-3.3755,0.00075359,883,788,-0.0021588625344472197,-0.000820288026289643,DOGE,5m,dual_ema_adx,trend,4h,F,False,False
-8.9701,-14.9989,-0.9923,-0.9805,3542,0.6108,0.356,1.1051,-0.001087,0.8994,0.0309,4.2165,94.3099,-0.9807,3551,-0.001087,0.006909,-9.3789,0.0,1637,1914,-0.0012128907380452387,-0.000980094262712385,DOGE,5m,vol_spike_brk,trend,15m,F,False,False
-4.931,-8.1117,-0.9855,-0.9634,2692,0.7369,0.3872,1.1664,-0.001145,0.9947,0.0234,2.2975,31.1693,-0.9617,2694,-0.001145,0.011525,-5.1558,2.7e-07,1247,1447,-0.0010809798607470595,-0.0011997799869394713,DOGE,5m,vol_spike_brk,trend,1h,F,False,False
-1.5846,-2.3561,-0.9114,-0.8464,1389,0.8825,0.4487,1.0845,-0.000853,1.0386,0.0133,0.4063,6.169,-0.8007,1529,-0.000853,0.020123,-1.6569,0.09774996,719,810,-0.0010137049236567395,-0.0007097412984524621,DOGE,5m,vol_spike_brk,trend,4h,F,False,False
-10.8454,-13.9553,-0.9854,-0.9697,3579,0.5642,0.4152,0.7947,-0.000937,0.6696,0.0312,0.0887,14.3697,-0.9667,3584,-0.000937,0.004946,-11.3397,0.0,1725,1859,-0.0009718777188770641,-0.000904427299116232,DOGE,5m,stoch_cross,mean_reversion,15m,F,False,False
-5.4421,-7.1875,-0.9816,-0.9616,2768,0.72,0.4462,0.8935,-0.001085,0.8418,0.0241,0.0868,11.1026,-0.9571,2772,-0.001085,0.010041,-5.6902,1e-08,1336,1436,-0.0010074568399846904,-0.0011575870179352018,DOGE,5m,stoch_cross,mean_reversion,1h,F,False,False
-2.983,-4.039,-0.9567,-0.9278,1404,0.7927,0.4697,0.8948,-0.001461,0.8303,0.0128,-0.1565,3.0026,-0.9083,1471,-0.001461,0.017969,-3.119,0.00185009,727,744,-0.001678302646759541,-0.0012491508000848355,DOGE,5m,stoch_cross,mean_reversion,4h,F,False,False
-30.756,-36.5574,-1.0,-1.0,23167,0.5083,0.3829,0.8191,-0.000968,0.6682,0.2015,-2.8606,82.5781,-1.0,23174,-0.000968,0.004584,-32.1573,0.0,11522,11652,-0.0009636543897638525,-0.0009731013361855833,XRP,5m,vwap_mr,mean_reversion,15m,F,False,False
-9.0218,-11.6128,-0.9994,-0.9995,7562,0.7092,0.4467,0.8786,-0.000952,0.7626,0.0658,0.6172,35.2571,-0.9994,7565,-0.000952,0.008774,-9.4328,0.0,3792,3773,-0.0009590688800098101,-0.0009439624806894338,XRP,5m,vwap_mr,mean_reversion,1h,F,False,False
-3.6781,-4.8336,-0.9873,-0.9703,2062,0.7736,0.475,0.8552,-0.001401,0.8175,0.0194,1.2768,32.308,-0.9687,2236,-0.001401,0.017228,-3.8457,0.00012357,1124,1112,-0.0013745808594413137,-0.0014278770855083104,XRP,5m,vwap_mr,mean_reversion,4h,F,False,False
-23.0916,-25.2739,-1.0,-1.0,13336,0.4735,0.3664,0.8188,-0.001049,0.6629,0.1161,-12.2693,619.4525,-1.0,13352,-0.001049,0.005023,-24.1437,0.0,6654,6698,-0.0010453780846915745,-0.0010535123411097216,XRP,5m,stoch_rsi,mean_reversion,15m,F,False,False
-8.6638,-10.6313,-0.999,-0.9992,6755,0.702,0.4298,0.9311,-0.000976,0.8184,0.0589,-2.2513,78.3353,-0.999,6770,-0.000976,0.008866,-9.0586,0.0,3344,3426,-0.0010226339476041965,-0.0009307465903300985,XRP,5m,stoch_rsi,mean_reversion,1h,F,False,False
-4.3522,-4.8515,-0.9919,-0.9852,2159,0.7293,0.4535,0.8791,-0.001735,0.8298,0.0189,-3.6828,67.734,-0.984,2170,-0.001735,0.017763,-4.5505,5.65e-06,1089,1081,-0.001928427300326165,-0.0015404436121526366,XRP,5m,stoch_rsi,mean_reversion,4h,F,False,False
-35.5169,-50.0702,-1.0,-1.0,30885,0.5024,0.3397,0.9768,-0.001003,0.7873,0.2688,3.9889,381.7803,-1.0,30913,-0.001003,0.004747,-37.1351,0.0,15349,15564,-0.0010081535793260018,-0.0009973230466550685,XRP,5m,ema_ribbon,trend,15m,F,False,False
-10.5905,-15.1833,-0.9999,-0.9999,8789,0.6916,0.4035,1.0224,-0.001018,0.9266,0.0766,1.0624,39.3224,-0.9999,8808,-0.001018,0.008629,-11.073,0.0,4375,4433,-0.00103743457166061,-0.0009990242040945326,XRP,5m,ema_ribbon,trend,1h,F,False,False
-1.8686,-2.3938,-0.9324,-0.9057,2296,0.8786,0.4535,1.0586,-0.000708,1.023,0.0204,-1.6127,46.3263,-0.8692,2346,-0.000708,0.017558,-1.9537,0.05085582,1192,1154,-0.000775244975442035,-0.000638979638704897,XRP,5m,ema_ribbon,trend,4h,F,False,False
-6.5282,-6.5013,-0.9857,-0.9588,2774,0.5361,0.4,0.8041,-0.001097,0.6545,0.0243,-12.3862,579.0023,-0.9581,2790,-0.001097,0.008489,-6.8257,0.0,1447,1343,-0.0009251199942574067,-0.0012820964413384941,XRP,5m,rsi_extreme,mean_reversion,15m,F,False,False
-5.1162,-5.6949,-0.9725,-0.9438,2110,0.6817,0.4542,0.8192,-0.001219,0.6934,0.0186,-2.1247,30.4393,-0.9349,2140,-0.001219,0.010546,-5.3493,1e-07,1116,1024,-0.0009423151275018574,-0.0015214830772529153,XRP,5m,rsi_extreme,mean_reversion,1h,F,False,False
-4.6085,-5.3872,-0.9819,-0.9606,1304,0.6707,0.4517,0.8141,-0.002237,0.7296,0.0114,-1.3491,10.0084,-0.9565,1315,-0.002237,0.016836,-4.8185,1.61e-06,668,647,-0.0023016293881551737,-0.0021703868067812857,XRP,5m,rsi_extreme,mean_reversion,4h,F,False,False
-23.6712,-36.9473,-1.0,-1.0,17764,0.5438,0.3608,0.9634,-0.001091,0.78,0.1546,6.9392,280.8873,-1.0,17773,-0.001091,0.005877,-24.7498,0.0,8828,8945,-0.0010742128939743136,-0.001107733422871094,XRP,5m,momentum,trend,15m,F,False,False
-10.4711,-14.826,-0.9998,-0.9999,6830,0.6657,0.4124,0.9485,-0.001271,0.8537,0.0596,1.0788,23.2648,-0.9999,6855,-0.001271,0.009614,-10.9482,0.0,3363,3492,-0.0012677873901436962,-0.0012745232115254877,XRP,5m,momentum,trend,1h,F,False,False
-1.8135,-2.6189,-0.8997,-0.8971,1860,0.8864,0.4671,1.0111,-0.000705,0.9382,0.0184,0.3657,6.4501,-0.8346,2115,-0.000705,0.01709,-1.8962,0.05807502,1065,1050,-0.0008809303138651382,-0.0005258437122204201,XRP,5m,momentum,trend,4h,F,False,False
-16.9623,-26.8781,-0.9998,-0.9998,7571,0.5089,0.3278,1.0436,-0.001092,0.7699,0.066,4.6369,120.3911,-0.9998,7587,-0.001092,0.005363,-17.7352,0.0,3721,3866,-0.0010636504211635211,-0.0011191176357363741,XRP,5m,range_breakout,trend,15m,F,False,False
-7.4081,-10.824,-0.9965,-0.9942,4561,0.6892,0.3895,1.0801,-0.001077,0.9231,0.0397,2.041,60.4727,-0.994,4562,-0.001077,0.009389,-7.7456,0.0,2249,2313,-0.0008374297357829043,-0.0013094405479066647,XRP,5m,range_breakout,trend,1h,F,False,False
-2.2296,-3.4304,-0.9807,-0.8641,1907,0.8485,0.4372,1.0922,-0.000926,1.0269,0.0166,1.1632,15.3953,-0.872,1912,-0.000926,0.01736,-2.3312,0.01984717,929,983,-0.0008376271462730199,-0.0010085599952237457,XRP,5m,range_breakout,trend,4h,F,False,False
-25.3259,-35.2677,-1.0,-1.0,11702,0.4817,0.3507,0.8918,-0.001013,0.7293,0.1021,0.216,12.4352,-1.0,11737,-0.001013,0.004143,-26.4798,0.0,5916,5821,-0.0010417236610104038,-0.0009831769966129385,XRP,5m,macd_scalp,trend,15m,F,False,False
-9.1969,-13.3273,-0.9991,-0.9989,6410,0.6859,0.4171,0.9586,-0.001015,0.8194,0.0561,2.6519,65.8755,-0.9989,6447,-0.001015,0.008475,-9.6159,0.0,3255,3192,-0.001175740192160846,-0.0008510726002491943,XRP,5m,macd_scalp,trend,1h,F,False,False
-1.397,-2.0088,-0.8681,-0.8473,1967,0.9067,0.4682,1.0297,-0.000541,0.9315,0.0185,1.8108,34.9903,-0.7663,2125,-0.000541,0.017062,-1.4606,0.144268,1042,1083,-0.0007182558084601274,-0.00036972632966384995,XRP,5m,macd_scalp,trend,4h,F,False,False
-4.4451,-3.8408,-0.965,-0.8228,1411,0.5054,0.4108,0.7249,-0.00117,0.622,0.0123,-21.0756,660.4764,-0.8222,1412,-0.00117,0.00946,-4.6477,3.67e-06,702,710,-0.0013716454627754045,-0.0009707098743680153,XRP,5m,keltner_mr,mean_reversion,15m,F,False,False
-3.1893,-3.9703,-0.905,-0.7482,1202,0.7331,0.4484,0.9018,-0.000969,0.7323,0.0105,-0.3448,26.4781,-0.7094,1211,-0.000969,0.010109,-3.3346,0.00088017,607,604,-0.0011666466630727633,-0.0007697850506148604,XRP,5m,keltner_mr,mean_reversion,1h,F,False,False
-1.2828,-2.1049,-0.701,-0.8172,731,0.858,0.4601,1.0066,-0.000879,0.9293,0.0076,4.1123,56.5521,-0.6054,878,-0.000879,0.019411,-1.3412,0.180193,431,447,-0.0004261718075163811,-0.0013148516617492332,XRP,5m,keltner_mr,mean_reversion,4h,F,False,False
-15.706,-23.1671,-0.9967,-0.9938,4588,0.455,0.331,0.9196,-0.001098,0.6794,0.0399,4.1165,117.543,-0.9938,4589,-0.001098,0.004528,-16.4216,0.0,2350,2239,-0.0011049689643920137,-0.00108992962052302,XRP,5m,dual_ema_adx,trend,15m,F,False,False
-6.6851,-8.8702,-0.9866,-0.9802,3055,0.6666,0.4196,0.9221,-0.001094,0.8289,0.0286,1.7442,104.2523,-0.976,3289,-0.001094,0.008974,-6.9897,0.0,1698,1591,-0.0012958845464301131,-0.0008780203404391755,XRP,5m,dual_ema_adx,trend,1h,F,False,False
-3.3837,-4.5284,-0.9801,-0.9269,1636,0.7598,0.4596,0.8935,-0.00145,0.8617,0.0143,1.0995,31.1965,-0.9267,1645,-0.00145,0.016626,-3.5379,0.00041456,853,792,-0.0017017898195853924,-0.00117930053825413,XRP,5m,dual_ema_adx,trend,4h,F,False,False
-9.2553,-15.2468,-0.9911,-0.9784,3377,0.5608,0.3387,1.095,-0.001109,0.8556,0.0294,5.199,111.3569,-0.9781,3378,-0.001109,0.006658,-9.677,0.0,1545,1833,-0.0009852565595752651,-0.0012124994120626734,XRP,5m,vol_spike_brk,trend,15m,F,False,False
-5.2609,-8.4405,-0.985,-0.9537,2537,0.703,0.386,1.1183,-0.001151,1.0031,0.0221,3.1687,59.2935,-0.9533,2539,-0.001151,0.010548,-5.5006,4e-08,1182,1357,-0.000650717747247062,-0.0015875735254829056,XRP,5m,vol_spike_brk,trend,1h,F,False,False
-3.187,-3.903,-0.9926,-0.9256,1475,0.759,0.4302,1.0053,-0.001667,0.98,0.0128,-2.0568,35.7901,-0.9357,1476,-0.001667,0.019215,-3.3322,0.00088307,691,785,-0.0016504341710419502,-0.0016807593162460317,XRP,5m,vol_spike_brk,trend,4h,F,False,False
-10.462,-12.5845,-0.987,-0.9711,3880,0.5481,0.3942,0.8422,-0.000883,0.6857,0.0337,-1.1827,51.955,-0.9691,3881,-0.000883,0.005026,-10.9387,0.0,1891,1990,-0.0008170620279394922,-0.0009447155380247988,XRP,5m,stoch_cross,mean_reversion,15m,F,False,False
-3.9087,-5.1386,-0.9538,-0.8986,2949,0.786,0.4481,0.9679,-0.00068,0.8862,0.0257,0.3426,25.7373,-0.8808,2950,-0.00068,0.009037,-4.0868,4.49e-05,1426,1524,-0.0004902067737673839,-0.0008576163967625851,XRP,5m,stoch_cross,mean_reversion,1h,F,False,False
-2.1204,-2.942,-0.8908,-0.9209,1121,0.825,0.466,0.9454,-0.001067,0.8227,0.0132,2.8263,59.2946,-0.8469,1515,-0.001067,0.018732,-2.217,0.02677093,739,776,-0.0006660678613806705,-0.0014487553847508357,XRP,5m,stoch_cross,mean_reversion,4h,F,False,False
-18.2721,-23.5995,-1.0,-1.0,18081,0.6124,0.4134,0.8691,-0.000975,0.7301,0.2123,13.4274,2201.8416,-1.0,18085,-0.000975,0.007978,-16.4414,0.0,9375,8710,-0.0009935932028019888,-0.0009556717864765365,RENDER,5m,vwap_mr,mean_reversion,15m,F,False,False
-7.2993,-8.7433,-1.0015,-0.998,5798,0.7722,0.4636,0.8934,-0.000994,0.8387,0.0681,-2.6501,57.4455,-0.9979,5800,-0.000994,0.01152,-6.568,0.0,3001,2799,-0.0010813331248838078,-0.0008994381006391987,RENDER,5m,vwap_mr,mean_reversion,1h,F,False,False
-2.9857,-3.5131,-1.0198,-0.9582,1661,0.8189,0.4661,0.9382,-0.001547,0.8898,0.0195,-2.2618,30.2265,-0.9532,1665,-0.001547,0.023501,-2.6866,0.00729042,892,773,-0.0016039573290272562,-0.0014819976338221383,RENDER,5m,vwap_mr,mean_reversion,4h,F,False,False
-11.7565,-10.4431,-1.0,-1.0,9558,0.5808,0.4,0.8714,-0.001073,0.7678,0.1123,-52.3191,4166.2958,-1.0,9561,-0.001073,0.009914,-10.5786,0.0,4782,4779,-0.0011569373185752062,-0.0009880953352891474,RENDER,5m,stoch_rsi,mean_reversion,15m,F,False,False
-8.0608,-9.5344,-1.0012,-0.9985,4924,0.7239,0.4397,0.9224,-0.001235,0.8516,0.0579,-3.8773,107.2894,-0.9984,4928,-0.001235,0.011952,-7.2532,0.0,2464,2464,-0.001419680425837165,-0.0010501269501133567,RENDER,5m,stoch_rsi,mean_reversion,1h,F,False,False
-2.5926,-3.6091,-1.0344,-0.9147,1590,0.8479,0.4641,0.9792,-0.001246,0.9806,0.0188,-0.1354,4.5064,-0.906,1601,-0.001246,0.021379,-2.3328,0.01978156,799,802,-0.0015840893957572773,-0.000910060730866913,RENDER,5m,stoch_rsi,mean_reversion,4h,F,False,False
-14.4587,-13.753,,-1.0,23028,0.5874,0.386,0.9342,-0.00108,0.8085,0.2711,-51.957,7307.1129,-1.0,23089,-0.00108,0.012613,-13.0102,0.0,11221,11868,-0.0010341952835523482,-0.0011231483541007902,RENDER,5m,ema_ribbon,trend,15m,F,False,False
-8.3353,-12.9046,-1.0005,-0.9994,6518,0.7604,0.4362,0.9828,-0.001051,0.9249,0.0767,2.0742,44.089,-0.9993,6536,-0.001051,0.011333,-7.5002,0.0,3145,3391,-0.0011141582071245543,-0.0009931073165503723,RENDER,5m,ema_ribbon,trend,1h,F,False,False
-1.6099,-1.31,,-1.6179,1662,0.7814,0.4715,0.8758,-0.002102,0.9406,0.0204,-27.3161,1060.5478,-1.1587,1739,-0.002102,0.060499,-1.4486,0.14762592,850,889,-0.001523415828298679,-0.002654403171744736,RENDER,5m,ema_ribbon,trend,4h,F,False,False
-2.9817,-8.5185,-1.0578,-0.8628,2078,0.7014,0.4174,0.979,-0.000858,0.7198,0.0246,31.9135,1292.1837,-0.8611,2094,-0.000858,0.014641,-2.683,0.00735424,1065,1029,-0.0004695007498456965,-0.001260951719004214,RENDER,5m,rsi_extreme,mean_reversion,15m,F,False,False
-1.9959,-3.5384,-1.0469,-0.8061,1596,0.8369,0.4756,0.9229,-0.000791,0.759,0.019,13.7894,396.8654,-0.7777,1617,-0.000791,0.017712,-1.7959,0.07269746,808,809,-0.0005348827451703581,-0.0010468694920481446,RENDER,5m,rsi_extreme,mean_reversion,1h,F,False,False
-2.0738,-2.5247,-0.9961,-0.8725,904,0.8391,0.5016,0.8339,-0.001425,0.9173,0.0113,-1.1288,9.6982,-0.8072,961,-0.001425,0.023677,-1.866,0.06234707,472,489,-0.002372625128588801,-0.0005107192947257233,RENDER,5m,rsi_extreme,mean_reversion,4h,F,False,False
-19.6251,-23.0688,-1.0,-1.0,18190,0.6069,0.3867,0.9625,-0.001095,0.8464,0.2143,-11.5955,1799.7473,-1.0,18251,-0.001095,0.008373,-17.6589,0.0,8973,9278,-0.0010958323681463705,-0.0010932317948339806,RENDER,5m,momentum,trend,15m,F,False,False
-9.9232,-14.6632,-1.0001,-0.9999,6070,0.7076,0.4265,0.9516,-0.001401,0.8375,0.0718,2.235,64.8722,-0.9999,6113,-0.001401,0.012266,-8.929,0.0,3055,3058,-0.0015696890249520807,-0.0012319992026196952,RENDER,5m,momentum,trend,1h,F,False,False
-1.8396,-3.0507,-1.0168,-0.9014,1626,0.8894,0.4696,1.0048,-0.000919,0.9994,0.0201,1.9373,22.1991,-0.866,1708,-0.000919,0.022949,-1.6553,0.098042,823,885,-0.0013637675055097533,-0.0005057634533956086,RENDER,5m,momentum,trend,4h,F,False,False
-9.3565,-19.6112,-1.0023,-0.9968,5552,0.6471,0.3729,1.088,-0.000982,0.8707,0.0655,22.9857,1136.5316,-0.9966,5580,-0.000982,0.008712,-8.4191,0.0,2789,2791,-0.0011403967190625924,-0.0008235624508853811,RENDER,5m,range_breakout,trend,15m,F,False,False
-4.9622,-8.3988,-1.0156,-0.9702,3344,0.7912,0.4369,1.0199,-0.000945,0.9116,0.0394,3.4844,65.028,-0.9673,3358,-0.000945,0.012262,-4.4651,8.27e-06,1673,1685,-0.0011453034160095396,-0.0007457261041251223,RENDER,5m,range_breakout,trend,1h,F,False,False
-0.9522,-1.7733,-1.086,-0.7383,1407,0.9262,0.4528,1.1193,-0.000606,1.0355,0.0165,6.5702,123.595,-0.7303,1409,-0.000606,0.02657,-0.8568,0.39170414,700,709,-0.0014803156493096502,0.00025626671190658485,RENDER,5m,range_breakout,trend,4h,F,False,False
-18.309,-25.7988,-1.0001,-0.9999,8798,0.601,0.3891,0.9434,-0.000985,0.8001,0.1033,-0.2779,23.3419,-0.9999,8799,-0.000985,0.005609,-16.4747,0.0,4432,4367,-0.0010232589130743173,-0.0009463261323693113,RENDER,5m,macd_scalp,trend,15m,F,False,False
-7.5621,-11.1133,-1.0026,-0.9965,4739,0.7451,0.4397,0.9493,-0.001117,0.8657,0.0562,2.157,60.6121,-0.9965,4787,-0.001117,0.011361,-6.8044,0.0,2402,2385,-0.0012479922584468018,-0.0009856524084838536,RENDER,5m,macd_scalp,trend,1h,F,False,False
-2.1704,-3.1603,-1.0079,-0.9161,1523,0.8678,0.4706,0.9764,-0.001077,1.0049,0.0185,0.4562,8.1076,-0.875,1579,-0.001077,0.021914,-1.953,0.05099844,766,813,-0.0014759293516525289,-0.0007012369880850931,RENDER,5m,macd_scalp,trend,4h,F,False,False
-0.6711,-0.8184,-1.0278,-0.8786,1225,0.8069,0.4437,1.0116,-0.00064,0.7735,0.0144,8.4051,601.8504,-0.8487,1226,-0.00064,0.037127,-0.6039,0.54603048,596,630,-0.00025576272594938343,-0.0010041365530859747,RENDER,5m,keltner_mr,mean_reversion,15m,F,False,False
-2.6905,-2.6038,-0.993,-0.8252,1009,0.7604,0.4805,0.8221,-0.001208,0.8811,0.012,-7.7404,152.9707,-0.7499,1026,-0.001208,0.015983,-2.4209,0.01565341,501,525,-0.0014357606448044834,-0.0009906721538836974,RENDER,5m,keltner_mr,mean_reversion,1h,F,False,False
-1.8497,-2.3559,-0.9852,-0.7842,649,0.8349,0.4804,0.9031,-0.001415,0.9597,0.0084,-0.8625,8.7227,-0.6985,714,-0.001415,0.022724,-1.6644,0.09647136,329,385,-0.0027383561521855267,-0.00028492313565210383,RENDER,5m,keltner_mr,mean_reversion,4h,F,False,False
-13.5041,-19.7452,-1.0106,-0.983,3406,0.55,0.3723,0.9274,-0.001174,0.7798,0.0401,0.7141,12.6175,-0.9829,3417,-0.001174,0.005649,-12.1511,0.0,1712,1705,-0.0012877578090079336,-0.0010602292614393962,RENDER,5m,dual_ema_adx,trend,15m,F,False,False
-4.8086,-4.5766,-1.0132,-0.9776,2425,0.6999,0.4443,0.8755,-0.001388,0.8126,0.0285,-16.3559,582.5724,-0.9771,2431,-0.001388,0.015822,-4.3268,1.574e-05,1224,1207,-0.0018975107765170215,-0.0008722385837697521,RENDER,5m,dual_ema_adx,trend,1h,F,False,False
-2.8033,-3.8597,-1.0288,-0.9175,1224,0.8072,0.472,0.903,-0.001636,0.8927,0.0145,0.4974,21.2228,-0.9031,1231,-0.001636,0.022749,-2.5224,0.01178025,642,589,-0.0027318857706886274,-0.0004404773247572436,RENDER,5m,dual_ema_adx,trend,4h,F,False,False
-4.4226,-10.7384,-1.0376,-0.9131,2300,0.6909,0.3781,1.1364,-0.000958,0.9013,0.0275,22.7136,842.6561,-0.908,2346,-0.000958,0.011655,-3.9795,7.115e-05,1134,1212,-0.0009363546006009074,-0.000977447093651339,RENDER,5m,vol_spike_brk,trend,15m,F,False,False
-3.8641,-6.84,-1.042,-0.8967,1782,0.775,0.4202,1.0695,-0.001122,0.8959,0.0213,4.3267,74.627,-0.8897,1816,-0.001122,0.013751,-3.477,0.00051904,869,947,-0.000990504059361077,-0.0012425319907084838,RENDER,5m,vol_spike_brk,trend,1h,F,False,False
-0.1629,-0.271,-0.8144,-0.4818,692,0.9868,0.462,1.1493,-0.000106,1.0502,0.0125,1.5864,15.4473,-0.332,1065,-0.000106,0.023609,-0.1465,0.88352635,520,545,-0.0009497538646199476,0.0006990294631772861,RENDER,5m,vol_spike_brk,trend,4h,F,False,False
-11.0418,-13.7017,-1.0162,-0.9717,3178,0.5799,0.4077,0.8426,-0.001095,0.7324,0.0373,-0.6658,21.6283,-0.9711,3179,-0.001095,0.006215,-9.9355,0.0,1622,1557,-0.001062396609133058,-0.001129352458539553,RENDER,5m,stoch_cross,mean_reversion,15m,F,False,False
-5.6948,-7.3743,-1.0248,-0.9475,2313,0.7364,0.4515,0.8946,-0.001163,0.7973,0.0275,-0.5557,6.4522,-0.9431,2341,-0.001163,0.010983,-5.1243,3.2e-07,1203,1138,-0.0012107362860447751,-0.0011130264620772394,RENDER,5m,stoch_cross,mean_reversion,1h,F,False,False
-3.8876,-4.5346,-1.015,-0.9634,1178,0.7349,0.4615,0.8576,-0.002335,0.8439,0.0139,-2.0787,22.8714,-0.9543,1181,-0.002335,0.022938,-3.4981,0.00048606,616,565,-0.002902110082539603,-0.0017163688428551375,RENDER,5m,stoch_cross,mean_reversion,4h,F,False,False
-12.5904,-13.8992,-1.0,-1.0,21525,0.705,0.4582,0.8336,-0.000787,0.8156,0.1873,-8.6387,2091.1996,-1.0,21535,-0.000787,0.008774,-13.1643,0.0,11472,10063,-0.0007471009628924093,-0.0008326730497800095,FET,5m,vwap_mr,mean_reversion,15m,F,False,False
-4.7656,-5.5839,-0.9979,-0.9977,7183,0.8354,0.4906,0.8673,-0.000744,0.8939,0.0625,-1.8781,30.2224,-0.9974,7187,-0.000744,0.012658,-4.9828,6.4e-07,3829,3358,-0.0007069619588527791,-0.0007862336832763719,FET,5m,vwap_mr,mean_reversion,1h,F,False,False
-2.612,-2.692,-0.9886,-0.9915,2192,0.8283,0.5011,0.8245,-0.001552,0.882,0.0191,-4.8951,80.3451,-0.9863,2193,-0.001552,0.026617,-2.7311,0.00636274,1168,1025,-0.0019033517129560624,-0.001152309211007751,FET,5m,vwap_mr,mean_reversion,4h,F,False,False
-15.0886,-16.7336,-1.0,-1.0,12444,0.6195,0.4254,0.8369,-0.001036,0.779,0.1083,-14.3934,852.4334,-1.0,12453,-0.001036,0.007326,-15.7764,0.0,6228,6225,-0.0011569413679113605,-0.000914551554556702,FET,5m,stoch_rsi,mean_reversion,15m,F,False,False
-6.4229,-9.3419,-0.9994,-0.9995,6555,0.7716,0.455,0.9241,-0.001062,0.8699,0.057,3.7382,111.6753,-0.9994,6558,-0.001062,0.01281,-6.7157,0.0,3261,3297,-0.0012360580448620674,-0.0008904843901040622,FET,5m,stoch_rsi,mean_reversion,1h,F,False,False
-2.8649,-4.0955,-0.9892,-0.9917,2063,0.8127,0.4617,0.9474,-0.001688,0.8957,0.0186,2.7729,75.2143,-0.9868,2142,-0.001688,0.026085,-2.9955,0.00277149,1072,1070,-0.0022744861143356317,-0.001100992400586858,FET,5m,stoch_rsi,mean_reversion,4h,F,False,False
-22.367,-27.7427,-1.0,-1.0,31031,0.6009,0.3982,0.9081,-0.001119,0.8299,0.2706,1.1241,2014.4256,-1.0,31118,-0.001119,0.00844,-23.3866,0.0,14609,16509,-0.0011009782123687804,-0.0011348573315482042,FET,5m,ema_ribbon,trend,15m,F,False,False
-7.9475,-12.1796,-1.0,-1.0,8834,0.7617,0.4412,0.9649,-0.001118,0.8933,0.077,2.7668,65.1435,-1.0,8854,-0.001118,0.012661,-8.3098,0.0,4134,4720,-0.0011563887593650049,-0.0010846321476314302,FET,5m,ema_ribbon,trend,1h,F,False,False
-0.8972,-1.4065,-0.9165,-0.8684,2289,0.9449,0.4808,1.0202,-0.000461,1.0011,0.0204,1.1213,12.1786,-0.824,2348,-0.000461,0.02379,-0.9381,0.3482723,1112,1236,-0.000756768670712282,-0.0001941219525963372,FET,5m,ema_ribbon,trend,4h,F,False,False
-3.7777,-3.453,-0.9878,-0.9732,2560,0.6433,0.438,0.8254,-0.001199,0.7438,0.0225,-21.3515,1006.0036,-0.9714,2589,-0.001199,0.015441,-3.9499,8.027e-05,1319,1270,-0.001186651679182799,-0.0012110772512335239,FET,5m,rsi_extreme,mean_reversion,15m,F,False,False
-3.705,-3.9872,-0.9795,-0.9471,1949,0.7605,0.4781,0.83,-0.001277,0.827,0.0179,-3.628,57.8758,-0.9434,2058,-0.001277,0.01496,-3.8739,0.00011046,1049,1009,-0.0009570418117075321,-0.0016105793710801564,FET,5m,rsi_extreme,mean_reversion,1h,F,False,False
-2.4288,-2.8688,-0.9579,-0.9545,1194,0.806,0.4848,0.8566,-0.001819,0.872,0.0109,-1.5275,15.7366,-0.9319,1248,-0.001819,0.025307,-2.5395,0.01122086,637,611,-0.0022023341146861913,-0.001419870248619824,FET,5m,rsi_extreme,mean_reversion,4h,F,False,False
-21.3131,-30.7586,-1.0,-1.0,26049,0.5914,0.3892,0.928,-0.001244,0.8277,0.2271,12.0832,1837.8585,-1.0,26121,-0.001244,0.009019,-22.2847,0.0,12698,13423,-0.0012330376158529966,-0.0012534569033216818,FET,5m,momentum,trend,15m,F,False,False
-8.4934,-9.514,-1.0,-1.0,8434,0.7232,0.4297,0.9599,-0.001374,0.9371,0.0734,-7.7109,250.5949,-1.0,8439,-0.001374,0.014214,-8.8806,0.0,4010,4429,-0.0013946774605604441,-0.0013554385756506797,FET,5m,momentum,trend,1h,F,False,False
-1.0135,-1.311,-0.9179,-0.9139,2092,0.9347,0.4799,1.0131,-0.000547,1.0666,0.0201,-1.1141,27.3387,-0.8641,2311,-0.000547,0.024797,-1.0597,0.28939822,1123,1188,-0.0009376980109287827,-0.00017691899937378005,FET,5m,momentum,trend,4h,F,False,False
-10.2005,-18.7529,-0.9996,-0.9996,6015,0.6149,0.3731,1.0332,-0.00127,0.8793,0.0525,15.4462,691.6684,-0.9996,6036,-0.00127,0.009251,-10.6655,0.0,2951,3085,-0.001294963507497478,-0.0012460652327237417,FET,5m,range_breakout,trend,15m,F,False,False
-5.0466,-8.2848,-0.9952,-0.9935,3901,0.7745,0.4176,1.08,-0.001159,0.9774,0.034,2.1453,34.3359,-0.9926,3915,-0.001159,0.013744,-5.2766,1.4e-07,1885,2030,-0.0009598528362851252,-0.0013439998036199096,FET,5m,range_breakout,trend,1h,F,False,False
-1.7293,-2.5,-0.9638,-0.9285,1679,0.8803,0.4702,0.992,-0.001074,0.9382,0.0154,0.6988,12.7323,-0.9148,1776,-0.001074,0.025042,-1.8082,0.07074896,846,930,-0.0012907729325122464,-0.0008776958828298704,FET,5m,range_breakout,trend,4h,F,False,False
-23.3279,-32.6246,-1.0,-1.0,12044,0.5302,0.3817,0.8588,-0.001324,0.7688,0.1054,-0.2207,10.7111,-1.0,12125,-0.001324,0.005975,-24.3914,0.0,6054,6071,-0.001368072778278633,-0.0012791202300887273,FET,5m,macd_scalp,trend,15m,F,False,False
-7.3551,-7.4564,-0.9999,-1.0,6460,0.7069,0.4426,0.8903,-0.001401,0.8759,0.0563,-14.0293,574.1385,-1.0,6473,-0.001401,0.014657,-7.6904,0.0,3264,3209,-0.0014154734016888597,-0.0013863595464596661,FET,5m,macd_scalp,trend,1h,F,False,False
-2.4832,-3.762,-0.9874,-0.9745,2135,0.8439,0.4595,0.9926,-0.001378,0.92,0.0186,1.5395,20.1796,-0.9721,2137,-0.001378,0.024541,-2.5964,0.00948652,1112,1025,-0.0017772306055151717,-0.0009456122548873317,FET,5m,macd_scalp,trend,4h,F,False,False
-1.1861,-0.9791,-0.8976,-0.773,771,0.7122,0.489,0.7443,-0.001094,0.7632,0.0071,-15.7306,449.1834,-0.7258,816,-0.001094,0.025193,-1.2401,0.21528135,395,421,-0.0010460522537958834,-0.0011384779659883596,FET,5m,keltner_mr,mean_reversion,15m,F,False,False
-1.9589,-1.8262,-0.8459,-0.7769,676,0.7654,0.5082,0.7408,-0.001403,0.6738,0.0064,-5.1579,65.6034,-0.6897,736,-0.001403,0.018579,-2.0482,0.04089311,363,373,-0.001346295054114401,-0.0014576096677011996,FET,5m,keltner_mr,mean_reversion,1h,F,False,False
-2.1891,-2.3775,-0.9142,-0.8636,555,0.742,0.4876,0.7796,-0.002615,0.7421,0.0049,-2.3989,22.3366,-0.8179,566,-0.002615,0.027181,-2.2889,0.02245453,277,289,-0.0037852596882643193,-0.0014934330611862227,FET,5m,keltner_mr,mean_reversion,4h,F,False,False
-14.743,-20.8136,-0.9987,-0.9984,4721,0.5292,0.3749,0.8824,-0.001336,0.7943,0.0411,-0.0749,6.6626,-0.9983,4724,-0.001336,0.005957,-15.4151,0.0,2410,2314,-0.0014382285539733877,-0.0012296636270625204,FET,5m,dual_ema_adx,trend,15m,F,False,False
-5.3032,-8.2637,-0.9919,-0.9837,3302,0.7483,0.4357,0.9692,-0.001159,0.9108,0.0287,2.7164,55.486,-0.9829,3305,-0.001159,0.012014,-5.545,3e-08,1730,1575,-0.0015848636937923141,-0.0006907041706918731,FET,5m,dual_ema_adx,trend,1h,F,False,False
-3.2755,-4.071,-0.9932,-0.9851,1658,0.7678,0.4527,0.9284,-0.002179,0.8851,0.0144,-0.9374,32.7012,-0.9849,1659,-0.002179,0.025912,-3.4248,0.00063033,882,777,-0.0025257761965301897,-0.0017849078806951527,FET,5m,dual_ema_adx,trend,4h,F,False,False
-5.6349,-10.4448,-0.9912,-0.9772,2628,0.6287,0.3728,1.0579,-0.001374,0.873,0.0229,15.8495,571.5315,-0.9773,2629,-0.001374,0.011957,-5.8918,0.0,1217,1412,-0.0014325757957625608,-0.001323359738071389,FET,5m,vol_spike_brk,trend,15m,F,False,False
-3.8744,-6.4293,-0.9896,-0.9539,2089,0.758,0.4085,1.0976,-0.001384,0.9412,0.0182,2.4815,37.1365,-0.9572,2093,-0.001384,0.015633,-4.051,5.287e-05,973,1120,-0.0011405799704030033,-0.0015959476635277645,FET,5m,vol_spike_brk,trend,1h,F,False,False
-0.1942,-0.3251,-0.6279,-0.6936,1300,0.9833,0.4582,1.1629,-0.000147,1.0834,0.0113,1.4587,13.1691,-0.4648,1303,-0.000147,0.026081,-0.2031,0.83909613,619,684,-0.0003951843177404663,7.809809016306477e-05,FET,5m,vol_spike_brk,trend,4h,F,False,False
-7.4787,-9.6886,-0.9842,-0.9698,3461,0.6675,0.4401,0.8493,-0.000927,0.7736,0.0308,0.1043,25.5527,-0.9658,3547,-0.000927,0.007057,-7.8196,0.0,1821,1726,-0.0008835627970127302,-0.000971986254734934,FET,5m,stoch_cross,mean_reversion,15m,F,False,False
-3.9473,-5.1094,-0.9719,-0.9563,2604,0.7958,0.4811,0.8582,-0.000974,0.8189,0.024,-0.31,5.2752,-0.9449,2756,-0.000974,0.012392,-4.1272,3.78e-05,1427,1329,-0.0008119099812697814,-0.0011485017500979507,FET,5m,stoch_cross,mean_reversion,1h,F,False,False
-1.4797,-2.1097,-0.9257,-0.8902,1432,0.885,0.4832,0.9465,-0.001,0.8994,0.0127,1.1779,21.9384,-0.8504,1459,-0.001,0.024693,-1.5471,0.12205397,747,712,-0.0011168036884882844,-0.0008777428012518131,FET,5m,stoch_cross,mean_reversion,4h,F,False,False
-14.5042,-18.0372,-1.0,-1.0,23924,0.6489,0.4291,0.8631,-0.000917,0.7718,0.2081,5.4125,3104.2004,-1.0,23934,-0.000917,0.009351,-15.1651,0.0,12535,11399,-0.0009016895621516995,-0.0009329825702120547,TIA,5m,vwap_mr,mean_reversion,15m,F,False,False
-6.7248,-8.0755,-0.9996,-0.9997,7688,0.7877,0.4716,0.8826,-0.000964,0.855,0.0669,-2.827,68.1475,-0.9997,7691,-0.000964,0.012024,-7.0312,0.0,4019,3672,-0.001079269652043323,-0.0008378677837024125,TIA,5m,vwap_mr,mean_reversion,1h,F,False,False
-2.8767,-3.6633,-0.9915,-0.9794,2219,0.8347,0.4714,0.9359,-0.001458,0.8818,0.0195,-1.1566,12.4807,-0.9792,2240,-0.001458,0.02295,-3.0077,0.00266129,1173,1067,-0.0020124775857315543,-0.0008494316305222628,TIA,5m,vwap_mr,mean_reversion,4h,F,False,False
-14.0053,-13.2006,-1.0,-1.0,12844,0.5879,0.4095,0.8478,-0.001116,0.7685,0.1129,-42.6251,3505.2613,-1.0,12987,-0.001116,0.008683,-14.6435,0.0,6541,6446,-0.0012612587504689324,-0.0009680641732902021,TIA,5m,stoch_rsi,mean_reversion,15m,F,False,False
-6.5983,-8.1218,-0.9993,-0.9995,6455,0.7745,0.461,0.9056,-0.001022,0.8888,0.0577,-2.7194,79.2535,-0.9993,6640,-0.001022,0.012066,-6.8989,0.0,3350,3290,-0.0012384645577325091,-0.0008006846937082352,TIA,5m,stoch_rsi,mean_reversion,1h,F,False,False
-0.742,-1.1128,-0.9132,-0.8092,2095,0.9521,0.4928,0.9799,-0.000401,0.9376,0.0187,1.8906,33.9613,-0.7696,2151,-0.000401,0.023978,-0.7758,0.43796232,1090,1061,-0.0007282849284173209,-6.494851264275808e-05,TIA,5m,stoch_rsi,mean_reversion,4h,F,False,False
-26.0405,-37.5836,-1.0,-1.0,31101,0.6087,0.3957,0.9295,-0.001043,0.8233,0.271,7.0986,763.5575,-1.0,31159,-0.001043,0.006761,-27.227,0.0,14833,16326,-0.0010849943268627722,-0.0010044410265444446,TIA,5m,ema_ribbon,trend,15m,F,False,False
-8.6847,-13.0639,-1.0,-1.0,8813,0.7545,0.4342,0.9832,-0.001153,0.9384,0.0768,1.2518,24.8897,-1.0,8837,-0.001153,0.011935,-9.0804,0.0,4230,4607,-0.0013094642220490226,-0.0010091474444939835,TIA,5m,ema_ribbon,trend,1h,F,False,False
-1.4503,-2.4578,-0.9387,-0.9361,2083,0.9145,0.4718,1.0236,-0.000723,0.9699,0.0204,1.6493,16.6178,-0.9004,2344,-0.000723,0.023075,-1.5163,0.12956982,1130,1214,-0.0013871245875855304,-0.00010425713592749145,TIA,5m,ema_ribbon,trend,4h,F,False,False
-4.0364,-3.5578,-0.9937,-0.9855,2839,0.6122,0.4236,0.8329,-0.001268,0.7113,0.0247,-27.9246,1361.0958,-0.9855,2842,-0.001268,0.01602,-4.2203,2.517e-05,1462,1380,-0.0014130062488904149,-0.0011147353403006125,TIA,5m,rsi_extreme,mean_reversion,15m,F,False,False
-3.0373,-3.2084,-0.959,-0.9277,2187,0.8019,0.4909,0.8318,-0.000987,0.8007,0.019,-6.0093,140.8264,-0.9102,2188,-0.000987,0.014536,-3.1757,0.00151547,1118,1070,-0.0013690820096153313,-0.0005874627143120062,TIA,5m,rsi_extreme,mean_reversion,1h,F,False,False
-3.358,-3.9378,-0.9848,-0.9707,1275,0.7536,0.4773,0.8253,-0.002327,0.7579,0.0113,-1.9706,19.9666,-0.9671,1299,-0.002327,0.023889,-3.511,0.00046167,666,633,-0.0030364833247918128,-0.0015808246947186572,TIA,5m,rsi_extreme,mean_reversion,4h,F,False,False
-17.7363,-23.4754,-1.0,-1.0,25962,0.6236,0.3965,0.9489,-0.001073,0.8311,0.2263,5.3306,2876.6157,-1.0,26025,-0.001073,0.009333,-18.5444,0.0,12796,13229,-0.0010854372950850019,-0.0010607001167390454,TIA,5m,momentum,trend,15m,F,False,False
-6.9025,-10.8251,-0.9998,-0.9999,8444,0.7975,0.4374,1.026,-0.000954,0.9643,0.0737,2.189,54.2495,-0.9998,8476,-0.000954,0.012165,-7.217,0.0,4136,4340,-0.0011489359962422571,-0.0007674366008991108,TIA,5m,momentum,trend,1h,F,False,False
-2.6118,-2.6956,-0.9935,-0.994,2313,0.8259,0.4713,0.9265,-0.001587,0.884,0.0201,-6.849,137.8718,-0.9917,2315,-0.001587,0.02797,-2.7308,0.00636524,1140,1175,-0.0020876357387589616,-0.001102244771586524,TIA,5m,momentum,trend,4h,F,False,False
-11.7945,-22.9789,-0.9999,-0.9999,7222,0.596,0.3738,0.9986,-0.001242,0.8189,0.0628,20.6481,1071.3196,-0.9999,7224,-0.001242,0.00856,-12.3319,0.0,3551,3673,-0.001357997161888533,-0.0011297076865225766,TIA,5m,range_breakout,trend,15m,F,False,False
-6.4691,-10.7197,-0.9986,-0.998,4441,0.7374,0.4262,0.9929,-0.001314,0.9109,0.0386,3.6704,80.73,-0.998,4442,-0.001314,0.012945,-6.7639,0.0,2168,2274,-0.0013310470318691398,-0.0012972406060704476,TIA,5m,range_breakout,trend,1h,F,False,False
-0.4824,-0.7748,-0.8003,-0.7834,1774,0.9661,0.4729,1.0769,-0.00028,1.0864,0.0165,1.8151,26.1044,-0.6597,1899,-0.00028,0.024232,-0.5044,0.61402652,929,970,-0.0007823276001191133,0.00020014303897641,TIA,5m,range_breakout,trend,4h,F,False,False
-19.3821,-27.3246,-1.0,-1.0,11776,0.5859,0.3946,0.8988,-0.001086,0.7963,0.1024,-0.0173,10.5049,-1.0,11778,-0.001086,0.005817,-20.2652,0.0,5900,5878,-0.001137180263679429,-0.001035111131902184,TIA,5m,macd_scalp,trend,15m,F,False,False
-5.5208,-8.6061,-0.9979,-0.9977,6427,0.8088,0.4479,0.9969,-0.000854,0.9107,0.056,3.032,77.4894,-0.9974,6439,-0.000854,0.011868,-5.7724,1e-08,3254,3185,-0.0011926298817621795,-0.0005075318887669237,TIA,5m,macd_scalp,trend,1h,F,False,False
-1.19,-1.8393,-0.9243,-0.8779,2052,0.9263,0.4719,1.0368,-0.000605,1.001,0.0185,0.8148,11.4179,-0.8386,2132,-0.000605,0.022458,-1.2443,0.21353816,1063,1069,-0.0017596901492623062,0.0005428526555739154,TIA,5m,macd_scalp,trend,4h,F,False,False
-2.3312,-1.9684,-0.9787,-0.9238,1482,0.6041,0.4391,0.7718,-0.001327,0.6634,0.0129,-23.737,883.2887,-0.9229,1485,-0.001327,0.020987,-2.4374,0.01491034,751,734,-0.0016213177048367432,-0.0010267351159490236,TIA,5m,keltner_mr,mean_reversion,15m,F,False,False
-1.92,-1.8911,-0.8833,-0.8024,1208,0.8201,0.4948,0.8372,-0.000921,0.8228,0.011,-7.4103,154.8304,-0.7404,1261,-0.000921,0.016298,-2.0075,0.04490785,633,628,-0.0014376404206837888,-0.0004010486467697206,TIA,5m,keltner_mr,mean_reversion,1h,F,False,False
-1.5918,-1.9169,-0.8821,-0.8403,651,0.848,0.5,0.848,-0.001359,0.8386,0.0077,-1.2204,13.6672,-0.7719,888,-0.001359,0.024336,-1.6643,0.09640734,447,441,-0.0023318417587118037,-0.0003732597695707638,TIA,5m,keltner_mr,mean_reversion,4h,F,False,False
-11.0842,-17.1145,-0.9945,-0.9896,4679,0.6255,0.3934,0.9647,-0.000946,0.8574,0.0409,0.4728,5.0473,-0.9892,4708,-0.000946,0.005602,-11.5893,0.0,2371,2337,-0.0010637148826928555,-0.0008269925906360592,TIA,5m,dual_ema_adx,trend,15m,F,False,False
-3.4779,-5.0876,-0.9692,-0.9402,3266,0.8342,0.4472,1.0314,-0.000741,0.9655,0.0285,0.2927,5.8255,-0.9292,3274,-0.000741,0.011654,-3.6363,0.00028081,1683,1591,-0.0009852269688314032,-0.00048187421200188884,TIA,5m,dual_ema_adx,trend,1h,F,False,False
-0.3328,-0.4728,-0.7943,-0.6206,1212,0.9764,0.5009,0.9729,-0.000193,0.9812,0.0144,0.016,3.8901,-0.524,1653,-0.000193,0.022598,-0.348,0.72790122,831,822,-0.0007283356608942658,0.00034736546598173115,TIA,5m,dual_ema_adx,trend,4h,F,False,False
-6.5105,-14.3602,-0.9939,-0.9874,3021,0.6015,0.3767,0.9951,-0.001383,0.7906,0.0263,21.9981,878.9812,-0.9872,3026,-0.001383,0.011178,-6.8071,0.0,1386,1640,-0.0015560358702256028,-0.0012373004519848512,TIA,5m,vol_spike_brk,trend,15m,F,False,False
-4.8593,-8.5133,-0.9921,-0.9787,2384,0.7233,0.4133,1.0267,-0.001518,0.8906,0.0208,4.6776,91.2437,-0.9792,2388,-0.001518,0.014597,-5.0807,4.1e-07,1094,1294,-0.0012222944416406974,-0.0017673512150219624,TIA,5m,vol_spike_brk,trend,1h,F,False,False
-1.7162,-2.7471,-0.9797,-0.8753,1318,0.8684,0.441,1.1009,-0.001203,1.0206,0.0122,1.3775,15.8276,-0.8812,1406,-0.001203,0.025144,-1.7944,0.07296703,644,762,-0.0012258935662297292,-0.0011841364106587784,TIA,5m,vol_spike_brk,trend,4h,F,False,False
-10.0973,-12.2187,-0.9939,-0.9879,3794,0.6054,0.4271,0.812,-0.001058,0.7366,0.0353,-1.3894,23.3763,-0.9875,4060,-0.001058,0.006383,-10.5574,0.0,2056,2004,-0.0010206941151029232,-0.0010955424437677347,TIA,5m,stoch_cross,mean_reversion,15m,F,False,False
-5.2199,-6.9087,-0.9873,-0.9787,2872,0.755,0.4673,0.8604,-0.001153,0.7856,0.0264,-0.3184,4.0324,-0.9754,3032,-0.001153,0.011634,-5.4577,5e-08,1522,1510,-0.0012856378702445408,-0.0010194561235783953,TIA,5m,stoch_cross,mean_reversion,1h,F,False,False
-1.7376,-2.4497,-0.913,-0.9032,1484,0.8832,0.4933,0.9073,-0.000988,0.8224,0.0136,-0.1394,3.2002,-0.8509,1559,-0.000988,0.021483,-1.8167,0.06944795,791,768,-0.001145185310354257,-0.00082708275365905,TIA,5m,stoch_cross,mean_reversion,4h,F,False,False
-14.2906,-18.2407,-1.0,-1.0,24125,0.6646,0.4269,0.8922,-0.000848,0.7875,0.2099,15.0483,3867.0057,-1.0,24135,-0.000848,0.008813,-14.9421,0.0,12735,11400,-0.0008742091736015974,-0.0008178553166175443,INJ,5m,vwap_mr,mean_reversion,15m,F,False,False
-6.1596,-7.5421,-0.9992,-0.9994,7738,0.8061,0.4738,0.8953,-0.000851,0.8622,0.0673,-2.4549,60.2423,-0.9992,7742,-0.000851,0.011624,-6.4404,0.0,4050,3692,-0.0009892712522036225,-0.0006989782934143726,INJ,5m,vwap_mr,mean_reversion,1h,F,False,False
-3.0138,-3.7223,-0.992,-0.9883,2235,0.8164,0.4688,0.9249,-0.001607,0.8661,0.0195,-1.6355,44.1261,-0.9864,2246,-0.001607,0.024172,-3.1512,0.00164736,1190,1056,-0.0019728671664688956,-0.001195205530219323,INJ,5m,vwap_mr,mean_reversion,4h,F,False,False
-17.8958,-20.5324,-1.0,-1.0,12596,0.5903,0.4038,0.8717,-0.001078,0.7754,0.1096,-10.1393,507.3218,-1.0,12601,-0.001078,0.006468,-18.7116,0.0,6316,6285,-0.001130063228950459,-0.0010258944696046961,INJ,5m,stoch_rsi,mean_reversion,15m,F,False,False
-6.4791,-9.5459,-0.9993,-0.9995,6536,0.7719,0.4454,0.9613,-0.001043,0.8731,0.057,4.3544,144.4832,-0.9993,6552,-0.001043,0.012461,-6.7745,0.0,3221,3331,-0.0012855405324137912,-0.0008082413401844205,INJ,5m,stoch_rsi,mean_reversion,1h,F,False,False
-1.9516,-2.7422,-0.963,-0.9428,2093,0.8826,0.472,0.9871,-0.00097,0.957,0.0187,-0.1684,5.9997,-0.9263,2146,-0.00097,0.02203,-2.0405,0.04141988,1061,1085,-0.0013437807509847257,-0.0006052329254918119,INJ,5m,stoch_rsi,mean_reversion,4h,F,False,False
-29.4085,-43.3084,-1.0,-1.0,31075,0.5927,0.3927,0.9165,-0.00108,0.8103,0.2709,4.5344,270.0831,-1.0,31156,-0.00108,0.006202,-30.749,0.0,14883,16273,-0.0011064591071572167,-0.0010565965998434272,INJ,5m,ema_ribbon,trend,15m,F,False,False
-8.5296,-11.7123,-1.0,-1.0,8816,0.7529,0.4399,0.9584,-0.001142,0.9041,0.0769,0.0035,61.106,-1.0,8842,-0.001142,0.012045,-8.9185,0.0,4234,4608,-0.001264113002336256,-0.001030669377688655,INJ,5m,ema_ribbon,trend,1h,F,False,False
-0.2302,-0.3583,-0.6393,-0.9006,1465,0.9852,0.4787,1.0729,-0.000119,1.1059,0.0204,1.9071,42.6491,-0.6083,2346,-0.000119,0.023927,-0.2407,0.8097826,1144,1202,-0.0004859223111869094,0.0002303731550286034,INJ,5m,ema_ribbon,trend,4h,F,False,False
-4.9697,-4.1969,-0.9934,-0.9859,2775,0.5714,0.4159,0.8024,-0.001369,0.7466,0.0241,-34.2476,1564.6185,-0.9856,2777,-0.001369,0.013881,-5.1963,2.2e-07,1415,1362,-0.00152382706789394,-0.0012076074942977467,INJ,5m,rsi_extreme,mean_reversion,15m,F,False,False
-2.463,-2.7534,-0.903,-0.9174,2033,0.8382,0.4733,0.9328,-0.000782,0.843,0.0189,-4.1513,86.7494,-0.8545,2172,-0.000782,0.014148,-2.5753,0.01008178,1110,1062,-0.001020693880050583,-0.0005320650269318864,INJ,5m,rsi_extreme,mean_reversion,1h,F,False,False
-2.8257,-3.7823,-0.9737,-0.9437,1285,0.794,0.4635,0.9193,-0.001872,0.8654,0.0112,-0.5225,6.25,-0.9359,1286,-0.001872,0.022725,-2.9545,0.00318852,664,622,-0.0023115473007398798,-0.0014034031707705777,INJ,5m,rsi_extreme,mean_reversion,4h,F,False,False
-27.19,-39.0295,-1.0,-1.0,25672,0.5871,0.393,0.9069,-0.001187,0.8066,0.2244,3.5435,241.3736,-1.0,25803,-0.001187,0.006706,-28.4295,0.0,12679,13124,-0.0012105633873090162,-0.0011638165217600677,INJ,5m,momentum,trend,15m,F,False,False
-8.3812,-10.9469,-1.0,-1.0,8361,0.7518,0.4409,0.9533,-0.001177,0.8833,0.0729,-2.7857,104.2829,-1.0,8380,-0.001177,0.0123,-8.7633,0.0,4102,4278,-0.0012817294391493346,-0.0010775416534330865,INJ,5m,momentum,trend,1h,F,False,False
-1.7358,-2.6037,-0.9513,-0.9408,2159,0.8984,0.4779,0.9815,-0.000829,1.0103,0.0201,0.5697,8.6354,-0.9149,2306,-0.000829,0.021927,-1.8149,0.06966865,1130,1176,-0.0013469954424379063,-0.00033072105142562235,INJ,5m,momentum,trend,4h,F,False,False
-14.1204,-23.046,-0.9999,-0.9999,7056,0.5732,0.3683,0.983,-0.001293,0.833,0.0616,7.7092,287.9478,-0.9999,7081,-0.001293,0.00737,-14.7641,0.0,3468,3613,-0.0013121933900587211,-0.0012747958516397615,INJ,5m,range_breakout,trend,15m,F,False,False
-6.9777,-11.5183,-0.9986,-0.9985,4369,0.722,0.4224,0.9872,-0.00138,0.9057,0.0381,2.8357,52.6104,-0.9983,4382,-0.00138,0.012521,-7.2958,0.0,2131,2251,-0.0015421504197517715,-0.0012265196562906975,INJ,5m,range_breakout,trend,1h,F,False,False
-2.2462,-3.5438,-0.9785,-0.9526,1864,0.8552,0.4457,1.0636,-0.001293,1.009,0.0163,1.1957,16.2027,-0.9472,1869,-0.001293,0.0238,-2.3485,0.01895052,917,952,-0.002105694822767366,-0.0005100024932829846,INJ,5m,range_breakout,trend,4h,F,False,False
-21.0755,-29.8928,-1.0,-1.0,11807,0.5656,0.3843,0.9064,-0.001145,0.7916,0.1027,-0.0048,6.1617,-1.0,11810,-0.001145,0.005646,-22.0362,0.0,5899,5911,-0.0012024057808680088,-0.0010873810768576822,INJ,5m,macd_scalp,trend,15m,F,False,False
-7.6894,-11.5577,-0.9995,-0.9997,6335,0.7457,0.4433,0.9365,-0.001138,0.847,0.0561,2.1727,51.9949,-0.9996,6452,-0.001138,0.011374,-8.0399,0.0,3278,3174,-0.0012600515879444114,-0.0010129193679911657,INJ,5m,macd_scalp,trend,1h,F,False,False
-2.312,-3.3858,-0.9743,-0.9515,1972,0.8643,0.4734,0.9615,-0.00112,0.8991,0.0185,0.1586,3.5685,-0.9429,2123,-0.00112,0.021341,-2.4174,0.01571519,1061,1062,-0.0013019878327218128,-0.0009375037217480224,INJ,5m,macd_scalp,trend,4h,F,False,False
-1.9966,-1.5919,-0.9355,-0.8709,1214,0.66,0.441,0.8367,-0.001072,0.8223,0.0116,-28.6986,969.101,-0.8416,1338,-0.001072,0.018787,-2.0876,0.03701962,642,696,-0.00160942261148414,-0.000576660983366964,INJ,5m,keltner_mr,mean_reversion,15m,F,False,False
-0.9186,-0.9503,-0.6469,-0.7301,1077,0.9073,0.5009,0.9042,-0.000465,0.9405,0.01,-4.9421,90.1948,-0.5028,1148,-0.000465,0.016395,-0.9605,0.33701054,555,593,-0.0008721874322478752,-8.346271515439238e-05,INJ,5m,keltner_mr,mean_reversion,1h,F,False,False
-0.6924,-0.9449,-0.634,-0.7862,616,0.9312,0.4862,0.9841,-0.000609,0.9232,0.0072,-0.2235,6.2597,-0.5297,833,-0.000609,0.024275,-0.724,0.46927447,408,425,-0.0009100454039237075,-0.0003198910536435782,INJ,5m,keltner_mr,mean_reversion,4h,F,False,False
-13.1281,-18.5027,-0.9974,-0.9956,4637,0.5641,0.3855,0.8993,-0.001153,0.7613,0.0404,0.0036,7.1006,-0.9956,4641,-0.001153,0.005724,-13.7265,0.0,2316,2325,-0.0012610674179326998,-0.0010458973149404128,INJ,5m,dual_ema_adx,trend,15m,F,False,False
-5.3504,-5.8665,-0.9938,-0.9904,3204,0.7258,0.445,0.9054,-0.001283,0.8587,0.0286,-8.1098,248.769,-0.9893,3288,-0.001283,0.013146,-5.5943,2e-08,1678,1610,-0.0016223171819121087,-0.0009285306988502152,INJ,5m,dual_ema_adx,trend,1h,F,False,False
-5.44,-7.0706,-0.9978,-0.9955,1649,0.6716,0.4268,0.9022,-0.003066,0.856,0.0144,-0.99,11.4519,-0.9958,1652,-0.003066,0.021908,-5.688,2e-08,859,793,-0.0037118652778503035,-0.0023662273018306055,INJ,5m,dual_ema_adx,trend,4h,F,False,False
-8.9399,-15.8766,-0.9955,-0.9911,3150,0.5686,0.3616,1.0038,-0.001455,0.7993,0.0275,10.3119,322.3343,-0.991,3158,-0.001455,0.008749,-9.3475,0.0,1498,1660,-0.0015357187987464164,-0.001382688390514832,INJ,5m,vol_spike_brk,trend,15m,F,False,False
-5.3742,-8.9555,-0.991,-0.9842,2444,0.7105,0.416,0.9974,-0.001557,0.954,0.0213,3.46,63.2922,-0.9825,2452,-0.001557,0.013719,-5.6192,2e-08,1166,1286,-0.0014324039151724364,-0.0016696019408089027,INJ,5m,vol_spike_brk,trend,1h,F,False,False
-2.4598,-3.5021,-0.9883,-0.9399,1425,0.8176,0.4524,0.9897,-0.001708,0.9479,0.0124,0.5559,11.4488,-0.9445,1428,-0.001708,0.025102,-2.5719,0.01021453,678,750,-0.0021297509026199485,-0.001327549584495434,INJ,5m,vol_spike_brk,trend,4h,F,False,False
-9.8909,-13.2284,-0.9928,-0.9871,4218,0.6234,0.4223,0.8528,-0.000993,0.785,0.0367,0.1441,13.2781,-0.9861,4222,-0.000993,0.006238,-10.3418,0.0,2201,2021,-0.0008944106692137806,-0.0011001026485920166,INJ,5m,stoch_cross,mean_reversion,15m,F,False,False
-4.229,-5.7687,-0.9768,-0.9622,3028,0.7968,0.4692,0.9013,-0.000912,0.8684,0.0273,-0.0558,7.7428,-0.9537,3137,-0.000912,0.011555,-4.4218,1.012e-05,1649,1488,-0.0010385916751824665,-0.0007721790992993982,INJ,5m,stoch_cross,mean_reversion,1h,F,False,False
-3.0908,-4.2921,-0.972,-0.9747,1472,0.7945,0.4584,0.9385,-0.00181,0.9072,0.0136,-0.0859,4.9606,-0.96,1564,-0.00181,0.022149,-3.2317,0.00125626,815,749,-0.001715544274792891,-0.0019127430421802323,INJ,5m,stoch_cross,mean_reversion,4h,F,False,False
-13.1579,-15.9575,-0.9935,-0.9996,7780,0.5513,0.4037,0.8142,-0.001002,0.6745,0.1396,-0.6863,14.0525,-0.9996,7795,-0.001002,0.005326,-16.6058,0.0,3606,4189,-0.0009896332361721133,-0.0010122464918851475,BTC,15m,vwap_mr,mean_reversion,1h,F,False,False
-4.9432,-6.1081,-0.9108,-0.9729,2670,0.6941,0.4577,0.8223,-0.001213,0.7439,0.0489,-0.361,6.2698,-0.9686,2733,-0.001213,0.010169,-6.2385,0.0,1294,1439,-0.001190765858683288,-0.0012339277555343485,BTC,15m,vwap_mr,mean_reversion,4h,F,False,False
-2.1933,-2.7097,-0.7949,-0.8358,1059,0.7795,0.4779,0.8515,-0.001478,0.7612,0.0191,-0.5883,5.3796,-0.8243,1065,-0.001478,0.017428,-2.768,0.0057379,528,537,-0.0010990808929228443,-0.0018510123897568505,BTC,15m,vwap_mr,mean_reversion,12h,F,False,False
-13.7276,-18.3637,-0.9866,-0.9988,6129,0.5072,0.3591,0.9052,-0.001084,0.6715,0.11,0.2052,14.578,-0.9988,6146,-0.001084,0.004906,-17.3248,0.0,3061,3085,-0.0010851268554257663,-0.001083198814937067,BTC,15m,stoch_rsi,mean_reversion,1h,F,False,False
-3.5835,-4.8176,-0.8616,-0.9242,2660,0.7658,0.4308,1.0118,-0.000895,0.9259,0.0479,-0.0329,8.6124,-0.9207,2674,-0.000895,0.010231,-4.5225,6.38e-06,1322,1352,-0.0009688250180339323,-0.0008224194108124924,BTC,15m,stoch_rsi,mean_reversion,4h,F,False,False
-1.094,-1.5883,-0.5976,-0.7533,1044,0.8837,0.4406,1.1218,-0.000749,1.0574,0.0189,0.1105,4.9987,-0.6143,1053,-0.000749,0.017612,-1.3806,0.16768027,527,526,-0.0005717873061493579,-0.0009271901114786717,BTC,15m,stoch_rsi,mean_reversion,12h,F,False,False
-16.1289,-22.9716,-0.9993,-1.0,11461,0.5613,0.3494,1.0453,-0.000985,0.8644,0.2055,0.2821,11.7527,-1.0,11475,-0.000985,0.005182,-20.3553,0.0,6000,5475,-0.0009664464658420494,-0.0010047518789488977,BTC,15m,ema_ribbon,trend,1h,F,False,False
-4.734,-6.789,-0.9187,-0.979,3260,0.7304,0.4004,1.0939,-0.001069,0.9573,0.0584,0.2723,7.8476,-0.9742,3262,-0.001069,0.010215,-5.9745,0.0,1686,1576,-0.0009652457720988583,-0.0011791765386461497,BTC,15m,ema_ribbon,trend,4h,F,False,False
-1.4561,-2.1634,-0.6919,-0.7862,1135,0.8563,0.4463,1.0623,-0.000949,1.0155,0.0203,0.3051,4.4522,-0.7136,1136,-0.000949,0.017407,-1.8376,0.0663768,595,541,-0.0005918178589504354,-0.0013419459499307278,BTC,15m,ema_ribbon,trend,12h,F,False,False
-1.0783,-1.5989,-0.4706,-0.1633,132,0.7313,0.3846,1.1701,-0.000729,1.0198,0.003,0.4167,5.3872,-0.1196,169,-0.000729,0.006966,-1.3609,0.17536457,82,87,0.00033859935143650964,-0.0017357321385153373,BTC,15m,bollinger_mr,mean_reversion,1h,F,False,False
-0.5252,-0.7681,-0.3116,-0.2106,103,0.8602,0.4345,1.1194,-0.000579,1.1102,0.003,0.3043,3.7178,-0.1025,168,-0.000579,0.011332,-0.6628,0.50836781,82,86,0.0006756949051214216,-0.0017762937378921412,BTC,15m,bollinger_mr,mean_reversion,4h,F,False,False
0.1276,0.1663,0.0408,-0.1649,43,1.0383,0.543,0.8737,0.000245,1.007,0.0027,-0.2882,4.337,0.0107,151,0.000245,0.018677,0.1611,0.87223691,74,77,0.0033551815907456924,-0.0027443056568982266,BTC,15m,bollinger_mr,mean_reversion,12h,D,False,False
-3.8777,-5.3281,-0.7399,-0.6626,1135,0.638,0.3993,0.9597,-0.000923,0.7491,0.0204,0.4912,7.7009,-0.6581,1137,-0.000923,0.006361,-4.8939,1.13e-06,580,557,-0.0008720849862348645,-0.0009765536035542284,BTC,15m,rsi_extreme,mean_reversion,1h,F,False,False
-1.8087,-2.3549,-0.7354,-0.5404,847,0.788,0.4658,0.9037,-0.000887,0.8794,0.0152,0.1394,7.9882,-0.5537,848,-0.000887,0.011316,-2.2827,0.02269598,428,420,-0.0008230479279030703,-0.0009522014811403566,BTC,15m,rsi_extreme,mean_reversion,4h,F,False,False
-1.8555,-2.4933,-0.7655,-0.6596,571,0.7574,0.4904,0.7871,-0.001785,0.7455,0.0103,-0.0633,3.1298,-0.6736,573,-0.001785,0.01825,-2.3417,0.01953599,284,289,-0.0022386864067649804,-0.0013399652495207806,BTC,15m,rsi_extreme,mean_reversion,12h,F,False,False
-7.19,-10.3771,-0.9416,-0.9865,3912,0.6548,0.3815,1.0615,-0.001047,0.9553,0.0702,0.0307,10.154,-0.9851,3921,-0.001047,0.007225,-9.074,0.0,1950,1971,-0.0009370458646066744,-0.0011556591036682269,BTC,15m,momentum,trend,1h,F,False,False
-3.2255,-4.4629,-0.8517,-0.8999,1747,0.7542,0.4265,1.0143,-0.001228,0.9568,0.0317,-0.2015,5.9473,-0.9013,1768,-0.001228,0.012688,-4.0708,4.893e-05,863,905,-0.0009325283757940906,-0.0015104216485432988,BTC,15m,momentum,trend,4h,F,False,False
-1.9778,-2.5636,-0.786,-0.7849,751,0.7832,0.4559,0.9348,-0.001706,1.0216,0.0144,-0.7513,3.883,-0.7831,805,-0.001706,0.019396,-2.4961,0.01275572,399,406,-0.0014466633271103186,-0.0019615953216305855,BTC,15m,momentum,trend,12h,F,False,False
-9.2839,-13.5615,-0.9509,-0.9901,4047,0.5683,0.3393,1.1065,-0.001097,0.8981,0.0726,0.3911,11.9236,-0.9891,4052,-0.001097,0.00596,-11.7167,0.0,2099,1953,-0.0010743435071975216,-0.001121562677341423,BTC,15m,range_breakout,trend,1h,F,False,False
-5.2125,-7.0031,-0.9197,-0.9753,2220,0.6552,0.3904,1.0233,-0.001565,0.8965,0.0398,-0.3109,9.3811,-0.9732,2221,-0.001565,0.011213,-6.5783,0.0,1127,1094,-0.0011588597250193683,-0.0019837757630018623,BTC,15m,range_breakout,trend,4h,F,False,False
-2.4022,-3.3342,-0.7887,-0.8889,981,0.758,0.4348,0.9852,-0.001786,0.8418,0.0176,0.042,4.7468,-0.8539,982,-0.001786,0.018461,-3.0317,0.00249592,497,485,-0.001457153392220527,-0.0021230598592936836,BTC,15m,range_breakout,trend,12h,F,False,False
-11.7736,-16.1496,-0.9759,-0.997,5181,0.5248,0.3528,0.9627,-0.001094,0.7398,0.0929,0.2014,15.5116,-0.9968,5187,-0.001094,0.005303,-14.8587,0.0,2567,2620,-0.0010417982615769739,-0.0011454161181182467,BTC,15m,macd_scalp,trend,1h,F,False,False
-3.8416,-5.1278,-0.8769,-0.9232,2526,0.7437,0.437,0.9583,-0.000988,0.8886,0.0454,0.0289,8.2141,-0.9288,2538,-0.000988,0.010263,-4.8483,1.32e-06,1255,1283,-0.0007013647704952079,-0.0012677463466531096,BTC,15m,macd_scalp,trend,4h,F,False,False
-3.1002,-3.9977,-0.8677,-0.8926,1032,0.7007,0.4405,0.8902,-0.002138,0.8042,0.0185,-0.4945,5.1331,-0.9067,1033,-0.002138,0.017564,-3.9125,9.731e-05,522,511,-0.001871411736562887,-0.00241065391674482,BTC,15m,macd_scalp,trend,12h,F,False,False
-4.7221,-6.4485,-0.7597,-0.7551,1344,0.5991,0.389,0.9409,-0.000989,0.7826,0.0241,0.5689,12.7455,-0.7428,1347,-0.000989,0.006091,-5.9595,0.0,639,708,-0.0007669617086009702,-0.0011894388403672538,BTC,15m,keltner_mr,mean_reversion,1h,F,False,False
-2.9964,-3.8536,-0.7518,-0.7135,963,0.6975,0.4389,0.8917,-0.001216,0.883,0.0173,-0.5193,5.8356,-0.706,966,-0.001216,0.009997,-3.7815,0.00016544,475,491,-0.0008537117127190678,-0.0015672164183883422,BTC,15m,keltner_mr,mean_reversion,4h,F,False,False
-2.9796,-3.7436,-0.8093,-0.8191,610,0.6523,0.447,0.8071,-0.002665,0.7927,0.011,-0.7297,2.4232,-0.823,613,-0.002665,0.017549,-3.7604,0.00018593,305,308,-0.0019833336904755226,-0.0033405822294131546,BTC,15m,keltner_mr,mean_reversion,12h,F,False,False
-6.9884,-9.7492,-0.8152,-0.8657,1667,0.513,0.3445,0.9761,-0.00115,0.8461,0.0299,0.3139,12.8147,-0.8574,1672,-0.00115,0.005332,-8.8196,0.0,869,803,-0.0010567302804356045,-0.0012511311230155352,BTC,15m,dual_ema_adx,trend,1h,F,False,False
-3.5876,-4.5992,-0.795,-0.8402,1146,0.6655,0.4225,0.9098,-0.001444,0.8247,0.0209,-0.3466,6.2508,-0.8272,1167,-0.001444,0.010893,-4.5276,6.58e-06,605,562,-0.0013737761019467518,-0.0015190160478617313,BTC,15m,dual_ema_adx,trend,4h,F,False,False
-1.3693,-1.9485,-0.6472,-0.6756,688,0.83,0.4449,1.0355,-0.001139,0.9249,0.0127,0.1603,2.796,-0.5998,708,-0.001139,0.017539,-1.7281,0.08440706,356,352,-0.0010098813082486655,-0.0012697122224764892,BTC,15m,dual_ema_adx,trend,12h,F,False,False
-3.9672,-5.709,-0.7594,-0.8259,1701,0.6908,0.3725,1.1638,-0.000874,0.9107,0.0312,0.1656,10.0253,-0.7922,1745,-0.000874,0.007288,-5.0068,6.1e-07,839,906,-0.0008135228485956358,-0.0009291217156968932,BTC,15m,vol_spike_brk,trend,1h,F,False,False
-2.5913,-3.7478,-0.7329,-0.843,1285,0.7641,0.4096,1.1014,-0.001109,0.9197,0.0232,0.1593,6.4882,-0.7839,1294,-0.001109,0.012196,-3.2704,0.00110237,643,651,-0.001114354241168303,-0.0011032394228903063,BTC,15m,vol_spike_brk,trend,4h,F,False,False
-0.1483,-0.2235,-0.2337,-0.5499,615,0.9809,0.467,1.1194,-0.000124,1.1138,0.0136,0.3156,4.1068,-0.1968,758,-0.000124,0.018215,-0.1872,0.85156113,379,379,-0.0004230816626701418,0.0001753979875044229,BTC,15m,vol_spike_brk,trend,12h,F,False,False
-9.0508,-11.8443,-0.8942,-0.9538,3007,0.5369,0.3791,0.8793,-0.001,0.6651,0.054,-0.1596,7.6243,-0.9527,3015,-0.001,0.004808,-11.4224,0.0,1327,1688,-0.0009478251263369226,-0.0010415233093788692,BTC,15m,stoch_cross,mean_reversion,1h,F,False,False
-3.2374,-4.2457,-0.7949,-0.8532,1724,0.7494,0.4375,0.9633,-0.000945,0.8064,0.0325,-0.1609,5.3238,-0.8356,1817,-0.000945,0.009855,-4.0858,4.584e-05,798,1019,-0.0010634495236292408,-0.000851552727508649,BTC,15m,stoch_cross,mean_reversion,4h,F,False,False
-1.883,-2.4249,-0.7556,-0.7712,885,0.7912,0.4663,0.9056,-0.001406,0.9333,0.0159,-0.5029,5.5525,-0.7514,890,-0.001406,0.017647,-2.3765,0.01768989,396,494,-0.0010625134809637263,-0.0016809405009923924,BTC,15m,stoch_cross,mean_reversion,12h,F,False,False
-8.8874,-10.4792,-0.9941,-0.9997,7345,0.6645,0.4507,0.8098,-0.001064,0.7034,0.1321,-1.1176,18.5914,-0.9997,7377,-0.001064,0.008146,-11.2163,0.0,3373,4004,-0.0011367715623152451,-0.0010023749613114177,ETH,15m,vwap_mr,mean_reversion,1h,F,False,False
-4.2935,-5.4109,-0.9567,-0.9914,2650,0.7281,0.4553,0.8711,-0.001649,0.7661,0.0477,-0.4619,9.273,-0.9911,2662,-0.001649,0.015698,-5.4186,7e-08,1246,1416,-0.0018063560217544544,-0.0015097575075034384,ETH,15m,vwap_mr,mean_reversion,4h,F,False,False
-2.0871,-2.6178,-0.8577,-0.9591,1051,0.7934,0.4773,0.8689,-0.002223,0.8183,0.0189,-0.6565,3.0622,-0.9363,1056,-0.002223,0.027422,-2.634,0.00856135,469,587,-0.002455052653634616,-0.0020371742049490704,ETH,15m,vwap_mr,mean_reversion,12h,F,False,False
-9.4713,-12.278,-0.9897,-0.9992,6135,0.6218,0.4081,0.9019,-0.001142,0.7499,0.1099,-0.2253,12.6862,-0.9992,6136,-0.001142,0.007483,-11.9532,0.0,2989,3147,-0.0010773155248456246,-0.001203131471486421,ETH,15m,stoch_rsi,mean_reversion,1h,F,False,False
-3.4015,-4.331,-0.9264,-0.9778,2625,0.7753,0.458,0.9175,-0.001294,0.8376,0.0475,-0.5949,12.8431,-0.9768,2655,-0.001294,0.015534,-4.2928,1.828e-05,1341,1314,-0.0012700950645841487,-0.0013188136903754713,ETH,15m,stoch_rsi,mean_reversion,4h,F,False,False
-0.4275,-0.5781,-0.5648,-0.7417,836,0.9533,0.4895,0.994,-0.000452,0.9354,0.0188,-0.1178,5.3913,-0.5789,1052,-0.000452,0.027147,-0.5395,0.58964744,507,545,-0.0006906539846130024,-0.0002291225659251326,ETH,15m,stoch_rsi,mean_reversion,12h,F,False,False
-9.7765,-14.8865,-0.9987,-1.0,11517,0.7033,0.3882,1.1085,-0.000891,0.9746,0.2063,1.3161,21.4188,-1.0,11521,-0.000891,0.007751,-12.3383,0.0,5973,5548,-0.0008970029000542692,-0.0008846033609117033,ETH,15m,ema_ribbon,trend,1h,F,False,False
-1.9585,-2.9849,-0.8448,-0.9504,3265,0.8781,0.4333,1.1487,-0.000672,1.0443,0.0585,0.8994,12.4826,-0.9248,3266,-0.000672,0.015538,-2.4717,0.01349776,1676,1590,-0.0006460610534842154,-0.0006993994721621666,ETH,15m,ema_ribbon,trend,4h,F,False,False
-0.1652,-0.2578,-0.4421,-0.7133,1132,0.9823,0.4563,1.1704,-0.000168,0.9898,0.0203,0.5449,4.373,-0.453,1133,-0.000168,0.02711,-0.2085,0.83490482,610,523,-0.0003166713563990617,5.627972306883697e-06,ETH,15m,ema_ribbon,trend,12h,F,False,False
-1.6237,-1.5306,-0.9249,-0.2506,227,0.5798,0.4693,0.6556,-0.001754,0.5614,0.0041,-3.8476,37.4094,-0.343,228,-0.001754,0.012926,-2.0492,0.04159393,120,108,-0.001639903498357046,-0.001881210617914632,ETH,15m,bollinger_mr,mean_reversion,1h,F,False,False
-2.2094,-2.684,-0.7695,-0.5178,218,0.5733,0.4459,0.7123,-0.003466,0.5658,0.004,-0.7583,6.3374,-0.5549,222,-0.003466,0.018523,-2.7883,0.00575964,115,107,-0.002747123794920981,-0.004239324516881059,ETH,15m,bollinger_mr,mean_reversion,4h,F,False,False
-1.2495,-1.622,-0.7029,-0.5711,193,0.7076,0.4745,0.7837,-0.003639,0.9608,0.0035,-0.0387,5.6614,-0.5585,196,-0.003639,0.032303,-1.5769,0.11643257,101,95,-0.0020019044873153266,-0.005378543979893882,ETH,15m,bollinger_mr,mean_reversion,12h,F,False,False
-2.9904,-4.2337,-0.7163,-0.687,1206,0.7241,0.4442,0.9061,-0.000861,0.8551,0.0216,0.4385,6.6401,-0.6601,1209,-0.000861,0.007931,-3.774,0.00016846,618,591,-0.0010951312314096818,-0.0006158499773880916,ETH,15m,rsi_extreme,mean_reversion,1h,F,False,False
-1.5928,-1.9318,-0.7041,-0.7304,683,0.81,0.4812,0.8735,-0.001131,0.7789,0.0162,-0.2634,12.6334,-0.6834,902,-0.001131,0.016894,-2.0101,0.04471301,454,448,-0.0012572002914381898,-0.0010025413631727337,ETH,15m,rsi_extreme,mean_reversion,4h,F,False,False
-1.3041,-1.7237,-0.7056,-0.8022,603,0.8278,0.4967,0.8389,-0.001825,0.9105,0.0108,-0.2802,2.9885,-0.7354,604,-0.001825,0.027249,-1.6458,0.10032092,293,311,-0.0029533577547728395,-0.0007615180879748516,ETH,15m,rsi_extreme,mean_reversion,12h,F,False,False
-6.7728,-10.4435,-0.9845,-0.9988,6527,0.7308,0.4036,1.08,-0.000956,0.9512,0.1172,0.9881,11.9939,-0.9985,6544,-0.000956,0.009044,-8.5475,0.0,3287,3257,-0.0008778216142761874,-0.0010341721661655666,ETH,15m,momentum,trend,1h,F,False,False
-2.4498,-3.7402,-0.8829,-0.9578,2514,0.836,0.4388,1.069,-0.00104,0.9241,0.0451,0.7832,7.2082,-0.949,2518,-0.00104,0.016875,-3.0918,0.00201145,1265,1253,-0.0009400635816434415,-0.0011403708507639297,ETH,15m,momentum,trend,4h,F,False,False
0.9484,1.5269,1.2689,-0.4148,324,1.1139,0.4816,1.1989,0.00106,1.1072,0.018,0.5406,3.8043,0.9611,1007,0.00106,0.02811,1.1969,0.23161384,508,499,0.0011954904343209184,0.0009226078538975138,ETH,15m,momentum,trend,12h,C,False,False
-5.147,-7.6445,-0.9245,-0.9804,3682,0.7177,0.375,1.1961,-0.000981,1.0697,0.066,0.9388,19.201,-0.977,3685,-0.000981,0.009171,-6.4957,0.0,1914,1771,-0.0010289551225873483,-0.0009299363305319629,ETH,15m,range_breakout,trend,1h,F,False,False
-1.2049,-1.7848,-0.7038,-0.8376,2109,0.9063,0.4488,1.113,-0.00054,1.0865,0.0378,0.4476,10.0843,-0.7579,2110,-0.00054,0.016298,-1.5207,0.12849387,1097,1013,-0.0005688100273077953,-0.0005078265989757241,ETH,15m,range_breakout,trend,4h,F,False,False
-0.4421,-0.6068,-0.563,-0.7328,960,0.9491,0.4766,1.0424,-0.000498,0.9838,0.0172,-0.1308,4.5986,-0.5714,961,-0.000498,0.027641,-0.558,0.57697848,484,477,-5.812634865732518e-05,-0.0009433986603500404,ETH,15m,range_breakout,trend,12h,F,False,False
-7.567,-10.5459,-0.9691,-0.9955,5104,0.6599,0.3884,1.0392,-0.001014,0.9196,0.0914,-0.2795,23.9134,-0.9951,5106,-0.001014,0.007588,-9.5499,0.0,2539,2567,-0.0010044567177918977,-0.0010237127389124245,ETH,15m,macd_scalp,trend,1h,F,False,False
-2.0876,-2.8971,-0.8231,-0.9246,2487,0.8535,0.4516,1.0364,-0.000797,0.9618,0.0448,0.3142,10.2707,-0.8977,2500,-0.000797,0.015132,-2.6347,0.00847395,1242,1258,-0.0008535198319824101,-0.0007418605414084559,ETH,15m,macd_scalp,trend,4h,F,False,False
-0.8229,-1.1939,-0.6707,-0.8075,654,0.9128,0.4615,1.065,-0.000858,0.9507,0.0184,0.1462,3.1817,-0.7113,1027,-0.000858,0.026489,-1.0385,0.29928052,499,528,-0.00015273138429640936,-0.0015253034869172316,ETH,15m,macd_scalp,trend,12h,F,False,False
-4.161,-4.6725,-0.8232,-0.8234,1282,0.6236,0.4609,0.7295,-0.001353,0.6748,0.0231,-1.9912,28.9246,-0.8354,1291,-0.001353,0.009258,-5.2514,1.8e-07,621,670,-0.0016090172146258032,-0.0011159618309748176,ETH,15m,keltner_mr,mean_reversion,1h,F,False,False
-2.9421,-3.5554,-0.8365,-0.8637,937,0.6926,0.4883,0.7258,-0.002028,0.6673,0.0168,-0.365,7.5823,-0.8702,940,-0.002028,0.016749,-3.7131,0.0002168,457,483,-0.002592156585517594,-0.0014950265549449658,ETH,15m,keltner_mr,mean_reversion,4h,F,False,False
-1.6515,-2.1345,-0.822,-0.7959,390,0.7879,0.5025,0.7801,-0.002405,0.9023,0.0108,-0.5939,3.4472,-0.8157,601,-0.002405,0.028283,-2.0842,0.03756212,289,312,-0.0028265627958299583,-0.0020135796418523978,ETH,15m,keltner_mr,mean_reversion,12h,F,False,False
-4.8073,-7.2467,-0.8376,-0.8948,1766,0.6339,0.3731,1.0653,-0.001192,0.9397,0.0322,1.6382,22.8022,-0.8897,1796,-0.001192,0.008329,-6.0669,0.0,920,876,-0.000932128375556481,-0.0014656306666550331,ETH,15m,dual_ema_adx,trend,1h,F,False,False
-2.3642,-3.3642,-0.7984,-0.8267,1240,0.7799,0.4435,0.9788,-0.001265,0.8605,0.0223,0.4312,6.3604,-0.8206,1247,-0.001265,0.014974,-2.9837,0.0029037,652,595,-0.0008583643590258489,-0.001710980884667365,ETH,15m,dual_ema_adx,trend,4h,F,False,False
-1.6289,-2.0137,-0.7946,-0.8459,744,0.8016,0.4773,0.8779,-0.002008,0.7684,0.0134,-0.7847,6.8384,-0.8307,748,-0.002008,0.026717,-2.0558,0.04015073,387,361,-0.001126627563625923,-0.002953351246992853,ETH,15m,dual_ema_adx,trend,12h,F,False,False
-3.0111,-4.7202,-0.7738,-0.8613,1860,0.7651,0.3797,1.2499,-0.000888,1.0569,0.0333,1.2497,18.2179,-0.8261,1862,-0.000888,0.010088,-3.8001,0.00014931,866,996,-0.0007104740477725512,-0.0010430333827094493,ETH,15m,vol_spike_brk,trend,1h,F,False,False
-0.3352,-0.5254,-0.4544,-0.5707,1364,0.9672,0.4364,1.2493,-0.000198,1.1581,0.0246,0.3656,8.5674,-0.3801,1375,-0.000198,0.017341,-0.423,0.67233037,654,721,-0.0005133399195590895,8.835081300665674e-05,ETH,15m,vol_spike_brk,trend,4h,F,False,False
0.5424,0.8705,0.2843,-0.5482,356,1.0712,0.4766,1.1767,0.000695,1.1614,0.0141,0.5656,4.4685,0.2594,789,0.000695,0.028534,0.6846,0.49380473,368,421,0.0009356088089732373,0.0004854852217970854,ETH,15m,vol_spike_brk,trend,12h,C,False,False
-6.301,-7.6556,-0.897,-0.952,2532,0.6181,0.422,0.8465,-0.001181,0.6933,0.0454,-1.0326,11.3944,-0.9533,2533,-0.001181,0.007472,-7.9521,0.0,1080,1453,-0.0011044442558222328,-0.0012372511640450395,ETH,15m,stoch_cross,mean_reversion,1h,F,False,False
-2.1892,-2.7629,-0.8053,-0.8845,1628,0.812,0.4725,0.9066,-0.001085,0.8241,0.0293,-0.2122,11.1971,-0.8625,1636,-0.001085,0.015891,-2.7628,0.00579503,709,927,-0.0008304636936510773,-0.0012804091328299206,ETH,15m,stoch_cross,mean_reversion,4h,F,False,False
-1.3533,-1.8696,-0.7208,-0.8845,776,0.8438,0.481,0.9105,-0.001565,0.9581,0.0151,0.1792,6.2301,-0.8014,842,-0.001565,0.026582,-1.7079,0.08803033,369,473,-0.0012022145559838825,-0.0018471909865610632,ETH,15m,stoch_cross,mean_reversion,12h,F,False,False
-7.2671,-9.1708,-0.9932,-0.9997,7683,0.7271,0.4532,0.8774,-0.000977,0.7995,0.1382,-0.582,26.4273,-0.9996,7719,-0.000977,0.009355,-9.1714,0.0,3719,4000,-0.000940292982816773,-0.001010214356132487,SOL,15m,vwap_mr,mean_reversion,1h,F,False,False
-2.1983,-3.0705,-0.8836,-0.9667,2097,0.8566,0.4793,0.9307,-0.000961,0.9055,0.0488,0.3652,9.094,-0.9534,2725,-0.000961,0.018091,-2.7744,0.00556888,1332,1393,-0.0009483841866617614,-0.0009740211819729187,SOL,15m,vwap_mr,mean_reversion,4h,F,False,False
-0.8615,-1.3105,-0.7232,-0.8977,1037,0.9109,0.4797,0.9882,-0.00107,0.961,0.0189,0.5534,5.0205,-0.8115,1057,-0.00107,0.031989,-1.0872,0.27718066,525,532,-0.0009323301089171966,-0.0012053900306423953,SOL,15m,vwap_mr,mean_reversion,12h,F,False,False
-7.6199,-10.6417,-0.9888,-0.9991,6302,0.7007,0.433,0.9176,-0.001076,0.8323,0.1129,0.3179,11.3207,-0.9991,6303,-0.001076,0.008886,-9.6167,0.0,3088,3215,-0.0010285136913449257,-0.0011222922894171278,SOL,15m,stoch_rsi,mean_reversion,1h,F,False,False
-2.6602,-3.6246,-0.9126,-0.9754,2567,0.8261,0.4691,0.935,-0.001152,0.9096,0.0481,0.2405,15.9532,-0.9703,2684,-0.001152,0.017772,-3.3573,0.00079817,1370,1314,-0.0008283462664447469,-0.0014887799198120858,SOL,15m,stoch_rsi,mean_reversion,4h,F,False,False
-1.1329,-1.6638,-0.8192,-0.8699,1047,0.8849,0.4748,0.9787,-0.001388,0.9798,0.0189,0.1722,4.7317,-0.8627,1053,-0.001388,0.031499,-1.4298,0.15306611,506,547,-0.0019223992184849877,-0.0008935161655211996,SOL,15m,stoch_rsi,mean_reversion,12h,F,False,False
-8.8895,-12.8018,-0.9993,-1.0,11556,0.7335,0.4226,1.0021,-0.000955,0.9442,0.2071,0.414,13.1242,-1.0,11568,-0.000955,0.009155,-11.2189,0.0,5822,5746,-0.0009159131049769931,-0.000994502849815218,SOL,15m,ema_ribbon,trend,1h,F,False,False
-2.4167,-3.2698,-0.9165,-0.982,3260,0.8567,0.4665,0.9796,-0.000958,0.9905,0.0586,-0.4297,8.5689,-0.9744,3271,-0.000958,0.017962,-3.05,0.00230713,1643,1628,-0.000861501727201131,-0.0010551321867863534,SOL,15m,ema_ribbon,trend,4h,F,False,False
-0.2015,-0.2832,-0.5762,-0.7004,1138,0.9794,0.4952,0.9985,-0.000234,1.0207,0.0204,-0.2903,4.0922,-0.561,1139,-0.000234,0.031106,-0.2543,0.79933239,565,574,-0.00018615993483578195,-0.000281804745286061,SOL,15m,ema_ribbon,trend,12h,F,False,False
-0.5119,-0.5496,-0.3448,-0.2,120,0.8597,0.4859,0.9097,-0.000572,0.8283,0.0032,-2.6926,21.8251,-0.1076,177,-0.000572,0.011781,-0.646,0.51910693,97,80,0.0007706222789603551,-0.0022000341000382503,SOL,15m,bollinger_mr,mean_reversion,1h,F,False,False
-0.3235,-0.4051,-0.3352,-0.2339,135,0.9175,0.4773,1.0049,-0.000567,0.9653,0.0032,-0.9095,3.748,-0.1219,176,-0.000567,0.018437,-0.4082,0.68361225,96,80,0.0033503146794095474,-0.005268450201865419,SOL,15m,bollinger_mr,mean_reversion,4h,F,False,False
-0.1988,-0.2678,-0.3556,-0.3597,130,0.9462,0.5,0.9462,-0.000704,1.0018,0.0029,-0.2768,3.6354,-0.1959,162,-0.000704,0.035708,-0.2509,0.80222694,87,75,0.004913393190516266,-0.007219846243418807,SOL,15m,bollinger_mr,mean_reversion,12h,F,False,False
-2.021,-2.8878,-0.717,-0.6359,946,0.7999,0.4758,0.8813,-0.000757,0.8083,0.0215,1.2131,18.1002,-0.6207,1198,-0.000757,0.010267,-2.5506,0.0108769,613,585,-0.0010040480241204522,-0.0004972796217813906,SOL,15m,rsi_extreme,mean_reversion,1h,F,False,False
-0.5118,-0.7095,-0.6643,-0.4285,830,0.9374,0.5011,0.9332,-0.000421,0.8842,0.0158,0.877,14.9054,-0.4134,880,-0.000421,0.019331,-0.6459,0.51851571,445,435,-0.0005255276929157415,-0.0003138687183311259,SOL,15m,rsi_extreme,mean_reversion,4h,F,False,False
0.6092,0.9049,0.4397,-0.4642,305,1.095,0.4764,1.2037,0.001077,1.1856,0.0106,0.3647,5.9346,0.3442,592,0.001077,0.034076,0.7688,0.44231593,309,283,0.0009886511913706586,0.0011728678517932587,SOL,15m,rsi_extreme,mean_reversion,12h,C,False,False
-8.0479,-11.1632,-0.9981,-1.0,8379,0.7221,0.4257,0.9744,-0.001129,0.8995,0.1502,-0.1867,12.0957,-1.0,8387,-0.001129,0.010183,-10.1568,0.0,4168,4219,-0.0010517573981849077,-0.001206051621146988,SOL,15m,momentum,trend,1h,F,False,False
-1.4595,-2.0112,-0.8411,-0.9104,2869,0.9067,0.4673,1.0337,-0.00063,1.0134,0.0517,-0.4521,9.496,-0.9009,2889,-0.00063,0.018372,-1.8419,0.06559353,1427,1462,-0.0005162618760705333,-0.0007401766648700825,SOL,15m,momentum,trend,4h,F,False,False
-1.5721,-2.1763,-0.8838,-0.913,1080,0.8463,0.4764,0.9301,-0.001913,0.9369,0.0194,-0.3193,3.5546,-0.9272,1081,-0.001913,0.031696,-1.984,0.04750956,543,538,-0.0016979973013525088,-0.002129293413080275,SOL,15m,momentum,trend,12h,F,False,False
-5.9191,-8.3911,-0.9613,-0.993,4052,0.7027,0.4016,1.0472,-0.001165,0.941,0.0726,0.0219,20.745,-0.9927,4054,-0.001165,0.009928,-7.4702,0.0,2063,1991,-0.0012295267842489922,-0.0010978141640761972,SOL,15m,range_breakout,trend,1h,F,False,False
-2.3767,-3.1862,-0.8899,-0.9536,2228,0.8301,0.4509,1.011,-0.001175,0.9734,0.0399,-0.5969,11.1574,-0.9506,2229,-0.001175,0.018502,-2.9995,0.00273417,1123,1106,-0.0010588286543692506,-0.0012939411369287082,SOL,15m,range_breakout,trend,4h,F,False,False
-1.8432,-2.2884,-0.8802,-0.9552,985,0.8069,0.4736,0.8967,-0.002415,0.8349,0.0177,-1.0309,9.7624,-0.9464,986,-0.002415,0.032599,-2.3262,0.02020876,496,490,-0.002091251985222881,-0.0027426521037623567,SOL,15m,range_breakout,trend,12h,F,False,False
-6.3517,-9.1714,-0.9736,-0.9971,5139,0.7149,0.4338,0.9332,-0.001045,0.8534,0.0925,0.8645,13.1494,-0.9964,5164,-0.001045,0.00937,-8.0161,0.0,2596,2568,-0.0010135306130118539,-0.0010772400329876236,SOL,15m,macd_scalp,trend,1h,F,False,False
-1.9563,-2.7248,-0.8586,-0.9383,2517,0.8677,0.4706,0.976,-0.000876,0.9593,0.0451,0.0579,6.2354,-0.9264,2520,-0.000876,0.017812,-2.4689,0.0136199,1249,1271,-0.0007083588820859903,-0.0010407860898112044,SOL,15m,macd_scalp,trend,4h,F,False,False
-1.1582,-1.6517,-0.7798,-0.8801,1015,0.881,0.4805,0.9525,-0.001356,0.8407,0.0184,0.1375,4.256,-0.8422,1026,-0.001356,0.02972,-1.4617,0.14413213,520,506,-0.0016339079590863847,-0.0010708427223523657,SOL,15m,macd_scalp,trend,12h,F,False,False
-2.9098,-3.6696,-0.7407,-0.7616,1004,0.738,0.4572,0.8762,-0.000992,0.7983,0.0228,-0.6575,11.9813,-0.7335,1273,-0.000992,0.009635,-3.6723,0.00025031,620,653,-0.0006666938228275254,-0.0013002943721941965,SOL,15m,keltner_mr,mean_reversion,1h,F,False,False
-0.5401,-0.7762,-0.4619,-0.6741,587,0.9337,0.4903,0.9708,-0.000447,0.9265,0.0165,1.1311,15.1957,-0.448,924,-0.000447,0.019925,-0.6816,0.49567802,460,464,-0.00024594968329613384,-0.0006458239436807182,SOL,15m,keltner_mr,mean_reversion,4h,F,False,False
0.6544,1.0228,0.4029,-0.599,505,1.0972,0.5041,1.0796,0.001093,1.1066,0.011,0.5141,4.624,0.4111,617,0.001093,0.032881,0.8259,0.40918566,309,308,0.0014916670773144954,0.0006935725291929886,SOL,15m,keltner_mr,mean_reversion,12h,C,False,False
-3.1389,-4.802,-0.793,-0.795,1643,0.7463,0.4375,0.9595,-0.000918,0.8427,0.0295,1.4154,16.0995,-0.7951,1648,-0.000918,0.009404,-3.9614,7.77e-05,854,794,-0.0008876648210715395,-0.0009498817874200815,SOL,15m,dual_ema_adx,trend,1h,F,False,False
-1.5733,-2.3256,-0.7074,-0.81,1123,0.8462,0.4607,0.9904,-0.001017,0.9582,0.0208,0.4598,5.1221,-0.7421,1159,-0.001017,0.017441,-1.9856,0.04731474,608,551,-0.0007331059651354461,-0.0013307114175288032,SOL,15m,dual_ema_adx,trend,4h,F,False,False
-0.3182,-0.467,-0.4845,-0.7089,643,0.9598,0.4944,0.9816,-0.000464,0.9538,0.0127,0.0212,2.9564,-0.4884,712,-0.000464,0.030852,-0.4016,0.68812068,377,335,-0.0004499680499931555,-0.0004804467713320684,SOL,15m,dual_ema_adx,trend,12h,F,False,False
-2.2803,-3.4325,-0.7567,-0.7899,1636,0.8115,0.4341,1.0577,-0.000782,0.9714,0.0307,0.9344,12.7198,-0.7655,1716,-0.000782,0.011255,-2.8778,0.00405429,825,891,-0.000984404366134955,-0.0005943961487860265,SOL,15m,vol_spike_brk,trend,1h,F,False,False
-0.6994,-0.9787,-0.5877,-0.732,1223,0.9303,0.4538,1.1195,-0.000493,1.0891,0.0231,-0.0126,5.6995,-0.5917,1289,-0.000493,0.020059,-0.8827,0.37755436,608,681,-0.00046633534443700535,-0.0005171263333814156,SOL,15m,vol_spike_brk,trend,4h,F,False,False
-0.686,-1.0454,-0.6132,-0.8372,722,0.9189,0.4753,1.0146,-0.000991,0.9323,0.0138,0.1903,2.2388,-0.6825,768,-0.000991,0.031712,-0.8658,0.38688542,376,392,-0.0012594657432245413,-0.0007329481582660488,SOL,15m,vol_spike_brk,trend,12h,F,False,False
-5.1108,-6.8767,-0.8991,-0.9536,3058,0.7186,0.4515,0.8731,-0.000978,0.8346,0.0548,-0.1899,6.1678,-0.955,3059,-0.000978,0.008387,-6.4501,0.0,1368,1691,-0.0012199990856823259,-0.0007824606463616374,SOL,15m,stoch_cross,mean_reversion,1h,F,False,False
-1.0086,-1.4654,-0.6543,-0.8184,1704,0.9173,0.4728,1.0228,-0.00052,0.9526,0.0326,0.6633,10.8005,-0.7051,1821,-0.00052,0.01742,-1.2728,0.20323908,839,982,-0.0003705008390017341,-0.0006469668458782104,SOL,15m,stoch_cross,mean_reversion,4h,F,False,False
-1.0711,-1.5823,-0.7231,-0.899,795,0.8802,0.4729,0.981,-0.001407,0.9369,0.0159,0.2716,4.3265,-0.8122,886,-0.001407,0.030981,-1.3517,0.17680301,395,491,-0.0016015956161991383,-0.001250287673550822,SOL,15m,stoch_cross,mean_reversion,12h,F,False,False
-11.5646,-13.9607,-0.9945,-0.9997,7850,0.5993,0.4126,0.853,-0.001023,0.7297,0.1412,-1.0189,16.5171,-0.9997,7886,-0.001023,0.006222,-14.5953,0.0,3587,4299,-0.0009996665434233172,-0.0010417421052580848,BNB,15m,vwap_mr,mean_reversion,1h,F,False,False
-4.5334,-5.6702,-0.9305,-0.9821,2739,0.7122,0.444,0.8919,-0.001343,0.7942,0.0492,-0.1724,14.2006,-0.9799,2750,-0.001343,0.012309,-5.7214,1e-08,1275,1475,-0.001229015687283139,-0.0014414096758068185,BNB,15m,vwap_mr,mean_reversion,4h,F,False,False
-1.2898,-1.7621,-0.7211,-0.8049,813,0.8591,0.4771,0.9415,-0.001063,0.8425,0.0192,0.5818,14.2736,-0.7492,1071,-0.001063,0.021377,-1.6277,0.10387251,511,560,-0.00034486627358144953,-0.0017188334919834257,BNB,15m,vwap_mr,mean_reversion,12h,F,False,False
-9.4357,-13.252,-0.9763,-0.9971,6219,0.6326,0.4063,0.9245,-0.000905,0.7683,0.112,1.1997,27.207,-0.9969,6257,-0.000905,0.006013,-11.9085,0.0,3035,3222,-0.000869768245276417,-0.0009387954228908331,BNB,15m,stoch_rsi,mean_reversion,1h,F,False,False
-2.6379,-3.5224,-0.8393,-0.8986,2675,0.825,0.4499,1.0089,-0.000762,0.9626,0.048,-0.3236,10.8943,-0.893,2683,-0.000762,0.011857,-3.3292,0.00088284,1330,1353,-0.0006771108350923186,-0.0008456124167995558,BNB,15m,stoch_rsi,mean_reversion,4h,F,False,False
0.1091,0.1654,-0.1624,-0.5333,712,1.0127,0.472,1.1327,9.1e-05,1.1389,0.0189,0.7592,10.0143,-0.1343,1055,9.1e-05,0.021433,0.1377,0.89048275,515,540,0.0004053988537215658,-0.00020907484416550894,BNB,15m,stoch_rsi,mean_reversion,12h,D,False,False
-13.0346,-19.2055,-0.9992,-1.0,11577,0.6249,0.3756,1.039,-0.000952,0.8325,0.2075,0.8713,22.4999,-1.0,11590,-0.000952,0.006232,-16.4505,0.0,6172,5418,-0.0009145430363995224,-0.0009952653958675232,BNB,15m,ema_ribbon,trend,1h,F,False,False
-3.0235,-4.5571,-0.8737,-0.9554,3275,0.8198,0.4382,1.051,-0.000802,0.9529,0.0587,0.7931,9.8678,-0.9431,3277,-0.000802,0.012038,-3.8158,0.00013823,1726,1551,-0.0006722560667861811,-0.0009473249587258791,BNB,15m,ema_ribbon,trend,4h,F,False,False
-1.1819,-1.561,-0.6824,-0.8208,1139,0.8774,0.4737,0.9749,-0.000925,1.0887,0.0204,-0.4971,8.8598,-0.7297,1140,-0.000925,0.020946,-1.4916,0.13608124,595,545,-0.0005106941964673343,-0.0013779857107440122,BNB,15m,ema_ribbon,trend,12h,F,False,False
-0.9329,-1.4127,-0.4637,-0.1815,173,0.7497,0.4629,0.8701,-0.000764,0.5464,0.0031,2.3405,21.3492,-0.1307,175,-0.000764,0.00858,-1.1774,0.24063015,85,90,-0.0003239080233324025,-0.00117907727744208,BNB,15m,bollinger_mr,mean_reversion,1h,F,False,False
-1.1495,-1.603,-0.5395,-0.3025,108,0.7277,0.4253,0.9834,-0.001533,0.7203,0.0031,0.1462,2.4471,-0.2471,174,-0.001533,0.01394,-1.4507,0.14866189,84,90,-0.0023231940325723673,-0.0007956858637015832,BNB,15m,bollinger_mr,mean_reversion,4h,F,False,False
-0.7996,-1.0067,-0.6266,-0.2926,93,0.7946,0.481,0.8574,-0.001789,0.7905,0.0028,-0.6244,3.3842,-0.2757,158,-0.001789,0.022288,-1.0092,0.31443686,74,84,-0.004314942101860899,0.0004353650199740367,BNB,15m,bollinger_mr,mean_reversion,12h,F,False,False
-3.3361,-4.4852,-0.7391,-0.6825,1221,0.6918,0.4349,0.8991,-0.000883,0.7387,0.022,0.3633,8.6038,-0.6731,1228,-0.000883,0.007351,-4.2103,2.736e-05,626,602,-0.000606977837319604,-0.0011704631420395024,BNB,15m,rsi_extreme,mean_reversion,1h,F,False,False
-1.8971,-2.3733,-0.7083,-0.6509,718,0.7885,0.4558,0.9417,-0.001008,0.8934,0.0162,-0.6984,7.6256,-0.6264,904,-0.001008,0.012656,-2.3943,0.016855,462,442,-0.0003034587983534991,-0.0017441674137826978,BNB,15m,rsi_extreme,mean_reversion,4h,F,False,False
-0.8048,-1.138,-0.4752,-0.7053,404,0.8871,0.5,0.8871,-0.000852,0.9065,0.0109,0.6936,13.7777,-0.478,610,-0.000852,0.020718,-1.0157,0.31017002,318,292,-0.00011572874821686036,-0.00165386991278903,BNB,15m,rsi_extreme,mean_reversion,12h,F,False,False
-6.9119,-10.8273,-0.9633,-0.9951,5130,0.7018,0.4064,1.0252,-0.000954,0.9112,0.0922,1.0796,13.4658,-0.9937,5148,-0.000954,0.00785,-8.7232,0.0,2587,2561,-0.0008247934213757284,-0.00108528204584559,BNB,15m,momentum,trend,1h,F,False,False
-1.8896,-2.7613,-0.793,-0.8406,2134,0.8586,0.464,0.9921,-0.000721,1.0793,0.0382,0.3117,8.2424,-0.8262,2136,-0.000721,0.013979,-2.3847,0.01717778,1078,1058,-0.0005887684202967778,-0.0008563532010603178,BNB,15m,momentum,trend,4h,F,False,False
-1.407,-2.0326,-0.7858,-0.7419,891,0.8457,0.4763,0.9299,-0.001294,0.9051,0.0162,0.2581,6.7101,-0.7517,907,-0.001294,0.021948,-1.7757,0.0761124,455,452,-0.0009057540382259536,-0.0016850895506070177,BNB,15m,momentum,trend,12h,F,False,False
-7.2989,-10.8778,-0.939,-0.9854,4166,0.6425,0.3748,1.072,-0.000968,0.9087,0.0746,0.8305,17.1617,-0.9839,4168,-0.000968,0.006783,-9.2116,0.0,2209,1959,-0.000920591322628768,-0.001021158128593549,BNB,15m,range_breakout,trend,1h,F,False,False
-3.0154,-4.4543,-0.8404,-0.9295,2234,0.7841,0.4291,1.0432,-0.001005,0.9272,0.04,0.6976,10.0591,-0.9111,2235,-0.001005,0.012479,-3.8056,0.00014524,1183,1052,-0.0007941317920993857,-0.0012412199612530299,BNB,15m,range_breakout,trend,4h,F,False,False
-1.4236,-2.057,-0.7469,-0.7985,981,0.8397,0.4684,0.9529,-0.001239,0.8708,0.0176,0.8577,9.0413,-0.7643,982,-0.001239,0.021614,-1.7967,0.07269785,529,453,-0.0009324326409550258,-0.001597494735272769,BNB,15m,range_breakout,trend,12h,F,False,False
-8.8379,-12.4912,-0.9633,-0.9941,5221,0.6234,0.3842,0.9994,-0.000944,0.8689,0.0936,0.5575,18.8434,-0.9935,5227,-0.000944,0.006118,-11.1539,0.0,2612,2615,-0.0009057898271373319,-0.000981820609732189,BNB,15m,macd_scalp,trend,1h,F,False,False
-4.7964,-6.0375,-0.9336,-0.9757,2524,0.6928,0.4285,0.924,-0.001451,0.8512,0.0452,-0.8185,11.5882,-0.9788,2525,-0.001451,0.012045,-6.0533,0.0,1257,1268,-0.0014051616958020423,-0.0014965049498389393,BNB,15m,macd_scalp,trend,4h,F,False,False
-0.7904,-1.1086,-0.5849,-0.7542,781,0.9122,0.4756,1.0057,-0.000671,0.9634,0.0184,0.2141,7.1905,-0.6041,1026,-0.000671,0.021545,-0.9975,0.31876498,500,526,-0.0006310545645701617,-0.0007088417546672201,BNB,15m,macd_scalp,trend,12h,F,False,False
-3.8576,-5.1784,-0.7411,-0.7843,1417,0.6621,0.4311,0.8738,-0.000943,0.6963,0.0256,1.3013,22.4364,-0.75,1429,-0.000943,0.007322,-4.8685,1.25e-06,653,776,-0.0005574249242728244,-0.0012675673318494006,BNB,15m,keltner_mr,mean_reversion,1h,F,False,False
-1.7099,-2.1993,-0.6197,-0.7497,814,0.8104,0.465,0.9323,-0.000893,0.8132,0.0182,0.1906,12.0263,-0.6303,1015,-0.000893,0.013184,-2.158,0.03116259,469,546,-0.00023511715810547472,-0.001458191548683511,BNB,15m,keltner_mr,mean_reversion,4h,F,False,False
-2.4333,-2.993,-0.8247,-0.8297,496,0.6878,0.4571,0.8168,-0.00267,0.7324,0.0113,-0.2127,15.1235,-0.8406,630,-0.00267,0.021825,-3.071,0.00222581,290,340,-0.0029496762891990476,-0.002432037651097598,BNB,15m,keltner_mr,mean_reversion,12h,F,False,False
-4.8018,-5.9925,-0.7898,-0.8195,1626,0.6253,0.4002,0.937,-0.000996,0.7773,0.0292,-1.8803,35.3845,-0.8098,1629,-0.000996,0.006634,-6.0601,0.0,871,758,-0.0008754881349786664,-0.0011346524451486912,BNB,15m,dual_ema_adx,trend,1h,F,False,False
-2.7351,-3.5217,-0.7492,-0.7899,1117,0.744,0.474,0.8258,-0.001171,0.8015,0.0206,-0.5169,8.2381,-0.7599,1152,-0.001171,0.011516,-3.4519,0.00057694,638,514,-0.0008495236004597104,-0.0015704613560953236,BNB,15m,dual_ema_adx,trend,4h,F,False,False
-0.8267,-1.0626,-0.5782,-0.6585,563,0.8917,0.4931,0.9169,-0.00083,0.8124,0.0129,-0.4444,12.503,-0.5339,720,-0.00083,0.021341,-1.0434,0.29712114,392,328,-0.0002472294299056914,-0.0015261244048404687,BNB,15m,dual_ema_adx,trend,12h,F,False,False
-4.295,-6.3638,-0.8054,-0.8623,1684,0.6633,0.3725,1.1175,-0.001086,0.9553,0.0302,0.7213,17.8437,-0.8487,1686,-0.001086,0.008225,-5.4206,7e-08,822,864,-0.000887857444457841,-0.0012740506245449987,BNB,15m,vol_spike_brk,trend,1h,F,False,False
-1.5434,-2.4244,-0.6632,-0.7339,1176,0.8506,0.4397,1.084,-0.000735,0.9729,0.023,0.947,7.8253,-0.6543,1285,-0.000735,0.013533,-1.9478,0.05165117,631,654,-0.000475928065118751,-0.0009856471451769385,BNB,15m,vol_spike_brk,trend,4h,F,False,False
-0.9748,-1.3477,-0.6514,-0.7029,709,0.8732,0.4684,0.9909,-0.00102,0.9772,0.0136,0.0719,12.6853,-0.6229,760,-0.00102,0.022862,-1.2303,0.21896751,366,394,-9.495679728683978e-05,-0.001879828065386055,BNB,15m,vol_spike_brk,trend,12h,F,False,False
-8.6219,-10.4765,-0.9243,-0.9736,3242,0.5588,0.4054,0.8197,-0.001112,0.7058,0.0581,-0.9031,7.8962,-0.9744,3244,-0.001112,0.005821,-10.8814,0.0,1328,1916,-0.0009744328440247496,-0.001207632712721505,BNB,15m,stoch_cross,mean_reversion,1h,F,False,False
-4.1306,-4.9947,-0.8771,-0.945,1866,0.6968,0.4501,0.8513,-0.001406,0.807,0.0341,-1.0295,9.3727,-0.9399,1904,-0.001406,0.011768,-5.213,2.1e-07,792,1112,-0.001270213767279886,-0.0015025737246700888,BNB,15m,stoch_cross,mean_reversion,4h,F,False,False
-1.8897,-2.2733,-0.8308,-0.7898,905,0.7903,0.4558,0.9434,-0.001653,0.9577,0.0162,-1.3836,10.0947,-0.8174,906,-0.001653,0.020857,-2.385,0.01728556,356,550,-0.0013397450039269183,-0.0018551832434853654,BNB,15m,stoch_cross,mean_reversion,12h,F,False,False
-6.3069,-6.7091,-0.9956,-0.9998,7357,0.7325,0.4714,0.8214,-0.001089,0.8284,0.1323,-5.6016,168.8219,-0.9998,7391,-0.001089,0.011767,-7.9596,0.0,3693,3698,-0.0009274676710779196,-0.001251250194929238,ADA,15m,vwap_mr,mean_reversion,1h,F,False,False
-1.5018,-1.9265,-0.8883,-0.9736,2464,0.8813,0.4916,0.9115,-0.000895,0.8638,0.0479,1.8939,97.5525,-0.9587,2673,-0.000895,0.024402,-1.8954,0.05814712,1339,1334,-0.00044127118976694676,-0.0013496474721457121,ADA,15m,vwap_mr,mean_reversion,4h,F,False,False
-0.1533,-0.2304,-0.6174,-0.8071,907,0.9806,0.4953,0.9994,-0.000246,0.9497,0.0189,3.7145,64.8591,-0.6667,1054,-0.000246,0.041237,-0.1935,0.84662261,533,521,0.0003230118439350086,-0.0008276182598686729,ADA,15m,vwap_mr,mean_reversion,12h,F,False,False
-6.191,-8.3474,-0.9855,-0.9988,6164,0.7394,0.4481,0.9108,-0.001014,0.8054,0.111,0.1524,13.1959,-0.9987,6202,-0.001014,0.010221,-7.8134,0.0,3084,3118,-0.0010166401823172746,-0.001011537509216895,ADA,15m,stoch_rsi,mean_reversion,1h,F,False,False
-2.176,-3.2339,-0.9306,-0.9854,2557,0.8341,0.4649,0.9602,-0.001228,0.92,0.0479,5.6987,146.5898,-0.981,2676,-0.001228,0.023136,-2.7462,0.0060699,1336,1340,-0.0011186107873123706,-0.0013375122442192914,ADA,15m,stoch_rsi,mean_reversion,4h,F,False,False
-1.3762,-2.0799,-0.8883,-0.9629,1007,0.8405,0.4557,1.004,-0.002162,0.9331,0.0188,3.4945,67.3383,-0.954,1049,-0.002162,0.040314,-1.7369,0.08270499,531,518,-0.00219189651360664,-0.002131145219883112,ADA,15m,stoch_rsi,mean_reversion,12h,F,False,False
-7.7218,-9.7164,-0.9997,-1.0,11598,0.7411,0.4156,1.0422,-0.001039,0.9153,0.2078,-5.5628,302.2134,-1.0,11606,-0.001039,0.01149,-9.7453,0.0,5661,5945,-0.0009743871457071618,-0.0011012116818392703,ADA,15m,ema_ribbon,trend,1h,F,False,False
-2.3321,-2.9062,-0.9625,-0.9945,3269,0.8402,0.4459,1.0441,-0.001231,0.9985,0.0586,-1.4554,87.6168,-0.9934,3272,-0.001231,0.023918,-2.9433,0.00327069,1585,1687,-0.0010051969793868673,-0.001442535212152527,ADA,15m,ema_ribbon,trend,4h,F,False,False
-0.8414,-1.1252,-0.8257,-0.9778,726,0.9003,0.4579,1.0659,-0.001348,1.0026,0.0204,0.341,41.7232,-0.9274,1140,-0.001348,0.042847,-1.0619,0.28852196,555,585,-0.0006880142788127592,-0.0019731907139684387,ADA,15m,ema_ribbon,trend,12h,F,False,False
-1.3148,-1.9562,-0.5364,-0.2954,156,0.6805,0.4268,0.9141,-0.00167,0.7604,0.0028,0.6791,4.8373,-0.2402,157,-0.00167,0.012608,-1.6593,0.09906396,82,75,0.0007420306339779346,-0.004306292956378342,ADA,15m,bollinger_mr,mean_reversion,1h,F,False,False
-0.175,-0.2895,-0.2288,-0.2452,115,0.9523,0.4679,1.0828,-0.000372,1.0778,0.0028,0.4997,2.2616,-0.0879,156,-0.000372,0.021006,-0.2209,0.82545409,82,74,0.0023777811373301974,-0.0034180737373949383,ADA,15m,bollinger_mr,mean_reversion,4h,F,False,False
-0.063,-0.0732,-0.184,-0.4884,105,0.9811,0.5625,0.7631,-0.000259,0.9531,0.0026,-1.0847,5.2316,-0.1393,144,-0.000259,0.039021,-0.0796,0.93670183,74,70,0.0005934751989121175,-0.0011595589683879289,ADA,15m,bollinger_mr,mean_reversion,12h,F,False,False
-1.2506,-2.4001,-0.7044,-0.6664,1095,0.8363,0.4574,0.9922,-0.000729,0.903,0.0214,11.6979,280.2051,-0.6356,1196,-0.000729,0.015964,-1.5783,0.11476647,620,576,-0.0005886993747978954,-0.0008790955236116284,ADA,15m,rsi_extreme,mean_reversion,1h,F,False,False
-1.3347,-1.5053,-0.7896,-0.8491,818,0.8112,0.4819,0.8721,-0.001585,0.6864,0.0158,-0.7988,87.5296,-0.8293,884,-0.001585,0.027972,-1.6845,0.09244026,459,425,-0.0011409248982730187,-0.002064127388945141,ADA,15m,rsi_extreme,mean_reversion,4h,F,False,False
-0.3147,-0.418,-0.5876,-0.7402,545,0.9507,0.5093,0.9158,-0.000683,0.9282,0.0105,1.1115,25.5455,-0.5971,589,-0.000683,0.041708,-0.3971,0.69140422,302,287,0.0007200946126277245,-0.0021584442040990153,ADA,15m,rsi_extreme,mean_reversion,12h,F,False,False
-7.3243,-9.7779,-0.9994,-1.0,8918,0.7291,0.4189,1.0116,-0.001234,0.9265,0.1601,-0.1136,73.709,-1.0,8941,-0.001234,0.012626,-9.2436,0.0,4463,4478,-0.001134098400124094,-0.0013341517294542717,ADA,15m,momentum,trend,1h,F,False,False
-3.0712,-3.5503,-0.979,-0.9974,2983,0.7952,0.4519,0.9644,-0.001682,0.9442,0.0534,-4.046,103.9993,-0.9974,2985,-0.001682,0.023715,-3.8761,0.00010845,1469,1516,-0.0014468856845259908,-0.001910767822896964,ADA,15m,momentum,trend,4h,F,False,False
-0.8917,-1.0499,-0.8506,-0.9569,750,0.8953,0.4795,0.9719,-0.001414,0.8882,0.0196,-2.7664,58.1263,-0.9313,1097,-0.001414,0.041613,-1.1254,0.26067314,560,537,-0.0008073079314838065,-0.0020465016596555754,ADA,15m,momentum,trend,12h,F,False,False
-3.8466,-6.538,-0.9457,-0.9882,3894,0.769,0.4108,1.1029,-0.00103,1.0139,0.0698,6.8564,188.9653,-0.987,3897,-0.00103,0.013246,-4.8546,1.25e-06,1947,1950,-0.0008950762106303455,-0.001164866698154567,ADA,15m,range_breakout,trend,1h,F,False,False
-1.5286,-1.9039,-0.8676,-0.9485,2180,0.874,0.4512,1.0631,-0.000968,0.9712,0.0391,-2.7274,78.7001,-0.9365,2181,-0.000968,0.023426,-1.9292,0.05384102,1083,1098,-0.0009089098512051785,-0.0010257059785168008,ADA,15m,range_breakout,trend,4h,F,False,False
-0.3138,-0.5044,-0.6429,-0.8182,597,0.9616,0.4789,1.0462,-0.000494,0.9663,0.0174,1.9665,21.5659,-0.6955,973,-0.000494,0.038877,-0.396,0.69218399,486,487,-0.000770039412160773,-0.00021764638225837477,ADA,15m,range_breakout,trend,12h,F,False,False
-4.8389,-8.0852,-0.9712,-0.996,5164,0.7538,0.4262,1.0149,-0.000984,0.8845,0.093,7.605,238.6306,-0.9957,5195,-0.000984,0.011613,-6.1069,0.0,2626,2569,-0.0010292500096948166,-0.0009376166164713043,ADA,15m,macd_scalp,trend,1h,F,False,False
-2.9136,-4.021,-0.955,-0.9896,2358,0.7936,0.4661,0.9091,-0.001598,0.8192,0.0451,1.8788,42.7005,-0.9902,2521,-0.001598,0.021825,-3.6771,0.00024086,1272,1249,-0.0015624701687815495,-0.0016348885168742326,ADA,15m,macd_scalp,trend,4h,F,False,False
-1.2128,-1.385,-0.8598,-0.9621,1025,0.8614,0.4795,0.935,-0.001869,0.8932,0.0184,-2.4507,35.6475,-0.939,1026,-0.001869,0.039119,-1.5306,0.12617988,457,569,-0.0010990487160714745,-0.0024878635075151344,ADA,15m,macd_scalp,trend,12h,F,False,False
-3.5855,-4.8046,-0.8033,-0.8281,1229,0.6886,0.4464,0.8538,-0.001358,0.7915,0.0221,-0.0173,5.8931,-0.825,1232,-0.001358,0.010535,-4.5251,6.62e-06,615,617,-0.0011088266300003742,-0.0016065964474007474,ADA,15m,keltner_mr,mean_reversion,1h,F,False,False
-1.8583,-2.4726,-0.7705,-0.8355,827,0.7941,0.4646,0.9149,-0.001628,0.7645,0.016,0.0419,4.9579,-0.8068,891,-0.001628,0.020724,-2.3453,0.0192324,456,435,-0.0009677141025230665,-0.002320760591784848,ADA,15m,keltner_mr,mean_reversion,4h,F,False,False
-0.5772,-0.7408,-0.6325,-0.7603,578,0.9189,0.5118,0.8764,-0.001088,1.007,0.0106,-0.6782,4.0115,-0.6481,592,-0.001088,0.036351,-0.7285,0.46659753,297,295,-0.00039836846517727535,-0.0017830780411044933,ADA,15m,keltner_mr,mean_reversion,12h,F,False,False
-2.225,-4.5718,-0.7987,-0.8183,1546,0.7574,0.412,1.0809,-0.000999,0.8813,0.0278,13.4693,364.8438,-0.8152,1551,-0.000999,0.014017,-2.808,0.00504705,834,717,-0.000745405741927689,-0.0012949129820002514,ADA,15m,dual_ema_adx,trend,1h,F,False,False
-1.6429,-2.5875,-0.8344,-0.8291,1106,0.8187,0.4487,1.0057,-0.001432,0.827,0.0199,3.962,68.8355,-0.8466,1112,-0.001432,0.023024,-2.0734,0.03836311,612,500,-0.0010764895215827233,-0.0018661494119002866,ADA,15m,dual_ema_adx,trend,4h,F,False,False
-1.6711,-1.8382,-0.8845,-0.9553,671,0.7731,0.4507,0.9422,-0.003293,0.8605,0.0124,-3.7128,52.0953,-0.9486,690,-0.003293,0.041018,-2.109,0.03530777,367,323,-0.0017476141860733598,-0.005049291704415531,ADA,15m,dual_ema_adx,trend,12h,F,False,False
-2.3989,-3.9832,-0.8434,-0.9174,1709,0.7699,0.4042,1.1348,-0.001246,0.9229,0.0307,6.8729,157.7682,-0.9063,1712,-0.001246,0.017022,-3.0276,0.00250213,796,916,-0.0004725395494397804,-0.0019172711216308693,ADA,15m,vol_spike_brk,trend,1h,F,False,False
-1.1093,-1.2239,-0.7967,-0.8904,899,0.8719,0.4522,1.0564,-0.001069,1.0549,0.0232,-5.5681,126.9569,-0.8603,1296,-0.001069,0.027476,-1.4001,0.1617364,605,691,-0.0007536817750382966,-0.0013442104736075754,ADA,15m,vol_spike_brk,trend,4h,F,False,False
-0.6392,-0.722,-0.7486,-0.9125,606,0.9052,0.4696,1.0222,-0.001307,0.9551,0.0133,-3.0239,53.6781,-0.8396,741,-0.001307,0.044116,-0.8067,0.42010041,337,404,0.00018970814080963557,-0.0025561382311899803,ADA,15m,vol_spike_brk,trend,12h,F,False,False
-3.0132,-4.1535,-0.8449,-0.89,2929,0.8096,0.4716,0.9072,-0.000705,0.8298,0.0526,0.8087,16.5365,-0.8915,2937,-0.000705,0.010054,-3.8028,0.000146,1429,1508,-0.0005104968437022984,-0.0008902593195082328,ADA,15m,stoch_cross,mean_reversion,1h,F,False,False
-1.4294,-2.1447,-0.8325,-0.9132,1753,0.8611,0.4798,0.9335,-0.001026,0.904,0.0315,6.5515,162.2229,-0.8972,1761,-0.001026,0.023869,-1.804,0.07140731,860,901,-0.00037449892138368394,-0.001648034425683155,ADA,15m,stoch_cross,mean_reversion,4h,F,False,False
-0.0042,-0.0065,-0.4321,-0.8573,617,0.9994,0.4834,1.0683,-8e-06,1.1972,0.0156,3.2845,51.6122,-0.5215,871,-8e-06,0.042219,-0.0053,0.99578052,436,435,-0.00012526721894083462,0.0001104030165985688,ADA,15m,stoch_cross,mean_reversion,12h,F,False,False
-7.3364,-9.1538,-0.9958,-0.9998,7556,0.7304,0.4557,0.8724,-0.001092,0.8038,0.1354,-0.8642,10.361,-0.9998,7564,-0.001092,0.01026,-9.259,0.0,3826,3738,-0.0009978994113112607,-0.0011888321228285788,AVAX,15m,vwap_mr,mean_reversion,1h,F,False,False
-3.2218,-4.1299,-0.9566,-0.9928,2533,0.7963,0.4717,0.8919,-0.001571,0.8391,0.048,-0.6571,8.0949,-0.9915,2682,-0.001571,0.020013,-4.0661,4.918e-05,1385,1297,-0.001357139584557862,-0.0018000036485890391,AVAX,15m,vwap_mr,mean_reversion,4h,F,False,False
-1.4738,-2.0509,-0.8519,-0.9557,1010,0.8536,0.4625,0.9921,-0.001954,0.9723,0.0189,-0.3359,3.7623,-0.9315,1053,-0.001954,0.034092,-1.86,0.06315798,533,520,-0.0019692653784875802,-0.0019387446658728333,AVAX,15m,vwap_mr,mean_reversion,12h,F,False,False
-6.8616,-9.4682,-0.9882,-0.999,6216,0.725,0.4414,0.9176,-0.00107,0.8133,0.1113,0.5317,18.2129,-0.999,6217,-0.00107,0.009742,-8.6598,0.0,3100,3117,-0.0011944148524051098,-0.0009462393065789754,AVAX,15m,stoch_rsi,mean_reversion,1h,F,False,False
-2.8834,-3.9505,-0.9413,-0.9879,2637,0.8135,0.4579,0.9631,-0.001401,0.9431,0.0474,0.1889,8.6001,-0.9855,2649,-0.001401,0.019811,-3.6391,0.00027886,1338,1311,-0.0017245466493775268,-0.001070184084760252,AVAX,15m,stoch_rsi,mean_reversion,4h,F,False,False
-0.5219,-0.7846,-0.6278,-0.8807,524,0.9465,0.4787,1.0308,-0.000669,1.0401,0.0189,0.0065,2.3717,-0.7226,1055,-0.000669,0.032993,-0.6587,0.51025616,544,511,-0.0007277938339997909,-0.0006065214540766276,AVAX,15m,stoch_rsi,mean_reversion,12h,F,False,False
-8.2862,-12.3863,-0.9994,-1.0,11621,0.7541,0.427,1.0117,-0.000969,0.9189,0.2082,0.6647,9.0736,-1.0,11629,-0.000969,0.009997,-10.4577,0.0,5779,5850,-0.0009938539824645902,-0.0009454308742437952,AVAX,15m,ema_ribbon,trend,1h,F,False,False
-1.6572,-2.4697,-0.8828,-0.9601,3176,0.9004,0.4654,1.0342,-0.00072,1.0089,0.0587,0.4739,6.8935,-0.95,3281,-0.00072,0.019706,-2.0915,0.03655794,1647,1634,-0.0007567232622134279,-0.0006820810374945312,AVAX,15m,ema_ribbon,trend,4h,F,False,False
1.0691,1.6019,1.0274,-0.7191,454,1.1163,0.5105,1.0702,0.00132,1.1535,0.0204,-0.0274,3.9192,1.4138,1140,0.00132,0.033032,1.3492,0.17753196,574,566,0.0011682155388279619,0.0014738737329744156,AVAX,15m,ema_ribbon,trend,12h,C,False,False
-1.1395,-1.5048,-0.5013,-0.2675,119,0.703,0.4621,0.8185,-0.001502,0.9377,0.0026,-0.0894,4.821,-0.205,145,-0.001502,0.012575,-1.4381,0.15257252,73,72,-0.0010586980166015557,-0.0019510248235304834,AVAX,15m,bollinger_mr,mean_reversion,1h,F,False,False
-0.0088,-0.0131,-0.0818,-0.2446,96,0.9975,0.5069,0.9702,-1.9e-05,0.776,0.0026,0.03,1.0612,-0.0317,144,-1.9e-05,0.020303,-0.0112,0.99111226,72,72,0.0011355933699382956,-0.0011733529024274903,AVAX,15m,bollinger_mr,mean_reversion,4h,F,False,False
-0.8609,-1.2249,-0.5736,-0.5633,88,0.7803,0.5115,0.7454,-0.00389,0.6283,0.0023,-0.2295,0.3708,-0.4629,131,-0.00389,0.040979,-1.0865,0.27928267,67,64,-0.0012809595962906017,-0.006621293795127534,AVAX,15m,bollinger_mr,mean_reversion,12h,F,False,False
-3.136,-4.0907,-0.7814,-0.7957,1227,0.7229,0.4551,0.8657,-0.001197,0.8677,0.0221,-0.5494,6.3823,-0.7875,1235,-0.001197,0.010625,-3.9578,7.995e-05,641,594,-0.001238111663690195,-0.0011517280426003814,AVAX,15m,rsi_extreme,mean_reversion,1h,F,False,False
-2.2756,-2.5818,-0.8327,-0.9059,696,0.7407,0.444,0.9277,-0.002199,0.8693,0.0161,-2.7554,35.2369,-0.8931,901,-0.002199,0.022987,-2.872,0.00417469,465,436,-0.0025256954910533413,-0.0018514042682398436,AVAX,15m,rsi_extreme,mean_reversion,4h,F,False,False
-0.7496,-1.0367,-0.6702,-0.8039,387,0.8986,0.4786,0.9789,-0.001376,1.0115,0.0109,-0.2805,3.0119,-0.7085,608,-0.001376,0.035861,-0.946,0.34451999,319,289,0.0004104309255576524,-0.003347512635158428,AVAX,15m,rsi_extreme,mean_reversion,12h,F,False,False
-6.5286,-9.654,-0.9968,-0.9999,9134,0.7792,0.431,1.0289,-0.000937,0.9674,0.1638,0.268,9.1415,-0.9999,9147,-0.000937,0.010879,-8.2395,0.0,4604,4543,-0.0008745813821763505,-0.0010006942185005212,AVAX,15m,momentum,trend,1h,F,False,False
-1.2687,-1.8511,-0.8378,-0.9308,2995,0.9192,0.476,1.0119,-0.000596,1.013,0.0538,0.4706,10.2337,-0.9102,3002,-0.000596,0.020382,-1.6012,0.10944334,1505,1497,-0.0006133743225798438,-0.0005777835573107546,AVAX,15m,momentum,trend,4h,F,False,False
-0.2427,-0.3355,-0.6485,-0.7483,1097,0.9738,0.4954,0.9917,-0.000329,0.9611,0.0197,0.0493,6.7448,-0.6528,1098,-0.000329,0.035546,-0.3063,0.75945108,577,521,-0.0004950321921773306,-0.00014417535932497857,AVAX,15m,momentum,trend,12h,F,False,False
-4.1535,-6.394,-0.936,-0.9844,3919,0.7817,0.4262,1.0525,-0.000966,1.0169,0.0702,0.7239,9.282,-0.9826,3921,-0.000966,0.011543,-5.242,1.7e-07,1984,1937,-0.0008766636804247287,-0.001058082801043985,AVAX,15m,range_breakout,trend,1h,F,False,False
-1.106,-1.6885,-0.7833,-0.8811,2179,0.9168,0.4592,1.0798,-0.000633,1.0809,0.039,0.6317,8.5861,-0.8453,2180,-0.000633,0.021171,-1.3959,0.16290006,1070,1110,-0.00022058666863724515,-0.0010303991707812205,AVAX,15m,range_breakout,trend,4h,F,False,False
-0.2093,-0.3062,-0.4932,-0.8308,894,0.977,0.5062,0.9532,-0.000287,0.9619,0.0174,-0.0121,3.0132,-0.5682,974,-0.000287,0.033868,-0.2641,0.7917413,479,495,-0.0003145541533508189,-0.00025960153307148413,AVAX,15m,range_breakout,trend,12h,F,False,False
-5.9285,-8.4466,-0.9759,-0.9967,5230,0.737,0.4301,0.9764,-0.001044,0.9212,0.0937,0.2448,12.7752,-0.9968,5231,-0.001044,0.010095,-7.4822,0.0,2616,2615,-0.001104621817150366,-0.0009840363987293672,AVAX,15m,macd_scalp,trend,1h,F,False,False
-3.3839,-4.5248,-0.956,-0.9915,2318,0.7797,0.4621,0.9077,-0.001673,0.8994,0.0451,-0.2898,7.4675,-0.991,2517,-0.001673,0.019659,-4.2706,2.021e-05,1245,1272,-0.0017026770234077775,-0.0016448401869632121,AVAX,15m,macd_scalp,trend,4h,F,False,False
0.3084,0.4464,-0.152,-0.674,404,1.034,0.5024,1.0239,0.000416,0.981,0.0183,0.0279,2.9058,-0.1582,1023,0.000416,0.034158,0.3893,0.69717214,506,517,0.00023760712315728743,0.0005900140251567467,AVAX,15m,macd_scalp,trend,12h,D,False,False
-3.3422,-4.2263,-0.8176,-0.8189,1229,0.7048,0.452,0.8544,-0.001368,0.7362,0.022,-0.6086,6.3607,-0.8286,1230,-0.001368,0.011372,-4.2181,2.645e-05,599,631,-0.0016760976520449181,-0.0010750362282129571,AVAX,15m,keltner_mr,mean_reversion,1h,F,False,False
-2.4712,-3.133,-0.8378,-0.8892,861,0.7327,0.4479,0.9031,-0.002281,0.8086,0.0155,-0.5862,6.3868,-0.8865,864,-0.002281,0.021502,-3.1188,0.00187614,425,439,-0.0023183902016617247,-0.0022457027094866374,AVAX,15m,keltner_mr,mean_reversion,4h,F,False,False
-1.6106,-2.0909,-0.8504,-0.8683,395,0.7901,0.4646,0.9105,-0.003026,0.823,0.0104,-0.7144,3.9349,-0.8819,579,-0.003026,0.035823,-2.0326,0.04254531,288,291,-0.003706047957245495,-0.002353237961373286,AVAX,15m,keltner_mr,mean_reversion,12h,F,False,False
-3.4933,-5.2952,-0.8074,-0.8358,1602,0.7308,0.4318,0.9618,-0.001067,0.9112,0.0287,0.521,5.587,-0.8329,1605,-0.001067,0.009699,-4.4088,1.109e-05,825,780,-0.0012662076377168074,-0.0008569692987318159,AVAX,15m,dual_ema_adx,trend,1h,F,False,False
-2.0703,-3.0627,-0.8169,-0.8682,1031,0.8054,0.4527,0.9735,-0.001512,0.8934,0.0206,0.3721,4.8151,-0.8602,1153,-0.001512,0.019654,-2.6129,0.00909596,598,555,-0.0014042996315457197,-0.001628709261673473,AVAX,15m,dual_ema_adx,trend,4h,F,False,False
-1.6759,-2.2333,-0.8481,-0.9174,707,0.8041,0.4833,0.8596,-0.002719,0.7951,0.0129,-0.5251,4.4226,-0.9091,720,-0.002719,0.034496,-2.1151,0.0347659,376,344,-0.003165448259732379,-0.0022313337046806574,AVAX,15m,dual_ema_adx,trend,12h,F,False,False
-1.5318,-2.2447,-0.6888,-0.7623,1724,0.8717,0.4542,1.0476,-0.000596,1.0069,0.0313,0.6194,9.225,-0.6945,1746,-0.000596,0.012888,-1.9332,0.05337369,848,898,-0.0004305721918636336,-0.000752749928046879,AVAX,15m,vol_spike_brk,trend,1h,F,False,False
0.666,1.0999,0.6997,-0.3546,469,1.0679,0.4753,1.1788,0.000487,1.1372,0.0236,0.7434,4.9928,0.4234,1317,0.000487,0.02101,0.8405,0.40078442,647,670,0.00011607035020440435,0.000844399093753868,AVAX,15m,vol_spike_brk,trend,4h,C,False,False
0.2081,0.3244,-0.1945,-0.6238,624,1.0262,0.5126,0.9755,0.000336,0.9932,0.0134,0.2987,2.9938,-0.1862,751,0.000336,0.03502,0.2626,0.7929443,367,384,7.273645286889117e-05,0.0005867455070396838,AVAX,15m,vol_spike_brk,trend,12h,D,False,False
-4.1759,-5.3798,-0.8961,-0.9533,3119,0.7625,0.4647,0.8782,-0.000934,0.7866,0.0559,-0.4389,5.0693,-0.9535,3120,-0.000934,0.009896,-5.2703,1.5e-07,1535,1585,-0.0009983071494362927,-0.0008710870541647974,AVAX,15m,stoch_cross,mean_reversion,1h,F,False,False
-2.137,-2.6913,-0.8674,-0.9391,1789,0.8344,0.4884,0.8742,-0.001251,0.8772,0.0331,-0.756,7.5207,-0.9317,1847,-0.001251,0.01993,-2.697,0.00705939,908,939,-0.0015083651361286912,-0.001001609589296288,AVAX,15m,stoch_cross,mean_reversion,4h,F,False,False
-0.9652,-1.3482,-0.8092,-0.8509,889,0.8916,0.491,0.9242,-0.001451,0.8905,0.0159,0.0476,5.3656,-0.844,890,-0.001451,0.03554,-1.2182,0.22347842,435,455,-0.0016605615961032293,-0.001251073954758957,AVAX,15m,stoch_cross,mean_reversion,12h,F,False,False
-5.5034,-6.0172,-0.993,-0.9997,7510,0.7545,0.4641,0.8712,-0.000962,0.8189,0.1345,-6.3458,361.6318,-0.9996,7511,-0.000962,0.012008,-6.9457,0.0,3726,3785,-0.0008790279537662525,-0.001044422633430849,DOT,15m,vwap_mr,mean_reversion,1h,F,False,False
-2.8359,-3.5605,-0.9355,-0.9908,2657,0.812,0.4723,0.9072,-0.001354,0.7827,0.0481,-0.6329,13.2381,-0.9845,2689,-0.001354,0.019612,-3.5792,0.00035079,1333,1356,-0.0012388896451986397,-0.0014665289332899414,DOT,15m,vwap_mr,mean_reversion,4h,F,False,False
-0.5937,-0.8089,-0.6829,-0.8925,1038,0.9346,0.4739,1.0374,-0.000804,1.0544,0.0189,-0.1193,10.7829,-0.7764,1055,-0.000804,0.034863,-0.7493,0.45384296,523,532,-0.0011379769094668748,-0.0004761892078014067,DOT,15m,vwap_mr,mean_reversion,12h,F,False,False
-5.4351,-7.9473,-0.9762,-0.9968,6182,0.7602,0.4459,0.9447,-0.000881,0.8543,0.1107,3.4606,99.1476,-0.9969,6183,-0.000881,0.010105,-6.8594,0.0,3028,3155,-0.0009800869399107538,-0.0007868181330055793,DOT,15m,stoch_rsi,mean_reversion,1h,F,False,False
-2.6122,-3.5031,-0.9327,-0.9747,2651,0.8229,0.4642,0.9499,-0.001249,0.8706,0.0475,0.4878,18.5678,-0.9781,2652,-0.001249,0.01951,-3.2968,0.00099072,1298,1354,-0.0016437738354330054,-0.0008705811119659319,DOT,15m,stoch_rsi,mean_reversion,4h,F,False,False
1.1189,1.7159,1.3904,-0.5931,250,1.1342,0.4915,1.1735,0.001484,1.2165,0.0189,0.634,7.8212,1.6062,1056,0.001484,0.034159,1.4121,0.15822332,526,530,0.0010946402632502484,0.0018711047368366858,DOT,15m,stoch_rsi,mean_reversion,12h,C,False,False
-8.3404,-12.6266,-0.9994,-1.0,11557,0.746,0.4238,1.0143,-0.000969,0.9416,0.2071,1.2911,21.5914,-1.0,11565,-0.000969,0.009905,-10.5262,0.0,5655,5910,-0.0010008716714165623,-0.0009394225126774563,DOT,15m,ema_ribbon,trend,1h,F,False,False
-1.8922,-2.6858,-0.9205,-0.9833,3273,0.8719,0.4611,1.0191,-0.000909,1.0545,0.0586,1.9413,103.7223,-0.9765,3275,-0.000909,0.021774,-2.3881,0.01699085,1591,1684,-0.0009705459478336237,-0.0008501237349486434,DOT,15m,ema_ribbon,trend,4h,F,False,False
-0.2751,-0.4321,-0.5723,-0.8292,459,0.9702,0.4947,0.9909,-0.000346,0.9294,0.0204,1.0861,9.5396,-0.6412,1138,-0.000346,0.033612,-0.3472,0.72852884,565,573,-0.0007817291467965763,8.382043059786502e-05,DOT,15m,ema_ribbon,trend,12h,F,False,False
-0.6607,-1.006,-0.4188,-0.1849,78,0.7937,0.4959,0.807,-0.000978,0.7607,0.0022,1.1488,7.3566,-0.1205,121,-0.000978,0.012908,-0.8339,0.40601741,61,60,0.0012319879617499966,-0.003225803313533291,DOT,15m,bollinger_mr,mean_reversion,1h,F,False,False
-0.1348,-0.2142,-0.1549,-0.2305,81,0.9588,0.4711,1.0766,-0.000297,1.0991,0.0022,0.3085,1.7689,-0.0563,121,-0.000297,0.019176,-0.1701,0.86522327,61,60,0.0013134333272232853,-0.0019333159273964154,DOT,15m,bollinger_mr,mean_reversion,4h,F,False,False
0.1866,0.225,0.0253,-0.3133,47,1.0678,0.5268,0.9592,0.000849,1.1311,0.002,-0.69,4.0403,0.0127,112,0.000849,0.038137,0.2355,0.81426954,55,57,0.0014000593486090528,0.0003164376114285431,DOT,15m,bollinger_mr,mean_reversion,12h,D,False,False
-2.4137,-3.2396,-0.7486,-0.7029,1164,0.7679,0.4595,0.9033,-0.000956,0.8565,0.021,0.0617,6.6546,-0.6956,1173,-0.000956,0.010747,-3.0462,0.00236896,589,584,-0.0010699520669816226,-0.0008407888030159878,DOT,15m,rsi_extreme,mean_reversion,1h,F,False,False
-1.7268,-1.9792,-0.7674,-0.8332,762,0.7988,0.4839,0.8518,-0.001615,0.7351,0.0156,-1.5945,14.2766,-0.803,872,-0.001615,0.021883,-2.1794,0.02957101,446,426,-0.002081317541637684,-0.0011269139443361956,DOT,15m,rsi_extreme,mean_reversion,4h,F,False,False
-0.007,-0.0097,-0.3533,-0.6236,402,0.9989,0.4966,1.0125,-1.3e-05,1.0976,0.0106,0.6104,12.8697,-0.3272,592,-1.3e-05,0.036357,-0.0088,0.99298655,291,301,-0.0014484840865496308,0.00137451741755716,DOT,15m,rsi_extreme,mean_reversion,12h,F,False,False
-7.7383,-11.1781,-0.9989,-1.0,8817,0.7324,0.4198,1.0123,-0.001158,0.9541,0.158,0.2811,24.1703,-1.0,8826,-0.001158,0.011137,-9.7663,0.0,4394,4432,-0.00113999784361316,-0.001175392810119886,DOT,15m,momentum,trend,1h,F,False,False
-1.2757,-1.758,-0.8703,-0.9497,2972,0.9068,0.4706,1.0201,-0.000676,1.0319,0.0533,1.75,94.2029,-0.9386,2975,-0.000676,0.022898,-1.61,0.10750059,1484,1491,-0.0007135146260485024,-0.0006384619395929208,DOT,15m,momentum,trend,4h,F,False,False
-1.0409,-1.5423,-0.8004,-0.9247,874,0.8907,0.4736,0.9901,-0.001365,0.9411,0.0197,0.6709,7.56,-0.8831,1098,-0.001365,0.03444,-1.3136,0.18923874,564,534,-0.0015218772292149598,-0.001200049126328503,DOT,15m,momentum,trend,12h,F,False,False
-4.132,-6.7961,-0.9319,-0.9827,3944,0.7718,0.4027,1.1449,-0.000936,0.9921,0.0707,2.7179,46.6804,-0.9806,3946,-0.000936,0.011272,-5.2149,1.9e-07,2005,1941,-0.0007697559028332468,-0.0011072012676855965,DOT,15m,range_breakout,trend,1h,F,False,False
-0.8478,-1.3168,-0.735,-0.8498,2176,0.931,0.4596,1.0947,-0.000491,1.0633,0.039,1.4705,24.7627,-0.79,2178,-0.000491,0.021404,-1.0699,0.28476767,1103,1075,-0.00041210863584703795,-0.0005713607761586849,DOT,15m,range_breakout,trend,4h,F,False,False
-1.813,-2.4495,-0.8875,-0.9675,969,0.8048,0.4688,0.9118,-0.00256,0.8833,0.0175,0.0349,11.2437,-0.9557,979,-0.00256,0.035004,-2.2881,0.02234233,467,512,-0.0021325666317079973,-0.002949491854667603,DOT,15m,range_breakout,trend,12h,F,False,False
-6.4744,-8.7074,-0.9795,-0.9976,5248,0.7118,0.4248,0.9637,-0.001098,0.8845,0.094,-0.4505,13.9082,-0.9976,5249,-0.001098,0.009734,-8.1712,0.0,2634,2615,-0.0011823671234314993,-0.0010126865387981505,DOT,15m,macd_scalp,trend,1h,F,False,False
-1.9505,-2.5065,-0.8934,-0.9456,2389,0.8609,0.4606,1.008,-0.000968,0.9098,0.0455,-0.704,16.2367,-0.9486,2540,-0.000968,0.019825,-2.4617,0.01389377,1254,1286,-0.0012183215385487064,-0.0007245833153135053,DOT,15m,macd_scalp,trend,4h,F,False,False
-1.5952,-2.1765,-0.8923,-0.9242,1029,0.8333,0.4689,0.9438,-0.002116,0.9376,0.0184,-0.0491,6.7945,-0.9375,1030,-0.002116,0.033725,-2.0132,0.0443489,530,500,-0.002395160156969779,-0.0018192334638094157,DOT,15m,macd_scalp,trend,12h,F,False,False
-2.9038,-3.8229,-0.7835,-0.7673,1221,0.7343,0.4599,0.8624,-0.001139,0.7552,0.0219,0.0118,6.5717,-0.7688,1222,-0.001139,0.010861,-3.6648,0.00025812,568,654,-0.0006959502461582421,-0.0015230493940916335,DOT,15m,keltner_mr,mean_reversion,1h,F,False,False
-1.504,-1.8335,-0.7171,-0.7946,834,0.8318,0.4753,0.9181,-0.001295,0.8436,0.016,-0.9562,5.9659,-0.7391,892,-0.001295,0.020371,-1.8981,0.05800317,426,466,-0.0016940979517610704,-0.0009294583310495705,DOT,15m,keltner_mr,mean_reversion,4h,F,False,False
-0.3273,-0.449,-0.5722,-0.6624,588,0.9506,0.4805,1.0279,-0.000622,0.9859,0.0105,0.4936,11.9643,-0.5318,589,-0.000622,0.036559,-0.4131,0.67969595,281,308,-0.001599315858246373,0.0002691246193042988,DOT,15m,keltner_mr,mean_reversion,12h,F,False,False
-4.846,-7.1287,-0.843,-0.9003,1558,0.6456,0.4056,0.9459,-0.001407,0.9915,0.028,0.1589,4.9811,-0.8963,1563,-0.001407,0.009097,-6.116,0.0,832,731,-0.0012576363910165754,-0.001577564892189117,DOT,15m,dual_ema_adx,trend,1h,F,False,False
-1.4289,-2.0134,-0.692,-0.7841,986,0.8558,0.4653,0.9836,-0.000977,0.9708,0.0196,-0.0216,4.2433,-0.7124,1094,-0.000977,0.017927,-1.8034,0.07160633,617,477,-0.0014398553408187104,-0.0003793081896812443,DOT,15m,dual_ema_adx,trend,4h,F,False,False
-0.3619,-0.4763,-0.5852,-0.7083,679,0.9489,0.4899,0.988,-0.000607,1.0191,0.0124,-0.1831,11.6725,-0.5737,694,-0.000607,0.035017,-0.4567,0.64803195,380,314,-0.0009571297598922176,-0.00018338289867413102,DOT,15m,dual_ema_adx,trend,12h,F,False,False
-2.2141,-3.7713,-0.7887,-0.8335,1652,0.8022,0.4023,1.1918,-0.00094,1.004,0.0296,3.1027,45.5081,-0.8184,1653,-0.00094,0.013681,-2.7944,0.00526018,764,889,-0.0005197615686932995,-0.0013016931518105754,DOT,15m,vol_spike_brk,trend,1h,F,False,False
-0.1269,-0.2268,-0.3901,-0.6289,1282,0.9865,0.4463,1.2237,-0.000101,1.1305,0.023,1.7027,12.6942,-0.3613,1286,-0.000101,0.022529,-0.1601,0.8728249,598,688,-0.0005818898538378817,0.00031775980667590113,DOT,15m,vol_spike_brk,trend,4h,F,False,False
-1.5354,-2.0721,-0.8315,-0.929,734,0.8135,0.4586,0.9603,-0.002547,0.8914,0.0132,-0.3705,7.9836,-0.9054,737,-0.002547,0.035679,-1.9377,0.05303816,347,390,-0.0031853836914639494,-0.00197838565344286,DOT,15m,vol_spike_brk,trend,12h,F,False,False
-4.4157,-5.5556,-0.8993,-0.9567,3018,0.741,0.4651,0.8523,-0.00099,0.7983,0.0541,-0.6051,7.5004,-0.9565,3019,-0.00099,0.009763,-5.5729,3e-08,1394,1625,-0.0012283811214069478,-0.0007858916447132561,DOT,15m,stoch_cross,mean_reversion,1h,F,False,False
-2.5948,-2.934,-0.8997,-0.9599,1798,0.7875,0.464,0.9096,-0.001533,0.9227,0.0326,-2.3819,28.1992,-0.9581,1821,-0.001533,0.019982,-3.2749,0.00107687,834,987,-0.0015344490917735226,-0.0015326507493187522,DOT,15m,stoch_cross,mean_reversion,4h,F,False,False
-0.8759,-1.1758,-0.7347,-0.8836,887,0.8949,0.4718,1.0017,-0.001279,1.0794,0.0159,0.0211,10.8538,-0.8114,888,-0.001279,0.034466,-1.1055,0.26925399,398,490,-0.00284241435450056,-8.410140647064935e-06,DOT,15m,stoch_cross,mean_reversion,12h,F,False,False
-5.3184,-6.5565,-0.9853,-0.9985,7185,0.7858,0.47,0.8861,-0.000854,0.8118,0.1289,-0.6256,12.7235,-0.9986,7196,-0.000854,0.010796,-6.712,0.0,3525,3671,-0.000789059220824962,-0.0009168281583614998,LINK,15m,vwap_mr,mean_reversion,1h,F,False,False
-2.0549,-2.5519,-0.9243,-0.9713,2616,0.8501,0.4696,0.9599,-0.001129,0.9613,0.0469,-1.0267,56.1748,-0.9735,2619,-0.001129,0.022284,-2.5933,0.00955821,1290,1329,-0.0007822779024913061,-0.0014659611833482118,LINK,15m,vwap_mr,mean_reversion,4h,F,False,False
-0.076,-0.1103,-0.5045,-0.7717,659,0.9917,0.4957,1.009,-0.000107,1.0184,0.0186,0.0435,4.4076,-0.5441,1041,-0.000107,0.035939,-0.0959,0.92362998,518,523,0.0005574462035951624,-0.0007647078343009731,LINK,15m,vwap_mr,mean_reversion,12h,F,False,False
-6.4387,-8.6932,-0.9866,-0.9988,6114,0.7322,0.4372,0.9424,-0.001048,0.8616,0.1095,0.0943,12.7386,-0.9988,6118,-0.001048,0.010088,-8.1258,0.0,3059,3059,-0.000989626458163089,-0.0011064683198367987,LINK,15m,stoch_rsi,mean_reversion,1h,F,False,False
-2.2293,-3.1066,-0.9071,-0.9695,2635,0.8515,0.4581,1.0073,-0.001082,0.9793,0.0472,0.0586,6.0295,-0.9656,2637,-0.001082,0.019748,-2.8135,0.00493695,1328,1309,-0.0010335720232783681,-0.0011310649164448213,LINK,15m,stoch_rsi,mean_reversion,4h,F,False,False
-0.4411,-0.6041,-0.6512,-0.8266,749,0.9534,0.5175,0.8888,-0.000583,0.8984,0.0189,-0.0713,4.5161,-0.7079,1055,-0.000583,0.03404,-0.5567,0.57783063,552,503,0.0002425355732021416,-0.00148992055517738,LINK,15m,stoch_rsi,mean_reversion,12h,F,False,False
-7.4943,-10.7838,-0.9995,-1.0,11660,0.7572,0.4198,1.0466,-0.000966,0.9223,0.209,2.7576,130.6,-1.0,11673,-0.000966,0.011033,-9.458,0.0,5786,5887,-0.0008796352932744115,-0.0010506249302252317,LINK,15m,ema_ribbon,trend,1h,F,False,False
-2.0151,-2.86,-0.9124,-0.9837,2563,0.877,0.4604,1.0277,-0.000895,0.95,0.0591,0.3244,9.5245,-0.9734,3299,-0.000895,0.020216,-2.5431,0.01103116,1648,1651,-0.0006476582191558527,-0.0011421392721432438,LINK,15m,ema_ribbon,trend,4h,F,False,False
0.0913,0.1365,-0.3831,-0.7645,936,1.0098,0.5018,1.0027,0.000119,1.0343,0.0204,0.4252,4.6549,-0.4242,1140,0.000119,0.034843,0.1152,0.90832334,575,565,0.0004686217818993747,-0.00023708994899840902,LINK,15m,ema_ribbon,trend,12h,D,False,False
-1.0394,-1.605,-0.5197,-0.2227,101,0.6868,0.4272,0.9209,-0.001804,0.9125,0.0018,0.7072,5.1878,-0.1779,103,-0.001804,0.013959,-1.3117,0.19255065,51,52,-0.0007536602007535578,-0.0028344849387682645,LINK,15m,bollinger_mr,mean_reversion,1h,F,False,False
-1.1462,-1.6878,-0.5522,-0.3457,73,0.6791,0.4216,0.9318,-0.003073,0.7439,0.0018,0.1647,1.8329,-0.2863,102,-0.003073,0.021458,-1.4466,0.15110719,50,52,-0.003410465213369562,-0.0027494756286744002,LINK,15m,bollinger_mr,mean_reversion,4h,F,False,False
-0.8702,-0.9677,-0.4867,-0.5968,69,0.7142,0.4742,0.7918,-0.004695,0.692,0.0017,-1.4022,5.6628,-0.4211,97,-0.004695,0.042108,-1.0982,0.27486517,48,49,-0.010675958628451306,0.0011634865403314456,LINK,15m,bollinger_mr,mean_reversion,12h,F,False,False
-2.8479,-3.9978,-0.7611,-0.7732,1099,0.7269,0.4469,0.8995,-0.001208,0.8019,0.0199,0.4346,6.2824,-0.7568,1112,-0.001208,0.011209,-3.5942,0.0003397,550,562,-0.0014218361569954532,-0.0009990108571111258,LINK,15m,rsi_extreme,mean_reversion,1h,F,False,False
-0.8062,-0.8906,-0.6572,-0.7267,634,0.8874,0.4719,0.9933,-0.000888,0.9354,0.015,-4.01,72.2119,-0.6445,835,-0.000888,0.025214,-1.0174,0.30924705,419,416,-0.0018806389254293727,0.0001122270643339655,LINK,15m,rsi_extreme,mean_reversion,4h,F,False,False
-1.0356,-1.4955,-0.7084,-0.8431,426,0.8616,0.4744,0.9545,-0.001929,1.0149,0.0102,-0.1792,2.2265,-0.7651,567,-0.001929,0.03515,-1.307,0.19175956,273,294,-0.0017830357022870769,-0.002065109312118806,LINK,15m,rsi_extreme,mean_reversion,12h,F,False,False
-8.5419,-12.2894,-0.9996,-1.0,9134,0.7151,0.4124,1.019,-0.001294,0.9463,0.1637,0.3887,11.5142,-1.0,9140,-0.001294,0.011476,-10.7801,0.0,4563,4577,-0.0012162091449467705,-0.001371609142536249,LINK,15m,momentum,trend,1h,F,False,False
-1.8042,-2.5689,-0.8905,-0.9815,2973,0.8844,0.4635,1.0239,-0.000878,0.9552,0.0537,0.3064,8.0267,-0.9631,2997,-0.000878,0.021104,-2.277,0.02285901,1488,1509,-0.0007110522515340259,-0.0010421825608603844,LINK,15m,momentum,trend,4h,F,False,False
0.8479,1.4067,0.6029,-0.7266,630,1.0939,0.4855,1.1593,0.001124,1.0629,0.0197,0.7167,4.1281,0.7836,1102,0.001124,0.034856,1.0701,0.28480004,563,539,0.0013938186862170437,0.0008414068385066101,LINK,15m,momentum,trend,12h,C,False,False
-4.692,-7.2749,-0.9512,-0.9911,3690,0.7467,0.397,1.134,-0.001152,0.9707,0.0667,1.0865,11.222,-0.9895,3725,-0.001152,0.011871,-5.9214,0.0,1899,1826,-0.0011291382167826279,-0.0011753124855659537,LINK,15m,range_breakout,trend,1h,F,False,False
-1.9543,-2.7355,-0.8715,-0.9728,2094,0.85,0.4499,1.0393,-0.001187,0.8866,0.0375,0.2383,9.9035,-0.9501,2096,-0.001187,0.022027,-2.4664,0.0137261,1061,1035,-0.0009952142077971598,-0.0013829585662114025,LINK,15m,range_breakout,trend,4h,F,False,False
-1.1532,-1.6764,-0.8064,-0.9402,919,0.8757,0.4796,0.9501,-0.001704,1.0032,0.0171,0.2303,4.3985,-0.8957,957,-0.001704,0.03622,-1.4554,0.14589208,488,469,-0.0017816990244139685,-0.001623181956326866,LINK,15m,range_breakout,trend,12h,F,False,False
-6.8161,-7.8768,-0.9912,-0.9994,5288,0.6767,0.4104,0.9721,-0.001338,0.8435,0.0948,-6.684,222.5001,-0.9994,5292,-0.001338,0.011313,-8.6021,0.0,2620,2672,-0.0013136824943704862,-0.0013613009276635618,LINK,15m,macd_scalp,trend,1h,F,False,False
-2.1552,-2.8315,-0.9115,-0.9654,2542,0.8501,0.4562,1.0135,-0.001112,0.9017,0.0455,-0.5506,14.5217,-0.9658,2543,-0.001112,0.02061,-2.7199,0.00657362,1286,1257,-0.0007996043037109867,-0.001430828799519489,LINK,15m,macd_scalp,trend,4h,F,False,False
-1.8535,-2.61,-0.9017,-0.9758,695,0.8122,0.4776,0.8884,-0.002633,0.8393,0.0184,0.2206,5.768,-0.9658,1026,-0.002633,0.036057,-2.3392,0.01951756,527,499,-0.0015528807373656813,-0.003774088033146997,LINK,15m,macd_scalp,trend,12h,F,False,False
-3.1861,-4.0681,-0.7884,-0.7887,960,0.6826,0.4599,0.8016,-0.001539,0.7399,0.0172,-0.384,6.5954,-0.7875,961,-0.001539,0.011869,-4.0209,6.253e-05,450,511,-0.0008643195705036934,-0.002134040036455029,LINK,15m,keltner_mr,mean_reversion,1h,F,False,False
-1.7452,-2.2574,-0.7729,-0.7908,691,0.7813,0.4756,0.8615,-0.0019,0.7353,0.0125,-0.0264,6.2516,-0.7779,696,-0.0019,0.022758,-2.2025,0.02795753,330,366,-0.001665762853905353,-0.002111058319296931,LINK,15m,keltner_mr,mean_reversion,4h,F,False,False
-0.7018,-0.9622,-0.6431,-0.7945,345,0.8968,0.4609,1.0489,-0.001527,0.958,0.0089,-0.4601,3.8027,-0.6799,499,-0.001527,0.038507,-0.8857,0.37621809,237,262,0.00043971192982608686,-0.0033055579450267576,LINK,15m,keltner_mr,mean_reversion,12h,F,False,False
-4.6602,-7.205,-0.8639,-0.9257,1576,0.6479,0.3883,1.0208,-0.00156,0.8658,0.0284,0.8277,7.7533,-0.9228,1584,-0.00156,0.010557,-5.8813,0.0,798,786,-0.0013246217765209734,-0.001799174300375685,LINK,15m,dual_ema_adx,trend,1h,F,False,False
-2.2603,-3.2998,-0.829,-0.8897,1074,0.7768,0.4411,0.9843,-0.001741,0.7776,0.0196,0.5803,6.9444,-0.8812,1095,-0.001741,0.020196,-2.8526,0.00441818,549,546,-0.0010469479530303863,-0.002438786897553492,LINK,15m,dual_ema_adx,trend,4h,F,False,False
-1.3296,-1.8145,-0.7834,-0.8957,673,0.835,0.46,0.9803,-0.002202,0.8978,0.0123,-0.3186,3.9817,-0.8544,687,-0.002202,0.034392,-1.678,0.09380144,342,345,-0.001320631153930605,-0.00307529660645889,LINK,15m,dual_ema_adx,trend,12h,F,False,False
-2.2063,-3.2286,-0.7718,-0.8476,1483,0.8023,0.4111,1.1496,-0.001037,0.9754,0.0266,0.6722,9.1575,-0.8157,1484,-0.001037,0.014342,-2.7844,0.00543097,704,780,-0.0007392972471802755,-0.0013049670915757528,LINK,15m,vol_spike_brk,trend,1h,F,False,False
-0.4867,-0.7546,-0.5456,-0.7084,1152,0.9494,0.4755,1.0473,-0.000411,0.9614,0.0208,0.6327,4.9066,-0.5407,1163,-0.000411,0.02281,-0.6142,0.53917225,557,606,-0.0008048833684639293,-4.86728397280946e-05,LINK,15m,vol_spike_brk,trend,4h,F,False,False
-0.5988,-0.8849,-0.6853,-0.8091,581,0.9226,0.4907,0.9577,-0.001105,0.9454,0.0125,0.3412,3.9002,-0.7241,697,-0.001105,0.038593,-0.7556,0.45011568,327,370,-0.0013895209928138348,-0.0008528470287820484,LINK,15m,vol_spike_brk,trend,12h,F,False,False
-4.662,-5.9697,-0.9081,-0.9632,2955,0.7301,0.4476,0.9011,-0.001069,0.8219,0.0529,-0.5797,5.7499,-0.9634,2956,-0.001069,0.00988,-5.8836,0.0,1438,1518,-0.0009724106965564483,-0.0011608768568620233,LINK,15m,stoch_cross,mean_reversion,1h,F,False,False
-1.7739,-2.0357,-0.8473,-0.9317,1792,0.8473,0.4763,0.9315,-0.001133,0.9703,0.0322,-3.3869,63.2811,-0.9164,1797,-0.001133,0.021458,-2.2387,0.02529657,867,930,-0.0008833051816078073,-0.0013662332366662948,LINK,15m,stoch_cross,mean_reversion,4h,F,False,False
-0.8813,-1.2776,-0.7491,-0.9095,893,0.9003,0.4709,1.0115,-0.001362,1.0418,0.016,0.0183,4.111,-0.8382,894,-0.001362,0.036613,-1.1122,0.26634075,415,479,-0.0014764459930948247,-0.001262771819369073,LINK,15m,stoch_cross,mean_reversion,12h,F,False,False
-7.2113,-8.0917,-0.9981,-1.0,7634,0.7238,0.4728,0.8071,-0.001228,0.7583,0.1369,-2.2457,29.6535,-1.0,7648,-0.001228,0.011795,-9.101,0.0,3987,3661,-0.0011198486330366501,-0.0013447436916750213,UNI,15m,vwap_mr,mean_reversion,1h,F,False,False
-2.6363,-3.1732,-0.9622,-0.9952,2704,0.8167,0.4751,0.9025,-0.001554,0.8417,0.0485,-0.8147,35.2503,-0.9935,2707,-0.001554,0.024299,-3.3271,0.00088931,1396,1311,-0.0014551497451419666,-0.0016589378440359371,UNI,15m,vwap_mr,mean_reversion,4h,F,False,False
0.112,0.1403,-0.5069,-0.7408,581,1.0127,0.5104,0.9714,0.00018,1.0536,0.0189,-0.8662,7.3582,-0.5276,1058,0.00018,0.041487,0.1413,0.88765136,532,526,0.0006879110307034075,-0.0003332309405122044,UNI,15m,vwap_mr,mean_reversion,12h,D,False,False
-5.8557,-8.2089,-0.9842,-0.9987,6116,0.7582,0.4458,0.9427,-0.001002,0.8495,0.1096,0.3007,7.978,-0.9985,6122,-0.001002,0.010608,-7.3901,0.0,3057,3065,-0.0009620067720958415,-0.001041714514769129,UNI,15m,stoch_rsi,mean_reversion,1h,F,False,False
-3.7059,-4.473,-0.9802,-0.9981,2601,0.7598,0.4599,0.8922,-0.002054,0.8751,0.0471,-1.4423,19.2367,-0.9978,2633,-0.002054,0.02253,-4.677,3.06e-06,1348,1285,-0.001714074622354523,-0.0024097225265044676,UNI,15m,stoch_rsi,mean_reversion,4h,F,False,False
-0.6791,-0.9314,-0.74,-0.9428,1015,0.9285,0.5019,0.9214,-0.001034,1.0133,0.0188,-0.1984,4.8629,-0.8512,1052,-0.001034,0.039146,-0.8571,0.39160024,533,519,-0.0007050761819370077,-0.001372624805661152,UNI,15m,stoch_rsi,mean_reversion,12h,F,False,False
-6.3962,-9.7131,-0.9988,-1.0,11594,0.7949,0.4384,1.0185,-0.000856,0.9309,0.2078,1.5187,21.9735,-1.0,11607,-0.000856,0.01143,-8.0723,0.0,5594,6013,-0.0007832151326171811,-0.0009245038947532064,UNI,15m,ema_ribbon,trend,1h,F,False,False
-1.136,-1.6771,-0.8802,-0.9585,3266,0.9242,0.4589,1.0899,-0.000611,1.0335,0.0585,1.6844,52.9737,-0.948,3269,-0.000611,0.024361,-1.4336,0.15176934,1583,1686,-0.00028192440846132506,-0.0009196796852020439,UNI,15m,ema_ribbon,trend,4h,F,False,False
-0.6012,-0.9006,-0.7417,-0.9577,874,0.937,0.468,1.0654,-0.000911,1.0419,0.0204,0.4134,9.4748,-0.8611,1139,-0.000911,0.040527,-0.7588,0.44815355,545,594,-0.0005915811294451398,-0.001204327696904617,UNI,15m,ema_ribbon,trend,12h,F,False,False
-0.3009,-0.5296,-0.1993,-0.2382,122,0.9167,0.4568,1.0901,-0.000393,1.0751,0.0029,1.2346,5.7748,-0.0746,162,-0.000393,0.01317,-0.3797,0.70467099,74,88,0.001051641976173235,-0.0016075911385305549,UNI,15m,bollinger_mr,mean_reversion,1h,F,False,False
-0.7614,-1.1355,-0.387,-0.5013,123,0.812,0.4783,0.8858,-0.001839,0.7877,0.0029,0.347,2.5331,-0.2908,161,-0.001839,0.024285,-0.961,0.33801763,73,88,-0.001862048511316212,-0.0018203383554719103,UNI,15m,bollinger_mr,mean_reversion,4h,F,False,False
0.9217,1.434,1.2799,-0.2678,50,1.3056,0.517,1.2197,0.004098,1.4607,0.0026,0.2554,1.7001,0.5991,147,0.004098,0.042713,1.1632,0.24665419,69,78,0.008106560366477963,0.0005516177952422225,UNI,15m,bollinger_mr,mean_reversion,12h,C,False,False
-3.713,-4.4276,-0.8348,-0.8964,1150,0.6545,0.4529,0.7906,-0.00181,0.6386,0.0207,-1.0709,15.2857,-0.8889,1157,-0.00181,0.013138,-4.686,3.12e-06,601,556,-0.0014484829050545182,-0.0022006871735748695,UNI,15m,rsi_extreme,mean_reversion,1h,F,False,False
-1.3355,-1.5615,-0.7757,-0.8156,871,0.8339,0.468,0.9481,-0.001474,0.8999,0.0156,-1.904,26.5759,-0.7971,874,-0.001474,0.025854,-1.6855,0.09224716,455,419,-0.00023819536498807543,-0.002816029902622417,UNI,15m,rsi_extreme,mean_reversion,4h,F,False,False
-0.71,-0.8436,-0.6832,-0.8981,504,0.8984,0.511,0.8598,-0.001585,0.8829,0.0106,-1.0682,6.2988,-0.78,593,-0.001585,0.043079,-0.8961,0.37057,315,278,0.00033015734444641305,-0.0037555538408976033,UNI,15m,rsi_extreme,mean_reversion,12h,F,False,False
-6.4923,-8.691,-0.9989,-1.0,9646,0.7729,0.4308,1.0214,-0.001039,0.9655,0.1728,-1.2101,54.9216,-1.0,9648,-0.001039,0.012455,-8.1936,0.0,4744,4904,-0.0010359693767000183,-0.0010418025401451726,UNI,15m,momentum,trend,1h,F,False,False
-0.9999,-1.4844,-0.8615,-0.9515,3082,0.9309,0.4639,1.0758,-0.000571,1.0278,0.0553,1.7542,50.4591,-0.9347,3089,-0.000571,0.025153,-1.2619,0.20707199,1505,1584,-0.00028769209442854125,-0.000840362339388697,UNI,15m,momentum,trend,4h,F,False,False
-1.5387,-2.0018,-0.9084,-0.9847,1069,0.8417,0.4744,0.9326,-0.002361,0.9174,0.0199,-0.6766,13.9222,-0.9722,1113,-0.002361,0.040555,-1.9419,0.05239947,562,551,-0.0019338686762668538,-0.002795851876895868,UNI,15m,momentum,trend,12h,F,False,False
-2.6497,-4.6218,-0.8946,-0.9625,3999,0.8458,0.4129,1.2027,-0.0007,1.04,0.0716,3.005,38.3315,-0.9569,4001,-0.0007,0.013237,-3.344,0.00083325,1932,2069,-0.0006738757112548069,-0.0007239814501174893,UNI,15m,range_breakout,trend,1h,F,False,False
-0.3868,-0.6374,-0.5934,-0.881,2198,0.9691,0.4586,1.1439,-0.000251,1.12,0.0394,1.5146,14.4503,-0.6922,2200,-0.000251,0.024102,-0.4881,0.62550488,1055,1145,-9.720067517742006e-06,-0.0004729901916710426,UNI,15m,range_breakout,trend,4h,F,False,False
-1.0489,-1.5273,-0.8425,-0.9429,974,0.882,0.4708,0.9912,-0.001738,0.9414,0.0175,0.6293,12.2771,-0.9195,977,-0.001738,0.041029,-1.3237,0.18590309,456,521,-0.00017253653994571454,-0.003107372106036985,UNI,15m,range_breakout,trend,12h,F,False,False
-6.0848,-6.7696,-0.9904,-0.9994,5160,0.6975,0.4369,0.8989,-0.001328,0.8964,0.0924,-8.1171,293.0498,-0.9993,5161,-0.001328,0.012424,-7.6792,0.0,2624,2537,-0.0015167557884422705,-0.0011328660157805196,UNI,15m,macd_scalp,trend,1h,F,False,False
-2.0629,-2.7121,-0.9136,-0.9698,2517,0.8568,0.4597,1.0069,-0.00113,0.922,0.0451,-0.6752,12.5824,-0.9685,2521,-0.00113,0.021788,-2.6035,0.00928249,1259,1262,-0.0013264522497360592,-0.0009335012138295971,UNI,15m,macd_scalp,trend,4h,F,False,False
-2.0008,-2.5248,-0.9313,-0.9832,1007,0.7953,0.4693,0.8993,-0.003053,0.884,0.0184,-0.8263,8.7159,-0.9805,1027,-0.003053,0.038742,-2.5251,0.01171659,525,502,-0.0030226926339833385,-0.003083882614361941,UNI,15m,macd_scalp,trend,12h,F,False,False
-1.7718,-2.3489,-0.6887,-0.6965,1084,0.8345,0.4864,0.8811,-0.000737,0.7797,0.0231,0.0294,6.6425,-0.6467,1289,-0.000737,0.011832,-2.236,0.02552118,641,648,-0.0004626659211575457,-0.0010081340960671067,UNI,15m,keltner_mr,mean_reversion,1h,F,False,False
-0.587,-0.6779,-0.5948,-0.7457,749,0.9281,0.4984,0.9341,-0.000637,0.9787,0.0167,-2.0211,25.0085,-0.6069,935,-0.000637,0.026275,-0.7409,0.45895944,466,469,4.76823698385282e-05,-0.0013165366471308687,UNI,15m,keltner_mr,mean_reversion,4h,F,False,False
-0.2326,-0.2781,-0.527,-0.8146,379,0.9665,0.5125,0.9194,-0.000516,0.9199,0.0108,-1.2446,7.2498,-0.5908,601,-0.000516,0.043067,-0.2936,0.76917857,320,281,0.00173564788457274,-0.0030796120435725295,UNI,15m,keltner_mr,mean_reversion,12h,F,False,False
-1.9884,-2.869,-0.7039,-0.7092,976,0.829,0.4494,1.0157,-0.000657,0.995,0.0278,0.1651,9.1802,-0.6676,1551,-0.000657,0.010309,-2.5094,0.01219389,788,763,-0.0008327183609749883,-0.0004752561145277048,UNI,15m,dual_ema_adx,trend,1h,F,False,False
-0.7593,-1.1324,-0.5834,-0.7659,775,0.9203,0.4643,1.0618,-0.00062,0.9874,0.0198,0.4447,6.0535,-0.6105,1107,-0.00062,0.021544,-0.9582,0.33815427,560,547,-0.0010115288798846539,-0.00022014503719783678,UNI,15m,dual_ema_adx,trend,4h,F,False,False
-0.5329,-0.589,-0.7157,-0.8067,687,0.9249,0.5208,0.851,-0.00105,0.8134,0.0125,-2.004,18.9051,-0.7464,697,-0.00105,0.041204,-0.6725,0.50146758,355,342,-0.000470519378366326,-0.0016507467311552453,UNI,15m,dual_ema_adx,trend,12h,F,False,False
-0.5114,-0.9818,-0.517,-0.6431,1724,0.9509,0.427,1.2761,-0.000249,1.2002,0.0309,3.3907,35.4447,-0.4747,1726,-0.000249,0.016017,-0.6453,0.51878802,847,879,-9.709921291852102e-05,-0.00039499625369737707,UNI,15m,vol_spike_brk,trend,1h,F,False,False
0.5263,0.8985,0.1749,-0.7321,1218,1.0569,0.4655,1.2136,0.000474,1.2035,0.0236,1.4463,11.3229,0.2116,1319,0.000474,0.025916,0.6642,0.50667687,642,677,0.0007420595636363287,0.00021973933670650834,UNI,15m,vol_spike_brk,trend,4h,C,False,False
-1.6079,-2.3161,-0.8831,-0.966,733,0.8121,0.4615,0.9474,-0.00308,1.0043,0.0137,-0.0712,5.997,-0.9529,767,-0.00308,0.042039,-2.0292,0.04277894,355,412,-0.0011725235157964066,-0.004724107598266017,UNI,15m,vol_spike_brk,trend,12h,F,False,False
-4.8655,-6.0113,-0.9289,-0.9768,3015,0.7195,0.4595,0.8462,-0.001198,0.747,0.054,-0.8318,7.3087,-0.9774,3016,-0.001198,0.010714,-6.1405,0.0,1559,1457,-0.0011722961109606523,-0.001225443395453583,UNI,15m,stoch_cross,mean_reversion,1h,F,False,False
-2.9854,-3.6092,-0.9378,-0.9855,1799,0.7656,0.4643,0.8834,-0.002008,0.8999,0.0323,-1.5056,22.7891,-0.9836,1805,-0.002008,0.022648,-3.7677,0.00017002,917,888,-0.00226337080402353,-0.001745281764159324,UNI,15m,stoch_cross,mean_reversion,4h,F,False,False
-1.9329,-2.3252,-0.9279,-0.9701,891,0.7885,0.4765,0.8665,-0.003271,0.8233,0.016,-1.09,6.1671,-0.9745,892,-0.003271,0.040053,-2.4394,0.0149046,457,435,-0.0023744871898446402,-0.004213846541584779,UNI,15m,stoch_cross,mean_reversion,12h,F,False,False
-7.2069,-8.234,-0.9959,-0.9999,7874,0.7221,0.4522,0.8746,-0.001047,0.8097,0.1411,-5.701,205.4738,-0.9998,7883,-0.001047,0.010224,-9.0955,0.0,3906,3977,-0.0009912065583761026,-0.0011025519108214914,ATOM,15m,vwap_mr,mean_reversion,1h,F,False,False
-2.8515,-3.6124,-0.9316,-0.9871,2736,0.8163,0.474,0.9059,-0.001283,0.8358,0.0492,-0.8858,14.4966,-0.982,2749,-0.001283,0.018686,-3.5988,0.00032533,1389,1360,-0.0011365523011895812,-0.001431692425503399,ATOM,15m,vwap_mr,mean_reversion,4h,F,False,False
-0.8409,-1.159,-0.7552,-0.8705,1065,0.9104,0.4949,0.9293,-0.001057,0.8999,0.0192,0.0971,11.5422,-0.8185,1071,-0.001057,0.032605,-1.0613,0.28878391,540,531,-0.001315539653745913,-0.0007948777092829293,ATOM,15m,vwap_mr,mean_reversion,12h,F,False,False
-7.206,-9.6343,-0.9861,-0.9987,6187,0.7154,0.443,0.8997,-0.001037,0.8191,0.1108,-0.244,7.6376,-0.9987,6188,-0.001037,0.008971,-9.0944,0.0,3021,3167,-0.0009239458625602874,-0.0011450590866333228,ATOM,15m,stoch_rsi,mean_reversion,1h,F,False,False
-1.7076,-2.3266,-0.8592,-0.9037,2635,0.8863,0.481,0.9562,-0.000746,0.9533,0.0472,-0.1244,7.3194,-0.908,2636,-0.000746,0.01778,-2.1551,0.03124103,1287,1349,-0.0008517859069745644,-0.0006457368460935694,ATOM,15m,stoch_rsi,mean_reversion,4h,F,False,False
-0.9284,-1.3169,-0.7783,-0.8635,1027,0.9023,0.4829,0.9664,-0.001168,0.9299,0.0188,0.2772,7.6261,-0.8307,1050,-0.001168,0.032309,-1.1717,0.24156851,518,532,-0.0015889777632918038,-0.0007587235320839621,ATOM,15m,stoch_rsi,mean_reversion,12h,F,False,False
-8.9057,-13.1411,-0.9994,-1.0,11670,0.7346,0.4306,0.9713,-0.000967,0.8911,0.2091,1.247,30.5942,-1.0,11678,-0.000967,0.009297,-11.2396,0.0,5764,5914,-0.001011121994991956,-0.0009239849660855127,ATOM,15m,ema_ribbon,trend,1h,F,False,False
-1.9976,-2.8814,-0.9083,-0.9535,3294,0.8794,0.473,0.9798,-0.000804,0.9102,0.059,0.6949,12.5497,-0.9593,3296,-0.000804,0.018313,-2.5211,0.01174493,1615,1681,-0.0009251147717659558,-0.0006880144094393572,ATOM,15m,ema_ribbon,trend,4h,F,False,False
-0.6824,-0.9961,-0.7441,-0.7944,923,0.9317,0.4855,0.9872,-0.00078,0.8707,0.0204,0.2309,4.1234,-0.7593,1141,-0.00078,0.0306,-0.8613,0.38927691,554,587,-0.001189639281810357,-0.0003938216592005974,ATOM,15m,ema_ribbon,trend,12h,F,False,False
0.4597,0.902,0.3694,-0.1502,91,1.2069,0.469,1.3663,0.00089,1.0026,0.002,2.4728,12.7664,0.0898,113,0.00089,0.0163,0.5802,0.56294464,55,58,0.0021338181227781223,-0.00029013184613980954,ATOM,15m,bollinger_mr,mean_reversion,1h,D,False,False
0.7682,1.2087,0.9612,-0.1348,43,1.2985,0.4818,1.3965,0.001996,1.1836,0.002,0.2816,1.497,0.2142,110,0.001996,0.021587,0.9695,0.33443476,55,55,0.004541916273010834,-0.0005508379961228368,ATOM,15m,bollinger_mr,mean_reversion,4h,C,False,False
-0.809,-0.8391,-0.5475,-0.5188,67,0.7246,0.4851,0.7689,-0.004303,0.5484,0.0018,-1.9354,9.307,-0.4127,101,-0.004303,0.042354,-1.021,0.30970857,50,51,-0.004761787196789337,-0.0038531752281764434,ATOM,15m,bollinger_mr,mean_reversion,12h,F,False,False
-2.34,-3.0661,-0.7264,-0.718,1230,0.7806,0.4506,0.9516,-0.000893,0.8809,0.0221,-0.8667,15.1233,-0.6909,1236,-0.000893,0.010626,-2.9533,0.00320368,627,609,-0.0008459622956340079,-0.0009406227001046842,ATOM,15m,rsi_extreme,mean_reversion,1h,F,False,False
-1.3668,-1.5333,-0.7591,-0.7279,881,0.8342,0.4826,0.8943,-0.00121,0.8425,0.016,-2.0009,20.4956,-0.7222,891,-0.00121,0.020936,-1.725,0.08488283,458,433,-0.0018369543205656437,-0.0005465029000477675,ATOM,15m,rsi_extreme,mean_reversion,4h,F,False,False
0.2225,0.3389,-0.1108,-0.6289,309,1.0337,0.5008,1.0303,0.000391,0.9147,0.0109,0.9952,10.5435,-0.1087,609,0.000391,0.03437,0.2808,0.77896143,310,299,-0.0004171050181780774,0.0012290012000932143,ATOM,15m,rsi_extreme,mean_reversion,12h,D,False,False
-7.9331,-11.5893,-0.9983,-1.0,8628,0.7298,0.4249,0.988,-0.001119,0.8885,0.1547,0.5986,19.2456,-1.0,8638,-0.001119,0.010387,-10.012,0.0,4276,4362,-0.0010082008526138282,-0.0012274576895961605,ATOM,15m,momentum,trend,1h,F,False,False
-1.7983,-2.6124,-0.8856,-0.9478,2942,0.8838,0.4572,1.0493,-0.000805,0.9649,0.0527,0.9919,18.9203,-0.9457,2944,-0.000805,0.019249,-2.2696,0.02330458,1452,1492,-0.0009720180691151494,-0.0006428169330865675,ATOM,15m,momentum,trend,4h,F,False,False
-0.1314,-0.1982,-0.5299,-0.7128,885,0.9861,0.5009,0.9825,-0.000163,1.0294,0.0196,0.4482,5.533,-0.5303,1096,-0.000163,0.032545,-0.1658,0.86835363,532,564,-0.0006926255485241766,0.00033661318815226876,ATOM,15m,momentum,trend,12h,F,False,False
-5.3516,-8.1102,-0.957,-0.9924,4137,0.728,0.4274,0.9754,-0.001096,0.8936,0.0741,2.02,44.8375,-0.9914,4139,-0.001096,0.010437,-6.7541,0.0,2112,2027,-0.0007567914525023888,-0.00144885798903958,ATOM,15m,range_breakout,trend,1h,F,False,False
-1.5475,-2.3082,-0.8151,-0.9181,2218,0.8844,0.4642,1.0209,-0.000804,0.973,0.0397,1.0519,15.8665,-0.8889,2219,-0.000804,0.019386,-1.953,0.05094157,1103,1116,-0.0004842307158625938,-0.0011195147860662683,ATOM,15m,range_breakout,trend,4h,F,False,False
-0.9684,-1.4021,-0.7682,-0.8424,983,0.8976,0.498,0.9049,-0.001205,0.9289,0.0176,0.0331,3.3236,-0.8097,984,-0.001205,0.030933,-1.2222,0.22192355,485,499,-0.0010230744540268809,-0.0013822774139517933,ATOM,15m,range_breakout,trend,12h,F,False,False
-6.0405,-9.2042,-0.9706,-0.9954,5263,0.7276,0.4269,0.9769,-0.000981,0.8709,0.0943,2.4372,52.938,-0.9954,5264,-0.000981,0.009334,-7.6234,0.0,2657,2607,-0.0011481710003023323,-0.0008101007420457277,ATOM,15m,macd_scalp,trend,1h,F,False,False
-3.6053,-4.8904,-0.9582,-0.9911,2428,0.7646,0.4523,0.9259,-0.001699,0.8548,0.0454,0.3398,16.1884,-0.9914,2536,-0.001699,0.018803,-4.5501,5.61e-06,1266,1270,-0.0020403115635797575,-0.0013585842018101902,ATOM,15m,macd_scalp,trend,4h,F,False,False
-0.5564,-0.8029,-0.6354,-0.8311,743,0.9415,0.4913,0.9746,-0.000672,1.0087,0.0186,-0.0652,3.6524,-0.6976,1040,-0.000672,0.030845,-0.7023,0.48267108,517,523,-0.000940910046506586,-0.00040557590121294236,ATOM,15m,macd_scalp,trend,12h,F,False,False
-1.1242,-1.6648,-0.5371,-0.5906,1202,0.891,0.4758,0.9818,-0.000406,0.9104,0.0236,0.8586,10.5468,-0.4554,1320,-0.000406,0.010409,-1.4188,0.15619185,620,700,-0.00024971166097522004,-0.0005453178123500531,ATOM,15m,keltner_mr,mean_reversion,1h,F,False,False
-0.7419,-0.9924,-0.5695,-0.5989,950,0.915,0.4818,0.9843,-0.000535,0.8939,0.0172,-0.0785,5.6561,-0.4854,959,-0.000535,0.017709,-0.9363,0.34933283,456,503,-0.00024746174849618586,-0.0007965185868055593,ATOM,15m,keltner_mr,mean_reversion,4h,F,False,False
-1.3164,-1.6865,-0.8178,-0.7942,618,0.8297,0.4895,0.8653,-0.002158,0.863,0.0111,-0.9418,7.044,-0.8117,619,-0.002158,0.032317,-1.6613,0.09715072,299,320,-0.0030606320104698418,-0.001314569736952046,ATOM,15m,keltner_mr,mean_reversion,12h,F,False,False
-4.6054,-6.9409,-0.8392,-0.8993,1526,0.6503,0.3961,0.9915,-0.001416,0.8729,0.0274,0.6029,8.5005,-0.8933,1530,-0.001416,0.009531,-5.8123,1e-08,824,706,-0.0015508075404836597,-0.0012593628554000893,ATOM,15m,dual_ema_adx,trend,1h,F,False,False
-2.3111,-3.436,-0.8016,-0.8785,1057,0.7814,0.4336,1.0208,-0.001588,0.9345,0.0198,0.3265,3.9511,-0.8563,1107,-0.001588,0.01811,-2.9167,0.00360904,614,493,-0.0019275074835169844,-0.0011643126941376992,ATOM,15m,dual_ema_adx,trend,4h,F,False,False
-1.5929,-2.1635,-0.8171,-0.9347,657,0.7949,0.4586,0.9383,-0.002702,0.7737,0.0123,0.0218,11.1847,-0.8996,689,-0.002702,0.035276,-2.0103,0.04479045,377,312,-0.0039032933579789477,-0.0012497324505147279,ATOM,15m,dual_ema_adx,trend,12h,F,False,False
-2.7598,-4.4605,-0.8031,-0.8531,1580,0.7577,0.4238,1.0303,-0.001088,0.9827,0.0283,3.1955,52.5322,-0.8413,1581,-0.001088,0.012422,-3.4831,0.00050924,759,822,-0.0007079520011997657,-0.0014392089763548817,ATOM,15m,vol_spike_brk,trend,1h,F,False,False
-0.5914,-1.0068,-0.6058,-0.6489,1222,0.9377,0.4642,1.0825,-0.00044,1.0359,0.022,1.9887,19.7746,-0.5486,1228,-0.00044,0.020637,-0.7463,0.45560916,600,628,-0.0005836596641226518,-0.00030179876140471314,ATOM,15m,vol_spike_brk,trend,4h,F,False,False
-0.3612,-0.5767,-0.5794,-0.6818,576,0.9526,0.5034,0.9397,-0.000556,0.8938,0.0131,1.1514,9.5997,-0.5509,733,-0.000556,0.033051,-0.4558,0.64867317,360,373,-0.0004886723519212485,-0.0006217872002170453,ATOM,15m,vol_spike_brk,trend,12h,F,False,False
-5.382,-6.9488,-0.9258,-0.9732,3172,0.7021,0.4496,0.8594,-0.001113,0.7588,0.057,-0.4444,8.81,-0.9748,3185,-0.001113,0.009245,-6.7924,0.0,1506,1679,-0.0009541584448731993,-0.0012547784330537337,ATOM,15m,stoch_cross,mean_reversion,1h,F,False,False
-3.0015,-3.7272,-0.9041,-0.9671,1850,0.7733,0.4653,0.8888,-0.001584,0.9193,0.0338,-1.0489,11.0528,-0.9633,1885,-0.001584,0.018156,-3.7881,0.00015657,891,994,-0.001563965508889526,-0.0016021923219562164,ATOM,15m,stoch_cross,mean_reversion,4h,F,False,False
-1.4016,-1.9943,-0.8613,-0.8793,904,0.8458,0.4807,0.9138,-0.001944,0.932,0.0162,0.4159,8.0377,-0.8952,905,-0.001944,0.033065,-1.7689,0.07724513,433,472,-0.0025285410621168417,-0.0014081841459827938,ATOM,15m,stoch_cross,mean_reversion,12h,F,False,False
-4.5032,-5.7788,-0.9992,-0.9945,4776,0.82,0.468,0.9322,-0.000969,0.8689,0.134,-0.3617,8.6361,-0.9942,4778,-0.000969,0.014742,-4.5415,5.72e-06,2428,2350,-0.0006240180757215431,-0.001324541191760116,FTM,15m,vwap_mr,mean_reversion,1h,F,False,False
-1.7847,-2.2726,-0.9904,-0.9342,1442,0.8818,0.5021,0.8745,-0.001182,0.9063,0.0476,-0.5715,5.7251,-0.9285,1697,-0.001182,0.027061,-1.7999,0.07205805,862,835,-0.00023747570107147866,-0.0021577696923486037,FTM,15m,vwap_mr,mean_reversion,4h,F,False,False
-0.6929,-0.9735,-0.9191,-0.8521,655,0.9274,0.4858,0.9815,-0.001243,0.9309,0.0188,-0.1031,2.2932,-0.7888,671,-0.001243,0.046093,-0.6988,0.4849346,338,333,0.000973183839897105,-0.003493290986376271,FTM,15m,vwap_mr,mean_reversion,12h,F,False,False
-5.0186,-7.0309,-0.9991,-0.9904,3965,0.7905,0.4553,0.9459,-0.001078,0.865,0.1112,0.1717,7.6123,-0.9903,3967,-0.001078,0.013416,-5.0614,4.4e-07,1982,1985,-0.0009103500161785158,-0.001245620225300913,FTM,15m,stoch_rsi,mean_reversion,1h,F,False,False
-1.5943,-2.144,-0.9465,-0.9634,1692,0.8933,0.4743,0.9901,-0.001064,1.0283,0.048,-0.2467,5.3384,-0.9154,1712,-0.001064,0.027381,-1.6078,0.10805427,868,844,-0.0009525342602871426,-0.0011786460178728928,FTM,15m,stoch_rsi,mean_reversion,4h,F,False,False
-0.4804,-0.7536,-0.7917,-0.8869,558,0.9481,0.4829,1.0154,-0.000839,0.9601,0.0188,0.5896,3.7031,-0.7083,671,-0.000839,0.044884,-0.4845,0.62821423,344,327,0.0007966898622905974,-0.0025606319900754633,FTM,15m,stoch_rsi,mean_reversion,12h,F,False,False
-7.4558,-10.6869,-1.0,-0.9999,7388,0.7719,0.4412,0.9776,-0.001223,0.9085,0.2074,0.4739,10.4446,-0.9999,7398,-0.001223,0.013993,-7.5193,0.0,3598,3800,-0.0010362673490182193,-0.0014003006707846895,FTM,15m,ema_ribbon,trend,1h,F,False,False
-2.3907,-3.3517,-0.9843,-0.9914,2068,0.8583,0.4608,1.0044,-0.001438,0.9106,0.0586,-0.0389,7.3673,-0.9774,2090,-0.001438,0.027256,-2.4111,0.01599007,1026,1064,-0.0008124993662547405,-0.002040193673238709,FTM,15m,ema_ribbon,trend,4h,F,False,False
-2.2467,-3.2617,-0.9968,-0.9778,616,0.7902,0.4539,0.9506,-0.003997,0.8605,0.0204,0.2941,4.3796,-0.9762,727,-0.003997,0.047565,-2.2658,0.02375591,351,376,-0.0019413661428294552,-0.0059160959254626975,FTM,15m,ema_ribbon,trend,12h,F,False,False
-0.3445,-0.3966,-0.33,-0.2512,100,0.9013,0.5347,0.7845,-0.000677,0.8284,0.0028,-1.1777,8.5982,-0.0843,101,-0.000677,0.019597,-0.3474,0.72900377,43,58,-0.00237766132238469,0.0005830160925608989,FTM,15m,bollinger_mr,mean_reversion,1h,F,False,False
0.5754,0.8607,0.5543,-0.2311,92,1.1702,0.54,0.9969,0.001604,0.8782,0.0028,0.1299,2.188,0.1304,100,0.001604,0.027642,0.5803,0.56302755,42,58,0.0010628333269458788,0.0019960422315830426,FTM,15m,bollinger_mr,mean_reversion,4h,C,False,False
1.271,2.0543,4.1772,-0.1447,28,1.4616,0.5543,1.175,0.006335,1.4538,0.0026,0.4254,2.1184,0.6174,92,0.006335,0.047402,1.2819,0.20314772,39,53,0.0017822805299148863,0.009685066848716542,FTM,15m,bollinger_mr,mean_reversion,12h,C,False,False
-2.0359,-2.7321,-0.8863,-0.7092,751,0.8024,0.4748,0.8876,-0.001205,0.8849,0.0211,-0.1315,8.33,-0.6348,754,-0.001205,0.016115,-2.0532,0.04039481,360,394,-0.0006962746515079363,-0.0016698699801103174,FTM,15m,rsi_extreme,mean_reversion,1h,F,False,False
-0.7893,-1.078,-0.8628,-0.6308,545,0.9094,0.4817,0.9786,-0.001015,0.906,0.0153,-0.2812,3.9213,-0.5503,546,-0.001015,0.029803,-0.796,0.42638464,272,274,0.0009673455046675261,-0.00298338906116419,FTM,15m,rsi_extreme,mean_reversion,4h,F,False,False
1.0676,1.7108,2.0128,-0.3715,98,1.1654,0.5055,1.1401,0.002674,1.1574,0.0102,0.2358,0.976,0.7646,364,0.002674,0.047375,1.0767,0.28233445,184,180,0.00578806160422885,-0.0005101228818931189,FTM,15m,rsi_extreme,mean_reversion,12h,C,False,False
-5.8412,-8.4951,-0.9999,-0.9996,6800,0.8115,0.4442,1.0152,-0.001023,0.9484,0.1914,0.3744,7.3519,-0.9995,6825,-0.001023,0.01435,-5.8909,0.0,3330,3495,-0.0009164691470947676,-0.0011250287820233594,FTM,15m,momentum,trend,1h,F,False,False
-2.1571,-3.0691,-0.989,-0.9756,2001,0.8717,0.4572,1.0347,-0.001291,0.9386,0.0577,0.1454,6.1699,-0.9668,2058,-0.001291,0.026917,-2.1755,0.02970921,1000,1058,-0.0006297013639681671,-0.001915587729060006,FTM,15m,momentum,trend,4h,F,False,False
-0.9068,-1.2245,-0.8991,-0.9463,585,0.9075,0.4786,0.9888,-0.001582,0.8313,0.0203,-0.0548,4.2821,-0.8556,723,-0.001582,0.046505,-0.9146,0.36072738,339,384,0.0005158305154032345,-0.003433554576195114,FTM,15m,momentum,trend,12h,F,False,False
-4.0535,-5.7751,-0.9952,-0.9761,2601,0.7873,0.4289,1.0483,-0.001261,1.029,0.0732,0.3269,8.63,-0.9731,2609,-0.001261,0.015758,-4.0881,4.481e-05,1302,1307,-0.0008400760227638435,-0.0016806813533924696,FTM,15m,range_breakout,trend,1h,F,False,False
-2.6505,-3.8434,-0.9937,-0.9729,1422,0.8142,0.4435,1.0217,-0.00202,0.9134,0.04,0.3033,6.6985,-0.9686,1425,-0.00202,0.028523,-2.673,0.00760257,701,724,-0.0014844395006873362,-0.002538044765818985,FTM,15m,range_breakout,trend,4h,F,False,False
-1.362,-2.0594,-0.9828,-0.9015,358,0.8634,0.4761,0.95,-0.002483,0.9614,0.0176,0.0919,1.5191,-0.8901,628,-0.002483,0.045293,-1.3736,0.17006789,312,316,-0.0003818200592445757,-0.004556703625806628,FTM,15m,range_breakout,trend,12h,F,False,False
-4.772,-6.3085,-0.9947,-0.9881,3226,0.7815,0.4531,0.9433,-0.001151,0.9033,0.093,-0.3416,6.0088,-0.984,3315,-0.001151,0.013765,-4.8127,1.56e-06,1642,1673,-0.0009530312474851206,-0.001344438322717752,FTM,15m,macd_scalp,trend,1h,F,False,False
-2.4761,-3.2988,-0.9873,-0.9692,1557,0.8362,0.4707,0.9402,-0.001641,0.9041,0.045,-0.2706,6.0715,-0.9592,1606,-0.001641,0.026329,-2.4972,0.01261628,828,778,-0.0012201021864826135,-0.002088259165394248,FTM,15m,macd_scalp,trend,4h,F,False,False
0.2392,0.3568,-0.4113,-0.8761,530,1.027,0.5114,0.9813,0.00045,0.9587,0.0185,0.3539,3.6127,-0.3652,659,0.00045,0.047896,0.2412,0.80944422,322,337,0.0021829831530025797,-0.0012056628669471887,FTM,15m,macd_scalp,trend,12h,D,False,False
-1.1036,-1.3795,-0.7877,-0.5839,810,0.8924,0.5191,0.8267,-0.000638,0.7856,0.0227,-0.759,7.0589,-0.4657,811,-0.000638,0.016325,-1.113,0.26605287,366,445,0.0001668121958394422,-0.0012999657437346164,FTM,15m,keltner_mr,mean_reversion,1h,F,False,False
-1.1506,-1.5481,-0.9014,-0.7311,575,0.8713,0.4792,0.9471,-0.001447,0.8839,0.0162,-0.2722,4.5604,-0.6652,576,-0.001447,0.029919,-1.1604,0.24637614,271,305,8.186272161770797e-06,-0.002739112472902128,FTM,15m,keltner_mr,mean_reversion,4h,F,False,False
-0.8132,-1.159,-0.9874,-0.7225,373,0.8911,0.4601,1.0456,-0.002113,0.8344,0.0105,-0.173,2.07,-0.7195,376,-0.002113,0.049964,-0.8201,0.41267208,181,195,0.0013038707377456909,-0.005284898424304839,FTM,15m,keltner_mr,mean_reversion,12h,F,False,False
-3.01,-3.7295,-0.9743,-0.7551,1003,0.7536,0.4531,0.9096,-0.001249,0.9068,0.0284,-0.9923,8.9204,-0.7416,1013,-0.001249,0.013091,-3.0356,0.00246157,503,510,-0.0012085458037331086,-0.001288000392840658,FTM,15m,dual_ema_adx,trend,1h,F,False,False
-2.0011,-2.6034,-0.9796,-0.8028,716,0.8101,0.477,0.8882,-0.001874,0.8594,0.0201,-0.6822,4.6714,-0.792,717,-0.001874,0.024865,-2.0182,0.04394332,357,360,-0.0012699914620237231,-0.0024732047711370623,FTM,15m,dual_ema_adx,trend,4h,F,False,False
-0.4846,-0.7351,-0.7937,-0.7272,269,0.9369,0.4934,0.9618,-0.000989,0.8837,0.0128,1.0226,11.9922,-0.5833,458,-0.000989,0.043321,-0.4887,0.62526243,237,221,-0.0007451670405989252,-0.0012511522099147637,FTM,15m,dual_ema_adx,trend,12h,F,False,False
-2.1745,-3.1148,-0.9722,-0.801,1120,0.8249,0.4389,1.0545,-0.001158,0.9628,0.0326,0.3708,7.324,-0.7843,1162,-0.001158,0.017996,-2.1931,0.02850137,579,583,-0.0008899989341587495,-0.001423758143994127,FTM,15m,vol_spike_brk,trend,1h,F,False,False
-0.4885,-0.7891,-0.8744,-0.6221,855,0.9528,0.4442,1.1923,-0.000497,1.0499,0.0241,0.7175,4.8363,-0.5501,860,-0.000497,0.029559,-0.4927,0.62236724,434,426,0.00023936619011700683,-0.0012463609322439968,FTM,15m,vol_spike_brk,trend,4h,F,False,False
-0.3709,-0.5189,-0.7538,-0.7855,414,0.9533,0.499,0.9572,-0.000784,1.0118,0.0137,-0.0493,2.4584,-0.5983,489,-0.000784,0.046333,-0.3741,0.70849197,248,241,0.0015345273074066751,-0.003169538570099326,FTM,15m,vol_spike_brk,trend,12h,F,False,False
-4.7766,-6.0606,-0.9963,-0.9576,1938,0.7279,0.4589,0.8581,-0.001483,0.7721,0.0557,-0.6104,6.8339,-0.9564,1985,-0.001483,0.013713,-4.8173,1.57e-06,977,1008,-0.0017841028158026566,-0.001190539553069504,FTM,15m,stoch_cross,mean_reversion,1h,F,False,False
-1.8968,-2.4964,-0.9765,-0.8911,1090,0.8509,0.4741,0.9437,-0.001427,0.9489,0.0331,-0.5257,5.428,-0.8746,1179,-0.001427,0.025621,-1.9129,0.056,579,600,-0.0006786104645791184,-0.0021499545184731693,FTM,15m,stoch_cross,mean_reversion,4h,F,False,False
-1.5385,-1.9554,-0.9689,-0.9284,571,0.8296,0.465,0.9543,-0.002971,0.9566,0.016,-1.1091,11.5082,-0.9034,572,-0.002971,0.045791,-1.5516,0.12130724,273,299,-0.0010379546612396533,-0.004735482943481142,FTM,15m,stoch_cross,mean_reversion,12h,F,False,False
-5.9866,-7.4744,-0.9946,-0.9998,7619,0.7748,0.4721,0.8663,-0.001007,0.8545,0.1371,-1.1285,17.7658,-0.9997,7659,-0.001007,0.011669,-7.5553,0.0,3944,3715,-0.0009099736002469067,-0.001110771724332871,NEAR,15m,vwap_mr,mean_reversion,1h,F,False,False
-2.4654,-3.1488,-0.946,-0.9872,2704,0.842,0.4792,0.915,-0.001337,0.8981,0.0487,-0.8491,8.8354,-0.9868,2717,-0.001337,0.02239,-3.1114,0.00188112,1397,1320,-0.00126783473060699,-0.0014091988625892203,NEAR,15m,vwap_mr,mean_reversion,4h,F,False,False
-0.2934,-0.402,-0.7344,-0.7572,1038,0.9691,0.4939,0.9931,-0.000444,0.97,0.019,-0.3588,5.2255,-0.7257,1061,-0.000444,0.039059,-0.3703,0.71126881,546,515,-0.0005268373986191155,-0.00035613130365723215,NEAR,15m,vwap_mr,mean_reversion,12h,F,False,False
-6.0678,-8.4047,-0.9872,-0.9988,6145,0.7589,0.452,0.9201,-0.001049,0.8437,0.1101,-0.0843,4.0378,-0.9989,6146,-0.001049,0.010739,-7.6577,0.0,3098,3048,-0.0010959138638819373,-0.0010012217102583322,NEAR,15m,stoch_rsi,mean_reversion,1h,F,False,False
-2.2911,-3.0393,-0.9315,-0.9774,2637,0.8533,0.4818,0.9177,-0.001218,0.9542,0.0473,-0.5758,6.2542,-0.9786,2640,-0.001218,0.021637,-2.8914,0.00386626,1375,1265,-0.0011127945614253557,-0.0013314899838700017,NEAR,15m,stoch_rsi,mean_reversion,4h,F,False,False
-1.174,-1.6493,-0.8535,-0.9518,720,0.8813,0.4833,0.9421,-0.001773,0.9517,0.0188,-0.1368,5.0439,-0.9304,1051,-0.001773,0.038783,-1.4817,0.13873087,527,524,-0.00218349603869894,-0.00135915249532555,NEAR,15m,stoch_rsi,mean_reversion,12h,F,False,False
-7.337,-10.8644,-0.9994,-1.0,11600,0.78,0.4419,0.985,-0.000962,0.9274,0.2079,0.6655,10.1311,-1.0,11613,-0.000962,0.011201,-9.2595,0.0,5596,6017,-0.0010046228379930833,-0.0009231422169586384,NEAR,15m,ema_ribbon,trend,1h,F,False,False
-1.549,-2.3725,-0.8921,-0.9736,3278,0.9071,0.47,1.023,-0.000747,0.9657,0.0587,0.7462,8.7592,-0.9606,3281,-0.000747,0.021891,-1.9549,0.05068196,1598,1683,-0.0008764753240253124,-0.000624279565978133,NEAR,15m,ema_ribbon,trend,4h,F,False,False
0.0484,0.0764,-0.4447,-0.7947,592,1.0049,0.4776,1.0991,6.7e-05,1.1496,0.0204,0.1631,3.8042,-0.5007,1139,6.7e-05,0.036784,0.0611,0.9513223,558,581,-0.00031716723062470323,0.0004350794796909674,NEAR,15m,ema_ribbon,trend,12h,D,False,False
0.4515,0.8259,0.4329,-0.1249,45,1.1453,0.5252,1.0355,0.000709,1.095,0.0025,1.0599,4.4496,0.0875,139,0.000709,0.014676,0.5698,0.56972194,77,62,0.0012215352174972556,7.316668155634811e-05,NEAR,15m,bollinger_mr,mean_reversion,1h,D,False,False
0.2881,0.4755,0.2411,-0.1668,54,1.09,0.5324,0.9574,0.00072,1.2074,0.0025,0.6243,2.2276,0.0648,139,0.00072,0.023349,0.3635,0.71676324,77,62,0.0006332707528619925,0.0008275840634496877,NEAR,15m,bollinger_mr,mean_reversion,4h,D,False,False
0.8654,1.2198,1.0174,-0.3089,81,1.3282,0.52,1.226,0.004581,1.0994,0.0022,-0.0345,2.4958,0.5453,125,0.004581,0.046896,1.0921,0.27688472,68,57,0.002122975985629678,0.00751345642409709,NEAR,15m,bollinger_mr,mean_reversion,12h,C,False,False
-2.0765,-3.0574,-0.7166,-0.7216,1177,0.8091,0.4607,0.9471,-0.000909,0.9719,0.0212,0.1481,3.4234,-0.6864,1183,-0.000909,0.011925,-2.6206,0.00889112,597,586,-0.0011464798725991888,-0.0006662615124797583,NEAR,15m,rsi_extreme,mean_reversion,1h,F,False,False
-2.1848,-2.8712,-0.8348,-0.8851,858,0.7612,0.4529,0.9197,-0.002208,0.9275,0.0154,-0.519,6.7576,-0.8821,859,-0.002208,0.023465,-2.7573,0.00595214,439,420,-0.003063280743508996,-0.0013130303092552835,NEAR,15m,rsi_extreme,mean_reversion,4h,F,False,False
-1.1149,-1.5022,-0.7717,-0.8913,412,0.8526,0.4923,0.8791,-0.002329,0.9929,0.0105,-0.6396,5.1436,-0.8434,587,-0.002329,0.040108,-1.407,0.15995564,297,290,-0.0035623181705897737,-0.00106630901732823,NEAR,15m,rsi_extreme,mean_reversion,12h,F,False,False
-8.5272,-12.3225,-0.9998,-1.0,10049,0.735,0.4257,0.9914,-0.001277,0.9286,0.1801,0.254,8.897,-1.0,10060,-0.001277,0.011899,-10.7615,0.0,4993,5067,-0.0012972077957199442,-0.0012565383443566135,NEAR,15m,momentum,trend,1h,F,False,False
-1.3379,-1.9477,-0.8614,-0.9724,3125,0.9176,0.4753,1.0128,-0.000672,1.0371,0.0563,0.3237,6.7439,-0.9447,3143,-0.000672,0.022321,-1.6885,0.09140949,1593,1550,-0.0008856858337433805,-0.0004529239319129344,NEAR,15m,momentum,trend,4h,F,False,False
-1.2395,-1.8346,-0.8505,-0.971,1122,0.8808,0.4875,0.9258,-0.001761,0.8438,0.0201,0.1837,2.6673,-0.9382,1124,-0.001761,0.037746,-1.5643,0.11802783,573,551,-0.00200847927360429,-0.0015040224253127627,NEAR,15m,momentum,trend,12h,F,False,False
-5.2042,-7.9424,-0.9727,-0.9966,4040,0.7385,0.4144,1.0436,-0.001295,0.9189,0.0724,0.8872,12.2335,-0.9961,4042,-0.001295,0.012534,-6.5679,0.0,1977,2065,-0.0012111087670610737,-0.0013749321227974436,NEAR,15m,range_breakout,trend,1h,F,False,False
-2.1456,-3.2723,-0.9133,-0.9743,2215,0.8483,0.4427,1.068,-0.001322,0.9897,0.0397,0.6862,7.231,-0.9702,2216,-0.001322,0.022982,-2.7078,0.00682501,1058,1158,-0.0009727306102669866,-0.0016409925546466415,NEAR,15m,range_breakout,trend,4h,F,False,False
-0.8122,-1.2352,-0.779,-0.9217,972,0.9122,0.4687,1.0342,-0.001296,0.9251,0.0174,0.3796,4.6118,-0.8668,973,-0.001296,0.039429,-1.025,0.30561496,464,509,-0.0009321504467345166,-0.001626989691764787,NEAR,15m,range_breakout,trend,12h,F,False,False
-6.4683,-8.9285,-0.9877,-0.999,5248,0.725,0.4315,0.9551,-0.001249,0.8743,0.094,-0.308,6.5978,-0.999,5249,-0.001249,0.011083,-8.1632,0.0,2628,2621,-0.0012798753618694576,-0.001217493286821388,NEAR,15m,macd_scalp,trend,1h,F,False,False
-2.7196,-3.545,-0.9408,-0.99,2354,0.824,0.4711,0.9251,-0.001448,0.8849,0.0455,-0.6559,6.5052,-0.986,2543,-0.001448,0.021269,-3.4322,0.00060817,1271,1272,-0.001744467259401824,-0.0011509813985047283,NEAR,15m,macd_scalp,trend,4h,F,False,False
-0.4275,-0.5947,-0.6161,-0.905,917,0.9559,0.5005,0.9541,-0.000605,0.9085,0.0184,-0.4615,3.7938,-0.7271,1029,-0.000605,0.035961,-0.5395,0.58964304,516,513,-0.0012067702079437297,6.276836180571818e-07,NEAR,15m,macd_scalp,trend,12h,F,False,False
-1.0482,-1.4949,-0.6223,-0.5463,1008,0.8989,0.4967,0.9107,-0.000463,0.9359,0.022,0.1704,3.9641,-0.4841,1228,-0.000463,0.012278,-1.3229,0.18611387,600,628,1.0713395761440698e-05,-0.0009165653956263927,NEAR,15m,keltner_mr,mean_reversion,1h,F,False,False
-1.3978,-1.8242,-0.7381,-0.7965,845,0.8456,0.48,0.9159,-0.001312,0.8976,0.0162,-0.4832,3.9559,-0.7563,902,-0.001312,0.022342,-1.7641,0.07805471,442,460,-0.0007414348093563485,-0.0018608191132028344,NEAR,15m,keltner_mr,mean_reversion,4h,F,False,False
-0.7355,-0.9889,-0.7581,-0.7691,409,0.895,0.4863,0.9455,-0.001556,1.0476,0.0104,-0.4106,8.0604,-0.7517,582,-0.001556,0.040446,-0.9282,0.35369281,287,295,-0.0028282255411109687,-0.0003185808668118699,NEAR,15m,keltner_mr,mean_reversion,12h,F,False,False
-4.1676,-6.0813,-0.8509,-0.898,1487,0.6819,0.4191,0.9453,-0.001485,0.9434,0.0267,0.1471,4.4721,-0.8998,1489,-0.001485,0.010892,-5.2597,1.7e-07,750,739,-0.0015292988783075824,-0.0014392379751281513,NEAR,15m,dual_ema_adx,trend,1h,F,False,False
-1.6023,-2.382,-0.8182,-0.8392,1103,0.8421,0.4516,1.0227,-0.001405,0.9937,0.0198,0.2003,4.4178,-0.8425,1105,-0.001405,0.023093,-2.0221,0.0434072,561,544,-0.0012914128559496814,-0.00152166235761958,NEAR,15m,dual_ema_adx,trend,4h,F,False,False
-2.2103,-2.8114,-0.9111,-0.9692,651,0.7411,0.4768,0.8131,-0.004154,0.8253,0.0124,-0.7674,4.9912,-0.9672,690,-0.004154,0.039121,-2.7895,0.00542544,361,329,-0.004458100183985313,-0.0038211672624514654,NEAR,15m,dual_ema_adx,trend,12h,F,False,False
-3.0631,-4.5899,-0.8554,-0.9212,1585,0.7522,0.4155,1.0581,-0.001447,0.9025,0.0284,0.8387,10.6515,-0.9155,1586,-0.001447,0.014902,-3.8657,0.00011522,756,830,-0.0011514809603821168,-0.0017152261432813512,NEAR,15m,vol_spike_brk,trend,1h,F,False,False
-1.0148,-1.6694,-0.6821,-0.8631,1191,0.902,0.4526,1.0909,-0.000881,1.0479,0.0217,0.7192,4.0336,-0.7571,1213,-0.000881,0.023971,-1.2806,0.20056371,584,629,-0.0007501942007233359,-0.0010032549544729417,NEAR,15m,vol_spike_brk,trend,4h,F,False,False
-0.6654,-1.096,-0.7,-0.8951,714,0.9171,0.4588,1.0816,-0.001275,1.039,0.0133,0.8286,4.6651,-0.7917,741,-0.001275,0.041343,-0.8397,0.40133779,359,382,-0.0016638838681205003,-0.0009101740321938518,NEAR,15m,vol_spike_brk,trend,12h,F,False,False
-4.4593,-5.8385,-0.9235,-0.9765,3145,0.7511,0.4568,0.8933,-0.001113,0.8344,0.0563,-0.5419,5.2324,-0.9752,3146,-0.001113,0.011088,-5.6278,2e-08,1595,1551,-0.0010991100435844932,-0.0011263255040262629,NEAR,15m,stoch_cross,mean_reversion,1h,F,False,False
-2.2727,-2.899,-0.8931,-0.9592,1778,0.8272,0.4862,0.874,-0.001434,0.8613,0.0332,-0.8319,7.3414,-0.9547,1853,-0.001434,0.021516,-2.8682,0.00417463,947,906,-0.0013064544154759306,-0.001566588186311125,NEAR,15m,stoch_cross,mean_reversion,4h,F,False,False
-0.6916,-0.9037,-0.7334,-0.8924,693,0.9221,0.4917,0.9534,-0.001118,0.9315,0.0161,-0.8095,5.8158,-0.816,901,-0.001118,0.038437,-0.8728,0.38300972,437,464,-0.0022011478035904555,-9.715484852708903e-05,NEAR,15m,stoch_cross,mean_reversion,12h,F,False,False
-5.5552,-6.6186,-0.9934,-0.9997,7452,0.7833,0.4792,0.8513,-0.000985,0.8465,0.134,-2.0889,38.8443,-0.9996,7481,-0.000985,0.012152,-7.0108,0.0,3804,3677,-0.0012813450153762263,-0.0006784026164947255,OP,15m,vwap_mr,mean_reversion,1h,F,False,False
-1.131,-1.4764,-0.8199,-0.9508,2516,0.9237,0.5,0.9237,-0.000634,0.9299,0.0478,-0.5425,6.6784,-0.91,2672,-0.000634,0.022964,-1.4273,0.15360075,1347,1325,-0.0012761492582401503,1.861009943896892e-05,OP,15m,vwap_mr,mean_reversion,4h,F,False,False
-0.9094,-1.3282,-0.8051,-0.9481,744,0.9065,0.4891,0.9471,-0.001401,0.8865,0.0188,0.3297,5.6617,-0.8993,1051,-0.001401,0.039567,-1.1477,0.25134817,536,515,-0.002922567434777133,0.00018312509394186686,OP,15m,vwap_mr,mean_reversion,12h,F,False,False
-5.839,-7.9056,-0.9884,-0.9991,6102,0.7521,0.4555,0.8989,-0.001077,0.8123,0.1094,1.2602,58.4286,-0.9991,6107,-0.001077,0.01142,-7.369,0.0,3078,3029,-0.0011564789625692045,-0.0009959199617785364,OP,15m,stoch_rsi,mean_reversion,1h,F,False,False
-1.1033,-1.6177,-0.8341,-0.9154,2632,0.9234,0.4834,0.9868,-0.000612,0.9646,0.0475,1.0437,16.1852,-0.8994,2652,-0.000612,0.022643,-1.3924,0.16391345,1339,1313,-0.0009865079892244744,-0.0002305247439566266,OP,15m,stoch_rsi,mean_reversion,4h,F,False,False
0.1314,0.1878,-0.3842,-0.8207,823,1.0141,0.4976,1.0238,0.000201,0.9709,0.0189,-0.0348,3.0154,-0.453,1053,0.000201,0.039254,0.1659,0.86830008,536,517,-0.0010575589451454312,0.0015050672352657421,OP,15m,stoch_rsi,mean_reversion,12h,D,False,False
-7.154,-10.9811,-0.9995,-1.0,11593,0.7815,0.4373,1.0054,-0.000968,0.9506,0.2078,1.3775,22.2775,-1.0,11604,-0.000968,0.011555,-9.0285,0.0,5733,5871,-0.0011256090090506063,-0.0008149999843734784,OP,15m,ema_ribbon,trend,1h,F,False,False
-2.1366,-2.9803,-0.9482,-0.9926,3234,0.8676,0.4641,1.0017,-0.001102,0.9732,0.0587,0.5633,26.0468,-0.989,3277,-0.001102,0.023405,-2.6965,0.00704342,1607,1670,-0.0015754736431092924,-0.0006473273361723669,OP,15m,ema_ribbon,trend,4h,F,False,False
-0.2799,-0.3667,-0.6974,-0.8793,645,0.9704,0.5083,0.9386,-0.000433,1.0314,0.0204,-0.855,13.3149,-0.7798,1141,-0.000433,0.041412,-0.3533,0.72394674,550,591,-0.0015290414253532362,0.0005867884907301501,OP,15m,ema_ribbon,trend,12h,F,False,False
-0.5286,-0.8058,-0.4014,-0.1943,78,0.834,0.4706,0.9383,-0.000964,0.7667,0.0021,0.8965,5.3102,-0.1213,119,-0.000964,0.015757,-0.6672,0.50597022,62,57,9.63252910968305e-05,-0.0021166799838928294,OP,15m,bollinger_mr,mean_reversion,1h,F,False,False
-0.1727,-0.2644,-0.1879,-0.2529,59,0.9466,0.4915,0.9793,-0.00043,0.977,0.0021,0.1875,1.3567,-0.0746,118,-0.00043,0.021417,-0.218,0.82782406,61,57,0.000772716164418419,-0.0017166549643450148,OP,15m,bollinger_mr,mean_reversion,4h,F,False,False
-0.2953,-0.3962,-0.3473,-0.3302,71,0.9063,0.5046,0.8899,-0.001206,0.8536,0.002,-0.3561,2.3489,-0.1764,109,-0.001206,0.033787,-0.3727,0.71012816,55,54,0.004660145145784052,-0.007180816506207345,OP,15m,bollinger_mr,mean_reversion,12h,F,False,False
-1.9984,-2.3752,-0.7711,-0.7125,1218,0.8031,0.4963,0.8151,-0.000952,0.8095,0.0218,-1.6868,24.2304,-0.719,1219,-0.000952,0.013185,-2.5221,0.01179312,636,583,-0.0013672527313616152,-0.0004998961330781174,OP,15m,rsi_extreme,mean_reversion,1h,F,False,False
-0.9648,-0.9617,-0.7576,-0.8174,402,0.8693,0.5028,0.8597,-0.001198,0.8486,0.0161,-5.6787,101.7735,-0.7852,897,-0.001198,0.029461,-1.2176,0.22369825,463,434,-0.0023468847913304908,2.8253779602054545e-05,OP,15m,rsi_extreme,mean_reversion,4h,F,False,False
-0.8301,-1.0471,-0.7408,-0.8397,381,0.8878,0.4873,0.9342,-0.001763,0.8805,0.0105,-1.0577,5.9847,-0.7877,589,-0.001763,0.040834,-1.0476,0.29524029,302,287,-0.004644006070021888,0.0012692216073881448,OP,15m,rsi_extreme,mean_reversion,12h,F,False,False
-6.5332,-9.9762,-0.9989,-1.0,10107,0.7876,0.4369,1.0149,-0.000999,0.9626,0.1812,1.0185,22.7309,-1.0,10118,-0.000999,0.012185,-8.245,0.0,4994,5124,-0.0012084700736763787,-0.0007943670668128687,OP,15m,momentum,trend,1h,F,False,False
-1.5567,-2.4901,-0.9024,-0.9838,3097,0.9028,0.4635,1.0451,-0.000827,1.0101,0.0566,1.6142,21.3032,-0.9693,3161,-0.000827,0.023665,-1.9646,0.04954706,1598,1563,-0.0013375049899292226,-0.0003049599683042334,OP,15m,momentum,trend,4h,F,False,False
-0.7587,-1.1988,-0.7831,-0.9377,536,0.9232,0.4862,0.9756,-0.00112,0.9892,0.0201,0.7122,5.3924,-0.8789,1123,-0.00112,0.039193,-0.9575,0.33853295,581,542,-0.00241617609316594,0.0002698358628637279,OP,15m,momentum,trend,12h,F,False,False
-3.9457,-6.4924,-0.9471,-0.989,3833,0.7847,0.4229,1.0706,-0.00106,1.0056,0.0687,2.7288,49.0724,-0.9877,3835,-0.00106,0.013187,-4.9796,6.7e-07,1917,1918,-0.001447303950186229,-0.0006737120655503472,OP,15m,range_breakout,trend,1h,F,False,False
-1.4171,-2.1296,-0.8538,-0.9457,2141,0.8932,0.4627,1.0374,-0.000934,1.0199,0.0384,0.7831,16.4218,-0.9275,2142,-0.000934,0.024172,-1.7885,0.07384058,1044,1098,-0.0014382335620718918,-0.00045473776508351144,OP,15m,range_breakout,trend,4h,F,False,False
-0.4729,-0.6756,-0.6874,-0.9184,950,0.946,0.4917,0.978,-0.000793,1.0415,0.0172,0.0038,8.3594,-0.796,962,-0.000793,0.041213,-0.5968,0.55075367,459,503,-0.0018616982773833886,0.00018209158877483005,OP,15m,range_breakout,trend,12h,F,False,False
-5.4717,-7.8986,-0.9812,-0.9979,5212,0.7503,0.4456,0.9334,-0.001114,0.8643,0.0933,2.0753,55.1035,-0.9979,5213,-0.001114,0.01165,-6.9055,0.0,2607,2606,-0.001218789816590702,-0.0010097105415495665,OP,15m,macd_scalp,trend,1h,F,False,False
-1.6235,-2.0421,-0.8851,-0.9647,2427,0.8851,0.4832,0.9465,-0.000935,0.9607,0.0454,-1.2558,28.4309,-0.9533,2535,-0.000935,0.022986,-2.0489,0.0405756,1264,1271,-0.0009938370603834734,-0.00087728884333549,OP,15m,macd_scalp,trend,4h,F,False,False
-0.2776,-0.4092,-0.715,-0.729,1006,0.9699,0.4712,1.0884,-0.000417,1.0175,0.0184,0.1345,8.0943,-0.6906,1025,-0.000417,0.038064,-0.3504,0.72612544,544,481,-0.0014340246394136179,0.0007341328410540175,OP,15m,macd_scalp,trend,12h,F,False,False
-1.6127,-1.9777,-0.7093,-0.6907,1214,0.8401,0.4996,0.8415,-0.000787,0.7904,0.0218,-1.3736,22.1263,-0.6578,1219,-0.000787,0.013497,-2.0352,0.04204227,599,620,-0.0010769344369146506,-0.0005064809565048456,OP,15m,keltner_mr,mean_reversion,1h,F,False,False
-0.1553,-0.1923,-0.3766,-0.6563,472,0.9802,0.5143,0.9257,-0.000172,0.9693,0.0157,-0.7728,16.4981,-0.3637,875,-0.000172,0.025989,-0.196,0.84462394,428,447,-0.0007265483046883343,0.00035850921717902733,OP,15m,keltner_mr,mean_reversion,4h,F,False,False
-0.7489,-0.8975,-0.7213,-0.8336,396,0.8955,0.4974,0.9049,-0.001632,0.8842,0.0103,-1.3734,7.1444,-0.7688,577,-0.001632,0.041491,-0.9451,0.34500035,281,296,-0.0029755638672379456,-0.00035744375543710674,OP,15m,keltner_mr,mean_reversion,12h,F,False,False
-4.0772,-6.0469,-0.8559,-0.9087,1632,0.6987,0.4248,0.9461,-0.001402,0.8965,0.0293,0.3388,4.6696,-0.9089,1636,-0.001402,0.011024,-5.1456,3e-07,833,803,-0.0011847927657894876,-0.001628218589501375,OP,15m,dual_ema_adx,trend,1h,F,False,False
-1.6074,-2.297,-0.8001,-0.8629,1156,0.8462,0.4499,1.0346,-0.001352,0.9692,0.0207,-0.2146,5.5895,-0.8455,1158,-0.001352,0.022688,-2.0285,0.0427342,603,555,-0.0005982930089107943,-0.002171899689181564,OP,15m,dual_ema_adx,trend,4h,F,False,False
-0.5846,-0.8051,-0.6835,-0.8369,691,0.9274,0.4866,0.9783,-0.001096,0.9492,0.0127,-0.6103,5.5012,-0.7412,711,-0.001096,0.039616,-0.7378,0.46085873,371,340,-0.002559498908645346,0.000500472334618571,OP,15m,dual_ema_adx,trend,12h,F,False,False
-2.8485,-4.8214,-0.8544,-0.9401,1518,0.7468,0.3951,1.1435,-0.001538,0.9531,0.0276,3.2379,45.9583,-0.9249,1544,-0.001538,0.016814,-3.5948,0.0003348,743,801,-0.002193846213153347,-0.0009300500177556696,OP,15m,vol_spike_brk,trend,1h,F,False,False
-1.3926,-2.333,-0.8009,-0.9087,1174,0.8601,0.4287,1.1462,-0.001378,0.9849,0.0213,1.4525,11.59,-0.8741,1192,-0.001378,0.027077,-1.7574,0.07909952,587,605,-0.0031934203148616773,0.00038285665353045197,OP,15m,vol_spike_brk,trend,4h,F,False,False
-1.0185,-1.5053,-0.8074,-0.9226,701,0.8713,0.4572,1.0343,-0.00209,1.13,0.0128,0.0107,10.3962,-0.8865,713,-0.00209,0.043425,-1.2853,0.19909286,360,353,-0.0045905874661180115,0.00045958270613956977,OP,15m,vol_spike_brk,trend,12h,F,False,False
-3.9374,-4.7935,-0.9114,-0.9677,3086,0.7681,0.4715,0.861,-0.001034,0.7899,0.0553,-1.4998,18.7664,-0.9667,3088,-0.001034,0.011559,-4.9691,7.1e-07,1547,1541,-0.0010771459637337205,-0.0009898654453131808,OP,15m,stoch_cross,mean_reversion,1h,F,False,False
-1.7824,-2.3985,-0.8676,-0.9421,1819,0.8559,0.4758,0.9431,-0.001208,0.9527,0.0329,0.2987,19.9884,-0.9333,1837,-0.001208,0.023014,-2.2494,0.02460573,912,925,-0.0018613001191765263,-0.0005635623198904519,OP,15m,stoch_cross,mean_reversion,4h,F,False,False
-1.2937,-1.636,-0.8812,-0.9253,885,0.8572,0.4788,0.9331,-0.002175,0.9169,0.016,-0.9544,6.3505,-0.9321,896,-0.002175,0.039875,-1.6327,0.10288261,417,479,-0.0035248980348254345,-0.0009997917282738788,OP,15m,stoch_cross,mean_reversion,12h,F,False,False
-6.6039,-7.8386,-0.9967,-0.9998,7307,0.7537,0.4655,0.8656,-0.00108,0.7983,0.1407,-1.8526,27.9224,-0.9998,7309,-0.00108,0.011492,-8.0375,0.0,3729,3580,-0.001144277082126272,-0.0010138335119560633,ARB,15m,vwap_mr,mean_reversion,1h,F,False,False
-3.1274,-3.7336,-0.98,-0.9968,2548,0.7894,0.4802,0.8546,-0.001863,0.7732,0.0491,-1.7041,60.0413,-0.9962,2549,-0.001863,0.024717,-3.8063,0.00014439,1311,1238,-0.0019957833717991476,-0.0017232496061432242,ARB,15m,vwap_mr,mean_reversion,4h,F,False,False
-0.2773,-0.4261,-0.6074,-0.9036,736,0.9705,0.4874,1.0206,-0.00042,0.9448,0.0192,0.6518,7.0499,-0.6924,995,-0.00042,0.039297,-0.3375,0.73580192,516,479,-0.0009328616257644598,0.00013150355326302574,ARB,15m,vwap_mr,mean_reversion,12h,F,False,False
-6.1282,-8.2891,-0.9892,-0.9986,5752,0.7502,0.4458,0.9326,-0.001073,0.835,0.1108,-0.3275,12.6261,-0.9985,5756,-0.001073,0.010911,-7.4586,0.0,2857,2899,-0.0010900109132463334,-0.0010554721904435518,ARB,15m,stoch_rsi,mean_reversion,1h,F,False,False
-2.3784,-3.2588,-0.9272,-0.9853,2113,0.8462,0.4738,0.94,-0.001236,0.8847,0.0477,0.0533,6.3635,-0.9734,2478,-0.001236,0.021261,-2.8947,0.00382845,1239,1239,-0.0012954852679884497,-0.0011772349749445234,ARB,15m,stoch_rsi,mean_reversion,4h,F,False,False
0.2254,0.3397,-0.2876,-0.785,399,1.0241,0.5128,0.973,0.000332,1.1028,0.0188,-0.0206,3.5992,-0.3154,977,0.000332,0.037883,0.2743,0.78392008,476,501,-0.00047132874205928454,0.001096093209475291,ARB,15m,stoch_rsi,mean_reversion,12h,D,False,False
-6.2933,-9.5512,-0.9985,-0.9999,10702,0.8044,0.4383,1.0307,-0.000821,0.9674,0.2081,1.206,18.8502,-0.9999,10807,-0.000821,0.011144,-7.6595,0.0,5259,5548,-0.000930075321821953,-0.0007177839330474489,ARB,15m,ema_ribbon,trend,1h,F,False,False
-0.6563,-1.0044,-0.7896,-0.8745,2048,0.9582,0.4768,1.0516,-0.000325,0.9912,0.0584,1.2315,17.7171,-0.824,3035,-0.000325,0.022404,-0.7988,0.42445969,1484,1551,-0.000521740016457763,-0.0001364705064130982,ARB,15m,ema_ribbon,trend,4h,F,False,False
0.5908,0.8036,0.0808,-0.7215,396,1.0663,0.5193,0.9869,0.00087,1.1112,0.0204,-0.2913,11.3656,0.0875,1061,0.00087,0.039417,0.7191,0.47223078,522,539,6.866885609534246e-05,0.0016464649304427554,ARB,15m,ema_ribbon,trend,12h,C,False,False
0.3273,0.4874,0.3771,-0.0811,63,1.096,0.5461,0.911,0.00038,0.9233,0.0027,0.2422,2.6741,0.0456,141,0.00038,0.011331,0.3983,0.69098928,68,73,0.0024156972324846536,-0.0015160798652162331,ARB,15m,bollinger_mr,mean_reversion,1h,D,False,False
-1.037,-1.3353,-0.6522,-0.3401,66,0.7417,0.4855,0.786,-0.002431,0.6834,0.0027,-0.5101,1.2952,-0.3103,138,-0.002431,0.022631,-1.2621,0.20906936,68,70,0.004520390680607541,-0.009184481045241728,ARB,15m,bollinger_mr,mean_reversion,4h,F,False,False
-0.2859,-0.4547,-0.3787,-0.3823,95,0.9183,0.4919,0.9484,-0.001171,1.2889,0.0024,0.1907,1.4121,-0.2068,124,-0.001171,0.037471,-0.348,0.72846089,62,62,0.0032359342159515806,-0.005577716803936968,ARB,15m,bollinger_mr,mean_reversion,12h,F,False,False
-2.446,-3.0647,-0.8012,-0.7464,1142,0.7729,0.4541,0.9293,-0.001102,0.8469,0.022,-0.7893,6.6358,-0.7408,1143,-0.001102,0.012512,-2.977,0.00297263,601,542,-0.0006334752328976386,-0.0016208771126156709,ARB,15m,rsi_extreme,mean_reversion,1h,F,False,False
-0.841,-0.8794,-0.7475,-0.7627,740,0.8866,0.4845,0.9434,-0.001019,0.8212,0.0161,-4.6002,76.6168,-0.7137,838,-0.001019,0.028807,-1.0235,0.30636314,447,391,-0.0007768145371544174,-0.0012948525921405738,ARB,15m,rsi_extreme,mean_reversion,4h,F,False,False
-0.3,-0.4001,-0.5314,-0.8105,403,0.9574,0.528,0.8558,-0.000641,1.0195,0.0106,-0.3846,4.0472,-0.5659,553,-0.000641,0.041312,-0.3651,0.71516879,287,266,-0.0009343035499011357,-0.00032540702616247924,ARB,15m,rsi_extreme,mean_reversion,12h,F,False,False
-6.4774,-9.5321,-0.9986,-0.9999,9065,0.7849,0.431,1.0363,-0.000982,1.006,0.1759,0.4616,16.0553,-0.9999,9137,-0.000982,0.01191,-7.8835,0.0,4567,4570,-0.001095739942107236,-0.0008689292005456409,ARB,15m,momentum,trend,1h,F,False,False
-0.3736,-0.574,-0.707,-0.8192,2840,0.9759,0.4795,1.0593,-0.00019,1.0754,0.0559,0.7065,8.9918,-0.7225,2903,-0.00019,0.022519,-0.4547,0.64937631,1423,1480,-0.0005279563728258776,0.00013488211885580903,ARB,15m,momentum,trend,4h,F,False,False
-0.6488,-0.987,-0.7481,-0.9134,579,0.9359,0.4764,1.0286,-0.000924,0.9503,0.02,0.0937,3.3929,-0.8179,1039,-0.000924,0.037738,-0.7896,0.42991256,525,514,-0.001627247607694713,-0.00020668895549692072,ARB,15m,momentum,trend,12h,F,False,False
-3.7409,-6.0628,-0.9436,-0.9799,3747,0.8011,0.4203,1.1047,-0.000933,1.0256,0.0729,1.9712,30.3245,-0.9783,3785,-0.000933,0.012608,-4.553,5.46e-06,1896,1889,-0.0010038363696493306,-0.0008619435430510173,ARB,15m,range_breakout,trend,1h,F,False,False
-0.521,-0.825,-0.6511,-0.8537,1978,0.9594,0.4729,1.0696,-0.000324,1.0462,0.0394,1.3109,15.1296,-0.6995,2045,-0.000324,0.023137,-0.6341,0.52610715,1008,1037,-0.000587779310004872,-6.839796660551364e-05,ARB,15m,range_breakout,trend,4h,F,False,False
-0.4357,-0.6548,-0.7252,-0.8305,555,0.9514,0.4803,1.0293,-0.000697,1.1293,0.0176,0.2029,8.4421,-0.7448,916,-0.000697,0.039761,-0.5302,0.59607495,466,450,-0.0013749765266739525,5.886340099074467e-06,ARB,15m,range_breakout,trend,12h,F,False,False
-4.3175,-6.5838,-0.9609,-0.988,4865,0.7981,0.442,1.0078,-0.000845,0.9201,0.0937,1.8669,35.6553,-0.988,4867,-0.000845,0.011222,-5.2548,1.5e-07,2422,2445,-0.0009892818216340404,-0.0007026421195934859,ARB,15m,macd_scalp,trend,1h,F,False,False
-2.9188,-3.72,-0.9647,-0.9917,2355,0.8025,0.46,0.9421,-0.001691,0.8705,0.0455,-1.1123,23.5532,-0.9904,2363,-0.001691,0.023141,-3.5525,0.00038911,1191,1172,-0.0018939982680303623,-0.0014849547956913471,ARB,15m,macd_scalp,trend,4h,F,False,False
-0.2437,-0.3127,-0.5831,-0.8476,839,0.9736,0.4969,0.9858,-0.000354,0.9441,0.0184,-0.9068,6.2713,-0.6358,958,-0.000354,0.036894,-0.2966,0.76682556,445,513,-0.0012481581305275268,0.0004224485391611896,ARB,15m,macd_scalp,trend,12h,F,False,False
-2.725,-3.6522,-0.8067,-0.7918,1222,0.7639,0.4557,0.9124,-0.00113,0.8155,0.0241,-0.2602,5.4746,-0.7786,1253,-0.00113,0.012059,-3.3165,0.00093755,620,633,-0.0009540775681132007,-0.0013019262275164463,ARB,15m,keltner_mr,mean_reversion,1h,F,False,False
-0.1773,-0.2578,-0.5133,-0.4409,897,0.9795,0.4955,0.9971,-0.000164,1.0069,0.0173,0.435,5.5759,-0.3162,898,-0.000164,0.022819,-0.2157,0.82924019,447,451,0.00018361937132793362,-0.0005090970400742262,ARB,15m,keltner_mr,mean_reversion,4h,F,False,False
-0.8785,-1.1919,-0.7623,-0.8413,561,0.8833,0.4836,0.9432,-0.001793,1.0065,0.0111,-0.3567,4.0801,-0.781,579,-0.001793,0.040352,-1.0692,0.28543285,283,296,-0.001503278215829395,-0.0020699449200002537,ARB,15m,keltner_mr,mean_reversion,12h,F,False,False
-2.3447,-3.6551,-0.7859,-0.7581,1486,0.8076,0.4318,1.0628,-0.000825,1.0004,0.0291,0.8827,9.191,-0.7386,1510,-0.000825,0.011238,-2.8537,0.00438014,767,743,-0.000491076405232814,-0.0011703344257563498,ARB,15m,dual_ema_adx,trend,1h,F,False,False
-1.5604,-2.2689,-0.8135,-0.8016,1052,0.8492,0.4632,0.9842,-0.001231,0.9318,0.0207,0.0671,5.3534,-0.7907,1073,-0.001231,0.021232,-1.8991,0.05781617,558,515,-0.0010169506539067202,-0.0014628719728331221,ARB,15m,dual_ema_adx,trend,4h,F,False,False
-1.4962,-2.0849,-0.8705,-0.9108,655,0.8194,0.4723,0.9154,-0.002722,0.8904,0.0129,-0.128,8.5014,-0.9029,669,-0.002722,0.038667,-1.8209,0.06906316,360,309,-0.00404242352931176,-0.0011841049365291947,ARB,15m,dual_ema_adx,trend,12h,F,False,False
-1.5588,-2.6912,-0.7727,-0.7458,1525,0.8598,0.41,1.2375,-0.000724,1.0202,0.0294,2.7301,35.6637,-0.7197,1527,-0.000724,0.014913,-1.8972,0.05798645,715,812,-0.0007962593579611079,-0.0006604430079489379,ARB,15m,vol_spike_brk,trend,1h,F,False,False
-0.1638,-0.2627,-0.469,-0.6486,712,0.9826,0.4607,1.1501,-0.000148,1.1337,0.0223,1.1425,11.3245,-0.4156,1159,-0.000148,0.02531,-0.1994,0.84200761,565,594,-0.0012947324003853605,0.0009423119085470109,ARB,15m,vol_spike_brk,trend,4h,F,False,False
-0.8285,-1.1275,-0.8412,-0.8345,686,0.8952,0.4614,1.0449,-0.001658,0.9707,0.0132,-0.3659,8.6432,-0.8336,687,-0.001658,0.043089,-1.0083,0.31364901,332,355,-0.0026993642052096,-0.0006834343466795935,ARB,15m,vol_spike_brk,trend,12h,F,False,False
-4.3211,-5.6777,-0.9241,-0.9671,2855,0.7548,0.4627,0.8765,-0.00108,0.811,0.056,-0.3317,5.1861,-0.9639,2907,-0.00108,0.011074,-5.2592,1.6e-07,1436,1471,-0.001231621112454622,-0.0009322917970530371,ARB,15m,stoch_cross,mean_reversion,1h,F,False,False
-1.6391,-2.1853,-0.8553,-0.9131,1710,0.8687,0.4822,0.9329,-0.001067,0.8859,0.0329,-0.3599,10.0192,-0.8945,1711,-0.001067,0.022122,-1.9949,0.04621449,839,872,-0.0012876930150759196,-0.0008544475826839713,ARB,15m,stoch_cross,mean_reversion,4h,F,False,False
-1.1228,-1.5929,-0.8114,-0.9455,631,0.8745,0.4922,0.9022,-0.00183,0.9079,0.0161,0.078,5.7343,-0.8846,835,-0.00183,0.038699,-1.3665,0.17213808,425,410,-0.0019473956821965618,-0.001708504229119361,ARB,15m,stoch_cross,mean_reversion,12h,F,False,False
-5.4199,-6.1184,-0.9954,-0.9995,6723,0.7761,0.4878,0.8151,-0.001025,0.791,0.1348,-3.5547,128.9923,-0.9995,6737,-0.001025,0.013003,-6.4711,0.0,3499,3238,-0.0008650703933210022,-0.001198142548570417,SUI,15m,vwap_mr,mean_reversion,1h,F,False,False
-2.1601,-2.7741,-0.9407,-0.9773,2366,0.8581,0.4979,0.8653,-0.001225,0.8427,0.0479,-0.3765,4.6588,-0.9724,2396,-0.001225,0.023241,-2.5791,0.00996506,1244,1152,-0.0010245167120589494,-0.0014406033870263055,SUI,15m,vwap_mr,mean_reversion,4h,F,False,False
-1.6833,-2.1927,-0.9238,-0.9795,941,0.831,0.4968,0.8417,-0.002689,0.8113,0.0189,-0.3006,4.2338,-0.9651,944,-0.002689,0.041108,-2.0098,0.04474209,488,456,-0.002428099342269117,-0.0029680965048809655,SUI,15m,vwap_mr,mean_reversion,12h,F,False,False
-5.0981,-7.0088,-0.9826,-0.9963,5376,0.7891,0.4597,0.9274,-0.000934,0.8511,0.1103,-0.0611,6.2031,-0.9959,5512,-0.000934,0.011388,-6.0869,0.0,2804,2708,-0.0011577417578465248,-0.0007015642089489679,SUI,15m,stoch_rsi,mean_reversion,1h,F,False,False
-2.4783,-3.3052,-0.9506,-0.9819,2341,0.8383,0.4702,0.9444,-0.001372,0.891,0.0474,-0.249,5.5,-0.979,2369,-0.001372,0.022573,-2.959,0.00311664,1207,1162,-0.0013090909792875967,-0.0014380520461274872,SUI,15m,stoch_rsi,mean_reversion,4h,F,False,False
0.896,1.3404,0.9795,-0.4934,273,1.1026,0.509,1.0635,0.001387,1.1523,0.0188,0.159,3.7394,0.7542,941,0.001387,0.039781,1.0698,0.2849778,477,464,0.0009462852876313754,0.0018407909770472534,SUI,15m,stoch_rsi,mean_reversion,12h,C,False,False
-6.8056,-9.8514,-0.9996,-1.0,10382,0.7805,0.4328,1.0227,-0.001,0.9547,0.2088,2.3526,101.2178,-1.0,10438,-0.001,0.012569,-8.1256,0.0,4952,5486,-0.000953284756549675,-0.0010414438101002015,SUI,15m,ema_ribbon,trend,1h,F,False,False
-1.3079,-1.9812,-0.9124,-0.941,2918,0.919,0.4582,1.0865,-0.000676,1.0015,0.0587,0.5639,8.9456,-0.9385,2933,-0.000676,0.023459,-1.5616,0.11848994,1395,1538,-0.0006623671412247725,-0.0006891617049222307,SUI,15m,ema_ribbon,trend,4h,F,False,False
-0.3418,-0.5313,-0.7098,-0.8756,945,0.9647,0.478,1.0537,-0.000523,1.0831,0.0204,0.4666,3.4292,-0.7497,1021,-0.000523,0.040977,-0.4081,0.68332173,510,511,-0.0003491562647854257,-0.0006970891811619812,SUI,15m,ema_ribbon,trend,12h,F,False,False
-0.6784,-1.024,-0.4096,-0.242,132,0.8126,0.4672,0.9269,-0.000986,0.8904,0.0027,0.8782,5.6844,-0.1383,137,-0.000986,0.014242,-0.81,0.41937466,75,62,0.0009929129315408946,-0.003378861064924451,SUI,15m,bollinger_mr,mean_reversion,1h,F,False,False
0.555,1.1727,0.4749,-0.216,102,1.1693,0.4632,1.3549,0.001267,1.4492,0.0027,1.0464,2.125,0.1494,136,0.001267,0.022302,0.6626,0.50869865,74,62,0.0038264211634645067,-0.0017873743622550764,SUI,15m,bollinger_mr,mean_reversion,4h,C,False,False
0.4629,0.8604,0.2441,-0.438,88,1.138,0.4958,1.1573,0.001928,1.2047,0.0024,0.4032,0.5911,0.1558,119,0.001928,0.038063,0.5527,0.58152983,64,55,0.0036177652170992503,-3.7420517164336737e-05,SUI,15m,bollinger_mr,mean_reversion,12h,D,False,False
-2.5293,-3.3879,-0.8173,-0.7811,1041,0.7638,0.4577,0.9048,-0.001281,0.9139,0.0211,-0.1372,3.8916,-0.7655,1053,-0.001281,0.013767,-3.0198,0.00259014,533,520,-0.001251352124673442,-0.0013118273622878046,SUI,15m,rsi_extreme,mean_reversion,1h,F,False,False
-1.2985,-1.4047,-0.7791,-0.8591,625,0.8368,0.4828,0.8966,-0.001571,0.8676,0.0157,-3.555,48.8065,-0.7935,783,-0.001571,0.028362,-1.5503,0.12146571,406,377,-0.0016724540302514065,-0.0014625417540949006,SUI,15m,rsi_extreme,mean_reversion,4h,F,False,False
-0.8223,-1.1166,-0.7754,-0.8276,388,0.8867,0.4923,0.9143,-0.001856,0.9355,0.0104,-0.1755,3.7001,-0.7685,522,-0.001856,0.04319,-0.9818,0.32666685,281,241,-0.0006028915684781004,-0.0033168989948723095,SUI,15m,rsi_extreme,mean_reversion,12h,F,False,False
-7.7075,-11.0758,-0.9997,-1.0,8958,0.751,0.423,1.0244,-0.001231,0.9833,0.1793,0.1205,14.9132,-1.0,8960,-0.001231,0.012665,-9.2025,0.0,4447,4513,-0.0011182956842690328,-0.0013425165318792622,SUI,15m,momentum,trend,1h,F,False,False
-2.4825,-3.5649,-0.967,-0.9916,2618,0.8503,0.4581,1.0058,-0.001336,1.0257,0.0561,0.1726,8.1562,-0.9894,2805,-0.001336,0.02387,-2.964,0.00306235,1363,1442,-0.0010626550737570784,-0.0015940687272640902,SUI,15m,momentum,trend,4h,F,False,False
0.9049,1.3715,0.7414,-0.6657,269,1.1014,0.502,1.0926,0.001368,1.0414,0.02,0.3653,3.3696,0.7715,1002,0.001368,0.040087,1.0804,0.28020982,511,491,0.0015922968176223897,0.0011350674755390756,SUI,15m,momentum,trend,12h,C,False,False
-5.1644,-7.9924,-0.9778,-0.994,3581,0.7389,0.3985,1.1151,-0.001336,0.9976,0.0717,0.9828,16.2081,-0.9938,3583,-0.001336,0.012972,-6.1661,0.0,1741,1842,-0.00128129283870328,-0.0013882281389369971,SUI,15m,range_breakout,trend,1h,F,False,False
-2.3248,-3.4849,-0.943,-0.9787,1948,0.832,0.4452,1.0367,-0.001539,1.0306,0.0396,0.5731,7.9146,-0.9741,1981,-0.001539,0.024685,-2.7757,0.00555991,948,1033,-0.0011023201204758044,-0.001940648343222739,SUI,15m,range_breakout,trend,4h,F,False,False
-1.6563,-2.2659,-0.9194,-0.9664,859,0.8279,0.4788,0.9014,-0.00274,0.9071,0.0174,-0.1677,3.0906,-0.9562,871,-0.00274,0.040892,-1.9776,0.04828796,417,454,-0.002464297216711673,-0.002993426319757825,SUI,15m,range_breakout,trend,12h,F,False,False
-4.3484,-6.4582,-0.9675,-0.9904,4660,0.7959,0.4384,1.0196,-0.000895,0.9547,0.0939,1.1276,19.6811,-0.9892,4692,-0.000895,0.011808,-5.1918,2.2e-07,2358,2334,-0.0008318955419117204,-0.0009586779300932478,SUI,15m,macd_scalp,trend,1h,F,False,False
-2.4194,-3.3073,-0.9466,-0.9863,2090,0.8361,0.4569,0.994,-0.001423,0.8805,0.0455,-0.2412,10.5303,-0.9791,2272,-0.001423,0.023477,-2.8886,0.00390601,1144,1128,-0.0014556458502655739,-0.001389418596340415,SUI,15m,macd_scalp,trend,4h,F,False,False
-1.0252,-1.4979,-0.8386,-0.9351,675,0.8918,0.4832,0.9539,-0.001593,0.8807,0.0184,0.3117,4.1417,-0.8876,921,-0.001593,0.039492,-1.2241,0.22123353,452,469,-0.001415108775114029,-0.0017642559470273868,SUI,15m,macd_scalp,trend,12h,F,False,False
-2.5943,-3.4129,-0.8142,-0.7885,1100,0.7687,0.4652,0.8837,-0.001188,0.8426,0.023,-0.2851,4.2888,-0.7688,1150,-0.001188,0.013003,-3.0975,0.00199874,585,565,-9.95977660562836e-05,-0.0023142980914565366,SUI,15m,keltner_mr,mean_reversion,1h,F,False,False
-1.3043,-1.7636,-0.7661,-0.7975,703,0.8553,0.4847,0.9093,-0.001341,0.8838,0.0163,-0.1911,4.4772,-0.7397,817,-0.001341,0.024621,-1.5572,0.11980053,426,391,0.00042558366258528644,-0.0032664595747258092,SUI,15m,keltner_mr,mean_reversion,4h,F,False,False
0.1574,0.2226,-0.2973,-0.6381,419,1.023,0.5201,0.9441,0.000352,1.0703,0.0105,-0.1613,2.6209,-0.2591,523,0.000352,0.042864,0.1879,0.85103689,290,233,0.002846410303672398,-0.002752261668726172,SUI,15m,keltner_mr,mean_reversion,12h,D,False,False
-3.5326,-5.3453,-0.8553,-0.8346,1336,0.7219,0.4353,0.9365,-0.001272,0.9415,0.0267,0.5609,6.884,-0.832,1337,-0.001272,0.011031,-4.2178,2.633e-05,685,652,-0.0011649553282620934,-0.00138541940340402,SUI,15m,dual_ema_adx,trend,1h,F,False,False
-1.0355,-1.5799,-0.6994,-0.7703,777,0.8929,0.4584,1.055,-0.000886,1.0438,0.0195,0.721,7.6723,-0.6681,973,-0.000886,0.022342,-1.2364,0.21662393,514,459,4.113969855516402e-06,-0.0018818355253472988,SUI,15m,dual_ema_adx,trend,4h,F,False,False
-0.3687,-0.5348,-0.71,-0.6696,468,0.9518,0.4737,1.0575,-0.000692,0.8922,0.0125,0.173,3.2444,-0.6013,627,-0.000692,0.03936,-0.4402,0.65995633,334,293,0.0006518545630802304,-0.0022237225359443722,SUI,15m,dual_ema_adx,trend,12h,F,False,False
-2.4717,-3.7926,-0.8463,-0.8847,1432,0.7954,0.4038,1.1745,-0.001158,1.0006,0.0309,1.1868,17.568,-0.8604,1543,-0.001158,0.015408,-2.9512,0.00321362,736,807,-0.0004646470292692215,-0.0017895852328287365,SUI,15m,vol_spike_brk,trend,1h,F,False,False
-1.1421,-1.704,-0.7967,-0.8641,1153,0.8898,0.4638,1.0288,-0.001074,1.0074,0.0232,0.3253,5.3491,-0.8103,1160,-0.001074,0.026813,-1.3637,0.17293725,555,605,-0.00104980953398962,-0.0010953474210066091,SUI,15m,vol_spike_brk,trend,4h,F,False,False
-1.5467,-2.1814,-0.9091,-0.9489,668,0.8162,0.4688,0.925,-0.003193,0.8381,0.0134,0.1194,4.0926,-0.941,672,-0.003193,0.044823,-1.8467,0.06523534,302,370,-0.0018938813839518014,-0.004253406480956637,SUI,15m,vol_spike_brk,trend,12h,F,False,False
-3.8435,-4.898,-0.9143,-0.9515,2499,0.7686,0.4784,0.8379,-0.00106,0.7742,0.0515,-0.3628,4.6478,-0.9454,2575,-0.00106,0.011719,-4.589,4.67e-06,1287,1288,-0.0010069108769828528,-0.0011126484161788463,SUI,15m,stoch_cross,mean_reversion,1h,F,False,False
-0.1839,-0.2378,-0.4369,-0.8148,1197,0.9838,0.5122,0.9371,-0.000129,0.9797,0.0312,-0.3729,5.6635,-0.466,1562,-0.000129,0.023252,-0.2196,0.82619829,784,778,-0.00044001076018321245,0.00018399585783899917,SUI,15m,stoch_cross,mean_reversion,4h,F,False,False
-1.3537,-1.9119,-0.8762,-0.9412,758,0.8502,0.4652,0.9773,-0.002359,1.0201,0.0155,-0.1433,2.7347,-0.9165,776,-0.002359,0.040663,-1.6163,0.10643856,383,393,-0.0020553300929602673,-0.002655583520151835,SUI,15m,stoch_cross,mean_reversion,12h,F,False,False
-6.3839,-7.5561,-0.9941,-0.9997,7386,0.7467,0.4647,0.8603,-0.001036,0.78,0.1323,-1.0316,12.0389,-0.9997,7388,-0.001036,0.01105,-8.0569,0.0,3591,3797,-0.0010146040546616978,-0.0010558213735186357,DOGE,15m,vwap_mr,mean_reversion,1h,F,False,False
-3.0235,-3.7896,-0.9535,-0.9925,2637,0.8028,0.4757,0.8849,-0.001537,0.7854,0.0475,-0.6496,8.4794,-0.9905,2653,-0.001537,0.020745,-3.8159,0.0001388,1280,1373,-0.001396621191815612,-0.0016675827402053635,DOGE,15m,vwap_mr,mean_reversion,4h,F,False,False
-0.3842,-0.5355,-0.6739,-0.8344,1038,0.9581,0.5038,0.9435,-0.00056,0.9642,0.0187,0.0669,4.4338,-0.7317,1044,-0.00056,0.037343,-0.4849,0.62787424,498,546,-0.00022017905806563415,-0.0008706793383640167,DOGE,15m,vwap_mr,mean_reversion,12h,F,False,False
-5.555,-7.5325,-0.9787,-0.9977,6162,0.7631,0.4433,0.9583,-0.000911,0.8528,0.111,-0.0466,11.412,-0.9975,6199,-0.000911,0.010229,-7.0108,0.0,3030,3169,-0.0007343046749976183,-0.0010796593935049335,DOGE,15m,stoch_rsi,mean_reversion,1h,F,False,False
-2.4397,-3.2876,-0.9238,-0.9803,2487,0.8373,0.4666,0.9572,-0.001211,0.9266,0.0475,0.0683,7.2054,-0.9767,2651,-0.001211,0.020256,-3.079,0.00209792,1309,1342,-0.0007785556280044156,-0.0016335030745142157,DOGE,15m,stoch_rsi,mean_reversion,4h,F,False,False
-0.521,-0.7668,-0.6482,-0.8954,727,0.9448,0.4981,0.952,-0.000704,1.0492,0.0189,0.1558,3.0696,-0.7493,1056,-0.000704,0.034795,-0.6576,0.51096256,511,545,1.0886521064347913e-05,-0.001374452383174311,DOGE,15m,stoch_rsi,mean_reversion,12h,F,False,False
-7.5049,-11.2073,-0.9992,-1.0,11598,0.767,0.4203,1.058,-0.000921,0.966,0.2079,0.7755,12.2734,-1.0,11611,-0.000921,0.010482,-9.4717,0.0,5866,5745,-0.0008882098076854147,-0.0009551748528344229,DOGE,15m,ema_ribbon,trend,1h,F,False,False
-1.0167,-1.5298,-0.806,-0.9155,3267,0.9363,0.4606,1.0967,-0.000451,1.0337,0.0585,0.5369,6.5604,-0.8815,3270,-0.000451,0.020104,-1.2831,0.1995522,1658,1612,-0.00023020995551607484,-0.0006782622122820644,DOGE,15m,ema_ribbon,trend,4h,F,False,False
0.6881,1.0014,0.3565,-0.6198,457,1.0775,0.504,1.0606,0.00093,1.1662,0.0204,0.2781,4.7372,0.3744,1139,0.00093,0.036154,0.8684,0.38537264,578,561,0.0018230792933503184,1.0359812764356204e-05,DOGE,15m,ema_ribbon,trend,12h,C,False,False
-0.3185,-0.3817,-0.2788,-0.2126,200,0.9188,0.5172,0.8575,-0.000386,0.6433,0.0036,-0.6774,7.537,-0.0927,203,-0.000386,0.01367,-0.402,0.68810197,98,105,0.0004652411850884361,-0.0011799117872372613,DOGE,15m,bollinger_mr,mean_reversion,1h,F,False,False
-0.4716,-0.6261,-0.5014,-0.2573,200,0.8886,0.5124,0.8454,-0.000876,0.8465,0.0036,-0.2549,3.5855,-0.1975,201,-0.000876,0.020867,-0.5952,0.55237442,97,104,0.00040490130756576256,-0.0020708037784761737,DOGE,15m,bollinger_mr,mean_reversion,4h,F,False,False
-0.3615,-0.4253,-0.4769,-0.4962,182,0.9031,0.5301,0.8007,-0.00143,0.7065,0.0033,-0.6625,4.6762,-0.3495,183,-0.00143,0.04239,-0.4563,0.64875175,91,92,0.0022809802459571363,-0.00510002527038947,DOGE,15m,bollinger_mr,mean_reversion,12h,F,False,False
-2.5901,-3.5482,-0.7613,-0.7794,1190,0.7507,0.4583,0.8874,-0.001125,0.8338,0.0215,0.4779,11.8707,-0.7615,1198,-0.001125,0.011911,-3.2688,0.00111056,628,570,-0.0007289794305761506,-0.001561036706133198,DOGE,15m,rsi_extreme,mean_reversion,1h,F,False,False
-2.0949,-2.5701,-0.8213,-0.8852,882,0.7641,0.4596,0.8986,-0.002051,0.7513,0.0159,-0.46,7.2941,-0.8736,890,-0.002051,0.02314,-2.6439,0.00833938,472,418,-0.002016375791653422,-0.0020896374370123674,DOGE,15m,rsi_extreme,mean_reversion,4h,F,False,False
-2.1719,-2.5287,-0.8919,-0.9546,589,0.7238,0.4899,0.7537,-0.004339,0.6779,0.0106,-1.3688,7.193,-0.952,592,-0.004339,0.038513,-2.7411,0.00630795,316,276,-0.0039032441628837106,-0.004837759340922797,DOGE,15m,rsi_extreme,mean_reversion,12h,F,False,False
-7.5696,-10.6949,-0.9992,-1.0,8799,0.7341,0.416,1.0305,-0.001225,0.9436,0.1577,0.2406,11.6559,-1.0,8807,-0.001225,0.012037,-9.5533,0.0,4438,4369,-0.0011365589218737095,-0.001315466886063385,DOGE,15m,momentum,trend,1h,F,False,False
-0.887,-1.2078,-0.7902,-0.9006,2853,0.941,0.4778,1.0286,-0.000442,1.0698,0.0527,-0.1786,10.6399,-0.862,2945,-0.000442,0.021414,-1.1195,0.26301562,1465,1480,-0.00010294794014804445,-0.0007771398075953352,DOGE,15m,momentum,trend,4h,F,False,False
0.0844,0.1067,-0.4581,-0.7473,671,1.0096,0.5005,1.0077,0.000122,0.9874,0.0195,-0.6775,10.1589,-0.487,1089,0.000122,0.037842,0.1065,0.9151722,537,552,0.001156653189905534,-0.000884192767699394,DOGE,15m,momentum,trend,12h,D,False,False
-5.1985,-7.96,-0.9656,-0.9948,3842,0.7241,0.3855,1.1541,-0.001267,0.9752,0.0688,1.0716,13.5459,-0.9942,3844,-0.001267,0.011972,-6.5609,0.0,1917,1927,-0.0012947768614815145,-0.0012392113684014468,DOGE,15m,range_breakout,trend,1h,F,False,False
-1.9707,-2.8684,-0.8888,-0.9629,2153,0.8513,0.454,1.0236,-0.001187,0.9713,0.0386,0.6525,11.4126,-0.9543,2154,-0.001187,0.022157,-2.4871,0.01295283,1098,1056,-0.0012814444602364393,-0.0010895649452514705,DOGE,15m,range_breakout,trend,4h,F,False,False
-0.8654,-1.259,-0.7463,-0.9303,969,0.9053,0.483,0.969,-0.001277,0.971,0.0174,0.1472,5.8787,-0.8486,971,-0.001277,0.03643,-1.0922,0.27502431,505,466,-0.0012240558822669057,-0.001334056548083522,DOGE,15m,range_breakout,trend,12h,F,False,False
-5.1495,-7.4937,-0.9683,-0.9952,5169,0.7574,0.4284,1.0105,-0.000963,0.8819,0.0927,0.9642,16.6378,-0.9949,5175,-0.000963,0.010661,-6.4989,0.0,2584,2591,-0.0007723936156132684,-0.0011533366170170844,DOGE,15m,macd_scalp,trend,1h,F,False,False
-2.4356,-3.0881,-0.9273,-0.981,2325,0.8281,0.4558,0.9887,-0.001297,0.9114,0.045,-0.6161,11.6149,-0.9783,2512,-0.001297,0.021145,-3.0739,0.00213581,1252,1260,-0.0008770938277756537,-0.001713940961781534,DOGE,15m,macd_scalp,trend,4h,F,False,False
-1.093,-1.6166,-0.8242,-0.9304,845,0.8847,0.4671,1.0096,-0.001575,0.9624,0.0185,0.4491,5.8445,-0.9016,1032,-0.001575,0.036686,-1.3794,0.16806342,532,500,-0.0008623041403370499,-0.002333863552336846,DOGE,15m,macd_scalp,trend,12h,F,False,False
-2.8469,-3.7356,-0.7802,-0.7685,1219,0.7389,0.464,0.8536,-0.001132,0.7726,0.0219,-0.0286,7.8463,-0.7673,1222,-0.001132,0.01101,-3.5929,0.00034,612,610,-0.0009422075397330869,-0.0013215802139234884,DOGE,15m,keltner_mr,mean_reversion,1h,F,False,False
-1.681,-2.1519,-0.7647,-0.8168,893,0.811,0.4795,0.8805,-0.001503,0.8053,0.0161,-0.1872,6.7413,-0.79,901,-0.001503,0.021269,-2.1215,0.03414892,459,442,-0.0015420741162131479,-0.0014629646870482629,DOGE,15m,keltner_mr,mean_reversion,4h,F,False,False
-2.0034,-2.3758,-0.8857,-0.9324,537,0.7432,0.489,0.7765,-0.00394,0.6905,0.0106,-1.0091,3.9884,-0.9382,593,-0.00394,0.037944,-2.5284,0.01171798,299,294,-0.003753391195885284,-0.0041290838302010325,DOGE,15m,keltner_mr,mean_reversion,12h,F,False,False
-3.8644,-5.276,-0.8213,-0.8861,1578,0.6963,0.4123,0.9926,-0.001207,0.9425,0.0295,-0.0614,9.693,-0.8741,1647,-0.001207,0.010043,-4.8771,1.18e-06,858,789,-0.0011709892799649055,-0.0012460327227189446,DOGE,15m,dual_ema_adx,trend,1h,F,False,False
-1.8947,-2.6964,-0.7872,-0.8989,1102,0.8102,0.4411,1.0265,-0.001465,0.8844,0.0208,0.601,10.565,-0.8589,1163,-0.001465,0.020898,-2.3912,0.01695088,621,542,-0.0007265498003061801,-0.0023118157485626256,DOGE,15m,dual_ema_adx,trend,4h,F,False,False
-1.515,-1.8714,-0.8171,-0.9477,699,0.8118,0.4728,0.9052,-0.002612,0.9066,0.0128,-0.9356,6.958,-0.9067,717,-0.002612,0.036584,-1.912,0.05627433,379,338,-0.001722184224355274,-0.0036104062919988535,DOGE,15m,dual_ema_adx,trend,12h,F,False,False
-2.6956,-4.2896,-0.8177,-0.9227,1820,0.7831,0.3942,1.2036,-0.001113,1.1216,0.0331,1.4666,14.436,-0.8932,1847,-0.001113,0.014057,-3.402,0.00068319,862,985,-0.0011069576690386576,-0.0011178428733957064,DOGE,15m,vol_spike_brk,trend,1h,F,False,False
-0.5195,-0.8269,-0.5515,-0.7939,1362,0.9491,0.4541,1.1407,-0.000409,1.1334,0.0244,0.7792,7.9467,-0.6004,1363,-0.000409,0.023058,-0.6556,0.51219703,654,709,-0.0009613682521350597,9.965135389974904e-05,DOGE,15m,vol_spike_brk,trend,4h,F,False,False
0.343,0.5473,-0.1033,-0.6259,331,1.045,0.4741,1.1593,0.000589,1.1127,0.0142,0.5504,3.651,-0.101,791,0.000589,0.03826,0.4329,0.66519099,389,402,0.0005133195957308219,0.0006620898898638049,DOGE,15m,vol_spike_brk,trend,12h,D,False,False
-3.2,-4.2063,-0.8539,-0.8976,2759,0.7941,0.4669,0.9068,-0.000786,0.8111,0.0494,0.0418,8.3716,-0.9014,2761,-0.000786,0.010229,-4.0386,5.523e-05,1280,1481,-0.0005851982719068122,-0.0009599221417826124,DOGE,15m,stoch_cross,mean_reversion,1h,F,False,False
-1.249,-1.6166,-0.7687,-0.8537,1172,0.8924,0.4752,0.9854,-0.000779,0.9608,0.0307,-0.3742,6.9587,-0.8175,1717,-0.000779,0.020478,-1.5763,0.115138,788,929,-0.0003159427419022972,-0.0011718341780928088,DOGE,15m,stoch_cross,mean_reversion,4h,F,False,False
-1.0329,-1.413,-0.8133,-0.8557,778,0.8794,0.4815,0.9469,-0.001562,0.9761,0.0155,0.0055,5.5876,-0.8499,866,-0.001562,0.035269,-1.3036,0.19271582,402,464,-0.001476094919128014,-0.0016370615887034766,DOGE,15m,stoch_cross,mean_reversion,12h,F,False,False
-5.9262,-7.0405,-0.99,-0.9993,7252,0.7413,0.4589,0.874,-0.000937,0.7901,0.1301,-0.0257,44.9808,-0.9993,7265,-0.000937,0.010674,-7.4791,0.0,3545,3720,-0.0007574967282952303,-0.0011072641685897363,XRP,15m,vwap_mr,mean_reversion,1h,F,False,False
-2.5348,-3.0799,-0.9226,-0.9791,2302,0.8193,0.4796,0.8889,-0.001212,0.794,0.0475,0.013,20.4701,-0.9758,2650,-0.001212,0.019504,-3.199,0.00139531,1314,1336,-0.00044294296338067747,-0.001968512583219292,XRP,15m,vwap_mr,mean_reversion,4h,F,False,False
0.2894,0.398,-0.1711,-0.7619,724,1.0356,0.5105,0.9928,0.000395,0.9554,0.0187,0.4161,8.13,-0.1994,1044,0.000395,0.034961,0.3653,0.71498932,525,519,0.002350146873790048,-0.0015823051962156626,XRP,15m,vwap_mr,mean_reversion,12h,D,False,False
-6.4263,-8.7702,-0.9829,-0.9983,6193,0.7133,0.427,0.957,-0.000977,0.8044,0.1109,1.757,57.6379,-0.9982,6196,-0.000977,0.009478,-8.1102,0.0,3024,3172,-0.0007410391763590518,-0.0012010347342516728,XRP,15m,stoch_rsi,mean_reversion,1h,F,False,False
-1.3657,-1.9081,-0.8074,-0.9,2662,0.8999,0.479,0.9789,-0.00061,0.9612,0.0477,1.1608,20.0911,-0.8733,2666,-0.00061,0.018261,-1.7235,0.08490597,1299,1367,-0.00024399555428763638,-0.0009569648970632046,XRP,15m,stoch_rsi,mean_reversion,4h,F,False,False
-0.97,-1.1557,-0.8366,-0.8539,1052,0.8864,0.4748,0.9804,-0.00129,0.8926,0.0189,-0.9489,14.9782,-0.8641,1053,-0.00129,0.034183,-1.2242,0.22116949,508,545,0.00017067338806305872,-0.0026505898650245967,XRP,15m,stoch_rsi,mean_reversion,12h,F,False,False
-8.1185,-11.3316,-0.9994,-1.0,11524,0.7303,0.3995,1.0975,-0.000967,0.9869,0.2066,0.5233,30.6486,-1.0,11536,-0.000967,0.010134,-10.2459,0.0,5765,5771,-0.0008225548976306095,-0.0011108139300248473,XRP,15m,ema_ribbon,trend,1h,F,False,False
-2.0811,-2.6736,-0.9192,-0.9767,3273,0.8611,0.4371,1.1089,-0.000909,1.0741,0.0587,-0.7699,20.2057,-0.9736,3276,-0.000909,0.01981,-2.6264,0.00867019,1632,1644,-0.00034128165663829634,-0.0014726064153601517,XRP,15m,ema_ribbon,trend,4h,F,False,False
0.5069,0.8296,0.1034,-0.5917,446,1.0621,0.4613,1.2401,0.000643,1.1089,0.0204,1.5033,14.9234,0.0992,1138,0.000643,0.033916,0.6397,0.52247502,586,552,0.0019247458357403511,-0.0007173261940765366,XRP,15m,ema_ribbon,trend,12h,C,False,False
-2.0442,-2.1368,-0.6732,-0.3676,155,0.4978,0.3669,0.8591,-0.002588,0.6782,0.003,-2.6781,17.0057,-0.3641,169,-0.002588,0.013043,-2.5799,0.0107396,83,86,-0.0008370348700128698,-0.004278860078734348,XRP,15m,bollinger_mr,mean_reversion,1h,F,False,False
-1.0353,-1.2656,-0.5644,-0.4169,154,0.7319,0.4702,0.8245,-0.002283,0.7734,0.003,-0.4374,4.3071,-0.3477,168,-0.002283,0.022642,-1.3067,0.19312724,82,86,-0.0017966087489413361,-0.0027458279007711583,XRP,15m,bollinger_mr,mean_reversion,4h,F,False,False
-1.0327,-1.1097,-0.5493,-0.6308,139,0.7195,0.5229,0.6565,-0.003755,0.6004,0.0027,-1.6424,10.4957,-0.4921,153,-0.003755,0.035636,-1.3033,0.19445708,75,78,-0.00551645619364289,-0.0020605877869638886,XRP,15m,bollinger_mr,mean_reversion,12h,F,False,False
-2.2797,-2.9923,-0.7636,-0.7691,1135,0.7323,0.4429,0.9212,-0.001149,0.7917,0.0204,2.6627,69.8604,-0.7558,1138,-0.001149,0.013472,-2.877,0.00408946,589,549,-0.0012602862866233795,-0.001029532235429797,XRP,15m,rsi_extreme,mean_reversion,1h,F,False,False
-2.2635,-2.7261,-0.8186,-0.8775,730,0.7225,0.4778,0.7896,-0.00212,0.6365,0.0153,0.8193,25.0785,-0.8671,856,-0.00212,0.021714,-2.8567,0.00438514,438,418,-0.0007690568641338102,-0.0035357487314036646,XRP,15m,rsi_extreme,mean_reversion,4h,F,False,False
-2.0477,-2.4941,-0.8476,-0.948,554,0.7116,0.4966,0.7215,-0.003821,0.6106,0.0104,0.1692,10.8618,-0.9251,580,-0.003821,0.035605,-2.5843,0.0100024,300,280,-0.0018903641431770883,-0.005888714902103915,XRP,15m,rsi_extreme,mean_reversion,12h,F,False,False
-7.4678,-9.9645,-0.9984,-1.0,7523,0.7104,0.4137,1.0068,-0.001289,0.8987,0.1347,-0.226,19.3454,-1.0,7525,-0.001289,0.011861,-9.4246,0.0,3751,3774,-0.00103036048031359,-0.0015453691557898125,XRP,15m,momentum,trend,1h,F,False,False
-1.8117,-2.3585,-0.897,-0.9719,2678,0.8669,0.4525,1.0487,-0.000972,0.9971,0.0481,0.0771,26.0936,-0.9621,2687,-0.000972,0.022043,-2.2865,0.02230304,1328,1359,-0.00027887274864148685,-0.0016499267126345771,XRP,15m,momentum,trend,4h,F,False,False
-2.3457,-2.9483,-0.9217,-0.9877,1028,0.7555,0.4521,0.9156,-0.003124,0.8248,0.0185,-0.5012,7.7265,-0.9785,1033,-0.003124,0.03392,-2.9604,0.00314298,513,520,-0.0016639116415639033,-0.004564976732399557,XRP,15m,momentum,trend,12h,F,False,False
-5.4176,-8.1769,-0.9624,-0.9938,3882,0.7001,0.3813,1.1359,-0.001222,0.9151,0.0695,1.6872,24.2782,-0.9932,3884,-0.001222,0.011138,-6.8372,0.0,1937,1947,-0.0007946775323114741,-0.0016470922958652188,XRP,15m,range_breakout,trend,1h,F,False,False
-2.6365,-3.3706,-0.92,-0.98,2180,0.7934,0.4365,1.0243,-0.001474,0.9292,0.0391,-0.8581,23.6647,-0.9751,2181,-0.001474,0.020689,-3.3274,0.00089124,1083,1098,-0.0007618898869964155,-0.002176429776363365,XRP,15m,range_breakout,trend,4h,F,False,False
-2.1854,-2.6592,-0.9199,-0.9783,974,0.7532,0.4451,0.9389,-0.003116,0.8784,0.0175,-0.5421,12.3419,-0.9744,975,-0.003116,0.035275,-2.7581,0.00592237,468,507,-0.0008009229615957982,-0.0052526914393459054,XRP,15m,range_breakout,trend,12h,F,False,False
-5.4707,-7.0182,-0.9694,-0.9956,5220,0.727,0.4208,1.0008,-0.000971,0.8623,0.0936,-0.165,31.7364,-0.9952,5226,-0.000971,0.010168,-6.9043,0.0,2610,2616,-0.000813173906881581,-0.0011286595496088634,XRP,15m,macd_scalp,trend,1h,F,False,False
-1.922,-2.5894,-0.8791,-0.9571,2082,0.8538,0.4613,0.9972,-0.000961,0.8777,0.0453,0.7629,14.7996,-0.9468,2530,-0.000961,0.019933,-2.4256,0.01535165,1282,1248,-0.0003840223574888524,-0.0015541868549281434,XRP,15m,macd_scalp,trend,4h,F,False,False
-0.4405,-0.5317,-0.6214,-0.8536,1029,0.9458,0.5029,0.9348,-0.000585,1.0292,0.0184,-0.5203,14.6815,-0.7,1030,-0.000585,0.033782,-0.556,0.57834026,495,535,0.000726625413779592,-0.0017990074230792262,XRP,15m,macd_scalp,trend,12h,F,False,False
-3.4383,-4.1831,-0.7829,-0.817,934,0.6731,0.4517,0.8171,-0.001322,0.7525,0.0211,-0.6857,11.0353,-0.8032,1180,-0.001322,0.010463,-4.3392,1.552e-05,576,604,-0.0011070737861008126,-0.0015262431164707426,XRP,15m,keltner_mr,mean_reversion,1h,F,False,False
-2.6391,-3.0795,-0.8177,-0.915,732,0.7079,0.4728,0.7894,-0.002278,0.8008,0.0158,-0.8969,6.1585,-0.8888,882,-0.002278,0.02031,-3.3307,0.0009023,436,446,-0.0010592075466692263,-0.0034689137623650887,XRP,15m,keltner_mr,mean_reversion,4h,F,False,False
-1.702,-1.968,-0.8276,-0.9056,570,0.7584,0.5061,0.7401,-0.003192,0.7193,0.0103,-0.6266,8.5867,-0.8897,573,-0.003192,0.035577,-2.148,0.03213562,280,293,-0.001567073661750526,-0.004745719467527679,XRP,15m,keltner_mr,mean_reversion,12h,F,False,False
-3.0961,-4.9588,-0.7889,-0.8432,1559,0.7133,0.4023,1.0598,-0.001046,0.8426,0.0283,3.4488,49.4923,-0.825,1581,-0.001046,0.010647,-3.9074,9.725e-05,842,739,-0.0006325947409661582,-0.0015176491335916864,XRP,15m,dual_ema_adx,trend,1h,F,False,False
-1.5865,-2.3106,-0.7518,-0.8579,1123,0.8175,0.453,0.987,-0.001248,0.8129,0.0202,2.3747,29.4483,-0.8079,1128,-0.001248,0.020934,-2.0022,0.04550481,619,509,0.0001250548741367866,-0.002917740985885907,XRP,15m,dual_ema_adx,trend,4h,F,False,False
-2.2508,-2.6308,-0.8856,-0.9633,691,0.7108,0.4454,0.8851,-0.003699,0.7691,0.0126,-1.2975,14.6036,-0.9529,705,-0.003699,0.03458,-2.8406,0.00463264,376,329,-0.0017770703030091106,-0.005896465304293984,XRP,15m,dual_ema_adx,trend,12h,F,False,False
-3.1206,-4.8646,-0.8375,-0.9168,1669,0.7314,0.3769,1.2094,-0.001297,0.9629,0.03,1.8203,21.4159,-0.9023,1677,-0.001297,0.013482,-3.9383,8.541e-05,764,913,-0.0003601951867328119,-0.0020801155255941715,XRP,15m,vol_spike_brk,trend,1h,F,False,False
-1.1107,-1.5947,-0.7129,-0.8024,1264,0.8856,0.4344,1.1532,-0.000831,1.1065,0.0229,0.4095,12.3309,-0.7413,1280,-0.000831,0.021213,-1.4018,0.1612176,590,690,-0.00027813895021252177,-0.0013040498283756591,XRP,15m,vol_spike_brk,trend,4h,F,False,False
-0.496,-0.6961,-0.6302,-0.7949,597,0.9293,0.4497,1.1373,-0.00083,1.046,0.0133,0.3805,12.5711,-0.6695,745,-0.00083,0.036185,-0.626,0.53149866,347,398,0.0013469159280423536,-0.002727805767700508,XRP,15m,vol_spike_brk,trend,12h,F,False,False
-5.1236,-6.0718,-0.9116,-0.9685,2838,0.6732,0.4359,0.8713,-0.001148,0.7354,0.0512,-1.2511,22.8482,-0.9672,2861,-0.001148,0.009494,-6.4662,0.0,1293,1568,-0.0010121462135088603,-0.0012594983071681186,XRP,15m,stoch_cross,mean_reversion,1h,F,False,False
-2.1404,-2.5241,-0.8177,-0.9326,1543,0.8205,0.474,0.9104,-0.001134,0.8072,0.0317,-1.084,10.1048,-0.8987,1770,-0.001134,0.017669,-2.7012,0.0069746,822,948,-0.0003780637837202948,-0.001790345350103055,XRP,15m,stoch_cross,mean_reversion,4h,F,False,False
-0.8383,-1.0508,-0.7979,-0.8429,878,0.888,0.4937,0.9105,-0.001328,0.8014,0.0157,0.3959,13.1175,-0.831,879,-0.001328,0.037211,-1.0579,0.29038196,403,476,0.0009147009774414145,-0.0032263923242353567,XRP,15m,stoch_cross,mean_reversion,12h,F,False,False
-6.6605,-7.6176,-1.0046,-0.9931,3982,0.7465,0.4571,0.8866,-0.001155,0.8622,0.1409,-3.8889,85.8077,-0.9928,3999,-0.001155,0.012185,-5.9931,0.0,2104,1895,-0.0013131316498534169,-0.0009788770061084162,RENDER,15m,vwap_mr,mean_reversion,1h,F,False,False
-2.2057,-2.9361,-1.0296,-0.8948,1374,0.8548,0.4815,0.9205,-0.001228,0.8362,0.0485,-0.1635,12.2493,-0.8723,1377,-0.001228,0.022961,-1.9847,0.04737864,714,663,-0.0018683233315984235,-0.0005385128391561517,RENDER,15m,vwap_mr,mean_reversion,4h,F,False,False
0.2002,0.2652,-0.4348,-0.6668,210,1.0225,0.5167,0.9563,0.000314,1.182,0.019,-0.3282,8.5152,-0.2421,538,0.000314,0.040387,0.1801,0.85714615,279,259,-0.0005859860089741747,0.0012826154929580717,RENDER,15m,vwap_mr,mean_reversion,12h,D,False,False
-5.3066,-8.0529,-1.0183,-0.9675,3158,0.7693,0.452,0.9328,-0.001008,0.867,0.1115,3.7875,89.1257,-0.9669,3164,-0.001008,0.011872,-4.7749,1.88e-06,1562,1602,-0.0011735007967143098,-0.0008462254385221359,RENDER,15m,stoch_rsi,mean_reversion,1h,F,False,False
-2.8375,-3.9808,-1.0035,-0.9459,1158,0.815,0.4605,0.955,-0.001537,0.901,0.0477,0.2375,12.8993,-0.9105,1353,-0.001537,0.02214,-2.5532,0.01078286,674,679,-0.002256010203683295,-0.0008228738588811314,RENDER,15m,stoch_rsi,mean_reversion,4h,F,False,False
-1.2717,-1.8248,-0.9755,-0.8563,524,0.8667,0.4775,0.9482,-0.001955,0.9365,0.0188,0.4155,6.8002,-0.7679,534,-0.001955,0.039483,-1.1443,0.25302228,275,259,-0.002826425967447059,-0.001029944552003699,RENDER,15m,stoch_rsi,mean_reversion,12h,F,False,False
-6.0316,-7.5208,-1.0008,-0.9991,5834,0.766,0.4353,0.9939,-0.00106,0.9045,0.207,1.6594,517.6812,-0.999,5877,-0.00106,0.014967,-5.4272,6e-08,2811,3066,-0.0010543617710683448,-0.0010643942400861946,RENDER,15m,ema_ribbon,trend,1h,F,False,False
-2.4179,-3.4594,-1.0158,-0.9325,1591,0.8587,0.454,1.0327,-0.001184,0.9962,0.0586,0.0711,10.0457,-0.9077,1663,-0.001184,0.022201,-2.1756,0.0297243,778,885,-0.0014952609599096559,-0.0009112085343289982,RENDER,15m,ema_ribbon,trend,4h,F,False,False
0.0203,0.0309,-0.6059,-0.6504,422,1.0021,0.4654,1.1511,2.9e-05,1.0966,0.0204,0.001,6.947,-0.3334,578,2.9e-05,0.038113,0.0183,0.98541421,281,297,-0.0010410734177549283,0.0010414153670561573,RENDER,15m,ema_ribbon,trend,12h,D,False,False
-0.2997,-0.4045,-0.3932,-0.1469,66,0.9098,0.5,0.9098,-0.000546,0.8893,0.0025,0.1712,5.1328,-0.047,70,-0.000546,0.016946,-0.2697,0.78819205,33,37,0.0030179488666720196,-0.0037251633094831493,RENDER,15m,bollinger_mr,mean_reversion,1h,F,False,False
-0.451,-0.5421,-0.6152,-0.3417,65,0.8548,0.4571,1.0151,-0.001921,1.5884,0.0025,-1.0786,10.0091,-0.1739,70,-0.001921,0.0396,-0.4058,0.68616076,33,37,0.005204804403106761,-0.00827570297201526,RENDER,15m,bollinger_mr,mean_reversion,4h,F,False,False
1.544,4.691,3.8464,-0.2553,23,1.7821,0.5156,1.6741,0.010255,2.0419,0.0023,2.4605,8.2599,0.74,64,0.010255,0.059052,1.3893,0.16964694,32,32,0.015314356278620347,0.0051952175367305405,RENDER,15m,bollinger_mr,mean_reversion,12h,B,False,False
-1.759,-2.5323,-1.0052,-0.4916,618,0.8327,0.455,0.9975,-0.000792,0.8773,0.0223,0.4138,4.6923,-0.424,633,-0.000792,0.012593,-1.5827,0.11398636,313,320,-0.0010761806285584442,-0.0005144736577385669,RENDER,15m,rsi_extreme,mean_reversion,1h,F,False,False
-0.6426,-0.6851,-0.8235,-0.6126,420,0.918,0.5043,0.9021,-0.000782,0.9349,0.0162,-3.0931,34.6601,-0.4337,460,-0.000782,0.028995,-0.5782,0.56339518,228,232,-0.0018713266288909764,0.0002891550100512929,RENDER,15m,rsi_extreme,mean_reversion,4h,F,False,False
1.094,1.9648,1.5894,-0.4848,141,1.1708,0.4984,1.1783,0.002299,1.1813,0.0111,1.3507,8.6463,0.5881,315,0.002299,0.041446,0.9844,0.3256693,155,160,0.0007593526158129249,0.0037901319398814305,RENDER,15m,rsi_extreme,mean_reversion,12h,C,False,False
-7.4069,-10.8099,-1.0012,-0.9984,5049,0.7577,0.4315,0.9983,-0.001172,0.8934,0.1784,0.4936,24.0684,-0.9982,5066,-0.001172,0.012519,-6.6647,0.0,2493,2573,-0.001250013101691215,-0.0010968141745167136,RENDER,15m,momentum,trend,1h,F,False,False
-2.6716,-3.8504,-1.01,-0.9545,1446,0.8362,0.4563,0.9963,-0.001417,0.925,0.056,1.108,28.0913,-0.9323,1591,-0.001417,0.023517,-2.4039,0.01633536,815,776,-0.002135735144366459,-0.0006627633833323206,RENDER,15m,momentum,trend,4h,F,False,False
-1.208,-1.8611,-1.0128,-0.8111,558,0.8821,0.4771,0.9667,-0.001734,0.88,0.02,0.3988,5.2472,-0.7522,568,-0.001734,0.038019,-1.0869,0.27753564,290,278,-0.00303763135465538,-0.00037387204371842507,RENDER,15m,momentum,trend,12h,F,False,False
-4.1038,-7.139,-1.0313,-0.9268,2079,0.7731,0.4262,1.041,-0.001118,0.8817,0.0735,4.8992,98.0899,-0.9201,2086,-0.001118,0.013832,-3.6926,0.00022768,1050,1036,-0.0012704773799481596,-0.0009639920550717756,RENDER,15m,range_breakout,trend,1h,F,False,False
-1.7028,-2.7673,-1.0694,-0.82,1129,0.8693,0.4593,1.0234,-0.001178,0.9475,0.0398,2.7364,38.4143,-0.8166,1130,-0.001178,0.025845,-1.5322,0.12576526,565,565,-0.0016851713868573737,-0.000670770189558939,RENDER,15m,range_breakout,trend,4h,F,False,False
-0.0809,-0.1096,-0.5698,-0.6891,393,0.991,0.499,0.995,-0.000119,1.0486,0.0177,-0.659,7.0982,-0.3322,503,-0.000119,0.036581,-0.0728,0.9419864,256,247,-0.0014760074001092592,0.0012879447304056206,RENDER,15m,range_breakout,trend,12h,F,False,False
-5.6086,-9.2715,-1.0183,-0.9657,2621,0.7364,0.432,0.968,-0.001188,0.8492,0.0928,5.4934,131.2545,-0.9637,2634,-0.001188,0.012081,-5.0466,4.8e-07,1310,1324,-0.0010839573809083595,-0.0012907831889961122,RENDER,15m,macd_scalp,trend,1h,F,False,False
-1.4694,-1.9966,-1.0845,-0.7715,1258,0.8944,0.4661,1.0246,-0.000866,0.9051,0.0452,0.0184,30.7669,-0.7695,1283,-0.000866,0.02345,-1.3222,0.18634049,653,630,-0.0014108161723976086,-0.00030053753103844745,RENDER,15m,macd_scalp,trend,4h,F,False,False
-2.0484,-2.9528,-1.0277,-0.8903,506,0.7973,0.4692,0.9019,-0.003099,0.7792,0.0183,0.4735,6.9732,-0.8641,520,-0.003099,0.038339,-1.8431,0.06588074,258,262,-0.004111924665154597,-0.0021011559829772182,RENDER,15m,macd_scalp,trend,12h,F,False,False
-2.0692,-2.7018,-0.989,-0.5673,667,0.8164,0.478,0.8916,-0.000898,0.9372,0.024,-0.3366,3.6377,-0.4866,682,-0.000898,0.01259,-1.8618,0.0630597,347,335,-0.0012137852195270545,-0.000570022110719026,RENDER,15m,keltner_mr,mean_reversion,1h,F,False,False
-1.4463,-1.4863,-1.0449,-0.7129,467,0.8203,0.5031,0.8101,-0.001804,0.7355,0.0169,-3.3256,36.649,-0.6692,479,-0.001804,0.030344,-1.3014,0.19374676,246,233,-0.0014975937876467187,-0.002128201125805956,RENDER,15m,keltner_mr,mean_reversion,4h,F,False,False
1.0533,1.8179,2.3182,-0.3046,160,1.1634,0.5139,1.1003,0.002133,1.0967,0.0114,1.2065,7.4901,0.5411,323,0.002133,0.040453,0.9478,0.34396485,167,156,0.001813552798924812,0.002475523820349297,RENDER,15m,keltner_mr,mean_reversion,12h,C,False,False
-3.0671,-4.7172,-1.0931,-0.6246,797,0.7507,0.4188,1.042,-0.001098,0.9164,0.0282,0.9419,9.647,-0.6053,800,-0.001098,0.011257,-2.7597,0.00591741,401,399,-0.0012585354053698226,-0.0009374451376236868,RENDER,15m,dual_ema_adx,trend,1h,F,False,False
-0.8273,-1.5327,-0.7662,-0.6336,567,0.9093,0.4517,1.1038,-0.000703,0.9441,0.02,3.6554,44.2828,-0.4161,569,-0.000703,0.022527,-0.7444,0.45694741,295,274,-0.0012368106621660708,-0.00012828055230971306,RENDER,15m,dual_ema_adx,trend,4h,F,False,False
-3.5114,-4.3697,-1.0245,-0.928,342,0.6273,0.4674,0.7147,-0.006178,0.7726,0.0124,-1.2069,7.097,-0.9126,353,-0.006178,0.036738,-3.1596,0.00171685,182,171,-0.007128927345007945,-0.005166142676974615,RENDER,15m,dual_ema_adx,trend,12h,F,False,False
-1.8888,-3.3406,-1.0214,-0.6944,396,0.8165,0.4321,1.0729,-0.001041,0.8999,0.0296,5.4919,88.7201,-0.6321,840,-0.001041,0.017747,-1.6996,0.08958088,406,434,-0.0014836595543027329,-0.0006262669426019492,RENDER,15m,vol_spike_brk,trend,1h,F,False,False
-1.2472,-1.9574,-1.0146,-0.6865,564,0.8801,0.4509,1.0719,-0.001165,0.9405,0.0226,1.0294,10.0405,-0.6192,641,-0.001165,0.026277,-1.1223,0.26217695,312,329,-0.001428142960465258,-0.0009149896887282731,RENDER,15m,vol_spike_brk,trend,4h,F,False,False
-1.312,-1.7845,-1.0557,-0.75,363,0.8435,0.4751,0.932,-0.002474,0.9346,0.0134,-0.4557,6.3323,-0.7193,381,-0.002474,0.040912,-1.1805,0.23852073,179,202,-0.0037855769830295186,-0.001312485021438343,RENDER,15m,vol_spike_brk,trend,12h,F,False,False
-3.3309,-4.3731,-1.045,-0.7891,1552,0.8041,0.4664,0.9201,-0.000825,0.9065,0.056,-0.5027,7.2764,-0.7558,1591,-0.000825,0.01098,-2.9971,0.00276745,828,763,-0.0010287753565234481,-0.0006039716121106361,RENDER,15m,stoch_cross,mean_reversion,1h,F,False,False
-2.2385,-2.6337,-1.0024,-0.8867,823,0.8175,0.4724,0.9131,-0.001553,0.9127,0.0338,-2.3263,37.3343,-0.8312,959,-0.001553,0.023877,-2.0142,0.04426612,505,454,-0.0017395203564886071,-0.0013456236306313262,RENDER,15m,stoch_cross,mean_reversion,4h,F,False,False
-1.2312,-2.0399,-1.0301,-0.7575,454,0.8595,0.4549,1.0297,-0.001984,0.9884,0.016,1.4329,11.7787,-0.7069,455,-0.001984,0.0382,-1.1078,0.268519,238,217,-0.0035664363139249053,-0.00024839073463949775,RENDER,15m,stoch_cross,mean_reversion,12h,F,False,False
-4.4697,-5.0779,-0.9903,-0.9995,7015,0.8107,0.4852,0.86,-0.000936,0.84,0.1262,-3.3186,81.4757,-0.9993,7048,-0.000936,0.013922,-5.6411,2e-08,3790,3258,-0.0008135854355613462,-0.0010773316206141275,FET,15m,vwap_mr,mean_reversion,1h,F,False,False
-2.0155,-2.4394,-0.9365,-0.9946,2550,0.8592,0.4856,0.91,-0.001302,0.8763,0.0462,-1.6741,25.6851,-0.986,2578,-0.001302,0.025996,-2.5437,0.01102675,1377,1201,-0.0013811461463135906,-0.001212038857987744,FET,15m,vwap_mr,mean_reversion,4h,F,False,False
-0.7244,-0.8404,-0.816,-0.9883,1007,0.919,0.5053,0.8997,-0.001299,0.9864,0.0186,-2.564,35.2623,-0.9269,1039,-0.001299,0.045798,-0.9143,0.36079296,558,481,-0.0013228650755507322,-0.0012712836979285826,FET,15m,vwap_mr,mean_reversion,12h,F,False,False
-5.7907,-6.9002,-0.9931,-0.9996,6128,0.7536,0.4599,0.8848,-0.001195,0.8062,0.1097,-2.4874,43.2381,-0.9996,6129,-0.001195,0.012796,-7.3083,0.0,3027,3102,-0.0010953854141033763,-0.0012912415369172917,FET,15m,stoch_rsi,mean_reversion,1h,F,False,False
-1.9657,-2.5839,-0.9438,-0.9868,2649,0.8651,0.4744,0.9586,-0.001259,0.9372,0.0475,-0.4691,26.3156,-0.986,2652,-0.001259,0.026139,-2.4809,0.01316774,1338,1314,-0.0016023873397924971,-0.0009097853370336227,FET,15m,stoch_rsi,mean_reversion,4h,F,False,False
-0.1139,-0.1677,-0.5817,-0.9103,1015,0.9877,0.5104,0.9473,-0.000193,0.9552,0.0189,0.4716,7.4507,-0.6991,1054,-0.000193,0.043623,-0.1438,0.88570483,580,474,-0.0006871758039921244,0.00041126901356705945,FET,15m,stoch_rsi,mean_reversion,12h,F,False,False
-7.0951,-10.6739,-0.9998,-1.0,11649,0.7799,0.4394,0.9951,-0.001075,0.935,0.2088,2.0563,66.6036,-1.0,11662,-0.001075,0.012964,-8.9546,0.0,5458,6204,-0.001251148828552427,-0.0009200236851213507,FET,15m,ema_ribbon,trend,1h,F,False,False
-1.5489,-2.2025,-0.9366,-0.9792,3282,0.9011,0.4781,0.9836,-0.000876,0.9528,0.0589,0.9451,28.7377,-0.9811,3290,-0.000876,0.025716,-1.9548,0.05069452,1561,1729,-0.0013427274714117093,-0.0004553646399390735,FET,15m,ema_ribbon,trend,4h,F,False,False
-0.8946,-1.3962,-0.8899,-0.9348,1135,0.906,0.4772,0.9928,-0.001515,0.9083,0.0204,2.4753,39.1577,-0.9416,1138,-0.001515,0.04526,-1.129,0.25912672,544,594,-0.002483792776890684,-0.0006272977801157269,FET,15m,ema_ribbon,trend,12h,F,False,False
0.6397,1.1336,0.4749,-0.1978,77,1.2933,0.5758,0.953,0.001644,0.7877,0.0018,1.8129,8.8481,0.1538,99,0.001644,0.020264,0.8073,0.42145401,44,55,0.0028398750811344546,0.0006875165998609268,FET,15m,bollinger_mr,mean_reversion,1h,C,False,False
0.2966,0.5073,0.2133,-0.195,87,1.1033,0.5361,0.9548,0.001036,1.101,0.0017,0.1654,0.3361,0.0671,97,0.001036,0.027256,0.3744,0.70895518,44,53,0.0009863377554818248,0.0010772954040772404,FET,15m,bollinger_mr,mean_reversion,4h,D,False,False
-0.7234,-0.8331,-0.5164,-0.5994,87,0.7465,0.4831,0.7986,-0.005145,0.7777,0.0016,-0.9013,3.14,-0.4456,89,-0.005145,0.053164,-0.913,0.36374959,40,49,-0.012662830486285512,0.0009921024882215146,FET,15m,bollinger_mr,mean_reversion,12h,F,False,False
-2.949,-3.2928,-0.8176,-0.9041,1071,0.6987,0.4614,0.8155,-0.001745,0.769,0.0204,-3.2675,59.2056,-0.8824,1140,-0.001745,0.015831,-3.7218,0.00020747,602,538,-0.0012225830683679905,-0.002329703631183049,FET,15m,rsi_extreme,mean_reversion,1h,F,False,False
-0.8834,-1.1073,-0.6865,-0.828,626,0.8859,0.4791,0.9632,-0.001141,0.9876,0.015,-0.9571,44.1769,-0.7377,837,-0.001141,0.029598,-1.115,0.26518906,447,390,-0.0010145409717821881,-0.0012851807557569214,FET,15m,rsi_extreme,mean_reversion,4h,F,False,False
-1.2426,-1.4896,-0.861,-0.9525,421,0.8193,0.4596,0.9632,-0.003324,0.8627,0.0102,-1.9014,30.9108,-0.9349,570,-0.003324,0.050606,-1.5683,0.11736624,300,270,-0.003024257213753561,-0.0036576069050271638,FET,15m,rsi_extreme,mean_reversion,12h,F,False,False
-8.0471,-12.119,-0.9999,-1.0,10520,0.7451,0.4321,0.9795,-0.00135,0.9148,0.1887,1.3255,24.1052,-1.0,10538,-0.00135,0.013646,-10.1561,0.0,5090,5448,-0.001440361255494625,-0.0012657579358227964,FET,15m,momentum,trend,1h,F,False,False
-2.3205,-2.6486,-0.9818,-0.9982,3196,0.8443,0.4692,0.9552,-0.001475,1.0007,0.0572,-4.4645,106.704,-0.998,3197,-0.001475,0.02848,-2.9286,0.00342882,1550,1647,-0.001587068166897101,-0.0013697454673667023,FET,15m,momentum,trend,4h,F,False,False
-0.2675,-0.4167,-0.7391,-0.813,1125,0.9725,0.4885,1.0184,-0.000423,0.9181,0.0202,0.7335,7.2651,-0.7685,1128,-0.000423,0.042078,-0.3376,0.73569644,554,574,-0.001079678731155186,0.00021077314320165259,FET,15m,momentum,trend,12h,F,False,False
-4.1727,-6.4717,-0.9629,-0.994,3558,0.7681,0.4152,1.082,-0.001301,0.9618,0.0637,1.1411,17.8658,-0.9934,3560,-0.001301,0.014736,-5.2663,1.5e-07,1705,1855,-0.0010404324501722393,-0.0015397801148034243,FET,15m,range_breakout,trend,1h,F,False,False
-1.4757,-2.31,-0.8816,-0.9544,2086,0.8868,0.4547,1.0635,-0.001067,1.029,0.0374,1.0865,12.1336,-0.9468,2087,-0.001067,0.026165,-1.8625,0.06267248,988,1099,-0.0006815469096596195,-0.001412986866002917,FET,15m,range_breakout,trend,4h,F,False,False
-0.2718,-0.4157,-0.6225,-0.895,930,0.9692,0.474,1.0757,-0.000477,0.9936,0.0168,0.6623,7.7752,-0.7267,941,-0.000477,0.04268,-0.343,0.73165483,450,491,-0.0005562554897023732,-0.0004048662462559718,FET,15m,range_breakout,trend,12h,F,False,False
-6.4196,-9.4685,-0.9936,-0.9997,5268,0.7195,0.4308,0.9506,-0.001428,0.8703,0.0947,0.9724,16.0584,-0.9997,5290,-0.001428,0.012815,-8.102,0.0,2658,2632,-0.0016166053594957506,-0.0012365336876086232,FET,15m,macd_scalp,trend,1h,F,False,False
-2.9923,-4.3979,-0.9715,-0.9967,2542,0.8059,0.4583,0.9526,-0.001846,0.8945,0.0457,0.4696,8.3591,-0.9959,2553,-0.001846,0.0247,-3.7765,0.00016271,1283,1270,-0.002249446331005052,-0.0014386012715046931,FET,15m,macd_scalp,trend,4h,F,False,False
-0.7628,-0.9076,-0.8361,-0.9716,754,0.9129,0.4835,0.9751,-0.001362,0.9579,0.0185,-2.6005,43.8311,-0.9304,1032,-0.001362,0.045442,-0.9627,0.33593059,539,493,-0.0015612953042935863,-0.0011436234371384356,FET,15m,macd_scalp,trend,12h,F,False,False
-1.3046,-1.4817,-0.6225,-0.7566,802,0.8421,0.4834,0.9,-0.000903,0.8612,0.0172,-2.9917,53.2174,-0.6374,962,-0.000903,0.017008,-1.6466,0.09997661,466,496,-0.000529315282832404,-0.0012538912304571608,FET,15m,keltner_mr,mean_reversion,1h,F,False,False
-0.6335,-0.7832,-0.6191,-0.7746,554,0.9113,0.4837,0.9728,-0.000912,0.9613,0.0132,-1.031,41.6702,-0.6467,736,-0.000912,0.030934,-0.7996,0.42421514,353,383,-0.0005062878062412439,-0.0012853974417409231,FET,15m,keltner_mr,mean_reversion,4h,F,False,False
-0.3564,-0.4564,-0.6789,-0.7723,405,0.9434,0.4834,1.008,-0.000996,1.0902,0.0092,-0.7381,9.0113,-0.6937,513,-0.000996,0.050132,-0.4498,0.65305604,244,269,-0.00249737414566263,0.00036670564116902536,FET,15m,keltner_mr,mean_reversion,12h,F,False,False
-3.3823,-5.1729,-0.8414,-0.9151,1554,0.7266,0.4374,0.9347,-0.001417,0.8465,0.0279,0.8997,8.3482,-0.9037,1557,-0.001417,0.013097,-4.2687,2.085e-05,802,755,-0.0012808512853018422,-0.0015614076265402556,FET,15m,dual_ema_adx,trend,1h,F,False,False
-1.4395,-1.8601,-0.7604,-0.9124,1043,0.8508,0.4561,1.0145,-0.001392,1.0251,0.0196,-1.1249,13.4477,-0.8482,1094,-0.001392,0.025345,-1.8168,0.069519,565,529,-0.001217166667430016,-0.0015791462832333996,FET,15m,dual_ema_adx,trend,4h,F,False,False
-1.6355,-1.9048,-0.8949,-0.9764,643,0.7852,0.4779,0.8576,-0.003671,0.8208,0.0122,-1.6675,16.5949,-0.963,680,-0.003671,0.046383,-2.0641,0.0393904,363,317,-0.003948552655586498,-0.0033539715189912,FET,15m,dual_ema_adx,trend,12h,F,False,False
-2.8529,-4.5217,-0.8662,-0.9301,1456,0.7528,0.3953,1.1514,-0.00164,0.9526,0.0261,1.3651,15.5297,-0.9264,1457,-0.00164,0.017388,-3.6006,0.00032817,700,757,-0.0013666071405415198,-0.0018931953230571076,FET,15m,vol_spike_brk,trend,1h,F,False,False
-0.2057,-0.345,-0.4701,-0.7655,1135,0.9776,0.4595,1.1499,-0.000221,1.1283,0.0203,1.276,10.6832,-0.5086,1136,-0.000221,0.028719,-0.2597,0.79517335,540,596,-0.0005361947716483313,6.409915359916207e-05,FET,15m,vol_spike_brk,trend,4h,F,False,False
-0.1034,-0.1787,-0.5655,-0.7429,517,0.9861,0.4907,1.0234,-0.000227,0.9972,0.0126,2.0191,21.9856,-0.5801,701,-0.000227,0.045975,-0.1305,0.89618841,339,362,-0.0015665136885453044,0.0010280810070239497,FET,15m,vol_spike_brk,trend,12h,F,False,False
-3.338,-3.9681,-0.9013,-0.9634,2871,0.7883,0.4772,0.8636,-0.001034,0.8232,0.0514,-2.5853,49.5413,-0.9604,2873,-0.001034,0.013159,-4.2128,2.6e-05,1498,1375,-0.0011275215780872675,-0.0009326290907032462,FET,15m,stoch_cross,mean_reversion,1h,F,False,False
-1.7577,-2.1445,-0.8637,-0.9666,1737,0.8543,0.4834,0.9131,-0.00132,0.8659,0.0312,-1.9163,30.7176,-0.9432,1744,-0.00132,0.02485,-2.2184,0.02665633,897,847,-0.0018876591819750332,-0.0007189310369936822,FET,15m,stoch_cross,mean_reversion,4h,F,False,False
-1.6107,-2.0003,-0.9166,-0.9644,865,0.8193,0.4672,0.9344,-0.002946,0.8556,0.0156,-1.7918,22.1004,-0.9676,869,-0.002946,0.04272,-2.0328,0.04237526,470,399,-0.0033472603338120673,-0.0024731732904849936,FET,15m,stoch_cross,mean_reversion,12h,F,False,False
-4.3867,-4.783,-0.9963,-0.9984,5640,0.7976,0.4764,0.8765,-0.000956,0.8419,0.1376,-5.8976,410.5312,-0.9979,5682,-0.000956,0.015131,-4.7601,1.98e-06,3070,2612,-0.001098815116036265,-0.0007870966964588254,TIA,15m,vwap_mr,mean_reversion,1h,F,False,False
-1.238,-1.4862,-0.9485,-0.9516,1948,0.9035,0.4911,0.9363,-0.000884,0.9037,0.0489,-0.5416,127.2094,-0.9356,2018,-0.000884,0.029554,-1.3434,0.17928032,1077,941,-0.0014897707813417821,-0.000190318765510091,TIA,15m,vwap_mr,mean_reversion,4h,F,False,False
-0.7666,-1.2631,-0.8297,-0.9308,735,0.915,0.4598,1.0751,-0.0013,0.9284,0.019,1.7205,15.1419,-0.8248,783,-0.0013,0.043747,-0.8318,0.40576574,414,369,-0.0038151585683107903,0.0015209132157226692,TIA,15m,vwap_mr,mean_reversion,12h,F,False,False
-4.3523,-6.3547,-0.9842,-0.9833,4518,0.8189,0.4624,0.9522,-0.000821,0.9268,0.1101,0.2886,5.6671,-0.9825,4544,-0.000821,0.011722,-4.7228,2.4e-06,2277,2267,-0.0010833344149167035,-0.0005580683760309681,TIA,15m,stoch_rsi,mean_reversion,1h,F,False,False
-2.0702,-2.2802,-0.9679,-0.9762,1876,0.8493,0.4812,0.9158,-0.00135,1.036,0.047,-5.1076,112.9263,-0.967,1939,-0.00135,0.026462,-2.2464,0.02478807,946,993,-0.002450849376948415,-0.00030117698521330537,TIA,15m,stoch_rsi,mean_reversion,4h,F,False,False
-0.6283,-0.9942,-0.8045,-0.9026,717,0.9319,0.4929,0.9588,-0.00106,0.8259,0.0187,1.1956,10.2506,-0.7824,773,-0.00106,0.043226,-0.6818,0.49555314,393,380,-0.004104620280187061,0.0020886833819128655,TIA,15m,stoch_rsi,mean_reversion,12h,F,False,False
-6.2036,-8.7554,-0.9998,-0.9999,8569,0.7842,0.4393,1.0011,-0.001007,0.9321,0.208,4.9388,386.7836,-0.9999,8587,-0.001007,0.013857,-6.7317,0.0,3964,4623,-0.0012302824884178976,-0.0008148803564765258,TIA,15m,ema_ribbon,trend,1h,F,False,False
-1.3193,-2.1654,-0.9073,-0.954,2037,0.9202,0.4608,1.0768,-0.000694,1.0385,0.0587,1.2797,13.0318,-0.9058,2424,-0.000694,0.023863,-1.4316,0.15237366,1126,1298,-0.0016569278326390143,0.00014150768679812244,TIA,15m,ema_ribbon,trend,4h,F,False,False
0.2656,0.4116,-0.3936,-0.6803,579,1.0286,0.4887,1.076,0.000411,1.1664,0.0204,0.7206,8.3099,-0.3072,843,0.000411,0.041415,0.2882,0.77328376,368,475,-0.0019528626111834045,0.0022424697781750647,TIA,15m,ema_ribbon,trend,12h,D,False,False
1.1301,1.8414,1.0966,-0.1476,35,1.5406,0.5581,1.2197,0.002189,1.3654,0.0021,1.5907,9.5458,0.1932,86,0.002189,0.016554,1.2263,0.22347054,40,46,0.005885714412573159,-0.0010255388859188885,TIA,15m,bollinger_mr,mean_reversion,1h,B,False,False
0.9729,1.7797,1.8229,-0.1465,26,1.4291,0.5412,1.2116,0.00381,1.1398,0.0021,1.8234,9.5617,0.3213,85,0.00381,0.03327,1.0557,0.29413857,40,45,0.0087335300439171,-0.0005671990160387441,TIA,15m,bollinger_mr,mean_reversion,4h,C,False,False
0.8165,1.5068,1.3067,-0.2384,28,1.3431,0.5455,1.1193,0.005582,1.0445,0.0019,1.7903,10.3968,0.3762,77,0.005582,0.055284,0.886,0.37840609,37,40,0.013483440800705215,-0.0017268186199385777,TIA,15m,bollinger_mr,mean_reversion,12h,C,False,False
-0.8245,-1.1519,-0.694,-0.409,865,0.9187,0.4822,0.9865,-0.000375,0.8877,0.0211,-0.1573,2.8222,-0.325,871,-0.000375,0.01236,-0.8947,0.37117499,459,412,-0.0012369975169430763,0.0005859009264103356,TIA,15m,rsi_extreme,mean_reversion,1h,F,False,False
-0.9751,-1.1179,-0.8278,-0.6899,626,0.8796,0.4842,0.9371,-0.00117,0.9713,0.0153,-2.0887,21.1955,-0.6309,632,-0.00117,0.027799,-1.0581,0.29040363,333,299,-0.002557356356226941,0.0003749605505397955,TIA,15m,rsi_extreme,mean_reversion,4h,F,False,False
-0.6833,-0.8677,-0.7572,-0.7989,429,0.9068,0.4965,0.9195,-0.001549,0.7694,0.0105,-0.8241,4.0728,-0.665,433,-0.001549,0.043471,-0.7414,0.45882685,232,201,-0.004928984679397249,0.002352379224835845,TIA,15m,rsi_extreme,mean_reversion,12h,F,False,False
-6.1166,-9.4079,-0.9992,-0.9997,7691,0.8014,0.4327,1.0509,-0.000964,0.9902,0.1863,0.8929,24.7982,-0.9997,7692,-0.000964,0.01274,-6.6373,0.0,3758,3934,-0.0011580043506635184,-0.0007789229108179955,TIA,15m,momentum,trend,1h,F,False,False
-1.0058,-1.6425,-0.8651,-0.9445,2021,0.9368,0.4612,1.0944,-0.000552,1.0527,0.0571,1.6479,20.246,-0.8647,2359,-0.000552,0.024566,-1.0915,0.27517748,1165,1194,-0.0016072310087145282,0.0004774829037401532,TIA,15m,momentum,trend,4h,F,False,False
-0.0902,-0.1352,-0.55,-0.9324,774,0.9903,0.4856,1.049,-0.000142,1.0988,0.0202,0.5437,10.6996,-0.5712,834,-0.000142,0.041883,-0.0979,0.9220666,418,416,-0.00255355018073457,0.0022812938658080843,TIA,15m,momentum,trend,12h,F,False,False
-3.9723,-7.0286,-0.9729,-0.9784,2817,0.7842,0.4169,1.0969,-0.00112,1.0385,0.0711,3.4092,54.331,-0.9719,2936,-0.00112,0.014074,-4.3105,1.683e-05,1426,1510,-0.0010791536002647472,-0.0011577922929612411,TIA,15m,range_breakout,trend,1h,F,False,False
-0.848,-1.4704,-0.7957,-0.8744,1373,0.9351,0.4597,1.0992,-0.000574,1.0204,0.0387,2.1275,24.818,-0.7537,1599,-0.000574,0.02494,-0.9202,0.3576205,764,835,-0.0013826410279036637,0.00016607415258277936,TIA,15m,range_breakout,trend,4h,F,False,False
-0.3607,-0.4925,-0.7116,-0.8716,460,0.9591,0.5007,0.9565,-0.000628,1.0445,0.0174,-0.6585,11.2925,-0.6801,719,-0.000628,0.042995,-0.3914,0.69563529,350,369,-0.0028495121188202048,0.0014800126994652285,TIA,15m,range_breakout,trend,12h,F,False,False
-4.5889,-7.0612,-0.9852,-0.9867,3774,0.7882,0.4435,0.989,-0.001004,0.9037,0.0943,2.6829,59.6665,-0.9852,3894,-0.001004,0.012576,-4.9796,6.6e-07,1913,1981,-0.001143460803919843,-0.000868396640242738,TIA,15m,macd_scalp,trend,1h,F,False,False
-1.3297,-1.5615,-0.9339,-0.9036,1814,0.904,0.4886,0.9462,-0.000829,1.0182,0.0457,-2.4062,36.1576,-0.8877,1887,-0.000829,0.024956,-1.4429,0.14920307,944,943,-0.0018949934556077752,0.00023818100699406753,TIA,15m,macd_scalp,trend,4h,F,False,False
-2.5175,-3.4045,-0.9711,-0.9932,715,0.7589,0.4667,0.8673,-0.004199,0.8944,0.0185,-0.3989,4.4856,-0.9803,765,-0.004199,0.042516,-2.7318,0.00644402,389,376,-0.006205013079686253,-0.0021242354232624537,TIA,15m,macd_scalp,trend,12h,F,False,False
-1.7639,-2.2898,-0.7869,-0.6841,847,0.8348,0.4696,0.9428,-0.000857,0.8768,0.0231,-0.4621,7.8622,-0.5975,954,-0.000857,0.013833,-1.914,0.0559131,488,466,-0.0007785725198854757,-0.0009395515600713087,TIA,15m,keltner_mr,mean_reversion,1h,F,False,False
-0.5833,-0.791,-0.6846,-0.6324,642,0.932,0.4963,0.946,-0.000646,0.8642,0.0163,0.0795,5.6876,-0.4872,671,-0.000646,0.026424,-0.633,0.52696508,342,329,0.0002439801615920835,-0.001570516787132188,TIA,15m,keltner_mr,mean_reversion,4h,F,False,False
-0.746,-0.9765,-0.7818,-0.8325,424,0.8988,0.4966,0.911,-0.001732,0.8651,0.0108,-0.7087,5.3955,-0.7104,445,-0.001732,0.045124,-0.8096,0.41862727,229,216,-0.0028566845177524173,-0.0005390613715887363,TIA,15m,keltner_mr,mean_reversion,12h,F,False,False
-2.2855,-3.394,-0.8186,-0.6946,1051,0.8162,0.4469,1.0101,-0.000794,1.0159,0.0281,0.0968,2.8666,-0.6284,1159,-0.000794,0.010905,-2.4801,0.01327552,588,571,-0.0013965898145107203,-0.0001742966552795276,TIA,15m,dual_ema_adx,trend,1h,F,False,False
-0.2474,-0.4245,-0.3863,-0.7069,765,0.9746,0.4737,1.0826,-0.000205,1.081,0.0203,0.8543,4.3727,-0.3131,838,-0.000205,0.02216,-0.2684,0.78845102,434,404,-0.0015340068545738551,0.0012217158121896109,TIA,15m,dual_ema_adx,trend,4h,F,False,False
-1.372,-1.9806,-0.8597,-0.9071,513,0.8314,0.499,0.8346,-0.002622,0.8962,0.0126,0.1848,3.714,-0.8317,519,-0.002622,0.040121,-1.4888,0.13715351,260,259,-0.004216604143476238,-0.0010211249990865422,TIA,15m,dual_ema_adx,trend,12h,F,False,False
-2.1046,-3.7921,-0.91,-0.8022,1124,0.8086,0.4089,1.1691,-0.001165,1.0684,0.0284,3.8715,54.4302,-0.786,1174,-0.001165,0.017482,-2.2838,0.02256425,551,623,-0.00158511559733376,-0.0007938402816577531,TIA,15m,vol_spike_brk,trend,1h,F,False,False
-0.6232,-1.0835,-0.7256,-0.7181,691,0.9358,0.434,1.2204,-0.000613,1.0599,0.0217,1.8081,16.2879,-0.5798,894,-0.000613,0.027081,-0.6763,0.49902792,425,469,-0.002960844205007359,0.001515451405440986,TIA,15m,vol_spike_brk,trend,4h,F,False,False
0.5449,0.9369,0.1686,-0.5631,233,1.0744,0.5056,1.0504,0.001105,1.1301,0.0129,1.0934,7.4652,0.1127,532,0.001105,0.043087,0.5913,0.55457986,240,292,-0.001336355168726975,0.003110770968729555,TIA,15m,vol_spike_brk,trend,12h,C,False,False
-3.2283,-4.3436,-0.9206,-0.8979,2189,0.811,0.4684,0.9204,-0.000851,0.9257,0.0544,-0.4148,6.5851,-0.873,2248,-0.000851,0.011517,-3.5031,0.00046884,1171,1077,-0.0011589545186441498,-0.0005160497721758679,TIA,15m,stoch_cross,mean_reversion,1h,F,False,False
-1.6559,-2.3105,-0.8791,-0.8895,1293,0.8729,0.4734,0.9708,-0.001092,0.901,0.0324,-0.2601,3.2601,-0.8337,1337,-0.001092,0.022227,-1.7968,0.07258756,670,667,-0.0019493234794731944,-0.00023136759470881798,TIA,15m,stoch_cross,mean_reversion,4h,F,False,False
-1.4368,-2.0417,-0.8845,-0.9448,620,0.8455,0.4712,0.9488,-0.002418,0.95,0.016,-0.0398,2.1168,-0.8808,660,-0.002418,0.039849,-1.5591,0.11944888,334,326,-0.0036432829601507027,-0.001163451389592527,TIA,15m,stoch_cross,mean_reversion,12h,F,False,False
-4.9051,-6.1271,-0.9919,-0.9996,7724,0.8099,0.4713,0.9084,-0.000895,0.8231,0.139,-1.0788,37.9381,-0.9995,7761,-0.000895,0.01274,-6.1905,0.0,4104,3657,-0.0008939255440354345,-0.0008966835138037909,INJ,15m,vwap_mr,mean_reversion,1h,F,False,False
-2.6936,-3.5198,-0.9606,-0.9943,2722,0.8308,0.4856,0.8802,-0.001527,0.8832,0.049,-0.4498,4.971,-0.9929,2735,-0.001527,0.023493,-3.3996,0.00068459,1431,1304,-0.0014365774934712264,-0.0016265450840162465,INJ,15m,vwap_mr,mean_reversion,4h,F,False,False
0.3378,0.4844,-0.2022,-0.8803,673,1.0366,0.5146,0.9778,0.000531,0.9265,0.019,-0.0083,3.3358,-0.2682,1061,0.000531,0.040547,0.4263,0.66998794,541,520,-0.0005612487950485411,0.0016666129839324323,INJ,15m,vwap_mr,mean_reversion,12h,D,False,False
-4.6326,-6.7262,-0.9773,-0.997,6058,0.8018,0.4603,0.9401,-0.000893,0.9033,0.1085,1.7125,43.3647,-0.9971,6059,-0.000893,0.01189,-5.8467,1e-08,3065,2994,-0.0010172675546733655,-0.0007658825051074271,INJ,15m,stoch_rsi,mean_reversion,1h,F,False,False
-2.5825,-3.4906,-0.9566,-0.9902,2636,0.8329,0.471,0.9355,-0.001496,0.905,0.0472,-0.1254,5.8477,-0.9908,2637,-0.001496,0.023575,-3.2593,0.00113123,1356,1281,-0.0017862820695858687,-0.0011893630095634088,INJ,15m,stoch_rsi,mean_reversion,4h,F,False,False
-0.1592,-0.2376,-0.5922,-0.8191,835,0.9833,0.4948,1.0041,-0.000242,0.9847,0.0188,0.027,2.0813,-0.6526,1051,-0.000242,0.039034,-0.2009,0.84077985,554,497,-0.001155749763395068,0.0007766590176682361,INJ,15m,stoch_rsi,mean_reversion,12h,F,False,False
-6.9763,-10.3706,-0.9997,-1.0,11684,0.7832,0.442,0.9886,-0.001008,0.9277,0.2095,2.7323,96.8568,-1.0,11698,-0.001008,0.012382,-8.8046,0.0,5611,6087,-0.0011301244648740866,-0.0008954137167705978,INJ,15m,ema_ribbon,trend,1h,F,False,False
-0.8329,-1.2585,-0.8527,-0.908,2248,0.9479,0.4751,1.0471,-0.00044,1.0321,0.0587,0.9169,13.9557,-0.9066,3277,-0.00044,0.023937,-1.0511,0.29327311,1562,1715,-0.0006282096228336108,-0.00026770344665583417,INJ,15m,ema_ribbon,trend,4h,F,False,False
0.0193,0.0297,-0.7643,-0.5375,630,1.002,0.4921,1.0342,2.8e-05,1.0471,0.0203,0.2554,3.24,-0.5694,1136,2.8e-05,0.039304,0.0244,0.98056875,559,577,-0.000869082615646227,0.000897900811066623,INJ,15m,ema_ribbon,trend,12h,D,False,False
1.1303,1.6004,1.4387,-0.1309,64,1.535,0.5339,1.3401,0.002513,1.7358,0.0021,0.4156,5.22,0.3164,118,0.002513,0.019135,1.4265,0.15638849,57,61,0.004735028005813355,0.0004363317193437744,INJ,15m,bollinger_mr,mean_reversion,1h,B,False,False
0.3539,0.6494,0.2799,-0.2247,78,1.123,0.513,1.0659,0.001386,1.5878,0.0021,0.7225,1.9236,0.102,115,0.001386,0.033268,0.4467,0.6559665,57,58,0.005627967390426262,-0.002783529602831747,INJ,15m,bollinger_mr,mean_reversion,4h,D,False,False
-0.7308,-0.8947,-0.5261,-0.6564,73,0.7785,0.514,0.7361,-0.00479,0.7875,0.0019,-0.867,3.5051,-0.4907,107,-0.00479,0.053727,-0.9223,0.35847816,55,52,-0.005077847048511008,-0.004486228843962514,INJ,15m,bollinger_mr,mean_reversion,12h,F,False,False
-2.0827,-2.8825,-0.7634,-0.7653,1141,0.7909,0.4545,0.9491,-0.001118,0.8241,0.0205,0.8452,16.244,-0.7528,1144,-0.001118,0.014388,-2.6285,0.00869177,590,554,-0.0013628275986806901,-0.0008575773533919764,INJ,15m,rsi_extreme,mean_reversion,1h,F,False,False
-2.3862,-3.034,-0.866,-0.9119,687,0.745,0.4619,0.8678,-0.002627,0.8677,0.015,-0.7602,5.9109,-0.9166,840,-0.002627,0.025284,-3.0116,0.00267663,432,408,-0.003351841352507688,-0.0018600201529615985,INJ,15m,rsi_extreme,mean_reversion,4h,F,False,False
-0.1178,-0.1714,-0.4375,-0.7907,426,0.983,0.52,0.9074,-0.000265,1.0414,0.0103,0.2781,5.4975,-0.4915,575,-0.000265,0.042729,-0.1487,0.88186023,302,273,-0.000883352020823683,0.0004191768659778964,INJ,15m,rsi_extreme,mean_reversion,12h,F,False,False
-7.0065,-10.7803,-0.9995,-1.0,10438,0.779,0.4339,1.0162,-0.001084,0.9749,0.187,0.9081,17.7567,-1.0,10442,-0.001084,0.012527,-8.8427,0.0,5048,5394,-0.001122701108153709,-0.00104779130916771,INJ,15m,momentum,trend,1h,F,False,False
-2.405,-3.5528,-0.9642,-0.9931,3182,0.8582,0.4588,1.0125,-0.00129,0.9921,0.0571,0.3143,6.8025,-0.9935,3189,-0.00129,0.023993,-3.0353,0.00242236,1602,1587,-0.001575393904264987,-0.0010011024412260904,INJ,15m,momentum,trend,4h,F,False,False
-0.4908,-0.6897,-0.752,-0.9037,1124,0.9502,0.4924,0.9794,-0.000759,0.9501,0.0201,-0.1575,2.4428,-0.8369,1125,-0.000759,0.041092,-0.6195,0.53572134,561,564,-0.0017156292948233302,0.000192655254984239,INJ,15m,momentum,trend,12h,F,False,False
-4.6772,-7.4261,-0.9745,-0.9969,3944,0.7547,0.4135,1.0703,-0.001324,0.9684,0.0712,2.0443,35.2227,-0.9965,3978,-0.001324,0.014147,-5.9029,0.0,1941,2037,-0.001330145591294334,-0.0013182070522089946,INJ,15m,range_breakout,trend,1h,F,False,False
-1.8126,-2.9169,-0.9057,-0.9687,2178,0.8692,0.4482,1.07,-0.001217,0.9912,0.0393,0.993,8.8978,-0.9647,2193,-0.001217,0.02491,-2.2876,0.0222568,1078,1115,-0.0013588823820023348,-0.0010794700521573528,INJ,15m,range_breakout,trend,4h,F,False,False
-2.7739,-3.648,-0.9709,-0.9964,974,0.7315,0.4513,0.8895,-0.00468,0.8363,0.0175,-0.6344,4.9813,-0.9957,975,-0.00468,0.041738,-3.5009,0.00048471,479,496,-0.005633484652137813,-0.003758490546121472,INJ,15m,range_breakout,trend,12h,F,False,False
-5.6665,-8.683,-0.986,-0.9987,5300,0.7478,0.4371,0.9631,-0.001183,0.9181,0.0949,2.1615,46.4429,-0.9987,5301,-0.001183,0.012041,-7.1515,0.0,2656,2645,-0.0014359016593898976,-0.000928578032356047,INJ,15m,macd_scalp,trend,1h,F,False,False
-3.6631,-4.6798,-0.9816,-0.9986,2379,0.7678,0.4583,0.9073,-0.002169,0.8159,0.0455,-1.1111,16.4487,-0.9981,2544,-0.002169,0.023659,-4.6231,3.97e-06,1323,1221,-0.0027064735860524757,-0.0015857687432805564,INJ,15m,macd_scalp,trend,4h,F,False,False
-1.3182,-1.9631,-0.8807,-0.9564,715,0.8695,0.4788,0.9464,-0.002041,0.9645,0.0186,0.1452,3.5448,-0.9472,1040,-0.002041,0.039561,-1.6636,0.09648998,496,544,-0.003038342831026913,-0.001131305875299303,INJ,15m,macd_scalp,trend,12h,F,False,False
-1.7831,-2.3231,-0.6939,-0.7414,1117,0.8282,0.4831,0.886,-0.000879,0.8365,0.0212,-0.3139,4.9098,-0.6836,1186,-0.000879,0.013452,-2.2504,0.02460794,586,600,-0.0006962852360207886,-0.001057519748827579,INJ,15m,keltner_mr,mean_reversion,1h,F,False,False
-1.4342,-1.9015,-0.7458,-0.8808,647,0.838,0.4614,0.9783,-0.001614,0.9144,0.0155,-0.4603,5.5391,-0.818,867,-0.001614,0.02626,-1.81,0.07063986,436,431,-0.0010960339656674427,-0.0021385012422332024,INJ,15m,keltner_mr,mean_reversion,4h,F,False,False
0.1696,0.2501,-0.2736,-0.723,403,1.0258,0.4983,1.0329,0.000402,1.1154,0.0103,0.3372,6.8167,-0.2961,576,0.000402,0.045031,0.214,0.83061547,298,278,0.002054014750808756,-0.001369802307388833,INJ,15m,keltner_mr,mean_reversion,12h,D,False,False
-3.0638,-4.5213,-0.7945,-0.8823,1493,0.7555,0.4319,0.9939,-0.001193,0.9623,0.0272,0.2624,6.3403,-0.8538,1519,-0.001193,0.012025,-3.8667,0.00011498,782,737,-0.0013429924310155309,-0.0010338287638150497,INJ,15m,dual_ema_adx,trend,1h,F,False,False
-0.063,-0.0988,-0.2731,-0.7478,773,0.9933,0.4735,1.1045,-5.7e-05,1.0766,0.0196,0.4671,4.3424,-0.305,1094,-5.7e-05,0.023568,-0.0794,0.93668936,567,527,0.000886348673655798,-0.0010711445622982266,INJ,15m,dual_ema_adx,trend,4h,F,False,False
-2.1166,-2.9228,-0.9036,-0.973,670,0.7555,0.4581,0.8935,-0.004112,0.8503,0.0122,-0.2936,2.4519,-0.9655,681,-0.004112,0.040172,-2.6713,0.0077377,379,302,-0.0046613196899428794,-0.003422951125135626,INJ,15m,dual_ema_adx,trend,12h,F,False,False
-2.2508,-3.788,-0.8235,-0.9056,1683,0.808,0.4128,1.1494,-0.001145,0.9957,0.0305,2.8009,39.596,-0.8871,1703,-0.001145,0.016639,-2.8407,0.00455454,811,892,-0.0014629575966859398,-0.0008566209606923042,INJ,15m,vol_spike_brk,trend,1h,F,False,False
-0.5565,-0.956,-0.6397,-0.7659,1279,0.9463,0.4528,1.1437,-0.000503,1.0866,0.0231,0.9493,5.5513,-0.6577,1292,-0.000503,0.02574,-0.7023,0.48262771,638,654,-0.001520810188897821,0.0004900906389355268,INJ,15m,vol_spike_brk,trend,4h,F,False,False
-0.8511,-1.3318,-0.7612,-0.9222,659,0.8976,0.4752,0.9912,-0.001675,0.9985,0.0134,0.3802,3.2364,-0.8546,747,-0.001675,0.04262,-1.0741,0.28311868,365,382,-0.0021974615200194094,-0.0011757029409714495,INJ,15m,vol_spike_brk,trend,12h,F,False,False
-3.9009,-5.0263,-0.9142,-0.9689,3154,0.7792,0.4704,0.8774,-0.001026,0.8494,0.0565,-0.521,3.775,-0.9684,3155,-0.001026,0.011704,-4.9232,9e-07,1635,1520,-0.001331016973838095,-0.000697542535119659,INJ,15m,stoch_cross,mean_reversion,1h,F,False,False
-1.545,-2.1159,-0.8244,-0.954,1425,0.8805,0.4861,0.9307,-0.001042,0.8648,0.0336,-0.2262,5.3562,-0.9145,1874,-0.001042,0.02314,-1.9499,0.05133971,964,910,-0.0014798724713452902,-0.0005786947661962078,INJ,15m,stoch_cross,mean_reversion,4h,F,False,False
-0.8581,-1.1862,-0.762,-0.9453,714,0.9038,0.4894,0.943,-0.001447,1.1325,0.0161,-0.3286,4.3901,-0.8686,897,-0.001447,0.040013,-1.083,0.2790842,465,432,-0.002181170787332724,-0.0006565934225729183,INJ,15m,stoch_cross,mean_reversion,12h,F,False,False
-3.0367,-3.8182,-0.7444,-0.9082,2177,0.7571,0.4737,0.8413,-0.001021,0.783,0.119,-0.4394,4.1186,-0.9055,2183,-0.001021,0.010858,-4.3927,1.173e-05,993,1190,-0.0009423542770018001,-0.0010862386874747033,BTC,1h,vwap_mr,mean_reversion,4h,F,False,False
-1.1762,-1.6127,-0.6033,-0.6955,1021,0.8621,0.502,0.8554,-0.000951,0.8991,0.0558,-0.1045,2.9697,-0.6797,1024,-0.000951,0.017884,-1.7014,0.08917271,466,558,-0.0008221461387520966,-0.0010583341765558827,BTC,1h,vwap_mr,mean_reversion,12h,F,False,False
0.1364,0.1968,-0.0598,-0.5547,227,1.0218,0.5207,0.9406,0.000195,0.9629,0.0342,-0.0642,1.5249,-0.0682,628,0.000195,0.024802,0.1973,0.84364553,288,340,0.001594851341759099,-0.0009902371735993438,BTC,1h,vwap_mr,mean_reversion,1d,D,False,False
-3.2653,-4.5831,-0.7315,-0.9101,1953,0.7284,0.43,0.9655,-0.001104,0.8645,0.1079,0.3191,6.6434,-0.899,1979,-0.001104,0.010398,-4.7232,2.48e-06,963,1016,-0.000962045500029945,-0.001238526413356146,BTC,1h,stoch_rsi,mean_reversion,4h,F,False,False
-0.8901,-1.2676,-0.548,-0.6657,1064,0.8948,0.4633,1.0368,-0.000716,0.9314,0.0586,0.0461,3.0424,-0.6131,1075,-0.000716,0.018245,-1.2875,0.19818237,514,561,7.431602675288387e-05,-0.0014410265855684644,BTC,1h,stoch_rsi,mean_reversion,12h,F,False,False
-0.7997,-1.2288,-0.5257,-0.6751,596,0.8773,0.4713,0.984,-0.001151,0.9816,0.0342,0.4757,3.0701,-0.6003,628,-0.001151,0.024927,-1.1568,0.2477885,303,325,-0.00026069450903644636,-0.001980447602345302,BTC,1h,stoch_rsi,mean_reversion,1d,F,False,False
-3.9605,-5.8401,-0.8606,-0.982,3572,0.7561,0.4096,1.0898,-0.000993,0.9204,0.2027,0.5419,6.3546,-0.9798,3718,-0.000993,0.010571,-5.7289,1e-08,1964,1754,-0.0008940119833836023,-0.0011042389495561748,BTC,1h,ema_ribbon,trend,4h,F,False,False
-1.5631,-2.3417,-0.6501,-0.8589,1311,0.8413,0.4431,1.0572,-0.001095,0.9478,0.0743,0.3154,2.5747,-0.8191,1363,-0.001095,0.017872,-2.261,0.02391484,720,643,-0.0005769974632713732,-0.0016740415256581175,BTC,1h,ema_ribbon,trend,12h,F,False,False
0.1515,0.2453,-0.0684,-0.4379,386,1.0226,0.4603,1.1992,0.000196,1.1511,0.0391,0.3329,1.1029,-0.0617,717,0.000196,0.02393,0.2192,0.82657394,376,341,0.0012138696824159335,-0.000926602488719566,BTC,1h,ema_ribbon,trend,1d,D,False,False
-2.0338,-2.68,-0.518,-0.3821,186,0.5538,0.4118,0.7911,-0.002402,0.817,0.0102,-0.6634,3.3493,-0.3697,187,-0.002402,0.011167,-2.9419,0.00367662,95,92,-0.0021784034387851937,-0.002633772688711605,BTC,1h,bollinger_mr,mean_reversion,4h,F,False,False
-1.4074,-2.3671,-0.4812,-0.4804,130,0.6687,0.4222,0.915,-0.002874,0.834,0.0098,0.6509,2.6257,-0.4231,180,-0.002874,0.018937,-2.0358,0.04323944,91,89,-0.002860322612550645,-0.00288710443893624,BTC,1h,bollinger_mr,mean_reversion,12h,F,False,False
-1.1457,-1.8983,-0.5169,-0.4881,128,0.7216,0.4242,0.9793,-0.003346,0.9689,0.009,0.1665,0.3315,-0.4558,165,-0.003346,0.025932,-1.6572,0.0993845,81,84,-0.00382354812059909,-0.0028846951873812117,BTC,1h,bollinger_mr,mean_reversion,1d,F,False,False
-2.1804,-3.1247,-0.5489,-0.5511,496,0.6789,0.4326,0.8904,-0.001462,0.8169,0.0271,0.0128,2.5079,-0.5294,497,-0.001462,0.010334,-3.1539,0.00170847,245,252,-0.0009290966039960445,-0.0019800700810360472,BTC,1h,rsi_extreme,mean_reversion,4h,F,False,False
-1.2376,-1.5355,-0.5261,-0.6184,312,0.7568,0.4553,0.9055,-0.001997,0.7936,0.0201,-0.6574,5.4565,-0.5611,369,-0.001997,0.021431,-1.7902,0.07424526,182,187,-0.00014771735435597334,-0.0037973208291519817,BTC,1h,rsi_extreme,mean_reversion,12h,F,False,False
-1.112,-1.5695,-0.5149,-0.6482,236,0.7713,0.474,0.8557,-0.002567,0.8316,0.0158,-0.049,2.0481,-0.5725,289,-0.002567,0.027134,-1.6085,0.10883041,142,147,-0.0014581000492448904,-0.0036387352905209863,BTC,1h,rsi_extreme,mean_reversion,1d,F,False,False
-1.9887,-2.778,-0.6706,-0.8551,1955,0.8302,0.4407,1.0537,-0.000795,1.0173,0.1112,-0.1418,5.6341,-0.8318,2040,-0.000795,0.012487,-2.8767,0.00406088,1067,973,-0.0006757751953701515,-0.0009263743637219509,BTC,1h,momentum,trend,4h,F,False,False
-0.9999,-1.401,-0.5849,-0.7127,966,0.8798,0.4712,0.9873,-0.000916,0.9477,0.055,-0.1137,3.6609,-0.6765,1008,-0.000916,0.020111,-1.4464,0.14837485,530,478,-0.0003939920780232973,-0.0014952048661022407,BTC,1h,momentum,trend,12h,F,False,False
0.3404,0.5152,0.0942,-0.5784,593,1.0561,0.4734,1.1746,0.000522,1.024,0.0328,0.0687,1.8359,0.1174,602,0.000522,0.026006,0.4924,0.62262896,322,280,0.001096262095879821,-0.00013864409917169554,BTC,1h,momentum,trend,1d,D,False,False
-1.4686,-2.3137,-0.5256,-0.6183,693,0.8196,0.4202,1.1308,-0.000807,1.1023,0.0512,0.5103,4.9563,-0.5606,940,-0.000807,0.011645,-2.1244,0.03390018,507,433,-0.0009517978273364831,-0.0006372081140934046,BTC,1h,range_breakout,trend,4h,F,False,False
-0.6209,-0.9803,-0.4465,-0.4897,594,0.9057,0.4662,1.0373,-0.000633,0.9341,0.0354,0.4791,3.2777,-0.4033,650,-0.000633,0.017978,-0.8982,0.36941816,353,297,-0.00042669833471595513,-0.0008790204423796295,BTC,1h,range_breakout,trend,12h,F,False,False
-0.8658,-1.2718,-0.4873,-0.6767,460,0.8523,0.4561,1.0164,-0.001469,0.8601,0.0255,0.0379,1.8593,-0.567,467,-0.001469,0.025356,-1.2524,0.21106532,242,225,0.0001617373086846024,-0.0032238459982490888,BTC,1h,range_breakout,trend,1d,F,False,False
-2.2106,-2.9871,-0.6004,-0.719,1151,0.7539,0.4275,1.0098,-0.000967,0.9495,0.0631,-0.2138,5.8162,-0.6934,1158,-0.000967,0.010295,-3.1977,0.00142301,575,583,-0.0010895727825598806,-0.0008468832691437267,BTC,1h,macd_scalp,trend,4h,F,False,False
0.0232,0.0344,-0.132,-0.4279,348,1.0033,0.4909,1.0406,2.2e-05,1.129,0.0449,0.1167,3.3396,-0.1145,823,2.2e-05,0.01842,0.0336,0.97321798,426,397,1.395986574505338e-05,2.9720271250288615e-05,BTC,1h,macd_scalp,trend,12h,D,False,False
-0.45,-0.7251,-0.386,-0.6129,401,0.9245,0.4606,1.0828,-0.000712,1.0746,0.0297,0.5552,2.2021,-0.4316,545,-0.000712,0.025552,-0.6509,0.51540318,249,296,0.0007989375045279313,-0.001983752326866077,BTC,1h,macd_scalp,trend,1d,F,False,False
-1.7106,-2.1793,-0.5058,-0.427,340,0.6831,0.4298,0.9061,-0.00143,0.8669,0.0186,-0.7551,3.9513,-0.399,342,-0.00143,0.010691,-2.4744,0.01383234,147,195,-0.0015183069386657095,-0.0013641915901714684,BTC,1h,keltner_mr,mean_reversion,4h,F,False,False
-0.9803,-1.2717,-0.4854,-0.4368,201,0.777,0.4679,0.8835,-0.00169,0.9287,0.0144,-0.6589,7.2325,-0.3926,265,-0.00169,0.0194,-1.4181,0.15735157,121,144,-9.896187069161686e-05,-0.003026872233913835,BTC,1h,keltner_mr,mean_reversion,12h,F,False,False
-1.0503,-1.5921,-0.5287,-0.4837,181,0.7647,0.4679,0.8697,-0.002529,1.0138,0.0119,-0.1261,0.8866,-0.461,218,-0.002529,0.024574,-1.5192,0.13016054,100,118,-0.003477518778330244,-0.0017242756306082804,BTC,1h,keltner_mr,mean_reversion,1d,F,False,False
-0.2311,-0.3781,-0.1692,-0.18,174,0.9333,0.4231,1.2727,-0.000288,1.2489,0.0099,0.4336,2.7141,-0.0627,182,-0.000288,0.011634,-0.3344,0.7384974,108,74,-0.0009099682579068941,0.0006189211460960862,BTC,1h,dual_ema_adx,trend,4h,F,False,False
-0.6462,-1.0855,-0.3984,-0.2786,127,0.8212,0.4639,0.9492,-0.001319,0.9728,0.0091,0.5358,1.6473,-0.2183,166,-0.001319,0.018178,-0.9347,0.35131488,101,65,-0.0010609068005162728,-0.0017192910167073924,BTC,1h,dual_ema_adx,trend,12h,F,False,False
-1.1893,-1.6956,-0.4833,-0.5211,146,0.6705,0.4497,0.8206,-0.00372,0.6958,0.0081,0.1635,1.5717,-0.4551,149,-0.00372,0.026392,-1.7204,0.08745026,94,55,-0.0036576748869459595,-0.0038258329760886257,BTC,1h,dual_ema_adx,trend,1d,F,False,False
-0.8758,-1.3502,-0.4034,-0.4479,419,0.8621,0.4527,1.0424,-0.000643,0.9964,0.0317,0.4405,3.3554,-0.3409,581,-0.000643,0.012231,-1.2668,0.20571813,291,290,-0.0003144814873562458,-0.0009723068820311292,BTC,1h,vol_spike_brk,trend,4h,F,False,False
-0.6353,-0.904,-0.446,-0.4478,338,0.8865,0.4694,1.002,-0.00083,1.0535,0.025,-0.1034,2.9185,-0.3726,458,-0.00083,0.019334,-0.919,0.35856151,228,230,0.0008888451264961013,-0.0025344217112618275,BTC,1h,vol_spike_brk,trend,12h,F,False,False
-1.1467,-1.6226,-0.5569,-0.6915,372,0.793,0.4497,0.9702,-0.002318,0.7976,0.0206,-0.1804,1.7223,-0.6385,378,-0.002318,0.027167,-1.6587,0.09800722,188,190,0.000524061353629191,-0.005129687689458025,BTC,1h,vol_spike_brk,trend,1d,F,False,False
-2.997,-3.7392,-0.6442,-0.7548,955,0.6652,0.4629,0.7718,-0.001405,0.6947,0.0522,-0.5302,3.3416,-0.7518,957,-0.001405,0.010024,-4.3351,1.611e-05,419,538,-0.0011278226599479551,-0.0016203562311841592,BTC,1h,stoch_cross,mean_reversion,4h,F,False,False
-1.2249,-1.6678,-0.5511,-0.6393,591,0.8228,0.4824,0.8828,-0.001232,0.9121,0.0356,-0.2106,2.55,-0.597,653,-0.001232,0.017775,-1.7718,0.07689571,283,370,-0.0001305115394789515,-0.0020753160067919843,BTC,1h,stoch_cross,mean_reversion,12h,F,False,False
-0.441,-0.667,-0.3852,-0.5361,347,0.922,0.49,0.9595,-0.000756,0.9579,0.0246,0.1037,1.5344,-0.3837,451,-0.000756,0.025179,-0.6379,0.52385834,205,246,-0.00018415991529506008,-0.0012331251959664313,BTC,1h,stoch_cross,mean_reversion,1d,F,False,False
-2.744,-3.1754,-0.8098,-0.9641,1985,0.7715,0.5056,0.7543,-0.001365,0.7243,0.1159,-1.2622,12.0967,-0.9582,2126,-0.001365,0.015854,-3.9692,7.452e-05,955,1171,-0.0013582052980694443,-0.0013701007371711993,ETH,1h,vwap_mr,mean_reversion,4h,F,False,False
-0.9227,-1.1285,-0.6353,-0.8069,859,0.8859,0.5201,0.8173,-0.001142,0.8644,0.0542,-0.8547,4.9268,-0.7778,994,-0.001142,0.026968,-1.3346,0.18229837,453,541,-0.0013390339920571087,-0.0009763476618453525,ETH,1h,vwap_mr,mean_reversion,12h,F,False,False
0.0523,0.0687,-0.2378,-0.6673,240,1.0087,0.514,0.9537,0.000115,0.9461,0.0331,-0.5021,3.863,-0.3034,607,0.000115,0.037401,0.0756,0.93972541,278,329,3.348927630892504e-05,0.00018357422435750126,ETH,1h,vwap_mr,mean_reversion,1d,D,False,False
-3.5445,-4.7501,-0.8312,-0.9707,1893,0.7082,0.435,0.92,-0.001645,0.8729,0.1073,-0.0198,6.3827,-0.9679,1968,-0.001645,0.014234,-5.1271,3.2e-07,949,1019,-0.0015258446951619356,-0.0017561568765463219,ETH,1h,stoch_rsi,mean_reversion,4h,F,False,False
-1.5898,-2.0665,-0.7374,-0.9143,1026,0.8169,0.4819,0.8784,-0.001835,0.8695,0.0586,-0.4381,3.5052,-0.9043,1075,-0.001835,0.026157,-2.2997,0.02165601,518,557,-0.001905598670980992,-0.0017687134058737908,ETH,1h,stoch_rsi,mean_reversion,12h,F,False,False
-0.6443,-0.9144,-0.5761,-0.8002,607,0.8987,0.4896,0.937,-0.001385,0.9026,0.034,0.1131,3.7841,-0.7256,623,-0.001385,0.037088,-0.932,0.35170744,287,336,-0.0009602712495210001,-0.0017474913131653998,ETH,1h,stoch_rsi,mean_reversion,1d,F,False,False
-2.4716,-3.7927,-0.8463,-0.9788,3527,0.8377,0.4309,1.1063,-0.000888,1.0317,0.2008,0.8386,9.0466,-0.975,3683,-0.000888,0.01507,-3.5752,0.00035451,1902,1781,-0.0007333322170305621,-0.0010527232246277539,ETH,1h,ema_ribbon,trend,4h,F,False,False
-0.2432,-0.3968,-0.4555,-0.675,1260,0.9729,0.4653,1.1179,-0.000247,1.0337,0.0731,0.8033,4.4188,-0.5363,1341,-0.000247,0.025696,-0.3518,0.72506291,688,653,0.00028618676623468417,-0.0008084367370524327,ETH,1h,ema_ribbon,trend,12h,F,False,False
-0.2791,-0.4323,-0.4448,-0.7618,542,0.9589,0.4748,1.0607,-0.000551,1.1228,0.0389,0.334,3.0986,-0.5793,714,-0.000551,0.036461,-0.4037,0.68651901,360,354,0.00014319489460426648,-0.0012568014588544287,ETH,1h,ema_ribbon,trend,1d,F,False,False
-1.5286,-2.1495,-0.4494,-0.4871,189,0.6442,0.4233,0.8778,-0.002287,0.7031,0.0117,0.243,4.5258,-0.4037,215,-0.002287,0.015167,-2.2111,0.02808837,109,106,-0.0018779709331026792,-0.0027078544120046253,ETH,1h,bollinger_mr,mean_reversion,4h,F,False,False
-0.8862,-1.0514,-0.4702,-0.5587,183,0.7664,0.524,0.696,-0.002619,0.7945,0.0113,-0.8081,6.6691,-0.4715,208,-0.002619,0.02947,-1.2819,0.20130428,104,104,-0.003978590079925302,-0.0012603208705687192,ETH,1h,bollinger_mr,mean_reversion,12h,F,False,False
-0.5438,-0.7341,-0.414,-0.5521,165,0.8535,0.4842,0.9092,-0.002143,0.9046,0.0104,-0.332,3.0462,-0.419,190,-0.002143,0.037544,-0.7867,0.43245311,93,97,-0.005355466622600468,0.0009375761588372219,ETH,1h,bollinger_mr,mean_reversion,1d,F,False,False
-1.5489,-1.9449,-0.5821,-0.5821,498,0.7362,0.4511,0.8958,-0.001599,0.79,0.0273,-0.3298,6.0258,-0.5793,501,-0.001599,0.015969,-2.2406,0.02549212,236,265,-0.0017365848241377298,-0.0014755338332469758,ETH,1h,rsi_extreme,mean_reversion,4h,F,False,False
-0.7817,-0.9818,-0.5531,-0.5707,380,0.8515,0.5,0.8515,-0.001657,0.8443,0.0208,-0.989,5.7111,-0.5478,382,-0.001657,0.028635,-1.1307,0.25888569,179,203,-0.0015178256183337572,-0.001778948291453531,ETH,1h,rsi_extreme,mean_reversion,12h,F,False,False
-0.5149,-0.7402,-0.4805,-0.5591,168,0.8915,0.5117,0.8507,-0.001544,0.7899,0.0163,-0.0408,1.2721,-0.4804,299,-0.001544,0.035841,-0.7447,0.45701559,141,158,-0.0026154544656620915,-0.0005871728111200558,ETH,1h,rsi_extreme,mean_reversion,1d,F,False,False
-1.5067,-2.3119,-0.7411,-0.9061,2825,0.887,0.4391,1.1329,-0.000679,1.0936,0.1554,0.6143,8.6268,-0.9027,2851,-0.000679,0.016637,-2.1795,0.02937937,1465,1386,-0.0006501965267661345,-0.0007096008919511893,ETH,1h,momentum,trend,4h,F,False,False
0.1002,0.1642,-0.2005,-0.6922,883,1.0116,0.4697,1.142,0.000112,1.0398,0.0675,0.7221,4.7115,-0.2685,1239,0.000112,0.02714,0.1449,0.88478699,673,566,-5.3597347117208094e-05,0.000308351778514024,ETH,1h,momentum,trend,12h,D,False,False
1.3376,2.345,2.1386,-0.4403,194,1.2278,0.4993,1.2315,0.002716,1.2726,0.0367,0.7447,3.6664,3.0083,673,0.002716,0.036417,1.9348,0.05343592,360,313,0.002499138343984319,0.0029653580874969086,ETH,1h,momentum,trend,1d,C,False,False
-0.8455,-1.4317,-0.4947,-0.6171,905,0.8915,0.4189,1.2366,-0.000686,1.0876,0.0501,0.9457,6.1978,-0.5334,919,-0.000686,0.017004,-1.223,0.22163681,512,407,-0.0007581946926276055,-0.0005951469899354851,ETH,1h,range_breakout,trend,4h,F,False,False
-1.0293,-1.6979,-0.6024,-0.76,635,0.8509,0.4292,1.1314,-0.001633,0.9329,0.0347,0.7137,3.6727,-0.7222,636,-0.001633,0.027667,-1.4889,0.13702096,349,287,-0.0009501361057658762,-0.002464192119056515,ETH,1h,range_breakout,trend,12h,F,False,False
-0.4919,-0.7712,-0.4539,-0.7167,445,0.9158,0.474,1.0161,-0.001164,1.0315,0.0252,0.1349,1.6867,-0.561,462,-0.001164,0.035153,-0.7115,0.47715226,256,206,-0.0007621193719320372,-0.0016625018208168295,ETH,1h,range_breakout,trend,1d,F,False,False
-0.7518,-0.9507,-0.5137,-0.5505,865,0.9073,0.4612,1.0599,-0.000484,1.1127,0.0632,-0.8687,10.6212,-0.5012,1160,-0.000484,0.015144,-1.0875,0.27704182,594,566,-0.00040541285425052905,-0.0005655586116400048,ETH,1h,macd_scalp,trend,4h,F,False,False
0.4493,0.6958,0.177,-0.589,305,1.0661,0.4857,1.129,0.000588,1.0864,0.0457,0.4823,4.8965,0.2306,838,0.000588,0.026192,0.6499,0.51595917,419,419,-0.00018337734028419576,0.0013593348170764096,ETH,1h,macd_scalp,trend,12h,D,False,False
-0.1527,-0.242,-0.3152,-0.7211,410,0.9735,0.4807,1.0515,-0.000343,1.0224,0.0297,0.6777,4.8571,-0.417,545,-0.000343,0.03621,-0.2209,0.82528646,278,267,0.0007314808320833504,-0.0014608496816355995,ETH,1h,macd_scalp,trend,1d,F,False,False
-2.2509,-2.7557,-0.5707,-0.6567,296,0.5812,0.4207,0.8002,-0.002864,0.5954,0.0179,-0.495,4.3028,-0.6258,328,-0.002864,0.015933,-3.2559,0.00124872,148,180,-0.002392855914513968,-0.0032520184801417187,ETH,1h,keltner_mr,mean_reversion,4h,F,False,False
-1.646,-1.9571,-0.5995,-0.7369,238,0.641,0.498,0.6461,-0.004443,0.6969,0.0136,-0.8444,5.8403,-0.7047,249,-0.004443,0.029449,-2.3809,0.018024,116,133,-0.005091889667815362,-0.003877946688393668,ETH,1h,keltner_mr,mean_reversion,12h,F,False,False
-1.5891,-1.9469,-0.6285,-0.7915,204,0.6311,0.4612,0.7373,-0.006193,0.7636,0.0112,-0.9401,5.0236,-0.763,206,-0.006193,0.03867,-2.2987,0.0225322,98,108,-0.006258665319216336,-0.006133669600673715,ETH,1h,keltner_mr,mean_reversion,1d,F,False,False
-1.6402,-1.9949,-0.5229,-0.4052,208,0.6177,0.4163,0.8662,-0.002284,0.7267,0.0114,-0.8022,3.6073,-0.3924,209,-0.002284,0.013914,-2.3726,0.0185746,121,88,-0.0016623658011077343,-0.003137563061101972,ETH,1h,dual_ema_adx,trend,4h,F,False,False
-0.9726,-1.1402,-0.4965,-0.4878,187,0.7379,0.4787,0.8035,-0.002723,0.6468,0.0102,-0.9722,4.4178,-0.4402,188,-0.002723,0.026539,-1.4069,0.16110734,111,77,-0.0023896012283182097,-0.0032040782537272965,ETH,1h,dual_ema_adx,trend,12h,F,False,False
-1.027,-1.4668,-0.5288,-0.6362,168,0.7174,0.4675,0.8172,-0.004347,0.9079,0.0092,0.3999,3.4977,-0.5761,169,-0.004347,0.038041,-1.4856,0.13925523,98,71,-0.003777502103770393,-0.005133572846128316,ETH,1h,dual_ema_adx,trend,1d,F,False,False
0.4951,0.8484,0.3241,-0.3363,408,1.0911,0.4621,1.2701,0.000555,1.3277,0.0302,0.9782,6.3729,0.2417,554,0.000555,0.01825,0.7161,0.47420173,279,275,0.0003991747900754581,0.0007136477940364722,ETH,1h,vol_spike_brk,trend,4h,D,False,False
-0.0222,-0.0347,-0.2362,-0.3771,317,0.9958,0.4615,1.1617,-4.3e-05,1.0997,0.0241,0.49,4.5455,-0.1774,442,-4.3e-05,0.028348,-0.0321,0.97437599,224,218,0.0005144398475384858,-0.0006164627815739448,ETH,1h,vol_spike_brk,trend,12h,F,False,False
-0.011,-0.0182,-0.166,-0.6161,343,0.9977,0.4721,1.1158,-2.9e-05,1.0179,0.0195,0.3489,2.0496,-0.2021,358,-2.9e-05,0.034815,-0.016,0.9872574,183,175,0.0001249045430877594,-0.00019077452002558092,ETH,1h,vol_spike_brk,trend,1d,F,False,False
-2.9043,-3.6277,-0.7097,-0.871,867,0.6571,0.4582,0.7769,-0.002098,0.7045,0.0496,-0.1912,6.4835,-0.8666,910,-0.002098,0.015061,-4.2012,2.917e-05,361,549,-0.002077889507075934,-0.002110424545695975,ETH,1h,stoch_cross,mean_reversion,4h,F,False,False
-1.4213,-1.7852,-0.6042,-0.8402,550,0.7849,0.4968,0.7952,-0.002077,0.7971,0.0337,-0.5227,4.3503,-0.773,618,-0.002077,0.025118,-2.0559,0.04020879,253,365,-0.0020163612137787923,-0.0021194831550841306,ETH,1h,stoch_cross,mean_reversion,12h,F,False,False
-0.7444,-1.0775,-0.5263,-0.772,302,0.8683,0.4739,0.9638,-0.001831,0.9537,0.024,-0.0448,2.2845,-0.6641,441,-0.001831,0.035704,-1.0768,0.28215442,169,272,-0.0008571261695079104,-0.002435763024889245,ETH,1h,stoch_cross,mean_reversion,1d,F,False,False
-1.6076,-2.1794,-0.7493,-0.9188,2268,0.87,0.4901,0.9051,-0.000901,0.8957,0.124,-0.113,5.5835,-0.9128,2275,-0.000901,0.018476,-2.3254,0.02013666,1095,1180,-0.0006919405606241524,-0.0010945360628897172,SOL,1h,vwap_mr,mean_reversion,4h,F,False,False
-0.2892,-0.4339,-0.5171,-0.7228,635,0.9646,0.4976,0.9738,-0.000413,0.9215,0.0577,0.4795,5.1844,-0.6244,1059,-0.000413,0.032101,-0.4184,0.67576678,515,544,1.9891159516277786e-06,-0.0008052681648008653,SOL,1h,vwap_mr,mean_reversion,12h,F,False,False
0.0528,0.08,-0.3212,-0.6624,243,1.0081,0.4888,1.0543,0.000131,0.9277,0.0341,-0.0553,1.0753,-0.3939,626,0.000131,0.043077,0.0763,0.93919691,306,320,0.0008276610534601207,-0.0005344334065922517,SOL,1h,vwap_mr,mean_reversion,1d,D,False,False
-2.1745,-3.1962,-0.7659,-0.9583,1929,0.8211,0.4544,0.986,-0.001228,0.9865,0.1093,0.2092,3.2863,-0.9374,2005,-0.001228,0.017484,-3.1455,0.00168235,981,1024,-0.0013878372940491798,-0.0010752816070741808,SOL,1h,stoch_rsi,mean_reversion,4h,F,False,False
-1.0614,-1.5798,-0.6998,-0.9025,1070,0.881,0.4769,0.9662,-0.001445,1.0148,0.0591,0.0397,1.7554,-0.8762,1084,-0.001445,0.030983,-1.5354,0.12498975,548,536,-0.001159401238388342,-0.0017366441164966668,SOL,1h,stoch_rsi,mean_reversion,12h,F,False,False
-0.5755,-0.841,-0.5876,-0.8564,608,0.9153,0.4745,1.0136,-0.001415,0.9754,0.0342,-0.1286,1.3894,-0.7686,628,-0.001415,0.042588,-0.8325,0.40542703,299,329,-0.0006121797316864124,-0.002144333975370889,SOL,1h,stoch_rsi,mean_reversion,1d,F,False,False
-1.8407,-2.7406,-0.8356,-0.974,3564,0.8842,0.4576,1.0479,-0.000789,1.0803,0.2015,0.0141,4.8962,-0.9704,3695,-0.000789,0.018017,-2.6625,0.00778927,1812,1883,-0.0005576938138491488,-0.0010119224153170338,SOL,1h,ema_ribbon,trend,4h,F,False,False
-0.1928,-0.2863,-0.498,-0.7597,1270,0.9788,0.4819,1.0525,-0.00024,1.0276,0.0737,0.3246,4.7541,-0.6301,1351,-0.00024,0.031566,-0.279,0.7803231,665,686,0.00028947109665184285,-0.0007524110436768794,SOL,1h,ema_ribbon,trend,12h,F,False,False
-0.1508,-0.2229,-0.5085,-0.7209,686,0.978,0.5007,0.9753,-0.000362,0.9648,0.0388,0.0154,1.8987,-0.6154,711,-0.000362,0.044233,-0.2181,0.82738953,351,360,0.000755152467937028,-0.0014509282428450902,SOL,1h,ema_ribbon,trend,1d,F,False,False
-1.646,-1.8301,-0.4997,-0.4907,153,0.5774,0.4606,0.6761,-0.003392,0.5924,0.009,-1.3052,3.63,-0.4449,165,-0.003392,0.018298,-2.381,0.01841395,89,76,-0.0033829424233687093,-0.0034019303858871777,SOL,1h,bollinger_mr,mean_reversion,4h,F,False,False
-0.8597,-1.1308,-0.4095,-0.5847,150,0.7624,0.45,0.9318,-0.003078,0.8086,0.0087,-0.5173,2.0166,-0.4359,160,-0.003078,0.031304,-1.2435,0.21549807,87,73,-0.0023780283020479404,-0.00391118716181444,SOL,1h,bollinger_mr,mean_reversion,12h,F,False,False
-0.4096,-0.6253,-0.2937,-0.6925,116,0.8822,0.4636,1.0208,-0.002149,1.0501,0.0082,-0.1494,1.7315,-0.3787,151,-0.002149,0.04457,-0.5925,0.55439468,85,66,-0.002106000515590901,-0.002204608304563827,SOL,1h,bollinger_mr,mean_reversion,1d,F,False,False
-2.2421,-3.0593,-0.6132,-0.7921,486,0.6564,0.4312,0.8658,-0.002686,0.7819,0.0266,0.1616,5.5452,-0.7513,487,-0.002686,0.018277,-3.2432,0.00126329,234,253,-0.0026931832210093294,-0.0026793202075233117,SOL,1h,rsi_extreme,mean_reversion,4h,F,False,False
-1.4403,-2.0543,-0.6177,-0.8063,348,0.7415,0.4691,0.8391,-0.003529,0.8234,0.0194,-0.1347,1.7893,-0.7636,356,-0.003529,0.031959,-2.0835,0.03792484,171,185,-0.0028684237538995202,-0.0041396548793549105,SOL,1h,rsi_extreme,mean_reversion,12h,F,False,False
-0.5718,-0.9107,-0.5158,-0.712,277,0.8778,0.4718,0.9826,-0.002285,1.1282,0.0155,0.2069,2.4843,-0.6162,284,-0.002285,0.046559,-0.8271,0.40885426,136,148,-0.0005532346746260785,-0.0038766977575070537,SOL,1h,rsi_extreme,mean_reversion,1d,F,False,False
-2.8705,-3.919,-0.9293,-0.9975,3424,0.8159,0.4463,1.0121,-0.001384,0.9302,0.189,-0.4198,8.5747,-0.9958,3466,-0.001384,0.01963,-4.1522,3.372e-05,1777,1689,-0.0011852881056986081,-0.0015940441934011943,SOL,1h,momentum,trend,4h,F,False,False
-2.1621,-2.8004,-0.8918,-0.9946,1360,0.7871,0.4629,0.9133,-0.002792,0.8066,0.0742,-0.6847,5.3149,-0.9896,1361,-0.002792,0.032933,-3.1275,0.00180029,695,666,-0.0025043498027209217,-0.003091948083782834,SOL,1h,momentum,trend,12h,F,False,False
-0.1397,-0.2126,-0.4477,-0.8098,715,0.9802,0.4854,1.039,-0.000331,1.1179,0.0393,-0.0698,1.6666,-0.6102,721,-0.000331,0.044031,-0.2021,0.83986824,370,351,8.051583092805572e-05,-0.0007657318381911046,SOL,1h,momentum,trend,1d,F,False,False
-1.1729,-1.8965,-0.5577,-0.8068,1022,0.8618,0.4371,1.11,-0.001031,0.9874,0.0559,0.5916,3.9323,-0.7137,1025,-0.001031,0.01946,-1.6967,0.09006431,532,493,-0.0010843832142853626,-0.0009739696855441451,SOL,1h,range_breakout,trend,4h,F,False,False
-0.8122,-1.2218,-0.5566,-0.85,701,0.8884,0.4682,1.0092,-0.001395,1.0054,0.0385,-0.0041,1.5897,-0.7383,707,-0.001395,0.031573,-1.1748,0.24046492,353,354,0.00026537301249497056,-0.003050658169277275,SOL,1h,range_breakout,trend,12h,F,False,False
-0.1477,-0.247,-0.371,-0.697,492,0.9752,0.4869,1.0278,-0.0004,1.0823,0.027,0.2494,1.0212,-0.4653,495,-0.0004,0.041679,-0.2136,0.8309622,246,249,0.00011959099843738114,-0.0009135362100964915,SOL,1h,range_breakout,trend,1d,F,False,False
-1.216,-1.5903,-0.6175,-0.7753,892,0.8626,0.4831,0.9231,-0.000972,0.9383,0.0643,-0.9535,13.2541,-0.7441,1180,-0.000972,0.018976,-1.7589,0.07885148,615,565,-0.001519450330703075,-0.00037541130560112625,SOL,1h,macd_scalp,trend,4h,F,False,False
-0.309,-0.4359,-0.5395,-0.6148,824,0.9581,0.4755,1.0568,-0.000493,0.9395,0.0456,-0.2293,4.3531,-0.5697,837,-0.000493,0.031929,-0.447,0.65499153,432,405,-0.0006018987704210767,-0.00037749862323727546,SOL,1h,macd_scalp,trend,12h,F,False,False
-0.8826,-1.3667,-0.6255,-0.9148,420,0.8663,0.4863,0.9151,-0.00233,0.9788,0.0298,0.0546,0.8456,-0.8308,547,-0.00233,0.042683,-1.2767,0.20223918,278,269,-0.002789408930514223,-0.001855283154180333,SOL,1h,macd_scalp,trend,1d,F,False,False
-1.0087,-1.3214,-0.4177,-0.4951,276,0.7922,0.4746,0.8771,-0.001488,0.825,0.0161,-0.5911,2.0975,-0.3842,295,-0.001488,0.017513,-1.459,0.14562489,132,163,-0.0024271769445918193,-0.0007268904591154295,SOL,1h,keltner_mr,mean_reversion,4h,F,False,False
-1.6113,-2.1862,-0.618,-0.765,232,0.6597,0.4274,0.8839,-0.004986,0.7725,0.0131,-0.2193,2.263,-0.738,241,-0.004986,0.033211,-2.3308,0.02059252,112,129,-0.005017380064399083,-0.0049594311374002945,SOL,1h,keltner_mr,mean_reversion,12h,F,False,False
-1.2486,-1.8442,-0.6084,-0.797,159,0.7173,0.44,0.9129,-0.005853,0.8677,0.0109,-0.2025,1.1437,-0.7504,200,-0.005853,0.045834,-1.806,0.07242157,94,106,-0.0045328821418142646,-0.0070242762085581485,SOL,1h,keltner_mr,mean_reversion,1d,F,False,False
0.1854,0.2821,0.0987,-0.1763,58,1.0617,0.4909,1.101,0.000403,1.0231,0.009,0.4027,2.6395,0.0367,165,0.000403,0.019313,0.2682,0.78887885,103,62,0.0013551257270129921,-0.0011780972686356638,SOL,1h,dual_ema_adx,trend,4h,D,False,False
0.7674,1.4278,0.8025,-0.2183,71,1.275,0.527,1.1442,0.00272,1.1058,0.0081,0.6637,2.0129,0.4018,148,0.00272,0.029806,1.1101,0.26876064,93,55,0.003092748104276452,0.0020892963723056256,SOL,1h,dual_ema_adx,trend,12h,C,False,False
0.2044,0.3384,0.0231,-0.3784,93,1.0711,0.4676,1.2194,0.001132,1.1833,0.0076,0.4174,1.5401,0.0183,139,0.001132,0.045127,0.2957,0.76789146,89,50,8.963057773174044e-05,0.002987079394379981,SOL,1h,dual_ema_adx,trend,1d,D,False,False
0.2076,0.3196,0.04,-0.3987,272,1.0375,0.4759,1.1425,0.000265,1.1901,0.0283,0.1927,2.7977,0.0336,519,0.000265,0.020087,0.3003,0.76410364,256,263,-0.00017485208503997774,0.0006926302406899695,SOL,1h,vol_spike_brk,trend,4h,D,False,False
-0.0038,-0.0055,-0.2188,-0.4814,214,0.9993,0.4668,1.1413,-9e-06,1.1134,0.023,-0.0723,2.1985,-0.2077,422,-9e-06,0.032917,-0.0055,0.99558419,203,219,0.002372769405259208,-0.0022165149125599583,SOL,1h,vol_spike_brk,trend,12h,F,False,False
0.2134,0.3091,-0.0802,-0.5185,297,1.0448,0.5144,0.9864,0.000732,1.0126,0.019,-0.2522,1.5295,-0.085,348,0.000732,0.044271,0.3086,0.75779747,161,187,0.0026099759427647517,-0.0008841275855971028,SOL,1h,vol_spike_brk,trend,1d,D,False,False
-2.4485,-3.2032,-0.7052,-0.8894,1028,0.735,0.4711,0.8252,-0.001846,0.8087,0.0566,-0.4264,2.8631,-0.8732,1038,-0.001846,0.016788,-3.5418,0.00041513,470,568,-0.002250698637521956,-0.001510323280106314,SOL,1h,stoch_cross,mean_reversion,4h,F,False,False
-1.0175,-1.4898,-0.638,-0.8241,683,0.8598,0.4762,0.9458,-0.001755,0.8784,0.0378,-0.0306,1.6685,-0.79,693,-0.001755,0.031397,-1.4718,0.14152581,316,377,-0.0011849808347483184,-0.002233459746435598,SOL,1h,stoch_cross,mean_reversion,12h,F,False,False
-0.7849,-1.1444,-0.6662,-0.7976,482,0.8699,0.4658,0.9974,-0.00229,0.8605,0.0263,-0.0211,1.9654,-0.7953,483,-0.00229,0.044334,-1.1354,0.25675796,230,253,-0.0026673433067392117,-0.0019478429144140178,SOL,1h,stoch_cross,mean_reversion,1d,F,False,False
-2.6901,-3.2803,-0.7654,-0.9249,2155,0.7766,0.4856,0.8225,-0.001104,0.8227,0.1178,-0.5545,10.2699,-0.9239,2160,-0.001104,0.013186,-3.8912,0.00010277,948,1212,-0.0006650677873655529,-0.0014473326452049845,BNB,1h,vwap_mr,mean_reversion,4h,F,False,False
-1.8147,-2.2524,-0.6997,-0.8769,1010,0.7852,0.4956,0.7993,-0.001738,0.8136,0.0552,-0.3499,9.2311,-0.8632,1013,-0.001738,0.021075,-2.6249,0.00879721,455,558,-0.0009495878031355505,-0.002381081803708502,BNB,1h,vwap_mr,mean_reversion,12h,F,False,False
-1.2289,-1.492,-0.6495,-0.8172,611,0.8114,0.5,0.8114,-0.002128,0.7862,0.0335,-0.6729,4.0798,-0.7947,614,-0.002128,0.029662,-1.7776,0.07597332,278,336,-6.761719092100306e-05,-0.0038324332504383264,BNB,1h,vwap_mr,mean_reversion,1d,F,False,False
-3.8006,-4.9637,-0.7982,-0.9523,1936,0.6924,0.4403,0.8801,-0.001447,0.7893,0.1073,-0.463,8.7491,-0.9496,1969,-0.001447,0.011682,-5.4976,4e-08,955,1014,-0.0009398755276176023,-0.001925288084142065,BNB,1h,stoch_rsi,mean_reversion,4h,F,False,False
-1.6111,-2.4383,-0.694,-0.8347,1074,0.8128,0.4633,0.9418,-0.001472,0.8393,0.0586,1.0968,10.4655,-0.8366,1075,-0.001472,0.020708,-2.3305,0.01996313,504,571,-0.000540925772543208,-0.0022937122582532424,BNB,1h,stoch_rsi,mean_reversion,12h,F,False,False
-0.0978,-0.1492,-0.2348,-0.6597,295,0.9841,0.4792,1.0694,-0.000161,0.9925,0.0341,0.4731,4.2237,-0.2968,626,-0.000161,0.028444,-0.1415,0.8875277,289,337,0.002217221324194293,-0.0022002103685960644,BNB,1h,stoch_rsi,mean_reversion,1d,F,False,False
-2.4273,-3.9102,-0.7899,-0.9585,3429,0.841,0.4293,1.1181,-0.000738,1.0146,0.1974,1.1039,8.699,-0.9483,3620,-0.000738,0.012654,-3.5111,0.00045166,2026,1594,-0.0005837712327491316,-0.0009349914035622562,BNB,1h,ema_ribbon,trend,4h,F,False,False
-0.8366,-1.1479,-0.5455,-0.8481,1242,0.9057,0.4451,1.1291,-0.000736,1.1529,0.072,-0.5963,11.3458,-0.7273,1321,-0.000736,0.0221,-1.2102,0.22642987,739,582,-0.0001362214932868306,-0.001497234174189432,BNB,1h,ema_ribbon,trend,12h,F,False,False
0.3827,0.5714,0.0925,-0.6712,445,1.0602,0.4625,1.232,0.000609,1.1462,0.0385,-0.2613,6.2082,0.1343,707,0.000609,0.029236,0.5536,0.58001776,396,311,0.0014799185805969032,-0.000500611765592497,BNB,1h,ema_ribbon,trend,1d,D,False,False
-0.5752,-0.5966,-0.2934,-0.3096,150,0.8194,0.5028,0.8103,-0.000985,0.7685,0.0098,-1.799,7.9697,-0.1806,179,-0.000985,0.015838,-0.8321,0.40647908,90,89,0.0003837147878661049,-0.0023691104487078758,BNB,1h,bollinger_mr,mean_reversion,4h,F,False,False
0.5099,0.6114,0.6371,-0.146,55,1.1796,0.5747,0.8729,0.001373,1.1113,0.0095,-0.5828,3.7134,0.2045,174,0.001373,0.024552,0.7376,0.46178377,86,88,0.005002428392324846,-0.002174338572115628,BNB,1h,bollinger_mr,mean_reversion,12h,C,False,False
0.9104,1.2277,1.2851,-0.1765,42,1.3351,0.589,0.9318,0.003067,1.0545,0.0089,-0.0656,2.3866,0.5338,163,0.003067,0.029737,1.3169,0.18971721,79,84,0.006650281455614454,-0.0003021847822653494,BNB,1h,bollinger_mr,mean_reversion,1d,C,False,False
-1.0762,-1.2854,-0.4336,-0.4936,233,0.8014,0.4967,0.8122,-0.001024,0.7827,0.0245,-0.7579,6.6036,-0.3958,449,-0.001024,0.013935,-1.5567,0.12024862,214,235,-0.0013090875801107871,-0.0007639049310840233,BNB,1h,rsi_extreme,mean_reversion,4h,F,False,False
-1.3565,-1.5319,-0.5741,-0.6617,343,0.7328,0.4942,0.7501,-0.002594,0.6859,0.0188,-1.4448,6.9435,-0.6321,344,-0.002594,0.024521,-1.9623,0.05053951,160,184,-0.004319293617460368,-0.0010942476901775443,BNB,1h,rsi_extreme,mean_reversion,12h,F,False,False
-0.6151,-0.7979,-0.4493,-0.5226,132,0.862,0.5018,0.8557,-0.001591,0.7578,0.015,-0.4179,1.5579,-0.4288,275,-0.001591,0.029652,-0.8898,0.37435364,125,150,-0.002066690903960976,-0.0011946454556041168,BNB,1h,rsi_extreme,mean_reversion,1d,F,False,False
-1.7611,-2.6577,-0.6879,-0.9228,2369,0.8615,0.4386,1.1025,-0.000738,1.0663,0.1364,0.4231,8.7807,-0.8785,2501,-0.000738,0.014485,-2.5474,0.01091089,1326,1175,-0.0002506869459861603,-0.0012875793500967338,BNB,1h,momentum,trend,4h,F,False,False
-0.8852,-1.1915,-0.5455,-0.8193,1079,0.8972,0.4708,1.0085,-0.000847,1.0303,0.0616,-0.5703,7.0121,-0.7105,1130,-0.000847,0.022225,-1.2805,0.20064494,590,540,0.0002044805732465878,-0.001994938831373762,BNB,1h,momentum,trend,12h,F,False,False
0.2595,0.3747,-0.0051,-0.6202,480,1.0428,0.4767,1.1447,0.000444,1.3232,0.0351,-0.3352,6.2025,-0.0066,644,0.000444,0.029998,0.3753,0.70752826,347,297,0.001459544706685412,-0.000743173244261757,BNB,1h,momentum,trend,1d,D,False,False
-2.1295,-3.6076,-0.5986,-0.8255,956,0.7571,0.3964,1.1527,-0.001327,1.0529,0.0547,1.0733,5.4178,-0.7597,1004,-0.001327,0.013648,-3.0804,0.0021236,559,445,-0.0004897506792001909,-0.0023783788835029253,BNB,1h,range_breakout,trend,4h,F,False,False
-0.6015,-1.0256,-0.4056,-0.6495,649,0.9103,0.4633,1.0543,-0.000712,1.0018,0.0372,0.8903,4.0222,-0.4726,682,-0.000712,0.021371,-0.8701,0.38457552,373,309,0.0004559529474472187,-0.002121843853446067,BNB,1h,range_breakout,trend,12h,F,False,False
-0.1017,-0.1712,-0.2019,-0.6516,379,0.9819,0.4586,1.1592,-0.00019,1.1329,0.027,0.5557,1.7697,-0.2555,495,-0.00019,0.028665,-0.1471,0.88310427,268,227,0.0011734313218050496,-0.001798688149750149,BNB,1h,range_breakout,trend,1d,F,False,False
-1.3834,-2.0195,-0.5114,-0.6847,917,0.8397,0.4606,0.9834,-0.000708,0.8921,0.063,0.5174,5.1494,-0.5942,1155,-0.000708,0.012031,-2.0011,0.04561381,589,566,-0.0003371308163568528,-0.0010947518643977402,BNB,1h,macd_scalp,trend,4h,F,False,False
-0.8689,-1.1039,-0.5523,-0.7152,591,0.8771,0.4675,0.9989,-0.000997,0.8586,0.0454,-0.9059,12.2857,-0.6506,832,-0.000997,0.022875,-1.2568,0.20916153,422,410,-0.0004297027179024331,-0.001580342026100317,BNB,1h,macd_scalp,trend,12h,F,False,False
-0.7992,-1.1596,-0.5056,-0.7777,385,0.8713,0.4733,0.9696,-0.001478,0.9127,0.0296,0.0249,2.4353,-0.6484,543,-0.001478,0.029798,-1.1561,0.24814358,265,278,0.0005049149777943693,-0.0033689423444588336,BNB,1h,macd_scalp,trend,1d,F,False,False
-0.7873,-0.9078,-0.4413,-0.3284,240,0.8242,0.4873,0.8673,-0.000936,0.8472,0.0171,-1.1545,6.5566,-0.2793,314,-0.000936,0.014559,-1.1388,0.25566961,136,178,0.0003113307718001248,-0.0018883359675516311,BNB,1h,keltner_mr,mean_reversion,4h,F,False,False
-0.1628,-0.1883,-0.2983,-0.2797,242,0.9566,0.5267,0.8595,-0.000397,0.8961,0.0132,-1.1981,6.7135,-0.1666,243,-0.000397,0.02629,-0.2355,0.81405597,108,135,0.0021230791115003328,-0.002413219721230708,BNB,1h,keltner_mr,mean_reversion,12h,F,False,False
-0.4221,-0.5491,-0.4332,-0.3964,207,0.8872,0.5096,0.8537,-0.001368,0.7978,0.0113,-0.3,2.2727,-0.3258,208,-0.001368,0.032321,-0.6106,0.54210491,90,118,0.0016390633721350375,-0.003662397374077616,BNB,1h,keltner_mr,mean_reversion,1d,F,False,False
-0.0919,-0.1458,-0.1205,-0.1548,185,0.9722,0.4792,1.0568,-0.000123,1.0381,0.0105,0.6042,3.775,-0.0386,192,-0.000123,0.012857,-0.133,0.89433475,122,70,-0.0006016630102506636,0.0007101254975286451,BNB,1h,dual_ema_adx,trend,4h,F,False,False
0.5559,0.7317,0.4972,-0.1867,93,1.2058,0.5476,0.9961,0.001336,1.0871,0.0092,0.153,6.431,0.2041,168,0.001336,0.02154,0.8041,0.42246441,114,54,0.0020985756175027977,-0.000272808395974355,BNB,1h,dual_ema_adx,trend,12h,C,False,False
0.2049,0.2734,0.0848,-0.2353,54,1.0732,0.4698,1.2111,0.00073,1.0037,0.0081,-0.3233,2.7696,0.0422,149,0.00073,0.030072,0.2964,0.76734379,103,46,0.0023770430456271224,-0.002957268099886718,BNB,1h,dual_ema_adx,trend,1d,D,False,False
-0.2708,-0.467,-0.19,-0.4736,472,0.9505,0.4345,1.237,-0.000272,1.1294,0.0275,1.0716,4.6854,-0.1791,504,-0.000272,0.015568,-0.3918,0.69540091,272,232,0.00017481150039769488,-0.0007951434117458439,BNB,1h,vol_spike_brk,trend,4h,F,False,False
0.166,0.3109,0.0009,-0.3534,375,1.0345,0.46,1.2144,0.000292,1.1426,0.0218,1.1949,4.9862,0.0007,400,0.000292,0.024359,0.2401,0.81037459,214,186,0.002050465669783542,-0.0017302416449887115,BNB,1h,vol_spike_brk,trend,12h,D,False,False
0.0724,0.1223,-0.0844,-0.501,226,1.0156,0.4548,1.2174,0.000172,1.2789,0.0181,0.3569,1.5608,-0.0864,332,0.000172,0.029931,0.1047,0.91670307,175,157,0.003469204889910254,-0.0035033673820036924,BNB,1h,vol_spike_brk,trend,1d,D,False,False
-3.5158,-4.4168,-0.7048,-0.86,1001,0.6236,0.4411,0.7901,-0.001875,0.7125,0.0546,-0.6232,5.9353,-0.8577,1002,-0.001875,0.011673,-5.0857,4.4e-07,374,628,-0.0016634174148853187,-0.002001683300589267,BNB,1h,stoch_cross,mean_reversion,4h,F,False,False
-2.3338,-2.7959,-0.6974,-0.8615,682,0.6862,0.4495,0.8404,-0.002603,0.7516,0.0372,-1.2427,8.1487,-0.8537,683,-0.002603,0.020149,-3.3758,0.00077769,262,421,-0.001100824220675753,-0.0035373401253153297,BNB,1h,stoch_cross,mean_reversion,12h,F,False,False
-2.2985,-3.1363,-0.7125,-0.8837,471,0.6552,0.444,0.8206,-0.004034,0.7504,0.0258,-0.2114,2.1442,-0.8749,473,-0.004034,0.026388,-3.3247,0.00095391,174,299,-0.00374604055808112,-0.004201483959986495,BNB,1h,stoch_cross,mean_reversion,1d,F,False,False
-0.715,-0.9869,-0.6755,-0.8308,1773,0.9267,0.5014,0.9216,-0.000532,0.89,0.1172,5.4254,151.7289,-0.8215,2150,-0.000532,0.02386,-1.0342,0.30113675,1104,1046,3.065379800375713e-05,-0.0011262642575252933,ADA,1h,vwap_mr,mean_reversion,4h,F,False,False
0.0552,0.0877,-0.3539,-0.7417,552,1.0081,0.4832,1.0781,9.9e-05,0.939,0.0553,4.2798,78.4124,-0.4711,1014,9.9e-05,0.039563,0.0798,0.93637404,515,499,0.0010874768668406893,-0.000920754962183883,ADA,1h,vwap_mr,mean_reversion,12h,D,False,False
0.3929,0.4657,-0.1471,-0.7998,548,1.0732,0.4959,1.0911,0.001269,1.1814,0.0329,-1.9702,22.0113,-0.2304,603,0.001269,0.054834,0.5684,0.56997486,312,291,0.0028162934085362427,-0.0003894534204037587,ADA,1h,vwap_mr,mean_reversion,1d,D,False,False
-2.0393,-2.7836,-0.7885,-0.949,1884,0.8214,0.4479,1.0126,-0.001269,0.8764,0.1082,-0.0166,7.1811,-0.9442,1985,-0.001269,0.019163,-2.9499,0.00321581,987,998,-0.001318452729408787,-0.0012197316966525969,ADA,1h,stoch_rsi,mean_reversion,4h,F,False,False
-1.5542,-2.1089,-0.7864,-0.9694,975,0.8239,0.4727,0.9192,-0.002241,0.9122,0.0588,-0.2439,3.5405,-0.9506,1079,-0.002241,0.032746,-2.2482,0.0247633,529,550,-0.0026491795522218496,-0.0018488949600913897,ADA,1h,stoch_rsi,mean_reversion,12h,F,False,False
-0.0442,-0.0515,-0.5446,-0.8802,526,0.992,0.4786,1.0807,-0.000142,1.0765,0.0344,-3.0505,44.9008,-0.7448,631,-0.000142,0.05593,-0.0639,0.94905498,310,321,-0.0011295195754604667,0.0008110541491100909,ADA,1h,stoch_rsi,mean_reversion,1d,F,False,False
-1.7998,-2.8843,-0.8868,-0.9882,3676,0.8695,0.4531,1.0494,-0.000945,0.9826,0.2024,5.1481,129.4402,-0.9874,3712,-0.000945,0.022126,-2.6034,0.00926712,1660,2052,-0.0006010001467120663,-0.0012241072303851614,ADA,1h,ema_ribbon,trend,4h,F,False,False
-0.1232,-0.1978,-0.5516,-0.7229,809,0.9856,0.4604,1.1551,-0.000172,1.0537,0.0737,1.1273,9.3493,-0.6551,1351,-0.000172,0.035458,-0.1783,0.85854172,606,745,0.0006094675118686959,-0.0008076069364049032,ADA,1h,ema_ribbon,trend,12h,F,False,False
-0.24,-0.2966,-0.564,-0.9354,412,0.9612,0.4755,1.0605,-0.000667,1.0021,0.0389,-2.0994,32.9021,-0.7918,713,-0.000667,0.051321,-0.3471,0.72858283,312,401,0.0005830873116734367,-0.001640019156666047,ADA,1h,ema_ribbon,trend,1d,F,False,False
-1.4512,-1.5244,-0.518,-0.5543,150,0.5908,0.4487,0.7258,-0.004205,0.7687,0.0085,-2.0194,8.3911,-0.5074,156,-0.004205,0.025017,-2.0992,0.03741562,87,69,-0.0026211199963751936,-0.006201337081244533,ADA,1h,bollinger_mr,mean_reversion,4h,F,False,False
-0.5065,-0.5898,-0.3128,-0.5725,140,0.8412,0.4967,0.8524,-0.002098,0.8385,0.0082,-1.0461,3.4877,-0.3383,151,-0.002098,0.035181,-0.7327,0.46491372,83,68,0.0003071216544959319,-0.005032733629933447,ADA,1h,bollinger_mr,mean_reversion,12h,F,False,False
-0.5834,-0.5176,-0.5174,-0.8158,103,0.7616,0.5036,0.7506,-0.004969,0.6538,0.0075,-4.8368,40.2158,-0.6825,137,-0.004969,0.068926,-0.8438,0.40024487,76,61,0.0028458981575960767,-0.014705788767317022,ADA,1h,bollinger_mr,mean_reversion,1d,F,False,False
-1.6056,-1.81,-0.5711,-0.7452,325,0.711,0.4454,0.8851,-0.002345,0.7289,0.0245,-1.6579,12.6447,-0.6865,449,-0.002345,0.021395,-2.3225,0.02065449,230,219,-0.001883574955509149,-0.0028295466304836116,ADA,1h,rsi_extreme,mean_reversion,4h,F,False,False
-0.6246,-0.744,-0.4957,-0.6793,317,0.8657,0.5151,0.815,-0.001862,0.8343,0.0181,-0.7798,3.4434,-0.5764,332,-0.001862,0.037562,-0.9034,0.36695016,174,158,0.0003200560034015041,-0.00426592173682316,ADA,1h,rsi_extreme,mean_reversion,12h,F,False,False
-0.4943,-0.4639,-0.6266,-0.8916,188,0.8621,0.5242,0.7826,-0.002939,0.9962,0.0147,-4.7583,47.9133,-0.8194,269,-0.002939,0.06743,-0.715,0.47524808,143,126,0.0029194597290472823,-0.009588860656663405,ADA,1h,rsi_extreme,mean_reversion,1d,F,False,False
-1.7937,-2.2414,-0.8986,-0.993,3380,0.8671,0.4553,1.0372,-0.001049,0.9661,0.1868,-3.4272,107.3073,-0.9906,3426,-0.001049,0.023669,-2.5946,0.00950941,1695,1731,-0.0006501034712535151,-0.0014400141836434057,ADA,1h,momentum,trend,4h,F,False,False
-0.8366,-1.0131,-0.7731,-0.9548,1343,0.9031,0.4846,0.9606,-0.00125,0.9179,0.0743,-2.1007,40.5245,-0.9394,1362,-0.00125,0.038137,-1.2101,0.22644869,649,713,-0.0007460526327325371,-0.0017096226083692543,ADA,1h,momentum,trend,12h,F,False,False
-0.1364,-0.2061,-0.5373,-0.8655,687,0.9773,0.4777,1.0685,-0.000398,1.0818,0.0391,1.593,24.2196,-0.7299,718,-0.000398,0.05408,-0.1974,0.84360125,349,369,-8.784278416635094e-05,-0.0006919806114295436,ADA,1h,momentum,trend,1d,F,False,False
-0.695,-1.185,-0.4825,-0.7734,955,0.9082,0.4518,1.102,-0.000727,1.0552,0.0543,1.6441,12.4232,-0.6237,996,-0.000727,0.022806,-1.0054,0.3149554,491,505,-0.0001962924560753624,-0.0012420393612652119,ADA,1h,range_breakout,trend,4h,F,False,False
-0.7552,-1.2348,-0.6142,-0.8449,696,0.8863,0.4605,1.0382,-0.001528,0.9923,0.038,1.1039,6.88,-0.7837,697,-0.001528,0.036914,-1.0925,0.27500474,342,355,-0.0003303635496403974,-0.0026808297243386407,ADA,1h,range_breakout,trend,12h,F,False,False
-0.9095,-1.4285,-0.684,-0.9166,484,0.8478,0.457,1.0074,-0.002979,0.953,0.0266,0.5186,3.859,-0.8729,488,-0.002979,0.050019,-1.3156,0.1889294,234,254,-0.0029647850405996015,-0.002991733749049001,ADA,1h,range_breakout,trend,1d,F,False,False
-0.7418,-1.0849,-0.5574,-0.6709,1162,0.9113,0.4796,0.9887,-0.00063,0.969,0.0642,0.8632,11.7705,-0.6246,1178,-0.00063,0.020155,-1.0731,0.28344815,594,584,-0.0009275553493130854,-0.00032769378485694435,ADA,1h,macd_scalp,trend,4h,F,False,False
-0.3304,-0.3756,-0.5625,-0.8451,807,0.9492,0.5064,0.9251,-0.00065,0.8899,0.0467,-3.0864,54.5828,-0.7407,857,-0.00065,0.039827,-0.478,0.63277386,423,434,-0.0005818502743222431,-0.0007170016155294073,ADA,1h,macd_scalp,trend,12h,F,False,False
-0.3545,-0.6166,-0.5738,-0.853,256,0.9355,0.4873,0.9844,-0.001184,0.874,0.03,2.6518,27.4848,-0.7551,550,-0.001184,0.054142,-0.5128,0.60831887,291,259,-0.0013196100451143547,-0.001031186522579635,ADA,1h,macd_scalp,trend,1d,F,False,False
-1.3424,-1.4694,-0.5544,-0.5795,263,0.6979,0.4667,0.7976,-0.002582,0.7429,0.0155,-1.5632,8.9839,-0.5555,285,-0.002582,0.022452,-1.9417,0.05315724,126,159,-0.001023644822809808,-0.003817663714405018,ADA,1h,keltner_mr,mean_reversion,4h,F,False,False
-0.578,-0.7123,-0.3607,-0.735,169,0.8543,0.524,0.776,-0.002086,0.7767,0.0125,-0.5894,2.9582,-0.4751,229,-0.002086,0.037758,-0.836,0.40400952,111,118,0.003113374773529105,-0.006976952629771589,ADA,1h,keltner_mr,mean_reversion,12h,F,False,False
-0.106,-0.1005,-0.3487,-0.8351,143,0.962,0.5306,0.851,-0.000732,0.9275,0.0107,-3.6715,34.0842,-0.5133,196,-0.000732,0.066851,-0.1534,0.87827331,101,95,0.008491972416650105,-0.010539156288749782,ADA,1h,keltner_mr,mean_reversion,1d,F,False,False
-0.0039,-0.0068,-0.0641,-0.3175,118,0.9987,0.45,1.2206,-9e-06,1.1614,0.0098,1.9698,15.0753,-0.0421,180,-9e-06,0.021764,-0.0057,0.99545665,118,62,0.0001618815271919269,-0.00033495206145894494,ADA,1h,dual_ema_adx,trend,4h,F,False,False
-0.6267,-0.8778,-0.4211,-0.4979,153,0.8221,0.475,0.9086,-0.002474,0.9267,0.0087,-0.2387,1.8255,-0.3888,160,-0.002474,0.03452,-0.9065,0.36603933,110,50,-0.0023482514686099017,-0.002750383966746335,ADA,1h,dual_ema_adx,trend,12h,F,False,False
-1.2472,-1.9767,-0.5394,-0.7543,149,0.6776,0.4503,0.8271,-0.006296,0.9904,0.0082,0.2416,2.0636,-0.6648,151,-0.006296,0.042885,-1.804,0.07322996,104,47,-0.005779089484107962,-0.0074397114523034645,ADA,1h,dual_ema_adx,trend,1d,F,False,False
0.0883,0.1453,-0.0797,-0.6096,460,1.0177,0.4728,1.1346,0.000157,1.1095,0.0271,1.4468,10.6377,-0.099,497,0.000157,0.027411,0.1277,0.89844823,234,263,0.0016650784087578255,-0.0011847944356102637,ADA,1h,vol_spike_brk,trend,4h,D,False,False
-0.1535,-0.2635,-0.3786,-0.5968,396,0.9671,0.4527,1.169,-0.000469,1.1759,0.0219,1.4997,8.539,-0.4148,402,-0.000469,0.042313,-0.2221,0.82434683,184,218,0.0037686451980244898,-0.004045218288456213,ADA,1h,vol_spike_brk,trend,12h,F,False,False
-0.7039,-1.1303,-0.7007,-0.8414,342,0.8393,0.4448,1.0478,-0.003491,0.9105,0.0188,2.2094,22.2673,-0.8448,344,-0.003491,0.063591,-1.0182,0.30929133,155,189,0.005524701785755286,-0.010884990295736252,ADA,1h,vol_spike_brk,trend,1d,F,False,False
-2.2391,-2.7765,-0.7102,-0.8793,979,0.7364,0.461,0.861,-0.001902,0.8212,0.0538,-0.6239,7.2767,-0.8712,987,-0.001902,0.018452,-3.2389,0.00123989,465,522,-0.0019009334778448696,-0.001903648541517931,ADA,1h,stoch_cross,mean_reversion,4h,F,False,False
-0.0894,-0.1249,-0.3502,-0.5993,504,0.9859,0.4834,1.0535,-0.000169,1.1045,0.0362,-0.1271,3.1033,-0.3892,664,-0.000169,0.033762,-0.1294,0.89711662,315,349,9.763461462873298e-05,-0.0004105764525845873,ADA,1h,stoch_cross,mean_reversion,12h,F,False,False
0.5123,0.7728,0.1904,-0.5988,164,1.1059,0.5022,1.0963,0.001724,1.0287,0.0251,0.5806,8.7656,0.2535,460,0.001724,0.049892,0.7411,0.45900071,224,236,0.0036741726969521673,-0.0001270040792618111,ADA,1h,stoch_cross,mean_reversion,1d,C,False,False
-2.1498,-2.6048,-0.8351,-0.9825,2101,0.8254,0.4889,0.8627,-0.001368,0.8543,0.1231,-1.2099,11.2102,-0.9725,2258,-0.001368,0.020897,-3.1097,0.00189619,1166,1092,-0.0009895127107583297,-0.0017711589287017443,AVAX,1h,vwap_mr,mean_reversion,4h,F,False,False
-1.1997,-1.6161,-0.7337,-0.9485,919,0.8625,0.4768,0.9463,-0.001823,0.8441,0.0565,-0.4008,2.4773,-0.9172,1036,-0.001823,0.033807,-1.7354,0.08297481,543,493,-0.0005559432565422663,-0.0032179744585229893,AVAX,1h,vwap_mr,mean_reversion,12h,F,False,False
-0.6689,-0.9953,-0.6706,-0.8854,553,0.9017,0.4767,0.99,-0.001868,0.9124,0.0339,-0.0211,1.3821,-0.8482,621,-0.001868,0.048104,-0.9675,0.33366929,332,289,-0.0008539566768944971,-0.0030320639473379964,AVAX,1h,vwap_mr,mean_reversion,1d,F,False,False
-2.0282,-2.8806,-0.7874,-0.9461,1998,0.8285,0.462,0.9647,-0.001246,0.9014,0.1091,0.1469,4.7958,-0.9427,2002,-0.001246,0.019007,-2.9339,0.00338572,989,1013,-0.0014332754759104186,-0.0010637985010697895,AVAX,1h,stoch_rsi,mean_reversion,4h,F,False,False
-0.2864,-0.4367,-0.4429,-0.9232,670,0.965,0.48,1.0456,-0.000435,1.0128,0.0585,0.3921,3.9169,-0.6672,1073,-0.000435,0.034428,-0.4143,0.67870301,524,549,-0.0005681381591386582,-0.00030888499760861507,AVAX,1h,stoch_rsi,mean_reversion,12h,F,False,False
-0.7736,-1.2082,-0.6746,-0.9191,428,0.8893,0.4712,0.9982,-0.002119,0.9362,0.034,0.1004,1.2747,-0.8679,624,-0.002119,0.047299,-1.119,0.26355112,308,316,-0.001838626645578294,-0.0023920201478732795,AVAX,1h,stoch_rsi,mean_reversion,1d,F,False,False
-1.2459,-1.9072,-0.7931,-0.9537,3634,0.9178,0.464,1.0601,-0.000602,1.0171,0.2001,0.6537,6.467,-0.9479,3670,-0.000602,0.020223,-1.8023,0.07158349,1651,2019,-0.00034865719225055775,-0.000808484311447682,AVAX,1h,ema_ribbon,trend,4h,F,False,False
0.2445,0.382,-0.206,-0.7335,730,1.0274,0.5074,0.9974,0.00033,1.1473,0.0737,0.5702,4.8997,-0.2901,1352,0.00033,0.034343,0.3537,0.7236294,615,737,0.0006290793834058419,8.10580469509822e-05,AVAX,1h,ema_ribbon,trend,12h,D,False,False
0.449,0.6802,0.0332,-0.6667,447,1.0671,0.5176,0.9946,0.001116,1.0158,0.0388,-0.0028,1.2327,0.0469,711,0.001116,0.045832,0.6495,0.51624218,328,383,0.0010341060591184446,0.0011867828767761176,AVAX,1h,ema_ribbon,trend,1d,D,False,False
-0.778,-1.0493,-0.4272,-0.3458,150,0.7834,0.4817,0.8429,-0.001822,0.7864,0.0089,-0.1927,1.8016,-0.2843,164,-0.001822,0.020739,-1.1254,0.26208932,80,84,1.4642344768786563e-05,-0.003572145165200693,AVAX,1h,bollinger_mr,mean_reversion,4h,F,False,False
-0.0522,-0.0837,-0.1445,-0.4636,102,0.983,0.5188,0.912,-0.000223,0.7723,0.0087,0.7969,3.8177,-0.1351,160,-0.000223,0.037376,-0.0756,0.93986946,78,82,0.0034310438842837998,-0.0036992813224405474,AVAX,1h,bollinger_mr,mean_reversion,12h,F,False,False
-0.7039,-0.8358,-0.4573,-0.6674,141,0.7902,0.5,0.7902,-0.004017,0.8877,0.008,-1.2091,4.9094,-0.5332,146,-0.004017,0.04767,-1.0182,0.31025778,72,74,-0.003058644853141993,-0.004949784562386011,AVAX,1h,bollinger_mr,mean_reversion,1d,F,False,False
-2.3167,-3.0954,-0.6673,-0.8044,463,0.644,0.428,0.8608,-0.003239,0.7189,0.0254,-0.2604,2.4928,-0.8002,465,-0.003239,0.020842,-3.3511,0.00087067,241,224,-0.002837772877097626,-0.003670509618935663,AVAX,1h,rsi_extreme,mean_reversion,4h,F,False,False
-1.9856,-2.4122,-0.7154,-0.9152,332,0.6414,0.46,0.753,-0.00564,0.6411,0.0191,-0.9606,5.5228,-0.8919,350,-0.00564,0.036739,-2.8722,0.00432599,179,171,-0.004947115948163302,-0.006365796291233478,AVAX,1h,rsi_extreme,mean_reversion,12h,F,False,False
-1.225,-1.8151,-0.6801,-0.846,272,0.7548,0.4542,0.907,-0.005308,0.8275,0.0149,-0.0821,0.8242,-0.8334,273,-0.005308,0.049491,-1.772,0.0775082,140,133,-0.005577211434290862,-0.005024282589834128,AVAX,1h,rsi_extreme,mean_reversion,1d,F,False,False
-1.2703,-1.9385,-0.7976,-0.9654,3530,0.9164,0.4617,1.0683,-0.000642,1.0131,0.1951,0.5613,7.0772,-0.9538,3578,-0.000642,0.020899,-1.8374,0.06622693,1783,1795,-0.0004088652748896131,-0.0008735541915141451,AVAX,1h,momentum,trend,4h,F,False,False
-0.7756,-1.1353,-0.7017,-0.9488,1355,0.9203,0.4852,0.9763,-0.001047,1.0316,0.0756,0.0684,3.1012,-0.899,1387,-0.001047,0.034749,-1.122,0.26206906,698,689,-0.001149258840724755,-0.0009431045529242678,AVAX,1h,momentum,trend,12h,F,False,False
0.4319,0.6561,-0.0113,-0.7562,368,1.0638,0.5021,1.055,0.001095,1.0386,0.0396,-0.0162,1.3111,-0.0177,727,0.001095,0.047272,0.6248,0.53231819,364,363,0.00036908357647341894,0.001823656398554703,AVAX,1h,momentum,trend,1d,D,False,False
-1.0648,-1.7011,-0.6037,-0.8057,1045,0.8728,0.4403,1.1093,-0.001068,0.9745,0.0576,0.7356,7.3992,-0.7519,1056,-0.001068,0.022527,-1.5403,0.12379345,525,531,-0.0004307691488382868,-0.0016974971305825399,AVAX,1h,range_breakout,trend,4h,F,False,False
-0.5518,-0.8368,-0.5607,-0.7769,698,0.9208,0.4824,0.9879,-0.001059,0.9693,0.0388,0.2494,2.4688,-0.6979,711,-0.001059,0.035366,-0.7982,0.42501617,341,370,0.0014117953108429653,-0.003335548748909335,AVAX,1h,range_breakout,trend,12h,F,False,False
0.3946,0.5816,0.0422,-0.5695,468,1.0712,0.5331,0.9384,0.001225,1.0154,0.0264,-0.1733,1.4277,0.0509,484,0.001225,0.047226,0.5708,0.5684117,237,247,0.0015789584628005942,0.0008858858126414165,AVAX,1h,range_breakout,trend,1d,D,False,False
-0.5968,-0.847,-0.4782,-0.6884,938,0.931,0.4678,1.0592,-0.000505,1.1318,0.0643,-0.1051,3.8213,-0.5663,1180,-0.000505,0.020103,-0.8633,0.38816023,593,587,-0.00047186643203394517,-0.0005388805061206522,AVAX,1h,macd_scalp,trend,4h,F,False,False
-0.1736,-0.2397,-0.4483,-0.7196,780,0.9759,0.5085,0.9434,-0.000318,0.9114,0.045,-0.2654,5.0337,-0.5574,826,-0.000318,0.036368,-0.251,0.80184322,425,401,-0.0002536176034802643,-0.00038555111827919984,AVAX,1h,macd_scalp,trend,12h,F,False,False
-1.1919,-1.8049,-0.7439,-0.9197,513,0.8208,0.4907,0.852,-0.003425,0.9561,0.0292,-0.0045,1.5594,-0.9103,536,-0.003425,0.045994,-1.7242,0.08525709,269,267,-0.005126784991942804,-0.0017110138002392598,AVAX,1h,macd_scalp,trend,1d,F,False,False
-1.877,-2.2814,-0.6095,-0.6754,317,0.6481,0.4548,0.7769,-0.003222,0.7418,0.0175,-1.0547,5.4771,-0.6704,321,-0.003222,0.021262,-2.7151,0.0069861,150,171,-0.002859563947662179,-0.0035398892548435903,AVAX,1h,keltner_mr,mean_reversion,4h,F,False,False
-1.2029,-1.6195,-0.6103,-0.7066,233,0.7296,0.475,0.8064,-0.004202,0.7599,0.0131,-0.2231,2.8327,-0.693,240,-0.004202,0.03741,-1.74,0.08315168,112,128,-0.003904215549208814,-0.004462043004064738,AVAX,1h,keltner_mr,mean_reversion,12h,F,False,False
-1.1722,-1.7567,-0.6315,-0.7788,202,0.7317,0.4461,0.9086,-0.005744,0.7052,0.0111,0.0537,1.1366,-0.7574,204,-0.005744,0.048386,-1.6956,0.09148995,99,105,-0.007754434499229002,-0.0038490235732867297,AVAX,1h,keltner_mr,mean_reversion,1d,F,False,False
-1.8116,-2.5047,-0.5197,-0.5677,185,0.5859,0.4293,0.7789,-0.003639,0.5974,0.0104,0.0671,2.0458,-0.5188,191,-0.003639,0.019191,-2.6206,0.0094884,105,86,-0.004886921843098959,-0.002115463244279746,AVAX,1h,dual_ema_adx,trend,4h,F,False,False
-0.3788,-0.637,-0.3364,-0.4509,166,0.893,0.4593,1.0513,-0.001425,1.0774,0.0094,0.4975,1.2466,-0.2912,172,-0.001425,0.034115,-0.5479,0.58447632,100,72,-0.005486792698823139,0.004215870436460227,AVAX,1h,dual_ema_adx,trend,12h,F,False,False
-1.2517,-1.9083,-0.5745,-0.8147,153,0.6825,0.4214,0.9372,-0.007058,0.8944,0.0087,0.0683,1.3193,-0.733,159,-0.007058,0.049156,-1.8106,0.07209823,95,64,-0.010644684466924103,-0.0017351807395490412,AVAX,1h,dual_ema_adx,trend,1d,F,False,False
0.2525,0.3947,0.0597,-0.3658,235,1.0498,0.4688,1.1895,0.000428,1.0822,0.0271,0.7184,7.7731,0.0462,497,0.000428,0.0261,0.3652,0.71511469,242,255,0.0010410484165553745,-0.0001546641596914385,AVAX,1h,vol_spike_brk,trend,4h,D,False,False
0.6109,1.005,0.6776,-0.3031,182,1.1337,0.5123,1.0794,0.001694,1.1996,0.0222,0.7692,4.6985,0.4783,408,0.001694,0.038727,0.8837,0.37737522,194,214,0.004426252070371242,-0.0007823327988345543,AVAX,1h,vol_spike_brk,trend,12h,C,False,False
0.6091,0.9779,0.423,-0.4826,205,1.1336,0.5143,1.0707,0.002208,1.2485,0.0191,0.0427,1.3245,0.4752,350,0.002208,0.046887,0.8811,0.37886545,171,179,0.0027084907990122978,0.0017303196908990226,AVAX,1h,vol_spike_brk,trend,1d,C,False,False
-2.9022,-3.8122,-0.7885,-0.9476,1054,0.6908,0.4366,0.8916,-0.002527,0.833,0.0576,-0.651,7.1439,-0.9437,1056,-0.002527,0.019562,-4.1981,2.918e-05,523,533,-0.0024420358241828686,-0.0026106616598123855,AVAX,1h,stoch_cross,mean_reversion,4h,F,False,False
-1.1988,-1.6397,-0.6812,-0.9063,640,0.8303,0.453,1.0026,-0.002255,0.8897,0.0383,-0.4153,6.9328,-0.866,702,-0.002255,0.034462,-1.734,0.08334906,349,353,-0.002549906064341317,-0.001964352144442604,AVAX,1h,stoch_cross,mean_reversion,12h,F,False,False
-0.7811,-1.1921,-0.6212,-0.8686,434,0.8718,0.4872,0.9177,-0.002401,0.8344,0.0255,0.0009,0.9583,-0.8027,468,-0.002401,0.045973,-1.1298,0.2591319,238,230,-0.002555581301558622,-0.002240967588532914,AVAX,1h,stoch_cross,mean_reversion,1d,F,False,False
-1.6968,-1.965,-0.7677,-0.9669,1985,0.851,0.4886,0.8906,-0.001073,0.8881,0.1198,-1.7369,20.8045,-0.9414,2198,-0.001073,0.020504,-2.4545,0.01418704,1096,1102,-0.0008285100537776316,-0.001317021643233848,DOT,1h,vwap_mr,mean_reversion,4h,F,False,False
-0.5144,-0.6499,-0.5553,-0.9023,834,0.9333,0.4816,1.0045,-0.000819,0.9859,0.0549,-0.6802,7.1368,-0.7665,1007,-0.000819,0.034947,-0.744,0.45703433,507,500,-0.0008743484668437568,-0.0007636544768901117,DOT,1h,vwap_mr,mean_reversion,12h,F,False,False
-0.5955,-0.7953,-0.5969,-0.8931,567,0.9085,0.482,0.9763,-0.001564,0.8819,0.0334,-0.5667,5.7737,-0.7968,612,-0.001564,0.044929,-0.8613,0.38939338,312,300,-0.0023537099855929105,-0.0007433232442493102,DOT,1h,vwap_mr,mean_reversion,1d,F,False,False
-1.1536,-1.6813,-0.6122,-0.9005,1276,0.8949,0.4664,1.0238,-0.000687,0.9256,0.1072,0.6074,7.8536,-0.813,1966,-0.000687,0.018252,-1.6687,0.0953294,976,990,-0.0007952699967608471,-0.0005800990058167459,DOT,1h,stoch_rsi,mean_reversion,4h,F,False,False
-0.651,-0.8932,-0.6037,-0.9046,729,0.919,0.4827,0.9849,-0.000973,1.0032,0.0583,0.1188,8.4732,-0.8085,1069,-0.000973,0.03377,-0.9417,0.34657833,522,547,-0.0009267438125571395,-0.001016352621542014,DOT,1h,stoch_rsi,mean_reversion,12h,F,False,False
-0.2839,-0.3876,-0.5292,-0.8296,400,0.9543,0.496,0.9696,-0.000778,0.8889,0.0342,-0.3207,7.4448,-0.7017,627,-0.000778,0.047419,-0.4107,0.68141871,318,309,-0.0003030258876801608,-0.0012663828910172384,DOT,1h,stoch_rsi,mean_reversion,1d,F,False,False
-1.7201,-2.5832,-0.8434,-0.9732,3721,0.8843,0.4608,1.0347,-0.000783,0.9825,0.203,1.231,18.7575,-0.9726,3724,-0.000783,0.01921,-2.4882,0.01288367,1665,2059,-0.0008261254700129873,-0.0007485547337680243,DOT,1h,ema_ribbon,trend,4h,F,False,False
-0.711,-0.9815,-0.6491,-0.9242,827,0.9224,0.4881,0.9672,-0.000898,0.9627,0.0736,-0.2501,10.5953,-0.8529,1350,-0.000898,0.032068,-1.0284,0.30392507,606,744,-0.001300527539170408,-0.0005694139018564624,DOT,1h,ema_ribbon,trend,12h,F,False,False
-0.178,-0.259,-0.5217,-0.77,355,0.9732,0.4993,0.9759,-0.000443,0.8635,0.039,0.1675,5.9326,-0.6587,715,-0.000443,0.045965,-0.2575,0.79683443,320,395,-0.0009754003654913045,-1.1177429062606028e-05,DOT,1h,ema_ribbon,trend,1d,F,False,False
-0.3607,-0.4914,-0.2308,-0.3238,118,0.8818,0.4774,0.9653,-0.000846,0.746,0.0085,0.1917,4.1217,-0.15,155,-0.000846,0.020183,-0.5217,0.60263432,85,70,-0.0009112537946914461,-0.0007661311077193016,DOT,1h,bollinger_mr,mean_reversion,4h,F,False,False
0.4424,0.5466,0.2712,-0.3346,76,1.1752,0.5497,0.9628,0.001812,0.9256,0.0082,-0.2565,6.7322,0.1994,151,0.001812,0.034796,0.6399,0.52323465,82,69,0.0028470591278718935,0.0005816352955100012,DOT,1h,bollinger_mr,mean_reversion,12h,D,False,False
0.3501,0.3659,0.1107,-0.4905,28,1.1308,0.5764,0.8311,0.002115,1.0068,0.0079,-1.9255,9.1953,0.117,144,0.002115,0.050116,0.5065,0.61330252,78,66,0.0051986908285942286,-0.0015289102713182921,DOT,1h,bollinger_mr,mean_reversion,1d,D,False,False
-0.6634,-0.828,-0.4046,-0.5062,270,0.8748,0.4614,1.0213,-0.000895,1.028,0.024,-0.9558,7.2142,-0.381,440,-0.000895,0.019572,-0.9596,0.33776633,237,203,-0.0006112659649725211,-0.00122711614891337,DOT,1h,rsi_extreme,mean_reversion,4h,F,False,False
-0.4756,-0.5909,-0.4223,-0.6814,312,0.8871,0.4985,0.8925,-0.001432,0.9222,0.0179,-0.264,12.935,-0.5084,329,-0.001432,0.037748,-0.688,0.49191844,179,150,-0.004603142958530079,0.0023524806598378602,DOT,1h,rsi_extreme,mean_reversion,12h,F,False,False
0.1121,0.1541,-0.1537,-0.5871,215,1.029,0.513,0.9768,0.000489,0.9525,0.0147,0.0444,4.3919,-0.1795,269,0.000489,0.049408,0.1622,0.87126819,142,127,-0.0018535079363792713,0.003107400784296246,DOT,1h,rsi_extreme,mean_reversion,1d,D,False,False
-1.6645,-2.5704,-0.8382,-0.9779,3437,0.8862,0.4621,1.0318,-0.000833,1.0213,0.1882,1.1426,15.4215,-0.9723,3452,-0.000833,0.020338,-2.4077,0.01610443,1694,1758,-0.0009495423484894913,-0.0007216048214325775,DOT,1h,momentum,trend,4h,F,False,False
-0.8229,-1.3289,-0.7117,-0.9514,1362,0.9088,0.4732,1.0116,-0.001132,0.9857,0.0743,1.2668,9.2859,-0.9061,1363,-0.001132,0.035103,-1.1903,0.23414322,659,704,-0.0015682819836724822,-0.0007230725196320537,DOT,1h,momentum,trend,12h,F,False,False
-0.4119,-0.624,-0.5287,-0.9462,427,0.939,0.4875,0.987,-0.001,1.0023,0.0394,0.6544,8.5157,-0.7658,722,-0.001,0.045118,-0.5958,0.55149492,344,378,-0.0017682311854216883,-0.00030168256309685875,DOT,1h,momentum,trend,1d,F,False,False
-0.9402,-1.7703,-0.5684,-0.7784,1033,0.8762,0.4444,1.0952,-0.000942,0.98,0.0564,2.9686,28.1527,-0.7055,1035,-0.000942,0.022274,-1.36,0.17413187,544,491,-0.0008250413898440692,-0.0010707047740559001,DOT,1h,range_breakout,trend,4h,F,False,False
-1.188,-1.5309,-0.6819,-0.9261,694,0.8254,0.4865,0.8711,-0.002308,0.8469,0.0384,-0.6011,9.3757,-0.8762,705,-0.002308,0.035656,-1.7184,0.08615912,357,348,-0.0016028764723098922,-0.0030305729533907713,DOT,1h,range_breakout,trend,12h,F,False,False
-0.3074,-0.4596,-0.4524,-0.8563,283,0.9449,0.5041,0.9296,-0.000956,0.9263,0.0268,0.5484,6.7649,-0.6413,492,-0.000956,0.047668,-0.4447,0.6567583,248,244,-0.0006202499920336256,-0.0012964400433445027,DOT,1h,range_breakout,trend,1d,F,False,False
-0.0929,-0.1351,-0.2103,-0.6238,881,0.9888,0.4937,1.0142,-7.3e-05,1.0336,0.0645,0.2164,7.3699,-0.2549,1183,-7.3e-05,0.018749,-0.1344,0.89312854,590,593,-0.0005341768883668452,0.000385345715594506,DOT,1h,macd_scalp,trend,4h,F,False,False
-1.0312,-1.5412,-0.6722,-0.8729,749,0.8671,0.4734,0.9644,-0.001696,0.9471,0.0451,0.2235,3.7934,-0.8426,828,-0.001696,0.032719,-1.4916,0.13617885,429,399,-0.004109757701629688,0.0008990601580634058,DOT,1h,macd_scalp,trend,12h,F,False,False
-1.0314,-1.5121,-0.6883,-0.9212,502,0.8382,0.4617,0.9773,-0.0029,1.0273,0.0292,-0.11,4.9392,-0.8779,535,-0.0029,0.044961,-1.492,0.13629563,287,248,-0.0046846151818486165,-0.0008351145585462059,DOT,1h,macd_scalp,trend,1d,F,False,False
0.2832,0.3699,0.137,-0.2919,206,1.0784,0.5234,0.9818,0.000557,1.0323,0.014,-0.1947,3.4822,0.0855,256,0.000557,0.02177,0.4097,0.68240152,131,125,0.0018474969643805115,-0.0007946519589890242,DOT,1h,keltner_mr,mean_reversion,4h,D,False,False
-0.0201,-0.0237,-0.1609,-0.5759,166,0.9938,0.5,0.9938,-8.3e-05,1.0675,0.0114,-0.8669,5.9007,-0.1841,210,-8.3e-05,0.041521,-0.0291,0.97682899,106,104,0.0022796303576260494,-0.0024917077759810382,DOT,1h,keltner_mr,mean_reversion,12h,F,False,False
-0.582,-0.5685,-0.4981,-0.7653,147,0.8212,0.538,0.7051,-0.003577,0.8419,0.01,-2.4643,11.8246,-0.6337,184,-0.003577,0.057623,-0.8419,0.40092964,93,91,-0.00477432940655133,-0.0023523595452312677,DOT,1h,keltner_mr,mean_reversion,1d,F,False,False
-0.8333,-1.869,-0.4237,-0.4992,184,0.7144,0.4162,1.0021,-0.002362,0.7462,0.0101,6.2003,63.5536,-0.3918,185,-0.002362,0.026655,-1.2054,0.2295954,115,70,-0.002294939234251609,-0.0024727584715399137,DOT,1h,dual_ema_adx,trend,4h,F,False,False
-0.5231,-0.9187,-0.3484,-0.579,122,0.841,0.5062,0.8205,-0.002227,0.9703,0.0088,1.4075,7.2315,-0.3759,162,-0.002227,0.037463,-0.7566,0.45037619,105,57,-0.0013709732745465343,-0.0038039722918432237,DOT,1h,dual_ema_adx,trend,12h,F,False,False
-1.1267,-1.7,-0.5558,-0.8314,118,0.6871,0.4481,0.8464,-0.006988,0.7523,0.0084,0.6846,7.5407,-0.7267,154,-0.006988,0.05321,-1.6298,0.10519091,102,52,-0.007333389648782137,-0.006311865406282819,DOT,1h,dual_ema_adx,trend,1d,F,False,False
0.2021,0.3909,0.0158,-0.3995,349,1.0434,0.4676,1.1882,0.000366,1.1889,0.0244,2.5188,19.3781,0.0132,447,0.000366,0.026504,0.2923,0.77018286,203,244,-0.00024481706227077045,0.0008749976466606115,DOT,1h,vol_spike_brk,trend,4h,D,False,False
-0.8905,-1.1591,-0.59,-0.8363,366,0.8118,0.4659,0.9305,-0.002909,0.8083,0.02,-0.3964,11.1122,-0.759,367,-0.002909,0.043266,-1.2882,0.19850508,168,199,-0.002790967299136576,-0.003009179048756065,DOT,1h,vol_spike_brk,trend,12h,F,False,False
-0.7375,-1.2151,-0.5989,-0.8658,260,0.8347,0.4637,0.9653,-0.003328,0.949,0.0173,1.5274,11.804,-0.7833,317,-0.003328,0.055548,-1.0668,0.2868611,142,175,-0.00040338813350463673,-0.005701849729073863,DOT,1h,vol_spike_brk,trend,1d,F,False,False
-2.2241,-2.4607,-0.7099,-0.9066,751,0.7263,0.4638,0.8399,-0.001949,0.8218,0.0549,-2.601,30.3562,-0.8845,1007,-0.001949,0.019222,-3.2172,0.00133578,464,543,-0.002447875687007773,-0.0015222108498645036,DOT,1h,stoch_cross,mean_reversion,4h,F,False,False
-1.6571,-1.9699,-0.7294,-0.9493,650,0.7595,0.4543,0.9124,-0.003062,0.8529,0.037,-1.0348,6.4193,-0.9152,678,-0.003062,0.033263,-2.3971,0.016797,313,365,-0.0029308030307412017,-0.0031747864435597317,DOT,1h,stoch_cross,mean_reversion,12h,F,False,False
-1.1328,-1.4766,-0.6889,-0.9075,457,0.8125,0.4769,0.8912,-0.003309,0.8494,0.026,-0.6206,3.4738,-0.8717,476,-0.003309,0.044052,-1.6386,0.10195355,218,258,-0.0035652890098385897,-0.0030917207200131876,DOT,1h,stoch_cross,mean_reversion,1d,F,False,False
-1.9572,-2.4046,-0.8165,-0.9672,2106,0.8345,0.4787,0.9086,-0.001268,0.8832,0.1192,-0.7996,9.0949,-0.9617,2187,-0.001268,0.020948,-2.8312,0.00468045,1079,1108,-0.0006933477889448832,-0.001827927428078004,LINK,1h,vwap_mr,mean_reversion,4h,F,False,False
-0.3494,-0.4759,-0.5517,-0.7707,856,0.9561,0.4926,0.9849,-0.000548,1.0681,0.055,-0.3133,4.0136,-0.6861,1009,-0.000548,0.03444,-0.5055,0.61333752,516,493,0.0010851814650156316,-0.002257477614426992,LINK,1h,vwap_mr,mean_reversion,12h,F,False,False
1.1148,1.5531,1.6487,-0.4749,248,1.1981,0.5155,1.1261,0.003197,1.1487,0.0334,-0.3131,3.6993,2.3537,613,0.003197,0.04908,1.6126,0.10734582,306,307,0.004553181980494714,0.0018446756133763506,LINK,1h,vwap_mr,mean_reversion,1d,C,False,False
-2.2901,-3.0511,-0.7964,-0.9641,1757,0.8061,0.4517,0.9785,-0.001365,0.9042,0.1084,-0.4622,7.2565,-0.9529,1988,-0.001365,0.018377,-3.3127,0.00094065,987,1001,-0.0008810383056157221,-0.0018429022943686649,LINK,1h,stoch_rsi,mean_reversion,4h,F,False,False
-1.0832,-1.454,-0.7284,-0.9252,961,0.8737,0.4841,0.931,-0.001611,0.9168,0.0584,-0.3603,3.9465,-0.9041,1072,-0.001611,0.033664,-1.5668,0.11744608,532,540,-0.001078784992214089,-0.002135304620522719,LINK,1h,stoch_rsi,mean_reversion,12h,F,False,False
-0.239,-0.3482,-0.5265,-0.7603,601,0.9635,0.4984,0.9697,-0.000633,1.0358,0.0343,-0.1657,1.6827,-0.657,630,-0.000633,0.045933,-0.3457,0.72966033,307,323,-0.0001421814623930012,-0.0010989162125497828,LINK,1h,stoch_rsi,mean_reversion,1d,F,False,False
-2.2348,-3.292,-0.8975,-0.9907,3691,0.855,0.4523,1.0355,-0.00105,0.9829,0.2016,0.5631,9.3743,-0.99,3697,-0.00105,0.01975,-3.2327,0.00123705,1741,1956,-0.0008889259911914908,-0.0011934760647196664,LINK,1h,ema_ribbon,trend,4h,F,False,False
-0.8741,-1.4154,-0.7265,-0.9016,730,0.9094,0.4652,1.0455,-0.001122,1.0151,0.0736,0.5594,3.4278,-0.8921,1350,-0.001122,0.032594,-1.2645,0.20628102,628,722,-0.000526422663374361,-0.001639490235852368,LINK,1h,ema_ribbon,trend,12h,F,False,False
-0.4602,-0.7222,-0.5872,-0.9161,386,0.9342,0.4677,1.0633,-0.001171,1.0874,0.0388,0.3446,2.8676,-0.8012,712,-0.001171,0.046932,-0.6657,0.5058259,332,380,-0.0002279576595804139,-0.001994632621196103,LINK,1h,ema_ribbon,trend,1d,F,False,False
-0.2845,-0.4312,-0.2009,-0.3786,145,0.9122,0.4744,1.0108,-0.000782,0.8186,0.0085,0.5832,3.9635,-0.1525,156,-0.000782,0.023739,-0.4116,0.68122343,75,81,0.0023611586093767833,-0.0036927831176263907,LINK,1h,bollinger_mr,mean_reversion,4h,F,False,False
0.1045,0.1526,-0.0374,-0.3586,138,1.0342,0.4899,1.0767,0.00044,0.8852,0.0081,-0.0858,0.8918,-0.0279,149,0.00044,0.035544,0.1511,0.8800845,74,75,0.003018082893394375,-0.0021036082010472586,LINK,1h,bollinger_mr,mean_reversion,12h,D,False,False
0.0535,0.0863,-0.1158,-0.3797,128,1.017,0.5147,0.9588,0.000296,0.9622,0.0074,-0.065,-0.0632,-0.0898,136,0.000296,0.044511,0.0774,0.93840049,66,70,0.0025584956345257323,-0.001838154438349496,LINK,1h,bollinger_mr,mean_reversion,1d,D,False,False
-1.31,-1.6174,-0.5457,-0.6579,334,0.7671,0.4693,0.8674,-0.001824,0.7562,0.0249,-1.0051,10.1715,-0.6057,456,-0.001824,0.020554,-1.895,0.05872576,231,225,-0.0007041560947076179,-0.002973643210765324,LINK,1h,rsi_extreme,mean_reversion,4h,F,False,False
-0.5526,-0.7034,-0.4932,-0.6154,342,0.8833,0.5131,0.8381,-0.00155,0.9016,0.0187,-0.5029,4.2057,-0.5309,343,-0.00155,0.035908,-0.7994,0.42464184,170,173,0.000694284540964191,-0.003755013070062498,LINK,1h,rsi_extreme,mean_reversion,12h,F,False,False
-0.2504,-0.319,-0.4088,-0.6435,192,0.9414,0.5112,0.9001,-0.0011,0.9094,0.0146,-0.8579,4.603,-0.4721,268,-0.0011,0.049719,-0.3622,0.7174694,136,132,0.002251460128446438,-0.0045532272259713735,LINK,1h,rsi_extreme,mean_reversion,1d,F,False,False
-1.8835,-2.7394,-0.8766,-0.9872,3444,0.8719,0.4626,1.0128,-0.000981,0.939,0.1897,0.6662,10.5035,-0.9849,3480,-0.000981,0.021237,-2.7245,0.00647242,1746,1734,-0.0008621816875866288,-0.0011002643188278035,LINK,1h,momentum,trend,4h,F,False,False
-0.6647,-0.9583,-0.7016,-0.8947,1378,0.9303,0.4714,1.0434,-0.000896,0.9854,0.0752,-0.0189,3.4934,-0.8735,1379,-0.000896,0.034621,-0.9615,0.33647767,648,731,-0.0005868663529504134,-0.001170800650763121,LINK,1h,momentum,trend,12h,F,False,False
-0.6954,-1.081,-0.7,-0.9104,422,0.9044,0.4392,1.1546,-0.001785,1.0549,0.0395,0.1467,1.5772,-0.8802,724,-0.001785,0.047759,-1.0058,0.31482562,370,354,-0.0016848816720156164,-0.0018903126992847168,LINK,1h,momentum,trend,1d,F,False,False
-0.5036,-0.8738,-0.4809,-0.6499,1005,0.9346,0.442,1.1798,-0.000522,1.0533,0.055,1.4511,9.2617,-0.5435,1009,-0.000522,0.022782,-0.7284,0.46652573,519,490,-0.00016463767477773114,-0.0009013814958072624,LINK,1h,range_breakout,trend,4h,F,False,False
-0.8236,-1.2812,-0.624,-0.835,684,0.8806,0.4668,1.006,-0.001603,0.9408,0.0377,0.5154,3.8487,-0.7857,692,-0.001603,0.035385,-1.1914,0.23390419,348,344,-0.00037574715096964326,-0.002843697362755577,LINK,1h,range_breakout,trend,12h,F,False,False
-0.478,-0.7996,-0.5744,-0.807,484,0.9187,0.4907,0.9535,-0.001523,0.9949,0.0264,0.5754,3.1599,-0.7283,485,-0.001523,0.048496,-0.6915,0.48959262,251,234,-0.0012107376355592553,-0.0018573537473034346,LINK,1h,range_breakout,trend,1d,F,False,False
-0.8064,-1.2399,-0.5778,-0.6739,646,0.9097,0.4678,1.0347,-0.000642,1.0035,0.0678,0.5548,5.0129,-0.6437,1244,-0.000642,0.019412,-1.1665,0.24362634,621,623,-0.0004285109079116727,-0.0008548764546502229,LINK,1h,macd_scalp,trend,4h,F,False,False
-0.1166,-0.1758,-0.4058,-0.6936,766,0.9843,0.4746,1.0896,-0.000203,1.0308,0.0462,0.1183,2.5375,-0.4992,847,-0.000203,0.035031,-0.1687,0.86606308,427,420,-0.0008929455071180502,0.0004982899142846603,LINK,1h,macd_scalp,trend,12h,F,False,False
-0.3209,-0.4906,-0.536,-0.7945,490,0.9466,0.4819,1.0175,-0.000948,0.9189,0.0302,0.5139,5.1913,-0.6868,554,-0.000948,0.04808,-0.4642,0.64271708,274,280,-0.0011294555846256878,-0.0007707399866487207,LINK,1h,macd_scalp,trend,1d,F,False,False
-0.2834,-0.3926,-0.2413,-0.3474,145,0.9322,0.4891,0.974,-0.00048,0.8673,0.0149,0.058,3.7312,-0.1674,274,-0.00048,0.019403,-0.4099,0.68220661,121,153,-0.0011318880834690122,3.469399200910625e-05,LINK,1h,keltner_mr,mean_reversion,4h,F,False,False
0.5418,0.6711,0.4539,-0.3052,168,1.1642,0.5275,1.0427,0.001899,0.8428,0.0119,-0.8854,6.1724,0.3118,218,0.001899,0.035779,0.7837,0.43406615,102,116,0.0020203344313383742,0.0017925841229302812,LINK,1h,keltner_mr,mean_reversion,12h,C,False,False
0.1951,0.2923,-0.0321,-0.5022,117,1.0563,0.5137,1.0001,0.001028,0.9254,0.01,-0.0693,0.8161,-0.0334,183,0.001028,0.04928,0.2823,0.77804753,85,98,0.004905561540630467,-0.0023345942700875697,LINK,1h,keltner_mr,mean_reversion,1d,D,False,False
-1.0482,-1.5843,-0.4768,-0.3615,140,0.721,0.4259,0.9718,-0.002261,0.8888,0.0088,0.2177,1.5677,-0.3269,162,-0.002261,0.018983,-1.5162,0.13143881,94,68,-0.0023626969846232857,-0.0021210067908261744,LINK,1h,dual_ema_adx,trend,4h,F,False,False
0.2205,0.3698,0.0759,-0.2939,102,1.0824,0.507,1.0523,0.000995,0.9652,0.0077,1.1214,4.9949,0.0472,142,0.000995,0.037177,0.3189,0.75026916,84,58,-0.0004672744996739586,0.0031126288574651185,LINK,1h,dual_ema_adx,trend,12h,D,False,False
-0.0258,-0.0433,-0.1704,-0.4102,97,0.9914,0.4889,1.0364,-0.000144,1.0517,0.0074,0.4412,1.233,-0.1407,135,-0.000144,0.044627,-0.0374,0.97023286,82,53,-0.00047145070791384337,0.0003636564337396673,LINK,1h,dual_ema_adx,trend,1d,F,False,False
0.6891,1.2698,0.862,-0.2394,147,1.148,0.4757,1.2654,0.001177,1.2587,0.0246,1.2998,5.5833,0.4807,452,0.001177,0.025093,0.9968,0.31938679,210,242,0.0013487315003493686,0.001027074856557612,LINK,1h,vol_spike_brk,trend,4h,C,False,False
-0.3059,-0.5089,-0.4317,-0.5699,374,0.9406,0.4762,1.0346,-0.000858,1.0892,0.0206,0.4395,1.9425,-0.4462,378,-0.000858,0.037706,-0.4425,0.65837548,174,204,0.0017216006520234053,-0.0030585908933930643,LINK,1h,vol_spike_brk,trend,12h,F,False,False
0.091,0.1444,-0.2542,-0.5746,222,1.0203,0.5094,0.9827,0.000395,1.1553,0.0174,0.3623,3.2808,-0.2814,320,0.000395,0.053648,0.1316,0.8953714,149,171,0.0031716243044550866,-0.0020249323225003273,LINK,1h,vol_spike_brk,trend,1d,D,False,False
-2.9007,-3.5346,-0.7871,-0.9456,1036,0.6822,0.4493,0.8362,-0.002509,0.8087,0.0575,-1.1212,9.7699,-0.9424,1055,-0.002509,0.019422,-4.1959,2.947e-05,495,560,-0.0027686129692860366,-0.002279326746787204,LINK,1h,stoch_cross,mean_reversion,4h,F,False,False
-1.6594,-2.2275,-0.7473,-0.9418,701,0.7781,0.461,0.9098,-0.003034,0.8967,0.0384,-0.4222,2.8795,-0.9216,705,-0.003034,0.033559,-2.4003,0.01664122,326,379,-0.002781472633825132,-0.0032507138151033014,LINK,1h,stoch_cross,mean_reversion,12h,F,False,False
-0.4077,-0.6123,-0.5013,-0.8465,322,0.9307,0.4783,1.0154,-0.001267,1.0051,0.0263,-0.0821,1.4835,-0.6851,483,-0.001267,0.047229,-0.5897,0.55564503,238,245,0.0015338139445434603,-0.003988437302431913,LINK,1h,stoch_cross,mean_reversion,1d,F,False,False
-2.1153,-2.3676,-0.8697,-0.9862,2091,0.8169,0.4959,0.8305,-0.001569,0.8519,0.119,-1.9193,21.1221,-0.9831,2182,-0.001569,0.02396,-3.0598,0.00224209,1179,1003,-0.0013332152131868699,-0.001847170776835529,UNI,1h,vwap_mr,mean_reversion,4h,F,False,False
-0.2363,-0.3131,-0.5746,-0.8724,988,0.9667,0.5196,0.8939,-0.000472,0.8476,0.0557,1.7849,36.3066,-0.7668,1022,-0.000472,0.044167,-0.3418,0.73260768,551,471,9.165692024057426e-05,-0.0011317255578497097,UNI,1h,vwap_mr,mean_reversion,12h,F,False,False
-0.4487,-0.5306,-0.6866,-0.8725,570,0.927,0.5106,0.8885,-0.001457,0.8902,0.0334,-1.3219,8.5446,-0.8523,613,-0.001457,0.055588,-0.649,0.51658281,329,284,-0.00010489249319987368,-0.0030236068523429444,UNI,1h,vwap_mr,mean_reversion,1d,F,False,False
-1.6158,-2.3166,-0.737,-0.9361,1863,0.8557,0.4593,1.0072,-0.001067,0.8621,0.1053,0.3756,6.1525,-0.9137,1931,-0.001067,0.020065,-2.3373,0.01952684,981,950,-0.0010596025443707763,-0.0010751398899943175,UNI,1h,stoch_rsi,mean_reversion,4h,F,False,False
-1.2511,-1.9464,-0.8093,-0.9797,1034,0.8393,0.466,0.9616,-0.002294,0.7464,0.0578,2.7823,36.3362,-0.9629,1060,-0.002294,0.041277,-1.8098,0.07061504,539,521,-0.0014069414374046191,-0.003212567517296568,UNI,1h,stoch_rsi,mean_reversion,12h,F,False,False
0.0172,0.0287,-0.41,-0.9108,313,1.0031,0.4889,1.0488,5.8e-05,0.967,0.0342,2.5528,29.2241,-0.6239,628,5.8e-05,0.058721,0.0249,0.98012093,322,306,0.0004242226888453417,-0.0003265292195745672,UNI,1h,stoch_rsi,mean_reversion,1d,D,False,False
-2.034,-2.6358,-0.9398,-0.997,3630,0.8533,0.4496,1.0445,-0.001243,0.9695,0.1981,-1.5037,84.6191,-0.9969,3634,-0.001243,0.025466,-2.9422,0.00327958,1713,1921,-0.0011183561426981155,-0.0013539691066459078,UNI,1h,ema_ribbon,trend,4h,F,False,False
-1.1078,-1.5108,-0.8667,-0.982,1316,0.8741,0.4522,1.0587,-0.001925,1.0228,0.0731,-0.8335,31.0282,-0.9814,1340,-0.001925,0.04398,-1.6025,0.10928362,629,711,-0.0013803605006172566,-0.0024074036950267256,UNI,1h,ema_ribbon,trend,12h,F,False,False
-0.6674,-1.0266,-0.7309,-0.9782,637,0.8985,0.4549,1.0766,-0.002078,0.9671,0.0387,1.0024,10.7898,-0.9277,710,-0.002078,0.057368,-0.9654,0.33468037,330,380,-0.0014204534753972041,-0.0026498767622522464,UNI,1h,ema_ribbon,trend,1d,F,False,False
0.3512,0.4574,0.2131,-0.2606,154,1.1212,0.5269,1.0065,0.001001,0.8033,0.0091,-0.2454,3.3684,0.1197,167,0.001001,0.02547,0.5081,0.61206964,78,89,0.0013983568686727415,0.0006534841929730515,UNI,1h,bollinger_mr,mean_reversion,4h,D,False,False
-0.2706,-0.3524,-0.3764,-0.4744,114,0.919,0.4815,0.9896,-0.001435,0.8496,0.0088,-0.4252,0.7194,-0.3374,162,-0.001435,0.046673,-0.3914,0.69602657,77,85,-0.00035555539494529817,-0.002413246656703629,UNI,1h,bollinger_mr,mean_reversion,12h,F,False,False
0.4553,0.6505,0.2951,-0.3658,76,1.1657,0.5578,0.924,0.003381,1.0552,0.008,0.2024,3.1044,0.2392,147,0.003381,0.062244,0.6587,0.51115643,69,78,-0.0006391354539368141,0.006937980697390637,UNI,1h,bollinger_mr,mean_reversion,1d,D,False,False
-0.3824,-0.5242,-0.3096,-0.5621,414,0.9228,0.5035,0.9099,-0.000646,0.9068,0.0233,0.4147,8.3347,-0.3297,427,-0.000646,0.024149,-0.5531,0.58049223,224,203,-0.0024742426156800215,0.00137058036863421,UNI,1h,rsi_extreme,mean_reversion,4h,F,False,False
-0.2768,-0.2979,-0.4604,-0.635,267,0.9341,0.5122,0.8896,-0.001026,1.0248,0.0179,-2.231,16.2111,-0.515,328,-0.001026,0.046404,-0.4004,0.68913999,170,158,-0.003052108535232046,0.0011542967121934038,UNI,1h,rsi_extreme,mean_reversion,12h,F,False,False
-0.0233,-0.0255,-0.3664,-0.6661,116,0.9936,0.5226,0.9079,-0.000127,0.8178,0.0145,-1.5713,12.5802,-0.4431,266,-0.000127,0.061384,-0.0336,0.97318295,131,135,-0.0015862439397885174,0.0012897112193596333,UNI,1h,rsi_extreme,mean_reversion,1d,F,False,False
-0.472,-0.7961,-0.6629,-0.9595,3545,0.9648,0.4696,1.0897,-0.000283,1.0438,0.1982,3.7834,70.7008,-0.8794,3635,-0.000283,0.025014,-0.6828,0.4947685,1767,1868,0.00016721585388863332,-0.0007094440174502645,UNI,1h,momentum,trend,4h,F,False,False
-1.8852,-2.1531,-0.9406,-0.9978,1386,0.8005,0.4634,0.9267,-0.003102,0.9555,0.0768,-2.5727,31.4155,-0.9971,1409,-0.003102,0.042702,-2.727,0.00647093,683,726,-0.0023420503192598686,-0.0038173720362946915,UNI,1h,momentum,trend,12h,F,False,False
-1.3668,-1.8085,-0.8925,-0.9907,720,0.8075,0.4385,1.0338,-0.004299,1.0833,0.0399,-0.7578,10.8177,-0.989,732,-0.004299,0.058833,-1.9771,0.04840651,368,364,-0.002825818531679358,-0.0057888772844704554,UNI,1h,momentum,trend,1d,F,False,False
-0.9829,-1.7204,-0.603,-0.8693,982,0.8701,0.4208,1.1974,-0.001208,1.0336,0.0544,2.2518,19.627,-0.7886,998,-0.001208,0.026838,-1.4217,0.15541448,488,510,-0.001014754625071314,-0.0013926146773246002,UNI,1h,range_breakout,trend,4h,F,False,False
-1.4517,-1.7013,-0.8397,-0.9751,682,0.7776,0.4424,0.9802,-0.003808,0.9285,0.0378,-2.5461,35.5428,-0.972,694,-0.003808,0.047772,-2.0999,0.03609925,337,357,-0.0006694594940449764,-0.006770653754341504,UNI,1h,range_breakout,trend,12h,F,False,False
-1.0934,-1.296,-0.8307,-0.9782,473,0.7997,0.4606,0.9366,-0.004621,0.9803,0.0263,-2.4401,31.9243,-0.9699,482,-0.004621,0.064148,-1.5816,0.11440067,229,253,0.00033041812035210764,-0.009103012599311221,UNI,1h,range_breakout,trend,1d,F,False,False
-1.1527,-1.6836,-0.6507,-0.8723,1167,0.861,0.4587,1.016,-0.001172,0.9311,0.0654,1.6035,24.3797,-0.827,1199,-0.001172,0.024332,-1.6673,0.095708,586,613,-0.0004336910809117257,-0.001877101453554826,UNI,1h,macd_scalp,trend,4h,F,False,False
0.0205,0.0251,-0.3621,-0.7964,315,1.0031,0.5175,0.9351,4.1e-05,1.005,0.0467,-1.0676,16.7417,-0.5093,856,4.1e-05,0.040797,0.0296,0.97639151,434,422,0.0006523264001885856,-0.0005871477195262696,UNI,1h,macd_scalp,trend,12h,D,False,False
-0.1838,-0.2134,-0.6157,-0.8277,295,0.9654,0.4936,0.9906,-0.00069,0.9957,0.0296,-1.7175,16.5039,-0.7748,543,-0.00069,0.060434,-0.2659,0.79044595,278,265,-0.00013368487934325212,-0.0012726025329097036,UNI,1h,macd_scalp,trend,1d,F,False,False
-1.1609,-1.4624,-0.5069,-0.6684,301,0.7468,0.477,0.8189,-0.002504,0.6253,0.0166,-0.1091,6.0093,-0.5792,304,-0.002504,0.025999,-1.6793,0.09412541,154,150,-0.0008616676253636716,-0.004190316590757977,UNI,1h,keltner_mr,mean_reversion,4h,F,False,False
-0.0101,-0.0128,-0.2132,-0.5102,241,0.9974,0.5021,0.9892,-4e-05,0.8977,0.0132,-0.6386,1.8753,-0.2141,243,-4e-05,0.043204,-0.0146,0.98839099,127,116,0.0014364675315315077,-0.0016572496878712519,UNI,1h,keltner_mr,mean_reversion,12h,F,False,False
0.487,0.6221,0.3861,-0.3027,55,1.1534,0.5728,0.8601,0.002934,1.0274,0.0112,-0.2128,4.4044,0.2602,206,0.002934,0.059783,0.7044,0.48197991,105,101,0.001172557120307972,0.004765244850307526,UNI,1h,keltner_mr,mean_reversion,1d,D,False,False
-0.7789,-1.1842,-0.4518,-0.4317,162,0.7707,0.487,0.8117,-0.002041,0.7347,0.0105,1.4257,12.1197,-0.365,193,-0.002041,0.025162,-1.1267,0.2612947,98,95,-0.00268063808688224,-0.001380288951047544,UNI,1h,dual_ema_adx,trend,4h,F,False,False
0.3403,0.5785,0.1387,-0.4438,100,1.1185,0.4826,1.1993,0.001515,1.1918,0.0094,1.2128,7.0329,0.1332,172,0.001515,0.040371,0.4922,0.62318477,83,89,-0.0016171682527599959,0.0044364239850962495,UNI,1h,dual_ema_adx,trend,12h,D,False,False
-0.0133,-0.0219,-0.2138,-0.4646,94,0.9956,0.5419,0.8416,-8.1e-05,0.8471,0.0085,1.0118,5.9577,-0.1966,155,-8.1e-05,0.052419,-0.0192,0.98470829,78,77,0.0010469384984860047,-0.0012232442355151268,UNI,1h,dual_ema_adx,trend,1d,F,False,False
-0.1335,-0.2426,-0.237,-0.6288,338,0.9729,0.462,1.1328,-0.000277,1.0895,0.0251,2.1189,15.1312,-0.2866,461,-0.000277,0.030771,-0.1931,0.84698845,229,232,0.0009394790209665919,-0.0014771521102545132,UNI,1h,vol_spike_brk,trend,4h,F,False,False
-0.1832,-0.2216,-0.5219,-0.7512,382,0.9573,0.4719,1.0711,-0.000758,1.1253,0.0214,-2.0941,33.125,-0.647,392,-0.000758,0.056637,-0.2651,0.79109365,190,202,0.00440425384210311,-0.005614094169307434,UNI,1h,vol_spike_brk,trend,12h,F,False,False
-1.1454,-1.3327,-0.8147,-0.9709,326,0.7516,0.4458,0.9344,-0.00647,1.0842,0.0181,-2.619,29.3447,-0.9622,332,-0.00647,0.071156,-1.6569,0.09849618,158,174,-0.00146667010590286,-0.011013886922335184,UNI,1h,vol_spike_brk,trend,1d,F,False,False
-2.237,-2.7941,-0.7574,-0.9192,1029,0.7404,0.459,0.8726,-0.002166,0.7515,0.0565,-0.5794,7.2727,-0.9173,1037,-0.002166,0.021556,-3.2359,0.00125094,541,496,-0.002156241449478558,-0.0021767307393666196,UNI,1h,stoch_cross,mean_reversion,4h,F,False,False
-1.1281,-1.4593,-0.6922,-0.8914,670,0.841,0.4783,0.9172,-0.002237,0.8833,0.0377,-0.5672,2.6374,-0.8658,692,-0.002237,0.036055,-1.6318,0.10317638,361,331,-0.0023293846549339516,-0.00213527547498152,UNI,1h,stoch_cross,mean_reversion,12h,F,False,False
-0.6345,-0.8986,-0.634,-0.8472,463,0.8914,0.4697,1.0062,-0.002097,0.8603,0.0261,-0.0987,1.9558,-0.8005,479,-0.002097,0.050014,-0.9178,0.35919018,248,231,-0.0012836833549928815,-0.0029708468152643847,UNI,1h,stoch_cross,mean_reversion,1d,F,False,False
-2.4127,-2.8455,-0.8495,-0.9801,2198,0.8003,0.4692,0.9055,-0.001416,0.8583,0.1264,-1.6356,19.4813,-0.9763,2319,-0.001416,0.019533,-3.4899,0.00049216,1179,1140,-0.0011654866784831697,-0.0016742496000730044,ATOM,1h,vwap_mr,mean_reversion,4h,F,False,False
-1.2598,-1.5667,-0.7357,-0.9299,901,0.8507,0.4812,0.9171,-0.001796,0.9721,0.0566,-1.1787,9.2156,-0.9103,1039,-0.001796,0.031774,-1.8224,0.06868883,532,507,-0.0018192783370919148,-0.0017723400788100818,ATOM,1h,vwap_mr,mean_reversion,12h,F,False,False
-1.0467,-1.3849,-0.6965,-0.9157,565,0.8487,0.492,0.8764,-0.002518,0.7538,0.034,-0.5851,2.982,-0.8806,624,-0.002518,0.04154,-1.5141,0.1305113,323,301,-0.003163172623508863,-0.0018252878502879066,ATOM,1h,vwap_mr,mean_reversion,1d,F,False,False
-2.5773,-3.6887,-0.8087,-0.9586,1969,0.7878,0.4491,0.9663,-0.00142,0.8285,0.1088,0.2418,5.1787,-0.956,1995,-0.00142,0.01701,-3.728,0.00019835,985,1010,-0.0018241929483678936,-0.0010253303600182655,ATOM,1h,stoch_rsi,mean_reversion,4h,F,False,False
-1.2089,-1.7328,-0.7273,-0.9035,1079,0.8577,0.4561,1.0226,-0.001608,0.9013,0.059,0.3084,8.2747,-0.8935,1083,-0.001608,0.030264,-1.7487,0.08061896,528,555,-0.002663833271385099,-0.0006039233900095728,ATOM,1h,stoch_rsi,mean_reversion,12h,F,False,False
-0.4937,-0.7485,-0.5639,-0.8603,600,0.9243,0.4643,1.0663,-0.001244,0.9152,0.0344,0.3365,4.499,-0.7507,631,-0.001244,0.043775,-0.7141,0.47542896,305,326,-0.0020677902075865555,-0.00047409368354092826,ATOM,1h,stoch_rsi,mean_reversion,1d,F,False,False
-1.8815,-2.8819,-0.8389,-0.9746,3671,0.8763,0.4617,1.0217,-0.000801,0.9779,0.2022,1.1858,14.6722,-0.9716,3708,-0.000801,0.017918,-2.7217,0.00652544,1712,1996,-0.0009977595384857946,-0.0006319895742310346,ATOM,1h,ema_ribbon,trend,4h,F,False,False
-0.6197,-1.0268,-0.5933,-0.9141,784,0.9336,0.4598,1.097,-0.000745,1.1055,0.0739,0.834,5.1625,-0.8052,1355,-0.000745,0.03059,-0.8965,0.37016635,632,723,-0.0013018156811886153,-0.00025820786552928604,ATOM,1h,ema_ribbon,trend,12h,F,False,False
0.0079,0.0136,-0.2996,-0.8746,413,1.0012,0.486,1.0589,1.8e-05,1.1238,0.0389,0.8655,5.2577,-0.4704,714,1.8e-05,0.043049,0.0114,0.99088419,335,379,-0.0011014653658397266,0.001008279552116238,ATOM,1h,ema_ribbon,trend,1d,D,False,False
-0.7071,-0.9129,-0.3629,-0.3563,132,0.7857,0.4797,0.8521,-0.001741,0.7272,0.0081,-0.3537,2.0395,-0.2516,148,-0.001741,0.020712,-1.0229,0.30803968,86,62,-0.0017830240970683068,-0.0016837834018197599,ATOM,1h,bollinger_mr,mean_reversion,4h,F,False,False
-0.4937,-0.5209,-0.3104,-0.5722,110,0.8255,0.5069,0.8029,-0.002154,0.7077,0.0079,-1.6707,8.6998,-0.3358,144,-0.002154,0.036194,-0.7141,0.47633496,84,60,-0.0030488319333692804,-0.0009008189778658305,ATOM,1h,bollinger_mr,mean_reversion,12h,F,False,False
-0.596,-0.7323,-0.3527,-0.6918,106,0.8189,0.4889,0.8561,-0.003305,0.6729,0.0074,-0.9266,1.842,-0.443,135,-0.003305,0.044544,-0.8621,0.39015525,79,56,-0.006879367923452272,0.0017369057579359828,ATOM,1h,bollinger_mr,mean_reversion,1d,F,False,False
-1.3885,-1.8471,-0.5456,-0.5773,456,0.771,0.4551,0.923,-0.001587,0.8717,0.0249,-0.4521,3.5119,-0.5469,457,-0.001587,0.016893,-2.0086,0.04517372,253,204,-0.0017415079643159604,-0.0013957888266086635,ATOM,1h,rsi_extreme,mean_reversion,4h,F,False,False
-1.8309,-2.0083,-0.7212,-0.892,336,0.6417,0.4571,0.762,-0.005383,0.6376,0.0191,-1.5705,8.8693,-0.8843,350,-0.005383,0.038024,-2.6484,0.00845539,194,156,-0.007028986402423476,-0.0033353340462631284,ATOM,1h,rsi_extreme,mean_reversion,12h,F,False,False
-0.8705,-1.1646,-0.5444,-0.8061,263,0.8113,0.4397,1.0338,-0.003295,0.7808,0.0154,-0.3797,3.1629,-0.7014,282,-0.003295,0.043946,-1.2592,0.20901134,151,131,-0.005163434698354897,-0.0011417490755385841,ATOM,1h,rsi_extreme,mean_reversion,1d,F,False,False
-1.8525,-2.8806,-0.8316,-0.9764,3311,0.8725,0.4589,1.0289,-0.000871,0.9875,0.1823,1.2642,14.572,-0.9697,3343,-0.000871,0.018794,-2.6797,0.00740554,1646,1697,-0.000817588892745162,-0.0009228456359615306,ATOM,1h,momentum,trend,4h,F,False,False
0.4185,0.5661,0.019,-0.692,831,1.049,0.5183,0.975,0.000521,1.0455,0.073,-0.122,12.4118,0.0276,1339,0.000521,0.031512,0.6054,0.54499306,657,682,-2.827930189482352e-05,0.0010508970292315433,ATOM,1h,momentum,trend,12h,D,False,False
-0.6766,-1.0713,-0.6531,-0.9028,442,0.9032,0.4812,0.9739,-0.001622,0.9784,0.0391,0.5805,4.6888,-0.8449,717,-0.001622,0.044368,-0.9787,0.32806239,344,373,-0.0028015392159885908,-0.000533504764089363,ATOM,1h,momentum,trend,1d,F,False,False
-0.0586,-0.1012,-0.2971,-0.4268,1058,0.9919,0.4546,1.1899,-5.4e-05,1.0939,0.0583,2.1883,19.178,-0.247,1069,-5.4e-05,0.020843,-0.0848,0.9324439,552,517,0.00017860058020963978,-0.00030245561427212533,ATOM,1h,range_breakout,trend,4h,F,False,False
-0.2676,-0.3476,-0.4073,-0.7326,443,0.9579,0.4865,1.0109,-0.000486,0.905,0.0384,-0.3743,14.7887,-0.5236,705,-0.000486,0.03333,-0.3871,0.69879058,349,356,9.8984528730538e-05,-0.0010593584970592994,ATOM,1h,range_breakout,trend,12h,F,False,False
-0.7846,-1.1009,-0.6298,-0.8349,492,0.8682,0.4839,0.9261,-0.002201,0.9947,0.027,-0.1464,3.3293,-0.7901,496,-0.002201,0.043185,-1.135,0.25692531,256,240,-0.0030452802976469414,-0.0013001218926988944,ATOM,1h,range_breakout,trend,1d,F,False,False
-1.2577,-1.7209,-0.5681,-0.8274,925,0.856,0.4733,0.9525,-0.000975,0.9576,0.0634,-0.0708,4.4778,-0.7352,1162,-0.000975,0.018277,-1.8193,0.06912064,586,576,-0.0016068361539261242,-0.00033315419466732995,ATOM,1h,macd_scalp,trend,4h,F,False,False
-0.8425,-1.115,-0.5983,-0.8866,808,0.8843,0.4914,0.9151,-0.001391,0.8184,0.0446,-0.2774,9.7714,-0.7944,818,-0.001391,0.032654,-1.2187,0.22330177,428,390,-0.0033797062454505814,0.0007905980751857436,ATOM,1h,macd_scalp,trend,12h,F,False,False
-0.9905,-1.3044,-0.6323,-0.9617,392,0.8429,0.4888,0.8817,-0.002696,0.967,0.0291,-0.5751,2.9877,-0.8591,534,-0.002696,0.043482,-1.4328,0.15249235,252,282,-0.005203311166130174,-0.00045553576497687283,ATOM,1h,macd_scalp,trend,1d,F,False,False
-0.3681,-0.4908,-0.2784,-0.3907,287,0.9173,0.5,0.9173,-0.000592,0.7537,0.0168,-0.1869,2.5297,-0.2141,308,-0.000592,0.019501,-0.5324,0.59483688,154,154,-5.902348902397647e-05,-0.0011241263832167045,ATOM,1h,keltner_mr,mean_reversion,4h,F,False,False
-0.6594,-0.8324,-0.4248,-0.6473,223,0.833,0.4638,0.9629,-0.002215,0.975,0.0128,-0.5999,3.8677,-0.4897,235,-0.002215,0.035595,-0.9538,0.34115355,119,116,-0.0035145834383108585,-0.0008813505387940439,ATOM,1h,keltner_mr,mean_reversion,12h,F,False,False
-0.4002,-0.5822,-0.346,-0.656,157,0.8957,0.485,0.9512,-0.001762,0.8852,0.0109,-0.0794,1.0687,-0.4165,200,-0.001762,0.04304,-0.5789,0.56332573,100,100,-0.003007903269807595,-0.0005155859300566334,ATOM,1h,keltner_mr,mean_reversion,1d,F,False,False
-0.6843,-1.0025,-0.4873,-0.2437,178,0.8171,0.4469,1.0112,-0.001319,0.9069,0.0098,0.0217,1.6735,-0.2325,179,-0.001319,0.017825,-0.9899,0.32358548,113,66,0.0001397652803363757,-0.0038159435331748025,ATOM,1h,dual_ema_adx,trend,4h,F,False,False
-0.6094,-0.8856,-0.4936,-0.3616,145,0.8304,0.4481,1.0229,-0.002191,0.7753,0.0084,-0.17,0.7326,-0.3373,154,-0.002191,0.03085,-0.8815,0.37941202,103,51,-0.001984357188566072,-0.0026097175280995187,ATOM,1h,dual_ema_adx,trend,12h,F,False,False
-0.7171,-1.2688,-0.5402,-0.5069,134,0.8081,0.4583,0.955,-0.00372,0.9506,0.0079,0.2238,-0.3779,-0.488,144,-0.00372,0.043033,-1.0373,0.30134352,95,49,-0.002951067932419377,-0.005210349761009352,ATOM,1h,dual_ema_adx,trend,1d,F,False,False
0.554,1.1162,0.5678,-0.2518,172,1.1377,0.4629,1.3202,0.000982,1.1948,0.022,2.9159,21.0846,0.3225,404,0.000982,0.024624,0.8014,0.42337548,189,215,-2.2173917518198214e-05,0.0018642978258401506,ATOM,1h,vol_spike_brk,trend,4h,C,False,False
0.6437,1.2089,0.5884,-0.3653,150,1.1653,0.4751,1.2875,0.001813,1.215,0.0186,2.044,13.2842,0.5029,341,0.001813,0.035949,0.9311,0.35244269,161,180,1.698464540641921e-05,0.0034188243846434182,ATOM,1h,vol_spike_brk,trend,12h,C,False,False
-0.2022,-0.3303,-0.346,-0.6249,174,0.9541,0.4814,1.028,-0.000755,1.1799,0.0161,0.4682,2.5413,-0.3994,295,-0.000755,0.044341,-0.2925,0.77008413,143,152,-0.00408007648283832,0.002372786468125713,ATOM,1h,vol_spike_brk,trend,1d,F,False,False
-2.9175,-3.9687,-0.7555,-0.9186,1083,0.6931,0.4253,0.9364,-0.002102,0.8397,0.0602,-0.1741,4.6627,-0.9161,1105,-0.002102,0.016557,-4.2202,2.641e-05,497,608,-0.0024334181273729803,-0.0018310681710826885,ATOM,1h,stoch_cross,mean_reversion,4h,F,False,False
-1.0658,-1.5812,-0.6189,-0.8686,693,0.8509,0.4515,1.0336,-0.001762,0.8572,0.0394,0.2007,3.3665,-0.8009,722,-0.001762,0.030705,-1.5416,0.12360184,325,397,-0.0019034885649764704,-0.0016455716729486523,ATOM,1h,stoch_cross,mean_reversion,12h,F,False,False
-0.7969,-1.1633,-0.5766,-0.8957,394,0.8695,0.4734,0.9673,-0.002208,0.9868,0.0266,-0.156,2.2321,-0.7814,488,-0.002208,0.042309,-1.1527,0.24960146,216,272,-0.003353167982241926,-0.0012980024422795144,ATOM,1h,stoch_cross,mean_reversion,1d,F,False,False
-0.5404,-0.6962,-0.7044,-0.7472,710,0.9516,0.5179,0.8856,-0.000425,0.9299,0.1153,-0.2277,5.4593,-0.6781,1533,-0.000425,0.024995,-0.6655,0.50581442,767,766,3.587946263227618e-05,-0.0008862077068758401,FTM,1h,vwap_mr,mean_reversion,4h,F,False,False
0.3235,0.466,-0.2258,-0.5992,275,1.0429,0.4993,1.0458,0.000648,1.117,0.0542,0.0773,3.1347,-0.1979,721,0.000648,0.043642,0.3984,0.69043131,365,356,0.0027762792133197117,-0.0015349437633792595,FTM,1h,vwap_mr,mean_reversion,12h,D,False,False
0.314,0.4589,-0.2211,-0.6949,443,1.0504,0.5124,0.9997,0.001036,0.9499,0.0335,-0.0497,1.8803,-0.2236,445,0.001036,0.056485,0.3867,0.69913088,232,213,0.004535231434765806,-0.0027762965055410176,FTM,1h,vwap_mr,mean_reversion,1d,D,False,False
-1.6708,-2.3534,-0.8608,-0.908,1439,0.8547,0.4632,0.9905,-0.001309,0.983,0.1083,0.0063,4.7016,-0.9005,1440,-0.001309,0.024139,-2.0577,0.03980046,755,685,-0.0011496555308226648,-0.001484482627033469,FTM,1h,stoch_rsi,mean_reversion,4h,F,False,False
-2.0987,-2.9181,-0.9262,-0.9749,665,0.7645,0.4346,0.9945,-0.003715,0.9103,0.0587,0.0453,6.2583,-0.971,780,-0.003715,0.040138,-2.5847,0.00992716,401,379,-0.002205384403566575,-0.005311517424463536,FTM,1h,stoch_rsi,mean_reversion,12h,F,False,False
0.8001,1.3475,0.7061,-0.5158,137,1.138,0.5109,1.0893,0.002667,1.1238,0.0344,0.7283,3.6582,0.6017,458,0.002667,0.057915,0.9854,0.32496896,243,215,0.005621429045730378,-0.0006731259880779745,FTM,1h,stoch_rsi,mean_reversion,1d,C,False,False
-1.3872,-2.0789,-0.8931,-0.9605,2671,0.9083,0.4631,1.0533,-0.000803,0.9989,0.2025,0.5524,5.6223,-0.9481,2693,-0.000803,0.02438,-1.7085,0.08766004,1351,1342,-0.0006257733776284212,-0.0009807001452195778,FTM,1h,ema_ribbon,trend,4h,F,False,False
-0.2499,-0.3864,-0.6821,-0.8108,968,0.9724,0.48,1.0533,-0.000406,1.0457,0.0735,0.5204,4.4694,-0.7052,977,-0.000406,0.041258,-0.3077,0.75836785,497,480,0.0004820568966840792,-0.0013258486999032854,FTM,1h,ema_ribbon,trend,12h,F,False,False
0.0288,0.0433,-0.5394,-0.716,504,1.0042,0.501,1.0004,8.6e-05,1.0696,0.039,0.0268,2.1317,-0.523,519,8.6e-05,0.054857,0.0355,0.97167577,272,247,0.0022373902539981824,-0.0022841082033035445,FTM,1h,ema_ribbon,trend,1d,D,False,False
-1.0069,-1.2809,-0.6525,-0.3891,91,0.7243,0.4435,0.909,-0.003412,0.9912,0.0086,-1.0345,5.5561,-0.3587,115,-0.003412,0.029506,-1.2401,0.21750211,57,58,-0.003111737775534905,-0.0037069307449856164,FTM,1h,bollinger_mr,mean_reversion,4h,F,False,False
0.7855,1.351,1.1729,-0.2455,20,1.3011,0.4643,1.5012,0.004736,1.6848,0.0084,0.6514,2.9185,0.4678,112,0.004736,0.051807,0.9674,0.33543572,55,57,0.007649980136503136,0.001923951082394106,FTM,1h,bollinger_mr,mean_reversion,12h,C,False,False
0.5124,1.0207,0.4072,-0.3657,40,1.1872,0.5048,1.1648,0.003879,1.0113,0.0079,1.3716,5.7021,0.2344,105,0.003879,0.062986,0.6311,0.52939212,50,55,0.005646917893054515,0.0022717186817199446,FTM,1h,bollinger_mr,mean_reversion,1d,C,False,False
-0.0206,-0.0288,-0.2129,-0.2821,227,0.996,0.5099,0.9574,-3.4e-05,1.0031,0.0229,-0.1714,1.4978,-0.0897,304,-3.4e-05,0.023438,-0.0254,0.97975587,143,161,-0.00027010712662592617,0.00017544844607181618,FTM,1h,rsi_extreme,mean_reversion,4h,F,False,False
-0.6494,-0.7913,-0.6549,-0.63,222,0.859,0.4934,0.8818,-0.002432,0.6323,0.0172,-0.6643,2.6594,-0.5538,229,-0.002432,0.046026,-0.7998,0.42467274,107,122,-0.0062952396977799035,0.0009553214992529085,FTM,1h,rsi_extreme,mean_reversion,12h,F,False,False
0.3108,0.4561,0.012,-0.5467,76,1.079,0.5238,0.9809,0.001499,1.0153,0.0142,0.0272,1.7579,0.01,189,0.001499,0.053823,0.3828,0.7023167,86,103,0.0012803761675022863,0.0016807799617317202,FTM,1h,rsi_extreme,mean_reversion,1d,D,False,False
-2.7534,-3.9168,-0.9758,-0.9972,2632,0.8234,0.4501,1.006,-0.001721,0.9401,0.1997,0.2583,7.4094,-0.9958,2655,-0.001721,0.026152,-3.391,0.00070655,1319,1336,-0.0006408676150965691,-0.0027875131923071343,FTM,1h,momentum,trend,4h,F,False,False
-1.314,-1.9246,-0.8831,-0.9677,1003,0.8705,0.4719,0.9743,-0.002059,0.8942,0.0762,0.0099,2.2162,-0.9463,1013,-0.002059,0.040503,-1.6183,0.10592005,486,527,0.00011269061085932026,-0.004062418423872059,FTM,1h,momentum,trend,12h,F,False,False
-0.1544,-0.2216,-0.6566,-0.787,387,0.9773,0.4857,1.0348,-0.00047,1.1492,0.0395,-0.1222,3.3924,-0.6681,525,-0.00047,0.056691,-0.1901,0.84926556,262,263,0.003383111408293332,-0.004309386970328171,FTM,1h,momentum,trend,1d,F,False,False
-0.8944,-1.3095,-0.6481,-0.7585,683,0.8864,0.4352,1.1505,-0.001119,1.0665,0.0522,0.0389,6.1938,-0.6415,694,-0.001119,0.026751,-1.1015,0.27106491,372,322,-0.000225880258260653,-0.0021497798910317086,FTM,1h,range_breakout,trend,4h,F,False,False
-0.9468,-1.3901,-0.7389,-0.8855,482,0.8646,0.4631,1.0024,-0.002322,0.9943,0.0367,-0.0671,2.7183,-0.8003,488,-0.002322,0.04398,-1.1661,0.24414038,253,235,-2.463321172659637e-05,-0.004794497352519873,FTM,1h,range_breakout,trend,12h,F,False,False
-0.6881,-1.0514,-0.7813,-0.8284,342,0.8859,0.4615,1.0336,-0.002693,1.251,0.0264,-0.1209,2.6573,-0.7941,351,-0.002693,0.059533,-0.8475,0.39731239,180,171,0.0012534549157177419,-0.006847062573508018,FTM,1h,range_breakout,trend,1d,F,False,False
-0.3341,-0.5252,-0.5072,-0.619,866,0.9612,0.4589,1.1336,-0.000341,1.0566,0.0667,0.6135,4.8357,-0.4354,887,-0.000341,0.024715,-0.4115,0.68082865,433,454,0.0009871961889911113,-0.001608655330096785,FTM,1h,macd_scalp,trend,4h,F,False,False
-0.4563,-0.6613,-0.6969,-0.8068,545,0.9365,0.5121,0.8924,-0.001014,0.8824,0.0467,0.4843,4.7494,-0.7144,621,-0.001014,0.044956,-0.562,0.57433285,313,308,-3.3249963198021e-05,-0.002010325595665461,FTM,1h,macd_scalp,trend,12h,F,False,False
-1.5536,-2.3252,-0.8851,-0.9399,395,0.772,0.4358,0.9996,-0.005274,0.8504,0.0299,0.1194,1.6076,-0.9331,397,-0.005274,0.054926,-1.9134,0.05642004,193,204,-0.0019947343104096443,-0.008377397937806395,FTM,1h,macd_scalp,trend,1d,F,False,False
-1.2625,-1.7183,-0.7217,-0.5132,195,0.745,0.449,0.9143,-0.003162,0.8226,0.0147,-0.6996,3.8576,-0.5042,196,-0.003162,0.028473,-1.5548,0.1216139,81,115,-0.0009344735684750628,-0.004731221642912417,FTM,1h,keltner_mr,mean_reversion,4h,F,False,False
0.1429,0.2011,-0.124,-0.3609,57,1.0413,0.5,1.0413,0.000689,0.9693,0.0113,-0.0829,2.064,-0.0671,150,0.000689,0.047986,0.1759,0.86058728,64,86,0.004039145721290287,-0.001803612101674614,FTM,1h,keltner_mr,mean_reversion,12h,D,False,False
-0.0748,-0.0936,-0.3643,-0.4872,68,0.9775,0.5039,0.9624,-0.000483,0.7219,0.0097,-0.5684,1.4277,-0.2565,129,-0.000483,0.05953,-0.0921,0.92675232,56,73,0.004875470027323035,-0.0045932455460404205,FTM,1h,keltner_mr,mean_reversion,1d,F,False,False
0.14,0.2382,0.0186,-0.2181,60,1.0449,0.4476,1.2898,0.000379,1.3917,0.0108,1.2532,7.1659,0.0061,143,0.000379,0.02626,0.1724,0.86333318,74,69,0.004634649866352867,-0.004185686493246569,FTM,1h,dual_ema_adx,trend,4h,D,False,False
-0.4231,-0.5003,-0.4774,-0.4764,89,0.8698,0.5159,0.8163,-0.002075,0.8845,0.0095,-0.7976,5.743,-0.3238,126,-0.002075,0.044701,-0.5211,0.60324439,65,61,0.006226173591131268,-0.010920580324476067,FTM,1h,dual_ema_adx,trend,12h,F,False,False
-1.5882,-2.0347,-0.7907,-0.843,89,0.5757,0.4123,0.8207,-0.012199,0.6802,0.0086,-0.3818,5.3907,-0.811,114,-0.012199,0.066593,-1.956,0.05293579,60,54,-0.002609473587455528,-0.022854843441847933,FTM,1h,dual_ema_adx,trend,1d,F,False,False
-0.6841,-1.0094,-0.5601,-0.5665,202,0.8786,0.4311,1.1595,-0.001294,1.0614,0.0256,-0.0063,5.603,-0.4395,341,-0.001294,0.028351,-0.8426,0.40006309,178,163,-0.0009892769913832785,-0.0016259027729393152,FTM,1h,vol_spike_brk,trend,4h,F,False,False
-0.5544,-0.8639,-0.5403,-0.7688,287,0.8951,0.4483,1.1017,-0.0018,0.9531,0.0218,0.2118,2.5445,-0.5571,290,-0.0018,0.044882,-0.6828,0.49525177,152,138,-0.0017608495976132081,-0.0018424486786301011,FTM,1h,vol_spike_brk,trend,12h,F,False,False
-0.881,-1.2803,-0.7267,-0.8716,236,0.8268,0.4587,0.9758,-0.004309,1.1679,0.0182,-0.3296,3.4973,-0.7817,242,-0.004309,0.06178,-1.085,0.27902288,121,121,-0.002168967894945846,-0.006448530680509946,FTM,1h,vol_spike_brk,trend,1d,F,False,False
-1.2639,-1.6888,-0.7585,-0.7353,690,0.8435,0.4761,0.9281,-0.001476,0.8607,0.052,-0.2687,4.4578,-0.7099,691,-0.001476,0.02493,-1.5566,0.12001845,325,366,-0.00027243500030359923,-0.002545241420545748,FTM,1h,stoch_cross,mean_reversion,4h,F,False,False
-0.34,-0.4845,-0.6605,-0.5942,238,0.9471,0.4701,1.0677,-0.000785,1.1266,0.0352,-0.127,2.6655,-0.5304,468,-0.000785,0.040571,-0.4188,0.67557701,228,240,0.0020337501564742853,-0.00346351461164972,FTM,1h,stoch_cross,mean_reversion,12h,F,False,False
0.1275,0.1823,-0.3199,-0.696,140,1.0235,0.5136,0.9693,0.000493,0.9724,0.0249,-0.1838,1.399,-0.3175,331,0.000493,0.057095,0.157,0.87535979,161,170,0.0042969663658635904,-0.0031103064055253518,FTM,1h,stoch_cross,mean_reversion,1d,D,False,False
-2.1565,-2.7119,-0.8665,-0.9863,2141,0.8261,0.4828,0.8849,-0.001546,0.8234,0.1206,-0.9417,10.3138,-0.9823,2212,-0.001546,0.023304,-3.1195,0.00183516,1153,1059,-0.0007608685313622246,-0.0024000976217114695,NEAR,1h,vwap_mr,mean_reversion,4h,F,False,False
-1.1932,-1.6404,-0.7967,-0.9636,967,0.8593,0.476,0.9461,-0.002174,0.8678,0.0556,-0.2036,5.0173,-0.9529,1019,-0.002174,0.040208,-1.726,0.0846479,533,486,-0.0018990972149973543,-0.002475577175543372,NEAR,1h,vwap_mr,mean_reversion,12h,F,False,False
0.073,0.1075,-0.3922,-0.7835,321,1.0114,0.505,0.9915,0.000235,0.99,0.0329,-0.1823,1.7373,-0.5362,604,0.000235,0.054566,0.1056,0.91591204,306,298,-0.000871897362578531,0.0013706477256989341,NEAR,1h,vwap_mr,mean_reversion,1d,D,False,False
-1.4993,-2.1497,-0.7544,-0.9424,1989,0.8719,0.4651,1.0027,-0.001056,0.9805,0.1094,0.0195,3.5857,-0.9255,2006,-0.001056,0.021801,-2.1688,0.03021568,1009,997,-0.0009237930036985193,-0.0011891426619361543,NEAR,1h,stoch_rsi,mean_reversion,4h,F,False,False
-0.4972,-0.6906,-0.6386,-0.8995,1040,0.9407,0.4862,0.9942,-0.00086,0.9703,0.0591,-0.3384,6.0915,-0.8326,1084,-0.00086,0.039369,-0.7192,0.47215603,538,546,-0.0009961983989303037,-0.0007258401953273558,NEAR,1h,stoch_rsi,mean_reversion,12h,F,False,False
1.1876,1.8099,1.2715,-0.7743,367,1.2117,0.5095,1.1667,0.00389,1.1818,0.0346,0.3056,7.8264,3.1961,634,0.00389,0.057016,1.7179,0.086306,301,333,0.0038373620094252843,0.003937552521935928,NEAR,1h,stoch_rsi,mean_reversion,1d,C,False,False
-1.6492,-2.469,-0.8844,-0.9908,3504,0.8924,0.4617,1.0403,-0.000913,0.9912,0.2016,0.5372,8.2073,-0.9874,3697,-0.000913,0.023263,-2.3856,0.01710135,1723,1974,-0.0009024170914691507,-0.0009217125769020154,NEAR,1h,ema_ribbon,trend,4h,F,False,False
-0.2803,-0.4215,-0.5756,-0.9325,829,0.9703,0.4862,1.0252,-0.000431,1.0269,0.0733,-0.034,4.7061,-0.8002,1345,-0.000431,0.038995,-0.4055,0.6851815,623,722,-1.8833993613085937e-05,-0.000786924518261795,NEAR,1h,ema_ribbon,trend,12h,F,False,False
-0.0258,-0.0408,-0.4681,-0.8968,450,0.9963,0.479,1.0836,-7.7e-05,1.1031,0.0389,0.2199,2.1234,-0.6799,714,-7.7e-05,0.055151,-0.0373,0.97024129,335,379,0.00017506670221503637,-0.0002998509838248191,NEAR,1h,ema_ribbon,trend,1d,F,False,False
-0.0184,-0.0258,-0.0826,-0.2678,143,0.9941,0.4774,1.0881,-4.8e-05,0.8258,0.0085,-0.099,1.5389,-0.0457,155,-4.8e-05,0.022566,-0.0266,0.97877716,74,81,0.0006038512268890352,-0.0006440840433091157,NEAR,1h,bollinger_mr,mean_reversion,4h,F,False,False
1.0543,1.6588,1.4219,-0.2326,44,1.3973,0.5789,1.0162,0.004631,1.1458,0.0083,0.2488,1.7709,0.818,152,0.004631,0.037438,1.5251,0.12932901,72,80,0.006198012147932461,0.0032208616842760327,NEAR,1h,bollinger_mr,mean_reversion,12h,C,False,False
0.3317,0.6516,0.1002,-0.5385,93,1.1204,0.5145,1.0573,0.002352,0.9911,0.0075,1.8809,11.8483,0.1162,138,0.002352,0.057586,0.4797,0.63217384,65,73,0.0008985587020361588,0.0036456892048731676,NEAR,1h,bollinger_mr,mean_reversion,1d,D,False,False
-1.8577,-2.6691,-0.6107,-0.7695,439,0.7125,0.4279,0.9524,-0.002669,0.8726,0.025,-0.1344,1.7311,-0.735,458,-0.002669,0.021257,-2.6872,0.00746856,225,233,-0.003439596659983864,-0.0019249787611220492,NEAR,1h,rsi_extreme,mean_reversion,4h,F,False,False
-1.3962,-1.6348,-0.6987,-0.906,336,0.731,0.4714,0.8196,-0.004892,0.7167,0.0191,-1.3406,6.9633,-0.8772,350,-0.004892,0.045317,-2.0197,0.04418344,179,171,-0.0038062940489026606,-0.00602882284491116,NEAR,1h,rsi_extreme,mean_reversion,12h,F,False,False
0.3205,0.4879,-0.0367,-0.6018,137,1.0854,0.5018,1.0775,0.001759,0.9828,0.0149,0.9297,12.6923,-0.0457,273,0.001759,0.062692,0.4636,0.6432918,140,133,0.004812184205783619,-0.0014546572884948804,NEAR,1h,rsi_extreme,mean_reversion,1d,D,False,False
-1.3327,-2.1114,-0.8507,-0.9776,3757,0.9159,0.4625,1.0643,-0.000721,0.9971,0.2065,0.5731,3.8697,-0.976,3788,-0.000721,0.023013,-1.9278,0.05395748,1813,1975,-0.0004917087126582507,-0.000931110506254685,NEAR,1h,momentum,trend,4h,F,False,False
-0.6272,-0.9877,-0.7622,-0.9197,1425,0.9354,0.4804,1.0118,-0.000967,1.0002,0.0777,0.59,4.904,-0.92,1426,-0.000967,0.040262,-0.9072,0.36444677,671,755,-0.00042979482193671666,-0.0014449405913066133,NEAR,1h,momentum,trend,12h,F,False,False
-1.1542,-1.7816,-0.8418,-0.9808,704,0.8476,0.4532,1.0227,-0.003411,0.92,0.0402,0.3043,2.6936,-0.9741,737,-0.003411,0.055465,-1.6695,0.09543697,349,388,-0.0024834451832883506,-0.0042452926933195705,NEAR,1h,momentum,trend,1d,F,False,False
-1.2718,-1.972,-0.6857,-0.8433,1066,0.8506,0.4467,1.0535,-0.001385,1.017,0.0583,0.5981,5.1485,-0.8357,1070,-0.001385,0.024633,-1.8397,0.0660893,535,535,-0.0011228016947529406,-0.0016479819164805724,NEAR,1h,range_breakout,trend,4h,F,False,False
-0.4599,-0.7058,-0.5743,-0.792,723,0.934,0.4897,0.9735,-0.000975,1.0106,0.0395,0.3591,4.1436,-0.719,725,-0.000975,0.039459,-0.6652,0.50612787,367,358,-3.5124512637798454e-05,-0.0019381861338825562,NEAR,1h,range_breakout,trend,12h,F,False,False
-0.8611,-1.1771,-0.7357,-0.9431,485,0.8534,0.462,0.9938,-0.00322,0.9163,0.0273,-0.2383,7.6074,-0.916,500,-0.00322,0.057807,-1.2456,0.2134844,255,245,-0.0044702355578552224,-0.0019191590446485808,NEAR,1h,range_breakout,trend,1d,F,False,False
-0.2025,-0.3041,-0.3704,-0.6636,913,0.9757,0.4859,1.0324,-0.000203,1.008,0.0656,0.7389,7.8259,-0.4459,1204,-0.000203,0.024073,-0.2929,0.76961488,603,601,-0.0015527890948071057,0.0011508034090464893,NEAR,1h,macd_scalp,trend,4h,F,False,False
-0.2742,-0.4459,-0.4509,-0.8773,731,0.9644,0.4788,1.0498,-0.000518,1.0463,0.0463,0.3297,1.7844,-0.6513,850,-0.000518,0.038076,-0.3966,0.69173852,445,405,-0.0018335452388081807,0.0009274679737163378,NEAR,1h,macd_scalp,trend,12h,F,False,False
-1.5367,-2.5251,-0.8109,-0.9874,504,0.777,0.4449,0.9697,-0.004962,1.0067,0.0292,0.3502,1.3663,-0.9658,535,-0.004962,0.051631,-2.2228,0.02664403,261,274,-0.006586275281978234,-0.003414501522775079,NEAR,1h,macd_scalp,trend,1d,F,False,False
-0.7979,-1.1767,-0.4469,-0.5269,159,0.8384,0.4603,0.9829,-0.001512,0.8359,0.0172,0.0471,1.9271,-0.4298,315,-0.001512,0.023252,-1.1541,0.24932465,144,171,0.000584541086290949,-0.0032775241645250732,NEAR,1h,keltner_mr,mean_reversion,4h,F,False,False
-0.3677,-0.5864,-0.3318,-0.6371,179,0.9135,0.4917,0.9443,-0.001315,0.9321,0.0132,0.2311,0.9079,-0.3915,242,-0.001315,0.038472,-0.5319,0.59530517,114,128,0.0018414082320285742,-0.004126871601540669,NEAR,1h,keltner_mr,mean_reversion,12h,F,False,False
0.0128,0.0224,-0.2202,-0.67,201,1.0036,0.4906,1.0422,7.4e-05,1.0096,0.0116,1.3028,7.9106,-0.2839,212,7.4e-05,0.058629,0.0184,0.98530173,100,112,0.0007441612381765217,-0.0005238490885232808,NEAR,1h,keltner_mr,mean_reversion,1d,D,False,False
0.2483,0.4541,0.122,-0.249,76,1.0908,0.4533,1.3154,0.000676,1.1119,0.0082,1.506,7.3463,0.0646,150,0.000676,0.023032,0.3592,0.71994814,77,73,0.0015751737111473457,-0.00027346664087358856,NEAR,1h,dual_ema_adx,trend,4h,D,False,False
0.3341,0.6386,0.2484,-0.2391,78,1.1205,0.4926,1.154,0.001705,1.1056,0.0074,1.1185,4.066,0.1283,136,0.001705,0.041136,0.4833,0.62966532,72,64,0.003453178206800214,-0.0002621556955713072,NEAR,1h,dual_ema_adx,trend,12h,D,False,False
0.6839,1.2827,0.7826,-0.3142,79,1.2897,0.4924,1.3293,0.005308,1.9583,0.0072,1.055,4.2292,0.5841,132,0.005308,0.061643,0.9893,0.32434977,70,62,0.008887013051652995,0.001266717896140785,NEAR,1h,dual_ema_adx,trend,1d,C,False,False
-0.0973,-0.1624,-0.1967,-0.5785,303,0.9805,0.4621,1.1415,-0.000185,1.0144,0.0244,0.9905,5.1527,-0.2233,448,-0.000185,0.027781,-0.1408,0.88811293,228,220,-0.0009548468339778131,0.0006133175061069211,NEAR,1h,vol_spike_brk,trend,4h,F,False,False
0.4182,0.76,0.1316,-0.608,353,1.091,0.4644,1.2584,0.001368,1.1392,0.0207,0.9921,4.3417,0.1748,379,0.001368,0.044015,0.6049,0.54560194,191,188,0.001951994170852704,0.0007739688348092113,NEAR,1h,vol_spike_brk,trend,12h,D,False,False
-1.4165,-1.9179,-0.7702,-0.9481,311,0.7306,0.4396,0.9312,-0.006656,0.9466,0.0176,-0.7574,6.2391,-0.9355,323,-0.006656,0.058383,-2.0489,0.04127807,164,159,-0.007813017275828199,-0.005462577124144072,NEAR,1h,vol_spike_brk,trend,1d,F,False,False
-1.8182,-2.6833,-0.715,-0.8883,1082,0.798,0.4515,0.9696,-0.001702,0.9146,0.0595,0.3267,4.6312,-0.8787,1092,-0.001702,0.021386,-2.63,0.00865793,546,546,-0.0006343733832452222,-0.0027697499659449167,NEAR,1h,stoch_cross,mean_reversion,4h,F,False,False
-0.6198,-0.8257,-0.63,-0.8065,710,0.9088,0.4868,0.9583,-0.001298,0.9258,0.0391,-0.5411,8.9357,-0.7734,717,-0.001298,0.038779,-0.8965,0.37027844,365,352,0.00040425092971579815,-0.003063874339774179,NEAR,1h,stoch_cross,mean_reversion,12h,F,False,False
-0.4782,-0.695,-0.6346,-0.8946,320,0.9192,0.4828,0.9845,-0.001813,0.9305,0.027,-0.1308,2.6969,-0.827,495,-0.001813,0.058324,-0.6917,0.48947153,253,242,0.00045469191565471526,-0.004184147571494863,NEAR,1h,stoch_cross,mean_reversion,1d,F,False,False
-1.8854,-2.3349,-0.8458,-0.9719,1904,0.8465,0.4872,0.8912,-0.001333,0.8849,0.1225,-0.8901,7.0369,-0.9614,2024,-0.001333,0.023171,-2.5889,0.00969688,1054,970,-0.0021191555179492652,-0.0004796363282230327,OP,1h,vwap_mr,mean_reversion,4h,F,False,False
-1.0127,-1.3234,-0.76,-0.9463,847,0.8808,0.4865,0.9296,-0.001791,0.9015,0.0561,-0.7263,4.6849,-0.9088,927,-0.001791,0.039211,-1.3906,0.16467679,476,451,-0.003664650896581274,0.00018672535375147925,OP,1h,vwap_mr,mean_reversion,12h,F,False,False
0.2547,0.3506,-0.2304,-0.8912,283,1.0413,0.5045,1.0228,0.000833,0.9611,0.0337,-0.3391,2.992,-0.3516,557,0.000833,0.056209,0.3498,0.72661934,300,257,-0.002659500486318787,0.004910098059183909,OP,1h,vwap_mr,mean_reversion,1d,D,False,False
-2.901,-4.1348,-0.8945,-0.9817,1772,0.7591,0.4523,0.9191,-0.002011,0.8118,0.1073,0.6546,9.7714,-0.9811,1773,-0.002011,0.021257,-3.9835,7.066e-05,869,904,-0.0016543307064178629,-0.0023539088419419455,OP,1h,stoch_rsi,mean_reversion,4h,F,False,False
-1.8326,-2.5112,-0.8697,-0.9778,795,0.8014,0.4708,0.9009,-0.003029,0.8846,0.058,-0.3682,2.4131,-0.9722,958,-0.003029,0.037254,-2.5164,0.01201951,463,495,-0.004057203351919071,-0.002066757538199687,OP,1h,stoch_rsi,mean_reversion,12h,F,False,False
0.1512,0.2373,-0.2877,-0.8544,520,1.0243,0.4955,1.0427,0.000468,1.0058,0.0339,0.3906,3.8279,-0.4126,561,0.000468,0.053425,0.2076,0.83559395,286,275,-0.0023913666098805183,0.0034424148597699293,OP,1h,stoch_rsi,mean_reversion,1d,D,False,False
-1.5017,-2.2031,-0.861,-0.9791,3273,0.9007,0.4732,1.0029,-0.00081,1.005,0.1985,0.25,10.5958,-0.9695,3280,-0.00081,0.022509,-2.0621,0.03928146,1453,1827,-0.0012200918832399848,-0.00048462557066227734,OP,1h,ema_ribbon,trend,4h,F,False,False
-0.6706,-0.9635,-0.7292,-0.9262,1205,0.9291,0.4777,1.0159,-0.001011,1.0167,0.0732,-0.3306,6.4725,-0.8802,1210,-0.001011,0.038188,-0.9208,0.35732912,533,677,-0.0021901682481193356,-8.247158673436044e-05,OP,1h,ema_ribbon,trend,12h,F,False,False
-0.7395,-1.0359,-0.7475,-0.9596,639,0.8952,0.4829,0.9588,-0.002185,1.028,0.0388,-0.2921,3.5533,-0.9076,642,-0.002185,0.054521,-1.0155,0.31025774,287,355,-0.0059229214799997165,0.0008367702847889523,OP,1h,ema_ribbon,trend,1d,F,False,False
0.1933,0.2905,0.1112,-0.1721,110,1.0712,0.5,1.0712,0.000576,1.2029,0.0076,0.5193,4.5942,0.0364,126,0.000576,0.024345,0.2654,0.79110402,68,58,0.003618487082984897,-0.0029917116393304087,OP,1h,bollinger_mr,mean_reversion,4h,D,False,False
1.0094,1.6396,1.3955,-0.2052,44,1.3761,0.5403,1.1707,0.004476,1.1762,0.0075,-0.0602,0.5833,0.6075,124,0.004476,0.03596,1.3861,0.16822895,67,57,0.006643907892233395,0.001927980228424251,OP,1h,bollinger_mr,mean_reversion,12h,C,False,False
0.7021,0.8459,0.5182,-0.4384,94,1.2747,0.5726,0.9512,0.004857,1.1229,0.0071,-1.256,5.5443,0.4711,117,0.004857,0.054494,0.9641,0.33701278,63,54,0.007072994781027849,0.0022715647392658168,OP,1h,bollinger_mr,mean_reversion,1d,C,False,False
-1.2547,-1.692,-0.5347,-0.6728,387,0.7921,0.4645,0.913,-0.001823,0.902,0.0247,-0.449,2.3719,-0.5686,409,-0.001823,0.021398,-1.7228,0.08567568,231,178,-0.0014560671824917154,-0.0022988360897334055,OP,1h,rsi_extreme,mean_reversion,4h,F,False,False
-1.1408,-1.3291,-0.6691,-0.8376,276,0.7724,0.495,0.7878,-0.00404,0.741,0.0183,-1.3508,6.7432,-0.7877,303,-0.00404,0.0449,-1.5664,0.11830147,175,128,-0.004741872884146266,-0.0030814813285889404,OP,1h,rsi_extreme,mean_reversion,12h,F,False,False
-0.1619,-0.2396,-0.4096,-0.5509,194,0.9628,0.5063,0.9387,-0.000733,1.0137,0.0143,-0.1997,1.5683,-0.3826,237,-0.000733,0.050759,-0.2224,0.82421941,134,103,-0.0027602671729550178,0.0019040122176994859,OP,1h,rsi_extreme,mean_reversion,1d,F,False,False
-2.2712,-3.2979,-0.9432,-0.9974,3339,0.853,0.4502,1.0415,-0.001289,0.9958,0.2043,0.4814,19.707,-0.9952,3376,-0.001289,0.024023,-3.1186,0.00183237,1653,1723,-0.001769100951847637,-0.0008292256594188957,OP,1h,momentum,trend,4h,F,False,False
-0.2119,-0.3098,-0.5999,-0.8917,1276,0.9769,0.4977,0.9862,-0.000326,1.0269,0.0773,0.3884,9.8363,-0.7639,1278,-0.000326,0.040092,-0.2909,0.77117512,606,672,-0.0016418923582227328,0.0008602034875131486,OP,1h,momentum,trend,12h,F,False,False
-0.0817,-0.1177,-0.4785,-0.9511,426,0.9882,0.5,0.9882,-0.000236,0.9995,0.0401,-0.262,3.4888,-0.6817,662,-0.000236,0.054126,-0.1122,0.91071416,310,352,-0.0028258145472123096,0.002044821733731221,OP,1h,momentum,trend,1d,F,False,False
-1.2546,-2.038,-0.6649,-0.8833,920,0.8439,0.4323,1.1083,-0.001476,0.9984,0.0558,1.7957,20.5292,-0.8115,923,-0.001476,0.026024,-1.7227,0.0852803,455,468,-0.0030243305237953894,3.0042219406468134e-05,OP,1h,range_breakout,trend,4h,F,False,False
-0.3717,-0.5857,-0.5497,-0.7977,615,0.9438,0.4805,1.0204,-0.000874,1.0272,0.0373,0.6444,4.8634,-0.6632,616,-0.000874,0.042497,-0.5103,0.61000476,297,319,-0.0020212009368026605,0.0001944531412952267,OP,1h,range_breakout,trend,12h,F,False,False
-0.5579,-0.9211,-0.6191,-0.9177,443,0.9057,0.4459,1.1253,-0.002024,1.2085,0.0269,0.4921,3.1264,-0.7946,444,-0.002024,0.055685,-0.766,0.44408449,213,231,-0.006039761530610585,0.00167826693404523,OP,1h,range_breakout,trend,1d,F,False,False
-1.5532,-2.2728,-0.7054,-0.8544,1020,0.835,0.4662,0.9562,-0.001403,0.8968,0.0644,0.0111,3.1586,-0.8245,1064,-0.001403,0.021464,-2.1327,0.03317921,530,534,-0.0022867325023773572,-0.0005266437175885289,OP,1h,macd_scalp,trend,4h,F,False,False
0.3514,0.5504,-0.0691,-0.6151,392,1.0503,0.4928,1.0809,0.00071,1.0217,0.0463,0.6772,5.8819,-0.0787,765,0.00071,0.040724,0.4825,0.6295595,398,367,-0.0015334311972863123,0.0031439574586194707,OP,1h,macd_scalp,trend,12h,D,False,False
-0.2672,-0.4513,-0.4971,-0.8987,401,0.955,0.4781,1.0426,-0.000902,1.1249,0.029,0.6285,3.3981,-0.6725,479,-0.000902,0.053816,-0.3669,0.71384967,233,246,-0.00595046921599426,0.0038792812672380334,OP,1h,macd_scalp,trend,1d,F,False,False
0.1148,0.1407,-0.0531,-0.3382,129,1.032,0.5417,0.8732,0.000277,0.8494,0.016,0.4964,19.2726,-0.0336,264,0.000277,0.028598,0.1576,0.8749167,156,108,0.000813967250227724,-0.0004978042330032533,OP,1h,keltner_mr,mean_reversion,4h,D,False,False
-0.5761,-0.7409,-0.4689,-0.6015,182,0.8614,0.5095,0.8292,-0.002168,0.862,0.0127,-0.6317,2.0123,-0.4646,210,-0.002168,0.039716,-0.7911,0.42978887,119,91,-0.0022678589621486023,-0.0020376247713765026,OP,1h,keltner_mr,mean_reversion,12h,F,False,False
-0.0513,-0.065,-0.264,-0.723,162,0.9855,0.5363,0.8521,-0.00032,0.8699,0.0108,-0.6451,3.1243,-0.3292,179,-0.00032,0.060799,-0.0704,0.94392402,99,80,-0.0011320127816438214,0.000684658473858922,OP,1h,keltner_mr,mean_reversion,1d,F,False,False
0.323,0.5593,0.3352,-0.1246,74,1.1051,0.4834,1.1808,0.000692,1.1691,0.0091,0.6007,2.7746,0.0802,151,0.000692,0.019183,0.4435,0.65803068,90,61,7.690111134299861e-05,0.0016004359638484794,OP,1h,dual_ema_adx,trend,4h,D,False,False
0.3527,0.5825,0.2532,-0.2681,47,1.1363,0.529,1.0117,0.001765,0.8383,0.0083,2.0667,15.1086,0.1318,138,0.001765,0.042812,0.4842,0.62899277,83,55,-0.0014862677163750518,0.006670835624758744,OP,1h,dual_ema_adx,trend,12h,D,False,False
0.5186,1.1165,0.3389,-0.4404,58,1.1816,0.4848,1.2554,0.003577,1.3784,0.008,1.1664,3.7193,0.2999,132,0.003577,0.057709,0.7121,0.47768595,78,54,-0.0037228428376577063,0.014120407201963359,OP,1h,dual_ema_adx,trend,1d,C,False,False
-0.1807,-0.3017,-0.2926,-0.5449,409,0.9647,0.4585,1.1392,-0.000365,0.9304,0.0248,1.5072,13.1287,-0.2793,410,-0.000365,0.029822,-0.2481,0.80421162,180,230,-0.00243841293467994,0.001257051752231683,OP,1h,vol_spike_brk,trend,4h,F,False,False
0.0046,0.0076,-0.2544,-0.6566,325,1.001,0.4729,1.1157,1.6e-05,1.1053,0.0201,0.6695,4.3731,-0.2915,332,1.6e-05,0.046292,0.0064,0.99493003,143,189,-0.00019157934481579868,0.0001733311206528548,OP,1h,vol_spike_brk,trend,12h,D,False,False
-0.7854,-1.2365,-0.6559,-0.856,272,0.8377,0.4643,0.9666,-0.003805,0.9404,0.0169,0.4751,4.3809,-0.7886,280,-0.003805,0.059034,-1.0785,0.28173397,124,156,-0.008461842981461099,-0.00010330693015393993,OP,1h,vol_spike_brk,trend,1d,F,False,False
-1.8245,-2.8165,-0.7252,-0.877,931,0.79,0.4644,0.9111,-0.001787,0.8366,0.0569,1.2915,13.6657,-0.8512,941,-0.001787,0.021879,-2.5052,0.01240505,478,463,-0.0019425644994176426,-0.0016259833416479052,OP,1h,stoch_cross,mean_reversion,4h,F,False,False
-1.9424,-2.6297,-0.8174,-0.944,614,0.7495,0.4419,0.9465,-0.00383,0.8324,0.0375,-0.4841,1.9015,-0.9382,620,-0.00383,0.035758,-2.6671,0.00785007,319,301,-0.004907634922236795,-0.0026884416058167676,OP,1h,stoch_cross,mean_reversion,12h,F,False,False
0.1784,0.2679,-0.2353,-0.7961,224,1.0336,0.5128,0.9819,0.000668,0.8618,0.026,0.4066,3.3578,-0.3237,429,0.000668,0.056473,0.2449,0.80662008,223,206,0.0005584895868189909,0.0007862254840199516,OP,1h,stoch_cross,mean_reversion,1d,D,False,False
-2.2033,-2.6835,-0.9102,-0.9603,1655,0.8221,0.484,0.8764,-0.001565,0.7573,0.1276,-0.7258,7.7201,-0.9536,1657,-0.001565,0.023756,-2.6821,0.0073893,875,782,-0.0015117650859433347,-0.0016251365129824908,ARB,1h,vwap_mr,mean_reversion,4h,F,False,False
-1.3459,-1.8241,-0.864,-0.9228,724,0.8491,0.4626,0.9865,-0.002364,0.9538,0.0576,-0.4603,3.7099,-0.9061,748,-0.002364,0.039461,-1.6384,0.10175012,401,347,-0.0013506969311605271,-0.0035350031473818096,ARB,1h,vwap_mr,mean_reversion,12h,F,False,False
-0.3849,-0.5142,-0.6869,-0.8491,433,0.9413,0.4966,0.954,-0.001256,0.8304,0.0344,-0.3915,2.5108,-0.7267,447,-0.001256,0.056674,-0.4686,0.63961476,230,217,-0.0026193362042830582,0.0001889864597276275,ARB,1h,vwap_mr,mean_reversion,1d,F,False,False
-2.7451,-3.7862,-0.9139,-0.9556,1419,0.7731,0.4575,0.9165,-0.001912,0.8091,0.1097,0.09,6.8924,-0.9532,1425,-0.001912,0.021601,-3.3416,0.00085452,715,710,-0.0017322489954523478,-0.002093333038042696,ARB,1h,stoch_rsi,mean_reversion,4h,F,False,False
-1.4443,-1.9642,-0.8472,-0.9473,743,0.839,0.4786,0.9141,-0.00239,0.8609,0.0594,-0.3573,3.85,-0.9097,771,-0.00239,0.037749,-1.7582,0.07911754,383,388,-0.0012959452651168804,-0.003470384144693679,ARB,1h,stoch_rsi,mean_reversion,12h,F,False,False
-0.7369,-1.0784,-0.7635,-0.8798,437,0.8921,0.4719,0.9983,-0.002269,0.9108,0.0343,-0.047,1.361,-0.8081,445,-0.002269,0.053356,-0.897,0.37021027,230,215,-0.0024968539707544844,-0.0020247773874105925,ARB,1h,stoch_rsi,mean_reversion,1d,F,False,False
-1.2105,-1.9323,-0.8508,-0.9287,2249,0.9192,0.4637,1.063,-0.000646,1.0431,0.1995,1.1397,11.4594,-0.9011,2592,-0.000646,0.02233,-1.4735,0.14073325,1164,1428,-0.0005574550267049882,-0.0007187130485849513,ARB,1h,ema_ribbon,trend,4h,F,False,False
-0.0379,-0.0617,-0.4974,-0.7915,706,0.9957,0.4827,1.067,-5.7e-05,1.1257,0.0735,0.9892,8.4622,-0.5236,955,-5.7e-05,0.038286,-0.0461,0.96322462,424,531,0.00021077252293035027,-0.00027106301801696535,ARB,1h,ema_ribbon,trend,12h,F,False,False
0.8705,1.3615,0.6841,-0.6622,193,1.1385,0.517,1.0638,0.002559,1.2454,0.0386,0.1966,1.8028,0.7398,501,0.002559,0.054062,1.0596,0.28981749,228,273,0.0016729729933413586,0.003299650721070728,ARB,1h,ema_ribbon,trend,1d,C,False,False
-2.0433,-2.2252,-0.7067,-0.5808,75,0.4912,0.4425,0.6189,-0.006509,0.4195,0.0087,-1.2598,3.575,-0.5429,113,-0.006509,0.027817,-2.4874,0.0143435,63,50,-0.002281708873899434,-0.011834921533391256,ARB,1h,bollinger_mr,mean_reversion,4h,F,False,False
-1.0103,-1.2327,-0.5287,-0.7049,71,0.7155,0.4766,0.7857,-0.005381,0.6768,0.0082,-0.9221,3.5323,-0.4989,107,-0.005381,0.045263,-1.2298,0.22147984,60,47,-0.00031025563435506663,-0.011855219910966061,ARB,1h,bollinger_mr,mean_reversion,12h,F,False,False
0.0526,0.0802,-0.1035,-0.6206,65,1.0171,0.4706,1.1443,0.000323,0.933,0.0079,0.0942,1.3958,-0.0937,102,0.000323,0.050953,0.064,0.94908334,57,45,-0.0008898740807948134,0.0018592354282451515,ARB,1h,bollinger_mr,mean_reversion,1d,D,False,False
-1.0249,-1.423,-0.6341,-0.4531,313,0.8265,0.4784,0.9011,-0.001356,0.8939,0.0249,-0.2338,2.8698,-0.3946,324,-0.001356,0.019566,-1.2476,0.21307417,174,150,-0.0018108301868001867,-0.0008287170553681192,ARB,1h,rsi_extreme,mean_reversion,4h,F,False,False
-1.0787,-1.2823,-0.7489,-0.6937,236,0.7836,0.4916,0.8104,-0.003608,0.7475,0.0183,-1.4136,9.0575,-0.6625,238,-0.003608,0.042387,-1.3132,0.19039302,128,110,-0.006077467549567539,-0.0007344411741766114,ARB,1h,rsi_extreme,mean_reversion,12h,F,False,False
-0.2244,-0.3316,-0.4993,-0.5243,182,0.9487,0.5,0.9487,-0.001034,0.8792,0.0145,-0.1385,0.9671,-0.3622,188,-0.001034,0.051926,-0.2731,0.78506165,100,88,-0.004940988480502506,0.003405043881786664,ARB,1h,rsi_extreme,mean_reversion,1d,F,False,False
-1.1628,-1.7725,-0.8634,-0.9355,2540,0.9217,0.4682,1.0468,-0.000656,1.0199,0.2012,0.9771,13.0748,-0.9131,2614,-0.000656,0.023706,-1.4156,0.15702523,1262,1352,-0.0009819216083375819,-0.0003524479095900964,ARB,1h,momentum,trend,4h,F,False,False
-0.7318,-1.0026,-0.7868,-0.9277,956,0.9241,0.484,0.9852,-0.001123,1.0136,0.077,-0.5789,6.9165,-0.8562,1000,-0.001123,0.039869,-0.8908,0.3732562,467,533,-0.0015705360299742644,-0.0007310510449285134,ARB,1h,momentum,trend,12h,F,False,False
-1.0231,-1.6102,-0.8668,-0.9208,517,0.8596,0.4558,1.0264,-0.003023,1.0293,0.04,0.3622,3.8245,-0.9066,520,-0.003023,0.055343,-1.2454,0.2135306,257,263,-0.003863823422527278,-0.0022005825666505606,ARB,1h,momentum,trend,1d,F,False,False
1.0735,1.7085,1.7355,-0.3451,208,1.1635,0.4911,1.2058,0.001318,1.2868,0.056,1.5106,16.6009,1.0047,727,0.001318,0.027201,1.3068,0.19170937,363,364,0.0006237818861338399,0.0020109369617764225,ARB,1h,range_breakout,trend,4h,C,False,False
0.7125,1.1522,0.5133,-0.5754,175,1.1197,0.5252,1.0124,0.00164,1.0254,0.0383,0.9677,7.2541,0.4674,497,0.00164,0.042141,0.8674,0.3861612,241,256,0.0023077568951061543,0.0010105475663385712,ARB,1h,range_breakout,trend,12h,C,False,False
0.3755,0.6553,-0.0388,-0.7659,285,1.0691,0.4927,1.1007,0.001361,1.0945,0.0264,0.5636,1.8178,-0.0437,343,0.001361,0.055122,0.4571,0.6478814,168,175,-5.067888835224008e-05,0.0027152498446584607,ARB,1h,range_breakout,trend,1d,D,False,False
-2.1184,-2.7993,-0.8061,-0.8576,808,0.7804,0.4778,0.8529,-0.001868,0.8435,0.0641,-0.558,3.4187,-0.8248,833,-0.001868,0.020909,-2.5788,0.01008539,420,413,-0.002094911002441737,-0.001637746661507408,ARB,1h,macd_scalp,trend,4h,F,False,False
-0.7202,-0.9914,-0.7004,-0.8258,368,0.9046,0.5076,0.8774,-0.001402,0.8104,0.0455,-0.0313,5.0372,-0.7219,591,-0.001402,0.038889,-0.8767,0.38101308,298,293,-0.002257448164032969,-0.0005328056609281732,ARB,1h,macd_scalp,trend,12h,F,False,False
-2.1551,-2.7748,-0.9271,-0.9613,378,0.6854,0.4553,0.8201,-0.007143,0.87,0.0293,-0.7521,4.8027,-0.9626,380,-0.007143,0.053076,-2.6235,0.00905506,186,194,-0.008219350428620556,-0.006111256418358881,ARB,1h,macd_scalp,trend,1d,F,False,False
-2.0286,-2.1698,-0.7318,-0.7524,220,0.6061,0.4851,0.6433,-0.004607,0.59,0.0181,-1.6354,7.8246,-0.6943,235,-0.004607,0.028598,-2.4695,0.01424542,122,113,-0.0037711078562021124,-0.00550936161874572,ARB,1h,keltner_mr,mean_reversion,4h,F,False,False
-0.9318,-1.0927,-0.6016,-0.7154,165,0.788,0.514,0.7452,-0.003675,0.7546,0.0138,-1.085,3.1236,-0.5657,179,-0.003675,0.043349,-1.1343,0.25818434,93,86,-0.0028101304557196314,-0.004610857319238596,ARB,1h,keltner_mr,mean_reversion,12h,F,False,False
0.0203,0.0288,-0.2302,-0.6184,142,1.0055,0.5197,0.9292,0.000114,0.8091,0.0117,0.0499,2.0204,-0.2036,152,0.000114,0.05679,0.0247,0.98029488,79,73,-0.00156912774321246,0.0019353835489224827,ARB,1h,keltner_mr,mean_reversion,1d,D,False,False
-1.6226,-2.3546,-0.627,-0.4362,118,0.6208,0.3952,0.9502,-0.003605,0.7338,0.0095,-0.0617,1.1879,-0.3772,124,-0.003605,0.020324,-1.9753,0.05047641,68,56,-0.004063336609476715,-0.003048701917069453,ARB,1h,dual_ema_adx,trend,4h,F,False,False
-0.7748,-1.088,-0.533,-0.58,113,0.7615,0.4912,0.7887,-0.003861,0.6716,0.0088,0.9262,9.7287,-0.4219,114,-0.003861,0.043706,-0.9432,0.34758824,66,48,-0.010026885891930338,0.004617227719742237,ARB,1h,dual_ema_adx,trend,12h,F,False,False
-0.0462,-0.0811,-0.2527,-0.5042,106,0.9849,0.486,1.0417,-0.00031,1.0776,0.0082,0.8813,2.7917,-0.1829,107,-0.00031,0.057125,-0.0562,0.95529619,61,46,-0.010263960004811229,0.012889104466511259,ARB,1h,dual_ema_adx,trend,1d,F,False,False
1.2663,2.116,2.2118,-0.2999,91,1.318,0.4939,1.3506,0.002837,1.3976,0.0253,1.7511,15.2822,1.1254,328,0.002837,0.033332,1.5415,0.12417428,147,181,0.003185764360636534,0.0025537084198320047,ARB,1h,vol_spike_brk,trend,4h,C,False,False
0.4703,0.8003,0.2393,-0.4468,100,1.1078,0.4963,1.1245,0.001675,1.1403,0.0206,1.0842,7.0668,0.1625,268,0.001675,0.047912,0.5725,0.56749559,120,148,0.0007361413595738442,0.0024369480523400875,ARB,1h,vol_spike_brk,trend,12h,D,False,False
-0.5419,-0.8645,-0.6631,-0.7562,201,0.8873,0.4735,0.9868,-0.00269,0.919,0.0174,0.4088,2.7079,-0.6435,226,-0.00269,0.061311,-0.6597,0.51011747,102,124,-0.005419174514527314,-0.00044593365357041244,ARB,1h,vol_spike_brk,trend,1d,F,False,False
-2.4181,-3.0036,-0.85,-0.8879,758,0.727,0.4609,0.8502,-0.00244,0.7361,0.0591,-0.7118,9.9909,-0.8754,768,-0.00244,0.022972,-2.9436,0.00334259,380,388,-0.0023641949274344396,-0.002514296336060261,ARB,1h,stoch_cross,mean_reversion,4h,F,False,False
-1.8328,-2.4023,-0.8455,-0.9173,496,0.7642,0.475,0.8444,-0.003705,0.6612,0.0386,-0.5665,1.8252,-0.8907,501,-0.003705,0.037175,-2.231,0.02612067,253,248,-0.004218729323280458,-0.003181789497594769,ARB,1h,stoch_cross,mean_reversion,12h,F,False,False
-1.6499,-2.1856,-0.8573,-0.9489,339,0.7475,0.464,0.8636,-0.005707,0.8275,0.0267,-0.4882,1.5345,-0.9169,347,-0.005707,0.052932,-2.0085,0.04536669,178,169,-0.005794443860031835,-0.00561543473101315,ARB,1h,stoch_cross,mean_reversion,1d,F,False,False
-2.2166,-2.7794,-0.9157,-0.951,1198,0.8213,0.4906,0.8528,-0.001659,0.7662,0.1192,-0.6679,5.6498,-0.9459,1490,-0.001659,0.024199,-2.6469,0.00820828,799,691,-0.0012220649525406457,-0.0021650110166850645,SUI,1h,vwap_mr,mean_reversion,4h,F,False,False
-0.4208,-0.5491,-0.664,-0.8629,553,0.9483,0.5057,0.9267,-0.000812,0.9769,0.0557,-0.5791,3.5819,-0.7027,696,-0.000812,0.042645,-0.5025,0.61545906,381,315,0.0005235399232040639,-0.0024280523837839647,SUI,1h,vwap_mr,mean_reversion,12h,F,False,False
-0.6731,-0.9076,-0.7748,-0.897,320,0.8945,0.5098,0.8603,-0.002342,0.8615,0.0328,-0.2672,3.9251,-0.816,410,-0.002342,0.058988,-0.8038,0.42199189,225,185,-0.0006124699375790666,-0.004444569790872653,SUI,1h,vwap_mr,mean_reversion,1d,F,False,False
-2.5121,-3.6649,-0.9108,-0.9482,1346,0.7909,0.4473,0.9771,-0.00185,0.8733,0.1078,0.4808,8.2599,-0.9416,1348,-0.00185,0.02264,-2.9998,0.0027512,683,665,-0.001182921539285882,-0.002534683409524231,SUI,1h,stoch_rsi,mean_reversion,4h,F,False,False
-1.914,-2.6399,-0.9198,-0.9542,727,0.7924,0.465,0.9116,-0.003322,0.7543,0.0583,-0.2114,3.2409,-0.95,729,-0.003322,0.039244,-2.2856,0.02256498,369,360,-0.0036811504671025556,-0.002953969137840441,SUI,1h,stoch_rsi,mean_reversion,12h,F,False,False
-1.7546,-2.2938,-0.9246,-0.9664,428,0.7513,0.4545,0.9015,-0.005747,0.8163,0.0343,-0.528,4.2465,-0.959,429,-0.005747,0.056812,-2.0953,0.03673285,224,205,-0.004519741961022202,-0.007088388258587421,SUI,1h,stoch_rsi,mean_reversion,1d,F,False,False
-1.8538,-2.65,-0.9262,-0.9722,2287,0.8774,0.4513,1.0669,-0.00105,0.9868,0.1978,0.0572,9.109,-0.9628,2473,-0.00105,0.023597,-2.2137,0.02694306,1092,1381,-0.0009776892489749339,-0.0011078780108749991,SUI,1h,ema_ribbon,trend,4h,F,False,False
-1.0265,-1.6149,-0.8416,-0.9337,832,0.8942,0.4708,1.0051,-0.001626,0.9938,0.0726,0.3446,2.1031,-0.8889,907,-0.001626,0.039943,-1.2258,0.22058874,397,510,-0.001496418669554105,-0.0017264964120268793,SUI,1h,ema_ribbon,trend,12h,F,False,False
-1.2852,-1.9069,-0.9045,-0.9516,432,0.8226,0.4491,1.0092,-0.004098,0.9596,0.0385,0.154,4.0524,-0.9398,481,-0.004098,0.058564,-1.5347,0.12552208,210,271,-0.004266713087576869,-0.003967358339618036,SUI,1h,ema_ribbon,trend,1d,F,False,False
-0.9107,-1.3473,-0.6216,-0.3419,112,0.7555,0.469,0.8552,-0.002673,0.7345,0.009,0.2485,2.2011,-0.2887,113,-0.002673,0.026124,-1.0875,0.27915291,62,51,-0.0003736186020223749,-0.0054673568489588854,SUI,1h,bollinger_mr,mean_reversion,4h,F,False,False
-1.4726,-2.0118,-0.7777,-0.6649,110,0.6384,0.4324,0.8379,-0.008109,0.6774,0.0089,-0.2806,2.6571,-0.6458,111,-0.008109,0.048584,-1.7585,0.0814515,60,51,-0.0077265752136869,-0.008558624217379664,SUI,1h,bollinger_mr,mean_reversion,12h,F,False,False
-0.3298,-0.4697,-0.6105,-0.5028,66,0.8971,0.5644,0.6925,-0.002733,0.8644,0.0081,0.1227,2.6449,-0.4071,101,-0.002733,0.069751,-0.3938,0.6945889,54,47,0.0007438348339644867,-0.006727539257516443,SUI,1h,bollinger_mr,mean_reversion,1d,F,False,False
-1.5699,-2.0647,-0.7107,-0.6836,249,0.7128,0.4742,0.7903,-0.002907,0.663,0.0233,0.6599,12.8512,-0.6127,291,-0.002907,0.026453,-1.8747,0.06183538,153,138,-0.0034323611938513773,-0.0023249279472207143,SUI,1h,rsi_extreme,mean_reversion,4h,F,False,False
-1.0029,-1.3426,-0.7631,-0.6745,221,0.7945,0.4459,0.9871,-0.003616,0.6829,0.0178,-0.0345,3.3928,-0.6434,222,-0.003616,0.044984,-1.1976,0.23234735,119,103,-0.001655026596477371,-0.005881040889962942,SUI,1h,rsi_extreme,mean_reversion,12h,F,False,False
-0.1268,-0.1831,-0.3993,-0.6327,124,0.97,0.5227,0.8856,-0.000662,0.9786,0.0141,-0.1152,1.3566,-0.3398,176,-0.000662,0.058037,-0.1514,0.87980948,98,78,0.005162413444804256,-0.007980900886068624,SUI,1h,rsi_extreme,mean_reversion,1d,F,False,False
-0.9574,-1.4805,-0.8291,-0.9324,2337,0.9367,0.4674,1.0674,-0.000544,1.0816,0.2037,0.6445,6.1778,-0.8793,2546,-0.000544,0.024015,-1.1432,0.25305463,1239,1307,-0.00012332288311478945,-0.0009430033655365089,SUI,1h,momentum,trend,4h,F,False,False
0.0447,0.0691,-0.5035,-0.8436,960,1.0048,0.4902,1.0452,7.3e-05,1.0593,0.0772,0.4177,3.8507,-0.5454,965,7.3e-05,0.042335,0.0534,0.95743495,467,498,0.0006987759549182001,-0.0005142939580971918,SUI,1h,momentum,trend,12h,D,False,False
-0.2386,-0.3539,-0.6797,-0.8803,465,0.9654,0.491,1.0007,-0.000767,0.9277,0.0401,0.0599,3.1417,-0.7276,501,-0.000767,0.060216,-0.285,0.77578933,248,253,-0.00044256925763930526,-0.0010842723802909982,SUI,1h,momentum,trend,1d,F,False,False
-0.0175,-0.0296,-0.3153,-0.5374,637,0.9977,0.4536,1.2017,-2.2e-05,1.1003,0.0552,1.0923,7.0336,-0.2326,690,-2.2e-05,0.027153,-0.0209,0.98331811,312,378,0.0017414427085979088,-0.0014768495689971197,SUI,1h,range_breakout,trend,4h,F,False,False
-0.0866,-0.1253,-0.3971,-0.7946,440,0.9865,0.4947,1.0076,-0.000206,1.0086,0.0378,0.2265,3.7466,-0.4176,473,-0.000206,0.043332,-0.1034,0.91771049,201,272,0.005503235569983197,-0.004424890312972393,SUI,1h,range_breakout,trend,12h,F,False,False
0.2228,0.3432,-0.2698,-0.7978,307,1.042,0.4622,1.2123,0.000914,1.2483,0.0265,0.1585,4.144,-0.2922,331,0.000914,0.062461,0.2661,0.79032824,143,188,0.004879036539033343,-0.0021027348425465206,SUI,1h,range_breakout,trend,1d,D,False,False
-1.2068,-1.7336,-0.8153,-0.7039,806,0.8641,0.4684,0.9807,-0.001218,0.9681,0.0646,0.1693,3.1178,-0.7038,807,-0.001218,0.024016,-1.4411,0.14993331,409,398,-0.0012072030902905181,-0.001229828592663657,SUI,1h,macd_scalp,trend,4h,F,False,False
-0.4809,-0.6838,-0.7407,-0.7069,288,0.9345,0.4902,0.972,-0.001015,0.9963,0.0447,0.0168,2.0956,-0.6526,559,-0.001015,0.041774,-0.5743,0.56601414,297,262,-0.002011846855381696,0.00011572759101154309,SUI,1h,macd_scalp,trend,12h,F,False,False
-0.9547,-1.4251,-0.8508,-0.842,362,0.8482,0.4738,0.9419,-0.003362,0.8047,0.029,0.2459,2.1488,-0.8342,363,-0.003362,0.056185,-1.14,0.25504155,177,186,-0.006098222372324241,-0.0007577520120097437,SUI,1h,macd_scalp,trend,1d,F,False,False
-2.6086,-3.5552,-0.7956,-0.7448,207,0.5521,0.3942,0.8483,-0.005778,0.5365,0.0166,-0.1096,1.8233,-0.7221,208,-0.005778,0.02675,-3.115,0.00210034,101,107,-0.003340558825011431,-0.0080779712990743,SUI,1h,keltner_mr,mean_reversion,4h,F,False,False
-2.4107,-3.1222,-0.8576,-0.8752,149,0.5193,0.4,0.779,-0.011823,0.5632,0.012,-0.3317,1.8903,-0.862,150,-0.011823,0.050298,-2.8788,0.00458032,76,74,-0.004332149597316249,-0.01951532004052987,SUI,1h,keltner_mr,mean_reversion,12h,F,False,False
-1.1942,-1.7011,-0.7964,-0.7922,124,0.7033,0.488,0.7379,-0.008869,0.7792,0.01,0.0918,2.5575,-0.7586,125,-0.008869,0.069529,-1.4261,0.15636143,67,58,0.00045194540815657574,-0.019635299459728837,SUI,1h,keltner_mr,mean_reversion,1d,F,False,False
-0.9787,-1.4837,-0.6355,-0.3664,115,0.7164,0.392,1.1111,-0.002694,1.0598,0.01,1.3,13.776,-0.3148,125,-0.002694,0.025777,-1.1687,0.24476363,69,56,0.0011975754217112978,-0.007490062997242054,SUI,1h,dual_ema_adx,trend,4h,F,False,False
-0.3896,-0.6571,-0.4172,-0.4748,106,0.8835,0.4483,1.0874,-0.001834,0.873,0.0093,0.9277,3.1969,-0.2701,116,-0.001834,0.042458,-0.4652,0.64263778,65,51,0.0010447767194439422,-0.005503148533128584,SUI,1h,dual_ema_adx,trend,12h,F,False,False
-0.4734,-0.6396,-0.5357,-0.6759,99,0.8427,0.4679,0.9583,-0.003629,0.7822,0.0087,0.3247,4.3543,-0.4732,109,-0.003629,0.067017,-0.5653,0.57301776,63,46,-0.0008370268923930421,-0.0074526238588885005,SUI,1h,dual_ema_adx,trend,1d,F,False,False
0.4278,0.6471,0.1968,-0.4851,276,1.0828,0.5015,1.0765,0.000862,1.2387,0.0271,0.4336,6.196,0.1389,339,0.000862,0.031077,0.5109,0.60974923,144,195,0.004554174074510287,-0.0018639100588236524,SUI,1h,vol_spike_brk,trend,4h,D,False,False
0.4038,0.5685,0.0594,-0.5985,256,1.0889,0.5131,1.0332,0.001523,1.1519,0.0214,0.0017,4.2198,0.0511,267,0.001523,0.051589,0.4822,0.63002668,110,157,0.011409142481878128,-0.005404384739564165,SUI,1h,vol_spike_brk,trend,12h,D,False,False
0.0608,0.0915,-0.3684,-0.719,207,1.014,0.4529,1.2248,0.000329,1.2712,0.0178,0.1396,3.3659,-0.3552,223,0.000329,0.067648,0.0726,0.94216447,93,130,0.010858833086128492,-0.007203838902393822,SUI,1h,vol_spike_brk,trend,1d,D,False,False
-1.8314,-2.6406,-0.8151,-0.8191,697,0.7838,0.4398,0.9983,-0.001968,0.786,0.0558,0.7586,9.0725,-0.7922,698,-0.001968,0.023773,-2.187,0.02907539,362,336,-0.0006634686051370421,-0.0033733250701785023,SUI,1h,stoch_cross,mean_reversion,4h,F,False,False
-1.1914,-1.5661,-0.8373,-0.8024,450,0.8242,0.4602,0.9668,-0.002687,0.8341,0.0362,-0.4407,6.0403,-0.7958,452,-0.002687,0.040152,-1.4227,0.15550522,234,218,-0.0017911036396055066,-0.003648539259036484,SUI,1h,stoch_cross,mean_reversion,12h,F,False,False
-0.4748,-0.7099,-0.7012,-0.7377,314,0.9179,0.4858,0.9715,-0.001752,0.8128,0.0254,0.0886,2.7772,-0.646,317,-0.001752,0.055018,-0.5669,0.57116282,174,143,-0.0007976447619974182,-0.002913020148810312,SUI,1h,stoch_cross,mean_reversion,1d,F,False,False
-2.2878,-2.708,-0.873,-0.984,2160,0.807,0.481,0.8707,-0.001611,0.7734,0.1191,-1.0024,8.1369,-0.9834,2185,-0.001611,0.02275,-3.3093,0.00095035,1088,1097,-0.0011301298521818669,-0.0020872422101224156,DOGE,1h,vwap_mr,mean_reversion,4h,F,False,False
-1.7912,-2.3239,-0.8601,-0.9809,994,0.7946,0.4797,0.8618,-0.003097,0.8068,0.0551,-0.4734,3.9978,-0.9794,1011,-0.003097,0.038011,-2.591,0.00970865,508,503,-0.0014561441509063804,-0.004754948650900572,DOGE,1h,vwap_mr,mean_reversion,12h,F,False,False
-1.3664,-1.7297,-0.831,-0.9718,599,0.7982,0.4976,0.806,-0.004159,0.876,0.0336,-0.6225,4.4095,-0.9682,617,-0.004159,0.052272,-1.9765,0.04854047,314,303,-0.000787809169778797,-0.007653447963120523,DOGE,1h,vwap_mr,mean_reversion,1d,F,False,False
-1.2002,-1.6882,-0.7033,-0.8913,1818,0.8856,0.4456,1.1019,-0.000834,1.0179,0.1062,0.4359,9.5682,-0.8729,1948,-0.000834,0.021205,-1.7361,0.08270729,949,999,-0.00048440194667350486,-0.0011662946722995403,DOGE,1h,stoch_rsi,mean_reversion,4h,F,False,False
-0.1529,-0.2258,-0.4606,-0.8479,580,0.9806,0.4954,0.999,-0.000254,1.0337,0.0587,0.341,5.9499,-0.6451,1076,-0.000254,0.037693,-0.2212,0.8249663,523,553,0.0007816169575371568,-0.0012338248633604082,DOGE,1h,stoch_rsi,mean_reversion,12h,F,False,False
-1.9919,-2.8298,-0.896,-0.9925,603,0.7177,0.44,0.9134,-0.005984,0.8354,0.0341,0.2541,6.4351,-0.99,625,-0.005984,0.051919,-2.8813,0.00409621,304,321,-0.0048186140945086706,-0.007087367547807839,DOGE,1h,stoch_rsi,mean_reversion,1d,F,False,False
-0.4232,-0.6767,-0.6295,-0.8765,3514,0.9702,0.4591,1.1429,-0.000222,1.1357,0.1994,1.075,10.3262,-0.8134,3657,-0.000222,0.021917,-0.6122,0.54045094,1703,1954,8.995877587447407e-05,-0.0004936561032076202,DOGE,1h,ema_ribbon,trend,4h,F,False,False
0.3751,0.6303,-0.1194,-0.662,844,1.0437,0.4787,1.1365,0.000553,1.1294,0.073,0.9489,5.4804,-0.1583,1339,0.000553,0.037292,0.5425,0.58754595,620,719,0.0014472258913497764,-0.00021829210825853365,DOGE,1h,ema_ribbon,trend,12h,D,False,False
0.5318,1.0216,0.0837,-0.7979,409,1.0834,0.4669,1.2373,0.001512,1.3044,0.0387,1.1779,4.9373,0.1448,709,0.001512,0.052327,0.7693,0.44199716,331,378,0.003141402718932078,8.470239608840222e-05,DOGE,1h,ema_ribbon,trend,1d,C,False,False
-0.0247,-0.0311,-0.0929,-0.2807,137,0.9921,0.5198,0.9166,-6e-05,0.8897,0.0096,-0.3017,2.5046,-0.0538,177,-6e-05,0.022444,-0.0357,0.97152908,88,89,-0.0017076931070701066,0.0015685918035850163,DOGE,1h,bollinger_mr,mean_reversion,4h,F,False,False
-0.1543,-0.1807,-0.2278,-0.5757,124,0.95,0.5116,0.9069,-0.000737,1.232,0.0094,-1.0892,6.766,-0.2548,172,-0.000737,0.043305,-0.2231,0.82368892,86,86,0.002082923567809093,-0.0035565682290743346,DOGE,1h,bollinger_mr,mean_reversion,12h,F,False,False
-0.1562,-0.1825,-0.2671,-0.6995,144,0.9464,0.5409,0.8034,-0.001024,0.751,0.0087,-0.6266,7.8562,-0.3512,159,-0.001024,0.057139,-0.226,0.82149577,80,79,0.004071285447951302,-0.0061839509576279835,DOGE,1h,bollinger_mr,mean_reversion,1d,F,False,False
-1.0561,-1.252,-0.5579,-0.6446,466,0.8081,0.4756,0.8911,-0.001686,0.7712,0.0257,-0.97,6.7616,-0.6065,471,-0.001686,0.023955,-1.5276,0.12727526,239,232,-0.001497264136511786,-0.0018807981160382384,DOGE,1h,rsi_extreme,mean_reversion,4h,F,False,False
-1.2412,-1.2708,-0.6619,-0.9115,347,0.7399,0.5269,0.6643,-0.004353,0.7167,0.0192,-1.8549,8.7046,-0.8555,353,-0.004353,0.045553,-1.7954,0.07345224,179,174,-0.00300752887918852,-0.005736977269169918,DOGE,1h,rsi_extreme,mean_reversion,12h,F,False,False
-0.6824,-0.8428,-0.5904,-0.8082,279,0.8531,0.535,0.7416,-0.003189,0.7608,0.0156,-0.7571,1.7975,-0.7425,286,-0.003189,0.054638,-0.9871,0.3244416,144,142,-0.003159999275483436,-0.003218540567225243,DOGE,1h,rsi_extreme,mean_reversion,1d,F,False,False
-1.9449,-2.7326,-0.901,-0.995,3381,0.8676,0.4577,1.0279,-0.001102,1.0135,0.1889,0.0853,8.2774,-0.9913,3465,-0.001102,0.023062,-2.8133,0.00493095,1745,1720,-0.000500824921316382,-0.001712311746663953,DOGE,1h,momentum,trend,4h,F,False,False
0.0279,0.0428,-0.3803,-0.9289,1285,1.0031,0.4908,1.0406,4.1e-05,0.9912,0.0743,0.5822,5.2302,-0.5983,1363,4.1e-05,0.037889,0.0404,0.96777525,661,702,0.001453925511893318,-0.0012884966660431354,DOGE,1h,momentum,trend,12h,D,False,False
0.2029,0.2812,-0.3169,-0.9173,618,1.0324,0.4951,1.0526,0.000611,1.1559,0.0393,-0.256,8.8502,-0.5126,721,0.000611,0.055873,0.2935,0.76926204,345,376,0.0028668533286885737,-0.0014595967250538586,DOGE,1h,momentum,trend,1d,D,False,False
-0.4005,-0.6584,-0.3709,-0.7977,923,0.9462,0.4373,1.2175,-0.000453,1.1536,0.0535,1.0219,8.1459,-0.52,981,-0.000453,0.024471,-0.5794,0.5624526,502,479,-0.0005132506381755116,-0.0003892112850809602,DOGE,1h,range_breakout,trend,4h,F,False,False
-0.0047,-0.0077,-0.2833,-0.7312,440,0.9993,0.4612,1.1674,-1e-05,1.1166,0.0372,0.4836,2.6527,-0.3848,683,-1e-05,0.037637,-0.0068,0.99456767,338,345,0.001882427288706223,-0.0018636514848107254,DOGE,1h,range_breakout,trend,12h,F,False,False
-0.1172,-0.1878,-0.4352,-0.7681,315,0.9794,0.4521,1.1868,-0.000396,1.0382,0.0268,0.3064,3.7275,-0.5732,491,-0.000396,0.051796,-0.1695,0.86545345,248,243,0.0003082860183337927,-0.0011153206026587553,DOGE,1h,range_breakout,trend,1d,F,False,False
-1.2691,-1.7861,-0.6346,-0.8584,1122,0.8556,0.4841,0.9119,-0.001178,0.8824,0.0633,0.2638,4.9684,-0.8073,1161,-0.001178,0.021872,-1.8357,0.0666566,582,579,-0.0013923295904685541,-0.0009632841096801234,DOGE,1h,macd_scalp,trend,4h,F,False,False
-0.4013,-0.5445,-0.5085,-0.8819,797,0.944,0.5115,0.9016,-0.00077,0.9263,0.0451,-0.1779,6.6492,-0.7121,827,-0.00077,0.038124,-0.5805,0.56172309,419,408,-0.0009462175725656871,-0.000588230158564789,DOGE,1h,macd_scalp,trend,12h,F,False,False
-0.9873,-1.2832,-0.7561,-0.9469,519,0.838,0.4778,0.9159,-0.003317,1.0354,0.0294,-0.91,10.9967,-0.9282,540,-0.003317,0.053977,-1.4281,0.15383644,273,267,-0.0008779487723969685,-0.0058113098159117155,DOGE,1h,macd_scalp,trend,1d,F,False,False
-0.8694,-1.1573,-0.4947,-0.5104,210,0.806,0.4649,0.9277,-0.001746,0.7543,0.0163,-0.0576,5.4829,-0.456,299,-0.001746,0.024003,-1.2576,0.20951881,146,153,-0.0010720688766192314,-0.0023885441866706466,DOGE,1h,keltner_mr,mean_reversion,4h,F,False,False
-0.6585,-0.7736,-0.4763,-0.7296,178,0.8342,0.4917,0.8625,-0.002706,0.9641,0.0131,-1.1906,5.8236,-0.5907,240,-0.002706,0.044008,-0.9525,0.34180213,113,127,0.0013937068881322693,-0.006353410776242266,DOGE,1h,keltner_mr,mean_reversion,12h,F,False,False
-0.2849,-0.3349,-0.3958,-0.7266,151,0.922,0.5433,0.7751,-0.001651,0.8843,0.0113,-1.0339,4.5477,-0.5081,208,-0.001651,0.057784,-0.4121,0.68067991,101,107,0.003085842412929916,-0.0061225866164202405,DOGE,1h,keltner_mr,mean_reversion,1d,F,False,False
-0.3501,-0.6157,-0.3647,-0.1793,181,0.9024,0.4286,1.2032,-0.000635,1.1029,0.0099,0.7037,1.4844,-0.1319,182,-0.000635,0.01693,-0.5064,0.61320497,108,74,0.0003113050848608564,-0.002017244680575742,DOGE,1h,dual_ema_adx,trend,4h,F,False,False
0.1778,0.2701,0.0467,-0.2539,61,1.0558,0.5366,0.9118,0.000615,0.9383,0.0089,0.2128,2.0519,0.025,164,0.000615,0.030609,0.2571,0.79740471,103,61,0.001974870811512365,-0.0016822885465194444,DOGE,1h,dual_ema_adx,trend,12h,D,False,False
-0.0069,-0.0088,-0.1885,-0.4967,132,0.9978,0.4906,1.0362,-3.9e-05,1.2039,0.0087,-0.7305,2.7805,-0.1859,159,-3.9e-05,0.049459,-0.01,0.99204662,98,61,0.003026186172833174,-0.004963816784626074,DOGE,1h,dual_ema_adx,trend,1d,F,False,False
0.2697,0.4367,0.0389,-0.6145,472,1.0511,0.4648,1.2103,0.000459,1.1491,0.0294,0.9974,7.015,0.0507,540,0.000459,0.027341,0.3901,0.69662291,266,274,-0.0003396299848910956,0.0012342569683536165,DOGE,1h,vol_spike_brk,trend,4h,D,False,False
0.1989,0.3118,-0.0703,-0.6277,279,1.0382,0.4665,1.1873,0.00054,1.0141,0.0236,0.2356,1.9955,-0.0901,433,0.00054,0.039041,0.2877,0.77367629,210,223,0.002995828586206499,-0.0017729099175650134,DOGE,1h,vol_spike_brk,trend,12h,D,False,False
0.0875,0.1334,-0.2704,-0.6354,225,1.0188,0.4543,1.2239,0.00037,1.0585,0.0191,0.1032,3.9027,-0.326,350,0.00037,0.054623,0.1266,0.89936184,175,175,0.0025767358533586174,-0.0018376922305296914,DOGE,1h,vol_spike_brk,trend,1d,D,False,False
-2.5306,-3.0428,-0.7752,-0.9324,935,0.6897,0.4437,0.8646,-0.002603,0.7886,0.0514,-0.749,9.1229,-0.9317,942,-0.002603,0.021829,-3.6606,0.00026566,436,506,-0.002230906564748957,-0.0029245019417572632,DOGE,1h,stoch_cross,mean_reversion,4h,F,False,False
-1.6147,-1.9605,-0.7553,-0.9284,624,0.7611,0.4527,0.9201,-0.00326,0.8482,0.0352,-1.1307,9.7425,-0.9202,645,-0.00326,0.035445,-2.3356,0.01981638,303,342,-0.001851733956086579,-0.004507121658721898,DOGE,1h,stoch_cross,mean_reversion,12h,F,False,False
-0.7315,-1.0142,-0.6607,-0.9282,300,0.8672,0.4945,0.8865,-0.002785,0.8567,0.0248,0.4021,7.0616,-0.863,455,-0.002785,0.05614,-1.0581,0.29058,214,241,0.00093236949413269,-0.0060853997250008285,DOGE,1h,stoch_cross,mean_reversion,1d,F,False,False
-2.1494,-2.4579,-0.7966,-0.9657,1764,0.8058,0.4958,0.8195,-0.001334,0.7982,0.1097,-1.2345,11.1191,-0.9535,2013,-0.001334,0.019255,-3.1092,0.00190227,989,1024,-0.0007954118154224445,-0.0018547971775631192,XRP,1h,vwap_mr,mean_reversion,4h,F,False,False
-1.0841,-1.2859,-0.7235,-0.8924,897,0.8558,0.5112,0.8182,-0.001655,0.8241,0.0534,-0.5832,10.3141,-0.8859,980,-0.001655,0.033042,-1.5682,0.11716265,489,491,-0.00042371319406900326,-0.002881626545259225,XRP,1h,vwap_mr,mean_reversion,12h,F,False,False
-0.7243,-0.8174,-0.6644,-0.8897,556,0.88,0.5307,0.7783,-0.001973,0.7939,0.0329,-1.2229,8.4565,-0.846,603,-0.001973,0.046246,-1.0477,0.29521928,299,304,0.0013486537097787616,-0.005240093434850414,XRP,1h,vwap_mr,mean_reversion,1d,F,False,False
-1.6226,-2.1913,-0.7093,-0.9042,1017,0.8432,0.4663,0.9651,-0.00094,0.8348,0.1067,1.3743,26.9571,-0.883,1958,-0.00094,0.017722,-2.3471,0.01901824,984,974,-0.0007447385879701931,-0.0011373095849059487,XRP,1h,stoch_rsi,mean_reversion,4h,F,False,False
-1.6343,-2.2311,-0.7833,-0.9477,1055,0.7992,0.4427,1.0062,-0.002202,0.9452,0.058,0.3518,8.8353,-0.9414,1064,-0.002202,0.030384,-2.3641,0.01825405,546,518,-0.0012348883580438367,-0.0032215780505009794,XRP,1h,stoch_rsi,mean_reversion,12h,F,False,False
-0.4284,-0.53,-0.5505,-0.9126,508,0.9243,0.4856,0.979,-0.001175,0.8974,0.0341,-0.4288,9.3835,-0.7679,626,-0.001175,0.047422,-0.6197,0.53567277,317,309,0.0012414009027543818,-0.003653090786859321,XRP,1h,stoch_rsi,mean_reversion,1d,F,False,False
-1.4013,-1.9797,-0.8052,-0.9539,3635,0.8969,0.4428,1.1287,-0.000653,1.066,0.1982,0.6551,23.9984,-0.953,3636,-0.000653,0.019415,-2.027,0.04273482,1741,1895,-7.804720719979316e-05,-0.0011805723221731768,XRP,1h,ema_ribbon,trend,4h,F,False,False
0.0006,0.001,-0.3831,-0.7306,652,1.0001,0.4577,1.1847,1e-06,1.23,0.0729,1.3109,12.5923,-0.4969,1337,1e-06,0.032436,0.0009,0.99926542,635,702,0.0017397914663638313,-0.001572187281459415,XRP,1h,ema_ribbon,trend,12h,D,False,False
0.0917,0.1522,-0.3662,-0.7443,427,1.0165,0.4375,1.307,0.000249,1.1434,0.0384,1.5164,12.6859,-0.4861,704,0.000249,0.049735,0.1327,0.89449721,331,373,0.003876440288834677,-0.002970604201380824,XRP,1h,ema_ribbon,trend,1d,D,False,False
-0.8574,-1.3509,-0.3607,-0.3821,118,0.7812,0.4892,0.8156,-0.001527,0.672,0.0101,0.5145,3.2374,-0.2668,186,-0.001527,0.016794,-1.2402,0.21647661,90,96,0.0007413113426143629,-0.003653772644611314,XRP,1h,bollinger_mr,mean_reversion,4h,F,False,False
-0.5103,-0.665,-0.3152,-0.648,126,0.8388,0.5085,0.8108,-0.002033,0.9027,0.0096,0.5847,9.3552,-0.38,177,-0.002033,0.036639,-0.7381,0.4614136,88,89,0.0038451599713744335,-0.007844765131045525,XRP,1h,bollinger_mr,mean_reversion,12h,F,False,False
-0.4413,-0.5415,-0.3528,-0.7566,105,0.8511,0.491,0.8823,-0.002546,0.722,0.0091,0.1412,8.8097,-0.4778,167,-0.002546,0.051542,-0.6383,0.52415704,84,83,0.01062371028466039,-0.015874058791368866,XRP,1h,bollinger_mr,mean_reversion,1d,F,False,False
-1.1913,-1.5197,-0.5025,-0.6837,423,0.7836,0.4699,0.8839,-0.001733,0.7815,0.0245,0.038,9.6538,-0.5856,449,-0.001733,0.021305,-1.7232,0.08553924,227,222,-0.001219788790442523,-0.002256984271926084,XRP,1h,rsi_extreme,mean_reversion,4h,F,False,False
-1.9683,-2.1138,-0.7524,-0.9493,324,0.605,0.4737,0.6722,-0.006652,0.525,0.0186,-1.3473,7.574,-0.9273,342,-0.006652,0.043209,-2.8471,0.00467908,169,173,-0.0007389409619451415,-0.012428876027797383,XRP,1h,rsi_extreme,mean_reversion,12h,F,False,False
-1.5612,-1.8115,-0.7152,-0.9474,249,0.6592,0.4906,0.6844,-0.007355,0.5844,0.0146,-0.7559,4.284,-0.9063,267,-0.007355,0.053219,-2.2584,0.02473419,139,128,-0.0006248406212983643,-0.01466411475946916,XRP,1h,rsi_extreme,mean_reversion,1d,F,False,False
-2.0304,-2.7862,-0.8724,-0.9929,2984,0.8417,0.4372,1.0835,-0.001165,1.0367,0.1636,0.2129,21.3548,-0.9851,3001,-0.001165,0.021725,-2.937,0.00333888,1504,1497,-0.00016265155058537036,-0.002171504718021634,XRP,1h,momentum,trend,4h,F,False,False
-0.9616,-1.2229,-0.7147,-0.9531,1265,0.8866,0.4597,1.042,-0.001311,1.0003,0.069,-0.7392,10.1855,-0.9086,1266,-0.001311,0.033538,-1.391,0.16447095,614,652,0.0008435259386354539,-0.0033402293226781933,XRP,1h,momentum,trend,12h,F,False,False
-0.1354,-0.1938,-0.5219,-0.7502,685,0.9775,0.4514,1.1881,-0.000358,1.0646,0.0376,0.2267,6.1616,-0.6464,689,-0.000358,0.047915,-0.1959,0.84475632,341,348,0.00271044471292214,-0.003363888357379437,XRP,1h,momentum,trend,1d,F,False,False
-0.786,-1.1961,-0.5039,-0.7293,939,0.8902,0.4151,1.2544,-0.00078,1.3115,0.052,0.1754,16.258,-0.6165,954,-0.00078,0.021178,-1.1369,0.25586724,481,473,0.00024546267036992304,-0.0018218387464816062,XRP,1h,range_breakout,trend,4h,F,False,False
0.0724,0.1101,-0.2178,-0.6207,405,1.0132,0.4404,1.2873,0.000141,1.285,0.0361,0.6935,12.3894,-0.2621,663,0.000141,0.034785,0.1047,0.91662298,335,328,0.003083072178830864,-0.0028628842554717674,XRP,1h,range_breakout,trend,12h,D,False,False
0.3521,0.6011,-0.0018,-0.6417,256,1.077,0.4606,1.2615,0.001155,1.2253,0.0256,1.5526,12.2698,-0.0024,469,0.001155,0.04913,0.5093,0.61075266,231,238,0.006924749773885675,-0.004444083036781299,XRP,1h,range_breakout,trend,1d,D,False,False
-3.0966,-3.6813,-0.802,-0.9562,1192,0.6561,0.416,0.9209,-0.002369,0.7655,0.0653,-1.9633,34.3595,-0.9525,1197,-0.002369,0.0183,-4.4793,8.21e-06,592,605,-0.001488435394660675,-0.003231165035137741,XRP,1h,macd_scalp,trend,4h,F,False,False
-1.2325,-1.473,-0.6977,-0.9381,801,0.8144,0.4713,0.9137,-0.002075,0.7755,0.0456,-0.5628,15.9974,-0.8918,836,-0.002075,0.03366,-1.7828,0.07498133,409,427,0.0010779572660959288,-0.005095936211433442,XRP,1h,macd_scalp,trend,12h,F,False,False
-0.3479,-0.4566,-0.4818,-0.8252,410,0.9351,0.5073,0.9082,-0.000954,0.9619,0.0299,0.609,12.2096,-0.6536,548,-0.000954,0.044385,-0.5032,0.61502849,267,281,0.0022823332945617874,-0.004029228101662686,XRP,1h,macd_scalp,trend,1d,F,False,False
-1.1264,-1.2246,-0.4591,-0.5465,201,0.7379,0.5153,0.6942,-0.002085,0.71,0.0143,-1.4015,6.3036,-0.4536,262,-0.002085,0.020715,-1.6294,0.10444299,123,139,-0.00046577738062836906,-0.0035182516537066817,XRP,1h,keltner_mr,mean_reversion,4h,F,False,False
-0.902,-0.9665,-0.4678,-0.6978,173,0.7613,0.5271,0.683,-0.00336,0.6772,0.0111,-1.6789,7.3325,-0.5625,203,-0.00336,0.036685,-1.3048,0.19344925,99,104,0.0005317710924537558,-0.007063799757392608,XRP,1h,keltner_mr,mean_reversion,12h,F,False,False
-1.1479,-1.2488,-0.5992,-0.8595,148,0.6693,0.4943,0.6847,-0.006945,0.5459,0.0096,-0.9576,7.4914,-0.78,176,-0.006945,0.055487,-1.6604,0.09861793,90,86,0.004526131027629656,-0.018949104028838218,XRP,1h,keltner_mr,mean_reversion,1d,F,False,False
-0.7743,-1.2751,-0.3978,-0.3511,203,0.7884,0.4167,1.1038,-0.001388,0.9993,0.0111,1.2121,6.8603,-0.27,204,-0.001388,0.017697,-1.12,0.26403475,127,77,0.0002636058409620044,-0.004111256135748889,XRP,1h,dual_ema_adx,trend,4h,F,False,False
-0.5225,-0.9395,-0.3807,-0.3983,169,0.8461,0.4034,1.2512,-0.00158,0.8323,0.0096,1.5425,7.6756,-0.2911,176,-0.00158,0.027728,-0.7557,0.45082549,119,57,-0.00204609812721992,-0.0006054320624447767,XRP,1h,dual_ema_adx,trend,12h,F,False,False
-1.87,-2.5738,-0.6358,-0.7329,161,0.5549,0.3939,0.8537,-0.007314,0.8955,0.009,-0.195,2.2528,-0.7308,165,-0.007314,0.034732,-2.7051,0.00755071,112,53,-0.007223906788393942,-0.007505126754456072,XRP,1h,dual_ema_adx,trend,1d,F,False,False
-0.1192,-0.2211,-0.2649,-0.3741,323,0.9773,0.4338,1.2756,-0.000181,1.3519,0.0268,1.2808,5.1442,-0.1962,491,-0.000181,0.023212,-0.1724,0.8631828,240,251,0.000758170697036531,-0.0010782514586654898,XRP,1h,vol_spike_brk,trend,4h,F,False,False
0.1787,0.3332,-0.05,-0.5018,171,1.0382,0.4221,1.4213,0.000447,1.5222,0.0217,1.0232,3.5911,-0.0517,398,0.000447,0.034459,0.2586,0.79610581,197,201,0.0022338340059350164,-0.0013050568758252838,XRP,1h,vol_spike_brk,trend,12h,D,False,False
-0.1618,-0.3276,-0.4148,-0.584,175,0.9626,0.4337,1.2567,-0.000624,1.3511,0.0181,1.6884,7.0357,-0.4403,332,-0.000624,0.048553,-0.234,0.81511353,164,168,0.005631564527262235,-0.006729825997570797,XRP,1h,vol_spike_brk,trend,1d,F,False,False
-1.9595,-2.3382,-0.6555,-0.8062,910,0.7529,0.4577,0.892,-0.001582,0.8064,0.0497,-1.0093,6.5945,-0.7926,911,-0.001582,0.016842,-2.8345,0.00469138,393,518,-0.0012203178913474024,-0.0018558260645870092,XRP,1h,stoch_cross,mean_reversion,4h,F,False,False
-1.9893,-2.1399,-0.7566,-0.9313,632,0.697,0.4826,0.7471,-0.003517,0.8567,0.0346,-2.0817,14.3303,-0.922,634,-0.003517,0.030774,-2.8776,0.00414195,281,353,-0.0011862412610727977,-0.005372326817542685,XRP,1h,stoch_cross,mean_reversion,12h,F,False,False
-2.0571,-2.2236,-0.8224,-0.974,430,0.6435,0.4787,0.701,-0.006447,0.699,0.0243,-1.6159,8.8407,-0.9659,445,-0.006447,0.045703,-2.9757,0.00308313,198,247,-0.0010530952870388456,-0.010770733313222007,XRP,1h,stoch_cross,mean_reversion,1d,F,False,False
-3.1038,-3.5195,-1.011,-0.9279,836,0.7535,0.4843,0.8024,-0.002313,0.8584,0.121,-2.3052,22.9764,-0.8951,859,-0.002313,0.024263,-2.7935,0.00533013,467,392,-0.0025798699714943553,-0.001994180897151433,RENDER,1h,vwap_mr,mean_reversion,4h,F,False,False
-1.8979,-2.7855,-0.9907,-0.8486,372,0.7846,0.4588,0.9257,-0.003166,0.7798,0.0546,0.5712,8.217,-0.7742,388,-0.003166,0.036511,-1.7082,0.08839998,212,176,-0.0031431596325671852,-0.0031940424101194946,RENDER,1h,vwap_mr,mean_reversion,12h,F,False,False
-1.1817,-1.6544,-1.0029,-0.7574,230,0.8309,0.4684,0.9432,-0.003534,0.7858,0.0334,-0.1981,3.0567,-0.6848,237,-0.003534,0.051155,-1.0636,0.28861167,128,109,-0.0063644788125403326,-0.000210293107238859,RENDER,1h,vwap_mr,mean_reversion,1d,F,False,False
-0.5761,-0.862,-0.7614,-0.5273,766,0.9506,0.4785,1.0361,-0.000359,1.0119,0.108,-0.0043,1.2172,-0.3402,767,-0.000359,0.019153,-0.5185,0.60426059,381,386,-0.0006253901892645449,-9.522314985179224e-05,RENDER,1h,stoch_rsi,mean_reversion,4h,F,False,False
1.2206,1.9904,3.4228,-0.2924,157,1.1661,0.5179,1.0855,0.002068,1.0547,0.059,0.8861,5.965,0.7538,419,0.002068,0.038536,1.0986,0.27257152,217,202,0.00011213058196429584,0.004169613201712821,RENDER,1h,stoch_rsi,mean_reversion,12h,C,False,False
-0.8573,-1.2813,-0.878,-0.8067,112,0.8701,0.4444,1.0876,-0.002661,0.88,0.0342,0.4263,5.7718,-0.6314,243,-0.002661,0.053757,-0.7716,0.44109942,119,124,-0.007195937904756507,0.0016912665388320502,RENDER,1h,stoch_rsi,mean_reversion,1d,F,False,False
-1.3658,-2.1809,-1.0836,-0.7714,1139,0.9087,0.4665,1.0393,-0.000756,1.013,0.2017,1.5502,17.2432,-0.7686,1432,-0.000756,0.023274,-1.2292,0.21918924,590,842,-0.0012678271583821698,-0.00039740006215673143,RENDER,1h,ema_ribbon,trend,4h,F,False,False
-0.0706,-0.1219,-0.6989,-0.5688,358,0.9922,0.4885,1.0389,-0.000104,1.0638,0.0735,1.2275,7.0507,-0.3366,522,-0.000104,0.037427,-0.0636,0.94934354,217,305,-0.0009944152115748124,0.0005292969495197443,RENDER,1h,ema_ribbon,trend,12h,F,False,False
1.0585,2.0199,1.5427,-0.4833,182,1.1623,0.4945,1.1879,0.002826,1.1887,0.0387,0.5898,1.1708,0.5703,275,0.002826,0.049194,0.9527,0.34156678,120,155,-0.001774571425575916,0.006388226521501207,RENDER,1h,ema_ribbon,trend,1d,C,False,False
0.0752,0.0926,-0.0687,-0.1859,21,1.0254,0.5522,0.8314,0.000231,1.0725,0.0094,-0.37,2.5914,-0.0104,67,0.000231,0.027873,0.0677,0.94622025,39,28,0.0042093656420330965,-0.005311319860005072,RENDER,1h,bollinger_mr,mean_reversion,4h,D,False,False
1.093,2.4773,2.0296,-0.2477,26,1.4799,0.5077,1.4351,0.006286,0.9474,0.0092,2.8292,14.9442,0.3908,65,0.006286,0.051515,0.9838,0.32893812,37,28,0.007796199966098252,0.004290232277936298,RENDER,1h,bollinger_mr,mean_reversion,12h,C,False,False
1.5196,2.3082,3.4868,-0.2613,21,1.6361,0.629,0.9649,0.010137,1.1914,0.0087,0.5393,3.5689,0.6898,62,0.010137,0.058364,1.3677,0.17643552,36,26,0.010145219275355813,0.010126744724012841,RENDER,1h,bollinger_mr,mean_reversion,1d,B,False,False
-1.2916,-1.6382,-1.0869,-0.3871,193,0.7889,0.4742,0.8746,-0.001991,0.6014,0.0273,-0.293,3.1224,-0.3574,194,-0.001991,0.02386,-1.1625,0.24647657,103,91,-0.00055734168203664,-0.0036145466161720146,RENDER,1h,rsi_extreme,mean_reversion,4h,F,False,False
-1.5513,-2.2003,-1.0039,-0.5969,137,0.7383,0.493,0.7594,-0.004467,0.7178,0.02,-0.4689,1.4686,-0.5232,142,-0.004467,0.038126,-1.3962,0.164844,79,63,-0.0001401222552671498,-0.009893011087302799,RENDER,1h,rsi_extreme,mean_reversion,12h,F,False,False
0.5997,0.8668,0.4132,-0.465,25,1.1319,0.5556,0.9055,0.002689,0.887,0.0165,-0.5551,0.6812,0.153,117,0.002689,0.053894,0.5397,0.59042332,69,48,0.0031469662361077798,0.0020310345892890123,RENDER,1h,rsi_extreme,mean_reversion,1d,C,False,False
-2.9823,-3.9937,-1.0271,-0.9472,1454,0.8131,0.4657,0.9329,-0.001706,0.907,0.2053,-0.1748,15.2367,-0.9463,1458,-0.001706,0.024272,-2.6842,0.0073536,710,748,-0.0019290805408643198,-0.0014946413163720743,RENDER,1h,momentum,trend,4h,F,False,False
-0.5884,-0.9398,-0.8675,-0.787,546,0.939,0.4881,0.9848,-0.000907,0.8972,0.077,0.7045,5.3944,-0.6054,547,-0.000907,0.040064,-0.5296,0.59659167,254,293,-0.0017053610045080394,-0.00021538034020560215,RENDER,1h,momentum,trend,12h,F,False,False
-0.3527,-0.4864,-0.7415,-0.8267,164,0.95,0.507,0.9237,-0.001062,1.0476,0.04,-0.5868,4.636,-0.5365,284,-0.001062,0.05638,-0.3174,0.75115827,135,149,-0.0036353157029291048,0.001269619856803293,RENDER,1h,momentum,trend,1d,F,False,False
-0.0533,-0.098,-0.6319,-0.3949,404,0.9914,0.4642,1.1444,-7.8e-05,1.0088,0.057,4.4184,48.3823,-0.2075,405,-7.8e-05,0.032773,-0.048,0.96176398,199,206,-6.841282538228915e-05,-8.749674124563958e-05,RENDER,1h,range_breakout,trend,4h,F,False,False
-0.2411,-0.3373,-0.5953,-0.6408,183,0.9631,0.4947,0.9837,-0.000528,1.2164,0.0399,-0.0132,10.3176,-0.3224,283,-0.000528,0.040954,-0.217,0.82836733,133,150,0.00011617734674912743,-0.0010996790368354762,RENDER,1h,range_breakout,trend,12h,F,False,False
-0.9475,-1.2437,-0.8694,-0.816,168,0.8447,0.4769,0.9265,-0.003455,0.9401,0.0275,-0.776,4.4783,-0.6325,195,-0.003455,0.056573,-0.8528,0.39480887,91,104,-0.0072102436384531106,-0.00016915169108872884,RENDER,1h,range_breakout,trend,1d,F,False,False
-0.5378,-0.6225,-0.7791,-0.4887,345,0.932,0.4989,0.9363,-0.000566,1.0247,0.0621,-1.9831,20.648,-0.3217,441,-0.000566,0.024569,-0.4841,0.62857484,216,225,-0.00165517228329837,0.00047894454171596606,RENDER,1h,macd_scalp,trend,4h,F,False,False
-0.2531,-0.395,-0.811,-0.49,312,0.9657,0.4682,1.0971,-0.000513,0.9408,0.0442,0.2982,4.0816,-0.3366,314,-0.000513,0.039927,-0.2278,0.81997098,160,154,-0.0037097449545785933,0.0028078296037942303,RENDER,1h,macd_scalp,trend,12h,F,False,False
-0.8305,-1.2327,-0.9103,-0.7236,169,0.873,0.4976,0.8814,-0.002738,1.0253,0.0294,-0.2385,1.6184,-0.5814,209,-0.002738,0.052957,-0.7475,0.45562691,98,111,-0.0027358121483481304,-0.002739999589384015,RENDER,1h,macd_scalp,trend,1d,F,False,False
0.8435,1.0452,1.2332,-0.1957,47,1.2124,0.5656,0.9312,0.001769,1.04,0.0172,-0.7367,3.5837,0.1914,122,0.001769,0.025739,0.7592,0.44922379,64,58,0.002989588678723211,0.00042235353654799363,RENDER,1h,keltner_mr,mean_reversion,4h,C,False,False
-0.7942,-0.84,-0.7887,-0.5686,96,0.8091,0.5149,0.7624,-0.003474,1.0603,0.0142,-2.0908,9.7423,-0.3824,101,-0.003474,0.04884,-0.7148,0.47639661,54,47,0.0025225220499678017,-0.01036307017579527,RENDER,1h,keltner_mr,mean_reversion,12h,F,False,False
0.417,0.4858,0.1177,-0.4693,84,1.1152,0.6136,0.7022,0.002489,0.7459,0.0124,-0.8863,1.5725,0.0445,88,0.002489,0.062197,0.3753,0.70831464,51,37,0.012363046607846097,-0.011121999502114488,RENDER,1h,keltner_mr,mean_reversion,1d,D,False,False
0.3349,0.8176,0.4185,-0.1233,21,1.1114,0.4242,1.5084,0.000903,1.2617,0.0093,1.4245,2.6294,0.0416,66,0.000903,0.024341,0.3014,0.76406532,37,29,0.0028157357686260315,-0.0015371937563240683,RENDER,1h,dual_ema_adx,trend,4h,D,False,False
0.6594,1.151,0.7421,-0.2084,28,1.207,0.5484,0.994,0.002364,1.3696,0.0087,-0.0408,0.0694,0.1235,62,0.002364,0.031369,0.5935,0.55505371,35,27,-0.0010170392205729748,0.006747579065556588,RENDER,1h,dual_ema_adx,trend,12h,C,False,False
0.7676,1.3984,1.1197,-0.2458,34,1.2781,0.4815,1.3765,0.005046,1.1901,0.0076,0.3957,0.2232,0.2177,54,0.005046,0.053674,0.6909,0.49265881,31,23,0.002346447237885241,0.008685042994882973,RENDER,1h,dual_ema_adx,trend,1d,C,False,False
0.9009,2.0329,1.8982,-0.2287,95,1.2325,0.4785,1.3433,0.002198,1.1673,0.0262,3.758,25.7576,0.3392,186,0.002198,0.036963,0.8109,0.41848274,84,102,0.005099455096824608,-0.00019204570431018332,RENDER,1h,vol_spike_brk,trend,4h,C,False,False
1.535,2.6922,3.9132,-0.2682,30,1.3727,0.5528,1.1105,0.004407,1.3042,0.0227,1.1483,5.4074,0.7883,161,0.004407,0.040477,1.3816,0.16902901,70,91,0.010649828269124454,-0.0003947925405681175,RENDER,1h,vol_spike_brk,trend,12h,C,False,False
1.5381,3.1405,3.1296,-0.3824,25,1.3713,0.4885,1.4356,0.006114,1.1516,0.0184,0.6987,1.111,0.8917,131,0.006114,0.050549,1.3844,0.16861618,56,75,0.011488496145650392,0.0021010558670780275,RENDER,1h,vol_spike_brk,trend,1d,C,False,False
-1.0984,-1.4739,-0.8972,-0.5018,383,0.8774,0.4834,0.9376,-0.000951,0.8831,0.0594,-0.657,3.9952,-0.3841,422,-0.000951,0.019759,-0.9886,0.32343491,232,190,-0.0018348459433157216,0.00012845520348366308,RENDER,1h,stoch_cross,mean_reversion,4h,F,False,False
-1.3608,-1.9124,-0.9877,-0.6515,273,0.824,0.4754,0.9094,-0.002392,0.7225,0.04,-0.2631,2.3049,-0.5663,284,-0.002392,0.032911,-1.2247,0.22168929,157,127,-0.003581515445738999,-0.0009210077981771744,RENDER,1h,stoch_cross,mean_reversion,12h,F,False,False
-1.0949,-1.4487,-0.9298,-0.7317,177,0.8265,0.4844,0.8798,-0.003536,0.7906,0.027,-0.5546,1.9176,-0.603,192,-0.003536,0.049724,-0.9854,0.3256729,103,89,-0.007982513261955194,0.0016096358982559534,RENDER,1h,stoch_cross,mean_reversion,1d,F,False,False
-1.9866,-2.4457,-0.8858,-0.9894,2062,0.8338,0.4792,0.906,-0.001668,0.8556,0.1168,-1.0963,11.8641,-0.9874,2143,-0.001668,0.026871,-2.8736,0.00409762,1184,959,-0.00135269419825173,-0.002057357267963927,FET,1h,vwap_mr,mean_reversion,4h,F,False,False
-0.7674,-1.0285,-0.7619,-0.9374,961,0.905,0.5015,0.8996,-0.001576,0.9112,0.0547,-0.3247,8.2838,-0.9273,1003,-0.001576,0.044963,-1.1101,0.26724081,552,451,-0.0008613761803012928,-0.0024506429632804305,FET,1h,vwap_mr,mean_reversion,12h,F,False,False
-0.4813,-0.644,-0.733,-0.9056,601,0.9282,0.4902,0.9654,-0.001741,0.9012,0.0333,-0.7452,3.185,-0.8978,610,-0.001741,0.06176,-0.6962,0.48656764,328,282,-0.0029169744510942623,-0.00037302044564207967,FET,1h,vwap_mr,mean_reversion,1d,F,False,False
-2.018,-2.7765,-0.86,-0.9864,1880,0.8274,0.4569,0.9835,-0.001693,0.9071,0.1062,-0.3851,8.2808,-0.9807,1948,-0.001693,0.025593,-2.919,0.00355158,1016,932,-0.002102854464745159,-0.0012454308713950673,FET,1h,stoch_rsi,mean_reversion,4h,F,False,False
0.012,0.0197,-0.4561,-0.8844,941,1.0015,0.4743,1.1099,2.4e-05,1.1842,0.0584,0.7702,5.267,-0.6606,1071,2.4e-05,0.045845,0.0174,0.9861014,569,502,-0.0009642947837175742,0.0011450714411643575,FET,1h,stoch_rsi,mean_reversion,12h,D,False,False
-0.4593,-0.5578,-0.766,-0.9901,380,0.9261,0.4896,0.9654,-0.001833,0.9358,0.0341,-1.9297,20.761,-0.9488,625,-0.001833,0.068978,-0.6644,0.50669484,306,319,-0.003208244013859051,-0.0005140010762609465,FET,1h,stoch_rsi,mean_reversion,1d,F,False,False
-0.6552,-1.001,-0.777,-0.9629,3608,0.9549,0.4731,1.0634,-0.000416,1.0904,0.2038,1.086,16.001,-0.9442,3739,-0.000416,0.026845,-0.9477,0.34332121,1569,2170,-8.978856113574608e-05,-0.0006519962581616612,FET,1h,ema_ribbon,trend,4h,F,False,False
0.2613,0.3858,-0.382,-0.8603,1313,1.0303,0.4971,1.0424,0.00048,1.0756,0.0743,0.5489,11.1681,-0.5656,1362,0.00048,0.046826,0.378,0.70552157,572,790,0.0008403907677033251,0.0002183018528072003,FET,1h,ema_ribbon,trend,12h,D,False,False
0.5966,1.0031,0.0107,-0.7656,492,1.0976,0.4923,1.1318,0.002138,1.1162,0.0391,1.4156,12.9855,0.0172,717,0.002138,0.066355,0.863,0.38844542,303,414,0.0031068414633291064,0.0014297459797459843,FET,1h,ema_ribbon,trend,1d,C,False,False
0.2678,0.4226,0.0912,-0.4028,118,1.101,0.5429,0.9272,0.000969,1.047,0.0076,0.6881,3.5248,0.0784,140,0.000969,0.029605,0.3874,0.69904797,74,66,0.002292139654529715,-0.0005138614942686422,FET,1h,bollinger_mr,mean_reversion,4h,D,False,False
0.121,0.231,-0.0362,-0.6362,120,1.045,0.4786,1.1386,0.00069,0.9095,0.0076,1.4802,5.3107,-0.0476,140,0.00069,0.046644,0.175,0.86134913,74,66,0.0016028668361533402,-0.0003339455395041035,FET,1h,bollinger_mr,mean_reversion,12h,D,False,False
0.393,0.6564,0.1665,-0.4739,98,1.1519,0.5,1.1519,0.003032,1.2914,0.0073,0.7628,2.9531,0.1723,134,0.003032,0.061751,0.5684,0.57069203,71,63,0.001403013870496039,0.004868561710801321,FET,1h,bollinger_mr,mean_reversion,1d,D,False,False
-1.5379,-1.7101,-0.6633,-0.8273,444,0.7257,0.4683,0.8241,-0.003154,0.7477,0.0249,-1.9823,14.4953,-0.8108,457,-0.003154,0.030307,-2.2246,0.02659814,239,218,-0.00182099601001298,-0.004614951128157116,FET,1h,rsi_extreme,mean_reversion,4h,F,False,False
-1.1253,-1.4391,-0.682,-0.9114,299,0.7764,0.4825,0.8328,-0.004553,0.7486,0.0186,-0.4407,4.9814,-0.8691,342,-0.004553,0.051726,-1.6278,0.10448453,181,161,-0.0004983174698024622,-0.009111575467065897,FET,1h,rsi_extreme,mean_reversion,12h,F,False,False
-1.0805,-1.3876,-0.7641,-0.9484,249,0.7464,0.4566,0.8882,-0.007125,0.8749,0.0144,-0.5452,13.2771,-0.9327,265,-0.007125,0.074205,-1.563,0.11925359,145,120,0.00012150674101709821,-0.01588058240098309,FET,1h,rsi_extreme,mean_reversion,1d,F,False,False
-1.0765,-1.6128,-0.8632,-0.9861,3794,0.9299,0.4708,1.0454,-0.00067,0.9757,0.2117,0.6148,10.6021,-0.9815,3883,-0.00067,0.026794,-1.5572,0.11950388,1835,2048,-0.0005487364778423965,-0.0007778387210676885,FET,1h,momentum,trend,4h,F,False,False
0.4644,0.677,-0.1592,-0.7896,994,1.0507,0.5084,1.0161,0.000787,1.0094,0.0782,0.2385,4.9853,-0.2451,1434,0.000787,0.044385,0.6717,0.50186802,689,745,0.0010326655176007339,0.0005604130055250369,FET,1h,momentum,trend,12h,D,False,False
-0.5601,-0.8294,-0.7718,-0.971,524,0.9225,0.4832,0.9867,-0.00188,0.9189,0.0405,0.1675,3.3705,-0.9447,743,-0.00188,0.06325,-0.8102,0.41809771,333,410,-0.0017803836390712954,-0.001960832141903711,FET,1h,momentum,trend,1d,F,False,False
-0.8848,-1.364,-0.6009,-0.8928,986,0.8914,0.4642,1.0288,-0.001177,0.9619,0.0548,0.8171,9.2566,-0.7999,1006,-0.001177,0.029176,-1.2799,0.20089114,483,523,-0.0008925251257137806,-0.0014402993649058244,FET,1h,range_breakout,trend,4h,F,False,False
0.0568,0.0966,-0.3215,-0.8332,647,1.0093,0.4755,1.1133,0.00015,1.0368,0.0378,2.3449,26.5134,-0.4792,694,0.00015,0.047943,0.0822,0.93453095,332,362,0.0016480695657627282,-0.0012247801564508804,FET,1h,range_breakout,trend,12h,D,False,False
-0.223,-0.3513,-0.5759,-0.9529,478,0.9573,0.4755,1.0559,-0.001021,1.0249,0.0267,2.0985,32.6758,-0.8108,490,-0.001021,0.070044,-0.3225,0.74718698,239,251,-0.002487425707458872,0.0003761342039586287,FET,1h,range_breakout,trend,1d,F,False,False
-1.2149,-1.7786,-0.696,-0.8562,1193,0.8624,0.4732,0.9601,-0.001275,1.0199,0.0651,0.7257,11.8073,-0.8499,1194,-0.001275,0.02507,-1.7574,0.07910273,600,594,-0.0018621705642053847,-0.0006820028429443956,FET,1h,macd_scalp,trend,4h,F,False,False
-1.0035,-1.2971,-0.768,-0.96,809,0.8672,0.4886,0.9074,-0.002274,0.9385,0.0456,-0.7429,6.3203,-0.939,837,-0.002274,0.045315,-1.4515,0.14701208,440,397,-0.0033905915479689255,-0.001035503856391309,FET,1h,macd_scalp,trend,12h,F,False,False
-1.1146,-1.5398,-0.8098,-0.9801,515,0.8297,0.469,0.9393,-0.004229,1.0281,0.0291,-0.8525,7.1578,-0.9632,533,-0.004229,0.060554,-1.6122,0.10750121,256,277,-0.004515829416212078,-0.003963401125215091,FET,1h,macd_scalp,trend,1d,F,False,False
0.0086,0.0126,-0.086,-0.4978,211,1.0023,0.5228,0.9148,2.3e-05,0.8616,0.0131,0.3014,2.5974,-0.0875,241,2.3e-05,0.02849,0.0125,0.99002896,119,122,0.0021910572498271105,-0.002091825735681624,FET,1h,keltner_mr,mean_reversion,4h,D,False,False
-0.2985,-0.4932,-0.3716,-0.6598,198,0.9181,0.4824,0.985,-0.001606,1.0201,0.0108,0.6879,2.8237,-0.4449,199,-0.001606,0.052458,-0.4317,0.66639532,96,103,0.007235134836675622,-0.009845317160717123,FET,1h,keltner_mr,mean_reversion,12h,F,False,False
-0.739,-1.2217,-0.5438,-0.8249,163,0.7983,0.4512,0.9709,-0.005461,0.8709,0.0089,0.5666,2.1081,-0.7122,164,-0.005461,0.065425,-1.0689,0.28668705,79,85,0.00020747754568440363,-0.010729191047138504,FET,1h,keltner_mr,mean_reversion,1d,F,False,False
-0.182,-0.2997,-0.3195,-0.1866,153,0.9462,0.478,1.0333,-0.000511,1.1702,0.0087,0.2385,0.7476,-0.1207,159,-0.000511,0.024492,-0.2632,0.79274017,89,70,0.001330321236797649,-0.002852612714902157,FET,1h,dual_ema_adx,trend,4h,F,False,False
0.3338,0.5027,0.1845,-0.3073,94,1.1075,0.5278,0.9909,0.001773,0.9404,0.0079,-0.2175,0.5333,0.1223,144,0.001773,0.044056,0.4828,0.62996263,81,63,0.0001960144594466469,0.0037996015822698054,FET,1h,dual_ema_adx,trend,12h,D,False,False
0.1858,0.2935,-0.0699,-0.4582,137,1.065,0.5252,0.9629,0.001424,0.8683,0.0076,0.4741,2.3627,-0.0659,139,0.001424,0.062483,0.2687,0.78854962,78,61,0.0043924064114728425,-0.0023713758601726586,FET,1h,dual_ema_adx,trend,1d,D,False,False
-0.3201,-0.4999,-0.4096,-0.5947,443,0.9388,0.4967,0.9512,-0.00073,0.8652,0.0248,1.1385,10.4448,-0.4424,455,-0.00073,0.033612,-0.463,0.64359255,235,220,-0.0007447198056384783,-0.0007133821981734809,FET,1h,vol_spike_brk,trend,4h,F,False,False
0.1461,0.2365,-0.2275,-0.5867,343,1.0322,0.496,1.0489,0.000586,0.9354,0.0203,1.1182,8.0435,-0.259,373,0.000586,0.053526,0.2114,0.83269631,187,186,0.0030373933878200293,-0.001878827847241016,FET,1h,vol_spike_brk,trend,12h,D,False,False
-0.3686,-0.4965,-0.5862,-0.8884,299,0.9176,0.4904,0.9536,-0.002176,0.9032,0.017,-0.4371,8.4466,-0.7854,312,-0.002176,0.072068,-0.5332,0.59425168,156,156,0.0028465372441649804,-0.007197773877836129,FET,1h,vol_spike_brk,trend,1d,F,False,False
-1.7888,-2.5035,-0.7056,-0.9189,980,0.7969,0.4562,0.9497,-0.001879,0.8794,0.0554,-0.1643,3.1982,-0.8878,1017,-0.001879,0.023155,-2.5875,0.00980481,569,448,-0.0011679678756393265,-0.0027815708544342544,FET,1h,stoch_cross,mean_reversion,4h,F,False,False
-1.2168,-1.6729,-0.7534,-0.9525,665,0.8272,0.4699,0.9331,-0.002925,0.9115,0.0371,-0.1839,3.3884,-0.929,681,-0.002925,0.043368,-1.7601,0.07884016,380,301,-0.002232646101971659,-0.003799137011860601,FET,1h,stoch_cross,mean_reversion,12h,F,False,False
-0.5361,-0.7732,-0.6685,-0.9016,468,0.9088,0.4802,0.9839,-0.002145,0.9813,0.0261,-0.3117,3.4783,-0.8551,479,-0.002145,0.060533,-0.7755,0.43842646,265,214,-0.0024815272267976127,-0.001728086977381249,FET,1h,stoch_cross,mean_reversion,1d,F,False,False
-2.4147,-2.8427,-0.9583,-0.9477,1162,0.802,0.4886,0.8395,-0.00194,0.8601,0.1188,-1.7953,17.9127,-0.9399,1226,-0.00194,0.025929,-2.6202,0.00889557,703,523,-0.0030797498289919147,-0.0004088914380867714,TIA,1h,vwap_mr,mean_reversion,4h,F,False,False
-1.5249,-2.2465,-0.9245,-0.9067,533,0.8167,0.4596,0.9603,-0.002967,0.7703,0.054,1.2056,13.8823,-0.8829,557,-0.002967,0.042314,-1.6547,0.09854948,309,248,-0.0057824390439034186,0.0005416345165249488,TIA,1h,vwap_mr,mean_reversion,12h,F,False,False
-1.5284,-2.0485,-0.9278,-0.9249,315,0.7855,0.4641,0.9072,-0.005177,0.729,0.0324,-0.6134,2.118,-0.8997,334,-0.005177,0.057048,-1.6585,0.0981509,181,153,-0.010430598912207318,0.0010377123641874943,TIA,1h,vwap_mr,mean_reversion,1d,F,False,False
-2.6432,-3.7314,-0.9399,-0.9406,1086,0.7861,0.4559,0.9382,-0.001968,0.8173,0.1099,-0.0247,4.264,-0.9209,1134,-0.001968,0.023101,-2.8682,0.00420487,578,556,-0.0023704239881933934,-0.0015487189137736433,TIA,1h,stoch_rsi,mean_reversion,4h,F,False,False
-1.8039,-2.4099,-0.9369,-0.951,581,0.7992,0.4846,0.8502,-0.003336,0.7243,0.0596,0.1391,6.8405,-0.9264,615,-0.003336,0.042258,-1.9575,0.05074127,307,308,-0.00698635650931074,0.0003033915548278542,TIA,1h,stoch_rsi,mean_reversion,12h,F,False,False
-1.8612,-2.7271,-0.9564,-0.9486,356,0.7446,0.4626,0.865,-0.006089,0.7294,0.035,0.4192,4.3514,-0.9392,361,-0.006089,0.057285,-2.0197,0.04415799,180,181,-0.011457111223702472,-0.0007510832410203021,TIA,1h,stoch_rsi,mean_reversion,1d,F,False,False
-1.2977,-2.1189,-0.943,-0.8952,2082,0.9157,0.4761,1.0078,-0.000754,1.0428,0.2023,1.4164,15.9989,-0.888,2088,-0.000754,0.024466,-1.4082,0.15921444,851,1237,-0.0014127370189933187,-0.00030082575226773964,TIA,1h,ema_ribbon,trend,4h,F,False,False
0.1173,0.1869,-0.5822,-0.5992,428,1.0129,0.4753,1.118,0.000189,1.223,0.0746,0.4458,4.259,-0.3966,770,0.000189,0.041287,0.1273,0.89872962,308,462,-0.002268970721090401,0.0018283442668405397,TIA,1h,ema_ribbon,trend,12h,D,False,False
-0.0484,-0.0738,-0.7613,-0.6171,367,0.9929,0.4838,1.0594,-0.000153,1.0672,0.0388,0.1918,3.3776,-0.5263,401,-0.000153,0.05845,-0.0525,0.95812737,166,235,-0.0069972079435743975,0.0046810385152186084,TIA,1h,ema_ribbon,trend,1d,F,False,False
-0.7367,-1.2346,-0.5589,-0.2862,73,0.7718,0.4133,1.0955,-0.002402,0.9173,0.0073,0.8685,3.5327,-0.1856,75,-0.002402,0.026026,-0.7994,0.42661991,41,34,-0.0028839141234599723,-0.0018216278188621631,TIA,1h,bollinger_mr,mean_reversion,4h,F,False,False
-0.2101,-0.2933,-0.3296,-0.4124,73,0.9333,0.4667,1.0666,-0.001218,0.6961,0.0073,-0.3672,0.9524,-0.158,75,-0.001218,0.046259,-0.228,0.82027103,41,34,-0.0014863348699472902,-0.0008941638490616316,TIA,1h,bollinger_mr,mean_reversion,12h,F,False,False
0.0916,0.1303,-0.1595,-0.4224,71,1.0303,0.4865,1.0875,0.000689,0.9854,0.0072,-0.5075,1.0269,-0.0788,74,0.000689,0.059602,0.0994,0.92109123,40,34,-0.005868221114413994,0.008402758211367496,TIA,1h,bollinger_mr,mean_reversion,1d,D,False,False
-1.3665,-1.9314,-0.8062,-0.5284,239,0.7879,0.5055,0.7709,-0.002098,0.8618,0.0266,-0.2608,2.192,-0.4799,275,-0.002098,0.023462,-1.4828,0.13927891,157,118,-0.0013504677432178195,-0.0030923132951953774,TIA,1h,rsi_extreme,mean_reversion,4h,F,False,False
-0.4995,-0.6637,-0.6264,-0.5774,176,0.8962,0.4806,0.9687,-0.001628,0.7321,0.02,-0.0987,4.1916,-0.4106,206,-0.001628,0.043109,-0.5421,0.588362,117,89,0.0016230926671011048,-0.005902212483796971,TIA,1h,rsi_extreme,mean_reversion,12h,F,False,False
-1.1552,-1.5866,-0.8458,-0.8058,140,0.7642,0.4383,0.9795,-0.006238,0.7927,0.0157,-0.2517,1.7743,-0.7401,162,-0.006238,0.063336,-1.2535,0.21183886,94,68,-0.007328703365852981,-0.004729329426488147,TIA,1h,rsi_extreme,mean_reversion,1d,F,False,False
-0.7613,-1.2409,-0.8086,-0.9221,1800,0.9499,0.4667,1.0856,-0.000442,1.0711,0.2093,1.5257,20.5964,-0.8005,2160,-0.000442,0.024886,-0.8261,0.40885664,1022,1138,-0.0011198321049734087,0.00016613002732281196,TIA,1h,momentum,trend,4h,F,False,False
1.1143,1.7224,1.3469,-0.6459,354,1.1258,0.5173,1.0504,0.001763,1.1831,0.0783,0.4722,5.4485,1.0897,808,0.001763,0.041446,1.2092,0.22693696,389,419,-0.001123793234153806,0.0044432683422671445,TIA,1h,momentum,trend,12h,C,False,False
0.7996,1.3585,0.4264,-0.7938,140,1.1193,0.5072,1.0874,0.002433,1.1109,0.0403,0.5149,2.5002,0.4096,416,0.002433,0.057185,0.8677,0.38605309,197,219,-0.0024070036107674583,0.006786448008228013,TIA,1h,momentum,trend,1d,C,False,False
-0.5446,-1.0033,-0.6357,-0.693,487,0.927,0.4479,1.1429,-0.000737,0.9922,0.0567,3.2844,34.4632,-0.4954,585,-0.000737,0.030181,-0.591,0.55477316,266,319,-0.003392088969330152,0.0014761923299654023,TIA,1h,range_breakout,trend,4h,F,False,False
-0.2144,-0.2977,-0.5754,-0.7419,217,0.9671,0.4834,1.0336,-0.00055,1.1867,0.0379,-0.5158,11.0031,-0.4808,391,-0.00055,0.046706,-0.2327,0.81611892,178,213,-0.004284876767107878,0.0025718292357558696,TIA,1h,range_breakout,trend,12h,F,False,False
-0.6273,-0.8758,-0.8234,-0.8139,255,0.8939,0.471,1.0039,-0.002621,0.9965,0.0267,-0.3593,2.7739,-0.7291,276,-0.002621,0.063958,-0.6807,0.49663308,132,144,-0.010189735735057855,0.004317855721197437,TIA,1h,range_breakout,trend,1d,F,False,False
-0.9872,-1.2953,-0.7549,-0.6675,562,0.8879,0.4893,0.9267,-0.000983,0.9671,0.0634,-0.5649,4.7976,-0.562,654,-0.000983,0.023471,-1.0712,0.28446146,317,337,-0.0008757777747315479,-0.0010841612401775512,TIA,1h,macd_scalp,trend,4h,F,False,False
-0.3854,-0.5548,-0.6936,-0.7573,347,0.9448,0.4881,0.991,-0.000882,0.9715,0.0447,0.4472,8.1876,-0.5841,461,-0.000882,0.045255,-0.4182,0.67596694,231,230,-0.0023437231787564574,0.0005870198060443035,TIA,1h,macd_scalp,trend,12h,F,False,False
-0.9204,-1.1274,-0.8508,-0.8914,265,0.8493,0.4983,0.855,-0.003508,0.8902,0.0294,-1.118,6.8925,-0.8123,303,-0.003508,0.061138,-0.9988,0.31869241,154,149,-0.008711364376481477,0.0018698123313506212,TIA,1h,macd_scalp,trend,1d,F,False,False
-0.4136,-0.5204,-0.4816,-0.3837,167,0.9057,0.5179,0.8432,-0.001004,0.9117,0.0163,-0.8034,6.6268,-0.2138,168,-0.001004,0.029002,-0.4488,0.65414827,110,58,-0.004092494090659167,0.004852771035740999,TIA,1h,keltner_mr,mean_reversion,4h,F,False,False
-0.3327,-0.5047,-0.4864,-0.4847,130,0.9202,0.4885,0.9634,-0.001413,1.0438,0.0127,-0.0107,0.688,-0.2714,131,-0.001413,0.044802,-0.361,0.71866347,78,53,-0.006450330270229892,0.005999966589326635,TIA,1h,keltner_mr,mean_reversion,12h,F,False,False
-0.5708,-0.708,-0.7358,-0.6067,111,0.8467,0.4911,0.8775,-0.003885,0.8244,0.0109,-0.8272,4.5399,-0.5016,112,-0.003885,0.066379,-0.6194,0.53694756,66,46,-0.00863906671477232,0.0029366201237726623,TIA,1h,keltner_mr,mean_reversion,1d,F,False,False
-0.0464,-0.0786,-0.1885,-0.1914,66,0.9862,0.4314,1.3,-0.000123,1.0992,0.0099,0.5672,1.3648,-0.0423,102,-0.000123,0.024749,-0.0503,0.95998422,52,50,0.0010124541862723013,-0.0013043908413082382,TIA,1h,dual_ema_adx,trend,4h,F,False,False
-0.5548,-0.9265,-0.6905,-0.3282,85,0.8444,0.4432,1.061,-0.002616,1.0624,0.0085,0.376,0.5863,-0.2611,88,-0.002616,0.040761,-0.602,0.54874543,48,40,-0.006232673022118262,0.0017246253916060438,TIA,1h,dual_ema_adx,trend,12h,F,False,False
0.0546,0.1074,-0.2287,-0.3876,44,1.0178,0.4337,1.3287,0.000387,1.36,0.008,0.9073,1.6972,-0.1035,83,0.000387,0.059613,0.0592,0.95292542,44,39,-0.0036176784073015692,0.004906080190986708,TIA,1h,dual_ema_adx,trend,1d,D,False,False
0.2841,0.5405,0.0396,-0.4002,104,1.0632,0.4825,1.1403,0.000706,1.0869,0.0249,2.781,20.3642,0.0187,257,0.000706,0.036719,0.3083,0.75812981,102,155,-0.002473265092896144,0.002798283212510771,TIA,1h,vol_spike_brk,trend,4h,D,False,False
0.0118,0.0212,-0.4263,-0.476,83,1.0026,0.4575,1.1886,4.6e-05,1.0486,0.0205,1.5104,8.5537,-0.2344,212,4.6e-05,0.05226,0.0129,0.98975453,86,126,-0.00234344615302116,0.001677134670363745,TIA,1h,vol_spike_brk,trend,12h,D,False,False
0.0033,0.0053,-0.4379,-0.5998,176,1.0007,0.5056,0.9785,1.7e-05,1.0522,0.0172,0.2366,2.0429,-0.3014,178,1.7e-05,0.063945,0.0036,0.99714059,73,105,-0.0010914336376200938,0.0007879656345459253,TIA,1h,vol_spike_brk,trend,1d,D,False,False
-2.406,-2.7664,-0.9018,-0.8908,543,0.7212,0.4661,0.826,-0.002794,0.821,0.0586,-2.434,30.6969,-0.8527,605,-0.002794,0.026322,-2.6108,0.00925643,328,277,-0.003969731865855473,-0.0014016350264692617,TIA,1h,stoch_cross,mean_reversion,4h,F,False,False
-1.8449,-2.2635,-0.9137,-0.8881,382,0.7622,0.4827,0.8169,-0.004008,0.7525,0.0391,-1.2276,5.5659,-0.8598,404,-0.004008,0.040237,-2.002,0.04595918,211,193,-0.007665235095837138,-8.978881023472671e-06,TIA,1h,stoch_cross,mean_reversion,12h,F,False,False
-1.5261,-2.0038,-0.9169,-0.902,244,0.7623,0.4909,0.7906,-0.005765,0.6638,0.0266,-0.5485,2.5551,-0.8734,275,-0.005765,0.057731,-1.656,0.09887284,147,128,-0.01022347604941436,-0.0006446085453226339,TIA,1h,stoch_cross,mean_reversion,1d,F,False,False
-1.5361,-2.0419,-0.7935,-0.9769,2101,0.8733,0.4806,0.9438,-0.001137,0.9199,0.1193,-0.2893,6.3255,-0.956,2189,-0.001137,0.023935,-2.2219,0.02638945,1182,1007,-0.001535654334524802,-0.0006684357389744793,INJ,1h,vwap_mr,mean_reversion,4h,F,False,False
-0.2427,-0.3474,-0.5296,-0.8751,850,0.9702,0.4888,1.0147,-0.000445,0.97,0.0559,0.0838,4.1013,-0.7282,1025,-0.000445,0.040579,-0.351,0.72564733,551,474,-0.0012784456532865594,0.0005240456279130251,INJ,1h,vwap_mr,mean_reversion,12h,F,False,False
-0.136,-0.2017,-0.5507,-0.8176,515,0.9796,0.4992,0.9827,-0.00044,0.9521,0.0339,-0.1411,1.546,-0.7141,621,-0.00044,0.055808,-0.1967,0.8441589,347,274,-0.00209631946816722,0.0016566609488411353,INJ,1h,vwap_mr,mean_reversion,1d,F,False,False
-1.7455,-2.4999,-0.8135,-0.9689,1956,0.8515,0.459,1.0036,-0.00134,0.9413,0.109,0.0283,5.7364,-0.9611,2000,-0.00134,0.023731,-2.5249,0.01165028,1038,962,-0.001442460374627652,-0.001229019967114834,INJ,1h,stoch_rsi,mean_reversion,4h,F,False,False
-0.8963,-1.3135,-0.7298,-0.9656,809,0.8969,0.4683,1.0181,-0.001577,0.9075,0.0586,0.0764,3.0517,-0.9221,1074,-0.001577,0.03986,-1.2965,0.19508234,568,506,-0.0023072025489962885,-0.0007571031097013394,INJ,1h,stoch_rsi,mean_reversion,12h,F,False,False
-0.1264,-0.2089,-0.53,-0.8368,332,0.9809,0.4612,1.1461,-0.000405,0.9773,0.0344,0.3559,2.0863,-0.7066,631,-0.000405,0.055646,-0.1828,0.85499995,344,287,-0.00034119451409181893,-0.0004814417564286412,INJ,1h,stoch_rsi,mean_reversion,1d,F,False,False
-1.2699,-1.9163,-0.8468,-0.9758,3699,0.9182,0.4728,1.024,-0.000708,0.9663,0.2032,0.5629,7.266,-0.9744,3727,-0.000708,0.023516,-1.8369,0.06630933,1639,2088,-0.0008582632968309467,-0.0005892778838796125,INJ,1h,ema_ribbon,trend,4h,F,False,False
-0.292,-0.4648,-0.6605,-0.8673,1342,0.9683,0.4837,1.0334,-0.000474,1.033,0.0737,0.6366,4.6089,-0.8314,1352,-0.000474,0.041277,-0.4225,0.67276182,591,761,-0.00142582642791421,0.0002647648238549706,INJ,1h,ema_ribbon,trend,12h,F,False,False
-0.1405,-0.2271,-0.5602,-0.9032,648,0.98,0.4868,1.0332,-0.000432,1.0693,0.0392,0.227,2.0728,-0.7714,719,-0.000432,0.056957,-0.2032,0.83900442,307,412,-0.0021427865811345734,0.000843286836687343,INJ,1h,ema_ribbon,trend,1d,F,False,False
-0.6383,-0.7078,-0.4323,-0.4223,77,0.7828,0.5039,0.7707,-0.002695,0.8649,0.007,-1.5725,7.9453,-0.3441,129,-0.002695,0.033152,-0.9233,0.35760215,66,63,-0.002034268944557986,-0.003386936041607579,INJ,1h,bollinger_mr,mean_reversion,4h,F,False,False
-0.5248,-0.6713,-0.4409,-0.5649,95,0.8276,0.5,0.8276,-0.003436,0.7092,0.0069,-0.4081,1.6966,-0.4508,126,-0.003436,0.050802,-0.7591,0.44919754,64,62,-0.002032056093237044,-0.0048847184227365885,INJ,1h,bollinger_mr,mean_reversion,12h,F,False,False
-0.3441,-0.4754,-0.3863,-0.5496,72,0.8882,0.4833,0.9494,-0.002551,0.7979,0.0065,-0.4732,0.7283,-0.3931,120,-0.002551,0.056125,-0.4978,0.61953446,61,59,0.0010395793115382896,-0.006262362047704109,INJ,1h,bollinger_mr,mean_reversion,1d,F,False,False
-0.3346,-0.4107,-0.3791,-0.4453,411,0.9317,0.4976,0.9406,-0.000594,0.9524,0.023,-0.8197,7.662,-0.3208,422,-0.000594,0.025203,-0.4841,0.62858557,218,204,-0.0009802949950363645,-0.00018097483482846767,INJ,1h,rsi_extreme,mean_reversion,4h,F,False,False
-0.8281,-1.0408,-0.5612,-0.8003,327,0.8343,0.494,0.8544,-0.002779,0.8182,0.0183,-0.7114,2.5066,-0.7128,336,-0.002779,0.042525,-1.1979,0.2318116,177,159,-0.004490138960713552,-0.0008741209734639641,INJ,1h,rsi_extreme,mean_reversion,12h,F,False,False
0.2579,0.4097,-0.0572,-0.5313,228,1.0605,0.487,1.1172,0.001231,1.0295,0.0147,-0.1204,0.6531,-0.0625,269,0.001231,0.05412,0.373,0.7094484,144,125,0.0006259588679509431,0.0019275637236163964,INJ,1h,rsi_extreme,mean_reversion,1d,D,False,False
-1.2274,-1.8601,-0.8548,-0.9851,3792,0.9217,0.4758,1.0154,-0.000704,0.9505,0.2098,0.8126,11.3911,-0.979,3848,-0.000704,0.024587,-1.7754,0.07590501,1873,1975,-0.0008568859150873406,-0.0005584296043226495,INJ,1h,momentum,trend,4h,F,False,False
-1.4225,-2.1602,-0.8894,-0.9912,1354,0.8606,0.4762,0.9466,-0.002259,0.8942,0.078,0.38,4.2725,-0.9885,1430,-0.002259,0.041512,-2.0576,0.03980887,727,703,-0.0030966430448463654,-0.0013922305141020627,INJ,1h,momentum,trend,12h,F,False,False
-1.1197,-1.7185,-0.8486,-0.9826,737,0.8535,0.4756,0.9411,-0.003417,0.9709,0.0402,0.0117,2.2911,-0.9766,738,-0.003417,0.057308,-1.6196,0.10574287,333,405,-0.00461403687737008,-0.002432064037735557,INJ,1h,momentum,trend,1d,F,False,False
-0.4456,-0.7572,-0.4894,-0.6992,1031,0.9438,0.4652,1.085,-0.000519,1.0501,0.0564,1.4405,11.9737,-0.5837,1034,-0.000519,0.025892,-0.6446,0.51934289,494,540,-0.001121168681300828,3.1826394700483224e-05,INJ,1h,range_breakout,trend,4h,F,False,False
-0.8119,-1.3244,-0.6628,-0.9054,709,0.8881,0.4706,0.9991,-0.001827,0.9702,0.0389,0.4765,2.5169,-0.8531,714,-0.001827,0.041559,-1.1744,0.24062341,328,386,-0.00021927589615598764,-0.0031923332030818186,INJ,1h,range_breakout,trend,12h,F,False,False
-0.4942,-0.8146,-0.6277,-0.8831,450,0.9194,0.4848,0.9772,-0.001826,0.8851,0.0269,0.2915,0.9703,-0.8156,493,-0.001826,0.056701,-0.7149,0.47500086,236,257,-0.002639628535554765,-0.0010782002762834905,INJ,1h,range_breakout,trend,1d,F,False,False
-0.6151,-0.9008,-0.5615,-0.7277,956,0.9297,0.472,1.0402,-0.000625,0.9532,0.0652,0.1921,3.7507,-0.6668,1195,-0.000625,0.024281,-0.8898,0.37376353,603,592,-0.000940304820433274,-0.0003038087345513876,INJ,1h,macd_scalp,trend,4h,F,False,False
-0.4217,-0.6219,-0.5544,-0.8879,313,0.9442,0.4662,1.0811,-0.000853,0.9585,0.046,0.0387,3.2211,-0.7579,843,-0.000853,0.040615,-0.61,0.54201064,433,410,-0.0019979384643730048,0.000355464347927685,INJ,1h,macd_scalp,trend,12h,F,False,False
-0.7506,-1.0613,-0.7271,-0.936,524,0.8821,0.4657,1.0122,-0.002697,1.0273,0.0294,-0.5504,3.9655,-0.9081,539,-0.002697,0.057679,-1.0857,0.27809154,270,269,-0.005793437159536325,0.00041021579249894837,INJ,1h,macd_scalp,trend,1d,F,False,False
-0.7098,-0.8831,-0.428,-0.6022,188,0.8322,0.4462,1.0331,-0.001927,0.8318,0.0142,-1.0494,6.4377,-0.4641,260,-0.001927,0.030267,-1.0268,0.30548913,136,124,0.0004269983598091632,-0.004509503879082757,INJ,1h,keltner_mr,mean_reversion,4h,F,False,False
-0.5274,-0.7333,-0.4328,-0.7169,148,0.8651,0.4783,0.9437,-0.002566,0.9385,0.0113,-0.2033,1.5788,-0.5404,207,-0.002566,0.0484,-0.7628,0.44643511,108,99,-0.00045609325213311275,-0.004868103408765989,INJ,1h,keltner_mr,mean_reversion,12h,F,False,False
-0.7363,-1.0111,-0.5276,-0.7757,131,0.801,0.4407,1.0166,-0.004557,0.784,0.0096,-0.2597,1.468,-0.6676,177,-0.004557,0.056927,-1.065,0.28832514,95,82,0.001497750659269214,-0.011571895340061086,INJ,1h,keltner_mr,mean_reversion,1d,F,False,False
-1.5375,-1.9218,-0.5315,-0.5114,152,0.6116,0.4528,0.739,-0.003917,0.6833,0.0087,-0.7422,2.0729,-0.4851,159,-0.003917,0.022207,-2.224,0.02756929,89,70,-0.0039963417195392455,-0.0038153140674211127,INJ,1h,dual_ema_adx,trend,4h,F,False,False
-1.4934,-1.7778,-0.6107,-0.707,134,0.6026,0.4507,0.7344,-0.007426,0.6087,0.0077,-1.0632,2.9889,-0.6935,142,-0.007426,0.040963,-2.1603,0.03244047,81,61,-0.006276561568162506,-0.008952515813608862,INJ,1h,dual_ema_adx,trend,12h,F,False,False
-0.973,-1.6541,-0.6004,-0.6771,131,0.7335,0.4706,0.8252,-0.006539,0.7604,0.0074,0.3496,0.8052,-0.6643,136,-0.006539,0.054184,-1.4075,0.16158748,79,57,-0.007244401349268381,-0.005562341004283587,INJ,1h,dual_ema_adx,trend,1d,F,False,False
0.1644,0.2811,-0.0627,-0.3993,241,1.0334,0.4725,1.1539,0.000331,1.1217,0.0257,1.6968,13.0801,-0.0517,472,0.000331,0.030242,0.2378,0.81214211,220,252,-0.0011680575433638061,0.0016397336328041296,INJ,1h,vol_spike_brk,trend,4h,D,False,False
-0.7702,-1.192,-0.6466,-0.7784,394,0.8567,0.4861,0.9058,-0.002617,0.9963,0.0215,0.3558,2.3375,-0.7688,395,-0.002617,0.046685,-1.1141,0.2659241,177,218,0.0012398409398936873,-0.005748362491903671,INJ,1h,vol_spike_brk,trend,12h,F,False,False
-1.7025,-2.821,-0.8123,-0.9601,332,0.7064,0.4204,0.9738,-0.007801,0.9145,0.0182,0.3398,0.8046,-0.9579,333,-0.007801,0.057804,-2.4627,0.01429675,148,185,-0.006911839863389255,-0.008512157354169747,INJ,1h,vol_spike_brk,trend,1d,F,False,False
-2.4336,-3.0381,-0.8049,-0.9629,1088,0.7352,0.4475,0.9079,-0.002532,0.8345,0.0602,-1.0258,8.9417,-0.9559,1104,-0.002532,0.023896,-3.5202,0.00044878,575,529,-0.002480253360333631,-0.0025876249116199563,INJ,1h,stoch_cross,mean_reversion,4h,F,False,False
-0.87,-1.143,-0.6917,-0.8774,705,0.8789,0.4801,0.9518,-0.001863,0.8882,0.0397,-0.5219,2.286,-0.8582,729,-0.001863,0.039967,-1.2585,0.20861506,383,346,-0.0005973430625105382,-0.003263760928999301,INJ,1h,stoch_cross,mean_reversion,12h,F,False,False
-1.0758,-1.7066,-0.7524,-0.9415,493,0.8356,0.4391,1.0673,-0.003706,0.9986,0.0273,0.0466,0.6897,-0.9241,501,-0.003706,0.053309,-1.5561,0.12031781,263,238,-0.004775108409236897,-0.0025248337780400254,INJ,1h,stoch_cross,mean_reversion,1d,F,False,False
-0.958,-1.3692,-0.5301,-0.6792,451,0.8362,0.4845,0.8897,-0.001716,0.9254,0.0986,-0.1051,2.0069,-0.607,452,-0.001716,0.026335,-1.3857,0.16652677,185,267,-0.0003027134356720973,-0.002696007632924723,BTC,4h,vwap_mr,mean_reversion,1d,F,False,False
-1.1059,-1.5062,-0.5616,-0.719,195,0.7439,0.4796,0.8073,-0.004656,0.8335,0.0427,-0.7124,2.0823,-0.6611,196,-0.004656,0.040751,-1.5996,0.1112997,84,112,0.00041057944441384784,-0.00845616125905475,BTC,4h,vwap_mr,mean_reversion,3d,F,False,False
-0.1769,-0.2411,-0.4724,-0.3602,74,0.9334,0.5,0.9334,-0.001752,0.8507,0.0209,-0.5197,1.6197,-0.3231,96,-0.001752,0.067076,-0.2559,0.79857319,45,51,0.008398809686229415,-0.010708500166730613,BTC,4h,vwap_mr,mean_reversion,1w,F,False,False
-1.3298,-1.721,-0.5754,-0.7515,335,0.7617,0.4786,0.83,-0.002469,0.9021,0.0916,-0.3307,2.7792,-0.6942,420,-0.002469,0.026302,-1.9234,0.055104,207,213,-0.0013250272216268632,-0.0035799024853153285,BTC,4h,stoch_rsi,mean_reversion,1d,F,False,False
-1.9631,-2.7645,-0.6651,-0.8578,191,0.5778,0.4256,0.7797,-0.008207,0.6536,0.0425,-0.0498,1.3401,-0.8294,195,-0.008207,0.04036,-2.8395,0.00499995,96,99,-0.0047401883219510684,-0.01156856296371825,BTC,4h,stoch_rsi,mean_reversion,3d,F,False,False
-0.2572,-0.3217,-0.3128,-0.6779,78,0.9006,0.5258,0.8123,-0.002622,0.8797,0.0212,-0.7136,2.7946,-0.3926,97,-0.002622,0.069423,-0.372,0.71073698,46,51,0.0005881311798840342,-0.005517299147814518,BTC,4h,stoch_rsi,mean_reversion,1w,F,False,False
-0.2117,-0.3146,-0.2921,-0.5913,604,0.9673,0.4765,1.0628,-0.000305,1.0945,0.1391,-0.0191,1.7445,-0.3274,638,-0.000305,0.025157,-0.3062,0.75957459,336,302,0.0014161994321416052,-0.002219836218539128,BTC,4h,ema_ribbon,trend,1d,F,False,False
0.583,0.9286,0.4465,-0.3898,188,1.1582,0.5043,1.1386,0.002302,1.0875,0.051,0.0889,0.4743,0.3989,234,0.002302,0.041765,0.8432,0.39997157,124,110,0.005519006775310972,-0.0013240585082593616,BTC,4h,ema_ribbon,trend,3d,C,False,False
0.7266,1.3874,0.6839,-0.3572,95,1.314,0.5,1.314,0.006106,1.396,0.0227,0.5547,0.5861,0.5799,104,0.006106,0.059248,1.051,0.29570931,59,45,0.011373132090935455,-0.0007995199413330588,BTC,4h,ema_ribbon,trend,1w,C,False,False
-0.5503,-0.9021,-0.3476,-0.234,37,0.754,0.46,0.8852,-0.003158,0.8419,0.0109,0.1324,-0.2145,-0.1627,50,-0.003158,0.028053,-0.796,0.42984913,22,28,-0.006087536065027826,-0.0008565034624285524,BTC,4h,bollinger_mr,mean_reversion,1d,F,False,False
-0.679,-0.9518,-0.5321,-0.3832,36,0.6924,0.5102,0.6647,-0.008038,0.7771,0.0107,-0.3733,0.159,-0.3794,49,-0.008038,0.057287,-0.9822,0.33093514,21,28,-0.011106384829985626,-0.005736721495580822,BTC,4h,bollinger_mr,mean_reversion,3d,F,False,False
-1.2425,-1.4057,-0.6793,-0.5964,35,0.4224,0.4167,0.5914,-0.025754,0.3795,0.0079,-1.0935,1.147,-0.6627,36,-0.025754,0.085982,-1.7972,0.08094456,17,19,-0.028197211351292155,-0.023567531825650353,BTC,4h,bollinger_mr,mean_reversion,1w,F,False,False
-0.4383,-0.6253,-0.3837,-0.2549,115,0.8482,0.4828,0.9088,-0.001523,0.8771,0.0253,0.0803,1.6065,-0.1937,116,-0.001523,0.025867,-0.6339,0.52738173,56,60,-0.0001654421311826637,-0.0027891562213372225,BTC,4h,rsi_extreme,mean_reversion,1d,F,False,False
0.0117,0.0165,-0.1016,-0.264,30,1.0048,0.5233,0.9155,7e-05,0.9551,0.0188,-0.317,0.11,-0.0553,86,7e-05,0.038267,0.0169,0.98655765,43,43,-0.000394838027795037,0.0005342930157027282,BTC,4h,rsi_extreme,mean_reversion,3d,D,False,False
-0.3614,-0.4146,-0.4612,-0.418,48,0.8294,0.5517,0.6739,-0.004949,0.6815,0.0126,-1.176,2.0151,-0.3612,58,-0.004949,0.072105,-0.5227,0.60319996,31,27,0.0009415613819149667,-0.011712194757122756,BTC,4h,rsi_extreme,mean_reversion,1w,F,False,False
-0.6841,-1.0431,-0.4317,-0.6989,432,0.8791,0.4541,1.0567,-0.001297,0.9808,0.0975,0.2332,1.8458,-0.5283,447,-0.001297,0.027709,-0.9895,0.32293306,223,224,0.0003780968030286696,-0.0029643789302227293,BTC,4h,momentum,trend,1d,F,False,False
0.3359,0.5207,0.097,-0.5636,117,1.0969,0.495,1.1189,0.001479,0.8963,0.0441,0.2104,1.6786,0.1178,202,0.001479,0.043248,0.4859,0.62757607,98,104,0.005276745218777655,-0.0021005762179192246,BTC,4h,momentum,trend,3d,D,False,False
-0.0105,-0.0187,-0.1531,-0.6376,77,0.9958,0.4545,1.195,-0.0001,1.2355,0.0216,0.5974,1.564,-0.1934,99,-0.0001,0.06522,-0.0152,0.98787287,48,51,0.007302256191370278,-0.007066608441711497,BTC,4h,momentum,trend,1w,F,False,False
0.4637,0.7881,0.2634,-0.3685,142,1.1218,0.4979,1.1311,0.001163,1.0198,0.0526,0.3693,1.1161,0.2139,241,0.001163,0.026915,0.6708,0.5030229,133,108,0.0021437516546491536,-4.498160376123699e-05,BTC,4h,range_breakout,trend,1d,D,False,False
0.3961,0.6592,0.1843,-0.4456,95,1.1321,0.4934,1.1623,0.00201,1.3078,0.0332,0.3317,2.473,0.1796,152,0.00201,0.043252,0.5729,0.56754858,82,70,0.0058345135111480175,-0.0024702795558807673,BTC,4h,range_breakout,trend,3d,D,False,False
0.5038,0.8786,0.3941,-0.3428,67,1.2456,0.5233,1.1349,0.005158,1.0547,0.0188,0.7357,2.199,0.3036,86,0.005158,0.065637,0.7287,0.46818371,47,39,0.011637230363213546,-0.0026509866333784,BTC,4h,range_breakout,trend,1w,C,False,False
-0.8854,-1.2739,-0.4083,-0.6063,262,0.8055,0.4356,1.0437,-0.001946,0.9939,0.0576,-0.1412,2.1363,-0.4485,264,-0.001946,0.024689,-1.2807,0.20142709,137,127,-0.002420117795771753,-0.001434545603316611,BTC,4h,macd_scalp,trend,1d,F,False,False
0.6342,0.9311,0.5472,-0.3404,51,1.2092,0.509,1.1665,0.003095,1.142,0.0364,-0.2758,1.1419,0.4295,167,0.003095,0.043594,0.9173,0.36029322,82,85,0.0037056205608277707,0.0025050824817863713,BTC,4h,macd_scalp,trend,3d,C,False,False
1.5754,3.2417,3.6552,-0.2171,21,2.0489,0.5059,2.0013,0.016605,2.0043,0.0185,1.0,3.466,2.3942,85,0.016605,0.067183,2.2787,0.02522483,51,34,0.020622672520969377,0.010577676295267813,BTC,4h,macd_scalp,trend,1w,B,True,False
0.1421,0.2253,0.0607,-0.1579,38,1.0682,0.4878,1.1216,0.000671,1.1389,0.0179,0.5358,2.7901,0.0202,82,0.000671,0.029555,0.2056,0.83764338,29,53,0.0035611280289010536,-0.000910500946832879,BTC,4h,keltner_mr,mean_reversion,1d,D,False,False
0.4073,0.5519,0.3506,-0.2326,29,1.2133,0.5909,0.84,0.004039,1.0258,0.0144,-0.3787,0.9869,0.1782,66,0.004039,0.055704,0.5891,0.5578227,24,42,0.0150330833791086,-0.002242725369939596,BTC,4h,keltner_mr,mean_reversion,3d,D,False,False
-0.3815,-0.4444,-0.5086,-0.369,47,0.8062,0.5417,0.6822,-0.006018,0.6608,0.0105,-1.0851,1.431,-0.3527,48,-0.006018,0.075551,-0.5518,0.583678,17,31,0.011028981356084799,-0.015365765722376915,BTC,4h,keltner_mr,mean_reversion,1w,F,False,False
-0.3298,-0.5676,-0.3705,-0.1014,23,0.8419,0.4783,0.9184,-0.001513,0.8692,0.01,0.0512,-0.4908,-0.077,46,-0.001513,0.021519,-0.477,0.6356735,25,21,-0.005151402267676253,0.002817575538135949,BTC,4h,dual_ema_adx,trend,1d,F,False,False
0.3783,0.7457,0.2841,-0.1668,9,1.231,0.5952,0.8371,0.002873,1.0627,0.0092,0.0452,-0.6205,0.1017,42,0.002873,0.034033,0.5472,0.58722272,24,18,-0.004159194344589334,0.01225040299371548,BTC,4h,dual_ema_adx,trend,3d,D,False,False
-0.0776,-0.1252,-0.1602,-0.3235,19,0.9572,0.5385,0.8204,-0.001076,0.8982,0.0085,-0.3036,-0.6876,-0.1054,39,-0.001076,0.059878,-0.1122,0.91125432,20,19,-0.0034644240696496353,0.0014385142459532217,BTC,4h,dual_ema_adx,trend,1w,F,False,False
-0.1195,-0.1738,-0.1294,-0.4258,116,0.9628,0.5175,0.8978,-0.000416,0.7875,0.0312,-0.2036,0.4111,-0.1118,143,-0.000416,0.028758,-0.1728,0.86302483,75,68,0.0008646144241511214,-0.0018277042747344887,BTC,4h,vol_spike_brk,trend,1d,F,False,False
-0.09,-0.1508,-0.1689,-0.4798,69,0.9681,0.4865,1.0219,-0.000564,0.9149,0.0242,0.3723,2.321,-0.1621,111,-0.000564,0.045679,-0.1301,0.8967174,58,53,0.006778782261026942,-0.008599737263069193,BTC,4h,vol_spike_brk,trend,3d,F,False,False
1.5984,3.5395,2.7043,-0.274,30,2.1356,0.6053,1.3928,0.01739,1.7789,0.0166,1.056,2.1776,2.1902,76,0.01739,0.065573,2.312,0.02352428,36,40,0.03400445284578928,0.0024378192934150556,BTC,4h,vol_spike_brk,trend,1w,B,True,False
-0.5008,-0.6661,-0.2881,-0.5587,210,0.8718,0.5066,0.8492,-0.001257,0.92,0.0499,-0.1771,2.4747,-0.3073,229,-0.001257,0.026256,-0.7244,0.46955171,90,139,0.0003370716967758998,-0.0022889758918352046,BTC,4h,stoch_cross,mean_reversion,1d,F,False,False
-0.4982,-0.7418,-0.4065,-0.5544,141,0.855,0.4648,0.9846,-0.002733,0.9381,0.031,-0.1019,-0.0418,-0.4139,142,-0.002733,0.045192,-0.7206,0.47232345,62,80,0.0004699165768560471,-0.005215248936392534,BTC,4h,stoch_cross,mean_reversion,3d,F,False,False
-0.3226,-0.4716,-0.4713,-0.4414,78,0.872,0.481,0.9409,-0.00368,0.9747,0.0172,-0.2283,0.3357,-0.3861,79,-0.00368,0.070081,-0.4667,0.64202101,32,47,-0.0008969911061194671,-0.005574356160068049,BTC,4h,stoch_cross,mean_reversion,1w,F,False,False
-1.4696,-1.8017,-0.6806,-0.9025,436,0.7505,0.4966,0.7608,-0.003823,0.6658,0.0953,-0.8185,3.9669,-0.8637,437,-0.003823,0.037602,-2.1256,0.03409668,191,246,-0.004790405434772124,-0.0030726202679116723,ETH,4h,vwap_mr,mean_reversion,1d,F,False,False
-0.0841,-0.1388,-0.3287,-0.6798,194,0.9768,0.5231,0.8906,-0.000574,0.9612,0.0425,0.5311,3.0544,-0.4109,195,-0.000574,0.065913,-0.1217,0.90328459,87,108,0.0006720917890185923,-0.0015783565864418148,ETH,4h,vwap_mr,mean_reversion,3d,F,False,False
0.5018,0.9039,0.3002,-0.3945,21,1.2269,0.5326,1.0767,0.008366,0.9193,0.0201,0.7601,2.562,0.2639,92,0.008366,0.110556,0.7258,0.46982692,41,51,0.01380162182358411,0.003995651537830636,ETH,4h,vwap_mr,mean_reversion,1w,C,False,False
-0.8324,-1.1123,-0.5408,-0.7389,410,0.8498,0.4903,0.8833,-0.001998,0.8605,0.0903,-0.4155,1.9973,-0.656,414,-0.001998,0.033761,-1.204,0.22926389,203,211,-0.0025056410746100784,-0.0015093066196926875,ETH,4h,stoch_rsi,mean_reversion,1d,F,False,False
-0.5168,-0.6949,-0.5151,-0.7607,184,0.8692,0.525,0.7864,-0.003251,0.716,0.0436,-0.4697,1.1569,-0.6467,200,-0.003251,0.0615,-0.7475,0.45562963,94,106,-0.005137550941317423,-0.0015775516227634538,ETH,4h,stoch_rsi,mean_reversion,3d,F,False,False
1.0787,2.3543,2.0618,-0.3206,22,1.5207,0.5521,1.2338,0.015706,1.3767,0.0209,0.7525,1.5532,1.891,96,0.015706,0.098633,1.5602,0.12203382,49,47,0.021977618851614263,0.009167940889861025,ETH,4h,stoch_rsi,mean_reversion,1w,C,False,False
-0.3208,-0.4837,-0.4469,-0.7651,583,0.9491,0.484,1.0117,-0.000697,1.1376,0.1365,0.3788,3.6815,-0.5833,626,-0.000697,0.037557,-0.4641,0.64274805,296,330,0.0014992779766304807,-0.0026662809791389024,ETH,4h,ema_ribbon,trend,1d,F,False,False
-0.4582,-0.8218,-0.4949,-0.8578,218,0.8918,0.4569,1.0601,-0.002858,1.0766,0.0506,0.623,1.8182,-0.6853,232,-0.002858,0.065674,-0.6627,0.50815397,111,121,-0.0012311405761546669,-0.004349560233911631,ETH,4h,ema_ribbon,trend,3d,F,False,False
-0.1144,-0.1933,-0.3651,-0.7333,99,0.9569,0.4712,1.0741,-0.001587,1.0227,0.0227,0.6309,3.2711,-0.479,104,-0.001587,0.097772,-0.1655,0.86885495,54,50,0.005197255913093298,-0.008913874165579998,ETH,4h,ema_ribbon,trend,1w,F,False,False
-0.6707,-0.8844,-0.4132,-0.3144,41,0.7078,0.5091,0.6825,-0.004648,0.5845,0.012,-0.5305,0.4941,-0.2526,55,-0.004648,0.035528,-0.9701,0.33629895,24,31,-0.00014987285266251926,-0.008129769712049796,ETH,4h,bollinger_mr,mean_reversion,1d,F,False,False
1.0748,2.2351,2.0239,-0.1806,14,1.8024,0.64,1.0139,0.015427,1.1044,0.0109,0.9449,3.9402,0.9191,50,0.015427,0.070168,1.5546,0.12646931,22,28,0.027288526933442036,0.006107146990087805,ETH,4h,bollinger_mr,mean_reversion,3d,B,False,False
0.5026,1.0402,0.6548,-0.2239,12,1.3865,0.5,1.3865,0.013404,0.9908,0.0083,1.2195,3.9895,0.3314,38,0.013404,0.113652,0.727,0.47179332,15,23,0.025693173857732007,0.005388964884323866,ETH,4h,bollinger_mr,mean_reversion,1w,C,False,False
-0.9868,-1.4039,-0.5489,-0.4929,122,0.7045,0.4309,0.9304,-0.004686,0.6552,0.0268,-0.0984,2.5362,-0.4831,123,-0.004686,0.036414,-1.4273,0.15604504,60,63,-0.0017770765246116816,-0.007456951292894361,ETH,4h,rsi_extreme,mean_reversion,1d,F,False,False
-0.4761,-0.6421,-0.4588,-0.5672,85,0.8281,0.4767,0.9089,-0.004991,0.6403,0.0188,-0.577,-0.0212,-0.4677,86,-0.004991,0.067207,-0.6887,0.49291632,45,41,0.003091463785677985,-0.013861470966548743,ETH,4h,rsi_extreme,mean_reversion,3d,F,False,False
-0.1408,-0.1872,-0.3818,-0.5384,56,0.9302,0.5161,0.8721,-0.002594,0.797,0.0135,-0.216,1.4781,-0.3821,62,-0.002594,0.100324,-0.2036,0.83932452,35,27,0.012391806594042553,-0.022020997742270006,ETH,4h,rsi_extreme,mean_reversion,1w,F,False,False
-1.0523,-1.4537,-0.6242,-0.9147,519,0.8341,0.4712,0.9359,-0.002527,1.0634,0.1176,-0.3346,2.3707,-0.8297,539,-0.002527,0.03854,-1.522,0.12859023,286,253,-0.003120079133174453,-0.0018557091650385992,ETH,4h,momentum,trend,1d,F,False,False
0.2775,0.4553,-0.071,-0.6539,211,1.0751,0.4685,1.2198,0.001831,1.1506,0.0484,0.3914,2.619,-0.0947,222,0.001831,0.067951,0.4014,0.68849089,121,101,0.0023437729452866997,0.0012161179941395837,ETH,4h,momentum,trend,3d,D,False,False
-2.2344,-2.9136,-0.8649,-0.9897,97,0.4236,0.3824,0.6842,-0.033096,0.6687,0.0222,-0.6327,1.5177,-0.9827,102,-0.033096,0.103421,-3.232,0.00166052,58,44,-0.026939203555608148,-0.04121170300742933,ETH,4h,momentum,trend,1w,F,False,False
0.6252,1.0879,0.4053,-0.4688,136,1.1715,0.4979,1.1813,0.002237,1.2645,0.0526,0.5188,2.5562,0.439,241,0.002237,0.038396,0.9043,0.36673244,138,103,0.0008237603783959557,0.004129605573269025,ETH,4h,range_breakout,trend,1d,C,False,False
0.0418,0.0844,-0.2116,-0.5506,142,1.0131,0.4408,1.2853,0.000319,1.1987,0.0332,1.0906,3.8966,-0.2284,152,0.000319,0.064997,0.0605,0.95186405,87,65,0.00031518308383416744,0.0003235899921518651,ETH,4h,range_breakout,trend,3d,D,False,False
-0.3589,-0.5356,-0.5058,-0.8124,80,0.8598,0.4471,1.0635,-0.006353,1.0504,0.0185,-0.1297,1.6506,-0.6695,85,-0.006353,0.112817,-0.5192,0.60501391,50,35,-0.005830639298230787,-0.007098846232169209,ETH,4h,range_breakout,trend,1w,F,False,False
-0.2218,-0.3214,-0.2822,-0.5353,249,0.9466,0.4884,0.9917,-0.000705,1.1114,0.0563,-0.0357,1.8855,-0.2901,258,-0.000705,0.035281,-0.3208,0.74865346,124,134,-0.001855826294581307,0.0003608317704405846,ETH,4h,macd_scalp,trend,1d,F,False,False
-0.0678,-0.1043,-0.3683,-0.51,160,0.9795,0.4556,1.1703,-0.000488,0.9229,0.0369,0.2477,2.3896,-0.3529,169,-0.000488,0.064763,-0.098,0.92201491,76,93,-0.0005085625312960967,-0.0004719710421859303,ETH,4h,macd_scalp,trend,3d,F,False,False
0.5101,0.766,0.3185,-0.4256,58,1.228,0.5287,1.0945,0.006831,1.0892,0.019,-0.2812,0.7969,0.3047,87,0.006831,0.086348,0.7379,0.46260534,48,39,0.00579558120062128,0.008104760432713977,ETH,4h,macd_scalp,trend,1w,C,False,False
-0.9103,-1.2427,-0.4704,-0.4473,81,0.6775,0.5422,0.5721,-0.00527,0.5442,0.0181,-0.3314,0.7001,-0.39,83,-0.00527,0.036469,-1.3166,0.19163288,33,50,0.000777203499240197,-0.009261826723246953,ETH,4h,keltner_mr,mean_reversion,1d,F,False,False
0.1404,0.2214,-0.0446,-0.4054,66,1.0613,0.5373,0.9139,0.001649,0.7746,0.0146,-0.3946,-0.5988,-0.0374,67,0.001649,0.066443,0.2031,0.83965517,29,38,0.01079064919493115,-0.005327708529949296,ETH,4h,keltner_mr,mean_reversion,3d,D,False,False
-0.6123,-0.9322,-0.498,-0.6304,49,0.724,0.44,0.9215,-0.01145,0.666,0.0109,0.0119,0.5466,-0.5454,50,-0.01145,0.091418,-0.8857,0.38012485,25,25,0.014799255065044363,-0.03769977120896288,ETH,4h,keltner_mr,mean_reversion,1w,F,False,False
-1.3386,-1.6494,-0.5054,-0.4312,29,0.4406,0.4,0.661,-0.009608,0.7065,0.0109,-0.8323,4.7984,-0.4021,50,-0.009608,0.03509,-1.9362,0.05862723,34,16,-0.010625476633822654,-0.007446699769099306,ETH,4h,dual_ema_adx,trend,1d,F,False,False
-0.5498,-1.047,-0.4381,-0.3241,38,0.7113,0.3571,1.2803,-0.006337,0.9083,0.0092,1.2278,2.8617,-0.2741,42,-0.006337,0.051637,-0.7953,0.43103239,30,12,-0.013176349347254838,0.01076298089420146,ETH,4h,dual_ema_adx,trend,3d,F,False,False
-1.0924,-1.3775,-0.5779,-0.7262,35,0.4886,0.4167,0.684,-0.025966,0.5521,0.0079,-0.6784,0.6984,-0.6797,36,-0.025966,0.0986,-1.5801,0.12307876,24,12,-0.034456495669956524,-0.008985927683720899,ETH,4h,dual_ema_adx,trend,1w,F,False,False
0.7362,1.1392,0.5345,-0.3982,83,1.2823,0.5407,1.089,0.003883,1.1515,0.0294,0.1031,2.0527,0.4973,135,0.003883,0.042363,1.0649,0.28883385,65,70,0.0023997583108302783,0.0052596815780189396,ETH,4h,vol_spike_brk,trend,1d,C,False,False
0.1296,0.2105,-0.1016,-0.6684,73,1.053,0.5051,1.0319,0.001464,0.9246,0.0216,0.5338,3.1484,-0.1368,99,0.001464,0.077729,0.1875,0.85169367,49,50,0.0026709225104312013,0.0002819863479479534,ETH,4h,vol_spike_brk,trend,3d,D,False,False
0.6939,0.9603,0.4317,-0.6004,22,1.394,0.5455,1.1617,0.0142,1.3181,0.0144,-0.4306,2.3562,0.6195,66,0.0142,0.114941,1.0037,0.31924952,32,34,0.030224607123551395,-0.0008810221902460273,ETH,4h,vol_spike_brk,trend,1w,C,False,False
-1.2265,-1.4813,-0.58,-0.7237,215,0.7069,0.4676,0.8049,-0.004534,0.7101,0.0471,-0.8846,3.2465,-0.6798,216,-0.004534,0.037565,-1.774,0.07747795,87,129,-0.0026002292423334987,-0.005838742181354512,ETH,4h,stoch_cross,mean_reversion,1d,F,False,False
-0.2581,-0.3167,-0.3416,-0.7344,136,0.917,0.5474,0.758,-0.002101,1.0613,0.0299,-1.0951,4.2626,-0.4535,137,-0.002101,0.065845,-0.3734,0.70943544,57,80,0.0055379173063573066,-0.007542961784702082,ETH,4h,stoch_cross,mean_reversion,3d,F,False,False
0.1111,0.1347,-0.2164,-0.7058,78,1.0499,0.5443,0.879,0.001945,0.7935,0.0172,-0.9857,2.5585,-0.293,79,0.001945,0.107548,0.1607,0.87271888,38,41,0.015408805546938482,-0.010533867823278587,ETH,4h,stoch_cross,mean_reversion,1w,D,False,False
-1.2308,-1.78,-0.6697,-0.9165,428,0.8009,0.4774,0.8768,-0.003585,0.8875,0.0964,-0.2753,1.2929,-0.8634,442,-0.003585,0.042341,-1.7802,0.07573124,209,233,-0.002288439952556961,-0.0047484153251834,SOL,4h,vwap_mr,mean_reversion,1d,F,False,False
-0.1414,-0.2081,-0.4223,-0.7542,196,0.9624,0.4975,0.9723,-0.001112,0.8998,0.043,-0.0876,2.1895,-0.5517,197,-0.001112,0.076296,-0.2046,0.8381292,97,100,0.001599741676090171,-0.003742297142390808,SOL,4h,vwap_mr,mean_reversion,3d,F,False,False
0.1093,0.2001,-0.2265,-0.7341,62,1.0393,0.5102,0.9978,0.00169,1.0778,0.0214,0.075,-0.4571,-0.3164,98,0.00169,0.105812,0.1581,0.87471786,54,44,0.005016799027500265,-0.0023935090254701167,SOL,4h,vwap_mr,mean_reversion,1w,D,False,False
-0.8251,-1.2635,-0.5856,-0.8422,330,0.8527,0.4668,0.9738,-0.002556,1.0389,0.0888,0.1776,1.5721,-0.7588,407,-0.002556,0.043204,-1.1934,0.23341608,200,207,-0.00121477249626045,-0.0038512090810565425,SOL,4h,stoch_rsi,mean_reversion,1d,F,False,False
-0.039,-0.0585,-0.3338,-0.7646,191,0.9898,0.5385,0.8484,-0.000303,0.9173,0.0425,-0.2925,0.5459,-0.4602,195,-0.000303,0.074853,-0.0564,0.95505162,102,93,0.0007300378244426148,-0.001435009953146134,SOL,4h,stoch_rsi,mean_reversion,3d,F,False,False
-0.2823,-0.4523,-0.5377,-0.7963,88,0.8941,0.4421,1.1283,-0.00498,1.1526,0.0207,0.1068,2.4543,-0.6894,95,-0.00498,0.118877,-0.4083,0.68396258,47,48,0.0019245713961761465,-0.011741018837643958,SOL,4h,stoch_rsi,mean_reversion,1w,F,False,False
0.1718,0.2632,-0.2602,-0.5967,594,1.0272,0.5071,0.9984,0.000443,0.9749,0.1381,0.2206,1.8036,-0.2974,633,0.000443,0.044822,0.2484,0.80386942,301,332,0.0017586058331509732,-0.0007505057413837011,SOL,4h,ema_ribbon,trend,1d,D,False,False
0.2628,0.4534,-0.0958,-0.6661,176,1.0649,0.4936,1.0927,0.00168,1.1269,0.0508,0.0557,0.183,-0.1288,233,0.00168,0.067482,0.3801,0.70424169,113,120,0.004893059388466934,-0.0013451381151045939,SOL,4h,ema_ribbon,trend,3d,D,False,False
-0.0544,-0.0848,-0.381,-0.8557,94,0.9808,0.5096,0.9438,-0.000902,0.8799,0.0227,-0.2136,-0.056,-0.562,104,-0.000902,0.116817,-0.0787,0.93739679,48,56,0.006082385564392727,-0.00688840904348091,SOL,4h,ema_ribbon,trend,1w,F,False,False
-0.7196,-1.321,-0.4083,-0.3025,35,0.6414,0.3889,1.0079,-0.006872,0.9182,0.0079,0.5844,0.8607,-0.241,36,-0.006872,0.039618,-1.0408,0.30510931,18,18,0.001622146319934946,-0.01536665922220056,SOL,4h,bollinger_mr,mean_reversion,1d,F,False,False
0.6722,1.9835,0.4838,-0.3624,21,1.5511,0.5278,1.3878,0.011893,1.7909,0.0079,1.2482,2.228,0.4021,36,0.011893,0.073395,0.9723,0.33758616,18,18,0.03145132124368379,-0.007664539344281986,SOL,4h,bollinger_mr,mean_reversion,3d,C,False,False
0.2386,0.6833,0.0915,-0.3038,14,1.2043,0.5,1.2043,0.006528,1.0923,0.0065,2.0776,6.4616,0.0591,30,0.006528,0.103602,0.3451,0.73251175,14,16,0.032647093109052026,-0.016327046531097796,SOL,4h,bollinger_mr,mean_reversion,1w,D,False,False
-0.317,-0.4626,-0.3509,-0.5424,100,0.8897,0.475,0.9834,-0.002241,0.9842,0.0262,0.0023,2.4552,-0.3571,120,-0.002241,0.053531,-0.4585,0.64742028,53,67,0.005083739536541591,-0.008034475943212391,SOL,4h,rsi_extreme,mean_reversion,1d,F,False,False
-0.5231,-0.6336,-0.5266,-0.5904,83,0.7968,0.5412,0.6755,-0.006155,0.6888,0.0185,-0.9132,2.3375,-0.5412,85,-0.006155,0.074992,-0.7566,0.45137871,39,46,0.00589171886566457,-0.01636772348058127,SOL,4h,rsi_extreme,mean_reversion,3d,F,False,False
0.1979,0.3342,-0.1968,-0.4369,20,1.1106,0.4655,1.2751,0.004866,1.179,0.0126,0.5542,2.2202,-0.1715,58,0.004866,0.129448,0.2863,0.77568564,29,29,0.01985150268015741,-0.010118750954451824,SOL,4h,rsi_extreme,mean_reversion,1w,D,False,False
0.3821,0.634,-0.0016,-0.5747,472,1.0606,0.5,1.0606,0.000975,1.0992,0.1383,0.3498,1.3868,-0.0019,634,0.000975,0.044443,0.5527,0.58068855,306,328,0.0014878674118844562,0.0004974577683350161,SOL,4h,momentum,trend,1d,D,False,False
0.4293,0.7184,0.0708,-0.4625,192,1.1109,0.4875,1.1678,0.002928,1.0553,0.0523,0.2004,0.8504,0.0698,240,0.002928,0.07305,0.621,0.5352166,108,132,0.007054301880240515,-0.00044794358355310684,SOL,4h,momentum,trend,3d,D,False,False
0.2268,0.342,-0.1861,-0.6847,75,1.0847,0.5377,0.9325,0.003489,0.9215,0.0231,-0.2786,0.9233,-0.2481,106,0.003489,0.109491,0.328,0.74352939,55,51,0.006327332100863997,0.0004273755488666961,SOL,4h,momentum,trend,1w,D,False,False
-0.3817,-0.5804,-0.5122,-0.5288,128,0.9112,0.5217,0.8353,-0.001578,0.938,0.0552,0.1184,1.4421,-0.4836,253,-0.001578,0.045454,-0.5521,0.5813452,133,120,-0.00020532969901459404,-0.0030989816219800913,SOL,4h,range_breakout,trend,1d,F,False,False
-0.131,-0.2025,-0.3857,-0.7269,115,0.9589,0.4808,1.0356,-0.001212,1.0865,0.034,0.2582,3.5856,-0.4977,156,-0.001212,0.079867,-0.1895,0.8499582,75,81,0.007268222954657336,-0.009063439375326087,SOL,4h,range_breakout,trend,3d,F,False,False
-0.1043,-0.1694,-0.3872,-0.8042,78,0.9602,0.4767,1.0539,-0.001924,0.8727,0.0188,-0.0991,-0.0274,-0.5419,86,-0.001924,0.118274,-0.1508,0.88046106,49,37,-0.0021659590274860914,-0.0016030135018119777,SOL,4h,range_breakout,trend,1w,F,False,False
0.7197,1.1374,0.6622,-0.385,173,1.1843,0.5245,1.0735,0.002644,1.134,0.0578,0.0835,0.5583,0.6082,265,0.002644,0.04135,1.041,0.29883266,139,126,-0.0015049452815958351,0.00722152549634585,SOL,4h,macd_scalp,trend,1d,C,False,False
0.5946,0.8771,0.5033,-0.3755,62,1.1893,0.5241,1.08,0.004742,1.1783,0.0362,-0.3353,0.6932,0.4364,166,0.004742,0.071039,0.86,0.39104761,78,88,0.005521579545662246,0.0040504210533465,SOL,4h,macd_scalp,trend,3d,C,False,False
1.6214,2.8888,3.2956,-0.4262,27,1.961,0.618,1.2123,0.026126,1.4433,0.0194,0.323,0.6053,5.2682,89,0.026126,0.105092,2.3453,0.02126222,54,35,0.018557387995374437,0.037802667410494005,SOL,4h,macd_scalp,trend,1w,C,True,False
-0.5795,-1.0148,-0.3808,-0.5693,64,0.7729,0.3766,1.2794,-0.00518,1.2678,0.0168,0.5793,2.4094,-0.4003,77,-0.00518,0.054222,-0.8382,0.40452885,35,42,-0.002342877431670593,-0.007543411404255737,SOL,4h,keltner_mr,mean_reversion,1d,F,False,False
-0.1637,-0.229,-0.2263,-0.6247,58,0.9257,0.4918,0.9566,-0.002287,0.9637,0.0133,-0.6228,1.1848,-0.2731,61,-0.002287,0.075452,-0.2367,0.81365782,28,33,-0.0054927749463534025,0.0004327710120171618,SOL,4h,keltner_mr,mean_reversion,3d,F,False,False
-0.5712,-0.8482,-0.521,-0.6941,46,0.723,0.4255,0.976,-0.013456,0.8037,0.0103,0.0551,1.604,-0.609,47,-0.013456,0.111659,-0.8262,0.41296025,22,25,-0.0040126911437648564,-0.021766779352137427,SOL,4h,keltner_mr,mean_reversion,1w,F,False,False
-1.8065,-2.3796,-0.5334,-0.6138,45,0.36,0.383,0.5799,-0.016547,0.4689,0.0103,-0.4815,0.4162,-0.5639,47,-0.016547,0.043415,-2.6129,0.01208792,28,19,-0.014862217111378013,-0.019030147607993434,SOL,4h,dual_ema_adx,trend,1d,F,False,False
-1.4334,-2.6179,-0.5551,-0.7538,37,0.4768,0.4091,0.6888,-0.022799,0.6199,0.0096,0.2219,-0.6884,-0.6783,44,-0.022799,0.072942,-2.0733,0.04416608,27,17,-0.022362935125882406,-0.023492213111879916,SOL,4h,dual_ema_adx,trend,3d,F,False,False
-0.5362,-0.7677,-0.5028,-0.652,38,0.7094,0.4615,0.8276,-0.014398,0.6222,0.0085,0.2036,0.9937,-0.5644,39,-0.014398,0.115941,-0.7755,0.44282266,26,13,-0.014212767186190044,-0.014768876523897382,SOL,4h,dual_ema_adx,trend,1w,F,False,False
0.5622,0.9699,0.5449,-0.2723,41,1.224,0.5856,0.8662,0.003807,1.0911,0.0242,0.2342,0.3356,0.3357,111,0.003807,0.049319,0.8132,0.41788356,49,62,0.010058987218091515,-0.0011349649203842723,SOL,4h,vol_spike_brk,trend,1d,C,False,False
-0.3818,-0.5577,-0.4122,-0.6865,85,0.8562,0.4889,0.8951,-0.004583,0.803,0.0196,-0.0309,1.1119,-0.5014,90,-0.004583,0.078737,-0.5522,0.58216473,40,50,0.006664471626253896,-0.013581696904896648,SOL,4h,vol_spike_brk,trend,3d,F,False,False
-0.1939,-0.2395,-0.3713,-0.8281,59,0.9081,0.5079,0.8798,-0.004199,0.7179,0.0137,-0.9827,3.1253,-0.5364,63,-0.004199,0.118821,-0.2805,0.78001419,31,32,0.010515233189413848,-0.018454118560896182,SOL,4h,vol_spike_brk,trend,1w,F,False,False
0.125,0.1878,-0.0915,-0.7032,196,1.0312,0.4919,1.065,0.000537,1.1367,0.0541,-0.1299,1.4773,-0.1299,248,0.000537,0.046768,0.1809,0.85662092,115,133,0.006102549580969683,-0.004275078953210877,SOL,4h,stoch_cross,mean_reversion,1d,D,False,False
0.2029,0.3092,-0.1002,-0.5263,150,1.0612,0.5658,0.8144,0.001628,0.893,0.0332,-0.3757,0.0123,-0.1072,152,0.001628,0.068401,0.2935,0.76952804,81,71,0.004624427698433692,-0.0017894897262047216,SOL,4h,stoch_cross,mean_reversion,3d,D,False,False
-0.7597,-1.2832,-0.6269,-0.7655,80,0.7432,0.4198,1.0274,-0.011934,0.9272,0.0177,0.0279,-0.64,-0.7453,81,-0.011934,0.097741,-1.0989,0.27510935,40,41,-0.0018822398013107894,-0.021740875567841274,SOL,4h,stoch_cross,mean_reversion,1w,F,False,False
-1.6909,-2.1857,-0.6746,-0.8369,411,0.713,0.4952,0.7269,-0.003694,0.6573,0.0907,-0.3201,2.3607,-0.8244,416,-0.003694,0.030804,-2.4458,0.01486822,162,254,-0.0022063063595599334,-0.0046425775381613915,BNB,4h,vwap_mr,mean_reversion,1d,F,False,False
-0.8996,-1.3037,-0.5859,-0.6954,192,0.7729,0.4093,1.1153,-0.004498,0.9396,0.0421,-0.0093,2.064,-0.6654,193,-0.004498,0.048023,-1.3012,0.19473424,81,112,0.0015255280180169982,-0.008854488275841925,BNB,4h,vwap_mr,mean_reversion,3d,F,False,False
-0.0813,-0.106,-0.3721,-0.534,64,0.9657,0.4737,1.073,-0.00103,1.4524,0.0207,-0.589,4.0,-0.3709,95,-0.00103,0.085367,-0.1176,0.90663695,40,55,0.013930269020640826,-0.011910166995640405,BNB,4h,vwap_mr,mean_reversion,1w,F,False,False
-1.236,-1.6353,-0.5265,-0.8025,397,0.7835,0.4915,0.8106,-0.002414,0.7167,0.0896,-0.3544,2.0147,-0.683,411,-0.002414,0.027369,-1.7878,0.07454477,195,216,-0.0009224229617524415,-0.0037597728599230978,BNB,4h,stoch_rsi,mean_reversion,1d,F,False,False
-0.2247,-0.3357,-0.3058,-0.7169,191,0.9377,0.4874,0.986,-0.001215,0.9764,0.0434,0.2222,1.6469,-0.4041,199,-0.001215,0.052744,-0.3251,0.7454593,97,102,0.007009611948908926,-0.00903734752947833,BNB,4h,stoch_rsi,mean_reversion,3d,F,False,False
0.4582,0.6837,0.196,-0.5535,88,1.1954,0.4896,1.2462,0.005098,1.1144,0.0209,-0.1994,0.6778,0.2405,96,0.005098,0.07536,0.6628,0.50906979,51,45,0.01539100694374326,-0.006567853516455637,BNB,4h,stoch_rsi,mean_reversion,1w,D,False,False
0.4914,0.8414,0.3131,-0.4154,593,1.0827,0.4724,1.2094,0.000827,1.3659,0.1381,0.6785,3.2428,0.2915,633,0.000827,0.029289,0.7108,0.47749706,370,263,0.0015266380086497915,-0.00015625693740248996,BNB,4h,ema_ribbon,trend,1d,D,False,False
0.7505,1.3303,0.5946,-0.4919,215,1.2151,0.4957,1.236,0.003466,1.2734,0.051,0.5003,1.0662,0.7105,234,0.003466,0.048836,1.0855,0.27881007,137,97,0.005696248863776539,0.00031505770410915644,BNB,4h,ema_ribbon,trend,3d,C,False,False
-0.0539,-0.0864,-0.199,-0.7471,98,0.9794,0.4615,1.1427,-0.000563,1.1294,0.0227,0.3522,1.5333,-0.2858,104,-0.000563,0.073642,-0.078,0.93795829,61,43,0.008149154540550405,-0.01292317466239807,BNB,4h,ema_ribbon,trend,1w,F,False,False
0.5404,0.7133,0.5497,-0.1162,12,1.3629,0.5,1.3629,0.003066,0.8513,0.0105,-0.4476,1.2164,0.1383,48,0.003066,0.027173,0.7816,0.43835691,19,29,0.009175246095828772,-0.0009373018012199922,BNB,4h,bollinger_mr,mean_reversion,1d,C,False,False
0.2505,0.3831,0.1541,-0.2086,34,1.1481,0.5333,1.0046,0.002715,0.8571,0.0098,-0.1645,0.3942,0.0684,45,0.002715,0.050271,0.3623,0.71882868,19,26,0.018129559110272902,-0.008548822869095559,BNB,4h,bollinger_mr,mean_reversion,3d,D,False,False
-0.5243,-0.7243,-0.4182,-0.3983,28,0.718,0.4444,0.8976,-0.008347,0.8688,0.0079,-0.3714,0.2531,-0.317,36,-0.008347,0.066037,-0.7584,0.45328385,14,22,0.019042469943629316,-0.025776899522685658,BNB,4h,bollinger_mr,mean_reversion,1w,F,False,False
-0.6522,-0.75,-0.3853,-0.4726,109,0.7723,0.487,0.8137,-0.003041,0.7657,0.0251,-0.9869,2.6225,-0.3433,115,-0.003041,0.034566,-0.9433,0.34752263,47,68,0.0041261304298346405,-0.007993991030973244,BNB,4h,rsi_extreme,mean_reversion,1d,F,False,False
0.3836,0.5546,0.2246,-0.3428,71,1.1733,0.5618,0.9152,0.003324,0.7738,0.0194,0.1233,2.6829,0.1679,89,0.003324,0.056515,0.5548,0.58042517,40,49,0.01477566576372602,-0.006024828532506909,BNB,4h,rsi_extreme,mean_reversion,3d,D,False,False
1.1646,2.0183,2.1446,-0.2362,12,1.8431,0.6094,1.1815,0.016273,1.2767,0.014,1.0955,5.2786,1.3569,64,0.016273,0.077282,1.6846,0.09701827,30,34,0.03274329455659243,0.0017410427031101876,BNB,4h,rsi_extreme,mean_reversion,1w,B,False,False
-0.6707,-1.0795,-0.505,-0.7114,389,0.8864,0.436,1.1468,-0.001413,1.0103,0.1056,0.4145,2.2971,-0.6059,484,-0.001413,0.032037,-0.9701,0.33249961,253,231,-0.0005687065807386263,-0.0023368922642846407,BNB,4h,momentum,trend,1d,F,False,False
1.2096,2.2375,1.2517,-0.466,125,1.379,0.5144,1.3017,0.005725,1.5123,0.0454,0.3816,0.518,1.6152,208,0.005725,0.047193,1.7495,0.08167849,108,100,0.009240634475422692,0.0019280599014854394,BNB,4h,momentum,trend,3d,C,False,False
-0.5253,-0.6154,-0.4768,-0.8151,96,0.792,0.4545,0.9504,-0.006421,0.9764,0.0216,-1.1897,7.0474,-0.6428,99,-0.006421,0.08408,-0.7599,0.44916707,47,52,0.00561884126581403,-0.017303257118807366,BNB,4h,momentum,trend,1w,F,False,False
-0.3246,-0.4795,-0.3072,-0.5052,176,0.9173,0.4506,1.1183,-0.000993,1.1585,0.0508,-0.0381,2.0336,-0.2974,233,-0.000993,0.032276,-0.4694,0.6391892,139,94,0.0015065277148785725,-0.004688218144225389,BNB,4h,range_breakout,trend,1d,F,False,False
-0.2216,-0.285,-0.3522,-0.5274,143,0.9284,0.5,0.9284,-0.001411,1.1509,0.0323,-0.8654,4.8958,-0.3494,148,-0.001411,0.053557,-0.3206,0.74897611,85,63,0.008836718386770049,-0.01523809481029111,BNB,4h,range_breakout,trend,3d,F,False,False
-0.3808,-0.6834,-0.3904,-0.7574,79,0.8492,0.4286,1.1322,-0.005161,0.7941,0.0183,0.9568,3.5827,-0.5197,84,-0.005161,0.085885,-0.5507,0.58329619,48,36,0.006208659554290341,-0.020320112101544226,BNB,4h,range_breakout,trend,1w,F,False,False
-0.4678,-0.6822,-0.2924,-0.5619,269,0.896,0.4718,1.003,-0.001007,0.8588,0.0619,0.0858,1.6086,-0.313,284,-0.001007,0.025089,-0.6766,0.49920393,138,146,0.0005371422944996092,-0.00246711205558531,BNB,4h,macd_scalp,trend,1d,F,False,False
-1.0427,-1.3465,-0.6254,-0.6939,170,0.7208,0.4561,0.8594,-0.005696,0.603,0.0373,-0.3994,1.9323,-0.696,171,-0.005696,0.049388,-1.5081,0.1333781,90,81,-0.004494908598316332,-0.007030371090452551,BNB,4h,macd_scalp,trend,3d,F,False,False
1.2686,2.5312,1.9011,-0.3704,36,1.7185,0.5393,1.4679,0.015627,1.5456,0.0194,1.0847,4.1788,2.0503,89,0.015627,0.080344,1.835,0.06988796,52,37,0.01660846025591218,0.014248793375425834,BNB,4h,macd_scalp,trend,1w,C,False,False
-0.8715,-1.1658,-0.4171,-0.3847,61,0.6588,0.4444,0.8235,-0.005246,0.7032,0.0137,-0.4473,0.2354,-0.3064,63,-0.005246,0.033029,-1.2606,0.21216329,23,40,-0.0016884691893406536,-0.007291298649944824,BNB,4h,keltner_mr,mean_reversion,1d,F,False,False
-0.5243,-0.6729,-0.3509,-0.4881,49,0.7606,0.5098,0.7314,-0.00603,0.5668,0.0111,-0.8155,0.539,-0.325,51,-0.00603,0.056784,-0.7583,0.45181629,19,32,0.00982601421346605,-0.015444025401638129,BNB,4h,keltner_mr,mean_reversion,3d,F,False,False
-0.7898,-0.9538,-0.6225,-0.4817,40,0.6094,0.439,0.7786,-0.014557,0.6553,0.0089,-0.7554,0.6057,-0.5257,41,-0.014557,0.081593,-1.1424,0.26009716,17,24,0.006284482680813948,-0.02931913232670436,BNB,4h,keltner_mr,mean_reversion,1w,F,False,False
-1.2961,-2.1743,-0.5685,-0.2259,39,0.4615,0.3,1.0769,-0.006898,1.2463,0.0087,0.5023,1.5219,-0.2499,40,-0.006898,0.02327,-1.8747,0.06833543,26,14,-0.006093492407205512,-0.008391459052952608,BNB,4h,dual_ema_adx,trend,1d,F,False,False
0.1423,0.2108,0.0215,-0.3611,13,1.0911,0.5135,1.0337,0.00174,0.7752,0.0081,-0.3314,0.0305,0.0163,37,0.00174,0.051422,0.2058,0.83809543,24,13,0.0058481408958849556,-0.005844507095555609,BNB,4h,dual_ema_adx,trend,3d,D,False,False
0.1329,0.2625,0.0079,-0.3793,14,1.0859,0.4848,1.1538,0.002122,1.4145,0.0072,0.2402,-0.788,0.0063,33,0.002122,0.063418,0.1923,0.84875925,21,12,0.0074192963651192505,-0.007147140339595061,BNB,4h,dual_ema_adx,trend,1w,D,False,False
-0.444,-0.6836,-0.3634,-0.4093,115,0.8522,0.4538,1.0258,-0.002159,1.2368,0.026,0.0603,1.1965,-0.286,119,-0.002159,0.036665,-0.6422,0.52196112,68,51,0.0016109953974859583,-0.007184856151465229,BNB,4h,vol_spike_brk,trend,1d,F,False,False
-0.5603,-0.7097,-0.4676,-0.5797,91,0.7946,0.4688,0.9006,-0.004972,1.1317,0.0209,-0.9677,4.3026,-0.4838,96,-0.004972,0.06011,-0.8104,0.41971874,55,41,0.005756416627502685,-0.019363706484820553,BNB,4h,vol_spike_brk,trend,3d,F,False,False
-1.2594,-1.4483,-0.6129,-0.8519,65,0.5278,0.4412,0.6686,-0.018443,0.8288,0.0148,-1.6972,7.7258,-0.7867,68,-0.018443,0.08349,-1.8216,0.0729757,39,29,-0.007967765917148829,-0.03253109376546863,BNB,4h,vol_spike_brk,trend,1w,F,False,False
-1.0814,-1.2215,-0.4787,-0.6669,209,0.7317,0.4976,0.7387,-0.003318,0.6264,0.046,-1.2363,4.0578,-0.5527,211,-0.003318,0.030815,-1.5641,0.11929203,67,144,-0.0005343604449149995,-0.004613319983943638,BNB,4h,stoch_cross,mean_reversion,1d,F,False,False
-0.5653,-0.8446,-0.4336,-0.5837,130,0.832,0.4924,0.8576,-0.003441,0.8102,0.0288,-0.1538,-0.105,-0.4569,132,-0.003441,0.048353,-0.8177,0.41500735,43,89,0.0036256607642830255,-0.0068558761158636254,BNB,4h,stoch_cross,mean_reversion,3d,F,False,False
0.79,1.2545,0.8369,-0.3652,31,1.4107,0.5513,1.1483,0.010349,1.3371,0.017,-0.0412,1.1744,0.747,78,0.010349,0.079984,1.1427,0.25668341,26,52,0.03510121879810199,-0.00202689725198543,BNB,4h,stoch_cross,mean_reversion,1w,C,False,False
-0.6283,-0.7403,-0.559,-0.8888,420,0.8838,0.5123,0.8413,-0.002031,0.8048,0.0975,-1.3273,7.6019,-0.7624,447,-0.002031,0.047252,-0.9087,0.36398165,239,208,-0.0009431786137684211,-0.003280914334486104,ADA,4h,vwap_mr,mean_reversion,1d,F,False,False
0.1057,0.1446,-0.3344,-0.8003,161,1.0326,0.5172,0.9637,0.000983,0.9207,0.0443,0.6938,10.4602,-0.4788,203,0.000983,0.091624,0.1529,0.87861943,111,92,0.005494621344466647,-0.004459607808372516,ADA,4h,vwap_mr,mean_reversion,3d,D,False,False
-0.1464,-0.2645,-0.5045,-0.8473,61,0.941,0.4898,0.9802,-0.002962,0.9097,0.0214,1.4678,7.7625,-0.6886,98,-0.002962,0.138409,-0.2118,0.83268831,59,39,0.002416675366627647,-0.01109798396556993,ADA,4h,vwap_mr,mean_reversion,1w,F,False,False
-0.1953,-0.2749,-0.4313,-0.7284,339,0.9615,0.5,0.9615,-0.000672,0.9354,0.092,0.111,4.3134,-0.5457,422,-0.000672,0.048845,-0.2824,0.77775591,216,206,-0.0002958747366635182,-0.0010654187272516916,ADA,4h,stoch_rsi,mean_reversion,1d,F,False,False
-0.365,-0.4474,-0.5299,-0.9535,198,0.8992,0.4776,0.9835,-0.003137,0.9734,0.0438,-1.5512,11.1506,-0.7705,201,-0.003137,0.084233,-0.528,0.59809197,101,100,-0.004844277259729235,-0.001412604239656684,ADA,4h,stoch_rsi,mean_reversion,3d,F,False,False
-0.6877,-0.8664,-0.6919,-0.9377,77,0.7657,0.5052,0.75,-0.012938,0.805,0.0212,-0.9623,2.0865,-0.888,97,-0.012938,0.12811,-0.9947,0.32238886,45,52,-0.009334039156123982,-0.016057693251428508,ADA,4h,stoch_rsi,mean_reversion,1w,F,False,False
-0.1505,-0.1835,-0.5128,-0.8838,381,0.9735,0.4772,1.0667,-0.000445,1.1008,0.1385,-2.1763,33.5793,-0.7172,635,-0.000445,0.05146,-0.2177,0.82769948,244,391,0.0014824796192342564,-0.0016472678213779117,ADA,4h,ema_ribbon,trend,1d,F,False,False
-0.1778,-0.264,-0.5201,-0.8362,209,0.9526,0.4805,1.0299,-0.001442,1.1617,0.0504,0.0993,5.0149,-0.697,231,-0.001442,0.085206,-0.2572,0.7972419,87,144,0.0016476126026096563,-0.003308618824576903,ADA,4h,ema_ribbon,trend,3d,F,False,False
0.728,1.4825,0.475,-0.6838,60,1.3383,0.5238,1.2167,0.013124,1.5271,0.0229,1.1314,3.3606,0.8013,105,0.013124,0.127712,1.053,0.29477147,35,70,0.02857544221999813,0.00539860892031783,ADA,4h,ema_ribbon,trend,1w,C,False,False
0.1417,0.2058,0.0099,-0.3348,32,1.1017,0.5909,0.7627,0.001845,0.834,0.0096,1.0761,6.0059,0.007,44,0.001845,0.0597,0.205,0.83852215,25,19,-0.016936878257989844,0.026558519438293196,ADA,4h,bollinger_mr,mean_reversion,1d,D,False,False
0.6523,0.9273,0.4177,-0.4189,26,1.4301,0.5814,1.0297,0.010632,1.22,0.0094,-0.6854,1.1858,0.4012,43,0.010632,0.073893,0.9435,0.35082964,24,19,0.001811483909792656,0.021772930975763185,ADA,4h,bollinger_mr,mean_reversion,3d,C,False,False
0.3534,0.3896,0.0311,-0.6486,25,1.2912,0.5882,0.9038,0.011861,1.2815,0.0074,-1.2659,4.669,0.0427,34,0.011861,0.135311,0.5111,0.61266266,20,14,0.0007562290333123778,0.027725194290323014,ADA,4h,bollinger_mr,mean_reversion,1w,D,False,False
-0.4931,-0.568,-0.4219,-0.6065,110,0.817,0.4746,0.9045,-0.003625,0.8708,0.0257,-1.0901,6.5687,-0.4612,118,-0.003625,0.055205,-0.7132,0.47713135,66,52,-0.00347329209997761,-0.003816676615644298,ADA,4h,rsi_extreme,mean_reversion,1d,F,False,False
-0.5221,-0.5202,-0.579,-0.774,84,0.7717,0.4941,0.7901,-0.008107,0.7858,0.0185,-2.637,13.0799,-0.7117,85,-0.008107,0.098974,-0.7552,0.45225489,46,39,-0.001891843369237623,-0.015437780605822638,ADA,4h,rsi_extreme,mean_reversion,3d,F,False,False
-0.2092,-0.2322,-0.4972,-0.792,40,0.8915,0.5167,0.834,-0.005443,1.013,0.0131,-1.2858,4.8363,-0.6491,60,-0.005443,0.139319,-0.3026,0.76324887,32,28,-0.0019231852059145085,-0.009465208366478942,ADA,4h,rsi_extreme,mean_reversion,1w,F,False,False
-0.7856,-1.2793,-0.7659,-0.9362,630,0.8624,0.4532,1.0403,-0.002622,0.8921,0.1376,3.2014,40.1267,-0.9287,631,-0.002622,0.057968,-1.1363,0.25627275,300,331,-0.0020045395685068163,-0.0031818979304915375,ADA,4h,momentum,trend,1d,F,False,False
0.4303,0.8384,-0.0107,-0.6265,139,1.1193,0.4538,1.3474,0.003515,1.228,0.0519,1.3083,5.5923,-0.0139,238,0.003515,0.087123,0.6223,0.53431083,112,126,0.00615396859157512,0.0011685670886289062,ADA,4h,momentum,trend,3d,D,False,False
-1.1581,-1.3501,-0.8796,-0.9896,105,0.6221,0.4717,0.6968,-0.023519,0.8648,0.0231,-1.5613,8.3625,-0.9861,106,-0.023519,0.144546,-1.6752,0.09687451,53,53,-0.017589100604230686,-0.029448356675401334,ADA,4h,momentum,trend,1w,F,False,False
-0.5142,-0.7735,-0.5602,-0.619,241,0.8727,0.4737,0.9697,-0.002365,0.8691,0.0539,0.517,4.3814,-0.5897,247,-0.002365,0.049972,-0.7438,0.45771378,123,124,0.00413463402108564,-0.00881214531716276,ADA,4h,range_breakout,trend,1d,F,False,False
-0.4844,-0.5561,-0.7199,-0.8922,147,0.8309,0.4545,0.9971,-0.005913,0.7947,0.0336,-1.8488,20.2462,-0.8836,154,-0.005913,0.104731,-0.7007,0.4845783,75,79,0.004198411256057191,-0.015512806654746811,ADA,4h,range_breakout,trend,3d,F,False,False
-0.4427,-0.504,-0.7245,-0.9375,83,0.8186,0.5057,0.8,-0.010305,1.0066,0.019,-1.5341,8.1959,-0.9073,87,-0.010305,0.150126,-0.6403,0.52370247,43,44,-0.007265610776987128,-0.013275693442974246,ADA,4h,range_breakout,trend,1w,F,False,False
-0.2333,-0.3466,-0.3435,-0.6658,259,0.9418,0.4981,0.9489,-0.000961,1.05,0.0582,0.5221,5.2753,-0.4192,267,-0.000961,0.046552,-0.3374,0.73604665,134,133,-0.0019952631472763024,8.030849849197254e-05,ADA,4h,macd_scalp,trend,1d,F,False,False
0.7908,1.3564,0.536,-0.6849,98,1.2806,0.4815,1.3791,0.006887,1.0985,0.0353,0.6813,3.1925,0.9236,162,0.006887,0.076625,1.1439,0.25436532,77,85,0.0004044383673453444,0.0127585363510019,ADA,4h,macd_scalp,trend,3d,C,False,False
1.2585,1.9385,2.046,-0.4496,20,1.6649,0.6092,1.0681,0.022383,1.388,0.019,-0.187,0.3665,2.9144,87,0.022383,0.114691,1.8203,0.07219047,43,44,0.016266655201181437,0.028360178151645286,ADA,4h,macd_scalp,trend,1w,C,False,False
1.501,2.3226,4.045,-0.1289,15,2.1333,0.6429,1.1851,0.014011,1.1544,0.0153,0.8124,4.5538,1.4061,70,0.014011,0.053994,2.1711,0.03336607,35,35,0.013798437203915496,0.014223950460192765,ADA,4h,keltner_mr,mean_reversion,1d,A,True,False
0.9886,1.972,1.4433,-0.3782,17,1.7432,0.5968,1.1779,0.020198,1.2719,0.0135,2.1253,11.0765,1.4875,62,0.020198,0.111224,1.4299,0.15783795,32,30,0.039016458074335195,0.0001258659622576245,ADA,4h,keltner_mr,mean_reversion,3d,C,False,False
0.4141,0.3667,-0.0027,-0.7585,34,1.31,0.6327,0.7606,0.011507,1.3395,0.0107,-2.1492,6.8511,-0.0043,49,0.011507,0.134468,0.599,0.55199458,25,24,0.022283274345637923,0.0002807197257373902,ADA,4h,keltner_mr,mean_reversion,1w,D,False,False
0.3786,1.1241,0.4414,-0.1988,20,1.3923,0.413,1.9785,0.006448,1.259,0.01,3.9677,19.8758,0.1924,46,0.006448,0.079864,0.5476,0.58665411,30,16,0.0080612415591734,0.0034244529147822375,ADA,4h,dual_ema_adx,trend,1d,D,False,False
0.7111,1.7091,1.0028,-0.255,17,1.7582,0.5122,1.6744,0.015755,1.6142,0.0089,2.5974,10.662,0.6104,41,0.015755,0.098085,1.0285,0.30989933,26,15,0.022084310913279274,0.004783591349750208,ADA,4h,dual_ema_adx,trend,3d,C,False,False
0.0772,0.1043,-0.22,-0.5128,22,1.0587,0.5278,0.9473,0.002563,0.863,0.0079,0.3649,4.7239,-0.2216,36,0.002563,0.13765,0.1117,0.91167883,24,12,0.007720613783644396,-0.007751686931326903,ADA,4h,dual_ema_adx,trend,1w,D,False,False
-0.0731,-0.1026,-0.2404,-0.5415,87,0.972,0.4615,1.134,-0.0006,1.0111,0.0255,0.0295,4.3157,-0.2531,117,-0.0006,0.06137,-0.1058,0.91593409,58,59,0.006213887937677982,-0.007298791713820249,ADA,4h,vol_spike_brk,trend,1d,F,False,False
-0.0669,-0.1369,-0.3243,-0.5002,59,0.9742,0.5275,0.8727,-0.000829,1.0463,0.0198,0.6488,1.357,-0.3094,91,-0.000829,0.081782,-0.0967,0.9231525,44,47,0.011775717823552483,-0.012629759262378134,ADA,4h,vol_spike_brk,trend,3d,F,False,False
-0.0181,-0.0369,-0.3947,-0.7463,62,0.9913,0.4308,1.3099,-0.000493,1.371,0.0142,0.9562,1.6095,-0.518,65,-0.000493,0.151678,-0.0262,0.97917174,31,34,0.015543628247805079,-0.015114802698455346,ADA,4h,vol_spike_brk,trend,1w,F,False,False
-0.0876,-0.1293,-0.2165,-0.586,210,0.9769,0.5265,0.8784,-0.000358,0.8957,0.0493,0.2338,2.1312,-0.2471,226,-0.000358,0.042493,-0.1268,0.89924484,112,114,0.0029706382644700863,-0.003628821494167091,ADA,4h,stoch_cross,mean_reversion,1d,F,False,False
0.3767,0.433,-0.0698,-0.6891,118,1.1435,0.5208,1.052,0.00403,1.2445,0.0314,-1.8274,12.9139,-0.0979,144,0.00403,0.088762,0.5448,0.58670775,70,74,0.005434993140072154,0.0027012404874141296,ADA,4h,stoch_cross,mean_reversion,3d,D,False,False
0.7435,0.9401,0.4374,-0.6613,25,1.402,0.6076,0.9055,0.015825,1.1368,0.0172,-0.4836,2.3619,0.7016,79,0.015825,0.130779,1.0755,0.28547126,43,36,0.028854874196516722,0.0002605786571233855,ADA,4h,stoch_cross,mean_reversion,1w,C,False,False
-0.9887,-1.4501,-0.671,-0.8861,427,0.8383,0.4858,0.8872,-0.003052,0.9124,0.1001,-0.1241,0.8955,-0.8487,459,-0.003052,0.045728,-1.43,0.15339296,243,216,-0.004530439435910081,-0.0013893019715548276,AVAX,4h,vwap_mr,mean_reversion,1d,F,False,False
0.2893,0.4628,-0.1219,-0.7493,206,1.0768,0.5121,1.026,0.00237,0.9419,0.0451,-0.0622,0.2946,-0.1815,207,0.00237,0.081467,0.4185,0.6760352,109,98,0.0021298180365202104,0.0026362271559247676,AVAX,4h,vwap_mr,mean_reversion,3d,D,False,False
0.2226,0.4365,-0.1621,-0.8215,77,1.0881,0.4796,1.1807,0.003956,1.1319,0.0214,0.8145,1.9682,-0.2585,98,0.003956,0.121625,0.322,0.74814163,55,43,0.003644576142374155,0.004354675751631922,AVAX,4h,vwap_mr,mean_reversion,1w,D,False,False
-1.7497,-2.5401,-0.7927,-0.9701,373,0.7168,0.4702,0.8077,-0.006071,0.8255,0.0914,-0.0566,1.6719,-0.9534,419,-0.006071,0.049103,-2.5308,0.0117455,209,210,-0.004876340469119172,-0.0072600351448677625,AVAX,4h,stoch_rsi,mean_reversion,1d,F,False,False
0.0148,0.0252,-0.2967,-0.9293,186,1.0039,0.4802,1.0867,0.000127,0.956,0.0441,0.383,1.3996,-0.4908,202,0.000127,0.083811,0.0215,0.98289639,107,95,-0.0007151189690510036,0.0010745874705076865,AVAX,4h,stoch_rsi,mean_reversion,3d,D,False,False
-0.2778,-0.496,-0.457,-0.8111,89,0.9033,0.4792,0.9818,-0.004386,0.914,0.0209,0.2637,0.059,-0.6205,96,-0.004386,0.10696,-0.4018,0.68875875,51,45,-0.009565631025674997,0.0014844191031050415,AVAX,4h,stoch_rsi,mean_reversion,1w,F,False,False
-0.0262,-0.0427,-0.3965,-0.772,377,0.996,0.488,1.0452,-7.3e-05,1.0242,0.1359,0.2125,0.766,-0.5344,623,-7.3e-05,0.048138,-0.0379,0.96981766,257,366,-0.0005691997182685274,0.00027541979253972406,AVAX,4h,ema_ribbon,trend,1d,F,False,False
0.2725,0.4667,-0.1495,-0.6704,138,1.0682,0.5197,0.9874,0.002017,1.102,0.0499,0.1447,0.3973,-0.1983,229,0.002017,0.077435,0.3942,0.69378645,95,134,-0.00016769151265537627,0.003566253219387421,AVAX,4h,ema_ribbon,trend,3d,D,False,False
-0.359,-0.6344,-0.5613,-0.9302,95,0.882,0.4712,0.99,-0.006519,1.0103,0.0227,0.139,-0.2321,-0.7867,104,-0.006519,0.128023,-0.5193,0.60466794,47,57,-0.01350498149372688,-0.0007588195898480333,AVAX,4h,ema_ribbon,trend,1w,F,False,False
-1.1276,-1.3979,-0.4758,-0.5652,49,0.5208,0.4706,0.5859,-0.011478,0.5965,0.0111,-0.6806,2.2406,-0.4807,51,-0.011478,0.050259,-1.6309,0.10918888,23,28,-0.013876744036596412,-0.009507398399258793,AVAX,4h,bollinger_mr,mean_reversion,1d,F,False,False
-0.6353,-0.9326,-0.4322,-0.6775,37,0.7248,0.449,0.8896,-0.011064,0.7521,0.0107,-0.3657,-0.5355,-0.5156,49,-0.011064,0.084288,-0.9189,0.36276504,23,26,-0.0048166080402117445,-0.01659072402672253,AVAX,4h,bollinger_mr,mean_reversion,3d,F,False,False
-0.401,-0.7814,-0.3867,-0.7436,31,0.8106,0.4048,1.1921,-0.010271,0.816,0.0092,0.1925,-0.7483,-0.508,42,-0.010271,0.114777,-0.58,0.56512171,19,23,-0.04191317784271311,0.01586775691257282,AVAX,4h,bollinger_mr,mean_reversion,1w,F,False,False
-0.7495,-0.9363,-0.4829,-0.7045,119,0.7601,0.5203,0.7007,-0.00545,0.6804,0.0268,-0.5778,2.9811,-0.581,123,-0.00545,0.055752,-1.0841,0.2804439,64,59,-0.005996578756314343,-0.004856862689337934,AVAX,4h,rsi_extreme,mean_reversion,1d,F,False,False
0.3492,0.5054,0.1003,-0.4076,46,1.1459,0.5341,0.9996,0.004509,1.012,0.0192,-0.3926,-0.1272,0.0874,88,0.004509,0.083741,0.5051,0.61474997,46,42,0.0018694017101032925,0.007400240220327673,AVAX,4h,rsi_extreme,mean_reversion,3d,D,False,False
0.3113,0.5584,-0.0227,-0.5176,35,1.1527,0.5,1.1527,0.006882,1.0818,0.014,0.271,-0.0697,-0.0245,64,0.006882,0.122267,0.4503,0.65406084,32,32,-0.0036905286459555514,0.017453824264191387,AVAX,4h,rsi_extreme,mean_reversion,1w,D,False,False
-0.6248,-0.913,-0.6607,-0.8954,633,0.9094,0.4859,0.9622,-0.001739,0.9618,0.1391,-0.1554,1.2776,-0.8464,638,-0.001739,0.048606,-0.9037,0.36648428,314,324,-0.001755274377839207,-0.0017233802916231083,AVAX,4h,momentum,trend,1d,F,False,False
0.4704,0.7873,0.0673,-0.6267,192,1.1203,0.5063,1.0925,0.003476,1.2163,0.0521,0.075,0.6324,0.0903,239,0.003476,0.078979,0.6805,0.49687319,110,129,0.0007068976540995425,0.005837796258561339,AVAX,4h,momentum,trend,3d,D,False,False
-0.0264,-0.0434,-0.4532,-0.7974,87,0.9907,0.5,0.9907,-0.000474,1.1302,0.0231,-0.0993,0.1438,-0.6087,106,-0.000474,0.127622,-0.0383,0.96955585,44,62,-0.008055268021319069,0.004905882869896627,AVAX,4h,momentum,trend,1w,F,False,False
-0.6073,-0.8545,-0.5836,-0.7466,252,0.861,0.4941,0.8815,-0.003089,0.8471,0.0556,-0.155,1.7211,-0.698,255,-0.003089,0.056157,-0.8783,0.38058447,129,126,-0.004082157872136952,-0.0020719172541191744,AVAX,4h,range_breakout,trend,1d,F,False,False
-0.5876,-0.9408,-0.613,-0.8105,85,0.837,0.4636,0.9685,-0.005855,1.1065,0.0329,0.0184,0.5124,-0.7623,151,-0.005855,0.084642,-0.8499,0.39670985,75,76,-0.0044621603860019714,-0.007228543839371068,AVAX,4h,range_breakout,trend,3d,F,False,False
-0.741,-1.0296,-0.7083,-0.9003,86,0.7439,0.4598,0.874,-0.014879,0.8722,0.019,-0.5895,1.2225,-0.8804,87,-0.014879,0.129473,-1.0719,0.28677788,37,50,-0.014430415214604983,-0.015210256630328234,AVAX,4h,range_breakout,trend,1w,F,False,False
0.2733,0.3629,0.0029,-0.4614,164,1.0698,0.5251,0.9675,0.001173,1.1109,0.0565,-0.5689,2.6073,0.0028,259,0.001173,0.047751,0.3953,0.69294573,133,126,-0.006813682783710016,0.009603185905973052,AVAX,4h,macd_scalp,trend,1d,D,False,False
0.7161,1.2289,0.4944,-0.5868,59,1.2243,0.4938,1.2549,0.006004,1.2466,0.0353,-0.0102,0.0897,0.7039,162,0.006004,0.073778,1.0358,0.30183304,78,84,-0.0010118079787498047,0.012519139333768983,AVAX,4h,macd_scalp,trend,3d,C,False,False
0.2659,0.4447,-0.1963,-0.4934,32,1.1113,0.5,1.1113,0.005001,1.0676,0.0192,0.0946,0.3809,-0.192,88,0.005001,0.121971,0.3846,0.70144351,47,41,-0.012324761029160509,0.02486249726144212,AVAX,4h,macd_scalp,trend,1w,D,False,False
-0.8671,-1.317,-0.5065,-0.5868,83,0.6908,0.4713,0.775,-0.007072,0.8249,0.019,0.2751,2.8142,-0.5219,87,-0.007072,0.052597,-1.2541,0.21318645,40,47,-0.007400063349318459,-0.006793139873260732,AVAX,4h,keltner_mr,mean_reversion,1d,F,False,False
-0.2625,-0.4001,-0.3283,-0.643,68,0.8936,0.5072,0.8681,-0.003751,0.8599,0.015,-0.3114,-0.2974,-0.3911,69,-0.003751,0.082064,-0.3797,0.70537097,34,35,0.0006976149488566338,-0.008072395880195394,AVAX,4h,keltner_mr,mean_reversion,3d,F,False,False
-0.0477,-0.1045,-0.3727,-0.5029,51,0.9767,0.5,0.9767,-0.001168,0.8733,0.0113,0.5178,0.3335,-0.3522,52,-0.001168,0.122088,-0.069,0.94529186,26,26,-0.005634476029303239,0.00329943727727966,AVAX,4h,keltner_mr,mean_reversion,1w,F,False,False
0.9469,1.5213,0.6453,-0.2571,17,1.7532,0.5349,1.5245,0.008257,1.24,0.0094,-0.0319,0.4625,0.3788,43,0.008257,0.03953,1.3696,0.17807523,26,17,0.0037963006481847414,0.015078064136067285,AVAX,4h,dual_ema_adx,trend,1d,C,False,False
0.8897,1.7727,1.2046,-0.195,13,1.6732,0.6,1.1155,0.013076,1.2214,0.0087,0.1834,-0.4224,0.5549,40,0.013076,0.064267,1.2868,0.20573981,25,15,0.009895771030981578,0.018376954821590734,AVAX,4h,dual_ema_adx,trend,3d,C,False,False
0.2076,0.3006,-0.0331,-0.3333,11,1.1338,0.5676,0.8639,0.00536,0.9684,0.0081,-0.4422,0.2883,-0.023,37,0.00536,0.108558,0.3003,0.76566349,24,13,-0.00884105942325016,0.031576426140916415,AVAX,4h,dual_ema_adx,trend,1w,D,False,False
-0.1979,-0.2595,-0.3291,-0.5027,74,0.9302,0.5167,0.8702,-0.001492,0.9513,0.0262,-0.4347,1.3767,-0.315,120,-0.001492,0.057091,-0.2863,0.77517392,60,60,0.0038158947004325408,-0.006799726421478373,AVAX,4h,vol_spike_brk,trend,1d,F,False,False
-0.2627,-0.441,-0.387,-0.6669,86,0.9052,0.5054,0.8859,-0.003271,0.9609,0.0203,0.115,-0.2985,-0.4645,93,-0.003271,0.083009,-0.38,0.70483125,43,50,0.009472176951483037,-0.01422974849460337,AVAX,4h,vol_spike_brk,trend,3d,F,False,False
0.267,0.3826,-0.101,-0.7187,55,1.1343,0.5231,1.0342,0.006182,0.9491,0.0142,-0.2604,1.1001,-0.1458,65,0.006182,0.129033,0.3863,0.70058668,32,33,0.012944040596840206,-0.0003753114363931466,AVAX,4h,vol_spike_brk,trend,1w,D,False,False
-1.0454,-1.3899,-0.5718,-0.8723,232,0.7705,0.49,0.802,-0.004606,0.8441,0.0543,-0.4934,1.993,-0.7643,249,-0.004606,0.04807,-1.5121,0.13178412,121,128,-0.005615602374753093,-0.0036522821811086443,AVAX,4h,stoch_cross,mean_reversion,1d,F,False,False
0.2957,0.4825,-0.0767,-0.6846,120,1.0907,0.549,0.8959,0.002963,1.1208,0.0334,-0.1457,-0.1235,-0.1068,153,0.002963,0.0857,0.4277,0.66946906,76,77,0.0037288032914798096,0.002207815765972677,AVAX,4h,stoch_cross,mean_reversion,3d,D,False,False
0.2748,0.4489,-0.1561,-0.8499,80,1.1084,0.5854,0.7851,0.005953,0.7457,0.0179,-0.4767,-0.7787,-0.2576,82,0.005953,0.135631,0.3974,0.6920893,42,40,0.0037383118336492788,0.008278021818106163,AVAX,4h,stoch_cross,mean_reversion,1w,D,False,False
-0.7657,-0.8632,-0.6604,-0.8548,447,0.8587,0.5197,0.7938,-0.002515,0.9282,0.0999,-1.7507,11.3535,-0.8243,458,-0.002515,0.048602,-1.1075,0.26867623,246,212,-0.0032873629913366706,-0.001618926657349948,DOT,4h,vwap_mr,mean_reversion,1d,F,False,False
-0.7457,-0.9592,-0.6363,-0.9172,197,0.8121,0.5172,0.758,-0.005852,0.726,0.0443,-0.5889,3.0044,-0.8401,203,-0.005852,0.077295,-1.0786,0.2820381,109,94,-0.007813955329979043,-0.003576210736933075,DOT,4h,vwap_mr,mean_reversion,3d,F,False,False
1.6783,2.5917,3.5906,-0.5271,15,1.8862,0.5816,1.3567,0.031221,1.5149,0.0214,-0.2744,1.7636,8.2281,98,0.031221,0.127315,2.4276,0.01704266,48,50,0.026897557272563887,0.03537133493043951,DOT,4h,vwap_mr,mean_reversion,1w,C,True,False
-0.8763,-1.2602,-0.6414,-0.8763,385,0.8374,0.4757,0.9228,-0.003018,0.909,0.0899,0.3435,6.4003,-0.8223,412,-0.003018,0.048326,-1.2676,0.20567525,202,210,-0.004142941499512488,-0.0019356007640821185,DOT,4h,stoch_rsi,mean_reversion,1d,F,False,False
-0.2944,-0.4884,-0.5044,-0.8322,194,0.9136,0.4573,1.0843,-0.002492,0.9352,0.0434,1.7598,14.3818,-0.6799,199,-0.002492,0.082543,-0.4258,0.67069328,104,95,-0.0035022602924272947,-0.0013853465984537505,DOT,4h,stoch_rsi,mean_reversion,3d,F,False,False
0.4775,0.8408,0.1256,-0.5961,58,1.2042,0.5104,1.1551,0.008341,1.0824,0.0209,0.5257,1.7308,0.163,96,0.008341,0.118341,0.6906,0.4914898,50,46,0.004359226137119605,0.012669710898201163,DOT,4h,stoch_rsi,mean_reversion,1w,D,False,False
-0.2336,-0.3496,-0.4952,-0.802,367,0.962,0.4835,1.0276,-0.000614,1.0212,0.1389,0.4724,8.7475,-0.6531,637,-0.000614,0.045839,-0.3379,0.7355804,252,385,-0.001207323324058386,-0.00022501386736549763,DOT,4h,ema_ribbon,trend,1d,F,False,False
0.2421,0.4137,-0.2022,-0.6606,141,1.066,0.4957,1.0843,0.001836,1.2869,0.051,0.8414,4.7121,-0.2591,234,0.001836,0.080212,0.3502,0.72653742,95,139,0.0004074090881204707,0.002812516291710938,DOT,4h,ema_ribbon,trend,3d,D,False,False
-0.1432,-0.2574,-0.428,-0.8391,59,0.9487,0.4519,1.1506,-0.002347,1.3199,0.0227,0.383,0.648,-0.6058,104,-0.002347,0.115527,-0.2071,0.8363046,42,62,-0.009724532186004928,0.00265129927841774,DOT,4h,ema_ribbon,trend,1w,F,False,False
-0.9022,-1.0436,-0.5109,-0.408,28,0.5349,0.4595,0.6293,-0.011634,0.4709,0.0081,-0.7599,1.0518,-0.3868,37,-0.011634,0.054228,-1.305,0.20016724,20,17,-0.01935545836626328,-0.0025507192492213774,DOT,4h,bollinger_mr,mean_reversion,1d,F,False,False
-0.1984,-0.4298,-0.2965,-0.2408,27,0.8839,0.4444,1.1049,-0.002742,1.1316,0.0079,0.9003,1.0728,-0.1436,36,-0.002742,0.057308,-0.287,0.7757762,20,16,-0.00959698440787799,0.0058276349250639195,DOT,4h,bollinger_mr,mean_reversion,3d,F,False,False
-0.127,-0.1664,-0.2995,-0.3015,91,0.9531,0.4867,1.005,-0.000761,1.0839,0.0246,-0.7865,4.1993,-0.1796,113,-0.000761,0.044014,-0.1837,0.85458623,61,52,-0.0007628604357825913,-0.0007578905617810131,DOT,4h,rsi_extreme,mean_reversion,1d,F,False,False
0.1583,0.2278,-0.0804,-0.2879,33,1.0643,0.5529,0.8605,0.001643,0.9196,0.0185,-0.463,0.3677,-0.0478,85,0.001643,0.066185,0.2289,0.81950055,45,40,-0.000754788034372648,0.00434100263434076,DOT,4h,rsi_extreme,mean_reversion,3d,D,False,False
0.9623,2.1718,1.4584,-0.3446,11,1.5756,0.5246,1.4279,0.019887,1.1601,0.0133,0.646,0.8175,1.344,61,0.019887,0.111595,1.3919,0.1690992,30,31,-0.0008345605057494524,0.039940896639831386,DOT,4h,rsi_extreme,mean_reversion,1w,C,False,False
-0.7157,-1.111,-0.6674,-0.9098,626,0.8887,0.4737,0.9875,-0.001981,0.92,0.1368,0.7499,6.6347,-0.8585,627,-0.001981,0.047923,-1.0352,0.30097748,302,325,-0.003083641267538893,-0.0009568364232746531,DOT,4h,momentum,trend,1d,F,False,False
0.3949,0.6776,-0.0149,-0.9287,123,1.1082,0.5085,1.0712,0.002974,1.1029,0.0515,0.8879,5.868,-0.0287,236,0.002974,0.079985,0.5711,0.56844458,119,117,-0.0015405783612136698,0.007565221472635378,DOT,4h,momentum,trend,3d,D,False,False
0.1879,0.3127,-0.2655,-0.764,61,1.0705,0.4952,1.0911,0.003316,1.0902,0.0229,0.1576,1.035,-0.3777,105,0.003316,0.12505,0.2717,0.78636614,42,63,-0.000799070058653275,0.006059577700143833,DOT,4h,momentum,trend,1w,D,False,False
0.5721,1.1443,0.4211,-0.4463,120,1.1665,0.4718,1.3061,0.002873,1.1266,0.0541,1.5039,5.883,0.4337,248,0.002873,0.054671,0.8275,0.40872966,122,126,0.004431814529930881,0.00136351783293989,DOT,4h,range_breakout,trend,1d,C,False,False
-0.0267,-0.0441,-0.3925,-0.6218,118,0.9916,0.5066,0.9658,-0.000267,1.1383,0.0332,0.5783,3.9887,-0.443,152,-0.000267,0.085331,-0.0386,0.96925174,72,80,0.00011717991896107049,-0.0006132096474793264,DOT,4h,range_breakout,trend,3d,F,False,False
0.1146,0.1946,-0.2921,-0.643,43,1.0475,0.506,1.0225,0.002233,1.0356,0.0181,0.1906,0.3578,-0.3529,83,0.002233,0.122759,0.1657,0.86877269,40,43,-0.004389592310984458,0.008393953403380927,DOT,4h,range_breakout,trend,1w,D,False,False
0.3185,0.4661,0.0654,-0.4997,130,1.0822,0.5361,0.9363,0.001297,1.1073,0.0574,0.1378,5.3729,0.0696,263,0.001297,0.045667,0.4607,0.6453722,130,133,-8.260269402813923e-05,0.00264628490817744,DOT,4h,macd_scalp,trend,1d,D,False,False
0.4515,0.7595,0.1704,-0.5101,78,1.1465,0.4969,1.1607,0.003843,1.2768,0.0356,0.3364,0.8148,0.1905,163,0.003843,0.075136,0.653,0.51467081,76,87,-0.00134171454458483,0.008372359867195084,DOT,4h,macd_scalp,trend,3d,D,False,False
0.2491,0.393,-0.114,-0.7392,56,1.1038,0.4886,1.1551,0.004329,0.9786,0.0192,-0.0617,0.7861,-0.1682,88,0.004329,0.11271,0.3603,0.71950581,41,47,-0.00027208203510792204,0.00834234445018584,DOT,4h,macd_scalp,trend,1w,D,False,False
-0.2671,-0.36,-0.3134,-0.3313,44,0.8637,0.4386,1.1055,-0.002662,1.0676,0.0124,-0.3118,1.3951,-0.2049,57,-0.002662,0.052009,-0.3864,0.70069119,27,30,0.002287502369397528,-0.007115712953492326,DOT,4h,keltner_mr,mean_reversion,1d,F,False,False
1.2202,2.031,2.5444,-0.126,9,1.9173,0.64,1.0785,0.01301,1.2086,0.0109,0.2133,0.8037,0.7889,50,0.01301,0.052123,1.765,0.08379942,24,26,0.011803323729321524,0.014124025760257064,DOT,4h,keltner_mr,mean_reversion,3d,B,False,False
0.1225,0.2133,-0.0914,-0.4804,35,1.0734,0.4651,1.2344,0.00272,0.9643,0.0094,0.3209,0.6932,-0.0896,43,0.00272,0.100611,0.1773,0.8601578,20,23,-0.009006059347871315,0.012915949220243026,DOT,4h,keltner_mr,mean_reversion,1w,D,False,False
1.4584,3.9889,1.8779,-0.1729,11,2.4876,0.5909,1.7222,0.014408,1.763,0.0096,1.5669,5.111,0.8008,44,0.014408,0.045305,2.1095,0.04076115,29,15,0.01774220490340657,0.007961233497094012,DOT,4h,dual_ema_adx,trend,1d,B,True,False
0.1792,0.3036,0.0118,-0.3416,19,1.1077,0.5227,1.0114,0.002952,0.734,0.0096,0.326,0.8499,0.0085,44,0.002952,0.075554,0.2592,0.79674562,29,15,0.009160349189293315,-0.00905102713089918,DOT,4h,dual_ema_adx,trend,3d,D,False,False
0.0773,0.1011,-0.1784,-0.3376,21,1.0518,0.6316,0.6136,0.00186,0.9919,0.0083,-0.2427,0.4655,-0.1219,38,0.00186,0.102553,0.1118,0.9115947,26,12,0.005796359717050965,-0.006669541134704841,DOT,4h,dual_ema_adx,trend,1w,D,False,False
1.0337,1.8038,1.3791,-0.3486,39,1.5424,0.537,1.3296,0.009883,1.689,0.0236,0.9401,4.3203,1.2733,108,0.009883,0.06869,1.4952,0.13781024,52,56,0.014666199044474729,0.005441014938175394,DOT,4h,vol_spike_brk,trend,1d,C,False,False
-0.1739,-0.2821,-0.478,-0.5202,81,0.9269,0.5176,0.8637,-0.002596,0.9353,0.0185,0.6454,3.8629,-0.4502,85,-0.002596,0.095163,-0.2515,0.80205234,40,45,0.004545134583730367,-0.008943328154998143,DOT,4h,vol_spike_brk,trend,3d,F,False,False
0.0046,0.0067,-0.344,-0.6435,59,1.0023,0.5484,0.8254,0.000109,0.8549,0.0135,-0.0469,1.4611,-0.4075,62,0.000109,0.129037,0.0067,0.99470035,31,31,-0.008322794257039688,0.008541388818524254,DOT,4h,vol_spike_brk,trend,1w,D,False,False
-0.7109,-1.0469,-0.509,-0.7747,232,0.825,0.4721,0.9225,-0.003306,0.8277,0.0508,0.7256,7.0727,-0.6498,233,-0.003306,0.049076,-1.0283,0.30488686,111,122,0.0008361462763347885,-0.00707471158545639,DOT,4h,stoch_cross,mean_reversion,1d,F,False,False
-0.2875,-0.4478,-0.4619,-0.683,143,0.915,0.4452,1.1402,-0.002583,0.8007,0.0318,0.0146,1.4062,-0.5475,146,-0.002583,0.075048,-0.4159,0.67808585,71,75,-0.006095297418802004,0.0007414834853317798,DOT,4h,stoch_cross,mean_reversion,3d,F,False,False
-0.0097,-0.013,-0.388,-0.7549,53,0.9959,0.5366,0.8601,-0.000193,0.9286,0.0179,-0.69,2.3332,-0.5157,82,-0.000193,0.125121,-0.014,0.98887474,39,43,-0.004755775789200094,0.003944830940204111,DOT,4h,stoch_cross,mean_reversion,1w,F,False,False
-0.5347,-0.7188,-0.5237,-0.8404,406,0.9056,0.5034,0.8932,-0.001704,0.8009,0.0949,-0.5806,2.9421,-0.7028,435,-0.001704,0.045962,-0.7733,0.43974122,225,210,-0.001587696733964342,-0.0018290548147604669,LINK,4h,vwap_mr,mean_reversion,1d,F,False,False
0.7165,1.1095,0.4092,-0.7039,94,1.2253,0.4975,1.2378,0.006003,1.2989,0.043,0.1097,2.8672,0.6982,197,0.006003,0.081303,1.0363,0.30131781,107,90,0.00683879774027379,0.005009547224379185,LINK,4h,vwap_mr,mean_reversion,3d,C,False,False
-0.318,-0.4717,-0.5419,-0.8793,61,0.8848,0.449,1.0859,-0.005773,0.8203,0.0214,-0.1108,0.4818,-0.7418,98,-0.005773,0.124258,-0.46,0.64656833,54,44,-0.0015188408969889653,-0.010995102767176062,LINK,4h,vwap_mr,mean_reversion,1w,F,False,False
-0.8111,-1.0721,-0.5906,-0.8924,383,0.8513,0.4857,0.9014,-0.00264,0.8488,0.0916,-0.3941,2.2369,-0.7912,420,-0.00264,0.046123,-1.1731,0.24140839,217,203,-0.0009766689030728897,-0.004418547352448152,LINK,4h,stoch_rsi,mean_reversion,1d,F,False,False
0.2364,0.3348,-0.1599,-0.8139,119,1.0693,0.4975,1.0801,0.002005,0.9656,0.0434,-0.1242,1.6276,-0.2531,199,0.002005,0.082701,0.3419,0.73276818,106,93,0.005391773621986576,-0.0018561522854317772,LINK,4h,stoch_rsi,mean_reversion,3d,D,False,False
1.1521,2.2048,1.6694,-0.5377,40,1.5758,0.6224,0.9558,0.021592,1.4222,0.0214,0.5294,1.1114,2.82,98,0.021592,0.128267,1.6664,0.09885753,55,43,0.019947160839259057,0.023695033032505395,LINK,4h,stoch_rsi,mean_reversion,1w,C,False,False
-0.4502,-0.7168,-0.6288,-0.7959,370,0.9315,0.471,1.0464,-0.001234,0.9225,0.1352,0.3522,2.2803,-0.7659,620,-0.001234,0.047174,-0.6511,0.51521196,278,342,-0.001933220563135873,-0.0006648665296557856,LINK,4h,ema_ribbon,trend,1d,F,False,False
-0.5081,-0.7235,-0.6492,-0.8508,220,0.8806,0.4914,0.9115,-0.003889,0.7856,0.0506,-0.2677,1.0064,-0.8139,232,-0.003889,0.080606,-0.7349,0.46316515,103,129,-0.0036238371556678466,-0.004100655353245566,LINK,4h,ema_ribbon,trend,3d,F,False,False
0.2047,0.3191,-0.2354,-0.6802,103,1.0789,0.5577,0.8556,0.003397,0.9503,0.0227,-0.0229,0.3805,-0.3059,104,0.003397,0.116994,0.2961,0.76773029,47,57,0.0052397726082516645,0.0018778953715656056,LINK,4h,ema_ribbon,trend,1w,D,False,False
0.722,1.2151,0.6486,-0.2894,28,1.3233,0.5196,1.2234,0.004431,1.0808,0.0222,0.5007,2.4595,0.4332,102,0.004431,0.042852,1.0443,0.29882629,53,49,0.012832448373579247,-0.004656215294376177,LINK,4h,rsi_extreme,mean_reversion,1d,C,False,False
0.7439,1.2068,0.8025,-0.3521,15,1.3676,0.5595,1.0766,0.009289,1.1442,0.0183,0.1359,0.5717,0.6832,84,0.009289,0.079125,1.076,0.28504787,45,39,0.021089757835404194,-0.004326523159926489,LINK,4h,rsi_extreme,mean_reversion,3d,C,False,False
0.91,1.5305,1.3299,-0.3284,20,1.5942,0.5439,1.337,0.019356,1.4977,0.0124,0.2204,0.9772,1.1343,57,0.019356,0.111025,1.3162,0.19345725,31,26,0.03148162981273839,0.004898644802952832,LINK,4h,rsi_extreme,mean_reversion,1w,C,False,False
-1.4485,-2.2359,-0.821,-0.973,634,0.7982,0.4598,0.9377,-0.004071,0.9282,0.1385,0.2615,2.3627,-0.9651,635,-0.004071,0.04896,-2.0952,0.03654857,317,318,-0.0038469195210772554,-0.0042939374469702805,LINK,4h,momentum,trend,1d,F,False,False
0.0077,0.0137,-0.3675,-0.7732,111,1.0019,0.4557,1.1968,5.7e-05,1.1442,0.0517,0.6561,1.6211,-0.5031,237,5.7e-05,0.078578,0.0111,0.9911382,124,113,-0.0011252888085719435,0.0013538573260853987,LINK,4h,momentum,trend,3d,D,False,False
-0.6793,-1.0844,-0.693,-0.9481,96,0.7783,0.4857,0.8241,-0.012484,0.8412,0.0229,0.1916,1.0877,-0.8935,105,-0.012484,0.130193,-0.9826,0.32809576,53,52,-0.009256185421377775,-0.01577430924999009,LINK,4h,momentum,trend,1w,F,False,False
-0.2502,-0.4541,-0.4338,-0.5362,222,0.9398,0.4722,1.0504,-0.001088,1.0978,0.055,0.9503,4.1292,-0.4253,252,-0.001088,0.047708,-0.3619,0.71771486,131,121,-0.0014466234489995328,-0.0006990853373994716,LINK,4h,range_breakout,trend,1d,F,False,False
-0.8134,-1.3461,-0.6536,-0.8298,138,0.7815,0.4151,1.1012,-0.007243,1.1207,0.0347,0.362,1.0999,-0.8051,159,-0.007243,0.077622,-1.1765,0.24114737,79,80,-0.004461434617463151,-0.00998890058844113,LINK,4h,range_breakout,trend,3d,F,False,False
-1.1464,-1.5765,-0.7654,-0.9442,85,0.6096,0.4023,0.9057,-0.022133,1.0024,0.019,-0.1928,1.3373,-0.9317,87,-0.022133,0.124493,-1.6582,0.10091387,40,47,-0.02075179848570575,-0.023307620229318718,LINK,4h,range_breakout,trend,1w,F,False,False
-0.8605,-1.0827,-0.5604,-0.8443,263,0.8113,0.5204,0.7476,-0.003723,0.8297,0.0587,-0.843,3.9846,-0.7383,269,-0.003723,0.049066,-1.2446,0.21436656,138,131,-0.006044231380938057,-0.001278447758792535,LINK,4h,macd_scalp,trend,1d,F,False,False
-0.0233,-0.0324,-0.3351,-0.7602,106,0.993,0.506,0.9694,-0.000215,0.7895,0.0362,-0.3469,1.7553,-0.4595,166,-0.000215,0.082286,-0.0336,0.97319856,83,83,-0.0014769132690446896,0.0010471205082736158,LINK,4h,macd_scalp,trend,3d,F,False,False
-0.3227,-0.4635,-0.5436,-0.8602,55,0.8774,0.4773,0.961,-0.006347,0.7939,0.0192,-0.2497,0.8446,-0.7325,88,-0.006347,0.127574,-0.4667,0.64186432,45,43,-0.003653692182821601,-0.009165967334848169,LINK,4h,macd_scalp,trend,1w,F,False,False
-0.5722,-0.7647,-0.4499,-0.4581,65,0.7496,0.4776,0.8199,-0.005631,0.6757,0.0146,-0.06,1.8471,-0.383,67,-0.005631,0.055692,-0.8276,0.41087459,30,37,-0.008019542693644204,-0.003694262299096211,LINK,4h,keltner_mr,mean_reversion,1d,F,False,False
0.5358,0.9759,0.377,-0.3994,37,1.2925,0.5345,1.1257,0.008365,1.1047,0.0126,0.1303,-0.3603,0.3411,58,0.008365,0.082201,0.775,0.44152342,27,31,0.021959705696378142,-0.003474858493713253,LINK,4h,keltner_mr,mean_reversion,3d,C,False,False
0.3726,0.577,0.2222,-0.3075,24,1.2143,0.5208,1.1172,0.00738,0.8731,0.0105,-0.2585,-0.0852,0.1483,48,0.00738,0.094878,0.5389,0.59251095,22,26,0.012398403472786368,0.0031330782727941532,LINK,4h,keltner_mr,mean_reversion,1w,D,False,False
-0.1547,-0.2622,-0.1749,-0.3274,28,0.9196,0.4528,1.1111,-0.001364,1.5473,0.0116,0.3009,1.1082,-0.1161,53,-0.001364,0.044368,-0.2237,0.82384336,32,21,0.00023533343900108625,-0.0037998661928565916,LINK,4h,dual_ema_adx,trend,1d,F,False,False
-0.2464,-0.514,-0.3385,-0.3915,39,0.8797,0.4792,0.9562,-0.003691,1.1913,0.0105,0.489,-0.0124,-0.2573,48,-0.003691,0.071754,-0.3564,0.72315515,31,17,0.005274098281780195,-0.020038872660341277,LINK,4h,dual_ema_adx,trend,3d,F,False,False
-0.5913,-0.9287,-0.5256,-0.6561,39,0.7152,0.4878,0.751,-0.014991,0.6744,0.0089,-0.0537,-0.0993,-0.5872,41,-0.014991,0.112224,-0.8553,0.39746921,27,14,-0.007714634410938263,-0.02902314483494333,LINK,4h,dual_ema_adx,trend,1w,F,False,False
0.0935,0.1457,-0.1283,-0.4008,72,1.0357,0.5043,1.0182,0.000732,0.9031,0.0255,0.5515,3.6273,-0.1046,117,0.000732,0.058506,0.1353,0.89261468,55,62,0.0024363148741419678,-0.0007802909335504562,LINK,4h,vol_spike_brk,trend,1d,D,False,False
-0.7382,-1.0444,-0.6175,-0.7814,90,0.7472,0.4409,0.9477,-0.010267,0.7077,0.0203,-0.2826,1.0706,-0.748,93,-0.010267,0.092723,-1.0678,0.28841936,42,51,0.004628438415272823,-0.022533017565868636,LINK,4h,vol_spike_brk,trend,3d,F,False,False
0.3767,0.616,0.0594,-0.588,44,1.1988,0.5231,1.0931,0.00803,1.2164,0.0142,0.1955,0.3542,0.0744,65,0.00803,0.118819,0.5449,0.58772798,34,31,-0.0022478706573815462,0.0193030973989733,LINK,4h,vol_spike_brk,trend,1w,D,False,False
-0.226,-0.3096,-0.3111,-0.7519,235,0.943,0.4898,0.9823,-0.001035,0.8936,0.0534,-0.1768,2.5191,-0.4274,245,-0.001035,0.049544,-0.3269,0.74400231,124,121,0.00284947493496053,-0.005015378787640004,LINK,4h,stoch_cross,mean_reversion,1d,F,False,False
0.9297,1.4907,0.8517,-0.5579,115,1.3367,0.5133,1.2673,0.008201,1.2936,0.0327,0.053,0.5239,1.2555,150,0.008201,0.074692,1.3448,0.18072701,78,72,0.012226291256976524,0.003841267365947507,LINK,4h,stoch_cross,mean_reversion,3d,C,False,False
0.7244,1.1307,0.5961,-0.4964,25,1.3418,0.5976,0.9037,0.013832,0.9765,0.0179,-0.1973,-0.0199,0.72,82,0.013832,0.119537,1.0478,0.29784995,43,39,0.018185378754349,0.009031256345367038,LINK,4h,stoch_cross,mean_reversion,1w,C,False,False
-0.1898,-0.2739,-0.4899,-0.8754,405,0.9571,0.5463,0.7948,-0.000859,0.7096,0.0918,2.8548,37.1935,-0.6903,421,-0.000859,0.064198,-0.2746,0.78375964,236,185,0.001354929223990984,-0.003683644850836436,UNI,4h,vwap_mr,mean_reversion,1d,F,False,False
0.6033,1.0038,0.207,-0.7293,100,1.1907,0.5026,1.1783,0.006189,1.1302,0.0417,0.7831,5.0123,0.342,191,0.006189,0.098018,0.8726,0.3839568,105,86,0.008592085899447408,0.0032552088506447993,UNI,4h,vwap_mr,mean_reversion,3d,C,False,False
0.3844,0.6264,-0.1172,-0.7505,94,1.161,0.5258,1.0472,0.008023,0.9338,0.0212,0.3116,1.7356,-0.1753,97,0.008023,0.142129,0.556,0.57951963,54,43,0.016187303303908742,-0.002229141982327761,UNI,4h,vwap_mr,mean_reversion,1w,D,False,False
-0.539,-0.5624,-0.6529,-0.9024,398,0.8811,0.5111,0.8428,-0.002373,0.8996,0.0883,-2.5613,21.4855,-0.8445,405,-0.002373,0.061244,-0.7797,0.43605222,210,195,-0.003035287880155204,-0.0016591077657068577,UNI,4h,stoch_rsi,mean_reversion,1d,F,False,False
-0.5626,-0.6646,-0.6668,-0.9544,195,0.8481,0.4949,0.8655,-0.005555,0.8545,0.0427,-1.266,5.2555,-0.8795,196,-0.005555,0.095569,-0.8137,0.41679898,107,89,-0.0024026756054311912,-0.009344239404093626,UNI,4h,stoch_rsi,mean_reversion,3d,F,False,False
0.8747,1.4826,0.64,-0.7069,78,1.399,0.5612,1.0938,0.019466,1.1753,0.0214,0.2517,1.3368,1.1835,98,0.019466,0.152308,1.2652,0.20883061,47,51,0.026299613812774746,0.013167588488598728,UNI,4h,stoch_rsi,mean_reversion,1w,C,False,False
-0.3162,-0.503,-0.5873,-0.8981,546,0.9502,0.4867,1.0023,-0.000988,0.9905,0.1389,0.5235,3.3466,-0.7916,637,-0.000988,0.054543,-0.4574,0.64756561,278,359,-0.00035470137869962804,-0.0014791110287051636,UNI,4h,ema_ribbon,trend,1d,F,False,False
-0.6097,-0.9963,-0.7268,-0.9378,226,0.8559,0.4576,1.0144,-0.005493,1.3823,0.0515,0.3373,2.7922,-0.9087,236,-0.005493,0.095679,-0.8819,0.37873616,105,131,-0.004426481302773084,-0.006347089240614196,UNI,4h,ema_ribbon,trend,3d,F,False,False
0.1553,0.2845,-0.3282,-0.8824,100,1.058,0.4667,1.2091,0.003118,1.242,0.0229,0.4035,0.6386,-0.511,105,0.003118,0.14225,0.2246,0.82275108,47,58,0.011530087265112125,-0.0036994577504493,UNI,4h,ema_ribbon,trend,1w,D,False,False
1.4888,2.0584,1.5656,-0.1925,14,2.2278,0.6667,1.1139,0.012322,2.0159,0.0105,-0.6453,2.2547,0.7351,48,0.012322,0.039644,2.1535,0.03644177,18,30,0.004588030829478328,0.016963168711711295,UNI,4h,bollinger_mr,mean_reversion,1d,B,True,False
0.5755,0.5059,0.1894,-0.6007,14,1.4821,0.6087,0.9528,0.014308,1.7451,0.01,-2.9777,14.0521,0.2529,46,0.014308,0.116569,0.8325,0.40952751,18,28,0.018540401735060066,0.011587400371954172,UNI,4h,bollinger_mr,mean_reversion,3d,C,False,False
0.6482,0.9776,0.4299,-0.519,18,1.4731,0.6571,0.7686,0.024198,1.0112,0.0076,-0.586,0.094,0.5241,35,0.024198,0.152679,0.9376,0.35505394,13,22,0.03254061842845625,0.019267576855527744,UNI,4h,bollinger_mr,mean_reversion,1w,C,False,False
0.5894,0.573,0.335,-0.4667,19,1.327,0.5619,1.0346,0.005064,1.7842,0.0229,-2.9482,22.5196,0.3552,105,0.005064,0.060866,0.8525,0.39587626,55,50,0.005695779157498654,0.004369093896476633,UNI,4h,rsi_extreme,mean_reversion,1d,C,False,False
0.8644,1.3543,0.9164,-0.409,22,1.45,0.5949,0.9872,0.012108,1.2268,0.0172,0.0993,1.4079,0.9463,79,0.012108,0.086074,1.2503,0.21493029,41,38,0.019889534470152744,0.0037120258326353425,UNI,4h,rsi_extreme,mean_reversion,3d,C,False,False
0.3941,0.4872,-0.0817,-0.7882,48,1.23,0.5593,0.9691,0.011717,1.0009,0.0129,-0.7169,2.4032,-0.1299,59,0.011717,0.157883,0.57,0.57086154,31,28,0.025657994401470086,-0.0037183103004721258,UNI,4h,rsi_extreme,mean_reversion,1w,D,False,False
-0.3171,-0.3949,-0.6778,-0.975,648,0.9447,0.4855,1.0009,-0.001115,1.1131,0.1433,-1.4669,29.6261,-0.8959,657,-0.001115,0.062306,-0.4586,0.64666381,323,334,-0.00021916356068847452,-0.0019809342572857636,UNI,4h,momentum,trend,1d,F,False,False
-0.7425,-0.8007,-0.8168,-0.9796,236,0.8091,0.4958,0.8227,-0.007093,0.7648,0.0523,-2.0155,11.6916,-0.9656,240,-0.007093,0.102318,-1.0739,0.28394276,113,127,-0.0033577946858720487,-0.010416015081583633,UNI,4h,momentum,trend,3d,F,False,False
-0.9832,-1.5204,-0.8025,-0.9557,105,0.7042,0.434,0.9185,-0.018732,0.984,0.0231,-0.0558,0.3239,-0.9525,106,-0.018732,0.135617,-1.4221,0.15797128,51,55,-0.01414615745079508,-0.022984017350210485,UNI,4h,momentum,trend,1w,F,False,False
0.1608,0.257,-0.1276,-0.6254,72,1.0439,0.4421,1.3176,0.000864,1.3289,0.0508,0.1535,5.0542,-0.1597,233,0.000864,0.056676,0.2326,0.81627569,121,112,-0.004127859312528339,0.006256254988905744,UNI,4h,range_breakout,trend,1d,D,False,False
-0.5663,-0.7227,-0.6749,-0.8578,142,0.8233,0.5172,0.7684,-0.006808,0.8083,0.0316,-0.6947,6.8106,-0.8363,145,-0.006808,0.100072,-0.8192,0.41405194,79,66,-0.012206897845683027,-0.0003447683512807405,UNI,4h,range_breakout,trend,3d,F,False,False
0.0325,0.057,-0.2883,-0.8751,28,1.013,0.494,1.0377,0.000653,1.0176,0.0181,0.1492,-0.2519,-0.4556,83,0.000653,0.126612,0.047,0.96261755,51,32,-0.01285757463803016,0.0221864031559614,UNI,4h,range_breakout,trend,1w,D,False,False
0.2204,0.3138,-0.1141,-0.6383,201,1.0609,0.5057,1.037,0.001171,0.9457,0.0574,0.3019,6.2631,-0.1464,263,0.001171,0.059573,0.3188,0.75012692,134,129,-0.001661745809908547,0.004113765326065843,UNI,4h,macd_scalp,trend,1d,D,False,False
-0.0786,-0.1127,-0.3362,-0.8527,156,0.9768,0.5337,0.8533,-0.000747,0.7611,0.0356,-0.2139,0.9161,-0.5068,163,-0.000747,0.083819,-0.1138,0.90957095,74,89,-0.004701133495854042,0.0025410031376656796,UNI,4h,macd_scalp,trend,3d,F,False,False
0.3516,0.5254,-0.0982,-0.6936,75,1.1559,0.5176,1.0771,0.007208,1.0307,0.0185,-0.2758,1.559,-0.1372,85,0.007208,0.130665,0.5086,0.61237778,42,43,-0.0034522128718335334,0.017620156485667976,UNI,4h,macd_scalp,trend,1w,D,False,False
-0.0247,-0.0212,-0.2039,-0.4829,30,0.9853,0.5846,0.7001,-0.000312,0.8269,0.0142,-3.4817,18.3712,-0.195,65,-0.000312,0.070345,-0.0357,0.97159721,36,29,0.005631140926225908,-0.0076894248762137815,UNI,4h,keltner_mr,mean_reversion,1d,F,False,False
0.611,0.5989,0.2329,-0.6007,15,1.4438,0.5893,1.0063,0.014456,1.1167,0.0122,-1.9601,9.583,0.3152,56,0.014456,0.122408,0.8837,0.38068225,32,24,0.03315008263209192,-0.010470014878445724,UNI,4h,keltner_mr,mean_reversion,3d,C,False,False
0.6668,0.8605,0.4717,-0.5028,22,1.4746,0.6136,0.9284,0.020008,0.9567,0.0096,-0.5019,1.1359,0.561,44,0.020008,0.137596,0.9645,0.34017198,24,20,0.02187944862249805,0.017761420651979998,UNI,4h,keltner_mr,mean_reversion,1w,C,False,False
-0.0587,-0.0946,-0.2306,-0.2379,23,0.9615,0.3913,1.4957,-0.000769,0.6508,0.01,1.0504,5.0041,-0.1113,46,-0.000769,0.061462,-0.0849,0.93272984,30,16,-0.008246540032392218,0.013250733762169682,UNI,4h,dual_ema_adx,trend,1d,F,False,False
-0.1785,-0.2193,-0.8322,-0.2635,17,0.8736,0.4359,1.1306,-0.005017,1.2427,0.0085,-0.6241,5.8987,-0.4042,39,-0.005017,0.121339,-0.2582,0.79764603,25,14,0.007133331667120428,-0.026713386580668814,UNI,4h,dual_ema_adx,trend,3d,F,False,False
-0.1709,-0.1924,-0.5085,-0.5446,26,0.8824,0.5625,0.6863,-0.006908,0.7417,0.007,-0.866,1.3349,-0.4925,32,-0.006908,0.158042,-0.2473,0.80633996,19,13,-0.003541100569446857,-0.011828583809209463,UNI,4h,dual_ema_adx,trend,1w,F,False,False
0.1821,0.2589,-0.0739,-0.5576,85,1.0718,0.4522,1.2986,0.001713,1.0278,0.0251,-0.2713,3.4107,-0.0842,115,0.001713,0.069762,0.2634,0.79274057,69,46,-0.00504241478374215,0.011846897210878147,UNI,4h,vol_spike_brk,trend,1d,D,False,False
-0.4401,-0.5987,-0.631,-0.7786,89,0.8252,0.4783,0.9002,-0.007727,1.0626,0.0201,-0.399,5.7443,-0.7568,92,-0.007727,0.11644,-0.6365,0.52604175,54,38,-0.004173579106468235,-0.012776723101208518,UNI,4h,vol_spike_brk,trend,3d,F,False,False
0.7594,1.4764,0.8242,-0.4214,22,1.437,0.4844,1.5297,0.017494,1.6938,0.014,0.4366,-0.1926,0.8659,64,0.017494,0.127413,1.0984,0.2762009,39,25,0.006396702843444422,0.0348060920051875,UNI,4h,vol_spike_brk,trend,1w,C,False,False
0.4232,0.4456,0.1077,-0.5714,208,1.132,0.5622,0.8815,0.002341,0.8555,0.0473,-2.1573,14.5836,0.133,217,0.002341,0.056346,0.6121,0.5411214,117,100,0.0020394700290953137,0.002694309946500636,UNI,4h,stoch_cross,mean_reversion,1d,D,False,False
0.3331,0.4693,-0.0156,-0.5747,134,1.1192,0.5143,1.057,0.00341,1.0669,0.0305,-0.1053,1.8191,-0.0186,140,0.00341,0.08374,0.4818,0.63068372,76,64,0.004055053294502936,0.0026441905644637893,UNI,4h,stoch_cross,mean_reversion,3d,D,False,False
0.6352,1.0678,0.3191,-0.6962,49,1.3124,0.5432,1.1036,0.012518,1.0982,0.0177,0.3418,1.2919,0.5216,81,0.012518,0.122623,0.9188,0.36098787,44,37,0.012251160197257959,0.012834793232845178,UNI,4h,stoch_cross,mean_reversion,1w,C,False,False
-0.5211,-0.6774,-0.5335,-0.8096,434,0.9084,0.5119,0.8661,-0.001555,0.8159,0.1005,-0.7111,4.0678,-0.6937,461,-0.001555,0.044294,-0.7537,0.4514137,248,213,-0.0026123807476163357,-0.0003235546777848775,ATOM,4h,vwap_mr,mean_reversion,1d,F,False,False
-0.3167,-0.4597,-0.4483,-0.83,188,0.9186,0.4831,0.9829,-0.002222,0.9547,0.0451,-0.1638,1.2089,-0.6223,207,-0.002222,0.069789,-0.4581,0.64733961,107,100,-0.0064340874735938055,0.0022844369234676755,ATOM,4h,vwap_mr,mean_reversion,3d,F,False,False
0.9491,1.5413,0.9364,-0.5881,41,1.4488,0.5464,1.2028,0.01641,1.5285,0.0212,0.0675,1.2597,1.5039,97,0.01641,0.117721,1.3729,0.17299388,51,46,0.008104073528763496,0.025617715379712084,ATOM,4h,vwap_mr,mean_reversion,1w,C,False,False
-1.4196,-1.8569,-0.6847,-0.9319,381,0.753,0.4591,0.8873,-0.004338,0.814,0.0879,-0.6559,4.1957,-0.8807,403,-0.004338,0.042412,-2.0533,0.04069051,192,211,-0.007568922189862735,-0.0013980089906699081,ATOM,4h,stoch_rsi,mean_reversion,1d,F,False,False
-0.9904,-1.4917,-0.7051,-0.849,194,0.7687,0.4394,0.9808,-0.00712,0.9515,0.0432,-0.0638,0.777,-0.8519,198,-0.00712,0.069936,-1.4326,0.15355433,104,94,-0.009484536960468784,-0.004504435984606947,ATOM,4h,stoch_rsi,mean_reversion,3d,F,False,False
0.3929,0.6492,0.0417,-0.5471,38,1.1542,0.5625,0.8977,0.006147,0.9743,0.0209,-0.1505,-0.1901,0.0483,96,0.006147,0.10599,0.5683,0.571196,45,51,-0.006015144526769352,0.016878728439974875,ATOM,4h,stoch_rsi,mean_reversion,1w,D,False,False
-0.1389,-0.236,-0.3702,-0.8615,381,0.9783,0.473,1.0898,-0.000337,1.0356,0.1415,0.7248,3.7255,-0.5523,649,-0.000337,0.042782,-0.2008,0.84088001,237,412,-0.0010945963500145206,9.834293244976833e-05,ATOM,4h,ema_ribbon,trend,1d,F,False,False
-0.0921,-0.1432,-0.3595,-0.8634,141,0.9766,0.4768,1.0716,-0.00063,1.0112,0.0517,0.2619,2.6743,-0.5405,237,-0.00063,0.072835,-0.1332,0.89417483,89,148,-0.006316871629879087,0.0027897624823099215,ATOM,4h,ema_ribbon,trend,3d,F,False,False
0.0058,0.0096,-0.3236,-0.8005,50,1.0022,0.4952,1.0214,9e-05,1.1326,0.0229,0.3978,1.9266,-0.4659,105,9e-05,0.110741,0.0083,0.9933722,40,65,-0.002390066695286358,0.0016161776517933737,ATOM,4h,ema_ribbon,trend,1w,D,False,False
-0.6756,-0.7212,-0.3787,-0.6041,47,0.642,0.5,0.642,-0.009085,0.479,0.0105,-1.0941,3.1477,-0.4192,48,-0.009085,0.064408,-0.9772,0.33345574,27,21,-0.01347354612169512,-0.0034421296278008932,ATOM,4h,bollinger_mr,mean_reversion,1d,F,False,False
0.4673,0.7376,0.2756,-0.3982,19,1.2845,0.5,1.2845,0.007648,1.1076,0.01,-0.1556,-0.2505,0.2435,46,0.007648,0.076736,0.676,0.50252229,25,21,-0.002112060752929934,0.019266969373427464,ATOM,4h,bollinger_mr,mean_reversion,3d,D,False,False
0.2485,0.416,0.0659,-0.359,18,1.1562,0.5676,0.8809,0.005321,1.038,0.0081,-0.2008,-0.7111,0.0502,37,0.005321,0.090026,0.3595,0.72131815,20,17,-0.018744314666282087,0.03363256083907821,ATOM,4h,bollinger_mr,mean_reversion,1w,D,False,False
0.2881,0.4907,0.1416,-0.3018,68,1.1007,0.5042,1.0823,0.00146,1.208,0.026,0.047,0.1582,0.0915,119,0.00146,0.038222,0.4167,0.67768106,66,53,0.004333897064203628,-0.002118995233886388,ATOM,4h,rsi_extreme,mean_reversion,1d,D,False,False
0.7,1.1205,0.5787,-0.379,37,1.3272,0.5357,1.1503,0.006846,0.9849,0.0183,-0.0192,-0.0566,0.5142,84,0.006846,0.061965,1.0125,0.31422966,48,36,0.009914078955191754,0.0027543963669423915,ATOM,4h,rsi_extreme,mean_reversion,3d,C,False,False
0.73,1.2608,0.5196,-0.5447,14,1.4018,0.541,1.1894,0.013319,1.0033,0.0133,0.0864,-0.1411,0.6844,61,0.013319,0.098515,1.0559,0.29523579,33,28,0.016439169746281103,0.00964150580895537,ATOM,4h,rsi_extreme,mean_reversion,1w,C,False,False
0.0945,0.144,-0.2591,-0.7144,330,1.0152,0.5008,1.0119,0.000238,1.0027,0.1346,0.1995,2.8424,-0.3483,617,0.000238,0.043221,0.1367,0.89133345,312,305,-0.0017427638497792136,0.0022638518305939967,ATOM,4h,momentum,trend,1d,D,False,False
-0.175,-0.2706,-0.4903,-0.6803,225,0.9569,0.4894,0.9985,-0.001149,0.9548,0.0513,-0.0502,2.7804,-0.5721,235,-0.001149,0.069618,-0.2531,0.80042919,127,108,-0.006630359812067771,0.005295968847983003,ATOM,4h,momentum,trend,3d,F,False,False
0.4199,0.7918,0.0637,-0.5952,38,1.1588,0.5283,1.0347,0.006266,1.1467,0.0231,0.2929,0.7999,0.081,106,0.006266,0.106207,0.6074,0.54488469,58,48,-0.0017218881849467868,0.015917942071167788,ATOM,4h,momentum,trend,1w,D,False,False
0.6432,1.1715,0.5008,-0.4479,121,1.1819,0.5101,1.135,0.002786,1.1421,0.0539,1.0943,5.3386,0.5271,247,0.002786,0.047063,0.9304,0.35306893,123,124,-0.00042448093552687626,0.00597089837859266,ATOM,4h,range_breakout,trend,1d,C,False,False
0.6842,1.3488,0.4547,-0.5909,81,1.2405,0.5306,1.0974,0.006002,1.2044,0.0321,0.6368,0.9764,0.6453,147,0.006002,0.073532,0.9896,0.32399055,73,74,0.0015478441973794841,0.0103958695626815,ATOM,4h,range_breakout,trend,3d,C,False,False
0.3863,0.7326,0.041,-0.6627,49,1.1659,0.4828,1.2491,0.006711,1.1945,0.019,0.4698,1.0033,0.0577,87,0.006711,0.112008,0.5588,0.57773829,47,40,-0.0084196630387351,0.02448860946103617,ATOM,4h,range_breakout,trend,1w,D,False,False
-0.0451,-0.0605,-0.2493,-0.5013,84,0.9886,0.4882,1.0364,-0.000175,0.9253,0.0554,-0.4655,4.6757,-0.2437,254,-0.000175,0.04265,-0.0652,0.94803194,121,133,-0.0021332316963553525,0.0016073207590450176,ATOM,4h,macd_scalp,trend,1d,F,False,False
0.7743,1.3183,0.7842,-0.4325,58,1.2657,0.528,1.1317,0.006297,1.3192,0.0351,0.3316,0.9549,0.8423,161,0.006297,0.071341,1.12,0.26440111,72,89,0.001426903734119157,0.01023692757264652,ATOM,4h,macd_scalp,trend,3d,C,False,False
0.412,0.8045,0.0804,-0.5577,63,1.1783,0.4253,1.5923,0.007231,1.4559,0.019,0.4633,0.3936,0.0962,87,0.007231,0.113178,0.5959,0.55278093,37,50,-0.009110244020154739,0.019323694805322644,ATOM,4h,macd_scalp,trend,1w,D,False,False
-0.406,-0.4818,-0.3661,-0.4724,69,0.8121,0.5,0.8121,-0.003995,0.7792,0.0153,-0.746,3.1089,-0.3279,70,-0.003995,0.056916,-0.5873,0.55892755,39,31,-9.327575289288571e-05,-0.008904015108603277,ATOM,4h,keltner_mr,mean_reversion,1d,F,False,False
-0.0003,-0.0005,-0.1606,-0.3672,42,0.9998,0.4643,1.1537,-4e-06,0.9026,0.0122,0.0475,-0.2458,-0.1194,56,-4e-06,0.067798,-0.0004,0.99964348,33,23,0.006852830621685665,-0.009842223823086362,ATOM,4h,keltner_mr,mean_reversion,3d,F,False,False
-0.0965,-0.1256,-0.3256,-0.7372,38,0.9435,0.5435,0.7926,-0.002747,1.2801,0.01,-0.4737,2.7489,-0.4369,46,-0.002747,0.13349,-0.1396,0.88961005,27,19,0.015921267902685585,-0.02927638489791116,ATOM,4h,keltner_mr,mean_reversion,1w,F,False,False
0.0858,0.1758,-0.0022,-0.2102,26,1.0401,0.4737,1.1557,0.00057,1.1495,0.0124,0.2401,-0.6791,-0.001,57,0.00057,0.03465,0.1241,0.90166515,39,18,0.0010762673716016764,-0.0005280195822283303,ATOM,4h,dual_ema_adx,trend,1d,D,False,False
-0.3707,-0.597,-0.2827,-0.5194,27,0.8232,0.4375,1.0584,-0.004913,0.8982,0.0105,0.0443,-0.543,-0.2827,48,-0.004913,0.063474,-0.5362,0.59431773,34,14,-0.0035362362321014326,-0.008256389326774607,ATOM,4h,dual_ema_adx,trend,3d,F,False,False
-0.4233,-0.6161,-0.4281,-0.7321,39,0.7784,0.4762,0.8562,-0.011293,0.8202,0.0092,-0.1301,0.0753,-0.5447,42,-0.011293,0.119528,-0.6123,0.54371965,30,12,-0.014117064711922462,-0.004232951281977908,ATOM,4h,dual_ema_adx,trend,1w,F,False,False
-0.1963,-0.3233,-0.2998,-0.4385,66,0.9231,0.4082,1.3384,-0.00156,0.8195,0.0214,0.5689,2.0293,-0.2554,98,-0.00156,0.054374,-0.284,0.7770112,45,53,-0.008687590630998996,0.004491867675728901,ATOM,4h,vol_spike_brk,trend,1d,F,False,False
-0.414,-0.7709,-0.38,-0.6494,72,0.8473,0.4051,1.2445,-0.004891,1.0863,0.0172,0.336,-0.3959,-0.4473,79,-0.004891,0.072596,-0.5988,0.55102231,39,40,-0.01467937229053084,0.004652575314144533,ATOM,4h,vol_spike_brk,trend,3d,F,False,False
0.2783,0.4277,-0.0202,-0.551,29,1.1361,0.5645,0.8764,0.005468,0.9003,0.0135,-0.3809,0.1396,-0.0231,62,0.005468,0.106981,0.4025,0.68873586,28,34,-0.0018565358236126467,0.011500629418166224,ATOM,4h,vol_spike_brk,trend,1w,D,False,False
-1.1126,-1.3688,-0.5772,-0.8201,218,0.7378,0.4784,0.8043,-0.004733,0.7289,0.0506,-0.7103,3.8418,-0.7386,232,-0.004733,0.044801,-1.6092,0.10892973,112,120,-0.005465921313291834,-0.004049595622977438,ATOM,4h,stoch_cross,mean_reversion,1d,F,False,False
0.4208,0.7553,0.1504,-0.482,81,1.1495,0.5208,1.0576,0.004012,1.3506,0.0314,0.9802,4.9758,0.1577,144,0.004012,0.0791,0.6087,0.54370171,66,78,0.0033119249935647573,0.004604825739883685,ATOM,4h,stoch_cross,mean_reversion,3d,D,False,False
-0.0682,-0.0862,-0.4651,-0.6747,59,0.972,0.5,0.972,-0.001277,0.8638,0.0183,-1.1054,3.7114,-0.5452,84,-0.001277,0.118587,-0.0987,0.92162108,35,49,-0.010257238250841388,0.005137525826044293,ATOM,4h,stoch_cross,mean_reversion,1w,F,False,False
-1.0095,-1.3037,-0.8135,-0.8705,293,0.8241,0.4953,0.8398,-0.004077,0.7643,0.0958,-0.568,2.8506,-0.846,319,-0.004077,0.05853,-1.2442,0.21436019,150,169,-0.004009326322528759,-0.004137385357607341,FTM,4h,vwap_mr,mean_reversion,1d,F,False,False
0.1881,0.2929,-0.3715,-0.7112,128,1.0555,0.5214,0.9687,0.002037,1.0773,0.0421,0.2612,1.1859,-0.3726,140,0.002037,0.10396,0.2319,0.81696891,63,77,0.009474284258951287,-0.004047352510028684,FTM,4h,vwap_mr,mean_reversion,3d,D,False,False
0.1867,0.2641,-0.4137,-0.8922,60,1.0772,0.4714,1.2078,0.004371,1.4486,0.021,-0.5152,2.36,-0.5033,70,0.004371,0.158935,0.2301,0.81869577,35,35,0.02791101853498097,-0.019168933084709443,FTM,4h,vwap_mr,mean_reversion,1w,D,False,False
-1.7982,-2.5316,-0.8844,-0.9451,289,0.6997,0.4069,1.0199,-0.007649,0.7893,0.0871,-0.2187,3.4153,-0.9357,290,-0.007649,0.058776,-2.2162,0.02745324,147,143,-0.00388961869918756,-0.01151398682420818,FTM,4h,stoch_rsi,mean_reversion,1d,F,False,False
-0.6968,-0.858,-0.8265,-0.8832,129,0.8184,0.531,0.7227,-0.007584,0.554,0.0436,-0.5488,1.8502,-0.8631,145,-0.007584,0.106328,-0.8588,0.39185235,76,69,0.0008952409865076537,-0.01692271345696459,FTM,4h,stoch_rsi,mean_reversion,3d,F,False,False
0.0715,0.1037,-0.4974,-0.9253,57,1.0288,0.5139,0.9732,0.001713,1.0234,0.0216,-0.1174,1.9388,-0.6081,72,0.001713,0.165067,0.0881,0.93005934,35,37,0.03430952103186503,-0.02912058122645497,FTM,4h,stoch_rsi,mean_reversion,1w,D,False,False
0.5049,0.8014,0.0262,-0.5106,218,1.0813,0.5,1.0813,0.001606,1.2241,0.1418,0.2448,2.3353,0.0204,472,0.001606,0.056061,0.6223,0.53403911,231,241,0.004468967123961554,-0.0011385074458375854,FTM,4h,ema_ribbon,trend,1d,C,False,False
0.0604,0.0912,-0.608,-0.6718,85,1.0159,0.4767,1.115,0.000576,1.1757,0.0517,0.0622,1.5238,-0.5495,172,0.000576,0.101404,0.0745,0.94072991,80,92,0.014099959941923229,-0.011184459493871307,FTM,4h,ema_ribbon,trend,3d,D,False,False
-0.286,-0.4143,-0.7119,-0.9138,37,0.8984,0.4933,0.9227,-0.006627,0.8492,0.0225,-0.2865,1.1325,-0.7975,75,-0.006627,0.162839,-0.3524,0.72550335,38,37,0.02347542859405704,-0.0375432446833414,FTM,4h,ema_ribbon,trend,1w,F,False,False
-1.3518,-1.6152,-0.7221,-0.8189,61,0.5819,0.439,0.7435,-0.013538,0.7809,0.0246,-0.9719,4.0751,-0.7431,82,-0.013538,0.073579,-1.6661,0.09955653,38,44,-0.003680532762103079,-0.022050960636833025,FTM,4h,rsi_extreme,mean_reversion,1d,F,False,False
0.2619,0.3531,-0.0817,-0.581,35,1.1156,0.5424,0.9413,0.004365,0.9706,0.0177,-0.5839,1.1853,-0.0713,59,0.004365,0.103863,0.3228,0.74802303,27,32,0.011498645739803661,-0.0016548560480960893,FTM,4h,rsi_extreme,mean_reversion,3d,D,False,False
-0.5428,-0.6379,-0.7334,-0.8741,35,0.7485,0.4773,0.8197,-0.017215,0.9938,0.0132,-0.8775,1.9824,-0.7891,44,-0.017215,0.170694,-0.669,0.50708183,22,22,0.03227845567213148,-0.06670855752484955,FTM,4h,rsi_extreme,mean_reversion,1w,F,False,False
-0.4292,-0.6364,-0.6835,-0.9115,466,0.935,0.4735,1.0398,-0.001421,1.048,0.1415,-0.0317,3.1385,-0.7728,471,-0.001421,0.058325,-0.5289,0.59710276,222,249,0.004035362346181698,-0.006286638780425144,FTM,4h,momentum,trend,1d,F,False,False
-0.5661,-0.8709,-0.7964,-0.9141,102,0.869,0.4598,1.021,-0.005604,1.0859,0.0523,0.0498,0.7323,-0.8616,174,-0.005604,0.105943,-0.6978,0.4862587,87,87,0.00554707312162094,-0.01675535925668539,FTM,4h,momentum,trend,3d,F,False,False
-0.1429,-0.19,-0.6593,-0.952,29,0.9477,0.5526,0.7672,-0.003469,0.7947,0.0228,-0.4493,0.211,-0.7771,76,-0.003469,0.171681,-0.1761,0.86065916,35,41,0.022297879808016226,-0.025464625377449455,FTM,4h,momentum,trend,1w,F,False,False
0.2575,0.4247,-0.0357,-0.5851,145,1.0674,0.4821,1.1465,0.00138,1.2034,0.0505,0.2293,0.7706,-0.0316,168,0.00138,0.056355,0.3174,0.75133345,95,73,-0.0007909337684279056,0.004205253731383428,FTM,4h,range_breakout,trend,1d,D,False,False
-0.5145,-0.7952,-0.7038,-0.8359,90,0.8487,0.4057,1.2434,-0.006682,1.1042,0.0318,0.0655,0.6464,-0.7403,106,-0.006682,0.108489,-0.6342,0.52735125,58,48,-0.0010584131669352792,-0.013478109959657328,FTM,4h,range_breakout,trend,3d,F,False,False
-0.0302,-0.0374,-0.6693,-0.8101,41,0.9866,0.5614,0.7708,-0.000895,0.8156,0.0171,-0.7156,2.1593,-0.6948,57,-0.000895,0.181739,-0.0372,0.97046668,33,24,0.011946010918022588,-0.01855188440913734,FTM,4h,range_breakout,trend,1w,F,False,False
0.6531,0.8716,0.4274,-0.5377,108,1.1722,0.5602,0.9203,0.003652,1.1714,0.0574,-0.4578,2.1659,0.3692,191,0.003652,0.062703,0.8049,0.42187219,95,96,0.005675553553960089,0.001649385044988064,FTM,4h,macd_scalp,trend,1d,C,False,False
0.5346,0.6698,-0.003,-0.7806,78,1.2051,0.5128,1.1449,0.006763,1.6052,0.0351,-0.6938,5.2294,-0.0036,117,0.006763,0.111029,0.6588,0.51130287,51,66,0.017735500992403397,-0.0017161325470243718,FTM,4h,macd_scalp,trend,3d,C,False,False
0.9546,1.2041,0.7427,-0.6321,12,1.4922,0.5738,1.1085,0.024568,1.042,0.0183,-0.8493,1.632,0.7944,61,0.024568,0.163097,1.1765,0.24404013,23,38,0.062495385447323006,0.0016122981573049033,FTM,4h,macd_scalp,trend,1w,C,False,False
-0.4159,-0.4825,-0.5023,-0.4368,33,0.8087,0.4423,1.0196,-0.004777,0.9475,0.0156,-1.4842,7.1092,-0.3136,52,-0.004777,0.067208,-0.5126,0.61047623,26,26,0.007210478808802579,-0.016764568834063916,FTM,4h,keltner_mr,mean_reversion,1d,F,False,False
0.1293,0.2418,-0.2158,-0.3281,24,1.0627,0.4634,1.2304,0.002601,1.2664,0.0123,0.12,-0.8536,-0.1055,41,0.002601,0.104516,0.1594,0.87417962,20,21,0.015259416331997344,-0.009453985639929222,FTM,4h,keltner_mr,mean_reversion,3d,D,False,False
-0.1892,-0.2584,-0.5248,-0.6529,26,0.8891,0.4688,1.0077,-0.00649,1.3287,0.0096,-0.2857,1.5131,-0.4713,32,-0.00649,0.157418,-0.2332,0.81711602,14,18,-0.004465482767744127,-0.008065129386691646,FTM,4h,keltner_mr,mean_reversion,1w,F,False,False
-0.6421,-0.7903,-0.5065,-0.3102,28,0.6786,0.4839,0.7238,-0.007096,0.6206,0.0093,-0.639,-0.046,-0.2287,31,-0.007096,0.049926,-0.7914,0.43494044,14,17,0.0024450170094952556,-0.014953658427897172,FTM,4h,dual_ema_adx,trend,1d,F,False,False
-0.1762,-0.2213,-0.3363,-0.5309,65,0.9331,0.519,0.8648,-0.001592,0.9714,0.0237,-0.6627,2.3921,-0.2582,79,-0.001592,0.065132,-0.2172,0.82863182,42,37,-0.0016373154567944398,-0.0015395009769864796,FTM,4h,vol_spike_brk,trend,1d,F,False,False
-0.2504,-0.3661,-0.5195,-0.6023,51,0.906,0.4839,0.9664,-0.003946,0.9858,0.0186,-0.3845,-0.0993,-0.4345,62,-0.003946,0.100692,-0.3086,0.75869656,32,30,0.00467021237737664,-0.01313669832286733,FTM,4h,vol_spike_brk,trend,3d,F,False,False
-0.013,-0.0205,-0.5499,-0.636,15,0.9938,0.4667,1.1357,-0.000399,0.901,0.0135,0.1432,0.3531,-0.4799,45,-0.000399,0.167425,-0.016,0.98731985,24,21,0.018996094743984688,-0.022564651528566057,FTM,4h,vol_spike_brk,trend,1w,F,False,False
-0.5746,-0.77,-0.5721,-0.7569,145,0.849,0.46,0.9967,-0.003678,0.7355,0.0451,-0.1713,2.5548,-0.5777,150,-0.003678,0.063606,-0.7081,0.47995868,69,81,-0.0006703038515938375,-0.006239593771768031,FTM,4h,stoch_cross,mean_reversion,1d,F,False,False
0.229,0.3288,-0.214,-0.7837,66,1.0796,0.5361,0.9343,0.003085,1.0834,0.0291,-0.2371,1.3077,-0.2434,97,0.003085,0.10765,0.2823,0.77833435,42,55,0.004038306081928905,0.0023577524995584014,FTM,4h,stoch_cross,mean_reversion,3d,D,False,False
0.2357,0.3476,-0.3363,-0.8976,48,1.1152,0.5,1.1152,0.006793,1.3173,0.0168,-0.0679,2.052,-0.4206,56,0.006793,0.175018,0.2904,0.77256765,25,31,0.03484130578957769,-0.015826820954958097,FTM,4h,stoch_cross,mean_reversion,1w,D,False,False
-0.5644,-0.8092,-0.6309,-0.9034,436,0.8978,0.489,0.938,-0.002199,0.957,0.0995,0.2613,7.8965,-0.8289,456,-0.002199,0.057516,-0.8163,0.41473764,247,209,0.0017168716202805457,-0.006826274448556378,NEAR,4h,vwap_mr,mean_reversion,1d,F,False,False
-0.4549,-0.6863,-0.6475,-0.9093,189,0.8771,0.4848,0.932,-0.004542,0.9736,0.0432,0.2677,4.612,-0.8442,198,-0.004542,0.097119,-0.6581,0.51127208,109,89,0.002183750707688451,-0.01277876990268674,NEAR,4h,vwap_mr,mean_reversion,3d,F,False,False
-0.0135,-0.0217,-0.4841,-0.8589,97,0.9949,0.4898,1.0364,-0.000292,1.1112,0.0214,0.0252,0.3088,-0.6752,98,-0.000292,0.147645,-0.0196,0.98443922,56,42,0.007697727663325021,-0.010944127034284242,NEAR,4h,vwap_mr,mean_reversion,1w,F,False,False
-1.9061,-2.7886,-0.8353,-0.9775,405,0.6993,0.4576,0.8288,-0.007148,0.7917,0.0901,-0.0889,1.079,-0.9712,413,-0.007148,0.052686,-2.7571,0.00609143,204,209,-0.010248314548614216,-0.004121297566517861,NEAR,4h,stoch_rsi,mean_reversion,1d,F,False,False
-0.3357,-0.5769,-0.5684,-0.8974,194,0.9143,0.4356,1.1844,-0.00316,1.0185,0.0441,0.5438,2.3468,-0.7753,202,-0.00316,0.092492,-0.4855,0.62784392,98,104,-0.007281788329793214,0.0007248798916444932,NEAR,4h,stoch_rsi,mean_reversion,3d,F,False,False
0.5178,0.7268,-0.0159,-0.8867,93,1.2256,0.567,0.9359,0.011404,0.9516,0.0212,-0.2195,0.9565,-0.0292,97,0.011404,0.149975,0.7489,0.45573189,45,52,0.010276077743220808,0.012380809456714029,NEAR,4h,stoch_rsi,mean_reversion,1w,C,False,False
-0.0676,-0.1061,-0.4469,-0.8895,320,0.9894,0.4802,1.071,-0.000211,1.1779,0.1376,0.1436,2.8879,-0.6536,631,-0.000211,0.054136,-0.0978,0.92210686,268,363,0.00025299272572190006,-0.0005532331687319388,NEAR,4h,ema_ribbon,trend,1d,F,False,False
-0.6194,-0.9168,-0.7296,-0.9607,219,0.8569,0.4807,0.9257,-0.005758,0.9005,0.0508,-0.1888,2.628,-0.92,233,-0.005758,0.098107,-0.8959,0.3712227,103,130,-0.004775855946769228,-0.006536696241465275,NEAR,4h,ema_ribbon,trend,3d,F,False,False
-0.062,-0.1078,-0.4779,-0.9311,98,0.978,0.4712,1.0977,-0.001272,1.1359,0.0227,0.1756,0.1333,-0.7082,104,-0.001272,0.144726,-0.0897,0.92873307,48,56,0.0007654705419608184,-0.003019125016591543,NEAR,4h,ema_ribbon,trend,1w,F,False,False
-0.8366,-0.9604,-0.4552,-0.4409,30,0.5541,0.5,0.5541,-0.012728,0.4622,0.007,-0.9573,0.3851,-0.3742,32,-0.012728,0.059497,-1.2101,0.23537203,17,15,-0.01888946575721599,-0.005744553841033665,NEAR,4h,bollinger_mr,mean_reversion,1d,F,False,False
-0.3811,-0.4983,-0.3115,-0.4711,22,0.7749,0.5312,0.6838,-0.007403,0.6396,0.007,-0.5797,-0.0214,-0.2826,32,-0.007403,0.075974,-0.5512,0.58543509,17,15,0.009926121226271527,-0.027042860434197007,NEAR,4h,bollinger_mr,mean_reversion,3d,F,False,False
-0.6767,-0.8203,-0.4475,-0.6979,107,0.7701,0.4957,0.7836,-0.005145,0.7215,0.0251,-0.7646,2.9686,-0.5432,115,-0.005145,0.056371,-0.9788,0.32972932,59,56,-0.00813012433846146,-0.002000756123338009,NEAR,4h,rsi_extreme,mean_reversion,1d,F,False,False
-0.5198,-0.7802,-0.4712,-0.6464,81,0.8153,0.5119,0.7773,-0.006151,0.7368,0.0183,-0.3072,-0.5225,-0.5323,84,-0.006151,0.074984,-0.7518,0.45428145,45,39,-0.001449015408237295,-0.011576376496471133,NEAR,4h,rsi_extreme,mean_reversion,3d,F,False,False
0.0789,0.1325,-0.4311,-0.5665,46,1.0391,0.45,1.27,0.002295,1.0776,0.0131,0.2584,0.5374,-0.4434,60,0.002295,0.155782,0.1141,0.90952414,33,27,0.007044941180213267,-0.003509898555513704,NEAR,4h,rsi_extreme,mean_reversion,1w,D,False,False
-0.9661,-1.3542,-0.7981,-0.9771,674,0.8622,0.4726,0.9622,-0.003038,1.0227,0.1472,-0.3523,4.7263,-0.9578,675,-0.003038,0.056486,-1.3975,0.16273122,331,344,-0.0022872797390042247,-0.0037609137672708955,NEAR,4h,momentum,trend,1d,F,False,False
-0.2649,-0.3594,-0.603,-0.9453,232,0.9371,0.5103,0.8993,-0.002367,0.8742,0.053,-0.4961,1.3536,-0.8289,243,-0.002367,0.096284,-0.3832,0.70192582,124,119,-0.001494626076739061,-0.0032754558135896744,NEAR,4h,momentum,trend,3d,F,False,False
0.0038,0.0063,-0.4415,-0.9075,80,1.0014,0.5047,0.9828,7.5e-05,0.9606,0.0233,0.2607,0.9934,-0.6573,107,7.5e-05,0.141726,0.0054,0.99566534,51,56,0.004257607638626323,-0.0037349055655120206,NEAR,4h,momentum,trend,1w,D,False,False
-0.3061,-0.39,-0.5137,-0.797,249,0.9222,0.5179,0.8584,-0.001918,1.0654,0.0547,-0.4842,6.8093,-0.6678,251,-0.001918,0.068627,-0.4427,0.65834693,129,122,-0.0007782082874728511,-0.003122690643722722,NEAR,4h,range_breakout,trend,1d,F,False,False
-0.037,-0.0563,-0.4655,-0.7503,95,0.9879,0.4675,1.1251,-0.000444,0.9782,0.0336,0.2771,4.5243,-0.593,154,-0.000444,0.102967,-0.0536,0.95736082,76,78,0.003468756976230479,-0.004257117693209411,NEAR,4h,range_breakout,trend,3d,F,False,False
-0.2427,-0.2511,,-1.0494,83,0.8954,0.5349,0.7786,-0.006562,0.9437,0.0188,-2.3843,11.9767,-1.016,86,-0.006562,0.173351,-0.3511,0.72641186,42,44,-0.006046524834946112,-0.0070546828202123915,NEAR,4h,range_breakout,trend,1w,F,False,False
-0.4901,-0.6986,-0.4731,-0.8149,248,0.8905,0.4961,0.9045,-0.00242,0.9162,0.0563,-0.2494,0.8845,-0.6391,258,-0.00242,0.054824,-0.7089,0.47903315,129,129,-0.004866775530784961,2.7563222746975087e-05,NEAR,4h,macd_scalp,trend,1d,F,False,False
1.1846,2.0191,1.7202,-0.5502,76,1.4446,0.5455,1.2038,0.013264,1.1212,0.036,0.5492,2.6755,3.0283,165,0.013264,0.099434,1.7135,0.08851003,84,81,0.009218467057936533,0.01745965289108171,NEAR,4h,macd_scalp,trend,3d,C,False,False
0.552,1.1047,0.1083,-0.7757,75,1.2411,0.5341,1.0826,0.01287,0.9948,0.0192,0.5034,0.7992,0.1838,88,0.01287,0.151203,0.7985,0.42675822,47,41,0.012428253416880843,0.013377130019103841,NEAR,4h,macd_scalp,trend,1w,C,False,False
-1.0555,-1.4742,-0.4866,-0.6525,66,0.6227,0.4571,0.7394,-0.009869,0.7509,0.0153,-0.3783,0.2955,-0.5503,70,-0.009869,0.054087,-1.5267,0.13141785,39,31,-0.007493231919119425,-0.01285856693506806,NEAR,4h,keltner_mr,mean_reversion,1d,F,False,False
-0.55,-1.0058,-0.4728,-0.5766,54,0.7758,0.4821,0.8333,-0.00858,0.9286,0.0122,0.0249,-0.8149,-0.4862,56,-0.00858,0.080704,-0.7956,0.42969626,31,25,0.008481315664359541,-0.029735966134154926,NEAR,4h,keltner_mr,mean_reversion,3d,F,False,False
-0.2635,-0.4631,-0.6554,-0.5306,45,0.8605,0.4348,1.1187,-0.008406,1.0253,0.01,0.5777,1.5356,-0.591,46,-0.008406,0.149578,-0.3811,0.70489376,27,19,0.02189255753794104,-0.05146109758684533,NEAR,4h,keltner_mr,mean_reversion,1w,F,False,False
0.8977,2.3656,1.5769,-0.1739,10,1.9401,0.6429,1.0778,0.014404,0.8861,0.0092,2.4878,9.8763,0.6603,42,0.014404,0.071886,1.2985,0.2013615,23,19,0.017584661789789124,0.010552788035966201,NEAR,4h,dual_ema_adx,trend,1d,C,False,False
0.8963,3.2583,1.2189,-0.3218,14,1.887,0.5,1.887,0.023884,2.3396,0.0083,1.8568,4.3998,0.9985,38,0.023884,0.113561,1.2965,0.20283785,21,17,0.01742582192290899,0.03186125438348642,NEAR,4h,dual_ema_adx,trend,3d,C,False,False
0.3489,0.6279,0.0942,-0.5449,30,1.2423,0.5588,0.9807,0.011163,1.2521,0.0074,0.0228,-0.819,0.1105,34,0.011163,0.128978,0.5047,0.61713641,20,14,0.008176430720624222,0.015430268990301754,NEAR,4h,dual_ema_adx,trend,1w,D,False,False
-0.2512,-0.307,-0.4463,-0.5894,53,0.9018,0.5094,0.8684,-0.002748,1.2145,0.0231,-0.9222,6.0875,-0.472,106,-0.002748,0.07786,-0.3634,0.71704575,48,58,-0.004434711335895816,-0.0013522536404150338,NEAR,4h,vol_spike_brk,trend,1d,F,False,False
0.1941,0.3631,-0.109,-0.7062,37,1.0856,0.4824,1.1651,0.003157,0.9839,0.0185,0.734,1.7568,-0.1543,85,0.003157,0.103637,0.2808,0.77954098,41,44,0.004433114205861574,0.001967279727380715,NEAR,4h,vol_spike_brk,trend,3d,D,False,False
-0.7938,-0.7752,,-1.0242,60,0.6187,0.4677,0.704,-0.027702,0.5725,0.0135,-2.5186,10.7921,-1.0055,62,-0.027702,0.189984,-1.1481,0.2553999,30,32,-0.03976310250707934,-0.016394633208284735,NEAR,4h,vol_spike_brk,trend,1w,F,False,False
-1.3088,-1.6116,-0.6669,-0.905,236,0.7195,0.4696,0.8126,-0.006341,0.6804,0.0539,-1.1423,5.0814,-0.8556,247,-0.006341,0.052647,-1.893,0.05952802,130,117,-0.0073003002665080275,-0.0052757594786651835,NEAR,4h,stoch_cross,mean_reversion,1d,F,False,False
0.3788,0.6289,-0.0315,-0.8506,151,1.1236,0.5,1.1236,0.004322,0.9875,0.0332,0.1948,0.9728,-0.0552,152,0.004322,0.097259,0.5479,0.58460096,81,71,-0.0006919084262747141,0.010041874563794725,NEAR,4h,stoch_cross,mean_reversion,3d,D,False,False
0.1966,0.2995,-0.2615,-0.8966,79,1.0869,0.5,1.0869,0.004851,0.7996,0.0174,0.0195,0.5304,-0.4283,80,0.004851,0.152564,0.2844,0.77684738,43,37,0.013774013268001296,-0.005518843920718252,NEAR,4h,stoch_cross,mean_reversion,1w,D,False,False
-0.1937,-0.258,-0.4919,-0.803,368,0.9648,0.5075,0.9365,-0.000742,1.001,0.0972,-0.6234,2.6594,-0.6124,402,-0.000742,0.05594,-0.266,0.79038002,221,181,-0.005436514395741098,0.00498967685053148,OP,4h,vwap_mr,mean_reversion,1d,F,False,False
-0.3762,-0.5078,-0.5816,-0.8621,162,0.903,0.5114,0.8628,-0.003411,0.9472,0.0426,-0.574,1.2987,-0.731,176,-0.003411,0.087578,-0.5166,0.60606678,95,81,-0.01293690820116701,0.007762423648793056,OP,4h,vwap_mr,mean_reversion,3d,F,False,False
0.6203,1.0563,0.2984,-0.5524,27,1.2626,0.5114,1.2065,0.012156,1.2423,0.0213,0.0976,0.1154,0.3335,88,0.012156,0.13384,0.852,0.39656261,46,42,-0.015669593052865718,0.04263071321538699,OP,4h,vwap_mr,mean_reversion,1w,C,False,False
-0.6451,-1.0224,-0.6105,-0.8946,328,0.8859,0.4908,0.9191,-0.002451,0.9619,0.0922,0.2423,1.1265,-0.7747,381,-0.002451,0.053998,-0.886,0.37617283,186,195,-0.004831772511310128,-0.00018023427059570614,OP,4h,stoch_rsi,mean_reversion,1d,F,False,False
0.0271,0.0487,-0.4137,-0.728,165,1.007,0.4807,1.088,0.000248,1.1815,0.0438,0.2339,0.3477,-0.4914,181,0.000248,0.089552,0.0372,0.97034531,81,100,-0.0039853926184991355,0.0036766759400102267,OP,4h,stoch_rsi,mean_reversion,3d,D,False,False
0.6185,1.0094,0.2187,-0.7614,66,1.2601,0.5056,1.2321,0.011615,1.1842,0.0215,-0.0552,-0.0661,0.3372,89,0.011615,0.128984,0.8495,0.39788622,51,38,-0.00232033829793194,0.030318006455016058,OP,4h,stoch_rsi,mean_reversion,1w,C,False,False
-0.7676,-1.1945,-0.7406,-0.9487,481,0.8853,0.4729,0.9866,-0.002451,0.8117,0.1386,0.5198,3.1364,-0.8984,573,-0.002451,0.055656,-1.0542,0.29221772,203,370,-0.005513844321535331,-0.0007708451093006831,OP,4h,ema_ribbon,trend,1d,F,False,False
-0.9448,-1.4891,-0.7631,-0.9675,171,0.7896,0.4476,0.9744,-0.007976,0.9812,0.0508,0.1683,0.8106,-0.9202,210,-0.007976,0.089073,-1.2977,0.19583271,70,140,-0.01900301557965972,-0.0024628595859566465,OP,4h,ema_ribbon,trend,3d,F,False,False
-0.5904,-0.9931,-0.7043,-0.939,80,0.8117,0.4211,1.1161,-0.01154,0.9606,0.023,0.1529,-0.028,-0.8703,95,-0.01154,0.138718,-0.8108,0.41950083,31,64,-0.042482520177058516,0.0034476301780424264,OP,4h,ema_ribbon,trend,1w,F,False,False
0.0226,0.0371,-0.0797,-0.2769,25,1.0136,0.4857,1.0732,0.000291,1.2429,0.0085,0.0599,0.3949,-0.0412,35,0.000291,0.055394,0.0311,0.97541053,17,18,-0.008934139486098069,0.009003123970508108,OP,4h,bollinger_mr,mean_reversion,1d,D,False,False
0.6633,1.1216,0.8463,-0.2139,11,1.4604,0.5455,1.217,0.012698,1.0519,0.008,-0.3272,-0.517,0.3687,33,0.012698,0.080064,0.911,0.36908632,15,18,0.010954478478266028,0.01415012037312011,OP,4h,bollinger_mr,mean_reversion,3d,C,False,False
0.6311,1.0097,0.6112,-0.2972,20,1.2454,0.5446,1.0416,0.004437,1.2629,0.0244,-0.1304,0.2238,0.37,101,0.004437,0.051443,0.8668,0.38813196,58,43,0.0020425840274569205,0.007666407880754267,OP,4h,rsi_extreme,mean_reversion,1d,C,False,False
0.8833,1.7064,1.0796,-0.4033,19,1.4708,0.5714,1.1031,0.01293,1.0765,0.0186,1.3266,6.0611,0.9776,77,0.01293,0.093529,1.2131,0.22884319,44,33,0.008223523871052086,0.019205721150943746,OP,4h,rsi_extreme,mean_reversion,3d,C,False,False
0.0345,0.0612,-0.3081,-0.4921,29,1.0156,0.4902,1.0563,0.000776,0.791,0.0123,-0.1311,-1.0454,-0.2666,51,0.000776,0.116978,0.0474,0.96238677,27,24,-0.02795339695126106,0.03309731604734592,OP,4h,rsi_extreme,mean_reversion,1w,D,False,False
-0.3755,-0.5224,-0.6842,-0.8779,601,0.9425,0.5033,0.9301,-0.001204,0.9795,0.1456,-0.1492,4.1363,-0.823,602,-0.001204,0.057277,-0.5158,0.60619364,291,311,-0.003500762101754029,0.0009449181237376059,OP,4h,momentum,trend,1d,F,False,False
0.7209,1.4307,0.391,-0.724,137,1.1926,0.5,1.1926,0.005978,1.118,0.0527,0.7217,1.5272,0.6004,218,0.005978,0.089148,0.9901,0.32322468,119,99,-0.0033186868182964687,0.01715313397579587,OP,4h,momentum,trend,3d,C,False,False
-0.5595,-0.8796,-0.7342,-0.9133,83,0.8164,0.4227,1.1151,-0.011059,1.1428,0.0235,0.0688,0.3148,-0.8769,97,-0.011059,0.141739,-0.7684,0.44410861,46,51,-0.03137508892352602,0.007265312963723641,OP,4h,momentum,trend,1w,F,False,False
0.1793,0.2965,-0.1607,-0.5819,153,1.0462,0.482,1.1244,0.001012,1.1319,0.0537,0.5031,3.6772,-0.169,222,0.001012,0.06121,0.2462,0.80572993,103,119,-0.00324333919862847,0.00469437510612061,OP,4h,range_breakout,trend,1d,D,False,False
-0.206,-0.3238,-0.4918,-0.76,104,0.937,0.4493,1.1486,-0.002195,1.2137,0.0334,0.1001,1.7424,-0.5865,138,-0.002195,0.091106,-0.283,0.77760775,67,71,-0.013952320882874993,0.008900428697625605,OP,4h,range_breakout,trend,3d,F,False,False
-0.0137,-0.0243,-0.4321,-0.6473,33,0.9945,0.4935,1.0207,-0.000268,1.2426,0.0186,0.249,0.0215,-0.4614,77,-0.000268,0.125273,-0.0187,0.98509042,41,36,-0.031367033782833204,0.035151061081702996,OP,4h,range_breakout,trend,1w,F,False,False
-0.4053,-0.565,-0.4745,-0.7131,235,0.9041,0.4603,1.0602,-0.001868,1.1386,0.0578,-0.5472,5.757,-0.5412,239,-0.001868,0.051882,-0.5566,0.57830666,117,122,-0.0036708026996298054,-0.00013910783653743483,OP,4h,macd_scalp,trend,1d,F,False,False
-0.0338,-0.0535,-0.4436,-0.6743,108,0.9904,0.4733,1.102,-0.000341,1.3092,0.0363,-0.1921,0.6028,-0.4885,150,-0.000341,0.089891,-0.0464,0.96305801,70,80,-0.011696869221359438,0.009596292089942914,OP,4h,macd_scalp,trend,3d,F,False,False
0.9277,1.8027,0.9146,-0.6076,20,1.4375,0.5,1.4375,0.018969,1.3114,0.0194,0.3434,-0.1744,1.3017,80,0.018969,0.133161,1.2741,0.20634896,44,36,-0.006198055524975823,0.04972922344133895,OP,4h,macd_scalp,trend,1w,C,False,False
-0.637,-1.1158,-0.4157,-0.4626,55,0.7665,0.3788,1.2571,-0.005017,0.9473,0.016,0.2455,0.1352,-0.3316,66,-0.005017,0.04659,-0.8749,0.38486808,37,29,-0.009300188541728052,0.0004472404473525019,OP,4h,keltner_mr,mean_reversion,1d,F,False,False
0.3891,0.7095,0.2422,-0.3298,18,1.2025,0.5283,1.0737,0.006117,1.1373,0.0128,0.207,0.2584,0.156,53,0.006117,0.083327,0.5344,0.59533601,29,24,0.0037338164642052615,0.008996214524163345,OP,4h,keltner_mr,mean_reversion,3d,D,False,False
0.4452,1.0941,0.219,-0.4498,22,1.2675,0.5,1.2675,0.01317,1.2869,0.0102,0.8114,1.0723,0.1939,42,0.01317,0.139571,0.6115,0.54423405,21,21,0.008238594266203056,0.018101017566723304,OP,4h,keltner_mr,mean_reversion,1w,D,False,False
0.6258,1.0696,0.5066,-0.238,11,1.4718,0.5714,1.1039,0.007409,1.3122,0.0085,0.0676,-0.0376,0.2395,35,0.007409,0.050997,0.8595,0.39607192,25,10,0.007221174266044996,0.007878993516407362,OP,4h,dual_ema_adx,trend,1d,C,False,False
0.4953,1.0401,0.4721,-0.2628,17,1.3581,0.5,1.3581,0.009786,1.1594,0.0082,0.8282,2.1096,0.2469,34,0.009786,0.083885,0.6802,0.50110682,25,9,0.0032810035752827062,0.02785471559785603,OP,4h,dual_ema_adx,trend,3d,D,False,False
0.1179,0.1878,-0.0651,-0.5764,29,1.072,0.5625,0.8338,0.002918,0.7712,0.0077,-0.3103,-0.6747,-0.0696,32,0.002918,0.101923,0.1619,0.87241508,24,8,-0.015250517893377266,0.05742157257249243,OP,4h,dual_ema_adx,trend,1w,D,False,False
-0.4682,-0.7547,-0.4847,-0.5242,99,0.8441,0.47,0.9519,-0.003792,0.8819,0.0242,0.2344,1.021,-0.4247,100,-0.003792,0.058962,-0.6431,0.52164998,35,65,-0.011976322834049806,0.0006152338028398882,OP,4h,vol_spike_brk,trend,1d,F,False,False
-0.7821,-1.3238,-0.5936,-0.7659,81,0.734,0.4268,0.9856,-0.010205,0.9937,0.0198,0.407,0.4855,-0.6813,82,-0.010205,0.086033,-1.0741,0.28596024,30,52,-0.02935572530352358,0.0008436464429799489,OP,4h,vol_spike_brk,trend,3d,F,False,False
-0.1656,-0.3312,-0.3677,-0.852,49,0.929,0.4828,0.9953,-0.003898,1.0937,0.014,0.42,-0.1444,-0.5078,58,-0.003898,0.130544,-0.2274,0.82093961,26,32,-0.053709246005475934,0.0365742949288385,OP,4h,vol_spike_brk,trend,1w,F,False,False
0.0436,0.0587,-0.1833,-0.7154,184,1.0116,0.5268,0.9086,0.000229,0.9985,0.0496,-0.3694,2.1246,-0.2329,205,0.000229,0.054735,0.0598,0.95235976,106,99,-0.0038380324821829263,0.004582920606630399,OP,4h,stoch_cross,mean_reversion,1d,D,False,False
1.1347,2.0113,1.5004,-0.466,46,1.4185,0.5391,1.2129,0.01094,1.1716,0.031,0.1386,0.0556,1.7184,128,0.01094,0.07942,1.5585,0.12160882,60,68,-0.0019370953897350292,0.022302442602321903,OP,4h,stoch_cross,mean_reversion,3d,C,False,False
0.4824,0.8922,0.0771,-0.6322,60,1.2113,0.4933,1.2441,0.01064,1.1845,0.0181,0.2548,0.0769,0.0939,75,0.01064,0.139074,0.6626,0.50967322,36,39,-0.011036756239106743,0.030649105351711496,OP,4h,stoch_cross,mean_reversion,1w,D,False,False
-0.6509,-0.933,-0.7378,-0.7788,319,0.8902,0.5093,0.8576,-0.002415,0.9251,0.099,-0.2861,1.0557,-0.7187,322,-0.002415,0.05465,-0.7929,0.4284125,174,148,-0.005683233145560922,0.0014276958093811791,ARB,4h,vwap_mr,mean_reversion,1d,F,False,False
0.3943,0.7824,-0.0445,-0.5918,99,1.1087,0.5175,1.0338,0.003601,1.1525,0.044,0.6478,1.488,-0.0389,143,0.003601,0.089658,0.4803,0.63174709,74,69,-0.0037161675523632617,0.011448725809069813,ARB,4h,vwap_mr,mean_reversion,3d,D,False,False
0.7106,1.745,0.5903,-0.4762,12,1.3048,0.5429,1.0988,0.014966,1.3807,0.0215,0.7679,0.8509,0.4442,70,0.014966,0.144644,0.8657,0.3896646,37,33,0.006361582996582762,0.024613607446617978,ARB,4h,vwap_mr,mean_reversion,1w,C,False,False
-1.8211,-2.1165,-0.8773,-0.9258,286,0.6863,0.4812,0.7399,-0.006928,0.6436,0.0901,-1.1107,4.3362,-0.9164,293,-0.006928,0.053456,-2.2184,0.02729801,147,146,-0.010420365065269145,-0.0034113845499923285,ARB,4h,stoch_rsi,mean_reversion,1d,F,False,False
0.3772,0.6007,-0.0936,-0.5555,89,1.1032,0.5532,0.8911,0.00346,1.1359,0.0434,-0.0979,0.1478,-0.0761,141,0.00346,0.089412,0.4595,0.6465773,79,62,0.000803382088620571,0.0068452137551212365,ARB,4h,stoch_rsi,mean_reversion,3d,D,False,False
1.2292,2.446,2.1343,-0.5205,19,1.5725,0.5571,1.25,0.026326,1.4944,0.0215,0.2941,0.1106,2.0301,70,0.026326,0.147098,1.4974,0.13885523,35,35,0.017772966299357713,0.034879611488176976,ARB,4h,stoch_rsi,mean_reversion,1w,C,False,False
0.2991,0.5241,-0.2295,-0.652,326,1.0477,0.4703,1.1799,0.000933,1.1903,0.1399,0.6689,2.7231,-0.2138,455,0.000933,0.054622,0.3643,0.71577008,172,283,-0.0011850246004257198,0.0022202434647999904,ARB,4h,ema_ribbon,trend,1d,D,False,False
-0.4296,-0.6218,-0.7253,-0.8774,140,0.8984,0.515,0.8462,-0.003957,0.9003,0.0514,-0.3037,2.1618,-0.7772,167,-0.003957,0.097711,-0.5234,0.60141604,66,101,-0.013140732731290307,0.002043821539636781,ARB,4h,ema_ribbon,trend,3d,F,False,False
0.1046,0.1568,-0.4158,-0.8826,49,1.0379,0.52,0.9581,0.00213,1.126,0.0231,-0.4123,0.5159,-0.4927,75,0.00213,0.144699,0.1275,0.89891105,30,45,-0.014753894410687822,0.013385736254429998,ARB,4h,ema_ribbon,trend,1w,D,False,False
-0.9044,-0.9521,-0.6835,-0.5155,82,0.6871,0.4578,0.8137,-0.00629,0.5732,0.0255,-1.7749,6.5506,-0.4752,83,-0.00629,0.052014,-1.1017,0.27383545,47,36,-0.01322002728203203,0.0027583570617330643,ARB,4h,rsi_extreme,mean_reversion,1d,F,False,False
0.869,1.6309,1.056,-0.366,21,1.4091,0.5667,1.0776,0.011633,1.1497,0.0185,0.1507,-0.2843,0.624,60,0.011633,0.085119,1.0586,0.29409177,33,27,0.006060742491238255,0.018443306600628828,ARB,4h,rsi_extreme,mean_reversion,3d,C,False,False
1.0448,2.1251,1.2827,-0.5782,16,1.6113,0.6222,0.9783,0.031917,1.2874,0.0138,0.2621,0.1355,1.2781,45,0.031917,0.168222,1.2728,0.20978146,23,22,0.027436442387414054,0.03660222628612976,ARB,4h,rsi_extreme,mean_reversion,1w,C,False,False
0.3442,0.5684,-0.1802,-0.8073,349,1.0546,0.4947,1.077,0.00109,1.2518,0.1461,0.5194,2.662,-0.208,475,0.00109,0.056649,0.4193,0.67521288,236,239,-0.001530882546379417,0.0036775177199385315,ARB,4h,momentum,trend,1d,D,False,False
-0.3006,-0.3981,-0.6781,-0.7997,152,0.9288,0.5058,0.9074,-0.002483,0.9406,0.0529,-0.7775,2.783,-0.6864,172,-0.002483,0.088923,-0.3662,0.71468731,84,88,-0.008053140404287602,0.002834355288182915,ARB,4h,momentum,trend,3d,F,False,False
-1.264,-2.078,-0.8928,-0.9506,74,0.6343,0.36,1.1276,-0.025739,0.9674,0.0231,0.16,1.0456,-0.9393,75,-0.025739,0.14477,-1.5397,0.12789014,39,36,-0.03456726423546609,-0.01617535034859404,ARB,4h,momentum,trend,1w,F,False,False
-0.001,-0.0016,-0.3323,-0.5647,153,0.9997,0.4655,1.1479,-6e-06,1.0257,0.0535,0.0053,1.2199,-0.2654,174,-6e-06,0.0594,-0.0012,0.99901087,86,88,-0.0020304039704544955,0.0019732044718673517,ARB,4h,range_breakout,trend,1d,F,False,False
-0.0989,-0.1547,-0.5054,-0.6991,96,0.9687,0.5091,0.9341,-0.001123,1.0448,0.0338,0.5046,4.93,-0.4763,110,-0.001123,0.097789,-0.1205,0.90431141,52,58,-0.002651507927210319,0.00024644606723957577,ARB,4h,range_breakout,trend,3d,F,False,False
-0.1915,-0.3289,-0.6373,-0.6945,60,0.9287,0.4426,1.1695,-0.004173,1.4456,0.0188,-0.0209,0.1675,-0.58,61,-0.004173,0.13968,-0.2333,0.81630182,27,34,-0.013279963965715139,0.003059260564182297,ARB,4h,range_breakout,trend,1w,F,False,False
0.271,0.3682,-0.0688,-0.5585,91,1.0705,0.5108,1.0254,0.001408,1.3303,0.0572,-0.3536,3.1888,-0.0565,186,0.001408,0.05815,0.3301,0.74166766,84,102,-0.0009962601669139418,0.003387306155818063,ARB,4h,macd_scalp,trend,1d,D,False,False
0.6323,1.0246,0.3148,-0.6467,60,1.1994,0.4872,1.2626,0.006456,0.9481,0.036,-0.0567,-0.0824,0.3165,117,0.006456,0.090659,0.7703,0.44270195,47,70,0.00213110057143815,0.009359853085105098,ARB,4h,macd_scalp,trend,3d,C,False,False
0.899,1.7792,1.1334,-0.4591,16,1.4258,0.4754,1.5733,0.019003,1.1504,0.0188,0.3446,-0.2344,0.862,61,0.019003,0.135534,1.0951,0.27785992,31,30,-0.0031216101946423026,0.0418656239924323,ARB,4h,macd_scalp,trend,1w,C,False,False
-0.8833,-1.0151,-0.6898,-0.3957,45,0.635,0.4375,0.8165,-0.008311,0.8368,0.0148,-1.2838,4.3474,-0.3769,48,-0.008311,0.053511,-1.076,0.28740219,27,21,-0.01772120845404836,0.0037880741030203737,ARB,4h,keltner_mr,mean_reversion,1d,F,False,False
0.0539,0.0722,-0.1524,-0.4903,36,1.0269,0.525,0.9291,0.000887,0.833,0.0123,-0.793,1.0917,-0.1089,40,0.000887,0.085388,0.0657,0.9479635,24,16,0.0029211437432481633,-0.0021646552638556055,ARB,4h,keltner_mr,mean_reversion,3d,D,False,False
-0.1368,-0.234,-0.2114,-0.2706,14,0.9239,0.4839,0.9855,-0.001542,1.0088,0.0095,0.4143,0.5957,-0.0837,31,-0.001542,0.051539,-0.1666,0.86879628,17,14,0.002925878708418069,-0.006967789583818972,ARB,4h,dual_ema_adx,trend,1d,F,False,False
-0.2386,-0.3321,-0.4576,-0.431,73,0.9147,0.4938,0.9376,-0.002032,0.929,0.0249,-0.1131,1.4506,-0.2782,81,-0.002032,0.06294,-0.2906,0.77211393,35,46,-0.006731261873769001,0.001543154285389138,ARB,4h,vol_spike_brk,trend,1d,F,False,False
-0.4787,-0.8297,-0.6269,-0.5851,64,0.8319,0.4328,1.09,-0.006269,0.9225,0.0206,0.3784,1.0334,-0.4924,67,-0.006269,0.087994,-0.5831,0.5618021,30,37,-0.01624025324394798,0.001816485270103897,ARB,4h,vol_spike_brk,trend,3d,F,False,False
0.3838,0.7805,0.0203,-0.4809,13,1.184,0.4694,1.3385,0.009051,1.3685,0.0151,0.4375,0.0536,0.0145,49,0.009051,0.135509,0.4675,0.64223711,22,27,-0.0025787955775980072,0.018526412095696432,ARB,4h,vol_spike_brk,trend,1w,D,False,False
-0.0991,-0.1109,-0.3787,-0.5609,166,0.973,0.5389,0.8325,-0.000515,0.7783,0.0514,-1.2846,5.7288,-0.2984,167,-0.000515,0.055117,-0.1207,0.904065,93,74,-0.0026777770920880504,0.0022034230226868315,ARB,4h,stoch_cross,mean_reversion,1d,F,False,False
0.5748,0.8046,0.2994,-0.5152,69,1.1907,0.5865,0.8393,0.006026,0.9132,0.032,-0.598,0.7601,0.2372,104,0.006026,0.087764,0.7002,0.48537434,56,48,-0.0016915493041482646,0.015029821205423101,ARB,4h,stoch_cross,mean_reversion,3d,C,False,False
0.301,0.544,-0.1982,-0.6448,25,1.1255,0.5517,0.9145,0.007015,0.8489,0.0178,0.1389,0.3898,-0.1837,58,0.007015,0.145692,0.3667,0.7151916,31,27,-0.00821170431685154,0.02449817636884886,ARB,4h,stoch_cross,mean_reversion,1w,D,False,False
0.9137,1.183,0.8161,-0.6141,203,1.2016,0.543,1.0115,0.004169,0.9445,0.0931,-0.3337,5.252,0.7849,291,0.004169,0.065177,1.091,0.27616534,157,134,0.008190107015068053,-0.0005433334330679289,SUI,4h,vwap_mr,mean_reversion,1d,C,False,False
1.5588,2.1031,3.3135,-0.5294,66,1.5451,0.5926,1.0623,0.015658,1.3528,0.0432,-0.4298,1.564,3.2406,135,0.015658,0.097739,1.8614,0.06487619,74,61,0.01981895401640473,0.010610924122288486,SUI,4h,vwap_mr,mean_reversion,3d,C,False,False
-0.5119,-0.5912,-0.7921,-0.8436,61,0.8068,0.4923,0.832,-0.011024,0.7264,0.0208,-1.1548,3.4522,-0.7927,65,-0.011024,0.145386,-0.6113,0.54314341,37,28,-0.0022174096086549078,-0.022661655740113536,SUI,4h,vwap_mr,mean_reversion,1w,F,False,False
-0.1068,-0.1653,-0.5251,-0.7087,243,0.9793,0.5326,0.8593,-0.000454,0.9745,0.0931,0.4281,3.2631,-0.485,291,-0.000454,0.060707,-0.1276,0.89856543,155,136,-0.0007302326452507756,-0.00013926268884733323,SUI,4h,stoch_rsi,mean_reversion,1d,F,False,False
0.7098,1.0063,0.2116,-0.7992,114,1.2183,0.5474,1.0072,0.007946,1.0846,0.0438,-0.2481,3.7266,0.2496,137,0.007946,0.109723,0.8477,0.39812194,68,69,0.006171771259303031,0.00969473784338372,SUI,4h,stoch_rsi,mean_reversion,3d,C,False,False
-0.2327,-0.3379,-0.6978,-0.7312,65,0.9134,0.5152,0.8596,-0.004774,1.1598,0.0211,-0.3575,1.8131,-0.6386,66,-0.004774,0.139569,-0.2779,0.78197894,38,28,-0.007895536547499901,-0.0005378510351099922,SUI,4h,stoch_rsi,mean_reversion,1w,F,False,False
-0.7164,-1.1534,-0.7957,-0.8971,417,0.8913,0.4713,0.9999,-0.002495,0.9756,0.1338,0.4587,3.2876,-0.832,418,-0.002495,0.059636,-0.8554,0.39280737,174,244,-0.002391037876558912,-0.0025694391471874794,SUI,4h,ema_ribbon,trend,1d,F,False,False
0.049,0.0882,-0.5012,-0.7931,151,1.0127,0.4379,1.2998,0.00049,1.1765,0.049,0.7186,2.9671,-0.5145,153,0.00049,0.103655,0.0585,0.95341887,62,91,-0.0009276090322294641,0.0014563780118026944,SUI,4h,ema_ribbon,trend,3d,D,False,False
-0.0425,-0.0553,-0.5777,-0.8707,70,0.9838,0.493,1.0119,-0.000905,1.0029,0.0227,-0.7981,2.3887,-0.6311,71,-0.000905,0.150097,-0.0508,0.95964118,27,44,0.009110564002742037,-0.007050349899502249,SUI,4h,ema_ribbon,trend,1w,F,False,False
1.0687,1.81,1.8456,-0.2086,11,1.5549,0.5735,1.1562,0.008207,1.4822,0.0218,0.6458,3.2569,0.5912,68,0.008207,0.053031,1.2762,0.20628502,44,24,0.01704043116635368,-0.007986603287042676,SUI,4h,rsi_extreme,mean_reversion,1d,B,False,False
1.3268,2.6274,1.9083,-0.3634,10,1.7032,0.5185,1.5816,0.016987,1.4259,0.0173,0.2403,0.0122,1.1194,54,0.016987,0.078783,1.5844,0.11904792,36,18,0.018439383413066786,0.014080757739589044,SUI,4h,rsi_extreme,mean_reversion,3d,C,False,False
-0.6784,-0.7172,-0.8426,-0.6179,33,0.6644,0.4857,0.7035,-0.01844,0.563,0.0112,-1.55,3.8863,-0.6496,35,-0.01844,0.13466,-0.8101,0.4234926,22,13,-0.0033190426591764802,-0.04402987964765323,SUI,4h,rsi_extreme,mean_reversion,1w,F,False,False
0.3936,0.6593,-0.1668,-0.7158,218,1.0629,0.4559,1.2683,0.001296,1.1516,0.1453,0.5948,3.2987,-0.1658,454,0.001296,0.058739,0.4701,0.63853117,205,249,0.0014381842691597244,0.001178712108660135,SUI,4h,momentum,trend,1d,D,False,False
-1.3669,-2.0198,-0.9015,-0.9617,161,0.7143,0.4545,0.8572,-0.012371,0.883,0.0528,-0.1245,1.5697,-0.9437,165,-0.012371,0.097354,-1.6323,0.1045437,84,81,-0.01079116253523,-0.014009068768453007,SUI,4h,momentum,trend,3d,F,False,False
0.3724,0.5161,-0.4116,-0.8832,71,1.1653,0.4795,1.2652,0.008938,1.3727,0.0234,-0.1477,6.1544,-0.4749,73,0.008938,0.171717,0.4447,0.65783897,36,37,0.014316939951900004,0.00370535708789868,SUI,4h,momentum,trend,1w,D,False,False
0.4722,0.665,0.1464,-0.5676,150,1.1351,0.4938,1.1639,0.002912,1.5165,0.0512,-0.4362,5.8159,0.1206,160,0.002912,0.065335,0.5639,0.57364803,72,88,0.009835589499334716,-0.002751983657501801,SUI,4h,range_breakout,trend,1d,D,False,False
0.1779,0.3087,-0.2551,-0.5466,96,1.0573,0.4245,1.4333,0.001836,1.0926,0.0339,0.5137,1.6022,-0.1928,106,0.001836,0.088983,0.2124,0.83220507,45,61,0.015180882264783153,-0.008009006923565725,SUI,4h,range_breakout,trend,3d,D,False,False
0.4802,1.1866,0.0535,-0.6468,34,1.2429,0.4655,1.427,0.012135,1.4882,0.0186,1.4725,3.0858,0.0497,58,0.012135,0.161163,0.5735,0.56859229,29,29,0.01869624158014615,0.005574375857461651,SUI,4h,range_breakout,trend,1w,D,False,False
1.796,3.0651,3.8152,-0.3993,70,1.5142,0.5556,1.2114,0.008876,1.2496,0.0576,0.2055,1.0961,2.7432,180,0.008876,0.055528,2.1446,0.03333025,91,89,0.004212542838874399,0.013644879711549334,SUI,4h,macd_scalp,trend,1d,C,True,False
0.3638,0.53,-0.0945,-0.5815,106,1.1161,0.4912,1.156,0.003779,1.2305,0.0365,-0.3304,3.6511,-0.0774,114,0.003779,0.092869,0.4344,0.66481254,60,54,-0.0070405102998697495,0.015799766251963637,SUI,4h,macd_scalp,trend,3d,D,False,False
0.8078,1.4178,0.5249,-0.719,30,1.4218,0.4918,1.4692,0.019378,1.3336,0.0195,0.6406,3.1484,0.5787,61,0.019378,0.156903,0.9646,0.33861479,32,29,0.014405839168711226,0.024865263339058835,SUI,4h,macd_scalp,trend,1w,C,False,False
0.7872,1.1468,0.9207,-0.2968,24,1.4492,0.5208,1.3333,0.009793,1.5777,0.0154,-0.2561,2.3255,0.4113,48,0.009793,0.072174,0.94,0.35199894,23,25,0.02624719715808141,-0.005345174412189726,SUI,4h,keltner_mr,mean_reversion,1d,C,False,False
0.6159,0.9706,0.6597,-0.3055,13,1.3348,0.6154,0.8342,0.0114,0.8814,0.0125,-0.3448,-0.0234,0.2993,39,0.0114,0.096799,0.7355,0.46657629,20,19,0.025712354153938178,-0.003666035915410487,SUI,4h,keltner_mr,mean_reversion,3d,C,False,False
0.1339,0.2016,-0.3512,-0.4249,20,1.0757,0.6129,0.6794,0.004341,0.7788,0.0099,-0.407,-0.408,-0.2058,31,0.004341,0.151149,0.1599,0.87401985,15,16,0.008169125712277073,0.0007526224438960394,SUI,4h,keltner_mr,mean_reversion,1w,D,False,False
0.7658,0.9218,0.6497,-0.4601,34,1.3803,0.5493,1.1326,0.008507,1.6223,0.0227,-0.8976,6.1375,0.452,71,0.008507,0.078385,0.9145,0.36359999,33,38,0.021301055624778454,-0.00260348277827007,SUI,4h,vol_spike_brk,trend,1d,C,False,False
0.8405,1.3494,1.116,-0.3651,15,1.4255,0.5593,1.1231,0.013301,0.9449,0.0189,0.3179,1.1772,0.628,59,0.013301,0.101799,1.0036,0.31972704,27,32,0.035404449385919155,-0.0053484464495461535,SUI,4h,vol_spike_brk,trend,3d,C,False,False
1.0127,2.5104,1.7906,-0.4225,13,1.7255,0.5238,1.5687,0.031547,1.5381,0.0134,1.3767,2.9036,1.2331,42,0.031547,0.169061,1.2093,0.23347683,21,21,0.04539083412099889,0.017702322372354112,SUI,4h,vol_spike_brk,trend,1w,C,False,False
1.2484,1.9545,3.407,-0.2088,27,1.378,0.5839,0.9822,0.006089,1.0081,0.0515,0.3113,1.8706,1.1513,161,0.006089,0.05183,1.4907,0.13800136,83,78,0.006133706922312195,0.0060420838771892554,SUI,4h,stoch_cross,mean_reversion,1d,C,False,False
0.5864,0.8215,0.3234,-0.4743,47,1.2013,0.5417,1.0165,0.006827,0.9748,0.0307,-0.5267,0.5187,0.2257,96,0.006827,0.09552,0.7002,0.48548362,47,49,-0.0018253799085361415,0.015125680271742778,SUI,4h,stoch_cross,mean_reversion,3d,C,False,False
-0.6016,-0.7428,-0.8362,-0.7889,54,0.7689,0.5636,0.5952,-0.014595,0.7446,0.0176,-0.8292,1.1793,-0.785,55,-0.014595,0.15067,-0.7184,0.47561429,33,22,-0.003874201243853706,-0.03067626883692135,SUI,4h,stoch_cross,mean_reversion,1w,F,False,False
-1.3468,-1.5516,-0.7891,-0.9649,413,0.7617,0.5143,0.7194,-0.005398,0.6938,0.0916,-1.1737,5.1475,-0.9501,420,-0.005398,0.056787,-1.948,0.05207653,221,199,-0.0016046126523077185,-0.009610505396914906,DOGE,4h,vwap_mr,mean_reversion,1d,F,False,False
-0.5796,-0.5655,-0.9074,-0.9961,189,0.8122,0.5258,0.7326,-0.007146,0.9236,0.0423,-2.9972,23.7266,-0.9925,194,-0.007146,0.11871,-0.8384,0.40284379,105,89,0.0032697843116955986,-0.01943341195820603,DOGE,4h,vwap_mr,mean_reversion,3d,F,False,False
-0.3911,-0.3783,,-1.3045,81,0.8318,0.5155,0.7819,-0.010814,0.8677,0.0212,-3.3394,21.5604,-1.1664,97,-0.010814,0.188285,-0.5656,0.57295734,46,51,-0.0006768758011671611,-0.019956548971631828,DOGE,4h,vwap_mr,mean_reversion,1w,F,False,False
-1.8387,-2.023,-0.8466,-0.984,411,0.679,0.4917,0.702,-0.007159,0.7204,0.0918,-1.9831,12.8725,-0.9764,421,-0.007159,0.05523,-2.6595,0.00812421,206,215,-0.0038184705805208866,-0.01035927783545299,DOGE,4h,stoch_rsi,mean_reversion,1d,F,False,False
-0.7563,-1.0787,-0.7226,-0.9402,195,0.8033,0.4848,0.8535,-0.007358,0.9106,0.0432,0.1386,4.0793,-0.9074,198,-0.007358,0.094642,-1.094,0.27530757,94,104,-0.0033934830385329686,-0.010941170792713383,DOGE,4h,stoch_rsi,mean_reversion,3d,F,False,False
0.1014,0.1581,-0.4517,-0.8368,64,1.0443,0.5354,0.9064,0.002341,0.8626,0.0216,0.9879,6.7991,-0.6297,99,0.002341,0.158803,0.1467,0.88369356,43,56,0.012775745437925838,-0.005671576790016459,DOGE,4h,stoch_rsi,mean_reversion,1w,D,False,False
0.7705,1.4474,0.5288,-0.6656,293,1.1379,0.4745,1.2601,0.002399,1.0566,0.137,1.3481,5.6961,0.8794,628,0.002399,0.053933,1.1145,0.26550325,254,374,0.006008515495558837,-5.321180289803814e-05,DOGE,4h,ema_ribbon,trend,1d,C,False,False
0.4685,0.7616,-0.0715,-0.8174,109,1.14,0.4764,1.2529,0.004477,1.2535,0.0508,0.6256,4.8345,-0.1185,233,0.004477,0.100834,0.6777,0.49863549,97,136,0.010157450692398593,0.00042513689315790956,DOGE,4h,ema_ribbon,trend,3d,D,False,False
0.7076,1.8248,0.4603,-0.6775,29,1.3792,0.5,1.3792,0.017508,1.1949,0.0222,2.7942,13.5305,0.7645,102,0.017508,0.172757,1.0235,0.30851182,45,57,0.0320146053360754,0.006054856540842462,DOGE,4h,ema_ribbon,trend,1w,C,False,False
-0.8504,-0.9928,-0.4818,-0.4823,20,0.573,0.5,0.573,-0.011286,0.6242,0.0092,-0.6497,0.7804,-0.4249,42,-0.011286,0.059464,-1.23,0.22571448,21,21,-0.008984131774064593,-0.013587246157704215,DOGE,4h,bollinger_mr,mean_reversion,1d,F,False,False
-0.493,-0.385,-0.7172,-0.9359,21,0.6256,0.5714,0.4692,-0.017427,0.8427,0.0092,-4.2621,22.3437,-0.9025,42,-0.017427,0.158393,-0.713,0.479865,21,21,0.0018357634289474076,-0.036689640315546126,DOGE,4h,bollinger_mr,mean_reversion,3d,F,False,False
-0.5825,-0.5181,-0.7291,-0.9352,29,0.5869,0.5161,0.5502,-0.028947,0.812,0.0068,-2.9593,11.563,-0.909,31,-0.028947,0.191295,-0.8425,0.40616578,15,16,-0.011784272368881531,-0.04503669148286688,DOGE,4h,bollinger_mr,mean_reversion,1w,F,False,False
-0.9424,-0.9859,-0.5423,-0.7787,112,0.6853,0.5526,0.5548,-0.007925,0.564,0.0249,-1.6546,5.6506,-0.6827,114,-0.007925,0.062074,-1.3631,0.17557006,62,52,-0.002804133922249224,-0.014029842509100823,DOGE,4h,rsi_extreme,mean_reversion,1d,F,False,False
0.2609,0.2914,-0.1051,-0.6774,83,1.124,0.6353,0.6452,0.004233,0.8136,0.0185,-1.2346,5.6315,-0.1432,85,0.004233,0.103428,0.3773,0.7068698,47,38,0.016497914081359775,-0.010936377907444386,DOGE,4h,rsi_extreme,mean_reversion,3d,D,False,False
-0.4595,-0.3999,,-1.1299,57,0.7325,0.5517,0.5951,-0.018604,0.7153,0.0126,-3.127,14.8101,-1.1041,58,-0.018604,0.21315,-0.6647,0.50892309,30,28,0.00378971998068347,-0.042596416101901645,DOGE,4h,rsi_extreme,mean_reversion,1w,F,False,False
1.1749,2.1122,1.6046,-0.6249,172,1.2125,0.4945,1.2392,0.003845,1.2648,0.1398,1.31,8.9705,3.2762,641,0.003845,0.057283,1.6994,0.08972717,319,322,0.005651077884206157,0.0020557263224779054,DOGE,4h,momentum,trend,1d,C,False,False
0.2894,0.3969,-0.3633,-0.6825,108,1.0818,0.5042,1.0639,0.00268,1.1859,0.0523,-0.1415,5.0089,-0.449,240,0.00268,0.099189,0.4185,0.67592851,114,126,0.008444887439137622,-0.0025363231026482294,DOGE,4h,momentum,trend,3d,D,False,False
-0.925,-1.1065,-0.9149,-0.9933,105,0.6777,0.4623,0.7884,-0.021467,0.9112,0.0231,-1.2218,8.5997,-0.9933,106,-0.021467,0.165197,-1.3379,0.18381903,49,57,-0.005136531482295312,-0.035505719064947525,DOGE,4h,momentum,trend,1w,F,False,False
0.5134,1.0065,0.2614,-0.5188,132,1.1412,0.4557,1.3632,0.003027,1.527,0.0517,0.8503,2.7633,0.3048,237,0.003027,0.062741,0.7426,0.4584348,118,119,0.010266423683115198,-0.0041523453104455816,DOGE,4h,range_breakout,trend,1d,C,False,False
-0.0656,-0.1247,-0.486,-0.8104,93,0.977,0.44,1.2434,-0.000897,0.8552,0.0327,1.9578,10.6362,-0.6491,150,-0.000897,0.115801,-0.0948,0.92456771,75,75,0.011087788470031319,-0.012881279100782387,DOGE,4h,range_breakout,trend,3d,F,False,False
0.3614,0.6335,-0.1677,-0.7939,62,1.1717,0.4699,1.3219,0.009305,1.3236,0.0181,0.6222,2.9014,-0.2584,83,0.009305,0.162171,0.5228,0.60255685,43,40,0.025860512547431297,-0.008491585885874628,DOGE,4h,range_breakout,trend,1w,D,False,False
0.1098,0.1658,-0.1445,-0.6086,258,1.0276,0.4963,1.043,0.000476,1.0559,0.0585,0.2859,2.1583,-0.1751,268,0.000476,0.049072,0.1589,0.87390409,126,142,0.0006783634279964823,0.0002967656456195626,DOGE,4h,macd_scalp,trend,1d,D,False,False
0.0667,0.0882,-0.4373,-0.7161,162,1.0219,0.4911,1.0589,0.000752,0.9514,0.0369,-0.2674,4.101,-0.5443,169,0.000752,0.101305,0.0965,0.9232153,77,92,0.009219739036687383,-0.006334713646217402,DOGE,4h,macd_scalp,trend,3d,D,False,False
-0.4242,-0.3959,-0.8836,-0.9934,86,0.8028,0.5057,0.7845,-0.011556,0.8389,0.019,-2.9254,12.9238,-0.9877,87,-0.011556,0.175645,-0.6136,0.54106833,44,43,-0.0049476313603316665,-0.018317338867524426,DOGE,4h,macd_scalp,trend,1w,F,False,False
-1.0037,-0.9806,-0.6068,-0.8006,57,0.5764,0.5067,0.5612,-0.014125,0.7247,0.0164,-2.3056,9.795,-0.7513,75,-0.014125,0.084255,-1.4518,0.15077282,36,39,0.0024576726734294113,-0.029431921519554222,DOGE,4h,keltner_mr,mean_reversion,1d,F,False,False
-0.0136,-0.0119,-0.4159,-0.7604,61,0.9916,0.6129,0.6263,-0.000331,1.2904,0.0135,-2.4713,10.3416,-0.5485,62,-0.000331,0.132136,-0.0197,0.98434076,32,30,0.024466286752800978,-0.02678086477557521,DOGE,4h,keltner_mr,mean_reversion,3d,F,False,False
-0.2191,-0.1969,-0.7006,-0.9427,48,0.859,0.5306,0.7599,-0.008322,0.8883,0.0107,-2.7921,10.5025,-0.8957,49,-0.008322,0.183778,-0.317,0.75263402,23,26,0.014836975992056299,-0.028808741040530345,DOGE,4h,keltner_mr,mean_reversion,1w,F,False,False
-0.0547,-0.1071,-0.0957,-0.3462,37,0.9702,0.4773,1.0626,-0.000555,1.0449,0.0096,0.5058,0.6295,-0.0681,44,-0.000555,0.046535,-0.0791,0.93732863,21,23,0.005144839257127836,-0.005758909928533934,DOGE,4h,dual_ema_adx,trend,1d,F,False,False
-0.2342,-0.2859,-0.266,-0.4652,33,0.8614,0.475,0.9521,-0.003998,1.0069,0.0087,-0.9072,2.0183,-0.2415,40,-0.003998,0.074631,-0.3388,0.73656018,20,20,0.0053707144522921356,-0.01336708682208873,DOGE,4h,dual_ema_adx,trend,3d,F,False,False
-0.4799,-0.5854,-0.4502,-0.7715,33,0.7093,0.4,1.0639,-0.015608,0.6413,0.0076,-0.6109,1.3898,-0.5904,35,-0.015608,0.133014,-0.6942,0.49228538,17,18,0.012881980001394237,-0.04251440209518516,DOGE,4h,dual_ema_adx,trend,1w,F,False,False
0.7462,1.3329,0.6213,-0.4682,47,1.2846,0.5077,1.2457,0.006238,1.2635,0.0284,0.4136,1.5049,0.7061,130,0.006238,0.065894,1.0793,0.28247308,65,65,0.013592129353774319,-0.0011170599597293564,DOGE,4h,vol_spike_brk,trend,1d,C,False,False
0.1381,0.2915,-0.2345,-0.7413,56,1.0644,0.4479,1.3119,0.002521,0.7307,0.0209,2.2251,10.4568,-0.3293,96,0.002521,0.123596,0.1998,0.84204512,46,50,0.016629724282108217,-0.010459659706132244,DOGE,4h,vol_spike_brk,trend,3d,D,False,False
1.1055,3.6728,2.8278,-0.4388,20,1.9827,0.5231,1.8078,0.044661,1.6589,0.0142,2.8824,11.1306,4.4094,65,0.044661,0.22517,1.5991,0.11472604,36,29,0.04702839384640725,0.04172188750922468,DOGE,4h,vol_spike_brk,trend,1w,C,False,False
-0.5159,-0.5974,-0.4439,-0.8437,215,0.8685,0.5475,0.7178,-0.002801,0.7999,0.0482,-1.0788,2.8591,-0.6254,221,-0.002801,0.0558,-0.7462,0.45632618,111,110,0.0036604243726600432,-0.00932115375995752,DOGE,4h,stoch_cross,mean_reversion,1d,F,False,False
-1.0736,-1.1574,-0.7538,-0.9761,139,0.6733,0.4507,0.8206,-0.01279,0.7588,0.031,-2.4652,15.7109,-0.9382,142,-0.01279,0.098145,-1.5529,0.12267738,64,78,-0.007302724134328647,-0.017293005220157216,DOGE,4h,stoch_cross,mean_reversion,3d,F,False,False
-0.8861,-0.7645,,-1.0109,77,0.5902,0.519,0.5471,-0.029991,0.7824,0.0172,-3.7915,18.8027,-1.0089,79,-0.029991,0.207977,-1.2817,0.20374419,39,40,-0.0009682170598533024,-0.05828778891180229,DOGE,4h,stoch_cross,mean_reversion,1w,F,False,False
-1.5926,-1.738,-0.761,-0.9519,394,0.7047,0.4938,0.7224,-0.005464,0.7129,0.0879,-1.4235,6.7781,-0.9325,403,-0.005464,0.04762,-2.3036,0.02175271,199,204,-0.0008527589673626321,-0.00996316108134189,XRP,4h,vwap_mr,mean_reversion,1d,F,False,False
-0.4598,-0.522,-0.603,-0.9096,152,0.859,0.5211,0.7896,-0.004316,0.6777,0.0414,-0.7899,7.9905,-0.8106,190,-0.004316,0.089454,-0.665,0.50683819,91,99,0.005878784302513712,-0.013686754794193715,XRP,4h,vwap_mr,mean_reversion,3d,F,False,False
-0.9709,-0.9587,-0.7285,-0.9676,75,0.6329,0.5213,0.5813,-0.017553,0.5247,0.0205,-1.854,5.4095,-0.9222,94,-0.017553,0.121177,-1.4044,0.16353427,39,55,-0.010126973102557283,-0.022818201498272538,XRP,4h,vwap_mr,mean_reversion,1w,F,False,False
-0.135,-0.1636,-0.3449,-0.7679,252,0.9703,0.5108,0.9293,-0.000444,0.9628,0.0909,-0.3289,6.5264,-0.4747,417,-0.000444,0.046449,-0.1953,0.8452377,215,202,0.001562602736393597,-0.002580317854508619,XRP,4h,stoch_rsi,mean_reversion,1d,F,False,False
0.1611,0.2486,-0.2173,-0.7029,189,1.0512,0.5025,1.0407,0.001311,1.0507,0.0434,0.9448,6.5298,-0.293,199,0.001311,0.079388,0.233,0.81599319,98,101,0.009866566442246155,-0.006989823203094674,XRP,4h,stoch_rsi,mean_reversion,3d,D,False,False
0.811,1.4234,0.6762,-0.6568,32,1.4814,0.551,1.2071,0.018952,1.0671,0.0214,2.0783,10.5041,1.1574,98,0.018952,0.15993,1.1731,0.24363392,44,54,0.04091765450871066,0.0010534957279409226,XRP,4h,stoch_rsi,mean_reversion,1w,C,False,False
-0.1001,-0.1639,-0.4225,-0.7948,387,0.9825,0.4554,1.175,-0.000269,1.1686,0.1394,1.1755,8.123,-0.5751,639,-0.000269,0.046908,-0.1448,0.88493948,297,342,0.0010692683219083155,-0.0014305071913213454,XRP,4h,ema_ribbon,trend,1d,F,False,False
-0.0858,-0.1594,-0.4252,-0.7535,140,0.977,0.4526,1.1818,-0.000629,1.2151,0.0506,1.1517,3.9723,-0.5543,232,-0.000629,0.077278,-0.124,0.90139677,109,123,0.00545170071841596,-0.006018140113811264,XRP,4h,ema_ribbon,trend,3d,F,False,False
-0.1998,-0.4383,-0.5725,-0.7991,55,0.9167,0.4,1.375,-0.003875,1.1039,0.0229,2.0571,7.4199,-0.7218,105,-0.003875,0.137402,-0.289,0.77315399,50,55,0.013114634177177844,-0.01932060401739726,XRP,4h,ema_ribbon,trend,1w,F,False,False
0.2559,0.4098,0.1126,-0.3072,41,1.1639,0.6122,0.7372,0.002861,0.9542,0.0107,0.6532,3.6695,0.0737,49,0.002861,0.054114,0.3701,0.71290999,22,27,0.015921177779401788,-0.007779963684202574,XRP,4h,bollinger_mr,mean_reversion,1d,D,False,False
0.9237,1.7626,1.2106,-0.2234,10,1.6826,0.5714,1.2619,0.01223,1.5132,0.0107,0.4647,0.1141,0.65,49,0.01223,0.064075,1.3361,0.18781014,22,27,0.026029666596799925,0.0009862510203509551,XRP,4h,bollinger_mr,mean_reversion,3d,C,False,False
0.0747,0.0943,-0.1579,-0.5534,24,1.049,0.55,0.8583,0.001944,1.0764,0.0087,-0.5434,0.8541,-0.1741,40,0.001944,0.11379,0.1081,0.91450335,18,22,0.01864515254001177,-0.01172027003196684,XRP,4h,bollinger_mr,mean_reversion,1w,D,False,False
-1.3154,-1.2458,-0.6332,-0.7722,96,0.5468,0.5175,0.5097,-0.010373,0.4202,0.0249,-2.0914,7.1874,-0.7545,114,-0.010373,0.058214,-1.9026,0.05963869,51,63,-0.003249037683366437,-0.016140623504973577,XRP,4h,rsi_extreme,mean_reversion,1d,F,False,False
-0.9415,-0.8379,-0.6498,-0.8409,62,0.6099,0.5747,0.4513,-0.01351,0.4723,0.019,-2.5508,9.6798,-0.8088,87,-0.01351,0.09253,-1.3618,0.1768108,40,47,-0.0013046694423109156,-0.02389669588838472,XRP,4h,rsi_extreme,mean_reversion,3d,F,False,False
-0.6503,-0.5774,-0.7006,-0.9404,42,0.6722,0.5738,0.4993,-0.018512,0.4359,0.0133,-2.2439,6.6786,-0.8946,61,-0.018512,0.153721,-0.9406,0.35070057,31,30,0.012977283154578554,-0.051051256328633846,XRP,4h,rsi_extreme,mean_reversion,1w,F,False,False
0.1733,0.2455,-0.2532,-0.628,565,1.032,0.4664,1.1805,0.000503,1.2083,0.1234,0.1299,6.5387,-0.3039,566,0.000503,0.047705,0.2507,0.80215478,276,290,0.004074147939384682,-0.00289642492360134,XRP,4h,momentum,trend,1d,D,False,False
-0.1088,-0.1269,-0.4249,-0.9287,207,0.9691,0.5132,0.9194,-0.000866,1.0052,0.0497,-0.9397,5.1301,-0.65,228,-0.000866,0.083047,-0.1574,0.87507474,114,114,0.00584269505831287,-0.007574005620946472,XRP,4h,momentum,trend,3d,F,False,False
0.1009,0.1294,-0.6071,-0.9363,65,1.0491,0.4808,1.1331,0.002254,1.4721,0.0227,-0.2786,13.5511,-0.8277,104,0.002254,0.157464,0.146,0.88420038,54,50,0.02080970448640346,-0.017785218721434258,XRP,4h,momentum,trend,1w,D,False,False
0.9796,1.8501,1.3503,-0.3419,110,1.3176,0.4911,1.3655,0.004789,1.6256,0.0489,0.8855,2.7281,1.2123,224,0.004789,0.050588,1.4169,0.15790177,113,111,0.01694845781363762,-0.007589084887611643,XRP,4h,range_breakout,trend,1d,C,False,False
0.2179,0.3361,-0.1353,-0.6436,89,1.0885,0.4681,1.2369,0.002288,1.4423,0.0308,0.9492,9.8115,-0.1736,141,0.002288,0.086228,0.3151,0.75312583,70,71,0.01612059887002653,-0.011348913118732614,XRP,4h,range_breakout,trend,3d,D,False,False
-0.111,-0.334,-0.4815,-0.7296,50,0.9464,0.3827,1.5264,-0.002583,1.8549,0.0177,2.8638,12.4478,-0.5957,81,-0.002583,0.144771,-0.1606,0.87283257,43,38,0.015175644514493518,-0.022678247645819244,XRP,4h,range_breakout,trend,1w,F,False,False
-0.0785,-0.142,-0.2472,-0.504,150,0.9804,0.428,1.31,-0.000272,1.0619,0.0591,1.2043,4.8342,-0.243,271,-0.000272,0.039444,-0.1135,0.90969203,132,139,-0.0009625961585451718,0.0003837526535311167,XRP,4h,macd_scalp,trend,1d,F,False,False
-0.0127,-0.0221,-0.2767,-0.6335,86,0.996,0.4663,1.1402,-0.0001,1.3203,0.0356,0.681,2.7987,-0.3318,163,-0.0001,0.069752,-0.0184,0.98534822,78,85,-0.0038729197387090443,0.003361276987803628,XRP,4h,macd_scalp,trend,3d,F,False,False
0.4292,0.5595,-0.0793,-0.7926,62,1.2284,0.5341,1.0716,0.009115,1.5121,0.0192,-0.0823,8.1474,-0.1269,88,0.009115,0.137725,0.6209,0.53631562,45,43,0.021984386965013345,-0.004352589216096193,XRP,4h,macd_scalp,trend,1w,D,False,False
-0.4837,-0.5491,-0.3912,-0.5978,58,0.7473,0.5,0.7473,-0.006529,0.5251,0.0131,-0.6492,3.8886,-0.4272,60,-0.006529,0.072292,-0.6996,0.48693193,22,38,0.01365972056064655,-0.018217460384472087,XRP,4h,keltner_mr,mean_reversion,1d,F,False,False
-0.5172,-0.5782,-0.5123,-0.7672,39,0.7258,0.5098,0.6979,-0.012277,0.9187,0.0111,-1.1751,5.1612,-0.6481,51,-0.012277,0.117204,-0.7481,0.45791383,21,30,0.03431094287712202,-0.04488924041287526,XRP,4h,keltner_mr,mean_reversion,3d,F,False,False
-0.7675,-0.7607,-0.6745,-0.8951,30,0.5808,0.55,0.4752,-0.02896,0.5516,0.0087,-1.5691,3.3708,-0.8558,40,-0.02896,0.165,-1.1101,0.27376701,15,25,0.017496875614459725,-0.05683464552423543,XRP,4h,keltner_mr,mean_reversion,1w,F,False,False
0.1957,0.2943,0.0777,-0.2609,32,1.1495,0.525,1.04,0.002211,0.9435,0.0087,0.8559,3.5017,0.0429,40,0.002211,0.049383,0.2831,0.77857211,23,17,0.008840013913193131,-0.006758236614086144,XRP,4h,dual_ema_adx,trend,1d,D,False,False
-0.7213,-0.8126,-0.4429,-0.5159,32,0.6095,0.4474,0.7529,-0.011651,0.7714,0.0083,-1.4214,3.9431,-0.4189,38,-0.011651,0.068839,-1.0434,0.30354884,23,15,-0.005232691470617218,-0.021493645472823293,XRP,4h,dual_ema_adx,trend,3d,F,False,False
-0.5145,-0.4071,-0.673,-0.9213,34,0.5925,0.5429,0.499,-0.020648,0.939,0.0076,-4.1562,19.5701,-0.8679,35,-0.020648,0.164144,-0.7442,0.46186817,21,14,-0.004040391791990973,-0.04555988166187526,XRP,4h,dual_ema_adx,trend,1w,F,False,False
-0.1953,-0.3355,-0.3036,-0.4418,72,0.9317,0.4553,1.1147,-0.001256,1.1478,0.0268,0.5674,2.5203,-0.2601,123,-0.001256,0.049284,-0.2825,0.77800138,63,60,0.004611833669866137,-0.007416395290074573,XRP,4h,vol_spike_brk,trend,1d,F,False,False
-0.6232,-1.0572,-0.6053,-0.7486,98,0.7579,0.4356,0.9818,-0.008377,0.9509,0.022,2.0272,14.7914,-0.7171,101,-0.008377,0.093386,-0.9015,0.36950198,51,50,0.003212661013155849,-0.02019782838534545,XRP,4h,vol_spike_brk,trend,3d,F,False,False
-0.1781,-0.446,-0.4913,-0.7607,64,0.9108,0.3939,1.4012,-0.004855,1.0602,0.0144,2.3497,9.5927,-0.6243,66,-0.004855,0.153117,-0.2576,0.79753542,35,31,0.014899029700956518,-0.02715784250787049,XRP,4h,vol_spike_brk,trend,1w,F,False,False
-0.3782,-0.4536,-0.3628,-0.6008,154,0.892,0.5291,0.7939,-0.001739,0.8546,0.0412,-0.7462,3.4791,-0.4021,189,-0.001739,0.043709,-0.5471,0.58495341,79,110,0.0013599624340365699,-0.00396539111914719,XRP,4h,stoch_cross,mean_reversion,1d,F,False,False
-0.4547,-0.4795,-0.4805,-0.697,115,0.8403,0.5397,0.7167,-0.00407,0.6954,0.0275,-1.7271,7.6978,-0.574,126,-0.00407,0.069465,-0.6577,0.51193837,48,78,-0.006213961600959069,-0.0027508521956624977,XRP,4h,stoch_cross,mean_reversion,3d,F,False,False
-0.7365,-0.6615,-0.7441,-0.927,60,0.6537,0.5135,0.6193,-0.01684,0.4288,0.0161,-2.9495,13.06,-0.9136,74,-0.01684,0.135987,-1.0653,0.29025529,28,46,-0.0018545993332279656,-0.025962060011389492,XRP,4h,stoch_cross,mean_reversion,1w,F,False,False
-0.6131,-0.8964,-0.8044,-0.6589,157,0.8969,0.5123,0.8536,-0.002319,0.88,0.0912,-0.4573,0.454,-0.4578,162,-0.002319,0.053458,-0.5521,0.58167421,104,58,-0.001944007973704956,-0.002990498744613379,RENDER,4h,vwap_mr,mean_reversion,1d,F,False,False
-0.0448,-0.0534,-0.5725,-0.656,32,0.9877,0.5455,0.8231,-0.000415,0.8349,0.0433,-1.3488,5.1379,-0.3174,77,-0.000415,0.09031,-0.0403,0.96792477,46,31,-0.0029474378506733454,0.0033422935401276306,RENDER,4h,vwap_mr,mean_reversion,3d,F,False,False
-1.5958,-1.6173,-1.0188,-0.8698,31,0.4897,0.5,0.4897,-0.032286,0.5833,0.0214,-1.9733,6.0325,-0.8283,38,-0.032286,0.138502,-1.437,0.15912507,24,14,-0.03909289767696245,-0.02061725883106511,RENDER,4h,vwap_mr,mean_reversion,1w,F,False,False
-0.1776,-0.2778,-0.5508,-0.6003,82,0.9677,0.5217,0.887,-0.000657,0.9715,0.0906,-0.0853,1.274,-0.2778,161,-0.000657,0.052135,-0.1599,0.87316133,84,77,-0.00042232894187338975,-0.0009129943370699596,RENDER,4h,stoch_rsi,mean_reversion,1d,F,False,False
1.5038,3.6121,2.8633,-0.5598,53,1.5234,0.5455,1.2695,0.01379,1.3853,0.0433,1.3029,3.6909,1.1721,77,0.01379,0.089361,1.3542,0.17969224,39,38,0.005354213141317876,0.02244872386421658,RENDER,4h,stoch_rsi,mean_reversion,3d,C,False,False
-0.0404,-0.0905,-0.6619,-0.6495,32,0.9816,0.4103,1.4111,-0.000941,0.825,0.0219,2.4863,10.0426,-0.3659,39,-0.000941,0.161549,-0.0364,0.97116621,20,19,-0.021492913488390213,0.02069215154701178,RENDER,4h,stoch_rsi,mean_reversion,1w,F,False,False
0.2059,0.2784,-0.4185,-0.665,197,1.0338,0.5081,1.0008,0.000691,1.0651,0.1384,-0.5403,5.4041,-0.2324,246,0.000691,0.058477,0.1854,0.8530535,75,171,-0.001539972528341488,0.0016699384299102163,RENDER,4h,ema_ribbon,trend,1d,D,False,False
-0.2865,-0.3966,-0.874,-0.6372,83,0.9253,0.4494,1.1335,-0.002631,0.8136,0.0501,-0.1029,3.7586,-0.4832,89,-0.002631,0.096193,-0.258,0.79699596,28,61,-0.018573848225914544,0.004687244380489586,RENDER,4h,ema_ribbon,trend,3d,F,False,False
1.2898,2.7166,2.4522,-0.5408,28,1.6823,0.575,1.2434,0.026746,1.2085,0.0225,1.0323,2.4848,0.9828,40,0.026746,0.145642,1.1614,0.25252005,14,26,0.007967755477753937,0.03685691680050403,RENDER,4h,ema_ribbon,trend,1w,C,False,False
0.0119,0.0165,-0.2535,-0.3607,32,1.0047,0.4737,1.1163,0.000114,1.1069,0.0214,-0.4834,1.5419,-0.0748,38,0.000114,0.065602,0.0108,0.99147711,26,12,0.002853001230085229,-0.005819079362067149,RENDER,4h,rsi_extreme,mean_reversion,1d,D,False,False
0.038,0.0635,-0.4711,-0.6239,208,1.0057,0.4903,1.0456,0.000105,1.2521,0.1446,0.2266,1.8313,-0.2459,257,0.000105,0.049191,0.0342,0.97271037,127,130,-0.0035551960302883188,0.003680872097377842,RENDER,4h,momentum,trend,1d,D,False,False
-0.0644,-0.1134,-0.5955,-0.7117,80,0.9835,0.4731,1.0953,-0.000563,1.1786,0.0523,0.6893,2.3359,-0.3605,93,-0.000563,0.09359,-0.058,0.95384838,38,55,-0.008115005999586051,0.004654418203335015,RENDER,4h,momentum,trend,3d,F,False,False
0.2212,0.5003,-0.4419,-0.6453,39,1.0975,0.4634,1.2708,0.005205,1.0545,0.0231,1.9451,6.8121,-0.2383,41,0.005205,0.167303,0.1992,0.84311492,20,21,-0.01287925607146792,0.02242770036323821,RENDER,4h,momentum,trend,1w,D,False,False
0.2802,0.5472,-0.1118,-0.2722,62,1.0674,0.4894,1.1138,0.001617,1.0551,0.0529,0.4097,0.12,-0.0248,94,0.001617,0.062142,0.2523,0.80133544,39,55,0.007123369726121322,-0.002286894277966816,RENDER,4h,range_breakout,trend,1d,D,False,False
1.124,2.5549,2.3654,-0.3523,17,1.4567,0.5333,1.2746,0.012108,1.2152,0.0338,1.5615,5.2954,0.6347,60,0.012108,0.092663,1.0121,0.31562224,25,35,0.007916562841618884,0.015101121894610808,RENDER,4h,range_breakout,trend,3d,C,False,False
1.6837,3.3533,5.2046,-0.352,8,1.9899,0.5294,1.7688,0.032197,1.5666,0.0191,0.4778,0.176,1.3259,34,0.032197,0.123831,1.5161,0.13901679,13,21,0.034762918359748686,0.03060885007174932,RENDER,4h,range_breakout,trend,1w,C,False,False
0.9462,1.4991,1.0444,-0.4363,79,1.2533,0.5644,0.9675,0.004271,0.9684,0.0568,0.099,1.1843,0.3558,101,0.004271,0.050379,0.8521,0.39621302,52,49,-0.003926762839532572,0.012971248915935945,RENDER,4h,macd_scalp,trend,1d,C,False,False
-2.1553,-3.8787,-1.0025,-0.7982,57,0.5449,0.4286,0.7265,-0.017866,0.7768,0.0355,0.3426,-0.2277,-0.729,63,-0.017866,0.073067,-1.9408,0.05683068,35,28,-0.03393678710332378,0.002221712317109968,RENDER,4h,macd_scalp,trend,3d,F,False,False
-1.207,-1.3441,-1.067,-0.8412,33,0.5674,0.4412,0.7187,-0.031755,0.9017,0.0191,-1.5308,5.7136,-0.8423,34,-0.031755,0.170356,-1.0869,0.28494715,16,18,-0.04371940497543417,-0.021120537438739095,RENDER,4h,macd_scalp,trend,1w,F,False,False
1.0424,2.0282,1.2625,-0.3653,24,1.487,0.5,1.487,0.00978,1.4947,0.0225,0.5212,0.4849,0.3601,40,0.00978,0.065896,0.9387,0.35367274,17,23,0.024674724875484604,-0.0012287502245623403,RENDER,4h,vol_spike_brk,trend,1d,C,False,False
0.9453,2.4501,2.327,-0.2317,6,1.5218,0.4516,1.8479,0.016445,1.3832,0.0174,1.415,3.2425,0.4186,31,0.016445,0.107563,0.8512,0.40138299,13,18,0.02090002363730675,0.013227317805961801,RENDER,4h,vol_spike_brk,trend,3d,C,False,False
-0.3437,-0.4305,-0.8067,-0.3973,59,0.9177,0.5104,0.8803,-0.001724,0.8977,0.054,-0.8475,2.4368,-0.269,96,-0.001724,0.054578,-0.3095,0.75762279,63,33,0.0005694587776477845,-0.006102446589853968,RENDER,4h,stoch_cross,mean_reversion,1d,F,False,False
0.7796,1.0527,0.7634,-0.4539,25,1.2885,0.6034,0.8467,0.009324,1.0446,0.0326,-0.1818,1.8908,0.2729,58,0.009324,0.101146,0.702,0.48551794,38,20,0.0021010400715143194,0.02304691652495692,RENDER,4h,stoch_cross,mean_reversion,3d,C,False,False
-1.7674,-2.2713,-1.0426,-0.8473,33,0.4725,0.4118,0.675,-0.039012,0.5969,0.0191,-0.3242,-0.1275,-0.8249,34,-0.039012,0.142935,-1.5915,0.12103811,23,11,-0.043248817343122574,-0.03015348112103318,RENDER,4h,stoch_cross,mean_reversion,1w,F,False,False
-0.4388,-0.5871,-0.6975,-0.9092,439,0.9168,0.5238,0.8334,-0.002137,0.9396,0.0962,-0.1866,10.5,-0.878,441,-0.002137,0.070692,-0.6348,0.52591997,260,181,0.0013451110964799592,-0.007138341003456329,FET,4h,vwap_mr,mean_reversion,1d,F,False,False
-0.1529,-0.2237,-0.6779,-0.8752,187,0.9527,0.516,0.8938,-0.002056,0.7999,0.041,1.1567,10.2255,-0.8477,188,-0.002056,0.12748,-0.2211,0.8252246,108,80,0.004386622135942534,-0.01075363895248087,FET,4h,vwap_mr,mean_reversion,3d,F,False,False
-0.437,-0.6322,-0.7913,-0.9671,95,0.8412,0.4896,0.877,-0.011661,0.8807,0.0209,-0.1879,3.4348,-0.9518,96,-0.011661,0.180741,-0.6321,0.52880932,59,37,-0.005735340230218291,-0.021110220810639155,FET,4h,vwap_mr,mean_reversion,1w,F,False,False
-1.2186,-1.5607,-0.8178,-0.97,381,0.7817,0.467,0.8923,-0.005704,0.8845,0.0892,-1.04,8.772,-0.963,409,-0.005704,0.065447,-1.7626,0.07871903,211,198,-0.005467900934459639,-0.005955554414526516,FET,4h,stoch_rsi,mean_reversion,1d,F,False,False
-0.4445,-0.6725,-0.7287,-0.9631,185,0.8805,0.4673,1.0036,-0.005442,1.0815,0.0434,0.3722,3.2184,-0.9205,199,-0.005442,0.119406,-0.6429,0.52100992,105,94,-0.0055017894052675894,-0.005375413057238069,FET,4h,stoch_rsi,mean_reversion,3d,F,False,False
0.9081,1.2116,-0.7293,-0.9951,94,1.4864,0.5361,1.2863,0.027622,1.636,0.0212,-0.4202,6.6782,-0.9332,97,0.027622,0.207119,1.3135,0.19215539,52,45,0.03456364281438554,0.01960026286647976,FET,4h,stoch_rsi,mean_reversion,1w,C,False,False
0.3426,0.4727,-0.2953,-0.9309,613,1.057,0.5015,1.0505,0.001287,1.1824,0.1409,-0.4793,13.2478,-0.4896,646,0.001287,0.066005,0.4955,0.62041848,234,412,0.0037125433506408675,-9.097426259370177e-05,FET,4h,ema_ribbon,trend,1d,D,False,False
0.0812,0.1317,-0.5162,-0.9664,227,1.0221,0.4748,1.1306,0.000897,1.1432,0.0519,0.565,4.095,-0.7643,238,0.000897,0.117935,0.1174,0.90664873,87,151,0.005425923774791206,-0.0017117242881037214,FET,4h,ema_ribbon,trend,3d,D,False,False
0.3379,0.6088,-0.3758,-0.9493,99,1.1327,0.4762,1.2459,0.009012,1.1299,0.0229,0.3938,1.0481,-0.6028,105,0.009012,0.188928,0.4888,0.62604043,40,65,0.01810826347286956,0.0034135335908150946,FET,4h,ema_ribbon,trend,1w,D,False,False
-1.4704,-1.5324,-0.6549,-0.8219,30,0.2689,0.2903,0.6572,-0.042686,0.5341,0.0068,-2.2916,8.0981,-0.8015,31,-0.042686,0.111748,-2.1268,0.04177744,12,19,-0.021891104609235518,-0.055819058336009246,FET,4h,bollinger_mr,mean_reversion,1d,F,False,False
-1.1232,-1.4166,-0.678,-0.845,29,0.4539,0.4333,0.5935,-0.044572,0.453,0.0065,-0.8378,0.7851,-0.8314,30,-0.044572,0.150273,-1.6246,0.11507079,12,18,-0.015509357750193825,-0.06394725326186283,FET,4h,bollinger_mr,mean_reversion,3d,F,False,False
-1.3502,-1.5959,-0.7448,-0.9178,118,0.5904,0.4454,0.7352,-0.015641,0.7136,0.026,-1.3207,7.885,-0.91,119,-0.015641,0.087368,-1.9529,0.05319616,58,61,-0.0001996316545241197,-0.030322941833170566,FET,4h,rsi_extreme,mean_reversion,1d,F,False,False
-1.1131,-1.3053,-0.7731,-0.9428,86,0.6109,0.4483,0.7518,-0.021777,0.5796,0.019,-0.9798,1.991,-0.9348,87,-0.021777,0.126163,-1.61,0.11106956,47,40,0.004435805436046685,-0.052576279681179415,FET,4h,rsi_extreme,mean_reversion,3d,F,False,False
-1.0786,-1.195,-0.8502,-0.9809,59,0.5448,0.45,0.6658,-0.036675,0.6053,0.0131,-1.2852,3.4986,-0.9766,60,-0.036675,0.18209,-1.5601,0.12407613,32,28,-0.01608758557579141,-0.06020383790196227,FET,4h,rsi_extreme,mean_reversion,1w,F,False,False
-0.2122,-0.3673,-0.6194,-0.9601,657,0.9688,0.4724,1.082,-0.000747,1.0717,0.1501,0.7611,4.0646,-0.8489,688,-0.000747,0.063864,-0.3069,0.75901625,330,358,-8.078563926321178e-05,-0.0013615382641416912,FET,4h,momentum,trend,1d,F,False,False
0.1853,0.2562,-0.4766,-0.9507,236,1.0514,0.5061,1.026,0.001955,1.1165,0.0534,-0.1798,5.7702,-0.717,245,0.001955,0.114149,0.268,0.78891658,102,143,0.0050288010676362484,-0.00023831494800616984,FET,4h,momentum,trend,3d,D,False,False
0.6031,0.9841,-0.0688,-0.8385,86,1.2736,0.486,1.3471,0.015084,1.6144,0.0233,0.4068,2.3739,-0.1169,107,0.015084,0.178851,0.8724,0.38496614,47,60,0.0239188144356088,0.00816303930498748,FET,4h,momentum,trend,1w,C,False,False
0.528,0.7449,0.1037,-0.7376,225,1.165,0.5021,1.1552,0.004064,1.1242,0.0517,0.5666,14.1665,0.1668,237,0.004064,0.081937,0.7636,0.44583975,119,118,0.0066609932226857765,0.0014458595256649676,FET,4h,range_breakout,trend,1d,C,False,False
-0.3328,-0.4385,-0.7577,-0.9691,140,0.8889,0.4384,1.1389,-0.005445,1.1769,0.0318,-0.9306,9.8488,-0.9375,146,-0.005445,0.136649,-0.4814,0.63093356,69,77,0.0020044756614668,-0.012119799482472436,FET,4h,range_breakout,trend,3d,F,False,False
0.6342,1.0903,0.0162,-0.7881,60,1.3231,0.5783,0.9648,0.019823,1.7833,0.0181,0.5124,2.5636,0.0269,83,0.019823,0.196859,0.9174,0.36163723,33,50,0.051994867364810626,-0.0014110222746657076,FET,4h,range_breakout,trend,1w,C,False,False
0.4877,0.8534,0.25,-0.4791,145,1.129,0.5132,1.0709,0.002514,0.9326,0.0578,1.1246,6.2673,0.267,265,0.002514,0.058005,0.7054,0.48115894,132,133,-0.0009451759062545379,0.005946420054375672,FET,4h,macd_scalp,trend,1d,D,False,False
0.3994,0.7857,-0.1181,-0.8017,136,1.1391,0.4819,1.2246,0.005453,1.2406,0.0362,1.7645,9.4779,-0.1879,166,0.005453,0.121626,0.5777,0.56428172,79,87,0.0027932192352719903,0.007868389320524498,FET,4h,macd_scalp,trend,3d,D,False,False
0.4493,0.7501,-0.2598,-0.8953,73,1.2126,0.4944,1.2401,0.013411,1.3241,0.0194,0.4446,2.8511,-0.4252,89,0.013411,0.194663,0.6499,0.51743586,39,50,0.016647481392626288,0.010885878233281578,FET,4h,macd_scalp,trend,1w,D,False,False
-1.2141,-1.3029,-0.6841,-0.863,72,0.5199,0.411,0.7452,-0.019698,0.7718,0.0159,-1.8736,8.2854,-0.8455,73,-0.019698,0.095833,-1.7562,0.08331119,36,37,-0.003977232444209157,-0.03499359965829097,FET,4h,keltner_mr,mean_reversion,1d,F,False,False
-0.8161,-1.0651,-0.6607,-0.8529,50,0.6485,0.4706,0.7295,-0.022909,0.6303,0.0111,-0.6008,0.3976,-0.8235,51,-0.022909,0.13859,-1.1805,0.24339412,27,24,0.03037134624220828,-0.08284952538095394,FET,4h,keltner_mr,mean_reversion,3d,F,False,False
-0.9437,-1.0931,-0.9696,-0.9995,41,0.506,0.4048,0.7441,-0.054008,0.7049,0.0092,-0.7688,4.0734,-0.9993,42,-0.054008,0.256425,-1.365,0.17971058,24,18,0.014622357221463447,-0.1455143206522135,FET,4h,keltner_mr,mean_reversion,1w,F,False,False
0.7373,2.2712,0.8894,-0.3062,13,1.8747,0.4737,2.0831,0.017506,1.1603,0.0083,3.1739,13.477,0.6552,38,0.017506,0.101187,1.0665,0.29312181,20,18,0.025843119403560228,0.008242138080045654,FET,4h,dual_ema_adx,trend,1d,C,False,False
0.2917,0.482,0.1033,-0.3383,13,1.2225,0.5135,1.1581,0.007686,0.8806,0.0081,0.7846,2.4693,0.0745,37,0.007686,0.110811,0.4219,0.67561496,20,17,0.022577683839947117,-0.009834463917339043,FET,4h,dual_ema_adx,trend,3d,D,False,False
0.8171,0.9162,0.5079,-0.6525,23,1.7262,0.7188,0.6755,0.030141,0.8638,0.007,-1.0821,1.2997,0.8201,32,0.030141,0.144269,1.1819,0.24625116,18,14,0.02086205085682863,0.04207151461903289,FET,4h,dual_ema_adx,trend,1w,C,False,False
0.393,0.7153,0.1268,-0.5834,67,1.1941,0.5,1.1941,0.004926,1.0555,0.0218,1.9117,10.917,0.161,100,0.004926,0.086654,0.5685,0.57098576,52,48,0.01236694490638651,-0.003134480501435173,FET,4h,vol_spike_brk,trend,1d,D,False,False
0.3219,0.6564,-0.0848,-0.723,75,1.146,0.4815,1.2341,0.006981,1.5044,0.0177,0.6753,0.6343,-0.124,81,0.006981,0.134951,0.4656,0.64278588,42,39,0.022553149596429692,-0.009788874203156226,FET,4h,vol_spike_brk,trend,3d,D,False,False
0.3231,0.5527,-0.3333,-0.8868,17,1.1822,0.5,1.1822,0.01358,1.758,0.0131,0.4421,1.5817,-0.5195,60,0.01358,0.225115,0.4673,0.64202353,29,31,0.039007429862381364,-0.010206828191885321,FET,4h,vol_spike_brk,trend,1w,D,False,False
-1.1167,-1.2736,-0.7331,-0.9352,216,0.732,0.4957,0.7449,-0.007592,0.7956,0.0502,-1.6006,10.2853,-0.9111,230,-0.007592,0.071283,-1.6152,0.10764752,130,100,-0.004464276749400619,-0.01165753474219639,FET,4h,stoch_cross,mean_reversion,1d,F,False,False
-0.414,-0.5464,-0.6584,-0.8695,139,0.8727,0.5071,0.8481,-0.005759,0.8117,0.0305,-0.4312,1.1927,-0.831,140,-0.005759,0.113787,-0.5988,0.55025135,83,57,-0.0019272193148389548,-0.011338457557534603,FET,4h,stoch_cross,mean_reversion,3d,F,False,False
-0.2343,-0.3407,-0.6784,-0.9359,83,0.9074,0.5238,0.8249,-0.006722,0.8996,0.0183,-0.2764,0.5007,-0.8786,84,-0.006722,0.181795,-0.3389,0.7355468,52,32,-0.004676427263150236,-0.01004624743318452,FET,4h,stoch_cross,mean_reversion,1w,F,False,False
-0.218,-0.2984,-0.5821,-0.757,227,0.9609,0.5019,0.9535,-0.000864,0.8967,0.1002,-0.5065,3.9431,-0.496,259,-0.000864,0.058763,-0.2367,0.8130941,164,95,-0.004141201554692132,0.004792932992697703,TIA,4h,vwap_mr,mean_reversion,1d,F,False,False
1.1843,2.0153,1.684,-0.5759,93,1.3602,0.5702,1.0254,0.011905,1.3771,0.0441,-0.0,0.8956,1.224,114,0.011905,0.098841,1.286,0.2010627,70,44,-0.0025690296797705767,0.034932382038321455,TIA,4h,vwap_mr,mean_reversion,3d,C,False,False
-0.2695,-0.4827,-0.5964,-0.7585,52,0.9061,0.4727,1.0106,-0.004973,0.9955,0.0213,0.1677,-0.4471,-0.5083,55,-0.004973,0.126025,-0.2926,0.77091633,34,21,-0.03701901247515034,0.0469111449482986,TIA,4h,vwap_mr,mean_reversion,1w,F,False,False
-0.5874,-0.7373,-0.7248,-0.7984,193,0.8886,0.487,0.9362,-0.002519,1.098,0.089,-1.078,6.0089,-0.6391,230,-0.002519,0.059892,-0.6378,0.52422341,119,111,-0.005155525152511272,0.00030782901129842684,TIA,4h,stoch_rsi,mean_reversion,1d,F,False,False
0.0343,0.0506,-0.3906,-0.811,101,1.0091,0.5045,0.991,0.000326,1.2503,0.043,-0.3703,0.9136,-0.3618,111,0.000326,0.092069,0.0373,0.97034639,58,53,-0.009438473753943456,0.01101080075057338,TIA,4h,stoch_rsi,mean_reversion,3d,D,False,False
0.4438,0.9598,0.0518,-0.5772,31,1.1729,0.5283,1.0472,0.008328,1.2089,0.0205,0.2006,-0.7654,0.0353,53,0.008328,0.125808,0.4819,0.63190374,30,23,-0.014323290498823102,0.037872346035690285,TIA,4h,stoch_rsi,mean_reversion,1w,D,False,False
-0.8238,-1.3033,-0.9147,-0.8048,337,0.8811,0.515,0.8298,-0.002662,0.8604,0.142,0.4582,3.2371,-0.7921,367,-0.002662,0.056997,-0.8946,0.37159482,110,257,-0.011636197215702528,0.0011796657699344377,TIA,4h,ema_ribbon,trend,1d,F,False,False
-0.7529,-1.0332,-0.8522,-0.8719,131,0.8273,0.5076,0.8026,-0.006999,0.8168,0.0511,-0.4244,1.0104,-0.7986,132,-0.006999,0.098357,-0.8175,0.41511948,39,93,-0.040021284563308085,0.006849552543980414,TIA,4h,ema_ribbon,trend,3d,F,False,False
-0.6538,-1.0254,-0.8989,-0.7929,59,0.7949,0.45,0.9716,-0.013342,0.9888,0.0232,-0.0827,-0.677,-0.7702,60,-0.013342,0.145564,-0.71,0.48051152,20,40,-0.06683011143972269,0.013401808785465985,TIA,4h,ema_ribbon,trend,1w,F,False,False
0.2165,0.4092,0.0322,-0.3927,46,1.0862,0.4762,1.1948,0.001554,1.243,0.0244,0.8649,1.7661,0.0149,63,0.001554,0.052464,0.2351,0.81490059,40,23,0.006561327512239148,-0.007154324508170169,TIA,4h,rsi_extreme,mean_reversion,1d,D,False,False
0.3519,0.5348,0.0731,-0.4885,37,1.1551,0.5217,1.0588,0.005319,0.8347,0.0178,-0.1101,0.3003,0.0423,46,0.005319,0.094398,0.3821,0.70415681,31,15,0.012065788430240736,-0.00862520046810782,TIA,4h,rsi_extreme,mean_reversion,3d,D,False,False
0.1428,0.2927,-0.1737,-0.5882,12,1.0652,0.5152,1.0025,0.003256,0.9485,0.0128,0.0227,-0.9243,-0.1193,33,0.003256,0.120645,0.155,0.87776292,20,13,-0.0256763530402667,0.04776760537583434,TIA,4h,rsi_extreme,mean_reversion,1w,D,False,False
-0.2183,-0.3113,-0.713,-0.8249,356,0.9669,0.4753,1.0672,-0.00075,1.3258,0.149,-0.1655,3.9321,-0.6486,385,-0.00075,0.062075,-0.237,0.81275814,180,205,-0.004677758644268114,0.002698989875404125,TIA,4h,momentum,trend,1d,F,False,False
-2.0506,-3.2985,-0.977,-0.9703,135,0.6115,0.4161,0.8582,-0.01972,0.7273,0.053,0.3562,1.1579,-0.9694,137,-0.01972,0.103656,-2.2267,0.02761047,66,71,-0.034967340956917004,-0.005545789222903446,TIA,4h,momentum,trend,3d,F,False,False
-0.7283,-1.076,-0.7962,-0.9037,58,0.7774,0.4833,0.831,-0.014301,0.7997,0.0232,-0.3852,-0.5384,-0.7766,60,-0.014301,0.140067,-0.7909,0.43219686,30,30,-0.046807929093734026,0.018206508695764116,TIA,4h,momentum,trend,1w,F,False,False
0.6039,1.1516,0.718,-0.2897,54,1.1627,0.5109,1.1128,0.003367,1.3448,0.053,0.8851,2.9008,0.2496,137,0.003367,0.060106,0.6557,0.51311351,57,80,0.0018618451401090806,0.0044398128458391405,TIA,4h,range_breakout,trend,1d,C,False,False
0.3635,0.6178,-0.1127,-0.5726,63,1.118,0.5116,1.0671,0.004468,1.0036,0.0333,0.3562,0.9979,-0.0757,86,0.004468,0.104977,0.3947,0.69405699,39,47,-0.014481736017324321,0.020192113287877574,TIA,4h,range_breakout,trend,3d,D,False,False
0.1067,0.1893,-0.4999,-0.4869,17,1.0421,0.5,1.0421,0.002188,1.1559,0.0193,0.1408,-0.7262,-0.2802,50,0.002188,0.133529,0.1159,0.9082352,26,24,-0.03786509464860704,0.045578688319474175,TIA,4h,range_breakout,trend,1w,D,False,False
1.3067,2.572,1.8515,-0.4838,71,1.3652,0.5034,1.347,0.006669,1.8603,0.0577,0.6044,0.7174,1.1258,149,0.006669,0.057376,1.4189,0.15804336,73,76,0.002375087388504266,0.010793938592693259,TIA,4h,macd_scalp,trend,1d,C,False,False
0.2156,0.3661,-0.2034,-0.641,59,1.0649,0.4783,1.1617,0.002192,1.2255,0.0356,0.1678,-0.0448,-0.1519,92,0.002192,0.089831,0.2341,0.81545129,38,54,-0.00803725733954171,0.00939079757903561,TIA,4h,macd_scalp,trend,3d,D,False,False
-0.4335,-0.6837,-0.7103,-0.7387,47,0.8397,0.4583,0.9924,-0.009102,0.8072,0.0186,0.0712,-0.0698,-0.5839,48,-0.009102,0.133949,-0.4708,0.63998163,28,20,-0.027884880355566615,0.01719445138872468,TIA,4h,macd_scalp,trend,1w,F,False,False
1.9885,4.8468,3.5564,-0.1321,11,2.962,0.6471,1.6156,0.014131,3.3089,0.0132,0.9471,1.2989,0.575,34,0.014131,0.038161,2.1593,0.03819402,23,11,0.014635460115503773,0.0130775806516771,TIA,4h,keltner_mr,mean_reversion,1d,A,True,False
2.1681,3.6482,8.7456,-0.1234,6,3.0425,0.7097,1.2446,0.030712,1.4815,0.012,0.1048,0.3911,1.3703,31,0.030712,0.072633,2.3543,0.02529997,21,10,0.04389816747679666,0.0030218993756206958,TIA,4h,keltner_mr,mean_reversion,3d,A,True,False
0.6441,1.1277,0.6425,-0.3317,30,1.3088,0.5385,1.1218,0.006532,0.8772,0.0201,0.9652,3.7491,0.2558,52,0.006532,0.06735,0.6994,0.48748496,19,33,-0.0007287987721270419,0.01071272276763908,TIA,4h,vol_spike_brk,trend,1d,C,False,False
0.6788,1.0027,0.9642,-0.2544,10,1.3402,0.5476,1.1071,0.010196,1.1183,0.0163,-0.3792,0.3933,0.2952,42,0.010196,0.089655,0.737,0.46529383,16,26,0.0017070293677737824,0.015420369047973413,TIA,4h,vol_spike_brk,trend,3d,C,False,False
0.191,0.3946,-0.2341,-0.3861,9,1.0943,0.5161,1.0259,0.004988,1.0232,0.012,0.2617,-0.3722,-0.1057,31,0.004988,0.133933,0.2074,0.8371252,14,17,-0.055431183917251894,0.05474532465383832,TIA,4h,vol_spike_brk,trend,1w,D,False,False
0.2403,0.3551,-0.0944,-0.503,118,1.069,0.4891,1.1169,0.001321,1.355,0.053,0.2926,4.142,-0.0558,137,0.001321,0.059236,0.261,0.79451024,82,55,0.00180873107118053,0.000593190255474917,TIA,4h,stoch_cross,mean_reversion,1d,D,False,False
-0.0318,-0.0496,-0.4184,-0.6834,72,0.9906,0.4706,1.1144,-0.000345,1.0016,0.0329,-0.2317,0.8108,-0.3277,85,-0.000345,0.092071,-0.0345,0.97256219,51,34,-0.006918116221829658,0.009515899978751578,TIA,4h,stoch_cross,mean_reversion,3d,F,False,False
-0.9982,-1.7819,-0.845,-0.7995,40,0.6828,0.4783,0.7448,-0.020301,0.8741,0.0178,0.0262,-0.9821,-0.7348,46,-0.020301,0.127032,-1.0839,0.28418274,26,20,-0.05572117609192779,0.025744550982813884,TIA,4h,stoch_cross,mean_reversion,1w,F,False,False
-0.1567,-0.2205,-0.5065,-0.7907,416,0.9718,0.4923,1.0023,-0.000622,0.9043,0.0988,-0.3234,1.9936,-0.6571,453,-0.000622,0.058395,-0.2267,0.82075997,251,202,-0.000749884452720017,-0.0004630408772295353,INJ,4h,vwap_mr,mean_reversion,1d,F,False,False
0.4047,0.635,-0.1191,-0.5822,96,1.1137,0.52,1.028,0.004025,1.1319,0.0436,-0.0647,0.4884,-0.1396,200,0.004025,0.097263,0.5853,0.55900791,113,87,0.0021612311830903103,0.00644676381409353,INJ,4h,vwap_mr,mean_reversion,3d,D,False,False
1.3667,2.6345,2.1276,-0.6801,30,1.703,0.5104,1.6334,0.030629,1.258,0.0209,0.4013,0.2831,5.5021,96,0.030629,0.151803,1.9769,0.05095194,50,46,0.012019652427689105,0.05085587561697173,INJ,4h,vwap_mr,mean_reversion,1w,C,False,False
-2.2194,-2.8145,-0.8997,-0.9916,418,0.6509,0.4415,0.8233,-0.009239,0.6905,0.0914,-0.7965,2.4795,-0.9905,419,-0.009239,0.058908,-3.2102,0.00142858,212,207,-0.012533329723078725,-0.005864177376558933,INJ,4h,stoch_rsi,mean_reversion,1d,F,False,False
-0.2716,-0.4137,-0.6133,-0.8794,196,0.9301,0.5025,0.9208,-0.002794,1.0916,0.0438,-0.1782,1.0142,-0.8024,201,-0.002794,0.100831,-0.3928,0.69488629,98,103,-0.007820570179911682,0.0019893167213464852,INJ,4h,stoch_rsi,mean_reversion,3d,F,False,False
0.1578,0.2248,-0.3432,-0.8011,71,1.0635,0.5258,0.9592,0.003203,0.9898,0.0212,-0.3522,0.9701,-0.4896,97,0.003203,0.138167,0.2283,0.81988817,49,48,-0.008630437074415385,0.015282877221198655,INJ,4h,stoch_rsi,mean_reversion,1w,D,False,False
-0.5132,-0.8028,-0.6791,-0.9144,623,0.9236,0.5008,0.9207,-0.001667,0.9148,0.1363,0.1886,1.916,-0.8686,625,-0.001667,0.056138,-0.7424,0.45815151,240,385,-0.0033355958921571843,-0.0006267734415166098,INJ,4h,ema_ribbon,trend,1d,F,False,False
-0.727,-1.1299,-0.7513,-0.9547,231,0.8417,0.5043,0.8273,-0.00659,0.9359,0.0506,-0.3156,0.5637,-0.9289,232,-0.00659,0.095466,-1.0515,0.29413148,94,138,-0.013644925499877952,-0.0017851180400737239,INJ,4h,ema_ribbon,trend,3d,F,False,False
-1.1918,-1.8241,-0.8358,-0.9908,103,0.6588,0.4571,0.7823,-0.023766,0.8095,0.0229,-0.2657,0.0303,-0.9749,105,-0.023766,0.141271,-1.7239,0.08770547,41,64,-0.047905100691835414,-0.00830213697606039,INJ,4h,ema_ribbon,trend,1w,F,False,False
-0.7906,-0.9965,-0.4497,-0.4024,38,0.6024,0.4,0.9036,-0.009108,0.7616,0.0087,-0.6317,1.2805,-0.3415,40,-0.009108,0.050373,-1.1435,0.25979622,19,21,-0.025834716995179356,0.0060263474523064835,INJ,4h,bollinger_mr,mean_reversion,1d,F,False,False
0.378,0.6332,0.176,-0.422,28,1.2412,0.6154,0.7758,0.007693,1.1524,0.0085,-0.3143,0.2555,0.1617,39,0.007693,0.087881,0.5467,0.58779392,18,21,-0.018083907184165707,0.02978750563753713,INJ,4h,bollinger_mr,mean_reversion,3d,D,False,False
-0.5888,-0.8822,-0.4817,-0.7582,28,0.6769,0.3667,1.1691,-0.021515,0.8328,0.0065,-0.0753,-0.8039,-0.6136,30,-0.021515,0.138375,-0.8516,0.40140461,13,17,-0.08054883778204097,0.023628465994889738,INJ,4h,bollinger_mr,mean_reversion,1w,F,False,False
-0.2151,-0.326,-0.2441,-0.5507,89,0.9233,0.5,0.9233,-0.001604,0.9051,0.0222,-0.099,0.0891,-0.2607,102,-0.001604,0.05206,-0.3111,0.75633723,58,44,0.0015309973727140411,-0.005736075960834457,INJ,4h,rsi_extreme,mean_reversion,1d,F,False,False
0.3706,0.5875,0.0983,-0.6054,68,1.1659,0.5195,1.0784,0.005224,1.1414,0.0168,-0.1522,-0.2085,0.1285,77,0.005224,0.085526,0.536,0.59351427,44,33,0.007984883768496563,0.0015434816300181249,INJ,4h,rsi_extreme,mean_reversion,3d,D,False,False
0.5978,1.1268,0.4438,-0.4559,46,1.3444,0.5536,1.0842,0.015078,0.9936,0.0122,0.3332,0.2445,0.4703,56,0.015078,0.130484,0.8647,0.39094971,32,24,0.015013557480950207,0.015163557534215102,INJ,4h,rsi_extreme,mean_reversion,1w,C,False,False
-0.8227,-1.4192,-0.7689,-0.9557,669,0.8868,0.4881,0.93,-0.002571,0.963,0.1466,0.4228,1.2666,-0.9378,672,-0.002571,0.055999,-1.19,0.23447698,313,359,-0.003503025620753343,-0.0017576456348860627,INJ,4h,momentum,trend,1d,F,False,False
-0.19,-0.2843,-0.5574,-0.8975,171,0.9565,0.5062,0.9332,-0.001616,0.8532,0.053,-0.3591,0.318,-0.7657,243,-0.001616,0.091655,-0.2748,0.78369215,114,129,-0.005374018598598309,0.0017053570397202753,INJ,4h,momentum,trend,3d,F,False,False
-0.9229,-1.4727,-0.7566,-0.9594,103,0.7201,0.4579,0.8523,-0.016559,1.0077,0.0233,0.0664,0.0452,-0.9333,107,-0.016559,0.128318,-1.3348,0.18478572,44,63,-0.03079217376380664,-0.006617973342995432,INJ,4h,momentum,trend,1w,F,False,False
-0.3029,-0.4967,-0.5214,-0.6287,172,0.9285,0.4861,0.9818,-0.001617,1.0052,0.0547,0.3969,1.1832,-0.5644,251,-0.001617,0.058459,-0.4382,0.66163645,121,130,-0.0029685869279797144,-0.00035867295667828876,INJ,4h,range_breakout,trend,1d,F,False,False
-0.0888,-0.142,-0.4581,-0.7813,109,0.9739,0.4841,1.038,-0.001011,0.8885,0.0342,0.0742,0.4557,-0.6042,157,-0.001011,0.098557,-0.1285,0.89794282,70,87,-0.0034611451125802725,0.0009612795656282754,INJ,4h,range_breakout,trend,3d,F,False,False
-0.5567,-0.8052,-0.6999,-0.9385,82,0.795,0.4881,0.8338,-0.013573,0.864,0.0183,-0.2444,0.1107,-0.8933,84,-0.013573,0.154499,-0.8052,0.42302641,39,45,-0.036267881153603444,0.00609628264147161,INJ,4h,range_breakout,trend,1w,F,False,False
-0.1707,-0.2574,-0.3149,-0.8323,239,0.9599,0.5138,0.9082,-0.000884,0.8692,0.0552,0.0189,1.0038,-0.4705,253,-0.000884,0.056971,-0.2469,0.80515005,128,125,-0.001219007637099933,-0.0005419583581877508,INJ,4h,macd_scalp,trend,1d,F,False,False
0.5943,1.0293,0.2465,-0.7135,129,1.1947,0.5093,1.151,0.006161,1.1462,0.0351,0.3407,0.8077,0.4035,161,0.006161,0.090945,0.8596,0.39131173,85,76,-0.0047638633089740375,0.01837943107018447,INJ,4h,macd_scalp,trend,3d,C,False,False
0.564,1.1888,0.1712,-0.756,64,1.2526,0.4767,1.3748,0.012576,1.4227,0.0188,0.6858,0.9494,0.29,86,0.012576,0.142949,0.8158,0.41687649,47,39,0.0011311521612126442,0.026367922240233987,INJ,4h,macd_scalp,trend,1w,C,False,False
0.1144,0.1715,-0.03,-0.4036,53,1.0571,0.4754,1.1665,0.001214,1.0553,0.0133,-0.202,0.2105,-0.0252,61,0.001214,0.057288,0.1655,0.86910789,34,27,-0.003945018231351771,0.0077104030830415235,INJ,4h,keltner_mr,mean_reversion,1d,D,False,False
0.5607,0.9655,0.396,-0.4311,34,1.329,0.5686,1.0082,0.011662,1.0563,0.0111,-0.0162,-0.2306,0.3907,51,0.011662,0.102687,0.811,0.42120533,30,21,0.016303768065837516,0.005029744321710153,INJ,4h,keltner_mr,mean_reversion,3d,C,False,False
0.9281,1.5274,1.1091,-0.4452,12,1.7634,0.5854,1.249,0.031211,1.0312,0.0089,0.3239,1.1758,1.3154,41,0.031211,0.148873,1.3424,0.18702797,23,18,0.011331677153821903,0.05661329672455742,INJ,4h,keltner_mr,mean_reversion,1w,C,False,False
0.8807,1.3642,0.8409,-0.2684,24,1.6705,0.5476,1.38,0.012006,1.2155,0.0092,-0.1232,0.4014,0.5307,42,0.012006,0.061083,1.2738,0.20989402,23,19,-0.00019835596541444676,0.026780445128273215,INJ,4h,dual_ema_adx,trend,1d,C,False,False
0.6557,0.9704,0.3863,-0.5237,29,1.4582,0.55,1.1931,0.014143,1.3046,0.0087,-0.4753,0.2625,0.4704,40,0.014143,0.094314,0.9484,0.34875457,22,18,-0.012162312092723832,0.0462943706031215,INJ,4h,dual_ema_adx,trend,3d,C,False,False
-0.0151,-0.0224,-0.2565,-0.7321,24,0.9908,0.6,0.6606,-0.000555,0.6748,0.0076,-0.54,-0.4214,-0.3529,35,-0.000555,0.149912,-0.0219,0.98266558,19,16,-0.05017448705785034,0.058368957901641205,INJ,4h,dual_ema_adx,trend,1w,F,False,False
-0.5684,-0.8158,-0.4896,-0.639,86,0.8043,0.5,0.8043,-0.005133,0.9436,0.0236,0.0589,1.4447,-0.5439,108,-0.005133,0.06489,-0.8221,0.41283035,52,56,-0.005881188356145917,-0.004439048263091058,INJ,4h,vol_spike_brk,trend,1d,F,False,False
-1.0351,-1.7796,-0.6704,-0.9036,60,0.6778,0.4667,0.7746,-0.016124,0.898,0.0196,0.0635,-0.4514,-0.8574,90,-0.016124,0.102171,-1.4971,0.13789681,43,47,-0.02021752002737105,-0.012378497957091384,INJ,4h,vol_spike_brk,trend,3d,F,False,False
-1.9651,-2.7315,-0.9212,-0.9948,64,0.3988,0.3636,0.6979,-0.059268,0.6128,0.0144,-0.2496,0.3809,-0.9944,66,-0.059268,0.169399,-2.8424,0.00597657,32,34,-0.07790497841886374,-0.041727491784978865,INJ,4h,vol_spike_brk,trend,1w,F,False,False
-0.665,-0.8557,-0.5544,-0.7573,234,0.8471,0.5081,0.82,-0.00321,0.7445,0.0537,-0.6646,1.7934,-0.6799,246,-0.00321,0.052349,-0.9619,0.33706565,136,110,-0.0069980434592532845,0.0014725531900029675,INJ,4h,stoch_cross,mean_reversion,1d,F,False,False
0.3182,0.4513,-0.0795,-0.7214,137,1.102,0.5411,0.9346,0.003506,0.9015,0.0318,-0.4222,0.1752,-0.1162,146,0.003506,0.09204,0.4603,0.64600338,80,66,-0.00550617608649637,0.014430100142134443,INJ,4h,stoch_cross,mean_reversion,3d,D,False,False
0.3431,0.575,-0.0786,-0.5954,59,1.1489,0.5122,1.0942,0.007041,0.9473,0.0179,-0.0195,-0.2861,-0.0954,82,0.007041,0.128491,0.4962,0.62109329,45,37,1.0738845303939451e-05,0.01559109000284322,INJ,4h,stoch_cross,mean_reversion,1w,D,False,False
