strategy,variant,strategy_type,timeframe,asset,holding_period,holding_bars,n_trades,n_long,n_short,mean_return,std_return,sharpe,t_stat,p_value,win_rate,max_drawdown,profit_factor,total_return,mean_long,mean_short,mean_price_ret,mean_funding_ret,total_funding_pnl,test_bars
funding_carry,simple_0.01_7d,carry,1d,BTC,3d,3,39,0,39,-0.010956590008381827,0.04986690583870344,-0.7248328251203897,-1.372130103538733,0.17806916440629944,0.3333333333333333,-0.38316470829292293,0.5524724132386742,-0.3798707863616463,0.0,-0.010956590008381827,-0.010578467700689521,0.0006218776923076925,0.024253230000000004,1308
funding_carry,zscore_1.5,carry,1d,BTC,3d,3,61,37,24,-0.007901992234110143,0.05048886158436053,-0.6457263335806972,-1.2223791614385102,0.22634452630820578,0.4426229508196721,-0.40155919412030683,0.645208029604601,-0.4312305010469357,-0.002140641299428704,-0.01678407492507736,-0.007107034365257683,0.00020504213114754097,0.012507569999999999,1308
funding_carry,zscore_1.5,carry,1d,BTC,1w,7,39,22,17,-0.015860928731568278,0.07002687212304258,-0.7472032448412828,-1.4144779736462099,0.16536358884665028,0.358974358974359,-0.458405139878701,0.5364131546950713,-0.5146267262270153,-0.006911062385918574,-0.027443108708291437,-0.015181635654645202,0.00032070692307692303,0.012507569999999999,1308
funding_carry,extreme_90,carry,1d,BTC,3d,3,52,40,12,-0.004218097032184664,0.052314386948940285,-0.307142318041465,-0.5814295463031268,0.563512091758188,0.5192307692307693,-0.3714835194701157,0.788701379427606,-0.2539853946650321,0.0013294757755259322,-0.02271000639121999,-0.003349685493723126,0.00013158846153846153,0.006842599999999999,1308
funding_carry,extreme_90,carry,1d,BTC,1w,7,30,24,6,-0.003128594062717446,0.0618524189996412,-0.14635100704334683,-0.2770468106408284,0.7837094271383,0.4666666666666667,-0.31141949051977624,0.8777810944953053,-0.1395579963419461,0.004816543739582264,-0.0349091452719163,-0.0023509237293841134,0.0002223296666666667,0.006669890000000001,1308
funding_carry,simple_0.01_7d,carry,1d,ETH,3d,3,39,0,39,-0.004880214148655978,0.053758489241537935,-0.29947921637464137,-0.5669230668514269,0.5741002518249977,0.3333333333333333,-0.2809093982089028,0.7895474057585627,-0.21691017559744596,0.0,-0.004880214148655978,-0.004524533892245719,0.0006443197435897436,0.02512847,1308
funding_carry,zscore_1.5,carry,1d,ETH,3d,3,55,31,24,0.004585965493640005,0.06719126051548938,0.2673879915012282,0.5061734233720113,0.6147952611181787,0.4909090909090909,-0.24073119156122402,1.1806454853794472,0.1413669483618969,0.014140635864800513,-0.007755483735775647,0.005353649311821825,0.0002323161818181818,0.01277739,1308
funding_carry,zscore_1.5,carry,1d,ETH,1w,7,34,20,14,-0.0010436845749101527,0.11099973646385772,-0.02896205246627208,-0.05482602701200741,0.95660765548908,0.47058823529411764,-0.40841397533656254,0.9766746499164828,-0.2262002894755354,0.005341980559197287,-0.010166063337920778,-0.0004194901631454444,0.00037580558823529413,0.01277739,1308
funding_carry,zscore_2.0,carry,1d,ETH,3d,3,30,18,12,-0.015054404170037975,0.05197771065905168,-0.8380107925588932,-1.58637936322686,0.12349851356828496,0.3333333333333333,-0.35807012429366625,0.49721328610315485,-0.39012228795161064,-0.006002521042312795,-0.02863222886162575,-0.014334671836704642,0.0002802676666666667,0.00840803,1308
funding_carry,extreme_90,carry,1d,ETH,3d,3,59,50,9,-0.006646246377349933,0.07288464544490171,-0.37000616237071043,-0.7004326739746743,0.4864574904312324,0.4915254237288136,-0.5200747001155819,0.7806917819352733,-0.42505974658827883,-0.005642810807668409,-0.01222088843113618,-0.0057825667163329845,0.00013632033898305085,0.0080429,1308
funding_carry,extreme_90,carry,1d,ETH,1w,7,35,30,5,-0.004096725315749228,0.12406693804522005,-0.10319469314503754,-0.19535062442326606,0.8462812372486536,0.45714285714285713,-0.4625479952657231,0.9132297356987222,-0.3366387197634879,0.0019249794724148209,-0.040226954044733546,-0.0033253501728920864,0.00022862485714285718,0.008001870000000001,1308
funding_carry,simple_0.01_7d,carry,1d,SOL,3d,3,48,6,42,0.001665054686678387,0.07478736130954199,0.08992184347227244,0.15424848606550234,0.8780742672631253,0.5,-0.4874833407483551,1.056942844630487,-0.05093049223983592,-0.0013409934407754228,0.002094490133457502,0.0019462857283450545,0.0007187689583333334,0.03450091,1074
funding_carry,zscore_1.5,carry,1d,SOL,3d,3,49,36,13,-0.0037421223554902966,0.07517819224276663,-0.20312736586894584,-0.3484369031359949,0.7290357567315926,0.4897959183673469,-0.314524288157643,0.8802639577957027,-0.27467507533824365,0.0005224869032589863,-0.015551809533565228,-0.003136218273857642,0.0003940959183673469,0.0193107,1074
funding_carry,zscore_1.5,carry,1d,SOL,1w,7,33,25,8,-0.017899088595128648,0.11094115503053326,-0.5403056339094261,-0.9268195893791809,0.3609581146747436,0.48484848484848486,-0.5370164218416863,0.6627596118602513,-0.5509004001820594,-0.0003822873332693169,-0.07263909253843905,-0.017484261322401374,0.0005851727272727273,0.0193107,1074
funding_carry,extreme_90,carry,1d,SOL,3d,3,73,59,14,-0.004202013126045724,0.08437437205435373,-0.24805762006403584,-0.42550854024347723,0.6717351752444007,0.4794520547945205,-0.6629247254147899,0.874402787161848,-0.42821295667961523,-0.005001496371421158,-0.0008327623062492559,-0.003436382304127916,0.00023436917808219174,0.017108949999999998,1074
funding_carry,extreme_90,carry,1d,SOL,1w,7,43,35,8,-0.014034629473009999,0.11906867308352058,-0.45059042302337365,-0.7729255529375462,0.4438947382049707,0.4883720930232558,-0.7606051099117284,0.7275051294351375,-0.5994027102782771,-0.01621410337974178,-0.004499431131058437,-0.013432512031149533,0.000397882558139535,0.017108950000000005,1074
funding_carry,simple_0.01_7d,carry,1d,AVAX,3d,3,67,29,38,0.00486922696448313,0.08551645676877384,0.2832798484012217,0.46606632146108185,0.6427025823023488,0.5074626865671642,-0.404779987007299,1.1516174748752201,0.08753918416838236,0.0057285597393488055,0.00421342037313827,0.005286092486871191,0.0005831344776119404,0.03907001,988
funding_carry,simple_0.01_7d,carry,1d,AVAX,1w,7,32,15,17,0.016413684516426087,0.1553709027676788,0.3632280185737555,0.5976010910190025,0.5544468361017503,0.46875,-0.44036759385595503,1.3023045481891329,0.1674442748013394,0.008000328040719092,0.023837234347932255,0.01619274670392609,0.0012209378125,0.03907001,988
funding_carry,zscore_1.5,carry,1d,AVAX,3d,3,58,46,12,-0.013691301789833708,0.08582871120325314,-0.7384041161498659,-1.2148597653803501,0.22942821959070325,0.4482758620689655,-0.6382805204224036,0.6566187361464705,-0.6387906636722875,-0.01321509452661645,-0.01551676296549987,-0.013150411617419916,0.0004591098275862069,0.02662837,988
funding_carry,zscore_1.5,carry,1d,AVAX,1w,7,37,30,7,-0.02792406810602312,0.1338147778543714,-0.771513328212922,-1.2693327141615416,0.21246741483248419,0.40540540540540543,-0.7819699243352162,0.5908496815872465,-0.7477757285046374,-0.013297212887609102,-0.09061059047065463,-0.027643753781698796,0.0007196856756756757,0.026628370000000002,988
funding_carry,zscore_2.0,carry,1d,AVAX,3d,3,34,26,8,0.0006576319489146144,0.08126748847539787,0.028679626025250413,0.047185169993229636,0.962650054803699,0.5882352941176471,-0.22322718489077742,1.0211497473621145,-0.08338207873161463,-0.004201573962244503,0.01645005116018175,0.0011390513606793218,0.0005185805882352942,0.017631740000000003,988
funding_carry,extreme_90,carry,1d,AVAX,3d,3,52,44,8,-0.014781308239788748,0.09703768001474156,-0.667639618805691,-1.0984344384346447,0.27717357872236953,0.36538461538461536,-0.5960246304284897,0.6676298687587531,-0.6383945541578888,-0.016303536039889193,-0.006409055339236313,-0.014217105162865671,0.000435796923076923,0.022661439999999998,988
funding_carry,extreme_90,carry,1d,AVAX,1w,7,33,29,4,-0.029638229897516646,0.13456665845954607,-0.769023699801918,-1.265236651692325,0.21492241270572035,0.3939393939393939,-0.7648118367510056,0.5646760258780129,-0.7261357131116527,-0.028086570467673475,-0.040887760763879635,-0.029324940200546948,0.0006867103030303031,0.02266144,988
funding_carry,simple_0.01_7d,carry,1d,LINK,3d,3,39,0,39,-0.00031490259337811177,0.09234827899657132,-0.011249217004995102,-0.021295102482741305,0.9831216791570859,0.48717948717948717,-0.5376800684045921,0.9901123739646881,-0.16074001060703036,0.0,-0.00031490259337811177,3.6722784167598805e-06,0.0006814251282051282,0.02657558,1308
funding_carry,zscore_1.5,carry,1d,LINK,3d,3,59,46,13,-0.026844701377272878,0.08400533920346345,-1.2966425033215476,-2.454582837138771,0.017126523202255637,0.3389830508474576,-0.842697460861603,0.4100353696007293,-0.8388614139127495,-0.02497090379944353,-0.03347506203728444,-0.02611036290269662,0.00026566152542372877,0.01567403,1308
funding_carry,zscore_1.5,carry,1d,LINK,1w,7,40,33,7,-0.0419206200613078,0.11510937083830183,-1.216716992918006,-2.303281467961427,0.026681324383537933,0.425,-0.8657707293789023,0.4078799729458969,-0.8641354175159934,-0.035426615530529525,-0.0725352128492625,-0.0413124708113078,0.00039185074999999994,0.01567403,1308
funding_carry,zscore_2.0,carry,1d,LINK,3d,3,35,24,11,-0.03510546959345499,0.0894915604598629,-1.225940205664215,-2.320741284103602,0.026432772746699966,0.3142857142857143,-0.7522647878032337,0.33173204240879095,-0.7544161239295472,-0.03470953080615786,-0.03596933603846691,-0.034461830450597856,0.0003563608571428572,0.012472630000000002,1308
funding_carry,extreme_90,carry,1d,LINK,3d,3,58,49,9,-0.026010627510649118,0.07883683160588204,-1.327327904773758,-2.5126712150550943,0.014835660810203908,0.3275862068965517,-0.8189298416497927,0.4028236300228203,-0.8197590930046889,-0.02503928932133554,-0.03129902431913417,-0.02520609078651119,0.00019546327586206894,0.011336869999999999,1308
funding_carry,extreme_90,carry,1d,LINK,1w,7,37,33,4,-0.035155299707959164,0.11895892465111423,-0.949592328410578,-1.7976065304233146,0.08063145369185264,0.4594594594594595,-0.7593669823334239,0.4797787890129339,-0.7989166172622375,-0.03123929661403317,-0.06746232523284858,-0.034461701599851055,0.0003064018918918919,0.01133687,1308
funding_carry,simple_0.01_7d,carry,1d,OP,3d,3,38,1,37,0.009170919424323127,0.10228930112089359,0.3932359952635273,0.5526809109056487,0.5838057301723538,0.5526315789473685,-0.39710722347690464,1.267164446373007,0.17203241547553327,-0.03172999221329331,0.010276349468583029,0.0094131410032705,0.0007577784210526316,0.02879558,721
funding_carry,zscore_1.5,carry,1d,OP,3d,3,56,46,10,0.0070067380910067475,0.11371475243199707,0.3280740555165916,0.4610978395452032,0.6465467023794486,0.5178571428571429,-0.3360738323009702,1.1888803269207489,0.0688559827774764,0.011169415344471337,-0.012141577274930362,0.007702057019578177,0.00030468107142857145,0.01706214,721
funding_carry,zscore_1.5,carry,1d,OP,1w,7,37,31,6,-0.03021306096346201,0.0961303047469859,-1.3602353896068446,-1.9117683610581173,0.06389100254017151,0.32432432432432434,-0.7272817288789531,0.43776746501002534,-0.7320613774039272,-0.025825177323454875,-0.05288379310349891,-0.029668870963462015,0.00045581,0.01686497,721
funding_carry,zscore_1.5,carry,1d,OP,2w,14,30,27,3,-0.02811020484432137,0.1579724236570991,-0.6934611833675969,-0.9746380369998143,0.33780015430042,0.43333333333333335,-0.7475380048439877,0.6451028220600715,-0.7157767552139784,-0.01700653261255029,-0.1280432549302611,-0.02767237051098804,0.0005621656666666666,0.01686497,721
funding_carry,zscore_2.0,carry,1d,OP,3d,3,32,23,9,0.03165548635554464,0.12079541154367816,1.0547568187610736,1.482427769579319,0.14832186967786928,0.53125,-0.20008295773069418,2.3506843844924528,1.2497919800491504,0.044458390711261155,-0.001063046997953121,0.03225684323054464,0.000398643125,0.01275658,721
funding_carry,extreme_90,carry,1d,OP,3d,3,67,59,8,4.087199423378066e-05,0.10813887432491887,0.002201203451733865,0.0030937227096355974,0.9975409024814149,0.47761194029850745,-0.4786156485657108,1.0010561001819902,-0.29973626539806075,0.002486298293303378,-0.017994146961404472,0.0008489548300546788,0.00019191716417910445,0.012858449999999999,721
funding_carry,extreme_90,carry,1d,OP,1w,7,42,38,4,-0.03247309263495095,0.12181230029648536,-1.2292379283875625,-1.727655520257565,0.09157681371305221,0.38095238095238093,-0.7908461928959275,0.47985021164472025,-0.8168646493060417,-0.027698763524864566,-0.07782921918077147,-0.031774551682569985,0.0003014590476190476,0.01266128,721
funding_carry,simple_0.01_7d,carry,1d,ARB,3d,3,40,0,40,0.011188708450923101,0.3127324423874162,0.1195307313270011,0.22627523073963607,0.8221691233689762,0.4,-0.8577979962337029,1.187014142192462,-0.6897078510658792,0.0,0.011188708450923101,0.011356701200923098,0.0008320072500000001,0.033280290000000004,1308
funding_carry,zscore_1.5,carry,1d,ARB,3d,3,46,35,11,-0.028857523860222577,0.11949899051295985,-0.8651995860197361,-1.6378485581827082,0.10842805349610428,0.17391304347826086,-0.8218284347413695,0.269967471763723,-0.8414767925137048,-0.015122193251068469,-0.07256084852571293,-0.028174942121092145,0.00031741826086956524,0.014601240000000001,1308
funding_carry,zscore_1.5,carry,1d,ARB,1w,7,32,26,6,0.01563375568315408,0.2654735867703106,0.1759784761026854,0.3331324910613154,0.7412769310231958,0.1875,-0.6316151901708392,1.3679507603391543,-0.24696752348477924,0.036846742400020734,-0.07628918675660144,0.01617943662065408,0.00045431906250000003,0.014538210000000001,1308
funding_carry,zscore_2.0,carry,1d,ARB,3d,3,33,22,11,-0.03582615512170807,0.13634417213126315,-0.7973759872972708,-1.5094564678797215,0.14099385977502982,0.18181818181818182,-0.7982992328346482,0.2389887271460906,-0.8120987943433089,-0.01737170751212862,-0.07273505034086697,-0.03518655966716262,0.0003604045454545455,0.011893350000000002,1308
funding_carry,extreme_90,carry,1d,ARB,3d,3,59,49,10,-0.0005519191741224075,0.16972167649451309,-0.013194919198786433,-0.02497837462508531,0.9801579548848122,0.22033898305084745,-0.701329843416379,0.9808221510608494,-0.5725893682140146,-0.007843187544734766,0.03517529584187814,0.0002659581140131852,0.00018212271186440678,0.01074524,1308
funding_carry,extreme_90,carry,1d,ARB,1w,7,37,32,5,0.017120363295705408,0.23407374498342517,0.2350193901245415,0.44489869791925585,0.6590565305172653,0.21621621621621623,-0.5974969625556793,1.5593190561894739,-0.08099942257880954,0.02755864674535773,-0.04968465078206945,0.017831654917327022,0.00028870837837837837,0.01068221,1308
funding_carry,simple_0.03,carry,1d,FET,3d,3,37,20,17,-0.03697780001304818,0.11031853520609368,-1.4074257484822472,-2.038888351372945,0.0488557381380144,0.43243243243243246,-0.76170119812266,0.3702957026001481,-0.8097352657049434,-0.012764575888947879,-0.06546394604140143,-0.03720952379683194,0.0012317237837837839,0.04557378,766
funding_carry,simple_0.01_7d,carry,1d,FET,3d,3,97,55,42,-0.012723323754172932,0.10972072607146584,-0.7883695104351901,-1.1420832773148426,0.25625998916114284,0.38144329896907214,-0.8166095208711764,0.7371537336990256,-0.8411880289418477,-0.011169622494317223,-0.014757932546841128,-0.012469626228399736,0.0007463024742268041,0.07239134,766
funding_carry,simple_0.01_7d,carry,1d,FET,1w,7,45,26,19,-0.0030452277640434376,0.1898522680278052,-0.07427493754479833,-0.10759949867504678,0.9148025455713183,0.4444444444444444,-0.6237834854016828,0.9577962869842845,-0.6162718798026634,0.0024691993315027294,-0.01059128589479082,-0.003637429986265656,0.001592202222222222,0.0716491,766
funding_carry,zscore_1.5,carry,1d,FET,3d,3,50,39,11,-0.026533046325302866,0.1181496057316187,-1.0961547954324824,-1.5879610317766415,0.11872777558184895,0.4,-0.782448106575411,0.540236699924499,-0.8218901256110421,-0.020077974250229138,-0.049419210955109726,-0.02633845352530287,0.0008054072000000001,0.040270360000000005,766
funding_carry,zscore_1.5,carry,1d,FET,1w,7,35,29,6,-0.045304095132575495,0.1915707176321339,-0.9657715419267362,-1.399079382372652,0.17084619930371903,0.3142857142857143,-0.8375722442344982,0.5500853298276792,-0.8982165307980889,-0.019353580202146586,-0.1707315839629819,-0.04545467684686121,0.0011505817142857143,0.04027036,766
funding_carry,zscore_2.0,carry,1d,FET,3d,3,38,30,8,-0.028033080306505427,0.10850634469366373,-1.0993589931144119,-1.5926028406509125,0.11975778815849743,0.39473684210526316,-0.6616816023001131,0.48065236591134075,-0.7368733880814651,-0.01907213562617986,-0.061636622857726316,-0.027850120306505424,0.0008170400000000001,0.031047520000000002,766
funding_carry,extreme_90,carry,1d,FET,3d,3,61,51,10,-0.014631038844906073,0.09429371105117297,-0.8365451775570925,-1.211873677711021,0.23031166318744772,0.3770491803278688,-0.7351987528017712,0.6757925678792251,-0.6895891762186579,-0.01249804612570517,-0.025509301712830675,-0.01421834851703722,0.0005873096721311476,0.03582589,766
funding_carry,extreme_90,carry,1d,FET,1w,7,39,33,6,-0.010360917510255202,0.1656117723470878,-0.2696940480620794,-0.39069631461650406,0.6982035620972111,0.4358974358974359,-0.7773271203306349,0.8406875578836543,-0.5930961591279245,-0.007933773687553608,-0.023710208535113953,-0.010279530074357765,0.0009186125641025641,0.03582589,766
funding_carry,simple_0.01_7d,carry,1d,TIA,3d,3,69,43,26,63.91943272348971,530.4739901723166,0.7087190478639438,1.0009061612854069,0.3204206596454943,0.5217391304347826,-5.348069248573236,1048.3608833238231,-7.744305190553869,0.009508480206177911,169.61661512584325,63.91967648146071,0.0007562420289855073,0.0521807,728
funding_carry,simple_0.01_7d,carry,1d,TIA,1w,7,34,22,12,0.03669461299740034,0.2403926061471805,0.6302333878757449,0.8900628293734067,0.37987527845721764,0.6176470588235294,-0.7208898185634909,1.5025676230881988,0.3630780442719266,0.0304258595528652,0.04818732764571474,0.0361598865268121,0.0015347264705882352,0.052180699999999997,728
funding_carry,zscore_1.5,carry,1d,TIA,3d,3,40,37,3,11.48960524953188,72.1834500049962,0.7128172660271441,1.0066939721565866,0.32028724988055035,0.55,-0.44049800166455977,265.3253881001346,2751.177062992761,12.385504373677355,0.44018271840436074,11.48981897478188,0.0007862747499999999,0.03145099,728
funding_carry,zscore_2.0,carry,1d,TIA,3d,3,31,30,1,14.796344040739289,81.99613142813612,0.7114143931461087,1.0047127299219367,0.32307070396976956,0.41935483870967744,-0.5227031550289079,280.51381576478656,1203.4359313003508,15.25506654129335,1.0346690241174095,14.796507712029609,0.0008363287096774193,0.025926189999999998,728
funding_carry,extreme_90,carry,1d,TIA,3d,3,45,33,12,0.015119306077394522,0.13700256348509743,0.5241917301779269,0.7403028520416842,0.4630484646641062,0.5333333333333333,-0.4413773727806716,1.3486833343823847,0.32568237872579364,0.01067723251242983,0.027335008381047434,0.015364221855172302,0.0007550842222222222,0.03397879,728
funding_carry,extreme_90,carry,1d,TAO,3d,3,31,29,2,0.0036204944612579244,0.0955139830475796,0.2140001284341112,0.21104826114490227,0.8342766946034998,0.45161290322580644,-0.5175880991982449,1.110903686133878,-0.01767034204221285,0.0037783592345882475,0.0013314552479682766,0.00433911026770954,0.0002813841935483871,0.00872291,355
funding_carry,simple_0.01_7d,carry,1d,INJ,3d,3,45,6,39,0.011586193621640204,0.09896293863218768,0.4797902969422356,0.78537026779545,0.43644525560309566,0.5333333333333333,-0.42913766530503206,1.3260182373632634,0.36297166732018415,0.0554998297079721,0.004830249608358371,0.011872702732751315,0.0007134908888888888,0.03210709,978
funding_carry,zscore_1.5,carry,1d,INJ,3d,3,47,38,9,-0.001196684174210145,0.08117702396408849,-0.06174081469557637,-0.10106373655408031,0.9199390939420402,0.5106382978723404,-0.5038673199960266,0.9631999516643723,-0.190416954901808,-0.00735605346867903,0.02480954173576958,-0.0005647641742101465,0.00036808000000000007,0.017299760000000004,978
funding_carry,zscore_1.5,carry,1d,INJ,1w,7,33,28,5,-0.0348370822870983,0.12355354716046697,-0.9895107821584641,-1.6197333562663547,0.11510441447307013,0.3333333333333333,-0.8214444163849806,0.4953644452795613,-0.7630342995019613,-0.04745846510627979,0.035842661500317986,-0.03436131743861345,0.0005242351515151515,0.01729976,978
funding_carry,zscore_2.0,carry,1d,INJ,3d,3,31,25,6,-0.01565221242030757,0.07370753144293576,-0.7223068251388306,-1.1823463465291009,0.24635498924360713,0.45161290322580644,-0.5105458265255498,0.5730821942413761,-0.4371922968662115,-0.016400890764516854,-0.012532719319435537,-0.015092307259017244,0.00044009483870967737,0.01364294,978
funding_carry,extreme_90,carry,1d,INJ,3d,3,60,52,8,0.004876704715649977,0.10895368455056634,0.21180546826733818,0.34670504675438923,0.7300464560307836,0.45,-0.4593787137569655,1.1288834409444202,-0.04390621044609355,0.003256175442802464,0.015410144989158782,0.005608337548983307,0.0002683671666666667,0.01610203,978
funding_carry,extreme_90,carry,1d,INJ,1w,7,38,33,5,-0.003203149362962923,0.12799412638605098,-0.09424448660990045,-0.15426910081087677,0.8782359789754925,0.47368421052631576,-0.6201196941813347,0.9411891601599025,-0.3496695535424924,-0.0013983503265487527,-0.015114823003296474,-0.0026268869945418735,0.00042373763157894744,0.016102030000000003,978
nr_trend,nr4_ema50,breakout,1d,BTC,3d,3,62,32,30,-0.000680637725479594,0.039660313193213156,-0.07138357305078613,-0.13513122762462015,0.8929530380551288,0.41935483870967744,-0.2746504772691374,0.9522263829837849,-0.08590713894997415,0.013191873302799539,-0.015477982822310669,0.00031936227452040685,0.0,0.0,1308
nr_trend,nr4_ema50,breakout,1d,BTC,1w,7,54,30,24,0.0011969927296534382,0.06564307898574012,0.07078512597427486,0.13399834950348996,0.8939114208983215,0.46296296296296297,-0.3720922895807959,1.0506044816020217,-0.048525929869597806,0.014076512633081583,-0.014902407149631744,0.002196992729653439,0.0,0.0,1308
nr_trend,nr4_ema50,breakout,1d,BTC,2w,14,43,21,22,-0.0037815757833987457,0.09381516065352472,-0.1396293028218951,-0.26432242456214133,0.7928242559282551,0.4186046511627907,-0.5968516517261926,0.8852581663927256,-0.2893137189948013,0.012436865140398672,-0.019262814847023555,-0.002781575783398745,0.0,0.0,1308
nr_trend,nr4_ema50_adx,breakout,1d,BTC,3d,3,37,19,18,-0.008767942713586746,0.04224217617076313,-0.6669524042529658,-1.2625607447497005,0.21486459739129696,0.3783783783783784,-0.29384503057120914,0.5399865666640278,-0.3009634935587223,0.009536664463740662,-0.028089472511876785,-0.007767942713586744,0.0,0.0,1308
nr_trend,nr4_ema50_adx,breakout,1d,BTC,1w,7,34,17,17,-0.0050317416683029826,0.07013638411943757,-0.22098204222689452,-0.41832558070287085,0.6784190204203827,0.38235294117647056,-0.4417415978624012,0.8196782247529144,-0.22299700042244475,0.006453046583931578,-0.016516529920537544,-0.004031741668302982,0.0,0.0,1308
nr_trend,nr4_ema20,breakout,1d,BTC,3d,3,86,47,39,-0.0006247581481038177,0.04408242331715978,-0.06942857539356904,-0.13143035889344795,0.8957454642060085,0.4186046511627907,-0.3161662516151079,0.9572197078614451,-0.1252782374701732,0.007693807743192655,-0.010649696529922644,0.0003752418518961831,0.0,0.0,1308
nr_trend,nr4_ema20,breakout,1d,BTC,1w,7,72,40,32,0.0017156266529606834,0.07280652846620145,0.10562367387268556,0.19994875720894348,0.8420922456352159,0.4722222222222222,-0.4244443581934887,1.0687921126897537,-0.057952512132988465,0.011679500155862384,-0.010739215225666444,0.0027156266529606843,0.0,0.0,1308
nr_trend,nr4_ema20,breakout,1d,BTC,2w,14,49,27,22,0.01753471179316997,0.10502988620498262,0.6173427288897768,1.1686481532755089,0.24831683438896884,0.5510204081632653,-0.3742727297688758,1.6681752767619813,0.8421071482777418,0.03388710056833295,-0.0025341289763482285,0.018534711793169973,0.0,0.0,1308
nr_trend,nr4_ema50_relaxed,breakout,1d,BTC,3d,3,111,66,45,-0.001088656192073886,0.04594239791285826,-0.13188066784755906,-0.249654028014491,0.8033205284668848,0.38738738738738737,-0.3993407631508329,0.9322695858454828,-0.20783749710860722,0.006335828859870879,-0.011977900934926209,-8.865619207388509e-05,0.0,0.0,1308
nr_trend,nr4_ema50_relaxed,breakout,1d,BTC,1w,7,89,54,35,0.001389061568781637,0.06500764926002545,0.10648651096287856,0.20158213349223608,0.8407086570889531,0.449438202247191,-0.37622368397106887,1.0609031591698213,-0.05731043226847621,0.010675697003809034,-0.012938890245260633,0.002389061568781638,0.0,0.0,1308
nr_trend,nr4_ema50_relaxed,breakout,1d,BTC,2w,14,62,36,26,0.021725510218383832,0.09592035365765778,0.9421013327903975,1.783425852838495,0.07949184739849974,0.532258064516129,-0.30461953320485124,1.9791471695550544,1.935431962727976,0.034590291273714296,0.003912736449464724,0.022725510218383833,0.0,0.0,1308
nr_trend,nr7_ema50,breakout,1d,BTC,3d,3,42,20,22,-0.002840050953550618,0.046119627334120276,-0.21081793154285697,-0.3990846167703238,0.6919020196900159,0.40476190476190477,-0.28554440950762205,0.8443260187580659,-0.15019943323304175,0.017244345879974383,-0.021098593529482436,-0.0018400509535506173,0.0,0.0,1308
nr_trend,nr7_ema50,breakout,1d,BTC,1w,7,38,19,19,0.005567443605992025,0.07014929601308145,0.2584442464226421,0.4892426478395069,0.6275578137409982,0.47368421052631576,-0.44159778794462223,1.234901655247474,0.12843468802646907,0.018559035839962452,-0.007424148627978402,0.006567443605992026,0.0,0.0,1308
nr_trend,nr7_ema50,breakout,1d,BTC,2w,14,35,17,18,-0.0014788119333370067,0.10289861777289327,-0.04491381935543609,-0.08502319633807777,0.9327416404249061,0.42857142857142855,-0.621452093248548,0.9584279914432612,-0.20174413795549162,0.013723773842703284,-0.015836809610708394,-0.0004788119333370057,0.0,0.0,1308
nr_trend,nr7_ema20,breakout,1d,BTC,3d,3,61,32,29,0.0012596860553532514,0.049460532720056335,0.10507780929115622,0.19891541931527457,0.8430014318113948,0.4262295081967213,-0.29111984589584805,1.0800199065375378,0.00614907799283726,0.012147587102563272,-0.01075454958294746,0.0022596860553532523,0.0,0.0,1308
nr_trend,nr7_ema20,breakout,1d,BTC,1w,7,56,30,26,0.007076146261310237,0.07465703631221975,0.37468182695286645,0.7092838461413883,0.48114440392256513,0.5,-0.3317414719014723,1.3126610333164577,0.28132409387094315,0.018598220676536176,-0.006218554987027387,0.008076146261310238,0.0,0.0,1308
nr_trend,nr7_ema20,breakout,1d,BTC,2w,14,43,22,21,0.03230298696756381,0.11450383109879533,0.9772359891253112,1.8499368026242133,0.0713666999209001,0.5813953488372093,-0.36564721142437195,2.4594461663089913,2.0741747047278274,0.056399803275317566,0.0070587032165836715,0.033302986967563813,0.0,0.0,1308
nr_trend,nr4_ema50,breakout,1d,ETH,3d,3,63,28,35,0.00359811729111191,0.04325940158120256,0.3487447222116214,0.6601841351726024,0.5115809716807171,0.4126984126984127,-0.24208069715602154,1.2659840124075066,0.18563875015247921,0.014159394453335614,-0.004850904438667054,0.004598117291111911,0.0,0.0,1308
nr_trend,nr4_ema50,breakout,1d,ETH,1w,7,55,24,31,0.013772374967793983,0.07844709616017721,0.6877900221462823,1.302006975392895,0.19844061147784386,0.5272727272727272,-0.24406622040288228,1.5927517516586465,0.8077458136561289,0.025603288743857398,0.00461295785084166,0.014772374967793983,0.0,0.0,1308
nr_trend,nr4_ema50,breakout,1d,ETH,2w,14,45,19,26,0.028439490302760134,0.1359826849996638,0.7411174065472175,1.4029573006866638,0.16764696251269304,0.5555555555555556,-0.4075361496553145,1.8672489397569314,1.4648062241261761,0.04138228042233075,0.01898129752307392,0.02943949030276013,0.0,0.0,1308
nr_trend,nr4_ema50_adx,breakout,1d,ETH,3d,3,50,20,30,0.004236882640298541,0.04741254886568136,0.33379566599385585,0.6318851269806348,0.5303991789522713,0.4,-0.2357764264655483,1.2830581675047352,0.1715344425267873,0.018039483654402173,-0.00496485136910388,0.005236882640298542,0.0,0.0,1308
nr_trend,nr4_ema50_adx,breakout,1d,ETH,1w,7,44,17,27,0.014387269032268972,0.07923829079543221,0.6362271003694442,1.2043968303437087,0.2350238573596929,0.5681818181818182,-0.2300178479509738,1.626323764716003,0.645205253932849,0.027213758768735205,0.00631133105004949,0.015387269032268973,0.0,0.0,1308
nr_trend,nr4_ema50_adx,breakout,1d,ETH,2w,14,37,14,23,0.029966583570795114,0.12426112209081172,0.7748995059233282,1.4669078199074232,0.1510833160178833,0.5945945945945946,-0.29835858306637997,2.083013313616828,1.3281892935720192,0.025894625515109675,0.03244516673512538,0.03096658357079512,0.0,0.0,1308
nr_trend,nr4_ema20,breakout,1d,ETH,3d,3,72,26,46,0.0029453083213594636,0.04479145525613339,0.294743611156802,0.5579584252779808,0.578627940790628,0.4722222222222222,-0.21915690146696998,1.207995498347702,0.1518310078117191,0.022189738268706318,-0.007931978170619193,0.003945308321359465,0.0,0.0,1308
nr_trend,nr4_ema20,breakout,1d,ETH,1w,7,62,23,39,0.00669745749829401,0.08197251931929805,0.33984437694348174,0.6433355167725259,0.5224176668894683,0.5483870967741935,-0.32887309960755595,1.2512562889515522,0.23889641850178434,0.03873262910556689,-0.012195079603431021,0.007697457498294011,0.0,0.0,1308
nr_trend,nr4_ema20,breakout,1d,ETH,2w,14,44,15,29,-0.003557158633503431,0.11533122342754047,-0.10807499713123467,-0.20458918507036275,0.8388584333943059,0.45454545454545453,-0.6714206371358209,0.9185845414752936,-0.3488084637198815,-0.006811620154317221,-0.0018738164675652638,-0.00255715863350343,0.0,0.0,1308
nr_trend,nr4_ema50_relaxed,breakout,1d,ETH,3d,3,105,53,52,0.005902690059136695,0.0559902563848416,0.5706564538616538,1.0802696456140541,0.2825209293491872,0.49523809523809526,-0.43314591953397386,1.381486794039419,0.5823440037170675,0.006521638721942939,0.005271838537430334,0.006902690059136696,0.0,0.0,1308
nr_trend,nr4_ema50_relaxed,breakout,1d,ETH,1w,7,83,42,41,0.007807977555376882,0.07713795649858617,0.4871380273232274,0.9221667792951497,0.3591469492524296,0.5421686746987951,-0.41459390148992037,1.2982524925015309,0.4982366359054238,0.017156974438691668,-0.001769043642165092,0.008807977555376883,0.0,0.0,1308
nr_trend,nr4_ema50_relaxed,breakout,1d,ETH,2w,14,59,31,28,0.0210834368436864,0.13620311571429622,0.6280915215176458,1.1889959375234762,0.2392864697968847,0.5254237288135594,-0.4988029743770155,1.5634872294250257,1.0904182716382786,0.01993623143787774,0.022353557114403132,0.022083436843686403,0.0,0.0,1308
nr_trend,nr7_ema50,breakout,1d,ETH,3d,3,43,14,29,-0.004436055392228402,0.04274022198796833,-0.35953152343626776,-0.68060387082512,0.4998572507261139,0.3023255813953488,-0.25378747194944695,0.7392212983088408,-0.20442672817769136,0.00997288987063998,-0.011392097932923484,-0.0034360553922284007,0.0,0.0,1308
nr_trend,nr7_ema50,breakout,1d,ETH,1w,7,41,14,27,0.008224956310324856,0.0882776389150143,0.3151500492774434,0.5965884197828266,0.5541439247173909,0.4878048780487805,-0.30498518449686485,1.2985780466690153,0.20647223459712682,0.027341892173181774,-0.001687528951897248,0.009224956310324857,0.0,0.0,1308
nr_trend,nr7_ema50,breakout,1d,ETH,2w,14,34,12,22,0.022551656233779468,0.13490237305821537,0.5149213178924413,0.9747613749649173,0.33677028453460556,0.5294117647058824,-0.4248584264340908,1.7066128367857274,0.6357996173189742,0.05456092218240352,0.005092056625439076,0.02355165623377947,0.0,0.0,1308
nr_trend,nr7_ema50_adx,breakout,1d,ETH,3d,3,35,9,26,-0.004047638852788864,0.046531914104963636,-0.2718488002460669,-0.514617867046186,0.6101494107149809,0.3142857142857143,-0.21367254229230237,0.7781252569755179,-0.1629922828558652,0.013752357407898177,-0.010209176019949763,-0.0030476388527888635,0.0,0.0,1308
nr_trend,nr7_ema50_adx,breakout,1d,ETH,1w,7,33,9,24,0.009373040437219187,0.09143823989311005,0.31106572676752214,0.5888566757527559,0.5600915893065458,0.5151515151515151,-0.30498518449686474,1.335105239837796,0.19810828218474197,0.02778107841778099,0.0024700261945085115,0.010373040437219188,0.0,0.0,1308
nr_trend,nr7_ema20,breakout,1d,ETH,3d,3,51,13,38,-0.008239044963535915,0.04665982885191542,-0.6661336607651448,-1.2610108389675931,0.21315725171107422,0.35294117647058826,-0.4201857306319431,0.5970382567651613,-0.37940640967167805,0.020536629352687623,-0.01808335459803344,-0.007239044963535914,0.0,0.0,1308
nr_trend,nr7_ema20,breakout,1d,ETH,1w,7,48,12,36,-0.0006488728964581825,0.08724346927792104,-0.027220110614905483,-0.051528479260252225,0.9591227900912321,0.4583333333333333,-0.4615647754007992,0.9793446802228182,-0.18624616426551877,0.0444484604560423,-0.015681317347291678,0.0003511271035418183,0.0,0.0,1308
nr_trend,nr7_ema20,breakout,1d,ETH,2w,14,37,10,27,0.008321135073091008,0.1358732028707386,0.19678508608484227,0.3725200228061215,0.7116899129715794,0.43243243243243246,-0.6373205780062086,1.2041639457462356,0.008400612145217146,0.037450852471321364,-0.002467649148475789,0.009321135073091008,0.0,0.0,1308
nr_trend,nr4_ema50,breakout,1d,SOL,3d,3,60,21,39,0.0014231095454511602,0.07313846671412973,0.08786428856910597,0.15071903519400254,0.8807114758300998,0.43333333333333335,-0.36393095851525237,1.053203183847323,-0.0649404182876776,0.0036552400516117745,0.00022119311905698352,0.0024231095454511613,0.0,0.0,1074
nr_trend,nr4_ema50,breakout,1d,SOL,1w,7,52,20,32,-0.002928397519347139,0.10316875782639066,-0.1193239968809604,-0.20468381384828088,0.8386338649329308,0.5,-0.6361228005805026,0.927604454207522,-0.34507310159404914,-0.03142093735855383,0.014879439880157042,-0.0019283975193471385,0.0,0.0,1074
nr_trend,nr4_ema50,breakout,1d,SOL,2w,14,40,17,23,0.033478505210849364,0.18538899317151747,0.6658193312445806,1.1421209783058996,0.2603675168757056,0.525,-0.4722539076309916,1.667948590479103,1.0917404769818186,0.01705473091930392,0.04561781664373078,0.034478505210849365,0.0,0.0,1074
nr_trend,nr4_ema50_adx,breakout,1d,SOL,3d,3,44,14,30,-0.007044497870019981,0.0765556822514401,-0.35583055723366225,-0.6103781086968125,0.5448240700089202,0.3409090909090909,-0.5004705146119883,0.779904507429736,-0.35152049201828217,-0.011981604289297692,-0.004740514874357049,-0.00604449787001998,0.0,0.0,1074
nr_trend,nr4_ema50_adx,breakout,1d,SOL,1w,7,39,13,26,-0.009463469425137259,0.10449134035580031,-0.3297210531168356,-0.5655908653927609,0.5749966335100887,0.4358974358974359,-0.6686750671867869,0.7831037711335197,-0.43698878780994777,-0.03728022049538631,0.004444906109987268,-0.008463469425137258,0.0,0.0,1074
nr_trend,nr4_ema50_adx,breakout,1d,SOL,2w,14,31,13,18,0.006005555092565492,0.1988798493293534,0.09801386418800007,0.16812922845704978,0.8676099732314904,0.45161290322580644,-0.7430554392815806,1.0885975882022298,-0.29166278695713144,-0.004391548933631302,0.013514574667040955,0.007005555092565493,0.0,0.0,1074
nr_trend,nr4_ema20,breakout,1d,SOL,3d,3,77,26,51,-0.004235451433311673,0.07788018504517005,-0.278203369409737,-0.47721940401506274,0.6345753916185555,0.44155844155844154,-0.5906256195637798,0.8641905682087458,-0.427138880235849,-0.003344518930331369,-0.0046896523171839856,-0.0032354514333116724,0.0,0.0,1074
nr_trend,nr4_ema20,breakout,1d,SOL,1w,7,63,25,38,0.0005790717353341699,0.1040049377625624,0.025762794849822284,0.04419251150724638,0.9648929762786564,0.5079365079365079,-0.5423489607155014,1.013819645890233,-0.2633232955114717,-0.010149810314171797,0.007637546767903885,0.0015790717353341708,0.0,0.0,1074
nr_trend,nr4_ema20,breakout,1d,SOL,2w,14,47,21,26,0.03424306678621114,0.1901787496507103,0.7196210947370372,1.2344104626615513,0.22331903990929536,0.5106382978723404,-0.5567262790407204,1.6580787769568854,1.3478108674390272,0.029335727190231364,0.03820668722911789,0.03524306678621114,0.0,0.0,1074
nr_trend,nr4_ema50_relaxed,breakout,1d,SOL,3d,3,95,39,56,0.005511279400242309,0.07786271135592024,0.40218789955680134,0.6898977181181799,0.49195826451624447,0.4631578947368421,-0.3838707400050453,1.2210187484720871,0.2802611206963541,0.013741275672864246,-0.0002203251467622545,0.00651127940024231,0.0,0.0,1074
nr_trend,nr4_ema50_relaxed,breakout,1d,SOL,1w,7,76,34,42,0.005710819667861202,0.10793722441428498,0.2688922518399702,0.46124746957449164,0.6459559695372439,0.47368421052631576,-0.5547454881349738,1.1602619775301048,0.024421364442196447,0.0013604805312614242,0.009232522778441974,0.006710819667861203,0.0,0.0,1074
nr_trend,nr4_ema50_relaxed,breakout,1d,SOL,2w,14,53,24,29,0.021485517116571262,0.19368865052969944,0.47078635153051657,0.8075688751451751,0.42301762025212997,0.4339622641509434,-0.7896245098474055,1.3554423681967045,0.3096601310064955,0.04048265432925396,0.005763748388833859,0.022485517116571267,0.0,0.0,1074
nr_trend,nr7_ema50,breakout,1d,SOL,3d,3,35,11,24,-0.008787052976591351,0.0721039625717934,-0.42030293802252355,-0.720971561251941,0.4758555128873809,0.4857142857142857,-0.4535493787133018,0.7405351345469461,-0.32808362783425016,-0.026422681107466615,-0.0007040567499401879,-0.0077870529765913495,0.0,0.0,1074
nr_trend,nr7_ema50,breakout,1d,SOL,1w,7,32,11,21,-0.01539008749675529,0.09124582632653024,-0.5562209738317931,-0.9541201538855119,0.3474040790903396,0.5,-0.6315956839004093,0.6303607889841631,-0.47134083117596404,-0.06355805328704413,0.009840751726729338,-0.014390087496755289,0.0,0.0,1074
nr_trend,nr7_ema20,breakout,1d,SOL,3d,3,44,15,29,-0.011468550674676347,0.07037465957516925,-0.6301774530848252,-1.0809822656818797,0.2857305360095082,0.45454545454545453,-0.5118217002751131,0.661272280027339,-0.4590430163450736,-0.02792262012877024,-0.0029578250949726086,-0.010468550674676346,0.0,0.0,1074
nr_trend,nr7_ema20,breakout,1d,SOL,1w,7,39,15,24,0.005898985394914018,0.10198518060434632,0.2105798668079575,0.36122063779773755,0.7199351496644999,0.5641025641025641,-0.3833815857380989,1.1609820249538298,0.029301140906063727,-0.024385431027444112,0.024826745658887848,0.006898985394914019,0.0,0.0,1074
nr_trend,nr7_ema20,breakout,1d,SOL,2w,14,32,13,19,0.010542803118450579,0.16000498135894228,0.2172910675033473,0.37273277441518604,0.7118837471926109,0.5,-0.5663724772229588,1.195104288669796,-0.03219510624259003,-0.004907836747479488,0.02111429355303431,0.01154280311845058,0.0,0.0,1074
nr_trend,nr4_ema50,breakout,1d,BNB,3d,3,87,47,40,0.0006616070994052531,0.043031201347754976,0.07575632044453368,0.14340896854113422,0.8863026932640847,0.4827586206896552,-0.19565296849401148,1.0461269827080304,-0.02134457662163247,0.00010734164481342209,0.0013128690085506545,0.001661607099405254,0.0,0.0,1308
nr_trend,nr4_ema50,breakout,1d,BNB,1w,7,73,40,33,0.0018896444774548315,0.06263136029197038,0.1361733898059526,0.25778027840092355,0.7973118507948116,0.4931506849315068,-0.31482074619642464,1.0820709319130226,-0.0008653857529743458,0.0005209924650192932,0.0035486166137403325,0.0028896444774548324,0.0,0.0,1308
nr_trend,nr4_ema50,breakout,1d,BNB,2w,14,50,26,24,0.01125959821664933,0.1057048575897916,0.39788311609192833,0.7532045767778981,0.45493083266510925,0.48,-0.4312152188174617,1.3697281888959765,0.35948970378322276,0.0018890386137849597,0.021411037786419063,0.01225959821664933,0.0,0.0,1308
nr_trend,nr4_ema50_adx,breakout,1d,BNB,3d,3,48,30,18,-0.004493092418747238,0.04210698657857319,-0.3905299706219603,-0.7392848536288165,0.46341049096771053,0.4583333333333333,-0.31402555401645005,0.7557578279042252,-0.22743938512883044,-0.001412550063404631,-0.009627329677651583,-0.0034930924187472367,0.0,0.0,1308
nr_trend,nr4_ema50_adx,breakout,1d,BNB,1w,7,43,27,16,0.002533686707627227,0.07230769217200766,0.12137945986348918,0.2297749288634967,0.8193820679710461,0.46511627906976744,-0.3070750172598987,1.0943956045980519,0.0016524499323435915,0.0037516572712317027,0.0004783613815446744,0.003533686707627228,0.0,0.0,1308
nr_trend,nr4_ema50_adx,breakout,1d,BNB,2w,14,32,19,13,0.008370198344791285,0.10751854003859128,0.2326322601902033,0.44037978993047944,0.6627176165494598,0.46875,-0.2665122410499462,1.258276809863479,0.11028896586392145,0.00831196726971988,0.008455305300664876,0.009370198344791286,0.0,0.0,1308
nr_trend,nr4_ema20,breakout,1d,BNB,3d,3,106,51,55,0.0028111772763206784,0.03848256780549452,0.39730102291711544,0.7521026570792524,0.45367200470661373,0.5188679245283019,-0.44919780605378024,1.2330305154794001,0.24736893340669552,0.002531731667380902,0.0030702995682466523,0.0038111772763206792,0.0,0.0,1308
nr_trend,nr4_ema20,breakout,1d,BNB,1w,7,87,44,43,-0.000564874785259824,0.060558090734795636,-0.045960230853506125,-0.08700408443727838,0.9308705248410769,0.4827586206896552,-0.5491366346331881,0.9760763650587743,-0.18664571133168628,-0.004368084948039205,0.0033267821254911703,0.00043512521474017694,0.0,0.0,1308
nr_trend,nr4_ema20,breakout,1d,BNB,2w,14,57,29,28,0.01646860205998872,0.10567532734037352,0.621531468146926,1.1765775613147411,0.24434133166422828,0.5263157894736842,-0.4781625637581094,1.5826976413361655,0.9016104521143187,0.013440117612426158,0.019605246666392805,0.017468602059988722,0.0,0.0,1308
nr_trend,nr4_ema50_relaxed,breakout,1d,BNB,3d,3,136,77,59,0.0016959107335199227,0.044517314254948336,0.23468538670531608,0.44426641950922674,0.6575613252213598,0.5,-0.39277109734072535,1.1184569294502427,0.10304766844632463,0.0019382345951836437,0.0013796575581282867,0.0026959107335199238,0.0,0.0,1308
nr_trend,nr4_ema50_relaxed,breakout,1d,BNB,1w,7,105,62,43,0.008898291802688939,0.06919843886333935,0.6960614093642126,1.317664957490853,0.19051115049532139,0.5142857142857142,-0.4023084756922789,1.4116182164683264,0.9958594703180383,0.010012510497033618,0.007291743917819866,0.00989829180268894,0.0,0.0,1308
nr_trend,nr4_ema50_relaxed,breakout,1d,BNB,2w,14,65,37,28,0.021862104433744128,0.10817040963642048,0.8607612919978863,1.6294467355490208,0.1081311754483925,0.5230769230769231,-0.47575900563548124,1.7532504447502681,1.8836572018870914,0.02214742294411418,0.0214850764021837,0.02286210443374413,0.0,0.0,1308
nr_trend,nr7_ema50,breakout,1d,BNB,3d,3,62,35,27,0.0018539717978940098,0.05044361662437683,0.15287459240148574,0.28939615181673367,0.7732595788957815,0.46774193548387094,-0.20025968084218693,1.1251212345112471,0.04107143094039212,-0.0033391478035360547,0.0085857935034515,0.0028539717978940107,0.0,0.0,1308
nr_trend,nr7_ema50,breakout,1d,BNB,1w,7,53,32,21,0.0014364011115288733,0.05893652916882041,0.09372850098235337,0.17743084101645912,0.8598593311080966,0.5283018867924528,-0.4005776428298484,1.067197177357269,-0.013147029164390145,-0.00615263294179437,0.013000643478497624,0.002436401111528874,0.0,0.0,1308
nr_trend,nr7_ema50,breakout,1d,BNB,2w,14,44,25,19,0.007931866592629965,0.10349910623605761,0.2685392057796265,0.5083527062525177,0.6138042632757249,0.45454545454545453,-0.37525145681920435,1.249056105063574,0.14201272418469957,-0.008003419140177033,0.028899347820007592,0.008931866592629966,0.0,0.0,1308
nr_trend,nr7_ema50_adx,breakout,1d,BNB,3d,3,31,20,11,-0.004590811310683263,0.05267319894144494,-0.2563439992164797,-0.4852668173906446,0.6310121362399811,0.3870967741935484,-0.19631892750928226,0.7686356508240694,-0.16636447739303684,-0.004922614962075111,-0.003987531944516267,-0.0035908113106832623,0.0,0.0,1308
nr_trend,nr7_ema20,breakout,1d,BNB,3d,3,72,37,35,0.007899415058252389,0.04342156645414071,0.815451723907835,1.5436743750818038,0.12711296118151788,0.5416666666666666,-0.18093127907330475,1.8273883734480356,0.6553410843642526,0.004654437130866434,0.011329820295774685,0.00889941505825239,0.0,0.0,1308
nr_trend,nr7_ema20,breakout,1d,BNB,1w,7,61,33,28,0.0015541125502347504,0.05659289291531109,0.11329951494460644,0.21447935273352162,0.8309005485288199,0.5409836065573771,-0.4147771567883013,1.07621568179097,-0.0003351758174493513,-0.005928741859958159,0.010373190962247822,0.0025541125502347513,0.0,0.0,1308
nr_trend,nr7_ema20,breakout,1d,BNB,2w,14,48,25,23,0.006017411129820111,0.10335962115732655,0.21306982788041484,0.403347523536858,0.6885217343585265,0.4583333333333333,-0.5694969242569652,1.1910095932227847,0.053443423892621134,0.0006069058735667588,0.011898395104008537,0.007017411129820112,0.0,0.0,1308
nr_trend,nr4_ema50,breakout,1d,ADA,3d,3,93,31,62,-0.004147646938084775,0.06911640802181715,-0.3057064876772526,-0.5787114767041353,0.5641979921079886,0.4946236559139785,-0.5969927678807952,0.8454652064973749,-0.4606069411548753,-0.018394155716522517,0.002975607451134096,-0.0031476469380847744,0.0,0.0,1308
nr_trend,nr4_ema50,breakout,1d,ADA,1w,7,77,27,50,0.004910848277205225,0.11447190121985136,0.1988591338780053,0.37644625698667816,0.7076340804718895,0.5454545454545454,-0.6393756475147336,1.1288937356503588,-0.14407619043027475,-0.023840730215017713,0.02043670066300561,0.005910848277205226,0.0,0.0,1308
nr_trend,nr4_ema50,breakout,1d,ADA,2w,14,53,20,33,-0.006786571046505978,0.1510790393919484,-0.17275343047652023,-0.32702738373782714,0.7449599923671704,0.4528301886792453,-0.8570649336650561,0.8849436079896152,-0.6477914268958085,-0.055287715608548414,0.022608062021398524,-0.005786571046505977,0.0,0.0,1308
nr_trend,nr4_ema50_adx,breakout,1d,ADA,3d,3,60,18,42,-0.002461265264589798,0.05974711256761507,-0.16856200417052117,-0.31909288903517585,0.7507830935631659,0.48333333333333334,-0.3688210924284576,0.8964484204243095,-0.22594801348879856,-0.007682978325606709,-0.00022338823843969289,-0.001461265264589797,0.0,0.0,1308
nr_trend,nr4_ema50_adx,breakout,1d,ADA,1w,7,49,16,33,-0.0010255150795043177,0.09171159402397284,-0.04134837145221045,-0.07827369737629662,0.9379357345130986,0.5102040816326531,-0.3855910044576827,0.9709719394545703,-0.21824123696365483,-0.00677718628331344,0.0017631739890091962,-2.5515079504316727e-05,0.0,0.0,1308
nr_trend,nr4_ema50_adx,breakout,1d,ADA,2w,14,36,12,24,0.006394956464312429,0.1222236360933881,0.16583500309768343,0.31393059486920516,0.7554372874007229,0.4444444444444444,-0.5570455668911487,1.148065199406706,-0.020795633200852315,-0.01340052181964746,0.016292695606292373,0.00739495646431243,0.0,0.0,1308
nr_trend,nr4_ema20,breakout,1d,ADA,3d,3,104,26,78,0.003382918834471942,0.07757814863620328,0.23491535056134266,0.44470174793068373,0.657468368407781,0.5480769230769231,-0.47670457620254003,1.1419307263116754,0.0012888071354699715,0.005873191651706355,0.0025528278953938044,0.004382918834471943,0.0,0.0,1308
nr_trend,nr4_ema20,breakout,1d,ADA,1w,7,81,21,60,0.017738050896167097,0.11889558413331616,0.7092922938509623,1.3427114154761102,0.18316290384480607,0.6049382716049383,-0.5315181568745797,1.5319550334526673,1.2847402481633963,-0.012276204627995089,0.02824304032962386,0.018738050896167098,0.0,0.0,1308
nr_trend,nr4_ema20,breakout,1d,ADA,2w,14,54,15,39,0.020162567525366656,0.15654215618075948,0.49998153276782487,0.946479917228119,0.34819927756546837,0.5740740740740741,-0.8065736038897809,1.4337215366319103,0.4458220471967618,-0.05211792276292533,0.04796275609778665,0.021162567525366657,0.0,0.0,1308
nr_trend,nr4_ema50_relaxed,breakout,1d,ADA,3d,3,136,42,94,-0.007519556627736281,0.07844539133647652,-0.5905229964047888,-1.1178776017274392,0.2656046468492755,0.4485294117647059,-0.869116235586687,0.7485909803551343,-0.775156803542678,-0.021425845633407523,-0.0013061083486065746,-0.006519556627736279,0.0,0.0,1308
nr_trend,nr4_ema50_relaxed,breakout,1d,ADA,1w,7,105,32,73,-0.0001816086082622657,0.11003775319134922,-0.00893371154867667,-0.01691178176186335,0.986539395453547,0.5428571428571428,-0.8484373078057287,0.9952706280041633,-0.5036174454693826,-0.022537077302741206,0.00961804890164631,0.0008183913917377331,0.0,0.0,1308
nr_trend,nr4_ema50_relaxed,breakout,1d,ADA,2w,14,64,20,44,-0.010617217294158621,0.15671312228860984,-0.2863109049338158,-0.5419950615038086,0.5897338521297665,0.453125,-0.9533730531655904,0.8296330832696388,-0.789394044095923,-0.0345011962831153,0.0002391367917307778,-0.00961721729415862,0.0,0.0,1308
nr_trend,nr7_ema50,breakout,1d,ADA,3d,3,65,24,41,-0.0016773183793135902,0.06897366995582846,-0.10356938795698477,-0.1960599328503881,0.8451844605760696,0.5076923076923077,-0.3565915449014154,0.9355670747936534,-0.23585330702862706,-0.014647743750219216,0.005915125740240922,-0.0006773183793135893,0.0,0.0,1308
nr_trend,nr7_ema50,breakout,1d,ADA,1w,7,60,22,38,1.4452129638829285e-05,0.09446521942007459,0.0006260054243361746,0.001185046893492353,0.99905846742235,0.5666666666666667,-0.4848173361133342,1.000395802599675,-0.2277340456550624,-0.025876502801388566,0.015003952352865215,0.0010144521296388302,0.0,0.0,1308
nr_trend,nr7_ema50,breakout,1d,ADA,2w,14,44,17,27,0.012097343639935025,0.1191419195656893,0.35579047969658156,0.6735219637205045,0.5042196052121389,0.4772727272727273,-0.6307207172203214,1.2949953610034415,0.27041921217440756,-0.030098590065760714,0.03866515375092864,0.013097343639935026,0.0,0.0,1308
nr_trend,nr7_ema50_adx,breakout,1d,ADA,3d,3,42,14,28,-0.0018911698908057964,0.062475308800150946,-0.10363091647074896,-0.19617640815757062,0.8454412274546422,0.5,-0.27333466926544636,0.9245912065103009,-0.14947667927392871,-0.00782007358661003,0.00107328195709632,-0.0008911698908057954,0.0,0.0,1308
nr_trend,nr7_ema50_adx,breakout,1d,ADA,1w,7,38,13,25,-0.010340791535667719,0.08919630509226603,-0.3775211413213159,-0.714658752717553,0.4793049596413708,0.5,-0.43166147005484634,0.7401483263342317,-0.4176684087544419,-0.013099295485795154,-0.008906369481601452,-0.009340791535667718,0.0,0.0,1308
nr_trend,nr7_ema20,breakout,1d,ADA,3d,3,67,20,47,0.0009236495075017246,0.06317409890772252,0.06321907084638408,0.1196755820373667,0.9051036912084949,0.4925373134328358,-0.25894032042673176,1.0388583631229769,-0.0695379143494328,0.002305071714595075,0.0003358102704407244,0.0019236495075017255,0.0,0.0,1308
nr_trend,nr7_ema20,breakout,1d,ADA,1w,7,61,18,43,0.015731060960892954,0.09023728046288652,0.7192493756044187,1.3615604674834396,0.17842769213286153,0.639344262295082,-0.18748191184314056,1.5840258278347707,1.0493984328927213,-0.007975980383241975,0.025654938732856406,0.01673106096089295,0.0,0.0,1308
nr_trend,nr7_ema20,breakout,1d,ADA,2w,14,43,13,30,0.014322244520907763,0.11795318073863205,0.4206086651016176,0.7962247171950492,0.43037911895119785,0.5348837209302325,-0.5499214369843884,1.3689970229994068,0.3917689587420452,-0.040366414054992625,0.03802066323713126,0.015322244520907764,0.0,0.0,1308
nr_trend,nr4_ema50,breakout,1d,AVAX,3d,3,78,30,48,5.075668259483331e-05,0.07923818166400977,0.003438539278602914,0.00565725857953753,0.9955008161800801,0.5128205128205128,-0.4740680331739632,1.001738774594246,-0.20786811980255604,-0.013785247482806795,0.008698259285970851,0.0010507566825948343,0.0,0.0,988
nr_trend,nr4_ema50,breakout,1d,AVAX,1w,7,59,21,38,0.011207194500333474,0.1253005727112467,0.41757820094927167,0.687020757520019,0.4948075706558082,0.5254237288135594,-0.583107184982842,1.2875617961413424,0.25938965949032466,0.009698458349889662,0.012040969741368214,0.012207194500333475,0.0,0.0,988
nr_trend,nr4_ema50,breakout,1d,AVAX,2w,14,42,16,26,0.05549952867072082,0.21942767659317652,0.9963008375589815,1.6391644836382462,0.1088310920058357,0.5,-0.5562302319459154,2.030198798334418,3.2978014968601412,0.02690374636400099,0.07309693316716379,0.05649952867072082,0.0,0.0,988
nr_trend,nr4_ema50_adx,breakout,1d,AVAX,3d,3,53,19,34,-0.00504785377356474,0.08213632357581627,-0.27194269713164304,-0.44741386729647564,0.65643452527828,0.49056603773584906,-0.5893959404806276,0.8491802888242775,-0.3577253705706863,-0.02377916214187927,0.005419642079316909,-0.004047853773564739,0.0,0.0,988
nr_trend,nr4_ema50_adx,breakout,1d,AVAX,1w,7,42,14,28,0.0036755667190890083,0.12772464070410838,0.1133554031797324,0.1864980374561929,0.8529739637504686,0.5,-0.6742101495563702,1.0868182608395491,-0.1446368135053887,-0.0183204096861369,0.014673554921701961,0.00467556671908901,0.0,0.0,988
nr_trend,nr4_ema50_adx,breakout,1d,AVAX,2w,14,30,12,18,0.02268047904121696,0.23406073971258867,0.32259099291647153,0.5307430029124844,0.5996382399006976,0.4,-0.7299524554297514,1.315191826030848,0.011842112780676928,0.004016697252698108,0.03512300023356286,0.023680479041216954,0.0,0.0,988
nr_trend,nr4_ema20,breakout,1d,AVAX,3d,3,83,28,55,-0.0032031536261645887,0.08499562754112024,-0.20868353733477887,-0.3433367009479354,0.7322238880152776,0.46987951807228917,-0.6371499791285593,0.9038376701509333,-0.42713082648076195,-0.025717846777699033,0.008258871978252947,-0.002203153626164588,0.0,0.0,988
nr_trend,nr4_ema20,breakout,1d,AVAX,1w,7,64,22,42,0.006201667335377364,0.12859797504080794,0.23449429612769573,0.38580186559916774,0.7009431492868755,0.453125,-0.6447218452957364,1.137589009100282,-0.08485033987552149,0.004820857220294638,0.006924948824230221,0.007201667335377365,0.0,0.0,988
nr_trend,nr4_ema20,breakout,1d,AVAX,2w,14,42,12,30,0.0350310560285638,0.21442800194410824,0.6435233886988448,1.0587571980067008,0.2959083885001895,0.4523809523809524,-0.5972323077904185,1.598898231115138,0.936249589946546,0.02243294113310489,0.04007030198674736,0.0360310560285638,0.0,0.0,988
nr_trend,nr4_ema50_relaxed,breakout,1d,AVAX,3d,3,104,43,61,0.0009708796907344838,0.08607232999016756,0.06991759585261235,0.11503196181564003,0.9086437421847965,0.49038461538461536,-0.7440875124770308,1.0302044172754323,-0.23828525085209484,-0.013434263097357043,0.011125324606930151,0.001970879690734485,0.0,0.0,988
nr_trend,nr4_ema50_relaxed,breakout,1d,AVAX,1w,7,76,30,46,0.016271096176435396,0.1281021116577977,0.6730313270174769,1.107305149241788,0.27170077244105156,0.5131578947368421,-0.6489432816992491,1.399622787307736,0.9041271523270804,0.004816925846191218,0.023741207261377243,0.017271096176435397,0.0,0.0,988
nr_trend,nr4_ema50_relaxed,breakout,1d,AVAX,2w,14,49,20,29,0.048166882355794895,0.2037205312228088,1.005957741361662,1.6550525097630144,0.1044388064923521,0.46938775510204084,-0.39443842883290603,1.9138666868689989,3.3754082483782657,0.03689656393420947,0.055939515749991744,0.0491668823557949,0.0,0.0,988
nr_trend,nr7_ema50,breakout,1d,AVAX,3d,3,54,20,34,-0.005690587383715607,0.06515132295247053,-0.3901204330921608,-0.6418458503287003,0.5237397261939487,0.5185185185185185,-0.4682874540460056,0.8010801972918357,-0.3460479341049263,-0.02871166591773574,0.007851223518649178,-0.004690587383715606,0.0,0.0,988
nr_trend,nr7_ema50,breakout,1d,AVAX,1w,7,48,17,31,0.009348938779981551,0.13934054772939408,0.28253573248685176,0.4648420643566378,0.6441909824659112,0.5,-0.6651507564414506,1.1974913671606138,0.016760157395031783,0.0005150451849313104,0.014193332041783299,0.010348938779981552,0.0,0.0,988
nr_trend,nr7_ema50,breakout,1d,AVAX,2w,14,34,13,21,0.041601620055652405,0.2179020785135744,0.6766378515977534,1.1132387857283754,0.2736493836002664,0.4411764705882353,-0.5603310846385696,1.75608935373139,1.0931292526168468,0.037875448548359066,0.04390829765540542,0.042601620055652406,0.0,0.0,988
nr_trend,nr7_ema50_adx,breakout,1d,AVAX,3d,3,39,14,25,-0.007575626748648514,0.06678913866364466,-0.4305394875712623,-0.708345321238219,0.48305364689827707,0.5128205128205128,-0.4818497775680596,0.7462912611383281,-0.31984224127570116,-0.030116918484224535,0.005047496623274057,-0.006575626748648513,0.0,0.0,988
nr_trend,nr7_ema50_adx,breakout,1d,AVAX,1w,7,33,11,22,0.009560435525457604,0.13779078558281674,0.24226040041524677,0.3985790528146013,0.6928505960602422,0.48484848484848486,-0.635310340620917,1.2234833817627158,0.03818724530236306,-0.0010290616052055603,0.014855184090789186,0.010560435525457604,0.0,0.0,988
nr_trend,nr7_ema20,breakout,1d,AVAX,3d,3,55,19,36,-0.009527564210088253,0.07382351709741085,-0.5817500871592508,-0.9571246407473238,0.3427699740639672,0.4727272727272727,-0.5762727896009834,0.7227604597806528,-0.49235482360086036,-0.034698261912036725,0.003756970688162331,-0.008527564210088252,0.0,0.0,988
nr_trend,nr7_ema20,breakout,1d,AVAX,1w,7,50,17,33,0.010698594761299156,0.13896246952577987,0.3308888831207531,0.544395111190656,0.5886385856977113,0.44,-0.6933432343739445,1.2233661547075112,0.09841498308672669,0.009120926968526203,0.01151133271515189,0.011698594761299157,0.0,0.0,988
nr_trend,nr7_ema20,breakout,1d,AVAX,2w,14,33,11,22,0.035866698532037215,0.21752940995216336,0.5757028116631173,0.9471753575164436,0.3506476516767507,0.45454545454545453,-0.5524456545149146,1.6433286723809457,0.7108280055581102,0.04119035814547357,0.033204868725319046,0.03686669853203722,0.0,0.0,988
nr_trend,nr4_ema50,breakout,1d,DOT,3d,3,70,16,54,-0.0054723821678891085,0.06354644146842309,-0.43420778411226923,-0.7205003622533012,0.473650874576911,0.5142857142857142,-0.6215013438728743,0.7787017256426069,-0.41605151716437183,-0.058034640112038675,0.010101620185932985,-0.004472382167889108,0.0,0.0,1005
nr_trend,nr4_ema50,breakout,1d,DOT,1w,7,59,14,45,0.006202490511643114,0.1030799303714714,0.27853604152087674,0.4621872894947982,0.6456761435728375,0.4576271186440678,-0.5623733964660792,1.1722663060097105,0.06253123693294138,-0.024355498282264392,0.01570942035863656,0.007202490511643115,0.0,0.0,1005
nr_trend,nr4_ema50,breakout,1d,DOT,2w,14,45,12,33,0.012787944536015458,0.1591830843467575,0.32476819144500996,0.5389023599908034,0.5926706078962157,0.4888888888888889,-0.7139370509209362,1.2482982216160128,0.04568361390487774,-0.07401172660373688,0.04435146131410722,0.01378794453601546,0.0,0.0,1005
nr_trend,nr4_ema50_adx,breakout,1d,DOT,3d,3,51,12,39,-0.003984731801365308,0.06806425021451515,-0.25195821358343273,-0.4180855129778598,0.6776747961611054,0.5490196078431373,-0.5206204904163227,0.8434406190666891,-0.283310795883325,-0.05976836963248025,0.013179464454362367,-0.002984731801365307,0.0,0.0,1005
nr_trend,nr4_ema50_adx,breakout,1d,DOT,1w,7,46,11,35,0.0007122522499002891,0.10858965513179952,0.026809436953771387,0.044486095698378594,0.9647137588903145,0.45652173913043476,-0.6271101055767325,1.0174491797248584,-0.20639647912081516,-0.023322262206859644,0.00826595679345341,0.00171225224990029,0.0,0.0,1005
nr_trend,nr4_ema50_adx,breakout,1d,DOT,2w,14,35,9,26,0.029463744680879998,0.1680318925298316,0.6251635478360899,1.0373617866026048,0.30688900644091405,0.4857142857142857,-0.4008009304383525,1.6434936593246885,0.7920276383979026,-0.046446119261576504,0.05574023604557648,0.030463744680879996,0.0,0.0,1005
nr_trend,nr4_ema20,breakout,1d,DOT,3d,3,81,24,57,-0.0029690160190685034,0.06885596286613374,-0.23387128175118793,-0.3880730594613341,0.6989927069691021,0.5432098765432098,-0.5479186112575403,0.8844954183207645,-0.3582554328206131,-0.03859082762724236,0.012029641500162596,-0.0019690160190685025,0.0,0.0,1005
nr_trend,nr4_ema20,breakout,1d,DOT,1w,7,66,21,45,-0.004276099164717898,0.1084598081786361,-0.19302533073297923,-0.32029554928756293,0.7497716834225341,0.4696969696969697,-0.7807327453521584,0.9025664399531805,-0.48923807308555334,-0.014749594144797358,0.0006115318259858486,-0.003276099164717898,0.0,0.0,1005
nr_trend,nr4_ema20,breakout,1d,DOT,2w,14,45,16,29,-0.012866706855543059,0.14237236064562817,-0.36535190709957927,-0.6062447313176649,0.547467421337529,0.4444444444444444,-0.8025407799925626,0.7919430016599687,-0.6480842759958898,-0.07331668834778163,0.020485007071209253,-0.011866706855543058,0.0,0.0,1005
nr_trend,nr4_ema50_relaxed,breakout,1d,DOT,3d,3,97,28,69,-0.002002601503473544,0.06620174284500815,-0.1795454415703186,-0.29792776736332144,0.7664021159844375,0.5154639175257731,-0.5387918022324083,0.9205271000543906,-0.34097534291877485,-0.024659765486984293,0.007191609968096036,-0.001002601503473543,0.0,0.0,1005
nr_trend,nr4_ema50_relaxed,breakout,1d,DOT,1w,7,74,22,52,-0.0017706886346100365,0.10305506351614131,-0.08907424001828494,-0.1478048633601139,0.8829042634256418,0.43243243243243246,-0.7324277227057123,0.9576084402512584,-0.40499912506125213,-0.017772609415284243,0.004999354772598281,-0.0007706886346100356,0.0,0.0,1005
nr_trend,nr4_ema50_relaxed,breakout,1d,DOT,2w,14,50,15,35,0.0012538002484772702,0.14778600489213858,0.03615292548990732,0.05999016338514045,0.9524074762486582,0.48,-0.7608260343240253,1.0233458433656564,-0.36374538581424776,-0.06244865468320051,0.028554852362053462,0.002253800248477271,0.0,0.0,1005
nr_trend,nr7_ema50,breakout,1d,DOT,3d,3,46,13,33,-0.0011079832617499413,0.06730468470460818,-0.0672868538992648,-0.11165208083135178,0.9115958181327678,0.5869565217391305,-0.4408344072891385,0.9546367001227894,-0.15117491890233403,-0.0395241562383143,0.014025660638108745,-0.00010798326174994046,0.0,0.0,1005
nr_trend,nr7_ema50,breakout,1d,DOT,1w,7,44,12,32,0.010985311675513849,0.10783589325286909,0.4072290795676073,0.6757333932840673,0.5028280742318556,0.4772727272727273,-0.3850546153864721,1.3170056327247825,0.2645720350870664,-0.011448383169132556,0.019397947242256252,0.01198531167551385,0.0,0.0,1005
nr_trend,nr7_ema50,breakout,1d,DOT,2w,14,36,11,25,-0.004257383534131992,0.16276158722790335,-0.09458135063296547,-0.15694305787903204,0.8761915830120258,0.4444444444444444,-0.7452482062552601,0.9293518915884301,-0.450840682899034,-0.07754929782149532,0.027991058752307868,-0.0032573835341319912,0.0,0.0,1005
nr_trend,nr7_ema50_adx,breakout,1d,DOT,3d,3,33,9,24,0.006845702665500546,0.0693896997399296,0.3415414321974392,0.5667349472462229,0.5748482686944452,0.6666666666666666,-0.3617944900729051,1.3252704456603839,0.14863500715062794,-0.033608913877247786,0.02201618386903117,0.007845702665500547,0.0,0.0,1005
nr_trend,nr7_ema50_adx,breakout,1d,DOT,1w,7,33,9,24,0.008531982226616573,0.11652286567935595,0.25348902242504223,0.42062565243476796,0.6768399114430365,0.48484848484848486,-0.48895952119448893,1.2194268161342694,0.06752883518021946,-0.005883167372593917,0.013937663326320507,0.009531982226616574,0.0,0.0,1005
nr_trend,nr7_ema20,breakout,1d,DOT,3d,3,56,20,36,-0.001033047299003022,0.06772517629905636,-0.06879034335350673,-0.11414688800907212,0.9095370299566947,0.6071428571428571,-0.4982239467578552,0.9578635901681486,-0.17831005798536603,-0.0269053975100211,0.013340480596007022,-3.304729900302109e-05,0.0,0.0,1005
nr_trend,nr7_ema20,breakout,1d,DOT,1w,7,53,18,35,-1.656157846940744e-05,0.1109469150325897,-0.0006549193648451782,-0.001086736942273807,0.9991370679896806,0.4716981132075472,-0.650641072430787,0.9996048218780347,-0.2779658258768477,-0.008702758759891405,0.004450625543404763,0.0009834384215305935,0.0,0.0,1005
nr_trend,nr7_ema20,breakout,1d,DOT,2w,14,38,14,24,-0.011043574051549432,0.15451719877250686,-0.26551436411398005,-0.4405798387946771,0.6620806592179168,0.39473684210526316,-0.7946297796717321,0.818842397643765,-0.5677391636715647,-0.06526494728102328,0.02058556033231031,-0.010043574051549434,0.0,0.0,1005
nr_trend,nr4_ema50,breakout,1d,LINK,3d,3,89,38,51,0.004945192644040922,0.08723939721498164,0.28249328050449896,0.5347681848752556,0.5941588203047519,0.5280898876404494,-0.42285819277419257,1.1803246988068021,0.12736204783007143,0.005478383789709835,0.004547912966875851,0.005945192644040923,0.0,0.0,1308
nr_trend,nr4_ema50,breakout,1d,LINK,1w,7,72,32,40,0.010027077836081517,0.12616507371235663,0.35624112111900424,0.6743750413408578,0.502262825383362,0.5,-0.6653399631685427,1.2430162342476023,0.19732594404150472,0.029985129865916157,-0.005939363787786198,0.011027077836081518,0.0,0.0,1308
nr_trend,nr4_ema50,breakout,1d,LINK,2w,14,52,23,29,0.011518145816452115,0.16162262086917256,0.2714717604854167,0.5139041195614013,0.609538589941184,0.5,-0.4793973695920759,1.2112098189742766,-0.029127337644020423,0.02390041709716062,0.0016977237662350233,0.012518145816452116,0.0,0.0,1308
nr_trend,nr4_ema50_adx,breakout,1d,LINK,3d,3,56,26,30,0.012912244328192912,0.09210742906468743,0.554170813041721,1.0490618370529565,0.29873769909075926,0.5178571428571429,-0.3091643779334651,1.5364188172308446,0.6609608951343346,0.016113967189216045,0.01013741784863953,0.013912244328192913,0.0,0.0,1308
nr_trend,nr4_ema50_adx,breakout,1d,LINK,1w,7,48,23,25,0.02203983245230288,0.13257472996339537,0.6084301353731641,1.1517763485766568,0.25523830074637555,0.5625,-0.5191849561993187,1.5800383183786821,0.9357466751056223,0.041718582465848864,0.003935382439840578,0.023039832452302882,0.0,0.0,1308
nr_trend,nr4_ema50_adx,breakout,1d,LINK,2w,14,37,16,21,0.007374326174933832,0.17419448183626074,0.13602895823729966,0.25750686514426385,0.7982537861728922,0.4864864864864865,-0.4637560616515084,1.119756207033321,-0.2142843321991914,0.02377006682529865,-0.005117666701534599,0.008374326174933833,0.0,0.0,1308
nr_trend,nr4_ema20,breakout,1d,LINK,3d,3,104,37,67,-0.002808161272740813,0.07909309224427336,-0.19126817781799393,-0.36207635131518573,0.7180367710327136,0.4807692307692308,-0.6877091436658123,0.9049980015314546,-0.45666318281401364,-0.0052740580850137485,-0.0014463973614856098,-0.0018081612727408121,0.0,0.0,1308
nr_trend,nr4_ema20,breakout,1d,LINK,1w,7,82,32,50,-0.005902081699173958,0.11749894735698395,-0.24028171742786217,-0.4548604400718145,0.6504264181506938,0.4146341463414634,-0.726864648673199,0.874528086620624,-0.6526998884382806,-0.002860454952007655,-0.007848722817360392,-0.004902081699173957,0.0,0.0,1308
nr_trend,nr4_ema20,breakout,1d,LINK,2w,14,54,25,29,0.009241872638569584,0.17651672867159185,0.20324204177184738,0.38474323203217137,0.7019672539848126,0.48148148148148145,-0.5884986197267889,1.1529573928653316,-0.23275649255768893,0.018346473206113628,0.0013930790458592036,0.010241872638569585,0.0,0.0,1308
nr_trend,nr4_ema50_relaxed,breakout,1d,LINK,3d,3,120,52,68,-0.001727966852691797,0.08082279525668015,-0.12371852227421076,-0.23420284359993798,0.8152299704130922,0.4666666666666667,-0.598021860728353,0.9404790323732172,-0.4423524076053357,-0.0015561657522830375,-0.0018593441647690838,-0.0007279668526917961,0.0,0.0,1308
nr_trend,nr4_ema50_relaxed,breakout,1d,LINK,1w,7,90,39,51,-0.003798783105208481,0.11230324397158668,-0.16951807476554961,-0.32090275911705135,0.7490363979095805,0.4666666666666667,-0.8234396332343334,0.91496255935632,-0.5961252962194009,-0.006208890981968865,-0.001955759434744658,-0.00279878310520848,0.0,0.0,1308
nr_trend,nr4_ema50_relaxed,breakout,1d,LINK,2w,14,60,25,35,0.001327642430589456,0.1633130035484538,0.03326431181373264,0.06297033195970489,0.9500029815828525,0.48333333333333334,-0.8323688472136637,1.0209803331149956,-0.4980939191037168,-0.007247898349326918,0.007453028701958294,0.002327642430589457,0.0,0.0,1308
nr_trend,nr7_ema50,breakout,1d,LINK,3d,3,63,29,34,0.014707851369371324,0.08325492754072092,0.7407166726887442,1.402198699569742,0.1658430553195688,0.6031746031746031,-0.40062301495287933,1.6510548464466264,1.0540546994116613,0.018512974490934215,0.011462305177450035,0.015707851369371324,0.0,0.0,1308
nr_trend,nr7_ema50,breakout,1d,LINK,1w,7,58,28,30,0.01872985625356247,0.1339225224776152,0.5626487786776752,1.0651108782424574,0.291316891293672,0.5344827586206896,-0.6326727655627812,1.4727455385068886,0.8087615182220151,0.03914721249770581,-0.0003263429076379923,0.019729856253562467,0.0,0.0,1308
nr_trend,nr7_ema50,breakout,1d,LINK,2w,14,44,19,25,0.018561914048256564,0.1672620534701314,0.38886085926675135,0.7361251761731766,0.4656514952846829,0.5227272727272727,-0.5565657182902303,1.360898929747595,0.2810951985258259,0.04270680638236893,0.00021179587433115988,0.019561914048256565,0.0,0.0,1308
nr_trend,nr7_ema50_adx,breakout,1d,LINK,3d,3,41,20,21,0.02315042182789608,0.08923114968657131,0.8775601803922418,1.661247531088398,0.10448318252472599,0.5853658536585366,-0.22619383102363932,2.1662198898315723,1.214982944802217,0.023009040454374796,0.023285070755059204,0.02415042182789608,0.0,0.0,1308
nr_trend,nr7_ema50_adx,breakout,1d,LINK,1w,7,40,20,20,0.035653308033734996,0.13925292639685685,0.8553976575336215,1.6192932159266538,0.11344385489682964,0.625,-0.4133713406523629,2.039859975397542,1.8596021470738302,0.05438133509305143,0.01692528097441855,0.036653308033734996,0.0,0.0,1308
nr_trend,nr7_ema50_adx,breakout,1d,LINK,2w,14,31,14,17,0.02571001773193866,0.17970454628835658,0.42079126796847993,0.7965703898549105,0.4319595797586033,0.5161290322580645,-0.40365231045766625,1.4964416694794171,0.41010292578330954,0.046729165193225744,0.008400131587349294,0.026710017731938658,0.0,0.0,1308
nr_trend,nr7_ema20,breakout,1d,LINK,3d,3,73,28,45,0.009679208106636021,0.08040896904350997,0.5432995231606282,1.0284821618600377,0.3071658487411945,0.5342465753424658,-0.4901661675293496,1.3935278819207142,0.6243585321748792,0.014579197904550376,0.006630325565711535,0.010679208106636022,0.0,0.0,1308
nr_trend,nr7_ema20,breakout,1d,LINK,1w,7,62,26,36,0.007568028573971821,0.12044742496480645,0.26135068842985204,0.49474462903306,0.6225576803084428,0.5,-0.6419530972609658,1.1820034855964097,0.029540998553070796,0.009998856870287193,0.005812430359966274,0.008568028573971822,0.0,0.0,1308
nr_trend,nr7_ema20,breakout,1d,LINK,2w,14,46,21,25,0.025230306641951087,0.1736501826874425,0.52055756275977,0.9854309541911239,0.3296814018874485,0.5434782608695652,-0.516690584681256,1.4916016599063875,0.6831289548630262,0.05366728532303184,0.0013432445498432434,0.02623030664195108,0.0,0.0,1308
nr_trend,nr4_ema50,breakout,1d,UNI,3d,3,38,5,33,-0.029455262253696126,0.16576643996816007,-0.6601178597032622,-1.0953630368890361,0.28043669945921135,0.39473684210526316,-1.000879039812985,0.269144362781731,-1.0007836744630945,0.001088315172448584,-0.0340830770152332,-0.028455262253696125,0.0,0.0,1005
nr_trend,nr4_ema50_adx,breakout,1d,UNI,3d,3,33,4,29,-0.03434870986213351,0.17764004024758154,-0.6694065198906746,-1.1107761254488397,0.27494157739932723,0.3939393939393939,-1.000879039812985,0.24857672931458585,-1.0007729828301053,0.003925209560039472,-0.03962787116174359,-0.03334870986213352,0.0,0.0,1005
nr_trend,nr4_ema20,breakout,1d,UNI,3d,3,52,12,40,0.016461603091429,0.38818669877607287,0.18428778454091668,0.305796948785831,0.761004026760064,0.4230769230769231,-1.0027431889195888,1.3010486846768181,-1.0004445848582084,0.1690493537633531,-0.029314722110148232,0.017461603091428995,0.0,0.0,1005
nr_trend,nr4_ema20,breakout,1d,UNI,1w,7,41,10,31,-0.0010336556249502045,0.4070578198044077,-0.009798849780307555,-0.016259668929730225,0.987108065576625,0.4878048780487805,-1.0042883864874592,0.9889958204259187,-1.000106693651674,0.08853827826493021,-0.029927827847492275,-3.365562495020911e-05,0.0,0.0,1005
nr_trend,nr4_ema50_relaxed,breakout,1d,UNI,3d,3,100,31,69,0.051436956141441705,0.6215089187708139,0.49875963308167065,0.82761412729476,0.40987960830083287,0.31,-1.000879039812985,2.062310757131125,-1.0002662850729755,0.25372398524276923,-0.03944562215045905,0.0524369561414417,0.0,0.0,1005
nr_trend,nr4_ema50_relaxed,breakout,1d,UNI,1w,7,75,23,52,0.008692874993799594,0.41283471289108575,0.10989584177501809,0.1823550767771568,0.8558027195590238,0.36,-0.9941783454033326,1.132200750266769,-0.9947622754728891,0.08948257064080517,-0.027041028850068274,0.009692874993799575,0.0,0.0,1005
nr_trend,nr4_ema50_relaxed,breakout,1d,UNI,2w,14,48,15,33,-0.0022681149652461325,0.54288766659659,-0.01744372007323733,-0.028945143527327983,0.9770309022444293,0.4166666666666667,-1.0013821805042102,0.981648737001754,-1.0000246392410235,0.12138889656374348,-0.058475847478423236,-0.0012681149652461383,0.0,0.0,1005
nr_trend,nr7_ema20,breakout,1d,UNI,3d,3,37,9,28,0.08041948465368715,0.39675006718088207,0.7430337490593303,1.2329490740434392,0.22558558576923635,0.4594594594594595,-0.3122398294077291,6.162677529368137,3.9253935219880223,0.32061457486568085,0.0032139199426891663,0.08141948465368713,0.0,0.0,1005
nr_trend,nr7_ema20,breakout,1d,UNI,1w,7,31,8,23,0.03455861847850451,0.43891431231724337,0.2641927395026949,0.4383868080705949,0.6642466620481872,0.5483870967741935,-1.003969505372434,1.4050135076843202,-1.0011821679188886,0.2128090188988676,-0.027441520798143527,0.03555861847850451,0.0,0.0,1005
nr_trend,nr4_ema50,breakout,1d,ATOM,3d,3,74,16,58,0.004209991117074553,0.057436301821478256,0.3378969154795879,0.630536991622476,0.5303123419705126,0.4864864864864865,-0.2742344776793476,1.2124382482249427,0.21255044322698935,-0.007689714685253757,0.007492668579785811,0.005209991117074554,0.0,0.0,1271
nr_trend,nr4_ema50,breakout,1d,ATOM,1w,7,58,16,42,0.015015344065670544,0.0928727182979901,0.6598341437793747,1.2312921986811463,0.22326978901183833,0.5172413793103449,-0.35405349565722743,1.5433912731626198,0.8710688173680587,0.01386679774076817,0.015452885522776209,0.016015344065670546,0.0,0.0,1271
nr_trend,nr4_ema50,breakout,1d,ATOM,2w,14,45,14,31,0.008150004861720296,0.137226747815586,0.2135005561603651,0.39840552613512803,0.6922580511261467,0.5555555555555556,-0.512990663403321,1.1655859912899937,-0.04227154737254035,-0.015216399476325668,0.018702574562773314,0.009150004861720297,0.0,0.0,1271
nr_trend,nr4_ema50_adx,breakout,1d,ATOM,3d,3,49,11,38,0.010206048762474978,0.05807456204375151,0.6592397599792382,1.2301830409586643,0.22462371061964015,0.5306122448979592,-0.18627939190531628,1.5757374525269532,0.5215661278395907,-0.0028935701071737263,0.013998043698425918,0.011206048762474979,0.0,0.0,1271
nr_trend,nr4_ema50_adx,breakout,1d,ATOM,1w,7,39,11,28,0.009964219221280213,0.09748400663112235,0.34207069004370055,0.6383255186459641,0.5270903156629554,0.48717948717948717,-0.34780692521231715,1.3153930885370158,0.23334319203301246,-0.009464715143504322,0.017597014864588423,0.010964219221280214,0.0,0.0,1271
nr_trend,nr4_ema50_adx,breakout,1d,ATOM,2w,14,31,10,21,0.008697033058852836,0.13883324494438384,0.18690983333970795,0.34878555742778683,0.7296863962620219,0.6129032258064516,-0.32856794391527666,1.1829360704184044,-0.020917501061187393,-0.044653901280339914,0.03410223988703986,0.009697033058852837,0.0,0.0,1271
nr_trend,nr4_ema20,breakout,1d,ATOM,3d,3,94,21,73,0.01051699490827656,0.06714533492075095,0.8137919752381256,1.518587238788091,0.13225874938875345,0.5212765957446809,-0.32355746363202564,1.5647399763400156,1.1924207941354958,-0.004501762754187397,0.014837459441314139,0.011516994908276562,0.0,0.0,1271
nr_trend,nr4_ema20,breakout,1d,ATOM,1w,7,69,19,50,0.013859445238971755,0.10129490136772949,0.6090549304395678,1.1365349785070786,0.2597221826717667,0.5362318840579711,-0.35212118506246604,1.480988364021253,0.8510460975070717,0.0006175675287647515,0.018891358768850418,0.014859445238971756,0.0,0.0,1271
nr_trend,nr4_ema20,breakout,1d,ATOM,2w,14,50,16,34,0.0018410360936303972,0.1342023277410559,0.05198294898628895,0.0970034669388964,0.923119327529555,0.52,-0.4809601018375671,1.0359819429293675,-0.2931053691163773,-0.02586825821578667,0.014880704003944312,0.002841036093630398,0.0,0.0,1271
nr_trend,nr4_ema50_relaxed,breakout,1d,ATOM,3d,3,113,31,82,0.013596272976771864,0.06889296754020056,1.124236967841466,2.097897207991397,0.03816323534765635,0.5398230088495575,-0.23185808281670572,1.749197041433104,2.5825684329250245,0.001081093438712021,0.018327621338721314,0.014596272976771863,0.0,0.0,1271
nr_trend,nr4_ema50_relaxed,breakout,1d,ATOM,1w,7,85,27,58,0.023281975291640004,0.10602600377431468,1.0849021030854789,2.0244958652951643,0.04609615723314024,0.5764705882352941,-0.32466081250542,1.7947920672626378,3.565963560990438,0.008331779159195465,0.030241549353295222,0.02428197529164001,0.0,0.0,1271
nr_trend,nr4_ema50_relaxed,breakout,1d,ATOM,2w,14,57,21,36,0.0010643894761477625,0.14106397009742727,0.03052780326764333,0.056966809554630085,0.9547744129717709,0.49122807017543857,-0.6050389404647716,1.0199632091179525,-0.39227508525910826,-0.039972887025796704,0.0250028007689487,0.0020643894761477634,0.0,0.0,1271
nr_trend,nr7_ema50,breakout,1d,ATOM,3d,3,60,15,45,0.001897243314889278,0.05603920482780098,0.1405336574664274,0.2622446833372695,0.794046283807901,0.48333333333333334,-0.29225698233060093,1.0902697283680483,0.02180387617013224,-0.003914794000779402,0.003834589086778838,0.002897243314889279,0.0,0.0,1271
nr_trend,nr7_ema50,breakout,1d,ATOM,1w,7,51,15,36,0.018674495506630154,0.09441779854883028,0.7569265746051413,1.412472808617465,0.164005127758411,0.6078431372549019,-0.29816057907737314,1.6943626831023106,1.0687322642124983,0.013844020296826002,0.020687193510715216,0.019674495506630155,0.0,0.0,1271
nr_trend,nr7_ema50,breakout,1d,ATOM,2w,14,41,13,28,0.017683692096543618,0.13104668860649407,0.46303356990262085,0.8640498945432105,0.39271245452313397,0.6097560975609756,-0.3627564156082297,1.4294847541508084,0.46165629719884516,-0.003039152052101044,0.027305012594128642,0.01868369209654362,0.0,0.0,1271
nr_trend,nr7_ema50_adx,breakout,1d,ATOM,3d,3,41,11,30,0.008082619865664054,0.05583874179006971,0.4966862249160499,0.9268478748744587,0.35956440306089615,0.5121951219512195,-0.1928483941216672,1.4312503955277558,0.3088509808196751,0.001871748088090945,0.01035993951744086,0.009082619865664054,0.0,0.0,1271
nr_trend,nr7_ema50_adx,breakout,1d,ATOM,1w,7,36,11,25,0.01058675762828627,0.10000921931582236,0.34036730872916143,0.6351469014983911,0.5294633934447365,0.5555555555555556,-0.370739116495704,1.324824181879691,0.2293867153290743,-0.011196840037677049,0.020171540601310132,0.011586757628286272,0.0,0.0,1271
nr_trend,nr7_ema20,breakout,1d,ATOM,3d,3,75,18,57,0.006667077733995441,0.05455981885563163,0.5671094545296473,1.058262070466839,0.29337828723600456,0.5466666666666666,-0.30806926210980035,1.3693718872091376,0.4748578070822731,0.00577282598968162,0.00694947302167349,0.007667077733995442,0.0,0.0,1271
nr_trend,nr7_ema20,breakout,1d,ATOM,1w,7,61,16,45,0.023673852120082668,0.08650556659575942,1.145416539386899,2.1374196265584793,0.03664850214388022,0.639344262295082,-0.2547201253250473,2.0457032776200204,2.3472740381544313,0.03679944811290673,0.019006973544856334,0.02467385212008267,0.0,0.0,1271
nr_trend,nr7_ema20,breakout,1d,ATOM,2w,14,47,14,33,0.02215638547586959,0.1315244359911314,0.618892258343884,1.1548920538701,0.2540988782764255,0.574468085106383,-0.3374672046665913,1.5681800327452,0.9073990760151076,0.0024763777153756932,0.030505479677291246,0.023156385475869585,0.0,0.0,1271
nr_trend,nr4_ema50,breakout,1d,FTM,3d,3,81,22,59,0.037083145890037035,0.16830060053166265,1.1392060488419387,1.9830488539911346,0.050793680254761345,0.5308641975308642,-0.38068010466425317,2.4583889862116846,7.845156951053738,0.031161333560757513,0.03929127930095484,0.038083145890037036,0.0,0.0,1106
nr_trend,nr4_ema50,breakout,1d,FTM,1w,7,60,17,43,0.035094930548394375,0.1935258409689446,0.80695611667927,1.404691806217744,0.16535600449422333,0.5666666666666667,-0.566326864943935,1.7045945040467632,2.040129169661002,-0.009581788348571185,0.05275781941463656,0.03609493054839437,0.0,0.0,1106
nr_trend,nr4_ema50,breakout,1d,FTM,2w,14,46,14,32,0.06294972864332359,0.23749111251159435,1.0327478154678382,1.7977339340914054,0.07893068126918927,0.5434782608695652,-0.6510323427076756,2.1369430589424914,5.029951024746061,0.047937229364570365,0.06951769707777813,0.0639497286433236,0.0,0.0,1106
nr_trend,nr4_ema50_adx,breakout,1d,FTM,3d,3,67,19,48,0.04017251774949253,0.18267484809786563,1.034085781086813,1.8000629694665984,0.07642084685536502,0.5074626865671642,-0.3886065711663267,2.440260682980474,5.678986266353024,0.02799042602910327,0.0449945957221466,0.04117251774949252,0.0,0.0,1106
nr_trend,nr4_ema50_adx,breakout,1d,FTM,1w,7,51,16,35,0.02269858631174907,0.20345034794307024,0.4577141405427528,0.7967562170000198,0.42935981272175994,0.5098039215686274,-0.5788801667850192,1.3902608970947674,0.27723695249513924,-0.015700725490005882,0.04025255742112277,0.023698586311749075,0.0,0.0,1106
nr_trend,nr4_ema50_adx,breakout,1d,FTM,2w,14,39,13,26,0.05122118291203902,0.25350289282162536,0.7248829028791566,1.2618245937980654,0.21470236653834474,0.48717948717948717,-0.6623861877598718,1.8037410835917875,1.6569177945344498,0.05635519777133914,0.048654175482388956,0.052221182912039005,0.0,0.0,1106
nr_trend,nr4_ema20,breakout,1d,FTM,3d,3,94,22,72,0.035392814979366055,0.1570599169208582,1.2551121620698502,2.1848099710786255,0.03141618550112337,0.5531914893617021,-0.4423009099325186,2.482070408768223,11.018766787544127,0.03363437240652135,0.03593011687662415,0.03639281497936605,0.0,0.0,1106
nr_trend,nr4_ema20,breakout,1d,FTM,1w,7,66,14,52,0.043615013348223854,0.18418706953950434,1.1051410427008068,1.923750914467338,0.0587669097808659,0.5909090909090909,-0.4537988218993291,2.0395136740274222,5.540348428527831,0.054793704899950786,0.04060536562275892,0.044615013348223855,0.0,0.0,1106
nr_trend,nr4_ema20,breakout,1d,FTM,2w,14,48,12,36,0.061393915639921325,0.23486498134051356,1.0403909189092606,1.8110385048807336,0.0765287534268937,0.5416666666666666,-0.510692804093128,2.136895252307265,5.252941310106131,0.048814830355173366,0.06558694406817064,0.062393915639921325,0.0,0.0,1106
nr_trend,nr4_ema50_relaxed,breakout,1d,FTM,3d,3,107,35,72,0.0243026368035019,0.1532226220753993,0.9425214962668127,1.6406743757495965,0.103829177727851,0.5046728971962616,-0.5445131256842711,1.8401827330036338,4.418761635326798,0.007037989877736672,0.03269517350352667,0.0253026368035019,0.0,0.0,1106
nr_trend,nr4_ema50_relaxed,breakout,1d,FTM,1w,7,77,26,51,0.045154127741928986,0.18446262787652487,1.233966294621002,2.14800074920545,0.034900240431731976,0.5714285714285714,-0.40761239090243817,1.995879017948144,9.046020453283823,0.04314854250056318,0.04617658296301743,0.04615412774192898,0.0,0.0,1106
nr_trend,nr4_ema50_relaxed,breakout,1d,FTM,2w,14,53,19,34,0.05444127781782306,0.24763512612779204,0.9194388827134934,1.6004938040254897,0.1155477266856523,0.5283018867924528,-0.714674332276257,1.885481787618125,3.67596258915958,0.06026575222420248,0.05118642447308163,0.05544127781782308,0.0,0.0,1106
nr_trend,nr7_ema50,breakout,1d,FTM,3d,3,59,17,42,0.045709086057915564,0.17964188563338981,1.1227674337532814,1.9544336821827493,0.055476421013241246,0.6101694915254238,-0.26946205511682353,2.9932801466059695,6.6436376677486235,0.04503693941115301,0.0459811454149385,0.04670908605791556,0.0,0.0,1106
nr_trend,nr7_ema50,breakout,1d,FTM,1w,7,50,14,36,0.041009543457924416,0.2023903186270021,0.8230933090091351,1.4327822827289112,0.15826956214667307,0.54,-0.5147706532246272,1.8848160588303098,2.223765041867193,0.0024955971279168837,0.05598718925292734,0.04200954345792441,0.0,0.0,1106
nr_trend,nr7_ema50,breakout,1d,FTM,2w,14,40,12,28,0.04891338573973123,0.2606670086111471,0.6817741360203935,1.1867839189323175,0.24249197603689696,0.5,-0.7082878871652794,1.7119336011838513,1.3084347370548768,0.010964899580491128,0.06517702266511984,0.04991338573973123,0.0,0.0,1106
nr_trend,nr7_ema50_adx,breakout,1d,FTM,3d,3,48,15,33,0.04883295525775367,0.19654880782219583,0.9888537869911732,1.7213263316597038,0.09176871032568544,0.5833333333333334,-0.26946205511682353,2.9279639063775407,4.536027667326347,0.041657421229620746,0.052094561634177736,0.049832955257753664,0.0,0.0,1106
nr_trend,nr7_ema50_adx,breakout,1d,FTM,1w,7,41,13,28,0.028700315493022977,0.2173355560274111,0.48575433533519313,0.8455665934945639,0.40282443332870604,0.4634146341463415,-0.514770653224627,1.510103909592265,0.44605009576246735,-0.004106372778734431,0.04393199219062464,0.02970031549302298,0.0,0.0,1106
nr_trend,nr7_ema50_adx,breakout,1d,FTM,2w,14,33,11,22,0.03408149883938856,0.28249954521861537,0.3981317122141621,0.6930393640785214,0.4932844987220251,0.42424242424242425,-0.7082878871652794,1.418613253398323,0.0763850581544463,0.017552286808119752,0.04234610485502296,0.035081498839388554,0.0,0.0,1106
nr_trend,nr7_ema20,breakout,1d,FTM,3d,3,71,19,52,0.03728173304074944,0.16574109561266515,1.0888396569610315,1.8953746217478684,0.0621722066904167,0.6056338028169014,-0.2429948014388834,2.5957414575937023,6.161140643847899,0.03567025313615556,0.03787054300588951,0.03828173304074944,0.0,0.0,1106
nr_trend,nr7_ema20,breakout,1d,FTM,1w,7,57,14,43,0.05252187022392932,0.18992928029284395,1.1993737964841156,2.0877845891378515,0.041378416923595826,0.5964912280701754,-0.4211235837917673,2.4020147068613733,7.071262330240284,0.05734439642369097,0.0509517454147046,0.05352187022392932,0.0,0.0,1106
nr_trend,nr7_ema20,breakout,1d,FTM,2w,14,44,12,32,0.05586020383298104,0.24321648204580418,0.8751947839685138,1.5234768241724657,0.13496081305809715,0.5227272727272727,-0.510692804093128,1.961330807439993,3.0099801828109953,0.04063800352856125,0.06156852894713845,0.05686020383298104,0.0,0.0,1106
nr_trend,nr4_ema50,breakout,1d,NEAR,3d,3,59,16,43,0.005243234949484017,0.08328391433691985,0.29542088903481356,0.48357539577665726,0.6305079411527109,0.5254237288135594,-0.3661588086807934,1.1700078922910022,0.11786488362993341,-0.012434846918746571,0.011821125877197724,0.006243234949484018,0.0,0.0,978
nr_trend,nr4_ema50,breakout,1d,NEAR,1w,7,49,14,35,-0.0028159636123622875,0.1404675612207895,-0.08572866111881312,-0.14032951889548884,0.8889868665850645,0.4489795918367347,-0.7899168870472717,0.944608914606559,-0.4431763439377302,0.01132848826314722,-0.00847374436256609,-0.0018159636123622866,0.0,0.0,978
nr_trend,nr4_ema50,breakout,1d,NEAR,2w,14,37,10,27,-0.006905746466826401,0.16280943734596717,-0.15761912829885397,-0.25800725398300417,0.7978705927376586,0.5135135135135135,-0.7334198905926929,0.9040183738661081,-0.5246414225887951,-0.04031975620144477,0.005469812694143364,-0.0059057464668264,0.0,0.0,978
nr_trend,nr4_ema50_adx,breakout,1d,NEAR,3d,3,40,12,28,-7.698450300903936e-05,0.09232990801779659,-0.003221572489909076,-0.005273402286889017,0.995819335987172,0.45,-0.3844622273251497,0.9979548500374937,-0.15271959868704466,-0.006254526164932717,0.002570533352101108,0.0009230154969909615,0.0,0.0,978
nr_trend,nr4_ema50_adx,breakout,1d,NEAR,1w,7,34,9,25,0.009261766044284333,0.14331798487742367,0.23020225660184038,0.3768188082725462,0.7087205241585772,0.5,-0.5806760147463094,1.2070844008242358,0.0038242480180386007,0.05915044296789445,-0.00869815764821531,0.010261766044284333,0.0,0.0,978
nr_trend,nr4_ema20,breakout,1d,NEAR,3d,3,70,19,51,0.007441700508530353,0.08368277455930834,0.45452956951363027,0.7440209024753337,0.45939010513778605,0.5142857142857142,-0.35454526043037315,1.2477467826348974,0.3279680852435003,-0.01652619704721444,0.016370917244984295,0.008441700508530353,0.0,0.0,978
nr_trend,nr4_ema20,breakout,1d,NEAR,1w,7,59,18,41,0.0074971503686286,0.13839380184487973,0.2542041240785976,0.41610754172119546,0.6788670346921064,0.4576271186440678,-0.7181837101729083,1.1615900717991798,-0.0784152093936169,0.001043285690545823,0.010330554373640551,0.0084971503686286,0.0,0.0,978
nr_trend,nr4_ema20,breakout,1d,NEAR,2w,14,41,13,28,-0.011565237259264637,0.17968302073257694,-0.25177722337122804,-0.412134940210479,0.6824409499411251,0.43902439024390244,-0.6714269326741731,0.8501007161705398,-0.6748765034445678,-0.05875248410004751,0.010343127345384553,-0.010565237259264636,0.0,0.0,978
nr_trend,nr4_ema50_relaxed,breakout,1d,NEAR,3d,3,76,20,56,0.014339654192615093,0.08065464912481406,0.9468759218807815,1.5499442174548699,0.12536462118781258,0.5657894736842105,-0.3391049127569198,1.5872452649190356,1.331865541035243,0.004706286912673402,0.01778014250687999,0.015339654192615097,0.0,0.0,978
nr_trend,nr4_ema50_relaxed,breakout,1d,NEAR,1w,7,64,19,45,0.014555186269648494,0.12946783189374345,0.549443303003971,0.8993854956399792,0.3718722487085009,0.484375,-0.5362568712230822,1.35751191600098,0.5492607640077958,0.017421279649095966,0.013345057953881785,0.015555186269648495,0.0,0.0,978
nr_trend,nr4_ema50_relaxed,breakout,1d,NEAR,2w,14,44,13,31,0.02800523225637647,0.18512397714842826,0.6130273486349205,1.0034664227928456,0.3212495385408754,0.5,-0.5687885498438456,1.501488373935423,0.7735992661747557,0.04111590902745517,0.02250720651366605,0.029005232256376468,0.0,0.0,978
nr_trend,nr7_ema50,breakout,1d,NEAR,3d,3,39,14,25,0.017051958834790385,0.08243115490923832,0.7892093090311326,1.2918592358591745,0.20420795974253408,0.5897435897435898,-0.2664152409980809,1.6883675340964954,0.7094693534344068,-0.01718239869341298,0.03622319905058427,0.018051958834790386,0.0,0.0,978
nr_trend,nr7_ema50,breakout,1d,NEAR,1w,7,36,13,23,0.03441501608260373,0.14821996665747592,0.851078306669306,1.3931327954809483,0.17236532640962554,0.5555555555555556,-0.5405591676399873,1.9589481655376544,1.3993515920148885,0.020379909624499263,0.04234790234153234,0.03541501608260372,0.0,0.0,978
nr_trend,nr7_ema20,breakout,1d,NEAR,3d,3,46,14,32,0.024255921001540254,0.08278074813218025,1.2140717205009097,1.987317872681945,0.05299406734193636,0.6086956521739131,-0.266415240998081,2.089735103187334,1.6032878231517218,-0.013304450002064023,0.04068858331561713,0.025255921001540258,0.0,0.0,978
nr_trend,nr7_ema20,breakout,1d,NEAR,1w,7,41,13,28,0.047169178588377776,0.14316669719058556,1.2887991488400439,2.1096394385418664,0.04119466902039039,0.5853658536585366,-0.4902591189846902,2.5758727562546078,3.6050660705709223,0.030455056858457712,0.054929306534412095,0.04816917858837778,0.0,0.0,978
nr_trend,nr7_ema20,breakout,1d,NEAR,2w,14,31,9,22,0.06663551316359792,0.19283307230424235,1.1753902331960533,1.9240000227025842,0.06388756261508634,0.6451612903225806,-0.4171606818694068,2.585671232154306,3.6333569872003233,-0.022220128220219373,0.10298554827515954,0.06763551316359792,0.0,0.0,978
nr_trend,nr4_ema50,breakout,1d,OP,3d,3,51,13,38,-0.020116614392004673,0.07160317582774468,-1.4275341092940308,-2.006354609894702,0.050242463810680094,0.43137254901960786,-0.6985042860467383,0.4952765441530213,-0.6905163850752506,-0.03498213519118746,-0.015031041487021087,-0.019116614392004672,0.0,0.0,721
nr_trend,nr4_ema50,breakout,1d,OP,1w,7,40,10,30,0.005819061681611964,0.1434394236695454,0.18255478659171115,0.2565750515185638,0.7988555397824991,0.45,-0.6226574221200036,1.1337791305414653,-0.13208225222145098,-0.057329756842675675,0.02686866785637451,0.006819061681611965,0.0,0.0,721
nr_trend,nr4_ema50_adx,breakout,1d,OP,3d,3,41,11,30,-0.024198960301986573,0.07722218055027773,-1.427661916050854,-2.0065342383001163,0.05159250438810459,0.4146341463414634,-0.6844224311938159,0.4733478971170304,-0.6774727587286891,-0.04069256512946185,-0.018151305198578972,-0.023198960301986572,0.0,0.0,721
nr_trend,nr4_ema50_adx,breakout,1d,OP,1w,7,31,8,23,-0.014881776913251897,0.1178239136466914,-0.5003581665872489,-0.703237777363689,0.48732973840116356,0.3870967741935484,-0.5845234799291562,0.7097219196398082,-0.5001019639610644,-0.06680270798669416,0.003177677373162802,-0.013881776913251896,0.0,0.0,721
nr_trend,nr4_ema20,breakout,1d,OP,3d,3,62,17,45,-0.01856331328913,0.0901521657746158,-1.1535966185712299,-1.6213440215267045,0.11010203799798234,0.43548387096774194,-0.8108589085007603,0.576491966699263,-0.763338359904604,-0.0591760403674597,-0.0032207275039832315,-0.01756331328913,0.0,0.0,721
nr_trend,nr4_ema20,breakout,1d,OP,1w,7,49,17,32,-0.02349128374705918,0.12141078085486147,-0.9636655601055372,-1.3544018502441737,0.18194990335241612,0.46938775510204084,-0.7769215973222471,0.5841256386381232,-0.7917807495950764,-0.07014632004658372,0.001294204287063231,-0.02249128374705918,0.0,0.0,721
nr_trend,nr4_ema20,breakout,1d,OP,2w,14,31,11,20,-0.0011873893389940794,0.23607376185080764,-0.019925309291377195,-0.028004399957982512,0.977844108610845,0.3870967741935484,-0.7755247766062521,0.9858585580009683,-0.5601181513158645,-0.0996819445180474,0.05298461600948525,-0.00018738933899407849,0.0,0.0,721
nr_trend,nr4_ema50_relaxed,breakout,1d,OP,3d,3,75,18,57,-0.0054383283083301185,0.09229127821133663,-0.3630899203869516,-0.5103115441037864,0.6113520909503422,0.5333333333333333,-0.6742584746264867,0.8507526500589483,-0.5260033667596863,-0.04026926015199701,0.0055609133265120585,-0.004438328308330118,0.0,0.0,721
nr_trend,nr4_ema50_relaxed,breakout,1d,OP,1w,7,59,15,44,0.02071710063278988,0.1515832563638058,0.7469345505342778,1.0497931846232358,0.29816786582557847,0.5423728813559322,-0.5880911630856738,1.4632773346495531,0.7995857541167255,-0.03548408964567173,0.039876597318629074,0.02171710063278988,0.0,0.0,721
nr_trend,nr4_ema50_relaxed,breakout,1d,OP,2w,14,36,9,27,0.04554387127206527,0.20033439863436905,0.9705199492665186,1.364035480152988,0.1812645293611098,0.5555555555555556,-0.5722065331016105,1.8672064310649434,1.7358499149120545,-0.06005687871005034,0.08074412126610381,0.04654387127206528,0.0,0.0,721
nr_trend,nr7_ema50,breakout,1d,OP,3d,3,32,8,24,-0.02667108646537023,0.06513465200489692,-1.6480955971945213,-2.3163468931846807,0.027319588787686904,0.375,-0.6125215561438,0.3661627884772333,-0.6077186375985419,-0.06699327727007183,-0.013230356197136361,-0.025671086465370228,0.0,0.0,721
nr_trend,nr7_ema20,breakout,1d,OP,3d,3,38,10,28,-0.01393491202291043,0.0721837683343611,-0.8467111498926458,-1.1900260790801525,0.24161612091098003,0.42105263157894735,-0.4844400481323484,0.6173168998806924,-0.46873569266148085,-0.05697183738225361,0.0014354184625692784,-0.012934912022910429,0.0,0.0,721
nr_trend,nr7_ema20,breakout,1d,OP,1w,7,34,10,24,-0.010529396398578727,0.10624392305960224,-0.4111664171431019,-0.5778815589050386,0.5672667537688658,0.5,-0.4526945270203925,0.7600866821991256,-0.4306617337290163,-0.047203002648848955,0.004751272872367203,-0.009529396398578726,0.0,0.0,721
nr_trend,nr4_ema50,breakout,1d,ARB,3d,3,71,8,63,0.05643324840746116,0.3971035422591293,0.6325618898938709,1.197458477864288,0.23516716995943873,0.28169014084507044,-0.7932284095992692,3.0064490453913986,1.4562578718274062,0.2959412708674237,0.0260195312696882,0.057433248407461196,0.0,0.0,1308
nr_trend,nr4_ema50,breakout,1d,ARB,1w,7,48,7,41,0.07736651562448509,0.45155597298840283,0.6270535421616974,1.1870310117201894,0.24118054116352536,0.3333333333333333,-0.9776708628017332,2.7751707504645373,-0.6254932934467812,0.004343502914094323,0.08983385925796644,0.07836651562448506,0.0,0.0,1308
nr_trend,nr4_ema50,breakout,1d,ARB,2w,14,30,4,26,0.09811768759366041,0.44655316286869207,0.635736757005627,1.203468595767064,0.23852751866834268,0.3333333333333333,-0.8289266570321779,2.787769605520897,0.6981204250802744,0.03956479687060163,0.10712582462797714,0.09911768759366035,0.0,0.0,1308
nr_trend,nr4_ema50_adx,breakout,1d,ARB,3d,3,65,7,58,0.056548519556067434,0.4136332434172709,0.5822440279252048,1.102205268075609,0.2745001424388819,0.27692307692307694,-0.7924359587613623,2.95025561493601,0.8495258413563505,0.3399423617795083,0.022345814460134922,0.05754851955606742,0.0,0.0,1308
nr_trend,nr4_ema50_adx,breakout,1d,ARB,1w,7,44,7,37,0.06559100360057683,0.4575828681264372,0.5022771465974485,0.9508255825078378,0.3470069503599081,0.29545454545454547,-0.9776708628017332,2.3987400585513745,-0.7953996617511319,0.004343502914094323,0.07717836859531679,0.06659100360057685,0.0,0.0,1308
nr_trend,nr4_ema20,breakout,1d,ARB,3d,3,82,13,69,0.06032405377669717,0.42951590374572546,0.6718321080581803,1.2717981692363403,0.20708428485109115,0.34146341463414637,-0.8631690083220953,2.392470239143686,0.18701197589031793,0.23536071394097172,0.02734613229647154,0.061324053776697154,0.0,0.0,1308
nr_trend,nr4_ema20,breakout,1d,ARB,1w,7,58,10,48,0.05412368975755025,0.45858890793148943,0.47481060111686446,0.8988305947148038,0.37252429457895336,0.41379310344827586,-0.9776708628017332,1.6865633636365345,-0.9622973162170265,0.05479167508662539,0.05398452614732624,0.05512368975755022,0.0,0.0,1308
nr_trend,nr4_ema20,breakout,1d,ARB,2w,14,40,8,32,0.09256043435337609,0.5550181758915808,0.5571738611878969,1.054746696541846,0.2980318475245313,0.35,-0.9019075530852,2.13732071477321,-0.4544015540287286,-0.013408604599515511,0.11905269409159899,0.09356043435337609,0.0,0.0,1308
nr_trend,nr4_ema50_relaxed,breakout,1d,ARB,3d,3,96,15,81,0.0526846414090274,0.37321447798227864,0.7306404671992176,1.3831241427858028,0.16986889057347043,0.34375,-0.7939149392257845,2.667155747802503,1.5669440921116493,0.23133995448835842,0.01960032417211424,0.05368464140902738,0.0,0.0,1308
nr_trend,nr4_ema50_relaxed,breakout,1d,ARB,1w,7,64,13,51,0.04874331334023614,0.42281472799551206,0.4871890152341084,0.9222633009274648,0.3599098253818527,0.375,-0.9810246810247,1.8052178362412838,-0.9358394999675422,0.012551383898553703,0.05796870711948852,0.049743313340236135,0.0,0.0,1308
nr_trend,nr4_ema50_relaxed,breakout,1d,ARB,2w,14,40,8,32,0.06911326758883016,0.5085101191705493,0.45408210034692337,0.859590926032666,0.3952677564766448,0.325,-0.8986585618383558,1.8838480338344221,-0.6270160740070843,0.0401666303946973,0.07634992688736338,0.07011326758883016,0.0,0.0,1308
nr_trend,nr7_ema50,breakout,1d,ARB,3d,3,54,5,49,0.051738153283835596,0.33958780044044157,0.5914230999698868,1.119581524556498,0.2679403653300094,0.25925925925925924,-0.3139801514913657,5.55900869265721,3.233248945604437,0.4805972640923931,0.007977019527860325,0.05273815328383558,0.0,0.0,1308
nr_trend,nr7_ema50,breakout,1d,ARB,1w,7,37,5,32,0.0029755099055245615,0.20483250685867171,0.046677323180813475,0.08836156154815791,0.9300790368008116,0.2972972972972973,-0.7527105229743956,1.0671068130429122,-0.5314167416902147,0.02554983670224027,-0.0005517286564622678,0.003975509905524563,0.0,0.0,1308
nr_trend,nr7_ema50_adx,breakout,1d,ARB,3d,3,49,4,45,0.050210396759783824,0.35432581050514533,0.524000213796698,0.9919479950314907,0.3261972046799114,0.24489795918367346,-0.30920175871937217,5.8909959783229,2.179783496555281,0.6037631714947835,0.0010057056722282854,0.05121039675978381,0.0,0.0,1308
nr_trend,nr7_ema50_adx,breakout,1d,ARB,1w,7,33,4,29,-0.020689157389575843,0.15997913177394096,-0.392445178799785,-0.7429103996916624,0.46295530682741015,0.2727272727272727,-0.8012881170377527,0.5732421064816685,-0.7349986260040515,0.034953887257092475,-0.02836406009946113,-0.019689157389575843,0.0,0.0,1308
nr_trend,nr7_ema20,breakout,1d,ARB,3d,3,60,6,54,0.04638502124987599,0.35615882894011497,0.5329079886211433,1.0088106778027013,0.317184931609349,0.31666666666666665,-0.8213319937577361,2.7118653852085592,0.9434493138237496,0.3545131990844106,0.0121485570460388,0.047385021249875973,0.0,0.0,1308
nr_trend,nr7_ema20,breakout,1d,ARB,1w,7,43,6,37,0.05577095665776044,0.4116453539759445,0.46931200548432117,0.888421589585454,0.3793740017228446,0.3488372093023256,-0.8170850798060193,1.9289767730985012,-0.041921855549517106,-0.022046116881349925,0.06838994155599457,0.056770956657760434,0.0,0.0,1308
nr_trend,nr7_ema20,breakout,1d,ARB,2w,14,30,4,26,0.07552278358551552,0.4681318101609879,0.4667808421526623,0.8836300220901964,0.38416303308542527,0.36666666666666664,-0.8139684708955547,2.259603058759917,0.3956487705773435,-0.0037446488053384797,0.08771777318410842,0.0765227835855155,0.0,0.0,1308
nr_trend,nr4_ema50,breakout,1d,SUI,3d,3,50,9,41,-0.05521076222036236,0.39320241999405114,-0.9356600447127073,-0.9928703989432952,0.32565098202309134,0.38,-0.9997585040890958,0.5224249848200949,-0.9996849822037224,-0.17552892548860866,-0.028799458088308274,-0.05421076222036237,0.0,0.0,411
nr_trend,nr4_ema50,breakout,1d,SUI,1w,7,32,8,24,0.03785304251327057,0.4720600972965917,0.4274683958289049,0.4536056862753105,0.6532722579687243,0.46875,-0.9536181755423512,1.3646350279276243,-0.9025147743845983,-0.10232616876034605,0.08457944627114278,0.03885304251327057,0.0,0.0,411
nr_trend,nr4_ema50_adx,breakout,1d,SUI,3d,3,42,7,35,-0.04014779803952652,0.40375102085765247,-0.6072929841036018,-0.6444255376829158,0.522888836071897,0.3333333333333333,-0.9972837168595149,0.6344494193455988,-0.9880913623080455,-0.08401459843580042,-0.031374437960271756,-0.03914779803952654,0.0,0.0,411
nr_trend,nr4_ema20,breakout,1d,SUI,3d,3,43,7,36,-0.03335249119034713,0.3978104812062833,-0.5180978687908608,-0.5497766422589948,0.5853844360047888,0.37209302325581395,-0.995719600698287,0.6668244597848647,-0.9841749619050926,-0.06719867465673188,-0.026771288849661203,-0.032352491190347124,0.0,0.0,411
nr_trend,nr4_ema50_relaxed,breakout,1d,SUI,3d,3,53,9,44,-0.0523306937554284,0.3818701531283659,-0.9401653324364625,-0.997651159696003,0.32306852888238324,0.37735849056603776,-0.9997596547817741,0.5213586723798722,-0.9996890179965353,-0.1741998431260038,-0.027402913202356147,-0.0513306937554284,0.0,0.0,411
nr_trend,nr4_ema50_relaxed,breakout,1d,SUI,1w,7,35,7,28,0.030507134485023027,0.4514590642701747,0.3767407369185563,0.3997763160629253,0.6918217924491649,0.45714285714285713,-0.9586910573868769,1.3111618087298083,-0.9159373936150895,-0.12328782665394604,0.0689558747697653,0.031507134485023014,0.0,0.0,411
nr_trend,nr7_ema50,breakout,1d,SUI,3d,3,41,3,38,-0.03535672276259073,0.4050641167756947,-0.526702864837634,-0.5589077854622813,0.5793404934282627,0.36585365853658536,-0.9952970639976504,0.6676511824587757,-0.9833093854148544,0.0007404595109758993,-0.03820650031050388,-0.03435672276259073,0.0,0.0,411
nr_trend,nr7_ema50_adx,breakout,1d,SUI,3d,3,36,3,33,-0.03427240947040611,0.43215831992205656,-0.44841334727658655,-0.47583130381366856,0.6371512774225112,0.3333333333333333,-0.9952970639976504,0.7005721527341691,-0.9788727534056147,0.0007404595109758993,-0.037455397559622655,-0.03327240947040613,0.0,0.0,411
nr_trend,nr7_ema20,breakout,1d,SUI,3d,3,36,3,33,-0.029734834865299042,0.43055020142724354,-0.3904977230367673,-0.4143744645813217,0.6811286007790117,0.3611111111111111,-0.9926832198868976,0.7234441871116009,-0.9742755379443795,0.0007404595109758993,-0.032505316172233144,-0.028734834865299066,0.0,0.0,411
nr_trend,nr4_ema50,breakout,1d,DOGE,3d,3,85,32,53,0.007511782904074458,0.07352712495513143,0.49756229979066646,0.9419002372241382,0.3489447317863276,0.5176470588235295,-0.3439286050101962,1.3352027083985172,0.5191039470796459,0.006942552295994851,0.007855469308952713,0.00851178290407446,0.0,0.0,1308
nr_trend,nr4_ema50,breakout,1d,DOGE,1w,7,67,27,40,0.011886989320308171,0.09169749155847386,0.5605242143992144,1.061089014852241,0.2925169719042753,0.5074626865671642,-0.4105160667081048,1.413001391330105,0.6836124693899963,-0.0051203766846423925,0.023366961373649804,0.012886989320308172,0.0,0.0,1308
nr_trend,nr4_ema50,breakout,1d,DOGE,2w,14,51,21,30,0.038139116811483104,0.1954048700262956,0.7363137266004793,1.3938637916260197,0.1695230756100471,0.5098039215686274,-0.5108290992908969,1.8667077681478512,2.1522276969385423,0.06784938392090337,0.017341929834888956,0.03913911681148311,0.0,0.0,1308
nr_trend,nr4_ema50_adx,breakout,1d,DOGE,3d,3,64,27,37,0.011695925150450537,0.0779733428411302,0.633900324383431,1.1999921741747923,0.23463556896087595,0.53125,-0.29107765756081694,1.5156978986667746,0.7566075162223751,0.00695312769769635,0.0151568854538117,0.012695925150450538,0.0,0.0,1308
nr_trend,nr4_ema50_adx,breakout,1d,DOGE,1w,7,51,22,29,0.005544526194423229,0.08920761553627617,0.23447155127815275,0.4438616226834687,0.6590576411638598,0.49019607843137253,-0.40139041466602743,1.171919477535502,0.08332874074740326,-0.019676254543732497,0.024677532271644816,0.00654452619442323,0.0,0.0,1308
nr_trend,nr4_ema50_adx,breakout,1d,DOGE,2w,14,40,18,22,0.02901004152364407,0.17129618890389647,0.5658133702610598,1.0711015442643037,0.2907077455305048,0.5,-0.4407457119442869,1.6451097484183892,0.915348620517094,0.025659931296272292,0.031751040800584614,0.03001004152364407,0.0,0.0,1308
nr_trend,nr4_ema20,breakout,1d,DOGE,3d,3,105,35,70,0.0039758894776308635,0.07325157763055953,0.2938018529587903,0.5561756489894877,0.5792854628062023,0.49523809523809526,-0.4362871798405251,1.1687447117734056,0.1562415937978916,0.001494717107061908,0.0052164756629153415,0.004975889477630864,0.0,0.0,1308
nr_trend,nr4_ema20,breakout,1d,DOGE,1w,7,78,30,48,0.002746725684245536,0.09861223175571707,0.12994942507583562,0.24599812798832546,0.8063382400731417,0.48717948717948717,-0.5031351443324645,1.077878357333755,-0.14505049068521103,-0.018475949582659926,0.01601089772606145,0.0037467256842455368,0.0,0.0,1308
nr_trend,nr4_ema20,breakout,1d,DOGE,2w,14,55,21,34,0.005344959033344118,0.16345166919034285,0.12810878899753417,0.242513749128583,0.8093008546833276,0.43636363636363634,-0.6793179122235808,1.093772106901447,-0.3099409452239823,0.01499846626928453,-0.0006175013182661331,0.006344959033344119,0.0,0.0,1308
nr_trend,nr4_ema50_relaxed,breakout,1d,DOGE,3d,3,122,42,80,-0.00025675364127025394,0.07173450550744091,-0.020883869856926907,-0.03953378698642005,0.9685299714807827,0.48360655737704916,-0.6855025660991794,0.9902479385443403,-0.2889495625986268,-0.008807888105841388,0.0042325919526295915,0.000743246358729747,0.0,0.0,1308
nr_trend,nr4_ema50_relaxed,breakout,1d,DOGE,1w,7,94,36,58,-0.006144174082348585,0.10008839166570577,-0.3144027155736468,-0.5951736948464965,0.5531728594639475,0.44680851063829785,-0.7747379455056782,0.8488151969476719,-0.6538067986187983,-0.02117807294001208,0.003187211415511518,-0.005144174082348584,0.0,0.0,1308
nr_trend,nr4_ema50_relaxed,breakout,1d,DOGE,2w,14,63,24,39,-0.002803176745869658,0.15455083464790412,-0.07604872931757674,-0.1439625072376986,0.8859969930432803,0.42857142857142855,-0.8474661828807462,0.9527407400422279,-0.5965989517586461,-0.028852347205259133,0.01322708199837002,-0.001803176745869657,0.0,0.0,1308
nr_trend,nr7_ema50,breakout,1d,DOGE,3d,3,54,21,33,0.016401047565846642,0.07354791570274656,0.8656466619217509,1.6386948861668464,0.10720048588437986,0.5925925925925926,-0.2742806256690381,1.9388929249770503,1.1055454140342862,0.02630279831673825,0.010099933451642893,0.017401047565846643,0.0,0.0,1308
nr_trend,nr7_ema50,breakout,1d,DOGE,1w,7,48,18,30,0.020127866460679007,0.1067090943882866,0.6903343554083022,1.3068234739581646,0.19763092377765132,0.5625,-0.38429788477880156,1.7201212266984132,1.0325483559613828,0.02655588488606203,0.01627105540544919,0.021127866460679007,0.0,0.0,1308
nr_trend,nr7_ema50,breakout,1d,DOGE,2w,14,38,16,22,0.05157454872729351,0.20011105926215858,0.8392642120752246,1.5887521236636348,0.12062618470159696,0.5263157894736842,-0.31760071999005035,2.33682982972487,2.8095217890568054,0.10298500388606169,0.01418512679364392,0.0525745487272935,0.0,0.0,1308
nr_trend,nr7_ema50_adx,breakout,1d,DOGE,3d,3,43,18,25,0.016845322725567272,0.07968975945158575,0.7322402671905524,1.3861526117674423,0.17301583445720917,0.5813953488372093,-0.2742806256690383,1.8528380369204278,0.8109974453221604,0.02940517307326008,0.007802230475228456,0.017845322725567273,0.0,0.0,1308
nr_trend,nr7_ema50_adx,breakout,1d,DOGE,1w,7,37,15,22,0.016907771183991584,0.10882234445530246,0.4992426801667781,0.9450812472716279,0.35091772038964564,0.5675675675675675,-0.38429788477880156,1.551883661771433,0.5222358655802555,0.010349916231635274,0.021379035924234523,0.017907771183991585,0.0,0.0,1308
nr_trend,nr7_ema50_adx,breakout,1d,DOGE,2w,14,30,14,16,0.03629962248657984,0.1601436420046311,0.6558365176449852,1.24151804067542,0.22436275855854798,0.5333333333333333,-0.31760071999005035,1.974074351315063,1.1179001727971216,0.037386739538467564,0.03534839506617808,0.037299622486579836,0.0,0.0,1308
nr_trend,nr7_ema20,breakout,1d,DOGE,3d,3,67,22,45,0.011613103443699313,0.069200928737532,0.7256318435566244,1.373642669211318,0.17420060629467876,0.5671641791044776,-0.2853216298983956,1.662768823993688,0.866722986672189,0.02510214478063505,0.005018461012308508,0.012613103443699314,0.0,0.0,1308
nr_trend,nr7_ema20,breakout,1d,DOGE,1w,7,57,19,38,0.01031940743460578,0.1064405425309205,0.3866585948414977,0.7319562240933077,0.4672475769537714,0.5263157894736842,-0.4345890395717469,1.3108464483731899,0.3288344213416299,0.008576452159803457,0.01119088507200694,0.01131940743460578,0.0,0.0,1308
nr_trend,nr7_ema20,breakout,1d,DOGE,2w,14,46,17,29,0.02754816948410551,0.19874200179396664,0.4966204080672121,0.9401172081680089,0.3521767497014071,0.43478260869565216,-0.5490767993977277,1.5197125977222878,0.6835805408551665,0.0793308190093668,-0.0028071767893235408,0.0285481694841055,0.0,0.0,1308
nr_trend,nr4_ema50,breakout,1d,XRP,3d,3,86,37,49,-0.00324270495761044,0.05817375778337136,-0.27306881335437305,-0.5169273881586447,0.60654931868232,0.37209302325581395,-0.4630070976377657,0.8402388655287564,-0.3409046035050748,-0.0006363326233697185,-0.005210782026322821,-0.002242704957610439,0.0,0.0,1308
nr_trend,nr4_ema50,breakout,1d,XRP,1w,7,73,30,43,-0.0008987555191350332,0.11890911978237134,-0.03411382335881439,-0.06457848258963363,0.9486885820778379,0.4520547945205479,-0.6802750968689344,0.9746696699581173,-0.41774852070434987,0.015326203640503485,-0.012218494467720047,0.00010124448086496766,0.0,0.0,1308
nr_trend,nr4_ema50,breakout,1d,XRP,2w,14,49,17,32,-0.02567081924974654,0.17946345543998818,-0.5289374334082496,-1.001294298650765,0.3217057232597647,0.42857142857142855,-0.912025953916186,0.6464693055669409,-0.8806617003271412,0.006974675714242654,-0.043013738449365804,-0.024670819249746543,0.0,0.0,1308
nr_trend,nr4_ema50_adx,breakout,1d,XRP,3d,3,56,24,32,0.00013730940590175877,0.06277749624365118,0.008646351184741566,0.016367800043246075,0.9870001999807457,0.39285714285714285,-0.25058003823900776,1.006916442603992,-0.088186283452935,0.008034440874601584,-0.005785539195623111,0.0011373094059017597,0.0,0.0,1308
nr_trend,nr4_ema50_adx,breakout,1d,XRP,1w,7,46,20,26,0.014010870798765184,0.10871475548633293,0.46174065099772255,0.8740887902756275,0.38671100777949324,0.5,-0.3791641693955068,1.581053435904211,0.5292612439590549,0.022342331222004373,0.00760205508858119,0.015010870798765185,0.0,0.0,1308
nr_trend,nr4_ema50_adx,breakout,1d,XRP,2w,14,32,13,19,0.012649769321249761,0.1679836252623193,0.2250262618488339,0.42598140877283075,0.67306461987827,0.46875,-0.5202215614866597,1.2571806785870112,0.03255286042463035,0.0536746522609738,-0.015419887426982479,0.013649769321249762,0.0,0.0,1308
nr_trend,nr4_ema20,breakout,1d,XRP,3d,3,100,41,59,-0.0009817413895567605,0.0599720854497915,-0.08647498792882043,-0.16369972499600205,0.8703012621229396,0.36,-0.42588124363671587,0.9511330669312733,-0.23607346353476977,-0.009950420473737441,0.005250730516399306,1.8258610443240285e-05,0.0,0.0,1308
nr_trend,nr4_ema20,breakout,1d,XRP,1w,7,82,33,49,0.007706476344928499,0.12892516221340142,0.2859352179118896,0.5412838747936757,0.5897976020392952,0.5121951219512195,-0.5869266930098437,1.240978711705448,0.054523764173718625,0.0061507749400479626,0.008754193617603146,0.0087064763449285,0.0,0.0,1308
nr_trend,nr4_ema20,breakout,1d,XRP,2w,14,56,24,32,-0.005189651626267426,0.17871514541209993,-0.11479247513867274,-0.21730557080018156,0.8287743502102943,0.42857142857142855,-0.822082134900827,0.9172256949071357,-0.7004035343090604,0.008171527174570046,-0.01521053572689553,-0.004189651626267425,0.0,0.0,1308
nr_trend,nr4_ema50_relaxed,breakout,1d,XRP,3d,3,127,60,67,0.001699942583828676,0.0612266517732387,0.16528679689692635,0.3128928242206691,0.7548793871148827,0.4251968503937008,-0.4489809319973471,1.088515946878566,-0.008918321292838094,0.001555252567991844,0.0018295157323392718,0.0026999425838286767,0.0,0.0,1308
nr_trend,nr4_ema50_relaxed,breakout,1d,XRP,1w,7,98,44,54,0.014375714272950183,0.15697017804716365,0.47892540976332254,0.9066200499083772,0.36685443182098754,0.45918367346938777,-0.6691155045689992,1.458870703939613,0.6366704189731252,0.03501134084620467,-0.002438499971923839,0.015375714272950185,0.0,0.0,1308
nr_trend,nr4_ema50_relaxed,breakout,1d,XRP,2w,14,61,26,35,0.00633472014330224,0.16887044767468992,0.15476803061185065,0.29298048668346743,0.7705479667203552,0.4426229508196721,-0.7640166975825305,1.1207374101831213,-0.38705153350829535,0.02359976311276507,-0.00649074034829872,0.0073347201433022445,0.0,0.0,1308
nr_trend,nr7_ema50,breakout,1d,XRP,3d,3,57,22,35,0.004031625838607725,0.05976725884995147,0.26902762030198757,0.5092772894748984,0.61255888060385,0.38596491228070173,-0.30161478119110574,1.2450786798174194,0.14853102270172647,0.0076153843061087575,0.001778977659035649,0.005031625838607726,0.0,0.0,1308
nr_trend,nr7_ema50,breakout,1d,XRP,1w,7,52,20,32,0.003241629808500429,0.1192016807888256,0.10359177394417823,0.19610231019018434,0.8453093964103006,0.4807692307692308,-0.6337305169140185,1.0972193073147851,-0.15543125963148652,0.0029989426179910074,0.003393309302568818,0.00424162980850043,0.0,0.0,1308
nr_trend,nr7_ema50,breakout,1d,XRP,2w,14,35,12,23,-0.016026637338353834,0.15619687670892737,-0.32066137197628763,-0.6070215176273461,0.5478692462220903,0.37142857142857144,-0.6910092143667801,0.7083075269546553,-0.6163473686471994,-0.01851226851958676,-0.014729786287275783,-0.015026637338353832,0.0,0.0,1308
nr_trend,nr7_ema50_adx,breakout,1d,XRP,3d,3,38,14,24,0.007269217994205554,0.06748267996813957,0.3507758857379606,0.6640291881601476,0.5107886488860628,0.3684210526315789,-0.2182725314744055,1.4426132620110839,0.22162511608354585,0.014275773406914176,0.003182060670125525,0.008269217994205555,0.0,0.0,1308
nr_trend,nr7_ema50_adx,breakout,1d,XRP,1w,7,35,14,21,0.0244915693684921,0.12215873781395012,0.626568648411542,1.1861130934243456,0.24380051270594144,0.5714285714285714,-0.3529980570266418,2.0217621700289876,0.9035993845668526,0.0162633884877252,0.029977023289003365,0.0254915693684921,0.0,0.0,1308
nr_trend,nr7_ema20,breakout,1d,XRP,3d,3,65,25,40,0.004237823693143754,0.056641187395901356,0.318646956087351,0.6032081684156879,0.5485020373289194,0.36923076923076925,-0.2558771348154103,1.2788527710108883,0.19951210511858908,-0.001826789323059277,0.008028206828270648,0.005237823693143755,0.0,0.0,1308
nr_trend,nr7_ema20,breakout,1d,XRP,1w,7,59,22,37,0.016024691044480833,0.11397424066147802,0.5704945812391908,1.0799632159236174,0.2846290421672572,0.5932203389830508,-0.5227465991323247,1.6078543622655774,0.8051980542780222,0.005758285808513766,0.022129040103704496,0.01702469104448083,0.0,0.0,1308
nr_trend,nr7_ema20,breakout,1d,XRP,2w,14,43,18,25,0.00949856889045319,0.15602668547429777,0.21088033468642584,0.39920274777774895,0.6917665108672907,0.4418604651162791,-0.6325755781664972,1.2058243498145491,-0.07040379946602282,-0.005320977901310438,0.020168642580522998,0.01049856889045319,0.0,0.0,1308
nr_trend,nr4_ema50_relaxed,breakout,1d,RENDER,3d,3,32,7,25,0.02262166965900127,0.09636384269264418,1.469683557840206,1.3279616562125995,0.19388621203553266,0.59375,-0.3691680946896042,2.0174017649909266,0.8057761249150486,-0.01171406105872795,0.03223567425996545,0.02362166965900127,0.0,0.0,298
nr_trend,nr4_ema50,breakout,1d,FET,3d,3,50,10,40,-0.004575777582049732,0.09760166159490274,-0.22883620906331115,-0.33150699533149414,0.741675267574103,0.5,-0.6011629192898061,0.8924305795454812,-0.37022266568818984,-0.06510975230231456,0.010557716098016475,-0.0035757775820497305,0.0,0.0,766
nr_trend,nr4_ema50,breakout,1d,FET,1w,7,38,10,28,-0.019410332488395358,0.15636213723569414,-0.5282326269538445,-0.7652320920466013,0.4489871972276219,0.42105263157894735,-0.7100477576112936,0.7115967525539804,-0.7068351781430624,-0.08906187365256128,0.005465217927378189,-0.018410332488395357,0.0,0.0,766
nr_trend,nr4_ema50_adx,breakout,1d,FET,3d,3,38,10,28,-0.0026792525350487397,0.10495764254937423,-0.10862340903486019,-0.15735892540436114,0.8758175850752437,0.5,-0.5445368789856304,0.940189811525633,-0.26252283978160906,-0.06510975230231456,0.019617354524689053,-0.0016792525350487388,0.0,0.0,766
nr_trend,nr4_ema20,breakout,1d,FET,3d,3,65,9,56,0.0025207694054750745,0.08928740142525718,0.1571200690283385,0.22761433692275038,0.820671658579121,0.5538461538461539,-0.551523251939205,1.073965345896938,-0.08643702570059841,-0.08312741854037027,0.016285656753914506,0.0035207694054750754,0.0,0.0,766
nr_trend,nr4_ema20,breakout,1d,FET,1w,7,49,9,40,-0.010708735130957124,0.15499003179806073,-0.33386008295107744,-0.48365140033242965,0.6308324529426272,0.4489795918367347,-0.7803647897183956,0.8373182749907158,-0.675521169412778,-0.0977263113583086,0.008870219520196959,-0.009708735130957123,0.0,0.0,766
nr_trend,nr4_ema20,breakout,1d,FET,2w,14,34,7,27,-0.023235570187695613,0.24389191363813362,-0.38346650826640494,-0.5555144899751647,0.5822895760919968,0.4411764705882353,-0.7477086603756906,0.7737064468766086,-0.8389267240574891,-0.1973560776222003,0.021906783591620432,-0.022235570187695612,0.0,0.0,766
nr_trend,nr4_ema50_relaxed,breakout,1d,FET,3d,3,79,17,62,0.011756100930241957,0.09079125163167175,0.794446938552401,1.1508874344136097,0.25329447951324013,0.5822784810126582,-0.6530381167687336,1.3837529862958533,0.836575805585084,-0.026763558824177136,0.022317943120969772,0.012756100930241958,0.0,0.0,766
nr_trend,nr4_ema50_relaxed,breakout,1d,FET,1w,7,57,16,41,0.022210413110560143,0.19548378920555556,0.592127679485614,0.8577946151195762,0.39466233005809326,0.47368421052631576,-0.6827143570746619,1.3779655818520304,0.33783422657095175,-0.007446629055536606,0.03378389298025644,0.023210413110560144,0.0,0.0,766
nr_trend,nr4_ema50_relaxed,breakout,1d,FET,2w,14,38,13,25,0.05366033965782165,0.4131935501585959,0.5526163491532995,0.8005559357443562,0.42849945299832615,0.4473684210526316,-0.8520540117667474,1.5770229435123286,-0.0070225563954816606,0.02015396832076781,0.07108365275308966,0.054660339657821695,0.0,0.0,766
nr_trend,nr7_ema50,breakout,1d,FET,3d,3,33,5,28,0.001395764347946439,0.08981820089720095,0.06162213862053061,0.08926983235568786,0.9294238557337305,0.5757575757575758,-0.36741139041358506,1.0397100082016208,-0.07913221521953728,-0.042528279977111595,0.009239343691706802,0.0023957643479464398,0.0,0.0,766
nr_trend,nr7_ema50,breakout,1d,FET,1w,7,30,5,25,-0.03430837498068442,0.1572439942536508,-0.824933149489159,-1.1950517396520812,0.2417487919336673,0.36666666666666664,-0.8047932259092365,0.534395643463365,-0.7630275001079567,-0.0976961244139097,-0.021630825094039366,-0.033308374980684424,0.0,0.0,766
nr_trend,nr7_ema20,breakout,1d,FET,3d,3,47,4,43,0.008528809354096535,0.08082155025774626,0.4993927194278827,0.723452728856204,0.4730647513817333,0.6170212765957447,-0.2722807973870206,1.318258155593258,0.28447051177114235,-0.07742266093143621,0.01652429496205307,0.009528809354096536,0.0,0.0,766
nr_trend,nr7_ema20,breakout,1d,FET,1w,7,40,4,36,-0.0037695330902834945,0.1633409934069884,-0.10075217042472455,-0.1459561379177821,0.8847078239839223,0.425,-0.7149093310111687,0.9402970647625024,-0.4937594417810024,-0.11934967194217824,0.009072704559927033,-0.0027695330902834936,0.0,0.0,766
nr_trend,nr7_ema20,breakout,1d,FET,2w,14,31,4,27,0.027972359110121206,0.24333977634881265,0.4418032281776527,0.6400248514010622,0.5270146634174113,0.5483870967741935,-0.7519988792131804,1.3505103668574454,-0.041925303741227715,-0.137787748437071,0.05252941208007563,0.02897235911012122,0.0,0.0,766
nr_trend,nr4_ema50,breakout,1d,TIA,3d,3,60,6,54,0.05777728812167894,0.20093776677501607,1.577073557926008,2.2272614877305688,0.02975789146317615,0.5833333333333334,-0.5735322562687467,2.3424905486387053,9.655519049681153,-0.05530410101964961,0.0703418869151599,0.05877728812167895,0.0,0.0,728
nr_trend,nr4_ema50,breakout,1d,TIA,1w,7,45,4,41,0.03840931110169269,0.2585226154109596,0.705707895526032,0.9966535862534974,0.32438239645389644,0.5111111111111111,-0.6316131227141284,1.5306912583277341,0.5934987312893849,-0.03152616746891043,0.04523228462077592,0.03940931110169269,0.0,0.0,728
nr_trend,nr4_ema50,breakout,1d,TIA,2w,14,33,5,28,0.09100254169463319,0.3058381253489518,1.2103183333360057,1.7093022695013753,0.09707752135747635,0.5454545454545454,-0.6283012082958881,2.110602985466449,3.968424081624967,-0.1678132370534869,0.13721964504251177,0.09200254169463319,0.0,0.0,728
nr_trend,nr4_ema50_adx,breakout,1d,TIA,3d,3,48,4,44,0.07608127283217866,0.21417171964502327,1.7426774326071839,2.4611396923600366,0.017577112860861496,0.625,-0.34474429076150215,2.8501737529235958,12.899098042986932,-0.058653779341016815,0.0883299139388328,0.07708127283217867,0.0,0.0,728
nr_trend,nr4_ema50_adx,breakout,1d,TIA,1w,7,38,3,35,0.05709240152938653,0.26907531088412484,0.9261407674468239,1.307965410481077,0.1989533422189289,0.5263157894736842,-0.4860372775117341,1.8265437109523794,1.7843607108681931,-0.0432994553364201,0.06569741783216994,0.05809240152938654,0.0,0.0,728
nr_trend,nr4_ema20,breakout,1d,TIA,3d,3,61,13,48,512.8369774495687,3953.1452941589487,0.7174344306773895,1.0132146781542994,0.31502619513375246,0.6229508196721312,-0.5547442631681188,14692.29663603354,157542471.75301763,2406.1009350146337,0.07798894236351783,512.8379774495688,0.0,0.0,728
nr_trend,nr4_ema20,breakout,1d,TIA,1w,7,45,11,34,11.240408806934557,74.95536275337088,0.7123056606960966,1.005971444760808,0.31992970950953864,0.5777777777777777,-0.585006934873002,181.26358687043273,2263.8837322072027,45.74739910538527,0.07638253390638902,11.241408806934558,0.0,0.0,728
nr_trend,nr4_ema20,breakout,1d,TIA,2w,14,33,9,24,14.403156470011869,81.86234474948876,0.7156673615806978,1.010719090725647,0.319732675908372,0.5757575757575758,-0.5240617751681718,234.57615461259883,14193.488020925857,52.2782570252996,0.1999937617789653,14.404156470011866,0.0,0.0,728
nr_trend,nr4_ema50_relaxed,breakout,1d,TIA,3d,3,68,10,58,0.04600399799364733,0.1920630428375248,1.3985788929994611,1.9751779428900291,0.05236998283612374,0.5588235294117647,-0.5839194635997182,2.0632091786553066,6.463234121362458,-0.05428777701629987,0.06329568334018995,0.04700399799364733,0.0,0.0,728
nr_trend,nr4_ema50_relaxed,breakout,1d,TIA,1w,7,50,7,43,0.024243286987880874,0.2621165263126258,0.4630872709064449,0.654006554586193,0.5161653869792345,0.44,-0.8763008778185186,1.296271723557657,-0.20514545407166318,-0.15349749590464737,0.05317783304015292,0.025243286987880875,0.0,0.0,728
nr_trend,nr4_ema50_relaxed,breakout,1d,TIA,2w,14,34,6,28,0.08229134504346018,0.310826782815742,1.093090018680313,1.5437436567201475,0.13218702139125646,0.5294117647058824,-0.6283012082958881,1.9255218951251443,2.7145298225205754,-0.19104338476819685,0.14086307286024383,0.08329134504346017,0.0,0.0,728
nr_trend,nr7_ema50,breakout,1d,TIA,3d,3,38,3,35,0.02367163774429802,0.16523660883817795,0.6253088475212293,0.8831080243668402,0.3828799608990967,0.5263157894736842,-0.5891128124035567,1.4835417242784694,0.4870254373608385,-0.12723562369452077,0.036606545867625344,0.024671637744298022,0.0,0.0,728
nr_trend,nr7_ema50,breakout,1d,TIA,1w,7,33,2,31,0.024020937766450163,0.25624807455256476,0.3813002234491888,0.5385007558355646,0.5939578554429216,0.5454545454545454,-0.5832462128925371,1.29941903656613,-0.12998864966349177,-0.0473265203225674,0.028623999578644845,0.025020937766450164,0.0,0.0,728
nr_trend,nr7_ema50_adx,breakout,1d,TIA,3d,3,31,2,29,0.03728628936488066,0.17036328462718853,0.8628489012262814,1.2185798929754796,0.2324999883882603,0.5483870967741935,-0.35937580886471754,1.843986072098821,1.0524455726242516,-0.15380080555983927,0.05046470970451651,0.03828628936488067,0.0,0.0,728
nr_trend,nr7_ema20,breakout,1d,TIA,3d,3,43,8,35,727.4631104625959,4707.969075972206,0.7174511631746598,1.0132383090411254,0.31674813485475994,0.627906976744186,-0.5129529295712119,20421.44418304905,31811984.880174,3909.8724589264043,0.055259385153808044,727.464110462596,0.0,0.0,728
nr_trend,nr7_ema20,breakout,1d,TIA,1w,7,38,8,30,13.296470657990966,81.56789217390855,0.7115242082627623,1.0048678190608449,0.3214872681595564,0.5789473684210527,-0.6738930811803313,189.2287212570519,1343.7241734715649,62.85018420944523,0.08214704426982652,13.297470657990962,0.0,0.0,728
nr_trend,nr4_ema50,breakout,1d,INJ,3d,3,65,23,42,0.013297116871806068,0.09993413486726702,0.6553560483552261,1.07275440641118,0.28740971701296997,0.5384615384615384,-0.478158178851984,1.467365314703764,0.751772875849785,-0.001228584828905426,0.021251667803148074,0.014297116871806069,0.0,0.0,978
nr_trend,nr4_ema50,breakout,1d,INJ,1w,7,53,21,32,0.001675475463609778,0.13868453377975876,0.05373100712420899,0.08795245698588974,0.9302523072607408,0.4716981132075472,-0.7812385185819621,1.030530223342491,-0.33085419550560524,-0.017102577575819164,0.013998572770735022,0.002675475463609779,0.0,0.0,978
nr_trend,nr4_ema50,breakout,1d,INJ,2w,14,41,16,25,-0.010736090201712468,0.19025560408633405,-0.22073826609754063,-0.36132717202199,0.7197564687031816,0.43902439024390244,-0.8934573856929677,0.8649233736205506,-0.6858040565328948,-0.06083813894485786,0.021329220993900583,-0.009736090201712467,0.0,0.0,978
nr_trend,nr4_ema50_adx,breakout,1d,INJ,3d,3,43,20,23,0.02434563862851447,0.11246213439339552,0.8672136045845608,1.4195447161167438,0.16312021937886054,0.5813953488372093,-0.324135237056843,1.86842759483194,1.2019321893634949,0.009186317476149463,0.03752765702187535,0.02534563862851447,0.0,0.0,978
nr_trend,nr4_ema50_adx,breakout,1d,INJ,1w,7,38,18,20,0.01632674286511319,0.14779737984148525,0.41600794138769553,0.6809647264959672,0.5001336305479872,0.5,-0.6080868621741684,1.318020682260271,0.25164765477764184,0.0003549026620792768,0.030701399047843712,0.017326742865113192,0.0,0.0,978
nr_trend,nr4_ema50_adx,breakout,1d,INJ,2w,14,31,14,17,-0.0016121000377441893,0.16959430836588746,-0.03233244643714787,-0.05292508472692613,0.9581424589062986,0.4838709677419355,-0.8043394175393019,0.9764351781485496,-0.3927900178627802,-0.04565268274233451,0.03465661513074196,-0.0006121000377441884,0.0,0.0,978
nr_trend,nr4_ema20,breakout,1d,INJ,3d,3,79,23,56,0.013271637846274493,0.09848678772553146,0.7317068151956675,1.1977332202430169,0.23464793334812525,0.5569620253164557,-0.3736968687887249,1.4588435942069036,0.9894306042581418,-0.0004187013092257219,0.018894455713712083,0.014271637846274495,0.0,0.0,978
nr_trend,nr4_ema20,breakout,1d,INJ,1w,7,63,22,41,0.012820063302846315,0.1522433480922315,0.40831856173253384,0.668377956406112,0.506373178580015,0.49206349206349204,-0.7243488399678482,1.2605400346263251,0.15277764537828475,-0.021629920400603873,0.031305420412014714,0.013820063302846316,0.0,0.0,978
nr_trend,nr4_ema20,breakout,1d,INJ,2w,14,47,16,31,-0.000660209515703329,0.1892331627230364,-0.014612026980417057,-0.02391847358269131,0.9810210970983136,0.46808510638297873,-0.8861958667073387,0.99113268174843,-0.5608219111244911,-0.06106364009205587,0.030515754652736694,0.0003397904842966719,0.0,0.0,978
nr_trend,nr4_ema50_relaxed,breakout,1d,INJ,3d,3,103,33,70,0.017040479759558507,0.09736547908222135,1.0851066620297856,1.7762145570183587,0.07867929136018774,0.5436893203883495,-0.49474871097523476,1.6092151906657215,2.6210188886273156,-0.0007872713862481969,0.025444991014010234,0.018040479759558508,0.0,0.0,978
nr_trend,nr4_ema50_relaxed,breakout,1d,INJ,1w,7,79,28,51,0.007295909330348164,0.14481775365015995,0.27355721397727034,0.4477866763207429,0.6555483813698331,0.4430379746835443,-0.7226512142879236,1.145679957118439,-0.17342690338678757,-0.01739008929055788,0.020849006612414227,0.008295909330348164,0.0,0.0,978
nr_trend,nr4_ema50_relaxed,breakout,1d,INJ,2w,14,50,19,31,-0.0019071570607418775,0.16652558589777516,-0.049472914606123644,-0.08098237175794876,0.935785844927334,0.5,-0.8945412179988698,0.9727346987390807,-0.5526958926603729,-0.05220747992499343,0.028922073081863908,-0.0009071570607418766,0.0,0.0,978
nr_trend,nr7_ema50,breakout,1d,INJ,3d,3,48,16,32,0.007789255404997977,0.10782332908622373,0.30576011365462175,0.5004997055432503,0.6190589640913703,0.4791666666666667,-0.40929459117427536,1.2502402344584223,0.12816329583278452,-0.024269821293298133,0.02381879375414603,0.008789255404997977,0.0,0.0,978
nr_trend,nr7_ema50,breakout,1d,INJ,1w,7,42,15,27,-0.008368944101117472,0.14276351887280891,-0.23208927564439202,-0.37990767576367496,0.7059748618071364,0.42857142857142855,-0.7974221443024867,0.8656335494321985,-0.5378543614215889,-0.01171891840303838,-0.006507847266716966,-0.007368944101117471,0.0,0.0,978
nr_trend,nr7_ema50,breakout,1d,INJ,2w,14,31,11,20,-0.003551936601134294,0.15291295859232326,-0.07900940039820196,-0.1293307395846826,0.8979591744122061,0.41935483870967744,-0.7176328916836615,0.9427905039137733,-0.36727967293976127,-0.02676313703293145,0.00921422363635414,-0.0025519366011342933,0.0,0.0,978
nr_trend,nr7_ema50_adx,breakout,1d,INJ,3d,3,33,14,19,0.015361964843588366,0.1254618777365598,0.4297035666881071,0.7033831392449547,0.4869035996873194,0.48484848484848486,-0.3718213066721471,1.445702025578804,0.31386185212717543,-0.01730265487079345,0.03943063200155392,0.01636196484358837,0.0,0.0,978
nr_trend,nr7_ema50_adx,breakout,1d,INJ,1w,7,31,13,18,0.018069956910898317,0.1509751739006878,0.40710780641318,0.6663960671610485,0.5102506627346767,0.4838709677419355,-0.5808062189700904,1.3421136821771285,0.24699111210957914,0.011293719856464803,0.022963905894655856,0.019069956910898318,0.0,0.0,978
nr_trend,nr7_ema20,breakout,1d,INJ,3d,3,58,15,43,0.01318771118486928,0.10398833779179327,0.5900323081162291,0.9658257676040514,0.33821143133999876,0.5172413793103449,-0.4341089999086243,1.4437091403952684,0.606180994266277,-0.03059429771940702,0.02846050498868659,0.01418771118486928,0.0,0.0,978
nr_trend,nr7_ema20,breakout,1d,INJ,1w,7,52,15,37,0.010709834589322701,0.14543950921549373,0.32439865104885374,0.5310091868685591,0.5977174736176222,0.5192307692307693,-0.7173461321215779,1.2134131617526358,0.03647014924706893,-0.018803703308343165,0.022674782385673727,0.011709834589322702,0.0,0.0,978
nr_trend,nr7_ema20,breakout,1d,INJ,2w,14,36,11,25,0.037716680841218625,0.20508680359886264,0.6740995009280916,1.103435623727117,0.27736718920845815,0.5,-0.6940149264191687,1.6195450355015801,1.0160215873229403,-0.020256424733953584,0.06322484729429441,0.038716680841218626,0.0,0.0,978
nr_trend,nr4_ema50,breakout,4h,BTC,1d,6,261,143,118,-0.0010841180259115514,0.022344870718938984,-0.5417156225474612,-0.7838247506579759,0.43385641632809113,0.4329501915708812,-0.37932572674933585,0.8673860849138165,-0.293230615034641,0.00023265450568488093,-0.002679867788778414,-8.411802591155046e-05,0.0,0.0,4585
nr_trend,nr4_ema50,breakout,4h,BTC,3d,18,157,83,74,-0.0005804667709022677,0.04068778779930255,-0.1235422478817382,-0.1787570223399738,0.8583604359073185,0.45222929936305734,-0.4930609865565029,0.9629323308787118,-0.1965542435612272,-0.0024971400258247435,0.0015693153934026713,0.0004195332290977332,0.0,0.0,4585
nr_trend,nr4_ema50,breakout,4h,BTC,1w,42,87,45,42,0.003476635316976588,0.06552048598310908,0.3420535020816785,0.4949275779052677,0.6219133602008101,0.5057471264367817,-0.5016379465839633,1.1551673034879433,0.13042926437667623,0.009691519787830146,-0.0031821694732236524,0.004476635316976589,0.0,0.0,4585
nr_trend,nr4_ema50_adx,breakout,4h,BTC,1d,6,191,101,90,-0.0017651264167240438,0.022951297292982745,-0.7345775427913084,-1.0628825076332375,0.28918427722790546,0.44502617801047123,-0.4263100236431434,0.8003806970224288,-0.32081903380616594,-0.0007035253209343503,-0.0029564787575546998,-0.000765126416724043,0.0,0.0,4585
nr_trend,nr4_ema50_adx,breakout,4h,BTC,3d,18,123,64,59,-0.0016571106361963405,0.04234270564288365,-0.2999700134507153,-0.43403570288814547,0.6650291189673365,0.4634146341463415,-0.4851399099381606,0.9004767793639686,-0.2683391587046752,-0.007184288353909234,0.0043384719728481545,-0.0006571106361963396,0.0,0.0,4585
nr_trend,nr4_ema50_adx,breakout,4h,BTC,1w,42,76,42,34,-0.0029898732189756034,0.060201210546864004,-0.29923110227272565,-0.43296654991241534,0.666281663190417,0.4605263157894737,-0.536239909036649,0.8752934590592548,-0.30326122575843106,-0.004060879736442921,-0.0016668651679865637,-0.0019898732189756025,0.0,0.0,4585
nr_trend,nr4_ema20,breakout,4h,BTC,1d,6,301,168,133,0.0005132343102087582,0.024812871695954346,0.24801290940197493,0.35885739450855586,0.7199541940524835,0.45514950166112955,-0.3136487514695526,1.0616978860407775,0.06564513686766338,0.002726771567876284,-0.002282812752108116,0.001513234310208759,0.0,0.0,4585
nr_trend,nr4_ema20,breakout,4h,BTC,3d,18,172,93,79,0.0016226838530073587,0.04454814463041478,0.33015730018646144,0.4777146028752213,0.6334634238379435,0.4941860465116279,-0.3594295000444695,1.1036071820364566,0.1149154852932548,0.0011605491528491987,0.002166715841801142,0.0026226838530073594,0.0,0.0,4585
nr_trend,nr4_ema20,breakout,4h,BTC,1w,42,90,49,41,-0.000710419453602493,0.06366481759511597,-0.07316257601406352,-0.10586114838638287,0.915930757063884,0.5111111111111111,-0.6754557527606582,0.9708592743261582,-0.21540338130615722,0.0009626610301170093,-0.00270995466585263,0.00028958054639750786,0.0,0.0,4585
nr_trend,nr4_ema50_relaxed,breakout,4h,BTC,1d,6,346,191,155,-0.0006810867822102358,0.024359702892015583,-0.3594354448947981,-0.5200780377117892,0.6033427378922445,0.44508670520231214,-0.4776657596204452,0.9234118440873291,-0.28606977065464134,0.00036907181616053245,-0.0019751531840735696,0.000318913217789765,0.0,0.0,4585
nr_trend,nr4_ema50_relaxed,breakout,4h,BTC,3d,18,178,95,83,0.0018811059496268968,0.04482766088981695,0.386927473573142,0.5598570871372962,0.5762847495402355,0.48314606741573035,-0.4344756007366425,1.118103624166429,0.1726222898157206,0.002941257351738608,0.0006676796460050587,0.0028811059496268976,0.0,0.0,4585
nr_trend,nr4_ema50_relaxed,breakout,4h,BTC,1w,42,92,49,43,0.002010473400155827,0.06391606502967942,0.20851370378601486,0.30170479690111746,0.7635655128966877,0.5217391304347826,-0.5895108696679324,1.0837690729924225,0.0014806035640326787,0.007486656967193732,-0.0042298288041431814,0.003010473400155828,0.0,0.0,4585
nr_trend,nr7_ema50,breakout,4h,BTC,1d,6,179,102,77,-0.0010388502316051964,0.01990970575248702,-0.48246632081768415,-0.6980951404676539,0.48602865226940367,0.4860335195530726,-0.30959467909135285,0.8677819364248781,-0.19872440050325535,-0.0002306040964081497,-0.0021095139431649207,-3.885023160519556e-05,0.0,0.0,4585
nr_trend,nr7_ema50,breakout,4h,BTC,3d,18,119,67,52,0.0009615671563599659,0.04173509337128509,0.17370171231258524,0.2513342714799535,0.8019928481611948,0.48739495798319327,-0.33650235449343824,1.0646335755822343,0.013757552738876022,-0.001054739467816281,0.003559500691356284,0.0019615671563599666,0.0,0.0,4585
nr_trend,nr7_ema50,breakout,4h,BTC,1w,42,79,41,38,0.004815681730523731,0.064519425688592,0.4584935354809987,0.6634081908819265,0.5090251653792751,0.5063291139240507,-0.4397931870555286,1.218997392978737,0.24654165967827835,0.00881279336008871,0.0005030086565194126,0.005815681730523732,0.0,0.0,4585
nr_trend,nr7_ema50_adx,breakout,4h,BTC,1d,6,124,67,57,-0.0011768674766193495,0.019956691774160092,-0.4538394468556952,-0.6566740490103783,0.512617258509001,0.49193548387096775,-0.31082176699042763,0.8548415211380949,-0.156820623742027,-0.000307797166170203,-0.0021984062625858905,-0.00017686747661934874,0.0,0.0,4585
nr_trend,nr7_ema50_adx,breakout,4h,BTC,3d,18,88,46,42,0.0007893754091591649,0.04147881630152785,0.12338176035009127,0.17852480806694743,0.8587259056472665,0.48863636363636365,-0.289159725020397,1.053689754880712,-0.003359472170635036,-0.003977432875089504,0.00601016543476485,0.0017893754091591657,0.0,0.0,4585
nr_trend,nr7_ema50_adx,breakout,4h,BTC,1w,42,64,37,27,-0.00016536243153177262,0.05451995441556683,-0.016769640017712677,-0.024264500336347666,0.9807183229431239,0.5,-0.3945388016793634,0.9923888496852936,-0.09875373440675284,-0.003242122437552352,0.004050938317459392,0.0008346375684682283,0.0,0.0,4585
nr_trend,nr7_ema20,breakout,4h,BTC,1d,6,209,120,89,0.0008717840148158894,0.02193207052059028,0.39715021160326114,0.5746486765875303,0.5661499193772673,0.49282296650717705,-0.29784545649339744,1.116838679289679,0.14165658286362492,0.0020780040870883995,-0.0007545801275740116,0.0018717840148158903,0.0,0.0,4585
nr_trend,nr7_ema20,breakout,4h,BTC,3d,18,134,76,58,0.004334147064703994,0.04282683356633782,0.8096409475199955,1.1714940226903787,0.24349468551685408,0.4925373134328358,-0.21050238016146527,1.3111239370904104,0.5846286236325919,0.00232943131755312,0.006961015974763759,0.005334147064703995,0.0,0.0,4585
nr_trend,nr7_ema20,breakout,4h,BTC,1w,42,80,42,38,0.007200015578541519,0.05727508707554627,0.7770787965136096,1.1243788596211581,0.2642571735057593,0.5125,-0.3536205476923826,1.3841979280488936,0.5637057256077636,0.00838260215183172,0.0058929462080628756,0.00820001557854152,0.0,0.0,4585
nr_trend,nr4_ema50,breakout,4h,ETH,1d,6,250,131,119,-7.411838774841462e-05,0.03720077519949421,-0.02177190174169359,-0.03150242441556647,0.9748940947109446,0.456,-0.40774344461220535,0.9941946685598212,-0.16991738672192502,-0.0006121518818318443,0.0005181705847299828,0.0009258816122515863,0.0,0.0,4585
nr_trend,nr4_ema50,breakout,4h,ETH,3d,18,145,74,71,-0.0025763477288057706,0.06383950094769773,-0.3358546645477044,-0.48595829202499763,0.6277353991633159,0.4206896551724138,-0.7315959917716155,0.8925760201830442,-0.48229031757069163,-0.0023076649034127175,-0.002856383349637967,-0.00157634772880577,0.0,0.0,4585
nr_trend,nr4_ema50,breakout,4h,ETH,1w,42,84,39,45,0.005921563266991548,0.08919141522556534,0.4205381008632783,0.6084893223149721,0.5445246701630945,0.4880952380952381,-0.5156384970028358,1.1896527012420368,0.1909775480957172,0.018088381150391308,-0.00462301223195491,0.006921563266991547,0.0,0.0,4585
nr_trend,nr4_ema50_adx,breakout,4h,ETH,1d,6,171,84,87,0.00025018072882978577,0.039658089949656875,0.05701281733071745,0.08249357313789321,0.9343512788508777,0.43859649122807015,-0.3686029333692048,1.0188161409611098,-0.08274908023817673,-0.001216873342700473,0.0016666467289279667,0.0012501807288297867,0.0,0.0,4585
nr_trend,nr4_ema50_adx,breakout,4h,ETH,3d,18,105,53,52,-0.002370545978885269,0.06397433419833543,-0.2624155977108561,-0.3796970806882252,0.7049445278677817,0.45714285714285713,-0.6490393993970687,0.9065005102650362,-0.3678381069836354,-0.0031085135195861365,-0.0016183867547093843,-0.001370545978885268,0.0,0.0,4585
nr_trend,nr4_ema50_adx,breakout,4h,ETH,1w,42,67,29,38,0.008009984536251694,0.09804300483744777,0.46217330092541575,0.6687325550167219,0.5059984315001668,0.47761194029850745,-0.42708868254095667,1.231184409798211,0.2540238885283028,0.0202773659439929,-0.001351964432813964,0.009009984536251694,0.0,0.0,4585
nr_trend,nr4_ema20,breakout,4h,ETH,1d,6,287,157,130,0.0012232559483402886,0.037388145498626894,0.3830687706645491,0.5542738129629834,0.5798246079456714,0.4843205574912892,-0.3188189282394228,1.1016328807289861,0.16853753757979528,0.0011118514447754889,0.0013577983103377775,0.0022232559483402895,0.0,0.0,4585
nr_trend,nr4_ema20,breakout,4h,ETH,3d,18,161,90,71,-0.0011500895417878984,0.06454135816948647,-0.15626397928826594,-0.22610308712615548,0.8214098220476508,0.4472049689440994,-0.7239781429198762,0.9510387671687667,-0.40033540657423716,0.005253591121080402,-0.009267431227113912,-0.0001500895417878974,0.0,0.0,4585
nr_trend,nr4_ema20,breakout,4h,ETH,1w,42,87,50,37,0.010547272987925604,0.08892373437030578,0.764600376854862,1.1063234560652704,0.2716716702096946,0.45977011494252873,-0.4856151961265075,1.3795130654395023,0.8034082953031989,0.014350739111441397,0.005407453902093452,0.011547272987925605,0.0,0.0,4585
nr_trend,nr4_ema50_relaxed,breakout,4h,ETH,1d,6,344,178,166,-0.000656862425571404,0.039445242051342776,-0.21345749227626318,-0.30885811428644927,0.757616972231222,0.4273255813953488,-0.6014199562034834,0.9519026230814681,-0.3842925925651943,-0.0017365567176217001,0.0005008820562656604,0.0003431375744285969,0.0,0.0,4585
nr_trend,nr4_ema50_relaxed,breakout,4h,ETH,3d,18,173,84,89,-0.006574407797288742,0.060946419256565965,-0.9805819236814736,-1.4188337013707037,0.15775702852041756,0.4161849710982659,-0.8786730015175275,0.741217114414964,-0.7679156416574514,-0.0046146882562565035,-0.008424030734892202,-0.00557440779728874,0.0,0.0,4585
nr_trend,nr4_ema50_relaxed,breakout,4h,ETH,1w,42,89,42,47,0.009316385881366468,0.09098661587551768,0.6676015663473276,0.9659729376463053,0.33670492931984736,0.4943820224719101,-0.4732891504357307,1.3126705329471788,0.6111310031150883,0.014565135178515648,0.00462601416902039,0.010316385881366467,0.0,0.0,4585
nr_trend,nr7_ema50,breakout,4h,ETH,1d,6,167,86,81,1.9577457165501228e-05,0.033708400199966244,0.005187149487361287,0.007505443786975872,0.9940205907064287,0.46706586826347307,-0.4103294146437688,1.00160963742169,-0.08674384472860264,0.0014080459587824537,-0.0014545989766500287,0.001019577457165502,0.0,0.0,4585
nr_trend,nr7_ema50,breakout,4h,ETH,3d,18,118,62,56,-0.0007367010963396714,0.06014114945873911,-0.09196296877749952,-0.13306400641136287,0.8943713508248908,0.4576271186440678,-0.5346352470234237,0.9668180002424857,-0.25610016870132934,-0.002646639544378099,0.0013778736139885878,0.0002632989036603296,0.0,0.0,4585
nr_trend,nr7_ema50,breakout,4h,ETH,1w,42,76,40,36,-0.002345423062492469,0.10003952566206165,-0.14125660072634624,-0.20438845629455904,0.8386035801396448,0.5,-0.740842977047103,0.9389859386310501,-0.4223844915219619,-0.001801773238742585,-0.002949478422214562,-0.001345423062492468,0.0,0.0,4585
nr_trend,nr7_ema50_adx,breakout,4h,ETH,1d,6,118,59,59,-0.0014477842106657166,0.035182182109009565,-0.30894022234479873,-0.4470149699742427,0.6556906494351308,0.4152542372881356,-0.34258421990632226,0.8923597988017844,-0.21606995871420198,0.0009478361121965359,-0.0038434045335279687,-0.0004477842106657156,0.0,0.0,4585
nr_trend,nr7_ema50_adx,breakout,4h,ETH,3d,18,86,43,43,0.000697097608909781,0.06336507185313064,0.0705091167549204,0.10202177777270495,0.9189796802999566,0.47674418604651164,-0.4764942872036434,1.0301921317723302,-0.10084849835908927,0.00013397110806031797,0.0012602241097592441,0.0016970976089097818,0.0,0.0,4585
nr_trend,nr7_ema50_adx,breakout,4h,ETH,1w,42,57,26,31,0.007116300621652193,0.09269414112763308,0.40058235614060894,0.5796147505278716,0.5644990953251636,0.543859649122807,-0.4631281501880513,1.2218162610575,0.18097729068850987,0.020463129715165763,-0.004077814101939833,0.008116300621652193,0.0,0.0,4585
nr_trend,nr7_ema20,breakout,4h,ETH,1d,6,197,111,86,0.001131143717614908,0.0338488329926979,0.3241601227817744,0.4690371051472161,0.6395644082904489,0.5025380710659898,-0.3877684877499493,1.0975801710740996,0.11758463262144248,0.0021431874908339095,-0.00017509882688868686,0.0021311437176149087,0.0,0.0,4585
nr_trend,nr7_ema20,breakout,4h,ETH,3d,18,129,73,56,0.0006264310702623348,0.0592364930611351,0.08301014897974579,0.12010990013571213,0.9045844133378763,0.4573643410852713,-0.41924834766599794,1.0285324421822382,-0.1314076296306249,0.003506989888412244,-0.0031285831033973682,0.0016264310702623357,0.0,0.0,4585
nr_trend,nr7_ema20,breakout,4h,ETH,1w,42,77,45,32,0.001679291226381099,0.09526715502900886,0.10690070588364184,0.15467787091014903,0.8774853192287337,0.4935064935064935,-0.6791731559992775,1.0471372208472183,-0.19352893828045736,0.0023963720697835022,0.0006708962903464698,0.0026792912263811,0.0,0.0,4585
nr_trend,nr4_ema50,breakout,4h,SOL,1d,6,271,141,130,-0.0024928818910654707,0.03986363316414551,-0.7114786264277208,-1.0294599855468043,0.3041848888384332,0.4317343173431734,-0.656469094828825,0.8439994918463505,-0.5888978288950719,-0.0038001201625020523,-0.001075031150507332,-0.0014928818910654696,0.0,0.0,4585
nr_trend,nr4_ema50,breakout,4h,SOL,3d,18,150,76,74,-0.0017225823858312425,0.07621453934681244,-0.19131110931594145,-0.2768138416472024,0.7823066871929494,0.4533333333333333,-0.6467075536681868,0.943049289821322,-0.4955826543510444,0.003009598721673688,-0.006582660280025496,-0.0007225823858312416,0.0,0.0,4585
nr_trend,nr4_ema50,breakout,4h,SOL,1w,42,88,42,46,-0.014119769848946114,0.10817880378861655,-0.8462119742358377,-1.2244097495103852,0.22410288791171598,0.4318181818181818,-0.8748068710652694,0.7115083824028876,-0.829393348040464,-0.016864951368372683,-0.011613299765991422,-0.013119769848946113,0.0,0.0,4585
nr_trend,nr4_ema50_adx,breakout,4h,SOL,1d,6,176,93,83,-0.0030251536396326243,0.04091973696738233,-0.6778339609704083,-0.9807784995135334,0.3280559332971419,0.42045454545454547,-0.47239875949795673,0.8192469804928808,-0.4922774891957772,-0.004374297725570325,-0.0015134620734614654,-0.0020251536396326234,0.0,0.0,4585
nr_trend,nr4_ema50_adx,breakout,4h,SOL,3d,18,109,54,55,-0.007538199375511063,0.07380583416382709,-0.7369577037972643,-1.0663264347222257,0.2886540754833625,0.3853211009174312,-0.7229175719385361,0.7627281589941459,-0.6714696772907703,-0.0037221143869022124,-0.011284901000690661,-0.006538199375511062,0.0,0.0,4585
nr_trend,nr4_ema50_adx,breakout,4h,SOL,1w,42,72,40,32,-0.013635681624804892,0.1082985975770177,-0.7383676408695165,-1.0683665153994348,0.28897423877693434,0.4166666666666667,-0.8004850057675538,0.7262052950607117,-0.7548276495585204,-0.02325707592706531,-0.0016089387469793645,-0.012635681624804891,0.0,0.0,4585
nr_trend,nr4_ema20,breakout,4h,SOL,1d,6,314,165,149,-0.0015087552513552086,0.04210297862852488,-0.43885715617670623,-0.6349957185968688,0.5258951113600203,0.45222929936305734,-0.7627794796135106,0.9074290804593728,-0.5281759949064806,-0.004923997180208163,0.0022732240658309482,-0.0005087552513552079,0.0,0.0,4585
nr_trend,nr4_ema20,breakout,4h,SOL,3d,18,171,88,83,-0.0024763119883164457,0.07263519018288629,-0.3081120792638332,-0.44581670465397305,0.6562969103673026,0.47953216374269003,-0.7930515910721729,0.9162538250370219,-0.5820458636819501,-0.002406692276026948,-0.0025501256591776004,-0.001476311988316445,0.0,0.0,4585
nr_trend,nr4_ema20,breakout,4h,SOL,1w,42,89,49,40,-0.017321304433270554,0.11300041960976867,-0.9994197542651131,-1.4460907293122691,0.15170404686778388,0.3707865168539326,-0.9423641727977278,0.678685802744049,-0.881482821016127,-0.023118594109909636,-0.010219624579387682,-0.016321304433270557,0.0,0.0,4585
nr_trend,nr4_ema50_relaxed,breakout,4h,SOL,1d,6,353,174,179,-0.0017910889754622172,0.04255006822030812,-0.5465836545825584,-0.7908684537325922,0.4295532888628443,0.46458923512747874,-0.6928529397036858,0.8914330470541347,-0.6137820518332606,-0.004121516705687656,0.00047424300810888,-0.0007910889754622164,0.0,0.0,4585
nr_trend,nr4_ema50_relaxed,breakout,4h,SOL,3d,18,183,88,95,0.0032596985001679527,0.07450238912109841,0.40905825855041206,0.5918787905821774,0.5546662743423684,0.4972677595628415,-0.6666240593801145,1.1186192390799996,0.10436921108614028,0.004848466444713201,0.0017879976673260385,0.004259698500167954,0.0,0.0,4585
nr_trend,nr4_ema50_relaxed,breakout,4h,SOL,1w,42,93,40,53,6.539125754262827e-05,0.1109505035701501,0.00392811572008574,0.005683709674778903,0.9954773866648786,0.5053763440860215,-0.7179828173829736,1.0015277416901383,-0.4332560316303543,0.007913245350799184,-0.005857517492084961,0.001065391257542629,0.0,0.0,4585
nr_trend,nr7_ema50,breakout,4h,SOL,1d,6,185,98,87,-0.0007228346899930541,0.03668852274592943,-0.1852025717838054,-0.26797521357608395,0.7890185684042362,0.4594594594594595,-0.35089131379966665,0.9494693894572535,-0.2264943619894373,-0.0010747276847704057,-0.00032644947748523275,0.00027716531000694677,0.0,0.0,4585
nr_trend,nr7_ema50,breakout,4h,SOL,3d,18,118,59,59,0.0036639133394623063,0.07715414121074103,0.3565162604425509,0.5158541812635531,0.6069297215549584,0.4406779661016949,-0.36050304551990187,1.1315017111480643,0.10152656690193629,0.0040302045232296696,0.003297622155694944,0.004663913339462308,0.0,0.0,4585
nr_trend,nr7_ema50,breakout,4h,SOL,1w,42,75,38,37,-0.007844781197365343,0.11634790912991741,-0.40355735882472316,-0.5839193720673368,0.5610503170905162,0.44,-0.7688840602145871,0.8372966503882779,-0.6627863279626021,-0.010165839309685735,-0.005460991784711969,-0.006844781197365342,0.0,0.0,4585
nr_trend,nr7_ema50_adx,breakout,4h,SOL,1d,6,121,68,53,-0.0024842083658291026,0.03633758256452576,-0.5197291323522883,-0.7520118317060854,0.45351643621577253,0.4462809917355372,-0.35732203517098204,0.8391991382499496,-0.3162791448380502,-0.0026809760740608376,-0.0022317516835695184,-0.0014842083658291017,0.0,0.0,4585
nr_trend,nr7_ema50_adx,breakout,4h,SOL,3d,18,83,42,41,0.0035148788013743427,0.07859616293542185,0.2815791176818772,0.4074253584742305,0.6847572945324729,0.43373493975903615,-0.38124390900366223,1.125059974251041,0.05149176092651042,0.004915806820801555,0.00207978180586354,0.004514878801374344,0.0,0.0,4585
nr_trend,nr7_ema50_adx,breakout,4h,SOL,1w,42,59,32,27,-0.001583019605763428,0.11653292185717137,-0.0721134131155934,-0.10434308279428173,0.9172570793721654,0.4576271186440678,-0.6022059017982533,0.9639075364769014,-0.37892287948842396,-0.014860050633811198,0.014152720871922818,-0.0005830196057634272,0.0,0.0,4585
nr_trend,nr7_ema20,breakout,4h,SOL,1d,6,215,115,100,-0.0006041975308812807,0.040447539418966505,-0.15137649894311245,-0.21903124370234864,0.8268344668432647,0.46511627906976744,-0.48345214428508176,0.9616997664182947,-0.2627820793837078,-0.003192082781919101,0.0023718705078122127,0.0003958024691187202,0.0,0.0,4585
nr_trend,nr7_ema20,breakout,4h,SOL,3d,18,134,66,68,-0.00017328970884274836,0.07486805445357034,-0.018517442769224773,-0.026793449103711797,0.9786646388246132,0.4626865671641791,-0.6260158798108342,0.993999349530367,-0.3214606069264301,-0.004197174410271142,0.003732245442543634,0.0008267102911572525,0.0,0.0,4585
nr_trend,nr7_ema20,breakout,4h,SOL,1w,42,81,40,41,-0.011106251237901977,0.11180945025483559,-0.6178511769075358,-0.8939875915076763,0.37401018097674205,0.38271604938271603,-0.9117610759382795,0.7642224544722911,-0.7561812832653643,-0.018942759381440494,-0.0034608774393278157,-0.010106251237901976,0.0,0.0,4585
nr_trend,nr4_ema50,breakout,4h,BNB,1d,6,273,168,105,0.002773434067581202,0.03259808315389567,0.9715373326293366,1.4057468084860087,0.16094056263416265,0.4945054945054945,-0.24945788856838258,1.278068757273865,0.8514728898027806,0.004226456116674833,0.0004485987890313932,0.0037734340675812023,0.0,0.0,4585
nr_trend,nr4_ema50,breakout,4h,BNB,3d,18,160,96,64,0.0037658624578147636,0.051510461536566986,0.6391185040085657,0.9247599315848095,0.35649216230970854,0.54375,-0.41057151463648245,1.22954182741798,0.4856407336192119,0.005648032895024431,0.0009426068020002617,0.0047658624578147644,0.0,0.0,4585
nr_trend,nr4_ema50,breakout,4h,BNB,1w,42,86,52,34,0.0046574904574634484,0.07746396080840756,0.3853486906624879,0.5575726982997229,0.5786016735446523,0.5232558139534884,-0.6350499846313005,1.175129666244986,0.16297521097626433,0.009611708817935272,-0.002919549387964045,0.005657490457463449,0.0,0.0,4585
nr_trend,nr4_ema50_adx,breakout,4h,BNB,1d,6,178,100,78,0.0011854064343992258,0.032649531511978976,0.33477476578321347,0.48439575377691757,0.6287038836937825,0.47191011235955055,-0.45736244443560603,1.1030666707543164,0.1251872209674696,0.003801895383804058,-0.002169066577658252,0.0021854064343992266,0.0,0.0,4585
nr_trend,nr4_ema50_adx,breakout,4h,BNB,3d,18,112,65,47,0.0021905209584724117,0.05064731408700752,0.31633874883677465,0.4577201221637597,0.6480482419345567,0.5625,-0.5457855825704245,1.1267213327391608,0.10905875956600775,0.007018194879575065,-0.004486049357946151,0.0031905209584724126,0.0,0.0,4585
nr_trend,nr4_ema50_adx,breakout,4h,BNB,1w,42,69,37,32,0.017494836262707973,0.08525544813793112,1.1780525763928211,1.704559973018295,0.0928419213021566,0.5797101449275363,-0.49914102705739005,1.7778774919735896,1.6278176071432884,0.032716986685732814,-0.00010577516391450936,0.018494836262707974,0.0,0.0,4585
nr_trend,nr4_ema20,breakout,4h,BNB,1d,6,300,178,122,0.0018450561175503706,0.03141316865581307,0.7030898826543849,1.0173220579648976,0.3098227108602628,0.47333333333333333,-0.33966039054833685,1.1829343868699802,0.5055224346626852,0.00261662063441459,0.0007193308388468379,0.0028450561175503717,0.0,0.0,4585
nr_trend,nr4_ema20,breakout,4h,BNB,3d,18,166,95,71,0.0016224730654595045,0.04869190107688414,0.2967065926892615,0.4293137604922263,0.6682549559381908,0.5301204819277109,-0.4654016381615532,1.0953494209075034,0.07581309393914126,0.00414096923728138,-0.001747345755992301,0.002622473065459505,0.0,0.0,4585
nr_trend,nr4_ema20,breakout,4h,BNB,1w,42,88,54,34,0.001615012016885844,0.07740890735915881,0.13526285326454204,0.19571592145485361,0.8452889196799606,0.5113636363636364,-0.712208941371863,1.0579591372915236,-0.10727297313850248,0.009266980517558606,-0.010538114425359131,0.002615012016885845,0.0,0.0,4585
nr_trend,nr4_ema50_relaxed,breakout,4h,BNB,1d,6,355,221,134,0.0018240564313975773,0.031224946045713513,0.7606819960610872,1.1006538321503825,0.27179520308522054,0.476056338028169,-0.25747904181247894,1.1834235792834022,0.6141335448828227,0.002542560077920585,0.000639061611385751,0.0028240564313975784,0.0,0.0,4585
nr_trend,nr4_ema50_relaxed,breakout,4h,BNB,3d,18,186,115,71,0.0034453327932843928,0.05085652953843952,0.6385476587569218,0.9239339582910545,0.35672422342131993,0.5053763440860215,-0.4213753237230241,1.2042735460883354,0.49689722005431736,0.006414063073332828,-0.0013631739983433547,0.004445332793284394,0.0,0.0,4585
nr_trend,nr4_ema50_relaxed,breakout,4h,BNB,1w,42,93,56,37,0.00928112800605893,0.08167733971010939,0.7573437403529651,1.095823608802297,0.2760163080710272,0.5053763440860215,-0.6737078829126606,1.3685474438189238,0.768389817786985,0.012800599241466386,0.003954360730847648,0.01028112800605893,0.0,0.0,4585
nr_trend,nr7_ema50,breakout,4h,BNB,1d,6,176,106,70,0.003365379158179917,0.02942699045252911,1.048568661368911,1.5172057724313568,0.13101910665512992,0.5170454545454546,-0.3126228690436429,1.3846845093628692,0.6772218332769933,0.005496364537112397,0.00013845844151073278,0.004365379158179918,0.0,0.0,4585
nr_trend,nr7_ema50,breakout,4h,BNB,3d,18,125,71,54,0.007519072090411217,0.051935470483565775,1.1186843754864952,1.6186583240062498,0.10806159478539337,0.592,-0.27142108722734215,1.5109251960917378,1.1690231288895907,0.01080294212358291,0.003201391120870657,0.008519072090411218,0.0,0.0,4585
nr_trend,nr7_ema50,breakout,4h,BNB,1w,42,81,48,33,0.01586152149968846,0.0732544475834238,1.3468081736543789,1.9487375607416195,0.05483252839970661,0.5679012345679012,-0.3396807624114665,1.8379262585286973,1.9176180680998396,0.019198886720729145,0.011007172087265652,0.01686152149968846,0.0,0.0,4585
nr_trend,nr7_ema50_adx,breakout,4h,BNB,1d,6,119,66,53,0.002988441354432996,0.03252183081992011,0.6927804434480118,1.0024050179553103,0.3181991767497443,0.48739495798319327,-0.3252052311196071,1.3030183411874023,0.3419721330016545,0.005948593829130544,-0.0006977862555677243,0.0039884413544329965,0.0,0.0,4585
nr_trend,nr7_ema50_adx,breakout,4h,BNB,3d,18,87,46,41,0.005832822512864138,0.04582570241658759,0.8205057797822466,1.1872146777433965,0.23841189818055472,0.5862068965517241,-0.3363058231457262,1.4124826408541018,0.517940596024161,0.014086775076472626,-0.0034277096316722142,0.006832822512864139,0.0,0.0,4585
nr_trend,nr7_ema50_adx,breakout,4h,BNB,1w,42,60,29,31,0.014093101080029792,0.09224632826440493,0.8178722833406614,1.1834041919354057,0.2413953834639455,0.5,-0.30581319501415827,1.6114514713229584,0.8475743674574436,0.024915149142551034,0.0039692496667034696,0.015093101080029793,0.0,0.0,4585
nr_trend,nr7_ema20,breakout,4h,BNB,1d,6,216,124,92,0.0014758781809670626,0.02851737698316485,0.5256784800865099,0.7606201232344421,0.44771734723106454,0.4861111111111111,-0.3164506748804423,1.1566998041082857,0.26158083876135807,0.0029043327189083447,-0.0004494301093016215,0.0024758781809670637,0.0,0.0,4585
nr_trend,nr7_ema20,breakout,4h,BNB,3d,18,137,75,62,0.002644260848949856,0.05018663054503127,0.42621519341941594,0.6167036795756158,0.5384611856264249,0.5401459854014599,-0.38629099081725937,1.1649200454315436,0.21366888897281222,0.006438815670036642,-0.0019459264346228691,0.003644260848949857,0.0,0.0,4585
nr_trend,nr7_ema20,breakout,4h,BNB,1w,42,81,46,35,0.0003634439352612275,0.08413601359441374,0.026868931245035484,0.03887747086662812,0.9690849343849582,0.49382716049382713,-0.6517200038486592,1.0118618220581932,-0.21584634122547486,0.008840274469257147,-0.010777533337990555,0.0013634439352612285,0.0,0.0,4585
nr_trend,nr4_ema50,breakout,4h,ADA,1d,6,256,103,153,0.004047754496525564,0.05077043364632356,0.881608281459435,1.275625739097834,0.2032486590329567,0.49609375,-0.6540050771362718,1.2862241471672156,1.0106560510866252,0.003619314806197715,0.004336181216158039,0.005047754496525565,0.0,0.0,4585
nr_trend,nr4_ema50,breakout,4h,ADA,3d,18,150,61,89,-9.79188534171634e-05,0.08139819050642237,-0.010182386687418566,-0.014733203869655239,0.988264738642126,0.44666666666666666,-0.6597509217363944,0.9967041320658699,-0.3983410364105371,-0.004846229101555639,0.0031565409795766236,0.0009020811465828374,0.0,0.0,4585
nr_trend,nr4_ema50,breakout,4h,ADA,1w,42,85,32,53,0.012898042360490327,0.13263530068990975,0.6196215630084477,0.896549216807663,0.37252176351022653,0.4588235294117647,-0.6963816191919034,1.3102171059792862,0.5292725007312153,0.003095429101521132,0.018816601309301916,0.013898042360490328,0.0,0.0,4585
nr_trend,nr4_ema50_adx,breakout,4h,ADA,1d,6,169,71,98,0.004449795704481301,0.05551044104217369,0.720213295276222,1.042098442603037,0.2988633377151214,0.514792899408284,-0.6078091634741609,1.287672252260018,0.6163957789838272,0.006415805780975008,0.003025441465388921,0.005449795704481302,0.0,0.0,4585
nr_trend,nr4_ema50_adx,breakout,4h,ADA,3d,18,104,43,61,-0.00363371811855388,0.08180934239381879,-0.31305265382674974,-0.4529653717104522,0.6515264142696718,0.4807692307692308,-0.6971590924185105,0.8849085898226458,-0.5184505146499726,-0.003448936515710004,-0.0037639740025257923,-0.002633718118553879,0.0,0.0,4585
nr_trend,nr4_ema50_adx,breakout,4h,ADA,1w,42,66,30,36,0.006390097433966117,0.13494456325774642,0.26587435129867304,0.38470165607006307,0.7017143161725682,0.4393939393939394,-0.6300322586984208,1.1489258046287358,-0.10732404900299608,-0.00021176920738403087,0.011891652968424574,0.007390097433966118,0.0,0.0,4585
nr_trend,nr4_ema20,breakout,4h,ADA,1d,6,323,142,181,0.0029709700039805176,0.046500539922721344,0.7935858582332328,1.1482634274607093,0.2517121525025355,0.4891640866873065,-0.6789002691917831,1.2064390464348442,0.8588330417357755,0.001535956419709969,0.004096781766225922,0.003970970003980519,0.0,0.0,4585
nr_trend,nr4_ema20,breakout,4h,ADA,3d,18,174,82,92,0.00015525530885185506,0.07754929525141575,0.01825137614671537,0.026408469244600247,0.9789619767530826,0.5,-0.7491379617647893,1.0053928909321947,-0.386906843276941,-0.0038350625138359536,0.003711842933421424,0.001155255308851856,0.0,0.0,4585
nr_trend,nr4_ema20,breakout,4h,ADA,1w,42,89,35,54,-0.00040691195812263097,0.13584571407393897,-0.019529984679792844,-0.02825852667863854,0.9775199455926651,0.43820224719101125,-0.8759137057517199,0.9918682512756171,-0.5502040058759989,-0.009763917208256508,0.005657813666964141,0.0005930880418773699,0.0,0.0,4585
nr_trend,nr4_ema50_relaxed,breakout,4h,ADA,1d,6,357,137,220,0.0024758798574719626,0.050024506246829,0.6462986538781053,0.9351491080215398,0.3503453461940625,0.4733893557422969,-0.6716289613654975,1.1630014907635364,0.5409281602351705,0.0036299967615955977,0.001757179785358608,0.0034758798574719635,0.0,0.0,4585
nr_trend,nr4_ema50_relaxed,breakout,4h,ADA,3d,18,183,69,114,0.0013862637993994251,0.08167975411707502,0.15867532367388829,0.2295921343921781,0.8186665397023103,0.45901639344262296,-0.8105709387490119,1.0476859880198448,-0.29539711191983964,-0.0022065246042529893,0.003560846254241676,0.002386263799399426,0.0,0.0,4585
nr_trend,nr4_ema50_relaxed,breakout,4h,ADA,1w,42,93,34,59,0.01443340401043645,0.13446838672601943,0.7153892922829991,1.035118446483385,0.30332681523037136,0.43010752688172044,-0.6952691910168929,1.3489424033532276,0.7986933797137858,0.009543665031173168,0.017251219693401734,0.01543340401043645,0.0,0.0,4585
nr_trend,nr7_ema50,breakout,4h,ADA,1d,6,170,72,98,0.004604143014069642,0.045313373259451464,0.9155862455095979,1.324789484965531,0.1870295198579661,0.49411764705882355,-0.30220151833213493,1.3477765441071576,0.8464490832090874,0.00617453493047475,0.003450385687731195,0.005604143014069643,0.0,0.0,4585
nr_trend,nr7_ema50,breakout,4h,ADA,3d,18,119,51,68,0.0018677660996899881,0.07580558232901431,0.18575784684568172,0.2687786578904182,0.7885693796425073,0.48739495798319327,-0.4563884881205549,1.0694969253764488,-0.11002996480286664,0.0005408381135535216,0.002862962089292338,0.0028677660996899892,0.0,0.0,4585
nr_trend,nr7_ema50,breakout,4h,ADA,1w,42,75,31,44,0.015684024781165238,0.14095459274036584,0.6659801851407396,0.9636269120434277,0.33837149622415874,0.4666666666666667,-0.5745230113688923,1.3863668661198159,0.6995311859285724,0.01145760725413395,0.018661728038846387,0.01668402478116525,0.0,0.0,4585
nr_trend,nr7_ema50_adx,breakout,4h,ADA,1d,6,117,50,67,0.006423625587700068,0.04433710890326795,1.0830740915039117,1.5671327249617755,0.11980761467508086,0.5299145299145299,-0.23841117031506864,1.514275203227925,0.8909848250800774,0.012152053412679392,0.0021486794496557975,0.007423625587700069,0.0,0.0,4585
nr_trend,nr7_ema50_adx,breakout,4h,ADA,3d,18,82,33,49,0.0013891677754372578,0.07483179364587539,0.1161790602034487,0.16810300295090302,0.8669212742233987,0.5121951219512195,-0.41937548569871264,1.05108866393371,-0.10706685887294265,0.0028434354584763043,0.0004097630093089205,0.002389167775437259,0.0,0.0,4585
nr_trend,nr7_ema50_adx,breakout,4h,ADA,1w,42,57,23,34,0.009929977146789174,0.13589980788198913,0.38125822486241584,0.5516540793742819,0.5833801156633753,0.47368421052631576,-0.5810354326293846,1.2343929551023598,0.09246690341779829,0.005888860865235111,0.012663673454899275,0.010929977146789175,0.0,0.0,4585
nr_trend,nr7_ema20,breakout,4h,ADA,1d,6,219,96,123,0.002022041643262375,0.04648136460876565,0.4449238336842447,0.643773778129852,0.5203988310089863,0.502283105022831,-0.6566958217864189,1.1336891347561653,0.2357151115018492,0.004169316117708451,0.0003461201022312911,0.0030220416432623757,0.0,0.0,4585
nr_trend,nr7_ema20,breakout,4h,ADA,3d,18,140,59,81,0.002874369489435928,0.07532030773961673,0.3120663301908003,0.45153823015160155,0.6523054068551969,0.5214285714285715,-0.6764961526588451,1.1055828577567928,0.010362204568362676,0.001693449014794249,0.0037345461314588794,0.0038743694894359288,0.0,0.0,4585
nr_trend,nr7_ema20,breakout,4h,ADA,1w,42,81,29,52,0.013952693187502488,0.12529553273406738,0.6926556071900049,1.002224388590506,0.3192570793065559,0.5061728395061729,-0.6196746007441436,1.3642675266604978,0.7408560062537575,0.021914623216453388,0.00951238605597218,0.014952693187502487,0.0,0.0,4585
nr_trend,nr4_ema50,breakout,4h,AVAX,1d,6,260,106,154,0.0031494192840137267,0.04741221274424176,0.7402515395607384,1.0710923855062782,0.2851249734080531,0.5153846153846153,-0.4108994631093579,1.193200421542756,0.6956408204051692,-0.0004734856864305161,0.00564310712081301,0.004149419284013727,0.0,0.0,4585
nr_trend,nr4_ema50,breakout,4h,AVAX,3d,18,152,60,92,0.005593743794220719,0.08246658239508069,0.5779612949578836,0.8362697124737873,0.404324609049327,0.5526315789473685,-0.4757165147435226,1.1830385180955878,0.4059367324265575,-0.008169138146984362,0.01456953636457186,0.00659374379422072,0.0,0.0,4585
nr_trend,nr4_ema50,breakout,4h,AVAX,1w,42,83,34,49,0.00857063424790863,0.13006038813038576,0.41491520458751613,0.6003533832947922,0.5499264058095176,0.5180722891566265,-0.5125216323044655,1.1792421982315684,0.03880088838393614,-0.010445003418717444,0.021765158343118558,0.009570634247908633,0.0,0.0,4585
nr_trend,nr4_ema50_adx,breakout,4h,AVAX,1d,6,193,75,118,0.004136590757278545,0.04835506373949242,0.8213563878167771,1.1884454482857678,0.23612586975310498,0.5284974093264249,-0.34940385270526597,1.258559480518066,0.7758016232253835,-0.00038321687601736414,0.007009349846237811,0.005136590757278546,0.0,0.0,4585
nr_trend,nr4_ema50_adx,breakout,4h,AVAX,3d,18,117,44,73,0.007303332976115436,0.08251195575910648,0.6616823323942183,0.9574082186604217,0.3403523994182992,0.5555555555555556,-0.5066288876415257,1.2408171065248512,0.5840614164741034,-0.009978461409097156,0.017719756989120285,0.008303332976115437,0.0,0.0,4585
nr_trend,nr4_ema50_adx,breakout,4h,AVAX,1w,42,72,27,45,0.006468576997778098,0.1283780744718614,0.2954857422908856,0.4275472750536162,0.6702747164758289,0.5,-0.5391115661489682,1.132946036024721,-0.09852346454536087,-0.0351636942574013,0.03144793975088574,0.007468576997778099,0.0,0.0,4585
nr_trend,nr4_ema20,breakout,4h,AVAX,1d,6,320,133,187,0.003963153123384813,0.0459934498587651,1.0653007745355483,1.5414159740296536,0.12420694501751278,0.528125,-0.39548081957984593,1.2560801943007087,1.5371354224784852,0.001421643403856187,0.005770750945295548,0.004963153123384814,0.0,0.0,4585
nr_trend,nr4_ema20,breakout,4h,AVAX,3d,18,174,77,97,0.003854679255800162,0.08036447109679179,0.4372714950566814,0.6327013774697164,0.5277640538870608,0.5402298850574713,-0.6281636448059666,1.1306448832371176,0.13412377348054605,-0.0008294141318857803,0.007572980192416838,0.004854679255800163,0.0,0.0,4585
nr_trend,nr4_ema20,breakout,4h,AVAX,1w,42,89,37,52,-0.009181356091080483,0.11891216369572769,-0.50341707355697,-0.7284094195071673,0.4682969466404324,0.4943820224719101,-0.8924828811621925,0.8272496577166298,-0.767198529403711,-0.024122961991753844,0.0014501711843986353,-0.008181356091080482,0.0,0.0,4585
nr_trend,nr4_ema50_relaxed,breakout,4h,AVAX,1d,6,371,153,218,0.004003411216845091,0.04891433303400586,1.0895154865341377,1.5764529746339437,0.11577603149844996,0.5148247978436657,-0.40299371291233743,1.2410509509216583,1.845516590602907,0.00022786859190800335,0.006653218655447725,0.005003411216845092,0.0,0.0,4585
nr_trend,nr4_ema50_relaxed,breakout,4h,AVAX,3d,18,186,72,114,0.0035792890871637,0.07615242699538288,0.44301852508040385,0.6410169293716251,0.5223049684837615,0.5161290322580645,-0.5902612534231289,1.1244264410479377,0.14593176887079595,-0.005840641513238886,0.009528718940049544,0.004579289087163701,0.0,0.0,4585
nr_trend,nr4_ema50_relaxed,breakout,4h,AVAX,1w,42,93,40,53,0.011429439480245046,0.12304083102619667,0.6191124511552103,0.895812567438859,0.37269080451614633,0.5591397849462365,-0.7607274551392681,1.2607777312656367,0.4562467259727765,0.0063865175566196085,0.015235418290528394,0.012429439480245046,0.0,0.0,4585
nr_trend,nr7_ema50,breakout,4h,AVAX,1d,6,181,80,101,0.0020815446384250093,0.04653940414578961,0.4158690352885075,0.6017335098413715,0.5481086801894826,0.4972375690607735,-0.35734695991347243,1.128673273108478,0.20101422136385416,0.001978954124735316,0.0021628044512485285,0.00308154463842501,0.0,0.0,4585
nr_trend,nr7_ema50,breakout,4h,AVAX,3d,18,119,50,69,0.005107329649826479,0.08479471828473309,0.4540994297511551,0.6570502261404579,0.5124281128886407,0.5294117647058824,-0.5138510214853158,1.1667444204588548,0.21545329747343867,-0.005171730897424738,0.012555924249283881,0.00610732964982648,0.0,0.0,4585
nr_trend,nr7_ema50,breakout,4h,AVAX,1w,42,72,34,38,0.011395197373181908,0.13842548931819187,0.48275237620890654,0.6985090426819646,0.48714058606355537,0.5138888888888888,-0.7235055064966602,1.2275056602365884,0.18270584753678776,-0.0071366979853925315,0.027976366904537982,0.012395197373181907,0.0,0.0,4585
nr_trend,nr7_ema50_adx,breakout,4h,AVAX,1d,6,134,58,76,-0.0007808312602785856,0.048959626645767924,-0.12759212810933357,-0.18461691677067482,0.8538107273295613,0.48507462686567165,-0.39814891634662797,0.9577440106283185,-0.23158396278551485,-0.0007230092728245259,-0.000824958566493526,0.00021916873972141522,0.0,0.0,4585
nr_trend,nr7_ema50_adx,breakout,4h,AVAX,3d,18,91,37,54,-0.0032187968561613114,0.08178981296400376,-0.2594582216087597,-0.37541796358444546,0.7082329845928943,0.5164835164835165,-0.6260465811733805,0.9069591229358396,-0.44843274865966953,-0.015089101539175564,0.00491456005627438,-0.0022187968561613106,0.0,0.0,4585
nr_trend,nr7_ema50_adx,breakout,4h,AVAX,1w,42,61,26,35,0.006106254800176203,0.12630800052961388,0.2609524430676629,0.37757999789489216,0.7070750061029941,0.5081967213114754,-0.578879836979152,1.1302120186152744,-0.08218927689785949,-0.03125285618182273,0.033858737243946835,0.007106254800176204,0.0,0.0,4585
nr_trend,nr7_ema20,breakout,4h,AVAX,1d,6,227,95,132,0.001269274373484539,0.04507698187044419,0.29320137161745663,0.42424194989963476,0.6717929203692428,0.5066079295154186,-0.48186739303443893,1.0774853777369433,0.06024316296971444,0.0019483113987810547,0.0007805734840665923,0.00226927437348454,0.0,0.0,4585
nr_trend,nr7_ema20,breakout,4h,AVAX,3d,18,141,59,82,0.0003602564623768438,0.08015439638605096,0.03688471022120133,0.053369604989916726,0.9575135024140717,0.5035460992907801,-0.6957611717072341,1.0120999082462727,-0.31694168877988427,-0.007121402181691297,0.005743401096523433,0.0013602564623768447,0.0,0.0,4585
nr_trend,nr7_ema20,breakout,4h,AVAX,1w,42,83,37,46,-0.006326372513959047,0.11259049285525903,-0.353789120924416,-0.5119082004503002,0.610091182130089,0.5060240963855421,-0.8888741152172049,0.8693875864891216,-0.6519257608758819,-0.02388782632056963,0.007799144678314691,-0.005326372513959046,0.0,0.0,4585
nr_trend,nr4_ema50,breakout,4h,DOT,1d,6,261,106,155,0.002211594380412521,0.044254359341737395,0.5579844046990546,0.8073645445696136,0.42019446724640364,0.5095785440613027,-0.4485011307478197,1.1521079898358428,0.37912625929803534,0.0010072402262639294,0.0030352172213141382,0.0032115943804125217,0.0,0.0,4585
nr_trend,nr4_ema50,breakout,4h,DOT,3d,18,158,66,92,0.0032975667457103078,0.08096346221128724,0.3538225060927619,0.511956506462099,0.6094008287903109,0.5063291139240507,-0.6911636347092273,1.121001598925883,0.020400508861376787,-0.008719981845428918,0.011918851604571058,0.004297566745710309,0.0,0.0,4585
nr_trend,nr4_ema50,breakout,4h,DOT,1w,42,89,32,57,0.006680692291838434,0.11881293327422209,0.3666107045963126,0.53046013841621,0.5971290277043163,0.5056179775280899,-0.5433445997224995,1.1577601447270762,-0.01658331823727288,-0.006856244829185485,0.014280376289606248,0.007680692291838435,0.0,0.0,4585
nr_trend,nr4_ema50_adx,breakout,4h,DOT,1d,6,185,70,115,0.0021716970555981725,0.04729090872400507,0.43167791942969364,0.6246078633847945,0.5330021979718504,0.4864864864864865,-0.4831556874064634,1.140299696723702,0.21551173021650594,0.003128051752863543,0.0015895681094366424,0.0031716970555981734,0.0,0.0,4585
nr_trend,nr4_ema50_adx,breakout,4h,DOT,3d,18,119,48,71,0.007343486406851704,0.07637789648161072,0.7248705741594403,1.0488372005554412,0.2963965014922524,0.5378151260504201,-0.5930232393662047,1.307074415992706,0.7131421266042699,-0.0075665976431297756,0.017423543229374394,0.008343486406851704,0.0,0.0,4585
nr_trend,nr4_ema50_adx,breakout,4h,DOT,1w,42,74,29,45,0.01486328552790551,0.12376220206986784,0.7139947855093718,1.0331006923728625,0.30496727985086647,0.4864864864864865,-0.5561566986352691,1.361639267487993,0.7517483330827148,0.0042037306015988585,0.021732776480414235,0.015863285527905512,0.0,0.0,4585
nr_trend,nr4_ema20,breakout,4h,DOT,1d,6,313,136,177,0.002243130343913036,0.04577342052954142,0.5991915762071576,0.8669884497853607,0.3866146155809073,0.5527156549520766,-0.5128719391755394,1.147603874114444,0.4488843769061135,0.002383609920287048,0.0021351912343827214,0.0032431303439130373,0.0,0.0,4585
nr_trend,nr4_ema20,breakout,4h,DOT,3d,18,175,81,94,0.0066367154557302604,0.08204872895393796,0.7395248160950777,1.0700408673008586,0.2860830037166628,0.52,-0.7261859147978371,1.2518034234941724,0.8266478719490387,-0.000479127544630838,0.01276845250923291,0.00763671545573026,0.0,0.0,4585
nr_trend,nr4_ema20,breakout,4h,DOT,1w,42,91,38,53,0.012005064633144123,0.12476703663441757,0.6343628271368672,0.9178787986009767,0.3611355953777914,0.4725274725274725,-0.5402279307858288,1.2857481488288764,0.538530017702715,-0.0023768485868778345,0.022316625055046658,0.013005064633144128,0.0,0.0,4585
nr_trend,nr4_ema50_relaxed,breakout,4h,DOT,1d,6,364,148,216,0.002063331649089193,0.04358135636608129,0.6242684355186245,0.9032729174635541,0.3669800792929552,0.521978021978022,-0.565733740125398,1.1382308081423644,0.49815189050985076,0.0016913365819667696,0.002318217158043446,0.0030633316490891937,0.0,0.0,4585
nr_trend,nr4_ema50_relaxed,breakout,4h,DOT,3d,18,185,76,109,0.0028836828226292445,0.07477836611042031,0.36250146861832067,0.5245143603515168,0.6005521598403439,0.5297297297297298,-0.7443011210977784,1.1091197060469127,0.031809294359188334,-0.01002649484764044,0.011885274592725537,0.0038836828226292454,0.0,0.0,4585
nr_trend,nr4_ema50_relaxed,breakout,4h,DOT,1w,42,94,38,56,0.012989378116194192,0.1254930674959942,0.6935614377685625,1.0035350623053185,0.3182067378912734,0.5319148936170213,-0.6592743840326463,1.3083838120619498,0.6621796456382036,0.0038315052659992823,0.019203648978826458,0.013989378116194197,0.0,0.0,4585
nr_trend,nr7_ema50,breakout,4h,DOT,1d,6,177,74,103,0.002392536640352416,0.04391697161430497,0.5009163798764018,0.7247910900386063,0.4695426740880091,0.536723163841808,-0.4030665675040803,1.1667127210971082,0.2844360319826913,0.0053635551732674055,0.00025801847107368553,0.0033925366403524167,0.0,0.0,4585
nr_trend,nr7_ema50,breakout,4h,DOT,3d,18,122,52,70,-0.005605331567705,0.0733084938642054,-0.5836860488043044,-0.8445530322996908,0.4000271939664434,0.4426229508196721,-0.7161981915772022,0.8142682547009347,-0.6383054261176003,-0.010717526157588366,-0.0018077013009344992,-0.004605331567704999,0.0,0.0,4585
nr_trend,nr7_ema50,breakout,4h,DOT,1w,42,78,33,45,-0.011733194607571435,0.11181243563626604,-0.6405099118583523,-0.9267732017685153,0.3569401138436445,0.48717948717948717,-0.7769375697071337,0.7631763183006627,-0.755197406959968,-0.02992685858032551,0.0016088256391148883,-0.010733194607571434,0.0,0.0,4585
nr_trend,nr7_ema50_adx,breakout,4h,DOT,1d,6,124,49,75,0.001948672328415534,0.04742685176674118,0.31621156625731645,0.4575360978353434,0.6480929244113389,0.5241935483870968,-0.4236388466061517,1.123837638177797,0.10496691304890171,0.008419264857631914,-0.002278781457339168,0.0029486723284155346,0.0,0.0,4585
nr_trend,nr7_ema50_adx,breakout,4h,DOT,3d,18,90,38,52,-0.007451810821570822,0.06812001152054825,-0.7172338043797654,-1.0377873269331208,0.30218042728463157,0.4777777777777778,-0.7285390104158548,0.7421646543245504,-0.5888710059137084,-0.013342134610346454,-0.003147343437465552,-0.0064518108215708215,0.0,0.0,4585
nr_trend,nr7_ema50_adx,breakout,4h,DOT,1w,42,64,26,38,-0.007613378174098118,0.11002068203295166,-0.3826004216198213,-0.5535961445371065,0.5818147694106093,0.484375,-0.6764795963891472,0.8369330643816989,-0.5794273090718397,-0.020857266636899827,0.00144822972150305,-0.0066133781740981175,0.0,0.0,4585
nr_trend,nr7_ema20,breakout,4h,DOT,1d,6,221,100,121,0.0014610643381845236,0.04560747803520362,0.32914086578574325,0.4762438931383365,0.6343732526164886,0.5520361990950227,-0.5255503925951734,1.09345576701117,0.09311689537929091,0.0037821471818146124,-0.00045718594580728555,0.0024610643381845244,0.0,0.0,4585
nr_trend,nr7_ema20,breakout,4h,DOT,3d,18,143,61,82,-0.002496573962951883,0.08048362075149039,-0.2563641758608935,-0.3709410950285029,0.7112342160131087,0.44755244755244755,-0.7940837505093217,0.9180037095776832,-0.553538310035367,-0.01402581636988693,0.00608005758367053,-0.001496573962951882,0.0,0.0,4585
nr_trend,nr7_ema20,breakout,4h,DOT,1w,42,84,34,50,-0.005590233981791734,0.11608644791413329,-0.3050285524363032,-0.441355056242635,0.660103613543614,0.47619047619047616,-0.8256773012077306,0.8790308698314396,-0.6395014913786633,-0.02016279923710843,0.00431911039182362,-0.004590233981791733,0.0,0.0,4585
nr_trend,nr4_ema50,breakout,4h,LINK,1d,6,255,106,149,0.0006920183800351739,0.04503741966884271,0.1695768667587389,0.24536590744691694,0.8063712551817338,0.5098039215686274,-0.4101816508647349,1.0418985384754917,-0.08183468741655109,0.002913035383348242,-0.0008880339847378813,0.0016920183800351748,0.0,0.0,4585
nr_trend,nr4_ema50,breakout,4h,LINK,3d,18,154,66,88,0.0025445512947118373,0.08009749297193586,0.27246143204018985,0.3942327028128234,0.6939581854475377,0.4935064935064935,-0.6082419522167868,1.0877474205224646,-0.09684853602986909,-0.002118308093309772,0.006041695835728045,0.0035445512947118382,0.0,0.0,4585
nr_trend,nr4_ema50,breakout,4h,LINK,1w,42,86,36,50,-0.009832752606355227,0.11186704162484021,-0.5633451663431979,-0.8151211930474582,0.41728103799982835,0.45348837209302323,-0.8200434409725423,0.800392321109439,-0.7534268465581915,-0.01950387550421173,-0.002869544119898546,-0.008832752606355226,0.0,0.0,4585
nr_trend,nr4_ema50_adx,breakout,4h,LINK,1d,6,178,75,103,0.0014360555672342456,0.048370473761581746,0.2737494734314457,0.39609640893521747,0.6925109764237382,0.5112359550561798,-0.36018542040955837,1.0826151768621641,0.04518125597131539,0.003138071257965027,0.00019672375359532698,0.0024360555672342465,0.0,0.0,4585
nr_trend,nr4_ema50_adx,breakout,4h,LINK,3d,18,113,50,63,0.006062084153841408,0.07821075881299835,0.5694388198651892,0.8239382849932466,0.4117257632300565,0.5132743362831859,-0.35874337495281705,1.2256036208665948,0.40928734713060977,0.0002391167147403106,0.010683486883286722,0.007062084153841409,0.0,0.0,4585
nr_trend,nr4_ema50_adx,breakout,4h,LINK,1w,42,70,34,36,-0.00011237106375252547,0.11983449025133683,-0.005422181697309703,-0.007845519014072114,0.9937628850918091,0.45714285714285713,-0.6441099874682947,0.9976333161285706,-0.3892473712968333,-0.020510030843914857,0.019152085395289675,0.0008876289362474754,0.0,0.0,4585
nr_trend,nr4_ema20,breakout,4h,LINK,1d,6,308,130,178,0.00016557023488749994,0.045975290962223116,0.043680291115626525,0.06320233692240271,0.9496465140974948,0.5162337662337663,-0.5258646504357767,1.009761779985008,-0.2430796337672334,0.0007879451861583786,-0.0002889732688496586,0.0011655702348875008,0.0,0.0,4585
nr_trend,nr4_ema20,breakout,4h,LINK,3d,18,175,82,93,0.003986007018898832,0.08287480139771747,0.43973088534817667,0.6362599438129515,0.5254430680036722,0.4857142857142857,-0.8314176503354279,1.1370841428510867,0.10701877044071395,0.00010322197399007581,0.007409537918710852,0.004986007018898833,0.0,0.0,4585
nr_trend,nr4_ema20,breakout,4h,LINK,1w,42,90,42,48,-0.00701460144134951,0.11337590842133563,-0.4056540930955028,-0.586953200424107,0.5587211432393502,0.4222222222222222,-0.8433329611073426,0.8542496061979448,-0.7057340906845972,-0.021164110665542028,0.005366219129818939,-0.0060146014413495095,0.0,0.0,4585
nr_trend,nr4_ema50_relaxed,breakout,4h,LINK,1d,6,363,151,212,0.0007747338815044196,0.048762006451368745,0.209207226390858,0.3027082757748862,0.7622860557135567,0.5068870523415978,-0.6401137033198907,1.0461078339481027,-0.1329055604140157,-0.0006832338621355871,0.0018131920385310281,0.0017747338815044204,0.0,0.0,4585
nr_trend,nr4_ema50_relaxed,breakout,4h,LINK,3d,18,185,81,104,0.004691397476058557,0.08131750271550256,0.5423210336113293,0.7847007382729362,0.4336381681472563,0.4756756756756757,-0.660371697414476,1.1659450520077412,0.30001077866373493,0.00016559622705902832,0.00821630037191396,0.005691397476058558,0.0,0.0,4585
nr_trend,nr4_ema50_relaxed,breakout,4h,LINK,1w,42,91,35,56,-0.00920509106161506,0.11952228208038673,-0.507752763786103,-0.7346828610904083,0.4644426380808894,0.42857142857142855,-0.8675619619903664,0.8240146925305833,-0.7764072494609979,-0.026808429900195357,0.001796995712497624,-0.00820509106161506,0.0,0.0,4585
nr_trend,nr7_ema50,breakout,4h,LINK,1d,6,179,78,101,-0.0023209963874143104,0.04263901596701296,-0.50332232491953,-0.72827232483235,0.46740388388038967,0.4972067039106145,-0.5451825510661564,0.8601612031965948,-0.44206514136947805,0.003763061015962006,-0.00701957537219998,-0.0013209963874143092,0.0,0.0,4585
nr_trend,nr7_ema50,breakout,4h,LINK,3d,18,126,54,72,-0.00013126004653320487,0.08411414414818688,-0.012106014324873399,-0.017516558992766395,0.9860524511371751,0.4444444444444444,-0.6538422208369921,0.9957674690540091,-0.37140497527593397,0.0004133647989370918,-0.0005397286806359273,0.0008687399534667961,0.0,0.0,4585
nr_trend,nr7_ema50,breakout,4h,LINK,1w,42,77,32,45,0.0008050746828355905,0.12084570730084832,0.04040198393967326,0.05845885492221967,0.9535365717304665,0.5194805194805194,-0.7184580877667158,1.0173011350063776,-0.3913435961646121,-0.0032208131459220204,0.0036679282499521137,0.0018050746828355915,0.0,0.0,4585
nr_trend,nr7_ema50_adx,breakout,4h,LINK,1d,6,123,56,67,-0.0009891679814438457,0.04692066444459901,-0.1615886452100926,-0.23380750760951932,0.8155263027971168,0.5203252032520326,-0.4238039873470534,0.9432914676856353,-0.22998642236683053,0.005498164755722916,-0.0064114162393742735,1.0832018556155172e-05,0.0,0.0,4585
nr_trend,nr7_ema50_adx,breakout,4h,LINK,3d,18,91,40,51,0.0025479231957215606,0.0873214329332275,0.1923705392113287,0.2783467628682787,0.7813846806378667,0.4725274725274725,-0.4147582624592754,1.081229646527239,-0.1073687069834457,0.005859732482005955,-4.957428371718041e-05,0.0035479231957215615,0.0,0.0,4585
nr_trend,nr7_ema50_adx,breakout,4h,LINK,1w,42,59,27,32,0.0022448347705137355,0.12518447037915575,0.09519460091705588,0.13773995288692187,0.8909230160929298,0.5084745762711864,-0.5865037769987095,1.0480551383539698,-0.27453787383039896,0.002002187473832201,0.00244956842708878,0.0032448347705137364,0.0,0.0,4585
nr_trend,nr7_ema20,breakout,4h,LINK,1d,6,225,97,128,-0.0023803708897838266,0.04271367696545159,-0.5777252086940429,-0.8359281121041716,0.40408613824707657,0.48444444444444446,-0.638152224278608,0.8590615496715135,-0.5259526438291982,0.0010004297229850832,-0.004942383854147766,-0.0013803708897838257,0.0,0.0,4585
nr_trend,nr7_ema20,breakout,4h,LINK,3d,18,148,63,85,-0.0008485080595702917,0.08343743379046747,-0.0855023947317623,-0.12371600604044185,0.9017091375229288,0.4594594594594595,-0.6748836023360165,0.9735650934285198,-0.4772587886977797,-0.002965009079948309,0.0007201926967098858,0.00015149194042970917,0.0,0.0,4585
nr_trend,nr7_ema20,breakout,4h,LINK,1w,42,83,42,41,-0.017033007481638305,0.11632756627203326,-0.9219346304828058,-1.3339751555675814,0.18590517236366427,0.40963855421686746,-0.9073701998279129,0.6802424152347506,-0.8656206370386934,-0.02529168565332833,-0.008572898135029011,-0.016033007481638308,0.0,0.0,4585
nr_trend,nr4_ema50,breakout,4h,UNI,1d,6,267,103,164,0.0037452341289178743,0.06222953772538796,0.6796579724380533,0.9834177169817335,0.3262955201458576,0.4943820224719101,-0.5584860863329253,1.1992347102492327,0.6763858726861844,0.007913390980901257,0.0011274283011478243,0.0047452341289178765,0.0,0.0,4585
nr_trend,nr4_ema50,breakout,4h,UNI,3d,18,157,63,94,0.009763703375979954,0.10320500898795201,0.8192491785198205,1.185396463296182,0.23766327596459855,0.4713375796178344,-0.6216732887640861,1.332635534935845,1.1951837007142023,0.0084137514460456,0.01066845839285085,0.010763703375979955,0.0,0.0,4585
nr_trend,nr4_ema50,breakout,4h,UNI,1w,42,87,37,50,0.045257941414774544,0.12720773218994552,2.2934712448353047,3.318493046537108,0.0013282840390347118,0.5977011494252874,-0.3921823040396837,2.6818871719844966,24.609284947440095,0.047448930199182004,0.04363660971431301,0.046257941414774545,0.0,0.0,4585
nr_trend,nr4_ema50_adx,breakout,4h,UNI,1d,6,176,75,101,0.0037975855426985255,0.06857275993536269,0.5077672160678512,0.7347037725348381,0.4635032817015188,0.48295454545454547,-0.5460728026092316,1.1865570672579895,0.3307787104802471,0.011216037456332104,-0.0017111658783165078,0.004797585542698526,0.0,0.0,4585
nr_trend,nr4_ema50_adx,breakout,4h,UNI,3d,18,107,48,59,0.012916671340133043,0.11389066256595443,0.8107869800983882,1.173152251957942,0.2433642221316097,0.48598130841121495,-0.4990589505064581,1.4288092092629672,1.1707404766577656,0.021971906752435693,0.005549700157242748,0.013916671340133045,0.0,0.0,4585
nr_trend,nr4_ema50_adx,breakout,4h,UNI,1w,42,66,32,34,0.038682505824854926,0.12542047325900568,1.7316914775613406,2.5056368768414825,0.01473685478548517,0.5454545454545454,-0.3293965806365521,2.2827874843381064,6.7697140624495775,0.02964739555821138,0.047186139016990036,0.03968250582485493,0.0,0.0,4585
nr_trend,nr4_ema20,breakout,4h,UNI,1d,6,315,129,186,0.005084342819252681,0.06042246815228041,1.0321528798632056,1.4934532806995202,0.1363227101968514,0.5206349206349207,-0.5274697300471852,1.2911827007650203,1.8867152029546208,0.007998508853436661,0.003063227666512179,0.006084342819252682,0.0,0.0,4585
nr_trend,nr4_ema20,breakout,4h,UNI,3d,18,174,82,92,0.019084310424840843,0.10589775168061105,1.6429212390579886,2.377192528617719,0.018536675891325568,0.5287356321839081,-0.5242577602245275,1.7916014389854085,10.388988213183353,0.016179630053106936,0.021673264669212353,0.020084310424840844,0.0,0.0,4585
nr_trend,nr4_ema20,breakout,4h,UNI,1w,42,90,41,49,0.030629147943107317,0.12805777088172643,1.5682042263547125,2.2690822186793644,0.025680525881240087,0.5333333333333333,-0.45439476831037495,1.9204732714244948,6.8039180890627815,0.02799077631422049,0.03283676502033915,0.03162914794310732,0.0,0.0,4585
nr_trend,nr4_ema50_relaxed,breakout,4h,UNI,1d,6,353,143,210,0.005576036390321326,0.06323918315140084,1.1449304028154352,1.6566344963199187,0.09848443943697181,0.5155807365439093,-0.5449172839201444,1.3218106112301027,2.7526897682639446,0.005841203206325872,0.005395470415613468,0.006576036390321327,0.0,0.0,4585
nr_trend,nr4_ema50_relaxed,breakout,4h,UNI,3d,18,182,72,110,0.010867502536051203,0.10607929665856092,0.9551843540104541,1.382085188154323,0.1686487844162285,0.489010989010989,-0.7050094028067528,1.3456629716296276,1.8786345930327104,0.006857405591285341,0.013492293263534308,0.011867502536051204,0.0,0.0,4585
nr_trend,nr4_ema50_relaxed,breakout,4h,UNI,1w,42,94,40,54,0.027663211012641405,0.13122182125441897,1.412579315668897,2.0439038192807177,0.043790957948217926,0.5212765957446809,-0.4793164518950086,1.7525033095230231,5.290418309719957,0.030656164057408165,0.02544620875725861,0.0286632110126414,0.0,0.0,4585
nr_trend,nr7_ema50,breakout,4h,UNI,1d,6,163,65,98,0.005907836390853204,0.05421412961123522,0.9615284959006606,1.3912647193109944,0.16605284978251697,0.5276073619631901,-0.2706952798300085,1.3818587215349167,1.0800004722660743,0.006570626017107606,0.005468231026500794,0.006907836390853205,0.0,0.0,4585
nr_trend,nr7_ema50,breakout,4h,UNI,3d,18,119,50,69,0.017421334443953877,0.10495407068035056,1.251434140266867,1.810737981575593,0.07272571423472583,0.5126050420168067,-0.401947391779661,1.6776833600431542,3.428608553851112,0.009475438296007584,0.023179230203335247,0.01842133444395388,0.0,0.0,4585
nr_trend,nr7_ema50,breakout,4h,UNI,1w,42,77,36,41,0.03238900588318228,0.13487092966450429,1.4563877498964324,2.107291570355048,0.038390860522448535,0.5194805194805194,-0.38540521743813916,1.9498537096281718,5.2697209966231995,0.030040162411063196,0.034451405029433196,0.03338900588318229,0.0,0.0,4585
nr_trend,nr7_ema50_adx,breakout,4h,UNI,1d,6,108,46,62,0.006643387800291422,0.05914994846492409,0.8066766744134252,1.1672049261018154,0.24572218813972313,0.5277777777777778,-0.32665325752222096,1.3997322385836766,0.7091475749609486,0.01080939783153435,0.0035524771319498955,0.007643387800291423,0.0,0.0,4585
nr_trend,nr7_ema50_adx,breakout,4h,UNI,3d,18,80,36,44,0.028204981708119702,0.11282367047082946,1.5453362023969237,2.2359937818119495,0.028173701188037192,0.5625,-0.3461882950033506,2.309484837117774,5.059282760113293,0.03369591280037456,0.023712401723547553,0.029204981708119703,0.0,0.0,4585
nr_trend,nr7_ema50_adx,breakout,4h,UNI,1w,42,56,30,26,0.04945760527176683,0.13867361020722244,1.844529744409648,2.6689059846459267,0.00998187620108346,0.5535714285714286,-0.29590586945555,2.7764447102696344,8.490092323689977,0.040819863507591474,0.05942423038427684,0.05045760527176683,0.0,0.0,4585
nr_trend,nr7_ema20,breakout,4h,UNI,1d,6,212,88,124,0.005604061858236681,0.05470442175329701,1.0308626545894666,1.4915864146513798,0.13730114175809355,0.5377358490566038,-0.3637206762158577,1.3504883711371154,1.4138867204379966,0.00400624770024671,0.006737994486487629,0.006604061858236682,0.0,0.0,4585
nr_trend,nr7_ema20,breakout,4h,UNI,3d,18,143,59,84,0.014369693414810904,0.10549017687089432,1.1257861151063695,1.6289340462765605,0.10554350152904814,0.5104895104895105,-0.4511466597451188,1.5134338813016472,2.785842166691723,0.008704988900144792,0.018348473966778765,0.015369693414810903,0.0,0.0,4585
nr_trend,nr7_ema20,breakout,4h,UNI,1w,42,81,34,47,0.028630967939465596,0.14150718958580996,1.2584976872931648,1.8209584418248514,0.07235200461584732,0.5432098765432098,-0.47267445968851607,1.7275118590373462,3.5903581279290666,0.03055714538878787,0.02723756297612607,0.0296309679394656,0.0,0.0,4585
nr_trend,nr4_ema50,breakout,4h,ATOM,1d,6,240,94,146,0.00463927358328719,0.0383092764897985,1.2965941040735192,1.8760813017553082,0.061862930848703375,0.525,-0.5223631100629367,1.3876276559688365,1.5534777384182425,0.0019657757412327387,0.006360566714472933,0.005639273583287191,0.0,0.0,4585
nr_trend,nr4_ema50,breakout,4h,ATOM,3d,18,149,58,91,0.009536501194418632,0.07405260217940833,1.086411277273658,1.5719614001836009,0.11809490979700683,0.5503355704697986,-0.7308612751228499,1.4244695675161658,1.8025844725679678,0.00464186162688701,0.012656161578120108,0.010536501194418634,0.0,0.0,4585
nr_trend,nr4_ema50,breakout,4h,ATOM,1w,42,82,33,49,0.010043987535249294,0.10216060721579293,0.615293054981169,0.8902861673699379,0.37594895397087874,0.5365853658536586,-0.5894136511929937,1.2717485649091187,0.48344348510679525,0.0012814947122719493,0.015945258211948324,0.011043987535249294,0.0,0.0,4585
nr_trend,nr4_ema50_adx,breakout,4h,ATOM,1d,6,174,69,105,0.004081199179817623,0.037057637757425016,1.0040077624109718,1.452729257335576,0.1481103116141417,0.5114942528735632,-0.4118766310429587,1.34159706118318,0.8061642684420292,0.003951008360170055,0.004166753147014597,0.005081199179817624,0.0,0.0,4585
nr_trend,nr4_ema50_adx,breakout,4h,ATOM,3d,18,112,46,66,0.006583184685816238,0.06645205852741776,0.7245844321449327,1.048423173003274,0.29672113657700816,0.5446428571428571,-0.6517059923547404,1.2988022697029715,0.6390569265714285,0.007301607573366272,0.006082465703584396,0.007583184685816238,0.0,0.0,4585
nr_trend,nr4_ema50_adx,breakout,4h,ATOM,1w,42,67,29,38,0.020740288736195815,0.10301412361642168,1.1389582762132524,1.647993245357208,0.104107052781677,0.5522388059701493,-0.432070909772024,1.6688378569754327,1.8298356902146802,0.021149701760740887,0.020427841954306154,0.021740288736195816,0.0,0.0,4585
nr_trend,nr4_ema20,breakout,4h,ATOM,1d,6,295,125,170,0.0019062420900458309,0.03928948224612649,0.5759239566992936,0.833321826007018,0.4053397280579882,0.49491525423728816,-0.4620725663957518,1.1361302052439464,0.4007883378410022,-0.0023129106150861097,0.005008560255584022,0.0029062420900458318,0.0,0.0,4585
nr_trend,nr4_ema20,breakout,4h,ATOM,3d,18,167,74,93,0.0011420949102449748,0.06855953780738046,0.148780131406949,0.2152744808327833,0.8298175864997254,0.49700598802395207,-0.8408296289235702,1.0451563989091655,-0.1807637345256623,-0.011522473535212439,0.011219278404479907,0.002142094910244976,0.0,0.0,4585
nr_trend,nr4_ema20,breakout,4h,ATOM,1w,42,86,43,43,0.015284975631772934,0.09939850248533152,0.9855678369121708,1.4260479703195585,0.1575169216834172,0.5697674418604651,-0.4811809014109313,1.4821103324530471,1.4516163678600509,0.003150432154576059,0.027419519108969805,0.016284975631772936,0.0,0.0,4585
nr_trend,nr4_ema50_relaxed,breakout,4h,ATOM,1d,6,353,132,221,0.0018333688011137605,0.03916806967002566,0.6077953988707798,0.8794375815314703,0.37976402955054134,0.5155807365439093,-0.6455365765940614,1.1305207563453425,0.4614171876549673,-0.00046232898328395266,0.0032045548080843404,0.0028333688011137614,0.0,0.0,4585
nr_trend,nr4_ema50_relaxed,breakout,4h,ATOM,3d,18,184,75,109,0.003114621856258998,0.07081039746576179,0.4123534131175765,0.5966466495832548,0.5514807051321061,0.5108695652173914,-0.8071439304377424,1.123893138208387,0.117756456065093,-0.008536698061942505,0.011131585102727923,0.004114621856258998,0.0,0.0,4585
nr_trend,nr4_ema50_relaxed,breakout,4h,ATOM,1w,42,92,42,50,0.011548972468549632,0.11406474360924983,0.6711787817433128,0.9711489190083021,0.3340484020449402,0.5108695652173914,-0.6675122749189374,1.2882206667760838,0.6326848782936616,-0.004410724089490971,0.024955117577303742,0.012548972468549635,0.0,0.0,4585
nr_trend,nr7_ema50,breakout,4h,ATOM,1d,6,168,66,102,0.003906662408609075,0.03893304749819441,0.898865087091883,1.300595134125428,0.19518895220606156,0.5416666666666666,-0.4691829170988505,1.322848202458641,0.6981026519608104,0.00254531988664821,0.004787531099289636,0.004906662408609076,0.0,0.0,4585
nr_trend,nr7_ema50,breakout,4h,ATOM,3d,18,118,49,69,0.0009640360989301584,0.0739715624067454,0.09784122822276703,0.1415694381401405,0.8876635834063421,0.4915254237288136,-0.7685226571067617,1.036250236167595,-0.18081433930515545,-0.006310534406089989,0.006130035443074901,0.0019640360989301594,0.0,0.0,4585
nr_trend,nr7_ema50,breakout,4h,ATOM,1w,42,72,30,42,0.00993608104167049,0.10641290800091285,0.5475697515834619,0.7922952673663268,0.4308278725800981,0.5416666666666666,-0.5571183409777827,1.2641673055092084,0.3766449866477979,0.001845645682926078,0.015714963440773642,0.010936081041670494,0.0,0.0,4585
nr_trend,nr7_ema50_adx,breakout,4h,ATOM,1d,6,116,46,70,0.002660556248836922,0.03646043302933802,0.5431652843139394,0.7859223101990962,0.43352937030158056,0.5258620689655172,-0.35190703348500196,1.2194454525261846,0.26095598541556364,0.004569578897928567,0.0014060556508624128,0.003660556248836923,0.0,0.0,4585
nr_trend,nr7_ema50_adx,breakout,4h,ATOM,3d,18,85,36,49,-0.00602543466034084,0.06342531360496283,-0.605323602914259,-0.875861065055563,0.3836033152231242,0.47058823529411764,-0.6520704077468573,0.7723448810088026,-0.49626694584451425,-0.009168206291062556,-0.0037164595847085577,-0.005025434660340839,0.0,0.0,4585
nr_trend,nr7_ema50_adx,breakout,4h,ATOM,1w,42,56,24,32,-0.000610655019762253,0.09925558766106982,-0.03181906159830454,-0.046039964485751435,0.9634451596427379,0.5178571428571429,-0.533909411576766,0.9851921651644018,-0.2666040058922057,0.014331735339960816,-0.011817447789554555,0.0003893449802377479,0.0,0.0,4585
nr_trend,nr7_ema20,breakout,4h,ATOM,1d,6,209,89,120,0.0028982635790496484,0.04025971630698186,0.71927124677521,1.0407353640786612,0.2992065855159973,0.5119617224880383,-0.32609555889153485,1.2155862930400525,0.5496952298740709,0.0001790146284153171,0.004915039884103444,0.0038982635790496493,0.0,0.0,4585
nr_trend,nr7_ema20,breakout,4h,ATOM,3d,18,136,61,75,-0.0017998860976067028,0.06919225204895142,-0.2096570148682627,-0.3033590883534355,0.7620832213287019,0.4632352941176471,-0.7328049329633477,0.9337843573808365,-0.43368069171817447,-0.013038985520089445,0.007341248099345927,-0.0007998860976067018,0.0,0.0,4585
nr_trend,nr7_ema20,breakout,4h,ATOM,1w,42,80,40,40,0.004355840662630306,0.1039097769537642,0.259127170665181,0.37493895594186455,0.7087105572277503,0.5,-0.6671209553308547,1.1159606823295711,-0.06152685410096459,-0.014463674853992279,0.02317535617925289,0.005355840662630307,0.0,0.0,4585
nr_trend,nr4_ema50,breakout,4h,FTM,1d,6,187,78,109,0.005825653922896862,0.06000321746292638,1.0768522159038925,1.3276724583886303,0.18591346159911043,0.5240641711229946,-0.4130058637303158,1.3347077279126172,1.1414040202130598,0.013032943040771232,0.0006681442789133699,0.006825653922896862,0.0,0.0,3329
nr_trend,nr4_ema50,breakout,4h,FTM,3d,18,107,47,60,0.012959442092539948,0.09625973759535884,1.1295323681304157,1.3926228630791821,0.16664814474780126,0.514018691588785,-0.4124758050050623,1.4483713815814065,1.4723997484761204,0.025129215889577033,0.003426452618194233,0.013959442092539945,0.0,0.0,3329
nr_trend,nr4_ema50,breakout,4h,FTM,1w,42,61,27,34,0.0309265716357871,0.16008363986113794,1.2238125596148164,1.5088627813862423,0.13658203856771425,0.5081967213114754,-0.5388967084299512,1.688577579393522,2.2231094683124963,0.03753275626777932,0.025680483839793284,0.0319265716357871,0.0,0.0,3329
nr_trend,nr4_ema50_adx,breakout,4h,FTM,1d,6,122,52,70,0.006004740955608989,0.06133922689259436,0.8770029494563631,1.0812743333972283,0.28172541313660754,0.5245901639344263,-0.33079116231561456,1.3427393088384973,0.671197236502411,0.012452686797442351,0.0012148383302470636,0.00700474095560899,0.0,0.0,3329
nr_trend,nr4_ema50_adx,breakout,4h,FTM,3d,18,80,36,44,0.013515414061922198,0.09101578894761024,1.0772655475516206,1.3281820631763295,0.18794243490361734,0.4875,-0.4946538749197794,1.4779375251871987,1.1293595707209474,0.03113702859729264,-0.0009022705579263394,0.014515414061922199,0.0,0.0,3329
nr_trend,nr4_ema50_adx,breakout,4h,FTM,1w,42,49,20,29,0.005825859000282549,0.15938256716622834,0.20753070031459692,0.2558687171818811,0.7991455710549993,0.42857142857142855,-0.7254367666580417,1.1098964051304931,-0.23819499459332893,0.022942208410454627,-0.005978519903284401,0.00682585900028255,0.0,0.0,3329
nr_trend,nr4_ema20,breakout,4h,FTM,1d,6,231,106,125,0.002808507094170887,0.057696703258245385,0.600061379911395,0.7398275786453307,0.4601590912867887,0.4935064935064935,-0.48635664207153073,1.1443815350857227,0.31411443007482687,0.005905208525634746,0.00018250428028953447,0.0038085070941708877,0.0,0.0,3329
nr_trend,nr4_ema20,breakout,4h,FTM,3d,18,125,57,68,-0.006008696847587763,0.09830477973879777,-0.55427568240028,-0.6833774839379568,0.4956432737889119,0.464,-0.8258582059091247,0.8491317546070006,-0.7461903215803785,0.0008336480518058128,-0.01174419183678532,-0.005008696847587762,0.0,0.0,3329
nr_trend,nr4_ema20,breakout,4h,FTM,1w,42,66,31,35,-0.004276609816382126,0.17597755186604683,-0.1601325001824258,-0.19743053600596724,0.8441067315102042,0.4090909090909091,-0.842370724346839,0.9380274836787215,-0.7127712005579163,0.008403986488746568,-0.015507995115210393,-0.0032766098163821244,0.0,0.0,3329
nr_trend,nr4_ema50_relaxed,breakout,4h,FTM,1d,6,262,114,148,0.004396882039061296,0.05661678323755369,1.0195661991227636,1.2570433919226691,0.2098616593080236,0.48854961832061067,-0.41539140516147754,1.245859102106648,1.0958734243508643,0.01194746149894109,-0.0014191048421974618,0.005396882039061298,0.0,0.0,3329
nr_trend,nr4_ema50_relaxed,breakout,4h,FTM,3d,18,130,56,74,0.0003091380662542997,0.09964316621393851,0.028690743507835206,0.03537338680598012,0.9718366837168562,0.47692307692307695,-0.7931376297548702,1.008474983676444,-0.4568416017197773,0.0065482596081126564,-0.004412359316773646,0.0013091380662543007,0.0,0.0,3329
nr_trend,nr4_ema50_relaxed,breakout,4h,FTM,1w,42,68,32,36,0.02468709387762822,0.17108216864344417,0.9651278279025852,1.18992524415724,0.23827524662977906,0.5,-0.6925053842724298,1.4629788133205426,1.1177415508606554,0.04274167471784838,0.008638577575210296,0.025687093877628218,0.0,0.0,3329
nr_trend,nr7_ema50,breakout,4h,FTM,1d,6,127,48,79,0.003981050445021309,0.0560482369919581,0.6492362262085419,0.800456222121181,0.4249532056376253,0.48031496062992124,-0.42329902575612344,1.2370871596920823,0.36918915209359215,0.010173834348933047,0.0002183463008724051,0.00498105044502131,0.0,0.0,3329
nr_trend,nr7_ema50,breakout,4h,FTM,3d,18,86,36,50,0.015603041383121668,0.09239718908406136,1.2701788780842522,1.566028735190845,0.12105741929016049,0.5348837209302325,-0.49231529978042876,1.589812271530177,1.6928967701077693,0.03091694099779872,0.004577033660554202,0.016603041383121676,0.0,0.0,3329
nr_trend,nr7_ema50,breakout,4h,FTM,1w,42,54,26,28,0.034436306768820805,0.15610824379468527,1.3147790331989588,1.6210171511602114,0.11094901968627158,0.5740740740740741,-0.41274262974541576,1.8861671261340476,2.5382409884720025,0.021558422773777904,0.04639434190707492,0.035436306768820806,0.0,0.0,3329
nr_trend,nr7_ema50_adx,breakout,4h,FTM,1d,6,88,36,52,0.0025568022053335426,0.06177137483973005,0.3149316877756105,0.38828552512431525,0.6987532683179379,0.4659090909090909,-0.3376820412686846,1.1299241085272136,0.06703826452261308,0.016454417842243937,-0.007064624004835192,0.0035568022053335435,0.0,0.0,3329
nr_trend,nr7_ema50_adx,breakout,4h,FTM,3d,18,64,28,36,0.00789415513713155,0.09382677205429592,0.5459263143414801,0.6730833824327531,0.5033558990741538,0.46875,-0.5042751351720446,1.2513111962022287,0.26662189548568715,0.028953703153298684,-0.00848549331988733,0.008894155137131552,0.0,0.0,3329
nr_trend,nr7_ema50_adx,breakout,4h,FTM,1w,42,43,20,23,0.016319149932314002,0.1626940862415388,0.5334886117442181,0.65774869217523,0.5142886595191836,0.46511627906976744,-0.5549442486361705,1.3293351494047725,0.21880914368183402,0.03114470833498533,0.003427360016947627,0.017319149932314003,0.0,0.0,3329
nr_trend,nr7_ema20,breakout,4h,FTM,1d,6,174,70,104,0.0030437092998634747,0.05600470012607126,0.5814581726183256,0.7168913153438982,0.47440789900980396,0.4827586206896552,-0.46916096027921805,1.166685130162618,0.30521198174604725,0.007807382794849663,-0.00016260939868492107,0.0040437092998634756,0.0,0.0,3329
nr_trend,nr7_ema20,breakout,4h,FTM,3d,18,104,45,59,0.0049762621079053725,0.09627271532682843,0.4275450234826836,0.5271287406161035,0.5992377177991273,0.5096153846153846,-0.6267376576481823,1.155179643408988,0.04006337618071121,0.015369322950094298,-0.0029506487039336385,0.005976262107905373,0.0,0.0,3329
nr_trend,nr7_ema20,breakout,4h,FTM,1w,42,60,25,35,0.015361372959658314,0.16862488192130076,0.5723334909067624,0.7056413142563895,0.48318813339938477,0.5,-0.5781518199560357,1.2803855513895634,0.1377938394753977,0.009479328192723924,0.019562833507468597,0.016361372959658317,0.0,0.0,3329
nr_trend,nr4_ema50,breakout,4h,NEAR,1d,6,245,101,144,0.003268014080581473,0.05179791478168915,0.6825069400992455,0.9875399746271107,0.3243562517518145,0.49387755102040815,-0.44930499668896984,1.1866259884684365,0.6185047879971934,0.001183833118949098,0.00472983544950418,0.0042680140805814734,0.0,0.0,4585
nr_trend,nr4_ema50,breakout,4h,NEAR,3d,18,144,59,85,0.008063565460730933,0.09365076900326225,0.7140841632352354,1.0332300157129573,0.3032405034875962,0.5208333333333334,-0.6629138538658348,1.26089539996332,0.7001223012058229,0.006197031435075289,0.009359159666774261,0.009063565460730933,0.0,0.0,4585
nr_trend,nr4_ema50,breakout,4h,NEAR,1w,42,84,39,45,0.01122134801161281,0.14142265155656436,0.5025949103731253,0.7272198066812593,0.46913760046370473,0.47619047619047616,-0.7066245169925575,1.2306494183440861,0.1684652384985188,0.001478387048782166,0.0196652475127327,0.012221348011612811,0.0,0.0,4585
nr_trend,nr4_ema50_adx,breakout,4h,NEAR,1d,6,164,78,86,0.002926727286271685,0.05311414965921868,0.4876927899824018,0.7056574770873576,0.4814084402221363,0.4634146341463415,-0.37279251353025555,1.1611021894266897,0.2933177551389001,0.004573357236312981,0.0014332722153039977,0.003926727286271686,0.0,0.0,4585
nr_trend,nr4_ema50_adx,breakout,4h,NEAR,3d,18,107,48,59,0.009476724370971423,0.10274113592005489,0.6594139988595735,0.9541260981285438,0.3421906126949699,0.514018691588785,-0.6234783275182791,1.296667715418659,0.5949673024503015,0.012890867612638789,0.006699116309953904,0.010476724370971425,0.0,0.0,4585
nr_trend,nr4_ema50_adx,breakout,4h,NEAR,1w,42,68,35,33,0.026234766010397745,0.16946772314125033,0.8822609235978214,1.2765700667858262,0.20616111548400862,0.4852941176470588,-0.5143941751797279,1.5774439537512472,1.5987695083286138,0.022512979112578945,0.0301821157505086,0.02723476601039775,0.0,0.0,4585
nr_trend,nr4_ema20,breakout,4h,NEAR,1d,6,301,134,167,0.0009544636173468255,0.05129020389132592,0.22313134748475993,0.3228555085484858,0.747029576402207,0.4950166112956811,-0.5868785428604829,1.050724434876502,-0.09741900039151852,0.0009235746961386939,0.0009792487397533502,0.0019544636173468265,0.0,0.0,4585
nr_trend,nr4_ema20,breakout,4h,NEAR,3d,18,167,78,89,0.004160537326908234,0.0952619328672118,0.390068299104129,0.564401642779072,0.573242640509243,0.5149700598802395,-0.750373577068666,1.1207536963720641,-0.058314228726654926,0.0031724664249852155,0.005026487106121666,0.005160537326908235,0.0,0.0,4585
nr_trend,nr4_ema20,breakout,4h,NEAR,1w,42,89,40,49,0.008298334603627198,0.13903891054017353,0.3891365076664576,0.5630534055104781,0.5748303176628687,0.5056179775280899,-0.5422644117708125,1.166371001901906,-0.0914285987903316,0.001989214454033328,0.013448636766560967,0.009298334603627197,0.0,0.0,4585
nr_trend,nr4_ema50_relaxed,breakout,4h,NEAR,1d,6,340,130,210,0.0003189560992765226,0.05225443612348257,0.07778566908547203,0.11255044185169714,0.9104535934339766,0.47941176470588237,-0.6786724841190549,1.0164970594111382,-0.29043431719902946,-0.004405305318384799,0.0032434988816382932,0.0013189560992765235,0.0,0.0,4585
nr_trend,nr4_ema50_relaxed,breakout,4h,NEAR,3d,18,178,74,104,0.0053975563465826736,0.09449131251989934,0.5267053039847872,0.7621058658501931,0.4470111590508332,0.5056179775280899,-0.6862433161899212,1.1620667827327125,0.18967654364775566,0.0013471875638385214,0.008279549518919859,0.0063975563465826744,0.0,0.0,4585
nr_trend,nr4_ema50_relaxed,breakout,4h,NEAR,1w,42,90,37,53,0.005619007094978399,0.14402383503567134,0.2557990054280462,0.37012333280203685,0.7121699382355141,0.5,-0.7027798281383364,1.1030806445400478,-0.33530472304614833,-0.004411048483433265,0.012621121366699748,0.0066190070949784,0.0,0.0,4585
nr_trend,nr7_ema50,breakout,4h,NEAR,1d,6,168,72,96,0.002761875970946099,0.04672585101358519,0.5294853885134065,0.7661284544035855,0.4446814169595432,0.48214285714285715,-0.3570370301781651,1.1718477807137448,0.3250108492711652,-0.004151114288045276,0.00794661866518963,0.0037618759709461,0.0,0.0,4585
nr_trend,nr7_ema50,breakout,4h,NEAR,3d,18,115,48,67,0.016960164744606543,0.09098393652780964,1.3815501391771097,1.99900676349262,0.04798680857989649,0.5304347826086957,-0.6381686542024241,1.6447056427780646,3.3950562303851113,0.016198642308528546,0.017505733057020634,0.017960164744606547,0.0,0.0,4585
nr_trend,nr7_ema50,breakout,4h,NEAR,1w,42,71,31,40,0.017839263037691455,0.1537521330573189,0.6756741770117305,0.9776534426526573,0.3316124848289666,0.4788732394366197,-0.6493772123568813,1.351397709033183,0.6384768921890189,0.010119582916903678,0.023822015131301985,0.018839263037691456,0.0,0.0,4585
nr_trend,nr7_ema50_adx,breakout,4h,NEAR,1d,6,110,53,57,0.002027303381495777,0.04559917646219197,0.3222630221510129,0.4662921327539759,0.6419369548868583,0.44545454545454544,-0.3066070819774648,1.1212062080513365,0.11654001215222443,-0.000800355322215841,0.004656529895473246,0.003027303381495778,0.0,0.0,4585
nr_trend,nr7_ema50_adx,breakout,4h,NEAR,3d,18,81,36,45,0.00972976726166295,0.08392325993326157,0.7211323915616881,1.0434283108711855,0.29989280432799803,0.5308641975308642,-0.5137253466208471,1.3721095524584404,0.6579576356641055,0.006976713201947923,0.011932210509434972,0.010729767261662951,0.0,0.0,4585
nr_trend,nr7_ema50_adx,breakout,4h,NEAR,1w,42,53,26,27,0.031225097351439017,0.14408748301950255,1.0903548715723939,1.5776675062828989,0.12070675251137121,0.5471698113207547,-0.4555474233956467,1.7833638691956006,2.114453840499578,0.01222229932298121,0.0495240880455095,0.03222509735143902,0.0,0.0,4585
nr_trend,nr7_ema20,breakout,4h,NEAR,1d,6,214,93,121,0.005202787787528716,0.04747935624310308,1.1078744950827635,1.6030171804626085,0.11041270186877787,0.5186915887850467,-0.37322331672844433,1.3317284344702354,1.3925672959453137,0.0011079499180336962,0.008350059869041419,0.006202787787528717,0.0,0.0,4585
nr_trend,nr7_ema20,breakout,4h,NEAR,3d,18,140,59,81,0.011662781475917417,0.090545576795734,1.0532981078266033,1.5240489518342664,0.12976844449773448,0.5214285714285715,-0.5529985872151943,1.4120730862470896,1.8999327178640462,0.0155564654641086,0.008826641286988034,0.012662781475917418,0.0,0.0,4585
nr_trend,nr7_ema20,breakout,4h,NEAR,1w,42,78,33,45,0.004062804004544813,0.1565107759086935,0.15844601324813942,0.22926033818803573,0.8192744437879533,0.48717948717948717,-0.7738486691225457,1.0713021143436259,-0.4402785714521221,0.0008039821914726772,0.006452606667464379,0.005062804004544814,0.0,0.0,4585
nr_trend,nr4_ema50,breakout,4h,OP,1d,6,232,81,151,-0.00297827464660641,0.052720067040193865,-0.6262815306500874,-0.860464154501501,0.39042541728858837,0.46120689655172414,-0.7661490797280512,0.8541125268119909,-0.6364396577012622,-0.007285047374586077,-0.0006680190772928136,-0.001978274646606409,0.0,0.0,4134
nr_trend,nr4_ema50,breakout,4h,OP,3d,18,141,51,90,0.009639496907602702,0.09712250019916371,0.8577898284772228,1.1785393044155204,0.2405808953719923,0.48226950354609927,-0.6343530013856695,1.3197979150025048,1.089707095459548,-0.004428927346128468,0.01761160398471703,0.010639496907602703,0.0,0.0,4134
nr_trend,nr4_ema50,breakout,4h,OP,1w,42,79,28,51,0.01683557024603359,0.14452731331788293,0.7535780997482286,1.0353601546857574,0.3037000631185919,0.4810126582278481,-0.6237329386904717,1.368800172796705,0.7387740091309201,-0.01548298358121141,0.03457908999432496,0.017835570246033588,0.0,0.0,4134
nr_trend,nr4_ema50_adx,breakout,4h,OP,1d,6,156,61,95,-0.004578421922010019,0.054853812311259326,-0.7587664446757502,-1.0424885539963482,0.2988084773569339,0.44871794871794873,-0.7520475023734279,0.7950779208606715,-0.6125963811909791,-0.006478583878188063,-0.0033583179290956958,-0.003578421922010018,0.0,0.0,4134
nr_trend,nr4_ema50_adx,breakout,4h,OP,3d,18,106,39,67,0.007487299502918117,0.08114543953038947,0.6914341774288927,0.9499790361967466,0.34430439505227217,0.5094339622641509,-0.4316756227963696,1.2831860030534117,0.5936152725807442,0.005338455464136913,0.008738119167283296,0.008487299502918117,0.0,0.0,4134
nr_trend,nr4_ema50_adx,breakout,4h,OP,1w,42,64,25,39,0.016641737052855723,0.13181270662805605,0.7351368381647249,1.0100232354572447,0.31634773143883005,0.453125,-0.49759167438471064,1.4226004878010199,0.7560217965914029,-0.01892019540168525,0.0394378476006384,0.017641737052855724,0.0,0.0,4134
nr_trend,nr4_ema20,breakout,4h,OP,1d,6,271,113,158,0.001120982425641869,0.05359820409892538,0.25059363306655597,0.34429697835133405,0.7308909588874468,0.4944649446494465,-0.5401286017456463,1.058707077349445,-0.07797314491429508,-0.004470583064924443,0.00512001344104689,0.00212098242564187,0.0,0.0,4134
nr_trend,nr4_ema20,breakout,4h,OP,3d,18,150,66,84,0.015368296273338264,0.09128308321580687,1.5007829065649723,2.061963879802231,0.040948301432402516,0.56,-0.38338989484287955,1.600353692335427,4.549808593874326,-0.0012916451265742035,0.028458250230412343,0.016368296273338263,0.0,0.0,4134
nr_trend,nr4_ema20,breakout,4h,OP,1w,42,82,29,53,0.022363930864528016,0.1532196686053079,0.9620050897643665,1.3217233076169446,0.18998117256204403,0.524390243902439,-0.539028553593274,1.5056415041499158,1.608039468221067,-0.0227802684749584,0.047065473899341334,0.023363930864528017,0.0,0.0,4134
nr_trend,nr4_ema50_relaxed,breakout,4h,OP,1d,6,311,114,197,-0.00035889802769899345,0.05368264208246127,-0.08581322134332042,-0.11790097158315438,0.9062224779952358,0.5048231511254019,-0.6529295093991967,0.9818377774694379,-0.4268383548216912,-0.003048235835402682,0.0011973685209214152,0.0006411019723010074,0.0,0.0,4134
nr_trend,nr4_ema50_relaxed,breakout,4h,OP,3d,18,165,63,102,0.00744193948203852,0.09400919546273641,0.7401071356337868,1.0168520538081518,0.3107215821591184,0.4666666666666667,-0.6377646666436931,1.241407678143208,0.7308300573954507,-0.009169907005857895,0.017702197606915722,0.008441939482038523,0.0,0.0,4134
nr_trend,nr4_ema50_relaxed,breakout,4h,OP,1w,42,83,28,55,0.02256800460083385,0.15264007062929905,0.9803936074774692,1.3469877606978407,0.18169500217491957,0.4939759036144578,-0.6507650999634746,1.466815479924687,1.6299775673120456,-0.03010837803724619,0.0493850721256746,0.023568004600833848,0.0,0.0,4134
nr_trend,nr7_ema50,breakout,4h,OP,1d,6,153,50,103,-0.00030482782919200144,0.051954111241843744,-0.05282229059043754,-0.07257389111340082,0.9422406136178437,0.477124183006536,-0.5122900421760084,0.9835486639570038,-0.22088233078092112,-0.000713337962340892,-0.00010652193931389925,0.0006951721708079994,0.0,0.0,4134
nr_trend,nr7_ema50,breakout,4h,OP,3d,18,111,36,75,0.008258876571727533,0.10258726025327408,0.6173420430091092,0.8481819646264676,0.3981785300219851,0.4864864864864865,-0.6942917918199545,1.2455342167834007,0.44348584859228724,-0.0080576819723424,0.0160908246728811,0.009258876571727534,0.0,0.0,4134
nr_trend,nr7_ema50,breakout,4h,OP,1w,42,68,23,45,-0.010386278896566672,0.1353583065601512,-0.460538927804374,-0.6327461688306187,0.529053100043465,0.4264705882352941,-0.8254330055125263,0.8188159893472482,-0.737355112358931,-0.07491486166795217,0.022594996742141472,-0.009386278896566671,0.0,0.0,4134
nr_trend,nr7_ema50_adx,breakout,4h,OP,1d,6,100,40,60,-0.007981261676460655,0.05313883908696193,-1.0931916580523067,-1.5019638768169712,0.13628943710466765,0.42,-0.6259260213495311,0.6584266336400226,-0.610353920144246,-0.0035087842291555344,-0.010962913307997401,-0.006981261676460654,0.0,0.0,4134
nr_trend,nr7_ema50_adx,breakout,4h,OP,3d,18,77,28,49,0.002813532888497024,0.09410706377891022,0.19094661188513185,0.26234641596426794,0.7937641854097258,0.4675324675324675,-0.5503934872908687,1.086035277809324,-0.0937981058839773,-0.007704264587340042,0.008823702874689632,0.0038135328884970248,0.0,0.0,4134
nr_trend,nr7_ema50_adx,breakout,4h,OP,1w,42,52,20,32,-0.002143447771722168,0.14045595701899852,-0.08009607518806981,-0.110046038790337,0.9128047617561842,0.4807692307692308,-0.6832291966045445,0.9599537608529594,-0.464426559964046,-0.06809684859980322,0.039077427745828494,-0.0011434477717221674,0.0,0.0,4134
nr_trend,nr7_ema20,breakout,4h,OP,1d,6,185,68,117,-0.00011533191235682033,0.05084316463545939,-0.022456372528545213,-0.030853382473035724,0.975419908215062,0.4648648648648649,-0.5397784949037527,0.9938099947081228,-0.22653893430017602,-0.003308912697349964,0.001740766321656289,0.0008846680876431806,0.0,0.0,4134
nr_trend,nr7_ema20,breakout,4h,OP,3d,18,124,46,78,0.006364603450525911,0.10050698921339128,0.5132426637486347,0.7051571746945072,0.4820456503969816,0.4838709677419355,-0.5440496881318886,1.1916684517281269,0.22377210014949678,-0.017418705704544773,0.02039065756761888,0.007364603450525912,0.0,0.0,4134
nr_trend,nr7_ema20,breakout,4h,OP,1w,42,72,27,45,-0.02395710342089058,0.13331123383149615,-1.1098662094244245,-1.524873467864959,0.1317329701237862,0.4166666666666667,-0.918383661313851,0.6317864767345089,-0.9101474263531699,-0.06155695535153524,-0.0013971922625037807,-0.022957103420890575,0.0,0.0,4134
nr_trend,nr4_ema50,breakout,4h,ARB,1d,6,196,77,119,0.009449338148158935,0.05762518662423746,1.8839261325277419,2.2957102930853313,0.022755996856410065,0.49489795918367346,-0.2927651963387772,1.6065206013578397,3.65631443448744,0.017433366812587645,0.004283201953528593,0.010449338148158935,0.0,0.0,3252
nr_trend,nr4_ema50,breakout,4h,ARB,3d,18,112,41,71,0.011346708593276094,0.09703221312898382,1.0155697695669694,1.237550630614684,0.21849419103312415,0.5089285714285714,-0.6611215990951849,1.359011231626,1.1376761428956703,0.00619634894881921,0.014320859937258238,0.012346708593276095,0.0,0.0,3252
nr_trend,nr4_ema50,breakout,4h,ARB,1w,42,63,23,40,-0.0031538857990769404,0.13566342230361939,-0.15142593319282857,-0.18452425892325114,0.8542044444530664,0.4603174603174603,-0.8195925540949872,0.9435678968163574,-0.5352383707071745,-0.02255105288916327,0.007999485277722696,-0.002153885799076943,0.0,0.0,3252
nr_trend,nr4_ema50_adx,breakout,4h,ARB,1d,6,148,62,86,0.007709919123275395,0.055579262285641536,1.384888123912528,1.687593725647737,0.09360991005882385,0.5,-0.33962591241194373,1.4999574764201036,1.5136749170462371,0.015965139206342113,0.0017584813889714782,0.008709919123275395,0.0,0.0,3252
nr_trend,nr4_ema50_adx,breakout,4h,ARB,3d,18,89,37,52,0.0015921422636728999,0.09229987943322474,0.1335434308554838,0.16273304111850515,0.8711017403550568,0.47191011235955055,-0.5829927865432362,1.0462682998817197,-0.20052537522294944,0.0001425185843081198,0.0026236052662978395,0.0025921422636729008,0.0,0.0,3252
nr_trend,nr4_ema50_adx,breakout,4h,ARB,1w,42,49,19,30,0.0009838193719401197,0.13294812141735565,0.04250871665356781,0.051800172354160186,0.9589028929212093,0.42857142857142855,-0.6785104892035398,1.0198301273939898,-0.3040321739934321,-0.008574341028571119,0.007037320958930574,0.0019838193719401206,0.0,0.0,3252
nr_trend,nr4_ema20,breakout,4h,ARB,1d,6,221,104,117,0.006789301141304342,0.05757725283580726,1.4385238228216466,1.7529529899715863,0.08100295090894231,0.49321266968325794,-0.4968701878483879,1.3974476992004787,2.147042552050904,0.012347165129497295,0.001848977596243939,0.007789301141304343,0.0,0.0,3252
nr_trend,nr4_ema20,breakout,4h,ARB,3d,18,119,55,64,0.00380747083189447,0.08636353983483379,0.39466300646612057,0.48092752183898796,0.6314585448714961,0.5126050420168067,-0.7748301972107909,1.1160911757816367,0.012572172618475763,-0.00026289865882192964,0.0073054446129788755,0.00480747083189447,0.0,0.0,3252
nr_trend,nr4_ema20,breakout,4h,ARB,1w,42,62,30,32,0.018120278567678488,0.13758977973741465,0.8509838698010489,1.0369899304547634,0.3038338885693616,0.5161290322580645,-0.7157635113056819,1.4155559808171867,0.7488545907588398,-0.004002769278320791,0.038860635923302814,0.019120278567678492,0.0,0.0,3252
nr_trend,nr4_ema50_relaxed,breakout,4h,ARB,1d,6,247,95,152,0.010190474088141608,0.05599278336472524,2.3472405436050776,2.8602948827252037,0.004596087214533438,0.5182186234817814,-0.28130100874200215,1.666638017994528,7.493359171481515,0.01827099535656469,0.005140148295377182,0.01119047408814161,0.0,0.0,3252
nr_trend,nr4_ema50_relaxed,breakout,4h,ARB,3d,18,128,51,77,0.0016136891127949337,0.09195428839188709,0.1629294737763242,0.19854221645804151,0.8429383379595172,0.5,-0.8439793903823216,1.0460328648331427,-0.2811023154847617,-0.002520121832686394,0.004351667790970878,0.0026136891127949346,0.0,0.0,3252
nr_trend,nr4_ema50_relaxed,breakout,4h,ARB,1w,42,66,28,38,0.005041446288948453,0.12746518670243448,0.2636831115774862,0.32131834837334783,0.7490000943973694,0.4696969696969697,-0.6931309033288882,1.1081620853267422,-0.170974479993802,-0.01465074336180667,0.01955148076845223,0.0060414462889484535,0.0,0.0,3252
nr_trend,nr7_ema50,breakout,4h,ARB,1d,6,122,45,77,0.008943549165456468,0.05411966906640377,1.497895343858048,1.8253017989859401,0.07042186200762204,0.5081967213114754,-0.26891007178066373,1.5938048289583948,1.5046222507422993,0.017373213002301727,0.004017122247819626,0.009943549165456467,0.0,0.0,3252
nr_trend,nr7_ema50,breakout,4h,ARB,3d,18,84,28,56,0.0007588650758121622,0.10220499175793488,0.055844305055511724,0.06805062242760074,0.9459090066069165,0.4880952380952381,-0.7107698360497625,1.019058173408549,-0.30793726926291454,-0.007403351195336166,0.004839973211386327,0.001758865075812163,0.0,0.0,3252
nr_trend,nr7_ema50,breakout,4h,ARB,1w,42,54,14,40,0.004148478741778602,0.13517556911095913,0.18506927819170144,0.22552128745541736,0.8224411379951461,0.42592592592592593,-0.6927937595216511,1.0805932954376707,-0.21537540004351785,-0.0008116104366158251,0.0058845099542166514,0.005148478741778603,0.0,0.0,3252
nr_trend,nr7_ema50_adx,breakout,4h,ARB,1d,6,94,39,55,0.00802237087833025,0.056140871296419474,1.1369315097410915,1.3854393356408488,0.16923202048647515,0.5212765957446809,-0.27062672478646854,1.5155760522048531,0.8448073990282206,0.019155445488678067,0.0001280088819017967,0.00902237087833025,0.0,0.0,3252
nr_trend,nr7_ema50_adx,breakout,4h,ARB,3d,18,67,25,42,0.0028135018776232618,0.10185137066451712,0.18555152230207134,0.22610893935367435,0.8218154664572092,0.4925373134328358,-0.5857795309798113,1.072396853240264,-0.13924670516072646,0.007315713041206333,0.00013361428025238626,0.0038135018776232626,0.0,0.0,3252
nr_trend,nr7_ema50_adx,breakout,4h,ARB,1w,42,42,14,28,0.008629630966641967,0.13547410867571755,0.3387718813543266,0.41281984553688844,0.6818895637368074,0.40476190476190477,-0.6406313159399868,1.1829853337164606,0.003979585869576807,-0.011985822832790791,0.018937357866358345,0.009629630966641968,0.0,0.0,3252
nr_trend,nr7_ema20,breakout,4h,ARB,1d,6,143,60,83,0.007582775405959088,0.05526463191865074,1.3464670147497744,1.640774620453659,0.10305740686669528,0.5104895104895105,-0.337350511738841,1.4732120136555393,1.3896432904399716,0.016461270683985958,0.0011645860483493007,0.00858277540595909,0.0,0.0,3252
nr_trend,nr7_ema20,breakout,4h,ARB,3d,18,92,38,54,-0.0016527634321783623,0.09670687993216094,-0.13452222013189477,-0.16392577186193577,0.8701531171858479,0.4891304347826087,-0.7406427427910873,0.957130496173079,-0.43903266402249386,-0.014787110951776154,0.007589925563094157,-0.0006527634321783613,0.0,0.0,3252
nr_trend,nr7_ema20,breakout,4h,ARB,1w,42,56,20,36,0.010175536232797235,0.14968917893677527,0.41745311039469,0.508699033293687,0.6129978192499862,0.44642857142857145,-0.5792780046717765,1.1921902346776938,-0.008638606567780593,0.000660612781238451,0.01546160481699656,0.011175536232797236,0.0,0.0,3252
nr_trend,nr4_ema50,breakout,4h,SUI,1d,6,186,74,112,-0.0024510978260855786,0.05700261698006088,-0.4909297704808463,-0.5864382949459184,0.5582958831598185,0.4946236559139785,-0.7244240680670885,0.8861884109894098,-0.5350515103510967,-0.0047388245655199755,-0.0009395640875307097,-0.001451097826085578,0.0,0.0,3125
nr_trend,nr4_ema50,breakout,4h,SUI,3d,18,109,39,70,-0.004312119733275335,0.09388827063763173,-0.4014114599963957,-0.4795045367517029,0.6325493224344565,0.46788990825688076,-0.8065456779157177,0.8905718927952824,-0.6152784933836103,-0.018190162819818948,0.00341993284351325,-0.003312119733275334,0.0,0.0,3125
nr_trend,nr4_ema50,breakout,4h,SUI,1w,42,57,18,39,-0.009668050008013646,0.1312200938145256,-0.4656643798440752,-0.5562576184070759,0.5802507751947421,0.40350877192982454,-0.8068033556973662,0.8363134911900013,-0.6474771459550005,-0.06352853733663401,0.0151906364513496,-0.008668050008013642,0.0,0.0,3125
nr_trend,nr4_ema50_adx,breakout,4h,SUI,1d,6,125,52,73,-0.007555900364629059,0.0597656071928062,-1.1832784072272722,-1.4134807324905487,0.16001991756653622,0.448,-0.7320193594750094,0.6947839839703216,-0.6929332866444577,-0.009651019463170495,-0.006063486760188583,-0.006555900364629058,0.0,0.0,3125
nr_trend,nr4_ema50_adx,breakout,4h,SUI,3d,18,82,33,49,-0.006590702048709099,0.09289828914699236,-0.5378088387026793,-0.6424375080507542,0.5224034040460126,0.4268292682926829,-0.7935161073826106,0.8360203118563104,-0.5928475171348666,-0.02546127700305248,0.006118052512379299,-0.005590702048709098,0.0,0.0,3125
nr_trend,nr4_ema50_adx,breakout,4h,SUI,1w,42,48,16,32,0.01573883522405121,0.1172361121092053,0.7786259008216625,0.9301046160458923,0.3570697598064956,0.5,-0.43306959783400023,1.3874138633060153,0.5525678190589334,-0.028600479831603076,0.03790849275187835,0.016738835224051212,0.0,0.0,3125
nr_trend,nr4_ema20,breakout,4h,SUI,1d,6,219,88,131,-0.0015586417071069103,0.05436140101112614,-0.35520147149683406,-0.4243045702908978,0.6717621257402534,0.5205479452054794,-0.6939471613039725,0.9235321682153582,-0.48977376445700527,-0.005109617176084206,0.0008267463941908151,-0.0005586417071069093,0.0,0.0,3125
nr_trend,nr4_ema20,breakout,4h,SUI,3d,18,116,43,73,0.0013193489946463394,0.09384558037218912,0.12675698690520787,0.15141707784468617,0.8799120192228178,0.4827586206896552,-0.6301728094507637,1.0359118943834704,-0.29816750037285045,-0.01349358437969985,0.010044775502822862,0.0023193489946463403,0.0,0.0,3125
nr_trend,nr4_ema20,breakout,4h,SUI,1w,42,63,26,37,-0.019421111030502924,0.1188344418408874,-1.085923075335945,-1.2971852901051264,0.19937381599421708,0.42857142857142855,-0.8942228132993736,0.6843994189876128,-0.8154111834896236,-0.054086248844062816,0.004938175000647272,-0.018421111030502927,0.0,0.0,3125
nr_trend,nr4_ema50_relaxed,breakout,4h,SUI,1d,6,244,96,148,-0.0031465194688345094,0.05398327770535828,-0.76218980065013,-0.9104709349376696,0.3634764385614645,0.47950819672131145,-0.778732839692008,0.8510625092621936,-0.6766919151851258,-0.005290182679135058,-0.0017560352243152341,-0.0021465194688345085,0.0,0.0,3125
nr_trend,nr4_ema50_relaxed,breakout,4h,SUI,3d,18,125,49,76,-0.0042533863392361,0.08918838431073457,-0.4463531339802339,-0.5331894429192047,0.5948567987147826,0.472,-0.8327146126607196,0.8882840362014537,-0.6448739020226077,-0.01636424576228479,0.0035549309203610825,-0.0032533863392360985,0.0,0.0,3125
nr_trend,nr4_ema50_relaxed,breakout,4h,SUI,1w,42,63,24,39,0.01566064596208985,0.14576797950402326,0.7138629772038815,0.8527423113216852,0.3970845028014665,0.49206349206349204,-0.6207971576030399,1.3128156175590968,0.4410353671638192,-0.0033740125744915472,0.02737428198460148,0.01666064596208985,0.0,0.0,3125
nr_trend,nr7_ema50,breakout,4h,SUI,1d,6,127,47,80,0.002635531834999503,0.05261071673018329,0.4725991706876596,0.564541546501587,0.573389270623121,0.5275590551181102,-0.3704998558898325,1.1475892759669457,0.1707356834765552,-0.0005977117792697169,0.00453506245838267,0.003635531834999504,0.0,0.0,3125
nr_trend,nr7_ema50,breakout,4h,SUI,3d,18,83,29,54,3.52029978856328e-05,0.0895029523448245,0.0029997038543283882,0.003583284859567653,0.997149661627029,0.4578313253012048,-0.5125029803113254,1.001003913291748,-0.2772926416434436,-0.016638150448238413,0.00898941133006336,0.0010352029978856338,0.0,0.0,3125
nr_trend,nr7_ema50,breakout,4h,SUI,1w,42,52,18,34,0.0078709918053916,0.15136721414900017,0.31390364641964774,0.3749724100116002,0.7092358595520122,0.46153846153846156,-0.63531524250716,1.1459844725475585,-0.13263463644522655,-0.017120126425395534,0.021101583809925967,0.0088709918053916,0.0,0.0,3125
nr_trend,nr7_ema50_adx,breakout,4h,SUI,1d,6,86,36,50,0.00025565378377471863,0.05338511943608412,0.037177337014225396,0.04441004689509401,0.9646817179608763,0.5232558139534884,-0.33474948452379194,1.013331452316634,-0.09883940654645129,0.0007618497875920622,-0.00010880733897376871,0.0012556537837747196,0.0,0.0,3125
nr_trend,nr7_ema50_adx,breakout,4h,SUI,3d,18,62,26,36,-0.0004281417215658986,0.08646162029918797,-0.032640520258331356,-0.03899060965012379,0.9690252051031993,0.45161290322580644,-0.546348616647652,0.987440058575975,-0.22600777939162453,-0.01603514853629741,0.010843585422406857,0.0005718582784341023,0.0,0.0,3125
nr_trend,nr7_ema50_adx,breakout,4h,SUI,1w,42,42,18,24,0.01800246214607933,0.12540822405942503,0.7788029366434428,0.9303160935152,0.3576530458666689,0.47619047619047616,-0.37280633233779215,1.4361678694381579,0.5688163076758328,-0.0007663574465874783,0.03207907684057944,0.01900246214607933,0.0,0.0,3125
nr_trend,nr7_ema20,breakout,4h,SUI,1d,6,155,58,97,0.0036800094197617103,0.05072097691056803,0.7561783105303275,0.9032899322201356,0.3677827978031951,0.535483870967742,-0.4195555491642806,1.2179483356891196,0.4475615574067755,0.0026740416928608267,0.004281515895640589,0.004680009419761711,0.0,0.0,3125
nr_trend,nr7_ema20,breakout,4h,SUI,3d,18,96,38,58,0.01086082300760447,0.0910098613282167,0.978829268124771,1.1692567889700785,0.24522560921314449,0.5416666666666666,-0.41009226906280893,1.3664142286403818,0.9075705808052563,-0.0052219946488534525,0.02139784147218035,0.01186082300760447,0.0,0.0,3125
nr_trend,nr7_ema20,breakout,4h,SUI,1w,42,58,24,34,-0.0020407909420609017,0.13692620503646377,-0.09502174238735615,-0.11350786189611521,0.9100267814264404,0.4827586206896552,-0.7940348023347866,0.9625598985897659,-0.4703551310475149,-0.028801369867514737,0.01684902947590651,-0.0010407909420609045,0.0,0.0,3125
nr_trend,nr4_ema50,breakout,4h,DOGE,1d,6,255,117,138,0.002540450999667708,0.05131245412559366,0.5463997778150265,0.7906023968653658,0.4299135891665561,0.49411764705882355,-0.5643711862995774,1.1441699618930938,0.37385249364361606,0.00017178035663043014,0.004548671762242791,0.0035404509996677094,0.0,0.0,4585
nr_trend,nr4_ema50,breakout,4h,DOGE,3d,18,156,76,80,0.012340211046022053,0.08261154014894019,1.2894263913248831,1.8657101209657132,0.06397178813153508,0.5192307692307693,-0.4278120819795722,1.4764858666609255,3.079599169834257,0.0045881049701944725,0.019704711818058256,0.013340211046022054,0.0,0.0,4585
nr_trend,nr4_ema50,breakout,4h,DOGE,1w,42,85,37,48,0.025767799658811565,0.12415620083290123,1.3224241472030664,1.913455573924703,0.059096088467755034,0.5176470588235295,-0.3977578396618906,1.7628919523228597,3.8920584335778985,0.020736933144114657,0.02964575926389043,0.026767799658811566,0.0,0.0,4585
nr_trend,nr4_ema50_adx,breakout,4h,DOGE,1d,6,176,84,92,0.002590426606664588,0.052060525700656154,0.45621699986368724,0.6601142025080784,0.5100484369104008,0.4772727272727273,-0.5838501306159336,1.1423461462434286,0.24812383198381083,0.00029922647703519735,0.004682391942413162,0.00359042660666459,0.0,0.0,4585
nr_trend,nr4_ema50_adx,breakout,4h,DOGE,3d,18,111,53,58,0.00868941540653083,0.07731489672637133,0.8183540881677531,1.1841013299405552,0.2389253108494269,0.5045045045045045,-0.45598202502593965,1.3319041764751813,0.9013199153117046,0.014102456737569971,0.00374301556954679,0.009689415406530831,0.0,0.0,4585
nr_trend,nr4_ema50_adx,breakout,4h,DOGE,1w,42,68,30,38,0.028140247230660553,0.12911288565043116,1.2421246052557542,1.7972677332476747,0.07679968075469723,0.5294117647058824,-0.6031207702737106,1.8063687002580486,2.956523351187494,0.01763603646049019,0.03643304520711085,0.029140247230660554,0.0,0.0,4585
nr_trend,nr4_ema20,breakout,4h,DOGE,1d,6,302,140,162,0.0019925583501555276,0.051689547329422506,0.4629820762438454,0.6699027965344487,0.5034333393987295,0.47019867549668876,-0.5815286316506239,1.1094440000019326,0.22928720989347484,-0.0023435909498736134,0.00573984786869923,0.0029925583501555293,0.0,0.0,4585
nr_trend,nr4_ema20,breakout,4h,DOGE,3d,18,170,88,82,0.007122896306110411,0.0850965096019652,0.7542611224927388,1.0913632756032965,0.27666654333727797,0.45294117647058824,-0.5338621075136638,1.2507849280770635,0.8658214191001095,0.0008360206997178485,0.013869787200775604,0.008122896306110414,0.0,0.0,4585
nr_trend,nr4_ema20,breakout,4h,DOGE,1w,42,87,39,48,0.01660297455786811,0.1448559328215615,0.7388591040213764,1.069077628327382,0.2880262478085693,0.5057471264367817,-0.507891932422466,1.4649364184246179,1.037171501451935,0.01202860639632903,0.020319648689118605,0.017602974557868106,0.0,0.0,4585
nr_trend,nr4_ema50_relaxed,breakout,4h,DOGE,1d,6,360,160,200,0.003709523692247052,0.0559190008880073,0.8698860850478833,1.2586645378752437,0.20896940995855143,0.4777777777777778,-0.461760856147024,1.2164912247137016,1.2221797158181689,0.0014290744415854499,0.005533883092776335,0.004709523692247054,0.0,0.0,4585
nr_trend,nr4_ema50_relaxed,breakout,4h,DOGE,3d,18,181,91,90,0.008340570063377555,0.0908742396718054,0.8533881726473347,1.2347932084627264,0.2185169278032874,0.5138121546961326,-0.5589525314815431,1.2896473311982273,1.2612389214340438,0.008298753081789189,0.008382851678094681,0.009340570063377556,0.0,0.0,4585
nr_trend,nr4_ema50_relaxed,breakout,4h,DOGE,1w,42,94,43,51,0.01599563037846969,0.14983238189850456,0.715339143995814,1.0350458854069404,0.3033314244784987,0.4574468085106383,-0.5761088648360345,1.4283256447685504,0.9353592856958794,0.020042261476327226,0.012583764943021174,0.016995630378469687,0.0,0.0,4585
nr_trend,nr7_ema50,breakout,4h,DOGE,1d,6,177,81,96,0.0050531691254131214,0.04895760776765437,0.9490359542205026,1.3731888821743674,0.17144051618019313,0.5310734463276836,-0.5279595021683958,1.3286823532738505,0.9862676397669881,0.004640916246435374,0.005401007492050595,0.006053169125413122,0.0,0.0,4585
nr_trend,nr7_ema50,breakout,4h,DOGE,3d,18,122,58,64,0.008724022918130863,0.08102391718511948,0.8219319541478308,1.1892782526523904,0.23665875142298887,0.5491803278688525,-0.4941453982341686,1.3281936657750486,0.9516295482966846,-0.0023882725845504747,0.018794540717435824,0.009724022918130864,0.0,0.0,4585
nr_trend,nr7_ema50,breakout,4h,DOGE,1w,42,76,37,39,0.010359696115034064,0.11375319025045606,0.5487096705936059,0.7939446507267229,0.4297325652239394,0.5,-0.5077703620373957,1.2708069430845466,0.3788628866091093,-0.020267861017504253,0.039416609292057606,0.011359696115034065,0.0,0.0,4585
nr_trend,nr7_ema50_adx,breakout,4h,DOGE,1d,6,120,54,66,0.004813165971260343,0.047936360180503804,0.7601666164822852,1.0999081138195193,0.2735922650130265,0.5083333333333333,-0.5466536000081562,1.314061922192676,0.5569617228305888,0.005750114586889126,0.004046571649382249,0.005813165971260344,0.0,0.0,4585
nr_trend,nr7_ema50_adx,breakout,4h,DOGE,3d,18,85,37,48,0.007840700070160274,0.06869926697995014,0.7272179469076583,1.052233685320678,0.29570990593565455,0.5529411764705883,-0.5256916303159822,1.3471983728458712,0.5980497622640137,0.007963132210202757,0.007746325295544194,0.008840700070160275,0.0,0.0,4585
nr_trend,nr7_ema50_adx,breakout,4h,DOGE,1w,42,60,28,32,0.015286319766385411,0.12327686439581742,0.6638185332245302,0.9604991523781917,0.3407239548162498,0.5,-0.5336996354795984,1.396527147782512,0.6360483970819866,-0.0019344604157880657,0.030354502425787203,0.01628631976638541,0.0,0.0,4585
nr_trend,nr7_ema20,breakout,4h,DOGE,1d,6,215,97,118,0.0045824946195690665,0.05040950234548249,0.9212153610070616,1.332934422766061,0.1839706661996789,0.5302325581395348,-0.5317928610940442,1.2849692564728126,1.0514876514503029,0.00026698726567325574,0.0081299879528563,0.005582494619569067,0.0,0.0,4585
nr_trend,nr7_ema20,breakout,4h,DOGE,3d,18,139,68,71,0.005661000729307506,0.0791004083650143,0.5831419338972255,0.8437657359515354,0.40026055887560313,0.49640287769784175,-0.6275317801074252,1.2093905724970389,0.43064465512918604,-0.0019018420549037596,0.012904286776157733,0.006661000729307508,0.0,0.0,4585
nr_trend,nr7_ema20,breakout,4h,DOGE,1w,42,77,35,42,0.01353018176245923,0.10473890241364962,0.7834176691731994,1.1335507665683688,0.260546178124613,0.5194805194805194,-0.6089795165420555,1.3895662274681606,0.887114924951919,-0.007939654511747503,0.031421711990964836,0.014530181762459229,0.0,0.0,4585
nr_trend,nr4_ema50,breakout,4h,XRP,1d,6,250,121,129,-0.0005597883276998825,0.04585734463387991,-0.13339431679455144,-0.19301227941145405,0.8471066902285871,0.436,-0.47577243105038713,0.9615945644500377,-0.32411949995937706,0.0015926900207135723,-0.0025787796467543634,0.0004402116723001184,0.0,0.0,4585
nr_trend,nr4_ema50,breakout,4h,XRP,3d,18,153,74,79,0.006576765872318614,0.08784875258014403,0.6399925011783785,0.9260245445758154,0.3559011608778735,0.49673202614379086,-0.5588621101893398,1.2491301259265497,0.5562971701619905,0.010846607921177483,0.00257716699110904,0.007576765872318616,0.0,0.0,4585
nr_trend,nr4_ema50,breakout,4h,XRP,1w,42,85,43,42,0.01873395659087802,0.11859201402063002,1.00655130258484,1.4564095826937322,0.14900722522582313,0.5058823529411764,-0.5476538015718637,1.633802840199226,1.8961886276611546,0.03106410165476774,0.0061102366445147365,0.01973395659087802,0.0,0.0,4585
nr_trend,nr4_ema50_adx,breakout,4h,XRP,1d,6,166,84,82,0.0006012169885345488,0.051600283919822035,0.10374939768333855,0.15011814757646805,0.8808547510439168,0.42771084337349397,-0.48024458412519444,1.0387666862361151,-0.10292155963756744,0.007441866432612137,-0.006406277563935176,0.0016012169885345497,0.0,0.0,4585
nr_trend,nr4_ema50_adx,breakout,4h,XRP,3d,18,114,58,56,0.0072268499452374305,0.09034273295088668,0.590283476196652,0.854099049925088,0.39485713981547665,0.47368421052631576,-0.493880026598571,1.2700889424323463,0.4703614637908218,0.01811324209422475,-0.004048341923356583,0.008226849945237431,0.0,0.0,4585
nr_trend,nr4_ema50_adx,breakout,4h,XRP,1w,42,69,32,37,0.009028922385562748,0.12657556486738034,0.4095085544024062,0.592530337296396,0.555460839542917,0.4782608695652174,-0.5499941137486043,1.2535339392253948,0.1524957978069046,0.0482762173384889,-0.024914684060211224,0.01002892238556275,0.0,0.0,4585
nr_trend,nr4_ema20,breakout,4h,XRP,1d,6,301,148,153,0.001362907497389293,0.044923045326776115,0.3637749808066291,0.5263570437298669,0.5990290725065563,0.46511627906976744,-0.44179507412604024,1.0990621929151196,0.12885861630489526,0.0019079453176480373,0.0008356813706030568,0.002362907497389294,0.0,0.0,4585
nr_trend,nr4_ema20,breakout,4h,XRP,3d,18,172,93,79,0.001938185774647106,0.08745734148533454,0.20087030593037236,0.29064533291481937,0.7716747796606078,0.47093023255813954,-0.7012424367562057,1.0669141826621857,-0.2570744936170396,0.0027965130839907653,0.0009277498282045705,0.0029381857746471067,0.0,0.0,4585
nr_trend,nr4_ema20,breakout,4h,XRP,1w,42,89,46,43,0.01368890334935527,0.16690848388318721,0.5347337992260214,0.7737225389138682,0.44116848346651477,0.4157303370786517,-0.6347090558293496,1.3491584444738347,0.3276303828957501,0.023129210912452937,0.003589969677204271,0.014688903349355263,0.0,0.0,4585
nr_trend,nr4_ema50_relaxed,breakout,4h,XRP,1d,6,340,156,184,-7.284251679240635e-05,0.04171342365161658,-0.02225363458381941,-0.0321994582634872,0.9743319374909691,0.46176470588235297,-0.5339000531308749,0.9945925793689762,-0.265769576248183,0.0007787881590907509,-0.0007948772202585614,0.0009271574832075946,0.0,0.0,4585
nr_trend,nr4_ema50_relaxed,breakout,4h,XRP,3d,18,184,86,98,0.005710591313106981,0.08243745469017909,0.6494082552868731,0.9396484845346462,0.34863650694719267,0.5163043478260869,-0.42033623330925174,1.2371541297936401,0.6168123797019376,0.005727702780682811,0.005695575127275131,0.006710591313106982,0.0,0.0,4585
nr_trend,nr4_ema50_relaxed,breakout,4h,XRP,1w,42,92,38,54,0.01680151109672467,0.11595730313237142,0.9604981616541408,1.3897738974659917,0.16798821412191547,0.5217391304347826,-0.5394907846632446,1.5799684592511793,1.67313317975474,0.03186350198348666,0.006202332324558833,0.01780151109672467,0.0,0.0,4585
nr_trend,nr7_ema50,breakout,4h,XRP,1d,6,181,90,91,-0.0005881872013371517,0.044903395797641084,-0.12179460731994073,-0.1762283082498228,0.860312694320651,0.425414364640884,-0.34881554050880437,0.9578889372210947,-0.24470368943524756,0.0019765007301651943,-0.0031246917489768347,0.00041181279866284924,0.0,0.0,4585
nr_trend,nr7_ema50,breakout,4h,XRP,3d,18,128,69,59,0.012204126379287906,0.09028751520142336,1.0569060101913734,1.5292693351013493,0.1286846494931385,0.5078125,-0.4708052261660365,1.561019494704615,1.992142512109095,0.013350034415060571,0.010863996642536816,0.013204126379287907,0.0,0.0,4585
nr_trend,nr7_ema50,breakout,4h,XRP,1w,42,78,41,37,0.011539394111392914,0.1289825325112792,0.5460743722817527,0.7901315577380363,0.43187759654676644,0.47435897435897434,-0.6592812213580914,1.3166845068532331,0.3872803321881533,0.025953007754260574,-0.004432448033406385,0.012539394111392918,0.0,0.0,4585
nr_trend,nr7_ema50_adx,breakout,4h,XRP,1d,6,123,61,62,0.0007353047532874282,0.04883347233634485,0.11541299477270645,0.16699455966397048,0.8676508033248733,0.42276422764227645,-0.2870694240553079,1.0524373168193477,-0.045859812590781646,0.005503437581628645,-0.003955922706854737,0.0017353047532874292,0.0,0.0,4585
nr_trend,nr7_ema50_adx,breakout,4h,XRP,3d,18,99,52,47,0.015453633070500617,0.09703872189963418,1.0951043727805867,1.5845397035120556,0.11629274793570304,0.494949494949495,-0.47973622942224026,1.719310284563012,2.0738803443500604,0.02481570043243942,0.005095601095589594,0.016453633070500615,0.0,0.0,4585
nr_trend,nr7_ema50_adx,breakout,4h,XRP,1w,42,66,34,32,0.017854087558519315,0.12689158709604292,0.7900038105713382,1.1430804541467294,0.2571979359003825,0.4696969696969697,-0.5503264350734911,1.594345323416133,1.05289554764753,0.04330838310406704,-0.009191101458625141,0.018854087558519316,0.0,0.0,4585
nr_trend,nr7_ema20,breakout,4h,XRP,1d,6,222,113,109,-4.731327005332483e-05,0.04231901917054411,-0.011512675044216726,-0.01665803840676363,0.986724451827806,0.44594594594594594,-0.44182425592583197,0.9964405663198298,-0.17996492655534269,0.0005351949738662678,-0.0006511979632910676,0.000952686729946676,0.0,0.0,4585
nr_trend,nr7_ema20,breakout,4h,XRP,3d,18,146,82,64,0.008835501164213257,0.09012311579794352,0.81869814376379,1.1845991544088765,0.2381140124171692,0.5068493150684932,-0.3967351209247937,1.3612942436649695,1.1280024002410682,0.009741152004956698,0.007675136024510722,0.009835501164213258,0.0,0.0,4585
nr_trend,nr7_ema20,breakout,4h,XRP,1w,42,84,43,41,0.013394988394872721,0.12384789298863581,0.6850870365849655,0.9912731944207039,0.3244332863987242,0.4523809523809524,-0.5408256360341626,1.3890499803850092,0.7415360924248464,0.015313322953913399,0.011383076540269084,0.014394988394872722,0.0,0.0,4585
nr_trend,nr4_ema50,breakout,4h,RENDER,1d,6,98,29,69,0.007918734363476738,0.054748867241614416,1.589542037947995,1.4318373088827252,0.1554048094462787,0.5918367346938775,-0.3187185247652381,1.520170415131612,0.8829884530757481,0.0077004263085051275,0.008010487024261909,0.00891873436347674,0.0,0.0,1777
nr_trend,nr4_ema50,breakout,4h,RENDER,3d,18,55,18,37,0.012487159902427032,0.1229107578331744,0.836437441422535,0.7534511869351251,0.454451488398383,0.45454545454545453,-0.45754215202230875,1.3812437207165922,0.4149790862655709,0.0015564855688268524,0.017804785253908204,0.013487159902427033,0.0,0.0,1777
nr_trend,nr4_ema50,breakout,4h,RENDER,1w,42,32,11,21,-0.022309557816849804,0.1405518952591057,-0.9967989893652742,-0.897902633812878,0.37615857538476544,0.4375,-0.665248465218681,0.6448301468374364,-0.6606409460197247,-0.0785463196345554,0.007147793611472177,-0.021309557816849803,0.0,0.0,1777
nr_trend,nr4_ema50_adx,breakout,4h,RENDER,1d,6,62,23,39,0.01887023989819061,0.0791873170192018,2.0830321882781613,1.8763663568348334,0.06539099075538761,0.5967741935483871,-0.2049269508956294,2.2851888885601186,1.693625648991243,0.01490639793035432,0.021207890289478684,0.019870239898190614,0.0,0.0,1777
nr_trend,nr4_ema50_adx,breakout,4h,RENDER,3d,18,38,16,22,0.024501544437522723,0.1331199042129399,1.2595650632844113,1.1345986501269592,0.2638407898039119,0.5526315789473685,-0.27390167859347836,1.9471626701094427,0.9436884908045029,0.012892053610370706,0.032944810493633285,0.02550154443752272,0.0,0.0,1777
nr_trend,nr4_ema20,breakout,4h,RENDER,1d,6,132,53,79,0.0022252471085372322,0.05366444289860446,0.5288797383421393,0.4764074954871902,0.6345777454513211,0.5454545454545454,-0.5684133892691394,1.1234362230360972,0.11442618926883541,-0.003214166293992926,0.005874473821627086,0.003225247108537233,0.0,0.0,1777
nr_trend,nr4_ema20,breakout,4h,RENDER,3d,18,72,32,40,0.013040422175857436,0.11625803570724359,1.056606462258951,0.9517763716535633,0.3444393416696931,0.5,-0.47466632041864976,1.4467975478292427,0.7087711277176629,0.002714119893201035,0.021301464001982556,0.014040422175857437,0.0,0.0,1777
nr_trend,nr4_ema20,breakout,4h,RENDER,1w,42,36,16,20,0.01711377324059447,0.13523441817968773,0.8429234388132586,0.7592936829670911,0.45276071689300856,0.5833333333333334,-0.4149954853273137,1.4170977944522174,0.29980695870678487,-0.03182137739809271,0.05626189375154422,0.01811377324059447,0.0,0.0,1777
nr_trend,nr4_ema50_relaxed,breakout,4h,RENDER,1d,6,132,44,88,0.0046016449260716675,0.052062312408768144,1.1273401112013453,1.0154922565633315,0.31174311067166705,0.553030303030303,-0.4460713724975359,1.2689643930063654,0.5419223623649263,0.0036341862959993047,0.005085374241107849,0.005601644926071668,0.0,0.0,1777
nr_trend,nr4_ema50_relaxed,breakout,4h,RENDER,3d,18,72,24,48,0.010590383096337728,0.11456386735108366,0.8707803025210125,0.7843867574583542,0.4354224639979505,0.4583333333333333,-0.34418149671407416,1.3301470619266063,0.4424020756461924,0.0056440247246567765,0.0130635622821782,0.011590383096337729,0.0,0.0,1777
nr_trend,nr4_ema50_relaxed,breakout,4h,RENDER,1w,42,37,11,26,0.038346867231354546,0.1382101911107787,1.873566135007133,1.6876822560953182,0.10011915930418237,0.6216216216216216,-0.26222240366035177,2.1086788606094107,1.9443990088824097,0.012264444990732436,0.04938173817931007,0.03934686723135455,0.0,0.0,1777
nr_trend,nr7_ema50,breakout,4h,RENDER,1d,6,63,17,46,0.017969096808034383,0.0686433910529542,2.306620442874909,2.0777715396589866,0.04187791466451096,0.6190476190476191,-0.22662829531847384,2.671329445104473,1.7069467042059019,0.019357770225856066,0.017455891414491588,0.018969096808034387,0.0,0.0,1777
nr_trend,nr7_ema50,breakout,4h,RENDER,3d,18,44,12,32,0.025971709462157766,0.12724520868498593,1.5030166075938562,1.3538964074214939,0.1828428893215943,0.5227272727272727,-0.3839848153684584,2.014720805638052,1.3499386716758175,0.040100934448180005,0.02067325009239944,0.026971709462157777,0.0,0.0,1777
nr_trend,nr7_ema50_adx,breakout,4h,RENDER,1d,6,39,13,26,0.02382756556148701,0.08256251648023037,2.0008171374270978,1.8023081851414249,0.07943337929196846,0.6410256410256411,-0.21617377326819953,2.9748442615362807,1.2436575975305186,0.025068311334121216,0.023207192675169908,0.024827565561487012,0.0,0.0,1777
nr_trend,nr7_ema50_adx,breakout,4h,RENDER,3d,18,31,10,21,0.04596792904611219,0.13946588698301912,2.0372584860550633,1.8351340439773967,0.0764185985957861,0.6129032258064516,-0.15864085135830752,3.4616426946056644,2.243216371279922,0.062123003390961065,0.03827503650094608,0.04696792904611221,0.0,0.0,1777
nr_trend,nr7_ema20,breakout,4h,RENDER,1d,6,87,32,55,0.008394586781404612,0.06792023827185943,1.279788172321295,1.1528153448285312,0.25218042005887825,0.5402298850574713,-0.3606360561978369,1.5125230793252669,0.7272018477131195,0.000992639790576108,0.012701174121523013,0.009394586781404613,0.0,0.0,1777
nr_trend,nr7_ema20,breakout,4h,RENDER,3d,18,58,20,38,0.007672463917954964,0.12606507967561112,0.5145556987015693,0.4635046002622485,0.644767803411535,0.4482758620689655,-0.6074759148895185,1.2121017233529545,0.06647860976864939,0.005647652462454173,0.008738154157692224,0.008672463917954966,0.0,0.0,1777
nr_trend,nr7_ema20,breakout,4h,RENDER,1w,42,34,15,19,0.02919174122866589,0.154952399362771,1.219493520481611,1.0985027629847675,0.2799353531135318,0.5588235294117647,-0.3573599537038954,1.6744461415508611,0.8679933399961612,-0.005231124608079019,0.05636768794188557,0.03019174122866589,0.0,0.0,1777
nr_trend,nr4_ema50,breakout,4h,FET,1d,6,263,90,173,0.0008540362200172439,0.05635617767510367,0.16984979290477714,0.2457608125584964,0.8060598037581814,0.5057034220532319,-0.6870913165951407,1.0401108806290802,-0.17573208494133796,-0.007288883494991782,0.005090237227825409,0.0018540362200172448,0.0,0.0,4585
nr_trend,nr4_ema50,breakout,4h,FET,3d,18,159,57,102,0.006807657459054528,0.10975309618462353,0.5405450119016705,0.7821309586398695,0.43530816307798115,0.4968553459119497,-0.6294100052013694,1.1826792587615016,0.21164192505771418,-0.006262845064835231,0.014111761810639984,0.00780765745905453,0.0,0.0,4585
nr_trend,nr4_ema50,breakout,4h,FET,1w,42,85,33,52,0.018426334495115736,0.19090562161813232,0.6150098672387574,0.8898764144435938,0.376073772992889,0.5176470588235295,-0.7058628762845436,1.297543474404811,0.1605186306014439,0.010941537342158495,0.023176301919107852,0.019426334495115744,0.0,0.0,4585
nr_trend,nr4_ema50_adx,breakout,4h,FET,1d,6,175,72,103,0.00011946826136116734,0.05630548360326027,0.01939872838405527,0.028068607966685987,0.9776395982378081,0.4742857142857143,-0.5976495070275545,1.0055002640250288,-0.22452781744464545,-0.008900244567000969,0.00642451023846868,0.0011194682613611682,0.0,0.0,4585
nr_trend,nr4_ema50_adx,breakout,4h,FET,3d,18,112,47,65,0.0007457505287873109,0.09831754608105747,0.05547840138176131,0.08027338020171701,0.9361643806854392,0.4642857142857143,-0.5540547502090416,1.0199001682046713,-0.35621846275297575,-0.012329645212168186,0.010200267449170517,0.0017457505287873118,0.0,0.0,4585
nr_trend,nr4_ema50_adx,breakout,4h,FET,1w,42,68,30,38,0.013335053079560222,0.18398463680621138,0.4130665550505042,0.597678516257382,0.5520692932108358,0.4852941176470588,-0.722408562710283,1.2221497460630557,-0.10152215968475065,-0.0025971104728484775,0.025913076936724965,0.014335053079560218,0.0,0.0,4585
nr_trend,nr4_ema20,breakout,4h,FET,1d,6,316,106,210,-0.00036999277428142243,0.057529607087934365,-0.07901285661357811,-0.11432609667535706,0.9090521312377181,0.48417721518987344,-0.7473587015503254,0.9833003972906807,-0.4723195787963189,-0.005947179790344634,0.002445158767160008,0.0006300072257185784,0.0,0.0,4585
nr_trend,nr4_ema20,breakout,4h,FET,3d,18,179,64,115,0.008081663368534952,0.11308013897791633,0.6608354401147932,0.9561828245567167,0.3402766996030934,0.5307262569832403,-0.7938100802902351,1.215547154247849,0.40796036876085595,-0.012949893379036695,0.019786181906313954,0.009081663368534953,0.0,0.0,4585
nr_trend,nr4_ema20,breakout,4h,FET,1w,42,94,36,58,0.03220959011289344,0.17927768458307206,1.203858040862006,1.7418986815791693,0.08483240525254557,0.5425531914893617,-0.6948581313982556,1.6441902244210262,4.4957646658059875,0.015523336977105581,0.0425665748178652,0.03320959011289343,0.0,0.0,4585
nr_trend,nr4_ema50_relaxed,breakout,4h,FET,1d,6,358,120,238,0.004270096989790131,0.06348782560900351,0.8795108209590707,1.2725908599374698,0.20399144618352832,0.5,-0.6636751936892646,1.2018115400478142,1.2991917213750837,0.001359312683987247,0.0057377193288504075,0.005270096989790131,0.0,0.0,4585
nr_trend,nr4_ema50_relaxed,breakout,4h,FET,3d,18,192,72,120,0.0131951173483221,0.12042922559812502,1.049263015194372,1.5182104540234274,0.13061482551379253,0.5364583333333334,-0.7944886930909523,1.3590922449865666,2.5248535859145296,0.010915262292110504,0.014563030382049058,0.0141951173483221,0.0,0.0,4585
nr_trend,nr4_ema50_relaxed,breakout,4h,FET,1w,42,93,37,56,-0.0011065382710627317,0.20314605019812054,-0.03630378597139607,-0.05252904808828357,0.9582210413396454,0.43010752688172044,-0.9586999591011554,0.9846724453020406,-0.8309452449276326,-0.020896579342318276,0.01196902457958825,-0.0001065382710627321,0.0,0.0,4585
nr_trend,nr7_ema50,breakout,4h,FET,1d,6,181,66,115,0.0012061390235300182,0.056120678055722385,0.19983250576266387,0.28914370840219855,0.772804153770403,0.4861878453038674,-0.5972373472348702,1.057407418849755,-0.06279970318709682,-0.003785205711737422,0.0040707368715965486,0.0022061390235300193,0.0,0.0,4585
nr_trend,nr7_ema50,breakout,4h,FET,3d,18,132,48,84,0.009106320603158092,0.11167056259870813,0.6475056840808373,0.9368955966002593,0.35053629113748636,0.5075757575757576,-0.5340609392022783,1.2587133490789915,0.5664865619848904,-0.006927662321889676,0.01826859656032824,0.010106320603158093,0.0,0.0,4585
nr_trend,nr7_ema50,breakout,4h,FET,1w,42,74,26,48,0.0417334757098256,0.19518659987495707,1.271167568987311,1.8392908776019092,0.06993876005836915,0.5405405405405406,-0.5731503618146819,1.8247103457329248,5.420375841074899,0.029485623650240173,0.048367728908767706,0.04273347570982561,0.0,0.0,4585
nr_trend,nr7_ema50_adx,breakout,4h,FET,1d,6,120,54,66,0.0005034897826083073,0.05457464772172195,0.06984619163665094,0.10106257132949974,0.9196708701007125,0.45,-0.3848455626331023,1.0236242392635948,-0.10836178629991688,-0.0030508588814201053,0.0034115932349951905,0.0015034897826083082,0.0,0.0,4585
nr_trend,nr7_ema50_adx,breakout,4h,FET,3d,18,92,41,51,-0.002382448130557183,0.09605959950904941,-0.16441028554511591,-0.23789022451852326,0.8125010525154441,0.4673913043478261,-0.6073971651491876,0.937861543126189,-0.4704551563697783,-0.01458133758851223,0.007424502217994913,-0.0013824481305571821,0.0,0.0,4585
nr_trend,nr7_ema50_adx,breakout,4h,FET,1w,42,58,27,31,0.03004855942130834,0.19422995812918895,0.8142801044616833,1.1782065594564066,0.24360978460284552,0.4827586206896552,-0.5723594958825968,1.5554105175511892,1.2297680688103694,0.008304684796336146,0.048986772804348655,0.031048559421308353,0.0,0.0,4585
nr_trend,nr7_ema20,breakout,4h,FET,1d,6,211,71,140,-0.0008567428473630192,0.05603225718911033,-0.15349915341734738,-0.2221025767869958,0.8244498784452636,0.46919431279620855,-0.7261879377611854,0.9604033116826837,-0.4019337476765038,-0.007361665508575992,0.0024421822165378447,0.00014325715263698163,0.0,0.0,4585
nr_trend,nr7_ema20,breakout,4h,FET,3d,18,141,48,93,0.007293230793299101,0.110399708442963,0.5421431493035206,0.7844433520772816,0.4341053086629502,0.5602836879432624,-0.7823664943594064,1.1930920291910565,0.16903244692270203,-0.0012057473807174854,0.011679800173436691,0.008293230793299099,0.0,0.0,4585
nr_trend,nr7_ema20,breakout,4h,FET,1w,42,80,27,53,0.010449937127995804,0.17638188253522477,0.3662326714374068,0.5299131507825022,0.5976583611329165,0.475,-0.8527849276760364,1.1800340066027355,-0.24901248893083283,-0.006502815341743565,0.019086244989938498,0.011449937127995805,0.0,0.0,4585
nr_trend,nr4_ema50,breakout,4h,TIA,1d,6,148,44,104,-0.003924263944060717,0.05142052463494396,-0.854728858063288,-0.9284372669240015,0.3547027862753888,0.49324324324324326,-0.7357716949660742,0.8199912533694195,-0.5402683433517315,-0.026606002872661638,0.005671856371885827,-0.002924263944060716,0.0,0.0,2584
nr_trend,nr4_ema50,breakout,4h,TIA,3d,18,93,31,62,0.004239535701635406,0.10940726541518996,0.34402453041371844,0.3736918342687754,0.7094933744889106,0.5053763440860215,-0.7637548160697073,1.1142211942174158,-0.11644771320366376,-0.048047849176380886,0.03038322814064355,0.005239535701635407,0.0,0.0,2584
nr_trend,nr4_ema50,breakout,4h,TIA,1w,42,49,16,33,0.011746138086685452,0.14696803408837503,0.5150460489649298,0.5594615667061025,0.578448112947183,0.5102040816326531,-0.5454028920554341,1.2391796135148927,0.08570115368804943,-0.06809372002769697,0.05045637232396177,0.012746138086685453,0.0,0.0,2584
nr_trend,nr4_ema50_adx,breakout,4h,TIA,1d,6,98,30,68,-0.002757511493980876,0.05141390285636233,-0.48879369957405266,-0.5309453193735534,0.596670283170595,0.5408163265306123,-0.45471659453751645,0.8701596435338192,-0.3298895477820646,-0.022704855325381513,0.0060427872551664635,-0.001757511493980875,0.0,0.0,2584
nr_trend,nr4_ema50_adx,breakout,4h,TIA,3d,18,69,24,45,-0.0031839273344079796,0.08483114556765216,-0.28701735888343427,-0.3117685915569611,0.756170305195294,0.5217391304347826,-0.7132603767922328,0.9078974832500859,-0.3762081436854874,-0.046150233452686894,0.019731435928674105,-0.0021839273344079787,0.0,0.0,2584
nr_trend,nr4_ema50_adx,breakout,4h,TIA,1w,42,40,15,25,0.012084348024214028,0.12545003997598658,0.560864844187275,0.6092315921459536,0.5459038826268987,0.525,-0.581169159010533,1.2873843644837801,0.20250454601804235,-0.05348827287494419,0.051427920563708956,0.01308434802421403,0.0,0.0,2584
nr_trend,nr4_ema20,breakout,4h,TIA,1d,6,171,65,106,0.0008990354978526424,0.05276816701731016,0.2051061531443465,0.22279369002015453,0.8239635406419172,0.5263157894736842,-0.5634806721915233,1.045202048796133,-0.0806876349823189,-0.01445095188305949,0.010311763608789324,0.0018990354978526433,0.0,0.0,2584
nr_trend,nr4_ema20,breakout,4h,TIA,3d,18,98,36,62,0.004425156937427559,0.10560752509780509,0.38187625336650427,0.41480773889176736,0.6791986460860084,0.4897959183673469,-0.718447843978314,1.126471583307223,-0.06805654002318329,-0.03472030249989838,0.02715477854619746,0.00542515693742756,0.0,0.0,2584
nr_trend,nr4_ema20,breakout,4h,TIA,1w,42,52,21,31,0.0034674586347770045,0.1341812164548333,0.17155249499212574,0.1863464981694689,0.8529123068317523,0.5384615384615384,-0.6306274934030756,1.0685542197664564,-0.24327463439081243,-0.0555858236885863,0.043471295047377956,0.004467458634777006,0.0,0.0,2584
nr_trend,nr4_ema50_relaxed,breakout,4h,TIA,1d,6,196,57,139,-0.0007353444466060226,0.052456258772981185,-0.18067470000448577,-0.19625536577127958,0.8446146702987749,0.49489795918367346,-0.6799721078741836,0.9647745958091917,-0.33735984623750015,-0.019203605901013603,0.006837971401604281,0.0002646555533939783,0.0,0.0,2584
nr_trend,nr4_ema50_relaxed,breakout,4h,TIA,3d,18,104,37,67,0.008322095707147401,0.09233261448688435,0.8461942019129312,0.9191666160554587,0.3601559965611337,0.5384615384615384,-0.6278191612084709,1.2590239283113667,0.5289295012300943,-0.024412742973643847,0.02639954393385302,0.009322095707147402,0.0,0.0,2584
nr_trend,nr4_ema50_relaxed,breakout,4h,TIA,1w,42,53,20,33,0.007337047215669094,0.14602778863648877,0.33674374920068534,0.36578318751287103,0.7160107360485269,0.4716981132075472,-0.5580542049631882,1.1395670180416437,-0.15362837396834617,-0.06389693241710988,0.050509156084019985,0.008337047215669094,0.0,0.0,2584
nr_trend,nr7_ema50,breakout,4h,TIA,1d,6,99,26,73,-0.0012176942279055315,0.05180247723023929,-0.2153183875971606,-0.23388658685534688,0.8155609223565725,0.5555555555555556,-0.5254303167153687,0.9407904072069098,-0.22354229469770592,-0.019158891861272374,0.005172321367540192,-0.00021769422790553062,0.0,0.0,2584
nr_trend,nr7_ema50,breakout,4h,TIA,3d,18,67,14,53,-0.003982458111909428,0.08655510782751787,-0.3467142718011053,-0.3766135282292394,0.7076689234487221,0.47761194029850745,-0.6734217126974931,0.8907976985560303,-0.40431577658991125,-0.037585212215964836,0.004893741085388227,-0.0029824581119094274,0.0,0.0,2584
nr_trend,nr7_ema50,breakout,4h,TIA,1w,42,41,8,33,0.008982905707391275,0.1511639425328525,0.35029695467991395,0.38050516739513063,0.7055837153875764,0.5121951219512195,-0.5099981649683487,1.159752890879051,-0.06746445953618041,-0.09098472978112802,0.033217484007638375,0.009982905707391276,0.0,0.0,2584
nr_trend,nr7_ema50_adx,breakout,4h,TIA,1d,6,66,20,46,0.0005100601207783409,0.050715684104617124,0.0752188781502784,0.08170545429947683,0.9351320151371937,0.5909090909090909,-0.3151055560467816,1.026367320620887,-0.0499301529696331,-0.014657271270389483,0.007104552029981742,0.0015100601207783419,0.0,0.0,2584
nr_trend,nr7_ema50_adx,breakout,4h,TIA,3d,18,49,14,35,-0.005062071821138184,0.08313827001199814,-0.39237484958987323,-0.42621169219486454,0.6718589147987972,0.4897959183673469,-0.5979836421983963,0.8575055641967323,-0.3422761808010786,-0.03666530413101682,0.00757922110281327,-0.004062071821138183,0.0,0.0,2584
nr_trend,nr7_ema50_adx,breakout,4h,TIA,1w,42,36,11,25,0.005759236850614169,0.13750449182073693,0.2313529849358768,0.25130394393758815,0.8030487716832795,0.5555555555555556,-0.6755378501600908,1.1085318338529566,-0.1123940062954395,-0.060152651966515536,0.03476046793015124,0.00675923685061417,0.0,0.0,2584
nr_trend,nr7_ema20,breakout,4h,TIA,1d,6,123,40,83,0.004042396822013232,0.05609030581421496,0.7358333958300353,0.7992887340715712,0.4256764261674923,0.5853658536585366,-0.4536770225985154,1.2060418097986825,0.35485321566316075,-0.00695667331736147,0.009343153515687786,0.005042396822013233,0.0,0.0,2584
nr_trend,nr7_ema20,breakout,4h,TIA,3d,18,76,21,55,-0.0023474816864686894,0.09050448785699762,-0.20816834843195994,-0.22611995682020308,0.8217232262105725,0.5,-0.6318104811911331,0.9361079192204113,-0.3880620458979894,-0.03942902150656498,0.011810924426658985,-0.0013474816864686887,0.0,0.0,2584
nr_trend,nr7_ema20,breakout,4h,TIA,1w,42,44,11,33,-0.003284884367329483,0.15128160964918067,-0.13259773040661932,-0.14403243000124807,0.8861477849227073,0.4318181818181818,-0.7258167071216673,0.9477202979104052,-0.46296195711822496,-0.09819545458467095,0.02835197237178434,-0.002284884367329482,0.0,0.0,2584
nr_trend,nr4_ema50,breakout,4h,INJ,1d,6,269,103,166,0.003125342660049879,0.0525538361345711,0.6740959918212155,0.9753699186744665,0.33025636477919157,0.550185873605948,-0.39809322245003986,1.1682586599150893,0.6074922728853913,-0.003277932138095325,0.007098458950465276,0.00412534266004988,0.0,0.0,4585
nr_trend,nr4_ema50,breakout,4h,INJ,3d,18,163,60,103,0.011259777677956613,0.09316261445931202,1.0664348706591582,1.543056932079064,0.12476812211981927,0.5030674846625767,-0.5150551168524505,1.3709202164157668,2.182270479759454,0.0045076774916032,0.015193039922434329,0.012259777677956614,0.0,0.0,4585
nr_trend,nr4_ema50,breakout,4h,INJ,1w,42,88,35,53,-0.010695853698861744,0.1335465447371765,-0.5192500193791488,-0.7513185886259945,0.45448850870318713,0.48863636363636365,-0.8967110472776462,0.8125364118393594,-0.8216549808027853,-0.04341339406548702,0.010910069184758715,-0.009695853698861745,0.0,0.0,4585
nr_trend,nr4_ema50_adx,breakout,4h,INJ,1d,6,185,70,115,0.003696672873607743,0.05263770112263924,0.6601647915078052,0.9552124427636287,0.3407235420732014,0.5621621621621622,-0.34232511498238527,1.2056921122564483,0.5396489804485392,-0.0034217319783593197,0.008029614957413783,0.004696672873607744,0.0,0.0,4585
nr_trend,nr4_ema50_adx,breakout,4h,INJ,3d,18,122,46,76,0.013445852721294688,0.09384616982533724,1.0937148286727807,1.582529130033101,0.116139201412614,0.4918032786885246,-0.43369182676504925,1.4598301821762258,2.109423178827518,0.0028848678367374317,0.019838027783000395,0.014445852721294691,0.0,0.0,4585
nr_trend,nr4_ema50_adx,breakout,4h,INJ,1w,42,69,28,41,-0.017550323305382556,0.1346447342761975,-0.7482947194243265,-1.0827303061950462,0.2827526197486468,0.463768115942029,-0.8636414697777336,0.725006346775703,-0.8451120530171844,-0.06212580146546535,0.012891466657600808,-0.016550323305382555,0.0,0.0,4585
nr_trend,nr4_ema20,breakout,4h,INJ,1d,6,314,128,186,0.00039888492722179713,0.0542065783305332,0.09011826937900919,0.13039485494908634,0.8963377995700188,0.49363057324840764,-0.7336600902719013,1.0198962283468196,-0.28082705014003817,-0.004972763697535952,0.004095503335657237,0.001398884927221798,0.0,0.0,4585
nr_trend,nr4_ema20,breakout,4h,INJ,3d,18,174,67,107,0.018438518348171187,0.09070932468440383,1.8531095647519158,2.68132038670589,0.008043138503305214,0.5344827586206896,-0.3908034367302692,1.6980447713404418,11.238745539848573,0.010029092892413787,0.02370423335317816,0.01943851834817119,0.0,0.0,4585
nr_trend,nr4_ema20,breakout,4h,INJ,1w,42,88,35,53,0.015491238721189066,0.12029207899948899,0.8349161064760515,1.2080654161336892,0.23029572020876463,0.5454545454545454,-0.6439843716623117,1.4036476901090384,1.143327555652025,-0.009608447832789163,0.03206650342664639,0.01649123872118907,0.0,0.0,4585
nr_trend,nr4_ema50_relaxed,breakout,4h,INJ,1d,6,369,145,224,0.0002185554646288363,0.0532981536698993,0.05443961881695795,0.07877033422896862,0.9372581145131574,0.4932249322493225,-0.7075650552718813,1.0108776559976913,-0.3530659104542474,-0.00528937524860135,0.003783957042389448,0.0012185554646288372,0.0,0.0,4585
nr_trend,nr4_ema50_relaxed,breakout,4h,INJ,3d,18,185,72,113,0.008452341090165186,0.10020911953783881,0.792881016242595,1.1472435702246064,0.2527705139125493,0.5027027027027027,-0.5811206663027453,1.2507622135346599,0.977532543515377,-0.009946234542255123,0.020175327333831226,0.009452341090165187,0.0,0.0,4585
nr_trend,nr4_ema50_relaxed,breakout,4h,INJ,1w,42,96,36,60,0.0016938911455661478,0.1495499378159224,0.07669856967218636,0.11097748476666419,0.9118683266169791,0.46875,-0.9040395435364447,1.0313741192371952,-0.5795525335839653,-0.026051642531427596,0.018341211351762397,0.0026938911455661485,0.0,0.0,4585
nr_trend,nr7_ema50,breakout,4h,INJ,1d,6,193,71,122,0.0027209937444263453,0.05102262297228234,0.5120304680785004,0.7408724010645542,0.4596759265103031,0.533678756476684,-0.44348007061736283,1.1469203431751154,0.3213261835301382,-0.005746585155897647,0.007648847038877193,0.0037209937444263462,0.0,0.0,4585
nr_trend,nr7_ema50,breakout,4h,INJ,3d,18,132,51,81,0.015052864691592336,0.09856971941334554,1.212592814923448,1.754537290871194,0.08167663535421987,0.5075757575757576,-0.563042245233679,1.5006151110442207,2.968142314975655,0.011230463200155184,0.017459561926941657,0.01605286469159234,0.0,0.0,4585
nr_trend,nr7_ema50,breakout,4h,INJ,1w,42,77,29,48,-0.008901718907706054,0.13561686053127714,-0.39806861693277595,-0.5759775450905738,0.5663321074582791,0.44155844155844154,-0.8937658441836157,0.8400759070674882,-0.7405504258461111,-0.03433702704516136,0.006465446425339858,-0.007901718907706053,0.0,0.0,4585
nr_trend,nr7_ema50_adx,breakout,4h,INJ,1d,6,139,53,86,0.0035791723040483844,0.05053340086543261,0.5771169991113884,0.835048075227572,0.40513397452803057,0.5611510791366906,-0.43489122531124,1.201355978846646,0.3815115638677591,-0.006052420524857,0.009514921373024959,0.004579172304048386,0.0,0.0,4585
nr_trend,nr7_ema50_adx,breakout,4h,INJ,3d,18,98,38,60,0.018096590626485796,0.09150982297754202,1.352989642950597,1.9576817159923459,0.05314097560748619,0.5204081632653061,-0.32129995134639855,1.7029188264798136,2.9906190238415244,0.008479903417775833,0.02418715919200211,0.019096590626485797,0.0,0.0,4585
nr_trend,nr7_ema50_adx,breakout,4h,INJ,1w,42,61,24,37,-0.005740310455046399,0.12422181836428858,-0.24943351331037697,-0.3609129093542429,0.7194322087490634,0.4918032786885246,-0.8269735748780093,0.8929686539192213,-0.5583828386743058,-0.03888427045049908,0.015758474406868853,-0.004740310455046398,0.0,0.0,4585
nr_trend,nr7_ema20,breakout,4h,INJ,1d,6,212,86,126,0.0014036092179595934,0.05400242534726174,0.2615491207337632,0.3784433488919612,0.7054817561453796,0.49056603773584906,-0.5993879642867391,1.0716810745532377,-0.004586852148238396,-0.006358119246194105,0.006701296899842276,0.002403609217959594,0.0,0.0,4585
nr_trend,nr7_ema20,breakout,4h,INJ,3d,18,139,54,85,0.013695165697948939,0.0956863516919377,1.1662108630621462,1.6874258391435304,0.09378049010714894,0.5179856115107914,-0.5985383578955548,1.4451229162966202,2.609810510546115,0.00729163887808701,0.0177632886188024,0.014695165697948938,0.0,0.0,4585
nr_trend,nr7_ema20,breakout,4h,INJ,1w,42,80,34,46,0.022498112487852714,0.1391334292441829,0.9995671510461496,1.446304002181529,0.15204792662826466,0.5875,-0.6930339149867033,1.5548606966951664,1.9233317537787795,-0.019203850159363926,0.053321302270578054,0.023498112487852715,0.0,0.0,4585
ewmac,ewmac_2speed,trend,1d,BTC,1w,7,186,105,81,0.003541991775719484,0.06700473316763272,0.38083872169052335,0.7209390310627596,0.4718570674804776,0.5,-0.5962090823426518,1.1494283445630333,0.2901755635822363,0.008761379822306613,-0.003223881618004572,0.004541991775719485,0.0,0.0,1308
ewmac,ewmac_2speed,trend,1d,BTC,2w,14,93,55,38,0.015316358263446269,0.09402492480775783,0.829844186850374,1.570919735643728,0.11963434356470426,0.5268817204301075,-0.43555159004953337,1.5786248433292922,1.803871522486887,0.023452570545302857,0.0035402615397064617,0.016316358263446264,0.0,0.0,1308
ewmac,ewmac_2speed,trend,1d,BTC,1m,30,43,22,21,0.020380327256190236,0.1438994570934451,0.49060140315923206,0.9287230527967825,0.358339677779805,0.6511627906976745,-0.5274246463061179,1.47793608509122,0.5883467531814253,0.05088323687397891,-0.011575101867207413,0.021380327256190237,0.0,0.0,1308
ewmac,ewmac_3speed,trend,1d,BTC,1w,7,186,114,72,0.0065207502754321385,0.06701495943420425,0.7010110143512657,1.3270347069944484,0.18613270572265406,0.5053763440860215,-0.33879309994515017,1.2925296926637548,1.2439308458063034,0.010539036784886352,0.00015846330212963063,0.00752075027543214,0.0,0.0,1308
ewmac,ewmac_3speed,trend,1d,BTC,2w,14,93,58,35,0.018109750147791724,0.09410792713923712,0.9803254683423915,1.855785278701865,0.06668562267877419,0.5483870967741935,-0.4143824353929684,1.7190699317012552,2.630197492968312,0.024446323708378546,0.007609142533104985,0.01910975014779172,0.0,0.0,1308
ewmac,ewmac_3speed,trend,1d,BTC,1m,30,43,23,20,0.024786928915355614,0.14329920723958375,0.59917781031176,1.1342614219556535,0.26311743677965965,0.6744186046511628,-0.5274246463061179,1.6117215699742538,0.9195387313909307,0.05294135382110439,-0.007590659726255483,0.02578692891535561,0.0,0.0,1308
ewmac,ewmac_4speed,trend,1d,BTC,1w,7,186,108,78,0.004600060848816892,0.06700885750745507,0.49457299097196983,0.9362413866909465,0.35036946715578837,0.5161290322580645,-0.5104320349316559,1.198426652981607,0.5705523835927757,0.00940988611402885,-0.0020596972107073575,0.005600060848816892,0.0,0.0,1308
ewmac,ewmac_4speed,trend,1d,BTC,2w,14,93,54,39,0.015203254383212923,0.09400503437543645,0.8238904791428076,1.559649189815639,0.12227630359041834,0.5376344086021505,-0.39859524068509644,1.5736829393673804,1.7748206580234487,0.023841566531984264,0.003242514484914134,0.01620325438321292,0.0,0.0,1308
ewmac,ewmac_4speed,trend,1d,BTC,1m,30,43,22,21,0.02587257560625903,0.14328237075512829,0.6254947862287328,1.184080240362207,0.24303935012400812,0.6511627906976745,-0.39263792396479036,1.6455477195058106,1.0106138460086274,0.055894463085536576,-0.005578925562507921,0.026872575606259032,0.0,0.0,1308
ewmac,ewmac_5speed,trend,1d,BTC,1w,7,186,107,79,0.005871663046917025,0.06693631322286257,0.6319727744699224,1.196343264839099,0.23309361284373178,0.510752688172043,-0.5226508889957242,1.2600621237534353,0.9897124470482164,0.010592369351072543,-0.0005222049852936182,0.006871663046917026,0.0,0.0,1308
ewmac,ewmac_5speed,trend,1d,BTC,2w,14,93,54,39,0.022598983167158873,0.0934250238618405,1.2322808961420026,2.332744399829423,0.021842069709993698,0.5591397849462365,-0.2390862726048104,1.9797174662038917,4.507985365362419,0.02996913235390309,0.012394161216282264,0.023598983167158864,0.0,0.0,1308
ewmac,ewmac_5speed,trend,1d,BTC,1m,30,43,23,20,0.024786928915355614,0.14329920723958375,0.59917781031176,1.1342614219556535,0.26311743677965965,0.6744186046511628,-0.5274246463061179,1.6117215699742538,0.9195387313909307,0.05294135382110439,-0.007590659726255483,0.02578692891535561,0.0,0.0,1308
ewmac,ewmac_fast,trend,1d,BTC,1w,7,179,95,84,0.0030547592130616107,0.06738967686385157,0.3203706225090411,0.6064711202353259,0.5449746454823745,0.5083798882681564,-0.5206967418379718,1.1328566593207188,0.14976670859716545,0.009318917055464105,-0.004029705013465019,0.0040547592130616116,0.0,0.0,1308
ewmac,ewmac_fast,trend,1d,BTC,2w,14,91,51,40,0.012799862650289314,0.09192648733403452,0.7016619087343727,1.3282668694274018,0.1874484550407428,0.5494505494505495,-0.5401778409907272,1.495909541794054,1.208333176437804,0.023508817407244458,-0.0008540546648285047,0.013799862650289317,0.0,0.0,1308
ewmac,ewmac_fast,trend,1d,BTC,1m,30,43,24,19,0.03848049132453716,0.126562983540642,1.0531996167964215,1.9937382099131646,0.05270103042590023,0.5813953488372093,-0.2716154014051454,2.3153352677182797,2.703488081045261,0.060208029281087205,0.011035180221526579,0.03948049132453717,0.0,0.0,1308
ewmac,ewmac_slow,trend,1d,BTC,1w,7,186,124,62,0.006443166799216625,0.06662887746524421,0.6966841179996548,1.3188437634648815,0.1888515580342605,0.5161290322580645,-0.5359662455108865,1.2892410997989323,1.215315675999424,0.00943145542003112,0.0004665895575876349,0.007443166799216625,0.0,0.0,1308
ewmac,ewmac_slow,trend,1d,BTC,2w,14,93,64,29,0.022540322507659336,0.09345106900063901,1.228739689001023,2.3260407893517967,0.02221344240851095,0.5483870967741935,-0.314199566698128,1.9755033730624496,4.477815055138918,0.02524392636196552,0.016573748484362924,0.023540322507659334,0.0,0.0,1308
ewmac,ewmac_slow,trend,1d,BTC,1m,30,43,27,16,0.03909595575413522,0.14592862925421973,0.9280430431293061,1.7568130922408396,0.0862384696128751,0.6744186046511628,-0.4393563973101877,2.129195907483585,2.5119279475054,0.05861095680735742,0.006164391476822739,0.040095955754135215,0.0,0.0,1308
ewmac,ewmac_2speed,trend,1d,ETH,1w,7,186,96,90,0.0053498607279201,0.09411188932288649,0.4095406511894315,0.7752726375582397,0.43916842185235655,0.4946236559139785,-0.6489744509483163,1.1699131536018923,0.20099687324389137,0.005953631650302444,0.004705838410712266,0.006349860727920101,0.0,0.0,1308
ewmac,ewmac_2speed,trend,1d,ETH,2w,14,93,50,43,0.013957316769056847,0.13156241045986916,0.5404482908470581,1.023084694259171,0.30895048219116156,0.5268817204301075,-0.5453672615442313,1.3427817786692566,0.7241742836480476,0.01372602077206666,0.014226265602766365,0.014957316769056846,0.0,0.0,1308
ewmac,ewmac_2speed,trend,1d,ETH,1m,30,43,21,22,0.019735108475312346,0.19284433008507165,0.3544944428166174,0.6710685273464,0.505850942288215,0.5813953488372093,-0.6866792895135481,1.303307327166939,0.08745818846037601,0.033106828496633975,0.006971193909505332,0.020735108475312347,0.0,0.0,1308
ewmac,ewmac_3speed,trend,1d,ETH,1w,7,186,104,82,-0.0010494664294006632,0.09391480074569664,-0.08050698114310735,-0.15240211058754832,0.8790358762972732,0.45161290322580644,-0.8234234865669723,0.969638977539959,-0.6342962445201366,-0.00016871518073368214,-0.0021665167935636625,-4.9466429400662383e-05,0.0,0.0,1308
ewmac,ewmac_3speed,trend,1d,ETH,2w,14,93,52,41,0.008298241064419358,0.13070996830441664,0.3234159036777781,0.6122359280924613,0.5418919110365152,0.5053763440860215,-0.6127477907477208,1.1918990209489522,0.02367571655830436,0.007050325648728433,0.009880963055051753,0.00929824106441936,0.0,0.0,1308
ewmac,ewmac_3speed,trend,1d,ETH,1m,30,43,21,22,0.019735108475312346,0.19284433008507165,0.3544944428166174,0.6710685273464,0.505850942288215,0.5813953488372093,-0.6866792895135481,1.303307327166939,0.08745818846037601,0.033106828496633975,0.006971193909505332,0.020735108475312347,0.0,0.0,1308
ewmac,ewmac_4speed,trend,1d,ETH,1w,7,186,90,96,0.007046490113619203,0.09750253108802917,0.5206621285423494,0.9856289003286398,0.3256025449610988,0.4946236559139785,-0.7382801308439091,1.2271865988366555,0.6142484650684348,0.008744326087875324,0.005454768887754091,0.008046490113619204,0.0,0.0,1308
ewmac,ewmac_4speed,trend,1d,ETH,2w,14,93,46,47,0.018591187735714776,0.1328236202272663,0.7130432250420166,1.3498120398203417,0.18038817949058492,0.5268817204301075,-0.5453469241458748,1.47960828595995,1.634567428057105,0.019771825111228637,0.017435670304360777,0.019591187735714773,0.0,0.0,1308
ewmac,ewmac_4speed,trend,1d,ETH,1m,30,43,21,22,0.03339565199703311,0.19672354193755667,0.5880447536638257,1.1131862144848885,0.2719591123913115,0.5813953488372093,-0.6866792895135481,1.5594086169653723,0.9275889329091471,0.05008630903576314,0.017463661187336256,0.0343956519970331,0.0,0.0,1308
ewmac,ewmac_5speed,trend,1d,ETH,1w,7,186,100,86,0.0024068289684876253,0.09399780718977829,0.1844703365014142,0.3492078354501527,0.7273304381139667,0.4731182795698925,-0.692187461712404,1.0731754337683308,-0.3045918614400901,0.00299681240472921,0.0017208017170439222,0.0034068289684876262,0.0,0.0,1308
ewmac,ewmac_5speed,trend,1d,ETH,2w,14,93,52,41,0.015271836371460694,0.13180439085428197,0.5902628064511981,1.1173850544039916,0.26673925373000734,0.5053763440860215,-0.6188381938114512,1.379781135501421,0.9454973248828404,0.014102320108531546,0.01675512529029766,0.01627183637146069,0.0,0.0,1308
ewmac,ewmac_5speed,trend,1d,ETH,1m,30,43,21,22,0.019735108475312346,0.19284433008507165,0.3544944428166174,0.6710685273464,0.505850942288215,0.5813953488372093,-0.6866792895135481,1.303307327166939,0.08745818846037601,0.033106828496633975,0.006971193909505332,0.020735108475312347,0.0,0.0,1308
ewmac,ewmac_fast,trend,1d,ETH,1w,7,179,87,92,0.0021803942707171024,0.09233131944902544,0.16689951170683667,0.3159457413381205,0.7524138502220423,0.5027932960893855,-0.8218889381155481,1.0700434275858308,-0.29052066310777014,0.004376455083416406,0.00010368458914276117,0.0031803942707171033,0.0,0.0,1308
ewmac,ewmac_fast,trend,1d,ETH,2w,14,91,41,50,0.011633257660996623,0.12928012752293144,0.4534535766836319,0.8584011120379076,0.3929513845926789,0.5604395604395604,-0.805217138353148,1.279021405602143,0.41478500005705743,0.01949771131677011,0.005184405663262364,0.012633257660996626,0.0,0.0,1308
ewmac,ewmac_fast,trend,1d,ETH,1m,30,43,24,19,0.027747680020115715,0.21362083178252292,0.44994544947534143,0.8517601228570723,0.3991779500894036,0.5116279069767442,-0.5377180112618455,1.3869543446143526,0.34726189272603825,0.03835737800960627,0.014345956243917107,0.028747680020115712,0.0,0.0,1308
ewmac,ewmac_slow,trend,1d,ETH,1w,7,186,103,83,0.003113128854008708,0.09387321617943434,0.23892105931833932,0.4522846737875127,0.6515937973931367,0.46774193548387094,-0.7463224435796743,1.0956434995099538,-0.2064362021095898,0.0038853506586091595,0.0021548295061310395,0.004113128854008709,0.0,0.0,1308
ewmac,ewmac_slow,trend,1d,ETH,2w,14,93,52,41,0.00848747844471987,0.1313037397233818,0.3292953690890818,0.6233659310448312,0.5345864780492487,0.4838709677419355,-0.6414655227305368,1.1960712921279422,0.03936913184562618,0.007888304334155223,0.009247406584948206,0.009487478444719871,0.0,0.0,1308
ewmac,ewmac_slow,trend,1d,ETH,1m,30,43,23,20,0.008028755350351142,0.19295394837867846,0.14413562730667637,0.27285303088623414,0.7863033220331157,0.5348837209302325,-0.6316889509588308,1.1138138099337058,-0.3415443797845621,0.020197254448595003,-0.005965018612629297,0.009028755350351143,0.0,0.0,1308
ewmac,ewmac_2speed,trend,1d,SOL,1w,7,153,82,71,0.012747790792831837,0.11538325879207474,0.7966767331666947,1.3665887534041157,0.17377230659511878,0.5032679738562091,-0.5923786799057471,1.3319133577831166,1.6860382121762694,0.023339338250796444,0.0005152993625065126,0.013747790792831836,0.0,0.0,1074
ewmac,ewmac_2speed,trend,1d,SOL,2w,14,76,43,33,0.022146779790257153,0.18216843370136923,0.6178578243931808,1.059849646496184,0.29261433397093023,0.47368421052631576,-0.7619029220231844,1.3944022583728601,0.7272039323672406,0.042425928037825175,-0.004277564895967847,0.02314677979025715,0.0,0.0,1074
ewmac,ewmac_2speed,trend,1d,SOL,1m,30,35,20,15,0.043762056439413256,0.27147581194063203,0.5559617264906613,0.9536754509263423,0.3469793872739155,0.42857142857142855,-0.7904437569190699,1.5498614314459829,0.5732166386146342,0.10405576167427363,-0.036629550540400554,0.04476205643941326,0.0,0.0,1074
ewmac,ewmac_3speed,trend,1d,SOL,1w,7,153,79,74,0.00442033335738677,0.11562387768312096,0.27567507374258376,0.47288246246754423,0.63697537126394,0.45751633986928103,-0.8201831664649164,1.1042647735397804,-0.2477268062881689,0.016064076155640504,-0.008010148819127354,0.005420333357386771,0.0,0.0,1074
ewmac,ewmac_3speed,trend,1d,SOL,2w,14,76,41,35,0.01873975911161914,0.1821541833197946,0.5228485910744269,0.8968744467475179,0.3726558192751843,0.47368421052631576,-0.7887457858902555,1.324930261742814,0.33537216350974486,0.04190343807878332,-0.008394836249916044,0.01973975911161914,0.0,0.0,1074
ewmac,ewmac_3speed,trend,1d,SOL,1m,30,35,21,14,0.04277457268965448,0.2714769562385027,0.5434142491994578,0.9321519889801222,0.35783044185725393,0.45714285714285713,-0.8059752738779961,1.535010245576663,0.5204843780884958,0.09806077645813033,-0.04015473296305926,0.043774572689654484,0.0,0.0,1074
ewmac,ewmac_4speed,trend,1d,SOL,1w,7,153,81,72,0.00885952645689463,0.11485548795075232,0.5562227720672719,0.954123238509775,0.34153615520022296,0.48366013071895425,-0.6835951007936945,1.2205369041565992,0.4887045275776367,0.019712645576450704,-0.0033502325526059574,0.009859526456894632,0.0,0.0,1074
ewmac,ewmac_4speed,trend,1d,SOL,2w,14,76,42,34,0.008784863101499724,0.1788454914754933,0.24963650248040697,0.42821689466545687,0.6697204609762855,0.4605263157894737,-0.8779169641761249,1.1423931405323453,-0.3623499300610453,0.0302093955460984,-0.017680735800651583,0.009784863101499725,0.0,0.0,1074
ewmac,ewmac_4speed,trend,1d,SOL,1m,30,35,19,16,0.05305558625650397,0.27019463360535395,0.6772245797321559,1.1616851047125365,0.25345390365778914,0.45714285714285713,-0.7904437569190699,1.7047065197092035,1.1755996674873304,0.11745331382808026,-0.023416715234742848,0.05405558625650398,0.0,0.0,1074
ewmac,ewmac_5speed,trend,1d,SOL,1w,7,153,79,74,0.006230884545481381,0.1157359677616848,0.3882141523850129,0.6659276874484341,0.5064666858738858,0.45751633986928103,-0.7630088378669719,1.149898053604691,-0.00856237148136374,0.017967398597708885,-0.006298637212977712,0.007230884545481382,0.0,0.0,1074
ewmac,ewmac_5speed,trend,1d,SOL,2w,14,76,41,35,0.017613439469200177,0.18207933793549824,0.49162571760947976,0.8433159255182697,0.40173338657579943,0.47368421052631576,-0.8481140938966913,1.3028653739257439,0.2267957542777861,0.04071062773750854,-0.009443266787961039,0.018613439469200178,0.0,0.0,1074
ewmac,ewmac_5speed,trend,1d,SOL,1m,30,35,20,15,0.043762056439413256,0.27147581194063203,0.5559617264906613,0.9536754509263423,0.3469793872739155,0.42857142857142855,-0.7904437569190699,1.5498614314459829,0.5732166386146342,0.10405576167427363,-0.036629550540400554,0.04476205643941326,0.0,0.0,1074
ewmac,ewmac_fast,trend,1d,SOL,1w,7,148,78,70,0.012217209640344624,0.12044283699445169,0.7193929853594931,1.2340191725724599,0.21916501131276064,0.527027027027027,-0.7275113836152924,1.3059163895067725,1.2145464106509327,0.02445321360736494,-0.001417194780049445,0.013217209640344625,0.0,0.0,1074
ewmac,ewmac_fast,trend,1d,SOL,2w,14,75,42,33,0.03730402064630556,0.18229067117811193,1.033156523124321,1.7722371273423063,0.08047129004610522,0.5333333333333333,-0.5230613510378067,1.7255664157510349,4.277956480561648,0.05696617435450733,0.012279461381321494,0.03830402064630556,0.0,0.0,1074
ewmac,ewmac_fast,trend,1d,SOL,1m,30,35,16,19,0.06143275824748104,0.26759113399123363,0.7917837943996938,1.358195593654741,0.18334645837322316,0.5142857142857142,-0.797794814718994,1.882805286056332,1.9416526767291895,0.15007181331913608,-0.013210656549702117,0.062432758247481054,0.0,0.0,1074
ewmac,ewmac_slow,trend,1d,SOL,1w,7,153,89,64,0.009357441905344994,0.11543903564902343,0.5845133791921759,1.0026518623722955,0.31762235927024396,0.49673202614379086,-0.7299824025469602,1.2339393526666884,0.6009034584232675,0.018478849732404594,-0.003327015854159761,0.010357441905344995,0.0,0.0,1074
ewmac,ewmac_slow,trend,1d,SOL,2w,14,76,45,31,0.02369189259052933,0.1814984017536615,0.6634039265415185,1.1379776855941823,0.25875206075571755,0.5263157894736842,-0.6734703320419799,1.428792624422363,0.9465932599031097,0.04126991814636853,-0.0018245961195598056,0.024691892590529334,0.0,0.0,1074
ewmac,ewmac_slow,trend,1d,SOL,1m,30,35,23,12,0.033434130417967244,0.26918183011004726,0.4283735076316343,0.7348155072368276,0.4674901627836055,0.45714285714285713,-0.7968555370235932,1.4007097927864625,0.10826214121844369,0.08555671064223816,-0.06646748167855204,0.03443413041796724,0.0,0.0,1074
ewmac,ewmac_2speed,trend,1d,BNB,1w,7,186,112,74,0.00522289464219669,0.07884129657439214,0.47726165152379824,0.9034705060599972,0.367451148443202,0.46774193548387094,-0.5800642362520744,1.1994568184341652,0.5231468879076813,0.008672190980073949,2.3380227067865284e-06,0.006222894642196691,0.0,0.0,1308
ewmac,ewmac_2speed,trend,1d,BNB,2w,14,93,55,38,0.015595251171335629,0.10749003098712831,0.7391085396885976,1.399154455954493,0.16512918226844242,0.5913978494623656,-0.5485771409870384,1.5259935919386935,1.5877251840731619,0.021759241736004683,0.0066736858803672465,0.016595251171335625,0.0,0.0,1308
ewmac,ewmac_2speed,trend,1d,BNB,1m,30,43,23,20,0.025044893400892127,0.15694812859664817,0.5527641056516833,1.0463988981105594,0.301361853631883,0.5813953488372093,-0.5850322968167594,1.6185878615854024,0.8245973943391094,0.05183919781937197,-0.005768556680359682,0.02604489340089213,0.0,0.0,1308
ewmac,ewmac_3speed,trend,1d,BNB,1w,7,186,109,77,0.0027597468895149946,0.07882203489637384,0.25224388245039114,0.4775051743637305,0.6335660995054855,0.45161290322580644,-0.686005208243955,1.1008333210576433,-0.03629660020224945,0.006888535056391693,-0.003084901294765006,0.0037597468895149955,0.0,0.0,1308
ewmac,ewmac_3speed,trend,1d,BNB,2w,14,93,54,39,0.012756021451232651,0.10776734334440087,0.6029927611941566,1.1414832374803412,0.25663132194950955,0.5591397849462365,-0.5523110791023498,1.4110030181641329,0.9875166337851613,0.01983320176710455,0.002956848706179248,0.013756021451232652,0.0,0.0,1308
ewmac,ewmac_3speed,trend,1d,BNB,1m,30,43,21,22,0.02306324531127599,0.15712334728839167,0.5084596378978575,0.9625292224840608,0.3412930520709091,0.5813953488372093,-0.5850322968167596,1.557186110510126,0.6759643038544787,0.0544631097057653,-0.006909352519827439,0.02406324531127599,0.0,0.0,1308
ewmac,ewmac_4speed,trend,1d,BNB,1w,7,186,100,86,0.0023860370010333003,0.07883397171409139,0.21805336810520823,0.4127815134551532,0.6802446879445903,0.45698924731182794,-0.662226996591777,1.086620661252321,-0.10104890678148448,0.007006319112538657,-0.0029863840588566478,0.003386037001033301,0.0,0.0,1308
ewmac,ewmac_4speed,trend,1d,BNB,2w,14,93,49,44,0.01726622597409646,0.10738873795579575,0.8190732007364154,1.5505299384662818,0.12444771563406665,0.5913978494623656,-0.5466467588266286,1.5977489274875034,2.021543763430749,0.025966502657607988,0.007577281485640431,0.018266225974096457,0.0,0.0,1308
ewmac,ewmac_4speed,trend,1d,BNB,1m,30,43,21,22,0.030132072907170383,0.15735037319275041,0.6633428010715372,1.2557276585325516,0.21615579805386886,0.5813953488372093,-0.5850322968167595,1.7856764909817655,1.2645768452884574,0.060689098665217746,0.0009640028653979192,0.031132072907170395,0.0,0.0,1308
ewmac,ewmac_5speed,trend,1d,BNB,1w,7,186,107,79,0.004201516014614714,0.07889820433880365,0.3836524151315424,0.7262654364610119,0.46859392755384077,0.45161290322580644,-0.6253370427151234,1.1573593534567903,0.25947733039015874,0.008199209682291573,-0.0012130817378083753,0.005201516014614715,0.0,0.0,1308
ewmac,ewmac_5speed,trend,1d,BNB,2w,14,93,52,41,0.015165906059687857,0.10755532468845724,0.7183241711548441,1.3598090279332533,0.17721358242944027,0.5806451612903226,-0.5485771409870384,1.5076897372011784,1.4863427144366894,0.022677661569293295,0.0056388015109199805,0.016165906059687856,0.0,0.0,1308
ewmac,ewmac_5speed,trend,1d,BNB,1m,30,43,22,21,0.02001631279704946,0.1575277698292116,0.44015307734500697,0.8332228710668351,0.40943254332295864,0.5581395348837209,-0.5850322968167595,1.4666978805580764,0.47010376179879154,0.04906180342696857,-0.010412296434294374,0.02101631279704946,0.0,0.0,1308
ewmac,ewmac_fast,trend,1d,BNB,1w,7,178,102,76,0.008436768871451441,0.07903548537956616,0.7523268958689827,1.4241771974830535,0.15615577617133292,0.48314606741573035,-0.6595647691674409,1.3617693666670336,1.6863165059633962,0.011578454462199551,0.004220296104921084,0.009436768871451442,0.0,0.0,1308
ewmac,ewmac_fast,trend,1d,BNB,2w,14,91,52,39,0.013929437337704114,0.10692091292880312,0.6564991560492267,1.2427724348897957,0.2171798369704978,0.4725274725274725,-0.5435548955014613,1.439585162716112,1.1924566694572962,0.02105808171718638,0.004424578165061084,0.014929437337704111,0.0,0.0,1308
ewmac,ewmac_fast,trend,1d,BNB,1m,30,43,23,20,0.02822858055243055,0.177094298676501,0.5521553045300698,1.0452464194739917,0.3018878003350723,0.5581395348837209,-0.4316287739993643,1.5813623696044348,0.820592347789739,0.05015190359374909,0.003016759054914242,0.02922858055243056,0.0,0.0,1308
ewmac,ewmac_slow,trend,1d,BNB,1w,7,186,110,76,-0.0017925196098190252,0.07811645850718701,-0.16531809872597647,-0.31295207951436854,0.7546695854923059,0.44623655913978494,-0.697077479718954,0.9391497724920922,-0.5855186107174766,0.0029479744253587854,-0.00865376097652375,-0.0007925196098190244,0.0,0.0,1308
ewmac,ewmac_slow,trend,1d,BNB,2w,14,93,56,37,0.0012266107083213408,0.1030929013188881,0.06061247587019861,0.11474122019474062,0.9089002922101614,0.5161290322580645,-0.5945793949578272,1.0340386722492034,-0.3085258107365155,0.01024194468287634,-0.012418219091005144,0.0022266107083213416,0.0,0.0,1308
ewmac,ewmac_slow,trend,1d,BNB,1m,30,43,24,19,0.018276820365769685,0.15652483694548888,0.4044773168790685,0.7656875950618878,0.4481440111346938,0.5581395348837209,-0.4494689308637808,1.419914137729929,0.36766765018395753,0.04613992667753684,-0.016918682343830937,0.019276820365769685,0.0,0.0,1308
ewmac,ewmac_2speed,trend,1d,ADA,1w,7,186,68,118,0.004850258683848124,0.11353059014928196,0.3077875430558799,0.582650976452469,0.5608377629503206,0.46774193548387094,-0.8970054501453173,1.1234877286657887,-0.2557537121515858,-0.00041544608390000693,0.007884732617804674,0.005850258683848124,0.0,0.0,1308
ewmac,ewmac_2speed,trend,1d,ADA,2w,14,93,34,59,0.02059160680872493,0.1601027945227633,0.6552022181147821,1.240317292792751,0.2180120257644088,0.5161290322580645,-0.7857278966765598,1.4174760416295193,1.0387065611331345,0.012934155679438878,0.025004375256110108,0.021591606808724923,0.0,0.0,1308
ewmac,ewmac_2speed,trend,1d,ADA,1m,30,43,13,30,0.005999026533399596,0.2404212948299038,0.08643400542473122,0.1636221438964294,0.8708134436103002,0.4883720930232558,-0.9330434725135386,1.0665324693188307,-0.7017442770421657,-0.040031586483905875,0.025945625507565295,0.006999026533399597,0.0,0.0,1308
ewmac,ewmac_3speed,trend,1d,ADA,1w,7,186,66,120,0.005316169407202017,0.113341075842097,0.33791736776344083,0.6396876310613753,0.5231670571251607,0.5,-0.9138579767680485,1.1364180464166878,-0.18738170925090902,0.0004874867448942657,0.00797194487147128,0.006316169407202018,0.0,0.0,1308
ewmac,ewmac_3speed,trend,1d,ADA,2w,14,93,34,59,0.022134306194860225,0.1599203483210882,0.7050927042031824,1.334761467324588,0.18524827758733597,0.5161290322580645,-0.7859106773912894,1.4555605488943981,1.3531532733661527,0.015082353055563784,0.02619814359716665,0.02313430619486023,0.0,0.0,1308
ewmac,ewmac_3speed,trend,1d,ADA,1m,30,43,14,29,-0.004601889694878924,0.23673869050255775,-0.0673354476409336,-0.12746800578193368,0.8991783485948172,0.5116279069767442,-0.9459206444179128,0.951154882787561,-0.808682068357212,-0.04948415813387069,0.01706541231015158,-0.0036018896948789235,0.0,0.0,1308
ewmac,ewmac_4speed,trend,1d,ADA,1w,7,186,67,119,0.005760044023159208,0.11343338082523602,0.36583391003818483,0.6925344761742821,0.48947011848000793,0.4946236559139785,-0.8331604949039384,1.1484644077163189,-0.11809867558457199,0.0008522070395020852,0.008523279971940948,0.006760044023159209,0.0,0.0,1308
ewmac,ewmac_4speed,trend,1d,ADA,2w,14,93,35,58,0.025360495722902342,0.16024590170587363,0.8062223654059264,1.526202924841237,0.1303899821817852,0.5268817204301075,-0.7466183100261468,1.5372608284232836,2.16474508224918,0.018527102422520144,0.0294840951283054,0.026360495722902347,0.0,0.0,1308
ewmac,ewmac_4speed,trend,1d,ADA,1m,30,43,14,29,-0.007698303291521417,0.23664746117242935,-0.11268599804085613,-0.21331794698106296,0.8321110908346742,0.46511627906976744,-0.9520838345152518,0.9196131567152181,-0.8325422257024855,-0.05436853775240874,0.014832154724079356,-0.0066983032915214165,0.0,0.0,1308
ewmac,ewmac_5speed,trend,1d,ADA,1w,7,186,62,124,0.005084676317450217,0.11349337223540129,0.32276901994972496,0.6110113579488513,0.5419420568992537,0.489247311827957,-0.904159974627592,1.1299525657429483,-0.22241665422704882,-8.135030177138899e-05,0.0076676896270610195,0.006084676317450218,0.0,0.0,1308
ewmac,ewmac_5speed,trend,1d,ADA,2w,14,93,33,60,0.020681421753682053,0.160105096315528,0.6580505698341413,1.2457093073430718,0.21603427934642105,0.5053763440860215,-0.7859106773912894,1.419504409964067,1.055677166435327,0.013453374475504704,0.0246568477566796,0.021681421753682047,0.0,0.0,1308
ewmac,ewmac_5speed,trend,1d,ADA,1m,30,43,13,30,-0.00741472962746225,0.23665552754545205,-0.10853141237633206,-0.20545319270882492,0.8382106361132732,0.4883720930232558,-0.9520838345152518,0.9224409604421944,-0.8304857449922711,-0.05800625232883026,0.014508263543130551,-0.006414729627462249,0.0,0.0,1308
ewmac,ewmac_fast,trend,1d,ADA,1w,7,181,71,110,0.006851348217798776,0.12150514351982766,0.40074049093695224,0.7586136723735624,0.4490758707620912,0.49171270718232046,-0.859729739860061,1.1682210606850918,-0.011963869856832177,0.003994470800244461,0.008695332732765654,0.007851348217798778,0.0,0.0,1308
ewmac,ewmac_fast,trend,1d,ADA,2w,14,92,38,54,0.014344077082096422,0.16423827179108022,0.4425218484266272,0.8377070252011947,0.40439007408695427,0.45652173913043476,-0.8592985963081969,1.2747970384459526,0.12778693999688118,0.0044214615222906385,0.02132665840195976,0.01534407708209643,0.0,0.0,1308
ewmac,ewmac_fast,trend,1d,ADA,1m,30,43,17,26,0.05046135267814825,0.24770891370449863,0.7056576293937777,1.3358308875183198,0.18879831115889423,0.5581395348837209,-0.5944719910211237,1.7300789619323484,1.6257722310640976,0.04444133671428766,0.05439751696221095,0.05146135267814824,0.0,0.0,1308
ewmac,ewmac_slow,trend,1d,ADA,1w,7,186,65,121,0.011000950754307062,0.11264392496902813,0.7035929485405208,1.331922385233695,0.18452427412570557,0.543010752688172,-0.7613903831493541,1.304200803372233,1.3455070720787128,0.009310616143225032,0.011908981743731294,0.012000950754307061,0.0,0.0,1308
ewmac,ewmac_slow,trend,1d,ADA,2w,14,93,31,62,0.0211459987434669,0.15966037655400656,0.674706800273116,1.2772400471284826,0.20473149877294547,0.5268817204301075,-0.6547000791144558,1.4319457809484633,1.1504898945197826,0.014269671121252029,0.024584162554574327,0.022145998743466896,0.0,0.0,1308
ewmac,ewmac_slow,trend,1d,ADA,1m,30,43,15,28,0.00027396832126065933,0.2362738844824875,0.00401662618540017,0.007603592873617618,0.9939692713231165,0.5348837209302325,-0.9331865195420712,1.0029862367244553,-0.7636322262075772,-0.03636325049209926,0.019901049828417762,0.00127396832126066,0.0,0.0,1308
ewmac,ewmac_2speed,trend,1d,AVAX,1w,7,141,55,86,0.018887550366116924,0.14446874155823064,0.9435811621883679,1.5524274096554775,0.12281768041406733,0.5390070921985816,-0.7260606167221517,1.4366359443094894,2.710610365318411,0.021247991924418168,0.017377965648598687,0.019887550366116925,0.0,0.0,988
ewmac,ewmac_2speed,trend,1d,AVAX,2w,14,70,28,42,0.052385354349627954,0.21954771747514273,1.2133830937627215,1.99631918127862,0.04984677421185849,0.5285714285714286,-0.6794940158981538,1.9984724122663482,8.153859915716247,0.06066094561932297,0.046868293503164585,0.05338535434962794,0.0,0.0,988
ewmac,ewmac_2speed,trend,1d,AVAX,1m,30,32,14,18,0.0819305040343328,0.28109587085482984,1.0021531816720608,1.6487930559073338,0.10928929532505138,0.65625,-0.5397857194671544,2.226122246435463,3.3284106962868405,0.10009160745817734,0.0678052013713426,0.0829305040343328,0.0,0.0,988
ewmac,ewmac_3speed,trend,1d,AVAX,1w,7,141,52,89,0.015791408124423194,0.14375692168401114,0.7928108949239083,1.304372547136186,0.19424688770636267,0.5319148936170213,-0.8519071305009351,1.3544675132215298,1.4146197781053815,0.018830906052828937,0.014015521694343436,0.016791408124423195,0.0,0.0,988
ewmac,ewmac_3speed,trend,1d,AVAX,2w,14,70,28,42,0.04957602637007961,0.219272504421864,1.1497529092689687,1.8916315863499105,0.06273759478800336,0.5285714285714286,-0.7224455193344754,1.9248060477601472,6.553564453259206,0.05914514182448327,0.04319661606714383,0.05057602637007961,0.0,0.0,988
ewmac,ewmac_3speed,trend,1d,AVAX,1m,30,32,13,19,0.07686446578579531,0.28311383944481205,0.9334852558061287,1.535817114302872,0.13472793940626773,0.625,-0.6352117493298439,2.1068159124239534,2.6745093460008307,0.09868669034769692,0.06193347003291526,0.07786446578579531,0.0,0.0,988
ewmac,ewmac_4speed,trend,1d,AVAX,1w,7,141,55,86,0.019568047621894475,0.14438228691744728,0.9781626964958354,1.6093226973934673,0.10979842917908372,0.5390070921985816,-0.7538891000898382,1.4557969007220577,3.0844126220220414,0.022038887325482096,0.01798785943936751,0.020568047621894476,0.0,0.0,988
ewmac,ewmac_4speed,trend,1d,AVAX,2w,14,70,27,43,0.05543967720703288,0.21925362677062468,1.2858517106035905,2.1155482117339,0.03799517692830571,0.5428571428571428,-0.6794940158981537,2.084200415199727,10.311120372077676,0.06743979155488147,0.04790472168629074,0.05643967720703288,0.0,0.0,988
ewmac,ewmac_4speed,trend,1d,AVAX,1m,30,32,15,17,0.08036671350751756,0.28156543215952345,0.9813859193350771,1.6146257064864649,0.11652588246124392,0.625,-0.5622683550787185,2.1884313825677246,3.1169568484202737,0.09170498822900211,0.07036235345914885,0.08136671350751756,0.0,0.0,988
ewmac,ewmac_5speed,trend,1d,AVAX,1w,7,141,57,84,0.015329867957935051,0.14377300534725712,0.7695530775339801,1.2661076106879543,0.20757727256454922,0.5390070921985816,-0.8135808319573927,1.3425702993235007,1.2629074220259993,0.016745956058899943,0.014368951032280303,0.016329867957935052,0.0,0.0,988
ewmac,ewmac_5speed,trend,1d,AVAX,2w,14,70,30,40,0.05004375147930272,0.21912666025232397,1.1613727160569591,1.91074907965673,0.06019246625591733,0.5285714285714286,-0.6794940158981537,1.9379548385260232,6.806629526973585,0.055897648017514685,0.04565332907564375,0.05104375147930271,0.0,0.0,988
ewmac,ewmac_5speed,trend,1d,AVAX,1m,30,32,13,19,0.06996296588941096,0.28366734095653584,0.8480116591309099,1.3951916338484864,0.1728739636181794,0.625,-0.6298972203377466,1.9681027989671716,1.956949816095097,0.09174111607483196,0.05506212628885976,0.07096296588941096,0.0,0.0,988
ewmac,ewmac_fast,trend,1d,AVAX,1w,7,135,57,78,0.023923980726025803,0.1425221829065786,1.1854570466141017,1.9503738373335344,0.053219010610852505,0.5333333333333333,-0.6225051730122421,1.6088745476519732,6.20164292198263,0.02351154992545251,0.02422537246490629,0.024923980726025804,0.0,0.0,988
ewmac,ewmac_fast,trend,1d,AVAX,2w,14,68,28,40,0.06213551963770455,0.20239332261402898,1.5387432855614416,2.5316182101270392,0.013705882387199017,0.5441176470588235,-0.5768860450365838,2.2573159527936846,17.723110352067454,0.07337545909158072,0.054267562019991236,0.06313551963770457,0.0,0.0,988
ewmac,ewmac_fast,trend,1d,AVAX,1m,30,32,9,23,0.09206755623535526,0.29291010919212984,1.0807250153539831,1.7780634071210188,0.08520464650637326,0.65625,-0.7624516148690715,2.5328402654350692,4.609172870626099,0.16704331589221613,0.06272921550006184,0.09306755623535523,0.0,0.0,988
ewmac,ewmac_slow,trend,1d,AVAX,1w,7,141,52,89,0.020182051305472716,0.14326612279939807,1.0167151953478364,1.6727512166633443,0.09660951134525504,0.5460992907801419,-0.6728302341439888,1.4753327760849924,3.484316988494202,0.024461520548932306,0.017681687253114305,0.021182051305472713,0.0,0.0,988
ewmac,ewmac_slow,trend,1d,AVAX,2w,14,70,25,45,0.03571232872354994,0.21788960515385514,0.8334866317248587,1.3712943247724392,0.1747265845159872,0.5428571428571428,-0.7949300102139936,1.6032984320385875,1.9188303882637379,0.047319879624979785,0.029263689333866694,0.036712328723549945,0.0,0.0,988
ewmac,ewmac_slow,trend,1d,AVAX,1m,30,32,14,18,0.036427618295030134,0.28453150324720117,0.4401932390665439,0.7242281610275596,0.47435633559894896,0.53125,-0.8714860696172637,1.4199000548403873,0.02676678937044774,0.052169170794193816,0.024184188573458373,0.037427618295030135,0.0,0.0,988
ewmac,ewmac_2speed,trend,1d,DOT,1w,7,143,42,101,0.01901190631661675,0.11202954074227102,1.2229945735269538,2.029369498894465,0.044288882902940585,0.5524475524475524,-0.7144587924662176,1.5715784548824876,5.4032844136541085,0.015427641900017906,0.020502392509657855,0.02001190631661675,0.0,0.0,1005
ewmac,ewmac_2speed,trend,1d,DOT,2w,14,71,19,52,0.045850214952946756,0.1787132346565907,1.3027984592293205,2.161791649444648,0.03405517708656076,0.647887323943662,-0.5535863849638343,2.14021692645711,8.456926732711377,0.04793910701355397,0.04508696593080179,0.04685021495294675,0.0,0.0,1005
ewmac,ewmac_2speed,trend,1d,DOT,1m,30,33,9,24,0.0022959162745063524,0.2447765186754364,0.0324718224797791,0.0538819448102212,0.9573642126941578,0.5757575757575758,-0.8921368681641292,1.025427055774084,-0.636579693259496,-0.06630758710583258,0.02802223004213344,0.0032959162745063468,0.0,0.0,1005
ewmac,ewmac_3speed,trend,1d,DOT,1w,7,143,41,102,0.021453753294452718,0.11318249642698835,1.366014890499259,2.2666894962749913,0.02492014675971463,0.5594405594405595,-0.5489036890209407,1.6643920117598252,8.006022003594307,0.019105145461157453,0.022397801541169448,0.022453753294452723,0.0,0.0,1005
ewmac,ewmac_3speed,trend,1d,DOT,2w,14,71,18,53,0.04392131514391483,0.17903397993951753,1.2457544446294515,2.0671359691748505,0.04242087999786145,0.6619718309859155,-0.538887725346612,2.0698661986631386,7.251638394853188,0.04635613523018946,0.043094395114614,0.04492131514391482,0.0,0.0,1005
ewmac,ewmac_3speed,trend,1d,DOT,1m,30,33,9,24,0.09045034958619055,0.32872136710186367,0.9525826926178909,1.5806629918222646,0.12379029205012769,0.6363636363636364,-0.5054619555689558,2.467407225882525,4.135878532328015,0.12964934688372237,0.07575072559961611,0.09145034958619054,0.0,0.0,1005
ewmac,ewmac_4speed,trend,1d,DOT,1w,7,143,44,99,0.015280601842767243,0.1124230908976398,0.9795268802558775,1.6253726853471755,0.10630059469043596,0.5384615384615384,-0.6744460855911568,1.4360871036226583,2.7578006663893104,0.00889862740134616,0.01811703492784328,0.01628060184276724,0.0,0.0,1005
ewmac,ewmac_4speed,trend,1d,DOT,2w,14,71,20,51,0.04626616435374506,0.17857859552176858,1.315608494610775,2.18304791308277,0.03238793743441217,0.6619718309859155,-0.5263211052121386,2.157282315709128,8.741617356498265,0.046315095219485,0.04624697577894507,0.04726616435374505,0.0,0.0,1005
ewmac,ewmac_4speed,trend,1d,DOT,1m,30,33,10,23,0.06768709882664128,0.3295672000187381,0.7110207727214012,1.1798285131224944,0.24676537564307316,0.6060606060606061,-0.5919146232204081,1.9535468252835473,1.4619116583220162,0.08584595372542039,0.059791944522824256,0.06868709882664129,0.0,0.0,1005
ewmac,ewmac_5speed,trend,1d,DOT,1w,7,143,42,101,0.016436720071311757,0.11233677666131602,1.0544466725747215,1.7496904416859524,0.0823320030036468,0.5384615384615384,-0.6719388601719929,1.4764427611518784,3.4320227355098103,0.011155080142406798,0.018633045586301942,0.017436720071311758,0.0,0.0,1005
ewmac,ewmac_5speed,trend,1d,DOT,2w,14,71,19,52,0.042941332737388316,0.1792771352007337,1.2163069581035229,2.018272440040387,0.047396303059918925,0.647887323943662,-0.5699045385211081,2.0335194072203424,6.696590219939503,0.04206452768633937,0.043261703813733114,0.04394133273738832,0.0,0.0,1005
ewmac,ewmac_5speed,trend,1d,DOT,1m,30,33,10,23,0.06254066979917704,0.32666217564378497,0.6628023647020742,1.0998175558886651,0.27961699420262215,0.6060606060606061,-0.7198898733441581,1.8618463003095878,1.1045450330810018,0.0806274548698899,0.054676850203214895,0.06354066979917701,0.0,0.0,1005
ewmac,ewmac_fast,trend,1d,DOT,1w,7,137,51,86,0.008935957039070167,0.11815194104314598,0.5334870679555669,0.8852389104568709,0.37759026381906824,0.49635036496350365,-0.7957982436473747,1.2323189083353367,0.39208385428670867,-0.00130360601470225,0.015008256059330559,0.009935957039070168,0.0,0.0,1005
ewmac,ewmac_fast,trend,1d,DOT,2w,14,70,30,40,0.04240381616655905,0.16524143096536167,1.2938931603766155,2.1470146894634587,0.0353087386740569,0.5857142857142857,-0.44814705344212213,2.050508317460874,7.017889096896228,0.03405745658075569,0.04866358585591156,0.04340381616655906,0.0,0.0,1005
ewmac,ewmac_fast,trend,1d,DOT,1m,30,33,14,19,-0.007655897946735921,0.2562491277384745,-0.10343180679220439,-0.17162901493039115,0.8648099632534432,0.48484848484848486,-0.849486441879042,0.9245290160032306,-0.729600853169786,-0.03751409979475336,0.014344882362329564,-0.00665589794673592,0.0,0.0,1005
ewmac,ewmac_slow,trend,1d,DOT,1w,7,143,38,105,0.016334281578344018,0.111895146872511,1.052010821742855,1.745648525647199,0.08303496382849161,0.5664335664335665,-0.6446174237613504,1.4746332491552916,3.3780264816326504,0.012279948215448021,0.01780156412872543,0.017334281578344022,0.0,0.0,1005
ewmac,ewmac_slow,trend,1d,DOT,2w,14,71,19,52,0.04862120094442947,0.18065582509470676,1.3666782655638037,2.2677902641372976,0.026430835370625204,0.647887323943662,-0.39632540184539244,2.236840617101098,10.389922290818177,0.05077337470736726,0.04783482976181757,0.04962120094442946,0.0,0.0,1005
ewmac,ewmac_slow,trend,1d,DOT,1m,30,33,8,25,0.035295491236126304,0.25745180848497135,0.47461739912826434,0.787553840617505,0.43675258667768035,0.6060606060606061,-0.8417709667932728,1.4551510421392035,0.039367085673679414,-0.02201276935105058,0.05363413462402288,0.0362954912361263,0.0,0.0,1005
ewmac,ewmac_2speed,trend,1d,LINK,1w,7,186,86,100,1.9209891739303386e-05,0.1171765403990033,0.0011810907771363848,0.0022358399815179705,0.9982184683834929,0.42473118279569894,-0.901652295493049,1.000438791814399,-0.699823529008649,0.0008492337048475095,-0.0006946105875337539,0.0010192098917393042,0.0,0.0,1308
ewmac,ewmac_2speed,trend,1d,LINK,2w,14,93,44,49,0.010744193957770723,0.16328315158583864,0.3352096402926233,0.6345618223974665,0.5272890938299023,0.5268817204301075,-0.6998399516269995,1.1949438342354712,-0.12477867740564108,0.014634274802707447,0.007251060137827544,0.011744193957770722,0.0,0.0,1308
ewmac,ewmac_2speed,trend,1d,LINK,1m,30,43,16,27,0.056485751263391844,0.2732317418974439,0.7161179280749218,1.3556325441417214,0.18246128185781663,0.5813953488372093,-0.6278639223233646,1.9216288062655436,2.0933918881743483,0.08930727183068957,0.0370359612975858,0.05748575126339183,0.0,0.0,1308
ewmac,ewmac_3speed,trend,1d,LINK,1w,7,186,86,100,0.003569385260102863,0.11757630183303124,0.21871202527032768,0.41402837106541907,0.6793329387589353,0.45698924731182794,-0.8071491798484673,1.0848292080891344,-0.42063954994048736,0.0051335259134911515,0.002224224298188935,0.004569385260102864,0.0,0.0,1308
ewmac,ewmac_3speed,trend,1d,LINK,2w,14,93,42,51,0.008379522031819754,0.16340068883286168,0.2612458490614207,0.49454616498938636,0.6220994136240312,0.5053763440860215,-0.7329565906488791,1.1489153390332891,-0.2975820653320528,0.012094281473326212,0.005320308374108556,0.009379522031819755,0.0,0.0,1308
ewmac,ewmac_3speed,trend,1d,LINK,1m,30,43,15,28,0.024015872098033905,0.27221406685129546,0.3056079066617853,0.5785248599088244,0.565999394255843,0.5116279069767442,-0.7278600859102757,1.3195085833553424,-0.21789672127618986,0.04671237542611619,0.011857031029418378,0.025015872098033885,0.0,0.0,1308
ewmac,ewmac_4speed,trend,1d,LINK,1w,7,186,91,95,-0.004990244234459845,0.11466922289243263,-0.3135262908274477,-0.5935145967261177,0.5535617675422312,0.41935483870967744,-0.9210530088172358,0.8912416122046374,-0.8798531394247741,-0.004623409469396703,-0.005341633325204541,-0.003990244234459844,0.0,0.0,1308
ewmac,ewmac_4speed,trend,1d,LINK,2w,14,93,45,48,0.0052049652698685275,0.1634180512583972,0.16225640270675173,0.3071561978568771,0.7594186708776115,0.4731182795698925,-0.7169851279714822,1.0900212818234294,-0.47695144860219507,0.008632605982512124,0.0019915521017651546,0.006204965269868528,0.0,0.0,1308
ewmac,ewmac_4speed,trend,1d,LINK,1m,30,43,16,27,0.02661662941399277,0.27197182463760317,0.33900486522192513,0.6417462961060499,0.5245251259641059,0.5348837209302325,-0.7278600859102757,1.3602795049875054,-0.1253068698926859,0.04732275055792674,0.014346335402772633,0.027616629413992757,0.0,0.0,1308
ewmac,ewmac_5speed,trend,1d,LINK,1w,7,186,83,103,-0.0033713373493066945,0.11659626398765233,-0.20831311319454235,-0.3943429211123659,0.6937820838026956,0.41935483870967744,-0.9439677100327505,0.9255932755726662,-0.8396899576528298,-0.0030023931327072635,-0.0036686419121974984,-0.0023713373493066937,0.0,0.0,1308
ewmac,ewmac_5speed,trend,1d,LINK,2w,14,93,42,51,0.0018005957742479224,0.1632360841695731,0.056193242536307995,0.10637548001046296,0.9155160584304823,0.4838709677419355,-0.8244095388968062,1.0303340508139185,-0.6184919113075665,0.005027414790260055,-0.0008567845918797123,0.0028005957742479235,0.0,0.0,1308
ewmac,ewmac_5speed,trend,1d,LINK,1m,30,43,15,28,0.024015872098033905,0.27221406685129546,0.3056079066617853,0.5785248599088244,0.565999394255843,0.5116279069767442,-0.7278600859102757,1.3195085833553424,-0.21789672127618986,0.04671237542611619,0.011857031029418378,0.025015872098033885,0.0,0.0,1308
ewmac,ewmac_fast,trend,1d,LINK,1w,7,180,82,98,-0.00188542240826504,0.11867911956174083,-0.11259345900379135,-0.213142767830632,0.8314581630585254,0.43333333333333335,-0.8479457216839379,0.9582657717208614,-0.793397694913397,-0.0012561877692462717,-0.002411924861321559,-0.0008854224082650384,0.0,0.0,1308
ewmac,ewmac_fast,trend,1d,LINK,2w,14,91,50,41,0.0214453721371005,0.15212815466064727,0.7103743080473994,1.3447597005425889,0.18208207761040857,0.46153846153846156,-0.5881176413197821,1.4531326025722082,1.6719951947632508,0.021578220082235297,0.02128336244791172,0.022445372137100503,0.0,0.0,1308
ewmac,ewmac_fast,trend,1d,LINK,1m,30,43,20,23,0.03732599484304436,0.2901161880418411,0.44567289027411666,0.8436720411698528,0.40363235332754605,0.46511627906976744,-0.532443483917428,1.4951696553336542,0.2604184236556333,0.062202918691848,0.0156938871484325,0.038325994843044345,0.0,0.0,1308
ewmac,ewmac_slow,trend,1d,LINK,1w,7,186,81,105,0.007584736992816308,0.11729740706146513,0.46585541323260876,0.8818781576107148,0.37898706556328654,0.489247311827957,-0.6228771674122555,1.1890675728229256,0.2239870385674263,0.010343520184062009,0.0054565328167124815,0.008584736992816307,0.0,0.0,1308
ewmac,ewmac_slow,trend,1d,LINK,2w,14,93,42,51,0.014091113958947311,0.16366841010938254,0.43859582977845646,0.8302749550913526,0.4085327345298431,0.5483870967741935,-0.5884232623820139,1.2628765990532167,0.19127894406164136,0.017955642040225657,0.010908561421423966,0.015091113958947312,0.0,0.0,1308
ewmac,ewmac_slow,trend,1d,LINK,1m,30,43,18,25,0.012885028858474507,0.27422454768047866,0.16276306324134998,0.3081153213232872,0.759517544149893,0.4418604651162791,-0.8131517345819129,1.1597252545967272,-0.5176963890112123,0.03312546195367793,-0.0016880829700719512,0.01388502885847451,0.0,0.0,1308
ewmac,ewmac_2speed,trend,1d,UNI,1w,7,143,48,95,0.04281235142270775,0.6064591207506855,0.5087436128264782,0.8441809906400828,0.3999882202189204,0.44755244755244755,-0.9999681112418816,1.5631208216330466,-0.9995405101587937,0.10223812483198107,0.012786697489601246,0.043812351422707764,0.0,0.0,1005
ewmac,ewmac_2speed,trend,1d,UNI,2w,14,71,24,47,0.12432888437945344,0.9661683743939156,0.6534491460918788,1.0842973426555977,0.28195345839410685,0.4084507042253521,-0.9991199519023627,2.176334166521774,-0.9805897086046382,0.16185735838845527,0.10516540828975038,0.12532888437945344,0.0,0.0,1005
ewmac,ewmac_2speed,trend,1d,UNI,1m,30,33,9,24,0.258464331974408,1.373525963000005,0.6514545433082589,1.0809876092037027,0.2877823305149376,0.3939393939393939,-0.9687350442226598,2.8144476639436222,-0.8885376059686132,-0.056841253567854855,0.3767039265527566,0.25946433197440805,0.0,0.0,1005
ewmac,ewmac_3speed,trend,1d,UNI,1w,7,143,45,98,0.04974774041359493,0.6465111724772855,0.5545347228091265,0.9201642238700712,0.3590474810196311,0.45454545454545453,-0.9995776039680149,1.658431457370255,-0.9993109014907774,0.05055316370439253,0.049377903188228676,0.05074774041359494,0.0,0.0,1005
ewmac,ewmac_3speed,trend,1d,UNI,2w,14,71,21,50,0.08184888847309538,0.9573497652630175,0.43414492290304973,0.7203960538422788,0.47368000096942786,0.39436619718309857,-0.9993083994055068,1.7004341917333237,-0.99855669756346,-0.08032542286614602,0.1499620992355767,0.08284888847309534,0.0,0.0,1005
ewmac,ewmac_3speed,trend,1d,UNI,1m,30,33,8,25,0.11290811936044816,1.253768155207261,0.31176568352843537,0.5173267180818338,0.6084859016348336,0.36363636363636365,-0.9985618859875245,1.6569848007226928,-0.9966727931664603,-0.2025215065260081,0.2138455996441141,0.11390811936044817,0.0,0.0,1005
ewmac,ewmac_4speed,trend,1d,UNI,1w,7,143,51,92,0.05995694630444571,0.6180140578280808,0.6991535570991639,1.1601367124049164,0.24793998799896338,0.46853146853146854,-0.999760242092595,1.8453663406218095,-0.9960943433203087,0.1307651193450522,0.02070458951019649,0.06095694630444572,0.0,0.0,1005
ewmac,ewmac_4speed,trend,1d,UNI,2w,14,71,27,44,0.1629160331215563,0.978977068063325,0.8450528751018319,1.4022339647338884,0.16526459456389542,0.4507042253521127,-0.9903607100105971,2.730163860642034,-0.7873963615840764,0.21502451581516768,0.13094037328684022,0.16391603312155628,0.0,0.0,1005
ewmac,ewmac_4speed,trend,1d,UNI,1m,30,33,9,24,0.136538973644581,1.252749300982106,0.377322615479151,0.6261082621881295,0.5356847907339658,0.3939393939393939,-0.9984061706469535,1.8416158706305312,-0.9928706955201446,-0.12865964109914976,0.23598845417348002,0.13753897364458106,0.0,0.0,1005
ewmac,ewmac_5speed,trend,1d,UNI,1w,7,143,47,96,0.08345475558700631,0.7015289532569522,0.8573080660946265,1.4225695503057694,0.15705401693315704,0.46853146853146854,-0.9984134183754454,2.223183289667802,-0.9749600104980997,0.12860011842070948,0.06135233836633914,0.08445475558700634,0.0,0.0,1005
ewmac,ewmac_5speed,trend,1d,UNI,2w,14,71,22,49,0.1499043283332851,1.022573087773991,0.7444103278237643,1.2352332926473795,0.22087355600312522,0.43661971830985913,-0.9975601866409709,2.482663311205566,-0.9419332547481662,0.09175199282920628,0.1760135401922592,0.15090432833328504,0.0,0.0,1005
ewmac,ewmac_5speed,trend,1d,UNI,1m,30,33,9,24,0.136538973644581,1.252749300982106,0.377322615479151,0.6261082621881295,0.5356847907339658,0.3939393939393939,-0.9984061706469535,1.8416158706305312,-0.9928706955201446,-0.12865964109914976,0.23598845417348002,0.13753897364458106,0.0,0.0,1005
ewmac,ewmac_fast,trend,1d,UNI,1w,7,116,38,78,0.10703470288996779,0.6274549858243514,1.107221293294854,1.8372617260754658,0.06875311953359439,0.4827586206896552,-1.349986478563019,3.440388034843551,-1.1826219496238888,0.23092591806166352,0.046677444216577525,0.10803470288996778,0.0,0.0,1005
ewmac,ewmac_fast,trend,1d,UNI,2w,14,62,20,42,0.11394710513634397,0.9446151044450896,0.5724105857260252,0.9498264413117686,0.34594857678311924,0.45161290322580644,-0.9680264810073588,2.456526212614683,-0.9121336789693106,0.05128694344683561,0.1437852773694432,0.11494710513634396,0.0,0.0,1005
ewmac,ewmac_fast,trend,1d,UNI,1m,30,31,11,20,0.5187998795439467,1.549381560426569,1.1235327385738665,1.8643280354840608,0.07208722612960537,0.5806451612903226,-0.9526129064290179,7.150409965572359,23.469241771782002,0.5389128416627353,0.5077377503786128,0.5197998795439466,0.0,0.0,1005
ewmac,ewmac_slow,trend,1d,UNI,1w,7,143,27,116,0.0975958417920608,0.7012289479138477,1.0030045386160222,1.664330212071224,0.09825159558396723,0.4755244755244755,-0.9968795933099373,2.559917005237935,-0.8197366856294599,0.2493254999012203,0.062279455852859884,0.09859584179206082,0.0,0.0,1005
ewmac,ewmac_slow,trend,1d,UNI,2w,14,71,13,58,0.17552766093682845,1.020301121124396,0.8735942711420543,1.449593977471196,0.15163741409024006,0.4788732394366197,-0.9944156663373482,2.934639286705774,-0.6566007732182135,0.20900091751544483,0.16802503446231096,0.17652766093682845,0.0,0.0,1005
ewmac,ewmac_slow,trend,1d,UNI,1m,30,33,6,27,0.33059769795562016,1.3671270186412778,0.8371655144376227,1.3891461150367586,0.17438037284145214,0.48484848484848486,-0.9526129064290179,3.848546504979886,0.06100464369766434,0.05664256878036757,0.39147661555012075,0.33159769795562016,0.0,0.0,1005
ewmac,ewmac_2speed,trend,1d,ATOM,1w,7,181,53,128,0.01316299272896305,0.09799215389932639,0.9684479453079679,1.8071850496496846,0.07240326732689414,0.5138121546961326,-0.6172327927597392,1.4236051553087286,3.7271024957634538,0.003968533151526302,0.016970073647745457,0.014162992728963052,0.0,0.0,1271
ewmac,ewmac_2speed,trend,1d,ATOM,2w,14,90,25,65,0.030774303076800298,0.1517314611531149,1.0311159341548057,1.9241274760178921,0.05753399620979801,0.6,-0.5835851064915397,1.7815546972194425,5.109603408064582,0.015322513890973615,0.03671729891750287,0.0317743030768003,0.0,0.0,1271
ewmac,ewmac_2speed,trend,1d,ATOM,1m,30,42,14,28,0.03780387619198421,0.21946799604993453,0.5982234542320057,1.1163227596028216,0.27078381679975405,0.5476190476190477,-0.4407538070341023,1.560673019070917,0.891479020082018,-0.018290844256333254,0.06585123641614295,0.03880387619198422,0.0,0.0,1271
ewmac,ewmac_3speed,trend,1d,ATOM,1w,7,181,52,129,0.014414055133472778,0.09775060052544143,1.0631136371911032,1.983837211404793,0.048794115097094456,0.5193370165745856,-0.556355341319348,1.473349369071949,4.931520642026823,0.006049137295125163,0.017785959998543134,0.015414055133472779,0.0,0.0,1271
ewmac,ewmac_3speed,trend,1d,ATOM,2w,14,90,23,67,0.024034325071967375,0.1496351502134896,0.8165696206759193,1.523770500658518,0.13111162272837573,0.6222222222222222,-0.5943796835789315,1.5718088780451591,2.378392301440267,0.000794483260214937,0.032012181216300305,0.025034325071967376,0.0,0.0,1271
ewmac,ewmac_3speed,trend,1d,ATOM,1m,30,42,15,27,0.041782792624333286,0.21908324324229236,0.6623485716683128,1.2359842799760954,0.223499037630002,0.5714285714285714,-0.4333541505653191,1.6366852248178017,1.2334060245067078,-0.012156870919231847,0.07174927237075836,0.04278279262433328,0.0,0.0,1271
ewmac,ewmac_4speed,trend,1d,ATOM,1w,7,181,59,122,0.013932782698252452,0.0978404855845677,1.026673160267085,1.9158369792619618,0.056970687235828425,0.5138121546961326,-0.5835970417510499,1.4538830458267875,4.435745452468742,0.004758488266019278,0.01836953164498817,0.014932782698252454,0.0,0.0,1271
ewmac,ewmac_4speed,trend,1d,ATOM,2w,14,90,27,63,0.020099596584217498,0.1501546392460062,0.6805240808152039,1.2699009283196336,0.20743013809810854,0.5777777777777777,-0.6714895657264492,1.4571154624433436,1.3710473833719719,-0.0057845763665156655,0.031192813563103144,0.021099596584217496,0.0,0.0,1271
ewmac,ewmac_4speed,trend,1d,ATOM,1m,30,42,15,27,0.03263015716884914,0.22004971362359096,0.5149874671675793,0.9609991491347015,0.3421861224546772,0.5238095238095238,-0.5767782973103088,1.4671004146501825,0.5230498406584378,-0.023878109663831186,0.06402363874256044,0.03363015716884915,0.0,0.0,1271
ewmac,ewmac_5speed,trend,1d,ATOM,1w,7,181,54,127,0.012045629174851663,0.09799907379281217,0.8861769764435193,1.653662224109747,0.09993907422569977,0.5082872928176796,-0.6375809662604986,1.3812798487230498,2.8641421813460894,0.0018657923071723924,0.016374063748510567,0.013045629174851664,0.0,0.0,1271
ewmac,ewmac_5speed,trend,1d,ATOM,2w,14,90,25,65,0.023091234280038255,0.149788453816668,0.7837250377439077,1.4624804338828228,0.14713198487381451,0.6,-0.5943796835789315,1.5430823157238616,2.103252843507865,-0.0010213852563996228,0.03236531871712975,0.024091234280038253,0.0,0.0,1271
ewmac,ewmac_5speed,trend,1d,ATOM,1m,30,42,15,27,0.03828688587295154,0.21938006663182472,0.6061096266406725,1.1310388555426711,0.26461141857335335,0.5714285714285714,-0.4292814628587035,1.5700693961418721,0.9302807117016687,-0.016458478354989488,0.06870097711069656,0.03928688587295155,0.0,0.0,1271
ewmac,ewmac_fast,trend,1d,ATOM,1w,7,175,61,114,0.008912374091474324,0.10278274725204384,0.6147037564649732,1.1470760447467703,0.2529250240241371,0.4857142857142857,-0.7970656061293643,1.251607826114482,0.9463087568789534,0.0008364385361349437,0.013233708028980483,0.009912374091474323,0.0,0.0,1271
ewmac,ewmac_fast,trend,1d,ATOM,2w,14,89,27,62,0.01530903101047109,0.1484356229290332,0.5214086403534384,0.9729814639704315,0.33322945105351137,0.5056179775280899,-0.8706684683292197,1.322131961599314,0.475486408968677,-0.0119270405153263,0.027169900868479632,0.01630903101047109,0.0,0.0,1271
ewmac,ewmac_fast,trend,1d,ATOM,1m,30,42,18,24,0.00539073518881759,0.20919050744840356,0.0894961446602873,0.16700546004041997,0.8681867197863757,0.5238095238095238,-0.7919215623951551,1.0677080038631535,-0.47620494609720254,-0.040696991911234465,0.039956530513856635,0.006390735188817591,0.0,0.0,1271
ewmac,ewmac_slow,trend,1d,ATOM,1w,7,181,41,140,0.00464963493625474,0.09622195944725934,0.3483835206214901,0.6501056593302678,0.51645282373477,0.5027624309392266,-0.5977897368615956,1.1334919786300914,0.02639812917993667,-0.01477474578836372,0.01033820357703586,0.005649634936254738,0.0,0.0,1271
ewmac,ewmac_slow,trend,1d,ATOM,2w,14,90,21,69,0.004717110033236152,0.1416545793582162,0.1692935062418877,0.3159123781152989,0.7528086755000902,0.5333333333333333,-0.727368032579712,1.093892007619179,-0.382233746807752,-0.04278963150514541,0.019175683544917502,0.005717110033236153,0.0,0.0,1271
ewmac,ewmac_slow,trend,1d,ATOM,1m,30,42,9,33,0.033603782648641535,0.20803818936861684,0.5609748664596897,1.0468145415629897,0.3013174269244756,0.5714285714285714,-0.6537965230796579,1.4955604475882287,0.6389580683046348,-0.06067239805200749,0.05931546829427308,0.03460378264864154,0.0,0.0,1271
ewmac,ewmac_2speed,trend,1d,FTM,1w,7,157,60,97,0.032710436966137985,0.1680670340663628,1.4009495778039067,2.438673370447369,0.015863420390826437,0.554140127388535,-0.7143171927837169,1.668538193633906,20.052337970616428,0.029267778960760434,0.03483991614472204,0.03371043696613799,0.0,0.0,1106
ewmac,ewmac_2speed,trend,1d,FTM,2w,14,78,31,47,0.050913523416414794,0.2489374771081349,1.0376694699983613,1.8063012002031114,0.0747786790337781,0.5897435897435898,-0.7529877347760358,1.772964969025794,5.160878419010471,0.047530647884181605,0.05314478174618564,0.0519135234164148,0.0,0.0,1106
ewmac,ewmac_2speed,trend,1d,FTM,1m,30,36,16,20,0.0797168500032286,0.4574512079350103,0.600655516031564,1.0455783955156228,0.3029234359321939,0.5,-0.8076827194675196,1.7125198034979965,0.20149339752671813,0.06862246920975618,0.08859235463800656,0.0807168500032286,0.0,0.0,1106
ewmac,ewmac_3speed,trend,1d,FTM,1w,7,157,63,94,0.027011213931164065,0.16664897326503253,1.1667025719112583,2.030912845423399,0.043961919529545805,0.5477707006369427,-0.6484344514063316,1.52698913027767,7.778280861107788,0.02215337001506126,0.030267002938764883,0.028011213931164073,0.0,0.0,1106
ewmac,ewmac_3speed,trend,1d,FTM,2w,14,78,32,46,0.06511730883679342,0.250997146573024,1.3162665037996706,2.291263099033118,0.02468331176036371,0.5769230769230769,-0.6834803909745397,2.076829924328212,17.05140555947557,0.063875250064139,0.06598134972211828,0.06611730883679344,0.0,0.0,1106
ewmac,ewmac_3speed,trend,1d,FTM,1m,30,36,15,21,0.14387075208489972,0.45786293800757977,1.0830715358028729,1.8853338867429972,0.0677079683686294,0.5833333333333334,-0.7529713871081966,2.658728264872239,10.151560490024169,0.14089671369065038,0.1459950652236492,0.14487075208489963,0.0,0.0,1106
ewmac,ewmac_4speed,trend,1d,FTM,1w,7,157,67,90,0.031224750767421646,0.16831541866463143,1.335345889306277,2.3244751361375493,0.021389557988529474,0.5477707006369427,-0.7143171927837169,1.6289612484249774,15.675064890277664,0.024773234993139704,0.03602754584383154,0.03222475076742165,0.0,0.0,1106
ewmac,ewmac_4speed,trend,1d,FTM,2w,14,78,35,43,0.06058713442692466,0.2505080387608269,1.2270857578356233,2.1360236002068476,0.035855111025255154,0.5897435897435898,-0.6834803909745396,1.975455475132371,11.8071401827715,0.05540872400366192,0.0648021196551618,0.06158713442692468,0.0,0.0,1106
ewmac,ewmac_4speed,trend,1d,FTM,1m,30,36,17,19,0.09859242916214629,0.45600540279578033,0.7452357800478301,1.2972534345997704,0.2030302183337366,0.5277777777777778,-0.8076827194675196,1.948239934465726,1.342757280292442,0.087815441811894,0.10823499679131941,0.09959242916214629,0.0,0.0,1106
ewmac,ewmac_5speed,trend,1d,FTM,1w,7,157,61,96,0.03519335760504444,0.1675047877186179,1.5123495192493779,2.6325904642362308,0.009325638924098883,0.5605095541401274,-0.6308190456069296,1.7372529176623315,30.11095327969308,0.03193920938352259,0.03726109762080312,0.03619335760504444,0.0,0.0,1106
ewmac,ewmac_5speed,trend,1d,FTM,2w,14,78,31,47,0.06594591311774882,0.2507763051877241,1.334189617652634,2.322462380692658,0.022851668014205122,0.5897435897435898,-0.6834803909745397,2.0981674342262107,18.257645257751413,0.06699359862335239,0.06525488650766989,0.06694591311774883,0.0,0.0,1106
ewmac,ewmac_5speed,trend,1d,FTM,1m,30,36,14,22,0.124995172925982,0.4612128541184958,0.9341399766089797,1.6260844225369486,0.11290342664430683,0.5555555555555556,-0.7529713871081966,2.320720871253906,4.71912695079165,0.1227534072795469,0.12642175106462253,0.12599517292598195,0.0,0.0,1106
ewmac,ewmac_fast,trend,1d,FTM,1w,7,152,64,88,0.027375820374609693,0.16831333495195014,1.151964989322868,2.005258709990906,0.04672218808171613,0.5657894736842105,-0.7649815425372094,1.5505761125945805,7.441637553604897,0.01766669846747029,0.034436999943438344,0.028375820374609687,0.0,0.0,1106
ewmac,ewmac_fast,trend,1d,FTM,2w,14,78,35,43,0.06762326151412158,0.3378240164014416,1.0155978255882556,1.7678804516496311,0.08104225693349155,0.5641025641025641,-0.6156363876718389,2.0173342933336436,9.9214661704716,0.037670532888235825,0.09200338946542395,0.06862326151412163,0.0,0.0,1106
ewmac,ewmac_fast,trend,1d,FTM,1m,30,36,16,20,0.021666189073367568,0.40316633898085497,0.18523300953794058,0.3224404467119428,0.7490372977607047,0.4444444444444444,-0.8765377336036634,1.1618183952489194,-0.8045003266307037,-0.03516489793257153,0.06713105867811885,0.022666189073367572,0.0,0.0,1106
ewmac,ewmac_slow,trend,1d,FTM,1w,7,157,66,91,0.02453482794396287,0.16726851414258823,1.055814233927488,1.8378863145484676,0.06798133186921729,0.5414012738853503,-0.552668955443226,1.4676439605904954,4.937403241366305,0.018961726490495094,0.028576857569554887,0.025534827943962866,0.0,0.0,1106
ewmac,ewmac_slow,trend,1d,FTM,2w,14,78,33,45,0.060957523166531725,0.24838443609229183,1.245142632628035,2.1674557233948817,0.033290840585701635,0.6153846153846154,-0.6500869796901512,1.9895170838780605,12.346459322057356,0.05430851205922271,0.06583346464522503,0.06195752316653174,0.0,0.0,1106
ewmac,ewmac_slow,trend,1d,FTM,1m,30,36,14,22,0.11685852118451913,0.46122083062738367,0.8733163513622638,1.5202069823111886,0.13744233898101083,0.5555555555555556,-0.6501069449547852,2.1979558204472247,3.3151919288845866,0.10764081177629545,0.12272433626247964,0.11785852118451912,0.0,0.0,1106
ewmac,ewmac_2speed,trend,1d,NEAR,1w,7,139,55,84,0.0112791787941937,0.14036654781079935,0.57875967889962,0.9473735648750056,0.3451044383834477,0.49640287769784175,-0.8052265084511505,1.2448777410947844,0.3370191104023643,0.012249052534919343,0.01064414241633762,0.0122791787941937,0.0,0.0,978
ewmac,ewmac_2speed,trend,1d,NEAR,2w,14,69,25,44,0.016245992141035847,0.2147218755772379,0.3839471931142314,0.6284843853600053,0.5317920607629756,0.5217391304347826,-0.798140941799953,1.2367202415771714,-0.2183307587199791,0.02798608943590156,0.009575482314407602,0.017245992141035844,0.0,0.0,978
ewmac,ewmac_2speed,trend,1d,NEAR,1m,30,32,11,21,0.06582069560297789,0.31244046142321963,0.7280265055802018,1.1917089096917421,0.24241921290021665,0.59375,-0.7927577744591849,1.754249756014081,1.081831712045167,0.10041391205553452,0.047700439365924406,0.06682069560297789,0.0,0.0,978
ewmac,ewmac_3speed,trend,1d,NEAR,1w,7,139,48,91,0.01844306137772917,0.14019814864208846,0.9474910969869618,1.5509511995488412,0.12320372225113789,0.5323741007194245,-0.7097397188846526,1.431681710599508,2.607669646449067,0.023894259514315966,0.015567704118870202,0.019443061377729172,0.0,0.0,978
ewmac,ewmac_3speed,trend,1d,NEAR,2w,14,69,22,47,0.026686569731547597,0.21916503548662256,0.6179068839542119,1.0114537497247418,0.3153848582569134,0.5362318840579711,-0.7172578415805955,1.4134441880713966,0.5664126273963699,0.041873409157519234,0.019577836383220457,0.027686569731547605,0.0,0.0,978
ewmac,ewmac_3speed,trend,1d,NEAR,1m,30,32,12,20,0.038289976123526984,0.3088117662428742,0.4284925250947037,0.7014007813969861,0.4882853600820474,0.5625,-0.8675085322330075,1.390054864579997,-0.11517059262981155,0.06298163224846536,0.02347498244856395,0.039289976123526985,0.0,0.0,978
ewmac,ewmac_4speed,trend,1d,NEAR,1w,7,139,56,83,0.012259686081410292,0.140464935284114,0.628631054448557,1.0290081786215017,0.305276008815622,0.4892086330935252,-0.7884280648992841,1.2685845656572687,0.5306010278655147,0.013254668963438647,0.011588372329680316,0.013259686081410293,0.0,0.0,978
ewmac,ewmac_4speed,trend,1d,NEAR,2w,14,69,26,43,0.029570849106555986,0.2194512524930777,0.6837971423374839,1.1193097238896632,0.26694624483435303,0.5362318840579711,-0.5839680605720887,1.4665974251302645,0.9053809088920652,0.04078555134902418,0.022789866355296163,0.030570849106556004,0.0,0.0,978
ewmac,ewmac_4speed,trend,1d,NEAR,1m,30,32,12,20,0.038289976123526984,0.3088117662428742,0.4284925250947037,0.7014007813969861,0.4882853600820474,0.5625,-0.8675085322330075,1.390054864579997,-0.11517059262981155,0.06298163224846536,0.02347498244856395,0.039289976123526985,0.0,0.0,978
ewmac,ewmac_5speed,trend,1d,NEAR,1w,7,139,49,90,0.017650031463552825,0.14018151629924097,0.9068576805604516,1.4844382305627792,0.13997327155051612,0.5251798561151079,-0.695266616775192,1.4096817222898779,2.233363937105817,0.022133908897616354,0.015208809305007126,0.018650031463552826,0.0,0.0,978
ewmac,ewmac_5speed,trend,1d,NEAR,2w,14,69,22,47,0.03100890464309298,0.2197782872075143,0.7159837921689847,1.1719961536876538,0.24528848566305017,0.5362318840579711,-0.7172578415805955,1.4937331227741026,1.098879134989451,0.04996634461541158,0.022135209336901298,0.032008904643092986,0.0,0.0,978
ewmac,ewmac_5speed,trend,1d,NEAR,1m,30,32,12,20,0.038289976123526984,0.3088117662428742,0.4284925250947037,0.7014007813969861,0.4882853600820474,0.5625,-0.8675085322330075,1.390054864579997,-0.11517059262981155,0.06298163224846536,0.02347498244856395,0.039289976123526985,0.0,0.0,978
ewmac,ewmac_fast,trend,1d,NEAR,1w,7,134,54,80,0.015932588258060067,0.1498669250357102,0.7518131892349563,1.230645408055629,0.22062754262194142,0.5074626865671642,-0.7471369639000661,1.3486886494547128,1.1236139791579394,0.021815279605007058,0.011961771598870845,0.01693258825806007,0.0,0.0,978
ewmac,ewmac_fast,trend,1d,NEAR,2w,14,68,29,39,0.018498913829200467,0.2159248350574777,0.4315936974376468,0.7064771002991801,0.48234116293306484,0.4852941176470588,-0.8555863559834146,1.2651921930523493,-0.15412514688034673,0.017168812918495382,0.01948796322434014,0.019498913829200465,0.0,0.0,978
ewmac,ewmac_fast,trend,1d,NEAR,1m,30,32,15,17,0.020715408604366988,0.33422981228577675,0.21419055343516216,0.3506092002750145,0.7282529323885532,0.5,-0.8978927661134299,1.18722428997566,-0.5679220265166198,0.032628153915418956,0.010204162741674069,0.021715408604366986,0.0,0.0,978
ewmac,ewmac_slow,trend,1d,NEAR,1w,7,139,53,86,0.018680253708699777,0.13895575057755674,0.9682570122762179,1.5849429925377356,0.11526820134603116,0.539568345323741,-0.685184166313481,1.4405999166594898,2.7571959036748797,0.02219915217910377,0.016511630232753136,0.01968025370869978,0.0,0.0,978
ewmac,ewmac_slow,trend,1d,NEAR,2w,14,69,28,41,0.030180373896059324,0.21418645585331536,0.715046296167365,1.1704615634916005,0.24590095746210766,0.5652173913043478,-0.7829766546201427,1.485488933521325,1.0360730308126387,0.04199102934659212,0.02211456041764668,0.03118037389605932,0.0,0.0,978
ewmac,ewmac_slow,trend,1d,NEAR,1m,30,32,12,20,0.020858695596608523,0.3045462978823317,0.236693218819164,0.38744388503495386,0.7010750589590425,0.5625,-0.900608160064944,1.1991356850767008,-0.48422731849369993,0.045433551995127885,0.0061137817574969,0.021858695596608524,0.0,0.0,978
ewmac,ewmac_2speed,trend,1d,OP,1w,7,102,27,75,0.01613944626908408,0.14906273449175256,0.7780337423340601,1.093502127495606,0.27677459674986626,0.5294117647058824,-0.6818971432917837,1.3147855704666689,0.7301135567416106,-0.03398756633404293,0.0341851708062098,0.017139446269084074,0.0,0.0,721
ewmac,ewmac_2speed,trend,1d,OP,2w,14,51,14,37,0.04884228236270362,0.19265032448719963,1.2882201650582632,1.8105532119314152,0.07622081846719055,0.5294117647058824,-0.5355880662597299,1.9399355244421668,3.848187261211404,-0.028418002782776508,0.07807590376910149,0.04984228236270362,0.0,0.0,721
ewmac,ewmac_3speed,trend,1d,OP,1w,7,102,25,77,0.014256773556387476,0.1491912125873946,0.6866839451736787,0.9651128403658463,0.33679348418199834,0.5294117647058824,-0.6327848719205993,1.273351721991965,0.42811200328902266,-0.0404209427941963,0.03200927886501857,0.01525677355638747,0.0,0.0,721
ewmac,ewmac_3speed,trend,1d,OP,2w,14,51,14,37,0.031073441644449775,0.19541015585198104,0.8079902393932474,1.1356050485954885,0.2615361246510558,0.45098039215686275,-0.5819217545544693,1.5153679898698649,0.9638636680690675,-0.05913190013432371,0.06520519258776948,0.032073441644449786,0.0,0.0,721
ewmac,ewmac_4speed,trend,1d,OP,1w,7,102,33,69,0.004517653746459359,0.14916910566694222,0.21762708319570742,0.3058680691164562,0.7603346541168806,0.49019607843137253,-0.8071621721010764,1.0796258039277433,-0.4698013227908462,-0.04475697886560902,0.0280837823870138,0.0055176537464593535,0.0,0.0,721
ewmac,ewmac_4speed,trend,1d,OP,2w,14,51,19,32,0.03529862501662763,0.1946679693370653,0.9213553840025731,1.2949362190435159,0.2012900475021436,0.5098039215686274,-0.5819217545544693,1.6069165625395767,1.4365202435609143,-0.03747787300015445,0.07850967071409198,0.03629862501662764,0.0,0.0,721
ewmac,ewmac_5speed,trend,1d,OP,1w,7,102,25,77,0.014256773556387476,0.1491912125873946,0.6866839451736787,0.9651128403658463,0.33679348418199834,0.5294117647058824,-0.6327848719205993,1.273351721991965,0.42811200328902266,-0.0404209427941963,0.03200927886501857,0.01525677355638747,0.0,0.0,721
ewmac,ewmac_5speed,trend,1d,OP,2w,14,51,14,37,0.031073441644449775,0.19541015585198104,0.8079902393932474,1.1356050485954885,0.2615361246510558,0.45098039215686275,-0.5819217545544693,1.5153679898698649,0.9638636680690675,-0.05913190013432371,0.06520519258776948,0.032073441644449786,0.0,0.0,721
ewmac,ewmac_fast,trend,1d,OP,1w,7,100,34,66,-0.003287601644388466,0.14022346207621506,-0.16681584639916144,-0.2344544625921139,0.8151163859719067,0.44,-0.9066727661714241,0.9404149078523584,-0.7296793165923855,-0.05036781248237597,0.02096584030245358,-0.002287601644388465,0.0,0.0,721
ewmac,ewmac_fast,trend,1d,OP,2w,14,50,22,28,0.01435994688179771,0.19441005851211768,0.37161899499563944,0.5222988921103007,0.6038156675333033,0.38,-0.7392761173256501,1.2176956061994606,-0.14790416205187606,-0.05319670309906865,0.06744017186676413,0.01535994688179771,0.0,0.0,721
ewmac,ewmac_slow,trend,1d,OP,1w,7,102,14,88,0.022474899675531405,0.1483459263195085,1.0886819505682808,1.530108482880339,0.12911598739536853,0.5784313725490197,-0.6819711288336647,1.4668536093855924,2.301432659067152,-0.047656619630940526,0.033632186837924655,0.023474899675531402,0.0,0.0,721
ewmac,ewmac_slow,trend,1d,OP,2w,14,51,7,44,0.05022748549323369,0.2030914676959041,1.2566480065921515,1.7661795291798796,0.08347053080501639,0.5490196078431373,-0.6291650129043254,1.9571327307265487,4.033742352927775,-0.07938258068317679,0.07084726874857171,0.05122748549323369,0.0,0.0,721
ewmac,ewmac_2speed,trend,1d,ARB,1w,7,184,75,109,-0.020306699213736523,0.3174674882773394,-0.4583440013073363,-0.8676588313529199,0.3867174700068571,0.31521739130434784,-1.0000000079615123,0.7454505357617104,-0.999999999999241,-0.049789159286207606,-2.0602833595871235e-05,-0.019306699213736532,0.0,0.0,1308
ewmac,ewmac_2speed,trend,1d,ARB,2w,14,92,34,58,0.008084979712104227,0.4594105331431623,0.08916911577749599,0.16879978917057334,0.8663287586311462,0.31521739130434784,-1.000209973859526,1.0873494978806562,-0.9999999719787335,-0.05104230822791095,0.04274580367694072,0.00908497971210422,0.0,0.0,1308
ewmac,ewmac_2speed,trend,1d,ARB,1m,30,43,13,30,-0.015801064374882892,0.47500883377228337,-0.11522890746017443,-0.21813175016973518,0.8283828596261366,0.3488372093023256,-1.000338835678997,0.893200905302116,-0.9999999580619472,-0.11198144958575902,0.0258771025498301,-0.014801064374882896,0.0,0.0,1308
ewmac,ewmac_3speed,trend,1d,ARB,1w,7,186,74,112,-0.023082418171707357,0.32705609935948105,-0.5084615115143192,-0.9625327692957677,0.33703846603914106,0.2903225806451613,-1.0000000075278863,0.724103456270053,-0.9999999999998133,-0.04362358263708731,-0.009510577364224188,-0.02208241817170737,0.0,0.0,1308
ewmac,ewmac_3speed,trend,1d,ARB,2w,14,93,33,60,0.009074451733565829,0.45450298823116597,0.10171094434448334,0.19254184379858647,0.8477421814851512,0.3010752688172043,-1.0002994840327686,1.101489489211602,-0.9999999644644259,-0.04235740122926778,0.037361970863124316,0.01007445173356582,0.0,0.0,1308
ewmac,ewmac_3speed,trend,1d,ARB,1m,30,43,15,28,-0.07705073156784828,0.4453498026488825,-0.5993110570932649,-1.1345136620774663,0.2630128736178381,0.3023255813953488,-1.0000265080931643,0.5396648695587083,-0.9999999961474936,-0.1481578498253079,-0.03895763250135203,-0.07605073156784829,0.0,0.0,1308
ewmac,ewmac_4speed,trend,1d,ARB,1w,7,186,74,112,-0.013242343896041665,0.3752412385798496,-0.2542455343762166,-0.4812943610134595,0.6308760846328646,0.3064516129032258,-1.0000000019595774,0.839520744166954,-0.999999999999422,-0.021747531261060757,-0.007622845101296899,-0.012242343896041665,0.0,0.0,1308
ewmac,ewmac_4speed,trend,1d,ARB,2w,14,93,35,58,-4.228351589056938e-05,0.42853130401638156,-0.0005026579711284949,-0.0009515464946755892,0.9992428361267998,0.34408602150537637,-1.000293822205221,0.9995271495193817,-0.9999999796001033,-0.037294793609425864,0.022437679471587625,0.0009577164841094232,0.0,0.0,1308
ewmac,ewmac_4speed,trend,1d,ARB,1m,30,43,16,27,-0.06026479694190323,0.3944230197881214,-0.5292711622637812,-1.0019260573035529,0.3221170627778356,0.37209302325581395,-1.0002214134144987,0.609198857291135,-0.9999999898744365,-0.09622810490555009,-0.038953207037519894,-0.05926479694190324,0.0,0.0,1308
ewmac,ewmac_5speed,trend,1d,ARB,1w,7,186,74,112,0.003519627731143815,0.3855670708853385,0.06576515181945651,0.12449538907165716,0.9010582199106715,0.3010752688172043,-1.0000000389637074,1.045838209663752,-0.999999999989431,0.001627010487323145,0.004770106981525317,0.004519627731143801,0.0,0.0,1308
ewmac,ewmac_5speed,trend,1d,ARB,2w,14,93,34,59,0.015290314032685427,0.45488648208800875,0.17123692033177318,0.3241565849138587,0.7465553133454533,0.3118279569892473,-1.0002994840327686,1.1762893573197497,-0.9999999371074627,-0.031435972256274175,0.04221732647039095,0.016290314032685417,0.0,0.0,1308
ewmac,ewmac_5speed,trend,1d,ARB,1m,30,43,15,28,-0.03789244333292303,0.4587198830362356,-0.2861421479952358,-0.5416755995981365,0.5909041814323227,0.3488372093023256,-1.0000701117245654,0.7504383210295693,-0.9999999802446972,-0.09637552812187546,-0.006562219338841356,-0.03689244333292303,0.0,0.0,1308
ewmac,ewmac_fast,trend,1d,ARB,1w,7,116,50,66,0.005549064293688403,0.36752188795217283,0.08590295485685312,0.16261684937135618,0.8711055201538491,0.3879310344827586,-1.000027563714113,1.0703532657523103,-0.9999999686898343,0.022758158776345648,-0.007488128496203459,0.006549064293688381,0.0,0.0,1308
ewmac,ewmac_fast,trend,1d,ARB,2w,14,61,25,36,38.19502146232382,298.0229862053333,0.5287671592473804,1.0009719645981585,0.3208602487332896,0.3442622950819672,-1.683422966769466,458.1150980095386,-1.6330448633792298,0.06611874672351802,64.67342612593512,38.19602146232382,0.0,0.0,1308
ewmac,ewmac_fast,trend,1d,ARB,1m,30,31,15,16,78.12389096384298,434.9729093153443,0.5282567595782344,1.0000057628388006,0.3253058723993989,0.41935483870967744,-2.592691101175682,861.7111316224856,-2.628245731555591,0.11222307201780422,151.25982961242912,78.124890963843,0.0,0.0,1308
ewmac,ewmac_slow,trend,1d,ARB,1w,7,186,60,126,-0.009380161795434954,0.32854685444595394,-0.20568946484317815,-0.3893762767231461,0.6974456641434132,0.2903225806451613,-1.0000003300522304,0.8799136903495605,-0.9999999999976759,-0.04267591406483041,0.006474958332848613,-0.008380161795434956,0.0,0.0,1308
ewmac,ewmac_slow,trend,1d,ARB,2w,14,93,31,62,-0.009355025155310786,0.44660733742627906,-0.10670951357509839,-0.20200428407205256,0.8403593862673463,0.3225806451612903,-1.0000295944531123,0.9022631505390611,-0.9999999929209776,-0.064683493049583,0.018309208791825318,-0.008355025155310806,0.0,0.0,1308
ewmac,ewmac_slow,trend,1d,ARB,1m,30,43,11,32,-0.03306453210340982,0.46037811072211443,-0.24878517825313876,-0.4709577444132486,0.6401079144501469,0.3488372093023256,-1.0000707297148967,0.779668560085981,-0.9999999758760834,-0.1256547951230178,-0.0012366291904195685,-0.032064532103409836,0.0,0.0,1308
ewmac,ewmac_2speed,trend,1d,SUI,1w,7,58,11,47,0.2438167983011068,1.6822538223540329,1.0401874707342604,1.1037890897231302,0.27432273668155366,0.5172413793103449,-0.9147799902972837,3.9569269326016476,0.7780903139279343,-0.0942038144326839,0.3229280055366749,0.24481679830110684,0.0,0.0,411
ewmac,ewmac_3speed,trend,1d,SUI,1w,7,58,9,49,0.2244592748466473,1.6835268872831184,0.9568789851786343,1.0153867583888116,0.3142122644554225,0.5517241379310345,-0.9772258564736361,3.5105305630575288,-0.39508265287759337,-0.16114664049504754,0.2952848511338974,0.22545927484664727,0.0,0.0,411
ewmac,ewmac_4speed,trend,1d,SUI,1w,7,58,13,45,0.21181498535590237,1.6842287431839065,0.902599576352389,0.9577884687105684,0.34221442732673624,0.5172413793103449,-0.9874461386921755,3.249514784379252,-0.7008857425576545,-0.13109195226118325,0.31087698955639376,0.21281498535590238,0.0,0.0,411
ewmac,ewmac_5speed,trend,1d,SUI,1w,7,58,8,50,0.2533286245857779,1.680856994998368,1.081665598200891,1.1478033716174258,0.2558443868612668,0.5689655172413793,-0.9239050864645331,4.2516751105069925,2.0848915303580093,-0.09791502318467767,0.30952760822905073,0.2543286245857779,0.0,0.0,411
ewmac,ewmac_fast,trend,1d,SUI,1w,7,54,15,39,0.1014523356575248,0.9106652682803578,0.7714817868731517,0.8186535631597112,0.41664989802866526,0.5,-0.9846213632178268,2.0646896728921216,-0.9108855204415041,-0.030540226843575713,0.15221870585025576,0.1024523356575248,0.0,0.0,411
ewmac,ewmac_slow,trend,1d,SUI,1w,7,58,4,54,0.2903861310984568,1.6939578021845116,1.2303050342478181,1.305531273968897,0.19695706452402137,0.5689655172413793,-0.9239050864645332,5.101106012667578,15.336753052145244,-0.09539561853072759,0.3189625569969149,0.29138613109845685,0.0,0.0,411
ewmac,ewmac_2speed,trend,1d,DOGE,1w,7,186,73,113,0.004847577266570894,0.15702666525207248,0.2224079795046337,0.42102492239482453,0.6742255981875885,0.45161290322580644,-0.927867944523585,1.1076982425698907,-0.6700020072283358,0.01034598710622597,0.0012955071931654075,0.005847577266570899,0.0,0.0,1308
ewmac,ewmac_2speed,trend,1d,DOGE,2w,14,93,38,55,0.020274207614866934,0.20959449980130052,0.4927742916802281,0.9328363954158853,0.3533461735432285,0.5376344086021505,-0.8359723738092396,1.36426848406998,0.3319135026015878,0.03477725464707119,0.010253920574434907,0.021274207614866935,0.0,0.0,1308
ewmac,ewmac_2speed,trend,1d,DOGE,1m,30,43,13,30,0.020734805528464375,0.3119418298250127,0.23025185574652102,0.43587361349561476,0.6651606078301702,0.4883720930232558,-0.8784159286375045,1.2332310401943887,-0.47657572849107965,0.0658501790849064,0.0011848103206728356,0.02173480552846438,0.0,0.0,1308
ewmac,ewmac_3speed,trend,1d,DOGE,1w,7,186,73,113,0.015455555192710463,0.17709216123736646,0.6287591303353248,1.1902597408783713,0.23546945073322495,0.478494623655914,-0.772103783276147,1.3719875497815677,0.9716419786089614,0.028911292256033668,0.006762910895165381,0.016455555192710462,0.0,0.0,1308
ewmac,ewmac_3speed,trend,1d,DOGE,2w,14,93,37,56,0.02731741387798319,0.21087713199120026,0.6599243156182709,1.249256363861043,0.21474042742093633,0.5483870967741935,-0.6205363034417376,1.5177480380209343,1.5317681512063364,0.04580562945192128,0.015101985730916955,0.02831741387798319,0.0,0.0,1308
ewmac,ewmac_3speed,trend,1d,DOGE,1m,30,43,14,29,0.035851199657573087,0.3378074343397248,0.3676302821595496,0.6959350620465802,0.4903028510416453,0.46511627906976744,-0.7350846913237363,1.4179299517409711,-0.1010264492774623,0.09796892178696252,0.005863333802005781,0.03685119965757309,0.0,0.0,1308
ewmac,ewmac_4speed,trend,1d,DOGE,1w,7,186,76,110,0.012769675463413333,0.17637367091427125,0.5216090744420719,0.9874214970908187,0.3247257142785138,0.45698924731182794,-0.788480259203398,1.298958996349427,0.20784334236439128,0.023959947043928027,0.005038215098694085,0.013769675463413332,0.0,0.0,1308
ewmac,ewmac_4speed,trend,1d,DOGE,2w,14,93,40,53,0.021892014577738865,0.21126814056777296,0.5278806626519106,0.9992938001674472,0.32027349485753404,0.5161290322580645,-0.6755340624170463,1.3957663510492146,0.5305359726477099,0.036487530592417425,0.010876530793075793,0.02289201457773886,0.0,0.0,1308
ewmac,ewmac_4speed,trend,1d,DOGE,1m,30,43,15,28,0.06207610025442544,0.339462006606032,0.6334466443151552,1.1991333443074317,0.23719780709424526,0.5348837209302325,-0.6844704758385824,1.8296678573598326,1.7090437101052842,0.13521345599629267,0.022895373964139414,0.06307610025442544,0.0,0.0,1308
ewmac,ewmac_5speed,trend,1d,DOGE,1w,7,186,70,116,0.011831287189957221,0.17723773562020925,0.48092221194148627,0.9104000558414903,0.3637962092919267,0.45161290322580644,-0.7806383817743924,1.2733245469421177,0.005787321626150144,0.025058138983766458,0.0038495662798999257,0.012831287189957222,0.0,0.0,1308
ewmac,ewmac_5speed,trend,1d,DOGE,2w,14,93,37,56,0.022920280221453586,0.21125302594349168,0.5527147048970461,1.0463053810122351,0.29816128013484827,0.5268817204301075,-0.7010006434545677,1.4179752711928,0.6832040067151144,0.040296954072569266,0.011439263569823584,0.023920280221453587,0.0,0.0,1308
ewmac,ewmac_5speed,trend,1d,DOGE,1m,30,43,14,29,0.035851199657573087,0.3378074343397248,0.3676302821595496,0.6959350620465802,0.4903028510416453,0.46511627906976744,-0.7350846913237363,1.4179299517409711,-0.1010264492774623,0.09796892178696252,0.005863333802005781,0.03685119965757309,0.0,0.0,1308
ewmac,ewmac_fast,trend,1d,DOGE,1w,7,179,73,106,0.009281949126328308,0.1403412963446014,0.46743666594694416,0.884871516045167,0.3774196652057659,0.49162011173184356,-0.84135064331551,1.2216833837335088,0.013805597332036346,0.01630935045894396,0.004442323680281684,0.010281949126328311,0.0,0.0,1308
ewmac,ewmac_fast,trend,1d,DOGE,2w,14,91,41,50,0.01629902809929676,0.22225468378100863,0.36955071155633457,0.6995704920322623,0.4859997899544231,0.4945054945054945,-0.8841683669167628,1.2652487473873664,-0.3253109482745796,0.02628858748107683,0.0081075894062371,0.01729902809929676,0.0,0.0,1308
ewmac,ewmac_fast,trend,1d,DOGE,1m,30,43,20,23,0.030159856654784732,0.32869863918005804,0.3178397094157308,0.6016800264487074,0.5506213709009568,0.4883720930232558,-0.6844704758385822,1.331011064724315,-0.3492927683094862,0.057592847134947146,0.0063050823242087545,0.03115985665478474,0.0,0.0,1308
ewmac,ewmac_slow,trend,1d,DOGE,1w,7,186,82,104,7.937039554171324e-05,0.15587167619412698,0.0036685156088974444,0.006944609195139374,0.9944665310000622,0.45698924731182794,-0.9520584594602878,1.0016877397585355,-0.8625453237065317,0.0037731436727077273,-0.002833027765300721,0.0010793703955417116,0.0,0.0,1308
ewmac,ewmac_slow,trend,1d,DOGE,2w,14,93,38,55,0.014871536112171239,0.2114296257443725,0.3583224537940228,0.6783150660195103,0.4992745668015412,0.4946236559139785,-0.8111058969205834,1.2539412899530653,-0.20131082117911625,0.027095527576760012,0.0064258692820917205,0.015871536112171243,0.0,0.0,1308
ewmac,ewmac_slow,trend,1d,DOGE,1m,30,43,17,26,-0.015454499415851588,0.30189604223050825,-0.1773267730296933,-0.33568485725934044,0.7387796765175159,0.4418604651162791,-0.9490734681512942,0.8502678537422954,-0.8848309741210202,0.005520586842947408,-0.02916897889275862,-0.014454499415851576,0.0,0.0,1308
ewmac,ewmac_2speed,trend,1d,XRP,1w,7,186,90,96,-0.006992290979646275,0.11851520941416505,-0.4250543224836938,-0.8046404788887235,0.4220600156021566,0.41935483870967744,-0.951973171141898,0.8332100181486064,-0.9180528299267742,0.0015379744798564162,-0.014989414847930047,-0.005992290979646274,0.0,0.0,1308
ewmac,ewmac_2speed,trend,1d,XRP,2w,14,93,45,48,-0.006798411361169993,0.19516108432110532,-0.1774590906032953,-0.3359353383629471,0.7376845675831724,0.43010752688172044,-0.909795298618758,0.8847551612545798,-0.8748420903575485,0.011629068899163864,-0.024074174105232975,-0.005798411361169991,0.0,0.0,1308
ewmac,ewmac_2speed,trend,1d,XRP,1m,30,43,18,25,-0.031074831805687108,0.19477632261573413,-0.5526490306719591,-1.0461810577501733,0.3014612190718485,0.3953488372093023,-0.9673154864477306,0.6203384200929464,-0.9240621548648237,-0.011818874250074218,-0.04493912124572839,-0.030074831805687118,0.0,0.0,1308
ewmac,ewmac_3speed,trend,1d,XRP,1w,7,186,92,94,-0.001417370461828769,0.1244954217469201,-0.08202174967230821,-0.1552696124814704,0.8767780506189885,0.43010752688172044,-0.8585360076060893,0.9644113103810957,-0.7780681467058355,0.008338893546703837,-0.010966054385073445,-0.0004173704618287681,0.0,0.0,1308
ewmac,ewmac_3speed,trend,1d,XRP,2w,14,93,44,49,-0.0021217319443524673,0.1955544425114432,-0.0552722142468012,-0.10463194605553597,0.9168956390773851,0.41935483870967744,-0.9007221416946073,0.9626889425706173,-0.8069218622093028,0.01634106278870688,-0.01870056803118127,-0.0011217319443524699,0.0,0.0,1308
ewmac,ewmac_3speed,trend,1d,XRP,1m,30,43,19,24,-0.03866937549102649,0.19290066029629419,-0.6944008313004865,-1.3145214338098772,0.19580423629176652,0.37209302325581395,-0.9681320170630061,0.5470201631099397,-0.9451600714539332,-0.01915837670224471,-0.05411558286547874,-0.037669375491026495,0.0,0.0,1308
ewmac,ewmac_4speed,trend,1d,XRP,1w,7,186,85,101,-0.004765764870092197,0.11882603558043253,-0.28894822840368684,-0.5469875932992309,0.5850464441130808,0.43548387096774194,-0.9429045118863549,0.8833975799814525,-0.8761550722929076,0.0038206839806253666,-0.011991984199904005,-0.003765764870092196,0.0,0.0,1308
ewmac,ewmac_4speed,trend,1d,XRP,2w,14,93,44,49,-0.002775711928726063,0.1955661686124533,-0.07230439538267902,-0.13687437169565625,0.8914291860962331,0.41935483870967744,-0.8862345486450861,0.9514604219139223,-0.8183436646291435,0.01564854641778069,-0.019319943913344365,-0.0017757119287260608,0.0,0.0,1308
ewmac,ewmac_4speed,trend,1d,XRP,1m,30,43,14,29,-0.026902273119883646,0.1898045858832421,-0.4909746443874292,-0.9294296095466179,0.35797781238532556,0.4418604651162791,-0.9715438978929316,0.6593818193004357,-0.9078021562248957,-0.01805183391956146,-0.03117489894072884,-0.025902273119883648,0.0,0.0,1308
ewmac,ewmac_5speed,trend,1d,XRP,1w,7,186,91,95,-0.007929834765398467,0.11850419017873853,-0.48209148806234436,-0.9126135303271581,0.3626335754800323,0.42473118279569894,-0.946518811267534,0.8128815314896569,-0.9311984830429056,0.0005368556256727398,-0.0160400329294772,-0.006929834765398466,0.0,0.0,1308
ewmac,ewmac_5speed,trend,1d,XRP,2w,14,93,44,49,-0.002054770487496297,0.19550775059201048,-0.053540617396432316,-0.10135398169845906,0.9194900314936683,0.41935483870967744,-0.87428581508152,0.9638336145299259,-0.8056599473555217,0.01653507049941127,-0.01874768892471941,-0.0010547704874962949,0.0,0.0,1308
ewmac,ewmac_5speed,trend,1d,XRP,1m,30,43,20,23,-0.03888300655463053,0.1928578116105337,-0.6983922190204493,-1.322077249517515,0.19329784498973346,0.3488372093023256,-0.9684237095322311,0.5452092993824327,-0.9456620296168126,-0.018479583856477477,-0.05662511324867664,-0.03788300655463052,0.0,0.0,1308
ewmac,ewmac_fast,trend,1d,XRP,1w,7,179,80,99,-0.0029975764150351786,0.1307937723115025,-0.1619765979356447,-0.3066265191002811,0.7594860501602676,0.4245810055865922,-0.9177822658033439,0.9242196486520844,-0.8430392544825034,0.007868914355691042,-0.011778579058046267,-0.0019975764150351794,0.0,0.0,1308
ewmac,ewmac_fast,trend,1d,XRP,2w,14,91,41,50,-0.001920136089262251,0.1738205271225236,-0.05566653691031502,-0.10537841058965117,0.9163100544207983,0.38461538461538464,-0.9114702242940903,0.9645961544658266,-0.740483054982247,0.013550486260796536,-0.014606046416310463,-0.0009201360892622502,0.0,0.0,1308
ewmac,ewmac_fast,trend,1d,XRP,1m,30,42,18,24,-0.0024817906512660274,0.2812773340067293,-0.03020630565065911,-0.05718143530969012,0.9546784393232358,0.42857142857142855,-0.8650453880378512,0.9689801288496155,-0.7466515021976922,0.059335577147923195,-0.04884481650065794,-0.0014817906512660265,0.0,0.0,1308
ewmac,ewmac_slow,trend,1d,XRP,1w,7,186,104,82,0.004610332416885384,0.12444301791668307,0.26690747562308814,0.5052637925181455,0.6139749772206078,0.4946236559139785,-0.8507343975087793,1.1251608054178335,-0.31864954035867554,0.01316183469825034,-0.006235475354601882,0.005610332416885383,0.0,0.0,1308
ewmac,ewmac_slow,trend,1d,XRP,2w,14,93,52,41,-0.0011456370987940295,0.19679528301102042,-0.029656262605807233,-0.05614018746063195,0.9553518737366474,0.41935483870967744,-0.9238937096343756,0.979794008948116,-0.7900935611519595,0.015664931822044724,-0.02246635865693099,-0.00014563709879403104,0.0,0.0,1308
ewmac,ewmac_slow,trend,1d,XRP,1m,30,43,24,19,-0.05053715679247249,0.1880936111422731,-0.9307082178446272,-1.761858347272543,0.08537094000275053,0.4418604651162791,-0.9797105260561167,0.4410495903458702,-0.9669196756067407,-0.026691791865286595,-0.08065761775312832,-0.04953715679247249,0.0,0.0,1308
ewmac,ewmac_2speed,trend,1d,RENDER,1w,7,42,11,31,0.004572257346214486,0.14860200468154747,0.2206830326954103,0.19940252038124767,0.8429335395687739,0.5238095238095238,-0.6154002903159436,1.0920354699936066,-0.21124806236061622,-0.05938163124340202,0.02726557265220744,0.0055722573462144865,0.0,0.0,298
ewmac,ewmac_3speed,trend,1d,RENDER,1w,7,42,9,33,0.012554687361538874,0.1490943520880491,0.6039592757609686,0.5457193528810647,0.5882159443647005,0.47619047619047616,-0.5374669012287225,1.2721270573712564,0.10102084778246945,-0.05560853876919557,0.03114465812446644,0.013554687361538875,0.0,0.0,298
ewmac,ewmac_4speed,trend,1d,RENDER,1w,7,42,11,31,0.013301002038854617,0.14902307495313208,0.6401677400921018,0.5784362272079082,0.5661336899935232,0.5238095238095238,-0.5374669012287225,1.2909480233942794,0.13611444987433918,-0.044249338288894886,0.033722090542249596,0.014301002038854618,0.0,0.0,298
ewmac,ewmac_5speed,trend,1d,RENDER,1w,7,42,10,32,0.013350425038795318,0.14901820810222083,0.6425674190295559,0.5806045045892263,0.5646849014810544,0.5476190476190477,-0.5374669012287224,1.292339303190233,0.13847757211252154,-0.04847053767795036,0.03266947588777834,0.01435042503879532,0.0,0.0,298
ewmac,ewmac_fast,trend,1d,RENDER,1w,7,40,10,30,0.034076589371824305,0.14771263010183777,1.614755549514701,1.4590443245233442,0.15256078279314214,0.575,-0.40230444940066856,1.9038416021115776,1.6275956672850618,0.01325902992290533,0.041015775854797314,0.035076589371824306,0.0,0.0,298
ewmac,ewmac_slow,trend,1d,RENDER,1w,7,42,2,40,0.0341474812895387,0.14795749272284803,1.65533027435888,1.4957064199227297,0.1423885292179623,0.5952380952380952,-0.4904199234978053,1.9439722979885374,1.7156353152849397,-0.04624960388411059,0.03816733554822116,0.03514748128953871,0.0,0.0,298
ewmac,ewmac_2speed,trend,1d,FET,1w,7,109,39,70,0.02783676154664073,0.1865625920560192,1.0753242467250332,1.557784545977568,0.12220996476539978,0.5229357798165137,-0.8083654698403988,1.5045756817060225,2.774319776569404,0.02138283477271066,0.03143252074925892,0.028836761546640725,0.0,0.0,766
ewmac,ewmac_2speed,trend,1d,FET,2w,14,54,20,34,0.04610877504210217,0.2921815444619392,0.8004970421074673,1.1596520073769272,0.25138822631844604,0.48148148148148145,-0.7329220640135445,1.5233065472269476,0.7728985590085626,0.035852832224261215,0.052141682582008624,0.04710877504210219,0.0,0.0,766
ewmac,ewmac_3speed,trend,1d,FET,1w,7,109,34,75,0.02116484300549471,0.186430474964886,0.8181697939484402,1.1852539035367229,0.23851851141889338,0.4954128440366973,-0.8670299160997017,1.3638598487480138,0.835300510628074,0.011672858790167362,0.025467875849776445,0.02216484300549471,0.0,0.0,766
ewmac,ewmac_3speed,trend,1d,FET,2w,14,54,20,34,0.04526624663230282,0.2951259946523463,0.7780292935241435,1.1271037675017404,0.26477573389417813,0.48148148148148145,-0.7624543495352158,1.5077865438608973,0.6704282232266976,0.030648944497342824,0.05386465965286752,0.04626624663230282,0.0,0.0,766
ewmac,ewmac_4speed,trend,1d,FET,1w,7,109,40,69,0.03223869073196577,0.18784316485288297,1.2368792267344304,1.7918235829943787,0.07596156929364713,0.4954128440366973,-0.8598745079333916,1.6022635616865137,5.020792453965457,0.028740741202257097,0.03426648756078239,0.033238690731965774,0.0,0.0,766
ewmac,ewmac_4speed,trend,1d,FET,2w,14,54,23,31,0.022933146464698972,0.2906927224167999,0.40018279471790247,0.5797307882494616,0.5645525596776956,0.42592592592592593,-0.8794177724487192,1.2340034197810479,-0.48224289844186197,0.008781914098189148,0.033432447897915954,0.023933146464698976,0.0,0.0,766
ewmac,ewmac_5speed,trend,1d,FET,1w,7,109,35,74,0.032132358503435696,0.18633055658960596,1.2428073668488293,1.8004114717960353,0.07458700125201315,0.5229357798165137,-0.7754432648616807,1.6034161225751133,5.0113761911277095,0.029359781041060483,0.03344371270861316,0.0331323585034357,0.0,0.0,766
ewmac,ewmac_5speed,trend,1d,FET,2w,14,54,19,35,0.05268571120587626,0.2943537834966566,0.9079295515836604,1.31528571833183,0.19407598107382615,0.5,-0.7624543495352158,1.6141677272829222,1.488051113758179,0.041812454548722615,0.05858833624833108,0.05368571120587626,0.0,0.0,766
ewmac,ewmac_fast,trend,1d,FET,1w,7,106,38,68,0.03675556401911114,0.1943744700570634,1.3439058647254198,1.946869322154514,0.054221860120016445,0.5283018867924528,-0.8312367619508849,1.7380516725771344,7.815626535958925,0.03886834529398604,0.035574892130210464,0.03775556401911114,0.0,0.0,766
ewmac,ewmac_fast,trend,1d,FET,2w,14,53,16,37,0.04484738661889029,0.3025520766284679,0.744915454704336,1.0791329098477895,0.2855086907157588,0.49056603773584906,-0.8003723731174633,1.5477223470677206,0.5324071112184614,0.04176974540357927,0.046178258495781534,0.04584738661889028,0.0,0.0,766
ewmac,ewmac_slow,trend,1d,FET,1w,7,109,30,79,0.03380907758790367,0.18427770244973674,1.3222264164479418,1.9154630653023792,0.058078085115178674,0.5871559633027523,-0.8323839049095986,1.6507915913645839,6.300946688398349,0.03537977815482475,0.033212609018186796,0.03480907758790367,0.0,0.0,766
ewmac,ewmac_slow,trend,1d,FET,2w,14,54,16,38,0.07351480575083619,0.2901427867002556,1.2852628759947355,1.8619152798246603,0.06816346989201279,0.5925925925925926,-0.8482024445184168,1.967593266277526,6.652218924366393,0.0821818428764616,0.06986552696109918,0.07451480575083619,0.0,0.0,766
ewmac,ewmac_2speed,trend,1d,TIA,1w,7,103,21,82,4.90853285615767,49.548056742006374,0.711908914219038,1.005411129647854,0.3170781105456611,0.5339805825242718,-0.7197898748914386,74.26199635987987,671.8245998597347,23.89701115196943,0.04562987796197578,4.90953285615767,0.0,0.0,728
ewmac,ewmac_2speed,trend,1d,TIA,2w,14,51,9,42,0.029773427365262863,0.3736030039073419,0.40298075152331286,0.5691196226414106,0.5718228252254759,0.49019607843137253,-0.9997397202751195,1.2532525672157335,-0.9991812154732583,-0.1387021192978399,0.06587533022164203,0.03077342736526286,0.0,0.0,728
ewmac,ewmac_3speed,trend,1d,TIA,1w,7,103,18,85,4.028442919369958,40.547706883292676,0.7139540654101613,1.0082994454538494,0.3156966933182302,0.5339805825242718,-0.7514666618140802,60.55661983551525,757.9858766276675,22.826532280609616,0.04767105463685266,4.029442919369957,0.0,0.0,728
ewmac,ewmac_3speed,trend,1d,TIA,2w,14,51,8,43,9.793661991604116,69.61662027829664,0.7113740297430277,1.0046557256986752,0.3199000833549901,0.5098039215686274,-0.7699703984714987,100.09251202288787,327.07069832654753,61.9838175715588,0.08386560463580554,9.794661991604116,0.0,0.0,728
ewmac,ewmac_4speed,trend,1d,TIA,1w,7,103,22,81,0.04577550126780578,0.26318923048927284,1.2498685764886248,1.7651580873619273,0.08053004422134138,0.5339805825242718,-0.9991218295690896,1.668088588681027,-0.9749604799744811,0.020595962189687636,0.05261438842482551,0.04677550126780578,0.0,0.0,728
ewmac,ewmac_4speed,trend,1d,TIA,2w,14,51,10,41,0.04610678790069807,0.3738192410914719,0.6236903817732343,0.8808223057257509,0.3826284478206125,0.5098039215686274,-0.9994418073220025,1.4170090109891718,-0.9981374296614951,-0.0831808667826535,0.07764036221371066,0.04710678790069808,0.0,0.0,728
ewmac,ewmac_5speed,trend,1d,TIA,1w,7,103,17,86,0.026387835448716868,0.2586664466282507,0.7330996717275042,1.035338305750225,0.3029593313885535,0.5242718446601942,-0.9996750823076906,1.346920966236552,-0.9963893057002882,-0.03128287977313493,0.03778786055071083,0.027387835448716865,0.0,0.0,728
ewmac,ewmac_5speed,trend,1d,TIA,2w,14,51,7,44,0.037420801164339525,0.3734473628130846,0.5066983791391515,0.71559743049416,0.477568574000192,0.49019607843137253,-0.9996167575578331,1.3276596893200334,-0.9987944009784818,-0.15946019247291338,0.0687427774248116,0.038420801164339526,0.0,0.0,728
ewmac,ewmac_fast,trend,1d,TIA,1w,7,69,19,50,7.323134831534983,60.53567897757735,0.7115262064776207,1.0048706410896437,0.31852160548826214,0.4927536231884058,-0.6287735101982486,113.13026424636158,1012.587435504489,26.419948886923247,0.0663454904874403,7.324134831534981,0.0,0.0,728
ewmac,ewmac_fast,trend,1d,TIA,2w,14,37,10,27,12.983495598452425,78.99448936151063,0.7079073860026368,0.9997598715669197,0.32409965265412244,0.40540540540540543,-0.7764866870741598,112.32807206556262,78.19354477205297,47.86928991762057,0.06283103579755836,12.984495598452424,0.0,0.0,728
ewmac,ewmac_slow,trend,1d,TIA,1w,7,103,17,86,0.018461879567794062,0.2587309070434505,0.5127751348431953,0.7241794803813972,0.470613318765836,0.49514563106796117,-0.9996690733954168,1.231810404973529,-0.9983960555363326,-0.05388007731196019,0.03276203383472224,0.019461879567794067,0.0,0.0,728
ewmac,ewmac_slow,trend,1d,TIA,2w,14,51,9,42,0.005680855254740935,0.3704470257867884,0.07754493604561839,0.1095147710485163,0.9132325690144201,0.45098039215686275,-0.9998707562259482,1.044524142207094,-0.9997542681490564,-0.19986809324332108,0.04972705850432566,0.006680855254740936,0.0,0.0,728
ewmac,ewmac_2speed,trend,1d,INJ,1w,7,139,57,82,0.020212765660634825,0.15647827288819474,0.9303708653152188,1.5229270377047015,0.13006522249782124,0.4748201438848921,-0.826836954767203,1.4463504003762055,2.5933839705234716,0.019032843357941746,0.021032955553970265,0.02121276566063483,0.0,0.0,978
ewmac,ewmac_2speed,trend,1d,INJ,2w,14,69,30,39,0.03730431082570666,0.2155244405970134,0.8783427982144615,1.4377621286762874,0.15508772709649354,0.5507246376811594,-0.8586891028870963,1.6347819046388457,2.266031890054628,0.03593535476084124,0.038357353952526214,0.038304310825706664,0.0,0.0,978
ewmac,ewmac_2speed,trend,1d,INJ,1m,30,32,9,23,0.04275924845998334,0.3180566790445607,0.4645982155503541,0.7605023012960176,0.4527002837986503,0.4375,-0.7343812318059962,1.3929726796844262,-0.1903737829711556,0.009547539230945966,0.05575513468004144,0.043759248459983344,0.0,0.0,978
ewmac,ewmac_3speed,trend,1d,INJ,1w,7,139,56,83,0.01977472119612301,0.15645671512338571,0.9103335866073707,1.4901279522605682,0.13847265795745642,0.48201438848920863,-0.8081037374827438,1.435028678963804,2.3828695326864175,0.019014794811370663,0.02028744261234146,0.02077472119612301,0.0,0.0,978
ewmac,ewmac_3speed,trend,1d,INJ,2w,14,69,29,40,0.050707471687725485,0.22023457508302036,1.168390470753321,1.912542089227921,0.06001958760112697,0.5652173913043478,-0.7183461065668277,1.9450204880853494,6.95514302722112,0.049434705308277774,0.05163022731282505,0.05170747168772548,0.0,0.0,978
ewmac,ewmac_3speed,trend,1d,INJ,1m,30,32,9,23,0.023052643908255566,0.31419664394963626,0.2535544248533356,0.4150440469865531,0.6809682150740347,0.4375,-0.8197219131725098,1.198036955038975,-0.5610065052545835,-0.01746062159385718,0.03890566084386488,0.02405264390825556,0.0,0.0,978
ewmac,ewmac_4speed,trend,1d,INJ,1w,7,139,55,84,0.022706750996769862,0.15613189247847803,1.0474849180831385,1.7146314043230728,0.08865764303982902,0.5035971223021583,-0.8064396994660235,1.5155229187233699,4.083486836162999,0.023264685318440004,0.022341436857581085,0.023706750996769863,0.0,0.0,978
ewmac,ewmac_4speed,trend,1d,INJ,2w,14,69,27,42,0.04481760715131801,0.21616740488851172,1.052107234348348,1.7221976885647068,0.08957962635162003,0.5942028985507246,-0.8213764704199337,1.8059335233633727,4.432055514317358,0.05175078967878562,0.040360561240803096,0.045817607151318,0.0,0.0,978
ewmac,ewmac_4speed,trend,1d,INJ,1m,30,32,10,22,0.04618756348787338,0.31756706211756885,0.5026221174122459,0.8227437475658185,0.4169378468513538,0.46875,-0.7343812318059962,1.4312109574648748,-0.09644802284798082,0.014128419159530814,0.06075990181893818,0.04718756348787337,0.0,0.0,978
ewmac,ewmac_5speed,trend,1d,INJ,1w,7,139,57,82,0.018556754672989978,0.1565440063420088,0.8537878829119864,1.3975681094772676,0.16448550661767733,0.4748201438848921,-0.8255353660506867,1.4031073806282668,1.8569796468203816,0.017125539470563,0.01955162377711605,0.01955675467298998,0.0,0.0,978
ewmac,ewmac_5speed,trend,1d,INJ,2w,14,69,30,39,0.049157707577430494,0.22058777022311662,1.1308675474094099,1.8511206962925322,0.06849533061178725,0.5507246376811594,-0.7469241850649332,1.9031991476644115,6.147972570159704,0.04601893082411778,0.05157215123382489,0.05015770757743049,0.0,0.0,978
ewmac,ewmac_5speed,trend,1d,INJ,1m,30,32,8,24,0.04778720613151654,0.31735351961412417,0.5203796624926853,0.8518111297619481,0.40085167342131933,0.46875,-0.7343812318059962,1.4492737534491404,-0.04905584319478706,0.020518063570018147,0.056876920318682654,0.04878720613151653,0.0,0.0,978
ewmac,ewmac_fast,trend,1d,INJ,1w,7,136,60,76,0.01523333621824933,0.14962507263793956,0.7253324582812002,1.1872990150728746,0.23719462399906144,0.5220588235294118,-0.8859563294749249,1.316204604008974,0.9259145019665078,0.010643489747807428,0.018856899221229784,0.01623333621824933,0.0,0.0,978
ewmac,ewmac_fast,trend,1d,INJ,2w,14,69,25,44,0.03270534299336318,0.20917249223926082,0.7934429165868431,1.2987892415740867,0.19840331085633076,0.4927536231884058,-0.879400712693462,1.5284561117416737,1.5019460218248724,0.027098351153532388,0.035891133811448844,0.033705342993363176,0.0,0.0,978
ewmac,ewmac_fast,trend,1d,INJ,1m,30,32,14,18,0.014030501132579434,0.3301662638606109,0.14685626610136718,0.24038949051392877,0.8116109765503153,0.4375,-0.6795365568045049,1.1087375157608441,-0.7127138302885362,-0.013269726231408643,0.03526401130457016,0.015030501132579435,0.0,0.0,978
ewmac,ewmac_slow,trend,1d,INJ,1w,7,139,59,80,0.020375750742541,0.15630366889699704,0.9389205660630358,1.536922070135906,0.12660206510169303,0.4748201438848921,-0.8685323177154205,1.451119198202593,2.6797771936984107,0.019318323306440694,0.021155603476664973,0.021375750742541003,0.0,0.0,978
ewmac,ewmac_slow,trend,1d,INJ,2w,14,69,31,38,0.04943428520470845,0.22038970221180385,1.1382522329961506,1.8632087116896887,0.06675199074310297,0.5652173913043478,-0.6698094038116673,1.9117910475178157,6.290658257780051,0.04628519000087293,0.0520032839236269,0.05043428520470845,0.0,0.0,978
ewmac,ewmac_slow,trend,1d,INJ,1m,30,32,12,20,0.13311630792662235,0.3806419650620395,1.2085554771176772,1.9782883162888196,0.05684173712765953,0.53125,-0.6832174668153825,2.669876310283816,10.158431570154885,0.17212797857850537,0.10970930553549252,0.13411630792662232,0.0,0.0,978
ewmac,ewmac_2speed,trend,4h,BTC,3d,18,254,137,117,0.0021536479979248424,0.04442260358968045,0.5339984035322155,0.7726584725987382,0.4404457419983017,0.49606299212598426,-0.4978623985241124,1.140390400632986,0.35308022005433726,0.0035189870914455424,0.0005549176063664162,0.0031536479979248433,0.0,0.0,4585
ewmac,ewmac_2speed,trend,4h,BTC,1w,42,109,59,50,0.008048150032709221,0.06077339697934083,0.9555384953458097,1.3825976059845075,0.16964057546059746,0.5321100917431193,-0.3141626134564993,1.4256997449691935,0.970128249930039,0.011312338725071883,0.0041964073757212806,0.009048150032709222,0.0,0.0,4585
ewmac,ewmac_2speed,trend,4h,BTC,2w,84,54,27,27,0.01628156642717419,0.09134531741410712,0.9052304692917549,1.30980539852983,0.1959108590976486,0.5185185185185185,-0.31436971540675873,1.5732126142007048,0.933623119701227,0.02577444891805176,0.006788683936296613,0.017281566427174187,0.0,0.0,4585
ewmac,ewmac_3speed,trend,4h,BTC,3d,18,254,140,114,0.0012077218818378282,0.044348009794085465,0.29995910285122834,0.43401991601110806,0.6646438625372365,0.5078740157480315,-0.49584229107425604,1.076619158593917,0.06435721815095885,0.0025396278573249055,-0.0004279521231463016,0.002207721881837829,0.0,0.0,4585
ewmac,ewmac_3speed,trend,4h,BTC,1w,42,109,59,50,0.004363646495867058,0.06107642049689568,0.5155153727817863,0.7459148152878593,0.45733934569951024,0.4954128440366973,-0.4402320747495291,1.2104976948167177,0.3183556637155709,0.007907861663591321,0.00018147259795242787,0.005363646495867059,0.0,0.0,4585
ewmac,ewmac_3speed,trend,4h,BTC,2w,84,54,28,26,0.009543120482315025,0.09204575547488524,0.5265455025042901,0.7618746442453658,0.44951198087972405,0.5,-0.426460427066064,1.3018015951279138,0.34407650472408413,0.018432387645810157,-2.9936462987425812e-05,0.010543120482315026,0.0,0.0,4585
ewmac,ewmac_4speed,trend,4h,BTC,3d,18,254,145,109,0.0016426687038747527,0.04439917433348638,0.40751569045537084,0.5896468020587844,0.5559536667516629,0.4881889763779528,-0.5698902759500291,1.1053577066156546,0.18848292022227242,0.002831279897962093,6.14886750429695e-05,0.0026426687038747535,0.0,0.0,4585
ewmac,ewmac_4speed,trend,4h,BTC,1w,42,109,61,48,0.005660024548757682,0.0608551374855021,0.6710991724533896,0.9710337299141963,0.3337012089784749,0.5137614678899083,-0.37787724554011715,1.2822488557193281,0.5189720459938767,0.00877122081473354,0.001706212627413363,0.006660024548757683,0.0,0.0,4585
ewmac,ewmac_4speed,trend,4h,BTC,2w,84,54,28,26,0.017630928953835043,0.09108467478177038,0.9830580202069936,1.4224164404702224,0.16076446517971862,0.5370370370370371,-0.31436971540675873,1.635964174280909,1.0798960408694196,0.026143084391086042,0.008463992329103194,0.018630928953835044,0.0,0.0,4585
ewmac,ewmac_5speed,trend,4h,BTC,3d,18,254,140,114,0.002296281690331888,0.04440069544017761,0.569645454429487,0.8242372708062758,0.41058111524061747,0.5078740157480315,-0.4549093648213667,1.1506000269622225,0.40311103831228934,0.0035577091798263214,0.00074716021200539,0.0032962816903318887,0.0,0.0,4585
ewmac,ewmac_5speed,trend,4h,BTC,1w,42,109,61,48,0.007525258598466818,0.060867920508368624,0.892069313569468,1.2907621234736661,0.1995424828378743,0.5321100917431193,-0.31628573989644126,1.3926040367103574,0.860799941127468,0.01051935364254885,0.0037202628132792354,0.008525258598466819,0.0,0.0,4585
ewmac,ewmac_5speed,trend,4h,BTC,2w,84,54,28,26,0.011424250572974859,0.09192671182330493,0.6311538875305345,0.9132356866394233,0.36525435796629296,0.5,-0.4138111116861689,1.3716827233122053,0.4876456810669365,0.020355531534216785,0.0018059479993297088,0.01242425057297486,0.0,0.0,4585
ewmac,ewmac_fast,trend,4h,BTC,3d,18,250,132,118,0.004243873703534318,0.040163355268575326,1.154661953352577,1.670715371701397,0.09603430607689947,0.508,-0.2959023768556237,1.330705185080352,1.3662404223492803,0.005622563087181049,0.0027016110031837367,0.005243873703534319,0.0,0.0,4585
ewmac,ewmac_fast,trend,4h,BTC,1w,42,108,55,53,-0.006469330183973377,0.07028805910163398,-0.6610617537620819,-0.9565102846312896,0.34097063417320383,0.46296296296296297,-0.8137285696357075,0.7718668196495909,-0.6197243924283755,-0.001823926461720487,-0.011290032159896188,-0.005469330183973376,0.0,0.0,4585
ewmac,ewmac_fast,trend,4h,BTC,2w,84,54,27,27,0.0010079303703340768,0.09126222474999901,0.056090427108202646,0.08115893877240805,0.9356212623174931,0.4444444444444444,-0.5102358814181122,1.0299782676867164,-0.15327369550000824,0.009428252712082622,-0.007412391971414469,0.0020079303703340774,0.0,0.0,4585
ewmac,ewmac_slow,trend,4h,BTC,3d,18,254,131,123,0.0033390825012085835,0.04444395208332338,0.8275299574735293,1.1973781733087558,0.23227983987249926,0.49606299212598426,-0.3676201768228342,1.2260668011784086,0.8281968188495579,0.004816167479482085,0.0017659269552424966,0.004339082501208584,0.0,0.0,4585
ewmac,ewmac_slow,trend,4h,BTC,1w,42,109,56,53,0.007292521700194558,0.061233219885046354,0.8593226707376993,1.2433800135913766,0.2164201666741729,0.5229357798165137,-0.45440522638569125,1.3772989099815158,0.8128246349439885,0.011367800292347296,0.002986566961316193,0.00829252170019456,0.0,0.0,4585
ewmac,ewmac_slow,trend,4h,BTC,2w,84,54,28,26,0.016799879986802775,0.09119358083257874,0.935602077370966,1.3537509986545224,0.1815608657592073,0.5370370370370371,-0.3574436812091315,1.597714542627457,0.988724357156026,0.025399242664324743,0.0075390278725483515,0.017799879986802776,0.0,0.0,4585
ewmac,ewmac_2speed,trend,4h,ETH,3d,18,254,120,134,0.002236081522819122,0.06430708705695627,0.38299935366325843,0.5541733714001718,0.5799496957506374,0.4763779527559055,-0.5804809794195993,1.0950772098796222,0.06046871011761046,0.001562798731689181,0.0028390213357713085,0.003236081522819123,0.0,0.0,4585
ewmac,ewmac_2speed,trend,4h,ETH,1w,42,109,53,56,0.008050517865573092,0.0985531730482086,0.589411822844573,0.8528378282749892,0.39563665179116597,0.47706422018348627,-0.5109735082206994,1.2356506391860962,0.4462179680443288,0.00718853224361379,0.008866325686356006,0.009050517865573095,0.0,0.0,4585
ewmac,ewmac_2speed,trend,4h,ETH,2w,84,54,24,30,0.0021338517112823863,0.15542128352464507,0.06972732616807552,0.10089058128086527,0.9200180229889444,0.5,-0.6978950561523072,1.0362950932150408,-0.39806597406096345,0.0009178348434527445,0.0031066652055461,0.003133851711282387,0.0,0.0,4585
ewmac,ewmac_3speed,trend,4h,ETH,3d,18,254,113,141,0.004643822184117554,0.06421571253995859,0.7965325389316621,1.1525270690608045,0.2501923612193905,0.5118110236220472,-0.5278745314719757,1.2081369284027625,0.9551771980365249,0.004312521582227992,0.004909332595560961,0.005643822184117555,0.0,0.0,4585
ewmac,ewmac_3speed,trend,4h,ETH,1w,42,109,49,60,0.006915984219155141,0.09858969868642156,0.5061603138167547,0.7323786969714374,0.46552389964513874,0.46788990825688076,-0.5318245022996577,1.199262992087156,0.27811120990187876,0.006426720515256334,0.007315549577339168,0.007915984219155143,0.0,0.0,4585
ewmac,ewmac_3speed,trend,4h,ETH,2w,84,54,23,31,0.001212594230966311,0.15543555931513556,0.03961999211346269,0.057327367251043315,0.9545000088452147,0.48148148148148145,-0.7125692734526335,1.0204604902668386,-0.42730386267209053,-9.370541882324369e-05,0.0021817842937133995,0.0022125942309663116,0.0,0.0,4585
ewmac,ewmac_4speed,trend,4h,ETH,3d,18,254,124,130,0.002183969950448328,0.06423974784709992,0.3744657284400438,0.5418258104578827,0.5884153622902324,0.4763779527559055,-0.6889755420684365,1.0928155410599958,0.04690632930510419,0.001435689212706193,0.002897714654140826,0.003183969950448329,0.0,0.0,4585
ewmac,ewmac_4speed,trend,4h,ETH,1w,42,109,56,53,0.006083059932865908,0.09853900761255471,0.4454300859982099,0.6445062899446261,0.5206137617620172,0.46788990825688076,-0.5708822128843161,1.1733634348276485,0.16755196639562353,0.004980344779124047,0.007248192925498819,0.007083059932865909,0.0,0.0,4585
ewmac,ewmac_4speed,trend,4h,ETH,2w,84,54,26,28,-0.003924389446604078,0.15422469010667245,-0.12923122474192636,-0.1869885753602954,0.8523835564647962,0.5,-0.6978950561523072,0.936104051796121,-0.5647462471703607,-0.0045784283641251595,-0.003317067594620217,-0.0029243894466040774,0.0,0.0,4585
ewmac,ewmac_5speed,trend,4h,ETH,3d,18,254,113,141,0.004943896908571744,0.06438196455484468,0.845813138956397,1.223832662658078,0.2221538671076175,0.49606299212598426,-0.47878560302409423,1.2225839154798344,1.1079850177156758,0.004575304332467566,0.00523929379580417,0.005943896908571745,0.0,0.0,4585
ewmac,ewmac_5speed,trend,4h,ETH,1w,42,109,52,57,0.008721977253223111,0.0984493196543344,0.6392457758081809,0.9249440850085746,0.35705709651171724,0.48623853211009177,-0.5318245022996578,1.2579396231302873,0.5563648888866985,0.007938159111347928,0.009437039417740824,0.009721977253223114,0.0,0.0,4585
ewmac,ewmac_5speed,trend,4h,ETH,2w,84,54,23,31,0.001212594230966311,0.15543555931513556,0.03961999211346269,0.057327367251043315,0.9545000088452147,0.48148148148148145,-0.7125692734526335,1.0204604902668386,-0.42730386267209053,-9.370541882324369e-05,0.0021817842937133995,0.0022125942309663116,0.0,0.0,4585
ewmac,ewmac_fast,trend,4h,ETH,3d,18,250,132,118,0.0011576682426092777,0.06433393794076117,0.19663751435286203,0.2845207785088985,0.7762477901942004,0.48,-0.5354800850028707,1.051501008613927,-0.1945857697250334,-0.00010489644565368142,0.0025700287413441135,0.0021576682426092788,0.0,0.0,4585
ewmac,ewmac_fast,trend,4h,ETH,1w,42,108,61,47,0.00305760770236351,0.10315256528580505,0.212895261881416,0.3080446060900621,0.7586472485919368,0.4722222222222222,-0.8352131439620243,1.0829543488139692,-0.21305760775023508,0.0007892695022945498,0.00600162111096365,0.00405760770236351,0.0,0.0,4585
ewmac,ewmac_fast,trend,4h,ETH,2w,84,54,31,23,-0.0038362049777168903,0.1559525300270393,-0.12492767201430251,-0.18076163450189753,0.8572441329026429,0.4444444444444444,-0.840668674407245,0.9365436880355055,-0.559215691445907,-0.0034410891083272318,-0.004368752453850778,-0.0028362049777168894,0.0,0.0,4585
ewmac,ewmac_slow,trend,4h,ETH,3d,18,254,109,145,0.00492600602176534,0.06432473749328867,0.8435020872370659,1.2204887318902264,0.22341597351030262,0.5039370078740157,-0.5774570408266163,1.2218353819062258,1.0990826391929365,0.004805794228367694,0.00501637212852633,0.005926006021765341,0.0,0.0,4585
ewmac,ewmac_slow,trend,4h,ETH,1w,42,109,45,64,0.011236480886878824,0.0991870804062703,0.8174116947436332,1.1827377523364813,0.23951030835468418,0.48623853211009177,-0.5974611411621213,1.3430102898647869,1.0403401506771144,0.01145753672035999,0.011081051003962377,0.012236480886878827,0.0,0.0,4585
ewmac,ewmac_slow,trend,4h,ETH,2w,84,54,24,30,-0.0020073916247706244,0.15536493544373947,-0.06561881243145981,-0.09494584824910646,0.9247159064728002,0.46296296296296297,-0.7597820024339492,0.9669959912375493,-0.5186808369830116,-0.004024862514024642,-0.00039341491336741065,-0.0010073916247706235,0.0,0.0,4585
ewmac,ewmac_2speed,trend,4h,SOL,3d,18,254,131,123,0.000320892227146557,0.0752664115720295,0.04695990744188178,0.06794771317183075,0.9458809249400066,0.4763779527559055,-0.7406011593911377,1.0109528646147201,-0.46481332773734274,-0.001038478771701883,0.0017686775999038388,0.001320892227146558,0.0,0.0,4585
ewmac,ewmac_2speed,trend,4h,SOL,1w,42,109,56,53,-0.0014479083739403836,0.11318442475603901,-0.09230389940067649,-0.13355730926175266,0.8940011941510763,0.5137614678899083,-0.8196946776088685,0.9673987056976591,-0.5745657307518179,-0.0033531791092199703,0.0005652078746569156,-0.0004479083739403827,0.0,0.0,4585
ewmac,ewmac_2speed,trend,4h,SOL,2w,84,54,28,26,0.016591519882376,0.1658208243430375,0.5081551944003587,0.7352651501416132,0.4654193329076828,0.5,-0.6081289357900808,1.2828382170368158,0.19041309896266956,0.01955803559578664,0.01339681065254915,0.017591519882376002,0.0,0.0,4585
ewmac,ewmac_3speed,trend,4h,SOL,3d,18,254,132,122,0.0016575171810330838,0.07539136386428438,0.24216182701882594,0.35039128609454345,0.7263366114211061,0.48031496062992124,-0.6715980271126585,1.0578087844194077,-0.2489722824306826,0.0002485086285730505,0.00318201823779312,0.0026575171810330847,0.0,0.0,4585
ewmac,ewmac_3speed,trend,4h,SOL,1w,42,109,59,50,-0.001818807173932113,0.11202707959388469,-0.11714648992540351,-0.16950280633302525,0.8657182513316127,0.5045871559633027,-0.815770803675059,0.9590746154934,-0.5895536539081985,-0.002730150719972315,-0.0007434217896046724,-0.0008188071739321123,0.0,0.0,4585
ewmac,ewmac_3speed,trend,4h,SOL,2w,84,54,27,27,0.008822087749609383,0.16604813387385994,0.2698277682851493,0.3904219749139234,0.6977893836821265,0.48148148148148145,-0.7164520741672618,1.141596636100937,-0.21684390372516915,0.012266093112563194,0.005378082386655558,0.009822087749609383,0.0,0.0,4585
ewmac,ewmac_4speed,trend,4h,SOL,3d,18,254,129,125,0.0026640827901888518,0.07539425768747617,0.38920525295509867,0.5631528751519009,0.5738295229838472,0.5078740157480315,-0.6746023053336901,1.094616384459872,-0.03020993299923791,0.0012708044269521838,0.004101946061049092,0.0036640827901888526,0.0,0.0,4585
ewmac,ewmac_4speed,trend,4h,SOL,1w,42,109,54,55,0.0036805066409220915,0.11350893478603714,0.23396085186046897,0.3385250466118742,0.7356247972211496,0.5321100917431193,-0.7093368258939627,1.0876382317902413,-0.2568066115346659,0.0013270751037982875,0.005991148513734554,0.004680506640922092,0.0,0.0,4585
ewmac,ewmac_4speed,trend,4h,SOL,2w,84,54,26,28,0.021977179285635924,0.16909596082050427,0.6600669450879577,0.9550708658135693,0.343877921988151,0.5,-0.6437210644474523,1.3871115924581747,0.574657796603375,0.024303920773139844,0.019816633618667995,0.022977179285635925,0.0,0.0,4585
ewmac,ewmac_5speed,trend,4h,SOL,3d,18,254,131,123,0.001434502016199357,0.07539338450253077,0.20957388726471085,0.30323880850472007,0.7619570765094859,0.4763779527559055,-0.6879320033180105,1.0498354202524016,-0.2903476713708847,-1.2209287768179606e-05,0.002975308364327384,0.002434502016199358,0.0,0.0,4585
ewmac,ewmac_5speed,trend,4h,SOL,1w,42,109,58,51,0.0003964355437975883,0.11327115440765621,0.025253344042955025,0.036539828784456156,0.9709193744171154,0.5137614678899083,-0.8149335244487019,1.009104917179726,-0.47993140420819846,-0.001443942517668095,0.0024894145156605222,0.0013964355437975891,0.0,0.0,4585
ewmac,ewmac_5speed,trend,4h,SOL,2w,84,54,28,26,0.016591519882376,0.1658208243430375,0.5081551944003587,0.7352651501416132,0.4654193329076828,0.5,-0.6081289357900808,1.2828382170368158,0.19041309896266956,0.01955803559578664,0.01339681065254915,0.017591519882376002,0.0,0.0,4585
ewmac,ewmac_fast,trend,4h,SOL,3d,18,250,123,127,0.0035602630433155106,0.07405755625320437,0.5253335055584871,0.7601209691355825,0.4479013869890482,0.48,-0.5632935419852526,1.1392015512194409,0.25046506024253445,0.002405911529873842,0.004678257028774765,0.004560263043315512,0.0,0.0,4585
ewmac,ewmac_fast,trend,4h,SOL,1w,42,108,55,53,0.012727003767771352,0.12120854708191209,0.7541490571764219,1.0912011249010396,0.27763547374210146,0.5648148148148148,-0.7507292410670514,1.3096472206969865,0.8244963427171881,0.012928091405137461,0.012518327917674451,0.013727003767771355,0.0,0.0,4585
ewmac,ewmac_fast,trend,4h,SOL,2w,84,54,27,27,-0.006138609356076706,0.15871660993979123,-0.1964250559749185,-0.2842133660434176,0.777354340932409,0.4074074074074074,-0.8333674922676346,0.9078269770131797,-0.6251197853046027,-0.005769791641271059,-0.006507427070882349,-0.005138609356076705,0.0,0.0,4585
ewmac,ewmac_slow,trend,4h,SOL,3d,18,254,127,127,0.00638940029157874,0.07525008641411542,0.9352384209626087,1.3532248131768627,0.17719169986839708,0.5275590551181102,-0.4236417589558089,1.2425101257623599,1.4984485424619494,0.005197675929327696,0.007581124653829782,0.00738940029157874,0.0,0.0,4585
ewmac,ewmac_slow,trend,4h,SOL,1w,42,109,53,56,0.005837361720201286,0.11414448419284663,0.3690008038775213,0.5339184454968354,0.5944952173305273,0.5412844036697247,-0.719963224918613,1.1421931206416658,-0.06243827145083303,0.005101862640368646,0.00653345906361432,0.006837361720201287,0.0,0.0,4585
ewmac,ewmac_slow,trend,4h,SOL,2w,84,54,25,29,0.015386194710512254,0.16659599710176023,0.46904653200227536,0.6786776413513181,0.5002950089653729,0.48148148148148145,-0.6707031040109304,1.25902042232031,0.11323061973190773,0.018254264618087924,0.012913720652257358,0.016386194710512256,0.0,0.0,4585
ewmac,ewmac_2speed,trend,4h,BNB,3d,18,254,149,105,0.0022761425003817067,0.051299839750086486,0.48871164253511784,0.7071316857216489,0.4801354526371701,0.484251968503937,-0.5757386671900806,1.1329708706028045,0.287075387049192,0.004185129011208465,-0.000432800262601027,0.0032761425003817075,0.0,0.0,4585
ewmac,ewmac_2speed,trend,4h,BNB,1w,42,109,68,41,0.008231262694581416,0.07302389474303986,0.8133305887054063,1.1768326763340964,0.2418494964703025,0.5229357798165137,-0.4185282762390963,1.3404505591163214,0.8454857085027028,0.011928526340971133,0.0020992156713009105,0.009231262694581417,0.0,0.0,4585
ewmac,ewmac_2speed,trend,4h,BNB,2w,84,54,31,23,-0.011069931527118822,0.1171553633724632,-0.4798793108603619,-0.6943519173624898,0.49049413723249724,0.42592592592592593,-0.7819625225645953,0.7772351738807791,-0.6157375367414246,0.002677634600255568,-0.029599259785753868,-0.010069931527118822,0.0,0.0,4585
ewmac,ewmac_3speed,trend,4h,BNB,3d,18,254,149,105,0.0010626301790697932,0.051176106931894935,0.22870946944469125,0.330926662254229,0.7409737922601239,0.4763779527559055,-0.6905488464095957,1.060060862326116,-0.053856924463967615,0.003165411981399023,-0.0019213173309021619,0.002062630179069794,0.0,0.0,4585
ewmac,ewmac_3speed,trend,4h,BNB,1w,42,109,66,43,0.012559872701807149,0.07300124314074065,1.2414253752584086,1.7962559961747346,0.07524952770521402,0.5412844036697247,-0.4869381604934466,1.567187524769295,1.9544441600752718,0.016123762022788233,0.007089716999836169,0.013559872701807148,0.0,0.0,4585
ewmac,ewmac_3speed,trend,4h,BNB,2w,84,54,32,22,0.009041624829351733,0.12160163368533705,0.37762117591545213,0.5463915230341516,0.5870897711756571,0.48148148148148145,-0.5528216490683635,1.2225435777739264,0.1291308468696728,0.02122590586155918,-0.008680965762950016,0.010041624829351734,0.0,0.0,4585
ewmac,ewmac_4speed,trend,4h,BNB,3d,18,254,144,110,0.0009910097839607671,0.05120941700830605,0.21315589908861354,0.3084217299636233,0.7580152423814156,0.47244094488188976,-0.6685883860532662,1.0558587330364955,-0.07105247245905844,0.0031609752737572394,-0.0018496723117727967,0.001991009783960768,0.0,0.0,4585
ewmac,ewmac_4speed,trend,4h,BNB,1w,42,109,66,43,0.008522510080897931,0.07258309206235614,0.8472229168593677,1.2258725130284305,0.22291300613301743,0.5596330275229358,-0.48545197446409605,1.3563258833599232,0.9070767923111454,0.012723966265042146,0.0020737633796533215,0.009522510080897932,0.0,0.0,4585
ewmac,ewmac_4speed,trend,4h,BNB,2w,84,54,31,23,-0.0040036532236166844,0.11804217416095059,-0.17225368496476107,-0.24923907682871416,0.804139256681431,0.46296296296296297,-0.7600055592710602,0.9135923651710699,-0.4375626463096103,0.009118908472604942,-0.021690584205480617,-0.003003653223616684,0.0,0.0,4585
ewmac,ewmac_5speed,trend,4h,BNB,3d,18,254,154,100,0.0025296518058834346,0.051168281747176074,0.5445392126870047,0.787910288798228,0.4314867528222855,0.49606299212598426,-0.5576469673478176,1.1491119927901767,0.3734444894344995,0.004281910033743195,-0.0001688258650205965,0.0035296518058834355,0.0,0.0,4585
ewmac,ewmac_5speed,trend,4h,BNB,1w,42,109,67,42,0.013754082924338535,0.07279828244599845,1.363251994691792,1.9725306237216074,0.05110510071182018,0.5504587155963303,-0.41852827623909594,1.6380654653065811,2.365337284689157,0.01681089349588849,0.008877742250675493,0.014754082924338533,0.0,0.0,4585
ewmac,ewmac_5speed,trend,4h,BNB,2w,84,54,33,21,0.005051296670812403,0.1217585564242136,0.21069423516008484,0.3048598738260635,0.7616668517246303,0.46296296296296297,-0.6115803493588375,1.1186885718645774,-0.08972174620202444,0.017221556690431083,-0.014073397645731239,0.006051296670812404,0.0,0.0,4585
ewmac,ewmac_fast,trend,4h,BNB,3d,18,251,139,112,-0.0004313580607491486,0.05120263064301527,-0.09224331284064656,-0.13346964473200298,0.8939293441083376,0.47410358565737054,-0.7125577427652583,0.9769431468383157,-0.3514660520873736,0.002576791545704076,-0.004164686590186632,0.0005686419392508523,0.0,0.0,4585
ewmac,ewmac_fast,trend,4h,BNB,1w,42,107,57,50,0.010869259757614423,0.07306995212448511,1.063421462647978,1.538696740708015,0.1268582280011647,0.5327102803738317,-0.5381773670856496,1.509293702107001,1.4210463056875864,0.015591080822517736,0.005486383743624643,0.011869259757614424,0.0,0.0,4585
ewmac,ewmac_fast,trend,4h,BNB,2w,84,54,32,22,0.019925007153685764,0.12422856024208176,0.8145660425694634,1.1786202919697508,0.2438139375500564,0.5185185185185185,-0.44196923650437847,1.535735659929976,0.99564108281412,0.029323493604148654,0.006254481407557925,0.020925007153685764,0.0,0.0,4585
ewmac,ewmac_slow,trend,4h,BNB,3d,18,254,149,105,0.0020734372005683406,0.05115040187351114,0.44648932684366716,0.6460389376236296,0.5188396866978323,0.4881889763779528,-0.6698228389058248,1.1205968505060835,0.2232743449783372,0.004052822160959778,-0.0007354043146537949,0.0030734372005683415,0.0,0.0,4585
ewmac,ewmac_slow,trend,4h,BNB,1w,42,109,62,47,0.006510661382327037,0.07359705125409241,0.6383080632687477,0.9235872803184058,0.3577601191564927,0.4954128440366973,-0.6454084215216838,1.2594541810116453,0.528104874677513,0.011765964477084633,-0.00042186610437447246,0.007510661382327038,0.0,0.0,4585
ewmac,ewmac_slow,trend,4h,BNB,2w,84,54,34,20,0.005254452192706618,0.12143229117915592,0.21975690146449156,0.3179729203410285,0.7517549799387904,0.48148148148148145,-0.5455753765241249,1.1240621940592648,-0.07904923919244,0.01682126662878661,-0.014409132348629372,0.006254452192706621,0.0,0.0,4585
ewmac,ewmac_2speed,trend,4h,ADA,3d,18,254,106,148,0.006264171670412258,0.0796019373895233,0.8667807524520174,1.2541713380368884,0.21093725087781115,0.468503937007874,-0.6571850033509237,1.231352694863135,1.2197920587921196,0.0038667302093701415,0.007981258122239718,0.0072641716704122585,0.0,0.0,4585
ewmac,ewmac_2speed,trend,4h,ADA,1w,42,109,42,67,0.012912450351910803,0.11717494565696188,0.7951325645378324,1.1505014036849184,0.252478439550532,0.4954128440366973,-0.5382709518929927,1.344082816200263,0.907994637460471,0.006154394145423456,0.017148843794783472,0.013912450351910802,0.0,0.0,4585
ewmac,ewmac_2speed,trend,4h,ADA,2w,84,54,22,32,0.016833341678973237,0.19523986425681178,0.43787596658595174,0.6335760056435951,0.529082380776737,0.5,-0.7081201638075916,1.2638655553055034,-0.04764676195220496,0.005681716870313194,0.02450008373492701,0.017833341678973238,0.0,0.0,4585
ewmac,ewmac_3speed,trend,4h,ADA,3d,18,254,99,155,0.0034160113861788953,0.07962497121468398,0.4725407507939558,0.6837335324113796,0.49476917496663136,0.4645669291338583,-0.6541516319623988,1.1201542661208654,0.07735349479921716,0.0005700377357306007,0.005233762298400708,0.004416011386178895,0.0,0.0,4585
ewmac,ewmac_3speed,trend,4h,ADA,1w,42,109,42,67,0.0072429479532051975,0.1173921168440355,0.44518658269027805,0.6441539576291457,0.5208413112212227,0.47706422018348627,-0.7369225393360552,1.1801071482270244,0.029242145836998246,-0.0005995949174021829,0.012159168857168034,0.008242947953205198,0.0,0.0,4585
ewmac,ewmac_3speed,trend,4h,ADA,2w,84,54,20,34,0.011522016834417937,0.1954038776981977,0.2994639818428206,0.433303510419673,0.6665527486396875,0.46296296296296297,-0.7807691541058082,1.173758872642715,-0.2846878061502722,-0.0012995578786945572,0.01906411960683705,0.012522016834417938,0.0,0.0,4585
ewmac,ewmac_4speed,trend,4h,ADA,3d,18,254,105,149,0.002956710878139662,0.07956671806043418,0.4093046325429221,0.5922352765781684,0.5542219485241171,0.47244094488188976,-0.7581475048909938,1.1032775035569575,-0.04086164587103269,6.479791195177815e-05,0.004994636122768708,0.003956710878139663,0.0,0.0,4585
ewmac,ewmac_4speed,trend,4h,ADA,1w,42,109,40,69,0.00807966297653311,0.11702654966849774,0.4981664562610216,0.7208121422245898,0.47258247639739653,0.4954128440366973,-0.6221382470227714,1.2033873387880345,0.12905576420215414,2.291655304836604e-05,0.012750240613335859,0.009079662976533108,0.0,0.0,4585
ewmac,ewmac_4speed,trend,4h,ADA,2w,84,54,21,33,0.007513206397770928,0.19324388737593567,0.19745531194508809,0.2857040746279967,0.7762184602338866,0.48148148148148145,-0.7686581064259992,1.110896915580262,-0.41943833343639936,-0.0050323524484333845,0.015496743845355484,0.008513206397770921,0.0,0.0,4585
ewmac,ewmac_5speed,trend,4h,ADA,3d,18,254,100,154,0.006872412630293296,0.07956652002682894,0.9513670572908223,1.3765618258496097,0.16986475684019503,0.4763779527559055,-0.5859048859604109,1.2566663546695376,1.5906518559107345,0.0049688926371275095,0.008108464573907443,0.007872412630293297,0.0,0.0,4585
ewmac,ewmac_5speed,trend,4h,ADA,1w,42,109,42,67,0.013591831031191392,0.11765828712588665,0.8335297050246293,1.206059389859493,0.23043007262835583,0.4954128440366973,-0.5891973169602523,1.3643619026397886,1.0499404155222334,0.007383940245846073,0.017483344657825774,0.014591831031191395,0.0,0.0,4585
ewmac,ewmac_5speed,trend,4h,ADA,2w,84,54,20,34,0.011522016834417937,0.1954038776981977,0.2994639818428206,0.433303510419673,0.6665527486396875,0.46296296296296297,-0.7807691541058082,1.173758872642715,-0.2846878061502722,-0.0012995578786945572,0.01906411960683705,0.012522016834417938,0.0,0.0,4585
ewmac,ewmac_fast,trend,4h,ADA,3d,18,250,108,142,0.006725771346989232,0.07892544589511036,0.9312096038039156,1.3473953955388607,0.1790777012208338,0.484,-0.5363489871750824,1.2645892434665003,1.5579025701098304,0.00380309657456172,0.008948650751370723,0.007725771346989233,0.0,0.0,4585
ewmac,ewmac_fast,trend,4h,ADA,1w,42,108,43,65,-0.011104540604495443,0.12500026889989502,-0.6380488266703889,-0.923212183028218,0.35797382084638363,0.46296296296296297,-0.9064031470759747,0.7949457873403674,-0.8752477208437778,-0.02111306785802356,-0.004483514882930687,-0.010104540604495442,0.0,0.0,4585
ewmac,ewmac_fast,trend,4h,ADA,2w,84,54,25,29,0.02460926004687908,0.21360317959218003,0.585113488232813,0.8466184376665667,0.4010144545327465,0.5,-0.652813595293305,1.3687831199667981,0.23565508941581514,0.015314693679705872,0.03262181725995942,0.025609260046879072,0.0,0.0,4585
ewmac,ewmac_slow,trend,4h,ADA,3d,18,254,89,165,0.004664600657622559,0.07912017142020242,0.6493763912851426,0.9396023795449215,0.34831774493789885,0.4763779527559055,-0.6530992103659317,1.1680508657127173,0.4840610719750651,0.0019030361224823566,0.006154171831122425,0.00566460065762256,0.0,0.0,4585
ewmac,ewmac_slow,trend,4h,ADA,1w,42,109,37,72,0.01269183928146633,0.11650482374812714,0.786042979401195,1.1373494074958388,0.2579092988591297,0.5045871559633027,-0.6997412522070905,1.3383675450569352,0.8680061262852228,0.006675054638370796,0.015783798056390422,0.013691839281466327,0.0,0.0,4585
ewmac,ewmac_slow,trend,4h,ADA,2w,84,54,18,36,0.01706700362400307,0.1909034081194542,0.4540386945173478,0.6569623464901142,0.5140479079668082,0.5,-0.8579561895998987,1.2704778257438247,-0.021842153171862666,0.002449010794171696,0.024376000038918755,0.01806700362400307,0.0,0.0,4585
ewmac,ewmac_2speed,trend,4h,AVAX,3d,18,254,113,141,0.0038003536879131087,0.08104041713740362,0.5165252956540358,0.7473761032968743,0.45553061535341643,0.4921259842519685,-0.7050673504718383,1.125850490934244,0.15931128008180906,-0.0022019571492208527,0.00861071627370132,0.00480035368791311,0.0,0.0,4585
ewmac,ewmac_2speed,trend,4h,AVAX,1w,42,109,50,59,0.02410512312562966,0.12408453469772304,1.4017072965050064,2.028172765281922,0.04500389909254411,0.5321100917431193,-0.41388307189165385,1.6733997113169636,5.173492571298431,0.010679868007747572,0.03548245797129246,0.025105123125629666,0.0,0.0,4585
ewmac,ewmac_2speed,trend,4h,AVAX,2w,84,54,24,30,0.037006842054654196,0.18442630961659212,1.0190803270855795,1.4745382079290499,0.14625244652622868,0.5,-0.591613615655421,1.6693412112158352,2.113488743165627,0.011540943349755703,0.057379561018572986,0.03800684205465418,0.0,0.0,4585
ewmac,ewmac_3speed,trend,4h,AVAX,3d,18,254,115,139,-0.0013767944025261682,0.08078650555569186,-0.1877152319414596,-0.2716108577029782,0.786142748858299,0.468503937007874,-0.8503384706988049,0.9578520878291497,-0.6883239670206025,-0.007920741344616034,0.004037262420066167,-0.0003767944025261673,0.0,0.0,4585
ewmac,ewmac_3speed,trend,4h,AVAX,1w,42,109,51,58,0.009295295532771936,0.12075087295975143,0.5554417997419084,0.8036855724048737,0.4233439680907639,0.5045871559633027,-0.6740801903495248,1.2207261437601256,0.2563082250662887,-0.0041429408391517545,0.021111675790842766,0.01029529553277194,0.0,0.0,4585
ewmac,ewmac_3speed,trend,4h,AVAX,2w,84,54,23,31,0.04311013683912908,0.1837522570471341,1.1915053217960856,1.7240251580203303,0.09053234369739345,0.5185185185185185,-0.6342006374324765,1.8205500525279539,3.3204108909442027,0.019970055631224056,0.060278584186929586,0.044110136839129066,0.0,0.0,4585
ewmac,ewmac_4speed,trend,4h,AVAX,3d,18,254,111,143,0.000884272520898061,0.08082171286069367,0.12051117609497028,0.1743712727167355,0.8617131399129767,0.4763779527559055,-0.7311893552810982,1.0280120500515046,-0.4463871670101558,-0.005716210443070506,0.006007724332090444,0.0018842725208980619,0.0,0.0,4585
ewmac,ewmac_4speed,trend,4h,AVAX,1w,42,109,53,56,0.010985658759489628,0.12207449127175281,0.6493320178280653,0.9395381742451634,0.34955108423964587,0.5045871559633027,-0.6861077438917806,1.2644303978185796,0.5011701872269778,-0.0027003712559519055,0.02393850859553251,0.011985658759489629,0.0,0.0,4585
ewmac,ewmac_4speed,trend,4h,AVAX,2w,84,54,26,28,0.020165111101319102,0.18468815853326512,0.5545118548927056,0.8023400070210949,0.4259394659906025,0.46296296296296297,-0.7200326884919079,1.3211709586940314,0.26289215885078865,-0.0049191048387927224,0.043457597331422945,0.021165111101319103,0.0,0.0,4585
ewmac,ewmac_5speed,trend,4h,AVAX,3d,18,254,114,140,-0.0007712697007373602,0.08081872949824179,-0.10511471020518906,-0.1520936596393787,0.8792342809808192,0.47244094488188976,-0.8118429417351991,0.9761766191999225,-0.6365266495283921,-0.007311126221992103,0.0045540420379986445,0.00022873029926264075,0.0,0.0,4585
ewmac,ewmac_5speed,trend,4h,AVAX,1w,42,109,50,59,0.013482550320806303,0.12244050371601471,0.7945341687286397,1.1496355666545417,0.25283346604761653,0.4954128440366973,-0.6740801903495248,1.3334649241021173,0.9658637958829639,-0.0005325677476282565,0.02535976902286949,0.014482550320806304,0.0,0.0,4585
ewmac,ewmac_5speed,trend,4h,AVAX,2w,84,54,23,31,0.034968433466956515,0.1848253619213781,0.96086832926143,1.3903095041947042,0.17024617807084214,0.48148148148148145,-0.6342006374324765,1.6211293200943593,1.7888104042425197,0.009627487663737208,0.05376978035321601,0.03596843346695651,0.0,0.0,4585
ewmac,ewmac_fast,trend,4h,AVAX,3d,18,250,113,137,0.006002485021711347,0.08117636149591372,0.8080233208465878,1.169153429635338,0.2434598265859284,0.512,-0.6085041984609318,1.2119260639214315,1.006978878383531,-0.0006777321300062548,0.011512445154149953,0.007002485021711347,0.0,0.0,4585
ewmac,ewmac_fast,trend,4h,AVAX,1w,42,108,54,54,0.013453465388449125,0.13397880370578544,0.7212109887895481,1.0435420355820222,0.2990492662792198,0.5370370370370371,-0.707600931013391,1.3036517109319758,0.6726500118182979,-0.0009561173551860607,0.02786304813208431,0.014453465388449124,0.0,0.0,4585
ewmac,ewmac_fast,trend,4h,AVAX,2w,84,54,25,29,0.025157594264815248,0.18468362481934714,0.691815018872242,1.001008115879968,0.3213713316808157,0.46296296296296297,-0.7506540456274475,1.4067306499362502,0.6211515725536803,0.0008750395162477221,0.046090831117028636,0.02615759426481525,0.0,0.0,4585
ewmac,ewmac_slow,trend,4h,AVAX,3d,18,254,101,153,0.0034523889336483945,0.08118007516586553,0.4684244035503165,0.6777774648409182,0.49853216208046064,0.4763779527559055,-0.7155335381487975,1.1135413719894216,0.06029036977739821,-0.003467184351259591,0.008020211821071314,0.004452388933648395,0.0,0.0,4585
ewmac,ewmac_slow,trend,4h,AVAX,1w,42,109,45,64,0.010680083165127873,0.12118074676696648,0.6359260949613227,0.920140738190153,0.3595498991168498,0.5045871559633027,-0.6709060977622474,1.256975410555819,0.45770857045777813,-0.004066498281498967,0.021048773244787378,0.011680083165127877,0.0,0.0,4585
ewmac,ewmac_slow,trend,4h,AVAX,2w,84,54,23,31,0.023241191255716845,0.1785805855928895,0.6609573085441046,0.9563591596802429,0.34323294311546776,0.48148148148148145,-0.7397061153419079,1.3834204373542993,0.5177133208396445,-0.003847972049543791,0.043339602740265055,0.024241191255716846,0.0,0.0,4585
ewmac,ewmac_2speed,trend,4h,DOT,3d,18,254,103,151,0.0031377504666064717,0.07851451828453561,0.44018747197053293,0.636920592833445,0.5247524494705683,0.4881889763779528,-0.7853771782295483,1.1136160278045444,0.04638010073017318,-0.0037390375870740653,0.007828539668785911,0.004137750466606473,0.0,0.0,4585
ewmac,ewmac_2speed,trend,4h,DOT,1w,42,109,51,58,0.009068100443106535,0.11790487501478147,0.5549453236686902,0.8029672061290999,0.42375727408162756,0.45871559633027525,-0.7057363547794384,1.223558839243688,0.3079840816491548,-0.006143921908863549,0.022444189062942307,0.01006810044310654,0.0,0.0,4585
ewmac,ewmac_2speed,trend,4h,DOT,2w,84,54,24,30,-0.0069735591643577,0.17567635659153466,-0.20159995985395282,-0.2917010912886088,0.7716538865266096,0.5185185185185185,-0.7959326964646996,0.9045818563118241,-0.7011708816916917,-0.03236341821923808,0.013338328079546602,-0.005973559164357699,0.0,0.0,4585
ewmac,ewmac_3speed,trend,4h,DOT,3d,18,254,96,158,0.004008231499297984,0.07933432448295197,0.5564945484682977,0.8052088264400575,0.42145526240742753,0.4921259842519685,-0.5368283958171869,1.146885486090835,0.2981610244055857,-0.0032899672918423515,0.00844258013188958,0.005008231499297984,0.0,0.0,4585
ewmac,ewmac_3speed,trend,4h,DOT,1w,42,109,44,65,-0.003908315550397528,0.116399542428249,-0.24227242364299595,-0.3505513117016249,0.7266077980125147,0.41284403669724773,-0.8724107518029953,0.9160876705488126,-0.6799966478214663,-0.022455684404651902,0.008646826443251591,-0.0029083155503975243,0.0,0.0,4585
ewmac,ewmac_3speed,trend,4h,DOT,2w,84,54,21,33,-0.013800317497308081,0.17498868389883215,-0.4005238486299799,-0.5795300942377045,0.5646869378893594,0.5,-0.8245948235275506,0.819113903127396,-0.7931835298367801,-0.04627995612567388,0.006868543448015608,-0.01280031749730808,0.0,0.0,4585
ewmac,ewmac_4speed,trend,4h,DOT,3d,18,254,109,145,0.0025796029926744143,0.07846850357463665,0.36209851797779224,0.5239313188585386,0.6007849748658478,0.4881889763779528,-0.7978712238757403,1.0925462741044092,-0.09161689656387739,-0.004135563802900154,0.007627555963140812,0.003579602992674415,0.0,0.0,4585
ewmac,ewmac_4speed,trend,4h,DOT,1w,42,109,52,57,0.004250318599647579,0.11656792675694154,0.26309224668292824,0.3806761445913914,0.7041913051008186,0.44954128440366975,-0.7351240766996047,1.0996679252748076,-0.22143338206755592,-0.010252777378166097,0.017481213175898652,0.00525031859964758,0.0,0.0,4585
ewmac,ewmac_4speed,trend,4h,DOT,2w,84,54,25,29,-0.02625752941221646,0.17113481736529268,-0.7792283635024043,-1.127489133238691,0.2646143256347901,0.46296296296296297,-0.9274357600154223,0.678844077372876,-0.893739430669976,-0.05149561726926827,-0.004500557121654563,-0.025257529412216456,0.0,0.0,4585
ewmac,ewmac_5speed,trend,4h,DOT,3d,18,254,102,152,0.0025449161674418476,0.07847606288128038,0.35719512249191515,0.5168364473353192,0.6057218324394454,0.4921259842519685,-0.8005089798351209,1.0912602555231876,-0.09962827643331684,-0.0044542430167732175,0.007241720356849326,0.0035449161674418485,0.0,0.0,4585
ewmac,ewmac_5speed,trend,4h,DOT,1w,42,109,48,61,-0.0020174622111968493,0.11653830148352685,-0.12491148201391732,-0.18073820869971116,0.8569117955196145,0.41284403669724773,-0.836588740004256,0.9558453173398321,-0.6068486414406087,-0.018328966356236945,0.01081781973899864,-0.0010174622111968486,0.0,0.0,4585
ewmac,ewmac_5speed,trend,4h,DOT,2w,84,54,22,32,-0.0091348674234997,0.17548699217955466,-0.2643666000666103,-0.3825200451208195,0.7036053954438978,0.5185185185185185,-0.8183767154808169,0.8767024041954702,-0.7340371287468995,-0.0381367859446605,0.010803951559798353,-0.0081348674234997,0.0,0.0,4585
ewmac,ewmac_fast,trend,4h,DOT,3d,18,251,103,148,0.004045256410638727,0.07925269009593092,0.5588835030534807,0.8086654772253139,0.41947647001482036,0.50199203187251,-0.6819086173898989,1.1538182998497015,0.29282078820214785,-0.002321613188918497,0.008476253496817066,0.005045256410638728,0.0,0.0,4585
ewmac,ewmac_fast,trend,4h,DOT,1w,42,108,43,65,0.004336792572095627,0.13347054077035964,0.23337132690259765,0.33767204508510057,0.7362718966544793,0.4444444444444444,-0.7473069276909214,1.0910259474224346,-0.3459886167420613,-0.012410133275011535,0.015415528132489595,0.005336792572095626,0.0,0.0,4585
ewmac,ewmac_fast,trend,4h,DOT,2w,84,54,24,30,0.009199233714709647,0.19961322908012205,0.2340515921650002,0.3386563415083355,0.7362066695621943,0.46296296296296297,-0.7604930389262375,1.135676051904499,-0.36602669927300724,-0.014480736061538046,0.028143209535707803,0.010199233714709648,0.0,0.0,4585
ewmac,ewmac_slow,trend,4h,DOT,3d,18,254,90,164,0.004320595191112053,0.07836110650316529,0.6073125611539671,0.8787389490068823,0.3803766321495229,0.5039370078740157,-0.6218575380490616,1.1599037775165313,0.4142510253368874,-0.0027334242721146606,0.008191703433126713,0.005320595191112054,0.0,0.0,4585
ewmac,ewmac_slow,trend,4h,DOT,1w,42,109,42,67,-0.003278533999380697,0.11627393783040765,-0.20345246088381883,-0.294381531167747,0.7690314447040887,0.43119266055045874,-0.8356690379691398,0.9290544745421545,-0.657034991532545,-0.022878249720906567,0.009007854960381794,-0.002278533999380695,0.0,0.0,4585
ewmac,ewmac_slow,trend,4h,DOT,2w,84,54,20,34,-0.01784945871554136,0.174617507894485,-0.5191424379049989,-0.7511629257308498,0.455877092157685,0.4444444444444444,-0.8521535890168799,0.7721288729616396,-0.8338277314510225,-0.05400337580883312,0.0034175513393361464,-0.01684945871554136,0.0,0.0,4585
ewmac,ewmac_2speed,trend,4h,LINK,3d,18,254,117,137,0.001532070580257006,0.08014435340640888,0.21055962058957683,0.3046650959245749,0.7608716990916226,0.46062992125984253,-0.6979602307400603,1.050039075573765,-0.33441466423049515,-0.001832686251733924,0.004405622035314954,0.002532070580257007,0.0,0.0,4585
ewmac,ewmac_2speed,trend,4h,LINK,1w,42,109,49,60,0.004220974864287152,0.11628164333344976,0.2619191433271232,0.3789787457956249,0.7054476880888217,0.47706422018348627,-0.6472798480929205,1.0979858831477003,-0.2323037995378575,-0.003789080682853418,0.010762520227785285,0.005220974864287153,0.0,0.0,4585
ewmac,ewmac_2speed,trend,4h,LINK,2w,84,54,25,29,-0.003044732206459348,0.17818858518861652,-0.0867797688279801,-0.12556427733037895,0.9005519361855825,0.46296296296296297,-0.7389325687824946,0.9559554136233027,-0.6274468900919203,-0.013937633032914626,0.0063456995404848554,-0.0020447322064593453,0.0,0.0,4585
ewmac,ewmac_3speed,trend,4h,LINK,3d,18,254,119,135,-0.0010144056577637787,0.07986928660047017,-0.1398946490858379,-0.202417807192712,0.8397527862723249,0.4448818897637795,-0.8006458289568723,0.9681223839006794,-0.650909435982459,-0.004462895561314586,0.0020253743312921174,-1.4405657763777753e-05,0.0,0.0,4585
ewmac,ewmac_3speed,trend,4h,LINK,1w,42,109,47,62,0.0022442898022037912,0.11621168541551734,0.139346085379018,0.20162407374139285,0.8405898977970954,0.47706422018348627,-0.7566553457713732,1.0510019487235809,-0.3808706795917436,-0.006249164035797348,0.008682875776172397,0.003244289802203792,0.0,0.0,4585
ewmac,ewmac_3speed,trend,4h,LINK,2w,84,54,22,32,0.008757083801796083,0.18203480169063346,0.24431737190378236,0.3535102093111893,0.7251083228230798,0.48148148148148145,-0.6729083007108372,1.1363643123074123,-0.30385046669298754,-0.004493634168560316,0.017866952406416104,0.009757083801796084,0.0,0.0,4585
ewmac,ewmac_4speed,trend,4h,LINK,3d,18,254,116,138,-0.0012070258894587252,0.08012638044855154,-0.16592441927223597,-0.24008107049328317,0.8104618165212983,0.4330708661417323,-0.7873308626404908,0.9622420079155963,-0.6681653428774481,-0.004888146056706246,0.0018872490337348432,-0.00020702588945872432,0.0,0.0,4585
ewmac,ewmac_4speed,trend,4h,LINK,1w,42,109,52,57,0.0039109332188140365,0.11632779721622945,0.2425842118756343,0.3510024475440003,0.7262702844013205,0.48623853211009177,-0.6186836339249493,1.090488877469269,-0.2579388089979211,-0.0034264516120878644,0.01060468780139121,0.004910933218814037,0.0,0.0,4585
ewmac,ewmac_4speed,trend,4h,LINK,2w,84,54,25,29,-0.0015071709602311415,0.17740557352868183,-0.043146395996836034,-0.06242982789562674,0.9504553902272138,0.5,-0.7305717576371444,0.9778798463478007,-0.5941620437697788,-0.011836384893784887,0.00739732381007381,-0.0005071709602311387,0.0,0.0,4585
ewmac,ewmac_5speed,trend,4h,LINK,3d,18,254,118,136,-0.000191540387284471,0.08009890744586581,-0.026339226357938235,-0.038111024813071784,0.9696292156477354,0.4409448818897638,-0.7546385195363186,0.9939127480656892,-0.5703456960290264,-0.0037332600929555716,0.0028814222985183956,0.0008084596127155299,0.0,0.0,4585
ewmac,ewmac_5speed,trend,4h,LINK,1w,42,109,49,60,0.0014575829795208442,0.11619884552766471,0.09051011391278771,0.13096182667964357,0.8960491445483998,0.47706422018348627,-0.7398401967485978,1.0328463272545165,-0.4317210972116696,-0.006839303669625945,0.008233373742990721,0.0024575829795208453,0.0,0.0,4585
ewmac,ewmac_5speed,trend,4h,LINK,2w,84,54,24,30,0.0008408659062564559,0.17829073727589503,0.023952300432584,0.03465730935719914,0.9724832021160258,0.48148148148148145,-0.7389325687824946,1.0125022794039191,-0.5405188121370306,-0.010303242212035574,0.00975615240089008,0.0018408659062564589,0.0,0.0,4585
ewmac,ewmac_fast,trend,4h,LINK,3d,18,252,119,133,0.000996911137818595,0.07929079314838235,0.1379387683206372,0.19958778404165206,0.8419645786526576,0.47619047619047616,-0.8245632398831552,1.0332090235251594,-0.4090175109779961,-0.0020007448381388266,0.0036790243794647087,0.001996911137818596,0.0,0.0,4585
ewmac,ewmac_fast,trend,4h,LINK,1w,42,108,55,53,-0.016273850162802164,0.12184614805773795,-0.9592742215121656,-1.3880029413837351,0.1680195265127597,0.4444444444444444,-0.9618860996690871,0.705829329722412,-0.9283775997535894,-0.023302788402285543,-0.008979668970885453,-0.015273850162802163,0.0,0.0,4585
ewmac,ewmac_fast,trend,4h,LINK,2w,84,54,31,23,7.869977349379267e-05,0.17099388950428024,0.0023374490793160118,0.003382125907971334,0.9973141574377538,0.48148148148148145,-0.7809655983346818,1.0012314044483996,-0.5273978408977387,-0.005715958855963443,0.00788889183928398,0.0010786997734937936,0.0,0.0,4585
ewmac,ewmac_slow,trend,4h,LINK,3d,18,254,110,144,0.00017122413749243084,0.07955475868858754,0.023706534401308797,0.03430170303874262,0.9726636135598944,0.4645669291338583,-0.7750070886735135,1.005490867454145,-0.5271328081412264,-0.003723624634260964,0.003146455838137386,0.0011712241374924322,0.0,0.0,4585
ewmac,ewmac_slow,trend,4h,LINK,1w,42,109,43,66,0.004362467265061381,0.11632478897590635,0.2705985992619702,0.39153731361389443,0.6961715641880417,0.47706422018348627,-0.6109665541237317,1.1014143445127775,-0.22052060727673417,-0.004059376392347795,0.009849426011555237,0.005362467265061382,0.0,0.0,4585
ewmac,ewmac_slow,trend,4h,LINK,2w,84,54,22,32,-0.01681339642376113,0.171239094707971,-0.49865685884090033,-0.7215217205787968,0.47375971807216216,0.4444444444444444,-0.8501721512675158,0.7748916823287405,-0.8196673959634337,-0.03687887593655911,-0.0030183792587125183,-0.01581339642376113,0.0,0.0,4585
ewmac,ewmac_2speed,trend,4h,UNI,3d,18,254,110,144,0.004345697007798214,0.09351217928274352,0.511870982482979,0.740641636523271,0.4595975651156143,0.47244094488188976,-0.8527248970691489,1.1322604981397635,0.04509008320340491,0.0022149517074634114,0.005973349667776189,0.005345697007798215,0.0,0.0,4585
ewmac,ewmac_2speed,trend,4h,UNI,1w,42,109,47,62,0.01643801303326942,0.14458990514730224,0.820308069921441,1.1869286053543082,0.23786002162218933,0.46788990825688076,-0.6114707741136325,1.3564263591613466,1.1315608587217119,0.01423881660694679,0.01810514580806238,0.017438013033269424,0.0,0.0,4585
ewmac,ewmac_2speed,trend,4h,UNI,2w,84,54,24,30,0.023376207192046274,0.2314844221298608,0.5128632084911418,0.7420773184033453,0.4613165826029554,0.4074074074074074,-0.7915798087834423,1.3378942015444808,-0.0038378636014587686,0.020860191992208788,0.025389019351916262,0.02437620719204627,0.0,0.0,4585
ewmac,ewmac_3speed,trend,4h,UNI,3d,18,254,111,143,0.008180648046047111,0.09450606502790372,0.9534485739744037,1.3795736354183021,0.16893605405293705,0.4763779527559055,-0.7454714928799439,1.262360906329882,1.742964424200533,0.007166170485729835,0.00896810964881087,0.009180648046047112,0.0,0.0,4585
ewmac,ewmac_3speed,trend,4h,UNI,1w,42,109,42,67,0.01730765494094693,0.14461368168801347,0.8635639053466391,1.2495167844753339,0.21417726688871455,0.47706422018348627,-0.6920115571729184,1.378530246694808,1.3421182537952618,0.016838058630420046,0.017602028747545875,0.018307654940946935,0.0,0.0,4585
ewmac,ewmac_3speed,trend,4h,UNI,2w,84,54,21,33,0.022757240729571623,0.23158751245706682,0.4990611155201123,0.7221066518187249,0.47340303084966046,0.3888888888888889,-0.7915798087834423,1.3272902032640663,-0.03676319928577565,0.022782290603982243,0.022741299900401236,0.02375724072957162,0.0,0.0,4585
ewmac,ewmac_4speed,trend,4h,UNI,3d,18,254,118,136,0.009183374926620557,0.0946239459716397,1.0689822803719053,1.5467428563902885,0.12317519154861775,0.47244094488188976,-0.7110197484655634,1.2987046033498582,2.533307385878949,0.007888288543983974,0.010307052817437592,0.010183374926620557,0.0,0.0,4585
ewmac,ewmac_4speed,trend,4h,UNI,1w,42,109,50,59,0.01294763463429219,0.13846659857416202,0.6747005250856403,0.976244636174811,0.33112489550322954,0.47706422018348627,-0.6365071062721799,1.2753181929464763,0.5034457595338857,0.011432427548639136,0.014231708435693081,0.013947634634292192,0.0,0.0,4585
ewmac,ewmac_4speed,trend,4h,UNI,2w,84,54,24,30,0.023376207192046274,0.2314844221298608,0.5128632084911418,0.7420773184033453,0.4613165826029554,0.4074074074074074,-0.7915798087834423,1.3378942015444808,-0.0038378636014587686,0.020860191992208788,0.025389019351916262,0.02437620719204627,0.0,0.0,4585
ewmac,ewmac_5speed,trend,4h,UNI,3d,18,254,111,143,0.007345090351164655,0.09456464236707861,0.8555346501230456,1.2378990117701523,0.21690102804494166,0.468503937007874,-0.7942210707797965,1.2324816345251313,1.218314711706002,0.006215766993592184,0.008221697992357273,0.008345090351164656,0.0,0.0,4585
ewmac,ewmac_5speed,trend,4h,UNI,1w,42,109,44,65,0.018286482767262757,0.14452097361277366,0.9129877254810427,1.3210296075894938,0.18928362083214204,0.47706422018348627,-0.6920115571729184,1.4040161186875553,1.605615834983488,0.0173296781288088,0.01893416590713928,0.019286482767262754,0.0,0.0,4585
ewmac,ewmac_5speed,trend,4h,UNI,2w,84,54,21,33,0.022757240729571623,0.23158751245706682,0.4990611155201123,0.7221066518187249,0.47340303084966046,0.3888888888888889,-0.7915798087834423,1.3272902032640663,-0.03676319928577565,0.022782290603982243,0.022741299900401236,0.02375724072957162,0.0,0.0,4585
ewmac,ewmac_fast,trend,4h,UNI,3d,18,251,114,137,0.0026116620835778094,0.0981420792426953,0.2913741216820346,0.42159804659426814,0.6736807091255064,0.4581673306772908,-0.7308485845869346,1.0754695865770838,-0.4063672537371851,-0.0002458410588844802,0.004989438421101174,0.0036116620835778095,0.0,0.0,4585
ewmac,ewmac_fast,trend,4h,UNI,1w,42,108,50,58,0.011442024529662064,0.14288006685181978,0.5751690319804923,0.8322295025538059,0.40713299885941273,0.5370370370370371,-0.8773231557471373,1.2337532813508147,0.1506563306809996,0.009888892197428521,0.012780931712622002,0.012442024529662062,0.0,0.0,4585
ewmac,ewmac_fast,trend,4h,UNI,2w,84,54,22,32,0.010728499187871339,0.22228216094370537,0.24512275538325054,0.3546755430743353,0.7242400930305407,0.46296296296296297,-0.8669736377490713,1.1425294025424417,-0.4772531165225635,0.015482482868593233,0.007460135407375033,0.01172849918787134,0.0,0.0,4585
ewmac,ewmac_slow,trend,4h,UNI,3d,18,254,105,149,0.004329723399148605,0.0933212510623115,0.5110328828858793,0.7394289648180801,0.4603320653942824,0.468503937007874,-0.7877096737915735,1.1318912353818527,0.0424162142168647,0.0022936770236930146,0.0057645211805099315,0.00532972339914861,0.0,0.0,4585
ewmac,ewmac_slow,trend,4h,UNI,1w,42,109,43,66,0.019225754756930596,0.14481410422990354,0.9579397004291047,1.386071982386727,0.16858009130990745,0.48623853211009177,-0.5467904325166119,1.4285047307683658,1.8805666351752008,0.01885621160534674,0.019466517719326153,0.020225754756930604,0.0,0.0,4585
ewmac,ewmac_slow,trend,4h,UNI,2w,84,54,22,32,0.032075599201634525,0.22984899017992047,0.7087310263226931,1.0254843996903296,0.3097924846909093,0.4444444444444444,-0.7304481177121451,1.4938461151726559,0.5975120439534998,0.03693099628690194,0.028737513705513182,0.03307559920163453,0.0,0.0,4585
ewmac,ewmac_2speed,trend,4h,ATOM,3d,18,254,100,154,0.00393524718759642,0.07242638984772425,0.5984728110616526,0.8659484467145468,0.38733885965943654,0.5039370078740157,-0.8271271748718355,1.1567707014238475,0.4225864947279552,-0.003184129352377134,0.008558218966800027,0.00493524718759642,0.0,0.0,4585
ewmac,ewmac_2speed,trend,4h,ATOM,1w,42,109,47,62,-0.002129656152835583,0.11175267008487016,-0.1375045969165212,-0.19895956827971098,0.8426684501727711,0.48623853211009177,-0.8212081710436809,0.9522098335369799,-0.5954399592347988,-0.020141248805935853,0.011524293116450106,-0.0011296561528355818,0.0,0.0,4585
ewmac,ewmac_2speed,trend,4h,ATOM,2w,84,54,21,33,-0.007841768631892234,0.15966910350686153,-0.2494263921880604,-0.3609026055865614,0.71960683782201,0.5,-0.706325227245226,0.8840756546265164,-0.6735825126033284,-0.041871018403215735,0.013813208495313627,-0.006841768631892233,0.0,0.0,4585
ewmac,ewmac_3speed,trend,4h,ATOM,3d,18,254,90,164,0.0074996101569918166,0.07336507957691356,1.1259485380724281,1.6291690609882887,0.10452168696056369,0.5196850393700787,-0.6690556794249873,1.3193208308533115,2.4939849860911223,0.0009854321229081143,0.011074463956184093,0.008499610156991818,0.0,0.0,4585
ewmac,ewmac_3speed,trend,4h,ATOM,1w,42,109,40,69,0.011394107751046715,0.1130106119602834,0.727489504063721,1.0526266095991756,0.2948615831561469,0.5321100917431193,-0.6939986115536502,1.2972934150465085,0.7556113228204735,-0.006130482625048403,0.021553290577768523,0.012394107751046712,0.0,0.0,4585
ewmac,ewmac_3speed,trend,4h,ATOM,2w,84,54,19,35,0.021168145887281904,0.1700582555649084,0.6321707061917878,0.9147069523745213,0.36448839280836853,0.5370370370370371,-0.6506578010075635,1.3800771450519378,0.5146428968832906,-0.01034482500882212,0.03827518723088123,0.02216814588728191,0.0,0.0,4585
ewmac,ewmac_4speed,trend,4h,ATOM,3d,18,254,109,145,0.0034083885243768627,0.07234339121877412,0.5189427834938843,0.7508740397129908,0.45342627468164237,0.5118110236220472,-0.8692692043973649,1.1345809669384461,0.2451224820712834,-0.003457440241615303,0.008569597734674422,0.004408388524376864,0.0,0.0,4585
ewmac,ewmac_4speed,trend,4h,ATOM,1w,42,109,45,64,0.00957509304053393,0.11256927552569508,0.6137461318624075,0.8880478774307474,0.37648851413673146,0.5412844036697247,-0.707402329515355,1.2450406078845067,0.4432166587108892,-0.007316924688271488,0.021452293006100243,0.010575093040533931,0.0,0.0,4585
ewmac,ewmac_4speed,trend,4h,ATOM,2w,84,54,19,35,0.022296814972184935,0.1699193787086254,0.6664217854429219,0.9642658769031093,0.33929190209493404,0.5370370370370371,-0.5214348290871234,1.4041047624628047,0.6098431481166495,-0.008871158979213534,0.039216572260086964,0.023296814972184936,0.0,0.0,4585
ewmac,ewmac_5speed,trend,4h,ATOM,3d,18,254,96,158,0.003515735190143641,0.07243563282620812,0.5346051561075911,0.7735364012873525,0.43992714935900884,0.49606299212598426,-0.8337443594488714,1.13889575861753,0.278803914974711,-0.0038768629090116073,0.008007440364313919,0.004515735190143641,0.0,0.0,4585
ewmac,ewmac_5speed,trend,4h,ATOM,1w,42,109,45,64,0.0027132249910946623,0.11259283613117298,0.17387641856314953,0.25158705924827174,0.8018383652163741,0.5045871559633027,-0.8212081710436808,1.064060641512427,-0.3162330457428746,-0.01568661190328028,0.015650610307452045,0.003713224991094663,0.0,0.0,4585
ewmac,ewmac_5speed,trend,4h,ATOM,2w,84,54,21,33,-0.007841768631892234,0.15966910350686153,-0.2494263921880604,-0.3609026055865614,0.71960683782201,0.5,-0.706325227245226,0.8840756546265164,-0.6735825126033284,-0.041871018403215735,0.013813208495313627,-0.006841768631892233,0.0,0.0,4585
ewmac,ewmac_fast,trend,4h,ATOM,3d,18,251,105,146,-0.0020417698694566574,0.08040106380947117,-0.2780572630963098,-0.40232948034650634,0.6877853414160005,0.4701195219123506,-0.9028881022593898,0.9310725066976717,-0.7286248831983426,-0.009354079233481275,0.0032170827553555663,-0.001041769869456657,0.0,0.0,4585
ewmac,ewmac_fast,trend,4h,ATOM,1w,42,108,43,65,0.012253638814764342,0.11003925451403478,0.7998005541209876,1.1572556592736432,0.2497448265386675,0.5277777777777778,-0.6797152585515325,1.3257096464309475,0.966934177342311,-0.004954270271357458,0.023637332517891064,0.01325363881476434,0.0,0.0,4585
ewmac,ewmac_fast,trend,4h,ATOM,2w,84,54,19,35,0.02621523122592982,0.1852002081063097,0.718888422777911,1.040181444435698,0.30297765947646693,0.5185185185185185,-0.593565091665639,1.468590715572436,0.833261288534209,-0.010766400869941704,0.04629097436368865,0.027215231225929816,0.0,0.0,4585
ewmac,ewmac_slow,trend,4h,ATOM,3d,18,254,82,172,0.0008268895080440172,0.07286843101245993,0.12499058729026231,0.18085266852129664,0.8566280112431897,0.47244094488188976,-0.8021586294100725,1.0310197094309868,-0.35569795294976725,-0.00918468954834411,0.005599851616322078,0.001826889508044018,0.0,0.0,4585
ewmac,ewmac_slow,trend,4h,ATOM,1w,42,109,38,71,0.008098203089150663,0.11338313521952323,0.51535422231443,0.7456816417930652,0.4574796360757681,0.5137614678899083,-0.767563164560869,1.2028428357564334,0.22506697546278542,-0.011694402365989847,0.018691428544014597,0.009098203089150665,0.0,0.0,4585
ewmac,ewmac_slow,trend,4h,ATOM,2w,84,54,19,35,-0.009045717620348906,0.15926821009196782,-0.2884451189539235,-0.4173599837851472,0.6781009863392297,0.5,-0.7271720399000658,0.8672572264528159,-0.693855468387724,-0.04946827814320711,0.012897958092059835,-0.008045717620348905,0.0,0.0,4585
ewmac,ewmac_2speed,trend,4h,FTM,3d,18,184,89,95,0.004512623352776492,0.10147233756391055,0.48927777951711365,0.6032402801169445,0.5470957749351529,0.5,-0.8357332111449822,1.1274638471347207,-0.11815586777151232,0.011464874002495526,-0.0020005377822234437,0.005512623352776493,0.0,0.0,3329
ewmac,ewmac_2speed,trend,4h,FTM,1w,42,79,39,40,0.05295246060757185,0.13865181234864166,2.7532097609523607,3.394486929401862,0.0010835340599141103,0.6455696202531646,-0.2950739837419206,2.8814524723680854,29.838910928430195,0.07008969708146562,0.03624365504552544,0.05395246060757185,0.0,0.0,3329
ewmac,ewmac_2speed,trend,4h,FTM,2w,84,39,19,20,0.09567894155496015,0.21998472326310914,2.203034524434546,2.7161649665324967,0.009884587755158337,0.717948717948718,-0.3545431359205079,3.4567527371185887,16.2365650232858,0.13919162962574425,0.054341887887715254,0.09667894155496015,0.0,0.0,3329
ewmac,ewmac_3speed,trend,4h,FTM,3d,18,184,90,94,0.0028034385570158294,0.10140245849924108,0.30417017586145495,0.3750174436104072,0.7080817587765579,0.483695652173913,-0.8363797187204798,1.077396488362196,-0.35572396436182374,0.009732511172020302,-0.003830779904158663,0.0038034385570158303,0.0,0.0,3329
ewmac,ewmac_3speed,trend,4h,FTM,1w,42,79,38,41,0.05504000051255205,0.13818395800810904,2.8714384183549053,3.5402533864025245,0.0006776979951295005,0.6329113924050633,-0.29507398374192073,3.0194921421047214,35.32570826058648,0.0738241113104959,0.03763033684616506,0.05604000051255205,0.0,0.0,3329
ewmac,ewmac_3speed,trend,4h,FTM,2w,84,39,20,19,0.08758571254563391,0.22299443724393245,1.9894668245471874,2.4528531128220505,0.01887489413632282,0.6923076923076923,-0.3545431359205079,3.0511783945071653,11.583379731960092,0.12490998307222198,0.048297006728172776,0.08858571254563391,0.0,0.0,3329
ewmac,ewmac_4speed,trend,4h,FTM,3d,18,184,88,96,-3.68568489591451e-05,0.10092856460689974,-0.004017706220234548,-0.004953509697730115,0.9960530829628839,0.483695652173913,-0.9216286611796278,0.9990172881459212,-0.6168987740283062,0.0066025173935647715,-0.00612294990460607,0.0009631431510408558,0.0,0.0,3329
ewmac,ewmac_4speed,trend,4h,FTM,1w,42,79,40,39,0.055360659637553836,0.13778962407319462,2.896432730177774,3.571069369258395,0.0006127504140406999,0.6582278481012658,-0.2950739837419205,3.05067564925232,36.29342340413073,0.07082603958038436,0.039498731491060986,0.05636065963755383,0.0,0.0,3329
ewmac,ewmac_4speed,trend,4h,FTM,2w,84,39,19,20,0.0947637813024915,0.2200212650773,2.181600315238134,2.6897383048261547,0.010563697440139483,0.717948717948718,-0.3745232968804252,3.4116521499867476,15.648644354523693,0.13802919499848323,0.05366163829129933,0.0957637813024915,0.0,0.0,3329
ewmac,ewmac_5speed,trend,4h,FTM,3d,18,184,90,94,0.0006488607547174683,0.10131687656870533,0.07046018610852507,0.08687176116427749,0.9308684263159421,0.483695652173913,-0.8898771562224874,1.0174266471719635,-0.5663770489370346,0.007521612728908067,-0.0059314336886565075,0.0016488607547174693,0.0,0.0,3329
ewmac,ewmac_5speed,trend,4h,FTM,1w,42,79,40,39,0.05150661599400662,0.13919572304617944,2.6675700435847354,3.288900023033523,0.0015105849776448656,0.6329113924050633,-0.2950739837419206,2.7847423756564744,26.50872355861531,0.06692542054006695,0.03569245748522679,0.05250661599400662,0.0,0.0,3329
ewmac,ewmac_5speed,trend,4h,FTM,2w,84,39,20,19,0.08758571254563391,0.22299443724393245,1.9894668245471874,2.4528531128220505,0.01887489413632282,0.6923076923076923,-0.3545431359205079,3.0511783945071653,11.583379731960092,0.12490998307222198,0.048297006728172776,0.08858571254563391,0.0,0.0,3329
ewmac,ewmac_fast,trend,4h,FTM,3d,18,182,88,94,0.004364440942677317,0.10271054732473278,0.4649587569622503,0.5732568747952382,0.5671823099213414,0.489010989010989,-0.8032387681492412,1.1254909056171027,-0.12446661861090857,0.009934370456908245,-0.0008499611557516369,0.005364440942677318,0.0,0.0,3329
ewmac,ewmac_fast,trend,4h,FTM,1w,42,78,39,39,0.004242378512732799,0.1680313554277998,0.18085542685646622,0.22298024338084263,0.8241413422748061,0.5,-0.8809109020682332,1.0685282785688646,-0.5303042706966431,0.01545685208172186,-0.006972095056256266,0.0052423785127328,0.0,0.0,3329
ewmac,ewmac_fast,trend,4h,FTM,2w,84,39,18,21,0.05969586689247304,0.22289651089376075,1.3565582795470572,1.6725276127531643,0.10263542466514977,0.6410256410256411,-0.7124580261060578,2.113793322972629,3.3743208868025105,0.10761385124627251,0.01862330887493062,0.060695866892473034,0.0,0.0,3329
ewmac,ewmac_slow,trend,4h,FTM,3d,18,184,89,95,0.009968139090606837,0.10197540052513585,1.0754562328602306,1.3259513232021352,0.18650847613935065,0.5543478260869565,-0.7315662780149637,1.3042564103789442,1.3950606490377182,0.0164631735080945,0.0038833173731710256,0.010968139090606838,0.0,0.0,3329
ewmac,ewmac_slow,trend,4h,FTM,1w,42,79,34,45,0.037836425725771144,0.1402137932508449,1.945351437821878,2.398462377416272,0.01885276959597206,0.6075949367088608,-0.47503553010943933,2.087385234951216,8.450363991040474,0.06014261552223693,0.020982860101774786,0.038836425725771145,0.0,0.0,3329
ewmac,ewmac_slow,trend,4h,FTM,2w,84,39,17,22,0.07469812911325151,0.22775450277435763,1.6612699758058425,2.0482127076035215,0.04749417096345559,0.6153846153846154,-0.40518772440400874,2.5269144390862968,6.609927796640989,0.1311064794027489,0.031109858435003534,0.07569812911325151,0.0,0.0,3329
ewmac,ewmac_2speed,trend,4h,NEAR,3d,18,254,113,141,0.004782357344800558,0.09559301499384573,0.5510425185815543,0.7973201191761606,0.42601278368546214,0.48031496062992124,-0.7128204801384077,1.1373946768708545,0.09024458077120645,0.0011547377425917698,0.0076895985862870326,0.005782357344800559,0.0,0.0,4585
ewmac,ewmac_2speed,trend,4h,NEAR,1w,42,109,50,59,0.014757759225026113,0.1417086858283296,0.751431828112424,1.0872694838242085,0.27933831537735476,0.5137614678899083,-0.7637793284220789,1.2897786644505476,0.7376520992514044,0.006824296798017946,0.021481032468253364,0.015757759225026112,0.0,0.0,4585
ewmac,ewmac_2speed,trend,4h,NEAR,2w,84,54,24,30,0.006384727526202604,0.23378893709500995,0.1386971952959274,0.20068517501591185,0.8417128970988119,0.46296296296296297,-0.8910959123808169,1.0725753059578336,-0.6260084713465965,-0.004726836344786457,0.015273978622993855,0.007384727526202605,0.0,0.0,4585
ewmac,ewmac_3speed,trend,4h,NEAR,3d,18,254,108,146,0.006697847421973634,0.09530333555505906,0.7740988010657431,1.1200670139005169,0.2637473542875143,0.5,-0.7558624362360791,1.1979648147596451,0.7764987683938369,0.0036597651039365527,0.008945195986001065,0.007697847421973635,0.0,0.0,4585
ewmac,ewmac_3speed,trend,4h,NEAR,1w,42,109,51,58,0.01916802341417045,0.14138446095780147,0.9782306976697048,1.4154316412016645,0.1598191752786717,0.5412844036697247,-0.698693046623341,1.3926298631228422,1.8081168355467119,0.012068029145492295,0.025411121822835735,0.020168023414170455,0.0,0.0,4585
ewmac,ewmac_3speed,trend,4h,NEAR,2w,84,54,24,30,0.022906132556624124,0.2359686479455287,0.49299978836049363,0.7133363338662863,0.47876702492313933,0.5,-0.7217381877823996,1.2833054639441566,-0.09866040537516252,0.016343999402490098,0.028155839079931345,0.02390613255662413,0.0,0.0,4585
ewmac,ewmac_4speed,trend,4h,NEAR,3d,18,254,116,138,0.003997449591274953,0.09570824322261881,0.4600477352162326,0.6656570095780046,0.506236778677527,0.468503937007874,-0.7876070823545523,1.1134963772772488,-0.1075031220175795,0.0003862805538825963,0.0070329250140105555,0.004997449591274953,0.0,0.0,4585
ewmac,ewmac_4speed,trend,4h,NEAR,1w,42,109,52,57,0.010164864313129586,0.14199189612080604,0.516539649481881,0.7473968722853687,0.456448229138204,0.4954128440366973,-0.8055024394195256,1.1913323926028234,0.053594326243040946,0.0020459902782631067,0.017571556415113036,0.011164864313129588,0.0,0.0,4585
ewmac,ewmac_4speed,trend,4h,NEAR,2w,84,54,25,29,0.02485672477222063,0.2359535602196909,0.5350158351673646,0.774130625264342,0.4422932090164171,0.48148148148148145,-0.7830390203179243,1.3106467688859924,0.0007587073532251409,0.018172931193359245,0.030618615788480463,0.025856724772220632,0.0,0.0,4585
ewmac,ewmac_5speed,trend,4h,NEAR,3d,18,254,111,143,0.006919621710662685,0.09551063790733022,0.7979944165450679,1.1546423040810387,0.24932636226279922,0.4881889763779528,-0.6377642656154198,1.204854614346057,0.8761718732756387,0.003584581910786338,0.009508358897979288,0.007919621710662685,0.0,0.0,4585
ewmac,ewmac_5speed,trend,4h,NEAR,1w,42,109,50,59,0.010105233407968851,0.14192590132017296,0.5137482134293447,0.7433578588680191,0.4588790933579684,0.4954128440366973,-0.8045870001413624,1.1901707166727946,0.04713697817820561,0.002032391000039151,0.016946625279095708,0.011105233407968849,0.0,0.0,4585
ewmac,ewmac_5speed,trend,4h,NEAR,2w,84,54,23,31,0.008710047591634006,0.2337222623951611,0.18926474055647344,0.27385288867504826,0.7852621512800273,0.48148148148148145,-0.8765201241402611,1.100312526238541,-0.5759532214052387,-0.00224475586757232,0.016837804996851606,0.009710047591634007,0.0,0.0,4585
ewmac,ewmac_fast,trend,4h,NEAR,3d,18,251,107,144,0.004520352902320613,0.09606858930535064,0.5152051268136318,0.745465910994703,0.4566904048096103,0.47410358565737054,-0.8741579067172727,1.1292147523646443,-0.0003177330697952119,0.0017305193335107802,0.006593354234700143,0.005520352902320617,0.0,0.0,4585
ewmac,ewmac_fast,trend,4h,NEAR,1w,42,108,45,63,0.012202419170491597,0.1497935304725686,0.5850825532633771,0.8465736769218231,0.3991222089961226,0.5,-0.881287428714289,1.2340840175776073,0.17572077908247796,0.001742007125533972,0.019674142059747046,0.0132024191704916,0.0,0.0,4585
ewmac,ewmac_fast,trend,4h,NEAR,2w,84,54,21,33,-0.0019610662380004497,0.22873495259300777,-0.04354206248851282,-0.06300232973288934,0.9500016593725321,0.5,-0.8763390722815219,0.9776439163534021,-0.7474075549162951,-0.013298852244763206,0.005253888493575849,-0.0009610662380004487,0.0,0.0,4585
ewmac,ewmac_slow,trend,4h,NEAR,3d,18,254,107,147,0.0036225727218411174,0.09532656455702487,0.41857416192220603,0.605647639545045,0.5452916862664199,0.48031496062992124,-0.8222069062636916,1.1025811704459136,-0.18604016643418653,-0.0006300560621801347,0.006718023605448423,0.004622572721841117,0.0,0.0,4585
ewmac,ewmac_slow,trend,4h,NEAR,1w,42,109,46,63,0.012978389919978869,0.1418872258026118,0.6599988166159265,0.9549722886627915,0.3417243638647756,0.5137614678899083,-0.825036701307894,1.2506864526959967,0.4311015834924543,0.005241490081404237,0.018627554881477812,0.013978389919978866,0.0,0.0,4585
ewmac,ewmac_slow,trend,4h,NEAR,2w,84,54,22,32,-0.002212395717474782,0.22997405844880633,-0.04885772345700973,-0.0706937206763901,0.9439075983119763,0.46296296296296297,-0.8715491545331159,0.9757534031084916,-0.7613236066812464,-0.014556469916196323,0.006274155294146284,-0.001212395717474781,0.0,0.0,4585
ewmac,ewmac_2speed,trend,4h,OP,3d,18,229,84,145,-0.0010158284201454116,0.09581043188169414,-0.11677829326480031,-0.16044467297945333,0.8726728625549702,0.4890829694323144,-0.9478016612270466,0.9715733399154347,-0.7207028805278464,-0.02023852726088303,0.01012007987379914,-1.5828420145410333e-05,0.0,0.0,4134
ewmac,ewmac_2speed,trend,4h,OP,1w,42,98,37,61,0.007441593542318166,0.14617083131423567,0.36682175765487507,0.5039857605662134,0.6154141760828469,0.47959183673469385,-0.8635622767236383,1.1492328309373494,-0.20365227628140692,-0.03581743605160718,0.03368067706650239,0.008441593542318167,0.0,0.0,4134
ewmac,ewmac_2speed,trend,4h,OP,2w,84,49,19,30,0.0073697112519574386,0.19074280411974698,0.19685079394033853,0.27045832214627347,0.7879672291096216,0.5510204081632653,-0.8512365159766423,1.1139428918029082,-0.4156285238788443,-0.07260017818455144,0.058017307895079716,0.00836971125195744,0.0,0.0,4134
ewmac,ewmac_3speed,trend,4h,OP,3d,18,229,76,153,0.00023282074687567305,0.09653286666299961,0.02656446276515794,0.03649759233564115,0.9709175328601345,0.49344978165938863,-0.8969775470576342,1.006609868734355,-0.6300980157765635,-0.020408962096796063,0.010486255362032878,0.0012328207468756739,0.0,0.0,4134
ewmac,ewmac_3speed,trend,4h,OP,1w,42,98,34,64,0.01168558321076101,0.14602272108951225,0.5766068723656886,0.7922148756245267,0.4301686031307638,0.4897959183673469,-0.8461191546153539,1.2442377170707977,0.20664620624976981,-0.03309513688175967,0.03547534075991262,0.01268558321076101,0.0,0.0,4134
ewmac,ewmac_3speed,trend,4h,OP,2w,84,49,17,32,0.006073711501134983,0.19065650711265394,0.162307051444725,0.22299779405285813,0.8244834939036588,0.5510204081632653,-0.869703171150109,1.0930802867196752,-0.4513865357086714,-0.0836936072609652,0.053762599593500715,0.007073711501134984,0.0,0.0,4134
ewmac,ewmac_4speed,trend,4h,OP,3d,18,229,85,144,0.0007013838610362757,0.0965625443909358,0.0800021447793031,0.10991698540810248,0.912571897108443,0.4890829694323144,-0.9297718866855784,1.0200333245518338,-0.5882664686256203,-0.017434132190521735,0.011406375974803158,0.0017013838610362765,0.0,0.0,4134
ewmac,ewmac_4speed,trend,4h,OP,1w,42,98,39,59,-0.002722994245998053,0.14195801423993723,-0.13820910896987146,-0.1898890167984386,0.8497929074563942,0.45918367346938777,-0.8635622767236383,0.9497005604357628,-0.7002223869101093,-0.044710433500913374,0.025031414753013775,-0.0017229942459980523,0.0,0.0,4134
ewmac,ewmac_4speed,trend,4h,OP,2w,84,49,19,30,0.0073697112519574386,0.19074280411974698,0.19685079394033853,0.27045832214627347,0.7879672291096216,0.5510204081632653,-0.8512365159766423,1.1139428918029082,-0.4156285238788443,-0.07260017818455144,0.058017307895079716,0.00836971125195744,0.0,0.0,4134
ewmac,ewmac_5speed,trend,4h,OP,3d,18,229,80,149,-0.0006298830935649061,0.09634513877007225,-0.07200865641212917,-0.09893452804226197,0.9212771813954705,0.49344978165938863,-0.9221876704238989,0.9823093405308907,-0.6960384807759487,-0.020442466868187837,0.010007745778715861,0.00037011690643509525,0.0,0.0,4134
ewmac,ewmac_5speed,trend,4h,OP,1w,42,98,36,62,0.00741088146583978,0.1461726197587805,0.36530338410466145,0.5018996284528398,0.6168754808246598,0.46938775510204084,-0.8639727170385453,1.148540830031735,-0.20604789827398773,-0.03682642105571808,0.03309705712351854,0.00841088146583978,0.0,0.0,4134
ewmac,ewmac_5speed,trend,4h,OP,2w,84,49,19,30,0.0073697112519574386,0.19074280411974698,0.19685079394033853,0.27045832214627347,0.7879672291096216,0.5510204081632653,-0.8512365159766423,1.1139428918029082,-0.4156285238788443,-0.07260017818455144,0.058017307895079716,0.00836971125195744,0.0,0.0,4134
ewmac,ewmac_fast,trend,4h,OP,3d,18,225,92,133,0.006437407926030543,0.09122117704555158,0.7704481896018683,1.0585384010364176,0.29095020082382544,0.49777777777777776,-0.8231178382170009,1.2078189212527182,0.7094487601490236,-0.008681473643019013,0.01689558164296708,0.007437407926030545,0.0,0.0,4134
ewmac,ewmac_fast,trend,4h,OP,1w,42,97,41,56,0.019283990134626682,0.14556912587970874,0.9496210105453429,1.304708505594257,0.195111148572541,0.5257731958762887,-0.6047241255839002,1.411673992091882,1.4369054691885474,-0.014283465355458774,0.043860162904153524,0.020283990134626683,0.0,0.0,4134
ewmac,ewmac_fast,trend,4h,OP,2w,84,49,25,24,0.05752397244296136,0.19940415448951107,1.4697705071937355,2.019355154016665,0.04905325105607015,0.5918367346938775,-0.531875205186725,2.2449483661253575,5.706816338784124,-0.006579188708037229,0.12429809864191822,0.05852397244296136,0.0,0.0,4134
ewmac,ewmac_slow,trend,4h,OP,3d,18,229,74,155,0.0016721251638262525,0.10089219271856839,0.1825432524580712,0.25080082630449896,0.8021939721018394,0.4890829694323144,-0.9137828185661878,1.0479437398186604,-0.501411200327236,-0.02104463450730859,0.012517545910045466,0.0026721251638262534,0.0,0.0,4134
ewmac,ewmac_slow,trend,4h,OP,1w,42,98,29,69,0.013713852071719478,0.1460315217442015,0.6766478539802914,0.9296637296106175,0.35485304724475947,0.5,-0.8141121610412727,1.2923840630770496,0.4708978503217216,-0.03683299312499944,0.034958178313818734,0.014713852071719477,0.0,0.0,4134
ewmac,ewmac_slow,trend,4h,OP,2w,84,49,14,35,0.02753248321899145,0.2048430441605973,0.6847925442163295,0.9408539270771703,0.35149078272150913,0.5714285714285714,-0.7471924955270914,1.4802157943541108,0.49744221002799605,-0.07411599266268744,0.06819187357166301,0.028532483218991454,0.0,0.0,4134
ewmac,ewmac_2speed,trend,4h,ARB,3d,18,180,70,110,-0.0010959625633911328,0.09634916744243734,-0.12523646335262667,-0.1526103561196793,0.8788774442452956,0.4666666666666667,-0.8579902255941307,0.9706534493980371,-0.6338135885031164,-0.014842635824850106,0.007651920421173668,-9.596256339113195e-05,0.0,0.0,3252
ewmac,ewmac_2speed,trend,4h,ARB,1w,42,77,32,45,0.01918116341088721,0.1350389513405038,1.0228407925431444,1.2464109367591016,0.21644170916093153,0.5194805194805194,-0.57615146699448,1.457557140199757,1.257359500277298,-0.00474616488427046,0.03619615242077712,0.02018116341088721,0.0,0.0,3252
ewmac,ewmac_2speed,trend,4h,ARB,2w,84,38,18,20,0.019098859486188544,0.20594572528661076,0.4691300353207951,0.5716713794061536,0.571001480224161,0.5263157894736842,-0.7550834877531332,1.2638574774076732,-0.03717948276033345,-0.021660303631799962,0.05578210629237821,0.020098859486188544,0.0,0.0,3252
ewmac,ewmac_3speed,trend,4h,ARB,3d,18,180,68,112,0.0072323029616024465,0.09707533777183255,0.8202585040509228,0.9995486862395596,0.3188782598062461,0.5,-0.6456168889265417,1.2161038416186014,0.6319666006447424,-0.004239321990187478,0.014197218110903475,0.008232302961602447,0.0,0.0,3252
ewmac,ewmac_3speed,trend,4h,ARB,1w,42,77,30,47,0.016319154830156737,0.13559642564210597,0.8666456726824485,1.056075053518936,0.2942794722481579,0.4935064935064935,-0.6391454944278929,1.3767085892890578,0.8095880447270043,-0.008937943936113331,0.032440707234158914,0.017319154830156735,0.0,0.0,3252
ewmac,ewmac_3speed,trend,4h,ARB,2w,84,38,17,21,0.017490828900695005,0.20609665460774257,0.4293169510534126,0.5231560444500692,0.6039848755450032,0.5,-0.7696129869934437,1.238941529393619,-0.09429813043929625,-0.024700274572692187,0.051645531712484635,0.018490828900695006,0.0,0.0,3252
ewmac,ewmac_4speed,trend,4h,ARB,3d,18,180,73,107,-0.00025996938757809,0.09635970245216943,-0.029703648864444446,-0.0361962028462352,0.9711662474295621,0.4722222222222222,-0.8172013544489508,0.992961161524231,-0.5743168716868176,-0.013245573117595845,0.008599367736639631,0.0007400306124219108,0.0,0.0,3252
ewmac,ewmac_4speed,trend,4h,ARB,1w,42,77,32,45,0.007438203933058962,0.13014308062795824,0.41156567787783027,0.501524739569832,0.6174515944095088,0.4935064935064935,-0.6311759990871497,1.159017085038257,-0.06833815007070121,-0.017983578959350578,0.02551591621210575,0.008438203933058962,0.0,0.0,3252
ewmac,ewmac_4speed,trend,4h,ARB,2w,84,38,19,19,0.0036468862145171595,0.20516735115290152,0.08991922373900674,0.1095735570093223,0.9133397297682908,0.4473684210526316,-0.814416423795683,1.0458836257683757,-0.46276392476940686,-0.03466008488802976,0.04195385731706408,0.00464688621451716,0.0,0.0,3252
ewmac,ewmac_5speed,trend,4h,ARB,3d,18,180,67,113,0.004662736740080907,0.09684414114306228,0.5300911885653629,0.6459572787126888,0.5191342748148591,0.49444444444444446,-0.6935427859499594,1.1345933781995732,0.0296257683633796,-0.007897189058798604,0.012109772390743982,0.005662736740080908,0.0,0.0,3252
ewmac,ewmac_5speed,trend,4h,ARB,1w,42,77,28,49,0.010613085340411004,0.13440439108711214,0.5686176685510864,0.6929047864373683,0.4904813174083392,0.4935064935064935,-0.678306671127155,1.2320653182992822,0.1728087430054086,-0.018641066857722155,0.02732974373934424,0.011613085340411005,0.0,0.0,3252
ewmac,ewmac_5speed,trend,4h,ARB,2w,84,38,17,21,0.017490828900695005,0.20609665460774257,0.4293169510534126,0.5231560444500692,0.6039848755450032,0.5,-0.7696129869934437,1.238941529393619,-0.09429813043929625,-0.024700274572692187,0.051645531712484635,0.018490828900695006,0.0,0.0,3252
ewmac,ewmac_fast,trend,4h,ARB,3d,18,178,84,94,0.0029677010472677983,0.0971139657892694,0.3345763588953407,0.40770727560770476,0.683981302317783,0.4887640449438202,-0.7176288102792939,1.083515382129192,-0.2455416999111566,-0.007113595875624187,0.011976519574107445,0.003967701047267799,0.0,0.0,3252
ewmac,ewmac_fast,trend,4h,ARB,1w,42,76,30,46,0.01578032756110341,0.14648756660668166,0.7706706756771288,0.9391220665096633,0.35068278563399424,0.5131578947368421,-0.5389196396314717,1.306375210276027,0.4950139664270985,-0.009402713516268639,0.03220405000286779,0.01678032756110341,0.0,0.0,3252
ewmac,ewmac_fast,trend,4h,ARB,2w,84,38,21,17,0.008334320007923399,0.2058918152379942,0.20477157773963267,0.24953006948178488,0.8043309368849724,0.47368421052631576,-0.8105668451943822,1.107527381543569,-0.3608005591520622,-0.026867670488921042,0.051819131798143,0.0093343200079234,0.0,0.0,3252
ewmac,ewmac_slow,trend,4h,ARB,3d,18,180,62,118,0.010675115201425242,0.09700138522983119,1.211651364427324,1.4764912811175372,0.1415691205417505,0.5444444444444444,-0.6602900340207813,1.3361119970962096,2.029837058308291,-0.00042249506162177344,0.01650606296675503,0.011675115201425243,0.0,0.0,3252
ewmac,ewmac_slow,trend,4h,ARB,1w,42,77,26,51,0.038114800403289614,0.13525769569581755,2.0291951565594126,2.472731880066824,0.015642921435093226,0.5714285714285714,-0.4655502685375086,2.1367245986420955,8.569680322376861,0.023235176042359966,0.04570049125395963,0.03911480040328961,0.0,0.0,3252
ewmac,ewmac_slow,trend,4h,ARB,2w,84,38,13,25,0.07131220071630016,0.20863488797033075,1.7290816164201996,2.107020225402612,0.041955229550025445,0.6578947368421053,-0.38518703097970663,2.420731454576482,5.765166652831959,0.04039991330187132,0.08738659017180318,0.07231220071630015,0.0,0.0,3252
ewmac,ewmac_2speed,trend,4h,SUI,3d,18,173,75,98,-0.0008363813959342732,0.0948310442605831,-0.09711223049548431,-0.1160050465352432,0.9077838712181941,0.45664739884393063,-0.7584623074316686,0.9769054656793524,-0.603353166004508,-0.006123733378001949,0.0032100614474848653,0.00016361860406572767,0.0,0.0,3125
ewmac,ewmac_2speed,trend,4h,SUI,1w,42,74,33,41,0.012948454085440592,0.1412476781791498,0.6601604615693101,0.7885921749952648,0.4329039484549321,0.4864864864864865,-0.8244756973601475,1.2839724964813888,0.2688560948896159,0.004945853698604701,0.019389571469967042,0.013948454085440593,0.0,0.0,3125
ewmac,ewmac_2speed,trend,4h,SUI,2w,84,37,16,21,0.040753173972412404,0.23393693655817346,0.8870754263375701,1.0596525853388319,0.2963608217482343,0.5405405405405406,-0.6164356132280941,1.6258337456811423,0.8537355238685662,0.026964094025672458,0.051259139646119035,0.04175317397241241,0.0,0.0,3125
ewmac,ewmac_3speed,trend,4h,SUI,3d,18,173,74,99,0.0017977514797173307,0.09505709601885506,0.208240506058841,0.24875290653530746,0.8038486947227822,0.48554913294797686,-0.7470107301496703,1.051426615372512,-0.37499779765187313,-0.0035794746608273404,0.005817092231235569,0.0027977514797173316,0.0,0.0,3125
ewmac,ewmac_3speed,trend,4h,SUI,1w,42,74,32,42,0.007263968570093945,0.14286156134343816,0.3661604815708929,0.4373956142009697,0.6631157750025352,0.44594594594594594,-0.7549830514227258,1.1497234103489207,-0.17042730665685557,-0.0026595177368930155,0.014824720042084011,0.008263968570093946,0.0,0.0,3125
ewmac,ewmac_3speed,trend,4h,SUI,2w,84,37,15,22,0.04031517754048676,0.2349528121415532,0.8737472821628398,1.043731501276306,0.30356800234401,0.5135135135135135,-0.6582786009126207,1.6140885868513455,0.8191808123137336,0.02720817263826293,0.04925177179200301,0.041315177540486775,0.0,0.0,3125
ewmac,ewmac_4speed,trend,4h,SUI,3d,18,173,75,98,-0.003486702807036122,0.09431508478783913,-0.40705572762852227,-0.4862468752396717,0.6274110833330979,0.4393063583815029,-0.8161949668429165,0.9068754413093573,-0.7486916866513823,-0.009389543262897414,0.001030777133674051,-0.002486702807036121,0.0,0.0,3125
ewmac,ewmac_4speed,trend,4h,SUI,1w,42,74,35,39,0.005091918449922003,0.14098152863569952,0.26009507621580386,0.310695586601782,0.756917449549632,0.43243243243243246,-0.8282663577946356,1.1033040189896821,-0.28895514398055744,-0.003634534697526313,0.012923350761734596,0.006091918449922004,0.0,0.0,3125
ewmac,ewmac_4speed,trend,4h,SUI,2w,84,37,16,21,0.0571569406246042,0.23303784594103902,1.248936695799976,1.491912592025019,0.14443408228147117,0.5405405405405406,-0.44113742528956057,1.982977997589245,2.377866191903819,0.045483254947217173,0.06605117733118478,0.058156940624604206,0.0,0.0,3125
ewmac,ewmac_5speed,trend,4h,SUI,3d,18,173,75,98,-0.0014932798602948977,0.09478707450484333,-0.17346513024116128,-0.20721211327551206,0.8360893244896604,0.44508670520231214,-0.7973444970212787,0.9591424701647558,-0.6459224930822343,-0.0074711150545918315,0.0030815940128915307,-0.000493279860294897,0.0,0.0,3125
ewmac,ewmac_5speed,trend,4h,SUI,1w,42,74,32,42,0.025025669211597046,0.1426957082218194,1.2629544717160164,1.5086574730679534,0.13570240794834845,0.5,-0.5226366866100716,1.6201965638082563,2.070838934928793,0.017232652166469527,0.030963206007884683,0.02602566921159705,0.0,0.0,3125
ewmac,ewmac_5speed,trend,4h,SUI,2w,84,37,16,21,0.044367004644611054,0.23423324421213781,0.9645161060960495,1.1521590555668122,0.2568496612864953,0.5405405405405406,-0.6030051080883685,1.6967912464573114,1.1134336096041046,0.03030542916307382,0.055080585963877535,0.04536700464461107,0.0,0.0,3125
ewmac,ewmac_fast,trend,4h,SUI,3d,18,171,78,93,-0.007814187334581568,0.09698158467393515,-0.8820427695327683,-1.0536408442444487,0.29354262040780893,0.45614035087719296,-0.9079096809909845,0.8098482314138384,-0.8836590959882021,-0.014623652231097864,-0.0021030232278259607,-0.006814187334581566,0.0,0.0,3125
ewmac,ewmac_fast,trend,4h,SUI,1w,42,74,33,41,0.01728009722655651,0.16645888894072178,0.7475703990323194,0.8930073841950019,0.3747876935068916,0.527027027027027,-0.47410442351645,1.3612809007734243,0.47235820153169406,0.015591599629775101,0.01863913187762447,0.018280097226556512,0.0,0.0,3125
ewmac,ewmac_fast,trend,4h,SUI,2w,84,37,14,23,0.010806514810284057,0.2072911811136798,0.26546222827768184,0.31710689773657075,0.7529942917830084,0.5135135135135135,-0.7677120593790736,1.1403813375411676,-0.3397149145420508,-0.020468435005084502,0.02984344078485622,0.011806514810284057,0.0,0.0,3125
ewmac,ewmac_slow,trend,4h,SUI,3d,18,173,69,104,0.0036755337120929115,0.09585257317390083,0.42221798866374427,0.5043588966400269,0.6146546844608559,0.4797687861271676,-0.8147092311257542,1.1075662826229409,-0.13887377899671205,-0.0011530632992189597,0.006879122113828672,0.004675533712092912,0.0,0.0,3125
ewmac,ewmac_slow,trend,4h,SUI,1w,42,74,32,42,0.01685960904045032,0.14316643770378953,0.8480455645625201,1.0130296120183981,0.31439196575823875,0.5,-0.6916234311265979,1.3824803820344513,0.6817332841763564,0.008318624322534322,0.023367025968386322,0.017859609040450322,0.0,0.0,3125
ewmac,ewmac_slow,trend,4h,SUI,2w,84,37,15,22,0.04531975594061663,0.23414234508561926,0.9856109214951904,1.1773577872769596,0.24677814182638538,0.5135135135135135,-0.5888623389748713,1.7159135707947364,1.1887237561181037,0.03299752908619868,0.053721274250447044,0.046319755940616644,0.0,0.0,3125
ewmac,ewmac_2speed,trend,4h,DOGE,3d,18,254,112,142,0.0108590479633816,0.1015365543117389,1.1779817868946005,1.7044575455480828,0.0895232948646004,0.4881889763779528,-0.5291387899982154,1.3751217776287528,3.883173602789003,0.01329336850482153,0.008939020494076867,0.0118590479633816,0.0,0.0,4585
ewmac,ewmac_2speed,trend,4h,DOGE,1w,42,109,53,56,0.0070085517060453776,0.1429587837004056,0.3537391057533535,0.5118358319836076,0.6098109114988579,0.45871559633027525,-0.6964334869850108,1.1423976633645765,-0.2486536596692025,0.009957358888508707,0.004217716336928293,0.00800855170604538,0.0,0.0,4585
ewmac,ewmac_2speed,trend,4h,DOGE,2w,84,54,26,28,0.02318646544399625,0.23891495963442452,0.4928791797672551,0.7131618216377524,0.47887410331930796,0.48148148148148145,-0.7229444376711501,1.2966357563389388,-0.0650557560603835,0.040165774535584564,0.007419964144664258,0.02418646544399625,0.0,0.0,4585
ewmac,ewmac_3speed,trend,4h,DOGE,3d,18,254,102,152,0.006549152076022562,0.10082030825643784,0.7154945004284448,1.035270675337305,0.3015310370688802,0.4921259842519685,-0.6594422489539311,1.21233276384152,0.6479321107807314,0.009456578979431505,0.004598115601366562,0.007549152076022563,0.0,0.0,4585
ewmac,ewmac_3speed,trend,4h,DOGE,1w,42,109,46,63,0.007564972081466855,0.1428633350549378,0.3820781319264815,0.5528404277521112,0.581515168561407,0.46788990825688076,-0.677330673031793,1.1546146237420165,-0.20137298562113415,0.010811931620958571,0.005194176227234803,0.008564972081466851,0.0,0.0,4585
ewmac,ewmac_3speed,trend,4h,DOGE,2w,84,54,24,30,0.022644324551222058,0.2387622351835114,0.48166268493595543,0.6969323353566369,0.4888908795623023,0.48148148148148145,-0.7281362764526124,1.2889389729779812,-0.09127511774015062,0.040461579201295304,0.008390520831163468,0.02364432455122206,0.0,0.0,4585
ewmac,ewmac_4speed,trend,4h,DOGE,3d,18,254,108,146,0.0069130219391852306,0.10158470180548515,0.7495642600526479,1.0845672430028952,0.27914578538260953,0.47244094488188976,-0.677567868112541,1.2243853371848392,0.7956749873293412,0.009144909673184464,0.005262036492117309,0.00791302193918523,0.0,0.0,4585
ewmac,ewmac_4speed,trend,4h,DOGE,1w,42,109,51,58,0.013122421290545593,0.14338678024521426,0.6603444014398637,0.955472325817304,0.3414727083045472,0.47706422018348627,-0.6207258706553904,1.2825391637026806,0.4572777248547706,0.01613605784128331,0.010472499495931393,0.014122421290545594,0.0,0.0,4585
ewmac,ewmac_4speed,trend,4h,DOGE,2w,84,54,28,26,0.013010335271311464,0.23880749031160312,0.27668767315422743,0.4003477791546373,0.690509578250448,0.4444444444444444,-0.7856178585526572,1.157142422185461,-0.45850293713618273,0.028370392855195735,-0.0035312652036408277,0.014010335271311465,0.0,0.0,4585
ewmac,ewmac_5speed,trend,4h,DOGE,3d,18,254,103,151,0.009425323000790211,0.10151207011981216,1.0226989346323374,1.4797740808483657,0.1401776460778963,0.49606299212598426,-0.5905190635532369,1.318559333338513,2.396760402138022,0.012637242937431237,0.0072344107261277935,0.010425323000790212,0.0,0.0,4585
ewmac,ewmac_5speed,trend,4h,DOGE,1w,42,109,48,61,0.007700404529736028,0.142930882952315,0.3887345133072256,0.5624717476898872,0.5749603061946549,0.46788990825688076,-0.6726526623607153,1.1575513187859559,-0.1897946130172724,0.011584015364010351,0.004644448463421804,0.008700404529736026,0.0,0.0,4585
ewmac,ewmac_5speed,trend,4h,DOGE,2w,84,54,25,29,0.03209743519216323,0.23891093740645716,0.6823128739246472,0.9872591743980156,0.32800140705003894,0.5,-0.7229444376711502,1.4324680120828965,0.5066372278602709,0.05029480856565176,0.016410044352949002,0.03309743519216323,0.0,0.0,4585
ewmac,ewmac_fast,trend,4h,DOGE,3d,18,250,105,145,0.007053689346111805,0.09969775820327621,0.7731314277761406,1.1186672921720753,0.2643601380438627,0.468,-0.7153275018168719,1.2296528992895304,0.8555906829991462,0.011254799135859526,0.004011506394915182,0.008053689346111807,0.0,0.0,4585
ewmac,ewmac_fast,trend,4h,DOGE,1w,42,108,49,59,0.02212313610837089,0.16641733744395829,0.9547999488856423,1.381528980730047,0.1699943565309589,0.5370370370370371,-0.8066869066650911,1.5089351478178965,2.1273714709846434,0.03192231995213868,0.013984830882190871,0.023123136108370895,0.0,0.0,4585
ewmac,ewmac_fast,trend,4h,DOGE,2w,84,54,19,35,0.039588939934216166,0.2557811799994753,0.7860579305099383,1.137371040708164,0.2604991554435506,0.5185185185185185,-0.7609787306247088,1.5625193046808414,0.9818531053651189,0.08304930584709858,0.01599616986722286,0.04058893993421616,0.0,0.0,4585
ewmac,ewmac_slow,trend,4h,DOGE,3d,18,254,108,146,0.010306607839652577,0.10110528727981272,1.1228225598025534,1.6246459882985544,0.10548312075633295,0.5236220472440944,-0.6396489248861426,1.354680187188588,3.261142999767258,0.013874067812525044,0.007667664846020889,0.011306607839652576,0.0,0.0,4585
ewmac,ewmac_slow,trend,4h,DOGE,1w,42,109,46,63,0.020066352046550464,0.15196920930888164,0.9527489083333119,1.3785612679992238,0.17087894684635643,0.5045871559633027,-0.724208033680543,1.4556198675555945,1.9652653024258888,0.029897769304972704,0.012887856905480256,0.021066352046550465,0.0,0.0,4585
ewmac,ewmac_slow,trend,4h,DOGE,2w,84,54,24,30,0.03484524317921003,0.23641886212727403,0.7485324705094257,1.0830743154449924,0.2836783286328783,0.5185185185185185,-0.7771893228726684,1.4802655395813384,0.7625037564987072,0.05390782618143558,0.01959517677742958,0.03584524317921002,0.0,0.0,4585
ewmac,ewmac_2speed,trend,4h,XRP,3d,18,254,121,133,0.003602910636650005,0.07805512244243688,0.508418478710495,0.7356461041886355,0.46262753635231374,0.47244094488188976,-0.7173182987416398,1.1441611177937627,0.20161507940716628,0.008462920778987882,-0.0008186023499882167,0.004602910636650005,0.0,0.0,4585
ewmac,ewmac_2speed,trend,4h,XRP,1w,42,109,52,57,0.01217960944634281,0.1291843445740376,0.6802822079614709,0.9843209422776805,0.32715774915702256,0.46788990825688076,-0.5649947765464733,1.3424393136641282,0.7575946106746068,0.02571758524954227,-0.00017082461973389016,0.013179609446342812,0.0,0.0,4585
ewmac,ewmac_2speed,trend,4h,XRP,2w,84,54,26,28,0.02311756172214297,0.2460158868591173,0.47723044295383216,0.6905191901160468,0.4928808325886767,0.3888888888888889,-0.6780344858415845,1.407906788855137,0.1161906990322461,0.058692697050998964,-0.00991649251179476,0.02411756172214296,0.0,0.0,4585
ewmac,ewmac_3speed,trend,4h,XRP,3d,18,254,116,138,0.0030058769498771663,0.07811340162515167,0.4238526407270806,0.6132852304892156,0.5402387010336469,0.468503937007874,-0.7628023511382185,1.1188391877102746,0.03221078557433876,0.00812992388517454,-0.0013012929377641037,0.004005876949877168,0.0,0.0,4585
ewmac,ewmac_3speed,trend,4h,XRP,1w,42,109,50,59,0.012415681374056298,0.12914586336265232,0.6936744445854734,1.0036985752933165,0.3177674387364787,0.46788990825688076,-0.6080572953096974,1.3502448589859188,0.8035705565623215,0.027080208689747396,-1.1884147715820414e-05,0.013415681374056297,0.0,0.0,4585
ewmac,ewmac_3speed,trend,4h,XRP,2w,84,54,26,28,0.02176438460032577,0.24607868161506252,0.4491812999998973,0.6499340351621453,0.5185420883610546,0.3888888888888889,-0.6780344858415845,1.3799005861659477,0.03776998107647467,0.057413216695457875,-0.011338102345154052,0.022764384600325767,0.0,0.0,4585
ewmac,ewmac_4speed,trend,4h,XRP,3d,18,254,117,137,0.0018787856989738556,0.07803783199359367,0.26518032340247094,0.3836974460749145,0.7015249495262309,0.4645669291338583,-0.7734447358852521,1.072760975676124,-0.22433996441885518,0.006920098616615935,-0.002426569128501497,0.0028787856989738567,0.0,0.0,4585
ewmac,ewmac_4speed,trend,4h,XRP,1w,42,109,52,57,0.004410749171765309,0.1289596347618582,0.24678809361924525,0.35708517143515545,0.72172482875774,0.41284403669724773,-0.6971746147061559,1.1124472523493236,-0.2442659420490354,0.017827267077446182,-0.00782888119832952,0.00541074917176531,0.0,0.0,4585
ewmac,ewmac_4speed,trend,4h,XRP,2w,84,54,27,27,0.021587982470957633,0.2460952349611687,0.4455106797363373,0.6446229034666716,0.5219520401988151,0.37037037037037035,-0.6780344858415845,1.3761221968348643,0.02792164958691523,0.05507378218260702,-0.011897817240691775,0.02258798247095763,0.0,0.0,4585
ewmac,ewmac_5speed,trend,4h,XRP,3d,18,254,117,137,0.0026881677141518644,0.07807635322116901,0.37923296915703997,0.548723675519913,0.5836790026648505,0.4645669291338583,-0.7208116177771877,1.1056584088424875,-0.047561384053812494,0.0077515381894266554,-0.0016360245895499646,0.0036881677141518653,0.0,0.0,4585
ewmac,ewmac_5speed,trend,4h,XRP,1w,42,109,51,58,0.0088253322986956,0.12940820845638004,0.49207905314419476,0.7120040941794489,0.4779974891191362,0.44036697247706424,-0.6991397328531397,1.2371711226879605,0.21935646316636626,0.022736061852326253,-0.0034065161019106727,0.009825332298695599,0.0,0.0,4585
ewmac,ewmac_5speed,trend,4h,XRP,2w,84,54,26,28,0.02176438460032577,0.24607868161506252,0.4491812999998973,0.6499340351621453,0.5185420883610546,0.3888888888888889,-0.6780344858415845,1.3799005861659477,0.03776998107647467,0.057413216695457875,-0.011338102345154052,0.022764384600325767,0.0,0.0,4585
ewmac,ewmac_fast,trend,4h,XRP,3d,18,251,115,136,0.0013331942698053079,0.08183619044834171,0.17837635376282598,0.25809815185674545,0.796543500897544,0.4262948207171315,-0.7508932994877359,1.0501849518112547,-0.36104455789671663,0.0062681307080896176,-0.00283972992433216,0.002333194269805309,0.0,0.0,4585
ewmac,ewmac_fast,trend,4h,XRP,1w,42,108,50,58,0.00786075415228349,0.15987079846861388,0.3531501010942094,0.5109835832928298,0.6104152815728154,0.4166666666666667,-0.8261388845051364,1.1851116334725083,-0.20281161563846517,0.024259466621212998,-0.006276066941621256,0.008860754152283492,0.0,0.0,4585
ewmac,ewmac_fast,trend,4h,XRP,2w,84,54,28,26,0.02034135869050957,0.2501935150185776,0.41290788533335276,0.5974489322352371,0.5527518492771348,0.42592592592592593,-0.6406544149776925,1.3427882022942752,-0.059291834601222226,0.050290518236491256,-0.011911582359009179,0.021341358690509564,0.0,0.0,4585
ewmac,ewmac_slow,trend,4h,XRP,3d,18,254,112,142,0.00396623487831927,0.07786597419709082,0.5610479160004845,0.8117972319096779,0.4176711021956892,0.4921259842519685,-0.6932755399767639,1.1601737730257444,0.3193435283724222,0.009501468075523215,-0.00039958285468666107,0.00496623487831927,0.0,0.0,4585
ewmac,ewmac_slow,trend,4h,XRP,1w,42,109,47,62,0.014506165329482868,0.12915086347697355,0.8104401441991551,1.1726504045846702,0.24351605817578376,0.47706422018348627,-0.5583895962223095,1.42070464874194,1.2631218050372404,0.030660370107081784,0.0022602359013030493,0.01550616532948287,0.0,0.0,4585
ewmac,ewmac_slow,trend,4h,XRP,2w,84,54,24,30,0.03854049931287972,0.24448896769271927,0.8005847946588976,1.1583904006739234,0.25189792721239246,0.46296296296296297,-0.6780344858415845,1.7809903469205628,1.5635250840192039,0.08015758991160493,0.005246826833899535,0.039540499312879715,0.0,0.0,4585
ewmac,ewmac_2speed,trend,4h,RENDER,3d,18,98,35,63,0.006863738980288108,0.11217901021346785,0.6724198679548947,0.6057064432311123,0.5461243902295397,0.41836734693877553,-0.386800565929301,1.1931658477919131,0.14288036955162897,-0.007639568368615463,0.014921131951901197,0.00786373898028811,0.0,0.0,1777
ewmac,ewmac_2speed,trend,4h,RENDER,1w,42,42,13,29,0.033483868678773475,0.14977599764665978,1.6084086409785288,1.4488320818840554,0.1549900811978686,0.5,-0.5317245083125521,1.9149469676945388,1.67566640984362,0.0049527330676384035,0.04627368809066162,0.034483868678773476,0.0,0.0,1777
ewmac,ewmac_3speed,trend,4h,RENDER,3d,18,98,35,63,0.004186763015663571,0.11206615201665955,0.4105776461168859,0.3698426199928154,0.7123060061935763,0.3979591836734694,-0.43416003115875346,1.1137436164485612,-0.12021932233760257,-0.011187958316742257,0.012728274867000143,0.005186763015663572,0.0,0.0,1777
ewmac,ewmac_3speed,trend,4h,RENDER,1w,42,42,15,27,0.02620764423747788,0.1510014021218494,1.2486766582502196,1.1247905266612166,0.26721977684947024,0.4523809523809524,-0.5590415085604231,1.653675553798144,0.971733051408753,-0.005497067612424507,0.04382137304297919,0.02720764423747788,0.0,0.0,1777
ewmac,ewmac_4speed,trend,4h,RENDER,3d,18,98,37,61,0.0044208001372650066,0.11207612920549653,0.43349005572197497,0.3904817991562185,0.6970365421832834,0.3979591836734694,-0.47477671266607113,1.1204487928757272,-0.099856092644246,-0.010340432524911684,0.01337433470284759,0.005420800137265009,0.0,0.0,1777
ewmac,ewmac_4speed,trend,4h,RENDER,1w,42,42,15,27,0.03546714295603771,0.14976795368142728,1.7037673765748558,1.5347299015673694,0.13253173812592345,0.5,-0.531724508312552,1.9919599961568275,1.9055377723547156,0.008510697016407557,0.05044294625583223,0.03646714295603771,0.0,0.0,1777
ewmac,ewmac_5speed,trend,4h,RENDER,3d,18,98,35,63,0.004186763015663571,0.11206615201665955,0.4105776461168859,0.3698426199928154,0.7123060061935763,0.3979591836734694,-0.43416003115875346,1.1137436164485612,-0.12021932233760257,-0.011187958316742257,0.012728274867000143,0.005186763015663572,0.0,0.0,1777
ewmac,ewmac_5speed,trend,4h,RENDER,1w,42,42,15,27,0.02620764423747788,0.1510014021218494,1.2486766582502196,1.1247905266612166,0.26721977684947024,0.4523809523809524,-0.5590415085604231,1.653675553798144,0.971733051408753,-0.005497067612424507,0.04382137304297919,0.02720764423747788,0.0,0.0,1777
ewmac,ewmac_fast,trend,4h,RENDER,3d,18,96,39,57,0.0036576141027765082,0.08527985214502236,0.4665147768345322,0.4202300075555698,0.6752664106555742,0.4895833333333333,-0.5875565434812502,1.1210946406175684,0.01902962166297839,-0.00810068943487181,0.011702769154851673,0.0046576141027765096,0.0,0.0,1777
ewmac,ewmac_fast,trend,4h,RENDER,1w,42,42,18,24,0.00913716471345513,0.14699486107797954,0.4472108076278244,0.40284126119981484,0.6891579226370879,0.40476190476190477,-0.7679583587731814,1.1858904674940582,-0.041633894980127706,-0.02162615999808993,0.03220965824711392,0.01013716471345513,0.0,0.0,1777
ewmac,ewmac_slow,trend,4h,RENDER,3d,18,98,23,75,0.018563232165304866,0.11153961085314681,1.8290090429416286,1.6475458487077717,0.1026816947818758,0.4897959183673469,-0.3343168978764336,1.6198754606887393,2.590657440005204,0.011588773966705738,0.020702066012875265,0.01956323216530487,0.0,0.0,1777
ewmac,ewmac_slow,trend,4h,RENDER,1w,42,42,11,31,0.029011287813035525,0.1494895798142659,1.396236783288906,1.2577106302443493,0.21561293934107478,0.5,-0.4754826228217701,1.7547444743798555,1.2227490037002373,-0.0010008631678906088,0.03966076074175124,0.030011287813035532,0.0,0.0,1777
ewmac,ewmac_2speed,trend,4h,FET,3d,18,254,104,150,0.010216130016731025,0.1169870000805148,0.9618737054909204,1.391764213528528,0.16521616151299026,0.468503937007874,-0.8116738979604331,1.2733375143486796,1.6359512535283303,0.005750501805440204,0.013312298909892661,0.011216130016731024,0.0,0.0,4585
ewmac,ewmac_2speed,trend,4h,FET,1w,42,109,40,69,0.04300592119340003,0.17159143241474226,1.8084157945756456,2.6166516162177174,0.010151688365192472,0.5688073394495413,-0.6073405397481176,1.9369963983735246,22.447282906596225,0.040876698736826575,0.044240253052283206,0.04400592119340004,0.0,0.0,4585
ewmac,ewmac_2speed,trend,4h,FET,2w,84,54,21,33,0.06838105697884728,0.2842126199076761,1.221917033184412,1.7680287848382903,0.08281182041118021,0.5370370370370371,-0.6702674967769332,1.894874615144615,5.118760311365499,0.06464519801091605,0.07075842177662169,0.06938105697884726,0.0,0.0,4585
ewmac,ewmac_3speed,trend,4h,FET,3d,18,254,97,157,0.011385672174999938,0.11677734803330148,1.0739135262309998,1.5538780254625062,0.12146351568393106,0.4881889763779528,-0.7835412243929882,1.3096778363785673,2.5519357664222064,0.007718986238534436,0.013651076861860791,0.012385672174999938,0.0,0.0,4585
ewmac,ewmac_3speed,trend,4h,FET,1w,42,109,40,69,0.020249660429175025,0.17094594723192533,0.854721389128998,1.2367222797924373,0.21887280407755585,0.5321100917431193,-0.9005160392783527,1.362795794526452,1.0182940323197536,0.011033181673915038,0.025592546664108352,0.021249660429175025,0.0,0.0,4585
ewmac,ewmac_3speed,trend,4h,FET,2w,84,54,20,34,0.057247609370044215,0.28579319409835036,1.01731334264643,1.4719815045965527,0.1469394119670137,0.5185185185185185,-0.7530600566718881,1.7035812778859745,2.3680774945044707,0.053075089422124265,0.059702032868820656,0.05824760937004423,0.0,0.0,4585
ewmac,ewmac_4speed,trend,4h,FET,3d,18,254,107,147,0.0071376281605494115,0.1169312886865681,0.6723453863137832,0.9728369145146255,0.3315635474022914,0.4645669291338583,-0.8758099529803723,1.1839251010565317,0.20873512269929528,0.0020560739500794117,0.010836446531435737,0.008137628160549411,0.0,0.0,4585
ewmac,ewmac_4speed,trend,4h,FET,1w,42,109,41,68,0.029370711250039355,0.17199986203878886,1.2321171467863656,1.7827876383177905,0.07743040832814777,0.5412844036697247,-0.738189306358473,1.5656593564952217,4.37998922699633,0.021825172378725208,0.03392022733421406,0.03037071125003936,0.0,0.0,4585
ewmac,ewmac_4speed,trend,4h,FET,2w,84,54,21,33,0.06720972034907147,0.28434025509864275,1.200447045210725,1.7369632086029831,0.08820282232882752,0.5370370370370371,-0.6666114760522768,1.8739097217282066,4.747968733006241,0.0633779551739986,0.0696481163695724,0.06820972034907148,0.0,0.0,4585
ewmac,ewmac_5speed,trend,4h,FET,3d,18,254,99,155,0.010833020179500464,0.1168412332809207,1.0212278864578515,1.4776455766653958,0.1407464289498673,0.48031496062992124,-0.7504307942393362,1.2924045117679506,2.0861250369157767,0.006839846483710602,0.013383498862617863,0.011833020179500468,0.0,0.0,4585
ewmac,ewmac_5speed,trend,4h,FET,1w,42,109,39,70,0.027363723235351994,0.1720837825352101,1.1473631090101166,1.6601544526348269,0.09978423941768609,0.5412844036697247,-0.849920601293632,1.518145809776442,3.328913892938676,0.019713925965756295,0.03162575314269817,0.02836372323535199,0.0,0.0,4585
ewmac,ewmac_5speed,trend,4h,FET,2w,84,54,20,34,0.06166097966892243,0.28541846013228955,1.0971793599634994,1.5875420653483572,0.11833858696509741,0.5185185185185185,-0.7530600566718881,1.7756735245269797,3.2631946048870937,0.058130979753279036,0.0637374502075362,0.06266097966892244,0.0,0.0,4585
ewmac,ewmac_fast,trend,4h,FET,3d,18,250,107,143,0.006055311561582012,0.11720083105858221,0.5645835161965229,0.8169129989777455,0.414759049788306,0.488,-0.8714137879997061,1.1594179061010916,-0.18507809667413566,-0.0009222111348229129,0.011276255117633253,0.0070553115615820125,0.0,0.0,4585
ewmac,ewmac_fast,trend,4h,FET,1w,42,108,45,63,0.010411723175922746,0.18927267539665918,0.39509265581034897,0.5716715367576687,0.5687434899914914,0.4537037037037037,-0.8715474999685096,1.1608938484489681,-0.4841495948418393,-0.006277503492011937,0.022332599367304654,0.011411723175922745,0.0,0.0,4585
ewmac,ewmac_fast,trend,4h,FET,2w,84,54,22,32,0.04577985429003465,0.3002385289916803,0.7743855666178181,1.1204819436680866,0.26756015370259945,0.4444444444444444,-0.8352053558425748,1.514980257157905,0.6548704826323535,0.028162445162908566,0.05789182306493386,0.046779854290034666,0.0,0.0,4585
ewmac,ewmac_slow,trend,4h,FET,3d,18,254,90,164,0.013322000376019232,0.1164611043117261,1.2599629756102155,1.823078611895549,0.06947156196732072,0.4645669291338583,-0.7588317981397157,1.3712846736501727,4.816315443867597,0.009882630910306429,0.015209459229154303,0.014322000376019231,0.0,0.0,4585
ewmac,ewmac_slow,trend,4h,FET,1w,42,109,39,70,0.03708870218312302,0.17396157368613469,1.53834571207046,2.225879029515624,0.028099357802845514,0.5596330275229358,-0.7875862467028755,1.7603184347820395,11.22765645420419,0.03269363531111686,0.039537382297526444,0.03808870218312301,0.0,0.0,4585
ewmac,ewmac_slow,trend,4h,FET,2w,84,54,23,31,0.03319822178067296,0.28498889443540915,0.5916108805329929,0.856019711485598,0.3958405453923346,0.46296296296296297,-0.8252880440406414,1.3624402538172897,-0.06031618172969133,0.022133106536213837,0.04140782341365876,0.03419822178067295,0.0,0.0,4585
ewmac,ewmac_2speed,trend,4h,TIA,3d,18,143,44,99,0.011213025116376965,0.10607401866147145,1.1637443723561116,1.2641010471048046,0.20826484096591366,0.5454545454545454,-0.5516981825618759,1.3283150768853695,1.321254858282182,-0.016774232289871523,0.023651806185820738,0.012213025116376968,0.0,0.0,2584
ewmac,ewmac_2speed,trend,4h,TIA,1w,42,61,19,42,0.018712254618764745,0.13973516291440247,0.9628555387162429,1.045888361408471,0.2998078875156813,0.4918032786885246,-0.6731571151679345,1.4178255124739012,0.7948491970045017,-0.04734772564617296,0.0485965314052842,0.019712254618764753,0.0,0.0,2584
ewmac,ewmac_2speed,trend,4h,TIA,2w,84,30,12,18,0.043573319672150834,0.20537179949199807,1.0698336896914047,1.1620918815949957,0.2546731288494428,0.5333333333333333,-0.6536037045418629,1.7154268558904837,1.0150698217496688,-0.06263751963680197,0.11438054587811937,0.04457331967215084,0.0,0.0,2584
ewmac,ewmac_3speed,trend,4h,TIA,3d,18,143,42,101,0.008951914183133182,0.10583966384560964,0.9311320593128115,1.0114291756248306,0.31353138454630314,0.5454545454545454,-0.5663261495660317,1.2546184746218039,0.683370014603214,-0.021812968354044605,0.021745231673840768,0.009951914183133181,0.0,0.0,2584
ewmac,ewmac_3speed,trend,4h,TIA,1w,42,61,17,44,0.022024474068450456,0.13929380846572517,1.1368795487907992,1.2349195082669904,0.2216746996780672,0.5245901639344263,-0.6731571151679345,1.510328015836329,1.1967111712600182,-0.04707866571163438,0.048723414438028675,0.023024474068450453,0.0,0.0,2584
ewmac,ewmac_3speed,trend,4h,TIA,2w,84,30,11,19,0.04066435586913702,0.20598874216406646,0.9954210990167929,1.081262245788367,0.2884904020419545,0.5,-0.6825707747388388,1.6520752892220445,0.8465614694844383,-0.07229420208207002,0.1060614157356253,0.04166435586913702,0.0,0.0,2584
ewmac,ewmac_4speed,trend,4h,TIA,3d,18,143,46,97,0.01083702345297952,0.10604580029315158,1.1250203047385592,1.2220375702912507,0.22371810730507624,0.5454545454545454,-0.5300367517923854,1.3157842053160773,1.2004057390403777,-0.016439399030196023,0.023772234115104006,0.011837023452979519,0.0,0.0,2584
ewmac,ewmac_4speed,trend,4h,TIA,1w,42,61,20,41,0.010265287312860085,0.13523537581150635,0.545784901523356,0.5928512153513947,0.5555087505816519,0.47540983606557374,-0.7762231008700535,1.2135379517604787,0.08740124560010942,-0.05443377725224128,0.04182580661290952,0.011265287312860086,0.0,0.0,2584
ewmac,ewmac_4speed,trend,4h,TIA,2w,84,30,13,17,0.023332845317845106,0.20428620440682252,0.5759238882962479,0.6255892681775115,0.5364769931491521,0.5,-0.7988212040746974,1.3354517497166167,0.1071546676607189,-0.07778342246364583,0.10065705009192642,0.024332845317845107,0.0,0.0,2584
ewmac,ewmac_5speed,trend,4h,TIA,3d,18,143,43,100,0.011435649684582591,0.10604902242800912,1.187129220079036,1.2895025108584692,0.19931982336038553,0.5524475524475524,-0.5663261495660317,1.3359821409159858,1.3964052754707605,-0.01677602326111377,0.023566669051232024,0.012435649684582587,0.0,0.0,2584
ewmac,ewmac_5speed,trend,4h,TIA,1w,42,61,18,43,0.021508113152499377,0.13937911600859765,1.1095460383867959,1.2052288649062015,0.232846940223286,0.5081967213114754,-0.6731571151679345,1.4952360100345996,1.1285331408477512,-0.045386795394321354,0.04951063300930805,0.022508113152499374,0.0,0.0,2584
ewmac,ewmac_5speed,trend,4h,TIA,2w,84,30,11,19,0.04066435586913702,0.20598874216406646,0.9954210990167929,1.081262245788367,0.2884904020419545,0.5,-0.6825707747388388,1.6520752892220445,0.8465614694844383,-0.07229420208207002,0.1060614157356253,0.04166435586913702,0.0,0.0,2584
ewmac,ewmac_fast,trend,4h,TIA,3d,18,142,57,85,0.007693736843418134,0.09933730372131896,0.8496595333673449,0.9229307838780025,0.35761990692656576,0.5140845070422535,-0.5996125462514748,1.2204932735036984,0.5088019346843302,-0.01684310987835278,0.024147857586252746,0.008693736843418134,0.0,0.0,2584
ewmac,ewmac_fast,trend,4h,TIA,1w,42,61,25,36,-0.0005134218958010492,0.14476317004308117,-0.0255009888570303,-0.027700092461985824,0.9779932787501642,0.45901639344262296,-0.8178637644725363,0.99093741906663,-0.490361452219904,-0.05700232244079213,0.03871498126044278,0.00048657810419895165,0.0,0.0,2584
ewmac,ewmac_fast,trend,4h,TIA,2w,84,30,15,15,-0.029960599441953346,0.19688868244905444,-0.7673017270326667,-0.8334707686908669,0.4113917572761132,0.43333333333333335,-0.8077506207035773,0.6830470851091371,-0.7796661565860843,-0.11719092758314989,0.05726972869924319,-0.02896059944195335,0.0,0.0,2584
ewmac,ewmac_slow,trend,4h,TIA,3d,18,143,33,110,0.002468869940552315,0.10580282708836387,0.2568885581402509,0.27904160316314264,0.7806188805374971,0.5244755244755245,-0.7386368273131574,1.0646118668342042,-0.33298942758609185,-0.042597285027392316,0.015988716430935704,0.0034688699405523156,0.0,0.0,2584
ewmac,ewmac_slow,trend,4h,TIA,1w,42,61,15,46,0.005227380827845512,0.14001056183370597,0.26845040445294516,0.29160049700402235,0.7715978932572045,0.4262295081967213,-0.7866232120701193,1.1022074804312956,-0.20998922795671615,-0.08743404502856376,0.035443063172326796,0.006227380827845513,0.0,0.0,2584
ewmac,ewmac_slow,trend,4h,TIA,2w,84,30,10,20,-0.010044773203029522,0.20224732667240272,-0.25043427998854634,-0.2720307337972552,0.7875258062277117,0.3333333333333333,-0.8154267512400313,0.8818906472355265,-0.5910248219342347,-0.15302776771046972,0.06144672405069056,-0.009044773203029521,0.0,0.0,2584
ewmac,ewmac_2speed,trend,4h,INJ,3d,18,254,107,147,0.003415790842054089,0.09828021185552294,0.3828198348497843,0.5539136201887372,0.5801271919959399,0.46062992125984253,-0.7143412132686053,1.0945843963528852,-0.26299237131018127,-0.008935271515242042,0.012406019904847873,0.004415790842054091,0.0,0.0,4585
ewmac,ewmac_2speed,trend,4h,INJ,1w,42,109,45,64,0.005452936515640707,0.1423421533853646,0.27641559791937126,0.3999541052522335,0.6899802651131017,0.45871559633027525,-0.769774224407843,1.1034838677502512,-0.3898830535465453,-0.02344379681234153,0.025770952136878217,0.0064529365156407075,0.0,0.0,4585
ewmac,ewmac_2speed,trend,4h,INJ,2w,84,54,22,32,-0.008561892338340146,0.20529995261234169,-0.21180206045094452,-0.3064628198114447,0.7604530211866876,0.4444444444444444,-0.9281056395553307,0.9007598395187669,-0.7973843218386681,-0.06711912205824276,0.03169620309409289,-0.0075618923383401464,0.0,0.0,4585
ewmac,ewmac_3speed,trend,4h,INJ,3d,18,254,96,158,0.006851842940162087,0.09851970369823351,0.7660437050245993,1.1084118513333299,0.268736561014153,0.4645669291338583,-0.5704889626236351,1.1984113617233174,0.7589590691989914,-0.005734511619526529,0.014499248242251376,0.007851842940162088,0.0,0.0,4585
ewmac,ewmac_3speed,trend,4h,INJ,1w,42,109,39,70,0.0015965819575350824,0.14211428755642963,0.08106233535048758,0.11729154956811749,0.9068468705987606,0.43119266055045874,-0.8316811347617542,1.0292876775887367,-0.5987130686991915,-0.03320788399373184,0.02098764155895523,0.0025965819575350835,0.0,0.0,4585
ewmac,ewmac_3speed,trend,4h,INJ,2w,84,54,18,36,-0.0003565881007263586,0.20728699948175416,-0.008736632121362888,-0.012641297775232168,0.989961438113805,0.48148148148148145,-0.9291115018799554,0.9956877505130264,-0.6863605490139006,-0.07306511039287268,0.03599767304534681,0.0006434118992736423,0.0,0.0,4585
ewmac,ewmac_4speed,trend,4h,INJ,3d,18,254,103,151,0.0033803266322866917,0.0983216925610654,0.37868540454384236,0.5479313876874329,0.5842221111626185,0.46062992125984253,-0.7471980201346325,1.0935312216128628,-0.2698484625125105,-0.009307918086941588,0.0120352220367934,0.004380326632286693,0.0,0.0,4585
ewmac,ewmac_4speed,trend,4h,INJ,1w,42,109,42,67,0.003781981665553918,0.14226686877026976,0.19181443306315812,0.2775421160299996,0.7818944473227898,0.46788990825688076,-0.7510402691196468,1.0707626316255834,-0.49119821421495624,-0.027425083181389757,0.02334461933080219,0.0047819816655539195,0.0,0.0,4585
ewmac,ewmac_4speed,trend,4h,INJ,2w,84,54,19,35,-0.003369403494177844,0.20585568068984264,-0.08312648813839568,-0.12027823478995689,0.9047175530801641,0.46296296296296297,-0.8992092269437937,0.9598402771530306,-0.7321462990926672,-0.07104501896141094,0.033368787759462976,-0.002369403494177843,0.0,0.0,4585
ewmac,ewmac_5speed,trend,4h,INJ,3d,18,254,97,157,0.0038578784398004356,0.09833857759057088,0.43210954792366596,0.6252323997329872,0.5323820663656583,0.46062992125984253,-0.6651091939361692,1.1074120834718497,-0.17585444794236071,-0.009523828410722099,0.012125557194581874,0.004857878439800436,0.0,0.0,4585
ewmac,ewmac_5speed,trend,4h,INJ,1w,42,109,40,69,0.0010108468028094412,0.14209307807541774,0.051330802731071296,0.07427209402333726,0.9409312738114892,0.44036697247706424,-0.8420768599696362,1.0184547902323915,-0.623497388991588,-0.03313207205454622,0.020803843241856208,0.0020108468028094423,0.0,0.0,4585
ewmac,ewmac_5speed,trend,4h,INJ,2w,84,54,19,35,0.00650270080681763,0.20772254690286154,0.15898618959192276,0.23004193570960288,0.8189447593807332,0.5,-0.8975069305191208,1.0817346848838976,-0.5465291141106365,-0.05862979498519829,0.04186034137962627,0.007502700806817631,0.0,0.0,4585
ewmac,ewmac_fast,trend,4h,INJ,3d,18,251,110,141,0.006433418050561963,0.08967214374266014,0.7855493418283198,1.1366351483322303,0.25677916706938575,0.5298804780876494,-0.6337592789616877,1.1986831750126012,0.8550985210043391,-0.004546071525949378,0.014998977294648825,0.007433418050561965,0.0,0.0,4585
ewmac,ewmac_fast,trend,4h,INJ,1w,42,108,50,58,-0.01053604563118975,0.13774460060251012,-0.5493730158742908,-0.7949044651156599,0.42842876078519243,0.4537037037037037,-0.9665271167852899,0.8254171216352943,-0.8917436656879876,-0.037275162832304296,0.012514917473219344,-0.009536045631189748,0.0,0.0,4585
ewmac,ewmac_fast,trend,4h,INJ,2w,84,54,21,33,-0.007932998127181035,0.21184784329408138,-0.19017900550891664,-0.2751757663410349,0.7842511526607178,0.46296296296296297,-0.9260822522049301,0.9093632696856256,-0.795128032179999,-0.07927794867253146,0.03746833403804197,-0.006932998127181034,0.0,0.0,4585
ewmac,ewmac_slow,trend,4h,INJ,3d,18,254,91,163,0.007240384945303139,0.09830697244438878,0.8112348158639685,1.1738002390985767,0.24157882636371222,0.4921259842519685,-0.6242576896856808,1.2112593336275503,0.9444972358637549,-0.005304996773618287,0.014244248358934114,0.00824038494530314,0.0,0.0,4585
ewmac,ewmac_slow,trend,4h,INJ,1w,42,109,40,69,0.004558943225225344,0.14583004721029502,0.22557076049979627,0.3263851691650119,0.7447645898076507,0.42201834862385323,-0.8636106533580087,1.0850009129886942,-0.45609682375190475,-0.029102632259583715,0.02407290002801321,0.005558943225225345,0.0,0.0,4585
ewmac,ewmac_slow,trend,4h,INJ,2w,84,54,21,33,-0.021728801444284997,0.19883485365630216,-0.5549994142188182,-0.8030454713852644,0.4255351927145928,0.46296296296296297,-0.9524237482252648,0.7623381987005147,-0.8986357551182929,-0.08500414027535409,0.018537323266395324,-0.020728801444285003,0.0,0.0,4585
kama,kama_10_2_30,adaptive_trend,1d,BTC,3d,3,139,63,76,0.0011660430811972742,0.0402725646476174,0.18032472119908619,0.34136006234044247,0.7333517487755866,0.5035971223021583,-0.24379173962846756,1.0792971390285768,0.052127442386483036,0.0038495502235053576,-0.0010584431025581107,0.002166043081197275,0.0,0.0,1308
kama,kama_10_2_30,adaptive_trend,1d,BTC,1w,7,100,46,54,0.007504302075923703,0.08316923316723544,0.47663965407117054,0.9022930463761961,0.36909126961891714,0.47,-0.37583371340667604,1.3053412298930847,0.5342581534253232,0.009682838257239108,0.005648511995543915,0.008504302075923705,0.0,0.0,1308
kama,kama_10_2_30,adaptive_trend,1d,BTC,2w,14,65,32,33,0.018745559833166392,0.09862257167288553,0.8095083460108373,1.5324233838924588,0.13034661848992654,0.6,-0.3634012678287687,1.7296650754330904,1.5002056573069447,0.03796824588906168,0.00010537941532853054,0.019745559833166393,0.0,0.0,1308
kama,kama_10_2_30_wide,adaptive_trend,1d,BTC,3d,3,148,72,76,0.0022369633777682687,0.04102731505594237,0.3503960450813649,0.6633101384960043,0.5081707985407775,0.5135135135135135,-0.3571562371876631,1.1563128737187356,0.23103289190134468,0.006131375788683417,-0.0014524799588881874,0.0032369633777682696,0.0,0.0,1308
kama,kama_10_2_30_wide,adaptive_trend,1d,BTC,1w,7,104,51,53,0.005284925353812563,0.08417494374815153,0.33823243532718644,0.6402840633335923,0.5234097637585832,0.4326923076923077,-0.3775988726312268,1.2030811488098858,0.2275539676125211,0.008009183033747666,0.002663469850478784,0.006284925353812564,0.0,0.0,1308
kama,kama_10_2_30_wide,adaptive_trend,1d,BTC,2w,14,68,32,36,0.002880471795509293,0.09634663080454335,0.1302339195962485,0.24653668457988917,0.8060206018122703,0.4852941176470588,-0.42310189095604533,1.0832067029225423,-0.10423780574755093,0.01447722040796754,-0.007427749193342483,0.0038804717955092938,0.0,0.0,1308
kama,kama_20_2_30,adaptive_trend,1d,BTC,3d,3,98,47,51,0.0030658473763267398,0.04249670040142093,0.3772688237164517,0.7141811079844664,0.4768302823900677,0.5408163265306123,-0.19636639846240234,1.2079599865851287,0.23698748739558928,0.006980094468649705,-0.0005413999440493258,0.004065847376326741,0.0,0.0,1308
kama,kama_20_2_30,adaptive_trend,1d,BTC,1w,7,75,36,39,0.010364512331188718,0.07739226640532261,0.6126670153567078,1.1597968884432603,0.24985995545277026,0.5066666666666667,-0.22207089378874534,1.4902455171747897,0.7595611517723293,0.02135272719025829,0.00022154476897065013,0.011364512331188719,0.0,0.0,1308
kama,kama_20_2_30,adaptive_trend,1d,BTC,2w,14,55,26,29,0.006757106393922463,0.10633555309489254,0.24894658195818942,0.4712632864290726,0.6393511529347542,0.4909090909090909,-0.558313439728856,1.1982049934411545,0.08017864273481368,0.018840923354697964,-0.004076660536427986,0.007757106393922464,0.0,0.0,1308
kama,kama_10_3_50,adaptive_trend,1d,BTC,3d,3,85,46,39,0.0031317889020081526,0.04382682584051901,0.3480202269379004,0.6588126440639059,0.5118179737402302,0.47058823529411764,-0.22621925490903072,1.2058409979340774,0.20511571304055476,0.008939920023746318,-0.003718827292862505,0.004131788902008153,0.0,0.0,1308
kama,kama_10_3_50,adaptive_trend,1d,BTC,1w,7,62,34,28,0.004175300473105018,0.08326801082798303,0.20856813112831477,0.39482567764841725,0.6943487296609924,0.46774193548387094,-0.24423676913757986,1.1460898007768257,0.0560330689946118,0.007747652536265206,-0.00016255560358949654,0.005175300473105019,0.0,0.0,1308
kama,kama_10_3_50,adaptive_trend,1d,BTC,2w,14,49,22,27,0.010058589835842393,0.10118531023931096,0.3675870743973752,0.6958532684672453,0.48987638560967733,0.4897959183673469,-0.342948034215259,1.3083019660126238,0.2956062603753955,0.023610012804567117,-0.0009833103608962723,0.011058589835842394,0.0,0.0,1308
kama,kama_5_2_30_tight,adaptive_trend,1d,BTC,3d,3,164,74,90,0.001920722653611063,0.03623136873264073,0.3586281715183091,0.6788937987674498,0.4981679542757372,0.5365853658536586,-0.2823510867576706,1.1520590292657709,0.231897574598525,0.005358079342504754,-0.0009055484017015268,0.002920722653611064,0.0,0.0,1308
kama,kama_5_2_30_tight,adaptive_trend,1d,BTC,1w,7,111,51,60,-0.001593899856727503,0.07042352858527583,-0.1259642483568912,-0.23845406989040874,0.8119725867774247,0.4594594594594595,-0.6026947626945365,0.9405013301880278,-0.36078079185590683,0.001598054427001134,-0.004307060997896845,-0.000593899856727502,0.0,0.0,1308
kama,kama_5_2_30_tight,adaptive_trend,1d,BTC,2w,14,68,29,39,0.006420034557291578,0.10475182362826853,0.2669763492279285,0.5053941723012698,0.6149406057701677,0.4411764705882353,-0.36446920789913595,1.1861387400123025,0.08793679888699435,0.020284625514171505,-0.0038895330773114443,0.007420034557291579,0.0,0.0,1308
kama,kama_10_2_30,adaptive_trend,1d,ETH,3d,3,126,63,63,0.00012581908866238665,0.05626198854464818,0.013260481378196605,0.025102485781347262,0.980013247341198,0.48412698412698413,-0.376872562104434,1.0061170498262646,-0.16564344427007438,0.001973224515031246,-0.0017215863377064728,0.0011258190886623875,0.0,0.0,1308
kama,kama_10_2_30,adaptive_trend,1d,ETH,1w,7,90,49,41,-0.003913726093741296,0.0841837086846766,-0.23298404884334578,-0.44104573631746863,0.6602494398108744,0.43333333333333335,-0.5555207274706782,0.8869149940526638,-0.48965121800438016,-0.0008033471046659195,-0.007631008300197234,-0.0029137260937412953,0.0,0.0,1308
kama,kama_10_2_30,adaptive_trend,1d,ETH,2w,14,60,36,24,0.016528765777235006,0.12032084039537998,0.5621053958727784,1.0640822384257933,0.2916271299283743,0.5166666666666667,-0.5693300947596549,1.4733435591814732,0.7806824090343598,0.016128482068281765,0.01712919134066487,0.017528765777235007,0.0,0.0,1308
kama,kama_10_2_30_wide,adaptive_trend,1d,ETH,3d,3,133,62,71,0.004558182242272875,0.0577091845259079,0.4811883765976642,0.9109039134546982,0.36400643921851183,0.47368421052631576,-0.4178416861284038,1.2468961827876108,0.48301028157991444,0.004753175742023567,0.004387906228406074,0.005558182242272876,0.0,0.0,1308
kama,kama_10_2_30_wide,adaptive_trend,1d,ETH,1w,7,95,48,47,0.012863205911309487,0.09968233417082778,0.66440881493193,1.2577456544868484,0.21159934798611205,0.4631578947368421,-0.3400808108301582,1.4993208117898367,1.2265943678988878,0.013370560681763404,0.01234505635850549,0.01386320591130949,0.0,0.0,1308
kama,kama_10_2_30_wide,adaptive_trend,1d,ETH,2w,14,61,32,29,0.04467981859553361,0.11538222303364072,1.5976438677509903,3.024387375545641,0.003663447570751785,0.5901639344262295,-0.33787704053459167,3.255192818545269,9.15922098554334,0.04495752703987137,0.04437338169143677,0.04567981859553362,0.0,0.0,1308
kama,kama_20_2_30,adaptive_trend,1d,ETH,3d,3,92,48,44,0.007278399823662564,0.049189048507147094,0.7497283976619951,1.419258163065418,0.15924011140279956,0.532608695652174,-0.17620514264471632,1.4712500303483966,0.7482935395442711,0.006295743165534433,0.008350388905256889,0.008278399823662564,0.0,0.0,1308
kama,kama_20_2_30,adaptive_trend,1d,ETH,1w,7,67,38,29,0.009972421530097404,0.06963041098221892,0.6192722661027992,1.1723008246283089,0.24529047164205406,0.5223880597014925,-0.3955099478479218,1.4568179646972854,0.6602403124398484,0.01005335786932877,0.009866367016621821,0.010972421530097405,0.0,0.0,1308
kama,kama_20_2_30,adaptive_trend,1d,ETH,2w,14,51,29,22,0.011480072072277045,0.12393189292828058,0.349453327134587,0.6615255453745416,0.511312523296767,0.5490196078431373,-0.4253458890556093,1.2830007758407755,0.23942975938101774,0.0019382046036244636,0.024057988280955445,0.012480072072277046,0.0,0.0,1308
kama,kama_10_3_50,adaptive_trend,1d,ETH,3d,3,76,39,37,0.0036938567554031187,0.055395283958992673,0.3070835929488845,0.5813183779556538,0.5627689343724245,0.47368421052631576,-0.24493881843745913,1.2027612933233875,0.18022127512833364,0.0020072292548755886,0.005471653310013217,0.004693856755403119,0.0,0.0,1308
kama,kama_10_3_50,adaptive_trend,1d,ETH,1w,7,60,28,32,-0.004154224475457021,0.08348394005129779,-0.2036128618053379,-0.38544520538839067,0.7012938080535224,0.43333333333333335,-0.6555209927635919,0.8774881648551504,-0.37201857808348304,0.0011557606509089277,-0.008800461461027226,-0.00315422447545702,0.0,0.0,1308
kama,kama_10_3_50,adaptive_trend,1d,ETH,2w,14,43,22,21,-0.01831542285217823,0.12026947534193545,-0.5275192609590947,-0.9986096560103442,0.323702663772657,0.37209302325581395,-0.755788999398376,0.6622441950774085,-0.6666542772619284,-0.01860807178698799,-0.018008838253806097,-0.017315422852178228,0.0,0.0,1308
kama,kama_5_2_30_tight,adaptive_trend,1d,ETH,3d,3,169,88,81,-0.00022698037022512364,0.052315408860038035,-0.02979508225981201,-0.05640297719589422,0.9550878100062353,0.4911242603550296,-0.4297416989907775,0.9882963012166157,-0.23620504483681204,-0.00544072577963399,0.005437335630120312,0.0007730196297748772,0.0,0.0,1308
kama,kama_5_2_30_tight,adaptive_trend,1d,ETH,1w,7,112,55,57,0.0030641065735124437,0.08359587826099388,0.20491350092503466,0.387907353939237,0.6988274928636364,0.5089285714285714,-0.6197738264795938,1.0977718227052373,-0.04798060381186231,-0.00011345373323064562,0.0061301735361592846,0.004064106573512445,0.0,0.0,1308
kama,kama_5_2_30_tight,adaptive_trend,1d,ETH,2w,14,68,35,33,0.005343330412969091,0.1116490921812203,0.20847493672166958,0.39464925786387167,0.6943552578445555,0.5588235294117647,-0.5538419337574366,1.1309398284030316,-0.07001563848573689,-0.012773938724123036,0.024558615861400134,0.0063433304129690915,0.0,0.0,1308
kama,kama_10_2_30,adaptive_trend,1d,SOL,3d,3,99,51,48,-0.0013191469285026333,0.07802790227213442,-0.0980629893375274,-0.16821349585693546,0.8667619939953671,0.5151515151515151,-0.578920561574893,0.9562110368695742,-0.34953055504032515,-0.006220761819738159,0.003888818893435113,-0.0003191469285026325,0.0,0.0,1074
kama,kama_10_2_30,adaptive_trend,1d,SOL,1w,7,71,38,33,0.014587381291028188,0.12093607244131133,0.5925089850696982,1.01636721844331,0.3129546715143602,0.5492957746478874,-0.6207710231002177,1.3649565305657199,0.7032127750104868,0.016542674190245316,0.012335831891929671,0.015587381291028183,0.0,0.0,1074
kama,kama_10_2_30,adaptive_trend,1d,SOL,2w,14,47,23,24,-0.01880681214231155,0.16305573347231947,-0.46096965004479346,-0.7907296814202747,0.4331597373141217,0.48936170212765956,-0.8601686555747593,0.7533525034938965,-0.7839350445232713,-0.03147737452260178,-0.006664189861200089,-0.01780681214231155,0.0,0.0,1074
kama,kama_10_2_30_wide,adaptive_trend,1d,SOL,3d,3,107,55,52,0.00164628047017291,0.07841732506790626,0.12659833174565707,0.21716192925034053,0.8284995926916326,0.514018691588785,-0.41287081442638895,1.0565729384348654,-0.13718106620994208,-0.0017474682645983023,0.005235822401180923,0.002646280470172911,0.0,0.0,1074
kama,kama_10_2_30_wide,adaptive_trend,1d,SOL,1w,7,71,35,36,0.01929266512821995,0.12283119480095506,0.7715374577628058,1.3234658032721016,0.18998689774173286,0.5774647887323944,-0.5654164474067089,1.4871656476652784,1.3306553880221128,0.022467951917654244,0.01620558074960328,0.020292665128219953,0.0,0.0,1074
kama,kama_10_2_30_wide,adaptive_trend,1d,SOL,2w,14,48,22,26,-0.01177456239341819,0.1619946361038344,-0.2935682277134811,-0.5035756934376022,0.6169117797829484,0.5416666666666666,-0.8337362076412044,0.8401608719244437,-0.705097215364531,-0.030022459258788135,0.003665965723433298,-0.010774562393418188,0.0,0.0,1074
kama,kama_20_2_30,adaptive_trend,1d,SOL,3d,3,80,45,35,-0.001774256068949606,0.07891337193416048,-0.11723437797383855,-0.20109936161252595,0.8411377506818843,0.475,-0.4857415783960608,0.943195385335554,-0.32251374673291744,-0.00881933689699998,0.007283704995686589,-0.0007742560689496053,0.0,0.0,1074
kama,kama_20_2_30,adaptive_trend,1d,SOL,1w,7,59,37,22,-1.877996079332986e-05,0.11756878211346221,-0.0007152748570517155,-0.001226955093007698,0.9990252421259984,0.4406779661016949,-0.5712339197901994,0.999592234437962,-0.33015605555266225,0.004406207080580899,-0.007460803621286352,0.000981220039206671,0.0,0.0,1074
kama,kama_20_2_30,adaptive_trend,1d,SOL,2w,14,41,24,17,-0.0038470200651352215,0.18883850356058107,-0.07604490490895824,-0.13044451717472633,0.8968685729950888,0.43902439024390244,-0.7027639419980664,0.9485370868611607,-0.5719196388301596,0.0020525639528147974,-0.01217584456106466,-0.0028470200651352206,0.0,0.0,1074
kama,kama_10_3_50,adaptive_trend,1d,SOL,3d,3,81,38,43,0.008146560628090731,0.08031071569548524,0.5322155982489121,0.9129422520753142,0.3640160399804525,0.49382716049382713,-0.3054796013057828,1.3247813330610108,0.49731032785047136,0.006368136692671468,0.009718191082647291,0.009146560628090732,0.0,0.0,1074
kama,kama_10_3_50,adaptive_trend,1d,SOL,1w,7,56,29,27,0.027420006119672425,0.11639161758931217,1.0277421030858935,1.7629494385939364,0.08346433081476654,0.5714285714285714,-0.30363438668103004,1.867225077173109,2.137111448585271,0.037596443924526164,0.01648975810705173,0.028420006119672426,0.0,0.0,1074
kama,kama_10_3_50,adaptive_trend,1d,SOL,2w,14,37,20,17,0.002572159362019953,0.1732474197927811,0.05264731785612558,0.09030919252918466,0.9285421206768664,0.5405405405405406,-0.6682886219025388,1.04049090718864,-0.35654239093901474,0.008660261434259737,-0.004590313664144497,0.003572159362019954,0.0,0.0,1074
kama,kama_5_2_30_tight,adaptive_trend,1d,SOL,3d,3,139,69,70,0.004573712269960389,0.07755062540861722,0.4053547131352521,0.6953299488339386,0.48801775667623093,0.5107913669064749,-0.3915891975359074,1.167117477757039,0.25906556044210705,0.012752680661642065,-0.0034884137161258345,0.00557371226996039,0.0,0.0,1074
kama,kama_5_2_30_tight,adaptive_trend,1d,SOL,1w,7,89,43,46,0.013006000216336223,0.11697875432756005,0.6114712740517727,1.048894402661052,0.29709889163056663,0.5168539325842697,-0.6630990629603755,1.3292427532362145,0.7626285384464924,0.023820065433453188,0.0028972001220747136,0.014006000216336223,0.0,0.0,1074
kama,kama_5_2_30_tight,adaptive_trend,1d,SOL,2w,14,56,27,29,0.01880321406408488,0.17087862510755988,0.4800457778615647,0.8234521404147492,0.41380732008552207,0.5535714285714286,-0.6398416883706685,1.3246160650602787,0.3235701713185346,0.037709300852219296,0.0012009953303045535,0.01980321406408488,0.0,0.0,1074
kama,kama_10_2_30,adaptive_trend,1d,BNB,3d,3,137,62,75,0.0020036211694575853,0.04586277602947279,0.27012085569661565,0.5113468166034112,0.6099374190497617,0.46715328467153283,-0.3720342511261172,1.130891258598184,0.1382254630020483,0.006366038860362951,-0.0016026441216908513,0.003003621169457586,0.0,0.0,1308
kama,kama_10_2_30,adaptive_trend,1d,BNB,1w,7,98,43,55,0.009958569150691154,0.08335797722307439,0.6247487186014803,1.182667912146444,0.23983157522776108,0.5306122448979592,-0.5484166237914054,1.4626185130585807,0.9307928250081436,0.019197953836156266,0.0027350502147820664,0.010958569150691155,0.0,0.0,1308
kama,kama_10_2_30,adaptive_trend,1d,BNB,2w,14,66,29,37,0.00036279707799600754,0.09849843333040978,0.015806982980571007,0.029923089079421112,0.9762200801766596,0.48484848484848486,-0.4682482868933401,1.0099619347529203,-0.2577632738611161,0.015382609448809556,-0.011409488293722719,0.0013627970779960083,0.0,0.0,1308
kama,kama_10_2_30_wide,adaptive_trend,1d,BNB,3d,3,151,76,75,0.0007025267252980316,0.048094690489557286,0.09481930109790943,0.17949575808923293,0.857790687403475,0.44370860927152317,-0.4590701748097601,1.0410832764018867,-0.0628710039776803,0.0014223915591473886,-2.6936306335983612e-05,0.0017025267252980326,0.0,0.0,1308
kama,kama_10_2_30_wide,adaptive_trend,1d,BNB,1w,7,98,48,50,0.014498879757176184,0.09099967897183762,0.8332017741353506,1.5772757482707915,0.11798792837606072,0.45918367346938777,-0.3763241299175615,1.6988445465418462,1.8986429201455501,0.017163112112861242,0.011941216695718525,0.015498879757176186,0.0,0.0,1308
kama,kama_10_2_30_wide,adaptive_trend,1d,BNB,2w,14,68,37,31,0.030382882475501884,0.11603128745217087,1.1406459931561597,2.1592768021101243,0.03441274285302813,0.5,-0.2648756413992426,2.2033807977149995,4.095452884652359,0.0264806174022586,0.03504042465969547,0.03138288247550188,0.0,0.0,1308
kama,kama_20_2_30,adaptive_trend,1d,BNB,3d,3,107,46,61,-0.006023486827614862,0.04507452732489943,-0.7302158119537936,-1.3823202577716611,0.16977913513314413,0.4205607476635514,-0.6496941944410597,0.6843863442968225,-0.5312694627577811,0.0008947774940709786,-0.011240538611181234,-0.005023486827614861,0.0,0.0,1308
kama,kama_20_2_30,adaptive_trend,1d,BNB,1w,7,79,28,51,-0.003836203844860732,0.06605137998728285,-0.2726941909762413,-0.5162182168508908,0.6071623951134808,0.4936708860759494,-0.6508768567078355,0.8534085589194276,-0.38219502137469574,0.009818540965974608,-0.011332926486103664,-0.002836203844860731,0.0,0.0,1308
kama,kama_20_2_30,adaptive_trend,1d,BNB,2w,14,58,21,37,-0.005462770081610887,0.1070957131749343,-0.20520946681746935,-0.3884676261793398,0.6991172277201072,0.39655172413793105,-0.6518082018000776,0.8706647463210067,-0.47482274034050853,0.0030674299106038883,-0.01030423494205711,-0.004462770081610886,0.0,0.0,1308
kama,kama_10_3_50,adaptive_trend,1d,BNB,3d,3,97,47,50,-0.0014208371193202428,0.045006027732528396,-0.16424873688989472,-0.31092774574248183,0.7565296708209638,0.4020618556701031,-0.3127376930786665,0.9171660851813911,-0.20949215568508606,0.008236914465526983,-0.010499123609076635,-0.0004208371193202419,0.0,0.0,1308
kama,kama_10_3_50,adaptive_trend,1d,BNB,1w,7,67,28,39,0.0003738168565256906,0.08528030357083893,0.01895352991568494,0.03587959604521735,0.9714866641070891,0.44776119402985076,-0.4836133930975469,1.0128728529893007,-0.1762039862185485,0.008449251872190906,-0.005423931359849336,0.0013738168565256914,0.0,0.0,1308
kama,kama_10_3_50,adaptive_trend,1d,BNB,2w,14,46,20,26,-0.007748012080756703,0.09207422038112373,-0.3014905576248334,-0.5707305956804632,0.5710214818402773,0.3695652173913043,-0.4791981443461243,0.804250728752567,-0.4281393371798573,0.012888625079030363,-0.023622348357515983,-0.006748012080756702,0.0,0.0,1308
kama,kama_5_2_30_tight,adaptive_trend,1d,BNB,3d,3,168,73,95,0.004559885340400811,0.0438047745489423,0.7127376059744872,1.3492334938325787,0.17908840663554187,0.5059523809523809,-0.24534092197876622,1.3467246894218852,0.8290164700238143,0.014568167746731022,-0.00313068956130556,0.005559885340400812,0.0,0.0,1308
kama,kama_5_2_30_tight,adaptive_trend,1d,BNB,1w,7,108,50,58,0.002904442088009468,0.08106676856079935,0.1966863847261434,0.37233317819749284,0.7103812346631533,0.5185185185185185,-0.39297656469254716,1.1166082711344159,-0.013853365539513995,0.013503862313992795,-0.006232989141286505,0.003904442088009469,0.0,0.0,1308
kama,kama_5_2_30_tight,adaptive_trend,1d,BNB,2w,14,70,33,37,0.0063868177974288915,0.09986904082571399,0.2826475519118986,0.5350602252394226,0.594328444448034,0.5142857142857142,-0.34033138820062714,1.2017894528370834,0.10378703296613323,0.022154690306697155,-0.007676419845972533,0.007386817797428892,0.0,0.0,1308
kama,kama_10_2_30,adaptive_trend,1d,ADA,3d,3,120,60,60,0.0053432615528079515,0.06626818261902541,0.4665890648596868,0.8832669819687408,0.37887294119539255,0.525,-0.36146280802732844,1.2397107479704894,0.47750927173598234,0.00023586994207153527,0.010450653163544368,0.006343261552807952,0.0,0.0,1308
kama,kama_10_2_30,adaptive_trend,1d,ADA,1w,7,83,40,43,0.013275758876409185,0.11171574169707234,0.5719085497218879,1.0826399003304548,0.28214166193842427,0.4578313253012048,-0.6316098002972039,1.413865719967608,0.9079898904488664,0.009603709857226967,0.01669161842913683,0.014275758876409186,0.0,0.0,1308
kama,kama_10_2_30,adaptive_trend,1d,ADA,2w,14,59,29,30,0.026883980467834245,0.167370701432,0.6517524929833338,1.233786860480986,0.2222586804652442,0.6101694915254238,-0.637968973012617,1.529606842967462,1.2058454563318044,-0.008786993887037034,0.0613659223442098,0.027883980467834243,0.0,0.0,1308
kama,kama_10_2_30_wide,adaptive_trend,1d,ADA,3d,3,128,58,70,0.003184024348831323,0.06888959120273165,0.27622966558875583,0.5229109754815753,0.6019472965572019,0.53125,-0.3791406629956574,1.130110739033227,0.12480474527530117,-0.003997449145968281,0.00913438810166528,0.004184024348831324,0.0,0.0,1308
kama,kama_10_2_30_wide,adaptive_trend,1d,ADA,1w,7,87,41,46,0.003090340603073417,0.12355125312669919,0.12324274984521348,0.23330219223642876,0.8160811683590051,0.41379310344827586,-0.6427695023503095,1.0749677444066066,-0.29344760968011774,-0.008696604569420294,0.01359609608290477,0.004090340603073418,0.0,0.0,1308
kama,kama_10_2_30_wide,adaptive_trend,1d,ADA,2w,14,60,29,31,0.013670659890358422,0.16765663986225218,0.33364675572144736,0.6316032354045132,0.5300858254367213,0.5166666666666667,-0.6261828333916905,1.239215429240715,0.03882509921819555,-0.021591792407932346,0.04665811526617881,0.014670659890358421,0.0,0.0,1308
kama,kama_20_2_30,adaptive_trend,1d,ADA,3d,3,99,56,43,0.0038525692939609646,0.07467556180681253,0.2711640537743665,0.5133216216023404,0.6088816763516862,0.5353535353535354,-0.44596287291061687,1.1547168645921169,0.12772568523808192,0.003829984522022275,0.0038819820202067004,0.004852569293960966,0.0,0.0,1308
kama,kama_20_2_30,adaptive_trend,1d,ADA,1w,7,73,37,36,0.013180394556131353,0.12891989095731848,0.4614370602452982,0.8735140839487057,0.3852870701221334,0.4794520547945205,-0.6653457126278505,1.3713597209720523,0.497053740598133,0.01042709553686589,0.016010174103709744,0.014180394556131355,0.0,0.0,1308
kama,kama_20_2_30,adaptive_trend,1d,ADA,2w,14,53,29,24,0.03638683928302621,0.2335146083483894,0.5992537672932507,1.1344052107815252,0.2618270813713022,0.5471698113207547,-0.7625050847662822,1.646814249676359,1.2175197484124793,0.02700960063412054,0.04771766931712056,0.037386839283026205,0.0,0.0,1308
kama,kama_10_3_50,adaptive_trend,1d,ADA,3d,3,95,50,45,0.006487799088709752,0.06821893535103418,0.48966246879090036,0.9269456221018895,0.35632866908881317,0.5368421052631579,-0.25734950301952464,1.3214771709962365,0.5030832073393645,-0.0019480836098527577,0.015861002087112542,0.007487799088709753,0.0,0.0,1308
kama,kama_10_3_50,adaptive_trend,1d,ADA,1w,7,62,36,26,-0.01395459946777399,0.11012369344700702,-0.5270781486731757,-0.9977746173289082,0.32233031574532517,0.3870967741935484,-0.8015153909983597,0.7112113531117598,-0.7181922502676318,-0.028715072775534495,0.00648297895835594,-0.012954599467773989,0.0,0.0,1308
kama,kama_10_3_50,adaptive_trend,1d,ADA,2w,14,45,22,23,0.010505168195961891,0.1745799379526177,0.21323450999475146,0.4036592716790012,0.6884184193483462,0.5111111111111111,-0.6993341128536861,1.1711327833784253,-0.2043009470998256,-0.039466584266867694,0.058304235769103215,0.011505168195961892,0.0,0.0,1308
kama,kama_5_2_30_tight,adaptive_trend,1d,ADA,3d,3,176,89,87,0.007001278427482693,0.07038692789924547,0.6970825845652598,1.3195980725289467,0.18869299396560088,0.4715909090909091,-0.5814113058262337,1.3115825858436037,1.2686393989366613,0.008019413570004645,0.005959737879385521,0.008001278427482694,0.0,0.0,1308
kama,kama_5_2_30_tight,adaptive_trend,1d,ADA,1w,7,110,54,56,-0.006333753641669463,0.1104006817450305,-0.31785446359837605,-0.6017079565554287,0.5486180319411363,0.41818181818181815,-0.8520248235545324,0.8548580964580215,-0.7446378367835758,-0.020989731761809533,0.007798796688465593,-0.0053337536416694625,0.0,0.0,1308
kama,kama_5_2_30_tight,adaptive_trend,1d,ADA,2w,14,70,35,35,0.018483450472653703,0.1843443589320491,0.44314390045353225,0.8388845881957264,0.40443099370091096,0.5,-0.6009164286276529,1.3161061638738794,0.2852322143539583,0.0014234390343032199,0.0355434619110042,0.019483450472653707,0.0,0.0,1308
kama,kama_10_2_30,adaptive_trend,1d,AVAX,3d,3,86,39,47,0.0014843314183029623,0.07626841395184072,0.1096991722585809,0.18048262158580664,0.8572033130063442,0.5,-0.5305539653714337,1.0481690934864036,-0.11019351167438252,0.0017312195482591037,0.0012794667998287173,0.0024843314183029632,0.0,0.0,988
kama,kama_10_2_30,adaptive_trend,1d,AVAX,1w,7,63,34,29,0.017772420239807837,0.1241503911939315,0.6906161278946347,1.1362365522508528,0.2602304686251478,0.5238095238095238,-0.6143454554963557,1.450721716936355,0.9159536532892265,-0.0028304555628094097,0.04192751600839357,0.018772420239807835,0.0,0.0,988
kama,kama_10_2_30,adaptive_trend,1d,AVAX,2w,14,43,21,22,0.01164062193495571,0.14395349438329336,0.3222969239499147,0.5302591857886315,0.5987247356372951,0.5116279069767442,-0.6225446191622392,1.2233585381979906,0.05066104144839412,-0.002018126753274428,0.024678518410084484,0.012640621934955711,0.0,0.0,988
kama,kama_10_2_30_wide,adaptive_trend,1d,AVAX,3d,3,92,44,48,-0.0011838471453986435,0.07684337601882765,-0.08981545370433563,-0.14776892304407654,0.882852060102194,0.5108695652173914,-0.6303065724020389,0.9637211394487863,-0.3141556897170299,-0.0033224418530743076,0.0007765313366373816,-0.00018384714539864267,0.0,0.0,988
kama,kama_10_2_30_wide,adaptive_trend,1d,AVAX,1w,7,69,36,33,0.023498685093872228,0.12609241954278141,0.940907842248539,1.548029128600625,0.1262570753328637,0.5652173913043478,-0.5789087825371317,1.6208299216868476,1.940838585881636,-0.0009165476290195177,0.05013348442793595,0.024498685093872232,0.0,0.0,988
kama,kama_10_2_30_wide,adaptive_trend,1d,AVAX,2w,14,45,24,21,0.015044444961599027,0.14299876773362968,0.42896127909139303,0.7057487728961374,0.4840644273900666,0.5333333333333333,-0.5660737676096421,1.3003597503078423,0.25175713736744987,-0.005520476134272936,0.038547211928309844,0.016044444961599028,0.0,0.0,988
kama,kama_20_2_30,adaptive_trend,1d,AVAX,3d,3,72,35,37,0.016913963199428325,0.07368685992885099,1.1838305398230857,1.947697826169314,0.055405722381566914,0.5972222222222222,-0.3906194082302381,1.7573949840615999,1.7734036834114755,0.020704019001768777,0.013328775278295473,0.017913963199428326,0.0,0.0,988
kama,kama_20_2_30,adaptive_trend,1d,AVAX,1w,7,50,25,25,0.03243943667743446,0.11148444875185362,1.2505814292541602,2.057519762558284,0.04497769461390291,0.58,-0.2700568628473864,2.2803104964704004,2.7595865970358995,0.029268810553770282,0.03561006280109866,0.033439436677434466,0.0,0.0,988
kama,kama_20_2_30,adaptive_trend,1d,AVAX,2w,14,33,17,16,0.006118625494892605,0.1622189729070923,0.13169738587372137,0.2166751942526853,0.8298369391720454,0.42424242424242425,-0.6030445002604221,1.1025282681490254,-0.18109650660857612,-0.002549779479523794,0.01532880578021003,0.007118625494892606,0.0,0.0,988
kama,kama_10_3_50,adaptive_trend,1d,AVAX,3d,3,72,35,37,0.006175060607694115,0.0775758859546959,0.41053358195723844,0.6754305943713096,0.5015961583032301,0.5138888888888888,-0.34480744841098443,1.246285462324592,0.2746048282321141,-0.00022713606432323642,0.012231192594737556,0.007175060607694116,0.0,0.0,988
kama,kama_10_3_50,adaptive_trend,1d,AVAX,1w,7,46,27,19,0.011933661555152002,0.12173820193843574,0.4041045214075593,0.6648531790777389,0.5095374860147213,0.45652173913043476,-0.5001496699511272,1.3405367617544104,0.2785674878603086,-0.00151818199799138,0.031049439235934704,0.012933661555152003,0.0,0.0,988
kama,kama_10_3_50,adaptive_trend,1d,AVAX,2w,14,30,20,10,0.02169984306971027,0.14827289290766643,0.48721810621144374,0.801595848743835,0.42930637345880823,0.5,-0.5509299739202093,1.4815578540875087,0.42162502813100167,0.01686482425570523,0.03136988069772034,0.02269984306971027,0.0,0.0,988
kama,kama_5_2_30_tight,adaptive_trend,1d,AVAX,3d,3,122,60,62,-0.001943823784407802,0.08964188387267423,-0.14557734419815851,-0.23951120307863344,0.8111144540659211,0.48360655737704916,-0.6906086769133001,0.9452156315801564,-0.5136733998174625,-0.006937548216161482,0.0028888127624505976,-0.0009438237844078013,0.0,0.0,988
kama,kama_5_2_30_tight,adaptive_trend,1d,AVAX,1w,7,84,43,41,-0.005987025031513903,0.13108509006934427,-0.254428278872827,-0.4185982613277244,0.6765909593740957,0.4642857142857143,-0.8434897387009987,0.8898519484093479,-0.7033811555934422,-0.022571687568520626,0.011406645434127302,-0.004987025031513902,0.0,0.0,988
kama,kama_5_2_30_tight,adaptive_trend,1d,AVAX,2w,14,51,23,28,-0.052850925891478,0.1537688313411768,-1.4918918256255642,-2.454535820713768,0.01763081990889174,0.35294117647058826,-0.9787862531346674,0.43442581793917384,-0.9685396580095568,-0.08455059585146575,-0.02681191128148807,-0.051850925891478,0.0,0.0,988
kama,kama_10_2_30,adaptive_trend,1d,DOT,3d,3,105,57,48,-0.004258608875527211,0.0665481363245903,-0.39517540601940254,-0.655732194605144,0.5134444708109592,0.44761904761904764,-0.5604690618460657,0.8487572181973216,-0.4916724293275818,-0.00977583820687324,0.0022931009554461985,-0.00325860887552721,0.0,0.0,1005
kama,kama_10_2_30,adaptive_trend,1d,DOT,1w,7,70,39,31,-0.013444401117801616,0.09756063396811153,-0.6948311320676289,-1.1529643195667711,0.25290359679467284,0.4142857142857143,-0.7732517227515555,0.7077729821517891,-0.7243970859281699,-0.024111228338874777,-2.484429129021295e-05,-0.012444401117801613,0.0,0.0,1005
kama,kama_10_2_30,adaptive_trend,1d,DOT,2w,14,48,30,18,-0.03100973519642369,0.14616776654733424,-0.88578937517286,-1.469829858064346,0.14827064698512368,0.3958333333333333,-0.9021173162855818,0.5887488903966933,-0.8718854018731637,-0.04577432940209634,-0.006402078186969288,-0.03000973519642369,0.0,0.0,1005
kama,kama_10_2_30_wide,adaptive_trend,1d,DOT,3d,3,108,61,47,-0.0067405453564191855,0.0651784574170845,-0.6476885755430838,-1.0747385707517776,0.28490936048741433,0.4537037037037037,-0.729258492882597,0.7627346856334297,-0.616257490303286,-0.01257145175420919,0.0008272267768827367,-0.005740545356419185,0.0,0.0,1005
kama,kama_10_2_30_wide,adaptive_trend,1d,DOT,1w,7,71,39,32,-0.007818071163562623,0.09684548625299484,-0.4099329339892404,-0.6802200196448771,0.49860878540028625,0.4225352112676056,-0.7463505989522169,0.81034597923811,-0.5846889326723872,-0.0208875695525453,0.008110379998010016,-0.006818071163562622,0.0,0.0,1005
kama,kama_10_2_30_wide,adaptive_trend,1d,DOT,2w,14,47,28,19,-0.033996481690522794,0.1412430644435788,-0.9944413462414545,-1.6501209246432362,0.10573099038218277,0.425531914893617,-0.9053736820750333,0.5459893197872001,-0.880935910516304,-0.042770681659095575,-0.021066081736836592,-0.032996481690522786,0.0,0.0,1005
kama,kama_20_2_30,adaptive_trend,1d,DOT,3d,3,65,40,25,0.014447461382882932,0.08079231092447878,0.8688435700230499,1.4417109269998696,0.15425951445390493,0.5692307692307692,-0.31141068728977395,1.632255266998765,1.093445954296567,0.00689589960683844,0.026529960224554117,0.015447461382882931,0.0,0.0,1005
kama,kama_20_2_30,adaptive_trend,1d,DOT,1w,7,47,29,18,0.016057494929290667,0.1055023423520767,0.6288224262834753,1.0434331269683046,0.30220049881604033,0.574468085106383,-0.36682483340011574,1.4907368948097963,0.6580128585391929,0.005067638525345768,0.0337633746912019,0.017057494929290668,0.0,0.0,1005
kama,kama_20_2_30,adaptive_trend,1d,DOT,2w,14,38,26,12,0.008538339367367283,0.17222622243444977,0.18417443069700667,0.3056088556917219,0.7616153122950767,0.5,-0.570844078706877,1.1453354378866216,-0.17325495532843804,-0.004614352087380826,0.03703583751932152,0.009538339367367284,0.0,0.0,1005
kama,kama_10_3_50,adaptive_trend,1d,DOT,3d,3,66,34,32,0.004475880608347011,0.07919775657372315,0.2766947908319797,0.4591320200203881,0.6476711235585287,0.5151515151515151,-0.37685150341570983,1.1649005496303761,0.10818451481149327,-0.007729346426400156,0.017443934332765875,0.0054758806083470115,0.0,0.0,1005
kama,kama_10_3_50,adaptive_trend,1d,DOT,1w,7,49,29,20,0.011715803062379805,0.0946164100440659,0.5223565420173063,0.8667695318229012,0.3903806252762637,0.4897959183673469,-0.25228896578068305,1.3842964384195782,0.4446370484988995,-0.009275493895292735,0.04215318365100499,0.012715803062379806,0.0,0.0,1005
kama,kama_10_3_50,adaptive_trend,1d,DOT,2w,14,34,21,13,0.025630790512391387,0.19654343256170748,0.4582540631041373,0.7604014265787744,0.45241370396357555,0.5294117647058824,-0.6392877059434309,1.4485143907348395,0.33751504963196943,-0.009874194256479549,0.08298499667749058,0.026630790512391388,0.0,0.0,1005
kama,kama_5_2_30_tight,adaptive_trend,1d,DOT,3d,3,132,70,62,-0.010642816529625523,0.06425183713704431,-1.146889013696661,-1.9030841455829766,0.05922376181916614,0.44696969696969696,-0.8276220813208802,0.6450926882056361,-0.8170704022735844,-0.012044745942190007,-0.009059992999310783,-0.009642816529625526,0.0,0.0,1005
kama,kama_5_2_30_tight,adaptive_trend,1d,DOT,1w,7,83,47,36,-0.014161396352917983,0.09031993740216276,-0.8608448739346835,-1.428438333462643,0.15696374090497706,0.4578313253012048,-0.849557800556686,0.6620446729093475,-0.786287259585909,-0.028705599647795597,0.004826869059838901,-0.01316139635291798,0.0,0.0,1005
kama,kama_5_2_30_tight,adaptive_trend,1d,DOT,2w,14,55,28,27,-0.03710760393392531,0.14938581170313878,-1.1101925468283484,-1.8421920597211554,0.07094056681832188,0.41818181818181815,-0.9328714516512302,0.5384539561997506,-0.9360983362134092,-0.061162187282825554,-0.012162110090621334,-0.03610760393392531,0.0,0.0,1005
kama,kama_10_2_30,adaptive_trend,1d,LINK,3d,3,142,73,69,0.009257888421048363,0.07642891776126538,0.7625019605182874,1.443438897597759,0.15111496115849513,0.5492957746478874,-0.36941871825763006,1.397189961504338,1.4947280078126837,0.011613197753029492,0.006766039417648039,0.010257888421048364,0.0,0.0,1308
kama,kama_10_2_30,adaptive_trend,1d,LINK,1w,7,91,43,48,0.012737395620533103,0.10668792591240735,0.6016288062290625,1.1389012301503534,0.25776674310855124,0.6043956043956044,-0.523004775705298,1.3695532050960195,0.9163705787878791,0.025195757833697114,0.0015767794712403457,0.013737395620533104,0.0,0.0,1308
kama,kama_10_2_30,adaptive_trend,1d,LINK,2w,14,60,32,28,0.008620770262981133,0.15485331702021257,0.2277947677561941,0.4312222728254249,0.6678783009780154,0.5,-0.7273921629525468,1.1511262414487924,-0.17103136524454143,0.01829787007203348,-0.002438772375935836,0.009620770262981134,0.0,0.0,1308
kama,kama_10_2_30_wide,adaptive_trend,1d,LINK,3d,3,148,76,72,-0.0004565717816642418,0.07397894872666054,-0.03966197431182783,-0.07508129741502789,0.9402521076329965,0.5067567567567568,-0.7436814324896622,0.9837020555356409,-0.3811233697840053,0.0026680960820256974,-0.0037548323044480666,0.0005434282183357591,0.0,0.0,1308
kama,kama_10_2_30_wide,adaptive_trend,1d,LINK,1w,7,96,49,47,0.0032846486209395765,0.10718375495321956,0.1586127615120743,0.30025867666793205,0.7646359109379801,0.5416666666666666,-0.7131633436361655,1.084250093166021,-0.2193308961022502,0.011043515780853339,-0.0048043830989705156,0.004284648620939577,0.0,0.0,1308
kama,kama_10_2_30_wide,adaptive_trend,1d,LINK,2w,14,63,32,31,-0.0036905975322017157,0.15728307951297282,-0.09838468923330801,-0.1862451439087392,0.8528605669896095,0.4603174603174603,-0.8178155617232246,0.9430932356817505,-0.6305833415931882,0.007873181897546266,-0.01562740210484479,-0.002690597532201715,0.0,0.0,1308
kama,kama_20_2_30,adaptive_trend,1d,LINK,3d,3,97,54,43,0.008150046028342057,0.08005630340789484,0.5296548532758706,1.0026523958052036,0.31854920669827924,0.5051546391752577,-0.43322198871962836,1.3236348880544337,0.6488061897542736,0.0060571115714192535,0.01077838232308232,0.009150046028342058,0.0,0.0,1308
kama,kama_20_2_30,adaptive_trend,1d,LINK,1w,7,76,39,37,0.038957379927226345,0.09938048573039115,1.8052526121849986,3.4173969056375872,0.0010245448827076657,0.6842105263157895,-0.20388764520274238,3.294407896628342,12.218860543941798,0.03891687789336306,0.039000071260217366,0.039957379927226346,0.0,0.0,1308
kama,kama_20_2_30,adaptive_trend,1d,LINK,2w,14,52,30,22,0.01779936760476559,0.1575857105257928,0.43026098818669867,0.814496851975813,0.41914747147815173,0.40384615384615385,-0.5545530598849168,1.3584769134650392,0.40428638848376997,0.028105116281032506,0.0037460739553107055,0.01879936760476559,0.0,0.0,1308
kama,kama_10_3_50,adaptive_trend,1d,LINK,3d,3,89,50,39,0.006446057263465596,0.07193131179046058,0.44659488261369024,0.8454174001002391,0.400170661460179,0.5617977528089888,-0.3275447921263449,1.2556078396767507,0.41576447842125575,0.00826999466052891,0.004107675985179297,0.007446057263465597,0.0,0.0,1308
kama,kama_10_3_50,adaptive_trend,1d,LINK,1w,7,66,39,27,-0.0012993151583977137,0.09491919675651873,-0.05874555061793087,-0.11120707514651142,0.9117948243878289,0.5606060606060606,-0.6603355786124819,0.9648336965246255,-0.3143600317998343,0.004439781950897585,-0.009589122094046477,-0.0002993151583977128,0.0,0.0,1308
kama,kama_10_3_50,adaptive_trend,1d,LINK,2w,14,44,28,16,0.009571624565507525,0.1247705280742333,0.2688082174488157,0.5088619533460617,0.613450235125239,0.4772727272727273,-0.4735423349814998,1.2098795283073636,0.08924636381703155,0.014161540570818075,0.0015392715562140627,0.010571624565507526,0.0,0.0,1308
kama,kama_5_2_30_tight,adaptive_trend,1d,LINK,3d,3,168,84,84,-0.0007007513672846433,0.07511617124507113,-0.06387452912109211,-0.12091638405290879,0.9039026254106337,0.48214285714285715,-0.47179040789781823,0.9749705089159078,-0.43886337430009814,0.0011243635190436624,-0.002525866253612949,0.0002992486327153576,0.0,0.0,1308
kama,kama_5_2_30_tight,adaptive_trend,1d,LINK,1w,7,109,49,60,0.011520086241008459,0.10873935359344711,0.5842850745814588,1.1060690301221308,0.27115436844703894,0.5229357798165137,-0.5501165253612594,1.3230399144914256,0.8866034025696514,0.019030419851183828,0.005386647126031903,0.012520086241008458,0.0,0.0,1308
kama,kama_5_2_30_tight,adaptive_trend,1d,LINK,2w,14,70,34,36,0.02437376659708909,0.1648167431346649,0.6536012893557429,1.237286687020263,0.22017489525593187,0.5285714285714286,-0.5691325682629214,1.4922956384077932,1.3046585331366942,0.03071974440269468,0.018380343114017136,0.025373766597089092,0.0,0.0,1308
kama,kama_10_2_30,adaptive_trend,1d,UNI,3d,3,86,43,43,-0.035196588674513384,0.16951444658531883,-1.1603966962039982,-1.92549804624493,0.05751074586279263,0.45348837209302323,-1.0002218397432632,0.3438075018336688,-1.0000185170350788,-0.04872909974000076,-0.021664077609026014,-0.03419658867451338,0.0,0.0,1005
kama,kama_10_2_30,adaptive_trend,1d,UNI,1w,7,62,31,31,0.004620238297680591,0.4279476053125692,0.05123102219480951,0.08500992243939866,0.9325318992720685,0.5,-0.9999916950951412,1.0447972545175048,-0.9999859969734571,0.04622010520449738,-0.03697962860913621,0.00562023829768057,0.0,0.0,1005
kama,kama_10_2_30,adaptive_trend,1d,UNI,2w,14,43,20,23,-0.0792750636723413,0.37109670654237603,-0.8442034616131794,-1.4008244950084017,0.1686120224797338,0.3953488372093023,-0.9999988853635076,0.4472147876513815,-0.9999973864101879,-0.09743472924624412,-0.0634840501298171,-0.07827506367234131,0.0,0.0,1005
kama,kama_10_2_30_wide,adaptive_trend,1d,UNI,3d,3,92,48,44,-0.03407228644838759,0.17206719223400088,-1.144617868214452,-1.8993155324845106,0.06069059221954505,0.5,-1.0002220666105006,0.36738561084432503,-1.000013716797868,-0.040173713056154525,-0.027416184694460013,-0.03307228644838759,0.0,0.0,1005
kama,kama_10_2_30_wide,adaptive_trend,1d,UNI,1w,7,64,37,27,0.12011742667190499,0.7571312821665728,0.7648710399986298,1.2691846658685915,0.20904409201013466,0.515625,-0.9998873361541738,2.4811563265926835,-0.9978970120488823,0.1869671306863104,0.028508573022534563,0.121117426671905,0.0,0.0,1005
kama,kama_10_2_30_wide,adaptive_trend,1d,UNI,2w,14,46,24,22,0.00407872813904682,0.49059717224453836,0.033981460110639135,0.05638695393190159,0.9552831760536369,0.391304347826087,-0.999988469932655,1.032021393949763,-0.9999637871039389,0.009642020979822983,-0.001990318596345353,0.005078728139046812,0.0,0.0,1005
kama,kama_20_2_30,adaptive_trend,1d,UNI,3d,3,65,35,30,-0.03464211938808176,0.20545411820354675,-0.8192372345881271,-1.359396919838544,0.17879154101125688,0.47692307692307695,-1.0002324830397664,0.4660182696843131,-1.0000369089457772,-0.055406539934632675,-0.010416962083772375,-0.033642119388081766,0.0,0.0,1005
kama,kama_20_2_30,adaptive_trend,1d,UNI,1w,7,51,29,22,-0.013487027221370731,0.3747890571109297,-0.15487375256197639,-0.2569889322748303,0.798241923379323,0.5098039215686274,-0.9999844512077352,0.873213721083232,-0.9999730516877596,0.00242199772151135,-0.03445801464607894,-0.012487027221370739,0.0,0.0,1005
kama,kama_20_2_30,adaptive_trend,1d,UNI,2w,14,38,24,14,-0.057170179357053236,0.37582792240262425,-0.565113537603481,-0.9377181235707092,0.3544703720582776,0.39473684210526316,-0.9999861007318525,0.5626592645858681,-0.9999786172734313,-0.03313082254255927,-0.09838050532475716,-0.05617017935705325,0.0,0.0,1005
kama,kama_10_3_50,adaptive_trend,1d,UNI,3d,3,51,24,27,-0.044743162540520194,0.21404520603201377,-0.8996418743019263,-1.4928159283417626,0.1417690183218968,0.4117647058823529,-1.0002381445363226,0.36619918130635315,-1.0000466117568745,-0.07405093110946369,-0.018691812701459316,-0.0437431625405202,0.0,0.0,1005
kama,kama_10_3_50,adaptive_trend,1d,UNI,1w,7,37,16,21,-0.0732036207402045,0.334657573836625,-0.8018556016622681,-1.330554800286866,0.19170268146097397,0.3783783783783784,-0.9999715232700228,0.4172068147529977,-0.9999784166731094,-0.0826392223547198,-0.06601459093866904,-0.07220362074020449,0.0,0.0,1005
kama,kama_5_2_30_tight,adaptive_trend,1d,UNI,3d,3,122,60,62,-0.024014914297019584,0.165551215882221,-0.9655882738496052,-1.6022437334202595,0.11170914764888257,0.4426229508196721,-1.000316938703593,0.4476083142390865,-1.0000229678544958,-0.01086862103331094,-0.036737133584479574,-0.02301491429701959,0.0,0.0,1005
kama,kama_5_2_30_tight,adaptive_trend,1d,UNI,1w,7,81,33,48,0.06894936531278512,0.6090041687130023,0.6140672250220028,1.0189491627396432,0.31129872771417627,0.5061728395061729,-0.9995042238550753,2.1273652523667472,-0.9989894866267174,0.17026356393290193,-0.0007041462385451979,0.06994936531278512,0.0,0.0,1005
kama,kama_5_2_30_tight,adaptive_trend,1d,UNI,2w,14,47,19,28,-0.022795732082521065,0.39772103605713055,-0.2368030612156475,-0.39293789202187546,0.69618047785538,0.40425531914893614,-0.9983865971856447,0.7945740327837367,-0.9982039668155953,0.09353915759334923,-0.10173726436257594,-0.021795732082521082,0.0,0.0,1005
kama,kama_10_2_30,adaptive_trend,1d,ATOM,3d,3,113,60,53,-0.005786790576885098,0.05949532104804247,-0.5540740772823097,-1.0339372329863479,0.3033928836335288,0.46017699115044247,-0.6998700393460119,0.7867078515776744,-0.5757061448028541,-0.011022876610584105,0.00014085398956660948,-0.004786790576885097,0.0,0.0,1271
kama,kama_10_2_30,adaptive_trend,1d,ATOM,1w,7,78,41,37,-0.022175587018384395,0.08081661612216061,-1.2986598719222948,-2.423381366534493,0.017724386072075934,0.38461538461538464,-0.8669472531689275,0.5228439651505788,-0.8664800068882366,-0.03502077461112353,-0.007941730496700487,-0.021175587018384394,0.0,0.0,1271
kama,kama_10_2_30,adaptive_trend,1d,ATOM,2w,14,55,32,23,0.011507485803014278,0.16002509115413177,0.2857902222746289,0.5333026101537442,0.5960123942085254,0.509090909090909,-0.6226754069387483,1.2091336919825524,-0.042716137544089205,-0.007305191865193607,0.037681646037042646,0.01250748580301428,0.0,0.0,1271
kama,kama_10_2_30_wide,adaptive_trend,1d,ATOM,3d,3,126,60,66,-0.0013237752037405153,0.05902214512125354,-0.13491436131789547,-0.25175872171343483,0.8016410132695749,0.48412698412698413,-0.5288429241849475,0.9433468033353737,-0.31846713776000646,-0.0038728281316671646,0.0009935456398291658,-0.00032377520374051447,0.0,0.0,1271
kama,kama_10_2_30_wide,adaptive_trend,1d,ATOM,1w,7,83,43,40,-0.00918299744675484,0.09514694760320717,-0.47119677179304403,-0.8792829449979291,0.38181735437944786,0.42168674698795183,-0.7348016239986226,0.7765890031559808,-0.6754395044618415,-0.02300853874822392,0.0056794594523244205,-0.008182997446754839,0.0,0.0,1271
kama,kama_10_2_30_wide,adaptive_trend,1d,ATOM,2w,14,58,32,26,-0.012216048587911827,0.1525847528916628,-0.3267437329679327,-0.6097244484303193,0.5444673990005864,0.43103448275862066,-0.7618574169673256,0.810773663279574,-0.7534684142865496,-0.030027255006981213,0.009705436235558187,-0.011216048587911826,0.0,0.0,1271
kama,kama_20_2_30,adaptive_trend,1d,ATOM,3d,3,86,51,35,-0.0017526483026286109,0.06740004435648737,-0.12922825405723565,-0.241148086333439,0.8100210949474034,0.45348837209302323,-0.4765882361123297,0.9306333282654125,-0.28442276635476016,-0.009536680484188867,0.009589798590502047,-0.00075264830262861,0.0,0.0,1271
kama,kama_20_2_30,adaptive_trend,1d,ATOM,1w,7,59,34,25,0.011264365453568681,0.09298350437039793,0.49865535228841745,0.9305223909549973,0.3559576882301055,0.5254237288135594,-0.37867108092160173,1.3499518258657819,0.5191171226383511,-0.008565533264368186,0.03823302770996282,0.012264365453568682,0.0,0.0,1271
kama,kama_20_2_30,adaptive_trend,1d,ATOM,2w,14,43,29,14,0.033960943597407756,0.1633619519937773,0.7305277522727209,1.3632109383448838,0.18007969319581307,0.4883720930232558,-0.4564501452294075,1.7697911344286312,1.5680275100213814,0.014226196588433696,0.07484006240171118,0.034960943597407756,0.0,0.0,1271
kama,kama_10_3_50,adaptive_trend,1d,ATOM,3d,3,79,38,41,0.0023981969977852112,0.06341974111766428,0.18011405037577624,0.3361041970794245,0.7376947773569124,0.5316455696202531,-0.39195651008237553,1.106372258333862,0.03420903127014774,-0.007248480020187003,0.011339019599808238,0.003398196997785212,0.0,0.0,1271
kama,kama_10_3_50,adaptive_trend,1d,ATOM,1w,7,55,31,24,-0.0035277837087074426,0.10832012302410862,-0.1294338315263756,-0.24153170687863665,0.8100578824108974,0.43636363636363634,-0.6477084926924703,0.9205095557821055,-0.38791897074639214,-0.026925730874426117,0.02669456471367918,-0.0025277837087074417,0.0,0.0,1271
kama,kama_10_3_50,adaptive_trend,1d,ATOM,2w,14,40,22,18,0.04579724252904492,0.1673974330753611,0.927244334078656,1.7302965079722992,0.09148446383903118,0.5,-0.44751963787239246,2.037930815616034,2.6984503785667378,0.016795552529300862,0.0812437525287321,0.04679724252904492,0.0,0.0,1271
kama,kama_5_2_30_tight,adaptive_trend,1d,ATOM,3d,3,163,75,88,-0.005460853665273328,0.0664709280411089,-0.5620775711402552,-1.0488722581625771,0.29579917118525023,0.5276073619631901,-0.8096175140210717,0.8055284187622507,-0.7184654952284342,-0.007751007509091846,-0.003509018002927999,-0.004460853665273327,0.0,0.0,1271
kama,kama_5_2_30_tight,adaptive_trend,1d,ATOM,1w,7,101,49,52,-0.0126774814429831,0.1018643189205724,-0.6702629931101736,-1.250753090396576,0.21394313072155674,0.4752475247524752,-0.8572683087750324,0.7096873000850736,-0.8382168922452554,-0.02963372118019232,0.003300513694002508,-0.011677481442983098,0.0,0.0,1271
kama,kama_5_2_30_tight,adaptive_trend,1d,ATOM,2w,14,65,32,33,0.020875739069357222,0.1522323174670648,0.5924685973450102,1.1055838330766832,0.2730455009945975,0.5076923076923077,-0.6037090874391364,1.4414285444390564,0.9321452871643121,-0.008258096074445092,0.0491267307239534,0.021875739069357223,0.0,0.0,1271
kama,kama_10_2_30,adaptive_trend,1d,FTM,3d,3,89,44,45,0.008975434100131473,0.11443027738881176,0.4250875484603091,0.7399621663500104,0.46129251596482324,0.5168539325842697,-0.4221109912552845,1.232584419708729,0.2695335205848035,0.011249371068602977,0.006752029064292669,0.009975434100131474,0.0,0.0,1106
kama,kama_10_2_30,adaptive_trend,1d,FTM,1w,7,61,29,32,-0.023811506557346096,0.17145662430886283,-0.6231123965571191,-1.0846697356956438,0.2824071289582028,0.4262295081967213,-0.9178025593713695,0.7009713854178344,-0.922668827091613,-0.043015610198901336,-0.006407787632186652,-0.022811506557346088,0.0,0.0,1106
kama,kama_10_2_30,adaptive_trend,1d,FTM,2w,14,42,19,23,-0.05261919979023625,0.25343846432524036,-0.7729746028582759,-1.345539204185734,0.1858456671914509,0.40476190476190477,-0.9844114524895301,0.5973136183372044,-0.9803145915127307,-0.08592578664388069,-0.025105062824182182,-0.051619199790236256,0.0,0.0,1106
kama,kama_10_2_30_wide,adaptive_trend,1d,FTM,3d,3,94,47,47,0.013918368157254009,0.10725504990940246,0.7227754057022138,1.2581560126263147,0.21148499796039466,0.5531914893617021,-0.3945219991738801,1.410505163105751,1.1877950121286158,0.017718955304039392,0.010117781010468617,0.014918368157254003,0.0,0.0,1106
kama,kama_10_2_30_wide,adaptive_trend,1d,FTM,1w,7,63,32,31,-0.00686629406532459,0.1676353748775066,-0.18676516362763051,-0.3251075115636313,0.7461942425410135,0.5396825396825397,-0.8928656228748473,0.8952136544081608,-0.7802494678603424,-0.0313376608606915,0.018394471658925125,-0.005866294065324589,0.0,0.0,1106
kama,kama_10_2_30_wide,adaptive_trend,1d,FTM,2w,14,45,19,26,0.006770196871734551,0.24789482434396723,0.1052468154728556,0.18320616978976426,0.8554778757522774,0.5111111111111111,-0.8685553430271249,1.06959439563525,-0.7348139637076815,-0.0019589570230140567,0.013149193948666225,0.0077701968717345474,0.0,0.0,1106
kama,kama_20_2_30,adaptive_trend,1d,FTM,3d,3,58,32,26,0.0035431438316501085,0.09426928295308618,0.16443771922857192,0.28624148458535725,0.7757309691689345,0.5862068965517241,-0.5473666848043681,1.0979765456731347,-0.053656451380319714,-0.004028715613901519,0.012862355456944419,0.004543143831650109,0.0,0.0,1106
kama,kama_20_2_30,adaptive_trend,1d,FTM,1w,7,45,25,20,-0.05378812384341519,0.13333061972994845,-1.5546463946335152,-2.706217856175717,0.009648064379145019,0.4222222222222222,-0.9436760670587897,0.3754756068113235,-0.9469909858977669,-0.04975715329524178,-0.05882683702863194,-0.0527881238434152,0.0,0.0,1106
kama,kama_20_2_30,adaptive_trend,1d,FTM,2w,14,33,18,15,-0.028196656104409898,0.22796307466402277,-0.40818678495708316,-0.7105425194558272,0.48251458789339974,0.42424242424242425,-0.884849506024871,0.7304039283312941,-0.8545865475992045,-0.026157568825542408,-0.030643560839050888,-0.027196656104409894,0.0,0.0,1106
kama,kama_10_3_50,adaptive_trend,1d,FTM,3d,3,58,27,31,0.0157318394384741,0.11099344955126385,0.6201046982681607,1.0794341484626466,0.2849407582590592,0.6379310344827587,-0.40169659653069856,1.4574265540363276,0.7595371100946007,0.01717417347877312,0.014475613016278182,0.016731839438474103,0.0,0.0,1106
kama,kama_10_3_50,adaptive_trend,1d,FTM,1w,7,41,19,22,0.010946240260947829,0.14816222168229973,0.27176172579799995,0.4730634808779441,0.6387393096287167,0.5853658536585366,-0.5968440718503887,1.1987945674900966,-0.0012323789457518997,0.00933961309589751,0.012333781903491286,0.01194624026094783,0.0,0.0,1106
kama,kama_10_3_50,adaptive_trend,1d,FTM,2w,14,32,19,13,0.10571423843871729,0.31275155910924024,1.0984438458438648,1.9120929105745275,0.06514453203179961,0.59375,-0.698731626495618,2.5014551709083506,6.828824832261732,0.06208629934617477,0.16947814942012557,0.10671423843871729,0.0,0.0,1106
kama,kama_5_2_30_tight,adaptive_trend,1d,FTM,3d,3,123,64,59,0.004968810713488916,0.10624901336800739,0.2979538292258716,0.5186568313864479,0.6049395463500866,0.5447154471544715,-0.6822360579810687,1.1268283872668665,-0.07198225884886722,-0.005962414251228041,0.016826410675215793,0.005968810713488919,0.0,0.0,1106
kama,kama_5_2_30_tight,adaptive_trend,1d,FTM,1w,7,82,43,39,-0.0034826967889908366,0.16590119607052614,-0.10920485419388593,-0.19009604204577152,0.8497094693412618,0.47560975609756095,-0.8898407297742472,0.947106784650639,-0.7934779077470103,-0.029123367336576757,0.024787786122450056,-0.0024826967889908357,0.0,0.0,1106
kama,kama_5_2_30_tight,adaptive_trend,1d,FTM,2w,14,55,29,26,0.0144707748866704,0.25372326776777954,0.24298625348158037,0.42297318557259783,0.673994564788189,0.509090909090909,-0.8909626538977892,1.1598989285771575,-0.6784935449639229,0.006457138952308017,0.023409061121151535,0.015470774886670405,0.0,0.0,1106
kama,kama_10_2_30,adaptive_trend,1d,NEAR,3d,3,100,49,51,-0.011879086906941026,0.0766346225670554,-0.9469674289624033,-1.5500940056887222,0.12430994519763204,0.48,-0.838711106951754,0.681278086049323,-0.7764939603271837,-0.011230588721787007,-0.012502153790716458,-0.010879086906941025,0.0,0.0,978
kama,kama_10_2_30,adaptive_trend,1d,NEAR,1w,7,72,35,37,0.011461616726487761,0.1508723678280101,0.39380337006985977,0.6446179928639791,0.5212521166125146,0.5,-0.7935942557336867,1.2507082384152224,0.10182271752955008,0.0043769670565914996,0.018163312360173416,0.012461616726487762,0.0,0.0,978
kama,kama_10_2_30,adaptive_trend,1d,NEAR,2w,14,47,25,22,0.0194008718628375,0.20045964378742934,0.40534071272751154,0.6635035058692135,0.5103198825421306,0.574468085106383,-0.7712988009309385,1.282595284695832,-0.08178637901306651,0.01324915015663088,0.026391464710799572,0.0204008718628375,0.0,0.0,978
kama,kama_10_2_30_wide,adaptive_trend,1d,NEAR,3d,3,101,50,51,-0.0001673655232564543,0.08564610746579289,-0.01199764650563639,-0.0196389858425612,0.9843704956796171,0.49504950495049505,-0.544783231295153,0.9948853552360705,-0.3118507889810598,0.005802652472711762,-0.006020324342833137,0.0008326344767435466,0.0,0.0,978
kama,kama_10_2_30_wide,adaptive_trend,1d,NEAR,1w,7,71,36,35,0.015101297788957687,0.1500287663109349,0.5181385588285838,0.848142660024127,0.39924942761071897,0.5352112676056338,-0.7756343558036578,1.3464485188321735,0.4356928753175566,0.014650164005852609,0.015565321108722907,0.016101297788957688,0.0,0.0,978
kama,kama_10_2_30_wide,adaptive_trend,1d,NEAR,2w,14,48,26,22,0.04215174892241235,0.20972644812987892,0.8506678518285127,1.392460920642532,0.17033604340751485,0.5833333333333334,-0.6579034596727558,1.7099286257315973,1.7269839984419093,0.051423722885150264,0.031193961511903904,0.04315174892241235,0.0,0.0,978
kama,kama_20_2_30,adaptive_trend,1d,NEAR,3d,3,76,43,33,-0.0007283470066251074,0.08334852547984259,-0.046539768593920235,-0.07618109569261665,0.9394778746221616,0.5,-0.4471535909708215,0.9782791292273336,-0.2725620594955779,-0.008573171303389018,0.009493696774006655,0.00027165299337489346,0.0,0.0,978
kama,kama_20_2_30,adaptive_trend,1d,NEAR,1w,7,53,32,21,-0.008603769608957791,0.1296221819870336,-0.2952054589099314,-0.4832227575179259,0.6309660309224232,0.49056603773584906,-0.7270910933595849,0.8403170301885694,-0.5994095233529826,-0.029112187481402613,0.02264715286333908,-0.00760376960895779,0.0,0.0,978
kama,kama_20_2_30,adaptive_trend,1d,NEAR,2w,14,39,23,16,0.05692357164366967,0.1899221438279672,1.1434728207444727,1.8717543084307644,0.06895298350952449,0.5384615384615384,-0.33556192847054855,2.2057223177485343,3.7003246344483687,0.01723267036401572,0.11397924223317224,0.05792357164366967,0.0,0.0,978
kama,kama_10_3_50,adaptive_trend,1d,NEAR,3d,3,66,29,37,-0.00430976571454361,0.08371851632247833,-0.2554942387108638,-0.4182193344787545,0.6771652832741432,0.4696969696969697,-0.5984341780197047,0.8764808276376831,-0.40037570138753464,0.006879379816966491,-0.013079636536538014,-0.0033097657145436093,0.0,0.0,978
kama,kama_10_3_50,adaptive_trend,1d,NEAR,1w,7,46,21,25,0.00808131000285645,0.11374148886513613,0.29438710224631714,0.48188318688435744,0.6322243862265291,0.5434782608695652,-0.6607218106932597,1.2095124799824257,0.08931066622841333,0.002552202462382234,0.012725760336854791,0.009081310002856452,0.0,0.0,978
kama,kama_10_3_50,adaptive_trend,1d,NEAR,2w,14,31,14,17,0.061243087411893736,0.17156020375972042,1.2142227754983834,1.9875651350892376,0.05605507200641344,0.6451612903225806,-0.40953940627175667,2.5335042197897857,3.21798091165651,0.07915782840741072,0.04648977129793854,0.06224308741189372,0.0,0.0,978
kama,kama_5_2_30_tight,adaptive_trend,1d,NEAR,3d,3,124,67,57,-0.0004409375490692557,0.07763611905005076,-0.0386367967989968,-0.06324469594773777,0.9496743174802649,0.5161290322580645,-0.5627653097393484,0.9852008482949051,-0.34175405835740347,-0.0013762346236296,0.0006584467315543071,0.0005590624509307453,0.0,0.0,978
kama,kama_5_2_30_tight,adaptive_trend,1d,NEAR,1w,7,83,43,40,0.028003757311631645,0.14487647244663382,1.0758073160183748,1.7609924278634963,0.08196772498462357,0.5060240963855421,-0.5731632355284996,1.7697589993425815,3.7108998358290997,0.025347257360474138,0.03085949475912596,0.029003757311631646,0.0,0.0,978
kama,kama_5_2_30_tight,adaptive_trend,1d,NEAR,2w,14,52,28,24,0.016773541037404114,0.20953836646842042,0.35264674397532375,0.5772485803030692,0.5663112031783544,0.5192307692307693,-0.7598602555628993,1.221716981846861,-0.24516239794732164,0.007623791518995833,0.027448248808880443,0.01777354103740412,0.0,0.0,978
kama,kama_10_2_30,adaptive_trend,1d,OP,3d,3,75,45,30,-0.010458799949980287,0.09745654451616492,-0.6612722209291702,-0.9293974555274715,0.3557050358780167,0.4,-0.869274300677031,0.7444592186554151,-0.6743510275850335,-0.02641613373493607,0.013477200727453382,-0.009458799949980286,0.0,0.0,721
kama,kama_10_2_30,adaptive_trend,1d,OP,1w,7,54,29,25,-0.013868497123784814,0.15452337153375018,-0.46925715705201887,-0.6595262797209134,0.5124136297080634,0.42592592592592593,-0.9048559955585531,0.7688748719305947,-0.7422847165759099,-0.059523716023659363,0.039091556800069656,-0.012868497123784814,0.0,0.0,721
kama,kama_10_2_30,adaptive_trend,1d,OP,2w,14,36,18,18,0.030857847652019044,0.1958284621567211,0.6726975832102573,0.9454554454088573,0.3509081613107412,0.5555555555555556,-0.7049650023210581,1.5257778144827427,0.5621659943622253,-0.04500473690220259,0.10672043220624067,0.031857847652019045,0.0,0.0,721
kama,kama_10_2_30_wide,adaptive_trend,1d,OP,3d,3,77,48,29,-0.0152041491814631,0.09791554489580474,-0.9694705917303582,-1.3625606409064888,0.17704518568511735,0.4155844155844156,-0.8948038798058676,0.6472920806794151,-0.7837733094272128,-0.026674130452016487,0.003780647404280451,-0.014204149181463097,0.0,0.0,721
kama,kama_10_2_30_wide,adaptive_trend,1d,OP,1w,7,56,32,24,-0.012333160527026057,0.15660255353952546,-0.41932268529985356,-0.5893449390857957,0.5580430760764072,0.42857142857142855,-0.8965377880829688,0.7997901201144711,-0.7373799859267198,-0.04942948312937277,0.037128602942769574,-0.011333160527026053,0.0,0.0,721
kama,kama_10_2_30_wide,adaptive_trend,1d,OP,2w,14,37,21,16,-0.010802595954158067,0.18744857047688177,-0.24941677635141898,-0.35054749008079455,0.7279708270310621,0.4594594594594595,-0.8386021548499035,0.8603059175686845,-0.6508773790507962,-0.06936741596587889,0.0660637303112255,-0.009802595954158066,0.0,0.0,721
kama,kama_20_2_30,adaptive_trend,1d,OP,3d,3,54,32,22,-0.01190737132812746,0.0818801649411581,-0.7603488057135734,-1.0686465013615611,0.2900722049729436,0.46296296296296297,-0.6803978381275929,0.6912854932180755,-0.5629229421560618,-0.03066090574076428,0.015370496908435187,-0.010907371328127458,0.0,0.0,721
kama,kama_20_2_30,adaptive_trend,1d,OP,1w,7,38,22,16,-0.020913255182262266,0.12020049909471033,-0.763107925284509,-1.0725243577534724,0.2904303536639446,0.39473684210526316,-0.7113164271129586,0.6388188861117672,-0.6606351325386242,-0.06428389884955056,0.03872137986025914,-0.019913255182262266,0.0,0.0,721
kama,kama_10_3_50,adaptive_trend,1d,OP,3d,3,53,24,29,-0.009680801701831783,0.10429872958555331,-0.48078293067092936,-0.675725394601846,0.5022091806804352,0.39622641509433965,-0.7461972853905297,0.7717255947917177,-0.5408655221533984,-0.03263261459798177,0.009313802074292344,-0.008680801701831782,0.0,0.0,721
kama,kama_10_3_50,adaptive_trend,1d,OP,1w,7,37,18,19,-0.024570514074072222,0.1463937248675185,-0.7263926544144957,-1.0209221911334305,0.31410334171886806,0.32432432432432434,-0.8065521817384373,0.5943025638220735,-0.7169462879177826,-0.07466392714305507,0.022886403570227327,-0.02357051407407222,0.0,0.0,721
kama,kama_5_2_30_tight,adaptive_trend,1d,OP,3d,3,87,52,35,-0.010793893597525242,0.0936280193996819,-0.7650868232274013,-1.0753056370128498,0.2852454727826149,0.41379310344827586,-0.8215181185007224,0.7253362308994505,-0.7295092552869963,-0.027210380302009778,0.01359631522056607,-0.00979389359752524,0.0,0.0,721
kama,kama_5_2_30_tight,adaptive_trend,1d,OP,1w,7,57,31,26,-0.012042091290414477,0.13941620913814823,-0.46398599640261273,-0.6521178280421918,0.5169929696575167,0.43859649122807015,-0.84440545825505,0.801777079682512,-0.7204387935861474,-0.04674708178749288,0.029336935840717466,-0.011042091290414476,0.0,0.0,721
kama,kama_5_2_30_tight,adaptive_trend,1d,OP,2w,14,37,20,17,0.008153544578052913,0.1856981733337922,0.1900283861993405,0.2670789623727079,0.790932447218743,0.5405405405405406,-0.6877483449048163,1.1153505430219413,-0.29906537314350057,-0.045847383882325496,0.07168404864908634,0.009153544578052914,0.0,0.0,721
kama,kama_10_2_30,adaptive_trend,1d,ARB,3d,3,88,40,48,0.06933407475400838,0.5001495902828395,0.6869588190761455,1.30043348325076,0.19688678452880015,0.5113636363636364,-0.7732294752508982,2.931322995719996,3.689900634098662,0.036330002831764574,0.09683746802254489,0.07033407475400838,0.0,0.0,1308
kama,kama_10_2_30,adaptive_trend,1d,ARB,1w,7,64,34,30,53.55798396095088,422.0747676883907,0.5362500898747207,1.0151373749115782,0.31392318272217384,0.5,-1.000610072136203,771.7778446332728,-574.4407184804087,100.64951853342055,0.187578112151879,53.55898396095087,0.0,0.0,1308
kama,kama_10_2_30,adaptive_trend,1d,ARB,2w,14,46,26,20,67.93419259726532,459.9594949116864,0.5291640184691657,1.0017232309125503,0.321833600793908,0.5434782608695652,-1.0020901539809648,778.8800101440056,-6.259940986729918,120.10325100343911,0.11441666923944435,67.93519259726533,0.0,0.0,1308
kama,kama_10_2_30_wide,adaptive_trend,1d,ARB,3d,3,92,42,50,0.10565604437215385,0.6009734009106399,0.8907904872974182,1.686292895694552,0.09516514482865304,0.532608695652174,-0.7732294752508982,4.104399471497956,24.06923796655662,0.11546938069571414,0.09741284186036316,0.10665604437215383,0.0,0.0,1308
kama,kama_10_2_30_wide,adaptive_trend,1d,ARB,1w,7,67,34,33,51.773071629021494,412.53896117919754,0.542648894777103,1.027250502972206,0.30805270153257136,0.5074626865671642,-0.8116756445864477,954.2552701647152,1242762.7933793897,101.8656343102231,0.1625525029349917,51.774071629021506,0.0,0.0,1308
kama,kama_10_2_30_wide,adaptive_trend,1d,ARB,2w,14,47,25,22,66.45316178901183,455.0456289835097,0.5288739685248454,1.0011741577382418,0.3219802770330008,0.5106382978723404,-1.0007901885533337,747.7547678294661,-2.6446498370430795,124.89737170791754,0.03928688116446998,66.45416178901185,0.0,0.0,1308
kama,kama_20_2_30,adaptive_trend,1d,ARB,3d,3,68,36,32,36.26696793567996,297.5161127590315,0.5310039771127856,1.005206327368285,0.31841414053259137,0.5588235294117647,-0.9029046357358508,851.6936463614777,26298.79494769431,0.20424716147514665,76.83752880666039,36.267967935679984,0.0,0.0,1308
kama,kama_20_2_30,adaptive_trend,1d,ARB,1w,7,53,30,23,0.06727017428891316,0.5432727677948525,0.4761953079317744,0.9014518859139123,0.3715045253245569,0.49056603773584906,-1.0005756052109684,1.8465235234884487,-1.0010857535925242,0.07701083236536382,0.05456496810223839,0.06827017428891313,0.0,0.0,1308
kama,kama_20_2_30,adaptive_trend,1d,ARB,2w,14,39,26,13,0.03693479137700901,0.4916374649413403,0.2478366575882232,0.4691621665737061,0.6416344983518457,0.5128205128205128,-1.0003144292605075,1.3111094162686752,-1.0002811902490483,-0.014241201943679081,0.13928677801838524,0.037934791377009,0.0,0.0,1308
kama,kama_10_3_50,adaptive_trend,1d,ARB,3d,3,60,30,30,45.99331836796827,354.7139086374054,0.5305602536232763,1.0043663456007625,0.3193035796850073,0.5166666666666667,-0.5381536898235049,1612.423522134907,83231.01373170687,91.92013709043212,0.06649964550445396,45.99431836796828,0.0,0.0,1308
kama,kama_10_3_50,adaptive_trend,1d,ARB,1w,7,45,23,22,62.14998075868796,417.0657754048169,0.5280624212950067,0.9996378746866016,0.32295178486036213,0.4,-0.7543909719261325,1152.8492403500536,433.5411883030626,121.64539693364904,-0.04977251513493659,62.15098075868798,0.0,0.0,1308
kama,kama_10_3_50,adaptive_trend,1d,ARB,2w,14,35,20,15,75.92851550340217,449.09846770858354,0.5283721497559817,1.000224199878422,0.3242677990964346,0.4,-1.0006145276712883,874.7934456951546,-2.443016486428935,132.83724152004976,0.05021414787202448,75.92951550340219,0.0,0.0,1308
kama,kama_5_2_30_tight,adaptive_trend,1d,ARB,3d,3,105,45,60,0.034501369494266694,0.3913599134546453,0.47719645059792987,0.903347078767438,0.3684293480051618,0.49523809523809526,-0.7865419396655171,2.2191860550058826,0.6862339944037492,0.0066264098683635735,0.055407589213694056,0.035501369494266695,0.0,0.0,1308
kama,kama_5_2_30_tight,adaptive_trend,1d,ARB,1w,7,70,34,36,48.93588774599408,403.5927661881687,0.5358900308703707,1.0144557725036891,0.31390942664745747,0.45714285714285713,-1.000717881143967,809.1348964887393,-263.834863726892,100.58467135348226,0.15648100558859668,48.93688774599409,0.0,0.0,1308
kama,kama_5_2_30_tight,adaptive_trend,1d,ARB,2w,14,49,23,26,63.730620940303886,445.6641911918774,0.5287872925509192,1.0010100775407733,0.3218416923824766,0.5102040816326531,-1.000581049033884,650.2047827748295,-1.8071213484724513,135.7603830000155,0.011985272097471146,63.73162094030389,0.0,0.0,1308
kama,kama_10_2_30,adaptive_trend,1d,SUI,3d,3,37,19,18,-0.03579854659518593,0.280546773294716,-0.7314531257343757,-0.7761773743146209,0.44271405989639667,0.32432432432432434,-0.9697916422812362,0.642268050926002,-0.9512540695544784,-0.11054541382298266,0.043100924367488386,-0.03479854659518594,0.0,0.0,411
kama,kama_10_2_30_wide,adaptive_trend,1d,SUI,3d,3,36,18,18,-0.03647596416019231,0.2826230776736111,-0.7297530698034648,-0.7743733695162032,0.44390992608692253,0.3888888888888889,-0.9679342295815774,0.6486264591262126,-0.9469814374168057,-0.08320635435749568,0.010254426037111063,-0.035475964160192316,0.0,0.0,411
kama,kama_5_2_30_tight,adaptive_trend,1d,SUI,3d,3,49,24,25,-0.04585639974695776,0.30226486813056364,-1.0007736069424458,-1.0619652896282021,0.2935654680982708,0.3877551020408163,-0.9945822424019664,0.5863046934421084,-0.994510818831724,-0.12463432275708297,0.02977040634276245,-0.04485639974695776,0.0,0.0,411
kama,kama_5_2_30_tight,adaptive_trend,1d,SUI,1w,7,33,20,13,0.2246914944709895,1.6461081589681368,0.738942688854365,0.7841248821353038,0.43873292254916524,0.45454545454545453,-0.9104336099361139,3.3211010108100742,-0.6797055877568601,-0.09930897789507606,0.723153759649552,0.22569149447098946,0.0,0.0,411
kama,kama_10_2_30,adaptive_trend,1d,DOGE,3d,3,111,50,61,0.011359928218646023,0.09182462369327869,0.6885262138507703,1.3034006081930316,0.19515950793236808,0.4954954954954955,-0.46139114884946686,1.4551946439849945,1.306068913402159,0.009111517813074024,0.013202887567475527,0.012359928218646019,0.0,0.0,1308
kama,kama_10_2_30,adaptive_trend,1d,DOGE,1w,7,81,42,39,0.020807240579201292,0.15154897565866965,0.6527495078535577,1.2356742392940008,0.22019593230737858,0.5185185185185185,-0.6235496398018896,1.5798072564007952,1.509530121853043,0.021026364669322423,0.020571260789840083,0.021807240579201293,0.0,0.0,1308
kama,kama_10_2_30,adaptive_trend,1d,DOGE,2w,14,59,26,33,0.015124526198688239,0.1713298828824869,0.35819310903067597,0.6780702125341652,0.500423502237214,0.4915254237288136,-0.6274181928872145,1.2549645362448514,-0.0014763808867332973,-0.001619919421546733,0.028317119717661245,0.01612452619868824,0.0,0.0,1308
kama,kama_10_2_30_wide,adaptive_trend,1d,DOGE,3d,3,120,60,60,0.004292197652259366,0.0797146802249377,0.3115835977497046,0.5898370209299819,0.556418219681041,0.5,-0.4848320039657197,1.1650487715667839,0.14704155592430013,0.006220469251144778,0.002363926053373953,0.0052921976522593665,0.0,0.0,1308
kama,kama_10_2_30_wide,adaptive_trend,1d,DOGE,1w,7,85,41,44,0.007243281133862104,0.1260619103530589,0.27983593324751493,0.5297377474550709,0.5976911564645419,0.49411764705882355,-0.5912972746368396,1.184046262576599,-0.012469979505412288,0.006344549269881703,0.00808073582529839,0.008243281133862105,0.0,0.0,1308
kama,kama_10_2_30_wide,adaptive_trend,1d,DOGE,2w,14,58,28,30,0.005304310461801815,0.1778866898179037,0.11996154177348231,0.22709076773251122,0.8211656836221057,0.5172413793103449,-0.8348575089936298,1.0801492241347226,-0.5032610052781799,-0.020661631823939996,0.029539189928494178,0.006304310461801818,0.0,0.0,1308
kama,kama_20_2_30,adaptive_trend,1d,DOGE,3d,3,85,44,41,0.015752928608851895,0.11789268624361776,0.65076841224174,1.2319239663582904,0.2214149256298663,0.43529411764705883,-0.31262011121015076,1.5855081563471882,1.3538374665066484,0.012587966093029158,0.01914947374778361,0.016752928608851893,0.0,0.0,1308
kama,kama_20_2_30,adaptive_trend,1d,DOGE,1w,7,65,38,27,0.0533670620973225,0.21018593012075604,1.0813564942495957,2.047040016669411,0.04476470338432967,0.5076923076923077,-0.5099405580493759,2.625510416338821,10.009145161658648,0.057270948474939715,0.04787270349178713,0.054367062097322484,0.0,0.0,1308
kama,kama_20_2_30,adaptive_trend,1d,DOGE,2w,14,49,27,22,0.026482986302899303,0.24265406873116988,0.403571025477476,0.7639719584742418,0.4486231907692426,0.4489795918367347,-0.5647748159211858,1.4620568088183454,0.29723896549206064,0.04901248985183794,-0.0011668589617072067,0.027482986302899304,0.0,0.0,1308
kama,kama_10_3_50,adaptive_trend,1d,DOGE,3d,3,90,47,43,0.0046911845379912194,0.08560532600963203,0.27462846320203815,0.519879851723751,0.6044380183562155,0.4666666666666667,-0.5530264048283908,1.1630599952792386,0.10622323715618687,0.0026801356293002605,0.00688930776376971,0.00569118453799122,0.0,0.0,1308
kama,kama_10_3_50,adaptive_trend,1d,DOGE,1w,7,62,35,27,0.00610490627804239,0.1993364480940002,0.12738863692007718,0.241150479819635,0.8102472350811386,0.45161290322580644,-0.8484609064500297,1.120230891610836,-0.3922934354218979,0.01760108275628516,-0.008797544712272327,0.007104906278042382,0.0,0.0,1308
kama,kama_10_3_50,adaptive_trend,1d,DOGE,2w,14,45,20,25,0.009512491770106548,0.164135693083721,0.205371453972815,0.3887742726839314,0.6993181542088376,0.5111111111111111,-0.7039462698280063,1.1598170763206006,-0.1573496682971186,0.029515279341320172,-0.006489738286864357,0.01051249177010655,0.0,0.0,1308
kama,kama_5_2_30_tight,adaptive_trend,1d,DOGE,3d,3,157,83,74,0.0053925467507595715,0.08629892275834154,0.4136003815826321,0.7829578279796814,0.43483884969609676,0.4840764331210191,-0.7018308799731814,1.211014422676797,0.3529385043817004,-0.0015740898264991698,0.013206476965793024,0.006392546750759572,0.0,0.0,1308
kama,kama_5_2_30_tight,adaptive_trend,1d,DOGE,1w,7,104,53,51,-0.0021285822978919467,0.12956175559415795,-0.08850602820155712,-0.1675445446608105,0.8672701173038453,0.47115384615384615,-0.8891307978717464,0.9524786544456808,-0.6573457219468132,-0.008324995421857311,0.004310827419170098,-0.0011285822978919459,0.0,0.0,1308
kama,kama_5_2_30_tight,adaptive_trend,1d,DOGE,2w,14,69,37,32,0.045665532981744625,0.18472781710847758,1.0847342128569182,2.0534341384886323,0.043879174881493094,0.6086956521739131,-0.690037611299728,2.0771040147629876,7.111749563457412,0.024488872946720898,0.07015104614724081,0.04666553298174463,0.0,0.0,1308
kama,kama_10_2_30,adaptive_trend,1d,XRP,3d,3,135,63,72,-0.00020417913037854932,0.06013770753330337,-0.020838858494355367,-0.03944857913787173,0.9685914625119204,0.45185185185185184,-0.39361461981878676,0.9907333940344175,-0.2327247663898241,-0.009952835959375865,0.008325895594994102,0.0007958208696214516,0.0,0.0,1308
kama,kama_10_2_30,adaptive_trend,1d,XRP,1w,7,95,53,42,0.014183178035995364,0.10623735130493937,0.6873860005410807,1.3012421504735971,0.19635601679748688,0.5263157894736842,-0.5461322949297309,1.489215133857464,1.338896849529036,0.0012948996977188213,0.030446957843820538,0.015183178035995368,0.0,0.0,1308
kama,kama_10_2_30,adaptive_trend,1d,XRP,2w,14,61,36,25,0.008707265251513413,0.184937635010098,0.1942513084652896,0.36772350638609946,0.714373431290577,0.45901639344262296,-0.743725488436906,1.171768506498119,-0.25356265988841675,0.010502731824761287,0.006121793386036471,0.009707265251513414,0.0,0.0,1308
kama,kama_10_2_30_wide,adaptive_trend,1d,XRP,3d,3,144,60,84,0.000785156712480794,0.060359297836300424,0.08245860346781614,0.15609658971385773,0.8761770330593379,0.4791666666666667,-0.4184690994040815,1.0365037342578054,-0.13407361616125535,-0.007046367044117787,0.006379102252908352,0.001785156712480795,0.0,0.0,1308
kama,kama_10_2_30_wide,adaptive_trend,1d,XRP,1w,7,100,49,51,0.010405008458081788,0.10375798704417555,0.5297408452765008,1.002815181220873,0.31839485110391447,0.53,-0.558300145155632,1.3535551853367238,0.7179339728709033,0.0018703008129297262,0.018605021685776903,0.011405008458081789,0.0,0.0,1308
kama,kama_10_2_30_wide,adaptive_trend,1d,XRP,2w,14,63,32,31,-0.0003826089472609975,0.19289882000884162,-0.008316457753129192,-0.015743301962050805,0.987489733933888,0.4444444444444444,-0.804735882507259,0.9936278388131148,-0.6326291767551144,0.009993100482556666,-0.011093018681266317,0.0006173910527390034,0.0,0.0,1308
kama,kama_20_2_30,adaptive_trend,1d,XRP,3d,3,98,46,52,-0.00244761523194332,0.056441179132268024,-0.22677891186890298,-0.42929922740653453,0.6686575091868953,0.42857142857142855,-0.4945518586987817,0.8888493045505353,-0.32653235022994576,-0.008566382488363925,0.002965140417967215,-0.0014476152319433191,0.0,0.0,1308
kama,kama_20_2_30,adaptive_trend,1d,XRP,1w,7,71,35,36,0.0010775976074899815,0.11874031956690194,0.04039523506279318,0.07646938183294298,0.9392638142174548,0.43661971830985913,-0.6201018406531849,1.0279118830454026,-0.3408109003951799,-0.011973703716591946,0.013766362783680744,0.0020775976074899824,0.0,0.0,1308
kama,kama_20_2_30,adaptive_trend,1d,XRP,2w,14,49,25,24,0.052787035168496775,0.22261826341733967,0.876813200989885,1.659833476855235,0.1034682377199789,0.4897959183673469,-0.4796278251076811,2.4528939828407705,4.590337232033059,0.07441607975797244,0.030256780387792958,0.053787035168496776,0.0,0.0,1308
kama,kama_10_3_50,adaptive_trend,1d,XRP,3d,3,94,50,44,-0.0037895377882634475,0.054329690607767295,-0.3572362298074197,-0.6762588116949957,0.5005547201514675,0.4574468085106383,-0.5070008504984169,0.8247095329490755,-0.3918807026592437,-0.014857446234064247,0.008787630900146552,-0.0027895377882634466,0.0,0.0,1308
kama,kama_10_3_50,adaptive_trend,1d,XRP,1w,7,66,34,32,0.01121988096208191,0.10370992339244456,0.4642826598423206,0.87890088864956,0.38269259115431314,0.5454545454545454,-0.34517950294059174,1.3905366914418085,0.5136281244629448,0.0014963353141333425,0.021551148213027265,0.012219880962081911,0.0,0.0,1308
kama,kama_10_3_50,adaptive_trend,1d,XRP,2w,14,47,22,25,0.03079994461438174,0.23006108395609742,0.4848397996063793,0.9178161658491448,0.3635025417789831,0.5106382978723404,-0.5952474681148288,1.7114645052764808,0.7090728053462756,0.06611947656060252,-0.00028124349829254934,0.03179994461438174,0.0,0.0,1308
kama,kama_5_2_30_tight,adaptive_trend,1d,XRP,3d,3,177,95,82,-0.005436847219149141,0.06458381385665901,-0.5916333333830238,-1.119979502662535,0.2642485303661821,0.4745762711864407,-0.8200425533495346,0.7843800853180392,-0.7420041397968105,-0.011690860517310895,0.001808655992135817,-0.004436847219149139,0.0,0.0,1308
kama,kama_5_2_30_tight,adaptive_trend,1d,XRP,1w,7,116,67,49,0.005108254794034998,0.10568859955016735,0.2749894059819916,0.5205631271451515,0.6036719537162801,0.5258620689655172,-0.6627304866976675,1.1589554033309297,-0.05801257481073985,0.0009474598677935795,0.010797504999303875,0.006108254794034999,0.0,0.0,1308
kama,kama_5_2_30_tight,adaptive_trend,1d,XRP,2w,14,73,42,31,0.0015665176124792593,0.13166115956146782,0.05370090400051751,0.1016574090089189,0.9193111852548125,0.4383561643835616,-0.6579191114340726,1.033330446904134,-0.3842839227669338,-0.0005943304258996542,0.004494118180605529,0.00256651761247926,0.0,0.0,1308
kama,kama_5_2_30_tight,adaptive_trend,1d,RENDER,3d,3,36,23,13,-0.025582087953106895,0.09875291571524657,-1.7201868014937758,-1.554308818194656,0.1291077495683669,0.25,-0.6801581798902152,0.4552225643961343,-0.6631614683990612,-0.028557600688675782,-0.020317719267100406,-0.024582087953106894,0.0,0.0,298
kama,kama_10_2_30,adaptive_trend,1d,FET,3d,3,79,42,37,0.006030136668067748,0.0973399904757222,0.3800856285963027,0.5506167280973543,0.5834700281797541,0.45569620253164556,-0.73319848116976,1.181499311434782,0.13362926080382898,-0.0031422556767475083,0.016442041491912095,0.007030136668067749,0.0,0.0,766
kama,kama_10_2_30,adaptive_trend,1d,FET,1w,7,56,32,24,0.028587055066323603,0.1912278799866253,0.7722257316211291,1.1186963507884338,0.2681319568831469,0.5,-0.7660668197628431,1.542945235492933,1.0620939859532759,0.0037558626927508033,0.06169531156442066,0.029587055066323593,0.0,0.0,766
kama,kama_10_2_30,adaptive_trend,1d,FET,2w,14,38,23,15,0.06983210121880075,0.28876999836290007,1.0290272729654824,1.4907157428069846,0.1445128667756035,0.5789473684210527,-0.6322903324550306,1.9629892886907132,2.4898906619223617,0.06112449057182223,0.0831837708775011,0.07083210121880075,0.0,0.0,766
kama,kama_10_2_30_wide,adaptive_trend,1d,FET,3d,3,82,45,37,0.017041629226259694,0.1038923355116309,1.0253368746646263,1.485369592137469,0.14132763682426674,0.4878048780487805,-0.5938928178361809,1.5871721817013915,1.6863397330726042,0.011387191045665804,0.0239186486350901,0.018041629226259695,0.0,0.0,766
kama,kama_10_2_30_wide,adaptive_trend,1d,FET,1w,7,59,33,26,0.049506774832450084,0.19360866438991645,1.3558070846827495,1.9641102023674093,0.05431570034592089,0.5423728813559322,-0.5741490775620297,2.1541469581669412,6.164451910317686,0.027694387935523337,0.07719172743239558,0.05050677483245008,0.0,0.0,766
kama,kama_10_2_30_wide,adaptive_trend,1d,FET,2w,14,37,24,13,0.05611702145822101,0.28905063374236706,0.8151801489808888,1.180922909659671,0.24537681546575205,0.5675675675675675,-0.7148115711111336,1.7160354591322577,1.0068654911204407,0.04724319223851795,0.07249947540228821,0.05711702145822101,0.0,0.0,766
kama,kama_20_2_30,adaptive_trend,1d,FET,3d,3,57,29,28,-0.0028164925241606796,0.10668484595515577,-0.13758634813399417,-0.19931652012254045,0.8427371096063123,0.47368421052631576,-0.6023972516218621,0.9289252131777567,-0.38470816202935953,0.005758316071349667,-0.011697544283796395,-0.0018164925241606787,0.0,0.0,766
kama,kama_20_2_30,adaptive_trend,1d,FET,1w,7,39,17,22,-0.00019314959840949932,0.16240344001549226,-0.0051269954998589,-0.007427298678794686,0.9941127838503422,0.46153846153846156,-0.6494542790764842,0.9969843443470423,-0.39523619779320474,-0.008766062226767528,0.006431373796230796,0.0008068504015905015,0.0,0.0,766
kama,kama_10_3_50,adaptive_trend,1d,FET,3d,3,58,27,31,-0.0077274404616957245,0.10193381405559551,-0.39853221897080726,-0.5773396570175368,0.5659835781112268,0.39655172413793105,-0.6111014392638008,0.8092109219406994,-0.5232873873290975,-0.017150707893588708,0.0004799214951142933,-0.006727440461695724,0.0,0.0,766
kama,kama_10_3_50,adaptive_trend,1d,FET,1w,7,38,22,16,0.005820405682513145,0.16374841079636698,0.15125161061849954,0.2191129069146378,0.8277663478898024,0.5263157894736842,-0.5483649928895806,1.0942377182645213,-0.24297527967782162,-0.023103310618861075,0.0455905155969027,0.006820405682513146,0.0,0.0,766
kama,kama_5_2_30_tight,adaptive_trend,1d,FET,3d,3,101,51,50,0.005732955355601257,0.09136317707266825,0.435311460197344,0.6306204546652908,0.5297272906178543,0.49504950495049505,-0.5976216001050125,1.1752103514675656,0.17496421422846264,-0.012342938236360962,0.024170366819402718,0.006732955355601258,0.0,0.0,766
kama,kama_5_2_30_tight,adaptive_trend,1d,FET,1w,7,65,38,27,0.022835443525194586,0.15924743697938187,0.7980419582600514,1.1560954134581805,0.25193963175597495,0.5538461538461539,-0.7579050540194507,1.4567324068199363,1.004656847789422,-0.01896106916442395,0.0816601650883614,0.023835443525194584,0.0,0.0,766
kama,kama_5_2_30_tight,adaptive_trend,1d,FET,2w,14,40,23,17,-0.025838911047863188,0.23256353884767225,-0.48505906198786397,-0.7026880617193837,0.4864235838150098,0.35,-0.9586025496995094,0.7507640830127342,-0.8775729264016227,-0.057818551585927976,0.01742766144481269,-0.024838911047863187,0.0,0.0,766
kama,kama_10_2_30,adaptive_trend,1d,TIA,3d,3,59,31,28,7.390967044318954,56.44232294392889,0.7122019113955176,1.0058249222220224,0.3186777283293708,0.4915254237288136,-0.6212459644316857,145.41249698410317,532.4949243137127,13.950173702417368,0.12898824428142075,7.391967044318951,0.0,0.0,728
kama,kama_10_2_30,adaptive_trend,1d,TIA,1w,7,41,24,17,16431.718193911573,102093.55477023992,0.7297218044330384,1.030567828369625,0.3089349267754969,0.5365853658536586,-0.5252653188210437,390814.9588628218,7651717508365.572,27268.711103187055,1132.4340866991297,16431.719193911576,0.0,0.0,728
kama,kama_10_2_30_wide,adaptive_trend,1d,TIA,3d,3,60,28,32,521.9105132735369,3985.926128250265,0.7181632333181298,1.0142439478708065,0.3146077207677373,0.45,-0.7188953116354873,9097.651499963658,8499032.807989677,1118.2703783160116,0.09563136137159363,521.911513273537,0.0,0.0,728
kama,kama_10_2_30_wide,adaptive_trend,1d,TIA,1w,7,42,21,21,16040.479919941825,100872.69676586302,0.7297080110253945,1.0305483482854685,0.308793897535273,0.5238095238095238,-0.6341111479564592,297462.9850727392,5126212201374.802,31164.232213148254,916.7276267353955,16040.480919941825,0.0,0.0,728
kama,kama_5_2_30_tight,adaptive_trend,1d,TIA,3d,3,77,44,33,0.031945621307491553,0.40693540588367205,0.4877664966213438,0.6888604069671123,0.4930087488960054,0.4155844155844156,-0.7711645079130371,1.577144951292848,-0.07862460685585915,-0.03723774031534415,0.12419010347127248,0.032945621307491554,0.0,0.0,728
kama,kama_5_2_30_tight,adaptive_trend,1d,TIA,1w,7,54,27,27,364.4453564929486,2619.1921271800397,0.7240068696204208,1.0224967690654712,0.3111904496485154,0.5370370370370371,-0.5823099570456627,6525.015055522708,8340134.221530681,15.86094714395076,713.0297658419464,364.44635649294867,0.0,0.0,728
kama,kama_5_2_30_tight,adaptive_trend,1d,TIA,2w,14,31,18,13,244.53218693803754,1361.8422540150927,0.7078982137417265,0.999746917812557,0.3254290944210715,0.41935483870967744,-0.9997011013791045,1760.594263905169,0.32181969092148255,421.1481648712604,-0.013013277194141137,244.5331869380376,0.0,0.0,728
kama,kama_10_2_30,adaptive_trend,1d,INJ,3d,3,107,58,49,0.007126960020982293,0.08218943993868864,0.5479705206490824,0.8969746935044735,0.3717651019193696,0.514018691588785,-0.4845174277698465,1.2408524529801954,0.5020704506664202,0.008857266460928891,0.005078842194106728,0.008126960020982293,0.0,0.0,978
kama,kama_10_2_30,adaptive_trend,1d,INJ,1w,7,70,42,28,0.015107814494479982,0.12175095707684176,0.6342424185474462,1.0381934384175602,0.30280455568687875,0.5142857142857142,-0.4603531461933832,1.3937673032112687,0.7840582186262111,0.017304258813118773,0.011813148016521807,0.016107814494479986,0.0,0.0,978
kama,kama_10_2_30,adaptive_trend,1d,INJ,2w,14,49,34,15,0.039102048395122144,0.25782573636686956,0.6485572028332318,1.0616253544850816,0.2937182422998525,0.5102040816326531,-0.644002593617647,1.5968617312910642,0.920178004713367,0.0444918079964642,0.026885259965413497,0.04010204839512216,0.0,0.0,978
kama,kama_10_2_30_wide,adaptive_trend,1d,INJ,3d,3,109,59,50,0.012110721413985632,0.08643390667127623,0.893667830846879,1.4628477234855226,0.14641318830138617,0.5229357798165137,-0.541152430881793,1.4254246364719019,1.5127777179747075,0.005663116131938971,0.019718895646800693,0.013110721413985631,0.0,0.0,978
kama,kama_10_2_30_wide,adaptive_trend,1d,INJ,1w,7,71,43,28,0.019386424319238146,0.1330000385766768,0.7503296811082727,1.2282170488700528,0.22347918893259505,0.5070422535211268,-0.45366791970439435,1.4813642727970346,1.2337254294757898,0.01417568420513563,0.027388632351609876,0.020386424319238157,0.0,0.0,978
kama,kama_10_2_30_wide,adaptive_trend,1d,INJ,2w,14,48,32,16,0.031192076220828136,0.23389559399130874,0.5644427070798196,0.9239380680260766,0.36023796753659115,0.5208333333333334,-0.6217955066791663,1.5029595240508358,0.5813607904435063,0.029975422617155675,0.03362538342817305,0.03219207622082813,0.0,0.0,978
kama,kama_20_2_30,adaptive_trend,1d,INJ,3d,3,80,38,42,0.009875638764553416,0.0873958431062639,0.6174423550439577,1.010693360869506,0.3152488272131656,0.55,-0.3927607527157768,1.3617418892691477,0.6614861507526524,0.013940613880982123,0.006197804135403627,0.010875638764553417,0.0,0.0,978
kama,kama_20_2_30,adaptive_trend,1d,INJ,1w,7,50,25,25,0.014764962412520108,0.12642036610711097,0.5045187476467375,0.8258483476476973,0.4128931273048877,0.56,-0.3883005245791551,1.4037950012326972,0.4341435934647502,0.0043510100543906385,0.02517891477064958,0.01576496241252011,0.0,0.0,978
kama,kama_20_2_30,adaptive_trend,1d,INJ,2w,14,36,19,17,0.04170178626239386,0.19158194931058523,0.7978629996543773,1.3060244896492375,0.2000630049021325,0.5555555555555556,-0.5564269745745807,1.8171505998381483,1.4583982305992862,0.007996349115655107,0.07937256895580776,0.042701786262393855,0.0,0.0,978
kama,kama_10_3_50,adaptive_trend,1d,INJ,3d,3,75,42,33,0.003561630783239747,0.10293705031172087,0.1830563562910863,0.29964553363883184,0.7652875933312875,0.48,-0.6696978967400107,1.0985121095229913,-0.09308183841168638,-0.0037837618782078732,0.0129103123523549,0.004561630783239748,0.0,0.0,978
kama,kama_10_3_50,adaptive_trend,1d,INJ,1w,7,51,32,19,-0.003208341271775908,0.11304093384465787,-0.12382459446591695,-0.2026888737332435,0.8402007625007721,0.5294117647058824,-0.7508586845941935,0.931085522332215,-0.39695008695422496,-0.02393894675343177,0.031706362697328704,-0.0022083412717759073,0.0,0.0,978
kama,kama_10_3_50,adaptive_trend,1d,INJ,2w,14,35,22,13,0.025695339033686787,0.15959981900846698,0.5818794032875688,0.9524802516788581,0.34757615290012356,0.5142857142857142,-0.5838039350885003,1.5232436124806314,0.5822880045267218,-0.008833121670164727,0.08412811868635858,0.026695339033686788,0.0,0.0,978
kama,kama_5_2_30_tight,adaptive_trend,1d,INJ,3d,3,145,84,61,0.002622869030047898,0.0886678085210175,0.21760638603948973,0.3562005875629658,0.7222116879607745,0.4896551724137931,-0.5482813978932928,1.0820072139212684,-0.15038540780095222,-0.007595143573500041,0.01669357491034342,0.003622869030047899,0.0,0.0,978
kama,kama_5_2_30_tight,adaptive_trend,1d,INJ,1w,7,85,57,28,-0.006488285224352984,0.12879883483809285,-0.28372948293283334,-0.46443769582787514,0.643535712162598,0.4470588235294118,-0.8144237560771642,0.8716671029020374,-0.7234047313046493,-0.021330529837082914,0.023726284165847215,-0.005488285224352986,0.0,0.0,978
kama,kama_5_2_30_tight,adaptive_trend,1d,INJ,2w,14,54,28,26,-0.0100921659318611,0.19410622325989188,-0.2334096501123124,-0.38206900094275786,0.7039379175619067,0.46296296296296297,-0.8892355534558306,0.8753740950933149,-0.8057901125822017,-0.015759169024142778,-0.003989239524788524,-0.0090921659318611,0.0,0.0,978
kama,kama_10_2_30,adaptive_trend,4h,BTC,1d,6,384,208,176,-0.0010607264602200829,0.023093684048776698,-0.6220541365537082,-0.9000689811881042,0.36864911246602977,0.4895833333333333,-0.5498507961287218,0.8834754305044629,-0.3995821866814929,0.00013562109936572696,-0.0024745917579124034,-6.07264602200819e-05,0.0,0.0,4585
kama,kama_10_2_30,adaptive_trend,4h,BTC,3d,18,188,85,103,-0.003952078782356334,0.03797861424718204,-0.9860928076857751,-1.4268075664408373,0.15530288734691505,0.44680851063829785,-0.7583315493366618,0.7617874948312457,-0.5857287871226275,-0.0010558992494995863,-0.006342129853160446,-0.0029520787823563333,0.0,0.0,4585
kama,kama_10_2_30,adaptive_trend,4h,BTC,1w,42,95,50,45,-0.006945297187524299,0.05941326314780291,-0.7874475174355473,-1.1393816761414957,0.2574391552482995,0.42105263157894735,-0.6843513436555022,0.7407373711844684,-0.5630287292045708,-0.005245915661007306,-0.00883349888365429,-0.005945297187524298,0.0,0.0,4585
kama,kama_10_2_30_wide,adaptive_trend,4h,BTC,1d,6,380,203,177,0.0006591915218690069,0.024673392075170584,0.3599373698300737,0.5208042881111985,0.6028072478366489,0.4868421052631579,-0.3604885811957963,1.0747682883296055,0.14581703764824527,-0.0006227266782440809,0.0021294140903602883,0.0016591915218690078,0.0,0.0,4585
kama,kama_10_2_30_wide,adaptive_trend,4h,BTC,3d,18,191,100,91,0.0010226319312691393,0.04546028099710272,0.21486036267855435,0.3108879699847405,0.7562265917654925,0.4397905759162304,-0.34249110682115935,1.0643662421947828,0.0030986217264077354,0.0030630435272872934,-0.0012195786138057554,0.0020226319312691404,0.0,0.0,4585
kama,kama_10_2_30_wide,adaptive_trend,4h,BTC,1w,42,95,56,39,-0.000159236356078666,0.06729477376632158,-0.015939514288580755,-0.023063366262362946,0.9816486156558439,0.4631578947368421,-0.6613811655411583,0.9934437408028131,-0.20341484772808327,0.0007242900658221993,-0.0014278896798337547,0.0008407636439213349,0.0,0.0,4585
kama,kama_20_2_30,adaptive_trend,4h,BTC,1d,6,305,158,147,-0.0008384383914287881,0.022325647459005962,-0.453282967741778,-0.6558688625166579,0.5124045724920239,0.4819672131147541,-0.49366021992458065,0.9033247861813221,-0.28253192284187456,0.00015916118382907412,-0.0019106882750392796,0.00016156160857121277,0.0,0.0,4585
kama,kama_20_2_30,adaptive_trend,4h,BTC,3d,18,163,84,79,0.00326501559119235,0.044573457981006086,0.6463312007571252,0.9351962010871089,0.35107913161043564,0.49079754601226994,-0.35383563870204315,1.224027626343488,0.4549522392435439,0.0030832808447871984,0.003458252536737068,0.004265015591192351,0.0,0.0,4585
kama,kama_20_2_30,adaptive_trend,4h,BTC,1w,42,89,43,46,-0.0007777969064009622,0.05942349285538451,-0.08534054786024943,-0.12348182489736942,0.9020071633903304,0.4606741573033708,-0.538466437437386,0.9661242609853091,-0.19917384882917777,0.003285174774813648,-0.004575792173623315,0.00022220309359903873,0.0,0.0,4585
kama,kama_10_3_50,adaptive_trend,4h,BTC,1d,6,276,139,137,6.531784226051971e-05,0.023998041736894217,0.03125093055147106,0.0452179184571891,0.9639664292613974,0.4891304347826087,-0.3565578429088123,1.0074200023553366,-0.059283667228787085,0.0004280843511481965,-0.0003027445280707728,0.0010653178422605205,0.0,0.0,4585
kama,kama_10_3_50,adaptive_trend,4h,BTC,3d,18,147,75,72,0.0018618835444584756,0.04565886424119977,0.34169487434145107,0.49440866855991616,0.6217606929685462,0.48299319727891155,-0.41065231418456705,1.115546262226859,0.133315379675639,0.004038557838915654,-0.00040548551226775157,0.0028618835444584765,0.0,0.0,4585
kama,kama_10_3_50,adaptive_trend,4h,BTC,1w,42,82,46,36,-0.001394442421374075,0.059945332097393125,-0.1455809433961104,-0.2106454787502675,0.8336929322405555,0.47560975609756095,-0.474657286431156,0.9394212472359952,-0.22886956702433203,0.0009375994508088266,-0.004374273702496672,-0.0003944424213740741,0.0,0.0,4585
kama,kama_5_2_30_tight,adaptive_trend,4h,BTC,1d,6,457,237,220,-0.0014939919962547073,0.025565462576342055,-0.8633862006559069,-1.2492596581730706,0.21221099144759553,0.4551422319474836,-0.6293947395922885,0.8532169392275817,-0.5650851424646717,-0.0007402124594803046,-0.0023060181335980414,-0.0004939919962547065,0.0,0.0,4585
kama,kama_5_2_30_tight,adaptive_trend,4h,BTC,3d,18,207,89,118,-0.0010386409568642668,0.04099081582987039,-0.25195120644582186,-0.36455583584922424,0.7158169383094829,0.463768115942029,-0.4993953513224708,0.9353348174284412,-0.3235553666577362,0.00257389069802624,-0.0037633470355528695,-3.8640956864265905e-05,0.0,0.0,4585
kama,kama_5_2_30_tight,adaptive_trend,4h,BTC,1w,42,98,53,45,0.01130955894576476,0.058742482842154664,1.3172214523444195,1.90592763706892,0.05962030514599612,0.5,-0.26213109901875653,1.665541922548254,1.5643902598661512,0.01372575708189603,0.008463814474321272,0.012309558945764763,0.0,0.0,4585
kama,kama_10_2_30,adaptive_trend,4h,ETH,1d,6,371,181,190,3.9545615932745726e-05,0.036157199980995175,0.014559380464261206,0.021066408807758372,0.9832040366374925,0.49595687331536387,-0.5180169918534165,1.0030014755450278,-0.20194897325470196,0.0016121703523374685,-0.0014585863698001744,0.0010395456159327467,0.0,0.0,4585
kama,kama_10_2_30,adaptive_trend,4h,ETH,3d,18,193,94,99,-0.0003596142350450678,0.06630886503244558,-0.052071048428430716,-0.0753431779555854,0.9400201125856718,0.48186528497409326,-0.6023161183255565,0.9848571984337536,-0.3833559464076425,0.0024690277236959655,-0.00304539548879918,0.0006403857649549331,0.0,0.0,4585
kama,kama_10_2_30,adaptive_trend,4h,ETH,1w,42,94,52,42,-0.0035159823968006093,0.0945321973497772,-0.24922020752762641,-0.3606042707530668,0.7192130601342305,0.46808510638297873,-0.7751549715062995,0.9052574991098844,-0.5272308787451141,-0.006727990860941169,0.00046078998737341694,-0.0025159823968006084,0.0,0.0,4585
kama,kama_10_2_30_wide,adaptive_trend,4h,ETH,1d,6,404,206,198,-0.00022223251663414128,0.0360917866643234,-0.08553469138116573,-0.12376273704119592,0.9015648391327648,0.4876237623762376,-0.814378382537806,0.9826618618937448,-0.2954024270959844,0.0011267101090537293,-0.001625677874673037,0.0007777674833658596,0.0,0.0,4585
kama,kama_10_2_30_wide,adaptive_trend,4h,ETH,3d,18,196,107,89,0.005563229955096017,0.0660148472923358,0.8153908091366973,1.1798136717099785,0.23951164956334897,0.5,-0.7851074170443149,1.281693565345372,0.9650099304920341,0.005688576555839515,0.0054125323564493425,0.006563229955096018,0.0,0.0,4585
kama,kama_10_2_30_wide,adaptive_trend,4h,ETH,1w,42,98,49,49,0.006515306604732074,0.10741484504540019,0.41498841893281796,0.60045931934973,0.549600539223203,0.5,-0.8207379975455609,1.1795830781860526,0.10313628821019938,0.00936100072202428,0.0036696124874398676,0.0075153066047320746,0.0,0.0,4585
kama,kama_20_2_30,adaptive_trend,4h,ETH,1d,6,297,149,148,4.588922140024106e-05,0.0379283674780107,0.014410436999587503,0.0208508979950722,0.9833786441029896,0.5016835016835017,-0.6005746443485946,1.0034261104076831,-0.17856231200633155,0.0013901745792656553,-0.0013074791456399396,0.001045889221400242,0.0,0.0,4585
kama,kama_20_2_30,adaptive_trend,4h,ETH,3d,18,167,88,79,-0.0026796176701967705,0.05424530187463992,-0.44118559662635554,-0.6383648096455738,0.5241159361888078,0.5089820359281437,-0.6574204575721871,0.8720312325647573,-0.500575404576306,-0.003589577365627212,-0.0016659916803502025,-0.0016796176701967696,0.0,0.0,4585
kama,kama_20_2_30,adaptive_trend,4h,ETH,1w,42,90,46,44,0.007649203150357874,0.10586231077267821,0.4737491762005076,0.6854820397527869,0.4948214229976157,0.5,-0.5009740158311661,1.2183674082161486,0.24456722878189474,0.0006403982037314868,0.014976590140012734,0.008649203150357875,0.0,0.0,4585
kama,kama_10_3_50,adaptive_trend,4h,ETH,1d,6,282,155,127,0.0017954678187487782,0.03657189088083523,0.5697799354573667,0.8244318554808886,0.41039346842780877,0.5070921985815603,-0.4131465286120206,1.1473627226182346,0.37739015606797777,-0.00020153558189140317,0.0042327554337033306,0.002795467818748779,0.0,0.0,4585
kama,kama_10_3_50,adaptive_trend,4h,ETH,3d,18,152,87,65,-0.003558218474894581,0.055558018667150974,-0.5457076504231049,-0.7896009367674547,0.43099900035634003,0.5,-0.5746511898575474,0.8421846069685934,-0.540641901030371,-0.007589210108779386,0.0018371087889204668,-0.00255821847489458,0.0,0.0,4585
kama,kama_10_3_50,adaptive_trend,4h,ETH,1w,42,83,47,36,-0.02180420915275136,0.09375728919871816,-1.4642887668956035,-2.118723791287124,0.03714006457024625,0.3855421686746988,-0.9015007044870738,0.5425004791210963,-0.8904867070280186,-0.030268346878267082,-0.010753807122216947,-0.020804209152751357,0.0,0.0,4585
kama,kama_5_2_30_tight,adaptive_trend,4h,ETH,1d,6,442,226,216,-0.002134517710424424,0.03591884107044331,-0.8634575057686472,-1.2493628317015568,0.21219509109558607,0.4683257918552036,-0.7714994022974746,0.8485694702913545,-0.7068435622007258,-0.0019050779531090592,-0.002374579678726611,-0.0011345177104244229,0.0,0.0,4585
kama,kama_5_2_30_tight,adaptive_trend,4h,ETH,3d,18,208,111,97,-0.004909970391226375,0.06319912626134752,-0.774375945449675,-1.1204680225083359,0.26381264849185704,0.49038461538461536,-0.8064473009100318,0.8067225857841193,-0.7651479915990274,-0.004892511924477655,-0.004929948636681097,-0.003909970391226375,0.0,0.0,4585
kama,kama_5_2_30_tight,adaptive_trend,4h,ETH,1w,42,100,56,44,0.0030459750618400307,0.10390002733409909,0.20261102281198162,0.29316402892228766,0.7700104097462049,0.43,-0.6646902438714732,1.0885264305524023,-0.17558223596092626,-0.004687312545394861,0.01288834110741171,0.004045975061840032,0.0,0.0,4585
kama,kama_10_2_30,adaptive_trend,4h,SOL,1d,6,383,186,197,0.003546086587577646,0.04446354200951206,1.0786909975227106,1.560790693453123,0.1194011869055249,0.5117493472584856,-0.5749997981923879,1.2403583442052208,1.6770229003167563,0.0025348737952737557,0.00450083572142802,0.004546086587577647,0.0,0.0,4585
kama,kama_10_2_30,adaptive_trend,4h,SOL,3d,18,194,96,98,0.003306674596506417,0.07669781928690118,0.41501299462499697,0.6004948786634965,0.5488809602366006,0.4793814432989691,-0.6625872370563031,1.1180445198275069,0.08433683255528557,0.004917511107364645,0.0017287123001554997,0.004306674596506418,0.0,0.0,4585
kama,kama_10_2_30,adaptive_trend,4h,SOL,1w,42,95,38,57,0.012067148329511418,0.11657578227601975,0.6972852889558077,1.0089232154374062,0.3156015238318533,0.49473684210526314,-0.5223973679807559,1.315314797553077,0.6813898750883107,0.011836000249539147,0.012221247049492926,0.013067148329511415,0.0,0.0,4585
kama,kama_10_2_30_wide,adaptive_trend,4h,SOL,1d,6,388,183,205,0.003497243393628042,0.04526748059796262,1.0517385303424367,1.5217923519102878,0.12887775453149775,0.5,-0.4875465658434047,1.2327025533477678,1.6299244577805534,0.002768536329453344,0.004147747748476675,0.004497243393628043,0.0,0.0,4585
kama,kama_10_2_30_wide,adaptive_trend,4h,SOL,3d,18,196,97,99,0.0029499627285587676,0.07612267383302132,0.37495825327784377,0.54253845957139,0.5880671329674937,0.4744897959183674,-0.7342641156416778,1.1107291773661845,0.01960483292584625,0.0014126009339101094,0.004456266709174119,0.0039499627285587684,0.0,0.0,4585
kama,kama_10_2_30_wide,adaptive_trend,4h,SOL,1w,42,95,50,45,0.017856854779625102,0.10422290400619873,1.154133340013868,1.6699505050422823,0.09825606057470382,0.5789473684210527,-0.5465085732069751,1.5630427309120847,2.2732220177161273,0.009956318159322542,0.02663522880218349,0.0188568547796251,0.0,0.0,4585
kama,kama_20_2_30,adaptive_trend,4h,SOL,1d,6,289,145,144,0.0008196528002607003,0.03956635022396472,0.24339140901602863,0.3521704055481023,0.724968028370204,0.4913494809688581,-0.6073627873366592,1.0543197560690343,0.013454013751093896,-0.0004064679630770901,0.0020542882911216698,0.0018196528002607012,0.0,0.0,4585
kama,kama_20_2_30,adaptive_trend,4h,SOL,3d,18,162,73,89,-0.0011118915597487043,0.07078675825548669,-0.13817208286402494,-0.19992537392494872,0.8417912435700303,0.4506172839506173,-0.6890177507042861,0.9610364912392173,-0.4421585555840174,-0.0004274630971072956,-0.0016732767032635674,-0.00011189155974870326,0.0,0.0,4585
kama,kama_20_2_30,adaptive_trend,4h,SOL,1w,42,87,36,51,-0.0036368439426601794,0.10075340612657045,-0.23268958363235698,-0.3366856100875344,0.7371741245595649,0.47126436781609193,-0.6894490414343414,0.910508468911055,-0.5340896914690967,0.0010959648845604545,-0.00697765017363945,-0.0026368439426601785,0.0,0.0,4585
kama,kama_10_3_50,adaptive_trend,4h,SOL,1d,6,262,140,122,-0.001377265411462079,0.03816222724358373,-0.4037262246378025,-0.584163709129667,0.559614722579556,0.5152671755725191,-0.5984519710675378,0.9103286394098498,-0.4249226687507105,-0.0024852814234533403,-0.00010577162720981181,-0.00037726541146207795,0.0,0.0,4585
kama,kama_10_3_50,adaptive_trend,4h,SOL,3d,18,147,69,78,-0.008225780969262879,0.07082526044118051,-0.9731953290182912,-1.4081458137058558,0.16121370132039145,0.4557823129251701,-0.8315810453369739,0.7433511846460976,-0.7961599813346736,-0.006830583015677463,-0.009459994543588441,-0.0072257809692628785,0.0,0.0,4585
kama,kama_10_3_50,adaptive_trend,4h,SOL,1w,42,84,44,40,-0.022848905140376366,0.11268187426883718,-1.2844090678126345,-1.8584504035286105,0.06664995390078009,0.38095238095238093,-0.9130010348008156,0.5870621233008334,-0.9163182305162201,-0.024965411190644295,-0.02052074848508164,-0.02184890514037636,0.0,0.0,4585
kama,kama_5_2_30_tight,adaptive_trend,4h,SOL,1d,6,447,235,212,0.0011074575772060985,0.047012655413982474,0.34420602326939853,0.4980421260427507,0.6186998377600891,0.4966442953020134,-0.5763075108717726,1.0650098079107553,0.007285096552856141,-0.0004194101322278839,0.0027999760287013152,0.0021074575772060994,0.0,0.0,4585
kama,kama_5_2_30_tight,adaptive_trend,4h,SOL,3d,18,206,112,94,-0.0007368229405219866,0.07644384200838285,-0.09561072915301427,-0.13834206144206748,0.8901058811014453,0.5097087378640777,-0.7044275408276612,0.9743781364384658,-0.5261642894515589,-0.0007740091950323663,-0.0006925159138713214,0.0002631770594780143,0.0,0.0,4585
kama,kama_5_2_30_tight,adaptive_trend,4h,SOL,1w,42,99,49,50,0.0037146410059372046,0.10963428184148608,0.2329917037749906,0.33712275687749577,0.7367453037456393,0.48484848484848486,-0.6657878770677275,1.0940035259768628,-0.19549384370661493,0.003632552936350088,0.0037950873141325793,0.004714641005937206,0.0,0.0,4585
kama,kama_10_2_30,adaptive_trend,4h,BNB,1d,6,407,218,189,-0.0008112146689775043,0.02640104285136083,-0.4284146419437318,-0.6198861282985264,0.5356805000801004,0.4643734643734644,-0.46760023836469555,0.9202335589213335,-0.3767327366650618,0.000505891483902661,-0.0023304164749451024,0.00018878533102249654,0.0,0.0,4585
kama,kama_10_2_30,adaptive_trend,4h,BNB,3d,18,198,104,94,0.00018546291088180868,0.05105614510663692,0.0353259649125854,0.05111420916596091,0.9592863032245214,0.4797979797979798,-0.5662639524297433,1.0106849670353555,-0.1975912581124769,0.004409796445431482,-0.004488267808194426,0.0011854629108818096,0.0,0.0,4585
kama,kama_10_2_30,adaptive_trend,4h,BNB,1w,42,97,55,42,-0.011436047581514527,0.07645943195068354,-1.0180828954888508,-1.4730949939251272,0.14399671868207267,0.44329896907216493,-0.7685230271796772,0.6551035738538983,-0.7573282135686895,-0.002158579022983182,-0.023585113551019853,-0.010436047581514523,0.0,0.0,4585
kama,kama_10_2_30_wide,adaptive_trend,4h,BNB,1d,6,402,215,187,-0.0011977495880084413,0.02727215920444023,-0.6085719351969778,-0.8805611754743526,0.37908281486630807,0.4253731343283582,-0.6339672770093858,0.8921198985152539,-0.4676855403564685,-0.0001625615562908685,-0.002387939036239875,-0.0001977495880084404,0.0,0.0,4585
kama,kama_10_2_30_wide,adaptive_trend,4h,BNB,3d,18,191,111,80,-0.009100464922080984,0.05205148155408141,-1.6699349556012408,-2.4162794937199754,0.016626039545904855,0.42408376963350786,-0.8720654789336557,0.6119060532195265,-0.8665589998650389,-0.006616355307893802,-0.012547167011765697,-0.008100464922080983,0.0,0.0,4585
kama,kama_10_2_30_wide,adaptive_trend,4h,BNB,1w,42,95,56,39,-0.006939895830228714,0.08189251893016802,-0.5708511915591143,-0.8259818883983343,0.41090588637308545,0.45263157894736844,-0.8331447421738094,0.7931085163456625,-0.6237488403457527,-0.002870430194810034,-0.012783231101599126,-0.005939895830228713,0.0,0.0,4585
kama,kama_20_2_30,adaptive_trend,4h,BNB,1d,6,304,148,156,-0.0012496810454240724,0.02700602832976541,-0.5576062629073996,-0.8068173997518888,0.4204045283578908,0.45723684210526316,-0.6026656766399041,0.8787515777401982,-0.38864281942763546,0.0013080294959553283,-0.0036762269436558114,-0.00024968104542407143,0.0,0.0,4585
kama,kama_20_2_30,adaptive_trend,4h,BNB,3d,18,169,88,81,-0.0019988817345675345,0.053652816754078236,-0.3347266661602635,-0.4843261569748387,0.6287852157378436,0.48520710059171596,-0.591496933698969,0.8959254505574243,-0.4427927546104551,0.002195713544195144,-0.006555972901618345,-0.0009988817345675334,0.0,0.0,4585
kama,kama_20_2_30,adaptive_trend,4h,BNB,1w,42,90,48,42,-0.001993776047375706,0.0780898450748765,-0.16740000056745075,-0.2422161337860092,0.8091699670148282,0.4666666666666667,-0.6248694488982531,0.9324898696709604,-0.3624007342906137,0.005317294874845328,-0.010349285672771174,-0.0009937760473757052,0.0,0.0,4585
kama,kama_10_3_50,adaptive_trend,4h,BNB,1d,6,302,165,137,4.1118527746223866e-05,0.027617731320125672,0.017881560439392475,0.025873371690613104,0.9793754839769655,0.4735099337748344,-0.41817917440795216,1.0044465675242127,-0.09581475591198785,0.00040484023478352824,-0.00039694046248118646,0.0010411185277462247,0.0,0.0,4585
kama,kama_10_3_50,adaptive_trend,4h,BNB,3d,18,164,88,76,-0.001627120965186678,0.05432840035303093,-0.26507406276433154,-0.38354369433742047,0.7018164713913115,0.4878048780487805,-0.5012203124601669,0.9104866601796542,-0.3953494915455008,0.00025003677518510066,-0.0038006720329855797,-0.0006271209651866772,0.0,0.0,4585
kama,kama_10_3_50,adaptive_trend,4h,BNB,1w,42,89,53,36,-0.007585141672582004,0.07453982417655294,-0.6634721896400718,-0.9599980173500868,0.3396865070363842,0.4606741573033708,-0.6531425437201192,0.7532650829787867,-0.6092825744060265,0.002287405989692338,-0.02211972573093034,-0.006585141672582003,0.0,0.0,4585
kama,kama_5_2_30_tight,adaptive_trend,4h,BNB,1d,6,476,243,233,-0.0007808159480918577,0.026666888985229828,-0.44150150261575405,-0.6388219035949917,0.5232467038059535,0.4474789915966387,-0.6980289430214089,0.9245552342059513,-0.4176911074084414,0.0010642121842812289,-0.002705029837219154,0.00021918405190814324,0.0,0.0,4585
kama,kama_5_2_30_tight,adaptive_trend,4h,BNB,3d,18,214,107,107,0.0018963537230820917,0.047650492941854326,0.4023566883593601,0.5821820855853449,0.5610597504063104,0.514018691588785,-0.4598981897382015,1.115929558700118,0.17543136331949105,0.005350437420619993,-0.0015577299744558098,0.002896353723082093,0.0,0.0,4585
kama,kama_5_2_30_tight,adaptive_trend,4h,BNB,1w,42,101,62,39,0.00391113593383224,0.07310258411809265,0.37160646028708105,0.537688648718812,0.5919866090374472,0.5445544554455446,-0.5036937512716104,1.1594181205911052,0.13189740869250066,0.011441607302514053,-0.00806038265227731,0.004911135933832241,0.0,0.0,4585
kama,kama_10_2_30,adaptive_trend,4h,ADA,1d,6,369,174,195,0.0022611104701515524,0.042320189247621945,0.7093159903350615,1.026330801846838,0.30540982348991125,0.5094850948509485,-0.37338456133354425,1.1596568699960472,0.6609649994702083,0.0006827423416675869,0.003669500492491091,0.0032611104701515533,0.0,0.0,4585
kama,kama_10_2_30,adaptive_trend,4h,ADA,3d,18,180,88,92,-0.006970922905160048,0.07678491111388389,-0.8417885880038092,-1.2180094179229752,0.22482344957256595,0.46111111111111114,-0.8286081721270814,0.7818151020548985,-0.8365904614231355,-0.015722495789955805,0.001400146810731549,-0.005970922905160047,0.0,0.0,4585
kama,kama_10_2_30,adaptive_trend,4h,ADA,1w,42,93,49,44,-0.01227966332719178,0.12457540779526423,-0.6569737300324946,-0.9505951992116384,0.3443005233140636,0.40860215053763443,-0.9301522117634564,0.7576800404509538,-0.8569699164720974,-0.0156647422913598,-0.008509916298913756,-0.01127966332719178,0.0,0.0,4585
kama,kama_10_2_30_wide,adaptive_trend,4h,ADA,1d,6,398,188,210,0.0006060651847782498,0.044375500342612444,0.18830853186025157,0.27246932133510604,0.7854028356463201,0.4949748743718593,-0.5531192302637657,1.038922931819258,-0.13775332623664693,-0.003001111410058201,0.0038353470887270724,0.0016060651847782507,0.0,0.0,4585
kama,kama_10_2_30_wide,adaptive_trend,4h,ADA,3d,18,192,96,96,-2.5306267423115883e-05,0.080162609579653,-0.003023146882438767,-0.00437428283900451,0.996514403711817,0.4479166666666667,-0.8251227447470009,0.9991368273197749,-0.46302746674613426,-0.0066444186133678045,0.006593806078521573,0.000974693732576885,0.0,0.0,4585
kama,kama_10_2_30_wide,adaptive_trend,4h,ADA,1w,42,97,49,48,-0.00983671467990118,0.12436253236156264,-0.5383922159499835,-0.7790160129380762,0.43788638592743795,0.4742268041237113,-0.9379074421315862,0.8027633515776462,-0.8303782305717207,-0.015563391027240853,-0.003990732575325261,-0.00883671467990118,0.0,0.0,4585
kama,kama_20_2_30,adaptive_trend,4h,ADA,1d,6,284,139,145,0.0024437506528492427,0.06419897183639407,0.4433435305246481,0.6414871895980134,0.5217253992011238,0.5035211267605634,-0.5965795642746654,1.1494569835370088,0.22801355102815957,0.005163929851640012,-0.00016386940668121897,0.003443750652849243,0.0,0.0,4585
kama,kama_20_2_30,adaptive_trend,4h,ADA,3d,18,158,76,82,0.009333095208704748,0.0780893004066947,1.0382814501555722,1.5023208947784983,0.1350229401504144,0.5063291139240507,-0.3853474765653757,1.3936504798009401,1.7526867557523182,0.0048716538380722835,0.013468089649778737,0.010333095208704747,0.0,0.0,4585
kama,kama_20_2_30,adaptive_trend,4h,ADA,1w,42,85,40,45,0.015798504796095483,0.12748696707759727,0.7896089226803557,1.1425090788904064,0.2564885585407356,0.49411764705882355,-0.4838446867984856,1.4532667042657688,1.0830634630582816,0.003699126548679896,0.026553507682687105,0.016798504796095487,0.0,0.0,4585
kama,kama_10_3_50,adaptive_trend,4h,ADA,1d,6,253,119,134,0.002322593964509106,0.05435566751230248,0.4697222231697235,0.6796553193779481,0.4973465653741233,0.5217391304347826,-0.545710515669348,1.1520712241065378,0.2978659284502292,0.003206603375074235,0.0015375408312460436,0.003322593964509107,0.0,0.0,4585
kama,kama_10_3_50,adaptive_trend,4h,ADA,3d,18,144,67,77,0.008481438048841057,0.08597967854981406,0.8181017291129877,1.1837361839766123,0.2384815107055889,0.5486111111111112,-0.5407657141809368,1.3253960696492235,1.0163913466123637,-0.0006084816322335829,0.016390848680425476,0.009481438048841058,0.0,0.0,4585
kama,kama_10_3_50,adaptive_trend,4h,ADA,1w,42,82,37,45,0.014618579080553615,0.11512438725055599,0.7946888934484068,1.1498594425404198,0.2535854471191128,0.524390243902439,-0.4858762289372388,1.394195478680477,0.9420761832530189,-0.0005510594044384985,0.02709139294599156,0.015618579080553608,0.0,0.0,4585
kama,kama_5_2_30_tight,adaptive_trend,4h,ADA,1d,6,460,224,236,0.0013175926488230045,0.04560576268445673,0.42824543617811933,0.6196412993485741,0.5358014311777526,0.5217391304347826,-0.6896542790795293,1.0829516111979272,0.1345331477465339,-0.0009092177667690801,0.0034311754161646447,0.002317592648823005,0.0,0.0,4585
kama,kama_5_2_30_tight,adaptive_trend,4h,ADA,3d,18,205,99,106,-0.006051461258959766,0.08024257611782114,-0.746250632741507,-1.079772655228752,0.28151837523580514,0.424390243902439,-0.8562054789974379,0.8086850143050347,-0.8518055973509389,-0.015063026777001024,0.0023650008758146195,-0.005051461258959764,0.0,0.0,4585
kama,kama_5_2_30_tight,adaptive_trend,4h,ADA,1w,42,100,55,45,0.0027264999932732604,0.12502877569312396,0.15071202663621533,0.21806979858503134,0.8278235936327963,0.52,-0.6871180003993161,1.061287600132953,-0.4290563616944394,-0.007184535680428359,0.014839988038908571,0.0037264999932732613,0.0,0.0,4585
kama,kama_10_2_30,adaptive_trend,4h,AVAX,1d,6,344,156,188,0.003801777131250858,0.04518672855095812,1.07846824601251,1.5604683875426515,0.11957138629406697,0.5813953488372093,-0.4004385094039159,1.2433949049069473,1.6068609952535535,0.007317181531681258,0.0008847394372766961,0.004801777131250859,0.0,0.0,4585
kama,kama_10_2_30,adaptive_trend,4h,AVAX,3d,18,183,90,93,0.0006500072792676786,0.0828865321073469,0.07331826561886627,0.10608642039365983,0.9156306228136003,0.48633879781420764,-0.849566833728949,1.0199151497141303,-0.39347453679401123,-0.0016550682941373505,0.002880725576111249,0.0016500072792676765,0.0,0.0,4585
kama,kama_10_2_30,adaptive_trend,4h,AVAX,1w,42,95,50,45,-0.010211372716906045,0.12158165759693428,-0.5657574197020504,-0.8186115555343935,0.41507853810561135,0.47368421052631576,-0.797201019735103,0.8061958148558138,-0.8166791129137321,-0.020585021290943147,0.0013149034764685134,-0.009211372716906044,0.0,0.0,4585
kama,kama_10_2_30_wide,adaptive_trend,4h,AVAX,1d,6,383,184,199,0.0020756826712580267,0.0467045025633828,0.6011100418788687,0.8697643359038069,0.3849753880784344,0.5483028720626631,-0.4897077692359494,1.1249396431455385,0.4671871812661712,0.001139907546512051,0.002940921982580939,0.0030756826712580276,0.0,0.0,4585
kama,kama_10_2_30_wide,adaptive_trend,4h,AVAX,3d,18,195,98,97,-0.0010121555575026715,0.08035620549157038,-0.12156191596041999,-0.17589162007014855,0.8605625525802737,0.47692307692307695,-0.7915586308689758,0.9684280722612902,-0.5591973447794676,-0.005980552574160857,0.004007462046956113,-1.2155557502670542e-05,0.0,0.0,4585
kama,kama_10_2_30_wide,adaptive_trend,4h,AVAX,1w,42,96,48,48,-0.007680604920942327,0.12055003590455952,-0.4314357072303717,-0.624257399213488,0.5339548368832226,0.5208333333333334,-0.8607680153204056,0.8494946208312767,-0.7673648707423503,-0.022097750646235665,0.006736540804351018,-0.0066806049209423264,0.0,0.0,4585
kama,kama_20_2_30,adaptive_trend,4h,AVAX,1d,6,253,121,132,-0.004633880299141631,0.0468174766248012,-1.08805151181406,-1.5743347052465146,0.11666468066181802,0.5019762845849802,-0.7884036939273282,0.7769772508848465,-0.766286881565591,-0.0016512236543673707,-0.007367982223518036,-0.00363388029914163,0.0,0.0,4585
kama,kama_20_2_30,adaptive_trend,4h,AVAX,3d,18,150,79,71,-0.004645082689703596,0.08010494016638696,-0.49083120560250765,-0.7101985457560482,0.4786910810027728,0.44666666666666666,-0.7726306686239518,0.8665327862984351,-0.6924496642036524,-0.005810774299942276,-0.003348045545916896,-0.003645082689703595,0.0,0.0,4585
kama,kama_20_2_30,adaptive_trend,4h,AVAX,1w,42,86,43,43,0.0031611840470578438,0.12735203824820632,0.15909095705925413,0.23019352693300513,0.8184944846337839,0.46511627906976744,-0.6536703278024218,1.0674198973991929,-0.33222702563190876,-0.0015551808167716243,0.007877548910887312,0.004161184047057845,0.0,0.0,4585
kama,kama_10_3_50,adaptive_trend,4h,AVAX,1d,6,249,129,120,5.178099583347073e-05,0.04747742896980296,0.011894200815618537,0.017210079607333614,0.9862828584479499,0.5180722891566265,-0.5791449864666433,1.0028932714855987,-0.2350239630447949,-0.001410287533230593,0.0016235046645773391,0.0010517809958334717,0.0,0.0,4585
kama,kama_10_3_50,adaptive_trend,4h,AVAX,3d,18,145,75,70,-0.002592024361854427,0.08775796732588864,-0.24580398087852015,-0.3556612288876049,0.7226147530600204,0.45517241379310347,-0.7795530376852263,0.9271097323760177,-0.612243408841715,-0.00837514290846511,0.0036041740809427346,-0.001592024361854426,0.0,0.0,4585
kama,kama_10_3_50,adaptive_trend,4h,AVAX,1w,42,80,41,39,0.000707033392798824,0.13412149850373858,0.03258658949210292,0.047150523854799065,0.9625122529262115,0.4875,-0.7607732509173888,1.0137863829069322,-0.49090892005308084,-0.007911119717006537,0.009767143072337793,0.0017070333927988249,0.0,0.0,4585
kama,kama_5_2_30_tight,adaptive_trend,4h,AVAX,1d,6,436,223,213,0.0008159954870923751,0.04730386651293686,0.24893545065557568,0.36019224740549616,0.7188781921858615,0.5,-0.6831983969546069,1.047126916212112,-0.12795163758025996,-0.00038956075314088056,0.002078150611843624,0.0018159954870923761,0.0,0.0,4585
kama,kama_5_2_30_tight,adaptive_trend,4h,AVAX,3d,18,204,91,113,0.009784182446412538,0.0852894812927477,1.1323913425402121,1.6384913500183715,0.10286820319013901,0.553921568627451,-0.4710218194001551,1.339649133533969,2.486444968478481,-0.000989071797001668,0.018459988961020437,0.01078418244641254,0.0,0.0,4585
kama,kama_5_2_30_tight,adaptive_trend,4h,AVAX,1w,42,98,50,48,0.02683154691375216,0.13283397287348309,1.381980690541749,1.999629741309739,0.04833712778680367,0.5204081632653061,-0.5457049459762916,1.6825379406747654,5.0829396413465,0.014869652249647081,0.03929185385552828,0.027831546913752156,0.0,0.0,4585
kama,kama_10_2_30,adaptive_trend,4h,DOT,1d,6,345,185,160,-0.004623903059043497,0.04748800349785448,-1.2499330286309838,-1.808565977659271,0.07139150241895321,0.47246376811594204,-0.8891473643434542,0.7631532629455743,-0.8626814888542582,-0.008380914735789472,-0.00027985830780596216,-0.003623903059043496,0.0,0.0,4585
kama,kama_10_2_30,adaptive_trend,4h,DOT,3d,18,185,89,96,-0.011806791833001084,0.08137979876586378,-1.363808981543214,-1.97333654487611,0.04995451093281592,0.42702702702702705,-0.946843563942797,0.6670463495320126,-0.9419900189539628,-0.01693484198131148,-0.007052662008004984,-0.010806791833001081,0.0,0.0,4585
kama,kama_10_2_30,adaptive_trend,4h,DOT,1w,42,93,56,37,0.008837543559571993,0.12028749734318411,0.48967162636658046,0.7085207154191743,0.48041337576045734,0.5483870967741935,-0.786064474597302,1.2128924433216937,0.18232439270879475,-0.00528727722384168,0.030215650691225126,0.009837543559571994,0.0,0.0,4585
kama,kama_10_2_30_wide,adaptive_trend,4h,DOT,1d,6,385,184,201,0.0016390064341449983,0.049633924322977196,0.447800729182677,0.6479364454092698,0.5174132691520797,0.5116883116883116,-0.6315799791116765,1.098618927365777,0.19032603138429782,-0.0007132185582924247,0.0037922870242369676,0.0026390064341449988,0.0,0.0,4585
kama,kama_10_2_30_wide,adaptive_trend,4h,DOT,3d,18,198,86,112,-0.005716133275120929,0.08223280923849652,-0.6759930045933733,-0.9781147639424308,0.32921717495634095,0.4797979797979798,-0.8951621863199083,0.824928587806596,-0.8386804081390551,-0.012473104189241935,-0.0005277448946351553,-0.004716133275120928,0.0,0.0,4585
kama,kama_10_2_30_wide,adaptive_trend,4h,DOT,1w,42,97,47,50,0.03009157686269743,0.11163423916655038,1.8347875477213815,2.6548097050257597,0.00929016882806648,0.6185567010309279,-0.5037414472236543,2.0635044197364536,9.227720364457806,0.015808728956948452,0.04351745389410148,0.03109157686269743,0.0,0.0,4585
kama,kama_20_2_30,adaptive_trend,4h,DOT,1d,6,255,110,145,0.0034126260358405035,0.04894752038534138,0.7694501373448089,1.1133407214874993,0.2666146123320256,0.5176470588235295,-0.4508692411927506,1.2194910708308628,0.7784702692260361,0.0027512470457257527,0.0039143618214447975,0.004412626035840504,0.0,0.0,4585
kama,kama_20_2_30,adaptive_trend,4h,DOT,3d,18,156,73,83,0.0032905267094408765,0.08650576268450512,0.3283485233147317,0.475097428805527,0.635386307644696,0.5384615384615384,-0.6530091658949266,1.109101790110004,-0.07564878058093116,-0.005051948639152605,0.010627884546155623,0.004290526709440878,0.0,0.0,4585
kama,kama_20_2_30,adaptive_trend,4h,DOT,1w,42,85,44,41,-0.004013445692265056,0.11875814111636306,-0.21533560749592318,-0.31157561611302437,0.7561350647279229,0.49411764705882355,-0.703258274723181,0.9164541100869318,-0.6137725357104805,-0.020613444321735588,0.013801186983264296,-0.003013445692265055,0.0,0.0,4585
kama,kama_10_3_50,adaptive_trend,4h,DOT,1d,6,240,120,120,0.002437383820954154,0.04924135963245477,0.5299707445057065,0.7668307306972905,0.44393896222333273,0.5208333333333334,-0.5224202354288077,1.152347795479548,0.35423419286039914,-0.0014900056662796109,0.006364773308187919,0.003437383820954155,0.0,0.0,4585
kama,kama_10_3_50,adaptive_trend,4h,DOT,3d,18,144,74,70,0.010720289298086407,0.080689772605412,1.1018478975005852,1.5942971137882294,0.11307735771822837,0.5763888888888888,-0.4291233962117734,1.4531654080731427,2.0131463683084387,0.006397638434848048,0.015289948782081243,0.011720289298086408,0.0,0.0,4585
kama,kama_10_3_50,adaptive_trend,4h,DOT,1w,42,80,42,38,0.019756854307119397,0.12724257341910186,0.9598043949527972,1.3887700654015993,0.1688056726849874,0.5125,-0.4964996752520777,1.519098183804232,1.6287377631542275,0.005966899774627499,0.034998383000926225,0.020756854307119398,0.0,0.0,4585
kama,kama_5_2_30_tight,adaptive_trend,4h,DOT,1d,6,441,220,221,0.0025168050551296977,0.04604352266922474,0.7933278795687428,1.1478901503131573,0.25163763145294155,0.5056689342403629,-0.5629633647226976,1.1658806229061824,0.9125984343119711,0.0009729715847283281,0.004053652853719297,0.003516805055129699,0.0,0.0,4585
kama,kama_5_2_30_tight,adaptive_trend,4h,DOT,3d,18,199,97,102,-0.005579728211232291,0.07464133249888827,-0.7288070863596737,-1.0545330593517968,0.2929240232994782,0.4824120603015075,-0.8932163754024174,0.8167936464334019,-0.8138565619676258,-0.010308323838240626,-0.0010829264875086798,-0.004579728211232291,0.0,0.0,4585
kama,kama_5_2_30_tight,adaptive_trend,4h,DOT,1w,42,99,46,53,0.012459733332418538,0.12016035324110594,0.7130459801182593,1.0317278370994363,0.30473913040909467,0.5454545454545454,-0.7143187856581434,1.3215851704142698,0.7219551373930353,0.00015944507860341807,0.02313545521308826,0.01345973333241854,0.0,0.0,4585
kama,kama_10_2_30,adaptive_trend,4h,LINK,1d,6,366,199,167,0.0032396753421779305,0.045754916260841584,0.9361741728707407,1.354578780970186,0.17638968486095444,0.5273224043715847,-0.6748904873397108,1.2108821176356181,1.2285466364280855,0.0003737650022379903,0.00665474215444169,0.004239675342177931,0.0,0.0,4585
kama,kama_10_2_30,adaptive_trend,4h,LINK,3d,18,186,96,90,0.008151361695417997,0.07438884624262672,1.032835604688041,1.4944411359381748,0.13676407352658698,0.532258064516129,-0.6557898511027035,1.332955242262083,1.7528799705891043,0.007841958455181427,0.008481391818337004,0.009151361695417996,0.0,0.0,4585
kama,kama_10_2_30,adaptive_trend,4h,LINK,1w,42,94,56,38,0.005263457558081791,0.11826643138150325,0.29821257111370353,0.4314928063123995,0.6671087130466169,0.46808510638297873,-0.6401586574477572,1.1256160246002884,-0.11469673188314733,-0.002498054405542139,0.016701475188685477,0.006263457558081792,0.0,0.0,4585
kama,kama_10_2_30_wide,adaptive_trend,4h,LINK,1d,6,400,208,192,0.0038310955756179488,0.04472090638390745,1.1841174265329317,1.7133353884779694,0.08742761384303661,0.535,-0.460740621531154,1.2595149377231647,2.112681525749735,0.002401784655024745,0.005379515739593919,0.00483109557561795,0.0,0.0,4585
kama,kama_10_2_30_wide,adaptive_trend,4h,LINK,3d,18,194,103,91,0.012269383017665163,0.07695142075414185,1.5348266587782842,2.2207872046642,0.02752841023241806,0.5721649484536082,-0.47831927399051255,1.5181547854699728,5.143571068292133,0.006064965826012721,0.019291965113711333,0.013269383017665164,0.0,0.0,4585
kama,kama_10_2_30_wide,adaptive_trend,4h,LINK,1w,42,94,52,42,0.016232075993361867,0.11875619450146073,0.9158705810355459,1.3252008986546564,0.18835110016153073,0.46808510638297873,-0.5861910036632789,1.4428792592990598,1.4747057259528251,0.005147649758233478,0.029955651332092256,0.01723207599336187,0.0,0.0,4585
kama,kama_20_2_30,adaptive_trend,4h,LINK,1d,6,280,145,135,0.0037542343174508347,0.04955991042375368,0.8760366295249825,1.2675639470680269,0.20601060535489965,0.5392857142857143,-0.4791537619365004,1.2294282633414089,1.0335440122596626,0.004505853145592318,0.002946940020558131,0.004754234317450835,0.0,0.0,4585
kama,kama_20_2_30,adaptive_trend,4h,LINK,3d,18,162,85,77,0.0049094382084406895,0.07713640435683929,0.5598636899561839,0.8100837393588601,0.41908777475498793,0.5123456790123457,-0.49164629468264254,1.1828829026839107,0.38388801346676193,0.005199576981806989,0.004589155146932437,0.00590943820844069,0.0,0.0,4585
kama,kama_20_2_30,adaptive_trend,4h,LINK,1w,42,83,51,32,-0.014129877758619324,0.10779456797058722,-0.825340129937036,-1.1942096454846844,0.23583908517167282,0.46987951807228917,-0.8443389456111771,0.7072279667993511,-0.811020097366585,-0.018239593015820517,-0.0075800190674549205,-0.013129877758619325,0.0,0.0,4585
kama,kama_10_3_50,adaptive_trend,4h,LINK,1d,6,266,137,129,0.004341951431427678,0.048321585482499575,1.012831013879378,1.4654958872689967,0.1439711473481661,0.518796992481203,-0.39338747040145305,1.2851781458691935,1.325969023817037,0.0033902912392080875,0.005352629309986468,0.005341951431427679,0.0,0.0,4585
kama,kama_10_3_50,adaptive_trend,4h,LINK,3d,18,152,70,82,0.010456042902093335,0.08106623293608271,1.099009750775926,1.590190513283844,0.1138833604898751,0.5526315789473685,-0.37794334157543974,1.4153921645207763,2.026963987397452,0.012916828011640256,0.008355372686626446,0.011456042902093335,0.0,0.0,4585
kama,kama_10_3_50,adaptive_trend,4h,LINK,1w,42,85,39,46,0.0063983198152192545,0.11798237743914337,0.34554980414234143,0.4999864833103521,0.6183918858500806,0.4235294117647059,-0.7239675254164075,1.1507409515584806,-0.009542025779690655,0.002300314721293738,0.009872715438330017,0.007398319815219255,0.0,0.0,4585
kama,kama_5_2_30_tight,adaptive_trend,4h,LINK,1d,6,437,232,205,0.0010688146313707805,0.04667454461525369,0.3308380153384606,0.47869955025734723,0.632392352598196,0.4919908466819222,-0.6040926987252646,1.063860499395642,-0.008293778083057202,-0.001270449780296765,0.003716177282623808,0.0020688146313707816,0.0,0.0,4585
kama,kama_5_2_30_tight,adaptive_trend,4h,LINK,3d,18,205,112,93,0.002028065790538641,0.0791346142889402,0.25359744135652995,0.3669378230297715,0.7140457325916795,0.48292682926829267,-0.5340053155233875,1.0701912442485195,-0.1889689873632634,-0.0007737421525237277,0.0054022861090653644,0.003028065790538642,0.0,0.0,4585
kama,kama_5_2_30_tight,adaptive_trend,4h,LINK,1w,42,98,58,40,0.015543622436085548,0.12429381608327199,0.8555948104541197,1.2379860595763093,0.21870926899115012,0.5,-0.41504318263610507,1.3951747705767432,1.268608174918413,0.013275989001149334,0.018831690916743058,0.016543622436085547,0.0,0.0,4585
kama,kama_10_2_30,adaptive_trend,4h,UNI,1d,6,363,178,185,-0.00014306150109194026,0.05720423636443011,-0.03293064863566925,-0.047648353456148346,0.962022771360087,0.5068870523415978,-0.7239181790252776,0.9927074660738525,-0.4803804054123355,0.002942195201712784,-0.0031115787610878362,0.0008569384989080606,0.0,0.0,4585
kama,kama_10_2_30,adaptive_trend,4h,UNI,3d,18,184,92,92,0.003646491461710938,0.0903480414294932,0.3783709257673735,0.5474763588156537,0.5847185855563961,0.5380434782608695,-0.7671318386303191,1.110969113979703,-0.05740224571906061,0.004378890320086697,0.00291409260333518,0.004646491461710939,0.0,0.0,4585
kama,kama_10_2_30,adaptive_trend,4h,UNI,1w,42,95,39,56,0.0173965100659089,0.1512691747502025,0.774686316826847,1.1209171082596001,0.26517867685489216,0.5263157894736842,-0.8677318707291486,1.3700227130096445,0.8806797850772894,0.023492051858988408,0.01315140060287139,0.018396510065908905,0.0,0.0,4585
kama,kama_10_2_30_wide,adaptive_trend,4h,UNI,1d,6,390,187,203,-0.0015010033366076633,0.059962963028987355,-0.3416514462672345,-0.49434583116326825,0.6213410085512919,0.4897435897435897,-0.8533120033096031,0.9278980603252988,-0.7299789972837705,0.00123687289770589,-0.0040230863701871435,-0.0005010033366076624,0.0,0.0,4585
kama,kama_10_2_30_wide,adaptive_trend,4h,UNI,3d,18,193,100,93,0.005586788903115937,0.0972924669462,0.5513331273914882,0.7977406098699944,0.42600654229258544,0.49740932642487046,-0.7200053327491993,1.1644674475110506,0.19530568194968234,0.005235255845232316,0.00596478143847467,0.0065867889031159385,0.0,0.0,4585
kama,kama_10_2_30_wide,adaptive_trend,4h,UNI,1w,42,96,46,50,0.00856417665578439,0.15463878418726038,0.37502066058805356,0.5426287585997517,0.5886561909737267,0.4895833333333333,-0.8455737183939136,1.1619112965753622,-0.238670495094917,0.0060567225230148194,0.010871034457932395,0.009564176655784393,0.0,0.0,4585
kama,kama_20_2_30,adaptive_trend,4h,UNI,1d,6,262,126,136,-0.001527107583047122,0.05882144583503563,-0.2904269884438501,-0.4202276108095871,0.6746649358966249,0.48091603053435117,-0.7487223199395598,0.9268387881351403,-0.5749738234687432,0.003292881343561588,-0.005992685559169897,-0.0005271075830471211,0.0,0.0,4585
kama,kama_20_2_30,adaptive_trend,4h,UNI,3d,18,151,72,79,0.004086367136230632,0.09714547272874219,0.35723637843580386,0.5168961418107705,0.6059899607700873,0.5298013245033113,-0.5359717752606294,1.1223805277087902,-0.06536119999112355,0.008524543977084402,4.1446471148714114e-05,0.005086367136230633,0.0,0.0,4585
kama,kama_20_2_30,adaptive_trend,4h,UNI,1w,42,86,45,41,0.030201796694049533,0.1510111078056809,1.2818154421349521,1.854697607937172,0.06710675140753061,0.5232558139534884,-0.6349966528066526,1.6703237435657563,4.322961212572393,0.020319835319610503,0.041047851861116764,0.03120179669404953,0.0,0.0,4585
kama,kama_10_3_50,adaptive_trend,4h,UNI,1d,6,264,145,119,-0.0046850068960927775,0.061102872083895074,-0.8609996224279107,-1.2458064458110425,0.21394412345825245,0.4696969696969697,-0.8649553296586048,0.7887414120862892,-0.8291359623543458,-0.004415617107547467,-0.005013254957765636,-0.0036850068960927766,0.0,0.0,4585
kama,kama_10_3_50,adaptive_trend,4h,UNI,3d,18,144,73,71,-0.0039887851089563985,0.09187217942608526,-0.3600727489527334,-0.5210001722663645,0.6031725001433756,0.4791666666666667,-0.7369559717021636,0.8876116442955987,-0.687431613844552,-0.0013205727704787462,-0.0067321583583770835,-0.002988785108956398,0.0,0.0,4585
kama,kama_10_3_50,adaptive_trend,4h,UNI,1w,42,84,47,37,-0.010735662602856617,0.1424990430897661,-0.477209341634711,-0.6904886579779466,0.4918133705706746,0.42857142857142855,-0.8669160370507039,0.822886639883261,-0.8305297094704404,-0.01378092296842734,-0.0068673588952397535,-0.009735662602856616,0.0,0.0,4585
kama,kama_5_2_30_tight,adaptive_trend,4h,UNI,1d,6,447,217,230,-0.0013518101166306983,0.05716800758928855,-0.3455164944200583,-0.4999382864637478,0.6173650943475337,0.4988814317673378,-0.8044519721709458,0.9318401906435322,-0.7439059916508914,0.0006096603561305765,-0.0032024148670185097,-0.00035181011663069754,0.0,0.0,4585
kama,kama_5_2_30_tight,adaptive_trend,4h,UNI,3d,18,209,111,98,0.0026809898794386265,0.09073992671117875,0.29520402923249517,0.42713965589227193,0.6697194307287122,0.48325358851674644,-0.7067310193037726,1.0811645614853416,-0.27420205906751716,0.003413616643631211,0.0018511779322409022,0.0036809898794386274,0.0,0.0,4585
kama,kama_5_2_30_tight,adaptive_trend,4h,UNI,1w,42,99,45,54,-0.006208303101843665,0.13952152807402926,-0.3059860818376428,-0.44274053455083523,0.6589291221860417,0.47474747474747475,-0.8996853811600991,0.8947639122623515,-0.7983933486945858,-0.008268450888995233,-0.004491513279217359,-0.005208303101843665,0.0,0.0,4585
kama,kama_10_2_30,adaptive_trend,4h,ATOM,1d,6,368,181,187,0.001670016245611364,0.04356210581975881,0.5082625686922906,0.7354205132585283,0.46255314540288434,0.532608695652174,-0.4820392396014467,1.1085826983631364,0.3132033581674032,0.000148348499702859,0.003142860427480024,0.002670016245611365,0.0,0.0,4585
kama,kama_10_2_30,adaptive_trend,4h,ATOM,3d,18,192,99,93,0.005135589746712376,0.0811211872050008,0.6062601560572717,0.8772161921799162,0.3814712514877536,0.5,-0.5405477696841499,1.1879143034822737,0.4345473386041796,-0.0037881573430614273,0.014635062455181265,0.006135589746712376,0.0,0.0,4585
kama,kama_10_2_30,adaptive_trend,4h,ATOM,1w,42,96,55,41,-0.004441749506294358,0.12088026968912721,-0.24882077956972073,-0.3600263263363284,0.7196266089363148,0.46875,-0.7520479071999453,0.9102120267489567,-0.6751102654923649,-0.015108857359636085,0.009867785418920154,-0.0034417495062943567,0.0,0.0,4585
kama,kama_10_2_30_wide,adaptive_trend,4h,ATOM,1d,6,393,204,189,0.001315756581013402,0.04618623660069922,0.3903117607441985,0.5647539148040597,0.5725641844851957,0.5190839694656488,-0.6931350467039296,1.082206279846018,0.11501138608609507,-0.002917889227453712,0.005885406025073143,0.002315756581013403,0.0,0.0,4585
kama,kama_10_2_30_wide,adaptive_trend,4h,ATOM,3d,18,195,95,100,0.00683900242342239,0.07912738476712969,0.8341336443509748,1.2069332479728312,0.22892743056138604,0.5487179487179488,-0.5809974833577114,1.275084254276075,1.0609335722389508,0.0002473103365385672,0.013101109905962022,0.007839002423422392,0.0,0.0,4585
kama,kama_10_2_30_wide,adaptive_trend,4h,ATOM,1w,42,97,44,53,-0.010088001686012671,0.11725821334166764,-0.5855987326133509,-0.8473205524658314,0.398923960170181,0.4329896907216495,-0.8961011718120513,0.8093264244654234,-0.8095830623836796,-0.030608730351064997,0.006948074941577952,-0.00908800168601267,0.0,0.0,4585
kama,kama_20_2_30,adaptive_trend,4h,ATOM,1d,6,267,138,129,-0.00013593075384683064,0.04532471872530772,-0.03386808381546656,-0.049004756826254714,0.9609522799947853,0.5093632958801498,-0.4132250815006582,0.9918280851629631,-0.265013645930229,-0.0035685570601707538,0.0035361811087322496,0.0008640692461531702,0.0,0.0,4585
kama,kama_20_2_30,adaptive_trend,4h,ATOM,3d,18,164,79,85,0.00013709751038127585,0.0752894481630135,0.016116464124153827,0.02331940034182109,0.9814240194770076,0.4573170731707317,-0.549595711153178,1.004965793031284,-0.3508377893237138,-0.004497221327879659,0.004444287960059086,0.0011370975103812766,0.0,0.0,4585
kama,kama_20_2_30,adaptive_trend,4h,ATOM,1w,42,89,49,40,0.01410638453537876,0.11996356563716834,0.7666793102511933,1.1093315277973554,0.27030957221849367,0.5056179775280899,-0.47672907698174505,1.3597759438543051,0.9161210161247508,0.006094972126876223,0.023920364735794362,0.015106384535378761,0.0,0.0,4585
kama,kama_10_3_50,adaptive_trend,4h,ATOM,1d,6,255,135,120,-0.001759733510756727,0.042879600622499826,-0.4529170295521589,-0.6553393754605424,0.5128423631619539,0.4549019607843137,-0.6713726406741231,0.8966701812990571,-0.4962449174559359,-0.005447034790327543,0.0023884804287604413,-0.0007597335107567262,0.0,0.0,4585
kama,kama_10_3_50,adaptive_trend,4h,ATOM,3d,18,142,75,67,-0.007700618490138006,0.06587330246594156,-0.9627482339952504,-1.3930295953235488,0.16580321961589722,0.4295774647887324,-0.7967270043443817,0.7393650616481406,-0.7559267172737313,-0.01895147622293793,0.004893625240608178,-0.006700618490138005,0.0,0.0,4585
kama,kama_10_3_50,adaptive_trend,4h,ATOM,1w,42,81,46,35,-0.002270748548877644,0.11959777476838361,-0.11809753773482688,-0.1708789062294608,0.8647504365236129,0.43209876543209874,-0.6920121898562595,0.9519110189096956,-0.5205887249712251,-0.0179277389374029,0.018307010247469835,-0.0012707485488776427,0.0,0.0,4585
kama,kama_5_2_30_tight,adaptive_trend,4h,ATOM,1d,6,433,217,216,-0.0006078323791398956,0.04389669734226155,-0.1991353310154518,-0.28813494513296006,0.7733816310448481,0.5080831408775982,-0.6979494976184801,0.9626380219393699,-0.49636360437768257,-0.001351827676550231,0.0001396073409436359,0.00039216762086010526,0.0,0.0,4585
kama,kama_5_2_30_tight,adaptive_trend,4h,ATOM,3d,18,207,94,113,0.008393522304844726,0.07752537670172856,1.0765592177056675,1.5577061566334283,0.12083788189372935,0.5362318840579711,-0.45525350964851885,1.3559401139943619,2.108420346006828,0.0030270015427279686,0.01285770771757902,0.009393522304844725,0.0,0.0,4585
kama,kama_5_2_30_tight,adaptive_trend,4h,ATOM,1w,42,100,48,52,0.015087734583688903,0.10550916324872997,0.9882941943365452,1.4299928194976483,0.15586749306396655,0.51,-0.5282241206526167,1.4771326163414753,1.662403738755673,0.0044937863749390655,0.024866763699457985,0.016087734583688902,0.0,0.0,4585
kama,kama_10_2_30,adaptive_trend,4h,FTM,1d,6,252,128,124,-0.0007789499183159922,0.05670346514422097,-0.1768745577333032,-0.21807215087082554,0.8275500826915685,0.47619047619047616,-0.7257989520993819,0.9620618374185875,-0.45247641115305837,-0.00016742215148635425,-0.0014102043873014248,0.00022105008168400874,0.0,0.0,3329
kama,kama_10_2_30,adaptive_trend,4h,FTM,3d,18,133,66,67,0.014429097746947802,0.1134935846590914,1.1892107940869447,1.4662015782754558,0.14497159063228282,0.518796992481203,-0.7006036234908076,1.4408056906730957,2.0331134266541264,0.021962420226496377,0.0070082129163477214,0.0154290977469478,0.0,0.0,3329
kama,kama_10_2_30,adaptive_trend,4h,FTM,1w,42,66,33,33,-0.001217831384931098,0.14382540596935478,-0.05579415199249598,-0.06878971677409565,0.9453681862128432,0.4696969696969697,-0.5862950117977459,0.9781764136307805,-0.5498703713689033,-0.0007030305182720197,-0.0017326322515901762,-0.00021783138493109707,0.0,0.0,3329
kama,kama_10_2_30_wide,adaptive_trend,4h,FTM,1d,6,273,136,137,-0.0031322479094487363,0.05701375788308763,-0.7362459932364905,-0.9077322898932589,0.36482319036720134,0.43956043956043955,-0.7748378815132957,0.8578663715550309,-0.7282606878116351,-0.0006857821311908726,-0.005560856273266762,-0.0021322479094487354,0.0,0.0,3329
kama,kama_10_2_30_wide,adaptive_trend,4h,FTM,3d,18,134,62,72,0.005470893289342146,0.11335352898683884,0.45314871993246975,0.5586960458667969,0.5773086130708228,0.5298507462686567,-0.722879344905557,1.1504287463370124,-0.06596188544261039,0.010906159360041514,0.000790525284017697,0.0064708932893421485,0.0,0.0,3329
kama,kama_10_2_30_wide,adaptive_trend,4h,FTM,1w,42,68,37,31,0.02521757280477702,0.1392673160973115,1.2110824016543458,1.4931675171100143,0.1400877882458872,0.5735294117647058,-0.47059050611132924,1.6286284994635805,2.0062403349495597,0.034393337521721225,0.01426585362648878,0.026217572804777017,0.0,0.0,3329
kama,kama_20_2_30,adaptive_trend,4h,FTM,1d,6,195,86,109,-0.004544892522749759,0.055016846624742585,-0.9356434648336175,-1.1535733880513945,0.25009433785719587,0.49230769230769234,-0.7895975266366282,0.7969509373175538,-0.6948184756482766,0.0009828462633139493,-0.008906227711754155,-0.003544892522749758,0.0,0.0,3329
kama,kama_20_2_30,adaptive_trend,4h,FTM,3d,18,114,56,58,0.01616957167121427,0.11037685733473675,1.2686390537617487,1.564130255238302,0.12058325197920787,0.5701754385964912,-0.4252299078743431,1.5340685569221013,2.2864953248137954,0.033667531584399106,-0.0007250103139297147,0.01716957167121427,0.0,0.0,3329
kama,kama_20_2_30,adaptive_trend,4h,FTM,1w,42,62,31,31,0.03455088577564683,0.17212188779857454,1.2819883828201422,1.5805889078435895,0.1191438977015145,0.46774193548387094,-0.5670663983694154,1.79170418614595,2.7657173679861606,0.06560389807769482,0.0034978734735988276,0.03555088577564682,0.0,0.0,3329
kama,kama_10_3_50,adaptive_trend,4h,FTM,1d,6,186,95,91,0.0006470385933863909,0.05421025715794929,0.13202930888482267,0.1627815539751918,0.8708681033740339,0.46774193548387094,-0.4555071605965896,1.0337171725331564,-0.13671822423192426,0.0015690513188443126,-0.0003155021639597913,0.0016470385933863916,0.0,0.0,3329
kama,kama_10_3_50,adaptive_trend,4h,FTM,3d,18,102,54,48,0.018260474497459312,0.1006421567286171,1.486268827685313,1.832450320606908,0.06983070086103187,0.5784313725490197,-0.49152043998837336,1.6449494861201817,2.9066849873923553,0.02079916475302359,0.015404447959949498,0.019260474497459313,0.0,0.0,3329
kama,kama_10_3_50,adaptive_trend,4h,FTM,1w,42,54,28,26,0.03703271668700358,0.14917364195442082,1.4796381475203795,1.8242752234994777,0.07374992770302327,0.5185185185185185,-0.5496140649215243,2.043911217464664,3.255646146569271,0.045675514324822544,0.027725088461660077,0.03803271668700358,0.0,0.0,3329
kama,kama_5_2_30_tight,adaptive_trend,4h,FTM,1d,6,306,144,162,-0.0083446955023378,0.05493140906003519,-2.155339199780877,-2.6573604546400005,0.008290395732553676,0.45098039215686275,-0.9615805070303732,0.6597476115928133,-0.9522022621172512,-0.004988727673961414,-0.011327778016450145,-0.0073446955023378,0.0,0.0,3329
kama,kama_5_2_30_tight,adaptive_trend,4h,FTM,3d,18,147,63,84,-0.008732353803989228,0.10310274668147766,-0.8328847600637626,-1.0268801425273486,0.30617520270877774,0.42857142857142855,-0.9237805442959958,0.7906543089423715,-0.8762186263547879,0.009750534625950437,-0.022594520126443977,-0.007732353803989228,0.0,0.0,3329
kama,kama_5_2_30_tight,adaptive_trend,4h,FTM,1w,42,71,29,42,-0.00714675416403985,0.1491817138268405,-0.327406717324747,-0.403666236521255,0.6876886703613414,0.5070422535211268,-0.8496615014576934,0.8838290002846215,-0.7356091503649931,0.001514225814053418,-0.01312695462510425,-0.006146754164039849,0.0,0.0,3329
kama,kama_10_2_30,adaptive_trend,4h,NEAR,1d,6,348,187,161,-0.002650065900392523,0.051959775140454516,-0.6575539944053714,-0.9514348013173465,0.3420459272993241,0.5,-0.8469636220171464,0.8705328981671945,-0.754695792190782,-0.0064126177215498605,0.0017201029850510926,-0.0016500659003925223,0.0,0.0,4585
kama,kama_10_2_30,adaptive_trend,4h,NEAR,3d,18,179,90,89,0.002911855854287185,0.09903226164902394,0.27187675505371706,0.3933867159627814,0.6945046580989567,0.49162011173184356,-0.8276398747480144,1.0812663250418166,-0.27859476277520456,-0.0032314993034590943,0.009124237474480051,0.003911855854287186,0.0,0.0,4585
kama,kama_10_2_30,adaptive_trend,4h,NEAR,1w,42,92,43,49,0.014849520936273859,0.14602520652427534,0.6741102255132537,0.975390513834821,0.3319523740742124,0.5217391304347826,-0.6276732208121559,1.3073431080974538,0.5467594302890773,0.008811603150164932,0.020148101850614344,0.015849520936273863,0.0,0.0,4585
kama,kama_10_2_30_wide,adaptive_trend,4h,NEAR,1d,6,372,191,181,0.003924209677972196,0.05398319569516613,0.9689859312034634,1.4020551084440958,0.16173490703613908,0.5268817204301075,-0.5064501280944635,1.219404072594656,1.5283501908797703,0.002722121611908701,0.005192711449343067,0.004924209677972197,0.0,0.0,4585
kama,kama_10_2_30_wide,adaptive_trend,4h,NEAR,3d,18,183,93,90,0.0014816975537500002,0.10395929295168702,0.13325213589202567,0.19280655355487544,0.8473254525142679,0.4808743169398907,-0.8008034233183947,1.0392401351813279,-0.4855401893871837,-0.005693619952724613,0.008896192310440436,0.002481697553750001,0.0,0.0,4585
kama,kama_10_2_30_wide,adaptive_trend,4h,NEAR,1w,42,95,46,49,0.0029233736047453683,0.1566717044819836,0.12569208868266613,0.18186769214457965,0.8560781738436825,0.4842105263157895,-0.8697171663121426,1.0486011959562656,-0.5694885184228915,-0.005642539669190468,0.010964843208848392,0.003923373604745368,0.0,0.0,4585
kama,kama_20_2_30,adaptive_trend,4h,NEAR,1d,6,274,138,136,0.0030076376976439453,0.0547820853186777,0.6280795142767032,0.9087872828112641,0.3642639941647853,0.5218978102189781,-0.4397540054844289,1.1645186269955223,0.5046254958532346,0.0007678641507040866,0.005280349090862331,0.004007637697643946,0.0,0.0,4585
kama,kama_20_2_30,adaptive_trend,4h,NEAR,3d,18,157,71,86,0.007431994418293264,0.1009034717450084,0.6378249142728805,0.9228881973947207,0.3574906630171514,0.4840764331210191,-0.6001739316741965,1.2190557321015547,0.49210770476239696,0.006861407248236118,0.007903060570317188,0.008431994418293263,0.0,0.0,4585
kama,kama_20_2_30,adaptive_trend,4h,NEAR,1w,42,86,42,44,0.02550523331349716,0.1521861399669828,1.0741274414338153,1.5541875458520427,0.1238553305631742,0.5348837209302325,-0.6903801689854745,1.5275827480959794,2.5105163229140204,0.010432250540115632,0.03989308050627045,0.02650523331349717,0.0,0.0,4585
kama,kama_10_3_50,adaptive_trend,4h,NEAR,1d,6,247,124,123,0.0027443825444881556,0.06059513115697238,0.49193506784422847,0.7117957574855325,0.4772657193935683,0.5425101214574899,-0.7567513108704822,1.1406458905197787,0.2587902928091095,0.0030711824757539492,0.0024149257032120702,0.0037443825444881573,0.0,0.0,4585
kama,kama_10_3_50,adaptive_trend,4h,NEAR,3d,18,146,80,66,0.012020662870706423,0.10715208024867472,0.9368210177386336,1.3555147204118183,0.17736123204811896,0.5136986301369864,-0.7634911610453139,1.3565186537536305,1.5760600686296105,0.007398052201949913,0.01762382731768401,0.01302066287070642,0.0,0.0,4585
kama,kama_10_3_50,adaptive_trend,4h,NEAR,1w,42,80,48,32,0.030493166699740604,0.14648699279424168,1.2867697576817771,1.861866157239681,0.06634074325239972,0.625,-0.6057168657203066,1.6807182929006301,3.837566506591565,0.01345537176767173,0.05604985909784391,0.0314931666997406,0.0,0.0,4585
kama,kama_5_2_30_tight,adaptive_trend,4h,NEAR,1d,6,425,228,197,-0.003483837379193319,0.052737975566498396,-0.9411985995527946,-1.3618487761989373,0.17396872973452013,0.4611764705882353,-0.9239457190381845,0.8393364651526558,-0.8743878985507587,-0.0030475936037013475,-0.003988728652351539,-0.002483837379193318,0.0,0.0,4585
kama,kama_5_2_30_tight,adaptive_trend,4h,NEAR,3d,18,200,95,105,0.0006619465734147145,0.09922239793042825,0.06520495583664515,0.09434702660037261,0.924928422758531,0.445,-0.7353271680752456,1.0182321103046528,-0.550012906211847,0.002144258427080951,-0.0006791927227594992,0.0016619465734147153,0.0,0.0,4585
kama,kama_5_2_30_tight,adaptive_trend,4h,NEAR,1w,42,99,62,37,0.0019669250391207826,0.15045984619251468,0.08989534017110808,0.13007229192242717,0.8967758459859179,0.47474747474747475,-0.8371327528649546,1.0336637028461408,-0.5919673259906864,-0.0025907102598383227,0.009604043648187389,0.0029669250391207835,0.0,0.0,4585
kama,kama_10_2_30,adaptive_trend,4h,OP,1d,6,329,173,156,0.0011678348048258594,0.058489590858138873,0.26359526284557105,0.3621602488254435,0.7174655028167384,0.49240121580547114,-0.8349478847911143,1.0610649067631719,-0.14222692015136895,-0.0021898604377379996,0.0048914327340793705,0.00216783480482586,0.0,0.0,4134
kama,kama_10_2_30,adaptive_trend,4h,OP,3d,18,170,88,82,-0.0016281726500181665,0.0997855099233679,-0.15484395525123903,-0.21274405601043903,0.8317829983996519,0.5235294117647059,-0.8041514675129077,0.9562933115842354,-0.6745029170237772,-0.01215395603751816,0.009667790009737923,-0.0006281726500181655,0.0,0.0,4134
kama,kama_10_2_30,adaptive_trend,4h,OP,1w,42,84,45,39,0.0044586631329356285,0.14397911218602194,0.20657684212645921,0.28382118759821195,0.7772542158465849,0.4880952380952381,-0.6471977564790776,1.0907680730745009,-0.35703262992515983,-0.026530626125319055,0.04021553535399872,0.005458663132935632,0.0,0.0,4134
kama,kama_10_2_30_wide,adaptive_trend,4h,OP,1d,6,362,197,165,0.0009720638607809725,0.059811981111656795,0.2250596900123203,0.3092152433072778,0.7573361876326048,0.46408839779005523,-0.7901601150082389,1.0488275036922232,-0.22634402378782326,-0.0033593748240895293,0.006143539139080907,0.001972063860780973,0.0,0.0,4134
kama,kama_10_2_30_wide,adaptive_trend,4h,OP,3d,18,178,99,79,0.006975423635354892,0.10774331702220008,0.6286762720987109,0.8637543508029961,0.3888918136669316,0.5224719101123596,-0.7681486440207654,1.2117208796936465,0.3432836987199528,-0.006810031970950866,0.024250868002750715,0.007975423635354894,0.0,0.0,4134
kama,kama_10_2_30_wide,adaptive_trend,4h,OP,1w,42,89,51,38,-0.013714330509464644,0.1348904079103505,-0.6981124258573456,-0.9591544518944994,0.3401088422944606,0.4044943820224719,-0.9275757166722673,0.755065661231533,-0.8701596952951224,-0.043056799790103795,0.025666351946129994,-0.012714330509464642,0.0,0.0,4134
kama,kama_20_2_30,adaptive_trend,4h,OP,1d,6,252,116,136,0.005042647554963328,0.060600721720043736,0.9614305332681646,1.3209339098053812,0.1877264029862152,0.5119047619047619,-0.48122086260735275,1.2773864259302252,1.3036952442308292,0.001660201129539298,0.007927675388413236,0.006042647554963329,0.0,0.0,4134
kama,kama_20_2_30,adaptive_trend,4h,OP,3d,18,142,68,74,-0.0009183829893847228,0.10145297539172206,-0.07851272228438569,-0.10787062988736033,0.9142516602717029,0.5,-0.839015101807445,0.974943521879962,-0.5621899506387176,-0.009004760228837137,0.006512342041463442,8.161701061527801e-05,0.0,0.0,4134
kama,kama_20_2_30,adaptive_trend,4h,OP,1w,42,78,40,38,0.0174902672399208,0.14572958559595584,0.7714945064819156,1.0599759624612233,0.29246918394387506,0.47435897435897434,-0.7338262668281237,1.400554780125457,0.8201844578283253,-0.015378675514522305,0.052089154349860896,0.0184902672399208,0.0,0.0,4134
kama,kama_10_3_50,adaptive_trend,4h,OP,1d,6,235,119,116,0.004557150569485136,0.061089921960667155,0.8323281059736678,1.1435567950264414,0.2539760205719051,0.502127659574468,-0.5083611155571949,1.2458655796544607,0.9333534665936336,-0.0014451639313623845,0.0107146973419063,0.005557150569485137,0.0,0.0,4134
kama,kama_10_3_50,adaptive_trend,4h,OP,3d,18,128,69,59,-0.003122040108081494,0.09945731287004855,-0.25848989064486155,-0.35514584785861464,0.7230694536228188,0.5,-0.801569867967179,0.9123676417174679,-0.6312393228668232,-0.01405001186510506,0.009658130251827421,-0.002122040108081493,0.0,0.0,4134
kama,kama_10_3_50,adaptive_trend,4h,OP,1w,42,72,43,29,0.00570615662207688,0.14035773687095826,0.2510790058670838,0.3449638444107414,0.7311413911730604,0.5138888888888888,-0.7159796379943002,1.1102128108350147,-0.27088343757198496,-0.02158042749999808,0.04616557445825699,0.006706156622076881,0.0,0.0,4134
kama,kama_5_2_30_tight,adaptive_trend,4h,OP,1d,6,400,192,208,0.0010700576945468388,0.05468302132215723,0.2848534666771484,0.3913674367927647,0.6957345735093962,0.495,-0.6497164177511467,1.0575542063509047,-0.1539161097107291,-0.0026093225182737792,0.004466408660227409,0.0020700576945468395,0.0,0.0,4134
kama,kama_5_2_30_tight,adaptive_trend,4h,OP,3d,18,187,80,107,0.011065020227973218,0.10588859908085445,1.0400653647609843,1.4289723086459198,0.1546894416557209,0.5454545454545454,-0.6542306450018628,1.3518982077360893,1.9715354461202166,0.0015521251887970614,0.018177465117076894,0.01206502022797322,0.0,0.0,4134
kama,kama_5_2_30_tight,adaptive_trend,4h,OP,1w,42,89,47,42,0.019919765027008755,0.1506186483640749,0.9081075571236695,1.2476721140502836,0.21546109663141835,0.47191011235955055,-0.5427337856621013,1.4579183265699258,1.3984870661689088,-0.017639290958002332,0.061950137200711644,0.020919765027008753,0.0,0.0,4134
kama,kama_10_2_30,adaptive_trend,4h,ARB,1d,6,242,122,120,0.0125367735794503,0.05485937957181122,2.917355557014355,3.555024300152023,0.0004547706084344652,0.5578512396694215,-0.2783737295985266,1.8699221428471218,13.392953422552871,0.012060954364947096,0.013020523114195224,0.013536773579450299,0.0,0.0,3252
kama,kama_10_2_30,adaptive_trend,4h,ARB,3d,18,129,62,67,0.005045755368360499,0.09540768296414898,0.49292913264617,0.6006724276705542,0.5491203071187346,0.4883720930232558,-0.5251926873869839,1.1443628687954723,0.07799674287918523,-0.010121428383302452,0.019081059735570997,0.0060457553683605,0.0,0.0,3252
kama,kama_10_2_30,adaptive_trend,4h,ARB,1w,42,67,34,33,0.01772969893953477,0.14146472176200373,0.8418552055721932,1.0258659441845668,0.3087000525909114,0.5373134328358209,-0.6211136749725388,1.403829905672394,0.7138803416926642,-0.005043984688842458,0.04119349419301434,0.018729698939534772,0.0,0.0,3252
kama,kama_10_2_30_wide,adaptive_trend,4h,ARB,1d,6,276,143,133,0.005818077455198998,0.056760596111337464,1.3974422863214375,1.7028919474652389,0.08971816951943447,0.5289855072463768,-0.4992167627441796,1.3237864542470545,2.2253297778783137,0.0051983341657895026,0.006484417984413718,0.006818077455198999,0.0,0.0,3252
kama,kama_10_2_30_wide,adaptive_trend,4h,ARB,3d,18,142,66,76,0.008683765680528633,0.09980979756464724,0.8507968680361281,1.0367620542821572,0.3016215114083349,0.4859154929577465,-0.6256319514594313,1.2435852035839694,0.7260624333669194,0.0016287237637888103,0.014810512608223738,0.009683765680528634,0.0,0.0,3252
kama,kama_10_2_30_wide,adaptive_trend,4h,ARB,1w,42,69,35,34,-0.005925259611226691,0.12833795479869764,-0.31471946454334465,-0.3835101078071705,0.7025380153089177,0.4057971014492754,-0.6837024510407901,0.8867015306062497,-0.616652705574013,-0.02187685013351962,0.010495495338192499,-0.00492525961122669,0.0,0.0,3252
kama,kama_20_2_30,adaptive_trend,4h,ARB,1d,6,187,87,100,0.0026509021527495926,0.0548278841548538,0.5425750305757181,0.6611698096636611,0.509321564151927,0.5294117647058824,-0.47294935232143287,1.1378840747780161,0.2408465159075659,0.003811305329933714,0.0016413513885994069,0.0036509021527495935,0.0,0.0,3252
kama,kama_20_2_30,adaptive_trend,4h,ARB,3d,18,110,50,60,0.011918695455522084,0.10431256635168404,0.9834113676402667,1.1983631205326133,0.2333747569719916,0.4727272727272727,-0.630492931109081,1.3551948546042913,1.1252486416514826,0.012263774815727498,0.011631129322017568,0.01291869545552208,0.0,0.0,3252
kama,kama_20_2_30,adaptive_trend,4h,ARB,1w,42,59,30,29,0.05188402106454965,0.1392365746898843,2.3488381435557293,2.8622416823303576,0.0058430166889274935,0.5932203389830508,-0.28556590873335885,2.6631115836194144,11.04414650914664,0.03212893588695261,0.07232031607585694,0.05288402106454965,0.0,0.0,3252
kama,kama_10_3_50,adaptive_trend,4h,ARB,1d,6,187,92,95,0.003142147463293244,0.05469961572720641,0.6446290601665956,0.7855305699596397,0.4331420430530025,0.5187165775401069,-0.603638874026047,1.1723537166949438,0.3671145019242217,0.001072430626774322,0.005146504820764201,0.0041421474632932455,0.0,0.0,3252
kama,kama_10_3_50,adaptive_trend,4h,ARB,3d,18,104,50,54,0.012289153529834295,0.10500508308024618,0.9794338413813082,1.1935161959021576,0.23540904213448183,0.5096153846153846,-0.6383529566001898,1.377132362897367,1.0651672398635745,0.009097656118224124,0.015244243725769638,0.013289153529834296,0.0,0.0,3252
kama,kama_10_3_50,adaptive_trend,4h,ARB,1w,42,58,31,27,0.02017878625915376,0.1432198353597567,0.8805472310754817,1.0730151819782157,0.2877861416547146,0.5344827586206896,-0.5840956988168295,1.4366075122263373,0.7715787952224908,0.0031577511895166986,0.039721456153922245,0.021178786259153762,0.0,0.0,3252
kama,kama_5_2_30_tight,adaptive_trend,4h,ARB,1d,6,310,169,141,-0.0005801497127162588,0.056669525610447996,-0.14791701711651847,-0.18024837219134973,0.8570757372893992,0.47419354838709676,-0.6522323118168383,0.9723692736189213,-0.4930018409128284,-0.003986424583212838,0.0035025485363186478,0.0004198502872837421,0.0,0.0,3252
kama,kama_5_2_30_tight,adaptive_trend,4h,ARB,3d,18,146,77,69,0.0007638388796611003,0.09130358177508194,0.08295396751494766,0.10108585139737541,0.919621952225494,0.5,-0.7519901705245834,1.0219489001062885,-0.3883019244172834,-0.0072283599253399645,0.009682669430169535,0.0017638388796611013,0.0,0.0,3252
kama,kama_5_2_30_tight,adaptive_trend,4h,ARB,1w,42,70,37,33,0.04085925030950788,0.1575802464835098,1.7802640723190197,2.1693900226062066,0.03350064416777332,0.5571428571428572,-0.5624695453507909,1.9637029371049772,6.66024644265917,0.014647677134070065,0.07024798386984725,0.04185925030950788,0.0,0.0,3252
kama,kama_10_2_30,adaptive_trend,4h,SUI,1d,6,255,135,120,0.0026647242471185433,0.06122729943906359,0.5818007893630551,0.6949879258250666,0.4876981409738425,0.4823529411764706,-0.7528570901030847,1.130823953521754,0.2419130725605454,0.0004859750967378344,0.005115817041296841,0.0036647242471185442,0.0,0.0,3125
kama,kama_10_2_30,adaptive_trend,4h,SUI,3d,18,131,64,67,0.015675333609576278,0.0931997003489143,1.611517295196441,1.9250318715550994,0.05640966394038819,0.5267175572519084,-0.43335102437814443,1.6010082055216925,3.5112467731351824,0.016885061871677,0.01451977228458454,0.016675333609576275,0.0,0.0,3125
kama,kama_10_2_30,adaptive_trend,4h,SUI,1w,42,64,37,27,0.0011463982101033183,0.14836595301547492,0.05174737001571507,0.06181462454441936,0.9509061501744355,0.46875,-0.6285042374806589,1.0223460411572467,-0.42585223286597795,-0.00020385667403887952,0.0029967474957796674,0.002146398210103319,0.0,0.0,3125
kama,kama_10_2_30_wide,adaptive_trend,4h,SUI,1d,6,268,144,124,0.002336414729663402,0.06036758296148535,0.530408642063369,0.6335976312285135,0.5268858197334564,0.48507462686567165,-0.6881746487993514,1.1145145622527444,0.1653852783838834,-0.0009623011357883322,0.006167181541155738,0.003336414729663403,0.0,0.0,3125
kama,kama_10_2_30_wide,adaptive_trend,4h,SUI,3d,18,132,65,67,0.008284610235510418,0.0937284321151293,0.8501288233007486,1.0155181608411377,0.3117308158119513,0.4772727272727273,-0.41249570874353303,1.2600304631914512,0.7141012700827345,0.002647205825360273,0.013753733916999368,0.009284610235510419,0.0,0.0,3125
kama,kama_10_2_30_wide,adaptive_trend,4h,SUI,1w,42,66,31,35,-0.007427388060533405,0.14493684229441223,-0.3485188997577023,-0.41632192957079683,0.6785459563046702,0.48484848484848486,-0.855606458919654,0.8689357966597487,-0.6875077368002153,-0.012464990789464059,-0.0029655113577662534,-0.006427388060533404,0.0,0.0,3125
kama,kama_20_2_30,adaptive_trend,4h,SUI,1d,6,203,103,100,0.005459916894998387,0.05817109006706729,1.1194994790382413,1.3372938557728884,0.1826306209363604,0.47783251231527096,-0.5325674029724443,1.2946389873861255,1.1812128119459868,0.003920735034391561,0.007045274211423417,0.0064599168949983875,0.0,0.0,3125
kama,kama_20_2_30,adaptive_trend,4h,SUI,3d,18,108,51,57,0.005050492981421441,0.09431882848172134,0.465848067704468,0.5564770420438734,0.5790467508642885,0.4444444444444444,-0.5216457150311984,1.1516125254921157,0.0921467193124137,0.005836872433155863,0.004346890314080117,0.006050492981421442,0.0,0.0,3125
kama,kama_20_2_30,adaptive_trend,4h,SUI,1w,42,58,31,27,-0.0023016470047230635,0.14522986476361974,-0.10104011425379487,-0.12069708517798687,0.9043554271335478,0.4482758620689655,-0.7261349917716537,0.956478659720888,-0.49538467663245045,-0.016847539874733645,0.014399192957140934,-0.0013016470047230626,0.0,0.0,3125
kama,kama_10_3_50,adaptive_trend,4h,SUI,1d,6,194,112,82,0.004482658891697538,0.056443308990239555,0.9260216440651496,1.1061756419796707,0.2700274157540106,0.5,-0.6664092148197568,1.2485441223097655,0.7611430708579376,-0.00046422495270743893,0.011239378288933606,0.00548265889169754,0.0,0.0,3125
kama,kama_10_3_50,adaptive_trend,4h,SUI,3d,18,101,59,42,-0.017492097128666322,0.08601657435711836,-1.7108718121421285,-2.0437154328631375,0.043610916110442016,0.39603960396039606,-0.8939294742837653,0.5971250016031691,-0.8857209764732265,-0.02431490251374004,-0.007907680040110384,-0.016492097128666318,0.0,0.0,3125
kama,kama_10_3_50,adaptive_trend,4h,SUI,1w,42,54,30,24,-5.308526593976408e-06,0.15593231856129147,-0.00020942657361899925,-0.00025016971903985084,0.9998013327133649,0.46296296296296297,-0.7373973659296675,0.9999058919628548,-0.43952879466399386,-0.0007409440474626883,0.0009142358744919088,0.0009946914734060245,0.0,0.0,3125
kama,kama_5_2_30_tight,adaptive_trend,4h,SUI,1d,6,300,155,145,0.003022835118916816,0.057906255767164176,0.7569141930225719,0.9041689778596161,0.3666337173880295,0.47333333333333333,-0.5451013636888337,1.153843145793225,0.5120455144201721,0.00204912142391954,0.004063701482534593,0.004022835118916816,0.0,0.0,3125
kama,kama_5_2_30_tight,adaptive_trend,4h,SUI,3d,18,137,79,58,0.009140644080490683,0.09762727798008992,0.9174088983560521,1.0958873192660188,0.27506492049998615,0.5255474452554745,-0.5819388619123603,1.2878481586669042,0.8808784482651713,0.008871073896118296,0.009507817262653078,0.010140644080490686,0.0,0.0,3125
kama,kama_5_2_30_tight,adaptive_trend,4h,SUI,1w,42,68,42,26,-0.023194661623961853,0.13441355763065266,-1.191232320160312,-1.4229820490108964,0.15938108632395406,0.39705882352941174,-0.9045113957886975,0.6179371409261637,-0.890741560056224,-0.024910046019518177,-0.02042365606190933,-0.022194661623961855,0.0,0.0,3125
kama,kama_10_2_30,adaptive_trend,4h,DOGE,1d,6,367,189,178,-0.0034546028241408556,0.04838971620768863,-0.9452147021673564,-1.3676597967777282,0.17225778755960947,0.44959128065395093,-0.9349138060246674,0.8171003686798105,-0.8165048574842642,-0.0030751783389284474,-0.003857474889900098,-0.002454602824140855,0.0,0.0,4585
kama,kama_10_2_30,adaptive_trend,4h,DOGE,3d,18,185,96,89,-0.0008418120568849752,0.09596763468469297,-0.08245720361231873,-0.11930982672687665,0.9051600610181595,0.4486486486486487,-0.728262793931759,0.9751298678249133,-0.6184984163444405,-0.005264124359639542,0.003928322561816581,0.00015818794311502573,0.0,0.0,4585
kama,kama_10_2_30,adaptive_trend,4h,DOGE,1w,42,95,54,41,0.010676766838241997,0.1706024667655329,0.42156897539012733,0.6099809259079555,0.5433462435372721,0.4421052631578947,-0.6855789705845635,1.2272391155928746,-0.08216765024784434,0.013911491664702591,0.00641639755461097,0.011676766838242002,0.0,0.0,4585
kama,kama_10_2_30_wide,adaptive_trend,4h,DOGE,1d,6,389,200,189,0.0003513528562291029,0.053753736794455435,0.08909678149417782,0.12891683317289518,0.8974902551929708,0.46272493573264784,-0.8003847534387878,1.0186600011046922,-0.33343434174912545,-0.001983419936379617,0.0028220118960266918,0.001351352856229104,0.0,0.0,4585
kama,kama_10_2_30_wide,adaptive_trend,4h,DOGE,3d,18,195,100,95,-0.002270880601477799,0.08413292349364573,-0.2604941731723682,-0.37691691329577304,0.7066473074449745,0.4564102564102564,-0.839244788985482,0.9281093095261957,-0.6810801766883912,-0.008869736133606258,0.004675283116552157,-0.001270880601477798,0.0,0.0,4585
kama,kama_10_2_30_wide,adaptive_trend,4h,DOGE,1w,42,97,56,41,0.02333598996747101,0.17367780645024083,0.9145767539654026,1.3233288210581484,0.18886912207835518,0.4536082474226804,-0.6746439381532023,1.5331614165768799,1.9085028126742558,0.024839221704358056,0.021282795400015535,0.024335989967471012,0.0,0.0,4585
kama,kama_20_2_30,adaptive_trend,4h,DOGE,1d,6,282,138,144,-0.0028756926447348705,0.048689788927902496,-0.6854590525265403,-0.9918114755603074,0.32214276863349783,0.450354609929078,-0.8030895906862068,0.8482907023425168,-0.6815915922538712,-0.0005853073536659881,-0.00507064521534255,-0.0018756926447348696,0.0,0.0,4585
kama,kama_20_2_30,adaptive_trend,4h,DOGE,3d,18,157,78,79,0.0019518599661267461,0.08350071094147493,0.20242339149834604,0.29289253948852456,0.7699935207792834,0.47770700636942676,-0.5585896195139304,1.0644246767718752,-0.20886234353779254,-0.0040989089720234895,0.007926036892401662,0.002951859966126747,0.0,0.0,4585
kama,kama_20_2_30,adaptive_trend,4h,DOGE,1w,42,88,49,39,0.02347583624463105,0.17987856098492935,0.8461266818254648,1.2242863373370765,0.22414919027613955,0.5113636363636364,-0.5612864930784935,1.5470320331481024,1.6899227817371938,0.03001952014734974,0.015254284674548594,0.024475836244631045,0.0,0.0,4585
kama,kama_10_3_50,adaptive_trend,4h,DOGE,1d,6,261,127,134,0.0032345411284692782,0.048512450219416435,0.7444441281178326,1.0771587689436282,0.28240775056647455,0.524904214559387,-0.5171965795740161,1.2086590591995967,0.7310397100771504,-6.295168765686022e-06,0.006306080007191969,0.004234541128469279,0.0,0.0,4585
kama,kama_10_3_50,adaptive_trend,4h,DOGE,3d,18,146,72,74,0.006515325413330122,0.08333661631780362,0.6528735346637717,0.9446625022784673,0.3464026492745208,0.4931506849315068,-0.5989289245802745,1.2285712860009834,0.5795803149932492,0.002562827977236342,0.010360998594394339,0.007515325413330123,0.0,0.0,4585
kama,kama_10_3_50,adaptive_trend,4h,DOGE,1w,42,82,36,46,0.008599657352135567,0.12393633576573422,0.4342519818037027,0.6283323522392928,0.5315539754267203,0.4634146341463415,-0.6531755338326861,1.204669979814748,0.09784402490293242,-0.001036815440396771,0.016141244754986964,0.009599657352135568,0.0,0.0,4585
kama,kama_5_2_30_tight,adaptive_trend,4h,DOGE,1d,6,443,249,194,0.0006584331446001192,0.0483421061831393,0.19812549613684782,0.2866737844446173,0.7744964412888559,0.5191873589164786,-0.47759245411989537,1.0381235846032142,-0.2084945121960181,-0.0005538899608171429,0.0022144560994913475,0.00165843314460012,0.0,0.0,4585
kama,kama_5_2_30_tight,adaptive_trend,4h,DOGE,3d,18,202,105,97,-0.0011241577475927112,0.08585300858105939,-0.1286174251998703,-0.1861004502020369,0.8525536692312822,0.47029702970297027,-0.7014456063330188,0.9657504490385116,-0.6222860063182118,-0.009542729078739173,0.007988728744885416,-0.00012415774759271038,0.0,0.0,4585
kama,kama_5_2_30_tight,adaptive_trend,4h,DOGE,1w,42,97,45,52,0.014305955712317754,0.12719010630350489,0.7655997809209445,1.1077695240948755,0.2707291750142192,0.5051546391752577,-0.5292380636461886,1.3584047156125336,0.8284984093530683,0.009419069628118396,0.018534991746721043,0.015305955712317755,0.0,0.0,4585
kama,kama_10_2_30,adaptive_trend,4h,XRP,1d,6,372,181,191,-0.0005459330159224404,0.040785159925207426,-0.1784271946723429,-0.25817171510943127,0.7964175423861956,0.45161290322580644,-0.561076627195258,0.9612111726083657,-0.40423249876836265,0.0007344550250490101,-0.0017592850338063804,0.0004540669840775605,0.0,0.0,4585
kama,kama_10_2_30,adaptive_trend,4h,XRP,3d,18,193,93,100,0.0022630456569395856,0.07187042292899751,0.30232506668483783,0.43744330078119054,0.6622815377087525,0.5077720207253886,-0.8301774942499756,1.0941574495469777,-0.06815206917406069,0.002048068901472035,0.002462974039524406,0.0032630456569395865,0.0,0.0,4585
kama,kama_10_2_30,adaptive_trend,4h,XRP,1w,42,96,48,48,-0.004298691974419683,0.13833023734323568,-0.2104297835292991,-0.30447723074741845,0.7614303191903085,0.40625,-0.9053778275994322,0.9024043559680505,-0.6919848844356606,0.0076217091163653175,-0.01621909306520469,-0.0032986919744196867,0.0,0.0,4585
kama,kama_10_2_30_wide,adaptive_trend,4h,XRP,1d,6,403,196,207,-0.0008652236166579801,0.040067893024743534,-0.2995965238742797,-0.4334952895016046,0.6648875076766362,0.4640198511166253,-0.7739367749630246,0.9379880316644797,-0.49070205149997714,0.00015109594731169072,-0.0018275358608031758,0.00013477638334202075,0.0,0.0,4585
kama,kama_10_2_30_wide,adaptive_trend,4h,XRP,3d,18,194,103,91,-0.0008495853582802214,0.0765365766639104,-0.10685411173238367,-0.15461045242068341,0.8772899924137295,0.4484536082474227,-0.88830911521905,0.967018609334922,-0.5106930948926849,-0.002521903444623648,0.0010432581899986022,0.00015041464171977947,0.0,0.0,4585
kama,kama_10_2_30_wide,adaptive_trend,4h,XRP,1w,42,97,53,44,0.014112276717656642,0.1441962099732703,0.6661645110750684,0.9638936188237038,0.33752104552741263,0.4948453608247423,-0.4970957378309693,1.416101106182431,0.7941823058574318,0.030002832548050376,-0.005028620078044898,0.015112276717656645,0.0,0.0,4585
kama,kama_20_2_30,adaptive_trend,4h,XRP,1d,6,302,163,139,-0.002363036902871549,0.04086202090233559,-0.6945548067017218,-1.0049723979182061,0.3157173441872862,0.4503311258278146,-0.6671007438150263,0.8379675209132076,-0.6188325422381582,-0.0012620787767912691,-0.0036540885183469853,-0.0013630369028715483,0.0,0.0,4585
kama,kama_20_2_30,adaptive_trend,4h,XRP,3d,18,164,93,71,-0.0014316280417538854,0.07836098133885862,-0.16169799757233408,-0.23396573285630964,0.8153051803366955,0.45121951219512196,-0.7331046619815609,0.9465196542825969,-0.5179143092939533,-0.002438206397884714,-0.00011315216682195508,-0.0004316280417538845,0.0,0.0,4585
kama,kama_20_2_30,adaptive_trend,4h,XRP,1w,42,87,51,36,0.01585069182618827,0.11853159513614558,0.8620373976106452,1.247308034172147,0.21567059169725286,0.5057471264367817,-0.5083575140934947,1.522988023291069,1.3193282523732397,0.02184883557968548,0.007353321508733878,0.016850691826188265,0.0,0.0,4585
kama,kama_10_3_50,adaptive_trend,4h,XRP,1d,6,266,127,139,-0.0025028418693592907,0.04072271276819839,-0.692771345779569,-1.0023918542631405,0.31706878781910414,0.4323308270676692,-0.6030623616113363,0.8344931543662071,-0.5864596210592841,0.0010889686237720532,-0.0057845680033713825,-0.00150284186935929,0.0,0.0,4585
kama,kama_10_3_50,adaptive_trend,4h,XRP,3d,18,154,73,81,-0.006023235702405795,0.06441565393943038,-0.8019571913719407,-1.160376163067753,0.2477031024021556,0.43506493506493504,-0.7757806398932141,0.7733937677952833,-0.7160309051061232,-0.005235395386751583,-0.00673326462885959,-0.005023235702405794,0.0,0.0,4585
kama,kama_10_3_50,adaptive_trend,4h,XRP,1w,42,83,41,42,0.006402149690647555,0.1069706443058759,0.3768362264758675,0.5452557559025557,0.5870577112771751,0.4457831325301205,-0.373853329442132,1.1893606528348815,0.08844896748808817,0.010126540434849778,0.0027664349165453846,0.007402149690647556,0.0,0.0,4585
kama,kama_5_2_30_tight,adaptive_trend,4h,XRP,1d,6,461,234,227,0.0005113400829758144,0.04331547881341549,0.17517396823255726,0.2534645231864671,0.8000225142693443,0.45770065075921906,-0.6024696877769212,1.0381888366287952,-0.17264388057404967,0.000590407359612326,0.0004298346083813487,0.0015113400829758154,0.0,0.0,4585
kama,kama_5_2_30_tight,adaptive_trend,4h,XRP,3d,18,206,89,117,-0.0031760460309433534,0.07721792158457348,-0.4079948468764744,-0.5903401080050511,0.5556128515746807,0.49029126213592233,-0.8707681111559559,0.8837269296595299,-0.7215311892027325,0.004711271009437094,-0.00917580001892506,-0.0021760460309433525,0.0,0.0,4585
kama,kama_5_2_30_tight,adaptive_trend,4h,XRP,1w,42,101,46,55,0.014804147795948025,0.1346879242536838,0.7634275469735214,1.104626452967994,0.2719722707237572,0.5247524752475248,-0.48218463299838066,1.4170333496325718,1.041408886569589,0.030090259085211443,0.0020194001722004563,0.015804147795948027,0.0,0.0,4585
kama,kama_10_2_30,adaptive_trend,4h,RENDER,1d,6,141,76,65,0.0034212680758449214,0.0572875522866986,0.7872537502622802,0.7091472035798121,0.4794124162732081,0.524822695035461,-0.4394808196935811,1.1852794614267286,0.2921929126190148,-0.0020965081143832645,0.009872821775188646,0.004421268075844922,0.0,0.0,1777
kama,kama_10_2_30,adaptive_trend,4h,RENDER,3d,18,76,37,39,-0.002997829902618876,0.08945057369420786,-0.3243463362944541,-0.29216665820637866,0.7709658864216148,0.5131578947368421,-0.554739653120413,0.9145504808305986,-0.4075356399618808,-0.01883568452200672,0.012027827043979849,-0.001997829902618875,0.0,0.0,1777
kama,kama_10_2_30,adaptive_trend,4h,RENDER,1w,42,37,21,16,0.023506103615195152,0.16392232722773203,0.9683263289956426,0.8722548582730664,0.3888499713894117,0.43243243243243246,-0.43855050852103594,1.4608705490559988,0.5349163711054781,-0.006021806539890711,0.062261485693745344,0.024506103615195153,0.0,0.0,1777
kama,kama_10_2_30_wide,adaptive_trend,4h,RENDER,1d,6,158,78,80,-0.0010260298099567403,0.05645963517972502,-0.2535880582297441,-0.22842858772656885,0.8196103213214699,0.47468354430379744,-0.47230931972617796,0.951259304044085,-0.3364422205123535,-0.006660230398601147,0.0044673157639715565,-2.6029809956739358e-05,0.0,0.0,1777
kama,kama_10_2_30_wide,adaptive_trend,4h,RENDER,3d,18,79,33,46,0.002629390760987585,0.09379924032951341,0.2765971498470022,0.24915485669874485,0.8038959219188735,0.5063291139240507,-0.49214367497088196,1.0765178314881574,-0.1208364468000247,-0.017035512528561645,0.016736821381751164,0.003629390760987586,0.0,0.0,1777
kama,kama_10_2_30_wide,adaptive_trend,4h,RENDER,1w,42,38,23,15,0.010801710437769788,0.1410065151753919,0.5242319585721713,0.4722208402624555,0.6395425437253839,0.42105263157894735,-0.3657685503283131,1.2576664860715645,0.08261129994583127,-0.01164237859230267,0.04521598028388089,0.01180171043776979,0.0,0.0,1777
kama,kama_20_2_30,adaptive_trend,4h,RENDER,1d,6,110,53,57,-0.0007054758467654828,0.05263707367212041,-0.15605047633569705,-0.14056809367232484,0.8884705952222063,0.4727272727272727,-0.29797086018265573,0.9648958093069355,-0.2023942890519973,4.903846156485886e-05,-0.0014070417825814145,0.00029452415323451807,0.0,0.0,1777
kama,kama_20_2_30,adaptive_trend,4h,RENDER,3d,18,60,36,24,-0.027476470617538492,0.07666989941172114,-3.081697610392934,-2.775950247249584,0.007363392087478657,0.38333333333333336,-0.8470861992809658,0.38906770035642535,-0.8436697120538361,-0.04019176463655151,-0.008403529589018965,-0.02647647061753849,0.0,0.0,1777
kama,kama_20_2_30,adaptive_trend,4h,RENDER,1w,42,32,17,15,-0.01338913714465698,0.11170795077684863,-0.7526998643150148,-0.6780215448145723,0.5027879025543912,0.34375,-0.6572351031994954,0.7370537814471892,-0.46378686626926247,-0.044083688204294355,0.021398020722932044,-0.012389137144656979,0.0,0.0,1777
kama,kama_10_3_50,adaptive_trend,4h,RENDER,1d,6,106,63,43,0.00022688655979628431,0.05102251098547329,0.05082509726131226,0.04578253908923737,0.9635705362296366,0.49056603773584906,-0.35811436027322996,1.011292193731508,-0.10472818719763521,-0.007371935840667096,0.01136004496047519,0.0012268865597962852,0.0,0.0,1777
kama,kama_10_3_50,adaptive_trend,4h,RENDER,3d,18,56,35,21,-0.01935747774839133,0.09400656787352972,-1.7106569596116552,-1.5409359419231627,0.12906667036665873,0.26785714285714285,-0.7575591955154073,0.5588386135519523,-0.7336248345444418,-0.02835252244342763,-0.004365736589997494,-0.01835747774839133,0.0,0.0,1777
kama,kama_5_2_30_tight,adaptive_trend,4h,RENDER,1d,6,178,96,82,0.0033273709769850402,0.05567075918517922,0.8852428444613021,0.7974144136241013,0.42627882069569406,0.5,-0.49440428546768134,1.1777098237914316,0.377189916319149,0.000798109050474218,0.006288458110461125,0.004327370976985041,0.0,0.0,1777
kama,kama_5_2_30_tight,adaptive_trend,4h,RENDER,3d,18,79,41,38,0.0003384792023771072,0.08997264905752375,0.03712046180482248,0.033437594518553986,0.9734110493904495,0.5063291139240507,-0.7041117600776952,1.0101260726374257,-0.24443711938287138,-0.01727741357274069,0.019345100354477885,0.001338479202377108,0.0,0.0,1777
kama,kama_5_2_30_tight,adaptive_trend,4h,RENDER,1w,42,38,18,20,0.04856664950814648,0.16136355435276728,2.0596946168222816,1.855344197803178,0.07152742650879566,0.5263157894736842,-0.27397312973772747,2.480978674708516,3.0249849902115065,0.02241412086121202,0.07210392529038748,0.04956664950814648,0.0,0.0,1777
kama,kama_10_2_30,adaptive_trend,4h,FET,1d,6,349,177,172,0.003310028796433026,0.07041090427677497,0.6069556395109457,0.8782225082652806,0.380428916789866,0.47564469914040114,-0.616643035310892,1.158799797923324,0.49490748997194567,-0.0006199457041713957,0.007354246741822459,0.004310028796433027,0.0,0.0,4585
kama,kama_10_2_30,adaptive_trend,4h,FET,3d,18,187,104,83,0.015093663208103122,0.12589973885318964,1.1330341936421884,1.6394215107590702,0.102815752236815,0.5240641711229946,-0.7523248045278066,1.414546989562164,3.502560475850082,0.001105309043177678,0.03262123951114223,0.016093663208103123,0.0,0.0,4585
kama,kama_10_2_30,adaptive_trend,4h,FET,1w,42,95,53,42,0.01785791439586939,0.19193921347333479,0.6267310566915874,0.9068361586670944,0.3668122414787821,0.5052631578947369,-0.8513228562307618,1.2859479432169991,0.039359184121612545,0.009592210199941064,0.02828844588120751,0.018857914395869382,0.0,0.0,4585
kama,kama_10_2_30_wide,adaptive_trend,4h,FET,1d,6,379,182,197,0.004406946856343841,0.06970098234665731,0.8506891756567805,1.2308879479254744,0.21913011539717442,0.48548812664907653,-0.6549771833094904,1.2154979031043698,1.368804242084567,0.0022407574105672142,0.0064081980194471205,0.0054069468563438415,0.0,0.0,4585
kama,kama_10_2_30_wide,adaptive_trend,4h,FET,3d,18,194,101,93,0.011069941611106571,0.1229078453183651,0.8669997602525554,1.2544882270603979,0.21118171671571925,0.5103092783505154,-0.8634525390065602,1.2921109754435482,1.2503521624008833,0.002298546212321006,0.02059586564634681,0.01206994161110657,0.0,0.0,4585
kama,kama_10_2_30_wide,adaptive_trend,4h,FET,1w,42,96,49,47,0.0006059363939743522,0.17780281574645998,0.02307684365027809,0.03339058440864435,0.9734331735856412,0.4583333333333333,-0.9568980159665608,1.008967577329798,-0.7633217045941966,-0.01123774138930394,0.012953600465902788,0.001605936393974346,0.0,0.0,4585
kama,kama_20_2_30,adaptive_trend,4h,FET,1d,6,265,140,125,0.0015228964278214629,0.06716892264690104,0.25508052951323495,0.3690837482278789,0.7123611400352676,0.4830188679245283,-0.7066423483636759,1.0693863049250842,-0.13111628123211005,-0.001006538362852171,0.004355863393375933,0.0025228964278214633,0.0,0.0,4585
kama,kama_20_2_30,adaptive_trend,4h,FET,3d,18,162,87,75,0.011970048314941022,0.11215091929081684,0.93886459135291,1.3584716290036896,0.1762144577104185,0.49382716049382713,-0.7090201560245768,1.3301452089874743,1.685296234497979,0.005453354861553402,0.019529412720870654,0.012970048314941024,0.0,0.0,4585
kama,kama_20_2_30,adaptive_trend,4h,FET,1w,42,87,50,37,0.010678092250192195,0.18160652842252192,0.37903055872077435,0.5484308017257433,0.5848170452631393,0.5172413793103449,-0.7838597370830382,1.1655772238094284,-0.39716211287354974,-0.006009275867755177,0.033228589706877844,0.011678092250192198,0.0,0.0,4585
kama,kama_10_3_50,adaptive_trend,4h,FET,1d,6,229,112,117,-0.0047813645864880055,0.05842173850631906,-0.8559482585168261,-1.2384974742892882,0.21680527040951736,0.5065502183406113,-0.8250208961835894,0.807254415770832,-0.7783135481518867,-0.009914563569570323,0.00013246691868481022,-0.003781364586488005,0.0,0.0,4585
kama,kama_10_3_50,adaptive_trend,4h,FET,3d,18,141,76,65,-0.008123032253593555,0.11525870039635756,-0.578370858953633,-0.8368623230308488,0.4040961784628192,0.4397163120567376,-0.8929750969097615,0.8275603051075597,-0.8779607127189286,-0.017423507696223924,0.002751369802405027,-0.007123032253593555,0.0,0.0,4585
kama,kama_10_3_50,adaptive_trend,4h,FET,1w,42,78,41,37,0.021187750519480967,0.17539518799026624,0.7373384219398041,1.0668773073401208,0.28936092561546567,0.5128205128205128,-0.7197135409728402,1.3710906501257756,0.6449696944125529,0.005284650204374852,0.038810104922706645,0.02218775051948096,0.0,0.0,4585
kama,kama_5_2_30_tight,adaptive_trend,4h,FET,1d,6,434,210,224,0.0011466310727932323,0.06204360558368155,0.266087167497275,0.38500958627709814,0.7004193574360125,0.4838709677419355,-0.7101732189869717,1.0511813375853458,-0.26862726592445263,0.0012448558168469306,0.0010545453752428904,0.0021466310727932332,0.0,0.0,4585
kama,kama_5_2_30_tight,adaptive_trend,4h,FET,3d,18,203,108,95,0.008364780068405013,0.11160827061737431,0.7380037258005844,1.0678399556579514,0.28686720321938874,0.5024630541871922,-0.5928497695949453,1.2254773928367404,0.5557063128420923,0.001454149259025576,0.01622107614643637,0.009364780068405014,0.0,0.0,4585
kama,kama_5_2_30_tight,adaptive_trend,4h,FET,1w,42,99,46,53,-0.018533438982907473,0.17306934489346504,-0.7363865498658738,-1.065500014790391,0.28926781367407534,0.43434343434343436,-0.9780723041788546,0.7557235270916641,-0.97047007801591,-0.031142686610848624,-0.007589563683184973,-0.017533438982907476,0.0,0.0,4585
kama,kama_10_2_30,adaptive_trend,4h,TIA,1d,6,211,111,100,0.008632310878359499,0.06454007108437297,1.7886059179228202,1.9428481609982096,0.05337137269476374,0.4976303317535545,-0.3247345256570753,1.478883248111222,3.0574336557097697,0.0002909482030298098,0.017891223447975457,0.0096323108783595,0.0,0.0,2584
kama,kama_10_2_30,adaptive_trend,4h,TIA,3d,18,105,50,55,0.008076501679802868,0.09044208419999492,0.8424093492567184,0.915055372796624,0.36227933963220693,0.5238095238095238,-0.6464343746857218,1.2471331323390384,0.5287935366504917,-0.013144755744556346,0.027368553883765797,0.00907650167980287,0.0,0.0,2584
kama,kama_10_2_30,adaptive_trend,4h,TIA,1w,42,51,23,28,0.02458176486556399,0.16396190438007469,0.9856687711425243,1.0706689160413771,0.28945954882559527,0.43137254901960786,-0.6783249738585864,1.4872689553806986,0.8723685874943345,-0.0252940681401525,0.06555119912025968,0.025581764865563985,0.0,0.0,2584
kama,kama_10_2_30_wide,adaptive_trend,4h,TIA,1d,6,209,100,109,0.006889926130411867,0.062394225960687166,1.4696675668505188,1.596405838157052,0.11191637365814323,0.5119617224880383,-0.3316855473321165,1.3602962397952119,1.863559903315612,-0.0007802548023971123,0.013926789371521028,0.007889926130411867,0.0,0.0,2584
kama,kama_10_2_30_wide,adaptive_trend,4h,TIA,3d,18,103,51,52,0.0030053031727976325,0.09462289100419112,0.29674710591072734,0.32233739317476384,0.7478568518069671,0.47572815533980584,-0.5877202142148978,1.0809166450818395,-0.13509504192258048,-0.024033095251815264,0.02952373239693721,0.004005303172797633,0.0,0.0,2584
kama,kama_10_2_30_wide,adaptive_trend,4h,TIA,1w,42,54,22,32,0.04698055846184874,0.14627372900224725,2.172823874206778,2.3601995419305117,0.02197830427019969,0.5925925925925926,-0.430923405129643,2.187715556816587,6.0588350699644655,-0.005239513214294404,0.08288185773919715,0.04798055846184874,0.0,0.0,2584
kama,kama_20_2_30,adaptive_trend,4h,TIA,1d,6,156,70,86,0.014399826790140619,0.06453509547512057,2.565661830451618,2.7869142772518325,0.00598685885268356,0.5705128205128205,-0.33850753972038705,1.9147238760920684,5.859834654169798,0.008928285310941553,0.018853407063907302,0.01539982679014062,0.0,0.0,2584
kama,kama_20_2_30,adaptive_trend,4h,TIA,3d,18,87,42,45,0.009988425934093858,0.09579438494071357,0.8953491575858861,0.9725604991216945,0.3334993536871027,0.5747126436781609,-0.5198194193574731,1.3026341363708691,0.6116699798882734,-0.013461187885710555,0.031874732165911315,0.01098842593409386,0.0,0.0,2584
kama,kama_20_2_30,adaptive_trend,4h,TIA,1w,42,48,30,18,0.0066290618425218426,0.15145133936147176,0.2791742600027004,0.30324913509969004,0.7630382941925941,0.4166666666666667,-0.6954796187796575,1.1250491083489744,-0.17463160700760427,-0.04137013905799283,0.08662773001004632,0.0076290618425218434,0.0,0.0,2584
kama,kama_10_3_50,adaptive_trend,4h,TIA,1d,6,148,72,76,0.013732015657396629,0.06556263064292818,2.3457654178528102,2.5480548747715743,0.011859219530628176,0.5472972972972973,-0.2947812078292281,1.8128186863605837,4.594061361547397,0.006570043145735009,0.020517042247391842,0.01473201565739663,0.0,0.0,2584
kama,kama_10_3_50,adaptive_trend,4h,TIA,3d,18,79,41,38,0.019122799485131944,0.09565351232661283,1.6358365139756723,1.7769045327560513,0.07948270073943153,0.5822784810126582,-0.41057966886917385,1.6799091868840665,2.1939367357166106,0.0008432615733916353,0.03884545881095701,0.020122799485131945,0.0,0.0,2584
kama,kama_10_3_50,adaptive_trend,4h,TIA,1w,42,46,28,18,-0.006032287290645002,0.1397289797078633,-0.2695567723755744,-0.29280227368513945,0.7710192344848213,0.43478260869565216,-0.6689948067204643,0.8926974763981789,-0.5208675861998813,-0.04671579281279228,0.05725316574380633,-0.005032287290645001,0.0,0.0,2584
kama,kama_5_2_30_tight,adaptive_trend,4h,TIA,1d,6,253,138,115,0.006468884133277902,0.0646411401078535,1.4654008126223814,1.5917711360561027,0.11268973617741375,0.5059288537549407,-0.37199158781841,1.349631591682167,2.1232350918360425,-0.003052926226000448,0.017895056564411923,0.007468884133277903,0.0,0.0,2584
kama,kama_5_2_30_tight,adaptive_trend,4h,TIA,3d,18,115,65,50,0.0060234129997646475,0.10446358408964006,0.5692492180013745,0.618339000928746,0.5375853622632645,0.5652173913043478,-0.6673685678649958,1.1650345613611435,0.08774780616907929,-0.016428802662588775,0.0352112933608241,0.007023412999764648,0.0,0.0,2584
kama,kama_5_2_30_tight,adaptive_trend,4h,TIA,1w,42,56,27,29,0.05260801618572632,0.1585714182516419,2.285582125114887,2.4826816148225728,0.01611989679546408,0.5892857142857143,-0.4465210172825822,2.437591357223479,8.55538192922671,0.0014325932303259255,0.10025409962696115,0.05360801618572632,0.0,0.0,2584
kama,kama_10_2_30,adaptive_trend,4h,INJ,1d,6,344,168,176,-0.0021436006047604703,0.054895187793915085,-0.50054278361216,-0.7242505222822455,0.46940564813826674,0.49127906976744184,-0.8669354275995891,0.9034812734772779,-0.7160523929365555,-0.002951465690604016,-0.0013724566591825403,-0.0011436006047604696,0.0,0.0,4585
kama,kama_10_2_30,adaptive_trend,4h,INJ,3d,18,182,98,84,0.012718675816421,0.08909447442103609,1.3310035352985345,1.9258693505536746,0.05568776838574243,0.5824175824175825,-0.4155549517102318,1.4434994416290206,3.927641938084135,0.0029488611985191396,0.024116792870639836,0.013718675816421,0.0,0.0,4585
kama,kama_10_2_30,adaptive_trend,4h,INJ,1w,42,93,46,47,0.036033694333788516,0.13990322793905804,1.7166229599907346,2.483833782125434,0.014807825661349907,0.5591397849462365,-0.5655729184293514,1.9877984333845342,10.660493024603573,0.010817766694905504,0.060713112873971915,0.03703369433378853,0.0,0.0,4585
kama,kama_10_2_30_wide,adaptive_trend,4h,INJ,1d,6,380,184,196,-0.000375082023684055,0.05612973410388167,-0.09002796871038382,-0.1302641961751402,0.896426516371915,0.49736842105263157,-0.7487405866899005,0.9827721065963628,-0.5225428165433879,-0.0027915609652079147,0.0018934492275424254,0.000624917976315946,0.0,0.0,4585
kama,kama_10_2_30_wide,adaptive_trend,4h,INJ,3d,18,193,90,103,0.0069825905469153605,0.08904557130994264,0.7528965262842183,1.0893887999958503,0.27734788895497137,0.5025906735751295,-0.4222095938545234,1.2220492860458523,0.8213351884099589,-0.00335408918150328,0.01601464079504815,0.007982590546915361,0.0,0.0,4585
kama,kama_10_2_30_wide,adaptive_trend,4h,INJ,1w,42,94,51,43,0.00413875392632356,0.14565663640100518,0.190395045661265,0.27548836138444577,0.7835522385219068,0.4574468085106383,-0.7653778382281885,1.0835924441759166,-0.42710070984467363,-0.010406097029350848,0.02138962366444902,0.005138753926323561,0.0,0.0,4585
kama,kama_20_2_30,adaptive_trend,4h,INJ,1d,6,263,122,141,0.002787687960290574,0.056906258628190265,0.549053150321715,0.7944416419542882,0.4276573787137274,0.5361216730038023,-0.6396158374635071,1.134713475412794,0.36151453805880185,0.004533120791967616,0.001277455297421077,0.003787687960290575,0.0,0.0,4585
kama,kama_20_2_30,adaptive_trend,4h,INJ,3d,18,159,68,91,0.0050529771979794654,0.09174102681141627,0.47999276513340416,0.6945160777883241,0.48837861015206013,0.5157232704402516,-0.41207478904972694,1.1522686674009042,0.16680606633986184,0.0023449156953041996,0.007076583595582961,0.006052977197979466,0.0,0.0,4585
kama,kama_20_2_30,adaptive_trend,4h,INJ,1w,42,82,41,41,0.04140083446795049,0.1358331864743751,1.9074910968264958,2.760006673467025,0.007145772888608556,0.5975609756097561,-0.4450204407608218,2.331192567817579,13.1272987675236,0.02804435890922452,0.05475731002667646,0.04240083446795049,0.0,0.0,4585
kama,kama_10_3_50,adaptive_trend,4h,INJ,1d,6,257,126,131,-0.00018191136274310125,0.054169880251429665,-0.037206678435318455,-0.053835470555992485,0.95710823681681,0.5097276264591439,-0.8420627592510903,0.9912695512996198,-0.3470720222153758,-0.003668736696047653,0.0031718290341757804,0.0008180886372568996,0.0,0.0,4585
kama,kama_10_3_50,adaptive_trend,4h,INJ,3d,18,147,77,70,0.012117685624054398,0.09097237081016989,1.1161465547526759,1.614986274279225,0.108472701415516,0.564625850340136,-0.5108960010576,1.4164460695149004,2.2093054401883725,-0.005320405462130481,0.03129958581885776,0.013117685624054399,0.0,0.0,4585
kama,kama_10_3_50,adaptive_trend,4h,INJ,1w,42,80,44,36,0.004079033580240331,0.14436877001946663,0.17465515363634135,0.25271383462481123,0.8011457565483773,0.475,-0.8155068697263679,1.0836101570891141,-0.37644349279320144,-0.01719899668164306,0.030085515011431148,0.005079033580240337,0.0,0.0,4585
kama,kama_5_2_30_tight,adaptive_trend,4h,INJ,1d,6,428,214,214,-0.0005242560389675536,0.06044793450027378,-0.1240041580954836,-0.179425374226177,0.8576888180160597,0.5163551401869159,-0.8712260913544454,0.9767733214453342,-0.628403383999646,-0.0033157861524779416,0.0022672740745428347,0.00047574396103244746,0.0,0.0,4585
kama,kama_5_2_30_tight,adaptive_trend,4h,INJ,3d,18,203,98,105,0.012911027412764866,0.0993052458677167,1.280233002858955,1.85240792859378,0.0654262534189565,0.5566502463054187,-0.6430319932217599,1.409963511501381,4.135505015290772,0.003023261670540852,0.022139608772173948,0.013911027412764867,0.0,0.0,4585
kama,kama_5_2_30_tight,adaptive_trend,4h,INJ,1w,42,100,48,52,0.016222842484388655,0.1466082906023284,0.7647523298848413,1.1065433215092002,0.271172987392403,0.51,-0.7812087838284318,1.3418588488146783,0.7817028080114097,-0.011650689440613983,0.041952256569006474,0.017222842484388653,0.0,0.0,4585
dual_momentum,abs_63d,momentum,1d,BTC,1w,7,186,104,82,-0.0014044071111611722,0.06594407613849207,-0.15343211226190664,-0.2904515535001179,0.7717961373777029,0.4838709677419355,-0.7155310547617919,0.9459216065976992,-0.48378022490018213,0.004091518230189632,-0.008374849007508532,-0.0004044071111611714,0.0,0.0,1308
dual_momentum,abs_63d,momentum,1d,BTC,2w,14,93,55,38,0.005687641268314121,0.09205257432010433,0.31476054806029646,0.5958510823901338,0.5527378271172587,0.5053763440860215,-0.46322410812692727,1.1851913728365813,0.15440787532244626,0.015381074433646488,-0.008342327786772194,0.006687641268314122,0.0,0.0,1308
dual_momentum,abs_63d,momentum,1d,BTC,1m,30,43,27,16,0.003512828764271304,0.14379094427902128,0.08462569190865495,0.16019895260865613,0.8734923648038648,0.5813953488372093,-0.5966345415084957,1.0695965575973485,-0.22895432881222577,0.029165845015353624,-0.03977663615943012,0.004512828764271305,0.0,0.0,1308
dual_momentum,abs_42d,momentum,1d,BTC,1w,7,186,108,78,0.006743593453265064,0.06662776987870825,0.7291806503386182,1.3803606660354923,0.16914124016124893,0.5376344086021505,-0.44806399830655286,1.3052724365870545,1.3424578506241227,0.01125886582234151,0.00049167786531306,0.007743593453265065,0.0,0.0,1308
dual_momentum,abs_42d,momentum,1d,BTC,2w,14,93,53,40,0.009801039537560138,0.09309980433592244,0.5362995189599762,1.0152309456406055,0.3126582777295522,0.5268817204301075,-0.48077064656855495,1.339335267012416,0.6862016597564069,0.02015566973563799,-0.0039188454748930205,0.010801039537560135,0.0,0.0,1308
dual_momentum,abs_42d,momentum,1d,BTC,1m,30,43,22,21,0.027898877614216656,0.1481573134148042,0.6522895568992114,1.2348035384527343,0.22376736871139308,0.6046511627906976,-0.44928513526884484,1.6973918548646831,1.170927163555937,0.06058271048785953,-0.0063413282534092305,0.02889887761421665,0.0,0.0,1308
dual_momentum,abs_21d,momentum,1d,BTC,1w,7,186,105,81,0.0010445700144395096,0.06682009541273823,0.11262362341134535,0.21319986995159815,0.8314058300450637,0.489247311827957,-0.6889713216534572,1.041981748027273,-0.1885558569209672,0.00644486161263849,-0.005955807983225835,0.0020445700144395107,0.0,0.0,1308
dual_momentum,abs_21d,momentum,1d,BTC,2w,14,93,56,37,0.008844874974274332,0.09417902603776093,0.478433452220707,0.9056887596432411,0.36746645669493466,0.4946236559139785,-0.4885886340034218,1.2998684227979,0.5383672761137672,0.017534635372090386,-0.004307194817014834,0.009844874974274333,0.0,0.0,1308
dual_momentum,abs_21d,momentum,1d,BTC,1m,30,43,23,20,0.03779593935695838,0.14742987604256,0.8880479808086952,1.6811012493149855,0.10016633583644308,0.627906976744186,-0.39127347427431225,2.0637812768786565,2.3131311615206163,0.06825500423938034,0.0027680147421730917,0.038795939356958374,0.0,0.0,1308
dual_momentum,accel_63d,momentum,1d,BTC,1w,7,120,66,54,0.0007424124419977196,0.07144319440821936,0.06013364924895542,0.11383478715444008,0.909560593456726,0.49166666666666664,-0.5555383224012149,1.0280917570927228,-0.1892682139725702,0.00790349587000945,-0.008010022858905506,0.0017424124419977206,0.0,0.0,1308
dual_momentum,accel_63d,momentum,1d,BTC,2w,14,70,41,29,0.004728195120304419,0.10202413172572437,0.20482551867186427,0.38774080091629365,0.6994014362810834,0.5428571428571428,-0.6289571414244972,1.1279754045515267,-0.02584761548481984,0.019671456264005887,-0.016398484427687314,0.00572819512030442,0.0,0.0,1308
dual_momentum,accel_63d,momentum,1d,BTC,1m,30,37,22,15,-0.008459975320118416,0.14027513570421077,-0.19379020442275996,-0.3668506227145947,0.7158780182623389,0.43243243243243246,-0.6493828827273295,0.8526157075869139,-0.494665405143086,0.02338973795029328,-0.05517288811672224,-0.007459975320118415,0.0,0.0,1308
dual_momentum,accel_42d,momentum,1d,BTC,1w,7,132,75,57,0.003672788075646575,0.07652001851134907,0.29130660323044383,0.5514520670138199,0.582263217696179,0.49242424242424243,-0.5016790317720078,1.1460428348356084,0.1181917960004748,0.006999949372176473,-0.0007050557355769748,0.004672788075646576,0.0,0.0,1308
dual_momentum,accel_42d,momentum,1d,BTC,2w,14,75,44,31,0.008649299090814001,0.09607391469830819,0.41185905621000696,0.7796614472405252,0.438076688481841,0.44,-0.5610912537210058,1.2814422706020892,0.3773336749200038,0.013220808944111784,0.002160704460326826,0.009649299090814002,0.0,0.0,1308
dual_momentum,accel_42d,momentum,1d,BTC,1m,30,40,25,15,-0.0007859216336183278,0.14781379382329657,-0.01776383929525739,-0.033627476304482394,0.9733457319697216,0.375,-0.5300674702592866,0.9855439297447423,-0.3621503562557893,0.017717907584209606,-0.03162563699666488,0.0002140783663816731,0.0,0.0,1308
dual_momentum,filtered_63d,momentum,1d,BTC,1w,7,120,66,54,0.0007424124419977196,0.07144319440821936,0.06013364924895542,0.11383478715444008,0.909560593456726,0.49166666666666664,-0.5555383224012149,1.0280917570927228,-0.1892682139725702,0.00790349587000945,-0.008010022858905506,0.0017424124419977206,0.0,0.0,1308
dual_momentum,filtered_63d,momentum,1d,BTC,2w,14,70,41,29,0.004728195120304419,0.10202413172572437,0.20482551867186427,0.38774080091629365,0.6994014362810834,0.5428571428571428,-0.6289571414244972,1.1279754045515267,-0.02584761548481984,0.019671456264005887,-0.016398484427687314,0.00572819512030442,0.0,0.0,1308
dual_momentum,filtered_63d,momentum,1d,BTC,1m,30,37,22,15,-0.008459975320118416,0.14027513570421077,-0.19379020442275996,-0.3668506227145947,0.7158780182623389,0.43243243243243246,-0.6493828827273295,0.8526157075869139,-0.494665405143086,0.02338973795029328,-0.05517288811672224,-0.007459975320118415,0.0,0.0,1308
dual_momentum,abs_63d,momentum,1d,ETH,1w,7,186,107,79,0.004573703557620854,0.09386187419212129,0.3510571503376271,0.6645616304156402,0.5071584207297987,0.510752688172043,-0.6976518762765624,1.1438288130593777,0.041168017265067025,0.005457456351837947,0.003376721924947071,0.005573703557620855,0.0,0.0,1308
dual_momentum,abs_63d,momentum,1d,ETH,2w,14,93,54,39,0.010690390474981548,0.12743676722348635,0.42734916239182874,0.8089846791120384,0.4206111738097737,0.5268817204301075,-0.5140496382360835,1.2557796053638755,0.2939418211729341,0.011629908136484447,0.009389519866746755,0.011690390474981544,0.0,0.0,1308
dual_momentum,abs_63d,momentum,1d,ETH,1m,30,43,24,19,0.01731280798956462,0.20355378394959722,0.2946219640817813,0.5577281437456626,0.5799908272010869,0.5116279069767442,-0.6519725385516864,1.254845650802977,-0.0470310231458434,0.031177154130637357,-0.00020005029389568105,0.01831280798956462,0.0,0.0,1308
dual_momentum,abs_42d,momentum,1d,ETH,1w,7,186,97,89,0.004915485587392784,0.09253503967207419,0.3827006888155092,0.7244637902285278,0.4696962668196553,0.510752688172043,-0.6145900749619222,1.156091528869592,0.11777245013959114,0.005602646427473327,0.00416655748078815,0.005915485587392785,0.0,0.0,1308
dual_momentum,abs_42d,momentum,1d,ETH,2w,14,93,48,45,0.009682838499188171,0.126461802624537,0.39005635200260697,0.7383882794910442,0.46215801018310787,0.5053763440860215,-0.579055659886348,1.2297181694923922,0.18289935278782066,0.011409495842528932,0.007841070666291354,0.010682838499188167,0.0,0.0,1308
dual_momentum,abs_42d,momentum,1d,ETH,1m,30,43,20,23,-0.005857610100574258,0.1906116420364516,-0.10645052944792328,-0.2015140194138858,0.8412694945993479,0.5116279069767442,-0.7357543561551684,0.9235268692492987,-0.6353981217266933,0.004893605435418719,-0.015206493175350754,-0.004857610100574257,0.0,0.0,1308
dual_momentum,abs_21d,momentum,1d,ETH,1w,7,186,89,97,0.004475685276580052,0.09629272248642352,0.33486141389966945,0.6339026194750005,0.5269273616545355,0.4838709677419355,-0.853861609134981,1.1394856214128752,0.008429433670624098,0.006588312017353946,0.002537295792777201,0.005475685276580054,0.0,0.0,1308
dual_momentum,abs_21d,momentum,1d,ETH,2w,14,93,48,45,0.012010028504123513,0.1327993230483662,0.4607148506055391,0.872146919613102,0.3853986824877092,0.5053763440860215,-0.7697645773364961,1.287491605153624,0.43255548503552355,0.012862473216493595,0.011100754144262091,0.013010028504123515,0.0,0.0,1308
dual_momentum,abs_21d,momentum,1d,ETH,1m,30,43,20,23,0.0018349980090803359,0.1856004409960473,0.03424785543605454,0.06483220929963808,0.9486152016228802,0.5348837209302325,-0.7917697123336953,1.025380594484429,-0.485885262467056,0.01216641995881571,-0.007148847164602599,0.0028349980090803368,0.0,0.0,1308
dual_momentum,accel_63d,momentum,1d,ETH,1w,7,121,72,49,0.0048213367570969015,0.09171083832059221,0.30547948438959627,0.5782817527266875,0.5641575983795312,0.5289256198347108,-0.7209796367980752,1.151052565995151,0.08986225642329093,0.004691533600095846,0.00501206792656784,0.005821336757096902,0.0,0.0,1308
dual_momentum,accel_63d,momentum,1d,ETH,2w,14,71,44,27,0.01883785967276403,0.1315008081496994,0.6376389973189068,1.2070695932765003,0.23146847057889194,0.5492957746478874,-0.6390712331817554,1.4508191169222013,1.1287483537606775,0.012960171482990999,0.02841631450054231,0.01983785967276403,0.0,0.0,1308
dual_momentum,accel_63d,momentum,1d,ETH,1m,30,37,21,16,-0.0008681965345225942,0.21204877439576839,-0.013156055702026069,-0.024904804869431908,0.9802684356396688,0.4594594594594595,-0.607729786738425,0.9893304333414846,-0.5562119205985724,0.008687645184626688,-0.013410238790906026,0.00013180346547740678,0.0,0.0,1308
dual_momentum,accel_42d,momentum,1d,ETH,1w,7,130,67,63,-0.001996827614795759,0.10364052423659408,-0.11604467307536469,-0.2196760187503536,0.8264707165275675,0.4307692307692308,-0.8207935133694029,0.9465015027161712,-0.602554984055939,0.0009369769365506643,-0.005116905470989574,-0.000996827614795758,0.0,0.0,1308
dual_momentum,accel_42d,momentum,1d,ETH,2w,14,75,37,38,-0.011091735319002007,0.14152239535630318,-0.3585481770328646,-0.6787423668264677,0.49941839072097854,0.44,-0.8875526978462585,0.8175117532282861,-0.7884346719696865,-0.009999209432068251,-0.012155510524700664,-0.010091735319002008,0.0,0.0,1308
dual_momentum,accel_42d,momentum,1d,ETH,1m,30,40,20,20,-0.02557790520430528,0.19199387296656914,-0.4450923807438445,-0.84257311935744,0.4046049632739406,0.4,-0.861718778303359,0.7123620459341702,-0.8321417627691574,-0.02229475095282088,-0.02886105945578967,-0.024577905204305278,0.0,0.0,1308
dual_momentum,filtered_63d,momentum,1d,ETH,1w,7,121,72,49,0.0048213367570969015,0.09171083832059221,0.30547948438959627,0.5782817527266875,0.5641575983795312,0.5289256198347108,-0.7209796367980752,1.151052565995151,0.08986225642329093,0.004691533600095846,0.00501206792656784,0.005821336757096902,0.0,0.0,1308
dual_momentum,filtered_63d,momentum,1d,ETH,2w,14,71,44,27,0.01883785967276403,0.1315008081496994,0.6376389973189068,1.2070695932765003,0.23146847057889194,0.5492957746478874,-0.6390712331817554,1.4508191169222013,1.1287483537606775,0.012960171482990999,0.02841631450054231,0.01983785967276403,0.0,0.0,1308
dual_momentum,filtered_63d,momentum,1d,ETH,1m,30,37,21,16,-0.0008681965345225942,0.21204877439576839,-0.013156055702026069,-0.024904804869431908,0.9802684356396688,0.4594594594594595,-0.607729786738425,0.9893304333414846,-0.5562119205985724,0.008687645184626688,-0.013410238790906026,0.00013180346547740678,0.0,0.0,1308
dual_momentum,abs_63d,momentum,1d,SOL,1w,7,153,84,69,0.007760137852855211,0.11559263490012255,0.4840935316433509,0.830395502213142,0.4076175872222148,0.477124183006536,-0.8764521987577456,1.1900074188545913,0.25332710022468596,0.01763414367015667,-0.004260390968207438,0.008760137852855213,0.0,0.0,1074
dual_momentum,abs_63d,momentum,1d,SOL,2w,14,76,42,34,0.022545554395048368,0.18041394683400389,0.6350996878437639,1.0894256786537164,0.2794543136906803,0.5131578947368421,-0.8092939432292299,1.4052810824808033,0.7937591522694725,0.04190914569940805,-0.0013741760397488853,0.023545554395048362,0.0,0.0,1074
dual_momentum,abs_63d,momentum,1d,SOL,1m,30,35,22,13,0.09545776555365694,0.2734137754934081,1.2041183811644356,2.0654985503664514,0.04656566301305693,0.5428571428571428,-0.3919009373919369,2.6392963718223115,8.188137564112344,0.13148839693622288,0.0344828509062376,0.09645776555365693,0.0,0.0,1074
dual_momentum,abs_42d,momentum,1d,SOL,1w,7,153,84,69,0.011160874694824343,0.1157316909081922,0.6954020085682706,1.1928659698979645,0.23478058804418245,0.5032679738562091,-0.7844611604704623,1.2847476756320533,1.1044431589999077,0.02094787086450481,-0.0007537293378301335,0.012160874694824344,0.0,0.0,1074
dual_momentum,abs_42d,momentum,1d,SOL,2w,14,76,42,34,0.014012895340733023,0.18177871110575392,0.3917743026991911,0.6720346329348991,0.5036266563852247,0.4605263157894737,-0.8614160475062095,1.2343902780926084,-0.06451813905878412,0.03401663799023927,-0.010697610285127628,0.015012895340733023,0.0,0.0,1074
dual_momentum,abs_42d,momentum,1d,SOL,1m,30,35,19,16,0.015768915000007395,0.27134817224166624,0.20042561519563587,0.3438024235146666,0.7331120331255457,0.34285714285714286,-0.8329128230395083,1.1712523925910692,-0.40391140844076834,0.08129695699956448,-0.062045634874466626,0.016768915000007396,0.0,0.0,1074
dual_momentum,abs_21d,momentum,1d,SOL,1w,7,153,74,79,0.023938568849179692,0.11441071933754801,1.5087645581064102,2.5880769335980243,0.010587286852108212,0.5294117647058824,-0.42784688163151485,1.7207030672227874,13.82890199670246,0.03656686920809205,0.012109528006654194,0.024938568849179697,0.0,0.0,1074
dual_momentum,abs_21d,momentum,1d,SOL,2w,14,76,37,39,0.039032737871845684,0.17917976807072622,1.1071109153460996,1.8990956591252008,0.06139775894095298,0.5263157894736842,-0.6461534974165921,1.8092442204136088,5.239013438776479,0.06405469362337324,0.015293959338345178,0.04003273787184567,0.0,0.0,1074
dual_momentum,abs_21d,momentum,1d,SOL,1m,30,35,19,16,0.05305558625650397,0.27019463360535395,0.6772245797321559,1.1616851047125365,0.25345390365778914,0.45714285714285713,-0.7904437569190699,1.7047065197092035,1.1755996674873304,0.11745331382808026,-0.023416715234742848,0.05405558625650398,0.0,0.0,1074
dual_momentum,accel_63d,momentum,1d,SOL,1w,7,101,59,42,0.021678536966588,0.14776759831677008,0.8595194980679026,1.4743868252838426,0.14351875849899293,0.45544554455445546,-0.5086051904319615,1.510037256887454,2.341071638435681,0.030492041893943694,0.009297660997207368,0.022678536966587993,0.0,0.0,1074
dual_momentum,accel_63d,momentum,1d,SOL,2w,14,59,37,22,0.04560251034762377,0.20111294292609325,1.0153576067288248,1.7417055478995616,0.08686145689531892,0.5084745762711864,-0.5807539257001839,1.8636767862376544,3.953433945212108,0.062627944178129,0.016968826178137716,0.04660251034762376,0.0,0.0,1074
dual_momentum,accel_63d,momentum,1d,SOL,1m,30,30,18,12,0.12000106090149491,0.28122440803497084,1.3625015129159268,2.3371829081111146,0.026542178738335073,0.6666666666666666,-0.5574861547170924,3.028959984996161,10.371313646690252,0.16270470735825535,0.055945591216354264,0.12100106090149493,0.0,0.0,1074
dual_momentum,accel_42d,momentum,1d,SOL,1w,7,106,61,45,0.0011256846551385828,0.12035430274607613,0.05613740704990648,0.09629595785323265,0.9234690767327695,0.4339622641509434,-0.8009762565330678,1.0249072426160184,-0.4579389672089369,0.00994517908592883,-0.010829630017710421,0.0021256846551385837,0.0,0.0,1074
dual_momentum,accel_42d,momentum,1d,SOL,2w,14,61,35,26,0.005732791592209451,0.16929467872289494,0.15418142503949644,0.2644769109865653,0.7923188496728675,0.4262295081967213,-0.7039349917116409,1.0937477457602904,-0.35574807427793187,0.014178950083201572,-0.005637037145664552,0.006732791592209452,0.0,0.0,1074
dual_momentum,accel_42d,momentum,1d,SOL,1m,30,34,21,13,0.036284030357267294,0.3851578571508915,0.3202288899287791,0.5493083722330664,0.5864921117716675,0.4117647058823529,-0.9044316534111475,1.322648333795172,-0.403121357100775,0.10218721630410821,-0.0701749623260911,0.03728403035726728,0.0,0.0,1074
dual_momentum,filtered_63d,momentum,1d,SOL,1w,7,101,59,42,0.021678536966588,0.14776759831677008,0.8595194980679026,1.4743868252838426,0.14351875849899293,0.45544554455445546,-0.5086051904319615,1.510037256887454,2.341071638435681,0.030492041893943694,0.009297660997207368,0.022678536966587993,0.0,0.0,1074
dual_momentum,filtered_63d,momentum,1d,SOL,2w,14,59,37,22,0.04560251034762377,0.20111294292609325,1.0153576067288248,1.7417055478995616,0.08686145689531892,0.5084745762711864,-0.5807539257001839,1.8636767862376544,3.953433945212108,0.062627944178129,0.016968826178137716,0.04660251034762376,0.0,0.0,1074
dual_momentum,filtered_63d,momentum,1d,SOL,1m,30,30,18,12,0.12000106090149491,0.28122440803497084,1.3625015129159268,2.3371829081111146,0.026542178738335073,0.6666666666666666,-0.5574861547170924,3.028959984996161,10.371313646690252,0.16270470735825535,0.055945591216354264,0.12100106090149493,0.0,0.0,1074
dual_momentum,abs_63d,momentum,1d,BNB,1w,7,186,112,74,0.0022539192322841134,0.0786447586181098,0.20647505851752287,0.39086342892205345,0.6963479350239128,0.45698924731182794,-0.7277166083207506,1.081760769190383,-0.1220624411711142,0.0062078258082065765,-0.003730371801544479,0.0032539192322841143,0.0,0.0,1308
dual_momentum,abs_63d,momentum,1d,BNB,2w,14,93,59,34,0.01412739033963706,0.10280356355369549,0.7000641049161719,1.3252421792608964,0.18837265456315588,0.5698924731182796,-0.5727727297650771,1.4728150019929669,1.292164121005709,0.020052633731407088,0.0038453503362714213,0.01512739033963706,0.0,0.0,1308
dual_momentum,abs_63d,momentum,1d,BNB,1m,30,43,26,17,0.01163606722901994,0.1568896383731986,0.25691457792527,0.4863469398625254,0.6292493717332278,0.5116279069767442,-0.5747268128675657,1.2491860241035322,0.02837994923912257,0.03734607323448683,-0.027685118426400007,0.012636067229019941,0.0,0.0,1308
dual_momentum,abs_42d,momentum,1d,BNB,1w,7,186,107,79,0.006589210565006469,0.0790355391921781,0.6006341180777469,1.1370182558854576,0.25700122708620804,0.4731182795698925,-0.5218965901402681,1.257727725701402,0.9613780045872888,0.010294834109692402,0.0015702014601786838,0.00758921056500647,0.0,0.0,1308
dual_momentum,abs_42d,momentum,1d,BNB,2w,14,93,51,42,0.0077243750882544735,0.10308896060572534,0.38171148579940684,0.7225911994877868,0.47176396450465974,0.5483870967741935,-0.5362995886807101,1.2346279281981325,0.2647564001138667,0.01756493057167268,-0.004224870855896211,0.008724375088254473,0.0,0.0,1308
dual_momentum,abs_42d,momentum,1d,BNB,1m,30,43,21,22,0.0028346150558697133,0.15546020097926916,0.06316138617620876,0.1195663832404619,0.9053967562956822,0.5348837209302325,-0.616950007041938,1.0561451294530173,-0.2930115123469219,0.03545553937413429,-0.028303539975201016,0.0038346150558697142,0.0,0.0,1308
dual_momentum,abs_21d,momentum,1d,BNB,1w,7,186,103,83,0.0023661094304635536,0.07906165555521151,0.21560953084866255,0.40815525681825365,0.6836316915337928,0.45161290322580644,-0.7142806081286106,1.0857346181195087,-0.10536017637182493,0.006776457758773681,-0.0031069734347887725,0.0033661094304635545,0.0,0.0,1308
dual_momentum,abs_21d,momentum,1d,BNB,2w,14,93,54,39,0.006031144856806625,0.1077993373985321,0.2850149905628776,0.5395418570429353,0.5908164950203263,0.5376344086021505,-0.6513317859606735,1.176400158257809,0.06491916281874266,0.014099504378564514,-0.0051404298656273755,0.007031144856806626,0.0,0.0,1308
dual_momentum,abs_21d,momentum,1d,BNB,1m,30,43,23,20,0.028088177799486126,0.15699061216521315,0.6197644633953675,1.1732325687472387,0.2473134084937085,0.4883720930232558,-0.48261881655813466,1.7142669984560521,1.0772865602323773,0.05233150184447327,0.00020835514775092157,0.02908817779948613,0.0,0.0,1308
dual_momentum,accel_63d,momentum,1d,BNB,1w,7,129,76,53,0.0028672029725035765,0.08864684239593505,0.1940584610634808,0.3673584405167839,0.7139583429707363,0.46511627906976744,-0.6266183070116508,1.1034785753751764,-0.08572530555917823,0.011166080907597355,-0.0090330748212158,0.0038672029725035774,0.0,0.0,1308
dual_momentum,accel_63d,momentum,1d,BNB,2w,14,75,44,31,0.007434975190139342,0.11575910507823478,0.29383096061311403,0.5562307506451477,0.5797312333117465,0.49333333333333335,-0.6797886595249389,1.185159147050303,0.07995593665333067,0.018652222555696676,-0.008486279135167845,0.008434975190139343,0.0,0.0,1308
dual_momentum,accel_63d,momentum,1d,BNB,1m,30,37,19,18,0.04590940893750857,0.1843212375673823,0.8003311969429522,1.5150507676638605,0.13849137630292183,0.4864864864864865,-0.2796295326919853,2.4086132020789677,2.3376153986261654,0.09404238220893964,-0.004897618404557553,0.04690940893750858,0.0,0.0,1308
dual_momentum,accel_42d,momentum,1d,BNB,1w,7,139,80,59,0.006472753072934075,0.08172575633155195,0.49326471676061906,0.9337647846844358,0.3520561853101797,0.4748201438848921,-0.5126239726269697,1.2413906169559017,0.5702023357567849,0.010632830568634467,0.0008319700279165939,0.007472753072934076,0.0,0.0,1308
dual_momentum,accel_42d,momentum,1d,BNB,2w,14,76,43,33,0.009451634561015129,0.10020969517804813,0.43435671203455284,0.8222501790778088,0.4135410152526501,0.47368421052631576,-0.5509480487826253,1.275921559447999,0.42409266173972004,0.023879063956970266,-0.00934774313674459,0.01045163456101513,0.0,0.0,1308
dual_momentum,accel_42d,momentum,1d,BNB,1m,30,38,23,15,0.02186192352115136,0.14920933202600226,0.4771190346714737,0.9032005281153396,0.3722624135877738,0.5,-0.4173548425055992,1.4796691872683982,0.5607279331545294,0.04827301484479987,-0.018635083175109705,0.022861923521151357,0.0,0.0,1308
dual_momentum,filtered_63d,momentum,1d,BNB,1w,7,125,72,53,0.003115842996184247,0.08867722776453357,0.20752050948429587,0.3928424987069306,0.6951103307160109,0.456,-0.652512511796165,1.1142934064523706,-0.05213687372981879,0.012058796389548172,-0.0090330748212158,0.004115842996184248,0.0,0.0,1308
dual_momentum,filtered_63d,momentum,1d,BNB,2w,14,73,42,31,0.006822677793719525,0.11719533275359686,0.2627535157031018,0.49740022279893475,0.6204224865981087,0.4794520547945205,-0.6797886595249389,1.1658008095271295,0.019204187749324086,0.018122146003136393,-0.008486279135167845,0.007822677793719526,0.0,0.0,1308
dual_momentum,filtered_63d,momentum,1d,BNB,1m,30,36,18,18,0.04557909757743742,0.1509807763032709,0.9568368196214277,1.81132056782715,0.07868062063525272,0.5,-0.2513324440929987,2.4899728787559066,2.5519391395470072,0.09605581355943242,-0.004897618404557553,0.04657909757743743,0.0,0.0,1308
dual_momentum,abs_63d,momentum,1d,ADA,1w,7,186,82,104,0.009776327642211133,0.1201471638304288,0.5862208447658713,1.1097335006752187,0.26855428854638486,0.521505376344086,-0.8420067594117382,1.2616099060662374,0.7766029028708794,0.007663894176904732,0.011441900182164257,0.010776327642211134,0.0,0.0,1308
dual_momentum,abs_63d,momentum,1d,ADA,2w,14,93,41,52,0.03339841780656807,0.1938854603696703,0.8775354820475831,1.6612007763871217,0.10007741285140827,0.4838709677419355,-0.7048662790929174,1.7203932833772282,4.6571350097469315,0.03395472546143932,0.03295979061715036,0.03439841780656807,0.0,0.0,1308
dual_momentum,abs_63d,momentum,1d,ADA,1m,30,43,21,22,0.011050443081895563,0.4398962145600775,0.08701743053736448,0.16472658499299758,0.8699494560148213,0.3953488372093023,-0.9032522461809325,1.1064573773433217,-0.8138455676223764,0.03148720064988443,-0.00845737096027563,0.012050443081895564,0.0,0.0,1308
dual_momentum,abs_42d,momentum,1d,ADA,1w,7,186,69,117,0.011550392805724634,0.11405698401045172,0.729581650905583,1.381119772039525,0.16890812587424342,0.5053763440860215,-0.6612405334750937,1.3192619065939022,1.57193530748633,0.008825969625034088,0.01315710391228573,0.012550392805724637,0.0,0.0,1308
dual_momentum,abs_42d,momentum,1d,ADA,2w,14,93,33,60,0.020781396301837902,0.16087220620748943,0.658078558967757,1.2457622916057531,0.21601491051282048,0.4838709677419355,-0.755817750111677,1.4202409919567225,1.0670535807373307,0.013433226515047378,0.02482288968457269,0.021781396301837903,0.0,0.0,1308
dual_momentum,abs_42d,momentum,1d,ADA,1m,30,43,12,31,0.0173910896158767,0.24382743905159687,0.24707056239229497,0.4677119255745694,0.6424084889839584,0.5116279069767442,-0.9059897393836522,1.2033942778397688,-0.5193329270451914,-0.031779277531489396,0.03642478012453454,0.0183910896158767,0.0,0.0,1308
dual_momentum,abs_21d,momentum,1d,ADA,1w,7,186,83,103,0.0003733807490106727,0.11261018894836117,0.0238876412304834,0.04522001556625871,0.9639807142151858,0.46774193548387094,-0.9031094634173003,1.0090502363603895,-0.6742361927012199,-0.004221693743863077,0.004076207767540005,0.0013733807490106736,0.0,0.0,1308
dual_momentum,abs_21d,momentum,1d,ADA,2w,14,93,45,48,0.010884157591228629,0.16062062998441856,0.34520536036118926,0.6534840178848846,0.5150742427454292,0.46236559139784944,-0.8721482893800384,1.2019583965381941,-0.17211317800667358,0.0007951107708169634,0.020342638985364567,0.01188415759122863,0.0,0.0,1308
dual_momentum,abs_21d,momentum,1d,ADA,1m,30,43,19,24,0.005045207146233066,0.24624562270113923,0.07097203712978267,0.1343521778819397,0.8937658611771775,0.4883720930232558,-0.9375050406002351,1.055158131515649,-0.7190405730258067,-0.019753900589408912,0.024677834103616292,0.006045207146233062,0.0,0.0,1308
dual_momentum,accel_63d,momentum,1d,ADA,1w,7,123,50,73,0.006103130882957476,0.12521202109639787,0.2855628934858718,0.540579053577643,0.5897833249368631,0.4796747967479675,-0.6869169115622251,1.1525349081429124,-0.1209385422225997,0.005850678812464222,0.006276043260007643,0.0071031308829574745,0.0,0.0,1308
dual_momentum,accel_63d,momentum,1d,ADA,2w,14,70,28,42,0.016858303870934586,0.2010135453075759,0.3706637665845396,0.7016775383168199,0.4852403344399431,0.5,-0.63976430283804,1.3218363585752397,0.11471847760122822,0.022030946223897795,0.013409875635625776,0.01785830387093458,0.0,0.0,1308
dual_momentum,accel_63d,momentum,1d,ADA,1m,30,38,17,21,0.01862649731913461,0.27686127359473284,0.21908030678484552,0.41472553892969566,0.6807376937851358,0.47368421052631576,-0.7437876643177168,1.2284211608718052,-0.32392051072091943,0.012535090296614194,0.023557636337365413,0.0196264973191346,0.0,0.0,1308
dual_momentum,accel_42d,momentum,1d,ADA,1w,7,125,51,74,0.016832230447977096,0.1204965303228785,0.8250204116525688,1.56178818567493,0.12088649599188618,0.56,-0.614508489537595,1.5168503782864555,2.3384136122563266,0.020515004052857545,0.014294102693262199,0.017832230447977097,0.0,0.0,1308
dual_momentum,accel_42d,momentum,1d,ADA,2w,14,69,30,39,0.05277541031543809,0.18823265272013584,1.2302794262337038,2.3289555577442873,0.022840678699701744,0.5652173913043478,-0.4656246643087203,2.366305777676096,12.375763953346361,0.06096381414084682,0.04647663814204675,0.05377541031543809,0.0,0.0,1308
dual_momentum,accel_42d,momentum,1d,ADA,1m,30,39,18,21,0.06309788772936721,0.2674408177526081,0.7783268152852594,1.4733958185005676,0.1488803584959738,0.5897435897435898,-0.5814420243281375,2.0863612433966803,2.70796157922435,0.07964621938845548,0.0489136034501487,0.06409788772936721,0.0,0.0,1308
dual_momentum,filtered_63d,momentum,1d,ADA,1w,7,115,43,72,0.008742687261272582,0.12236550097200083,0.4047412150843783,0.7661871622161697,0.44514854863605924,0.46956521739130436,-0.5748745155354873,1.2327657364016427,0.28192088237861745,0.014758184175543362,0.005150098826360865,0.009742687261272582,0.0,0.0,1308
dual_momentum,filtered_63d,momentum,1d,ADA,2w,14,67,24,43,0.012113991965099269,0.20159917172333658,0.25982354228107973,0.49185369593702405,0.6244547327347356,0.44776119402985076,-0.6893069725384454,1.222966423738332,-0.17028937252530363,0.03406650096682358,-0.00013857119865383574,0.01311399196509927,0.0,0.0,1308
dual_momentum,filtered_63d,momentum,1d,ADA,1m,30,38,15,23,0.03848872048452191,0.27859597487923554,0.4498761757936967,0.8516289857166539,0.3998986267363871,0.5263157894736842,-0.5969788048655376,1.5264275606375906,0.4297465850472102,0.047119916785543045,0.032859679418638564,0.0394887204845219,0.0,0.0,1308
dual_momentum,abs_63d,momentum,1d,AVAX,1w,7,141,57,84,0.022022731225135022,0.14450286000677318,1.0999482472657898,1.8096904396624918,0.07248891181263642,0.5673758865248227,-0.6815053190433307,1.5271112485934857,4.756814843387166,0.025467909912384925,0.019684931401644016,0.02302273122513502,0.0,0.0,988
dual_momentum,abs_63d,momentum,1d,AVAX,2w,14,70,29,41,0.04146575243075408,0.22331017206151335,0.9442739833895895,1.553567274105794,0.12486272428906732,0.5142857142857142,-0.6708476134501247,1.7173136434191179,3.231372454937701,0.04907888294163249,0.03608085524013274,0.042465752430754074,0.0,0.0,988
dual_momentum,abs_63d,momentum,1d,AVAX,1m,30,32,13,19,0.060098877614341566,0.28577582240195637,0.7230758007643429,1.1896408463282344,0.2432195494706192,0.5625,-0.7299639080548591,1.7806459624701019,1.1574633217964463,0.08022398614541376,0.04632906651413427,0.06109887761434157,0.0,0.0,988
dual_momentum,abs_42d,momentum,1d,AVAX,1w,7,141,59,82,0.021939692148710773,0.14380672472260567,1.101105293664192,1.8115940708657237,0.07219240981771513,0.5390070921985816,-0.6944638533149914,1.5249802759019861,4.716126777433712,0.024345443252649087,0.020208724890999064,0.022939692148710777,0.0,0.0,988
dual_momentum,abs_42d,momentum,1d,AVAX,2w,14,70,30,40,0.039234795292346684,0.2197512592912958,0.9079396838366249,1.4937882484141025,0.13979006466530491,0.5285714285714286,-0.7438511766132935,1.6751567642553025,2.690667486992128,0.04194811514821549,0.03719980540044509,0.04023479529234669,0.0,0.0,988
dual_momentum,abs_42d,momentum,1d,AVAX,1m,30,32,15,17,0.06767248925136245,0.29544988526790134,0.787537559022391,1.295696588435559,0.2046451541442589,0.5625,-0.5834092113822529,1.8950815473341855,1.6619846224493235,0.08709600161442582,0.05053409598983597,0.06867248925136245,0.0,0.0,988
dual_momentum,abs_21d,momentum,1d,AVAX,1w,7,141,67,74,0.015287341682459226,0.1429476746239621,0.771849085227492,1.269885118568592,0.2062321944249663,0.5390070921985816,-0.8374054983259381,1.342290492740577,1.2615172609946348,0.015497491387529245,0.015097071003544479,0.016287341682459225,0.0,0.0,988
dual_momentum,abs_21d,momentum,1d,AVAX,2w,14,70,36,34,0.04681579856601276,0.21857563118254117,1.0892001051079072,1.792007053052619,0.07751609033831426,0.5285714285714286,-0.6220399288341243,1.857415730937194,5.266061880544748,0.0430698322477427,0.05078211584418106,0.047815798566012764,0.0,0.0,988
dual_momentum,abs_21d,momentum,1d,AVAX,1m,30,32,19,13,0.07007676617042151,0.2844288669135758,0.84711686907678,1.3937194800353507,0.17331416414935333,0.5625,-0.7626091641170067,1.9648858224913888,1.960960200764338,0.06770668436115451,0.07354073189165786,0.07107676617042151,0.0,0.0,988
dual_momentum,accel_63d,momentum,1d,AVAX,1w,7,87,37,50,0.006727735933524634,0.12659119900639657,0.3012957528848358,0.4957069979082809,0.6213655480437665,0.5632183908045977,-0.785761670880084,1.1417977066158664,-0.10186818982504986,0.02642788615521562,-0.007850375230526696,0.007727735933524635,0.0,0.0,988
dual_momentum,accel_63d,momentum,1d,AVAX,2w,14,51,22,29,0.05752876787348193,0.20266226946416058,1.232154645861948,2.0272030873678744,0.047989542123825064,0.5686274509803921,-0.4851619737681815,2.125664698736376,6.134593749407378,0.07671130841927214,0.04297649573529626,0.05852876787348192,0.0,0.0,988
dual_momentum,accel_42d,momentum,1d,AVAX,1w,7,101,44,57,0.013213160513505457,0.13370150596593902,0.6036692562811196,0.9931871654195472,0.32301592773738547,0.46534653465346537,-0.7623077991563881,1.2920243399323805,0.6326851805897853,0.012236173686741729,0.013967325783287986,0.014213160513505458,0.0,0.0,988
dual_momentum,accel_42d,momentum,1d,AVAX,2w,14,58,24,34,0.04465166006226499,0.19901216037646288,1.0385799931869413,1.7087242869536412,0.09294251668853423,0.5,-0.5331589059572994,1.8434130627658354,3.8348450275813617,0.04693458768676401,0.04304018173908921,0.045651660062264995,0.0,0.0,988
dual_momentum,accel_42d,momentum,1d,AVAX,1m,30,31,13,18,0.10893194601644605,0.33071561410423045,1.1146778448098627,1.8339243178670763,0.07660279253346249,0.6774193548387096,-0.4923888021689864,2.673677827362101,5.867220167451498,0.1490398461157178,0.07996512927808316,0.10993194601644607,0.0,0.0,988
dual_momentum,filtered_63d,momentum,1d,AVAX,1w,7,81,31,50,0.0012051230941931492,0.12413323726595223,0.05310724799365726,0.08737472804725813,0.9305919939410809,0.5555555555555556,-0.7857616708800841,1.0246027298203515,-0.410295081320879,0.015810765553418708,-0.007850375230526696,0.00220512309419315,0.0,0.0,988
dual_momentum,filtered_63d,momentum,1d,AVAX,2w,14,48,19,29,0.059127912408145016,0.20167530862054256,1.2346060314960128,2.0312362308879632,0.047907781442173836,0.5625,-0.4851619737681815,2.206802803333942,5.972480677380105,0.0837800746982826,0.04297649573529626,0.060127912408145,0.0,0.0,988
dual_momentum,abs_63d,momentum,1d,DOT,1w,7,143,50,93,0.01324269541520037,0.11167888036181395,0.8545485844472078,1.4179906192056249,0.15838425873963582,0.5384615384615384,-0.6217252208022754,1.369439893654153,1.8221160027612449,0.004706447091856636,0.01783207623420238,0.014242695415200367,0.0,0.0,1005
dual_momentum,abs_63d,momentum,1d,DOT,2w,14,71,25,46,0.016854031275154016,0.17663486270260367,0.48452919030021707,0.8040009182408865,0.42411846445893775,0.5633802816901409,-0.7434382291958633,1.3195754002985014,0.24126479871086648,-0.002588135966954512,0.027420426515430394,0.017854031275154017,0.0,0.0,1005
dual_momentum,abs_63d,momentum,1d,DOT,1m,30,33,12,21,0.06428402706270155,0.32640329492348386,0.6818187064278765,1.131372220736936,0.2663062155944981,0.6060606060606061,-0.6514104662705238,1.8954806673494418,1.2285596864243313,0.07015998632693073,0.060926336054570596,0.06528402706270156,0.0,0.0,1005
dual_momentum,abs_42d,momentum,1d,DOT,1w,7,143,50,93,0.0044253573700787936,0.11246575160539952,0.2835694742796963,0.4705394891991901,0.6386915768323996,0.5104895104895105,-0.7858835363301981,1.1103171469959592,-0.20121536456713152,-0.007360732184355212,0.010761964657408902,0.0054253573700787944,0.0,0.0,1005
dual_momentum,abs_42d,momentum,1d,DOT,2w,14,71,24,47,0.01046542605883072,0.1801202848144118,0.29504405234582765,0.4895797688898319,0.6259620559488724,0.49295774647887325,-0.7537167795108249,1.1853341137184399,-0.22110071676055698,-0.015411048178648384,0.023678944818394516,0.01146542605883072,0.0,0.0,1005
dual_momentum,abs_42d,momentum,1d,DOT,1m,30,33,7,26,0.03625071981210736,0.2581458198093625,0.486151812212047,0.8066934072243898,0.4257983164590726,0.6363636363636364,-0.8191190871033172,1.4700799134734934,0.07040504664023817,-0.05003939502644672,0.0594826738071027,0.03725071981210737,0.0,0.0,1005
dual_momentum,abs_21d,momentum,1d,DOT,1w,7,143,55,88,0.020891001139088528,0.11328227711027285,1.3290113886927724,2.205287933632068,0.029042239910660392,0.5594405594405595,-0.6923732630527233,1.641578331168016,7.309495702777195,0.01414546855591801,0.025106959003570108,0.02189100113908853,0.0,0.0,1005
dual_momentum,abs_21d,momentum,1d,DOT,2w,14,71,27,44,0.03991732036451894,0.18074731505392305,1.1214556429560216,1.8608814179892792,0.0669608828954305,0.5633802816901409,-0.5330324047443254,1.9216612150479444,5.1889430201515845,0.025545812260145923,0.04873620033765691,0.040917320364518936,0.0,0.0,1005
dual_momentum,abs_21d,momentum,1d,DOT,1m,30,33,10,23,0.08610944433960538,0.33562330166447113,0.8882169418152972,1.4738580277777151,0.15029006711549497,0.6060606060606061,-0.37178686976717057,2.3302797442654404,3.3668756894956333,0.10648490852332004,0.07725054686842509,0.08710944433960538,0.0,0.0,1005
dual_momentum,accel_63d,momentum,1d,DOT,1w,7,90,30,60,0.02006141314080869,0.11644912529950162,0.9849403899546494,1.6343555636873262,0.10571671438726751,0.5777777777777777,-0.46360322197717985,1.629378875526703,2.4516153985200626,0.03909100101320977,0.010546619204608155,0.021061413140808696,0.0,0.0,1005
dual_momentum,accel_63d,momentum,1d,DOT,2w,14,50,17,33,0.030058151604166222,0.1828224602978882,0.7006177324628986,1.1625662839570017,0.2506364683794278,0.46,-0.5521081962137698,1.6671065319250935,1.239894510262713,0.059702218695167154,0.014786965526983926,0.03105815160416623,0.0,0.0,1005
dual_momentum,accel_42d,momentum,1d,DOT,1w,7,101,34,67,0.012476433156466024,0.11447563547756767,0.6600874402723117,1.0953125605691236,0.2760107466994405,0.49504950495049505,-0.5895597532415822,1.36777809138005,0.9223601585764027,0.004753373025523167,0.016395597999034044,0.013476433156466025,0.0,0.0,1005
dual_momentum,accel_42d,momentum,1d,DOT,2w,14,57,22,35,0.009002831924486318,0.1702459336992691,0.24060421091438688,0.39924530942693204,0.6912310018947858,0.43859649122807015,-0.726348471295605,1.1594256233689813,-0.19874542996026712,-0.012244604041594059,0.022358363103165416,0.010002831924486321,0.0,0.0,1005
dual_momentum,accel_42d,momentum,1d,DOT,1m,30,30,7,23,0.06702141998202334,0.21742922727088515,1.0174655916250088,1.688326082971698,0.10207570244438045,0.6,-0.42869822413781855,2.2415839860982736,2.9310772592347396,0.0674120112404449,0.06690254438163418,0.06802141998202334,0.0,0.0,1005
dual_momentum,filtered_63d,momentum,1d,DOT,1w,7,84,24,60,0.019819066518695846,0.108397016182188,1.0098780017189666,1.6757356562774604,0.09755340767863631,0.5714285714285714,-0.4100431102172907,1.6952305132903813,2.3346769049623113,0.04479294255590338,0.009829516103812833,0.020819066518695847,0.0,0.0,1005
dual_momentum,filtered_63d,momentum,1d,DOT,2w,14,47,14,33,0.04500043076310567,0.18240176901410393,1.0192951443823308,1.6913619415459682,0.09753295916279962,0.48936170212765956,-0.3519277902784721,2.161338739104929,3.3120634629402463,0.0950700747495222,0.023758763617353205,0.04600043076310566,0.0,0.0,1005
dual_momentum,abs_63d,momentum,1d,LINK,1w,7,186,92,94,0.009635794643446953,0.11806096254904662,0.5880039566826127,1.1131089845856401,0.2671058401249961,0.4946236559139785,-0.8186954907126085,1.245541686201912,0.7812994644525812,0.011215222929039047,0.008089971214995113,0.01063579464344695,0.0,0.0,1308
dual_momentum,abs_63d,momentum,1d,LINK,2w,14,93,46,47,0.01694179862886675,0.1625011337911481,0.5311132723640478,1.0054132265307312,0.3173350047247227,0.5483870967741935,-0.7199533092533897,1.3246577471948555,0.5597942589729499,0.018715144598850594,0.015206183424201726,0.017941798628866752,0.0,0.0,1308
dual_momentum,abs_63d,momentum,1d,LINK,1m,30,43,20,23,0.04558252714435131,0.26210237976149636,0.6024267156315372,1.1404116963890343,0.260576380558792,0.5348837209302325,-0.7903703218218389,1.699538956940662,1.0166907255060091,0.05982220899154063,0.033200195103317134,0.046582527144351314,0.0,0.0,1308
dual_momentum,abs_42d,momentum,1d,LINK,1w,7,186,90,96,0.003599571160715222,0.11726121488238753,0.22115430949937148,0.4186516877750511,0.6759563305444245,0.45698924731182794,-0.8033926629148836,1.0856319073873635,-0.4160857492101896,0.0045701934171072725,0.002689612795347679,0.0045995711607152235,0.0,0.0,1308
dual_momentum,abs_42d,momentum,1d,LINK,2w,14,93,43,50,0.016777008600008775,0.1639630692017824,0.5212577468500553,0.9867564235062585,0.32635011812657133,0.4946236559139785,-0.6326233201251269,1.3191703081144777,0.5253417533801037,0.02020863714112864,0.013825808054645694,0.017777008600008772,0.0,0.0,1308
dual_momentum,abs_42d,momentum,1d,LINK,1m,30,43,17,26,0.04565559652153513,0.27468389009944544,0.5757548701741129,1.089921099384151,0.2819619198015324,0.5116279069767442,-0.6340636483091568,1.6884035472401282,0.9456571091013171,0.0714273923318738,0.028804806953236763,0.04665559652153513,0.0,0.0,1308
dual_momentum,abs_21d,momentum,1d,LINK,1w,7,186,96,90,-0.009404356864373537,0.11301299090616085,-0.5995146006302314,-1.1348989760488724,0.25788593034769297,0.41397849462365593,-0.9849669946782916,0.8032186668379468,-0.9466596714047812,-0.007209128315339214,-0.011745933983343478,-0.008404356864373536,0.0,0.0,1308
dual_momentum,abs_21d,momentum,1d,LINK,2w,14,93,51,42,0.006877250210270004,0.1609043297607547,0.21773644562529362,0.4121815697714399,0.6811651911664263,0.5161290322580645,-0.8100183392309652,1.1216055840056054,-0.38158942367258786,0.011036284426693169,0.0018269943760418747,0.007877250210270005,0.0,0.0,1308
dual_momentum,abs_21d,momentum,1d,LINK,1m,30,43,21,22,0.05431293345598165,0.2722210821440418,0.6911276874954745,1.3083252752027912,0.19787795940189226,0.6046511627906976,-0.6888591713371597,1.878870241041511,1.8327999881863977,0.06749016938927595,0.04173466279238257,0.05531293345598165,0.0,0.0,1308
dual_momentum,accel_63d,momentum,1d,LINK,1w,7,124,62,62,-0.00011814835900450694,0.10905728796039807,-0.006372742981606662,-0.012063792069192406,0.9903942654211677,0.4596774193548387,-0.7530964855934118,0.9971156464130265,-0.5211874012612455,0.002605234205692104,-0.0028415309237011183,0.0008818516409954939,0.0,0.0,1308
dual_momentum,accel_63d,momentum,1d,LINK,2w,14,71,38,33,-0.013191670348046906,0.17452367942358446,-0.3364473903962415,-0.6369049201697708,0.5262642592669655,0.4084507042253521,-0.912657754104494,0.8201757685842082,-0.8616575310009882,-0.01281279692019325,-0.013627948840726866,-0.012191670348046904,0.0,0.0,1308
dual_momentum,accel_63d,momentum,1d,LINK,1m,30,38,19,19,0.00913314934225159,0.20936124061264832,0.14205569019644715,0.2689156480532494,0.789488473337646,0.5263157894736842,-0.6097482999686886,1.1155323501027705,-0.35768089507625056,0.0032915385236992217,0.01497476016080396,0.010133149342251591,0.0,0.0,1308
dual_momentum,accel_42d,momentum,1d,LINK,1w,7,135,69,66,0.002109406983240207,0.12288311292941648,0.10536045060196358,0.19945046772591743,0.8422127240935413,0.4444444444444444,-0.8451803881121305,1.0465476198507295,-0.4963549206241745,0.004639421051831995,-0.0005356077248330339,0.0031094069832402053,0.0,0.0,1308
dual_momentum,accel_42d,momentum,1d,LINK,2w,14,75,36,39,0.0107981589509877,0.15923285051101166,0.3102346042231211,0.5872833360482345,0.5588011275056317,0.52,-0.893060697726617,1.1982535123128852,-0.0610805995353253,0.025119035977539825,-0.0024211121504450254,0.011798158950987703,0.0,0.0,1308
dual_momentum,accel_42d,momentum,1d,LINK,1m,30,39,17,22,-0.0011640731685425949,0.20939482554508906,-0.01833957205283951,-0.034717355544071994,0.9724868511470884,0.48717948717948717,-0.7951986952172142,0.9854325091236722,-0.5734165154877304,0.0052531262237686446,-0.006122818153510371,-0.00016407316854259404,0.0,0.0,1308
dual_momentum,filtered_63d,momentum,1d,LINK,1w,7,122,60,62,-0.0014698811189138039,0.10725497637328213,-0.07996266047736375,-0.1513716953723972,0.8799345980707867,0.45901639344262296,-0.7530964855934118,0.9640815745509574,-0.5810491232399944,-5.250965396691269e-05,-0.0028415309237011183,-0.0004698811189138031,0.0,0.0,1308
dual_momentum,filtered_63d,momentum,1d,LINK,2w,14,70,37,33,-0.009349544389186497,0.17273290205056904,-0.23922521773409713,-0.4528604547180143,0.6520700237426186,0.4142857142857143,-0.9045176408426988,0.8671488600864188,-0.807284758948015,-0.005533670148623466,-0.013627948840726866,-0.008349544389186496,0.0,0.0,1308
dual_momentum,filtered_63d,momentum,1d,LINK,1m,30,38,19,19,0.00913314934225159,0.20936124061264832,0.14205569019644715,0.2689156480532494,0.789488473337646,0.5263157894736842,-0.6097482999686886,1.1155323501027705,-0.35768089507625056,0.0032915385236992217,0.01497476016080396,0.010133149342251591,0.0,0.0,1308
dual_momentum,abs_63d,momentum,1d,UNI,1w,7,143,68,75,0.06962125774823916,0.6558319554354358,0.7650339547591007,1.2694549976042966,0.2063554175106606,0.4825174825174825,-0.9981924331965145,1.9927675413873078,-0.9924140589758742,0.15304558843302724,-0.006016802072635355,0.07062125774823919,0.0,0.0,1005
dual_momentum,abs_63d,momentum,1d,UNI,2w,14,71,35,36,0.07633987486844378,0.6522082627682477,0.5943711523749158,0.9862665900257364,0.32739915048797963,0.5070422535211268,-0.9985539114866525,1.7547849401884823,-0.9901550018298595,0.1617173224765765,-0.006665976972796386,0.07733987486844375,0.0,0.0,1005
dual_momentum,abs_63d,momentum,1d,UNI,1m,30,33,15,18,-0.006712308882514503,0.5123535735352732,-0.04535472468371988,-0.0752591196201808,0.9404770801181722,0.3939393939393939,-0.9996517619678668,0.9591826466923948,-0.9984905764715604,0.0043812099478393336,-0.01595690790780939,-0.005712308882514529,0.0,0.0,1005
dual_momentum,abs_42d,momentum,1d,UNI,1w,7,143,66,77,0.06309180293947789,0.6507196031768219,0.6987317342758531,1.1594367629610722,0.248224096158749,0.4755244755244755,-0.9985921584764814,1.8806715265225582,-0.9965093254352303,0.1543293907732175,-0.015111843775156052,0.0640918029394779,0.0,0.0,1005
dual_momentum,abs_42d,momentum,1d,UNI,2w,14,71,32,39,0.0886732085119941,0.6513996584616495,0.6912537053073928,1.1470281356221315,0.25527546795162204,0.49295774647887325,-0.9960471213536363,1.9198958782367153,-0.9767426305276616,0.19021602192983794,0.005356028271711914,0.08967320851199406,0.0,0.0,1005
dual_momentum,abs_42d,momentum,1d,UNI,1m,30,33,12,21,-0.028607140497336047,0.48797239771549283,-0.20295491047181824,-0.33677214427418506,0.7384874259345199,0.42424242424242425,-0.9998427519656681,0.8301074793232572,-0.9991783000765608,-0.04398979504611622,-0.01981705218374737,-0.02760714049733606,0.0,0.0,1005
dual_momentum,abs_21d,momentum,1d,UNI,1w,7,143,65,78,0.11495281501470112,0.7702753844422336,1.0754866196292243,1.7846029652040472,0.07646091085636117,0.4755244755244755,-0.9980171565519459,2.616571112149196,-0.8567703251502582,0.21809024342077885,0.029004958009636317,0.11595281501470112,0.0,0.0,1005
dual_momentum,abs_21d,momentum,1d,UNI,2w,14,71,35,36,0.15303267904762197,1.041224324885973,0.7463326676375989,1.2384231169271847,0.21969633085216944,0.43661971830985913,-0.9965077336078876,2.4896788921326682,-0.9468795913430973,0.09362211743285039,0.21079294728420547,0.15403267904762194,0.0,0.0,1005
dual_momentum,abs_21d,momentum,1d,UNI,1m,30,33,16,17,0.6855592710283601,3.483281969391858,0.6813601782718226,1.1306113644956886,0.2666217050536488,0.6060606060606061,-0.9367215835909548,6.402689081057841,1.359173795673457,1.226124453897901,0.1767920400923214,0.6865592710283599,0.0,0.0,1005
dual_momentum,accel_63d,momentum,1d,UNI,1w,7,90,48,42,-0.011005282412609826,0.2752524162517189,-0.2285886736616489,-0.37930739200574787,0.7053631030431671,0.4111111111111111,-0.9999802204317535,0.832314879118345,-0.9999591853133265,-0.040131583130889686,0.02228191840828144,-0.010005282412609824,0.0,0.0,1005
dual_momentum,accel_63d,momentum,1d,UNI,2w,14,51,29,22,-0.06994632290537123,0.2434889086324899,-1.2363293938925977,-2.0514965616869296,0.045475145419797754,0.37254901960784315,-0.9999967875400176,0.33896246146213344,-0.9999939212073851,-0.10401433057978166,-0.02503849460728477,-0.06894632290537124,0.0,0.0,1005
dual_momentum,accel_42d,momentum,1d,UNI,1w,7,97,49,48,0.013438727148230092,0.5683745805775035,0.1403371841228988,0.23286775524966846,0.8163598688862149,0.422680412371134,-0.9998322531981951,1.1707652822697021,-0.9997966830774184,0.04276430887352378,-0.016497804196340563,0.014438727148230076,0.0,0.0,1005
dual_momentum,accel_42d,momentum,1d,UNI,2w,14,58,30,28,-0.03359302915099903,0.47055141903185205,-0.3276570203131602,-0.5436959227092732,0.5887710423454486,0.39655172413793105,-0.999972920621396,0.7377590616769897,-0.9999590745072369,0.0002856675867552524,-0.06989163279859287,-0.03259302915099903,0.0,0.0,1005
dual_momentum,accel_42d,momentum,1d,UNI,1m,30,30,15,15,-0.07964796540851053,0.7151908112478571,-0.36760108875484604,-0.6099768988574671,0.5466275298427188,0.3333333333333333,-1.0003234664305367,0.684830776849095,-1.000000000342495,-0.01960953897917168,-0.1396863918378494,-0.07864796540851057,0.0,0.0,1005
dual_momentum,filtered_63d,momentum,1d,UNI,1w,7,78,36,42,0.01833330318409149,0.2501511960424355,0.3900756488433013,0.6472699398339703,0.5193823342446556,0.4358974358974359,-0.7773894127015586,1.4258595864772912,-0.0924010525644976,0.013730010606459323,0.022278982536347653,0.019333303184091495,0.0,0.0,1005
dual_momentum,filtered_63d,momentum,1d,UNI,2w,14,44,21,23,-0.02879277813694916,0.17727965380655786,-0.6492536733077511,-1.0773356073496128,0.2873374228661403,0.4318181818181818,-0.9455532520464124,0.592492252516836,-0.8969728833413919,-0.03063993140467744,-0.027106246892501594,-0.027792778136949157,0.0,0.0,1005
dual_momentum,abs_63d,momentum,1d,ATOM,1w,7,181,62,119,0.008257479239801527,0.09667555587656719,0.6158057744269512,1.1491324798860885,0.25202600587506785,0.5082872928176796,-0.7309477271025242,1.2489101791264599,0.9650976156936841,-0.003881018641360645,0.0145817386400709,0.00925747923980153,0.0,0.0,1271
dual_momentum,abs_63d,momentum,1d,ATOM,2w,14,90,31,59,0.01158575150226902,0.14741930029963568,0.3995441492002802,0.7455746244369761,0.4578890113227173,0.5777777777777777,-0.7489160973814217,1.2446975001431528,0.1189864211998255,-0.014672400965753426,0.02538240788377234,0.01258575150226902,0.0,0.0,1271
dual_momentum,abs_63d,momentum,1d,ATOM,1m,30,42,18,24,0.0026142748110069163,0.21807907014307176,0.0416327936390229,0.07768942316839428,0.9384530185891691,0.5,-0.6520585773854739,1.0314721032130976,-0.5629562282467386,-0.05263725893887969,0.04405292512342188,0.0036142748110069224,0.0,0.0,1271
dual_momentum,abs_42d,momentum,1d,ATOM,1w,7,181,65,116,0.005397678501409041,0.09764643736968831,0.39853232706554875,0.7436865004096079,0.4580357980992559,0.5027624309392266,-0.5816759631175448,1.1558655595285556,0.1655463505267436,-0.007436761745402989,0.012589390708674405,0.006397678501409042,0.0,0.0,1271
dual_momentum,abs_42d,momentum,1d,ATOM,2w,14,90,33,57,0.0065228261040300595,0.15023648566278866,0.2207269164359307,0.4118903709496129,0.6814101083501672,0.4888888888888889,-0.7431808359800716,1.1295794675025537,-0.29838168965395584,-0.02204581358257801,0.023062564869961052,0.00752282610403006,0.0,0.0,1271
dual_momentum,abs_42d,momentum,1d,ATOM,1m,30,42,17,25,0.031059798411741515,0.2202439083964906,0.48977095839552626,0.9139435506608747,0.3660901538985711,0.5714285714285714,-0.6992515263596197,1.4405429270379915,0.4259488662800217,-0.02229607395456529,0.06734179162083015,0.03205979841174152,0.0,0.0,1271
dual_momentum,abs_21d,momentum,1d,ATOM,1w,7,181,72,109,0.010936328888324885,0.09792539939750268,0.8051729109347912,1.5025035202708277,0.13471945304807614,0.4972375690607735,-0.5531068854306431,1.3404300087543195,2.164539139958118,0.0004568242045712804,0.017858570514290566,0.011936328888324887,0.0,0.0,1271
dual_momentum,abs_21d,momentum,1d,ATOM,2w,14,90,35,55,0.028180295557753476,0.1521609049132786,0.9415369602267174,1.7569674513308446,0.0823624927315095,0.5555555555555556,-0.503959884153764,1.692177721160825,3.8383836234943445,0.008287728002763983,0.04083920218365588,0.029180295557753474,0.0,0.0,1271
dual_momentum,abs_21d,momentum,1d,ATOM,1m,30,42,18,24,-0.005576106576841005,0.21723604728176912,-0.08914509991105136,-0.1663503883603665,0.8686988769775947,0.4523809523809524,-0.7757095837313196,0.9357368458242081,-0.6895173959469433,-0.059362208063087035,0.034763469537843525,-0.0045761065768409985,0.0,0.0,1271
dual_momentum,accel_63d,momentum,1d,ATOM,1w,7,122,45,77,0.007888133322263641,0.10590440177061707,0.44087330526310115,0.8226974407052449,0.41229843739745,0.5491803278688525,-0.5896226385190892,1.221573378749069,0.35767595917491213,0.007994604436455253,0.007825909943839979,0.008888133322263646,0.0,0.0,1271
dual_momentum,accel_63d,momentum,1d,ATOM,2w,14,70,29,41,0.02149084933219799,0.15032128772481854,0.6409966634346949,1.1961402702611326,0.23573604041279123,0.5285714285714286,-0.3844727285652234,1.4548952311864978,1.123129346483681,0.01356535609303152,0.02709668601355964,0.022490849332197995,0.0,0.0,1271
dual_momentum,accel_63d,momentum,1d,ATOM,1m,30,36,15,21,0.037037247393868655,0.2062182899192286,0.5774793097343575,1.077612875415911,0.2885780153862953,0.5833333333333334,-0.46228597102574187,1.586835817419394,0.8862849157886059,0.007689621928352749,0.05799983701209432,0.03803724739386866,0.0,0.0,1271
dual_momentum,accel_42d,momentum,1d,ATOM,1w,7,137,51,86,0.0057550121139522915,0.11080136901298362,0.32578797953448124,0.6079409521417959,0.5442405154590853,0.5036496350364964,-0.6264017034818499,1.1585775856858316,0.003564776778976375,0.005013480720611934,0.006194757475119248,0.006755012113952292,0.0,0.0,1271
dual_momentum,accel_42d,momentum,1d,ATOM,2w,14,75,28,47,0.009687675286071264,0.1324959022572406,0.3393293422805726,0.6332099905296439,0.5285486488463085,0.49333333333333335,-0.5297759682959273,1.2109146184567396,0.06277136554848295,-0.010843982341444985,0.02191930110671924,0.010687675286071265,0.0,0.0,1271
dual_momentum,accel_42d,momentum,1d,ATOM,1m,30,39,14,25,0.035077650149973626,0.1998901668608249,0.5872797446702706,1.0959011061691029,0.28001915504400193,0.6153846153846154,-0.44909980894134816,1.6155993210407606,0.8583859887583642,0.00314316768682908,0.052960960329334554,0.03607765014997363,0.0,0.0,1271
dual_momentum,filtered_63d,momentum,1d,ATOM,1w,7,119,42,77,0.008535210435012241,0.10605866498228154,0.47045188674993105,0.8778929424478247,0.3817858062248167,0.5546218487394958,-0.5896226385190894,1.2432411902791132,0.45292959466419047,0.009835594668828065,0.007825909943839979,0.009535210435012246,0.0,0.0,1271
dual_momentum,filtered_63d,momentum,1d,ATOM,2w,14,68,27,41,0.02475852262763095,0.15066812366822338,0.7261585574106252,1.3550577446992778,0.17995037334543376,0.5441176470588235,-0.3844727285652232,1.5382587095279137,1.581572687388333,0.021207978226776256,0.02709668601355964,0.02575852262763095,0.0,0.0,1271
dual_momentum,filtered_63d,momentum,1d,ATOM,1m,30,35,14,21,0.040676260953066624,0.20805287503848574,0.6198334109544144,1.1566483041006155,0.2554784604209072,0.6,-0.46228597102574187,1.652533361080851,1.0735884877872635,0.014690896864525103,0.05799983701209432,0.041676260953066625,0.0,0.0,1271
dual_momentum,abs_63d,momentum,1d,FTM,1w,7,157,70,87,0.0219586412273161,0.16638454905481903,0.9499727855557565,1.6536450501067217,0.10021055554416397,0.5286624203821656,-0.776943389420692,1.4103951412950697,3.0030163261679803,0.014390378062776835,0.028048048371198262,0.0229586412273161,0.0,0.0,1106
dual_momentum,abs_63d,momentum,1d,FTM,2w,14,78,35,43,0.05319450090621452,0.24117872167540197,1.1190356429297021,1.9479376461727966,0.055067075014771816,0.5897435897435898,-0.7952720876359933,1.8288462258566767,6.667661686047176,0.03739883824690384,0.06605143562890926,0.054194500906214534,0.0,0.0,1106
dual_momentum,abs_63d,momentum,1d,FTM,1m,30,36,14,22,0.08866159231085867,0.3911440951870931,0.7813018765845059,1.3600347299393563,0.18251547885984487,0.6111111111111112,-0.8201270161445229,1.8882463590064091,1.1366346563340581,0.0362054498339613,0.12204277388706605,0.08966159231085867,0.0,0.0,1106
dual_momentum,abs_42d,momentum,1d,FTM,1w,7,157,66,91,0.03212047667956414,0.16572645816676682,1.3951112081150363,2.4285103517972653,0.016297899371868894,0.5796178343949044,-0.5661717173845507,1.6588179924048143,18.59018804452666,0.027542264610543675,0.0354409381801724,0.033120476679564144,0.0,0.0,1106
dual_momentum,abs_42d,momentum,1d,FTM,2w,14,78,31,47,0.06062961301784487,0.25073528458577427,1.2268331776547976,2.1355839265950043,0.035892165701978326,0.6153846153846154,-0.6539724408264033,1.97596690183215,11.830319175071592,0.061616863192977746,0.05997844800871469,0.061629613017844885,0.0,0.0,1106
dual_momentum,abs_42d,momentum,1d,FTM,1m,30,36,17,19,0.1545702698111635,0.4955832625346194,1.07505195607185,1.871373972808848,0.06967103210125637,0.5833333333333334,-0.478475596317561,2.7539470449861145,12.57501664247807,0.16652769211507984,0.1438715235392383,0.15557026981116343,0.0,0.0,1106
dual_momentum,abs_21d,momentum,1d,FTM,1w,7,157,67,90,0.03140816998314655,0.16743982918516534,1.350213840206213,2.350356207453213,0.020006886711097033,0.5605095541401274,-0.6868302860258009,1.635029394211854,16.280438298056158,0.023056609981439394,0.03762544242886187,0.03240816998314655,0.0,0.0,1106
dual_momentum,abs_21d,momentum,1d,FTM,2w,14,78,34,44,0.04362948167774181,0.24136801424460502,0.91709960454635,1.5964217549934152,0.11449092436803347,0.5769230769230769,-0.8133801317832141,1.6406481729094418,2.6762716461537757,0.030774038703900358,0.05356323306661934,0.044629481677741834,0.0,0.0,1106
dual_momentum,abs_21d,momentum,1d,FTM,1m,30,36,19,17,0.06352024034848842,0.45783170147647007,0.47821851967410434,0.8324487816414741,0.4108000028262306,0.4722222222222222,-0.7716624511781105,1.5353275108313564,-0.32182208323893935,0.04716219649485774,0.08180275994960512,0.06452024034848843,0.0,0.0,1106
dual_momentum,accel_63d,momentum,1d,FTM,1w,7,105,48,57,0.03179603713208082,0.18028827842776368,1.0381713080241517,1.807174764140859,0.07362620097835612,0.5333333333333333,-0.7397639450547646,1.6934187401423604,5.561431573415939,0.04158726576834467,0.02355079196470073,0.03279603713208082,0.0,0.0,1106
dual_momentum,accel_63d,momentum,1d,FTM,2w,14,59,29,30,0.05947688023107341,0.2706552919220508,0.9696757434298219,1.6879425576314753,0.09679314054014518,0.6101694915254238,-0.8646356021514706,1.852453210705903,3.9129321056611106,0.04631506811075095,0.07219996528071845,0.06047688023107343,0.0,0.0,1106
dual_momentum,accel_63d,momentum,1d,FTM,1m,30,32,15,17,0.11880745368389983,0.542350734941811,0.711880854303661,1.239191552520428,0.22457491557961115,0.5625,-0.8408638788968704,2.102656298439984,1.202475054035792,0.04464395319128311,0.1842458364715028,0.11980745368389983,0.0,0.0,1106
dual_momentum,accel_42d,momentum,1d,FTM,1w,7,110,46,64,0.03916276141098453,0.23515340798178028,1.003430369145236,1.7467002089886607,0.08350625350649504,0.5363636363636364,-0.6040001952159532,1.844699833770417,8.21087763696829,0.04208051199524927,0.03706562817854425,0.04016276141098452,0.0,0.0,1106
dual_momentum,accel_42d,momentum,1d,FTM,2w,14,63,27,36,0.07552808225071327,0.2666134845972051,1.291711392559074,2.2485193080790675,0.028107191170061604,0.5555555555555556,-0.6463411372774994,2.2550525689417937,17.503022083137342,0.09159426856866588,0.0634784425122488,0.0765280822507133,0.0,0.0,1106
dual_momentum,accel_42d,momentum,1d,FTM,1m,30,34,13,21,0.048318320583250356,0.44739772167617864,0.3617648688568458,0.6297345500667699,0.5332044521593191,0.47058823529411764,-0.8764750924632985,1.3732605620974963,-0.5708211903169267,0.033332800631464696,0.05759507102959387,0.049318320583250336,0.0,0.0,1106
dual_momentum,filtered_63d,momentum,1d,FTM,1w,7,105,48,57,0.03179603713208082,0.18028827842776368,1.0381713080241517,1.807174764140859,0.07362620097835612,0.5333333333333333,-0.7397639450547646,1.6934187401423604,5.561431573415939,0.04158726576834467,0.02355079196470073,0.03279603713208082,0.0,0.0,1106
dual_momentum,filtered_63d,momentum,1d,FTM,2w,14,59,29,30,0.05947688023107341,0.2706552919220508,0.9696757434298219,1.6879425576314753,0.09679314054014518,0.6101694915254238,-0.8646356021514706,1.852453210705903,3.9129321056611106,0.04631506811075095,0.07219996528071845,0.06047688023107343,0.0,0.0,1106
dual_momentum,filtered_63d,momentum,1d,FTM,1m,30,32,15,17,0.11880745368389983,0.542350734941811,0.711880854303661,1.239191552520428,0.22457491557961115,0.5625,-0.8408638788968704,2.102656298439984,1.202475054035792,0.04464395319128311,0.1842458364715028,0.11980745368389983,0.0,0.0,1106
dual_momentum,abs_63d,momentum,1d,NEAR,1w,7,139,61,78,0.023556916896333022,0.13593380348826967,1.2481747305376385,2.0431411986138595,0.042941654759608074,0.5467625899280576,-0.4990249736042416,1.59101938866727,6.505363627322015,0.023908503246825294,0.023281958340178807,0.024556916896333023,0.0,0.0,978
dual_momentum,abs_63d,momentum,1d,NEAR,2w,14,69,30,39,0.05217783064202856,0.21728872572533503,1.2185697024612139,1.9946806337032013,0.0500880471629661,0.5942028985507246,-0.4959948166685232,1.9831154302373641,7.981882969994604,0.06133282184622132,0.045135529715726465,0.05317783064202858,0.0,0.0,978
dual_momentum,abs_63d,momentum,1d,NEAR,1m,30,32,14,18,0.09045194656994615,0.3355323366061058,0.9316129787798983,1.5249602571978946,0.13740739981982245,0.625,-0.5072072191133432,2.132385354824133,3.198066056645785,0.13409721927022353,0.056505623358619306,0.09145194656994615,0.0,0.0,978
dual_momentum,abs_42d,momentum,1d,NEAR,1w,7,139,60,79,0.0018337917622761402,0.13741327900748168,0.09611821996161607,0.15733622091228916,0.8752098450850752,0.4748201438848921,-0.9232804387078483,1.0366403980932568,-0.632864403044852,0.0020146012521119415,0.0016964680991097072,0.002833791762276141,0.0,0.0,978
dual_momentum,abs_42d,momentum,1d,NEAR,2w,14,69,30,39,0.007677339373512653,0.20567495277709685,0.18942220281542235,0.310065808124217,0.7574592007541594,0.5072463768115942,-0.8951208738923402,1.1072910072406095,-0.5489840420890624,0.0035093040115170117,0.010883520421201612,0.00867733937351266,0.0,0.0,978
dual_momentum,abs_42d,momentum,1d,NEAR,1m,30,32,11,21,0.0200720670003391,0.2796252661296442,0.24806625001985572,0.4060604360920684,0.687487632998888,0.53125,-0.8240104099884381,1.1956974372950007,-0.46271008494412214,0.01133066773815896,0.024650895185290605,0.0210720670003391,0.0,0.0,978
dual_momentum,abs_21d,momentum,1d,NEAR,1w,7,139,64,75,0.010071443059468837,0.14010711244738527,0.5177450127186775,0.8474984631412453,0.3981847971965766,0.460431654676259,-0.8437827008700516,1.2157013044075864,0.13268590683994153,0.010634683403107338,0.009590811299563986,0.011071443059468838,0.0,0.0,978
dual_momentum,abs_21d,momentum,1d,NEAR,2w,14,69,28,41,0.014529841811657838,0.2135685479761332,0.34524320635155314,0.5651297059463533,0.573845368898704,0.5072463768115942,-0.7066160381542372,1.2099487122571935,-0.3014534143780496,0.023502760563995344,0.008401994858841976,0.015529841811657837,0.0,0.0,978
dual_momentum,abs_21d,momentum,1d,NEAR,1m,30,32,11,21,0.024129880201530254,0.27926370023356256,0.29860197208043754,0.4887825207630178,0.6284358992599026,0.59375,-0.8240104099884381,1.2400721281259286,-0.38810455229050467,0.017661036882167913,0.02751832194024387,0.025129880201530255,0.0,0.0,978
dual_momentum,accel_63d,momentum,1d,NEAR,1w,7,91,44,47,0.030211233014863503,0.15279214380491996,1.1522988463531407,1.8862016579082876,0.06249249807633181,0.5934065934065934,-0.7825057608125696,1.747527633936272,4.800429142277958,0.044006646588453685,0.017296377754481212,0.031211233014863508,0.0,0.0,978
dual_momentum,accel_63d,momentum,1d,NEAR,2w,14,52,26,26,0.03580982428210256,0.22229215018557805,0.709670479239162,1.1616618716107316,0.25078078315869046,0.4807692307692308,-0.8208275367515091,1.5162898726845313,0.9770981938000485,0.04634047493667655,0.02527917362752859,0.03680982428210256,0.0,0.0,978
dual_momentum,accel_42d,momentum,1d,NEAR,1w,7,96,43,53,0.008596494598941405,0.15551009137912172,0.33088375026788647,0.5416246664703588,0.5893451266034267,0.5208333333333334,-0.816285927403109,1.1765399433833839,-0.17119183124467097,0.012869439764524503,0.005129765502336253,0.009596494598941406,0.0,0.0,978
dual_momentum,accel_42d,momentum,1d,NEAR,2w,14,58,28,30,0.0201496260196352,0.2245128398996967,0.41755799948568095,0.6835020215418899,0.4970588232709721,0.46551724137931033,-0.8355046720461878,1.2653682974961282,-0.13075873879325262,0.026078956231109545,0.014615584488925804,0.021149626019635204,0.0,0.0,978
dual_momentum,filtered_63d,momentum,1d,NEAR,1w,7,86,39,47,0.025549025936528136,0.14864661888782915,0.9737456766348682,1.5939274047375336,0.11466422621414885,0.5930232558139535,-0.7825057608125697,1.6188849207165237,2.694013837259316,0.03549452502771291,0.017296377754481212,0.02654902593652814,0.0,0.0,978
dual_momentum,filtered_63d,momentum,1d,NEAR,2w,14,49,23,26,0.02751711507287449,0.21119275139976107,0.5571843847198239,0.9120568969979306,0.3662968878548035,0.46938775510204084,-0.820827536751509,1.3930456164041602,0.37998105549239725,0.030046961924135064,0.02527917362752859,0.02851711507287449,0.0,0.0,978
dual_momentum,abs_63d,momentum,1d,OP,1w,7,102,31,71,0.0009213985553283968,0.14473360962568677,0.04574641013428626,0.06429515082091404,0.9488622968117566,0.49019607843137253,-0.85982906192007,1.0159443766812475,-0.6246726012384547,-0.05200646909003344,0.024030749217387796,0.0019213985553283978,0.0,0.0,721
dual_momentum,abs_63d,momentum,1d,OP,2w,14,51,15,36,0.030064136815047576,0.19397283433483528,0.7875383570593767,1.106860566670725,0.2736510678102136,0.5098039215686274,-0.6160859549051394,1.4983851445848206,0.8747931551124997,-0.055506444882752165,0.06571854585579748,0.031064136815047577,0.0,0.0,721
dual_momentum,abs_42d,momentum,1d,OP,1w,7,102,35,67,0.010530874216046706,0.14823506032597925,0.5104960390729453,0.717486240544902,0.47473029047520515,0.5294117647058824,-0.7829025844303903,1.1960952805879592,-0.01752700608539015,-0.033066534299069104,0.03330563985827139,0.011530874216046705,0.0,0.0,721
dual_momentum,abs_42d,momentum,1d,OP,2w,14,51,16,35,0.01827211660564062,0.18734566033859365,0.49557467908921127,0.696514735069584,0.48933205531503376,0.45098039215686275,-0.636489377144372,1.2816182527821247,0.05273128593552556,-0.06712356939108288,0.057310144489857086,0.019272116605640623,0.0,0.0,721
dual_momentum,abs_21d,momentum,1d,OP,1w,7,102,36,66,-0.00287729499221332,0.1423406172727926,-0.14525611712094225,-0.20415293638421908,0.8386447942585038,0.5196078431372549,-0.8990651905119216,0.9514290808596189,-0.7424613945848414,-0.04795343232504781,0.021709689007514577,-0.0018772949922133192,0.0,0.0,721
dual_momentum,abs_21d,momentum,1d,OP,2w,14,51,20,31,0.03690131429678758,0.19336505336498974,0.9696784300877738,1.3628527512272153,0.17903560575316088,0.5294117647058824,-0.4844918808944274,1.6459070959883166,1.65257750647593,-0.032797848249351,0.08186851593945761,0.03790131429678757,0.0,0.0,721
dual_momentum,accel_63d,momentum,1d,OP,1w,7,68,19,49,0.030643811065877317,0.14510850038618728,1.2390338699500594,1.7414234102044428,0.08619918060833519,0.5,-0.44358492608935474,1.834801018806382,3.243867792372889,0.00362472218388258,0.04112060063236506,0.03164381106587732,0.0,0.0,721
dual_momentum,accel_63d,momentum,1d,OP,2w,14,38,12,26,0.04817720277964367,0.21832365235924395,0.9678574355859655,1.3602934003230862,0.18196753860031106,0.5263157894736842,-0.5468900961868655,1.7316706266137076,1.7205601252789395,0.018071938692752688,0.062071940050516444,0.04917720277964368,0.0,0.0,721
dual_momentum,accel_42d,momentum,1d,OP,1w,7,72,23,49,0.02668505200551299,0.15332960603168716,1.0507202004948324,1.4767544286663912,0.14416336583569003,0.5277777777777778,-0.671650043469912,1.6031483021562216,2.1094497515730772,-0.007442159142659318,0.04270394703424693,0.02768505200551299,0.0,0.0,721
dual_momentum,accel_42d,momentum,1d,OP,2w,14,42,15,27,0.035640181351306234,0.17737936889973205,0.9264889520306673,1.3021512885898878,0.20013272814419092,0.5476190476190477,-0.6418829453370656,1.6855017454905583,1.2867141761262104,-0.04129999157244875,0.07838472186450345,0.036640181351306235,0.0,0.0,721
dual_momentum,filtered_63d,momentum,1d,OP,1w,7,68,19,49,0.030643811065877317,0.14510850038618728,1.2390338699500594,1.7414234102044428,0.08619918060833519,0.5,-0.44358492608935474,1.834801018806382,3.243867792372889,0.00362472218388258,0.04112060063236506,0.03164381106587732,0.0,0.0,721
dual_momentum,filtered_63d,momentum,1d,OP,2w,14,38,12,26,0.04817720277964367,0.21832365235924395,0.9678574355859655,1.3602934003230862,0.18196753860031106,0.5263157894736842,-0.5468900961868655,1.7316706266137076,1.7205601252789395,0.018071938692752688,0.062071940050516444,0.04917720277964368,0.0,0.0,721
dual_momentum,abs_63d,momentum,1d,ARB,1w,7,171,95,76,-0.008013324161862054,0.3737082124877542,-0.1481223812023779,-0.28040007462667704,0.7795115097002255,0.3216374269005848,-1.0000000044541486,0.905636419287209,-0.9999999999976686,0.009966059380237128,-0.030487553589486054,-0.007013324161862068,0.0,0.0,1308
dual_momentum,abs_63d,momentum,1d,ARB,2w,14,86,47,39,-0.027181108103833316,0.33637504641500326,-0.39585412328292313,-0.7493636330228504,0.4557069832477048,0.4069767441860465,-1.0000022330940457,0.7270124147276886,-0.9999999955777418,-0.0031153795285757064,-0.05618339638683608,-0.026181108103833336,0.0,0.0,1308
dual_momentum,abs_63d,momentum,1d,ARB,1m,30,40,23,17,63.90051074852347,404.7738820235644,0.5274294835335319,0.9984397046726519,0.32422104036042465,0.35,-1.0004055818978816,400.6333524483902,-1.0048046997672926,111.20504813529159,-0.09974571592754308,63.90151074852348,0.0,0.0,1308
dual_momentum,abs_42d,momentum,1d,ARB,1w,7,166,93,73,0.03298971434729428,0.42037204774411996,0.5341230607504713,1.0111108454949482,0.3134438063717688,0.39759036144578314,-1.000000306031166,1.4454248483391563,-0.9999999989621906,0.04425934572153827,0.018632512733531382,0.03398971434729428,0.0,0.0,1308
dual_momentum,abs_42d,momentum,1d,ARB,2w,14,83,50,33,-0.03770628008349482,0.32192008345549006,-0.5636989475203085,-1.0670988791067073,0.28905884662621867,0.3855421686746988,-1.0000029248728908,0.6380403950810343,-0.9999999976495533,-0.004045502750570553,-0.08870745786065283,-0.03670628008349483,0.0,0.0,1308
dual_momentum,abs_42d,momentum,1d,ARB,1m,30,39,19,20,0.025826095602462375,0.7560068123784658,0.1126958462668692,0.213336589965915,0.8322049060281655,0.3333333333333333,-1.0000487752698963,1.1642582625905191,-0.9999999171134115,0.11585274999906536,-0.05969922607431048,0.026826095602462355,0.0,0.0,1308
dual_momentum,abs_21d,momentum,1d,ARB,1w,7,154,77,77,16.19759148530032,200.9399154156194,0.52842961272044,1.0003329789798083,0.3187288384811172,0.42207792207792205,-1.0019932717954723,214.3065731120061,-1.0011475643418581,0.010739760270471927,32.38444321033016,16.19859148530032,0.0,0.0,1308
dual_momentum,abs_21d,momentum,1d,ARB,2w,14,79,39,40,32.40788117164355,287.6819644599953,0.5289250161306936,1.0012707923749065,0.31979205297588975,0.3924050632911392,-3.1102271850509053,384.7310203947246,-1.5385545419123328,0.047952132648801576,63.95881198466346,32.40888117164357,0.0,0.0,1308
dual_momentum,abs_21d,momentum,1d,ARB,1m,30,38,19,19,0.12097766475212766,0.7805820688136208,0.5046856831572645,0.9553850138755444,0.3455838211469161,0.42105263157894735,-1.0004931163703916,1.9277865064030955,-0.9999978055411355,0.19286609669452529,0.049089232809730134,0.12197766475212772,0.0,0.0,1308
dual_momentum,accel_63d,momentum,1d,ARB,1w,7,108,62,46,31.240217428185655,324.96602349456344,0.5277527800380014,0.9990517145744903,0.3200236196969986,0.3333333333333333,-0.9999539801909716,342.0931267940205,-0.8510393192556427,54.45594678509976,-0.0505482267855726,31.241217428185657,0.0,0.0,1308
dual_momentum,accel_63d,momentum,1d,ARB,2w,14,62,36,26,0.0609317257179669,0.4981808707588192,0.5087387704697757,0.9630576287475926,0.33932093349026543,0.3548387096774194,-1.000765710586799,1.7424984699616999,-1.0013053088410142,0.12729788648747084,-0.0309598815013463,0.06193172571796688,0.0,0.0,1308
dual_momentum,accel_63d,momentum,1d,ARB,1m,30,35,20,15,0.08543026365936855,0.8951553712455841,0.29825649314824737,0.5646084154047949,0.5760465013529019,0.37142857142857144,-1.000223036413852,1.5600755982123375,-0.9999996453134041,0.23387220194515518,-0.11249232072168036,0.08643026365936854,0.0,0.0,1308
dual_momentum,accel_42d,momentum,1d,ARB,1w,7,111,58,53,-0.008509404575630188,0.3079447420004823,-0.15379082580946624,-0.29113060891827164,0.7714996709618064,0.4144144144144144,-1.00011629585083,0.8884550860108305,-0.9999999844599211,0.01609067479615618,-0.03543024615230205,-0.007509404575630205,0.0,0.0,1308
dual_momentum,accel_42d,momentum,1d,ARB,2w,14,63,34,29,-0.007148961506246885,0.3728461458989125,-0.08039446239809134,-0.1521891092555195,0.8795319560250013,0.3968253968253968,-1.000146693870632,0.92836056723192,-0.9999999069820801,0.06609285675001426,-0.09301867946186344,-0.0061489615062468896,0.0,0.0,1308
dual_momentum,accel_42d,momentum,1d,ARB,1m,30,35,20,15,0.017366304832814535,0.641145197897579,0.08465012594164534,0.16024520696008038,0.8736361970798303,0.3142857142857143,-1.0003574991504114,1.0969652973029127,-0.9999998957696687,0.1018619314034099,-0.09529453059464593,0.01836630483281453,0.0,0.0,1308
dual_momentum,filtered_63d,momentum,1d,ARB,1w,7,74,27,47,45.6241185825452,392.5831829587434,0.528106138542277,0.9997206327363816,0.3207480933103204,0.36486486486486486,-0.9926084986559124,696.910602054182,16.704920523979496,125.10122575603555,-0.032942985204570965,45.62511858254522,0.0,0.0,1308
dual_momentum,filtered_63d,momentum,1d,ARB,2w,14,45,15,30,-0.05907472892728435,0.302451377087105,-0.6921416570885062,-1.3102447498105265,0.1969120598660966,0.3111111111111111,-1.0000053515397873,0.482584723750773,-1.000002637081247,-0.020492472217836535,-0.07836585728200827,-0.058074728927284366,0.0,0.0,1308
dual_momentum,abs_63d,momentum,1d,SUI,1w,7,58,19,39,0.17099774149053903,1.6657919396500867,0.7367313252266108,0.781778306047435,0.43758028203607724,0.4827586206896552,-0.9955922411659434,2.663731238239911,-0.9510399429025681,-0.11099010507038819,0.3083764359689395,0.17199774149053904,0.0,0.0,411
dual_momentum,abs_42d,momentum,1d,SUI,1w,7,58,21,37,0.17304553997166935,1.6651138912654098,0.745857711866684,0.7914627199490917,0.431955275921593,0.5517241379310345,-0.9968250100889958,2.7130222529976113,-0.9440762203814479,-0.09345448203009014,0.32430230921591124,0.17404553997166936,0.0,0.0,411
dual_momentum,abs_21d,momentum,1d,SUI,1w,7,58,19,39,0.275321886527751,1.676634132649583,1.1785335533218324,1.2505942578898877,0.21619199786824034,0.5862068965517241,-0.9683428167693099,4.96021296430216,9.887728234394189,0.028551580090530784,0.3955433178689608,0.27632188652775097,0.0,0.0,411
dual_momentum,accel_63d,momentum,1d,SUI,1w,7,38,15,23,0.3630156396903209,2.0427934272399177,1.0323291810112014,1.0954503097394865,0.2803989828873863,0.4473684210526316,-0.7695679343636581,5.529107254275364,4.50786190764974,-0.04815537189182579,0.6311706472438948,0.3640156396903209,0.0,0.0,411
dual_momentum,accel_42d,momentum,1d,SUI,1w,7,42,17,25,0.053466273541900644,0.993030995650275,0.3288268544580257,0.3489327689195649,0.7289254468392191,0.38095238095238093,-0.9937219930252185,1.445947671232415,-0.9799200747146634,-0.08509308370657971,0.14768663647086724,0.05446627354190063,0.0,0.0,411
dual_momentum,filtered_63d,momentum,1d,SUI,1w,7,37,13,24,0.3700135740510981,2.070845390309925,1.0242273397518986,1.0868530864116817,0.2843255038757735,0.4594594594594595,-0.7695679343636581,5.346389029188081,3.8483705059752698,-0.0469837309847225,0.5958871142788342,0.3710135740510981,0.0,0.0,411
dual_momentum,abs_63d,momentum,1d,DOGE,1w,7,186,77,109,0.005094567788256467,0.15636877496988985,0.2347233764917939,0.44433833530532013,0.65731733167129,0.478494623655914,-0.9616687274707203,1.113892816431434,-0.6523442540435935,0.010217427865156932,0.001475666633014854,0.006094567788256465,0.0,0.0,1308
dual_momentum,abs_63d,momentum,1d,DOGE,2w,14,93,37,56,0.01909233139655764,0.21187221489552396,0.459059513270697,0.8690133167878282,0.38710130543861265,0.4838709677419355,-0.8413892389652812,1.335647104361974,0.17687906287356192,0.03383469318850478,0.009351842355449702,0.02009233139655764,0.0,0.0,1308
dual_momentum,abs_63d,momentum,1d,DOGE,1m,30,43,18,25,0.022653118151699066,0.31205736605283924,0.25146082709852013,0.4760228272847875,0.6365250370229638,0.46511627906976744,-0.8808704396905075,1.256986237237542,-0.43215902460376887,0.051562725915120414,0.0018382005620356967,0.023653118151699067,0.0,0.0,1308
dual_momentum,abs_42d,momentum,1d,DOGE,1w,7,186,85,101,0.015566246137058506,0.17725500720415932,0.6326804479477037,1.1976829117875918,0.232572742547893,0.4731182795698925,-0.7985968808099043,1.3748243244988079,1.0089512435101793,0.026247495873524686,0.0065770755667651955,0.016566246137058507,0.0,0.0,1308
dual_momentum,abs_42d,momentum,1d,DOGE,2w,14,93,42,51,0.022133481210359424,0.21296580596915654,0.5294486954271181,1.0022621328638042,0.31884587892912847,0.4946236559139785,-0.6998240988981164,1.3977092942431302,0.5481848094475597,0.036944412312974795,0.009936243831735001,0.023133481210359425,0.0,0.0,1308
dual_momentum,abs_42d,momentum,1d,DOGE,1m,30,43,16,27,0.023793586654476794,0.3140235013808661,0.26246690434756026,0.4968576589754913,0.6218803124492784,0.46511627906976744,-0.925422081601103,1.2697456415807271,-0.4088014170281695,0.05580947996279337,0.0048212054347336495,0.024793586654476805,0.0,0.0,1308
dual_momentum,abs_21d,momentum,1d,DOGE,1w,7,186,88,98,0.0108949044631952,0.15775584975307586,0.49755029300196957,0.941877508015903,0.34748365373000095,0.45698924731182794,-0.9320068117023177,1.2576245986489196,0.007113977408436778,0.016956889743405167,0.005451489109537269,0.011894904463195199,0.0,0.0,1308
dual_momentum,abs_21d,momentum,1d,DOGE,2w,14,93,45,48,0.038981540733261745,0.2101608279663506,0.9449117820668147,1.7887461169366334,0.07694710051006931,0.5698924731182796,-0.7694597162420784,1.8206280310090923,6.441327693794733,0.050526388559441075,0.028158245896218615,0.03998154073326174,0.0,0.0,1308
dual_momentum,abs_21d,momentum,1d,DOGE,1m,30,43,17,26,0.08164634537458154,0.3377034132906854,0.8374870254436665,1.5853878564943567,0.12037971535344959,0.5813953488372093,-0.7516152661438552,2.2309133588073697,5.215864500024217,0.14187546917042043,0.04226576443114841,0.08264634537458156,0.0,0.0,1308
dual_momentum,accel_63d,momentum,1d,DOGE,1w,7,120,54,66,0.010659973543843519,0.16191592472919783,0.3809778666715768,0.7212024366518044,0.4721995137444553,0.48333333333333334,-0.8812057690037188,1.2392017176543388,-0.024631881218932228,0.025680797720077458,-0.0016297916912569707,0.01165997354384352,0.0,0.0,1308
dual_momentum,accel_63d,momentum,1d,DOGE,2w,14,70,35,35,0.03307633586702715,0.23298415877305775,0.6274549940753822,1.1877909721369908,0.23898845400566013,0.5285714285714286,-0.7563127627120328,1.662594544591517,1.5223490584766015,0.058302949360668786,0.007849722373385468,0.03407633586702714,0.0,0.0,1308
dual_momentum,accel_63d,momentum,1d,DOGE,1m,30,37,17,20,0.05023858007956966,0.4359660314514174,0.37027818492973313,0.7009476207722545,0.48784198617515234,0.4594594594594595,-0.7930661956540875,1.5362201964910025,-0.19055171562868278,0.10365022351654671,0.004838683158139184,0.05123858007956965,0.0,0.0,1308
dual_momentum,accel_42d,momentum,1d,DOGE,1w,7,131,60,71,0.005019845591683197,0.15278539599777424,0.1986491552372206,0.376048761172284,0.7074936228863755,0.3969465648854962,-0.8005250431331988,1.1112636559877065,-0.4674470158597508,0.014975517065186345,-0.0033933979070518614,0.0060198455916831975,0.0,0.0,1308
dual_momentum,accel_42d,momentum,1d,DOGE,2w,14,74,33,41,0.013961752799331116,0.21720134255494558,0.2921028935230651,0.5529594682293757,0.5819805973468825,0.527027027027027,-0.9204019738937503,1.2257895744055745,-0.36017953192502317,0.027462128020158138,0.0030955971337874107,0.014961752799331113,0.0,0.0,1308
dual_momentum,accel_42d,momentum,1d,DOGE,1m,30,39,16,23,0.04951524257367317,0.35619781208303913,0.4585878320851991,0.8681204102699882,0.3907780802012505,0.4358974358974359,-0.7144059059060833,1.6127177652205151,0.3366446086057404,0.09700263811245205,0.016480532633653098,0.05051524257367319,0.0,0.0,1308
dual_momentum,filtered_63d,momentum,1d,DOGE,1w,7,110,44,66,0.013319792998822345,0.16010566818045643,0.46092437023435434,0.8725435465041814,0.3848299652676787,0.5,-0.8291459226317172,1.322823705694361,0.3651502979206436,0.03574417003394131,-0.0016297916912569707,0.014319792998822342,0.0,0.0,1308
dual_momentum,filtered_63d,momentum,1d,DOGE,2w,14,65,30,35,0.03891573641982676,0.23714287100881246,0.6988989988261339,1.32303659876764,0.1905308536578992,0.5230769230769231,-0.6477872028757475,1.842772669171201,2.34441460716226,0.07515941947400827,0.007849722373385468,0.039915736419826764,0.0,0.0,1308
dual_momentum,filtered_63d,momentum,1d,DOGE,1m,30,35,13,22,0.0655805285539196,0.4543078205816216,0.4511295570259177,0.8540016736804686,0.39908125036434516,0.42857142857142855,-0.796659381812724,1.6759942746052303,0.13822468953747213,0.14315371970339172,0.019741824692867904,0.0665805285539196,0.0,0.0,1308
dual_momentum,abs_63d,momentum,1d,XRP,1w,7,186,101,85,0.007727854691973491,0.12517907349761764,0.44476053798792664,0.8419449311473372,0.40090584482285835,0.478494623655914,-0.8002489099376962,1.2174854176598002,0.20898445766021756,0.016214840902405853,-0.0023566818639520174,0.00872785469197349,0.0,0.0,1308
dual_momentum,abs_63d,momentum,1d,XRP,2w,14,93,50,43,0.012124422095402782,0.19979093772619907,0.30915003256265683,0.5852302096262614,0.5598256502442326,0.46236559139784944,-0.801756383269961,1.237611104839674,-0.29263200872483364,0.02838328307511722,-0.006781230206590747,0.013124422095402783,0.0,0.0,1308
dual_momentum,abs_63d,momentum,1d,XRP,1m,30,43,24,19,-0.04077154264561388,0.18459191215602808,-0.7651053931702642,-1.4483672730665709,0.15493922595198678,0.4883720930232558,-0.9818339382957951,0.5197903003427405,-0.9488888661960333,-0.02085174510992904,-0.06593339216437369,-0.03977154264561389,0.0,0.0,1308
dual_momentum,abs_42d,momentum,1d,XRP,1w,7,186,94,92,-0.005954942614391276,0.11815243145516617,-0.3631064384034344,-0.6873712912206101,0.492709601124284,0.44086021505376344,-0.9490372024785931,0.8558892311206135,-0.9002993848487816,0.0021754859479295643,-0.014262119623719087,-0.004954942614391276,0.0,0.0,1308
dual_momentum,abs_42d,momentum,1d,XRP,2w,14,93,46,47,-0.00956673516641932,0.19513619576706936,-0.24975256208306051,-0.47278903078537415,0.6374834357131807,0.3978494623655914,-0.9418951868186921,0.8416238177046752,-0.9033204488486335,0.008140850607830406,-0.026897563796536062,-0.00856673516641932,0.0,0.0,1308
dual_momentum,abs_42d,momentum,1d,XRP,1m,30,43,18,25,-0.03384012005669691,0.1937825783577089,-0.6049144418842881,-1.1451210362015576,0.2586425877996917,0.4418604651162791,-0.9680308501379561,0.5922194593018535,-0.9324864184499502,-0.016933205752514342,-0.04601309835570836,-0.03284012005669692,0.0,0.0,1308
dual_momentum,abs_21d,momentum,1d,XRP,1w,7,186,82,104,-0.0007603452460359895,0.11922937801805875,-0.045943765739479336,-0.08697291548654743,0.9307871052764322,0.45161290322580644,-0.9381086145907502,0.9804995899993406,-0.7395856194797658,0.00849328927551548,-0.008056480157259262,0.00023965475396401143,0.0,0.0,1308
dual_momentum,abs_21d,momentum,1d,XRP,2w,14,93,43,50,-0.0019655682122396785,0.19080088469425424,-0.0524797515599877,-0.09934573110666271,0.9210799227714598,0.4731182795698925,-0.8990047100832387,0.9649176698120157,-0.7987794349492756,0.012994249808278123,-0.014831011709884987,-0.0009655682122396766,0.0,0.0,1308
dual_momentum,abs_21d,momentum,1d,XRP,1m,30,43,20,23,-0.019949974988230274,0.19839970431724932,-0.3483197684454508,-0.6593796850498063,0.5132514150675583,0.3953488372093023,-0.9307999190319355,0.741114729351134,-0.8781507601088356,-0.0003616525798524506,-0.03698329882160229,-0.01894997498823027,0.0,0.0,1308
dual_momentum,accel_63d,momentum,1d,XRP,1w,7,131,68,63,0.01741068401624857,0.15485169326225096,0.6797951833597635,1.286872507703605,0.20042547108896178,0.4732824427480916,-0.6715368304515286,1.467660750877025,1.7997725852625939,0.035400678750632596,-0.002007088078007202,0.01841068401624857,0.0,0.0,1308
dual_momentum,accel_63d,momentum,1d,XRP,2w,14,74,37,37,-0.009118039330518786,0.22235106864431642,-0.1863462511686696,-0.3527589977284111,0.7252856457805944,0.44594594594594594,-0.9627187192914194,0.8649998291319196,-0.8820541254304874,0.022199591741496032,-0.040435670402533604,-0.008118039330518786,0.0,0.0,1308
dual_momentum,accel_63d,momentum,1d,XRP,1m,30,36,21,15,-0.03483427159848029,0.1999952961118699,-0.5520529857663325,-1.0450527270099983,0.303162894166917,0.4166666666666667,-0.9296381998644037,0.5904938848072132,-0.9124063655772494,-0.00687841594639967,-0.07397246951139319,-0.03383427159848029,0.0,0.0,1308
dual_momentum,accel_42d,momentum,1d,XRP,1w,7,129,69,60,0.015696265297052273,0.14085457355056935,0.6685944894079808,1.2656692608042766,0.20793044839295755,0.46511627906976744,-0.6601071276105464,1.4974486174557788,1.78119176372584,0.024928744219300608,0.005078914536466685,0.016696265297052273,0.0,0.0,1308
dual_momentum,accel_42d,momentum,1d,XRP,2w,14,72,39,33,0.014710866328377235,0.19420066039360054,0.3395442304137812,0.6427673304616942,0.5224454538862483,0.4027777777777778,-0.7542970847974884,1.3073665019926255,0.05688456923340701,0.03460855478966506,-0.00880458367132656,0.015710866328377236,0.0,0.0,1308
dual_momentum,accel_42d,momentum,1d,XRP,1m,30,38,22,16,0.0055999043605252504,0.3937258942632598,0.046314927688103434,0.08767553609828731,0.9306073742554125,0.42105263157894735,-0.8393325321231645,1.0585013402390406,-0.7751108846227773,0.06498905455929202,-0.07606017716277905,0.00659990436052524,0.0,0.0,1308
dual_momentum,filtered_63d,momentum,1d,XRP,1w,7,122,59,63,0.007965189701698058,0.13531536704813504,0.3434562938278084,0.6501729828980995,0.5168130338479359,0.4672131147540984,-0.6233672616885264,1.205539212039152,0.02607122362192582,0.022705587965385826,-0.005839310259533348,0.00896518970169806,0.0,0.0,1308
dual_momentum,filtered_63d,momentum,1d,XRP,2w,14,68,32,36,-0.008321958031828199,0.230013146123735,-0.15760495944877295,-0.2983508773774756,0.7663587010351499,0.4411764705882353,-0.9555573377462685,0.8786599134511538,-0.8632279571994087,0.023983927143908804,-0.03703830041026109,-0.007321958031828198,0.0,0.0,1308
dual_momentum,filtered_63d,momentum,1d,XRP,1m,30,34,19,15,-0.04014244638301454,0.20684409886946814,-0.5977818427265884,-1.1316188137834033,0.26595128323482925,0.4117647058823529,-0.9378611069831648,0.5642683015480823,-0.922643089462439,-0.013434533386926151,-0.07397246951139319,-0.03914244638301454,0.0,0.0,1308
dual_momentum,abs_63d,momentum,1d,RENDER,1w,7,42,15,27,-0.016015132426730597,0.13190175195290038,-0.8708491164030255,-0.7868729487790718,0.4358812224253484,0.38095238095238093,-0.6606407908833645,0.723936027665944,-0.658195513956348,-0.06601031920785615,0.01175997134056138,-0.015015132426730596,0.0,0.0,298
dual_momentum,abs_42d,momentum,1d,RENDER,1w,7,42,15,27,-0.011280286371863442,0.1473388244720601,-0.5491182402047866,-0.49616665018047434,0.6224264292043976,0.42857142857142855,-0.7139715609708992,0.8027408179905792,-0.5941425861731688,-0.06476562900291179,0.018433792867607865,-0.01028028637186344,0.0,0.0,298
dual_momentum,abs_21d,momentum,1d,RENDER,1w,7,42,10,32,0.008563622403434053,0.14955708687142943,0.41068936604011286,0.3710865021290714,0.7124837534065998,0.5,-0.6154002903159435,1.1782244797516934,-0.06932449769225224,-0.05828087254929439,0.029452527076161694,0.009563622403434054,0.0,0.0,298
dual_momentum,abs_63d,momentum,1d,FET,1w,7,109,38,71,0.04013711191574518,0.1846856708801399,1.566239651223922,2.2689564858271165,0.025258325637994225,0.5688073394495413,-0.7568760100393433,1.8128783126116148,13.399102076451678,0.03931069255467162,0.04057942086955918,0.04113711191574518,0.0,0.0,766
dual_momentum,abs_63d,momentum,1d,FET,2w,14,54,19,35,0.055127634112110795,0.29374849986638896,0.9519686014238076,1.379083546260897,0.17366124987375456,0.5,-0.9348306600281673,1.651205080985176,1.8408920053487594,0.043513851781360774,0.06143225880594651,0.056127634112110796,0.0,0.0,766
dual_momentum,abs_42d,momentum,1d,FET,1w,7,109,37,72,0.0249447156574613,0.18598765926885144,0.9665842750738161,1.4002567603964253,0.16430276131424396,0.5045871559633027,-0.8428755754735417,1.4425912583023426,1.771196634607192,0.01735679564228728,0.028844063443036843,0.0259447156574613,0.0,0.0,766
dual_momentum,abs_42d,momentum,1d,FET,2w,14,54,19,35,0.027793386491943427,0.29065335880170684,0.48505953712059735,0.7026887500275208,0.48532480947792395,0.46296296296296297,-0.8615596293611091,1.2904601606974695,-0.32801971380154005,0.008042389746442885,0.038515356153786574,0.028793386491943424,0.0,0.0,766
dual_momentum,abs_21d,momentum,1d,FET,1w,7,109,43,66,0.024980853189615324,0.18867940250260817,0.9541750826049621,1.3822799982105864,0.1697377713449214,0.48623853211009177,-0.7126984578073412,1.4391358654549402,1.7332391517988417,0.019165184106877897,0.02876984971321698,0.02598085318961533,0.0,0.0,766
dual_momentum,abs_21d,momentum,1d,FET,2w,14,54,20,34,0.025024205714116104,0.29014296362092845,0.437499122323152,0.6337896441091103,0.5289440036219742,0.4444444444444444,-0.8322843774500129,1.258389449814588,-0.4192128629313596,0.012259091818383427,0.03253309624101767,0.0260242057141161,0.0,0.0,766
dual_momentum,accel_63d,momentum,1d,FET,1w,7,75,27,48,0.02007734737367228,0.20712004508746878,0.5794912466913261,0.839488657839084,0.4038990945663568,0.5066666666666667,-0.9282543614584658,1.2942639924993713,0.03835536381559357,0.026787036103488888,0.016303147463150435,0.021077347373672284,0.0,0.0,766
dual_momentum,accel_63d,momentum,1d,FET,2w,14,43,18,25,0.04987296840119116,0.30414834973976684,0.7422428601342143,1.0752612157688373,0.28839618477250856,0.5116279069767442,-0.8191250037390548,1.5595900809684267,0.6722281624036561,0.058898706262778454,0.04337443714084833,0.05087296840119118,0.0,0.0,766
dual_momentum,accel_42d,momentum,1d,FET,1w,7,76,25,51,0.0245308914310911,0.19247173119949257,0.7669820874615486,1.1111000672848508,0.27007460055852506,0.4473684210526316,-0.7563225599313917,1.4522708687636985,0.9917964034689455,0.028290680280553693,0.022687857681354544,0.02553089143109111,0.0,0.0,766
dual_momentum,accel_42d,momentum,1d,FET,2w,14,42,13,29,0.07198662125276492,0.29958595565919144,1.0749469519154617,1.5572379722111735,0.1271003919407604,0.5238095238095238,-0.676017152408825,2.126495079215892,3.8255582964815487,0.0732844900666231,0.0714048179913802,0.07298662125276492,0.0,0.0,766
dual_momentum,filtered_63d,momentum,1d,FET,1w,7,75,27,48,0.02007734737367228,0.20712004508746878,0.5794912466913261,0.839488657839084,0.4038990945663568,0.5066666666666667,-0.9282543614584658,1.2942639924993713,0.03835536381559357,0.026787036103488888,0.016303147463150435,0.021077347373672284,0.0,0.0,766
dual_momentum,filtered_63d,momentum,1d,FET,2w,14,43,18,25,0.04987296840119116,0.30414834973976684,0.7422428601342143,1.0752612157688373,0.28839618477250856,0.5116279069767442,-0.8191250037390548,1.5595900809684267,0.6722281624036561,0.058898706262778454,0.04337443714084833,0.05087296840119118,0.0,0.0,766
dual_momentum,abs_63d,momentum,1d,TIA,1w,7,103,38,65,0.0003282163710069402,0.24046101242965803,0.009808778396631357,0.013852692066710566,0.9889745636691188,0.4563106796116505,-0.9999578649141987,1.003833273509027,-0.9997131943946573,-0.028872868895867043,0.017399620065487117,0.0013282163710069453,0.0,0.0,728
dual_momentum,abs_63d,momentum,1d,TIA,2w,14,51,18,33,-0.014516210774167647,0.3284956810949921,-0.22345466826422952,-0.31557943152191176,0.7536352338844856,0.47058823529411764,-0.999968432666221,0.888986549772136,-0.999891797829786,-0.10016868940907107,0.032203323026688775,-0.01351621077416764,0.0,0.0,728
dual_momentum,abs_42d,momentum,1d,TIA,1w,7,103,40,63,3.9951521515406405,40.55135389174081,0.7079903201991422,0.9998769974555404,0.31973618509080687,0.42718446601941745,-0.9703924266093141,47.95810083570052,17.10086137092453,10.262814161041982,0.015684209000105427,3.9961521515406395,0.0,0.0,728
dual_momentum,abs_42d,momentum,1d,TIA,2w,14,51,21,30,9.768253653619857,69.62027034433031,0.7094912662550005,1.0019967459787296,0.3211698751336162,0.45098039215686275,-0.7956772299234558,89.1455722255826,87.99014892269834,23.627938653972702,0.06647415337286414,9.769253653619856,0.0,0.0,728
dual_momentum,abs_21d,momentum,1d,TIA,1w,7,103,42,61,4.01291235844032,40.54969082384093,0.7111668142324954,1.0043630804229051,0.3175803624112214,0.4174757281553398,-0.8492784817617909,51.35865985972969,97.17549254044407,9.794702835393021,0.032007439882722116,4.013912358440319,0.0,0.0,728
dual_momentum,abs_21d,momentum,1d,TIA,2w,14,51,22,29,9.717939129613637,69.62738211040781,0.7057647094627686,0.9967338231534338,0.32369316383964186,0.39215686274509803,-0.8471893852754478,75.36486675450743,6.379755901896458,22.506987342800752,0.015902554092373598,9.718939129613634,0.0,0.0,728
dual_momentum,accel_63d,momentum,1d,TIA,1w,7,75,28,47,-0.0117655000499643,0.2041884598253338,-0.3533381826580672,-0.4990106659412679,0.619252118077391,0.4666666666666667,-0.9748295896606838,0.8567274274214802,-0.93092946727463,-0.03859067184788193,0.004215453361561098,-0.010765500049964297,0.0,0.0,728
dual_momentum,accel_63d,momentum,1d,TIA,2w,14,41,16,25,-0.01995053039637688,0.2696768929215872,-0.33541569554387085,-0.473699186262227,0.6382897947548783,0.4878048780487805,-0.9713905279484775,0.8309446507772624,-0.9195732276412697,-0.07957036071827323,0.018206161009636786,-0.01895053039637688,0.0,0.0,728
dual_momentum,accel_42d,momentum,1d,TIA,1w,7,79,34,45,5.176807400794039,46.3061680889905,0.7035864256670107,0.9936574875042461,0.32346223853197603,0.45569620253164556,-1.0208339456610225,54.021006975510545,-1.01505851395651,12.013842020146683,0.011047910616490183,5.17780740079404,0.0,0.0,728
dual_momentum,accel_42d,momentum,1d,TIA,2w,14,43,21,22,11.534369747991848,75.8276113846153,0.7062874084787069,0.9974720178825403,0.32424779036317203,0.4418604651162791,-1.1137630185357423,92.40105686297032,-1.0735354745270278,23.542758038575066,0.0718172887987779,11.535369747991847,0.0,0.0,728
dual_momentum,filtered_63d,momentum,1d,TIA,1w,7,64,17,47,0.012860873849909008,0.22070264771374773,0.3300909857255946,0.4661792319443169,0.6426951050379579,0.5,-0.8323542338692762,1.1798807744050317,-0.4908858855587729,-0.0008094478556526688,0.01780545829660153,0.013860873849909009,0.0,0.0,728
dual_momentum,filtered_63d,momentum,1d,TIA,2w,14,35,10,25,0.0018408618318007568,0.2918076580778343,0.026426477184514564,0.0373214518711887,0.970446975423804,0.4857142857142857,-0.9109761426522088,1.0165673460020346,-0.7560429985453212,-0.037677008405054946,0.017648009926543032,0.0028408618318007577,0.0,0.0,728
dual_momentum,abs_63d,momentum,1d,INJ,1w,7,139,65,74,0.02780520536394916,0.1577582496725628,1.269458280770365,2.0779803098931917,0.03956396046070743,0.5035971223021583,-0.6822914717218378,1.662885508698322,9.155534855456,0.024544109696260846,0.030669681288269964,0.028805205363949156,0.0,0.0,978
dual_momentum,abs_63d,momentum,1d,INJ,2w,14,69,32,37,0.0601457746146379,0.2206833469842979,1.3830475468318688,2.2639149419062945,0.02677336174724147,0.4927536231884058,-0.5241463110696787,2.2015939155378472,14.051219597763614,0.05520764485220142,0.06441658954431272,0.0611457746146379,0.0,0.0,978
dual_momentum,abs_63d,momentum,1d,INJ,1m,30,32,16,16,0.04467729670775119,0.33644844787496775,0.4589024245291626,0.7511788428014856,0.45820992717688397,0.46875,-0.7255698574796204,1.4032232937873148,-0.1870860902743945,0.025884474377730865,0.0634701190377715,0.04567729670775119,0.0,0.0,978
dual_momentum,abs_42d,momentum,1d,INJ,1w,7,139,62,77,0.02000882109653952,0.1538262548719101,0.9368616020590433,1.5335517453888192,0.1274293664423512,0.5107913669064749,-0.826550432436549,1.4455315797934971,2.5581880520860696,0.018856831736716165,0.02093639694470898,0.02100882109653952,0.0,0.0,978
dual_momentum,abs_42d,momentum,1d,INJ,2w,14,69,30,39,0.05386161375143166,0.21994288469730547,1.2427134380189162,2.034201591466167,0.045834227092011376,0.5507246376811594,-0.7057031976427064,2.0289982190756297,8.867827448048713,0.05260660771974344,0.054827003006576426,0.05486161375143165,0.0,0.0,978
dual_momentum,abs_42d,momentum,1d,INJ,1m,30,32,10,22,0.0978331953859894,0.38291091330336313,0.8829588993759123,1.44531823939475,0.15840247261090906,0.46875,-0.7535103515789096,2.041573893251791,2.726266646286421,0.13720864733580967,0.07993526268152565,0.09883319538598938,0.0,0.0,978
dual_momentum,abs_21d,momentum,1d,INJ,1w,7,139,59,80,0.012677288381743387,0.14779618852494167,0.6177994827987545,1.011277944430719,0.3136532524030394,0.4748201438848921,-0.8432189598346564,1.265045185659875,0.34139988976601354,0.009488915884789643,0.015028713098246771,0.013677288381743386,0.0,0.0,978
dual_momentum,abs_21d,momentum,1d,INJ,2w,14,69,30,39,0.02443499414551584,0.2005980080430231,0.6181404634073855,1.0118360966768574,0.31520331545665403,0.6086956521739131,-0.7533833098687674,1.3917965162890988,0.4476351343803997,0.022412550645440142,0.02599071991480484,0.025434994145515845,0.0,0.0,978
dual_momentum,abs_21d,momentum,1d,INJ,1m,30,32,9,23,0.11900394320275609,0.3787567421366964,1.0858078413702794,1.7773623197178667,0.08532204385287816,0.5,-0.7983288700296327,2.40551218292361,6.281481480155399,0.1951159738189047,0.0892209747007849,0.12000394320275606,0.0,0.0,978
dual_momentum,accel_63d,momentum,1d,INJ,1w,7,92,45,47,0.01309336193572633,0.15891061139759005,0.48280214735943655,0.7903003753524225,0.43140705736692087,0.5,-0.8022745637366563,1.2365892848698636,0.13301033262255602,0.014060190787886256,0.012167674736849803,0.014093361935726332,0.0,0.0,978
dual_momentum,accel_63d,momentum,1d,INJ,2w,14,54,27,27,0.06071142817379152,0.2471138672835388,1.102928138169229,1.8053865881689384,0.07669542636193498,0.5185185185185185,-0.44135088808692036,2.063082873552036,5.767775545356962,0.07311618174003374,0.048306674607549296,0.061711428173791515,0.0,0.0,978
dual_momentum,accel_42d,momentum,1d,INJ,1w,7,100,47,53,0.0102835587669008,0.16247784790439548,0.38665735975018783,0.6329206657729617,0.5282447302516116,0.47,-0.9237599251114038,1.1872780621800498,-0.15434559492469213,0.003417840665272762,0.016372025762684157,0.011283558766900802,0.0,0.0,978
dual_momentum,accel_42d,momentum,1d,INJ,2w,14,57,27,30,0.023674417923264867,0.22773664217364578,0.4794693272861945,0.7848448715414498,0.43585227677932464,0.47368421052631576,-0.9100992455322412,1.3174144404801322,0.039793419034505506,0.013115980281302765,0.033177011801030755,0.024674417923264868,0.0,0.0,978
dual_momentum,filtered_63d,momentum,1d,INJ,1w,7,89,42,47,0.010204496632223394,0.15836254235213518,0.3713736871603846,0.607902773349437,0.5448176524740962,0.4943820224719101,-0.8022745637366564,1.180995152484062,-0.1216157843681065,0.008007606848474796,0.012167674736849803,0.011204496632223398,0.0,0.0,978
dual_momentum,filtered_63d,momentum,1d,INJ,2w,14,53,26,27,0.06189532371475163,0.2493239920434487,1.1041007536389602,1.8073060461724724,0.07650099575363647,0.5283018867924528,-0.44135088808692025,2.064445190811294,5.781576293841178,0.07600661317223094,0.048306674607549296,0.06289532371475162,0.0,0.0,978
